id_simulacao,seed,jogador_inicial,jogador,modelo_ia,vencedor,venceu,pontos,turnos,dano_causado,dano_recebido,damage_ratio,cover_usage,custo_total,custo_los,custo_nodos,custo_acoes
1,438557537,verde,verde,heuristica,vermelho,0,-3,56,90,120,0.7500,0.0000,384,75,239,70
1,438557537,verde,vermelho,heuristica,vermelho,1,3,56,30,0,30.0000,0.0000,1453,45,1358,50
1,438557537,verde,azul,heuristica,vermelho,0,-3,56,120,120,1.0000,0.0545,1471,95,1287,89
2,1864560048,vermelho,verde,heuristica,vermelho,0,-3,21,150,120,1.2500,0.0000,701,127,450,124
2,1864560048,vermelho,vermelho,heuristica,vermelho,1,3,21,30,30,1.0000,0.0952,525,17,492,16
2,1864560048,vermelho,azul,heuristica,vermelho,0,-3,21,90,120,0.7500,0.0000,376,97,186,93
3,990947591,azul,verde,heuristica,vermelho,0,-3,23,90,120,0.7500,0.0000,354,65,227,62
3,990947591,azul,vermelho,heuristica,vermelho,1,3,23,30,30,1.0000,0.1364,643,68,501,74
3,990947591,azul,azul,heuristica,vermelho,0,-3,23,150,120,1.2500,0.0455,748,117,522,109
4,980411883,verde,verde,heuristica,azul,0,-3,25,150,120,1.2500,0.0800,1030,197,633,200
4,980411883,verde,vermelho,heuristica,azul,0,-3,25,90,120,0.7500,0.1667,496,94,302,100
4,980411883,verde,azul,heuristica,azul,1,3,25,30,30,1.0000,0.2000,668,26,617,25
5,1364875354,vermelho,verde,heuristica,verde,1,3,43,30,0,30.0000,0.0000,721,20,685,16
5,1364875354,vermelho,vermelho,heuristica,verde,0,-3,43,120,120,1.0000,0.0714,1332,157,1026,149
5,1364875354,vermelho,azul,heuristica,verde,0,-3,43,90,120,0.7500,0.0000,519,100,319,100
6,1247406621,azul,verde,heuristica,verde,1,3,24,30,0,30.0000,0.0435,602,29,541,32
6,1247406621,azul,vermelho,heuristica,verde,0,-3,24,120,120,1.0000,0.0000,743,106,537,100
6,1247406621,azul,azul,heuristica,verde,0,-3,24,90,120,0.7500,0.1429,372,96,176,100
7,271024058,verde,verde,heuristica,azul,0,-3,20,60,110,0.5455,0.2727,433,77,281,75
7,271024058,verde,vermelho,heuristica,azul,0,-3,20,140,100,1.4000,0.1500,869,183,492,194
7,271024058,verde,azul,heuristica,azul,1,3,20,40,30,1.3333,0.2000,559,53,456,50
8,131926194,vermelho,verde,heuristica,vermelho,0,-3,26,90,120,0.7500,0.0667,626,121,380,125
8,131926194,vermelho,vermelho,heuristica,vermelho,1,3,26,30,0,30.0000,0.0000,644,29,583,32
8,131926194,vermelho,azul,heuristica,vermelho,0,-3,26,120,120,1.0000,0.0400,916,158,608,150
9,920297219,azul,verde,heuristica,verde,1,3,39,30,30,1.0000,0.0263,799,26,748,25
9,920297219,azul,vermelho,heuristica,verde,0,-3,39,70,100,0.7000,0.2727,444,92,255,97
9,920297219,azul,azul,heuristica,verde,0,-3,39,130,100,1.3000,0.0526,1197,145,906,146
10,820336507,verde,verde,heuristica,verde,1,3,12,60,0,60.0000,0.2500,408,80,278,50
10,820336507,verde,vermelho,heuristica,verde,0,-3,12,90,120,0.7500,0.0000,376,68,243,65
10,820336507,verde,azul,heuristica,verde,0,-3,12,90,120,0.7500,0.1000,371,77,216,78
11,1012562364,vermelho,verde,heuristica,empate,0,-1,100,90,120,0.7500,0.0000,295,68,165,62
11,1012562364,vermelho,vermelho,heuristica,empate,0,-1,100,120,90,1.3333,0.0000,1846,126,1610,110
11,1012562364,vermelho,azul,heuristica,empate,0,-1,100,0,0,0.0000,0.0100,1253,5,1248,0
12,670066924,azul,verde,heuristica,azul,0,-3,15,90,120,0.7500,0.0833,339,56,230,53
12,670066924,azul,vermelho,heuristica,azul,0,-3,15,120,120,1.0000,0.2143,478,90,298,90
12,670066924,azul,azul,heuristica,azul,1,3,15,30,0,30.0000,0.0000,372,19,336,17
13,1549280937,verde,verde,heuristica,vermelho,0,-3,25,120,110,1.0909,0.1600,781,104,578,99
13,1549280937,verde,vermelho,heuristica,vermelho,1,3,25,30,0,30.0000,0.0000,670,26,620,24
13,1549280937,verde,azul,heuristica,vermelho,0,-3,25,80,120,0.6667,0.2857,365,102,164,99
14,1369586799,vermelho,verde,heuristica,azul,0,-3,15,90,120,0.7500,0.0000,289,76,141,72
14,1369586799,vermelho,vermelho,heuristica,azul,0,-3,15,120,120,1.0000,0.2000,561,100,367,94
14,1369586799,vermelho,azul,heuristica,azul,1,3,15,30,0,30.0000,0.0000,519,67,377,75
15,1040301634,azul,verde,heuristica,empate,0,-1,100,80,120,0.6667,0.1667,351,100,151,100
15,1040301634,azul,vermelho,heuristica,empate,0,-1,100,120,80,1.5000,0.0101,1811,149,1562,100
15,1040301634,azul,azul,heuristica,empate,0,-1,100,0,0,0.0000,0.0000,1873,45,1828,0
16,1790057013,verde,verde,heuristica,vermelho,0,-3,23,130,110,1.1818,0.2174,793,129,536,128
16,1790057013,verde,vermelho,heuristica,vermelho,1,3,23,60,30,2.0000,0.1304,616,52,507,57
16,1790057013,verde,azul,heuristica,vermelho,0,-3,23,50,100,0.5000,0.2500,407,70,271,66
17,1690053831,vermelho,verde,heuristica,verde,1,3,26,30,30,1.0000,0.0400,705,42,614,49
17,1690053831,vermelho,vermelho,heuristica,verde,0,-3,26,90,110,0.8182,0.0625,600,109,378,113
17,1690053831,vermelho,azul,heuristica,verde,0,-3,26,140,120,1.1667,0.1200,1089,259,592,238
18,1979693965,azul,verde,heuristica,empate,0,-1,100,0,0,0.0000,0.9697,1746,47,1699,0
18,1979693965,azul,vermelho,heuristica,empate,0,-1,100,0,0,0.0000,0.4848,2570,0,2570,0
18,1979693965,azul,azul,heuristica,empate,0,-1,100,0,0,0.0000,0.0000,2072,48,2024,0
19,932576662,verde,verde,heuristica,vermelho,0,-3,29,90,120,0.7500,0.1818,443,99,250,94
19,932576662,verde,vermelho,heuristica,vermelho,1,3,29,30,30,1.0000,0.0345,662,43,576,43
19,932576662,verde,azul,heuristica,vermelho,0,-3,29,150,120,1.2500,0.0000,972,148,680,144
20,855842988,vermelho,verde,heuristica,vermelho,0,-3,33,100,100,1.0000,0.0938,1023,121,777,125
20,855842988,vermelho,vermelho,heuristica,vermelho,1,3,33,30,0,30.0000,0.0303,783,18,749,16
20,855842988,vermelho,azul,heuristica,vermelho,0,-3,33,70,100,0.7000,0.2500,529,78,376,75
21,1253956409,azul,verde,heuristica,verde,1,3,30,30,30,1.0000,0.0000,615,17,582,16
21,1253956409,azul,vermelho,heuristica,verde,0,-3,30,150,120,1.2500,0.0000,888,125,641,122
21,1253956409,azul,azul,heuristica,verde,0,-3,30,90,120,0.7500,0.0909,493,122,254,117
22,755744497,verde,verde,heuristica,azul,0,-3,27,90,120,0.7500,0.0000,453,70,316,67
22,755744497,verde,vermelho,heuristica,azul,0,-3,27,150,120,1.2500,0.0000,920,125,677,118
22,755744497,verde,azul,heuristica,azul,1,3,27,30,30,1.0000,0.0741,679,24,633,22
23,1237903098,vermelho,verde,heuristica,verde,1,3,21,90,60,1.5000,0.0000,597,60,481,56
23,1237903098,vermelho,vermelho,heuristica,verde,0,-3,21,160,120,1.3333,0.2500,741,137,476,128
23,1237903098,vermelho,azul,heuristica,verde,0,-3,21,30,100,0.3000,0.5000,375,94,189,92
24,1087965783,azul,verde,heuristica,vermelho,0,-3,16,120,120,1.0000,0.0000,737,183,379,175
24,1087965783,azul,vermelho,heuristica,vermelho,1,3,16,30,0,30.0000,0.1333,471,42,380,49
24,1087965783,azul,azul,heuristica,vermelho,0,-3,16,90,120,0.7500,0.0000,499,96,303,100
25,483723808,verde,verde,heuristica,azul,0,-3,14,100,100,1.0000,0.1429,560,119,326,115
25,483723808,verde,vermelho,heuristica,azul,0,-3,14,70,100,0.7000,0.6000,329,103,126,100
25,483723808,verde,azul,heuristica,azul,1,3,14,30,0,30.0000,0.1429,397,25,349,23
26,242242137,vermelho,verde,heuristica,verde,1,3,16,30,0,30.0000,0.0000,320,36,253,31
26,242242137,vermelho,vermelho,heuristica,verde,0,-3,16,90,120,0.7500,0.4167,434,105,234,95
26,242242137,vermelho,azul,heuristica,verde,0,-3,16,120,120,1.0000,0.0000,533,103,336,94
27,221737212,azul,verde,heuristica,vermelho,0,-3,23,90,120,0.7500,0.0000,319,69,185,65
27,221737212,azul,vermelho,heuristica,vermelho,1,3,23,30,30,1.0000,0.0000,620,42,534,44
27,221737212,azul,azul,heuristica,vermelho,0,-3,23,150,120,1.2500,0.0000,864,192,491,181
28,418463804,verde,verde,heuristica,verde,1,3,21,30,0,30.0000,0.0476,551,18,517,16
28,418463804,verde,vermelho,heuristica,verde,0,-3,21,110,120,0.9167,0.1500,695,126,450,119
28,418463804,verde,azul,heuristica,verde,0,-3,21,90,110,0.8182,0.1000,393,79,241,73
29,435099202,vermelho,verde,heuristica,vermelho,0,-3,27,150,120,1.2500,0.0769,890,134,624,132
29,435099202,vermelho,vermelho,heuristica,vermelho,1,3,27,30,30,1.0000,0.1481,628,17,595,16
29,435099202,vermelho,azul,heuristica,vermelho,0,-3,27,90,120,0.7500,0.0000,346,95,151,100
30,283512082,azul,verde,heuristica,verde,1,3,32,30,0,30.0000,0.0000,696,44,603,49
30,283512082,azul,vermelho,heuristica,verde,0,-3,32,90,120,0.7500,0.0000,481,127,233,121
30,283512082,azul,azul,heuristica,verde,0,-3,32,120,120,1.0000,0.0323,978,125,735,118
31,1645911538,verde,verde,heuristica,vermelho,0,-3,21,120,120,1.0000,0.0476,626,94,443,89
31,1645911538,verde,vermelho,heuristica,vermelho,1,3,21,30,0,30.0000,0.0476,543,29,482,32
31,1645911538,verde,azul,heuristica,vermelho,0,-3,21,90,120,0.7500,0.0000,346,101,148,97
32,1490846386,vermelho,verde,heuristica,azul,0,-3,13,150,120,1.2500,0.1667,497,118,263,116
32,1490846386,vermelho,vermelho,heuristica,azul,0,-3,13,90,120,0.7500,0.0000,263,56,156,51
32,1490846386,vermelho,azul,heuristica,azul,1,3,13,30,30,1.0000,0.0000,357,25,308,24
33,321403989,azul,verde,heuristica,azul,0,-3,20,150,120,1.2500,0.0000,828,185,468,175
33,321403989,azul,vermelho,heuristica,azul,0,-3,20,90,120,0.7500,0.1000,439,103,236,100
33,321403989,azul,azul,heuristica,azul,1,3,20,30,30,1.0000,0.0000,584,44,490,50
34,1070087091,verde,verde,heuristica,vermelho,0,-3,22,120,120,1.0000,0.0000,774,119,532,123
34,1070087091,verde,vermelho,heuristica,vermelho,1,3,22,30,0,30.0000,0.0000,577,18,543,16
34,1070087091,verde,azul,heuristica,vermelho,0,-3,22,90,120,0.7500,0.0000,407,78,254,75
35,749808370,vermelho,verde,heuristica,vermelho,0,-3,40,140,110,1.2727,0.2308,1175,124,935,116
35,749808370,vermelho,vermelho,heuristica,vermelho,1,3,40,30,30,1.0000,0.0250,1010,27,958,25
35,749808370,vermelho,azul,heuristica,vermelho,0,-3,40,80,110,0.7273,0.1429,357,99,163,95
36,310441732,azul,verde,heuristica,verde,1,3,17,50,20,2.5000,0.1875,526,81,369,76
36,310441732,azul,vermelho,heuristica,verde,0,-3,17,60,120,0.5000,0.0000,242,74,97,71
36,310441732,azul,azul,heuristica,verde,0,-3,17,140,110,1.2727,0.1875,617,130,364,123
37,191956606,verde,verde,heuristica,verde,1,3,18,10,30,0.3333,0.0556,449,27,397,25
37,191956606,verde,vermelho,heuristica,verde,0,-3,18,150,100,1.5000,0.1176,661,132,405,124
37,191956606,verde,azul,heuristica,verde,0,-3,18,90,120,0.7500,0.0000,371,94,179,98
38,1692875068,vermelho,verde,heuristica,azul,0,-3,15,90,120,0.7500,0.2500,408,106,202,100
38,1692875068,vermelho,vermelho,heuristica,azul,0,-3,15,150,120,1.2500,0.0667,724,173,376,175
38,1692875068,vermelho,azul,heuristica,azul,1,3,15,30,30,1.0000,0.0000,419,26,368,25
39,724671784,azul,verde,heuristica,empate,0,-1,100,0,0,0.0000,0.0101,2050,48,2002,0
39,724671784,azul,vermelho,heuristica,empate,0,-1,100,0,0,0.0000,0.0000,2052,48,2004,0
39,724671784,azul,azul,heuristica,empate,0,-1,100,0,0,0.0000,0.0200,2542,0,2542,0
40,270559481,verde,verde,heuristica,azul,0,-3,20,90,120,0.7500,0.0000,414,79,260,75
40,270559481,verde,vermelho,heuristica,azul,0,-3,20,120,120,1.0000,0.0000,752,127,500,125
40,270559481,verde,azul,heuristica,azul,1,3,20,30,0,30.0000,0.0000,538,18,504,16
41,1328649944,vermelho,verde,heuristica,verde,1,3,11,30,60,0.5000,0.2000,403,76,252,75
41,1328649944,vermelho,vermelho,heuristica,verde,0,-3,11,90,110,0.8182,0.5000,386,125,143,118
41,1328649944,vermelho,azul,heuristica,verde,0,-3,11,170,120,1.4167,0.4000,605,187,233,185
42,662329169,azul,verde,heuristica,verde,1,3,27,30,30,1.0000,0.0385,671,26,621,24
42,662329169,azul,vermelho,heuristica,verde,0,-3,27,150,120,1.2500,0.0000,862,129,611,122
42,662329169,azul,azul,heuristica,verde,0,-3,27,90,120,0.7500,0.0000,531,79,377,75
43,1702263910,verde,verde,heuristica,verde,1,3,43,30,30,1.0000,0.0465,1032,17,999,16
43,1702263910,verde,vermelho,heuristica,verde,0,-3,43,90,120,0.7500,0.0000,356,66,228,62
43,1702263910,verde,azul,heuristica,verde,0,-3,43,150,120,1.2500,0.0238,1142,115,914,113
44,814414449,vermelho,verde,heuristica,verde,1,3,21,30,0,30.0000,0.0000,544,41,466,37
44,814414449,vermelho,vermelho,heuristica,verde,0,-3,21,90,120,0.7500,0.1667,457,78,304,75
44,814414449,vermelho,azul,heuristica,verde,0,-3,21,120,120,1.0000,0.0000,779,139,490,150
45,764225697,azul,verde,heuristica,vermelho,0,-3,34,90,120,0.7500,0.0667,554,90,370,94
45,764225697,azul,vermelho,heuristica,vermelho,1,3,34,30,30,1.0000,0.0606,814,17,782,15
45,764225697,azul,azul,heuristica,vermelho,0,-3,34,150,120,1.2500,0.0303,1137,185,774,178
46,464531721,verde,verde,heuristica,azul,0,-3,20,120,120,1.0000,0.0500,665,96,480,89
46,464531721,verde,vermelho,heuristica,azul,0,-3,20,90,120,0.7500,0.0000,301,72,163,66
46,464531721,verde,azul,heuristica,azul,1,3,20,30,0,30.0000,0.1000,508,18,474,16
47,1533946064,vermelho,verde,heuristica,azul,0,-3,11,100,120,0.8333,0.3000,452,105,247,100
47,1533946064,vermelho,vermelho,heuristica,azul,0,-3,11,90,100,0.9000,0.2500,389,94,197,98
47,1533946064,vermelho,azul,heuristica,azul,1,3,11,30,0,30.0000,0.0000,315,27,263,25
48,2021790431,azul,verde,heuristica,verde,1,3,21,30,0,30.0000,0.1000,478,19,444,15
48,2021790431,azul,vermelho,heuristica,verde,0,-3,21,120,120,1.0000,0.1053,604,87,436,81
48,2021790431,azul,azul,heuristica,verde,0,-3,21,90,120,0.7500,0.0000,380,66,252,62
49,1451556886,verde,verde,heuristica,verde,1,3,19,30,0,30.0000,0.0000,488,18,454,16
49,1451556886,verde,vermelho,heuristica,verde,0,-3,19,90,120,0.7500,0.0000,291,78,140,73
49,1451556886,verde,azul,heuristica,verde,0,-3,19,120,120,1.0000,0.1667,662,120,427,115
50,6009790,vermelho,verde,heuristica,azul,0,-3,10,60,120,0.5000,0.1429,258,69,146,43
50,6009790,vermelho,vermelho,heuristica,azul,0,-3,10,150,120,1.2500,0.1000,423,126,197,100
50,6009790,vermelho,azul,heuristica,azul,1,3,10,120,90,1.3333,0.2000,434,123,221,90
51,188280745,azul,verde,heuristica,azul,0,-3,21,90,110,0.8182,0.1111,402,94,219,89
51,188280745,azul,vermelho,heuristica,azul,0,-3,21,140,120,1.1667,0.0500,707,130,454,123
51,188280745,azul,azul,heuristica,azul,1,3,21,30,30,1.0000,0.0952,542,18,508,16
52,349047791,verde,verde,heuristica,vermelho,0,-3,16,90,120,0.7500,0.0000,401,100,201,100
52,349047791,verde,vermelho,heuristica,vermelho,1,3,16,30,30,1.0000,0.0000,461,26,410,25
52,349047791,verde,azul,heuristica,vermelho,0,-3,16,150,120,1.2500,0.0000,727,172,380,175
53,1876708646,vermelho,verde,heuristica,verde,1,3,21,30,0,30.0000,0.0500,502,27,450,25
53,1876708646,vermelho,vermelho,heuristica,verde,0,-3,21,120,120,1.0000,0.0000,754,129,501,124
53,1876708646,vermelho,azul,heuristica,verde,0,-3,21,90,120,0.7500,0.0000,371,95,176,100
54,1152886018,azul,verde,heuristica,empate,0,-1,100,0,0,0.0000,0.0000,2563,0,2563,0
54,1152886018,azul,vermelho,heuristica,empate,0,-1,100,0,0,0.0000,0.4848,1990,50,1940,0
54,1152886018,azul,azul,heuristica,empate,0,-1,100,0,0,0.0000,0.0000,2011,49,1962,0
55,1069746520,verde,verde,heuristica,vermelho,0,-3,27,90,110,0.8182,0.2222,413,104,210,99
55,1069746520,verde,vermelho,heuristica,vermelho,1,3,27,30,30,1.0000,0.0370,669,27,617,25
55,1069746520,verde,azul,heuristica,vermelho,0,-3,27,140,120,1.1667,0.1154,928,158,621,149
56,1489974805,vermelho,verde,heuristica,empate,0,-1,100,120,90,1.3333,0.9293,1927,143,1692,92
56,1489974805,vermelho,vermelho,heuristica,empate,0,-1,100,90,120,0.7500,0.0000,297,72,159,66
56,1489974805,vermelho,azul,heuristica,empate,0,-1,100,0,0,0.0000,0.0000,1832,46,1786,0
57,1198990478,azul,verde,heuristica,vermelho,0,-3,22,120,120,1.0000,0.0952,723,105,518,100
57,1198990478,azul,vermelho,heuristica,vermelho,1,3,22,30,0,30.0000,0.0000,679,66,538,75
57,1198990478,azul,azul,heuristica,vermelho,0,-3,22,90,120,0.7500,0.0714,626,144,332,150
58,1785076888,verde,verde,heuristica,empate,0,-1,100,120,90,1.3333,0.0400,2214,111,1997,106
58,1785076888,verde,vermelho,heuristica,empate,0,-1,100,90,120,0.7500,0.2727,462,99,269,94
58,1785076888,verde,azul,heuristica,empate,0,-1,100,0,0,0.0000,0.0100,1860,0,1860,0
59,1812608420,vermelho,verde,heuristica,vermelho,0,-3,35,90,120,0.7500,0.2000,734,120,490,124
59,1812608420,vermelho,vermelho,heuristica,vermelho,1,3,35,30,30,1.0000,0.0000,928,28,875,25
59,1812608420,vermelho,azul,heuristica,vermelho,0,-3,35,150,120,1.2500,0.1471,1190,185,830,175
60,1494812099,azul,verde,heuristica,vermelho,0,-3,25,160,100,1.6000,0.1250,780,135,516,129
60,1494812099,azul,vermelho,heuristica,vermelho,1,3,25,60,60,1.0000,0.1250,614,42,532,40
60,1494812099,azul,azul,heuristica,vermelho,0,-3,25,40,100,0.4000,0.4000,311,57,201,53
61,624291629,verde,verde,heuristica,verde,1,3,29,30,0,30.0000,0.0345,740,18,706,16
61,624291629,verde,vermelho,heuristica,verde,0,-3,29,120,120,1.0000,0.0357,933,116,692,125
61,624291629,verde,azul,heuristica,verde,0,-3,29,90,120,0.7500,0.0000,551,78,398,75
62,1690688755,vermelho,verde,heuristica,verde,1,3,27,60,90,0.6667,0.1538,758,78,605,75
62,1690688755,vermelho,vermelho,heuristica,verde,0,-3,27,200,120,1.6667,0.0385,838,174,500,164
62,1690688755,vermelho,azul,heuristica,verde,0,-3,27,60,110,0.5455,0.6000,244,67,114,63
63,415855664,azul,verde,heuristica,vermelho,0,-3,18,150,120,1.2500,0.0000,714,151,414,149
63,415855664,azul,vermelho,heuristica,vermelho,1,3,18,30,30,1.0000,0.0000,434,29,380,25
63,415855664,azul,azul,heuristica,vermelho,0,-3,18,90,120,0.7500,0.0000,382,105,177,100
64,1239108435,verde,verde,heuristica,azul,0,-3,17,120,120,1.0000,0.0588,620,101,425,94
64,1239108435,verde,vermelho,heuristica,azul,0,-3,17,90,120,0.7500,0.0000,335,78,184,73
64,1239108435,verde,azul,heuristica,azul,1,3,17,30,0,30.0000,0.2353,428,27,378,23
65,1288729641,vermelho,verde,heuristica,azul,0,-3,32,80,110,0.7273,0.3750,401,102,200,99
65,1288729641,vermelho,vermelho,heuristica,azul,0,-3,32,140,110,1.2727,0.0625,948,118,719,111
65,1288729641,vermelho,azul,heuristica,azul,1,3,32,30,30,1.0000,0.0313,799,18,765,16
66,2109698062,azul,verde,heuristica,vermelho,0,-3,22,90,100,0.9000,0.1111,382,79,228,75
66,2109698062,azul,vermelho,heuristica,vermelho,1,3,22,30,30,1.0000,0.0000,546,18,512,16
66,2109698062,azul,azul,heuristica,vermelho,0,-3,22,130,120,1.0833,0.1429,800,149,510,141
67,1413126415,verde,verde,heuristica,vermelho,0,-3,18,160,120,1.3333,0.3333,769,191,403,175
67,1413126415,verde,vermelho,heuristica,vermelho,1,3,18,60,40,1.5000,0.1111,548,53,445,50
67,1413126415,verde,azul,heuristica,vermelho,0,-3,18,60,120,0.5000,0.3846,519,107,312,100
68,354615157,vermelho,verde,heuristica,azul,0,-3,25,60,120,0.5000,0.0000,304,78,151,75
68,354615157,vermelho,vermelho,heuristica,azul,0,-3,25,180,120,1.5000,0.1600,989,208,576,205
68,354615157,vermelho,azul,heuristica,azul,1,3,25,60,60,1.0000,0.0400,683,63,562,58
69,36093310,azul,verde,heuristica,verde,1,3,14,30,30,1.0000,0.0000,357,26,306,25
69,36093310,azul,vermelho,heuristica,verde,0,-3,14,80,110,0.7273,0.1667,294,77,145,72
69,36093310,azul,azul,heuristica,verde,0,-3,14,140,110,1.2727,0.3846,626,153,312,161
70,650929293,verde,verde,heuristica,empate,0,-1,100,0,0,0.0000,0.0100,1765,66,1676,23
70,650929293,verde,vermelho,heuristica,empate,0,-1,100,120,90,1.3333,0.0400,2369,135,2111,123
70,650929293,verde,azul,heuristica,empate,0,-1,100,90,120,0.7500,0.0000,630,76,484,70
71,1174663146,vermelho,verde,heuristica,vermelho,0,-3,35,170,120,1.4167,0.1471,1188,192,814,182
71,1174663146,vermelho,vermelho,heuristica,vermelho,1,3,35,60,60,1.0000,0.1143,940,40,863,37
71,1174663146,vermelho,azul,heuristica,vermelho,0,-3,35,60,110,0.5455,0.4000,508,131,252,125
72,6505178,azul,verde,heuristica,verde,1,3,30,30,30,1.0000,0.0345,756,44,662,50
72,6505178,azul,vermelho,heuristica,verde,0,-3,30,150,120,1.2500,0.1071,961,133,703,125
72,6505178,azul,azul,heuristica,verde,0,-3,30,90,120,0.7500,0.0000,380,104,176,100
73,478834776,verde,verde,heuristica,azul,0,-3,18,130,110,1.1818,0.3889,660,132,395,133
73,478834776,verde,vermelho,heuristica,azul,0,-3,18,80,100,0.8000,0.4286,345,94,164,87
73,478834776,verde,azul,heuristica,azul,1,3,18,30,30,1.0000,0.0556,648,105,422,121
74,466979635,vermelho,verde,heuristica,verde,1,3,15,60,80,0.7500,0.4286,597,128,344,125
74,466979635,vermelho,vermelho,heuristica,verde,0,-3,15,60,120,0.5000,0.0000,322,74,173,75
74,466979635,vermelho,azul,heuristica,verde,0,-3,15,200,120,1.6667,0.3571,764,211,353,200
75,1585602173,azul,verde,heuristica,verde,1,3,15,30,30,1.0000,0.2143,407,26,357,24
75,1585602173,azul,vermelho,heuristica,verde,0,-3,15,80,120,0.6667,0.1111,384,98,214,72
75,1585602173,azul,azul,heuristica,verde,0,-3,15,150,110,1.3636,0.1429,594,143,332,119
76,137830156,verde,verde,heuristica,verde,1,3,19,30,0,30.0000,0.0000,573,44,479,50
76,137830156,verde,vermelho,heuristica,verde,0,-3,19,120,120,1.0000,0.0000,651,114,428,109
76,137830156,verde,azul,heuristica,verde,0,-3,19,90,120,0.7500,0.0000,295,67,165,63
77,295121870,vermelho,verde,heuristica,azul,0,-3,17,120,120,1.0000,0.0625,747,180,394,173
77,295121870,vermelho,vermelho,heuristica,azul,0,-3,17,90,120,0.7500,0.0000,395,95,200,100
77,295121870,vermelho,azul,heuristica,azul,1,3,17,30,0,30.0000,0.0588,477,46,387,44
78,1568756219,azul,verde,heuristica,verde,1,3,41,30,0,30.0000,0.0250,871,63,754,54
78,1568756219,azul,vermelho,heuristica,verde,0,-3,41,120,120,1.0000,0.0256,1178,133,923,122
78,1568756219,azul,azul,heuristica,verde,0,-3,41,90,120,0.7500,0.0286,947,187,584,176
79,863086835,verde,verde,heuristica,verde,1,3,27,60,60,1.0000,0.1111,727,40,650,37
79,863086835,verde,vermelho,heuristica,verde,0,-3,27,170,100,1.7000,0.2692,905,156,601,148
79,863086835,verde,azul,heuristica,verde,0,-3,27,40,110,0.3636,0.5000,383,72,243,68
80,881860485,vermelho,verde,heuristica,vermelho,0,-3,27,150,120,1.2500,0.0769,929,174,581,174
80,881860485,vermelho,vermelho,heuristica,vermelho,1,3,27,60,30,2.0000,0.0370,780,53,677,50
80,881860485,vermelho,azul,heuristica,vermelho,0,-3,27,60,120,0.5000,0.2500,402,103,199,100
81,866620601,azul,verde,heuristica,empate,0,-1,100,0,0,0.0000,0.0000,1892,0,1892,0
81,866620601,azul,vermelho,heuristica,empate,0,-1,100,0,0,0.0000,0.0000,2057,49,2008,0
81,866620601,azul,azul,heuristica,empate,0,-1,100,0,0,0.0000,0.0000,1944,47,1897,0
82,1809070958,verde,verde,heuristica,azul,0,-3,15,150,120,1.2500,0.0000,710,188,355,167
82,1809070958,verde,vermelho,heuristica,azul,0,-3,15,90,120,0.7500,0.0000,408,80,247,81
82,1809070958,verde,azul,heuristica,azul,1,3,15,30,30,1.0000,0.1333,531,84,373,74
83,389192010,vermelho,verde,heuristica,azul,0,-3,30,150,120,1.2500,0.0345,960,131,704,125
83,389192010,vermelho,vermelho,heuristica,azul,0,-3,30,60,120,0.5000,0.0000,405,77,254,74
83,389192010,vermelho,azul,heuristica,azul,1,3,30,60,30,2.0000,0.2333,859,70,714,75
84,500570754,azul,verde,heuristica,verde,1,3,17,30,30,1.0000,0.0000,465,59,333,73
84,500570754,azul,vermelho,heuristica,verde,0,-3,17,90,120,0.7500,0.0000,387,79,234,74
84,500570754,azul,azul,heuristica,verde,0,-3,17,150,120,1.2500,0.0000,661,141,378,142
85,1712353937,verde,verde,heuristica,azul,0,-3,24,150,120,1.2500,0.0000,864,169,536,159
85,1712353937,verde,vermelho,heuristica,azul,0,-3,24,90,120,0.7500,0.0000,498,95,303,100
85,1712353937,verde,azul,heuristica,azul,1,3,24,30,30,1.0000,0.0833,596,33,531,32
86,391319897,vermelho,verde,heuristica,vermelho,0,-3,30,90,120,0.7500,0.2500,551,124,302,125
86,391319897,vermelho,vermelho,heuristica,vermelho,1,3,30,30,30,1.0000,0.1333,774,18,740,16
86,391319897,vermelho,azul,heuristica,vermelho,0,-3,30,150,120,1.2500,0.0345,984,161,669,154
87,136589075,azul,verde,heuristica,azul,0,-3,12,90,120,0.7500,0.0000,379,104,175,100
87,136589075,azul,vermelho,heuristica,azul,0,-3,12,120,120,1.0000,0.0000,478,105,273,100
87,136589075,azul,azul,heuristica,azul,1,3,12,30,0,30.0000,0.0000,540,130,270,140
88,516443035,verde,verde,heuristica,azul,0,-3,9,140,110,1.2727,0.5556,536,159,227,150
88,516443035,verde,vermelho,heuristica,azul,0,-3,9,80,110,0.7273,0.6000,332,106,126,100
88,516443035,verde,azul,heuristica,azul,1,3,9,30,30,1.0000,0.1111,284,27,232,25
89,1231568109,vermelho,verde,heuristica,azul,0,-3,11,150,120,1.2500,0.0000,537,150,245,142
89,1231568109,vermelho,vermelho,heuristica,azul,0,-3,11,90,120,0.7500,0.0000,347,96,151,100
89,1231568109,vermelho,azul,heuristica,azul,1,3,11,30,30,1.0000,0.1818,333,26,283,24
90,234389638,azul,verde,heuristica,verde,1,3,24,30,0,30.0000,0.0435,711,71,565,75
90,234389638,azul,vermelho,heuristica,verde,0,-3,24,120,120,1.0000,0.0000,767,126,521,120
90,234389638,azul,azul,heuristica,verde,0,-3,24,90,120,0.7500,0.0000,361,100,165,96
91,1278363502,verde,verde,heuristica,vermelho,0,-3,15,90,120,0.7500,0.1000,400,91,221,88
91,1278363502,verde,vermelho,heuristica,vermelho,1,3,15,30,30,1.0000,0.2667,401,26,351,24
91,1278363502,verde,azul,heuristica,vermelho,0,-3,15,150,120,1.2500,0.0000,571,121,337,113
92,2089492144,vermelho,verde,heuristica,vermelho,0,-3,29,70,100,0.7000,0.1765,520,68,387,65
92,2089492144,vermelho,vermelho,heuristica,vermelho,1,3,29,30,20,1.5000,0.1034,605,39,524,42
92,2089492144,vermelho,azul,heuristica,vermelho,0,-3,29,120,100,1.2000,0.1786,827,129,571,127
93,1010834375,azul,verde,heuristica,empate,0,-1,100,120,90,1.3333,0.0202,3675,893,1936,846
93,1010834375,azul,vermelho,heuristica,empate,0,-1,100,0,0,0.0000,0.0000,2197,1,2196,0
93,1010834375,azul,azul,heuristica,empate,0,-1,100,90,120,0.7500,0.0000,305,68,172,65
94,1010172138,verde,verde,heuristica,vermelho,0,-3,14,90,120,0.7500,0.0000,352,101,151,100
94,1010172138,verde,vermelho,heuristica,vermelho,1,3,14,30,30,1.0000,0.2143,404,26,353,25
94,1010172138,verde,azul,heuristica,vermelho,0,-3,14,150,120,1.2500,0.0000,675,172,328,175
95,1255584616,vermelho,verde,heuristica,verde,1,3,24,40,10,4.0000,0.2609,676,77,528,71
95,1255584616,vermelho,vermelho,heuristica,verde,0,-3,24,110,110,1.0000,0.1739,820,131,567,122
95,1255584616,vermelho,azul,heuristica,verde,0,-3,24,70,100,0.7000,0.2000,480,121,239,120
96,2041513302,azul,verde,heuristica,vermelho,0,-3,20,120,120,1.0000,0.0526,652,103,451,98
96,2041513302,azul,vermelho,heuristica,vermelho,1,3,20,30,0,30.0000,0.0000,549,38,461,50
96,2041513302,azul,azul,heuristica,vermelho,0,-3,20,90,120,0.7500,0.0769,461,74,316,71
97,11523659,verde,verde,heuristica,azul,0,-3,27,150,120,1.2500,0.0741,990,175,649,166
97,11523659,verde,vermelho,heuristica,azul,0,-3,27,90,120,0.7500,0.0667,579,101,378,100
97,11523659,verde,azul,heuristica,azul,1,3,27,30,30,1.0000,0.0000,635,32,573,30
98,60279016,vermelho,verde,heuristica,verde,1,3,27,30,20,1.5000,0.0385,583,36,524,23
98,60279016,vermelho,vermelho,heuristica,verde,0,-3,27,90,120,0.7500,0.0000,809,113,580,116
98,60279016,vermelho,azul,heuristica,verde,0,-3,27,140,120,1.1667,0.0769,793,132,546,115
99,2035523298,azul,verde,heuristica,verde,1,3,28,30,30,1.0000,0.0741,638,17,605,16
99,2035523298,azul,vermelho,heuristica,verde,0,-3,28,150,120,1.2500,0.0769,886,134,620,132
99,2035523298,azul,azul,heuristica,verde,0,-3,28,90,120,0.7500,0.0000,399,100,199,100
100,778332920,verde,verde,heuristica,vermelho,0,-3,23,80,110,0.7273,0.0556,593,79,439,75
100,778332920,verde,vermelho,heuristica,vermelho,1,3,23,30,0,30.0000,0.0000,632,44,538,50
100,778332920,verde,azul,heuristica,vermelho,0,-3,23,110,110,1.0000,0.1818,745,125,498,122
101,681977055,vermelho,verde,heuristica,vermelho,0,-3,20,90,100,0.9000,0.4167,507,117,275,115
101,681977055,vermelho,vermelho,heuristica,vermelho,1,3,20,30,0,30.0000,0.0000,511,18,477,16
101,681977055,vermelho,azul,heuristica,vermelho,0,-3,20,100,120,0.8333,0.2105,620,91,443,86
102,937597042,azul,verde,heuristica,azul,0,-3,20,90,110,0.8182,0.1333,555,112,354,89
102,937597042,azul,vermelho,heuristica,azul,0,-3,20,110,120,0.9167,0.1579,688,124,450,114
102,937597042,azul,azul,heuristica,azul,1,3,20,30,0,30.0000,0.1500,515,29,462,24
103,528953857,verde,verde,heuristica,vermelho,0,-3,15,120,120,1.0000,0.0667,581,128,333,120
103,528953857,verde,vermelho,heuristica,vermelho,1,3,15,30,0,30.0000,0.2667,416,25,369,22
103,528953857,verde,azul,heuristica,vermelho,0,-3,15,90,120,0.7500,0.0000,448,89,262,97
104,1698552064,vermelho,verde,heuristica,verde,1,3,27,30,0,30.0000,0.0000,636,17,603,16
104,1698552064,vermelho,vermelho,heuristica,verde,0,-3,27,80,110,0.7273,0.3571,634,159,325,150
104,1698552064,vermelho,azul,heuristica,verde,0,-3,27,110,110,1.0000,0.1538,839,125,588,126
105,2028522531,azul,verde,heuristica,vermelho,0,-3,22,90,120,0.7500,0.0000,396,102,197,97
105,2028522531,azul,vermelho,heuristica,vermelho,1,3,22,30,0,30.0000,0.1429,541,27,489,25
105,2028522531,azul,azul,heuristica,vermelho,0,-3,22,120,120,1.0000,0.0476,725,126,462,137
106,2146725289,verde,verde,heuristica,vermelho,0,-3,13,150,120,1.2500,0.0000,629,181,295,153
106,2146725289,verde,vermelho,heuristica,vermelho,1,3,13,60,30,2.0000,0.0000,449,77,299,73
106,2146725289,verde,azul,heuristica,vermelho,0,-3,13,60,120,0.5000,0.0000,355,85,190,80
107,2048006628,vermelho,verde,heuristica,verde,1,3,14,80,30,2.6667,0.1538,544,147,307,90
107,2048006628,vermelho,vermelho,heuristica,verde,0,-3,14,90,110,0.8182,0.1667,418,78,262,78
107,2048006628,vermelho,azul,heuristica,verde,0,-3,14,80,110,0.7273,0.1538,495,118,291,86
108,2065734190,azul,verde,heuristica,azul,0,-3,37,110,120,0.9167,0.1111,1052,109,837,106
108,2065734190,azul,vermelho,heuristica,azul,0,-3,37,90,110,0.8182,0.0714,483,71,345,67
108,2065734190,azul,azul,heuristica,azul,1,3,37,30,0,30.0000,0.0000,790,29,729,32
109,946904339,verde,verde,heuristica,vermelho,0,-3,22,90,120,0.7500,0.0000,398,78,245,75
109,946904339,verde,vermelho,heuristica,vermelho,1,3,22,30,0,30.0000,0.1818,511,18,477,16
109,946904339,verde,azul,heuristica,vermelho,0,-3,22,120,120,1.0000,0.0476,819,146,523,150
110,977405121,vermelho,verde,heuristica,vermelho,0,-3,41,160,120,1.3333,0.1250,1229,147,942,140
110,977405121,vermelho,vermelho,heuristica,vermelho,1,3,41,90,60,1.5000,0.0244,1081,77,926,78
110,977405121,vermelho,azul,heuristica,vermelho,0,-3,41,30,100,0.3000,0.4286,373,97,176,100
111,106871201,azul,verde,heuristica,vermelho,0,-3,12,150,120,1.2500,0.0909,567,151,272,144
111,106871201,azul,vermelho,heuristica,vermelho,1,3,12,30,30,1.0000,0.0909,333,42,243,48
111,106871201,azul,azul,heuristica,vermelho,0,-3,12,90,120,0.7500,0.1667,296,79,142,75
112,524023377,verde,verde,heuristica,vermelho,0,-3,14,120,120,1.0000,0.0000,581,123,333,125
112,524023377,verde,vermelho,heuristica,vermelho,1,3,14,30,30,1.0000,0.2143,641,165,351,125
112,524023377,verde,azul,heuristica,vermelho,0,-3,14,120,120,1.0000,0.2000,554,153,251,150
113,2070036801,vermelho,verde,heuristica,azul,0,-3,20,90,120,0.7500,0.3750,738,178,385,175
113,2070036801,vermelho,vermelho,heuristica,azul,0,-3,20,90,120,0.7500,0.1000,746,138,483,125
113,2070036801,vermelho,azul,heuristica,azul,1,3,20,60,0,60.0000,0.2500,639,85,470,84
114,332326161,azul,verde,heuristica,azul,0,-3,23,120,120,1.0000,0.0000,741,120,503,118
114,332326161,azul,vermelho,heuristica,azul,0,-3,23,90,120,0.7500,0.2000,405,78,252,75
114,332326161,azul,azul,heuristica,azul,1,3,23,30,0,30.0000,0.0000,627,23,583,21
115,13274541,verde,verde,heuristica,azul,0,-3,43,90,120,0.7500,0.1250,523,69,389,65
115,13274541,verde,vermelho,heuristica,azul,0,-3,43,150,120,1.2500,0.0930,1217,122,984,111
115,13274541,verde,azul,heuristica,azul,1,3,43,30,30,1.0000,0.0000,959,28,906,25
116,825241805,vermelho,verde,heuristica,azul,0,-3,20,90,120,0.7500,0.0000,413,96,217,100
116,825241805,vermelho,vermelho,heuristica,azul,0,-3,20,180,120,1.5000,0.0500,810,159,501,150
116,825241805,vermelho,azul,heuristica,azul,1,3,20,30,60,0.5000,0.0500,548,51,450,47
117,1573000952,azul,verde,heuristica,empate,0,-1,100,0,0,0.0000,0.0000,1863,0,1863,0
117,1573000952,azul,vermelho,heuristica,empate,0,-1,100,90,120,0.7500,0.0000,508,98,316,94
117,1573000952,azul,azul,heuristica,empate,0,-1,100,120,90,1.3333,0.0000,2028,120,1794,114
118,1749647013,verde,verde,heuristica,verde,1,3,32,60,60,1.0000,0.0313,842,42,760,40
118,1749647013,verde,vermelho,heuristica,verde,0,-3,32,180,110,1.6364,0.2258,1060,174,719,167
118,1749647013,verde,azul,heuristica,verde,0,-3,32,50,120,0.4167,0.2222,426,100,226,100
119,974095307,vermelho,verde,heuristica,vermelho,0,-3,23,90,120,0.7500,0.0000,318,95,124,99
119,974095307,vermelho,vermelho,heuristica,vermelho,1,3,23,30,30,1.0000,0.0000,575,17,542,16
119,974095307,vermelho,azul,heuristica,vermelho,0,-3,23,150,120,1.2500,0.0000,788,134,522,132
120,1400113132,azul,verde,heuristica,verde,1,3,19,30,30,1.0000,0.0556,507,26,456,25
120,1400113132,azul,vermelho,heuristica,verde,0,-3,19,150,120,1.2500,0.2353,880,229,426,225
120,1400113132,azul,azul,heuristica,verde,0,-3,19,90,120,0.7500,0.0000,397,96,201,100
121,1403140035,verde,verde,heuristica,verde,1,3,11,30,0,30.0000,0.0000,275,27,223,25
121,1403140035,verde,vermelho,heuristica,verde,0,-3,11,90,120,0.7500,0.0000,347,80,193,74
121,1403140035,verde,azul,heuristica,verde,0,-3,11,120,120,1.0000,0.0000,444,105,241,98
122,1485886752,vermelho,verde,heuristica,azul,0,-3,27,120,120,1.0000,0.0385,716,79,563,74
122,1485886752,vermelho,vermelho,heuristica,azul,0,-3,27,90,120,0.7500,0.0000,300,76,148,76
122,1485886752,vermelho,azul,heuristica,azul,1,3,27,30,0,30.0000,0.0741,695,29,634,32
123,1433079639,azul,verde,heuristica,vermelho,0,-3,28,90,100,0.9000,0.1667,452,79,299,74
123,1433079639,azul,vermelho,heuristica,vermelho,1,3,28,30,0,30.0000,0.0741,719,27,667,25
123,1433079639,azul,azul,heuristica,vermelho,0,-3,28,100,120,0.8333,0.1481,831,103,631,97
124,1444017005,verde,verde,heuristica,empate,0,-1,100,0,0,0.0000,0.0000,2320,0,2320,0
124,1444017005,verde,vermelho,heuristica,empate,0,-1,100,0,0,0.0000,0.0000,2028,50,1978,0
124,1444017005,verde,azul,heuristica,empate,0,-1,100,0,0,0.0000,0.0000,1570,48,1522,0
125,1120634029,vermelho,verde,heuristica,empate,0,-1,100,120,90,1.3333,0.0000,2796,124,2550,122
125,1120634029,vermelho,vermelho,heuristica,empate,0,-1,100,90,120,0.7500,0.0000,433,79,279,75
125,1120634029,vermelho,azul,heuristica,empate,0,-1,100,0,0,0.0000,0.0100,1918,23,1872,23
126,1159629576,azul,verde,heuristica,verde,1,3,28,60,30,2.0000,0.0370,748,55,643,50
126,1159629576,azul,vermelho,heuristica,verde,0,-3,28,150,120,1.2500,0.0769,909,160,599,150
126,1159629576,azul,azul,heuristica,verde,0,-3,28,60,120,0.5000,0.0000,279,78,126,75
127,170520394,verde,verde,heuristica,vermelho,0,-3,19,120,120,1.0000,0.0526,643,113,425,105
127,170520394,verde,vermelho,heuristica,vermelho,1,3,19,30,0,30.0000,0.0526,571,54,457,60
127,170520394,verde,azul,heuristica,vermelho,0,-3,19,90,120,0.7500,0.0000,409,90,235,84
128,2032603470,vermelho,verde,heuristica,verde,1,3,24,30,30,1.0000,0.0870,684,77,532,75
128,2032603470,vermelho,vermelho,heuristica,verde,0,-3,24,90,120,0.7500,0.0000,542,95,357,90
128,2032603470,vermelho,azul,heuristica,verde,0,-3,24,150,120,1.2500,0.1304,787,137,538,112
129,1569236234,azul,verde,heuristica,verde,1,3,27,30,0,30.0000,0.3462,926,140,640,146
129,1569236234,azul,vermelho,heuristica,verde,0,-3,27,120,120,1.0000,0.1200,826,107,619,100
129,1569236234,azul,azul,heuristica,verde,0,-3,27,90,120,0.7500,0.4167,548,122,301,125
130,411570783,verde,verde,heuristica,vermelho,0,-3,10,90,120,0.7500,0.0000,345,98,149,98
130,411570783,verde,vermelho,heuristica,vermelho,1,3,10,30,30,1.0000,0.0000,290,27,238,25
130,411570783,verde,azul,heuristica,vermelho,0,-3,10,150,120,1.2500,0.0000,482,131,227,124
131,562047796,vermelho,verde,heuristica,empate,0,-1,100,0,0,0.0000,0.0101,2055,44,2011,0
131,562047796,vermelho,vermelho,heuristica,empate,0,-1,100,120,90,1.3333,0.0000,2146,126,1942,78
131,562047796,vermelho,azul,heuristica,empate,0,-1,100,90,120,0.7500,0.0000,275,64,151,60
132,1448248165,azul,verde,heuristica,vermelho,0,-3,34,150,120,1.2500,0.0303,1028,153,726,149
132,1448248165,azul,vermelho,heuristica,vermelho,1,3,34,30,30,1.0000,0.0909,775,48,679,48
132,1448248165,azul,azul,heuristica,vermelho,0,-3,34,90,120,0.7500,0.0000,347,96,151,100
133,1352011924,verde,verde,heuristica,azul,0,-3,21,120,120,1.0000,0.0000,688,108,475,105
133,1352011924,verde,vermelho,heuristica,azul,0,-3,21,90,120,0.7500,0.0909,430,92,252,86
133,1352011924,verde,azul,heuristica,azul,1,3,21,30,0,30.0000,0.0476,585,27,533,25
134,939551074,vermelho,verde,heuristica,azul,0,-3,19,180,120,1.5000,0.0556,703,145,422,136
134,939551074,vermelho,vermelho,heuristica,azul,0,-3,19,60,120,0.5000,0.0000,305,78,152,75
134,939551074,vermelho,azul,heuristica,azul,1,3,19,60,60,1.0000,0.0000,523,44,439,40
135,362752061,azul,verde,heuristica,verde,1,3,17,30,30,1.0000,0.0000,523,95,355,73
135,362752061,azul,vermelho,heuristica,verde,0,-3,17,150,120,1.2500,0.0000,770,195,375,200
135,362752061,azul,azul,heuristica,verde,0,-3,17,90,120,0.7500,0.0000,449,78,296,75
136,1970562540,verde,verde,heuristica,vermelho,0,-3,23,140,100,1.4000,0.3478,944,187,566,191
136,1970562540,verde,vermelho,heuristica,vermelho,1,3,23,30,30,1.0000,0.0435,531,18,497,16
136,1970562540,verde,azul,heuristica,vermelho,0,-3,23,70,110,0.6364,0.6154,612,151,317,144
137,383708122,vermelho,verde,heuristica,vermelho,0,-3,21,150,120,1.2500,0.1000,754,150,476,128
137,383708122,vermelho,vermelho,heuristica,vermelho,1,3,21,30,30,1.0000,0.0000,665,81,489,95
137,383708122,vermelho,azul,heuristica,vermelho,0,-3,21,90,120,0.7500,0.0000,488,66,360,62
138,2075785334,azul,verde,heuristica,vermelho,0,-3,17,110,120,0.9167,0.2500,612,106,406,100
138,2075785334,azul,vermelho,heuristica,vermelho,1,3,17,30,0,30.0000,0.1250,485,46,392,47
138,2075785334,azul,azul,heuristica,vermelho,0,-3,17,90,110,0.8182,0.3333,346,95,151,100
139,794372141,verde,verde,heuristica,vermelho,0,-3,13,120,120,1.0000,0.0000,507,104,305,98
139,794372141,verde,vermelho,heuristica,vermelho,1,3,13,30,0,30.0000,0.0000,359,27,307,25
139,794372141,verde,azul,heuristica,vermelho,0,-3,13,90,120,0.7500,0.0000,351,103,149,99
140,1817101026,vermelho,verde,heuristica,azul,0,-3,16,120,100,1.2000,0.5333,740,237,349,154
140,1817101026,vermelho,vermelho,heuristica,azul,0,-3,16,80,100,0.8000,0.4167,566,164,270,132
140,1817101026,vermelho,azul,heuristica,azul,1,3,16,90,90,1.0000,0.4375,732,207,365,160
141,1461547978,azul,verde,heuristica,verde,1,3,26,30,30,1.0000,0.0400,679,34,613,32
141,1461547978,azul,vermelho,heuristica,verde,0,-3,26,140,120,1.1667,0.2917,915,174,575,166
141,1461547978,azul,azul,heuristica,verde,0,-3,26,90,110,0.8182,0.2857,606,130,351,125
142,1249674794,verde,verde,heuristica,verde,1,3,49,30,30,1.0000,0.0816,1206,27,1154,25
142,1249674794,verde,vermelho,heuristica,verde,0,-3,49,90,120,0.7500,0.0000,551,68,419,64
142,1249674794,verde,azul,heuristica,verde,0,-3,49,150,120,1.2500,0.1042,1432,168,1108,156
143,236336944,vermelho,verde,heuristica,verde,1,3,30,60,30,2.0000,0.0345,746,35,679,32
143,236336944,vermelho,vermelho,heuristica,verde,0,-3,30,130,110,1.1818,0.2069,893,113,671,109
143,236336944,vermelho,azul,heuristica,verde,0,-3,30,50,100,0.5000,0.1667,374,58,263,53
144,787490960,azul,verde,heuristica,azul,0,-3,23,90,120,0.7500,0.1250,393,95,199,99
144,787490960,azul,vermelho,heuristica,azul,0,-3,23,120,120,1.0000,0.1364,777,130,522,125
144,787490960,azul,azul,heuristica,azul,1,3,23,30,0,30.0000,0.0000,568,27,516,25
145,368094613,verde,verde,heuristica,vermelho,0,-3,50,160,110,1.4545,0.1600,1419,130,1168,121
145,368094613,verde,vermelho,heuristica,vermelho,1,3,50,90,60,1.5000,0.0200,1264,61,1146,57
145,368094613,verde,azul,heuristica,vermelho,0,-3,50,20,100,0.2000,0.4348,734,108,517,109
146,15368845,vermelho,verde,heuristica,vermelho,0,-3,16,90,100,0.9000,0.2222,485,168,220,97
146,15368845,vermelho,vermelho,heuristica,vermelho,1,3,16,160,80,2.0000,0.4375,856,256,401,199
146,15368845,vermelho,azul,heuristica,vermelho,0,-3,16,50,120,0.4167,0.4667,605,120,361,124
147,987658780,azul,verde,heuristica,azul,0,-3,50,130,100,1.3000,0.0612,1381,123,1142,116
147,987658780,azul,vermelho,heuristica,azul,0,-3,50,70,100,0.7000,0.1111,378,81,222,75
147,987658780,azul,azul,heuristica,azul,1,3,50,30,30,1.0000,0.0200,1020,25,972,23
148,1140005980,verde,verde,heuristica,azul,0,-3,20,90,120,0.7500,0.0000,364,76,218,70
148,1140005980,verde,vermelho,heuristica,azul,0,-3,20,120,120,1.0000,0.0000,663,108,445,110
148,1140005980,verde,azul,heuristica,azul,1,3,20,30,0,30.0000,0.1000,511,26,461,24
149,2107689852,vermelho,verde,heuristica,vermelho,0,-3,25,150,120,1.2500,0.0000,827,158,514,155
149,2107689852,vermelho,vermelho,heuristica,vermelho,1,3,25,30,30,1.0000,0.0400,615,34,551,30
149,2107689852,vermelho,azul,heuristica,vermelho,0,-3,25,90,120,0.7500,0.0000,416,92,234,90
150,1111585620,azul,verde,heuristica,verde,1,3,55,30,0,30.0000,0.0000,1289,18,1255,16
150,1111585620,azul,vermelho,heuristica,verde,0,-3,55,110,110,1.0000,0.1509,1377,121,1141,115
150,1111585620,azul,azul,heuristica,verde,0,-3,55,80,110,0.7273,0.1429,371,100,172,99
151,323059078,verde,verde,heuristica,verde,1,3,19,30,30,1.0000,0.0000,565,89,419,57
151,323059078,verde,vermelho,heuristica,verde,0,-3,19,90,100,0.9000,0.0625,515,69,381,65
151,323059078,verde,azul,heuristica,verde,0,-3,19,130,120,1.0833,0.1667,703,146,420,137
152,1505993271,vermelho,verde,heuristica,azul,0,-3,19,90,120,0.7500,0.0000,371,95,176,100
152,1505993271,vermelho,vermelho,heuristica,azul,0,-3,19,150,120,1.2500,0.0000,826,172,479,175
152,1505993271,vermelho,azul,heuristica,azul,1,3,19,30,30,1.0000,0.0000,512,25,463,24
153,1332249844,azul,verde,heuristica,azul,0,-3,28,90,120,0.7500,0.0000,638,137,351,150
153,1332249844,azul,vermelho,heuristica,azul,0,-3,28,120,120,1.0000,0.0370,864,104,661,99
153,1332249844,azul,azul,heuristica,azul,1,3,28,30,0,30.0000,0.0357,709,29,648,32
154,486926662,verde,verde,heuristica,azul,0,-3,16,120,120,1.0000,0.0625,552,99,357,96
154,486926662,verde,vermelho,heuristica,azul,0,-3,16,90,120,0.7500,0.0000,300,61,181,58
154,486926662,verde,azul,heuristica,azul,1,3,16,30,0,30.0000,0.0000,402,18,368,16
155,228384987,vermelho,verde,heuristica,azul,0,-3,21,110,120,0.9167,0.0500,625,108,416,101
155,228384987,vermelho,vermelho,heuristica,azul,0,-3,21,90,110,0.8182,0.1333,498,69,364,65
155,228384987,vermelho,azul,heuristica,azul,1,3,21,30,0,30.0000,0.0476,557,52,447,58
156,1338147426,azul,verde,heuristica,azul,0,-3,16,150,120,1.2500,0.0000,571,117,344,110
156,1338147426,azul,vermelho,heuristica,azul,0,-3,16,90,120,0.7500,0.2000,312,96,121,95
156,1338147426,azul,azul,heuristica,azul,1,3,16,30,30,1.0000,0.1875,464,50,359,55
157,1701265980,verde,verde,heuristica,vermelho,0,-3,9,170,120,1.4167,0.4444,574,180,223,171
157,1701265980,verde,vermelho,heuristica,vermelho,1,3,9,60,60,1.0000,0.0000,317,51,218,48
157,1701265980,verde,azul,heuristica,vermelho,0,-3,9,60,110,0.5455,0.8000,317,101,121,95
158,2035459300,vermelho,verde,heuristica,verde,1,3,33,30,30,1.0000,0.0313,672,22,631,19
158,2035459300,vermelho,vermelho,heuristica,verde,0,-3,33,90,120,0.7500,0.0000,431,105,226,100
158,2035459300,vermelho,azul,heuristica,verde,0,-3,33,150,120,1.2500,0.0313,1037,147,748,142
159,1984052756,azul,verde,heuristica,verde,1,3,28,30,30,1.0000,0.0000,682,26,631,25
159,1984052756,azul,vermelho,heuristica,verde,0,-3,28,150,120,1.2500,0.0000,895,153,586,156
159,1984052756,azul,azul,heuristica,verde,0,-3,28,90,120,0.7500,0.1053,562,66,434,62
160,882379617,verde,verde,heuristica,vermelho,0,-3,23,150,120,1.2500,0.0870,803,131,548,124
160,882379617,verde,vermelho,heuristica,vermelho,1,3,23,30,30,1.0000,0.2174,760,94,566,100
160,882379617,verde,azul,heuristica,vermelho,0,-3,23,90,120,0.7500,0.0000,617,116,402,99
161,155837609,vermelho,verde,heuristica,azul,0,-3,24,90,120,0.7500,0.5000,483,123,242,118
161,155837609,vermelho,vermelho,heuristica,azul,0,-3,24,150,120,1.2500,0.1667,921,167,588,166
161,155837609,vermelho,azul,heuristica,azul,1,3,24,30,30,1.0000,0.2083,609,24,562,23
162,1949492245,azul,verde,heuristica,vermelho,0,-3,32,120,120,1.0000,0.0000,963,124,722,117
162,1949492245,azul,vermelho,heuristica,vermelho,1,3,32,30,0,30.0000,0.0000,869,71,723,75
162,1949492245,azul,azul,heuristica,vermelho,0,-3,32,90,120,0.7500,0.0000,396,102,197,97
163,1206746855,verde,verde,heuristica,vermelho,0,-3,15,130,100,1.3000,0.2667,627,136,360,131
163,1206746855,verde,vermelho,heuristica,vermelho,1,3,15,30,30,1.0000,0.0000,484,53,381,50
163,1206746855,verde,azul,heuristica,vermelho,0,-3,15,70,100,0.7000,0.3000,345,70,211,64
164,383512830,vermelho,verde,heuristica,azul,0,-3,16,150,120,1.2500,0.0667,653,183,321,149
164,383512830,vermelho,vermelho,heuristica,azul,0,-3,16,90,120,0.7500,0.0000,424,99,257,68
164,383512830,vermelho,azul,heuristica,azul,1,3,16,30,30,1.0000,0.0000,366,21,327,18
165,1238779790,azul,verde,heuristica,verde,1,3,37,30,30,1.0000,0.0000,757,26,706,25
165,1238779790,azul,vermelho,heuristica,verde,0,-3,37,90,120,0.7500,0.0000,296,80,132,84
165,1238779790,azul,azul,heuristica,verde,0,-3,37,150,120,1.2500,0.0278,1139,140,858,141
166,457092375,verde,verde,heuristica,verde,1,3,22,30,20,1.5000,0.2273,599,58,481,60
166,457092375,verde,vermelho,heuristica,verde,0,-3,22,90,120,0.7500,0.0000,301,76,147,78
166,457092375,verde,azul,heuristica,verde,0,-3,22,140,120,1.1667,0.1429,741,133,483,125
167,1059044347,vermelho,verde,heuristica,vermelho,0,-3,21,90,120,0.7500,0.1111,430,101,229,100
167,1059044347,vermelho,vermelho,heuristica,vermelho,1,3,21,30,30,1.0000,0.0000,468,23,423,22
167,1059044347,vermelho,azul,heuristica,vermelho,0,-3,21,150,120,1.2500,0.0500,766,150,477,139
168,281457202,azul,verde,heuristica,empate,0,-1,100,0,0,0.0000,0.0000,2574,0,2574,0
168,281457202,azul,vermelho,heuristica,empate,0,-1,100,0,0,0.0000,0.0101,2000,50,1950,0
168,281457202,azul,azul,heuristica,empate,0,-1,100,0,0,0.0000,0.4900,1943,62,1859,22
169,1239046820,verde,verde,heuristica,azul,0,-3,28,90,100,0.9000,0.0714,451,69,317,65
169,1239046820,verde,vermelho,heuristica,azul,0,-3,28,100,120,0.8333,0.1071,873,92,694,87
169,1239046820,verde,azul,heuristica,azul,1,3,28,30,0,30.0000,0.1071,788,49,692,47
170,461995623,vermelho,verde,heuristica,verde,1,3,20,30,30,1.0000,0.0526,474,18,440,16
170,461995623,vermelho,vermelho,heuristica,verde,0,-3,20,80,100,0.8000,0.4444,393,96,207,90
170,461995623,vermelho,azul,heuristica,verde,0,-3,20,130,110,1.1818,0.2632,629,111,415,103
171,1520527385,azul,verde,heuristica,verde,1,3,26,60,30,2.0000,0.0400,703,51,599,53
171,1520527385,azul,vermelho,heuristica,verde,0,-3,26,150,120,1.2500,0.0000,799,122,562,115
171,1520527385,azul,azul,heuristica,verde,0,-3,26,60,120,0.5000,0.2500,452,92,264,96
172,681314169,verde,verde,heuristica,verde,1,3,15,30,0,30.0000,0.0000,436,36,366,34
172,681314169,verde,vermelho,heuristica,verde,0,-3,15,120,120,1.0000,0.0000,486,97,298,91
172,681314169,verde,azul,heuristica,verde,0,-3,15,90,120,0.7500,0.0000,403,75,259,69
173,1151681641,vermelho,verde,heuristica,vermelho,0,-3,13,90,120,0.7500,0.3750,371,100,177,94
173,1151681641,vermelho,vermelho,heuristica,vermelho,1,3,13,30,0,30.0000,0.0769,378,27,326,25
173,1151681641,vermelho,azul,heuristica,vermelho,0,-3,13,120,120,1.0000,0.3333,525,126,282,117
174,915322822,azul,verde,heuristica,vermelho,0,-3,22,160,120,1.3333,0.0952,764,140,492,132
174,915322822,azul,vermelho,heuristica,vermelho,1,3,22,60,60,1.0000,0.0000,564,54,457,53
174,915322822,azul,azul,heuristica,vermelho,0,-3,22,60,100,0.6000,0.1667,306,79,152,75
175,1219387384,verde,verde,heuristica,empate,0,-1,100,0,0,0.0000,0.0000,2003,50,1953,0
175,1219387384,verde,vermelho,heuristica,empate,0,-1,100,0,0,0.0000,0.0000,1871,51,1820,0
175,1219387384,verde,azul,heuristica,empate,0,-1,100,0,0,0.0000,0.4900,1970,0,1970,0
176,669132441,vermelho,verde,heuristica,verde,1,3,21,30,0,30.0000,0.1500,561,38,482,41
176,669132441,vermelho,vermelho,heuristica,verde,0,-3,21,100,110,0.9091,0.2500,713,106,507,100
176,669132441,vermelho,azul,heuristica,verde,0,-3,21,80,100,0.8000,0.3077,536,122,292,122
177,1538008631,azul,verde,heuristica,azul,0,-3,30,140,110,1.2727,0.1034,1058,181,706,171
177,1538008631,azul,vermelho,heuristica,azul,0,-3,30,80,110,0.7273,0.1667,504,101,303,100
177,1538008631,azul,azul,heuristica,azul,1,3,30,30,30,1.0000,0.0000,1083,207,666,210
178,557466564,verde,verde,heuristica,azul,0,-3,23,80,120,0.6667,0.1875,605,118,371,116
178,557466564,verde,vermelho,heuristica,azul,0,-3,23,120,110,1.0909,0.1739,785,125,542,118
178,557466564,verde,azul,heuristica,azul,1,3,23,30,0,30.0000,0.0435,552,18,518,16
179,1498413934,vermelho,verde,heuristica,vermelho,0,-3,14,90,120,0.7500,0.3846,511,103,312,96
179,1498413934,vermelho,vermelho,heuristica,vermelho,1,3,14,120,80,1.5000,0.2143,597,152,347,98
179,1498413934,vermelho,azul,heuristica,vermelho,0,-3,14,90,100,0.9000,0.2222,357,73,217,67
180,542293507,azul,verde,heuristica,verde,1,3,27,30,0,30.0000,0.1538,678,29,617,32
180,542293507,azul,vermelho,heuristica,verde,0,-3,27,120,120,1.0000,0.3600,873,130,618,125
180,542293507,azul,azul,heuristica,verde,0,-3,27,90,120,0.7500,0.5833,560,131,304,125
181,1371703114,verde,verde,heuristica,vermelho,0,-3,31,140,100,1.4000,0.2258,957,159,633,165
181,1371703114,verde,vermelho,heuristica,vermelho,1,3,31,30,20,1.5000,0.0968,778,41,692,45
181,1371703114,verde,azul,heuristica,vermelho,0,-3,31,70,120,0.5833,0.1053,548,59,433,56
182,117727943,vermelho,verde,heuristica,empate,0,-1,100,0,0,0.0000,0.0000,2515,0,2515,0
182,117727943,vermelho,vermelho,heuristica,empate,0,-1,100,0,0,0.0000,0.0000,1545,50,1495,0
182,117727943,vermelho,azul,heuristica,empate,0,-1,100,0,0,0.0000,0.0000,1311,62,1227,22
183,603806591,azul,verde,heuristica,verde,1,3,18,30,30,1.0000,0.0000,483,27,431,25
183,603806591,azul,vermelho,heuristica,verde,0,-3,18,140,110,1.2727,0.1250,750,183,393,174
183,603806591,azul,azul,heuristica,verde,0,-3,18,80,110,0.7273,0.1538,510,96,314,100
184,699897077,verde,verde,heuristica,empate,0,-1,100,120,90,1.3333,0.0400,2383,258,1903,222
184,699897077,verde,vermelho,heuristica,empate,0,-1,100,0,0,0.0000,0.0000,1363,52,1311,0
184,699897077,verde,azul,heuristica,empate,0,-1,100,90,120,0.7500,0.0000,819,84,673,62
185,519069263,vermelho,verde,heuristica,verde,1,3,28,30,0,30.0000,0.0741,758,45,670,43
185,519069263,vermelho,vermelho,heuristica,verde,0,-3,28,90,120,0.7500,0.0000,351,100,151,100
185,519069263,vermelho,azul,heuristica,verde,0,-3,28,120,120,1.0000,0.0000,860,105,655,100
186,1300684724,azul,verde,heuristica,azul,0,-3,26,120,110,1.0909,0.1600,789,108,579,102
186,1300684724,azul,vermelho,heuristica,azul,0,-3,26,80,120,0.6667,0.1250,326,85,161,80
186,1300684724,azul,azul,heuristica,azul,1,3,26,30,0,30.0000,0.0000,664,18,630,16
187,1520408512,verde,verde,heuristica,azul,0,-3,48,90,100,0.9000,0.5714,377,103,175,99
187,1520408512,verde,vermelho,heuristica,azul,0,-3,48,130,120,1.0833,0.1250,1352,136,1080,136
187,1520408512,verde,azul,heuristica,azul,1,3,48,30,30,1.0000,0.0417,1121,18,1087,16
188,1385646527,vermelho,verde,heuristica,verde,1,3,24,30,0,30.0000,0.0000,562,27,510,25
188,1385646527,vermelho,vermelho,heuristica,verde,0,-3,24,80,100,0.8000,0.3000,459,105,254,100
188,1385646527,vermelho,azul,heuristica,verde,0,-3,24,100,110,0.9091,0.2174,974,196,578,200
189,1017835355,azul,verde,heuristica,empate,0,-1,100,0,0,0.0000,0.4949,1789,49,1740,0
189,1017835355,azul,vermelho,heuristica,empate,0,-1,100,0,0,0.0000,0.0000,1518,50,1468,0
189,1017835355,azul,azul,heuristica,empate,0,-1,100,0,0,0.0000,0.4700,2438,0,2438,0
190,1799545139,verde,verde,heuristica,empate,0,-1,100,120,90,1.3333,0.0000,2145,99,1953,93
190,1799545139,verde,vermelho,heuristica,empate,0,-1,100,90,120,0.7500,0.0000,325,88,144,93
190,1799545139,verde,azul,heuristica,empate,0,-1,100,0,0,0.0000,0.0000,1599,0,1599,0
191,129883519,vermelho,verde,heuristica,vermelho,0,-3,28,120,120,1.0000,0.0370,938,154,632,152
191,129883519,vermelho,vermelho,heuristica,vermelho,1,3,28,30,0,30.0000,0.0357,716,18,682,16
191,129883519,vermelho,azul,heuristica,vermelho,0,-3,28,90,120,0.7500,0.0000,513,98,325,90
192,1102580056,azul,verde,heuristica,verde,1,3,25,30,30,1.0000,0.0000,609,17,576,16
192,1102580056,azul,vermelho,heuristica,verde,0,-3,25,150,120,1.2500,0.1304,783,127,532,124
192,1102580056,azul,azul,heuristica,verde,0,-3,25,90,120,0.7500,0.1818,472,113,247,112
193,1554659575,verde,verde,heuristica,azul,0,-3,14,60,120,0.5000,0.0000,377,77,245,55
193,1554659575,verde,vermelho,heuristica,azul,0,-3,14,120,120,1.0000,0.0000,488,106,278,104
193,1554659575,verde,azul,heuristica,azul,1,3,14,60,0,60.0000,0.0000,444,53,341,50
194,1156300410,vermelho,verde,heuristica,azul,0,-3,18,90,120,0.7500,0.3000,454,103,251,100
194,1156300410,vermelho,vermelho,heuristica,azul,0,-3,18,120,120,1.0000,0.1667,702,131,446,125
194,1156300410,vermelho,azul,heuristica,azul,1,3,18,30,0,30.0000,0.1111,444,18,410,16
195,529621933,azul,verde,heuristica,azul,0,-3,53,90,120,0.7500,0.0357,865,102,654,109
195,529621933,azul,vermelho,heuristica,azul,0,-3,53,120,120,1.0000,0.0769,1459,92,1280,87
195,529621933,azul,azul,heuristica,azul,1,3,53,30,0,30.0000,0.0189,1264,40,1184,40
196,1734993955,verde,verde,heuristica,empate,0,-1,100,0,0,0.0000,0.0000,2019,50,1969,0
196,1734993955,verde,vermelho,heuristica,empate,0,-1,100,0,0,0.0000,0.0000,2600,0,2600,0
196,1734993955,verde,azul,heuristica,empate,0,-1,100,0,0,0.0000,0.0000,2012,49,1963,0
197,178452452,vermelho,verde,heuristica,vermelho,0,-3,30,10,120,0.0833,0.3846,499,93,309,97
197,178452452,vermelho,vermelho,heuristica,vermelho,1,3,30,90,90,1.0000,0.0000,836,56,728,52
197,178452452,vermelho,azul,heuristica,vermelho,0,-3,30,210,100,2.1000,0.3103,1033,189,667,177
198,521402375,azul,verde,heuristica,vermelho,0,-3,40,90,120,0.7500,0.1429,366,96,172,98
198,521402375,azul,vermelho,heuristica,vermelho,1,3,40,30,0,30.0000,0.0256,1007,49,913,45
198,521402375,azul,azul,heuristica,vermelho,0,-3,40,120,120,1.0000,0.0256,1078,130,825,123
199,105700785,verde,verde,heuristica,vermelho,0,-3,25,90,120,0.7500,0.0833,490,93,299,98
199,105700785,verde,vermelho,heuristica,vermelho,1,3,25,30,0,30.0000,0.0000,675,28,622,25
199,105700785,verde,azul,heuristica,vermelho,0,-3,25,120,120,1.0000,0.0000,1165,289,582,294
200,2008931110,vermelho,verde,heuristica,verde,1,3,24,30,0,30.0000,0.0000,543,18,510,15
200,2008931110,vermelho,vermelho,heuristica,verde,0,-3,24,90,120,0.7500,0.0000,369,96,173,100
200,2008931110,vermelho,azul,heuristica,verde,0,-3,24,120,120,1.0000,0.0870,786,123,547,116
201,1342046878,azul,verde,heuristica,empate,0,-1,100,0,0,0.0000,0.0101,2570,22,2529,19
201,1342046878,azul,vermelho,heuristica,empate,0,-1,100,0,0,0.0000,0.0000,1975,27,1923,25
201,1342046878,azul,azul,heuristica,empate,0,-1,100,0,0,0.0000,0.0000,2515,0,2515,0
202,953152536,verde,verde,heuristica,azul,0,-3,24,60,120,0.5000,0.0667,435,59,320,56
202,953152536,verde,vermelho,heuristica,azul,0,-3,24,190,120,1.5833,0.1667,939,201,539,199
202,953152536,verde,azul,heuristica,azul,1,3,24,60,70,0.8571,0.2500,754,77,602,75
203,1936411928,vermelho,verde,heuristica,vermelho,0,-3,15,90,120,0.7500,0.0000,382,100,185,97
203,1936411928,vermelho,vermelho,heuristica,vermelho,1,3,15,30,0,30.0000,0.0667,388,24,341,23
203,1936411928,vermelho,azul,heuristica,vermelho,0,-3,15,120,120,1.0000,0.0714,507,96,320,91
204,1166957166,azul,verde,heuristica,empate,0,-1,100,0,0,0.0000,0.0101,4875,1200,2475,1200
204,1166957166,azul,vermelho,heuristica,empate,0,-1,100,0,0,0.0000,0.0000,2522,0,2522,0
204,1166957166,azul,azul,heuristica,empate,0,-1,100,0,0,0.0000,0.4900,4940,1239,2501,1200
205,1693299176,verde,verde,heuristica,verde,1,3,30,30,0,30.0000,0.0667,769,27,717,25
205,1693299176,verde,vermelho,heuristica,verde,0,-3,30,120,120,1.0000,0.1034,954,144,666,144
205,1693299176,verde,azul,heuristica,verde,0,-3,30,90,120,0.7500,0.0000,370,95,175,100
206,1869436229,vermelho,verde,heuristica,vermelho,0,-3,23,150,120,1.2500,0.0455,810,145,522,143
206,1869436229,vermelho,vermelho,heuristica,vermelho,1,3,23,30,30,1.0000,0.0000,660,38,572,50
206,1869436229,vermelho,azul,heuristica,vermelho,0,-3,23,90,120,0.7500,0.0667,663,151,368,144
207,145879472,azul,verde,heuristica,empate,0,-1,100,0,0,0.0000,0.0000,2092,1,2091,0
207,145879472,azul,vermelho,heuristica,empate,0,-1,100,0,0,0.0000,0.0000,2565,0,2565,0
207,145879472,azul,azul,heuristica,empate,0,-1,100,0,0,0.0000,0.0100,1836,73,1740,23
208,149114399,verde,verde,heuristica,vermelho,0,-3,45,80,120,0.6667,0.1000,421,102,220,99
208,149114399,verde,vermelho,heuristica,vermelho,1,3,45,30,0,30.0000,0.0222,1058,17,1025,16
208,149114399,verde,azul,heuristica,vermelho,0,-3,45,120,110,1.0909,0.1136,1231,105,1026,100
209,1683453032,vermelho,verde,heuristica,empate,0,-1,100,0,0,0.0000,0.0202,2458,0,2458,0
209,1683453032,vermelho,vermelho,heuristica,empate,0,-1,100,0,0,0.0000,0.0100,1345,50,1295,0
209,1683453032,vermelho,azul,heuristica,empate,0,-1,100,0,0,0.0000,0.0000,1816,50,1766,0
210,1180105192,azul,verde,heuristica,empate,0,-1,100,120,90,1.3333,0.0000,1883,100,1689,94
210,1180105192,azul,vermelho,heuristica,empate,0,-1,100,0,0,0.0000,0.0000,1683,0,1683,0
210,1180105192,azul,azul,heuristica,empate,0,-1,100,90,120,0.7500,0.0000,395,81,240,74
211,706502710,verde,verde,heuristica,azul,0,-3,22,90,120,0.7500,0.0000,357,59,242,56
211,706502710,verde,vermelho,heuristica,azul,0,-3,22,150,120,1.2500,0.0455,732,121,492,119
211,706502710,verde,azul,heuristica,azul,1,3,22,30,30,1.0000,0.0455,591,26,541,24
212,1552000050,vermelho,verde,heuristica,empate,0,-1,100,0,0,0.0000,0.0101,2572,1,2571,0
212,1552000050,vermelho,vermelho,heuristica,empate,0,-1,100,0,0,0.0000,0.0000,1941,24,1892,25
212,1552000050,vermelho,azul,heuristica,empate,0,-1,100,0,0,0.0000,0.4700,2489,0,2489,0
213,1627387955,azul,verde,heuristica,verde,1,3,17,30,30,1.0000,0.0000,374,17,341,16
213,1627387955,azul,vermelho,heuristica,verde,0,-3,17,90,120,0.7500,0.1000,375,84,213,78
213,1627387955,azul,azul,heuristica,verde,0,-3,17,150,120,1.2500,0.1250,589,128,337,124
214,692168545,verde,verde,heuristica,empate,0,-1,100,90,120,0.7500,0.0000,372,96,176,100
214,692168545,verde,vermelho,heuristica,empate,0,-1,100,0,0,0.0000,0.0000,2021,65,1931,25
214,692168545,verde,azul,heuristica,empate,0,-1,100,120,90,1.3333,0.0000,2339,148,2091,100
215,1117255669,vermelho,verde,heuristica,verde,1,3,16,60,30,2.0000,0.0000,483,53,380,50
215,1117255669,vermelho,vermelho,heuristica,verde,0,-3,16,150,120,1.2500,0.0000,633,141,353,139
215,1117255669,vermelho,azul,heuristica,verde,0,-3,16,60,120,0.5000,0.0000,322,75,178,69
216,1291571188,azul,verde,heuristica,verde,1,3,48,30,30,1.0000,0.0426,1141,19,1106,16
216,1291571188,azul,vermelho,heuristica,verde,0,-3,48,150,120,1.2500,0.0217,1135,109,925,101
216,1291571188,azul,azul,heuristica,verde,0,-3,48,90,120,0.7500,0.0000,288,70,153,65
217,1835059891,verde,verde,heuristica,verde,1,3,12,20,0,20.0000,0.2500,356,27,305,24
217,1835059891,verde,vermelho,heuristica,verde,0,-3,12,120,110,1.0909,0.0909,529,132,272,125
217,1835059891,verde,azul,heuristica,verde,0,-3,12,90,120,0.7500,0.0000,330,104,126,100
218,770527005,vermelho,verde,heuristica,azul,0,-3,20,70,120,0.5833,0.1250,357,79,203,75
218,770527005,vermelho,vermelho,heuristica,azul,0,-3,20,120,100,1.2000,0.2000,735,119,494,122
218,770527005,vermelho,azul,heuristica,azul,1,3,20,30,0,30.0000,0.0500,503,23,461,19
219,1839775962,azul,verde,heuristica,vermelho,0,-3,14,150,120,1.2500,0.0000,580,132,323,125
219,1839775962,azul,vermelho,heuristica,vermelho,1,3,14,30,30,1.0000,0.1538,369,27,317,25
219,1839775962,azul,azul,heuristica,vermelho,0,-3,14,90,120,0.7500,0.0000,372,96,176,100
220,786723664,verde,verde,heuristica,azul,0,-3,28,110,110,1.0000,0.1071,892,107,685,100
220,786723664,verde,vermelho,heuristica,azul,0,-3,28,80,110,0.7273,0.1250,370,97,178,95
220,786723664,verde,azul,heuristica,azul,1,3,28,30,0,30.0000,0.0714,712,17,679,16
221,1984655043,vermelho,verde,heuristica,empate,0,-1,100,120,60,2.0000,0.0000,2054,104,1851,99
221,1984655043,vermelho,vermelho,heuristica,empate,0,-1,100,0,0,0.0000,0.0100,1533,0,1533,0
221,1984655043,vermelho,azul,heuristica,empate,0,-1,100,60,120,0.5000,0.0000,305,78,152,75
222,2038087983,azul,verde,heuristica,vermelho,0,-3,35,60,120,0.5000,0.0000,279,78,126,75
222,2038087983,azul,vermelho,heuristica,vermelho,1,3,35,60,30,2.0000,0.0882,873,53,773,47
222,2038087983,azul,azul,heuristica,vermelho,0,-3,35,150,120,1.2500,0.0588,1051,133,794,124
223,24191029,verde,verde,heuristica,azul,0,-3,22,50,120,0.4167,0.3750,403,102,201,100
223,24191029,verde,vermelho,heuristica,azul,0,-3,22,150,110,1.3636,0.1364,759,122,521,116
223,24191029,verde,azul,heuristica,azul,1,3,22,60,30,2.0000,0.0000,628,51,524,53
224,1641540538,vermelho,verde,heuristica,vermelho,0,-3,12,90,120,0.7500,0.0000,399,123,176,100
224,1641540538,vermelho,vermelho,heuristica,vermelho,1,3,12,30,0,30.0000,0.1667,378,44,286,48
224,1641540538,vermelho,azul,heuristica,vermelho,0,-3,12,120,120,1.0000,0.0000,534,130,279,125
225,951702792,azul,verde,heuristica,vermelho,0,-3,10,140,100,1.4000,0.4444,476,130,223,123
225,951702792,azul,vermelho,heuristica,vermelho,1,3,10,10,30,0.3333,0.4444,328,51,227,50
225,951702792,azul,azul,heuristica,vermelho,0,-3,10,90,110,0.8182,0.1667,339,96,147,96
226,675296008,verde,verde,heuristica,azul,0,-3,27,90,120,0.7500,0.0000,460,78,307,75
226,675296008,verde,vermelho,heuristica,azul,0,-3,27,120,120,1.0000,0.0000,1039,187,667,185
226,675296008,verde,azul,heuristica,azul,1,3,27,30,0,30.0000,0.1111,730,50,632,48
227,559324355,vermelho,verde,heuristica,vermelho,0,-3,20,120,120,1.0000,0.0000,669,106,463,100
227,559324355,vermelho,vermelho,heuristica,vermelho,1,3,20,30,0,30.0000,0.0000,391,19,355,17
227,559324355,vermelho,azul,heuristica,vermelho,0,-3,20,90,120,0.7500,0.0000,372,96,176,100
228,981530121,azul,verde,heuristica,azul,0,-3,16,140,110,1.2727,0.2667,592,121,356,115
228,981530121,azul,vermelho,heuristica,azul,0,-3,16,80,110,0.7273,0.1429,308,74,163,71
228,981530121,azul,azul,heuristica,azul,1,3,16,30,30,1.0000,0.0000,451,26,401,24
229,1656250677,verde,verde,heuristica,verde,1,3,23,30,0,30.0000,0.0000,462,40,397,25
229,1656250677,verde,vermelho,heuristica,verde,0,-3,23,90,110,0.8182,0.1500,571,79,425,67
229,1656250677,verde,azul,heuristica,verde,0,-3,23,110,120,0.9167,0.2727,907,190,526,191
230,207735304,vermelho,verde,heuristica,verde,1,3,29,60,30,2.0000,0.0357,697,35,630,32
230,207735304,vermelho,vermelho,heuristica,verde,0,-3,29,60,120,0.5000,0.2941,777,180,422,175
230,207735304,vermelho,azul,heuristica,verde,0,-3,29,150,120,1.2500,0.2143,975,148,686,141
231,989711541,azul,verde,heuristica,empate,0,-1,100,110,60,1.8333,0.5657,2047,148,1753,146
231,989711541,azul,vermelho,heuristica,empate,0,-1,100,0,0,0.0000,0.0000,1201,25,1176,0
231,989711541,azul,azul,heuristica,empate,0,-1,100,60,110,0.5455,0.3077,501,101,305,95
232,1444584449,verde,verde,heuristica,azul,0,-3,17,140,120,1.1667,0.1176,678,133,421,124
232,1444584449,verde,vermelho,heuristica,azul,0,-3,17,90,110,0.8182,0.2000,330,104,126,100
232,1444584449,verde,azul,heuristica,azul,1,3,17,30,30,1.0000,0.0588,471,25,425,21
233,594435942,vermelho,verde,heuristica,azul,0,-3,31,150,110,1.3636,0.0667,964,136,697,131
233,594435942,vermelho,vermelho,heuristica,azul,0,-3,31,50,120,0.4167,0.4000,278,78,126,74
233,594435942,vermelho,azul,heuristica,azul,1,3,31,60,30,2.0000,0.0000,621,35,554,32
234,1488348715,azul,verde,heuristica,verde,1,3,19,60,30,2.0000,0.0556,529,53,426,50
234,1488348715,azul,vermelho,heuristica,verde,0,-3,19,60,120,0.5000,0.2500,555,130,301,124
234,1488348715,azul,azul,heuristica,verde,0,-3,19,150,120,1.2500,0.2778,752,157,446,149
235,15411380,verde,verde,heuristica,verde,1,3,18,30,30,1.0000,0.3889,662,108,454,100
235,15411380,verde,vermelho,heuristica,verde,0,-3,18,130,110,1.1818,0.3529,691,143,409,139
235,15411380,verde,azul,heuristica,verde,0,-3,18,80,100,0.8000,0.4545,416,72,275,69
236,893382118,vermelho,verde,heuristica,verde,1,3,17,30,30,1.0000,0.0000,396,18,362,16
236,893382118,vermelho,vermelho,heuristica,verde,0,-3,17,150,120,1.2500,0.0000,625,124,385,116
236,893382118,vermelho,azul,heuristica,verde,0,-3,17,90,120,0.7500,0.0000,382,104,178,100
237,829102571,azul,verde,heuristica,vermelho,0,-3,42,60,120,0.5000,0.0000,332,79,178,75
237,829102571,azul,vermelho,heuristica,vermelho,1,3,42,60,30,2.0000,0.0976,1059,48,961,50
237,829102571,azul,azul,heuristica,vermelho,0,-3,42,150,120,1.2500,0.0488,1190,144,911,135
238,1104959249,verde,verde,heuristica,azul,0,-3,35,110,120,0.9167,0.1143,1044,106,840,98
238,1104959249,verde,vermelho,heuristica,azul,0,-3,35,90,110,0.8182,0.1250,394,96,198,100
238,1104959249,verde,azul,heuristica,azul,1,3,35,30,0,30.0000,0.0857,905,47,814,44
239,436567940,vermelho,verde,heuristica,verde,1,3,8,30,0,30.0000,0.1429,281,52,179,50
239,436567940,vermelho,vermelho,heuristica,verde,0,-3,8,110,110,1.0000,0.2857,390,122,172,96
239,436567940,vermelho,azul,heuristica,verde,0,-3,8,80,110,0.7273,0.2000,269,75,123,71
240,314003729,azul,verde,heuristica,verde,1,3,18,30,0,30.0000,0.0000,562,73,419,70
240,314003729,azul,vermelho,heuristica,verde,0,-3,18,120,120,1.0000,0.0000,572,103,366,103
240,314003729,azul,azul,heuristica,verde,0,-3,18,90,120,0.7500,0.0000,375,68,242,65
241,334422033,verde,verde,heuristica,vermelho,0,-3,12,130,120,1.0833,0.4167,606,157,301,148
241,334422033,verde,vermelho,heuristica,vermelho,1,3,12,30,30,1.0000,0.0000,347,25,299,23
241,334422033,verde,azul,heuristica,vermelho,0,-3,12,90,100,0.9000,0.8333,400,130,148,122
242,251380444,vermelho,verde,heuristica,vermelho,0,-3,15,150,120,1.2500,0.0714,579,122,342,115
242,251380444,vermelho,vermelho,heuristica,vermelho,1,3,15,30,30,1.0000,0.0667,372,18,338,16
242,251380444,vermelho,azul,heuristica,vermelho,0,-3,15,90,120,0.7500,0.0000,371,95,176,100
243,1102806774,azul,verde,heuristica,azul,0,-3,42,80,110,0.7273,0.1667,495,104,291,100
243,1102806774,azul,vermelho,heuristica,azul,0,-3,42,110,110,1.0000,0.1707,1240,129,988,123
243,1102806774,azul,azul,heuristica,azul,1,3,42,30,0,30.0000,0.0238,765,45,677,43
244,1761145918,verde,verde,heuristica,vermelho,0,-3,32,90,110,0.8182,0.3571,659,157,353,149
244,1761145918,verde,vermelho,heuristica,vermelho,1,3,32,30,30,1.0000,0.0625,711,69,578,64
244,1761145918,verde,azul,heuristica,vermelho,0,-3,32,140,120,1.1667,0.1935,1109,189,736,184
245,1986957636,vermelho,verde,heuristica,vermelho,0,-3,19,150,120,1.2500,0.0000,803,216,390,197
245,1986957636,vermelho,vermelho,heuristica,vermelho,1,3,19,30,30,1.0000,0.0000,686,129,461,96
245,1986957636,vermelho,azul,heuristica,vermelho,0,-3,19,90,120,0.7500,0.0000,543,97,375,71
246,1517405042,azul,verde,heuristica,azul,0,-3,17,120,110,1.0909,0.3125,701,147,404,150
246,1517405042,azul,vermelho,heuristica,azul,0,-3,17,80,120,0.6667,0.1667,611,158,303,150
246,1517405042,azul,azul,heuristica,azul,1,3,17,30,0,30.0000,0.0588,468,27,416,25
247,286550506,verde,verde,heuristica,verde,1,3,33,30,30,1.0000,0.1515,805,32,741,32
247,286550506,verde,vermelho,heuristica,verde,0,-3,33,90,120,0.7500,0.2353,596,99,401,96
247,286550506,verde,azul,heuristica,verde,0,-3,33,150,120,1.2500,0.2500,1156,192,773,191
248,137304799,vermelho,verde,heuristica,vermelho,0,-3,23,90,120,0.7500,0.0000,505,115,281,109
248,137304799,vermelho,vermelho,heuristica,vermelho,1,3,23,30,30,1.0000,0.0000,827,115,587,125
248,137304799,vermelho,azul,heuristica,vermelho,0,-3,23,150,120,1.2500,0.0000,762,121,528,113
249,705417887,azul,verde,heuristica,verde,1,3,28,30,30,1.0000,0.0370,701,26,650,25
249,705417887,azul,vermelho,heuristica,verde,0,-3,28,150,120,1.2500,0.0000,1103,224,654,225
249,705417887,azul,azul,heuristica,verde,0,-3,28,90,120,0.7500,0.0000,493,96,297,100
250,726116545,verde,verde,heuristica,empate,0,-1,100,0,0,0.0000,0.0000,1398,71,1303,24
250,726116545,verde,vermelho,heuristica,empate,0,-1,100,0,0,0.0000,0.0000,2318,0,2318,0
250,726116545,verde,azul,heuristica,empate,0,-1,100,0,0,0.0000,0.0100,1312,2,1310,0
251,1291141008,vermelho,verde,heuristica,azul,0,-3,12,90,120,0.7500,0.0000,376,100,176,100
251,1291141008,vermelho,vermelho,heuristica,azul,0,-3,12,150,120,1.2500,0.0000,548,131,292,125
251,1291141008,vermelho,azul,heuristica,azul,1,3,12,30,30,1.0000,0.0000,344,27,292,25
252,397193934,azul,verde,heuristica,verde,1,3,14,30,0,30.0000,0.3077,484,79,330,75
252,397193934,azul,vermelho,heuristica,verde,0,-3,14,90,120,0.7500,0.0000,386,109,184,93
252,397193934,azul,azul,heuristica,verde,0,-3,14,120,120,1.0000,0.0000,539,119,308,112
253,214387698,verde,verde,heuristica,empate,0,-1,100,120,90,1.3333,0.0200,2104,130,1883,91
253,214387698,verde,vermelho,heuristica,empate,0,-1,100,0,0,0.0000,0.0000,1209,38,1171,0
253,214387698,verde,azul,heuristica,empate,0,-1,100,90,120,0.7500,0.0000,468,58,355,55
254,2132358912,vermelho,verde,heuristica,azul,0,-3,22,150,120,1.2500,0.0000,743,133,478,132
254,2132358912,vermelho,vermelho,heuristica,azul,0,-3,22,90,120,0.7500,0.0000,304,65,178,61
254,2132358912,vermelho,azul,heuristica,azul,1,3,22,30,30,1.0000,0.0455,582,26,531,25
255,58356795,azul,verde,heuristica,vermelho,0,-3,18,160,120,1.3333,0.2941,649,139,379,131
255,58356795,azul,vermelho,heuristica,vermelho,1,3,18,60,60,1.0000,0.0588,477,50,380,47
255,58356795,azul,azul,heuristica,vermelho,0,-3,18,60,100,0.6000,0.3846,550,138,285,127
256,1589790228,verde,verde,heuristica,verde,1,3,38,30,0,30.0000,0.1053,838,27,786,25
256,1589790228,verde,vermelho,heuristica,verde,0,-3,38,120,120,1.0000,0.0811,1124,142,834,148
256,1589790228,verde,azul,heuristica,verde,0,-3,38,90,120,0.7500,0.0000,357,105,152,100
257,435970243,vermelho,verde,heuristica,azul,0,-3,17,60,120,0.5000,0.2222,405,93,214,98
257,435970243,vermelho,vermelho,heuristica,azul,0,-3,17,180,120,1.5000,0.1765,725,172,392,161
257,435970243,vermelho,azul,heuristica,azul,1,3,17,60,60,1.0000,0.1176,498,46,410,42
258,1527342900,azul,verde,heuristica,vermelho,0,-3,9,120,120,1.0000,0.0000,381,98,190,93
258,1527342900,azul,vermelho,heuristica,vermelho,1,3,9,30,0,30.0000,0.0000,246,27,194,25
258,1527342900,azul,azul,heuristica,vermelho,0,-3,9,90,120,0.7500,0.0000,320,100,123,97
259,1108040743,verde,verde,heuristica,verde,1,3,28,10,40,0.2500,0.1429,723,39,647,37
259,1108040743,verde,vermelho,heuristica,verde,0,-3,28,160,100,1.6000,0.0741,1038,195,645,198
259,1108040743,verde,azul,heuristica,verde,0,-3,28,90,120,0.7500,0.1667,457,79,303,75
260,1006993171,vermelho,verde,heuristica,vermelho,0,-3,15,90,120,0.7500,0.1111,373,93,190,90
260,1006993171,vermelho,vermelho,heuristica,vermelho,1,3,15,30,0,30.0000,0.0000,441,45,350,46
260,1006993171,vermelho,azul,heuristica,vermelho,0,-3,15,120,120,1.0000,0.0000,596,131,343,122
261,275007496,azul,verde,heuristica,verde,1,3,19,30,0,30.0000,0.0000,496,27,444,25
261,275007496,azul,vermelho,heuristica,verde,0,-3,19,90,120,0.7500,0.0000,320,101,122,97
261,275007496,azul,azul,heuristica,verde,0,-3,19,120,120,1.0000,0.0556,653,106,447,100
262,1290417309,verde,verde,heuristica,empate,0,-1,100,0,0,0.0000,0.0000,2081,42,2039,0
262,1290417309,verde,vermelho,heuristica,empate,0,-1,100,120,90,1.3333,0.0000,2270,146,2025,99
262,1290417309,verde,azul,heuristica,empate,0,-1,100,90,120,0.7500,0.0000,397,96,201,100
263,1970741504,vermelho,verde,heuristica,azul,0,-3,21,140,120,1.1667,0.0500,717,121,482,114
263,1970741504,vermelho,vermelho,heuristica,azul,0,-3,21,90,110,0.8182,0.1429,377,103,175,99
263,1970741504,vermelho,azul,heuristica,azul,1,3,21,30,30,1.0000,0.0476,556,34,490,32
264,432544778,azul,verde,heuristica,azul,0,-3,17,110,100,1.1000,0.3750,754,177,402,175
264,432544778,azul,vermelho,heuristica,azul,0,-3,17,70,110,0.6364,0.4545,535,133,277,125
264,432544778,azul,azul,heuristica,azul,1,3,17,30,0,30.0000,0.1765,442,27,390,25
265,1532962704,verde,verde,heuristica,vermelho,0,-3,22,150,120,1.2500,0.0000,896,183,541,172
265,1532962704,verde,vermelho,heuristica,vermelho,1,3,22,30,30,1.0000,0.0455,616,26,565,25
265,1532962704,verde,azul,heuristica,vermelho,0,-3,22,90,120,0.7500,0.0667,539,93,353,93
266,1798660105,vermelho,verde,heuristica,vermelho,0,-3,27,150,120,1.2500,0.0769,848,120,616,112
266,1798660105,vermelho,vermelho,heuristica,vermelho,1,3,27,30,30,1.0000,0.0000,699,26,650,23
266,1798660105,vermelho,azul,heuristica,vermelho,0,-3,27,90,120,0.7500,0.0455,678,69,544,65
267,358080245,azul,verde,heuristica,verde,1,3,18,30,30,1.0000,0.1765,449,32,385,32
267,358080245,azul,vermelho,heuristica,verde,0,-3,18,150,120,1.2500,0.0000,569,107,363,99
267,358080245,azul,azul,heuristica,verde,0,-3,18,90,120,0.7500,0.0000,292,69,158,65
268,1943115339,verde,verde,heuristica,azul,0,-3,13,30,120,0.2500,0.0000,344,71,225,48
268,1943115339,verde,vermelho,heuristica,azul,0,-3,13,150,120,1.2500,0.0000,612,186,301,125
268,1943115339,verde,azul,heuristica,azul,1,3,13,150,90,1.6667,0.0000,678,225,307,146
269,477278850,vermelho,verde,heuristica,vermelho,0,-3,12,30,110,0.2727,0.1250,257,28,204,25
269,477278850,vermelho,vermelho,heuristica,vermelho,1,3,12,140,60,2.3333,0.0000,587,157,306,124
269,477278850,vermelho,azul,heuristica,vermelho,0,-3,12,110,110,1.0000,0.3636,479,124,261,94
270,522803334,azul,verde,heuristica,azul,0,-3,21,150,120,1.2500,0.0000,715,130,466,119
270,522803334,azul,vermelho,heuristica,azul,0,-3,21,90,120,0.7500,0.0000,321,101,123,97
270,522803334,azul,azul,heuristica,azul,1,3,21,30,30,1.0000,0.0952,565,28,513,24
271,1159399617,verde,verde,heuristica,empate,0,-1,100,0,0,0.0000,0.0000,1874,48,1826,0
271,1159399617,verde,vermelho,heuristica,empate,0,-1,100,0,0,0.0000,0.0000,1662,0,1662,0
271,1159399617,verde,azul,heuristica,empate,0,-1,100,0,0,0.0000,0.0000,1676,50,1626,0
272,1955071387,vermelho,verde,heuristica,azul,0,-3,35,120,120,1.0000,0.0294,1090,128,837,125
272,1955071387,vermelho,vermelho,heuristica,azul,0,-3,35,90,120,0.7500,0.0000,377,101,176,100
272,1955071387,vermelho,azul,heuristica,azul,1,3,35,30,0,30.0000,0.0000,693,29,632,32
273,2082054462,azul,verde,heuristica,vermelho,0,-3,20,150,120,1.2500,0.0000,831,172,484,175
273,2082054462,azul,vermelho,heuristica,vermelho,1,3,20,30,30,1.0000,0.0526,518,26,467,25
273,2082054462,azul,azul,heuristica,vermelho,0,-3,20,90,120,0.7500,0.0000,392,92,200,100
274,616255602,verde,verde,heuristica,verde,1,3,28,30,0,30.0000,0.0000,689,72,530,87
274,616255602,verde,vermelho,heuristica,verde,0,-3,28,90,120,0.7500,0.0000,336,76,190,70
274,616255602,verde,azul,heuristica,verde,0,-3,28,120,120,1.0000,0.0000,794,94,614,86
275,330685898,vermelho,verde,heuristica,azul,0,-3,13,120,120,1.0000,0.0833,424,83,264,77
275,330685898,vermelho,vermelho,heuristica,azul,0,-3,13,90,120,0.7500,0.0909,376,80,219,77
275,330685898,vermelho,azul,heuristica,azul,1,3,13,30,0,30.0000,0.0000,466,92,299,75
276,293034207,azul,verde,heuristica,verde,1,3,30,30,30,1.0000,0.1034,758,40,677,41
276,293034207,azul,vermelho,heuristica,verde,0,-3,30,150,120,1.2500,0.0714,973,140,692,141
276,293034207,azul,azul,heuristica,verde,0,-3,30,90,120,0.7500,0.0000,342,94,149,99
277,1726906955,verde,verde,heuristica,vermelho,0,-3,23,90,120,0.7500,0.0000,448,107,237,104
277,1726906955,verde,vermelho,heuristica,vermelho,1,3,23,30,0,30.0000,0.1304,575,26,524,25
277,1726906955,verde,azul,heuristica,vermelho,0,-3,23,120,120,1.0000,0.0455,673,92,495,86
278,652899206,vermelho,verde,heuristica,verde,1,3,13,30,0,30.0000,0.0833,336,26,285,25
278,652899206,vermelho,vermelho,heuristica,verde,0,-3,13,80,100,0.8000,0.3750,400,104,199,97
278,652899206,vermelho,azul,heuristica,verde,0,-3,13,100,110,0.9091,0.4167,550,126,300,124
279,1775053101,azul,verde,heuristica,vermelho,0,-3,25,120,120,1.0000,0.0417,723,85,558,80
279,1775053101,azul,vermelho,heuristica,vermelho,1,3,25,30,0,30.0000,0.0000,546,17,513,16
279,1775053101,azul,azul,heuristica,vermelho,0,-3,25,90,120,0.7500,0.0000,351,66,223,62
280,1138206718,verde,verde,heuristica,verde,1,3,27,30,30,1.0000,0.2593,695,18,661,16
280,1138206718,verde,vermelho,heuristica,verde,0,-3,27,90,120,0.7500,0.0667,477,68,344,65
280,1138206718,verde,azul,heuristica,verde,0,-3,27,150,120,1.2500,0.0385,814,110,601,103
281,1154859730,vermelho,verde,heuristica,verde,1,3,29,30,30,1.0000,0.0714,736,27,684,25
281,1154859730,vermelho,vermelho,heuristica,verde,0,-3,29,90,120,0.7500,0.1250,627,124,382,121
281,1154859730,vermelho,azul,heuristica,verde,0,-3,29,150,120,1.2500,0.0357,1039,201,648,190
282,1853518004,azul,verde,heuristica,azul,0,-3,12,150,120,1.2500,0.0909,457,110,244,103
282,1853518004,azul,vermelho,heuristica,azul,0,-3,12,90,120,0.7500,0.0000,287,84,123,80
282,1853518004,azul,azul,heuristica,azul,1,3,12,30,30,1.0000,0.0000,347,27,295,25
283,556386123,verde,verde,heuristica,azul,0,-3,23,90,120,0.7500,0.0000,422,79,269,74
283,556386123,verde,vermelho,heuristica,azul,0,-3,23,150,120,1.2500,0.0000,797,133,534,130
283,556386123,verde,azul,heuristica,azul,1,3,23,30,30,1.0000,0.0870,559,17,526,16
284,884053951,vermelho,verde,heuristica,vermelho,0,-3,27,80,110,0.7273,0.2353,629,105,424,100
284,884053951,vermelho,vermelho,heuristica,vermelho,1,3,27,30,0,30.0000,0.0741,660,17,627,16
284,884053951,vermelho,azul,heuristica,vermelho,0,-3,27,110,110,1.0000,0.1923,995,173,647,175
285,1520719184,azul,verde,heuristica,azul,0,-3,28,150,120,1.2500,0.0000,964,176,607,181
285,1520719184,azul,vermelho,heuristica,azul,0,-3,28,90,120,0.7500,0.0556,626,88,442,96
285,1520719184,azul,azul,heuristica,azul,1,3,28,30,30,1.0000,0.0000,798,43,708,47
286,1349709110,verde,verde,heuristica,vermelho,0,-3,17,150,120,1.2500,0.0588,626,113,407,106
286,1349709110,verde,vermelho,heuristica,vermelho,1,3,17,30,30,1.0000,0.1176,419,26,368,25
286,1349709110,verde,azul,heuristica,vermelho,0,-3,17,90,120,0.7500,0.1250,304,66,176,62
287,1449566124,vermelho,verde,heuristica,verde,1,3,20,30,30,1.0000,0.1053,466,17,433,16
287,1449566124,vermelho,vermelho,heuristica,verde,0,-3,20,90,120,0.7500,0.0000,380,100,182,98
287,1449566124,vermelho,azul,heuristica,verde,0,-3,20,150,120,1.2500,0.0526,666,121,431,114
288,546701403,azul,verde,heuristica,empate,0,-1,100,0,0,0.0000,0.4242,2231,393,1487,351
288,546701403,azul,vermelho,heuristica,empate,0,-1,100,120,90,1.3333,0.0101,1555,108,1348,99
288,546701403,azul,azul,heuristica,empate,0,-1,100,90,120,0.7500,0.0909,294,57,183,54
289,1544369877,verde,verde,heuristica,azul,0,-3,14,90,110,0.8182,0.4444,475,127,224,124
289,1544369877,verde,vermelho,heuristica,azul,0,-3,14,110,120,0.9167,0.2857,567,123,326,118
289,1544369877,verde,azul,heuristica,azul,1,3,14,30,0,30.0000,0.0714,456,52,354,50
290,531010709,vermelho,verde,heuristica,vermelho,0,-3,9,120,110,1.0909,0.2500,449,122,202,125
290,531010709,vermelho,vermelho,heuristica,vermelho,1,3,9,20,0,20.0000,0.2222,274,27,222,25
290,531010709,vermelho,azul,heuristica,vermelho,0,-3,9,90,120,0.7500,0.1667,372,120,152,100
291,53123547,azul,verde,heuristica,vermelho,0,-3,38,120,110,1.0909,0.0541,1133,102,934,97
291,53123547,azul,vermelho,heuristica,vermelho,1,3,38,30,0,30.0000,0.0811,925,18,891,16
291,53123547,azul,azul,heuristica,vermelho,0,-3,38,80,120,0.6667,0.1667,303,82,135,86
292,231262719,verde,verde,heuristica,azul,0,-3,38,90,120,0.7500,0.0435,719,101,518,100
292,231262719,verde,vermelho,heuristica,azul,0,-3,38,180,120,1.5000,0.1316,1271,187,900,184
292,231262719,verde,azul,heuristica,azul,1,3,38,30,60,0.5000,0.0263,958,51,857,50
293,662711743,vermelho,verde,heuristica,azul,0,-3,21,150,100,1.5000,0.1500,696,120,464,112
293,662711743,vermelho,vermelho,heuristica,azul,0,-3,21,70,120,0.5833,0.1667,496,99,299,98
293,662711743,vermelho,azul,heuristica,azul,1,3,21,30,30,1.0000,0.0000,420,18,386,16
294,842140641,azul,verde,heuristica,vermelho,0,-3,17,130,110,1.1818,0.3125,641,143,360,138
294,842140641,azul,vermelho,heuristica,vermelho,1,3,17,60,30,2.0000,0.0625,480,53,380,47
294,842140641,azul,azul,heuristica,vermelho,0,-3,17,50,100,0.5000,0.3000,365,71,229,65
295,1252927648,verde,verde,heuristica,azul,0,-3,25,130,120,1.0833,0.3200,914,184,552,178
295,1252927648,verde,vermelho,heuristica,azul,0,-3,25,90,100,0.9000,0.5000,463,124,223,116
295,1252927648,verde,azul,heuristica,azul,1,3,25,30,30,1.0000,0.0000,650,32,586,32
296,488546147,vermelho,verde,heuristica,azul,0,-3,12,120,120,1.0000,0.0000,429,99,236,94
296,488546147,vermelho,vermelho,heuristica,azul,0,-3,12,90,120,0.7500,0.0000,375,64,250,61
296,488546147,vermelho,azul,heuristica,azul,1,3,12,30,0,30.0000,0.0000,458,82,301,75
297,1093134130,azul,verde,heuristica,verde,1,3,13,30,30,1.0000,0.3333,324,24,277,23
297,1093134130,azul,vermelho,heuristica,verde,0,-3,13,80,120,0.6667,0.1250,359,79,205,75
297,1093134130,azul,azul,heuristica,verde,0,-3,13,150,110,1.3636,0.2500,652,178,300,174
298,856898793,verde,verde,heuristica,verde,1,3,12,30,60,0.5000,0.0833,388,53,285,50
298,856898793,verde,vermelho,heuristica,verde,0,-3,12,90,120,0.7500,0.0000,345,101,148,96
298,856898793,verde,azul,heuristica,verde,0,-3,12,180,120,1.5000,0.0000,562,153,265,144
299,679112036,vermelho,verde,heuristica,verde,1,3,29,30,0,30.0000,0.0357,763,48,667,48
299,679112036,vermelho,vermelho,heuristica,verde,0,-3,29,120,120,1.0000,0.1429,940,136,667,137
299,679112036,vermelho,azul,heuristica,verde,0,-3,29,90,120,0.7500,0.0000,457,77,306,74
300,79218301,azul,verde,heuristica,azul,0,-3,17,90,120,0.7500,0.1429,318,78,167,73
300,79218301,azul,vermelho,heuristica,azul,0,-3,17,120,120,1.0000,0.0625,572,100,378,94
300,79218301,azul,azul,heuristica,azul,1,3,17,30,0,30.0000,0.0588,383,26,332,25
301,1425715911,verde,verde,heuristica,azul,0,-3,29,120,120,1.0000,0.0000,915,117,687,111
301,1425715911,verde,vermelho,heuristica,azul,0,-3,29,90,120,0.7500,0.1579,673,120,431,122
301,1425715911,verde,azul,heuristica,azul,1,3,29,30,0,30.0000,0.0345,717,44,623,50
302,324304472,vermelho,verde,heuristica,verde,1,3,19,30,30,1.0000,0.0000,478,26,427,25
302,324304472,vermelho,vermelho,heuristica,verde,0,-3,19,80,110,0.7273,0.1000,422,99,227,96
302,324304472,vermelho,azul,heuristica,verde,0,-3,19,140,110,1.2727,0.1667,661,127,417,117
303,1492864929,azul,verde,heuristica,empate,0,-1,100,0,0,0.0000,0.4141,3724,663,2164,897
303,1492864929,azul,vermelho,heuristica,empate,0,-1,100,90,120,0.7500,0.0000,352,101,151,100
303,1492864929,azul,azul,heuristica,empate,0,-1,100,120,90,1.3333,0.0200,2729,105,2524,100
304,1121729027,verde,verde,heuristica,vermelho,0,-3,16,90,120,0.7500,0.0000,320,93,139,88
304,1121729027,verde,vermelho,heuristica,vermelho,1,3,16,30,30,1.0000,0.0000,400,27,348,25
304,1121729027,verde,azul,heuristica,vermelho,0,-3,16,150,120,1.2500,0.0000,547,108,338,101
305,329186859,vermelho,verde,heuristica,vermelho,0,-3,23,140,120,1.1667,0.0455,725,113,506,106
305,329186859,vermelho,vermelho,heuristica,vermelho,1,3,23,60,20,3.0000,0.1304,580,54,476,50
305,329186859,vermelho,azul,heuristica,vermelho,0,-3,23,60,120,0.5000,0.0000,290,74,145,71
306,947366636,azul,verde,heuristica,azul,0,-3,30,90,120,0.7500,0.2800,736,69,602,65
306,947366636,azul,vermelho,heuristica,azul,0,-3,30,150,110,1.3636,0.1034,880,117,654,109
306,947366636,azul,azul,heuristica,azul,1,3,30,20,30,0.6667,0.1333,714,25,666,23
307,1818107138,verde,verde,heuristica,azul,0,-3,27,90,120,0.7500,0.0000,395,94,201,100
307,1818107138,verde,vermelho,heuristica,azul,0,-3,27,120,120,1.0000,0.0000,881,123,642,116
307,1818107138,verde,azul,heuristica,azul,1,3,27,30,0,30.0000,0.0370,710,29,649,32
308,635456449,vermelho,verde,heuristica,azul,0,-3,19,150,120,1.2500,0.0556,722,146,438,138
308,635456449,vermelho,vermelho,heuristica,azul,0,-3,19,90,120,0.7500,0.0000,355,73,213,69
308,635456449,vermelho,azul,heuristica,azul,1,3,19,30,30,1.0000,0.0526,486,26,437,23
309,1609319578,azul,verde,heuristica,verde,1,3,19,30,30,1.0000,0.0556,485,27,433,25
309,1609319578,azul,vermelho,heuristica,verde,0,-3,19,90,120,0.7500,0.0000,394,96,198,100
309,1609319578,azul,azul,heuristica,verde,0,-3,19,150,120,1.2500,0.1111,705,132,448,125
310,391903060,verde,verde,heuristica,verde,1,3,20,30,30,1.0000,0.1000,637,60,503,74
310,391903060,verde,vermelho,heuristica,verde,0,-3,20,150,120,1.2500,0.0526,690,119,460,111
310,391903060,verde,azul,heuristica,verde,0,-3,20,90,120,0.7500,0.1429,471,69,337,65
311,369162837,vermelho,verde,heuristica,verde,1,3,9,30,0,30.0000,0.0000,235,26,184,25
311,369162837,vermelho,vermelho,heuristica,verde,0,-3,9,80,120,0.6667,0.1667,348,99,150,99
311,369162837,vermelho,azul,heuristica,verde,0,-3,9,120,110,1.0909,0.3750,407,105,202,100
312,40002021,azul,verde,heuristica,empate,0,-1,100,0,0,0.0000,0.0202,1890,2,1888,0
312,40002021,azul,vermelho,heuristica,empate,0,-1,100,120,90,1.3333,0.0000,1952,155,1691,106
312,40002021,azul,azul,heuristica,empate,0,-1,100,90,120,0.7500,0.0000,373,91,191,91
313,349757038,verde,verde,heuristica,verde,1,3,20,30,30,1.0000,0.0500,510,28,457,25
313,349757038,verde,vermelho,heuristica,verde,0,-3,20,150,120,1.2500,0.0000,746,150,448,148
313,349757038,verde,azul,heuristica,verde,0,-3,20,90,120,0.7500,0.0000,407,79,253,75
314,1753032231,vermelho,verde,heuristica,vermelho,0,-3,33,150,120,1.2500,0.0000,951,122,710,119
314,1753032231,vermelho,vermelho,heuristica,vermelho,1,3,33,30,30,1.0000,0.0303,811,17,778,16
314,1753032231,vermelho,azul,heuristica,vermelho,0,-3,33,90,120,0.7500,0.0000,485,69,351,65
315,1173196213,azul,verde,heuristica,verde,1,3,23,30,30,1.0000,0.0455,614,41,535,38
315,1173196213,azul,vermelho,heuristica,verde,0,-3,23,150,120,1.2500,0.0000,747,124,507,116
315,1173196213,azul,azul,heuristica,verde,0,-3,23,90,120,0.7500,0.0000,431,92,244,95
316,63142686,verde,verde,heuristica,azul,0,-3,16,150,120,1.2500,0.1875,744,172,399,173
316,63142686,verde,vermelho,heuristica,azul,0,-3,16,90,120,0.7500,0.1250,394,95,200,99
316,63142686,verde,azul,heuristica,azul,1,3,16,30,30,1.0000,0.0625,450,24,404,22
317,681300813,vermelho,verde,heuristica,vermelho,0,-3,13,90,120,0.7500,0.0000,360,91,180,89
317,681300813,vermelho,vermelho,heuristica,vermelho,1,3,13,30,30,1.0000,0.0000,386,27,334,25
317,681300813,vermelho,azul,heuristica,vermelho,0,-3,13,150,120,1.2500,0.0000,544,127,298,119
318,506974165,azul,verde,heuristica,verde,1,3,13,30,30,1.0000,0.4167,356,27,304,25
318,506974165,azul,vermelho,heuristica,verde,0,-3,13,90,120,0.7500,0.0000,313,77,162,74
318,506974165,azul,azul,heuristica,verde,0,-3,13,150,120,1.2500,0.0833,556,130,302,124
319,1573761150,verde,verde,heuristica,azul,0,-3,21,60,120,0.5000,0.2500,405,103,202,100
319,1573761150,verde,vermelho,heuristica,azul,0,-3,21,150,120,1.2500,0.1429,783,141,501,141
319,1573761150,verde,azul,heuristica,azul,1,3,21,60,30,2.0000,0.0476,546,40,469,37
320,1937942672,vermelho,verde,heuristica,vermelho,0,-3,30,90,120,0.7500,0.2500,437,126,189,122
320,1937942672,vermelho,vermelho,heuristica,vermelho,1,3,30,30,0,30.0000,0.2000,707,21,667,19
320,1937942672,vermelho,azul,heuristica,vermelho,0,-3,30,120,120,1.0000,0.0690,899,106,693,100
321,2043056792,azul,verde,heuristica,vermelho,0,-3,24,90,120,0.7500,0.0000,392,77,244,71
321,2043056792,azul,vermelho,heuristica,vermelho,1,3,24,30,0,30.0000,0.0435,580,33,515,32
321,2043056792,azul,azul,heuristica,vermelho,0,-3,24,120,120,1.0000,0.0000,781,128,533,120
322,1502885451,verde,verde,heuristica,vermelho,0,-3,24,120,120,1.0000,0.0000,760,93,581,86
322,1502885451,verde,vermelho,heuristica,vermelho,1,3,24,30,0,30.0000,0.0000,716,69,578,69
322,1502885451,verde,azul,heuristica,vermelho,0,-3,24,90,120,0.7500,0.0000,261,67,131,63
323,1638525914,vermelho,verde,heuristica,azul,0,-3,23,110,120,0.9167,0.0909,722,98,532,92
323,1638525914,vermelho,vermelho,heuristica,azul,0,-3,23,90,110,0.8182,0.1250,332,74,188,70
323,1638525914,vermelho,azul,heuristica,azul,1,3,23,30,0,30.0000,0.0000,592,48,500,44
324,1461675684,azul,verde,heuristica,verde,1,3,13,30,0,30.0000,0.1667,393,44,299,50
324,1461675684,azul,vermelho,heuristica,verde,0,-3,13,120,120,1.0000,0.0000,487,106,281,100
324,1461675684,azul,azul,heuristica,verde,0,-3,13,90,120,0.7500,0.0000,331,91,145,95
325,971720179,verde,verde,heuristica,verde,1,3,25,30,0,30.0000,0.0000,680,27,628,25
325,971720179,verde,vermelho,heuristica,verde,0,-3,25,120,120,1.0000,0.0000,794,129,544,121
325,971720179,verde,azul,heuristica,verde,0,-3,25,90,120,0.7500,0.1111,383,95,199,89
326,566942735,vermelho,verde,heuristica,azul,0,-3,19,150,120,1.2500,0.1111,655,125,413,117
326,566942735,vermelho,vermelho,heuristica,azul,0,-3,19,90,120,0.7500,0.0000,375,100,175,100
326,566942735,vermelho,azul,heuristica,azul,1,3,19,30,30,1.0000,0.0000,491,19,454,18
327,1508647464,azul,verde,heuristica,verde,1,3,21,30,30,1.0000,0.0000,526,18,492,16
327,1508647464,azul,vermelho,heuristica,verde,0,-3,21,150,120,1.2500,0.0000,711,123,472,116
327,1508647464,azul,azul,heuristica,verde,0,-3,21,90,120,0.7500,0.0000,427,101,226,100
328,603781327,verde,verde,heuristica,azul,0,-3,20,90,120,0.7500,0.0714,516,97,327,92
328,603781327,verde,vermelho,heuristica,azul,0,-3,20,120,120,1.0000,0.0500,792,164,464,164
328,603781327,verde,azul,heuristica,azul,1,3,20,30,0,30.0000,0.0500,495,28,442,25
329,1627862180,vermelho,verde,heuristica,azul,0,-3,21,120,120,1.0000,0.0000,710,118,480,112
329,1627862180,vermelho,vermelho,heuristica,azul,0,-3,21,90,120,0.7500,0.0000,319,78,168,73
329,1627862180,vermelho,azul,heuristica,azul,1,3,21,30,0,30.0000,0.0476,500,11,481,8
330,2108647050,azul,verde,heuristica,azul,0,-3,47,150,100,1.5000,0.0870,1354,143,1064,147
330,2108647050,azul,vermelho,heuristica,azul,0,-3,47,70,120,0.5833,0.0714,514,79,360,75
330,2108647050,azul,azul,heuristica,azul,1,3,47,30,30,1.0000,0.0638,1195,27,1143,25
331,71850044,verde,verde,heuristica,azul,0,-3,15,80,120,0.6667,0.2857,372,96,176,100
331,71850044,verde,vermelho,heuristica,azul,0,-3,15,120,110,1.0909,0.2000,569,107,362,100
331,71850044,verde,azul,heuristica,azul,1,3,15,30,0,30.0000,0.0667,458,46,370,42
332,87384019,vermelho,verde,heuristica,azul,0,-3,15,150,120,1.2500,0.0000,604,130,351,123
332,87384019,vermelho,vermelho,heuristica,azul,0,-3,15,90,120,0.7500,0.0000,323,101,124,98
332,87384019,vermelho,azul,heuristica,azul,1,3,15,30,30,1.0000,0.2000,462,51,361,50
333,456098441,azul,verde,heuristica,verde,1,3,20,30,0,30.0000,0.0526,578,63,445,70
333,456098441,azul,vermelho,heuristica,verde,0,-3,20,90,120,0.7500,0.0000,451,99,256,96
333,456098441,azul,azul,heuristica,verde,0,-3,20,120,120,1.0000,0.0000,674,103,475,96
334,325496467,verde,verde,heuristica,vermelho,0,-3,19,40,120,0.3333,0.2000,401,89,223,89
334,325496467,verde,vermelho,heuristica,vermelho,1,3,19,60,60,1.0000,0.0000,555,55,451,49
334,325496467,verde,azul,heuristica,vermelho,0,-3,19,180,100,1.8000,0.2778,719,153,423,143
335,1049597105,vermelho,verde,heuristica,verde,1,3,20,30,0,30.0000,0.0526,530,27,478,25
335,1049597105,vermelho,vermelho,heuristica,verde,0,-3,20,100,120,0.8333,0.3158,655,116,423,116
335,1049597105,vermelho,azul,heuristica,verde,0,-3,20,90,100,0.9000,0.1000,448,100,249,99
336,1667655431,azul,verde,heuristica,empate,0,-1,100,0,0,0.0000,0.0000,2559,0,2559,0
336,1667655431,azul,vermelho,heuristica,empate,0,-1,100,30,0,30.0000,0.0000,2483,29,2429,25
336,1667655431,azul,azul,heuristica,empate,0,-1,100,0,30,0.0000,0.0100,4366,1153,2109,1104
337,970802006,verde,verde,heuristica,azul,0,-3,16,140,120,1.1667,0.3125,720,169,401,150
337,970802006,verde,vermelho,heuristica,azul,0,-3,16,30,110,0.2727,0.0909,378,51,277,50
337,970802006,verde,azul,heuristica,azul,1,3,16,140,80,1.7500,0.1875,706,156,401,149
338,1342970439,vermelho,verde,heuristica,vermelho,0,-3,27,150,100,1.5000,0.1923,891,132,635,124
338,1342970439,vermelho,vermelho,heuristica,vermelho,1,3,27,30,30,1.0000,0.0000,801,52,699,50
338,1342970439,vermelho,azul,heuristica,vermelho,0,-3,27,70,120,0.5833,0.4800,1339,338,626,375
339,437208980,azul,verde,heuristica,vermelho,0,-3,26,90,120,0.7500,0.2222,358,74,215,69
339,437208980,azul,vermelho,heuristica,vermelho,1,3,26,30,0,30.0000,0.0400,643,27,591,25
339,437208980,azul,azul,heuristica,vermelho,0,-3,26,120,120,1.0000,0.0800,762,115,537,110
340,1192874511,verde,verde,heuristica,vermelho,0,-3,16,150,120,1.2500,0.0000,675,167,352,156
340,1192874511,verde,vermelho,heuristica,vermelho,1,3,16,30,30,1.0000,0.0000,419,25,370,24
340,1192874511,verde,azul,heuristica,vermelho,0,-3,16,90,120,0.7500,0.0000,453,113,233,107
341,766493470,vermelho,verde,heuristica,verde,1,3,24,30,0,30.0000,0.0000,565,27,513,25
341,766493470,vermelho,vermelho,heuristica,verde,0,-3,24,110,110,1.0000,0.0870,654,74,512,68
341,766493470,vermelho,azul,heuristica,verde,0,-3,24,80,110,0.7273,0.2000,347,70,209,68
342,410536207,azul,verde,heuristica,verde,1,3,18,30,30,1.0000,0.0588,442,34,376,32
342,410536207,azul,vermelho,heuristica,verde,0,-3,18,90,120,0.7500,0.1429,369,95,175,99
342,410536207,azul,azul,heuristica,verde,0,-3,18,150,120,1.2500,0.0000,636,122,399,115
343,14153581,verde,verde,heuristica,vermelho,0,-3,20,80,110,0.7273,0.1429,372,96,176,100
343,14153581,verde,vermelho,heuristica,vermelho,1,3,20,30,30,1.0000,0.0000,463,18,429,16
343,14153581,verde,azul,heuristica,vermelho,0,-3,20,140,110,1.2727,0.1053,702,125,461,116
344,307708705,vermelho,verde,heuristica,verde,1,3,23,30,0,30.0000,0.0455,585,29,524,32
344,307708705,vermelho,vermelho,heuristica,verde,0,-3,23,100,120,0.8333,0.0455,802,133,544,125
344,307708705,vermelho,azul,heuristica,verde,0,-3,23,90,100,0.9000,0.4444,526,151,225,150
345,1409996403,azul,verde,heuristica,verde,1,3,25,60,30,2.0000,0.0000,667,47,572,48
345,1409996403,azul,vermelho,heuristica,verde,0,-3,25,150,120,1.2500,0.0435,729,108,521,100
345,1409996403,azul,azul,heuristica,verde,0,-3,25,60,120,0.5000,0.0000,350,82,186,82
346,1737144842,verde,verde,heuristica,vermelho,0,-3,19,150,110,1.3636,0.0526,813,169,472,172
346,1737144842,verde,vermelho,heuristica,vermelho,1,3,19,30,30,1.0000,0.0000,532,26,481,25
346,1737144842,verde,azul,heuristica,vermelho,0,-3,19,80,120,0.6667,0.3333,343,94,150,99
347,924703773,vermelho,verde,heuristica,vermelho,0,-3,27,90,120,0.7500,0.0909,469,95,274,100
347,924703773,vermelho,vermelho,heuristica,vermelho,1,3,27,30,0,30.0000,0.0000,710,18,676,16
347,924703773,vermelho,azul,heuristica,vermelho,0,-3,27,120,120,1.0000,0.0769,915,151,618,146
348,928223588,azul,verde,heuristica,vermelho,0,-3,11,60,120,0.5000,0.0000,346,70,201,75
348,928223588,azul,vermelho,heuristica,vermelho,1,3,11,90,20,4.5000,0.2000,417,104,240,73
348,928223588,azul,azul,heuristica,vermelho,0,-3,11,110,120,0.9167,0.1000,445,106,239,100
349,1182005340,verde,verde,heuristica,azul,0,-3,25,160,100,1.6000,0.1600,894,148,607,139
349,1182005340,verde,vermelho,heuristica,azul,0,-3,25,90,120,0.7500,0.0833,475,92,283,100
349,1182005340,verde,azul,heuristica,azul,1,3,25,10,40,0.2500,0.1200,761,72,619,70
350,86749997,vermelho,verde,heuristica,verde,1,3,21,30,0,30.0000,0.0000,417,23,373,21
350,86749997,vermelho,vermelho,heuristica,verde,0,-3,21,120,120,1.0000,0.1500,722,126,476,120
350,86749997,vermelho,azul,heuristica,verde,0,-3,21,90,120,0.7500,0.1429,322,77,173,72
351,2063477184,azul,verde,heuristica,vermelho,0,-3,22,80,120,0.6667,0.1000,450,99,251,100
351,2063477184,azul,vermelho,heuristica,vermelho,1,3,22,30,20,1.5000,0.1905,573,50,476,47
351,2063477184,azul,azul,heuristica,vermelho,0,-3,22,140,110,1.2727,0.3810,771,131,517,123
352,1520633710,verde,verde,heuristica,azul,0,-3,18,120,120,1.0000,0.0556,752,166,442,144
352,1520633710,verde,vermelho,heuristica,azul,0,-3,18,90,120,0.7500,0.0000,476,99,303,74
352,1520633710,verde,azul,heuristica,azul,1,3,18,30,0,30.0000,0.0556,550,70,434,46
353,1518760950,vermelho,verde,heuristica,vermelho,0,-3,26,90,110,0.8182,0.7143,381,105,177,99
353,1518760950,vermelho,vermelho,heuristica,vermelho,1,3,26,30,30,1.0000,0.0385,588,19,553,16
353,1518760950,vermelho,azul,heuristica,vermelho,0,-3,26,140,120,1.1667,0.1600,882,145,600,137
354,1313076164,azul,verde,heuristica,verde,1,3,32,30,0,30.0000,0.0000,647,27,596,24
354,1313076164,azul,vermelho,heuristica,verde,0,-3,32,110,120,0.9167,0.1667,870,94,688,88
354,1313076164,azul,azul,heuristica,verde,0,-3,32,90,110,0.8182,0.1667,271,70,136,65
355,519671239,verde,verde,heuristica,verde,1,3,20,30,30,1.0000,0.0000,389,18,355,16
355,519671239,verde,vermelho,heuristica,verde,0,-3,20,90,100,0.9000,0.1429,306,78,157,71
355,519671239,verde,azul,heuristica,verde,0,-3,20,130,120,1.0833,0.1579,662,111,448,103
356,293897162,vermelho,verde,heuristica,vermelho,0,-3,37,90,100,0.9000,0.2105,720,126,472,122
356,293897162,vermelho,vermelho,heuristica,vermelho,1,3,37,30,0,30.0000,0.0270,928,28,869,31
356,293897162,vermelho,azul,heuristica,vermelho,0,-3,37,100,120,0.8333,0.1389,1124,133,856,135
357,432934820,azul,verde,heuristica,azul,0,-3,29,120,120,1.0000,0.0000,792,82,633,77
357,432934820,azul,vermelho,heuristica,azul,0,-3,29,90,120,0.7500,0.0000,301,64,178,59
357,432934820,azul,azul,heuristica,azul,1,3,29,30,0,30.0000,0.0690,747,21,707,19
358,1033327263,verde,verde,heuristica,azul,0,-3,24,120,120,1.0000,0.0417,770,114,539,117
358,1033327263,verde,vermelho,heuristica,azul,0,-3,24,90,120,0.7500,0.1667,320,93,139,88
358,1033327263,verde,azul,heuristica,azul,1,3,24,30,0,30.0000,0.0417,657,44,565,48
359,137643404,vermelho,verde,heuristica,verde,1,3,31,50,20,2.5000,0.0667,832,69,688,75
359,137643404,vermelho,vermelho,heuristica,verde,0,-3,31,70,100,0.7000,0.2857,336,89,159,88
359,137643404,vermelho,azul,heuristica,verde,0,-3,31,120,120,1.0000,0.2333,875,121,639,115
360,2017834313,azul,verde,heuristica,azul,0,-3,26,130,120,1.0833,0.2000,910,157,597,156
360,2017834313,azul,vermelho,heuristica,azul,0,-3,26,60,100,0.6000,0.5000,355,105,151,99
360,2017834313,azul,azul,heuristica,azul,1,3,26,60,30,2.0000,0.0000,682,35,615,32
361,1611829491,verde,verde,heuristica,verde,1,3,21,30,0,30.0000,0.0000,622,71,480,71
361,1611829491,verde,vermelho,heuristica,verde,0,-3,21,120,120,1.0000,0.1000,696,132,438,126
361,1611829491,verde,azul,heuristica,verde,0,-3,21,90,120,0.7500,0.0769,445,82,285,78
362,1288829251,vermelho,verde,heuristica,verde,1,3,15,30,0,30.0000,0.2143,440,60,308,72
362,1288829251,vermelho,vermelho,heuristica,verde,0,-3,15,90,120,0.7500,0.0000,475,78,322,75
362,1288829251,vermelho,azul,heuristica,verde,0,-3,15,120,120,1.0000,0.0714,641,148,343,150
363,475521431,azul,verde,heuristica,azul,0,-3,33,90,120,0.7500,0.0000,383,71,247,65
363,475521431,azul,vermelho,heuristica,azul,0,-3,33,120,120,1.0000,0.0000,943,97,756,90
363,475521431,azul,azul,heuristica,azul,1,3,33,30,0,30.0000,0.0909,843,18,809,16
364,1589776665,verde,verde,heuristica,vermelho,0,-3,27,140,120,1.1667,0.2593,1102,207,673,222
364,1589776665,verde,vermelho,heuristica,vermelho,1,3,27,30,30,1.0000,0.1111,697,46,602,49
364,1589776665,verde,azul,heuristica,vermelho,0,-3,27,90,110,0.8182,0.0769,486,78,333,75
365,1928754317,vermelho,verde,heuristica,vermelho,0,-3,20,60,120,0.5000,0.0000,309,67,180,62
365,1928754317,vermelho,vermelho,heuristica,vermelho,1,3,20,60,60,1.0000,0.1500,524,39,450,35
365,1928754317,vermelho,azul,heuristica,vermelho,0,-3,20,180,120,1.5000,0.0000,651,132,400,119
366,893603869,azul,verde,heuristica,azul,0,-3,10,90,120,0.7500,0.0000,344,100,148,96
366,893603869,azul,vermelho,heuristica,azul,0,-3,10,120,120,1.0000,0.0000,417,101,220,96
366,893603869,azul,azul,heuristica,azul,1,3,10,30,0,30.0000,0.2000,423,100,248,75
367,795826857,verde,verde,heuristica,empate,0,-1,100,0,0,0.0000,0.0100,1876,0,1876,0
367,795826857,verde,vermelho,heuristica,empate,0,-1,100,80,110,0.7273,0.3333,429,103,227,99
367,795826857,verde,azul,heuristica,empate,0,-1,100,110,80,1.3750,0.0300,2112,111,1893,108
368,1170736711,vermelho,verde,heuristica,azul,0,-3,16,90,120,0.7500,0.0000,483,74,340,69
368,1170736711,vermelho,vermelho,heuristica,azul,0,-3,16,120,120,1.0000,0.0000,560,97,372,91
368,1170736711,vermelho,azul,heuristica,azul,1,3,16,30,0,30.0000,0.0000,492,55,388,49
369,1599605876,azul,verde,heuristica,vermelho,0,-3,27,150,120,1.2500,0.0769,948,160,626,162
369,1599605876,azul,vermelho,heuristica,vermelho,1,3,27,30,30,1.0000,0.1154,633,26,582,25
369,1599605876,azul,azul,heuristica,vermelho,0,-3,27,90,120,0.7500,0.1000,417,91,236,90
370,1800712511,verde,verde,heuristica,empate,0,-1,100,90,120,0.7500,0.0000,310,52,210,48
370,1800712511,verde,vermelho,heuristica,empate,0,-1,100,0,0,0.0000,0.0200,1982,39,1943,0
370,1800712511,verde,azul,heuristica,empate,0,-1,100,120,90,1.3333,0.0000,1726,99,1576,51
371,645522509,vermelho,verde,heuristica,verde,1,3,17,30,0,30.0000,0.0000,533,67,391,75
371,645522509,vermelho,vermelho,heuristica,verde,0,-3,17,120,120,1.0000,0.1250,649,130,394,125
371,645522509,vermelho,azul,heuristica,verde,0,-3,17,90,120,0.7500,0.0000,394,95,199,100
372,29313969,azul,verde,heuristica,azul,0,-3,20,120,120,1.0000,0.1053,720,126,470,124
372,29313969,azul,vermelho,heuristica,azul,0,-3,20,90,120,0.7500,0.0833,434,77,283,74
372,29313969,azul,azul,heuristica,azul,1,3,20,30,0,30.0000,0.0000,524,23,480,21
373,1970357873,verde,verde,heuristica,verde,1,3,42,30,30,1.0000,0.0000,897,18,863,16
373,1970357873,verde,vermelho,heuristica,verde,0,-3,42,140,120,1.1667,0.0732,1216,119,986,111
373,1970357873,verde,azul,heuristica,verde,0,-3,42,90,110,0.8182,0.1429,377,103,175,99
374,1241645600,vermelho,verde,heuristica,vermelho,0,-3,14,90,110,0.8182,0.1250,372,94,185,93
374,1241645600,vermelho,vermelho,heuristica,vermelho,1,3,14,30,0,30.0000,0.0000,410,27,358,25
374,1241645600,vermelho,azul,heuristica,vermelho,0,-3,14,110,120,0.9167,0.4615,627,152,325,150
375,1353653477,azul,verde,heuristica,verde,1,3,14,30,30,1.0000,0.1538,344,27,292,25
375,1353653477,azul,vermelho,heuristica,verde,0,-3,14,150,110,1.3636,0.1667,557,132,300,125
375,1353653477,azul,azul,heuristica,verde,0,-3,14,80,120,0.6667,0.2500,400,100,200,100
376,722060998,verde,verde,heuristica,azul,0,-3,24,60,100,0.6000,0.5000,347,96,151,100
376,722060998,verde,vermelho,heuristica,azul,0,-3,24,130,120,1.0833,0.1667,862,131,606,125
376,722060998,verde,azul,heuristica,azul,1,3,24,60,30,2.0000,0.0000,736,74,587,75
377,946843648,vermelho,verde,heuristica,empate,0,-1,100,0,0,0.0000,0.0000,2145,0,2145,0
377,946843648,vermelho,vermelho,heuristica,empate,0,-1,100,0,0,0.0000,0.0000,1662,0,1662,0
377,946843648,vermelho,azul,heuristica,empate,0,-1,100,0,0,0.0000,0.0000,3278,644,1898,736
378,195273507,azul,verde,heuristica,vermelho,0,-3,24,110,120,0.9167,0.1304,759,105,554,100
378,195273507,azul,vermelho,heuristica,vermelho,1,3,24,30,0,30.0000,0.0435,561,17,528,16
378,195273507,azul,azul,heuristica,vermelho,0,-3,24,90,110,0.8182,0.1250,401,100,201,100
379,741729714,verde,verde,heuristica,verde,1,3,26,30,30,1.0000,0.0385,568,26,518,24
379,741729714,verde,vermelho,heuristica,verde,0,-3,26,90,120,0.7500,0.0588,505,68,372,65
379,741729714,verde,azul,heuristica,verde,0,-3,26,150,120,1.2500,0.0400,811,119,580,112
380,1187661710,vermelho,verde,heuristica,vermelho,0,-3,56,80,100,0.8000,0.3333,644,147,349,148
380,1187661710,vermelho,vermelho,heuristica,vermelho,1,3,56,30,0,30.0000,0.0000,1315,29,1254,32
380,1187661710,vermelho,azul,heuristica,vermelho,0,-3,56,100,110,0.9091,0.2000,1445,131,1189,125
381,394963098,azul,verde,heuristica,vermelho,0,-3,15,150,120,1.2500,0.0714,544,111,329,104
381,394963098,azul,vermelho,heuristica,vermelho,1,3,15,30,30,1.0000,0.0714,463,68,349,46
381,394963098,azul,azul,heuristica,vermelho,0,-3,15,90,120,0.7500,0.0000,341,76,204,61
382,2051369139,verde,verde,heuristica,vermelho,0,-3,40,80,100,0.8000,0.2857,344,96,157,91
382,2051369139,verde,vermelho,heuristica,vermelho,1,3,40,30,0,30.0000,0.0250,964,49,870,45
382,2051369139,verde,azul,heuristica,vermelho,0,-3,40,100,110,0.9091,0.1538,1070,125,823,122
383,1168745499,vermelho,verde,heuristica,vermelho,0,-3,17,160,100,1.6000,0.3125,740,177,393,170
383,1168745499,vermelho,vermelho,heuristica,vermelho,1,3,17,40,50,0.8000,0.1765,516,52,416,48
383,1168745499,vermelho,azul,heuristica,vermelho,0,-3,17,60,110,0.5455,0.1667,304,78,151,75
384,2118575539,azul,verde,heuristica,empate,0,-1,100,0,0,0.0000,0.0000,1811,25,1761,25
384,2118575539,azul,vermelho,heuristica,empate,0,-1,100,0,0,0.0000,0.0000,2527,1,2526,0
384,2118575539,azul,azul,heuristica,empate,0,-1,100,0,0,0.0000,0.0000,2409,0,2409,0
385,441089282,verde,verde,heuristica,verde,1,3,25,30,0,30.0000,0.0800,622,19,587,16
385,441089282,verde,vermelho,heuristica,verde,0,-3,25,120,120,1.0000,0.0000,786,106,580,100
385,441089282,verde,azul,heuristica,verde,0,-3,25,90,120,0.7500,0.0000,355,104,151,100
386,1667855064,vermelho,verde,heuristica,empate,0,-1,100,0,0,0.0000,0.3030,2103,0,2103,0
386,1667855064,vermelho,vermelho,heuristica,empate,0,-1,100,100,90,1.1111,0.0200,2103,101,1906,96
386,1667855064,vermelho,azul,heuristica,empate,0,-1,100,90,100,0.9000,0.1250,396,101,198,97
387,2017351961,azul,verde,heuristica,verde,1,3,25,30,30,1.0000,0.0417,529,11,510,8
387,2017351961,azul,vermelho,heuristica,verde,0,-3,25,130,120,1.0833,0.3913,892,178,541,173
387,2017351961,azul,azul,heuristica,verde,0,-3,25,90,100,0.9000,0.7500,448,138,179,131
388,1950536216,verde,verde,heuristica,empate,0,-1,100,0,0,0.0000,0.0000,2071,48,2023,0
388,1950536216,verde,vermelho,heuristica,empate,0,-1,100,0,0,0.0000,0.0200,2447,0,2447,0
388,1950536216,verde,azul,heuristica,empate,0,-1,100,0,0,0.0000,0.0000,2053,48,2005,0
389,60663468,vermelho,verde,heuristica,vermelho,0,-3,30,120,120,1.0000,0.0000,670,88,500,82
389,60663468,vermelho,vermelho,heuristica,vermelho,1,3,30,30,0,30.0000,0.0333,694,29,633,32
389,60663468,vermelho,azul,heuristica,vermelho,0,-3,30,90,120,0.7500,0.0000,706,85,553,68
390,1266052967,azul,verde,heuristica,azul,0,-3,15,90,120,0.7500,0.2500,366,89,184,93
390,1266052967,azul,vermelho,heuristica,azul,0,-3,15,150,120,1.2500,0.0000,593,129,342,122
390,1266052967,azul,azul,heuristica,azul,1,3,15,30,30,1.0000,0.0000,358,26,307,25
391,553143731,verde,verde,heuristica,vermelho,0,-3,31,90,120,0.7500,0.0000,401,100,201,100
391,553143731,verde,vermelho,heuristica,vermelho,1,3,31,30,0,30.0000,0.0645,787,29,726,32
391,553143731,verde,azul,heuristica,vermelho,0,-3,31,120,120,1.0000,0.0333,912,104,709,99
392,1136855950,vermelho,verde,heuristica,azul,0,-3,45,90,100,0.9000,0.1111,379,79,225,75
392,1136855950,vermelho,vermelho,heuristica,azul,0,-3,45,130,120,1.0833,0.0444,1413,149,1114,150
392,1136855950,vermelho,azul,heuristica,azul,1,3,45,30,30,1.0000,0.0444,1089,37,1012,40
393,376447012,azul,verde,heuristica,vermelho,0,-3,46,90,120,0.7500,0.4146,1107,103,905,99
393,376447012,azul,vermelho,heuristica,vermelho,1,3,46,30,30,1.0000,0.0889,1114,43,1030,41
393,376447012,azul,azul,heuristica,vermelho,0,-3,46,150,120,1.2500,0.0444,1690,402,883,405
394,1614578985,verde,verde,heuristica,vermelho,0,-3,17,90,120,0.7500,0.0000,350,68,217,65
394,1614578985,verde,vermelho,heuristica,vermelho,1,3,17,30,30,1.0000,0.0588,467,34,401,32
394,1614578985,verde,azul,heuristica,vermelho,0,-3,17,150,120,1.2500,0.0625,579,121,339,119
395,865668011,vermelho,verde,heuristica,azul,0,-3,11,150,120,1.2500,0.0000,472,122,237,113
395,865668011,vermelho,vermelho,heuristica,azul,0,-3,11,90,120,0.7500,0.0000,287,71,149,67
395,865668011,vermelho,azul,heuristica,azul,1,3,11,30,30,1.0000,0.0909,313,27,261,25
396,923755655,azul,verde,heuristica,vermelho,0,-3,41,110,120,0.9167,0.0750,1147,129,895,123
396,923755655,azul,vermelho,heuristica,vermelho,1,3,41,30,0,30.0000,0.1500,1076,49,977,50
396,923755655,azul,azul,heuristica,vermelho,0,-3,41,90,110,0.8182,0.4286,379,103,176,100
397,258776197,verde,verde,heuristica,vermelho,0,-3,22,90,120,0.7500,0.0000,338,93,148,97
397,258776197,verde,vermelho,heuristica,vermelho,1,3,22,30,30,1.0000,0.0000,565,23,521,21
397,258776197,verde,azul,heuristica,vermelho,0,-3,22,150,120,1.2500,0.0000,778,129,528,121
398,1620914435,vermelho,verde,heuristica,azul,0,-3,26,70,120,0.5833,0.1667,245,58,132,55
398,1620914435,vermelho,vermelho,heuristica,azul,0,-3,26,120,100,1.2000,0.1154,688,111,470,107
398,1620914435,vermelho,azul,heuristica,azul,1,3,26,30,0,30.0000,0.0000,620,44,534,42
399,1741497087,azul,verde,heuristica,azul,0,-3,21,90,120,0.7500,0.0000,475,99,276,100
399,1741497087,azul,vermelho,heuristica,azul,0,-3,21,120,120,1.0000,0.0000,755,129,502,124
399,1741497087,azul,azul,heuristica,azul,1,3,21,30,0,30.0000,0.0952,514,17,482,15
400,558524762,verde,verde,heuristica,azul,0,-3,23,150,120,1.2500,0.0000,793,122,555,116
400,558524762,verde,vermelho,heuristica,azul,0,-3,23,90,120,0.7500,0.0000,306,79,152,75
400,558524762,verde,azul,heuristica,azul,1,3,23,30,30,1.0000,0.2174,571,18,537,16
401,1039082064,vermelho,verde,heuristica,vermelho,0,-3,27,50,100,0.5000,0.3000,329,64,207,58
401,1039082064,vermelho,vermelho,heuristica,vermelho,1,3,27,60,30,2.0000,0.0741,622,51,524,47
401,1039082064,vermelho,azul,heuristica,vermelho,0,-3,27,130,110,1.1818,0.2692,823,114,605,104
402,902252012,azul,verde,heuristica,vermelho,0,-3,39,120,120,1.0000,0.0263,1103,121,866,116
402,902252012,azul,vermelho,heuristica,vermelho,1,3,39,30,0,30.0000,0.0000,849,18,815,16
402,902252012,azul,azul,heuristica,vermelho,0,-3,39,90,120,0.7500,0.0000,351,100,151,100
403,1638510092,verde,verde,heuristica,empate,0,-1,100,60,110,0.5455,0.2667,534,98,338,98
403,1638510092,verde,vermelho,heuristica,empate,0,-1,100,0,0,0.0000,0.0000,1747,35,1712,0
403,1638510092,verde,azul,heuristica,empate,0,-1,100,110,60,1.8333,0.0400,2318,139,2080,99
404,697931922,vermelho,verde,heuristica,verde,1,3,23,30,30,1.0000,0.0000,591,31,520,40
404,697931922,vermelho,vermelho,heuristica,verde,0,-3,23,150,120,1.2500,0.1364,812,143,530,139
404,697931922,vermelho,azul,heuristica,verde,0,-3,23,90,120,0.7500,0.1818,464,102,265,97
405,148352726,azul,verde,heuristica,azul,0,-3,35,50,100,0.5000,0.2143,475,80,320,75
405,148352726,azul,vermelho,heuristica,azul,0,-3,35,130,110,1.1818,0.2353,1075,144,793,138
405,148352726,azul,azul,heuristica,azul,1,3,35,60,30,2.0000,0.0571,947,51,848,48
406,1423957648,verde,verde,heuristica,vermelho,0,-3,16,90,120,0.7500,0.0000,321,101,123,97
406,1423957648,verde,vermelho,heuristica,vermelho,1,3,16,30,0,30.0000,0.1250,416,21,375,20
406,1423957648,verde,azul,heuristica,vermelho,0,-3,16,120,120,1.0000,0.1333,610,126,364,120
407,1350537079,vermelho,verde,heuristica,azul,0,-3,28,90,120,0.7500,0.0000,481,93,294,94
407,1350537079,vermelho,vermelho,heuristica,azul,0,-3,28,150,120,1.2500,0.0714,1023,175,682,166
407,1350537079,vermelho,azul,heuristica,azul,1,3,28,30,30,1.0000,0.1071,562,17,529,16
408,614268430,azul,verde,heuristica,vermelho,0,-3,21,150,120,1.2500,0.0000,758,132,501,125
408,614268430,azul,vermelho,heuristica,vermelho,1,3,21,30,30,1.0000,0.0000,538,27,486,25
408,614268430,azul,azul,heuristica,vermelho,0,-3,21,90,120,0.7500,0.0000,306,79,152,75
409,1044670401,verde,verde,heuristica,vermelho,0,-3,22,150,120,1.2500,0.1364,718,134,458,126
409,1044670401,verde,vermelho,heuristica,vermelho,1,3,22,30,30,1.0000,0.0000,522,31,462,29
409,1044670401,verde,azul,heuristica,vermelho,0,-3,22,90,120,0.7500,0.0588,578,97,389,92
410,73927817,vermelho,verde,heuristica,empate,0,-1,100,0,0,0.0000,0.4949,2569,0,2569,0
410,73927817,vermelho,vermelho,heuristica,empate,0,-1,100,0,0,0.0000,0.0000,2019,48,1971,0
410,73927817,vermelho,azul,heuristica,empate,0,-1,100,0,0,0.0000,0.0000,2019,49,1970,0
411,1599316740,azul,verde,heuristica,azul,0,-3,24,80,110,0.7273,0.2727,441,93,258,90
411,1599316740,azul,vermelho,heuristica,azul,0,-3,24,110,110,1.0000,0.1304,782,116,555,111
411,1599316740,azul,azul,heuristica,azul,1,3,24,30,0,30.0000,0.0417,643,44,549,50
412,728730537,verde,verde,heuristica,azul,0,-3,18,160,110,1.4545,0.3333,761,166,435,160
412,728730537,verde,vermelho,heuristica,azul,0,-3,18,50,100,0.5000,0.6000,330,104,126,100
412,728730537,verde,azul,heuristica,azul,1,3,18,60,60,1.0000,0.0556,540,64,413,63
413,769613667,vermelho,verde,heuristica,verde,1,3,28,30,30,1.0000,0.0000,705,26,654,25
413,769613667,vermelho,vermelho,heuristica,verde,0,-3,28,130,100,1.3000,0.1111,958,173,610,175
413,769613667,vermelho,azul,heuristica,verde,0,-3,28,70,100,0.7000,0.4000,330,104,126,100
414,701710304,azul,verde,heuristica,vermelho,0,-3,34,150,120,1.2500,0.0000,1009,132,753,124
414,701710304,azul,vermelho,heuristica,vermelho,1,3,34,30,30,1.0000,0.1212,817,30,762,25
414,701710304,azul,azul,heuristica,vermelho,0,-3,34,90,120,0.7500,0.0000,347,96,151,100
415,2146003900,verde,verde,heuristica,verde,1,3,21,30,30,1.0000,0.1429,520,15,491,14
415,2146003900,verde,vermelho,heuristica,verde,0,-3,21,90,110,0.8182,0.1429,313,73,172,68
415,2146003900,verde,azul,heuristica,verde,0,-3,21,140,120,1.1667,0.0500,736,133,472,131
416,1585576561,vermelho,verde,heuristica,vermelho,0,-3,14,150,120,1.2500,0.0000,538,123,302,113
416,1585576561,vermelho,vermelho,heuristica,vermelho,1,3,14,30,30,1.0000,0.0714,369,19,334,16
416,1585576561,vermelho,azul,heuristica,vermelho,0,-3,14,90,120,0.7500,0.1429,356,92,167,97
417,1048996951,azul,verde,heuristica,vermelho,0,-3,24,40,110,0.3636,0.5556,427,107,220,100
417,1048996951,azul,vermelho,heuristica,vermelho,1,3,24,60,60,1.0000,0.0870,657,46,567,44
417,1048996951,azul,azul,heuristica,vermelho,0,-3,24,170,100,1.7000,0.2609,1072,252,571,249
418,614909108,verde,verde,heuristica,azul,0,-3,23,130,120,1.0833,0.2609,955,192,563,200
418,614909108,verde,vermelho,heuristica,azul,0,-3,23,90,120,0.7500,0.2143,507,78,354,75
418,614909108,verde,azul,heuristica,azul,1,3,23,30,10,3.0000,0.0870,627,27,575,25
419,1906067081,vermelho,verde,heuristica,azul,0,-3,22,60,100,0.6000,0.3333,425,100,226,99
419,1906067081,vermelho,vermelho,heuristica,azul,0,-3,22,160,120,1.3333,0.2273,877,175,536,166
419,1906067081,vermelho,azul,heuristica,azul,1,3,22,60,60,1.0000,0.0455,666,75,516,75
420,974694883,azul,verde,heuristica,vermelho,0,-3,10,90,120,0.7500,0.0000,398,100,199,99
420,974694883,azul,vermelho,heuristica,vermelho,1,3,10,30,0,30.0000,0.1111,272,27,220,25
420,974694883,azul,azul,heuristica,vermelho,0,-3,10,120,120,1.0000,0.0000,410,104,207,99
421,277475170,verde,verde,heuristica,vermelho,0,-3,14,120,120,1.0000,0.0000,536,104,336,96
421,277475170,verde,vermelho,heuristica,vermelho,1,3,14,30,0,30.0000,0.0000,391,29,338,24
421,277475170,verde,azul,heuristica,vermelho,0,-3,14,90,120,0.7500,0.0000,367,100,170,97
422,148424731,vermelho,verde,heuristica,verde,1,3,31,60,30,2.0000,0.0667,804,53,701,50
422,148424731,vermelho,vermelho,heuristica,verde,0,-3,31,50,120,0.4167,0.2857,371,97,174,100
422,148424731,vermelho,azul,heuristica,verde,0,-3,31,150,110,1.3636,0.1333,984,133,726,125
423,604743709,azul,verde,heuristica,vermelho,0,-3,15,90,120,0.7500,0.0000,345,95,150,100
423,604743709,azul,vermelho,heuristica,vermelho,1,3,15,30,40,0.7500,0.1429,499,76,348,75
423,604743709,azul,azul,heuristica,vermelho,0,-3,15,160,120,1.3333,0.0714,658,158,350,150
424,838363468,verde,verde,heuristica,verde,1,3,17,30,0,30.0000,0.0000,460,29,399,32
424,838363468,verde,vermelho,heuristica,verde,0,-3,17,80,120,0.6667,0.3333,358,106,152,100
424,838363468,verde,azul,heuristica,verde,0,-3,17,120,110,1.0909,0.0625,576,103,376,97
425,1461119760,vermelho,verde,heuristica,vermelho,0,-3,22,110,120,0.9167,0.1429,971,230,517,224
425,1461119760,vermelho,vermelho,heuristica,vermelho,1,3,22,30,0,30.0000,0.0909,563,26,514,23
425,1461119760,vermelho,azul,heuristica,vermelho,0,-3,22,90,110,0.8182,0.2000,554,98,357,99
426,2054000186,azul,verde,heuristica,vermelho,0,-3,18,120,120,1.0000,0.0000,579,95,390,94
426,2054000186,azul,vermelho,heuristica,vermelho,1,3,18,30,0,30.0000,0.1176,500,44,407,49
426,2054000186,azul,azul,heuristica,vermelho,0,-3,18,90,120,0.7500,0.0000,308,59,193,56
427,1470480063,verde,verde,heuristica,verde,1,3,13,30,0,30.0000,0.0000,331,23,287,21
427,1470480063,verde,vermelho,heuristica,verde,0,-3,13,120,120,1.0000,0.4167,571,135,291,145
427,1470480063,verde,azul,heuristica,verde,0,-3,13,90,120,0.7500,0.1667,317,86,140,91
428,766136782,vermelho,verde,heuristica,vermelho,0,-3,19,60,120,0.5000,0.0000,422,84,259,79
428,766136782,vermelho,vermelho,heuristica,vermelho,1,3,19,60,60,1.0000,0.0526,557,49,463,45
428,766136782,vermelho,azul,heuristica,vermelho,0,-3,19,180,120,1.5000,0.1667,714,157,399,158
429,372718935,azul,verde,heuristica,azul,0,-3,20,60,120,0.5000,0.4286,342,93,163,86
429,372718935,azul,vermelho,heuristica,azul,0,-3,20,150,120,1.2500,0.3158,717,148,425,144
429,372718935,azul,azul,heuristica,azul,1,3,20,60,30,2.0000,0.0500,558,57,445,56
430,2045200466,verde,verde,heuristica,verde,1,3,28,30,30,1.0000,0.0357,639,32,575,32
430,2045200466,verde,vermelho,heuristica,verde,0,-3,28,90,120,0.7500,0.0000,346,96,150,100
430,2045200466,verde,azul,heuristica,verde,0,-3,28,150,120,1.2500,0.0000,881,122,645,114
431,1900958049,vermelho,verde,heuristica,verde,1,3,18,30,30,1.0000,0.0000,464,26,413,25
431,1900958049,vermelho,vermelho,heuristica,verde,0,-3,18,80,120,0.6667,0.4000,486,124,240,122
431,1900958049,vermelho,azul,heuristica,verde,0,-3,18,150,110,1.3636,0.0588,763,171,418,174
432,1317230616,azul,verde,heuristica,azul,0,-3,15,90,120,0.7500,0.0000,445,117,213,115
432,1317230616,azul,vermelho,heuristica,azul,0,-3,15,120,120,1.0000,0.0000,515,99,324,92
432,1317230616,azul,azul,heuristica,azul,1,3,15,30,0,30.0000,0.0000,359,20,323,16
433,1343244560,verde,verde,heuristica,empate,0,-1,100,110,80,1.3750,0.0400,2242,135,1967,140
433,1343244560,verde,vermelho,heuristica,empate,0,-1,100,0,0,0.0000,0.1400,1366,59,1285,22
433,1343244560,verde,azul,heuristica,empate,0,-1,100,80,110,0.7273,0.2143,511,78,358,75
434,784401889,vermelho,verde,heuristica,vermelho,0,-3,24,110,110,1.0000,0.1739,785,124,541,120
434,784401889,vermelho,vermelho,heuristica,vermelho,1,3,24,30,0,30.0000,0.2500,645,46,551,48
434,784401889,vermelho,azul,heuristica,vermelho,0,-3,24,80,110,0.7273,0.2222,407,101,212,94
435,1579403662,azul,verde,heuristica,vermelho,0,-3,27,90,110,0.8182,0.0400,1051,316,484,251
435,1579403662,azul,vermelho,heuristica,vermelho,1,3,27,80,60,1.3333,0.0769,756,106,575,75
435,1579403662,azul,azul,heuristica,vermelho,0,-3,27,110,110,1.0000,0.0385,909,210,575,124
436,1577216255,verde,verde,heuristica,vermelho,0,-3,17,90,120,0.7500,0.1111,426,99,228,99
436,1577216255,verde,vermelho,heuristica,vermelho,1,3,17,20,30,0.6667,0.1176,460,27,408,25
436,1577216255,verde,azul,heuristica,vermelho,0,-3,17,150,110,1.3636,0.1875,734,170,391,173
437,1215591661,vermelho,verde,heuristica,azul,0,-3,19,90,120,0.7500,0.0000,311,69,177,65
437,1215591661,vermelho,vermelho,heuristica,azul,0,-3,19,150,100,1.5000,0.1579,871,214,453,204
437,1215591661,vermelho,azul,heuristica,azul,1,3,19,10,30,0.3333,0.1053,567,48,469,50
438,2129381150,azul,verde,heuristica,verde,1,3,42,30,0,30.0000,0.0000,1025,18,991,16
438,2129381150,azul,vermelho,heuristica,verde,0,-3,42,90,120,0.7500,0.0000,445,95,251,99
438,2129381150,azul,azul,heuristica,verde,0,-3,42,120,120,1.0000,0.0488,1201,156,896,149
439,200211642,verde,verde,heuristica,vermelho,0,-3,35,40,120,0.3333,0.2500,346,78,194,74
439,200211642,verde,vermelho,heuristica,vermelho,1,3,35,80,60,1.3333,0.0571,870,77,721,72
439,200211642,verde,azul,heuristica,vermelho,0,-3,35,180,120,1.5000,0.2059,1200,194,812,194
440,739759482,vermelho,verde,heuristica,azul,0,-3,19,120,110,1.0909,0.1667,589,90,414,85
440,739759482,vermelho,vermelho,heuristica,azul,0,-3,19,80,120,0.6667,0.2667,516,76,360,80
440,739759482,vermelho,azul,heuristica,azul,1,3,19,30,0,30.0000,0.0526,525,27,473,25
441,571873306,azul,verde,heuristica,azul,0,-3,17,130,120,1.0833,0.2500,594,130,344,120
441,571873306,azul,vermelho,heuristica,azul,0,-3,17,90,100,0.9000,0.2222,415,99,217,99
441,571873306,azul,azul,heuristica,azul,1,3,17,30,30,1.0000,0.1176,433,19,398,16
442,1141555388,verde,verde,heuristica,vermelho,0,-3,36,120,120,1.0000,0.0278,1147,156,842,149
442,1141555388,verde,vermelho,heuristica,vermelho,1,3,36,30,0,30.0000,0.0278,781,25,734,22
442,1141555388,verde,azul,heuristica,vermelho,0,-3,36,90,120,0.7500,0.0769,519,101,318,100
443,1737235775,vermelho,verde,heuristica,vermelho,0,-3,18,120,120,1.0000,0.0000,528,93,347,88
443,1737235775,vermelho,vermelho,heuristica,vermelho,1,3,18,30,0,30.0000,0.0556,523,42,434,47
443,1737235775,vermelho,azul,heuristica,vermelho,0,-3,18,90,120,0.7500,0.0000,471,74,327,70
444,1019163322,azul,verde,heuristica,verde,1,3,17,30,0,30.0000,0.0625,466,44,373,49
444,1019163322,azul,vermelho,heuristica,verde,0,-3,17,90,120,0.7500,0.0000,314,91,136,87
444,1019163322,azul,azul,heuristica,verde,0,-3,17,120,120,1.0000,0.0000,570,103,361,106
445,1477330786,verde,verde,heuristica,azul,0,-3,22,120,120,1.0000,0.0909,761,122,523,116
445,1477330786,verde,vermelho,heuristica,azul,0,-3,22,90,120,0.7500,0.1000,373,73,233,67
445,1477330786,verde,azul,heuristica,azul,1,3,22,30,0,30.0000,0.1364,557,19,522,16
446,744905077,vermelho,verde,heuristica,empate,0,-1,100,90,120,0.7500,0.1250,395,99,197,99
446,744905077,vermelho,vermelho,heuristica,empate,0,-1,100,0,0,0.0000,0.0100,1679,0,1679,0
446,744905077,vermelho,azul,heuristica,empate,0,-1,100,120,90,1.3333,0.0000,1967,105,1763,99
447,1994270146,azul,verde,heuristica,verde,1,3,20,30,30,1.0000,0.1579,513,26,462,25
447,1994270146,azul,vermelho,heuristica,verde,0,-3,20,90,120,0.7500,0.0000,324,73,183,68
447,1994270146,azul,azul,heuristica,verde,0,-3,20,150,120,1.2500,0.0000,782,163,454,165
448,164773497,verde,verde,heuristica,verde,1,3,36,30,0,30.0000,0.0278,905,24,862,19
448,164773497,verde,vermelho,heuristica,verde,0,-3,36,90,120,0.7500,0.1667,600,149,301,150
448,164773497,verde,azul,heuristica,verde,0,-3,36,120,120,1.0000,0.1143,992,131,737,124
449,1649528846,vermelho,verde,heuristica,vermelho,0,-3,24,120,100,1.2000,0.1304,799,131,543,125
449,1649528846,vermelho,vermelho,heuristica,vermelho,1,3,24,10,0,10.0000,0.0417,691,52,589,50
449,1649528846,vermelho,azul,heuristica,vermelho,0,-3,24,90,120,0.7500,0.0000,361,94,170,97
450,8261800,azul,verde,heuristica,empate,0,-1,100,0,0,0.0000,0.0101,2568,0,2568,0
450,8261800,azul,vermelho,heuristica,empate,0,-1,100,0,0,0.0000,0.0000,2056,49,2007,0
450,8261800,azul,azul,heuristica,empate,0,-1,100,0,0,0.0000,0.0000,2061,48,2013,0
451,1520873105,verde,verde,heuristica,vermelho,0,-3,16,90,120,0.7500,0.0000,310,72,169,69
451,1520873105,verde,vermelho,heuristica,vermelho,1,3,16,30,30,1.0000,0.0000,463,26,412,25
451,1520873105,verde,azul,heuristica,vermelho,0,-3,16,150,120,1.2500,0.0000,697,165,366,166
452,189695113,vermelho,verde,heuristica,vermelho,0,-3,25,90,120,0.7500,0.0000,365,91,186,88
452,189695113,vermelho,vermelho,heuristica,vermelho,1,3,25,30,0,30.0000,0.0400,603,27,551,25
452,189695113,vermelho,azul,heuristica,vermelho,0,-3,25,120,120,1.0000,0.0833,791,116,566,109
453,2050012462,azul,verde,heuristica,vermelho,0,-3,22,90,120,0.7500,0.0000,348,99,150,99
453,2050012462,azul,vermelho,heuristica,vermelho,1,3,22,30,0,30.0000,0.0476,542,19,506,17
453,2050012462,azul,azul,heuristica,vermelho,0,-3,22,120,120,1.0000,0.0000,704,105,500,99
454,105099442,verde,verde,heuristica,azul,0,-3,40,90,120,0.7500,0.0000,433,73,291,69
454,105099442,verde,vermelho,heuristica,azul,0,-3,40,120,120,1.0000,0.0250,1117,89,946,82
454,105099442,verde,azul,heuristica,azul,1,3,40,30,0,30.0000,0.0250,982,18,948,16
455,898790568,vermelho,verde,heuristica,verde,1,3,17,30,0,30.0000,0.0000,422,18,388,16
455,898790568,vermelho,vermelho,heuristica,verde,0,-3,17,120,120,1.0000,0.0625,605,105,400,100
455,898790568,vermelho,azul,heuristica,verde,0,-3,17,90,120,0.7500,0.0000,330,104,126,100
456,2054871234,azul,verde,heuristica,verde,1,3,24,30,0,30.0000,0.0000,602,44,517,41
456,2054871234,azul,vermelho,heuristica,verde,0,-3,24,90,120,0.7500,0.0000,407,105,202,100
456,2054871234,azul,azul,heuristica,verde,0,-3,24,120,120,1.0000,0.0000,813,124,564,125
457,567165131,verde,verde,heuristica,verde,1,3,20,30,30,1.0000,0.1500,518,26,467,25
457,567165131,verde,vermelho,heuristica,verde,0,-3,20,90,120,0.7500,0.0000,509,126,260,123
457,567165131,verde,azul,heuristica,verde,0,-3,20,150,120,1.2500,0.0526,905,223,459,223
458,1506506545,vermelho,verde,heuristica,verde,1,3,23,30,30,1.0000,0.0455,586,22,543,21
458,1506506545,vermelho,vermelho,heuristica,verde,0,-3,23,140,120,1.1667,0.1818,827,154,514,159
458,1506506545,vermelho,azul,heuristica,verde,0,-3,23,90,110,0.8182,0.6667,338,93,148,97
459,338695334,azul,verde,heuristica,empate,0,-1,100,0,0,0.0000,0.0101,1656,49,1607,0
459,338695334,azul,vermelho,heuristica,empate,0,-1,100,0,0,0.0000,0.0000,1997,49,1948,0
459,338695334,azul,azul,heuristica,empate,0,-1,100,0,0,0.0000,0.0000,2187,0,2187,0
460,369462903,verde,verde,heuristica,empate,0,-1,100,90,120,0.7500,0.0000,409,78,256,75
460,369462903,verde,vermelho,heuristica,empate,0,-1,100,0,0,0.0000,0.0000,2635,28,2560,47
460,369462903,verde,azul,heuristica,empate,0,-1,100,120,90,1.3333,0.0000,3918,816,2156,946
461,1639586025,vermelho,verde,heuristica,azul,0,-3,21,90,120,0.7500,0.0000,578,101,412,65
461,1639586025,vermelho,vermelho,heuristica,azul,0,-3,21,150,120,1.2500,0.0476,882,258,478,146
461,1639586025,vermelho,azul,heuristica,azul,1,3,21,60,60,1.0000,0.0476,587,83,458,46
462,1094686237,azul,verde,heuristica,azul,0,-3,24,90,120,0.7500,0.0769,518,96,322,100
462,1094686237,azul,vermelho,heuristica,azul,0,-3,24,180,120,1.5000,0.1304,977,210,567,200
462,1094686237,azul,azul,heuristica,azul,1,3,24,30,60,0.5000,0.0000,658,51,558,49
463,616728145,verde,verde,heuristica,vermelho,0,-3,22,150,120,1.2500,0.0455,776,130,523,123
463,616728145,verde,vermelho,heuristica,vermelho,1,3,22,30,30,1.0000,0.0455,647,48,549,50
463,616728145,verde,azul,heuristica,vermelho,0,-3,22,90,120,0.7500,0.0000,316,79,163,74
464,1665972581,vermelho,verde,heuristica,vermelho,0,-3,36,120,120,1.0000,0.0286,970,83,811,76
464,1665972581,vermelho,vermelho,heuristica,vermelho,1,3,36,30,0,30.0000,0.0278,893,21,856,16
464,1665972581,vermelho,azul,heuristica,vermelho,0,-3,36,90,120,0.7500,0.0000,485,62,365,58
465,1342328242,azul,verde,heuristica,vermelho,0,-3,22,150,120,1.2500,0.0000,750,124,510,116
465,1342328242,azul,vermelho,heuristica,vermelho,1,3,22,30,30,1.0000,0.1429,568,32,504,32
465,1342328242,azul,azul,heuristica,vermelho,0,-3,22,90,120,0.7500,0.0000,380,104,176,100
466,1649972298,verde,verde,heuristica,azul,0,-3,18,90,100,0.9000,0.1250,399,99,201,99
466,1649972298,verde,vermelho,heuristica,azul,0,-3,18,100,120,0.8333,0.1111,622,103,421,98
466,1649972298,verde,azul,heuristica,azul,1,3,18,30,0,30.0000,0.0000,412,16,381,15
467,2086780469,vermelho,verde,heuristica,verde,1,3,30,30,30,1.0000,0.0000,712,12,690,10
467,2086780469,vermelho,vermelho,heuristica,verde,0,-3,30,150,110,1.3636,0.1034,925,135,665,125
467,2086780469,vermelho,azul,heuristica,verde,0,-3,30,80,120,0.6667,0.2667,579,125,323,131
468,1112072917,azul,verde,heuristica,azul,0,-3,51,90,120,0.7500,0.0500,610,68,477,65
468,1112072917,azul,vermelho,heuristica,azul,0,-3,51,180,120,1.5000,0.1600,1412,144,1132,136
468,1112072917,azul,azul,heuristica,azul,1,3,51,30,60,0.5000,0.0000,795,62,663,70
469,223052448,verde,verde,heuristica,verde,1,3,22,30,0,30.0000,0.0000,522,29,461,32
469,223052448,verde,vermelho,heuristica,verde,0,-3,22,120,120,1.0000,0.1429,685,114,460,111
469,223052448,verde,azul,heuristica,verde,0,-3,22,90,120,0.7500,0.0000,394,93,215,86
470,1629194997,vermelho,verde,heuristica,empate,0,-1,100,90,120,0.7500,0.0000,349,77,200,72
470,1629194997,vermelho,vermelho,heuristica,empate,0,-1,100,120,90,1.3333,0.0100,2826,123,2582,121
470,1629194997,vermelho,azul,heuristica,empate,0,-1,100,0,0,0.0000,0.0000,1362,0,1362,0
471,2020547047,azul,verde,heuristica,verde,1,3,53,30,30,1.0000,0.0000,941,18,907,16
471,2020547047,azul,vermelho,heuristica,verde,0,-3,53,90,120,0.7500,0.0455,761,113,529,119
471,2020547047,azul,azul,heuristica,verde,0,-3,53,150,120,1.2500,0.0577,1505,123,1266,116
472,1561709938,verde,verde,heuristica,empate,0,-1,100,0,0,0.0000,0.0000,1737,25,1688,24
472,1561709938,verde,vermelho,heuristica,empate,0,-1,100,0,0,0.0000,0.0000,1724,2,1722,0
472,1561709938,verde,azul,heuristica,empate,0,-1,100,0,0,0.0000,0.0000,2600,0,2600,0
473,34472910,vermelho,verde,heuristica,verde,1,3,30,60,30,2.0000,0.0690,814,73,667,74
473,34472910,vermelho,vermelho,heuristica,verde,0,-3,30,150,120,1.2500,0.0690,1005,156,701,148
473,34472910,vermelho,azul,heuristica,verde,0,-3,30,60,120,0.5000,0.0000,306,79,152,75
474,1889495832,azul,verde,heuristica,verde,1,3,29,30,30,1.0000,0.0000,627,17,594,16
474,1889495832,azul,vermelho,heuristica,verde,0,-3,29,150,120,1.2500,0.0370,908,149,604,155
474,1889495832,azul,azul,heuristica,verde,0,-3,29,90,120,0.7500,0.0000,422,79,268,75
475,2075334735,verde,verde,heuristica,vermelho,0,-3,14,100,110,0.9091,0.3846,492,114,281,97
475,2075334735,verde,vermelho,heuristica,vermelho,1,3,14,60,30,2.0000,0.2143,437,52,336,49
475,2075334735,verde,azul,heuristica,vermelho,0,-3,14,80,100,0.8000,0.2308,542,133,281,128
476,518344282,vermelho,verde,heuristica,verde,1,3,11,60,30,2.0000,0.0000,325,51,226,48
476,518344282,vermelho,vermelho,heuristica,verde,0,-3,11,50,110,0.4545,0.2857,379,103,176,100
476,518344282,vermelho,azul,heuristica,verde,0,-3,11,140,110,1.2727,0.4000,506,131,251,124
477,664865225,azul,verde,heuristica,verde,1,3,19,30,30,1.0000,0.3333,553,52,451,50
477,664865225,azul,vermelho,heuristica,verde,0,-3,19,70,100,0.7000,0.2857,359,98,169,92
477,664865225,azul,azul,heuristica,verde,0,-3,19,130,100,1.3000,0.3889,719,141,437,141
478,1713655207,verde,verde,heuristica,azul,0,-3,30,100,120,0.8333,0.2667,890,102,692,96
478,1713655207,verde,vermelho,heuristica,azul,0,-3,30,90,100,0.9000,0.3333,345,97,148,100
478,1713655207,verde,azul,heuristica,azul,1,3,30,30,0,30.0000,0.0667,770,29,709,32
479,927898304,vermelho,verde,heuristica,vermelho,0,-3,14,120,110,1.0909,0.2308,561,122,317,122
479,927898304,vermelho,vermelho,heuristica,vermelho,1,3,14,30,0,30.0000,0.0000,413,27,361,25
479,927898304,vermelho,azul,heuristica,vermelho,0,-3,14,80,120,0.6667,0.2000,280,79,126,75
480,512606905,azul,verde,heuristica,verde,1,3,12,60,30,2.0000,0.0000,382,53,279,50
480,512606905,azul,vermelho,heuristica,verde,0,-3,12,50,100,0.5000,0.2857,374,100,175,99
480,512606905,azul,azul,heuristica,verde,0,-3,12,130,110,1.1818,0.2727,534,133,276,125
481,741330521,verde,verde,heuristica,azul,0,-3,27,90,120,0.7500,0.0000,354,87,178,89
481,741330521,verde,vermelho,heuristica,azul,0,-3,27,120,120,1.0000,0.0000,791,103,590,98
481,741330521,verde,azul,heuristica,azul,1,3,27,30,0,30.0000,0.1111,652,27,600,25
482,1245569230,vermelho,verde,heuristica,vermelho,0,-3,35,120,120,1.0000,0.0000,940,87,771,82
482,1245569230,vermelho,vermelho,heuristica,vermelho,1,3,35,30,0,30.0000,0.1143,761,18,727,16
482,1245569230,vermelho,azul,heuristica,vermelho,0,-3,35,90,120,0.7500,0.0000,232,64,109,59
483,1772636271,azul,verde,heuristica,azul,0,-3,23,90,110,0.8182,0.1111,422,105,217,100
483,1772636271,azul,vermelho,heuristica,azul,0,-3,23,140,120,1.1667,0.1364,948,205,544,199
483,1772636271,azul,azul,heuristica,azul,1,3,23,30,30,1.0000,0.1304,612,28,559,25
484,439522726,verde,verde,heuristica,vermelho,0,-3,22,150,120,1.2500,0.0000,788,134,522,132
484,439522726,verde,vermelho,heuristica,vermelho,1,3,22,30,30,1.0000,0.0000,517,18,483,16
484,439522726,verde,azul,heuristica,vermelho,0,-3,22,90,120,0.7500,0.0000,380,104,176,100
485,1210558033,vermelho,verde,heuristica,azul,0,-3,19,60,110,0.5455,0.1667,466,96,274,96
485,1210558033,vermelho,vermelho,heuristica,azul,0,-3,19,140,120,1.1667,0.2632,700,123,462,115
485,1210558033,vermelho,azul,heuristica,azul,1,3,19,60,30,2.0000,0.0000,580,69,437,74
486,1816776073,azul,verde,heuristica,verde,1,3,16,30,0,30.0000,0.0000,467,44,373,50
486,1816776073,azul,vermelho,heuristica,verde,0,-3,16,90,100,0.9000,0.6000,473,122,239,112
486,1816776073,azul,azul,heuristica,verde,0,-3,16,100,120,0.8333,0.4000,638,143,353,142
487,808127244,verde,verde,heuristica,azul,0,-3,12,90,120,0.7500,0.0000,306,66,178,62
487,808127244,verde,vermelho,heuristica,azul,0,-3,12,120,120,1.0000,0.0000,490,108,276,106
487,808127244,verde,azul,heuristica,azul,1,3,12,30,0,30.0000,0.0000,351,27,299,25
488,69747369,vermelho,verde,heuristica,empate,0,-1,100,0,0,0.0000,0.0101,1794,0,1794,0
488,69747369,vermelho,vermelho,heuristica,empate,0,-1,100,0,0,0.0000,0.9800,2018,51,1967,0
488,69747369,vermelho,azul,heuristica,empate,0,-1,100,0,0,0.0000,0.0000,2002,49,1953,0
489,1668374150,azul,verde,heuristica,vermelho,0,-3,14,90,100,0.9000,0.2222,410,100,211,99
489,1668374150,azul,vermelho,heuristica,vermelho,1,3,14,30,30,1.0000,0.0000,381,27,329,25
489,1668374150,azul,azul,heuristica,vermelho,0,-3,14,130,120,1.0833,0.1538,561,129,310,122
490,1304348503,verde,verde,heuristica,vermelho,0,-3,12,120,120,1.0000,0.0000,494,104,291,99
490,1304348503,verde,vermelho,heuristica,vermelho,1,3,12,30,0,30.0000,0.0000,441,69,297,75
490,1304348503,verde,azul,heuristica,vermelho,0,-3,12,90,120,0.7500,0.0000,280,79,126,75
491,133541920,vermelho,verde,heuristica,verde,1,3,17,30,30,1.0000,0.0625,440,44,355,41
491,133541920,vermelho,vermelho,heuristica,verde,0,-3,17,150,120,1.2500,0.0000,670,140,387,143
491,133541920,vermelho,azul,heuristica,verde,0,-3,17,90,120,0.7500,0.0000,319,79,165,75
492,1603595673,azul,verde,heuristica,vermelho,0,-3,15,150,120,1.2500,0.0000,603,132,346,125
492,1603595673,azul,vermelho,heuristica,vermelho,1,3,15,30,30,1.0000,0.0714,401,27,349,25
492,1603595673,azul,azul,heuristica,vermelho,0,-3,15,90,120,0.7500,0.0000,376,100,176,100
493,1118675268,verde,verde,heuristica,azul,0,-3,19,90,120,0.7500,0.0000,393,96,197,100
493,1118675268,verde,vermelho,heuristica,azul,0,-3,19,150,120,1.2500,0.0000,717,134,451,132
493,1118675268,verde,azul,heuristica,azul,1,3,19,30,30,1.0000,0.1053,474,17,441,16
494,1097557813,vermelho,verde,heuristica,vermelho,0,-3,12,120,120,1.0000,0.0000,564,140,274,150
494,1097557813,vermelho,vermelho,heuristica,vermelho,1,3,12,30,0,30.0000,0.0000,342,27,290,25
494,1097557813,vermelho,azul,heuristica,vermelho,0,-3,12,90,120,0.7500,0.0000,350,101,149,100
495,1791619833,azul,verde,heuristica,vermelho,0,-3,30,100,110,0.9091,0.1724,943,130,690,123
495,1791619833,azul,vermelho,heuristica,vermelho,1,3,30,30,0,30.0000,0.0690,655,17,623,15
495,1791619833,azul,azul,heuristica,vermelho,0,-3,30,80,100,0.8000,0.0909,446,94,261,91
496,1967010406,verde,verde,heuristica,vermelho,0,-3,18,150,110,1.3636,0.1111,690,141,415,134
496,1967010406,verde,vermelho,heuristica,vermelho,1,3,18,30,30,1.0000,0.0556,495,34,429,32
496,1967010406,verde,azul,heuristica,vermelho,0,-3,18,80,120,0.6667,0.0909,420,78,267,75
497,717339568,vermelho,verde,heuristica,empate,0,-1,100,0,0,0.0000,0.0000,1990,50,1940,0
497,717339568,vermelho,vermelho,heuristica,empate,0,-1,100,0,0,0.0000,0.0000,2315,0,2315,0
497,717339568,vermelho,azul,heuristica,empate,0,-1,100,0,0,0.0000,0.0000,2014,50,1964,0
498,671962700,azul,verde,heuristica,verde,1,3,27,20,0,20.0000,0.1538,712,27,660,25
498,671962700,azul,vermelho,heuristica,verde,0,-3,27,110,100,1.1000,0.1600,840,122,599,119
498,671962700,azul,azul,heuristica,verde,0,-3,27,80,110,0.7273,0.3750,402,101,201,100
499,718487412,verde,verde,heuristica,vermelho,0,-3,20,150,120,1.2500,0.0000,732,122,495,115
499,718487412,verde,vermelho,heuristica,vermelho,1,3,20,30,30,1.0000,0.1500,753,126,479,148
499,718487412,verde,azul,heuristica,vermelho,0,-3,20,90,120,0.7500,0.0000,396,98,208,90
500,244965602,vermelho,verde,heuristica,azul,0,-3,29,150,120,1.2500,0.1429,1067,202,672,193
500,244965602,vermelho,vermelho,heuristica,azul,0,-3,29,90,120,0.7500,0.0000,281,79,127,75
500,244965602,vermelho,azul,heuristica,azul,1,3,29,30,30,1.0000,0.1034,695,28,642,25
501,689613760,azul,verde,heuristica,azul,0,-3,42,150,120,1.2500,0.0244,1319,163,989,167
501,689613760,azul,vermelho,heuristica,azul,0,-3,42,90,120,0.7500,0.1579,609,77,458,74
501,689613760,azul,azul,heuristica,azul,1,3,42,30,30,1.0000,0.0000,824,50,727,47
502,201796813,verde,verde,heuristica,verde,1,3,17,30,30,1.0000,0.0000,474,26,423,25
502,201796813,verde,vermelho,heuristica,verde,0,-3,17,80,120,0.6667,0.2000,330,104,126,100
502,201796813,verde,azul,heuristica,verde,0,-3,17,150,110,1.3636,0.1250,742,176,393,173
503,2095621178,vermelho,verde,heuristica,azul,0,-3,29,90,120,0.7500,0.1667,450,94,266,90
503,2095621178,vermelho,vermelho,heuristica,azul,0,-3,29,150,120,1.2500,0.0000,909,123,665,121
503,2095621178,vermelho,azul,heuristica,azul,1,3,29,30,30,1.0000,0.1379,695,17,662,16
504,512691303,azul,verde,heuristica,empate,0,-1,100,90,120,0.7500,0.1538,529,103,326,100
504,512691303,azul,vermelho,heuristica,empate,0,-1,100,0,0,0.0000,0.0000,1709,0,1709,0
504,512691303,azul,azul,heuristica,empate,0,-1,100,120,90,1.3333,0.0200,2149,102,1947,100
505,520339085,verde,verde,heuristica,verde,1,3,11,30,0,30.0000,0.1818,313,26,263,24
505,520339085,verde,vermelho,heuristica,verde,0,-3,11,90,120,0.7500,0.0000,367,78,215,74
505,520339085,verde,azul,heuristica,verde,0,-3,11,120,120,1.0000,0.0000,385,86,218,81
506,319236723,vermelho,verde,heuristica,verde,1,3,21,30,0,30.0000,0.0000,545,27,493,25
506,319236723,vermelho,vermelho,heuristica,verde,0,-3,21,100,110,0.9091,0.2000,727,129,474,124
506,319236723,vermelho,azul,heuristica,verde,0,-3,21,80,100,0.8000,0.8333,358,106,152,100
507,1680688708,azul,verde,heuristica,verde,1,3,26,30,30,1.0000,0.0800,749,82,576,91
507,1680688708,azul,vermelho,heuristica,verde,0,-3,26,150,120,1.2500,0.2917,892,151,594,147
507,1680688708,azul,azul,heuristica,verde,0,-3,26,90,120,0.7500,0.0714,488,79,334,75
508,887407502,verde,verde,heuristica,azul,0,-3,35,90,120,0.7500,0.0000,406,78,255,73
508,887407502,verde,vermelho,heuristica,azul,0,-3,35,150,120,1.2500,0.0571,1096,147,808,141
508,887407502,verde,azul,heuristica,azul,1,3,35,30,30,1.0000,0.0000,804,26,754,24
509,191222333,vermelho,verde,heuristica,vermelho,0,-3,20,110,120,0.9167,0.1053,632,95,448,89
509,191222333,vermelho,vermelho,heuristica,vermelho,1,3,20,30,0,30.0000,0.0500,566,45,477,44
509,191222333,vermelho,azul,heuristica,vermelho,0,-3,20,90,110,0.8182,0.5714,328,85,156,87
510,608521437,azul,verde,heuristica,empate,0,-1,100,0,0,0.0000,0.0101,2040,49,1991,0
510,608521437,azul,vermelho,heuristica,empate,0,-1,100,0,0,0.0000,0.0101,2469,0,2469,0
510,608521437,azul,azul,heuristica,empate,0,-1,100,0,0,0.0000,0.0000,2059,48,2011,0
511,656961761,verde,verde,heuristica,vermelho,0,-3,16,80,100,0.8000,0.2727,471,105,266,100
511,656961761,verde,vermelho,heuristica,vermelho,1,3,16,30,30,1.0000,0.0625,414,30,354,30
511,656961761,verde,azul,heuristica,vermelho,0,-3,16,130,110,1.1818,0.2667,652,142,366,144
512,310149982,vermelho,verde,heuristica,empate,0,-1,100,0,0,0.0000,0.0000,2010,48,1962,0
512,310149982,vermelho,vermelho,heuristica,empate,0,-1,100,0,0,0.0000,0.0000,1999,46,1953,0
512,310149982,vermelho,azul,heuristica,empate,0,-1,100,0,0,0.0000,0.0100,2400,0,2400,0
513,1141277885,azul,verde,heuristica,verde,1,3,45,60,30,2.0000,0.0909,1202,70,1057,75
513,1141277885,azul,vermelho,heuristica,verde,0,-3,45,150,100,1.5000,0.1395,1303,183,947,173
513,1141277885,azul,azul,heuristica,verde,0,-3,45,40,120,0.3333,0.5000,397,95,202,100
514,1226790344,verde,verde,heuristica,azul,0,-3,19,100,100,1.0000,0.2857,710,184,351,175
514,1226790344,verde,vermelho,heuristica,azul,0,-3,19,60,100,0.6000,0.2105,727,157,470,100
514,1226790344,verde,azul,heuristica,azul,1,3,19,130,90,1.4444,0.3684,829,173,481,175
515,1535129199,vermelho,verde,heuristica,azul,0,-3,25,90,120,0.7500,0.1667,496,104,292,100
515,1535129199,vermelho,vermelho,heuristica,azul,0,-3,25,120,120,1.0000,0.0800,902,144,617,141
515,1535129199,vermelho,azul,heuristica,azul,1,3,25,30,0,30.0000,0.2400,645,34,579,32
516,1150841547,azul,verde,heuristica,verde,1,3,18,30,30,1.0000,0.0000,532,66,391,75
516,1150841547,azul,vermelho,heuristica,verde,0,-3,18,140,120,1.1667,0.0625,699,146,403,150
516,1150841547,azul,azul,heuristica,verde,0,-3,18,90,110,0.8182,0.3333,459,78,306,75
517,1165334641,verde,verde,heuristica,azul,0,-3,13,90,120,0.7500,0.0000,321,58,210,53
517,1165334641,verde,vermelho,heuristica,azul,0,-3,13,120,120,1.0000,0.0000,445,83,286,76
517,1165334641,verde,azul,heuristica,azul,1,3,13,30,0,30.0000,0.0769,378,27,326,25
518,681806193,vermelho,verde,heuristica,vermelho,0,-3,12,90,120,0.7500,0.4000,284,89,110,85
518,681806193,vermelho,vermelho,heuristica,vermelho,1,3,12,30,0,30.0000,0.0000,321,27,269,25
518,681806193,vermelho,azul,heuristica,vermelho,0,-3,12,120,120,1.0000,0.0000,473,108,254,111
519,1279852028,azul,verde,heuristica,verde,1,3,14,30,0,30.0000,0.1538,477,86,319,72
519,1279852028,azul,vermelho,heuristica,verde,0,-3,14,90,120,0.7500,0.0000,343,69,209,65
519,1279852028,azul,azul,heuristica,verde,0,-3,14,120,120,1.0000,0.0000,553,120,319,114
520,927686692,verde,verde,heuristica,verde,1,3,28,30,30,1.0000,0.1786,753,53,650,50
520,927686692,verde,vermelho,heuristica,verde,0,-3,28,150,120,1.2500,0.0000,874,146,588,140
520,927686692,verde,azul,heuristica,verde,0,-3,28,90,120,0.7500,0.0000,459,93,281,85
521,1035302288,vermelho,verde,heuristica,verde,1,3,11,60,0,60.0000,0.0000,498,148,250,100
521,1035302288,vermelho,vermelho,heuristica,verde,0,-3,11,90,120,0.7500,0.0000,407,97,235,75
521,1035302288,vermelho,azul,heuristica,verde,0,-3,11,90,120,0.7500,0.0000,422,95,227,100
522,984794711,azul,verde,heuristica,verde,1,3,21,60,60,1.0000,0.0500,594,79,440,75
522,984794711,azul,vermelho,heuristica,verde,0,-3,21,180,120,1.5000,0.0526,783,176,436,171
522,984794711,azul,azul,heuristica,verde,0,-3,21,60,120,0.5000,0.1000,395,77,244,74
523,327484689,verde,verde,heuristica,vermelho,0,-3,15,90,120,0.7500,0.0000,370,72,230,68
523,327484689,verde,vermelho,heuristica,vermelho,1,3,15,30,20,1.5000,0.0667,431,27,379,25
523,327484689,verde,azul,heuristica,vermelho,0,-3,15,140,120,1.1667,0.0714,649,163,325,161
524,386297152,vermelho,verde,heuristica,vermelho,0,-3,24,90,120,0.7500,0.0000,419,70,284,65
524,386297152,vermelho,vermelho,heuristica,vermelho,1,3,24,30,0,30.0000,0.1250,678,42,590,46
524,386297152,vermelho,azul,heuristica,vermelho,0,-3,24,120,120,1.0000,0.0000,677,93,497,87
525,349317291,azul,verde,heuristica,vermelho,0,-3,28,150,120,1.2500,0.0370,867,121,633,113
525,349317291,azul,vermelho,heuristica,vermelho,1,3,28,30,30,1.0000,0.0000,594,17,561,16
525,349317291,azul,azul,heuristica,vermelho,0,-3,28,90,120,0.7500,0.0000,350,94,162,94
526,2000841264,verde,verde,heuristica,vermelho,0,-3,43,90,120,0.7500,0.0000,305,66,177,62
526,2000841264,verde,vermelho,heuristica,vermelho,1,3,43,10,30,0.3333,0.0930,1073,26,1023,24
526,2000841264,verde,azul,heuristica,vermelho,0,-3,43,150,100,1.5000,0.0714,1175,113,959,103
527,1679114366,vermelho,verde,heuristica,verde,1,3,22,60,60,1.0000,0.0476,624,53,521,50
527,1679114366,vermelho,vermelho,heuristica,verde,0,-3,22,160,110,1.4545,0.4286,932,205,527,200
527,1679114366,vermelho,azul,heuristica,verde,0,-3,22,50,100,0.5000,0.5714,434,133,176,125
528,54272465,azul,verde,heuristica,vermelho,0,-3,17,150,120,1.2500,0.0000,738,178,391,169
528,54272465,azul,vermelho,heuristica,vermelho,1,3,17,30,30,1.0000,0.1250,417,27,365,25
528,54272465,azul,azul,heuristica,vermelho,0,-3,17,90,120,0.7500,0.0000,459,92,270,97
529,2003592322,verde,verde,heuristica,azul,0,-3,26,90,120,0.7500,0.0000,410,79,256,75
529,2003592322,verde,vermelho,heuristica,azul,0,-3,26,150,120,1.2500,0.0000,846,130,585,131
529,2003592322,verde,azul,heuristica,azul,1,3,26,30,30,1.0000,0.0769,457,29,396,32
530,1331448970,vermelho,verde,heuristica,azul,0,-3,16,90,120,0.7500,0.0000,435,76,287,72
530,1331448970,vermelho,vermelho,heuristica,azul,0,-3,16,150,120,1.2500,0.0000,776,201,382,193
530,1331448970,vermelho,azul,heuristica,azul,1,3,16,30,30,1.0000,0.0000,438,25,390,23
531,482643454,azul,verde,heuristica,azul,0,-3,22,100,110,0.9091,0.2857,925,197,528,200
531,482643454,azul,vermelho,heuristica,azul,0,-3,22,80,100,0.8000,0.3750,437,120,195,122
531,482643454,azul,azul,heuristica,azul,1,3,22,30,0,30.0000,0.0000,489,27,437,25
532,1779565378,verde,verde,heuristica,azul,0,-3,21,90,110,0.8182,0.0588,497,59,382,56
532,1779565378,verde,vermelho,heuristica,azul,0,-3,21,140,120,1.1667,0.1429,691,112,469,110
532,1779565378,verde,azul,heuristica,azul,1,3,21,30,30,1.0000,0.0476,513,18,479,16
533,2054481438,vermelho,verde,heuristica,verde,1,3,26,30,0,30.0000,0.0800,699,44,605,50
533,2054481438,vermelho,vermelho,heuristica,verde,0,-3,26,120,120,1.0000,0.0400,809,129,557,123
533,2054481438,vermelho,azul,heuristica,verde,0,-3,26,90,120,0.7500,0.0000,311,70,176,65
534,1078675238,azul,verde,heuristica,azul,0,-3,18,120,120,1.0000,0.0000,587,97,399,91
534,1078675238,azul,vermelho,heuristica,azul,0,-3,18,90,120,0.7500,0.0000,289,77,140,72
534,1078675238,azul,azul,heuristica,azul,1,3,18,30,0,30.0000,0.0000,459,24,413,22
535,843908336,verde,verde,heuristica,verde,1,3,16,70,10,7.0000,0.1875,589,97,393,99
535,843908336,verde,vermelho,heuristica,verde,0,-3,16,130,100,1.3000,0.5333,737,183,379,175
535,843908336,verde,azul,heuristica,verde,0,-3,16,30,120,0.2500,0.0000,377,101,176,100
536,681987113,vermelho,verde,heuristica,azul,0,-3,19,120,120,1.0000,0.0000,647,105,442,100
536,681987113,vermelho,vermelho,heuristica,azul,0,-3,19,90,120,0.7500,0.0000,477,101,276,100
536,681987113,vermelho,azul,heuristica,azul,1,3,19,30,0,30.0000,0.1579,571,44,477,50
537,1423106760,azul,verde,heuristica,vermelho,0,-3,15,120,120,1.0000,0.0000,549,105,344,100
537,1423106760,azul,vermelho,heuristica,vermelho,1,3,15,30,0,30.0000,0.0000,343,17,310,16
537,1423106760,azul,azul,heuristica,vermelho,0,-3,15,90,120,0.7500,0.0000,281,79,127,75
538,1079511724,verde,verde,heuristica,azul,0,-3,18,90,120,0.7500,0.1250,383,100,187,96
538,1079511724,verde,vermelho,heuristica,azul,0,-3,18,150,120,1.2500,0.0556,680,124,440,116
538,1079511724,verde,azul,heuristica,azul,1,3,18,30,30,1.0000,0.1111,488,38,413,37
539,419734749,vermelho,verde,heuristica,azul,0,-3,21,30,120,0.2500,0.1111,427,101,226,100
539,419734749,vermelho,vermelho,heuristica,azul,0,-3,21,210,120,1.7500,0.0952,832,173,497,162
539,419734749,vermelho,azul,heuristica,azul,1,3,21,90,90,1.0000,0.0000,611,85,445,81
540,1655343181,azul,verde,heuristica,azul,0,-3,22,150,120,1.2500,0.0952,749,133,491,125
540,1655343181,azul,vermelho,heuristica,azul,0,-3,22,90,120,0.7500,0.0000,376,101,175,100
540,1655343181,azul,azul,heuristica,azul,1,3,22,30,30,1.0000,0.0909,548,25,499,24
541,1499152475,verde,verde,heuristica,vermelho,0,-3,19,70,100,0.7000,0.2222,363,88,213,62
541,1499152475,verde,vermelho,heuristica,vermelho,1,3,19,30,0,30.0000,0.1579,599,88,440,71
541,1499152475,verde,azul,heuristica,vermelho,0,-3,19,100,100,1.0000,0.2778,614,114,400,100
542,1832667766,vermelho,verde,heuristica,verde,1,3,23,30,30,1.0000,0.0455,605,26,554,25
542,1832667766,vermelho,vermelho,heuristica,verde,0,-3,23,150,120,1.2500,0.1818,1045,246,550,249
542,1832667766,vermelho,azul,heuristica,verde,0,-3,23,90,120,0.7500,0.0000,463,126,216,121
543,1264378068,azul,verde,heuristica,azul,0,-3,32,140,120,1.1667,0.0968,1059,150,752,157
543,1264378068,azul,vermelho,heuristica,azul,0,-3,32,90,110,0.8182,0.1000,408,78,255,75
543,1264378068,azul,azul,heuristica,azul,1,3,32,30,30,1.0000,0.0000,774,17,741,16
544,1308472688,verde,verde,heuristica,verde,1,3,21,30,30,1.0000,0.0000,571,27,520,24
544,1308472688,verde,vermelho,heuristica,verde,0,-3,21,70,100,0.7000,0.1429,290,68,158,64
544,1308472688,verde,azul,heuristica,verde,0,-3,21,130,100,1.3000,0.2000,674,120,443,111
545,1643580531,vermelho,verde,heuristica,azul,0,-3,31,90,120,0.7500,0.0000,374,100,178,96
545,1643580531,vermelho,vermelho,heuristica,azul,0,-3,31,150,120,1.2500,0.0323,970,120,738,112
545,1643580531,vermelho,azul,heuristica,azul,1,3,31,30,30,1.0000,0.0645,706,17,673,16
546,639957133,azul,verde,heuristica,vermelho,0,-3,29,120,120,1.0000,0.0357,865,93,685,87
546,639957133,azul,vermelho,heuristica,vermelho,1,3,29,30,0,30.0000,0.0000,705,26,654,25
546,639957133,azul,azul,heuristica,vermelho,0,-3,29,90,120,0.7500,0.0000,473,69,339,65
547,1965988595,verde,verde,heuristica,azul,0,-3,24,140,120,1.1667,0.0000,812,143,530,139
547,1965988595,verde,vermelho,heuristica,azul,0,-3,24,90,110,0.8182,0.0667,470,67,339,64
547,1965988595,verde,azul,heuristica,azul,1,3,24,30,30,1.0000,0.0000,639,47,546,46
548,785624668,vermelho,verde,heuristica,vermelho,0,-3,12,90,110,0.8182,0.1429,340,89,160,91
548,785624668,vermelho,vermelho,heuristica,vermelho,1,3,12,30,0,30.0000,0.0000,344,26,293,25
548,785624668,vermelho,azul,heuristica,vermelho,0,-3,12,110,120,0.9167,0.0909,478,104,275,99
549,474626655,azul,verde,heuristica,azul,0,-3,21,210,100,2.1000,0.0500,833,190,453,190
549,474626655,azul,vermelho,heuristica,azul,0,-3,21,60,120,0.5000,0.0714,500,93,318,89
549,474626655,azul,azul,heuristica,azul,1,3,21,40,90,0.4444,0.3810,805,145,535,125
550,1347717309,verde,verde,heuristica,vermelho,0,-3,20,90,120,0.7500,0.0000,429,105,224,100
550,1347717309,verde,vermelho,heuristica,vermelho,1,3,20,30,30,1.0000,0.0000,541,26,491,24
550,1347717309,verde,azul,heuristica,vermelho,0,-3,20,150,120,1.2500,0.0000,784,162,457,165
551,1940104168,vermelho,verde,heuristica,vermelho,0,-3,22,150,120,1.2500,0.0000,755,134,489,132
551,1940104168,vermelho,vermelho,heuristica,vermelho,1,3,22,30,30,1.0000,0.0000,539,17,506,16
551,1940104168,vermelho,azul,heuristica,vermelho,0,-3,22,90,120,0.7500,0.0000,354,103,151,100
552,1153931505,azul,verde,heuristica,empate,0,-1,100,90,120,0.7500,0.0000,318,76,170,72
552,1153931505,azul,vermelho,heuristica,empate,0,-1,100,120,90,1.3333,0.4646,2576,125,2332,119
552,1153931505,azul,azul,heuristica,empate,0,-1,100,0,0,0.0000,0.0000,3891,924,1999,968
553,2144325616,verde,verde,heuristica,verde,1,3,17,30,0,30.0000,0.0000,461,26,410,25
553,2144325616,verde,vermelho,heuristica,verde,0,-3,17,120,120,1.0000,0.0000,610,116,381,113
553,2144325616,verde,azul,heuristica,verde,0,-3,17,90,120,0.7500,0.0000,427,92,249,86
554,30024536,vermelho,verde,heuristica,empate,0,-1,100,120,90,1.3333,0.0000,1923,115,1689,119
554,30024536,vermelho,vermelho,heuristica,empate,0,-1,100,0,0,0.0000,0.0000,2492,0,2492,0
554,30024536,vermelho,azul,heuristica,empate,0,-1,100,90,120,0.7500,0.0833,442,95,252,95
555,1910399178,azul,verde,heuristica,verde,1,3,17,30,30,1.0000,0.2500,524,69,386,69
555,1910399178,azul,vermelho,heuristica,verde,0,-3,17,90,120,0.7500,0.1667,299,78,146,75
555,1910399178,azul,azul,heuristica,verde,0,-3,17,150,120,1.2500,0.0000,652,132,396,124
556,1783435411,verde,verde,heuristica,vermelho,0,-3,22,150,120,1.2500,0.0455,789,123,550,116
556,1783435411,verde,vermelho,heuristica,vermelho,1,3,22,30,30,1.0000,0.0909,527,18,493,16
556,1783435411,verde,azul,heuristica,vermelho,0,-3,22,90,120,0.7500,0.0000,350,101,149,100
557,2033767092,vermelho,verde,heuristica,verde,1,3,21,30,0,30.0000,0.2000,530,42,442,46
557,2033767092,vermelho,vermelho,heuristica,verde,0,-3,21,120,120,1.0000,0.0000,710,123,471,116
557,2033767092,vermelho,azul,heuristica,verde,0,-3,21,90,120,0.7500,0.0000,400,72,261,67
558,1903858974,azul,verde,heuristica,verde,1,3,20,30,0,30.0000,0.0000,450,18,416,16
558,1903858974,azul,vermelho,heuristica,verde,0,-3,20,120,120,1.0000,0.0000,675,128,426,121
558,1903858974,azul,azul,heuristica,verde,0,-3,20,90,120,0.7500,0.0000,500,91,313,96
559,1761344236,verde,verde,heuristica,vermelho,0,-3,19,90,120,0.7500,0.0000,376,104,172,100
559,1761344236,verde,vermelho,heuristica,vermelho,1,3,19,30,0,30.0000,0.1053,516,25,467,24
559,1761344236,verde,azul,heuristica,vermelho,0,-3,19,120,120,1.0000,0.0556,641,106,435,100
560,822547579,vermelho,verde,heuristica,vermelho,0,-3,22,90,120,0.7500,0.0000,383,79,229,75
560,822547579,vermelho,vermelho,heuristica,vermelho,1,3,22,30,0,30.0000,0.0000,643,44,549,50
560,822547579,vermelho,azul,heuristica,vermelho,0,-3,22,120,120,1.0000,0.0000,676,105,471,100
561,369036526,azul,verde,heuristica,vermelho,0,-3,69,210,120,1.7500,0.0441,1893,196,1522,175
561,369036526,azul,vermelho,heuristica,vermelho,1,3,69,30,90,0.3333,0.0000,962,67,834,61
561,369036526,azul,azul,heuristica,vermelho,0,-3,69,90,120,0.7500,0.0000,329,70,194,65
562,385294681,verde,verde,heuristica,vermelho,0,-3,30,120,110,1.0909,0.2333,945,102,746,97
562,385294681,verde,vermelho,heuristica,vermelho,1,3,30,20,0,20.0000,0.1667,690,15,659,16
562,385294681,verde,azul,heuristica,vermelho,0,-3,30,90,120,0.7500,0.0000,333,96,141,96
563,1351163531,vermelho,verde,heuristica,azul,0,-3,9,130,110,1.1818,0.3750,456,132,199,125
563,1351163531,vermelho,vermelho,heuristica,azul,0,-3,9,60,110,0.5455,0.3333,351,102,149,100
563,1351163531,vermelho,azul,heuristica,azul,1,3,9,50,20,2.5000,0.1111,383,78,230,75
564,788961864,azul,verde,heuristica,vermelho,0,-3,20,90,120,0.7500,0.0000,577,100,378,99
564,788961864,azul,vermelho,heuristica,vermelho,1,3,20,30,30,1.0000,0.0000,526,27,474,25
564,788961864,azul,azul,heuristica,vermelho,0,-3,20,150,120,1.2500,0.1053,929,233,474,222
565,503141246,verde,verde,heuristica,azul,0,-3,27,90,110,0.8182,0.3125,593,111,373,109
565,503141246,verde,vermelho,heuristica,azul,0,-3,27,140,120,1.1667,0.1852,1118,233,662,223
565,503141246,verde,azul,heuristica,azul,1,3,27,30,30,1.0000,0.0000,680,19,644,17
566,1238521743,vermelho,verde,heuristica,verde,1,3,19,30,0,30.0000,0.1111,469,18,435,16
566,1238521743,vermelho,vermelho,heuristica,verde,0,-3,19,90,110,0.8182,0.0909,469,99,275,95
566,1238521743,vermelho,azul,heuristica,verde,0,-3,19,110,120,0.9167,0.0556,565,97,377,91
567,885807520,azul,verde,heuristica,vermelho,0,-3,14,140,110,1.2727,0.3077,636,166,323,147
567,885807520,azul,vermelho,heuristica,vermelho,1,3,14,40,20,2.0000,0.2308,501,91,312,98
567,885807520,azul,azul,heuristica,vermelho,0,-3,14,70,120,0.5833,0.4000,432,131,229,72
568,267902503,verde,verde,heuristica,verde,1,3,16,30,0,30.0000,0.1250,514,67,372,75
568,267902503,verde,vermelho,heuristica,verde,0,-3,16,110,120,0.9167,0.1333,584,102,382,100
568,267902503,verde,azul,heuristica,verde,0,-3,16,90,110,0.8182,0.2000,271,77,121,73
569,1922683726,vermelho,verde,heuristica,vermelho,0,-3,31,120,110,1.0909,0.0667,900,103,694,103
569,1922683726,vermelho,vermelho,heuristica,vermelho,1,3,31,30,0,30.0000,0.0323,802,29,741,32
569,1922683726,vermelho,azul,heuristica,vermelho,0,-3,31,80,120,0.6667,0.1667,402,68,269,65
570,2065365347,azul,verde,heuristica,azul,0,-3,19,150,120,1.2500,0.0000,616,129,358,129
570,2065365347,azul,vermelho,heuristica,azul,0,-3,19,90,120,0.7500,0.0000,323,67,192,64
570,2065365347,azul,azul,heuristica,azul,1,3,19,30,30,1.0000,0.1053,469,17,437,15
571,322353062,verde,verde,heuristica,empate,0,-1,100,0,0,0.0000,0.0000,2554,0,2554,0
571,322353062,verde,vermelho,heuristica,empate,0,-1,100,0,0,0.0000,0.0000,2085,48,2037,0
571,322353062,verde,azul,heuristica,empate,0,-1,100,0,0,0.0000,0.0000,1958,48,1910,0
572,1785633287,vermelho,verde,heuristica,empate,0,-1,100,30,0,30.0000,0.0000,2239,27,2188,24
572,1785633287,vermelho,vermelho,heuristica,empate,0,-1,100,0,0,0.0000,0.0100,2542,0,2542,0
572,1785633287,vermelho,azul,heuristica,empate,0,-1,100,0,30,0.0000,0.0000,3862,950,2008,904
573,753257138,azul,verde,heuristica,azul,0,-3,34,150,120,1.2500,0.0909,1066,124,826,116
573,753257138,azul,vermelho,heuristica,azul,0,-3,34,90,120,0.7500,0.0000,497,100,298,99
573,753257138,azul,azul,heuristica,azul,1,3,34,30,30,1.0000,0.0882,827,18,793,16
574,1429681041,verde,verde,heuristica,azul,0,-3,31,90,120,0.7500,0.0000,498,69,364,65
574,1429681041,verde,vermelho,heuristica,azul,0,-3,31,150,120,1.2500,0.0645,982,156,679,147
574,1429681041,verde,azul,heuristica,azul,1,3,31,30,30,1.0000,0.0645,653,42,568,43
575,599050119,vermelho,verde,heuristica,empate,0,-1,100,0,0,0.0000,0.0000,1996,49,1947,0
575,599050119,vermelho,vermelho,heuristica,empate,0,-1,100,0,0,0.0000,0.0000,2566,0,2566,0
575,599050119,vermelho,azul,heuristica,empate,0,-1,100,0,0,0.0000,0.0000,2006,48,1958,0
576,880987394,azul,verde,heuristica,azul,0,-3,18,50,120,0.4167,0.3000,457,106,251,100
576,880987394,azul,vermelho,heuristica,azul,0,-3,18,150,110,1.3636,0.3529,735,176,386,173
576,880987394,azul,azul,heuristica,azul,1,3,18,60,30,2.0000,0.1111,529,53,426,50
577,1671317880,verde,verde,heuristica,empate,0,-1,100,0,0,0.0000,0.0000,2599,0,2599,0
577,1671317880,verde,vermelho,heuristica,empate,0,-1,100,0,0,0.0000,0.0000,2030,50,1980,0
577,1671317880,verde,azul,heuristica,empate,0,-1,100,0,0,0.0000,0.4900,1952,63,1866,23
578,1667218631,vermelho,verde,heuristica,empate,0,-1,100,0,0,0.0000,0.3737,3329,576,1961,792
578,1667218631,vermelho,vermelho,heuristica,empate,0,-1,100,100,90,1.1111,0.0600,2386,127,2134,125
578,1667218631,vermelho,azul,heuristica,empate,0,-1,100,90,100,0.9000,0.2143,521,100,321,100
579,1360865676,azul,verde,heuristica,vermelho,0,-3,16,90,120,0.7500,0.0000,460,77,309,74
579,1360865676,azul,vermelho,heuristica,vermelho,1,3,16,30,0,30.0000,0.3333,427,26,376,25
579,1360865676,azul,azul,heuristica,vermelho,0,-3,16,120,120,1.0000,0.1333,577,103,376,98
580,969768113,verde,verde,heuristica,verde,1,3,34,30,0,30.0000,0.1176,849,18,815,16
580,969768113,verde,vermelho,heuristica,verde,0,-3,34,120,120,1.0000,0.0303,1039,119,795,125
580,969768113,verde,azul,heuristica,verde,0,-3,34,90,120,0.7500,0.0000,409,78,256,75
581,828045317,vermelho,verde,heuristica,azul,0,-3,14,150,120,1.2500,0.0000,608,150,313,145
581,828045317,vermelho,vermelho,heuristica,azul,0,-3,14,90,120,0.7500,0.0000,394,102,195,97
581,828045317,vermelho,azul,heuristica,azul,1,3,14,30,30,1.0000,0.0000,365,27,313,25
582,1609858943,azul,verde,heuristica,empate,0,-1,100,90,120,0.7500,0.0000,406,66,279,61
582,1609858943,azul,vermelho,heuristica,empate,0,-1,100,0,0,0.0000,0.0202,2516,0,2516,0
582,1609858943,azul,azul,heuristica,empate,0,-1,100,120,90,1.3333,0.3300,3984,764,2369,851
583,657787211,verde,verde,heuristica,empate,0,-1,100,90,90,1.0000,0.0100,2398,93,2217,88
583,657787211,verde,vermelho,heuristica,empate,0,-1,100,0,0,0.0000,0.0400,1763,0,1763,0
583,657787211,verde,azul,heuristica,empate,0,-1,100,90,90,1.0000,0.4000,4103,994,2120,989
584,1500741286,vermelho,verde,heuristica,verde,1,3,24,30,0,30.0000,0.0000,637,27,585,25
584,1500741286,vermelho,vermelho,heuristica,verde,0,-3,24,120,120,1.0000,0.0000,843,145,551,147
584,1500741286,vermelho,azul,heuristica,verde,0,-3,24,90,120,0.7500,0.2222,700,139,421,140
585,1216752255,azul,verde,heuristica,verde,1,3,54,60,30,2.0000,0.0755,1285,35,1218,32
585,1216752255,azul,vermelho,heuristica,verde,0,-3,54,150,120,1.2500,0.0000,1292,83,1135,74
585,1216752255,azul,azul,heuristica,verde,0,-3,54,60,120,0.5000,0.0000,292,47,203,42
586,170355655,verde,verde,heuristica,azul,0,-3,15,150,120,1.2500,0.0667,650,152,355,143
586,170355655,verde,vermelho,heuristica,azul,0,-3,15,90,120,0.7500,0.0000,462,104,258,100
586,170355655,verde,azul,heuristica,azul,1,3,15,30,30,1.0000,0.0667,438,27,386,25
587,522938142,vermelho,verde,heuristica,vermelho,0,-3,32,90,100,0.9000,0.1667,643,155,370,118
587,522938142,vermelho,vermelho,heuristica,vermelho,1,3,32,30,0,30.0000,0.0625,956,80,801,75
587,522938142,vermelho,azul,heuristica,vermelho,0,-3,32,100,120,0.8333,0.1613,1083,151,784,148
588,1224265644,azul,verde,heuristica,verde,1,3,26,30,0,30.0000,0.0800,635,28,582,25
588,1224265644,azul,vermelho,heuristica,verde,0,-3,26,90,120,0.7500,0.1000,607,67,478,62
588,1224265644,azul,azul,heuristica,verde,0,-3,26,120,120,1.0000,0.0000,738,105,530,103
589,2071903378,verde,verde,heuristica,azul,0,-3,22,60,110,0.5455,0.4286,380,103,177,100
589,2071903378,verde,vermelho,heuristica,azul,0,-3,22,170,120,1.4167,0.0909,868,173,518,177
589,2071903378,verde,azul,heuristica,azul,1,3,22,60,60,1.0000,0.1818,601,42,519,40
590,239551354,vermelho,verde,heuristica,verde,1,3,13,30,0,30.0000,0.0000,320,23,278,19
590,239551354,vermelho,vermelho,heuristica,verde,0,-3,13,120,120,1.0000,0.0000,540,121,296,123
590,239551354,vermelho,azul,heuristica,verde,0,-3,13,90,120,0.7500,0.0000,358,78,205,75
591,1331453486,azul,verde,heuristica,azul,0,-3,28,150,120,1.2500,0.1481,988,172,645,171
591,1331453486,azul,vermelho,heuristica,azul,0,-3,28,90,120,0.7500,0.0000,435,78,282,75
591,1331453486,azul,azul,heuristica,azul,1,3,28,30,30,1.0000,0.0000,644,18,610,16
592,700635290,verde,verde,heuristica,azul,0,-3,11,90,120,0.7500,0.0000,404,104,200,100
592,700635290,verde,vermelho,heuristica,azul,0,-3,11,150,120,1.2500,0.0000,531,131,275,125
592,700635290,verde,azul,heuristica,azul,1,3,11,30,30,1.0000,0.0000,330,27,278,25
593,1793610634,vermelho,verde,heuristica,verde,1,3,29,30,30,1.0000,0.0000,699,17,666,16
593,1793610634,vermelho,vermelho,heuristica,verde,0,-3,29,150,120,1.2500,0.2143,886,128,635,123
593,1793610634,vermelho,azul,heuristica,verde,0,-3,29,90,120,0.7500,0.0000,317,72,178,67
594,1428201362,azul,verde,heuristica,vermelho,0,-3,15,150,120,1.2500,0.0714,529,113,312,104
594,1428201362,azul,vermelho,heuristica,vermelho,1,3,15,30,30,1.0000,0.2143,368,20,331,17
594,1428201362,azul,azul,heuristica,vermelho,0,-3,15,90,120,0.7500,0.0000,351,91,172,88
595,40425461,verde,verde,heuristica,verde,1,3,65,60,60,1.0000,0.0462,1506,42,1424,40
595,40425461,verde,vermelho,heuristica,verde,0,-3,65,170,120,1.4167,0.1406,1813,177,1463,173
595,40425461,verde,azul,heuristica,verde,0,-3,65,60,110,0.5455,0.3846,519,115,288,116
596,1462276455,vermelho,verde,heuristica,azul,0,-3,18,90,120,0.7500,0.0000,471,79,317,75
596,1462276455,vermelho,vermelho,heuristica,azul,0,-3,18,150,120,1.2500,0.0000,757,168,418,171
596,1462276455,vermelho,azul,heuristica,azul,1,3,18,30,30,1.0000,0.0556,766,170,446,150
597,2054249709,azul,verde,heuristica,vermelho,0,-3,25,60,100,0.6000,0.7857,563,135,300,128
597,2054249709,azul,vermelho,heuristica,vermelho,1,3,25,60,30,2.0000,0.0417,770,92,578,100
597,2054249709,azul,azul,heuristica,vermelho,0,-3,25,130,120,1.0833,0.5417,892,189,528,175
598,630302914,verde,verde,heuristica,vermelho,0,-3,20,150,120,1.2500,0.0500,778,169,448,161
598,630302914,verde,vermelho,heuristica,vermelho,1,3,20,30,30,1.0000,0.0500,559,26,508,25
598,630302914,verde,azul,heuristica,vermelho,0,-3,20,90,120,0.7500,0.0625,597,120,363,114
599,1951134645,vermelho,verde,heuristica,azul,0,-3,15,180,110,1.6364,0.2857,662,159,353,150
599,1951134645,vermelho,vermelho,heuristica,azul,0,-3,15,50,120,0.4167,0.3333,355,104,151,100
599,1951134645,vermelho,azul,heuristica,azul,1,3,15,60,60,1.0000,0.0000,408,52,307,49
600,1030142316,azul,verde,heuristica,verde,1,3,14,30,0,30.0000,0.1538,381,27,329,25
600,1030142316,azul,vermelho,heuristica,verde,0,-3,14,110,120,0.9167,0.2500,525,120,283,122
600,1030142316,azul,azul,heuristica,verde,0,-3,14,90,110,0.8182,0.1429,377,101,176,100
601,1015889351,verde,verde,heuristica,azul,0,-3,29,90,120,0.7500,0.0667,582,100,382,100
601,1015889351,verde,vermelho,heuristica,azul,0,-3,29,120,120,1.0000,0.1379,1162,233,705,224
601,1015889351,verde,azul,heuristica,azul,1,3,29,30,0,30.0000,0.0000,722,20,685,17
602,205782876,vermelho,verde,heuristica,azul,0,-3,9,90,120,0.7500,0.0000,351,100,151,100
602,205782876,vermelho,vermelho,heuristica,azul,0,-3,9,120,120,1.0000,0.0000,432,105,227,100
602,205782876,vermelho,azul,heuristica,azul,1,3,9,30,0,30.0000,0.1111,264,22,222,20
603,1233340021,azul,verde,heuristica,vermelho,0,-3,40,150,120,1.2500,0.0256,1094,128,846,120
603,1233340021,azul,vermelho,heuristica,vermelho,1,3,40,60,30,2.0000,0.0513,1008,46,921,41
603,1233340021,azul,azul,heuristica,vermelho,0,-3,40,60,120,0.5000,0.0000,381,94,194,93
604,2014491557,verde,verde,heuristica,verde,1,3,25,30,30,1.0000,0.0800,857,115,617,125
604,2014491557,verde,vermelho,heuristica,verde,0,-3,25,150,110,1.3636,0.1250,876,164,551,161
604,2014491557,verde,azul,heuristica,verde,0,-3,25,80,120,0.6667,0.0667,498,81,343,74
605,1314928140,vermelho,verde,heuristica,azul,0,-3,22,120,120,1.0000,0.0000,716,104,515,97
605,1314928140,vermelho,vermelho,heuristica,azul,0,-3,22,90,120,0.7500,0.1111,397,92,208,97
605,1314928140,vermelho,azul,heuristica,azul,1,3,22,30,0,30.0000,0.0455,542,17,509,16
606,1869575208,azul,verde,heuristica,vermelho,0,-3,24,90,120,0.7500,0.0000,407,99,213,95
606,1869575208,azul,vermelho,heuristica,vermelho,1,3,24,30,0,30.0000,0.1304,585,25,532,28
606,1869575208,azul,azul,heuristica,vermelho,0,-3,24,120,120,1.0000,0.0435,725,103,525,97
607,412083840,verde,verde,heuristica,verde,1,3,20,30,30,1.0000,0.0000,562,26,511,25
607,412083840,verde,vermelho,heuristica,verde,0,-3,20,150,120,1.2500,0.0526,823,188,450,185
607,412083840,verde,azul,heuristica,verde,0,-3,20,90,120,0.7500,0.5000,509,117,277,115
608,1705502126,vermelho,verde,heuristica,verde,1,3,31,30,0,30.0000,0.0667,605,19,571,15
608,1705502126,vermelho,vermelho,heuristica,verde,0,-3,31,90,120,0.7500,0.0000,337,74,194,69
608,1705502126,vermelho,azul,heuristica,verde,0,-3,31,120,120,1.0000,0.0000,933,122,699,112
609,360032754,azul,verde,heuristica,vermelho,0,-3,40,60,110,0.5455,0.4615,632,154,328,150
609,360032754,azul,vermelho,heuristica,vermelho,1,3,40,60,30,2.0000,0.0000,1018,52,917,49
609,360032754,azul,azul,heuristica,vermelho,0,-3,40,140,120,1.1667,0.1795,1338,183,980,175
610,1703396810,verde,verde,heuristica,verde,1,3,18,60,60,1.0000,0.0556,503,69,360,74
610,1703396810,verde,vermelho,heuristica,verde,0,-3,18,60,120,0.5000,0.4444,398,106,195,97
610,1703396810,verde,azul,heuristica,verde,0,-3,18,180,120,1.5000,0.2941,697,155,396,146
611,1813539174,vermelho,verde,heuristica,verde,1,3,14,30,30,1.0000,0.1538,365,27,313,25
611,1813539174,vermelho,vermelho,heuristica,verde,0,-3,14,130,120,1.0833,0.2308,494,121,262,111
611,1813539174,vermelho,azul,heuristica,verde,0,-3,14,90,100,0.9000,0.2222,321,74,176,71
612,1326081846,azul,verde,heuristica,verde,1,3,23,30,0,30.0000,0.0000,364,18,330,16
612,1326081846,azul,vermelho,heuristica,verde,0,-3,23,90,120,0.7500,0.0000,409,78,256,75
612,1326081846,azul,azul,heuristica,verde,0,-3,23,120,120,1.0000,0.0455,802,139,522,141
613,1251722137,verde,verde,heuristica,empate,0,-1,100,0,0,0.0000,0.0100,1773,0,1773,0
613,1251722137,verde,vermelho,heuristica,empate,0,-1,100,0,0,0.0000,0.0000,2051,49,2002,0
613,1251722137,verde,azul,heuristica,empate,0,-1,100,0,0,0.0000,0.0000,1679,50,1629,0
614,279383135,vermelho,verde,heuristica,empate,0,-1,100,90,120,0.7500,0.0000,360,71,223,66
614,279383135,vermelho,vermelho,heuristica,empate,0,-1,100,0,0,0.0000,0.0000,1246,0,1246,0
614,279383135,vermelho,azul,heuristica,empate,0,-1,100,120,90,1.3333,0.0300,2255,112,2038,105
615,2053490072,azul,verde,heuristica,verde,1,3,20,30,30,1.0000,0.2105,489,17,456,16
615,2053490072,azul,vermelho,heuristica,verde,0,-3,20,150,120,1.2500,0.0000,692,134,426,132
615,2053490072,azul,azul,heuristica,verde,0,-3,20,90,120,0.7500,0.0000,282,80,127,75
616,469087286,verde,verde,heuristica,verde,1,3,16,20,0,20.0000,0.0625,424,27,372,25
616,469087286,verde,vermelho,heuristica,verde,0,-3,16,90,120,0.7500,0.0667,670,144,376,150
616,469087286,verde,azul,heuristica,verde,0,-3,16,120,110,1.0909,0.0667,567,105,362,100
617,244808538,vermelho,verde,heuristica,verde,1,3,24,30,30,1.0000,0.0435,635,40,553,42
617,244808538,vermelho,vermelho,heuristica,verde,0,-3,24,80,120,0.6667,0.1333,492,69,358,65
617,244808538,vermelho,azul,heuristica,verde,0,-3,24,150,110,1.3636,0.1739,757,117,532,108
618,1697912004,azul,verde,heuristica,verde,1,3,13,30,0,30.0000,0.0000,352,26,301,25
618,1697912004,azul,vermelho,heuristica,verde,0,-3,13,120,120,1.0000,0.0000,519,119,275,125
618,1697912004,azul,azul,heuristica,verde,0,-3,13,90,120,0.7500,0.0000,367,101,170,96
619,1196957329,verde,verde,heuristica,vermelho,0,-3,12,120,120,1.0000,0.0833,493,102,295,96
619,1196957329,verde,vermelho,heuristica,vermelho,1,3,12,30,0,30.0000,0.0000,395,44,301,50
619,1196957329,verde,azul,heuristica,vermelho,0,-3,12,90,120,0.7500,0.0000,324,102,124,98
620,279705624,vermelho,verde,heuristica,vermelho,0,-3,17,150,120,1.2500,0.0000,663,140,388,135
620,279705624,vermelho,vermelho,heuristica,vermelho,1,3,17,60,30,2.0000,0.0000,586,87,406,93
620,279705624,vermelho,azul,heuristica,vermelho,0,-3,17,60,120,0.5000,0.0000,345,70,209,66
621,440487415,azul,verde,heuristica,verde,1,3,25,30,30,1.0000,0.0417,635,27,583,25
621,440487415,azul,vermelho,heuristica,verde,0,-3,25,150,120,1.2500,0.0435,845,144,564,137
621,440487415,azul,azul,heuristica,verde,0,-3,25,90,120,0.7500,0.1500,674,93,491,90
622,532420518,verde,verde,heuristica,azul,0,-3,17,90,120,0.7500,0.0000,404,68,271,65
622,532420518,verde,vermelho,heuristica,azul,0,-3,17,150,120,1.2500,0.0000,611,121,371,119
622,532420518,verde,azul,heuristica,azul,1,3,17,30,30,1.0000,0.0000,444,17,411,16
623,1534020729,vermelho,verde,heuristica,vermelho,0,-3,11,90,120,0.7500,0.0000,355,104,151,100
623,1534020729,vermelho,vermelho,heuristica,vermelho,1,3,11,30,30,1.0000,0.0909,330,27,278,25
623,1534020729,vermelho,azul,heuristica,vermelho,0,-3,11,150,120,1.2500,0.0000,495,129,243,123
624,1330977352,azul,verde,heuristica,vermelho,0,-3,26,120,120,1.0000,0.1600,901,160,586,155
624,1330977352,azul,vermelho,heuristica,vermelho,1,3,26,90,30,3.0000,0.0000,791,93,607,91
624,1330977352,azul,azul,heuristica,vermelho,0,-3,26,60,120,0.5000,0.0000,1021,263,530,228
625,1339491093,verde,verde,heuristica,azul,0,-3,23,90,120,0.7500,0.2500,386,103,184,99
625,1339491093,verde,vermelho,heuristica,azul,0,-3,23,120,120,1.0000,0.0435,758,105,553,100
625,1339491093,verde,azul,heuristica,azul,1,3,23,30,0,30.0000,0.0000,587,29,526,32
626,2136906327,vermelho,verde,heuristica,empate,0,-1,100,0,30,0.0000,0.0000,4221,1081,2105,1035
626,2136906327,vermelho,vermelho,heuristica,empate,0,-1,100,0,0,0.0000,0.0000,2598,0,2598,0
626,2136906327,vermelho,azul,heuristica,empate,0,-1,100,30,0,30.0000,0.0100,2568,67,2438,63
627,523294266,azul,verde,heuristica,verde,1,3,21,30,30,1.0000,0.1500,536,25,488,23
627,523294266,azul,vermelho,heuristica,verde,0,-3,21,150,120,1.2500,0.0000,736,131,481,124
627,523294266,azul,azul,heuristica,verde,0,-3,21,90,120,0.7500,0.0000,396,95,201,100
628,1234858072,verde,verde,heuristica,vermelho,0,-3,18,90,120,0.7500,0.0000,369,71,233,65
628,1234858072,verde,vermelho,heuristica,vermelho,1,3,18,30,30,1.0000,0.0000,484,26,433,25
628,1234858072,verde,azul,heuristica,vermelho,0,-3,18,150,120,1.2500,0.0000,728,164,401,163
629,130403733,vermelho,verde,heuristica,verde,1,3,15,30,0,30.0000,0.2143,405,26,354,25
629,130403733,vermelho,vermelho,heuristica,verde,0,-3,15,90,120,0.7500,0.0000,495,84,324,87
629,130403733,vermelho,azul,heuristica,verde,0,-3,15,120,120,1.0000,0.0714,537,115,316,106
630,444026286,azul,verde,heuristica,azul,0,-3,19,150,120,1.2500,0.1111,741,174,395,172
630,444026286,azul,vermelho,heuristica,azul,0,-3,19,90,120,0.7500,0.0000,325,68,192,65
630,444026286,azul,azul,heuristica,azul,1,3,19,30,30,1.0000,0.0000,569,59,440,70
631,1706054446,verde,verde,heuristica,verde,1,3,25,30,30,1.0000,0.0000,622,26,571,25
631,1706054446,verde,vermelho,heuristica,verde,0,-3,25,140,120,1.1667,0.2500,1050,222,603,225
631,1706054446,verde,azul,heuristica,verde,0,-3,25,90,110,0.8182,0.0833,454,78,301,75
632,1251267710,vermelho,verde,heuristica,azul,0,-3,35,140,120,1.1667,0.0882,1032,122,795,115
632,1251267710,vermelho,vermelho,heuristica,azul,0,-3,35,90,110,0.8182,0.1111,422,101,221,100
632,1251267710,vermelho,azul,heuristica,azul,1,3,35,30,30,1.0000,0.1429,880,34,814,32
633,1966057535,azul,verde,heuristica,azul,0,-3,21,80,110,0.7273,0.1429,357,97,166,94
633,1966057535,azul,vermelho,heuristica,azul,0,-3,21,140,110,1.2727,0.1000,711,126,462,123
633,1966057535,azul,azul,heuristica,azul,1,3,21,30,30,1.0000,0.0000,540,17,507,16
634,1965943761,verde,verde,heuristica,azul,0,-3,16,120,120,1.0000,0.0000,553,95,368,90
634,1965943761,verde,vermelho,heuristica,azul,0,-3,16,90,120,0.7500,0.0714,448,77,293,78
634,1965943761,verde,azul,heuristica,azul,1,3,16,60,30,2.0000,0.1875,551,97,379,75
635,768926301,vermelho,verde,heuristica,empate,0,-1,100,0,0,0.0000,0.4747,2066,48,2018,0
635,768926301,vermelho,vermelho,heuristica,empate,0,-1,100,0,0,0.0000,0.0500,2491,0,2491,0
635,768926301,vermelho,azul,heuristica,empate,0,-1,100,0,0,0.0000,0.0100,2066,47,2019,0
636,1881604470,azul,verde,heuristica,empate,0,-1,100,90,90,1.0000,0.6768,3877,952,1981,944
636,1881604470,azul,vermelho,heuristica,empate,0,-1,100,30,30,1.0000,0.0202,2197,112,2015,70
636,1881604470,azul,azul,heuristica,empate,0,-1,100,120,120,1.0000,0.0000,639,143,363,133
637,1256005152,verde,verde,heuristica,vermelho,0,-3,28,90,120,0.7500,0.0625,562,85,384,93
637,1256005152,verde,vermelho,heuristica,vermelho,1,3,28,30,0,30.0000,0.0357,886,109,668,109
637,1256005152,verde,azul,heuristica,vermelho,0,-3,28,120,120,1.0000,0.0000,875,104,672,99
638,866370088,vermelho,verde,heuristica,verde,1,3,17,50,30,1.6667,0.2500,557,103,382,72
638,866370088,vermelho,vermelho,heuristica,verde,0,-3,17,120,110,1.0909,0.1250,593,102,392,99
638,866370088,vermelho,azul,heuristica,verde,0,-3,17,80,110,0.7273,0.0667,530,99,359,72
639,453976170,azul,verde,heuristica,empate,0,-1,100,110,90,1.2222,0.0202,1727,123,1487,117
639,453976170,azul,vermelho,heuristica,empate,0,-1,100,90,110,0.8182,0.1667,354,104,151,99
639,453976170,azul,azul,heuristica,empate,0,-1,100,0,0,0.0000,0.0000,1857,0,1857,0
640,960568082,verde,verde,heuristica,verde,1,3,21,30,30,1.0000,0.0952,537,18,503,16
640,960568082,verde,vermelho,heuristica,verde,0,-3,21,130,110,1.1818,0.3500,809,156,491,162
640,960568082,verde,azul,heuristica,verde,0,-3,21,80,100,0.8000,0.3333,425,101,227,97
641,1262463845,vermelho,verde,heuristica,verde,1,3,34,30,0,30.0000,0.1212,845,18,811,16
641,1262463845,vermelho,vermelho,heuristica,verde,0,-3,34,90,120,0.7500,0.0000,454,79,301,74
641,1262463845,vermelho,azul,heuristica,verde,0,-3,34,120,120,1.0000,0.0909,1022,121,788,113
642,1248811076,azul,verde,heuristica,verde,1,3,23,30,30,1.0000,0.1818,630,49,531,50
642,1248811076,azul,vermelho,heuristica,verde,0,-3,23,140,120,1.1667,0.0476,829,155,525,149
642,1248811076,azul,azul,heuristica,verde,0,-3,23,90,110,0.8182,0.1818,479,103,276,100
643,1493478306,verde,verde,heuristica,azul,0,-3,21,90,100,0.9000,0.4167,552,128,302,122
643,1493478306,verde,vermelho,heuristica,azul,0,-3,21,130,120,1.0833,0.3810,882,192,504,186
643,1493478306,verde,azul,heuristica,azul,1,3,21,30,30,1.0000,0.0476,549,18,515,16
644,665279136,vermelho,verde,heuristica,azul,0,-3,24,90,120,0.7500,0.0500,710,103,507,100
644,665279136,vermelho,vermelho,heuristica,azul,0,-3,24,150,120,1.2500,0.0833,936,176,591,169
644,665279136,vermelho,azul,heuristica,azul,1,3,24,30,30,1.0000,0.0417,664,79,510,75
645,218716618,azul,verde,heuristica,empate,0,-1,100,0,0,0.0000,0.0101,1880,0,1880,0
645,218716618,azul,vermelho,heuristica,empate,0,-1,100,120,90,1.3333,0.0000,2145,106,1940,99
645,218716618,azul,azul,heuristica,empate,0,-1,100,90,120,0.7500,0.0000,347,80,192,75
646,640258826,verde,verde,heuristica,azul,0,-3,9,120,120,1.0000,0.1111,433,105,228,100
646,640258826,verde,vermelho,heuristica,azul,0,-3,9,90,120,0.7500,0.0000,400,100,200,100
646,640258826,verde,azul,heuristica,azul,1,3,9,30,0,30.0000,0.0000,240,19,204,17
647,1496625869,vermelho,verde,heuristica,azul,0,-3,19,150,100,1.5000,0.2222,622,119,391,112
647,1496625869,vermelho,vermelho,heuristica,azul,0,-3,19,70,120,0.5833,0.1250,324,79,167,78
647,1496625869,vermelho,azul,heuristica,azul,1,3,19,30,30,1.0000,0.0000,507,52,405,50
648,129953772,azul,verde,heuristica,azul,0,-3,19,90,120,0.7500,0.1667,290,76,142,72
648,129953772,azul,vermelho,heuristica,azul,0,-3,19,150,120,1.2500,0.0000,645,118,417,110
648,129953772,azul,azul,heuristica,azul,1,3,19,30,30,1.0000,0.1053,468,31,407,30
649,198795325,verde,verde,heuristica,azul,0,-3,22,120,120,1.0000,0.0455,747,108,533,106
649,198795325,verde,vermelho,heuristica,azul,0,-3,22,90,120,0.7500,0.0000,351,66,223,62
649,198795325,verde,azul,heuristica,azul,1,3,22,30,0,30.0000,0.0455,514,23,470,21
650,1092198279,vermelho,verde,heuristica,verde,1,3,20,30,30,1.0000,0.0526,476,18,442,16
650,1092198279,vermelho,vermelho,heuristica,verde,0,-3,20,140,110,1.2727,0.1579,697,124,457,116
650,1092198279,vermelho,azul,heuristica,verde,0,-3,20,80,110,0.7273,0.2857,325,81,169,75
651,779591759,azul,verde,heuristica,verde,1,3,31,30,0,30.0000,0.0667,838,69,696,73
651,779591759,azul,vermelho,heuristica,verde,0,-3,31,90,120,0.7500,0.0000,423,101,222,100
651,779591759,azul,azul,heuristica,verde,0,-3,31,120,120,1.0000,0.0000,914,106,708,100
652,1317852308,verde,verde,heuristica,empate,0,-1,100,0,0,0.0000,0.0000,2531,0,2531,0
652,1317852308,verde,vermelho,heuristica,empate,0,-1,100,0,0,0.0000,0.4900,2013,49,1964,0
652,1317852308,verde,azul,heuristica,empate,0,-1,100,0,0,0.0000,0.0000,2023,49,1974,0
653,1288168034,vermelho,verde,heuristica,vermelho,0,-3,17,70,120,0.5833,0.0000,452,119,215,118
653,1288168034,vermelho,vermelho,heuristica,vermelho,1,3,17,30,0,30.0000,0.1765,537,74,398,65
653,1288168034,vermelho,azul,heuristica,vermelho,0,-3,17,120,100,1.2000,0.2500,625,142,349,134
654,770170329,azul,verde,heuristica,azul,0,-3,15,90,120,0.7500,0.0000,398,93,207,98
654,770170329,azul,vermelho,heuristica,azul,0,-3,15,120,120,1.0000,0.0000,534,104,334,96
654,770170329,azul,azul,heuristica,azul,1,3,15,30,0,30.0000,0.0667,382,17,349,16
655,1802537942,verde,verde,heuristica,azul,0,-3,35,90,120,0.7500,0.0000,462,101,261,100
655,1802537942,verde,vermelho,heuristica,azul,0,-3,35,150,120,1.2500,0.0571,1038,123,799,116
655,1802537942,verde,azul,heuristica,azul,1,3,35,30,30,1.0000,0.0286,892,18,858,16
656,714072783,vermelho,verde,heuristica,verde,1,3,24,30,0,30.0000,0.1304,577,18,543,16
656,714072783,vermelho,vermelho,heuristica,verde,0,-3,24,120,120,1.0000,0.0435,788,128,527,133
656,714072783,vermelho,azul,heuristica,verde,0,-3,24,90,120,0.7500,0.0000,458,98,267,93
657,1894773843,azul,verde,heuristica,vermelho,0,-3,12,100,100,1.0000,0.1818,466,111,249,106
657,1894773843,azul,vermelho,heuristica,vermelho,1,3,12,30,0,30.0000,0.0909,284,27,232,25
657,1894773843,azul,azul,heuristica,vermelho,0,-3,12,70,100,0.7000,0.2857,280,66,152,62
658,1299649723,verde,verde,heuristica,verde,1,3,38,30,0,30.0000,0.0263,937,29,876,32
658,1299649723,verde,vermelho,heuristica,verde,0,-3,38,90,120,0.7500,0.0000,393,96,203,94
658,1299649723,verde,azul,heuristica,verde,0,-3,38,120,120,1.0000,0.0541,1092,103,892,97
659,951999122,vermelho,verde,heuristica,azul,0,-3,24,170,120,1.4167,0.0435,804,147,515,142
659,951999122,vermelho,vermelho,heuristica,azul,0,-3,24,60,110,0.5455,0.1429,304,73,162,69
659,951999122,vermelho,azul,heuristica,azul,1,3,24,60,60,1.0000,0.0417,592,34,526,32
660,2094539556,azul,verde,heuristica,vermelho,0,-3,20,150,120,1.2500,0.0000,646,115,424,107
660,2094539556,azul,vermelho,heuristica,vermelho,1,3,20,30,30,1.0000,0.1579,530,43,439,48
660,2094539556,azul,azul,heuristica,vermelho,0,-3,20,90,120,0.7500,0.0000,340,88,161,91
661,1988806916,verde,verde,heuristica,verde,1,3,35,30,30,1.0000,0.0857,893,19,858,16
661,1988806916,verde,vermelho,heuristica,verde,0,-3,35,70,120,0.5833,0.0000,545,79,391,75
661,1988806916,verde,azul,heuristica,verde,0,-3,35,150,100,1.5000,0.2059,1168,192,796,180
662,589686748,vermelho,verde,heuristica,vermelho,0,-3,27,80,120,0.6667,0.2000,329,103,126,100
662,589686748,vermelho,vermelho,heuristica,vermelho,1,3,27,30,30,1.0000,0.0370,743,51,644,48
662,589686748,vermelho,azul,heuristica,vermelho,0,-3,27,150,110,1.3636,0.0385,903,147,618,138
663,2020755370,azul,verde,heuristica,vermelho,0,-3,23,80,120,0.6667,0.1538,568,157,255,156
663,2020755370,azul,vermelho,heuristica,vermelho,1,3,23,30,0,30.0000,0.0000,694,67,552,75
663,2020755370,azul,azul,heuristica,vermelho,0,-3,23,120,110,1.0909,0.0909,665,93,486,86
664,880251236,verde,verde,heuristica,verde,1,3,14,30,30,1.0000,0.0000,361,23,317,21
664,880251236,verde,vermelho,heuristica,verde,0,-3,14,90,120,0.7500,0.0000,297,58,184,55
664,880251236,verde,azul,heuristica,verde,0,-3,14,150,120,1.2500,0.0769,481,114,256,111
665,495973414,vermelho,verde,heuristica,azul,0,-3,13,150,120,1.2500,0.0000,491,115,269,107
665,495973414,vermelho,vermelho,heuristica,azul,0,-3,13,90,120,0.7500,0.0000,324,93,141,90
665,495973414,vermelho,azul,heuristica,azul,1,3,13,30,30,1.0000,0.0000,389,43,305,41
666,984970438,azul,verde,heuristica,verde,1,3,21,30,30,1.0000,0.0500,502,31,439,32
666,984970438,azul,vermelho,heuristica,verde,0,-3,21,150,110,1.3636,0.1579,597,101,400,96
666,984970438,azul,azul,heuristica,verde,0,-3,21,80,120,0.6667,0.0714,417,54,313,50
667,220068118,verde,verde,heuristica,vermelho,0,-3,27,130,120,1.0833,0.1481,909,136,642,131
667,220068118,verde,vermelho,heuristica,vermelho,1,3,27,60,30,2.0000,0.0000,704,35,637,32
667,220068118,verde,azul,heuristica,vermelho,0,-3,27,60,100,0.6000,0.3750,403,103,201,99
668,1454005916,vermelho,verde,heuristica,verde,1,3,26,60,60,1.0000,0.0000,715,48,621,46
668,1454005916,vermelho,vermelho,heuristica,verde,0,-3,26,180,120,1.5000,0.0400,930,167,600,163
668,1454005916,vermelho,azul,heuristica,verde,0,-3,26,60,120,0.5000,0.1818,461,95,266,100
669,111536335,azul,verde,heuristica,verde,1,3,19,30,0,30.0000,0.0000,431,24,384,23
669,111536335,azul,vermelho,heuristica,verde,0,-3,19,90,120,0.7500,0.2000,595,124,351,120
669,111536335,azul,azul,heuristica,verde,0,-3,19,120,120,1.0000,0.1667,626,101,430,95
670,228923756,verde,verde,heuristica,azul,0,-3,26,150,120,1.2500,0.0000,930,142,638,150
670,228923756,verde,vermelho,heuristica,azul,0,-3,26,90,120,0.7500,0.0000,435,79,281,75
670,228923756,verde,azul,heuristica,azul,1,3,26,30,30,1.0000,0.0000,683,27,631,25
671,1575262061,vermelho,verde,heuristica,vermelho,0,-3,18,120,120,1.0000,0.0000,593,104,390,99
671,1575262061,vermelho,vermelho,heuristica,vermelho,1,3,18,120,90,1.3333,0.1667,674,146,433,95
671,1575262061,vermelho,azul,heuristica,vermelho,0,-3,18,90,120,0.7500,0.0000,448,80,294,74
672,1373973555,azul,verde,heuristica,verde,1,3,31,30,0,30.0000,0.0333,858,76,711,71
672,1373973555,azul,vermelho,heuristica,verde,0,-3,31,120,120,1.0000,0.1034,927,124,685,118
672,1373973555,azul,azul,heuristica,verde,0,-3,31,90,120,0.7500,0.0769,531,105,326,100
673,192519457,verde,verde,heuristica,azul,0,-3,33,100,100,1.0000,0.0909,1105,152,808,145
673,192519457,verde,vermelho,heuristica,azul,0,-3,33,70,100,0.7000,0.2000,555,99,357,99
673,192519457,verde,azul,heuristica,azul,1,3,33,30,0,30.0000,0.0606,757,18,723,16
674,944968278,vermelho,verde,heuristica,verde,1,3,35,30,0,30.0000,0.0000,877,36,806,35
674,944968278,vermelho,vermelho,heuristica,verde,0,-3,35,90,120,0.7500,0.0000,479,101,278,100
674,944968278,vermelho,azul,heuristica,verde,0,-3,35,120,120,1.0000,0.0588,1220,181,866,173
675,2011085058,azul,verde,heuristica,vermelho,0,-3,19,90,120,0.7500,0.0000,581,105,376,100
675,2011085058,azul,vermelho,heuristica,vermelho,1,3,19,30,0,30.0000,0.1667,480,43,390,47
675,2011085058,azul,azul,heuristica,vermelho,0,-3,19,120,120,1.0000,0.1111,756,167,421,168
676,88572083,verde,verde,heuristica,azul,0,-3,21,90,120,0.7500,0.1429,376,100,176,100
676,88572083,verde,vermelho,heuristica,azul,0,-3,21,120,120,1.0000,0.0000,725,105,520,100
676,88572083,verde,azul,heuristica,azul,1,3,21,30,0,30.0000,0.0952,594,50,496,48
677,1970560963,vermelho,verde,heuristica,verde,1,3,27,30,0,30.0000,0.0769,630,18,596,16
677,1970560963,vermelho,vermelho,heuristica,verde,0,-3,27,120,110,1.0909,0.1923,787,105,582,100
677,1970560963,vermelho,azul,heuristica,verde,0,-3,27,80,120,0.6667,0.1429,348,89,166,93
678,307584755,azul,verde,heuristica,vermelho,0,-3,18,90,120,0.7500,0.1538,511,96,316,99
678,307584755,azul,vermelho,heuristica,vermelho,1,3,18,30,0,30.0000,0.0000,497,66,381,50
678,307584755,azul,azul,heuristica,vermelho,0,-3,18,120,120,1.0000,0.0000,818,209,412,197
679,1869256894,verde,verde,heuristica,verde,1,3,21,30,0,30.0000,0.1905,565,18,531,16
679,1869256894,verde,vermelho,heuristica,verde,0,-3,21,110,120,0.9167,0.1000,683,102,485,96
679,1869256894,verde,azul,heuristica,verde,0,-3,21,90,110,0.8182,0.1000,427,97,234,96
680,79134275,vermelho,verde,heuristica,azul,0,-3,11,90,120,0.7500,0.0000,247,68,115,64
680,79134275,vermelho,vermelho,heuristica,azul,0,-3,11,160,120,1.3333,0.1818,556,148,268,140
680,79134275,vermelho,azul,heuristica,azul,1,3,11,30,40,0.7500,0.2727,421,69,277,75
681,1664664159,azul,verde,heuristica,empate,0,-1,100,0,0,0.0000,0.4646,1965,48,1917,0
681,1664664159,azul,vermelho,heuristica,empate,0,-1,100,0,0,0.0000,0.0202,2546,0,2546,0
681,1664664159,azul,azul,heuristica,empate,0,-1,100,0,0,0.0000,0.0000,2029,47,1982,0
682,460515643,verde,verde,heuristica,vermelho,0,-3,20,120,120,1.0000,0.0000,778,158,459,161
682,460515643,verde,vermelho,heuristica,vermelho,1,3,20,30,0,30.0000,0.1000,537,27,485,25
682,460515643,verde,azul,heuristica,vermelho,0,-3,20,90,120,0.7500,0.0000,392,95,198,99
683,947373156,vermelho,verde,heuristica,azul,0,-3,23,120,120,1.0000,0.0909,754,115,530,109
683,947373156,vermelho,vermelho,heuristica,azul,0,-3,23,90,120,0.7500,0.0000,306,80,151,75
683,947373156,vermelho,azul,heuristica,azul,1,3,23,30,0,30.0000,0.0435,637,37,563,37
684,2132834058,azul,verde,heuristica,verde,1,3,20,30,60,0.5000,0.0000,563,51,463,49
684,2132834058,azul,vermelho,heuristica,verde,0,-3,20,90,120,0.7500,0.0000,357,89,184,84
684,2132834058,azul,azul,heuristica,verde,0,-3,20,180,120,1.5000,0.1053,869,217,427,225
685,1519292891,verde,verde,heuristica,azul,0,-3,18,90,120,0.7500,0.1000,431,101,230,100
685,1519292891,verde,vermelho,heuristica,azul,0,-3,18,150,120,1.2500,0.0000,670,122,432,116
685,1519292891,verde,azul,heuristica,azul,1,3,18,30,30,1.0000,0.0556,450,18,416,16
686,1220596411,vermelho,verde,heuristica,vermelho,0,-3,27,90,120,0.7500,0.1364,749,101,552,96
686,1220596411,vermelho,vermelho,heuristica,vermelho,1,3,27,30,0,30.0000,0.0741,749,45,665,39
686,1220596411,vermelho,azul,heuristica,vermelho,0,-3,27,120,120,1.0000,0.0000,840,126,591,123
687,1048016289,azul,verde,heuristica,verde,1,3,16,30,30,1.0000,0.1333,427,42,344,41
687,1048016289,azul,vermelho,heuristica,verde,0,-3,16,90,120,0.7500,0.1250,406,104,202,100
687,1048016289,azul,azul,heuristica,verde,0,-3,16,150,120,1.2500,0.0000,630,132,373,125
688,522013940,verde,verde,heuristica,azul,0,-3,16,80,100,0.8000,0.2727,479,108,271,100
688,522013940,verde,vermelho,heuristica,azul,0,-3,16,130,110,1.1818,0.3125,689,146,396,147
688,522013940,verde,azul,heuristica,azul,1,3,16,30,30,1.0000,0.0000,447,25,399,23
689,1709267489,vermelho,verde,heuristica,empate,0,-1,100,0,0,0.0000,0.0000,2058,49,2009,0
689,1709267489,vermelho,vermelho,heuristica,empate,0,-1,100,0,0,0.0000,0.0000,1857,0,1857,0
689,1709267489,vermelho,azul,heuristica,empate,0,-1,100,0,0,0.0000,0.0100,2056,48,2008,0
690,1729243779,azul,verde,heuristica,vermelho,0,-3,22,100,120,0.8333,0.1905,702,110,489,103
690,1729243779,azul,vermelho,heuristica,vermelho,1,3,22,30,0,30.0000,0.0476,527,20,490,17
690,1729243779,azul,azul,heuristica,vermelho,0,-3,22,90,100,0.9000,0.2632,610,92,431,87
691,1784580866,verde,verde,heuristica,azul,0,-3,16,90,120,0.7500,0.0000,278,72,136,70
691,1784580866,verde,vermelho,heuristica,azul,0,-3,16,120,120,1.0000,0.0000,515,85,351,79
691,1784580866,verde,azul,heuristica,azul,1,3,16,30,0,30.0000,0.1250,428,26,377,25
692,1491450575,vermelho,verde,heuristica,verde,1,3,18,30,30,1.0000,0.1765,440,20,404,16
692,1491450575,vermelho,vermelho,heuristica,verde,0,-3,18,150,120,1.2500,0.1176,635,119,401,115
692,1491450575,vermelho,azul,heuristica,verde,0,-3,18,90,120,0.7500,0.0000,278,78,126,74
693,1568923797,azul,verde,heuristica,azul,0,-3,13,150,120,1.2500,0.0000,495,118,267,110
693,1568923797,azul,vermelho,heuristica,azul,0,-3,13,90,120,0.7500,0.0000,321,93,139,89
693,1568923797,azul,azul,heuristica,azul,1,3,13,30,30,1.0000,0.0000,413,44,320,49
694,362309885,verde,verde,heuristica,vermelho,0,-3,17,120,110,1.0909,0.0588,619,106,413,100
694,362309885,verde,vermelho,heuristica,vermelho,1,3,17,20,0,20.0000,0.0588,485,28,432,25
694,362309885,verde,azul,heuristica,vermelho,0,-3,17,90,120,0.7500,0.0000,329,103,126,100
695,2101121314,vermelho,verde,heuristica,verde,1,3,27,30,30,1.0000,0.0000,655,14,629,12
695,2101121314,vermelho,vermelho,heuristica,verde,0,-3,27,150,120,1.2500,0.0000,977,173,639,165
695,2101121314,vermelho,azul,heuristica,verde,0,-3,27,90,120,0.7500,0.0000,502,101,301,100
696,1869267578,azul,verde,heuristica,vermelho,0,-3,15,70,110,0.6364,0.2308,457,77,307,73
696,1869267578,azul,vermelho,heuristica,vermelho,1,3,15,60,0,60.0000,0.0714,516,113,328,75
696,1869267578,azul,azul,heuristica,vermelho,0,-3,15,80,100,0.8000,0.2857,588,134,338,116
697,594861639,verde,verde,heuristica,azul,0,-3,17,100,120,0.8333,0.1765,710,152,414,144
697,594861639,verde,vermelho,heuristica,azul,0,-3,17,90,100,0.9000,0.2000,391,78,240,73
697,594861639,verde,azul,heuristica,azul,1,3,17,30,0,30.0000,0.1176,446,19,411,16
698,562332132,vermelho,verde,heuristica,vermelho,0,-3,23,120,120,1.0000,0.0000,672,89,500,83
698,562332132,vermelho,vermelho,heuristica,vermelho,1,3,23,30,0,30.0000,0.2174,577,29,516,32
698,562332132,vermelho,azul,heuristica,vermelho,0,-3,23,90,120,0.7500,0.0000,320,78,159,83
699,141045692,azul,verde,heuristica,azul,0,-3,20,90,120,0.7500,0.0000,377,74,233,70
699,141045692,azul,vermelho,heuristica,azul,0,-3,20,150,120,1.2500,0.0000,692,133,426,133
699,141045692,azul,azul,heuristica,azul,1,3,20,30,30,1.0000,0.0000,505,28,453,24
700,893437542,verde,verde,heuristica,verde,1,3,20,30,0,30.0000,0.0000,488,17,455,16
700,893437542,verde,vermelho,heuristica,verde,0,-3,20,110,110,1.0000,0.0526,643,97,455,91
700,893437542,verde,azul,heuristica,verde,0,-3,20,80,110,0.7273,0.3333,343,100,147,96
701,1356990828,vermelho,verde,heuristica,vermelho,0,-3,30,90,120,0.7500,0.0000,351,101,150,100
701,1356990828,vermelho,vermelho,heuristica,vermelho,1,3,30,30,30,1.0000,0.1000,695,17,662,16
701,1356990828,vermelho,azul,heuristica,vermelho,0,-3,30,150,120,1.2500,0.0345,968,134,702,132
702,758057594,azul,verde,heuristica,verde,1,3,17,30,0,30.0000,0.0625,409,27,357,25
702,758057594,azul,vermelho,heuristica,verde,0,-3,17,120,120,1.0000,0.0000,623,126,373,124
702,758057594,azul,azul,heuristica,verde,0,-3,17,90,120,0.7500,0.0000,381,104,177,100
703,1224258741,verde,verde,heuristica,azul,0,-3,12,120,120,1.0000,0.2500,541,126,294,121
703,1224258741,verde,vermelho,heuristica,azul,0,-3,12,90,120,0.7500,0.1429,330,80,175,75
703,1224258741,verde,azul,heuristica,azul,1,3,12,30,0,30.0000,0.0833,387,45,296,46
704,1738688665,vermelho,verde,heuristica,empate,0,-1,100,120,90,1.3333,0.0101,1986,125,1742,119
704,1738688665,vermelho,vermelho,heuristica,empate,0,-1,100,90,120,0.7500,0.0000,522,78,370,74
704,1738688665,vermelho,azul,heuristica,empate,0,-1,100,0,0,0.0000,0.3100,1891,0,1891,0
705,284656161,azul,verde,heuristica,vermelho,0,-3,58,110,120,0.9167,0.0351,1613,131,1357,125
705,284656161,azul,vermelho,heuristica,vermelho,1,3,58,30,0,30.0000,0.0351,1089,27,1037,25
705,284656161,azul,azul,heuristica,vermelho,0,-3,58,90,110,0.8182,0.2857,380,104,176,100
706,1037174125,verde,verde,heuristica,azul,0,-3,9,90,120,0.7500,0.0000,355,78,202,75
706,1037174125,verde,vermelho,heuristica,azul,0,-3,9,150,120,1.2500,0.0000,524,149,225,150
706,1037174125,verde,azul,heuristica,azul,1,3,9,30,30,1.0000,0.2222,355,79,226,50
707,1145925364,vermelho,verde,heuristica,azul,0,-3,29,120,120,1.0000,0.1071,923,138,654,131
707,1145925364,vermelho,vermelho,heuristica,azul,0,-3,29,90,120,0.7500,0.0000,416,101,215,100
707,1145925364,vermelho,azul,heuristica,azul,1,3,29,30,0,30.0000,0.1379,710,35,643,32
708,79466218,azul,verde,heuristica,verde,1,3,20,30,0,30.0000,0.0000,687,126,448,113
708,79466218,azul,vermelho,heuristica,verde,0,-3,20,70,100,0.7000,0.3571,582,133,324,125
708,79466218,azul,azul,heuristica,verde,0,-3,20,100,100,1.0000,0.4211,802,172,480,150
709,508015536,verde,verde,heuristica,vermelho,0,-3,41,150,110,1.3636,0.0732,1162,150,864,148
709,508015536,verde,vermelho,heuristica,vermelho,1,3,41,30,30,1.0000,0.0000,733,27,681,25
709,508015536,verde,azul,heuristica,vermelho,0,-3,41,80,120,0.6667,0.0435,669,79,515,75
710,302173163,vermelho,verde,heuristica,azul,0,-3,30,90,120,0.7500,0.0000,396,95,201,100
710,302173163,vermelho,vermelho,heuristica,azul,0,-3,30,140,120,1.1667,0.1333,977,133,719,125
710,302173163,vermelho,azul,heuristica,azul,1,3,30,30,20,1.5000,0.0333,768,27,716,25
711,491820749,azul,verde,heuristica,azul,0,-3,21,120,120,1.0000,0.0000,709,105,504,100
711,491820749,azul,vermelho,heuristica,azul,0,-3,21,90,120,0.7500,0.0000,376,100,176,100
711,491820749,azul,azul,heuristica,azul,1,3,21,30,0,30.0000,0.0000,544,17,512,15
712,247657394,verde,verde,heuristica,azul,0,-3,17,120,120,1.0000,0.0000,635,106,429,100
712,247657394,verde,vermelho,heuristica,azul,0,-3,17,60,120,0.5000,0.0000,414,74,265,75
712,247657394,verde,azul,heuristica,azul,1,3,17,90,30,3.0000,0.1765,686,132,429,125
713,1776086572,vermelho,verde,heuristica,azul,0,-3,37,100,110,0.9091,0.1667,964,108,750,106
713,1776086572,vermelho,vermelho,heuristica,azul,0,-3,37,80,100,0.8000,0.1935,901,102,697,102
713,1776086572,vermelho,azul,heuristica,azul,1,3,37,30,0,30.0000,0.0000,827,18,793,16
714,1632761478,azul,verde,heuristica,verde,1,3,36,10,30,0.3333,0.0286,634,18,600,16
714,1632761478,azul,vermelho,heuristica,verde,0,-3,36,90,110,0.8182,0.0500,598,73,456,69
714,1632761478,azul,azul,heuristica,verde,0,-3,36,140,100,1.4000,0.2286,1060,117,836,107
715,231975991,verde,verde,heuristica,azul,0,-3,25,120,120,1.0000,0.0400,800,105,595,100
715,231975991,verde,vermelho,heuristica,azul,0,-3,25,90,120,0.7500,0.0000,348,99,150,99
715,231975991,verde,azul,heuristica,azul,1,3,25,30,0,30.0000,0.2000,660,29,599,32
716,733326103,vermelho,verde,heuristica,azul,0,-3,31,150,110,1.3636,0.1667,1051,192,680,179
716,733326103,vermelho,vermelho,heuristica,azul,0,-3,31,80,120,0.6667,0.1481,773,76,626,71
716,733326103,vermelho,azul,heuristica,azul,1,3,31,30,30,1.0000,0.0000,881,43,788,50
717,1411364412,azul,verde,heuristica,vermelho,0,-3,20,120,110,1.0909,0.2105,664,121,428,115
717,1411364412,azul,vermelho,heuristica,vermelho,1,3,20,30,0,30.0000,0.1579,499,18,465,16
717,1411364412,azul,azul,heuristica,vermelho,0,-3,20,80,120,0.6667,0.2857,313,74,170,69
718,1200314224,verde,verde,heuristica,vermelho,0,-3,33,120,120,1.0000,0.0000,990,118,760,112
718,1200314224,verde,vermelho,heuristica,vermelho,1,3,33,30,0,30.0000,0.1212,830,18,796,16
718,1200314224,verde,azul,heuristica,vermelho,0,-3,33,90,120,0.7500,0.0000,460,77,310,73
719,1259110644,vermelho,verde,heuristica,vermelho,0,-3,23,120,120,1.0000,0.0455,756,129,504,123
719,1259110644,vermelho,vermelho,heuristica,vermelho,1,3,23,30,0,30.0000,0.0000,597,18,563,16
719,1259110644,vermelho,azul,heuristica,vermelho,0,-3,23,90,120,0.7500,0.0000,434,80,280,74
720,447719130,azul,verde,heuristica,empate,0,-1,100,150,30,5.0000,0.0505,3781,923,1981,877
720,447719130,azul,vermelho,heuristica,empate,0,-1,100,30,100,0.3000,0.2353,552,96,391,65
720,447719130,azul,azul,heuristica,empate,0,-1,100,40,90,0.4444,0.0600,2495,192,2159,144
721,1722184469,verde,verde,heuristica,vermelho,0,-3,22,150,120,1.2500,0.0000,809,145,523,141
721,1722184469,verde,vermelho,heuristica,vermelho,1,3,22,30,30,1.0000,0.0455,570,34,504,32
721,1722184469,verde,azul,heuristica,vermelho,0,-3,22,90,120,0.7500,0.0000,405,105,200,100
722,327044082,vermelho,verde,heuristica,verde,1,3,14,30,0,30.0000,0.0000,409,48,314,47
722,327044082,vermelho,vermelho,heuristica,verde,0,-3,14,90,120,0.7500,0.0000,348,99,150,99
722,327044082,vermelho,azul,heuristica,verde,0,-3,14,120,120,1.0000,0.0000,523,105,319,99
723,592593125,azul,verde,heuristica,vermelho,0,-3,19,90,120,0.7500,0.0000,376,100,176,100
723,592593125,azul,vermelho,heuristica,vermelho,1,3,19,30,30,1.0000,0.0556,469,18,435,16
723,592593125,azul,azul,heuristica,vermelho,0,-3,19,150,120,1.2500,0.0000,659,124,419,116
724,580558835,verde,verde,heuristica,azul,0,-3,15,150,120,1.2500,0.0667,650,156,335,159
724,580558835,verde,vermelho,heuristica,azul,0,-3,15,90,120,0.7500,0.1818,394,74,250,70
724,580558835,verde,azul,heuristica,azul,1,3,15,30,30,1.0000,0.0000,417,27,365,25
725,1641414582,vermelho,verde,heuristica,verde,1,3,27,30,0,30.0000,0.0385,678,19,643,16
725,1641414582,vermelho,vermelho,heuristica,verde,0,-3,27,90,100,0.9000,0.3750,400,105,196,99
725,1641414582,vermelho,azul,heuristica,verde,0,-3,27,100,120,0.8333,0.2308,850,119,610,121
726,1314131657,azul,verde,heuristica,empate,0,-1,100,0,0,0.0000,0.0000,1903,48,1855,0
726,1314131657,azul,vermelho,heuristica,empate,0,-1,100,0,0,0.0000,0.0202,2543,0,2543,0
726,1314131657,azul,azul,heuristica,empate,0,-1,100,0,0,0.0000,0.0000,1347,50,1297,0
727,2077249961,verde,verde,heuristica,azul,0,-3,19,150,120,1.2500,0.0526,787,158,479,150
727,2077249961,verde,vermelho,heuristica,azul,0,-3,19,90,120,0.7500,0.0000,346,96,150,100
727,2077249961,verde,azul,heuristica,azul,1,3,19,30,30,1.0000,0.0526,575,49,476,50
728,626421707,vermelho,verde,heuristica,azul,0,-3,25,120,120,1.0000,0.0417,844,130,589,125
728,626421707,vermelho,vermelho,heuristica,azul,0,-3,25,90,120,0.7500,0.0000,388,100,190,98
728,626421707,vermelho,azul,heuristica,azul,1,3,25,30,0,30.0000,0.0800,619,17,586,16
729,1432468837,azul,verde,heuristica,vermelho,0,-3,20,130,100,1.3000,0.2105,785,152,484,149
729,1432468837,azul,vermelho,heuristica,vermelho,1,3,20,30,30,1.0000,0.0526,516,26,466,24
729,1432468837,azul,azul,heuristica,vermelho,0,-3,20,70,100,0.7000,0.1429,382,105,177,100
730,2024764721,verde,verde,heuristica,vermelho,0,-3,20,90,120,0.7500,0.1429,311,77,162,72
730,2024764721,verde,vermelho,heuristica,vermelho,1,3,20,30,30,1.0000,0.0500,520,32,456,32
730,2024764721,verde,azul,heuristica,vermelho,0,-3,20,150,120,1.2500,0.0526,668,122,432,114
731,1142105127,vermelho,verde,heuristica,vermelho,0,-3,22,120,120,1.0000,0.0000,727,106,521,100
731,1142105127,vermelho,vermelho,heuristica,vermelho,1,3,22,30,0,30.0000,0.0000,545,18,511,16
731,1142105127,vermelho,azul,heuristica,vermelho,0,-3,22,90,120,0.7500,0.2000,430,96,234,100
732,356399633,azul,verde,heuristica,empate,0,-1,100,0,0,0.0000,0.0101,2576,2,2574,0
732,356399633,azul,vermelho,heuristica,empate,0,-1,100,0,0,0.0000,0.0000,1880,47,1833,0
732,356399633,azul,azul,heuristica,empate,0,-1,100,0,0,0.0000,0.0000,2029,50,1979,0
733,275188426,verde,verde,heuristica,azul,0,-3,27,90,120,0.7500,0.0000,347,99,149,99
733,275188426,verde,vermelho,heuristica,azul,0,-3,27,120,120,1.0000,0.0000,858,105,653,100
733,275188426,verde,azul,heuristica,azul,1,3,27,30,0,30.0000,0.0741,714,29,653,32
734,1434154751,vermelho,verde,heuristica,azul,0,-3,21,90,120,0.7500,0.0000,342,97,148,97
734,1434154751,vermelho,vermelho,heuristica,azul,0,-3,21,120,120,1.0000,0.0000,680,101,483,96
734,1434154751,vermelho,azul,heuristica,azul,1,3,21,30,0,30.0000,0.0000,462,17,429,16
735,1801140829,azul,verde,heuristica,verde,1,3,17,60,60,1.0000,0.0000,543,74,397,72
735,1801140829,azul,vermelho,heuristica,verde,0,-3,17,170,120,1.4167,0.2667,651,153,353,145
735,1801140829,azul,azul,heuristica,verde,0,-3,17,60,110,0.5455,0.3750,340,79,186,75
736,1993507864,verde,verde,heuristica,vermelho,0,-3,39,120,120,1.0000,0.1538,1278,171,932,175
736,1993507864,verde,vermelho,heuristica,vermelho,1,3,39,30,0,30.0000,0.0000,784,18,750,16
736,1993507864,verde,azul,heuristica,vermelho,0,-3,39,90,120,0.7500,0.0000,519,78,366,75
737,2023364721,vermelho,verde,heuristica,azul,0,-3,36,90,120,0.7500,0.1667,344,95,150,99
737,2023364721,vermelho,vermelho,heuristica,azul,0,-3,36,150,120,1.2500,0.0278,1080,117,854,109
737,2023364721,vermelho,azul,heuristica,azul,1,3,36,30,30,1.0000,0.0833,942,32,878,32
738,134698184,azul,verde,heuristica,azul,0,-3,23,90,120,0.7500,0.0000,380,104,176,100
738,134698184,azul,vermelho,heuristica,azul,0,-3,23,150,120,1.2500,0.0000,821,132,564,125
738,134698184,azul,azul,heuristica,azul,1,3,23,30,30,1.0000,0.1304,634,39,556,39
739,1583040395,verde,verde,heuristica,empate,0,-1,100,0,0,0.0000,0.0000,1300,0,1300,0
739,1583040395,verde,vermelho,heuristica,empate,0,-1,100,90,120,0.7500,0.1429,380,104,176,100
739,1583040395,verde,azul,heuristica,empate,0,-1,100,120,90,1.3333,0.0200,1956,106,1750,100
740,1032295844,vermelho,verde,heuristica,verde,1,3,27,30,0,30.0000,0.0769,592,29,531,32
740,1032295844,vermelho,vermelho,heuristica,verde,0,-3,27,80,110,0.7273,0.3077,583,132,326,125
740,1032295844,vermelho,azul,heuristica,verde,0,-3,27,110,110,1.0000,0.2692,936,149,637,150
741,1889624383,azul,verde,heuristica,empate,0,-1,100,30,0,30.0000,0.0000,2511,47,2420,44
741,1889624383,azul,vermelho,heuristica,empate,0,-1,100,0,0,0.0000,0.0000,2419,0,2419,0
741,1889624383,azul,azul,heuristica,empate,0,-1,100,0,30,0.0000,0.0000,4380,1153,2123,1104
742,1838169115,verde,verde,heuristica,verde,1,3,16,30,0,30.0000,0.0000,442,26,391,25
742,1838169115,verde,vermelho,heuristica,verde,0,-3,16,90,120,0.7500,0.0000,345,72,206,67
742,1838169115,verde,azul,heuristica,verde,0,-3,16,120,120,1.0000,0.0000,503,95,323,85
743,532023419,vermelho,verde,heuristica,azul,0,-3,22,90,120,0.7500,0.0000,322,70,186,66
743,532023419,vermelho,vermelho,heuristica,azul,0,-3,22,120,120,1.0000,0.0909,633,79,482,72
743,532023419,vermelho,azul,heuristica,azul,1,3,22,30,0,30.0000,0.0455,632,53,531,48
744,1693007723,azul,verde,heuristica,verde,1,3,33,30,0,30.0000,0.0000,814,27,762,25
744,1693007723,azul,vermelho,heuristica,verde,0,-3,33,120,120,1.0000,0.0000,966,105,761,100
744,1693007723,azul,azul,heuristica,verde,0,-3,33,90,120,0.7500,0.0000,376,100,176,100
745,685610348,verde,verde,heuristica,vermelho,0,-3,17,120,120,1.0000,0.0588,634,126,390,118
745,685610348,verde,vermelho,heuristica,vermelho,1,3,17,30,0,30.0000,0.0588,460,22,417,21
745,685610348,verde,azul,heuristica,vermelho,0,-3,17,90,120,0.7500,0.1429,539,104,338,97
746,226624391,vermelho,verde,heuristica,vermelho,0,-3,25,80,110,0.7273,0.1818,419,78,267,74
746,226624391,vermelho,vermelho,heuristica,vermelho,1,3,25,30,0,30.0000,0.0000,621,17,588,16
746,226624391,vermelho,azul,heuristica,vermelho,0,-3,25,110,110,1.0000,0.2083,796,104,593,99
747,104280143,azul,verde,heuristica,azul,0,-3,42,150,120,1.2500,0.0732,1436,235,965,236
747,104280143,azul,vermelho,heuristica,azul,0,-3,42,90,120,0.7500,0.0000,719,92,540,87
747,104280143,azul,azul,heuristica,azul,1,3,42,30,30,1.0000,0.0238,939,50,841,48
748,5114185,verde,verde,heuristica,verde,1,3,20,30,0,30.0000,0.0000,555,53,452,50
748,5114185,verde,vermelho,heuristica,verde,0,-3,20,90,120,0.7500,0.0000,318,78,168,72
748,5114185,verde,azul,heuristica,verde,0,-3,20,120,120,1.0000,0.1053,683,112,454,117
749,2053688377,vermelho,verde,heuristica,verde,1,3,23,80,90,0.8889,0.1818,716,98,524,94
749,2053688377,vermelho,vermelho,heuristica,verde,0,-3,23,190,110,1.7273,0.1818,865,178,521,166
749,2053688377,vermelho,azul,heuristica,verde,0,-3,23,30,100,0.3000,0.5000,304,77,152,75
750,1451533353,azul,verde,heuristica,empate,0,-1,100,0,0,0.0000,0.0000,2194,0,2194,0
750,1451533353,azul,vermelho,heuristica,empate,0,-1,100,0,0,0.0000,0.0000,2574,0,2574,0
750,1451533353,azul,azul,heuristica,empate,0,-1,100,0,0,0.0000,0.0000,3356,688,1875,793
751,1017531994,verde,verde,heuristica,verde,1,3,57,30,30,1.0000,0.0526,1368,34,1295,39
751,1017531994,verde,vermelho,heuristica,verde,0,-3,57,90,110,0.8182,0.1429,296,70,161,65
751,1017531994,verde,azul,heuristica,verde,0,-3,57,140,120,1.1667,0.0536,1565,134,1280,151
752,40908190,vermelho,verde,heuristica,vermelho,0,-3,20,80,110,0.7273,0.2000,329,104,125,100
752,40908190,vermelho,vermelho,heuristica,vermelho,1,3,20,30,0,30.0000,0.1000,577,44,483,50
752,40908190,vermelho,azul,heuristica,vermelho,0,-3,20,110,110,1.0000,0.1053,673,104,470,99
753,1141767897,azul,verde,heuristica,verde,1,3,49,60,60,1.0000,0.0417,1192,86,1019,87
753,1141767897,azul,vermelho,heuristica,verde,0,-3,49,180,120,1.5000,0.0213,1418,156,1090,172
753,1141767897,azul,azul,heuristica,verde,0,-3,49,60,120,0.5000,0.0000,354,63,231,60
754,1257839479,verde,verde,heuristica,azul,0,-3,18,150,100,1.5000,0.4444,859,222,444,193
754,1257839479,verde,vermelho,heuristica,azul,0,-3,18,90,110,0.8182,0.4286,711,188,336,187
754,1257839479,verde,azul,heuristica,azul,1,3,18,10,40,0.2500,0.1667,510,55,406,49
755,1364339178,vermelho,verde,heuristica,azul,0,-3,22,120,120,1.0000,0.0000,612,88,441,83
755,1364339178,vermelho,vermelho,heuristica,azul,0,-3,22,90,120,0.7500,0.1000,296,53,195,48
755,1364339178,vermelho,azul,heuristica,azul,1,3,22,30,0,30.0000,0.0000,574,44,480,50
756,1135458689,azul,verde,heuristica,vermelho,0,-3,32,100,120,0.8333,0.0968,911,108,698,105
756,1135458689,azul,vermelho,heuristica,vermelho,1,3,32,30,0,30.0000,0.0645,787,26,736,25
756,1135458689,azul,azul,heuristica,vermelho,0,-3,32,90,100,0.9000,0.0833,453,78,302,73
757,1648737985,verde,verde,heuristica,azul,0,-3,20,90,120,0.7500,0.0000,423,104,219,100
757,1648737985,verde,vermelho,heuristica,azul,0,-3,20,150,120,1.2500,0.1500,810,165,481,164
757,1648737985,verde,azul,heuristica,azul,1,3,20,30,30,1.0000,0.0500,495,18,461,16
758,487316115,vermelho,verde,heuristica,vermelho,0,-3,13,150,120,1.2500,0.0000,540,130,287,123
758,487316115,vermelho,vermelho,heuristica,vermelho,1,3,13,30,30,1.0000,0.0769,464,66,323,75
758,487316115,vermelho,azul,heuristica,vermelho,0,-3,13,90,120,0.7500,0.0000,381,103,178,100
759,1847801574,azul,verde,heuristica,verde,1,3,23,30,30,1.0000,0.0000,520,26,469,25
759,1847801574,azul,vermelho,heuristica,verde,0,-3,23,150,120,1.2500,0.0000,781,144,487,150
759,1847801574,azul,azul,heuristica,verde,0,-3,23,90,120,0.7500,0.0000,399,68,266,65
760,1643984056,verde,verde,heuristica,vermelho,0,-3,36,150,120,1.2500,0.0833,1100,145,821,134
760,1643984056,verde,vermelho,heuristica,vermelho,1,3,36,30,30,1.0000,0.0833,905,16,875,14
760,1643984056,verde,azul,heuristica,vermelho,0,-3,36,90,120,0.7500,0.0000,379,76,231,72
761,791159585,vermelho,verde,heuristica,verde,1,3,42,30,0,30.0000,0.0976,975,27,923,25
761,791159585,vermelho,vermelho,heuristica,verde,0,-3,42,120,120,1.0000,0.0488,1072,113,848,111
761,791159585,vermelho,azul,heuristica,verde,0,-3,42,90,120,0.7500,0.0000,377,84,213,80
762,1362632934,azul,verde,heuristica,vermelho,0,-3,17,90,120,0.7500,0.0909,465,93,272,100
762,1362632934,azul,vermelho,heuristica,vermelho,1,3,17,30,0,30.0000,0.0000,456,26,405,25
762,1362632934,azul,azul,heuristica,vermelho,0,-3,17,120,120,1.0000,0.0000,587,106,381,100
763,377733151,verde,verde,heuristica,azul,0,-3,28,150,120,1.2500,0.0714,865,120,633,112
763,377733151,verde,vermelho,heuristica,azul,0,-3,28,90,120,0.7500,0.0000,345,71,209,65
763,377733151,verde,azul,heuristica,azul,1,3,28,30,30,1.0000,0.0000,720,49,621,50
764,1420768891,vermelho,verde,heuristica,verde,1,3,22,30,0,30.0000,0.1429,539,18,505,16
764,1420768891,vermelho,vermelho,heuristica,verde,0,-3,22,90,110,0.8182,0.0833,503,100,303,100
764,1420768891,vermelho,azul,heuristica,verde,0,-3,22,110,120,0.9167,0.1429,834,157,527,150
765,2044870516,azul,verde,heuristica,vermelho,0,-3,20,150,110,1.3636,0.1053,709,126,465,118
765,2044870516,azul,vermelho,heuristica,vermelho,1,3,20,30,30,1.0000,0.1579,522,26,471,25
765,2044870516,azul,azul,heuristica,vermelho,0,-3,20,80,120,0.6667,0.1111,345,73,203,69
766,1006327128,verde,verde,heuristica,azul,0,-3,34,90,120,0.7500,0.0000,371,95,176,100
766,1006327128,verde,vermelho,heuristica,azul,0,-3,34,150,120,1.2500,0.0294,1020,133,762,125
766,1006327128,verde,azul,heuristica,azul,1,3,34,30,30,1.0000,0.0000,881,44,787,50
767,336700548,vermelho,verde,heuristica,azul,0,-3,16,150,120,1.2500,0.0000,606,126,361,119
767,336700548,vermelho,vermelho,heuristica,azul,0,-3,16,90,120,0.7500,0.0000,403,103,201,99
767,336700548,vermelho,azul,heuristica,azul,1,3,16,30,30,1.0000,0.0625,454,40,368,46
768,715912012,azul,verde,heuristica,azul,0,-3,33,150,120,1.2500,0.1250,1011,153,708,150
768,715912012,azul,vermelho,heuristica,azul,0,-3,33,60,120,0.5000,0.0000,248,76,99,73
768,715912012,azul,azul,heuristica,azul,1,3,33,60,30,2.0000,0.0303,831,53,728,50
769,481883728,verde,verde,heuristica,azul,0,-3,23,80,110,0.7273,0.1818,373,68,243,62
769,481883728,verde,vermelho,heuristica,azul,0,-3,23,110,110,1.0000,0.1739,673,88,502,83
769,481883728,verde,azul,heuristica,azul,1,3,23,30,0,30.0000,0.0870,608,29,547,32
770,1614053631,vermelho,verde,heuristica,vermelho,0,-3,21,150,120,1.2500,0.0500,714,122,478,114
770,1614053631,vermelho,vermelho,heuristica,vermelho,1,3,21,30,30,1.0000,0.0000,536,18,503,15
770,1614053631,vermelho,azul,heuristica,vermelho,0,-3,21,90,120,0.7500,0.4286,347,95,159,93
771,1276108841,azul,verde,heuristica,vermelho,0,-3,9,120,120,1.0000,0.0000,451,123,203,125
771,1276108841,azul,vermelho,heuristica,vermelho,1,3,9,60,30,2.0000,0.1250,383,113,195,75
771,1276108841,azul,azul,heuristica,vermelho,0,-3,9,90,120,0.7500,0.0000,344,93,158,93
772,628933363,verde,verde,heuristica,vermelho,0,-3,18,150,110,1.3636,0.0556,662,121,429,112
772,628933363,verde,vermelho,heuristica,vermelho,1,3,18,30,30,1.0000,0.0000,503,26,452,25
772,628933363,verde,azul,heuristica,vermelho,0,-3,18,80,120,0.6667,0.1429,448,85,298,65
773,266047734,vermelho,verde,heuristica,empate,0,-1,100,150,90,1.6667,0.0000,2215,116,1991,108
773,266047734,vermelho,vermelho,heuristica,empate,0,-1,100,90,120,0.7500,0.3333,354,103,151,100
773,266047734,vermelho,azul,heuristica,empate,0,-1,100,0,30,0.0000,0.0000,2945,630,1727,588
774,437958854,azul,verde,heuristica,vermelho,0,-3,19,160,120,1.3333,0.1111,797,175,447,175
774,437958854,azul,vermelho,heuristica,vermelho,1,3,19,60,60,1.0000,0.0556,522,52,420,50
774,437958854,azul,azul,heuristica,vermelho,0,-3,19,60,100,0.6000,0.2857,372,100,173,99
775,882820366,verde,verde,heuristica,azul,0,-3,14,120,120,1.0000,0.0000,540,106,326,108
775,882820366,verde,vermelho,heuristica,azul,0,-3,14,90,120,0.7500,0.0000,274,68,144,62
775,882820366,verde,azul,heuristica,azul,1,3,14,30,0,30.0000,0.1429,474,68,331,75
776,2103879765,vermelho,verde,heuristica,azul,0,-3,20,90,120,0.7500,0.0000,376,103,173,100
776,2103879765,vermelho,vermelho,heuristica,azul,0,-3,20,150,120,1.2500,0.0000,728,122,490,116
776,2103879765,vermelho,azul,heuristica,azul,1,3,20,30,30,1.0000,0.0500,525,18,491,16
777,1878469685,azul,verde,heuristica,verde,1,3,15,120,60,2.0000,0.0000,608,155,353,100
777,1878469685,azul,vermelho,heuristica,verde,0,-3,15,60,120,0.5000,0.0000,362,42,281,39
777,1878469685,azul,azul,heuristica,verde,0,-3,15,120,120,1.0000,0.0000,526,127,302,97
778,260653707,verde,verde,heuristica,empate,0,-1,100,120,90,1.3333,0.0000,1898,80,1743,75
778,260653707,verde,vermelho,heuristica,empate,0,-1,100,90,120,0.7500,0.2500,499,70,358,71
778,260653707,verde,azul,heuristica,empate,0,-1,100,0,0,0.0000,0.0000,1687,0,1687,0
779,2055886471,vermelho,verde,heuristica,azul,0,-3,15,150,120,1.2500,0.0000,614,132,357,125
779,2055886471,vermelho,vermelho,heuristica,azul,0,-3,15,90,120,0.7500,0.0000,354,79,200,75
779,2055886471,vermelho,azul,heuristica,azul,1,3,15,30,30,1.0000,0.2000,449,39,368,42
780,181546477,azul,verde,heuristica,vermelho,0,-3,24,150,120,1.2500,0.0000,818,135,551,132
780,181546477,azul,vermelho,heuristica,vermelho,1,3,24,30,30,1.0000,0.1739,567,17,534,16
780,181546477,azul,azul,heuristica,vermelho,0,-3,24,90,120,0.7500,0.0000,397,96,201,100
781,1696711507,verde,verde,heuristica,azul,0,-3,28,90,120,0.7500,0.0000,379,103,176,100
781,1696711507,verde,vermelho,heuristica,azul,0,-3,28,120,120,1.0000,0.0000,892,105,687,100
781,1696711507,verde,azul,heuristica,azul,1,3,28,30,0,30.0000,0.0000,582,17,549,16
782,1229825111,vermelho,verde,heuristica,verde,1,3,26,30,0,30.0000,0.2000,713,44,619,50
782,1229825111,vermelho,vermelho,heuristica,verde,0,-3,26,120,120,1.0000,0.0000,827,115,600,112
782,1229825111,vermelho,azul,heuristica,verde,0,-3,26,90,120,0.7500,0.2222,451,120,216,115
783,1997479060,azul,verde,heuristica,vermelho,0,-3,16,60,120,0.5000,0.3636,505,124,260,121
783,1997479060,azul,vermelho,heuristica,vermelho,1,3,16,40,30,1.3333,0.0667,411,51,313,47
783,1997479060,azul,azul,heuristica,vermelho,0,-3,16,150,100,1.5000,0.2000,622,132,368,122
784,443438607,verde,verde,heuristica,verde,1,3,17,30,0,30.0000,0.0000,471,25,422,24
784,443438607,verde,vermelho,heuristica,verde,0,-3,17,90,120,0.7500,0.0000,277,73,137,67
784,443438607,verde,azul,heuristica,verde,0,-3,17,120,120,1.0000,0.0625,560,99,368,93
785,1255488848,vermelho,verde,heuristica,vermelho,0,-3,17,80,100,0.8000,0.3333,538,123,294,121
785,1255488848,vermelho,vermelho,heuristica,vermelho,1,3,17,30,30,1.0000,0.0588,444,26,394,24
785,1255488848,vermelho,azul,heuristica,vermelho,0,-3,17,130,110,1.1818,0.3125,626,120,394,112
786,1713663468,azul,verde,heuristica,empate,0,-1,100,0,0,0.0000,0.0000,2423,2,2421,0
786,1713663468,azul,vermelho,heuristica,empate,0,-1,100,0,0,0.0000,0.0000,2546,0,2546,0
786,1713663468,azul,azul,heuristica,empate,0,-1,100,0,0,0.0000,0.0000,4411,1176,2109,1126
787,1326665035,verde,verde,heuristica,vermelho,0,-3,24,150,120,1.2500,0.0000,945,179,591,175
787,1326665035,verde,vermelho,heuristica,vermelho,1,3,24,30,30,1.0000,0.1250,557,24,510,23
787,1326665035,verde,azul,heuristica,vermelho,0,-3,24,90,120,0.7500,0.0000,378,79,224,75
788,1485550945,vermelho,verde,heuristica,azul,0,-3,17,150,100,1.5000,0.1250,677,153,380,144
788,1485550945,vermelho,vermelho,heuristica,azul,0,-3,17,90,120,0.7500,0.2500,402,101,201,100
788,1485550945,vermelho,azul,heuristica,azul,1,3,17,10,30,0.3333,0.3529,456,43,374,39
789,255725471,azul,verde,heuristica,azul,0,-3,24,150,100,1.5000,0.0870,838,153,537,148
789,255725471,azul,vermelho,heuristica,azul,0,-3,24,90,120,0.7500,0.0000,532,95,337,100
789,255725471,azul,azul,heuristica,azul,1,3,24,10,30,0.3333,0.1250,578,51,479,48
790,388207685,verde,verde,heuristica,verde,1,3,29,30,30,1.0000,0.0000,767,34,701,32
790,388207685,verde,vermelho,heuristica,verde,0,-3,29,150,120,1.2500,0.0000,900,125,659,116
790,388207685,verde,azul,heuristica,verde,0,-3,29,90,120,0.7500,0.0000,512,125,269,118
791,230858913,vermelho,verde,heuristica,verde,1,3,22,30,0,30.0000,0.0952,545,27,494,24
791,230858913,vermelho,vermelho,heuristica,verde,0,-3,22,100,120,0.8333,0.0952,780,147,488,145
791,230858913,vermelho,azul,heuristica,verde,0,-3,22,90,100,0.9000,0.0667,461,69,326,66
792,497945140,azul,verde,heuristica,azul,0,-3,32,90,110,0.8182,0.2308,903,130,650,123
792,497945140,azul,vermelho,heuristica,azul,0,-3,32,140,120,1.1667,0.2581,1068,203,678,187
792,497945140,azul,azul,heuristica,azul,1,3,32,30,30,1.0000,0.0000,871,26,821,24
793,1672875716,verde,verde,heuristica,azul,0,-3,28,90,120,0.7500,0.0000,396,99,199,98
793,1672875716,verde,vermelho,heuristica,azul,0,-3,28,150,120,1.2500,0.0000,882,129,635,118
793,1672875716,verde,azul,heuristica,azul,1,3,28,30,30,1.0000,0.0000,693,28,641,24
794,1703592542,vermelho,verde,heuristica,verde,1,3,18,30,30,1.0000,0.1176,489,26,438,25
794,1703592542,vermelho,vermelho,heuristica,verde,0,-3,18,150,120,1.2500,0.0588,768,172,421,175
794,1703592542,vermelho,azul,heuristica,verde,0,-3,18,90,120,0.7500,0.0000,382,79,228,75
795,524300311,azul,verde,heuristica,vermelho,0,-3,31,130,100,1.3000,0.2667,1064,183,709,172
795,524300311,azul,vermelho,heuristica,vermelho,1,3,31,30,30,1.0000,0.0333,733,38,653,42
795,524300311,azul,azul,heuristica,vermelho,0,-3,31,70,100,0.7000,0.4375,667,154,367,146
796,405532386,verde,verde,heuristica,azul,0,-3,13,120,120,1.0000,0.0000,455,93,269,93
796,405532386,verde,vermelho,heuristica,azul,0,-3,13,90,120,0.7500,0.0000,289,60,173,56
796,405532386,verde,azul,heuristica,azul,1,3,13,30,0,30.0000,0.1538,454,70,317,67
797,1140362201,vermelho,verde,heuristica,verde,1,3,19,30,30,1.0000,0.3333,464,27,412,25
797,1140362201,vermelho,vermelho,heuristica,verde,0,-3,19,90,100,0.9000,0.3333,303,78,151,74
797,1140362201,vermelho,azul,heuristica,verde,0,-3,19,130,120,1.0833,0.1111,715,131,460,124
798,2122964567,azul,verde,heuristica,verde,1,3,41,60,30,2.0000,0.0000,755,35,688,32
798,2122964567,azul,vermelho,heuristica,verde,0,-3,41,130,100,1.3000,0.1795,1168,148,879,141
798,2122964567,azul,azul,heuristica,verde,0,-3,41,40,100,0.4000,0.5455,536,133,278,125
799,1850462464,verde,verde,heuristica,azul,0,-3,19,90,120,0.7500,0.0000,378,80,220,78
799,1850462464,verde,vermelho,heuristica,azul,0,-3,19,120,120,1.0000,0.0000,591,86,424,81
799,1850462464,verde,azul,heuristica,azul,1,3,19,30,0,30.0000,0.0000,476,18,442,16
800,1238786426,vermelho,verde,heuristica,verde,1,3,25,90,30,3.0000,0.0000,807,140,542,125
800,1238786426,vermelho,vermelho,heuristica,verde,0,-3,25,60,120,0.5000,0.0455,555,58,445,52
800,1238786426,vermelho,azul,heuristica,verde,0,-3,25,120,120,1.0000,0.0000,699,101,501,97
801,777418731,azul,verde,heuristica,verde,1,3,21,30,30,1.0000,0.0000,499,17,466,16
801,777418731,azul,vermelho,heuristica,verde,0,-3,21,150,120,1.2500,0.0526,649,122,408,119
801,777418731,azul,azul,heuristica,verde,0,-3,21,90,120,0.7500,0.0909,384,70,249,65
802,1650316423,verde,verde,heuristica,verde,1,3,23,30,0,30.0000,0.0870,518,29,457,32
802,1650316423,verde,vermelho,heuristica,verde,0,-3,23,90,100,0.9000,0.2000,485,70,350,65
802,1650316423,verde,azul,heuristica,verde,0,-3,23,100,120,0.8333,0.0909,654,93,474,87
803,1518169168,vermelho,verde,heuristica,vermelho,0,-3,19,90,120,0.7500,0.4000,326,104,124,98
803,1518169168,vermelho,vermelho,heuristica,vermelho,1,3,19,30,0,30.0000,0.2632,496,27,442,27
803,1518169168,vermelho,azul,heuristica,vermelho,0,-3,19,120,120,1.0000,0.0556,621,105,419,97
804,664454653,azul,verde,heuristica,verde,1,3,26,30,0,30.0000,0.0400,551,25,505,21
804,664454653,azul,vermelho,heuristica,verde,0,-3,26,120,120,1.0000,0.0417,738,105,529,104
804,664454653,azul,azul,heuristica,verde,0,-3,26,90,120,0.7500,0.0000,327,87,153,87
805,1222287018,verde,verde,heuristica,vermelho,0,-3,23,80,110,0.7273,0.3333,651,105,447,99
805,1222287018,verde,vermelho,heuristica,vermelho,1,3,23,30,30,1.0000,0.0000,722,79,547,96
805,1222287018,verde,azul,heuristica,vermelho,0,-3,23,140,110,1.2727,0.2273,1050,256,545,249
806,1050928200,vermelho,verde,heuristica,azul,0,-3,18,70,100,0.7000,0.1111,339,67,210,62
806,1050928200,vermelho,vermelho,heuristica,azul,0,-3,18,130,100,1.3000,0.1667,624,124,384,116
806,1050928200,vermelho,azul,heuristica,azul,1,3,18,30,30,1.0000,0.0000,471,15,442,14
807,1496432766,azul,verde,heuristica,verde,1,3,27,30,30,1.0000,0.0385,668,26,617,25
807,1496432766,azul,vermelho,heuristica,verde,0,-3,27,150,120,1.2500,0.0400,859,147,567,145
807,1496432766,azul,azul,heuristica,verde,0,-3,27,90,120,0.7500,0.0000,402,68,269,65
808,1546097094,verde,verde,heuristica,empate,0,-1,100,90,120,0.7500,0.0000,355,104,151,100
808,1546097094,verde,vermelho,heuristica,empate,0,-1,100,120,90,1.3333,0.0100,2431,105,2226,100
808,1546097094,verde,azul,heuristica,empate,0,-1,100,0,0,0.0000,0.0100,2937,420,2037,480
809,153640283,vermelho,verde,heuristica,verde,1,3,21,30,0,30.0000,0.0500,491,19,456,16
809,153640283,vermelho,vermelho,heuristica,verde,0,-3,21,100,120,0.8333,0.2000,700,118,467,115
809,153640283,vermelho,azul,heuristica,verde,0,-3,21,90,100,0.9000,0.2222,364,72,224,68
810,1109067602,azul,verde,heuristica,vermelho,0,-3,27,80,110,0.7273,0.5714,561,123,322,116
810,1109067602,azul,vermelho,heuristica,vermelho,1,3,27,30,30,1.0000,0.3846,643,18,609,16
810,1109067602,azul,azul,heuristica,vermelho,0,-3,27,140,110,1.2727,0.3462,903,158,596,149
811,1182380079,verde,verde,heuristica,verde,1,3,34,30,30,1.0000,0.0000,862,17,829,16
811,1182380079,verde,vermelho,heuristica,verde,0,-3,34,150,120,1.2500,0.1212,879,100,681,98
811,1182380079,verde,azul,heuristica,verde,0,-3,34,90,120,0.7500,0.0000,273,57,163,53
812,995907090,vermelho,verde,heuristica,verde,1,3,37,30,0,30.0000,0.2778,821,29,760,32
812,995907090,vermelho,vermelho,heuristica,verde,0,-3,37,120,120,1.0000,0.0833,1032,93,852,87
812,995907090,vermelho,azul,heuristica,verde,0,-3,37,90,120,0.7500,0.0000,489,70,354,65
813,2009703295,azul,verde,heuristica,empate,0,-1,100,0,0,0.0000,0.0000,4343,1155,2084,1104
813,2009703295,azul,vermelho,heuristica,empate,0,-1,100,0,0,0.0000,0.0000,2456,0,2456,0
813,2009703295,azul,azul,heuristica,empate,0,-1,100,0,0,0.0000,0.0100,2437,2,2435,0
814,2108967014,verde,verde,heuristica,verde,1,3,33,30,0,30.0000,0.0606,882,29,828,25
814,2108967014,verde,vermelho,heuristica,verde,0,-3,33,90,120,0.7500,0.1538,474,76,326,72
814,2108967014,verde,azul,heuristica,verde,0,-3,33,120,120,1.0000,0.0000,899,105,696,98
815,484446759,vermelho,verde,heuristica,vermelho,0,-3,19,120,120,1.0000,0.0000,574,94,391,89
815,484446759,vermelho,vermelho,heuristica,vermelho,1,3,19,30,0,30.0000,0.0000,517,29,456,32
815,484446759,vermelho,azul,heuristica,vermelho,0,-3,19,90,120,0.7500,0.0000,305,96,117,92
816,780071506,azul,verde,heuristica,empate,0,-1,100,0,0,0.0000,0.9798,3906,1006,1943,957
816,780071506,azul,vermelho,heuristica,empate,0,-1,100,0,0,0.0000,0.0202,2519,0,2519,0
816,780071506,azul,azul,heuristica,empate,0,-1,100,0,0,0.0000,0.9800,2306,3,2303,0
817,853399628,verde,verde,heuristica,vermelho,0,-3,19,120,120,1.0000,0.0000,628,108,419,101
817,853399628,verde,vermelho,heuristica,vermelho,1,3,19,30,0,30.0000,0.1579,489,18,455,16
817,853399628,verde,azul,heuristica,vermelho,0,-3,19,90,120,0.7500,0.0000,312,68,180,64
818,1422126434,vermelho,verde,heuristica,vermelho,0,-3,19,180,120,1.5000,0.0000,677,138,409,130
818,1422126434,vermelho,vermelho,heuristica,vermelho,1,3,19,30,60,0.5000,0.0526,557,63,432,62
818,1422126434,vermelho,azul,heuristica,vermelho,0,-3,19,90,120,0.7500,0.0000,374,100,175,99
819,1002835612,azul,verde,heuristica,empate,0,-1,100,0,0,0.0000,0.0000,2567,0,2567,0
819,1002835612,azul,vermelho,heuristica,empate,0,-1,100,30,0,30.0000,0.0000,2168,21,2130,17
819,1002835612,azul,azul,heuristica,empate,0,-1,100,0,30,0.0000,0.0000,3650,865,1969,816
820,1448939825,verde,verde,heuristica,verde,1,3,31,30,0,30.0000,0.1290,758,18,724,16
820,1448939825,verde,vermelho,heuristica,verde,0,-3,31,90,120,0.7500,0.0000,413,67,283,63
820,1448939825,verde,azul,heuristica,verde,0,-3,31,120,120,1.0000,0.0333,861,104,655,102
821,379393432,vermelho,verde,heuristica,vermelho,0,-3,33,90,120,0.7500,0.0000,473,95,278,100
821,379393432,vermelho,vermelho,heuristica,vermelho,1,3,33,30,30,1.0000,0.0606,813,17,780,16
821,379393432,vermelho,azul,heuristica,vermelho,0,-3,33,150,120,1.2500,0.0000,1085,176,743,166
822,2107298103,azul,verde,heuristica,verde,1,3,35,60,60,1.0000,0.0294,896,40,819,37
822,2107298103,azul,vermelho,heuristica,verde,0,-3,35,170,120,1.4167,0.1212,1161,188,794,179
822,2107298103,azul,azul,heuristica,verde,0,-3,35,60,110,0.5455,0.5714,419,127,172,120
823,1528822464,verde,verde,heuristica,empate,0,-1,100,0,0,0.0000,0.0000,1982,0,1982,0
823,1528822464,verde,vermelho,heuristica,empate,0,-1,100,0,0,0.0000,0.0000,2052,49,2003,0
823,1528822464,verde,azul,heuristica,empate,0,-1,100,0,0,0.0000,0.0000,2073,50,2023,0
824,1661114236,vermelho,verde,heuristica,vermelho,0,-3,39,140,120,1.1667,0.1316,1160,132,904,124
824,1661114236,vermelho,vermelho,heuristica,vermelho,1,3,39,60,30,2.0000,0.0769,1014,42,934,38
824,1661114236,vermelho,azul,heuristica,vermelho,0,-3,39,60,110,0.5455,0.2000,496,81,338,77
825,900874270,azul,verde,heuristica,empate,0,-1,100,0,0,0.0000,0.0000,2057,48,2009,0
825,900874270,azul,vermelho,heuristica,empate,0,-1,100,0,0,0.0000,0.0000,2034,49,1985,0
825,900874270,azul,azul,heuristica,empate,0,-1,100,0,0,0.0000,0.0100,1871,0,1871,0
826,1705519067,verde,verde,heuristica,azul,0,-3,17,120,120,1.0000,0.0000,632,127,374,131
826,1705519067,verde,vermelho,heuristica,azul,0,-3,17,90,120,0.7500,0.1429,283,69,150,64
826,1705519067,verde,azul,heuristica,azul,1,3,17,30,0,30.0000,0.1765,438,27,386,25
827,1177791765,vermelho,verde,heuristica,empate,0,-1,100,0,0,0.0000,0.0000,2523,0,2523,0
827,1177791765,vermelho,vermelho,heuristica,empate,0,-1,100,90,120,0.7500,0.0000,347,96,151,100
827,1177791765,vermelho,azul,heuristica,empate,0,-1,100,120,90,1.3333,0.0000,4778,1073,2505,1200
828,704217637,azul,verde,heuristica,verde,1,3,29,60,60,1.0000,0.0000,758,49,664,45
828,704217637,azul,vermelho,heuristica,verde,0,-3,29,170,110,1.5455,0.0741,845,159,538,148
828,704217637,azul,azul,heuristica,verde,0,-3,29,50,110,0.4545,0.7143,330,78,177,75
829,770907264,verde,verde,heuristica,azul,0,-3,21,60,110,0.5455,0.7273,514,126,269,119
829,770907264,verde,vermelho,heuristica,azul,0,-3,21,170,120,1.4167,0.2857,928,204,525,199
829,770907264,verde,azul,heuristica,azul,1,3,21,60,60,1.0000,0.0476,630,68,495,67
830,867905328,vermelho,verde,heuristica,azul,0,-3,13,60,120,0.5000,0.0000,321,78,168,75
830,867905328,vermelho,vermelho,heuristica,azul,0,-3,13,160,100,1.6000,0.0769,652,174,309,169
830,867905328,vermelho,azul,heuristica,azul,1,3,13,40,40,1.0000,0.1538,402,46,313,43
831,1547102212,azul,verde,heuristica,vermelho,0,-3,25,140,110,1.2727,0.1667,951,166,610,175
831,1547102212,azul,vermelho,heuristica,vermelho,1,3,25,30,30,1.0000,0.0833,633,26,582,25
831,1547102212,azul,azul,heuristica,vermelho,0,-3,25,80,110,0.7273,0.2500,407,105,202,100
832,1427051027,verde,verde,heuristica,vermelho,0,-3,20,150,120,1.2500,0.1500,682,121,449,112
832,1427051027,verde,vermelho,heuristica,vermelho,1,3,20,60,30,2.0000,0.1000,487,35,420,32
832,1427051027,verde,azul,heuristica,vermelho,0,-3,20,60,120,0.5000,0.0909,432,91,245,96
833,347179498,vermelho,verde,heuristica,vermelho,0,-3,22,90,120,0.7500,0.0000,355,104,151,100
833,347179498,vermelho,vermelho,heuristica,vermelho,1,3,22,30,30,1.0000,0.0000,561,18,527,16
833,347179498,vermelho,azul,heuristica,vermelho,0,-3,22,150,120,1.2500,0.0000,765,123,526,116
834,1886650417,azul,verde,heuristica,azul,0,-3,18,90,120,0.7500,0.3750,316,77,166,73
834,1886650417,azul,vermelho,heuristica,azul,0,-3,18,150,120,1.2500,0.0588,636,122,399,115
834,1886650417,azul,azul,heuristica,azul,1,3,18,30,30,1.0000,0.0000,457,26,407,24
835,15777031,verde,verde,heuristica,vermelho,0,-3,18,80,110,0.7273,0.2500,499,118,270,111
835,15777031,verde,vermelho,heuristica,vermelho,1,3,18,30,30,1.0000,0.0000,468,26,417,25
835,15777031,verde,azul,heuristica,vermelho,0,-3,18,140,110,1.2727,0.1765,758,191,386,181
836,1363852363,vermelho,verde,heuristica,vermelho,0,-3,32,90,120,0.7500,0.0000,307,75,162,70
836,1363852363,vermelho,vermelho,heuristica,vermelho,1,3,32,30,0,30.0000,0.0938,826,29,765,32
836,1363852363,vermelho,azul,heuristica,vermelho,0,-3,32,120,120,1.0000,0.0323,886,102,688,96
837,1258731941,azul,verde,heuristica,azul,0,-3,24,60,120,0.5000,0.0000,427,100,227,100
837,1258731941,azul,vermelho,heuristica,azul,0,-3,24,180,120,1.5000,0.0000,959,200,559,200
837,1258731941,azul,azul,heuristica,azul,1,3,24,60,60,1.0000,0.0417,670,50,572,48
838,1494699440,verde,verde,heuristica,verde,1,3,58,30,0,30.0000,0.0517,1369,29,1308,32
838,1494699440,verde,vermelho,heuristica,verde,0,-3,58,90,120,0.7500,0.0000,822,76,675,71
838,1494699440,verde,azul,heuristica,verde,0,-3,58,120,120,1.0000,0.0000,1515,120,1282,113
839,1628579981,vermelho,verde,heuristica,verde,1,3,24,30,0,30.0000,0.0435,551,18,517,16
839,1628579981,vermelho,vermelho,heuristica,verde,0,-3,24,90,120,0.7500,0.0000,369,95,175,99
839,1628579981,vermelho,azul,heuristica,verde,0,-3,24,120,120,1.0000,0.1304,774,105,569,100
840,250397122,azul,verde,heuristica,vermelho,0,-3,31,120,120,1.0000,0.0000,832,100,638,94
840,250397122,azul,vermelho,heuristica,vermelho,1,3,31,30,0,30.0000,0.0000,575,18,541,16
840,250397122,azul,azul,heuristica,vermelho,0,-3,31,90,120,0.7500,0.0000,413,82,257,74
841,881510746,verde,verde,heuristica,verde,1,3,24,30,0,30.0000,0.0000,641,53,538,50
841,881510746,verde,vermelho,heuristica,verde,0,-3,24,120,120,1.0000,0.0435,865,148,568,149
841,881510746,verde,azul,heuristica,verde,0,-3,24,90,120,0.7500,0.0556,603,78,450,75
842,1164238508,vermelho,verde,heuristica,vermelho,0,-3,16,60,120,0.5000,0.0000,351,100,151,100
842,1164238508,vermelho,vermelho,heuristica,vermelho,1,3,16,60,30,2.0000,0.0000,457,40,380,37
842,1164238508,vermelho,azul,heuristica,vermelho,0,-3,16,150,120,1.2500,0.0000,623,140,351,132
843,1457461325,azul,verde,heuristica,verde,1,3,23,60,30,2.0000,0.0000,610,79,457,74
843,1457461325,azul,vermelho,heuristica,verde,0,-3,23,130,110,1.1818,0.1905,775,153,476,146
843,1457461325,azul,azul,heuristica,verde,0,-3,23,50,100,0.5000,0.3636,414,83,250,81
844,1551343355,verde,verde,heuristica,vermelho,0,-3,20,150,120,1.2500,0.1000,718,120,485,113
844,1551343355,verde,vermelho,heuristica,vermelho,1,3,20,30,30,1.0000,0.1000,490,18,456,16
844,1551343355,verde,azul,heuristica,vermelho,0,-3,20,90,120,0.7500,0.0000,402,103,199,100
845,2140318315,vermelho,verde,heuristica,vermelho,0,-3,19,160,120,1.3333,0.3889,715,147,421,147
845,2140318315,vermelho,vermelho,heuristica,vermelho,1,3,19,60,60,1.0000,0.1579,458,31,399,28
845,2140318315,vermelho,azul,heuristica,vermelho,0,-3,19,60,100,0.6000,0.2857,364,98,168,98
846,2014609842,azul,verde,heuristica,vermelho,0,-3,17,150,120,1.2500,0.0000,666,132,409,125
846,2014609842,azul,vermelho,heuristica,vermelho,1,3,17,30,30,1.0000,0.2500,569,105,343,121
846,2014609842,azul,azul,heuristica,vermelho,0,-3,17,90,120,0.7500,0.0000,371,96,175,100
847,582212434,verde,verde,heuristica,azul,0,-3,43,90,120,0.7500,0.0000,609,156,303,150
847,582212434,verde,vermelho,heuristica,azul,0,-3,43,150,120,1.2500,0.0000,1335,145,1049,141
847,582212434,verde,azul,heuristica,azul,1,3,43,30,30,1.0000,0.0233,1014,15,986,13
848,2005396972,vermelho,verde,heuristica,azul,0,-3,17,40,120,0.3333,0.3333,411,100,216,95
848,2005396972,vermelho,vermelho,heuristica,azul,0,-3,17,150,100,1.5000,0.2353,714,157,410,147
848,2005396972,vermelho,azul,heuristica,azul,1,3,17,60,30,2.0000,0.0000,521,54,419,48
849,396879593,azul,verde,heuristica,verde,1,3,17,30,0,30.0000,0.0625,499,44,405,50
849,396879593,azul,vermelho,heuristica,verde,0,-3,17,120,120,1.0000,0.0667,566,103,367,96
849,396879593,azul,azul,heuristica,verde,0,-3,17,90,120,0.7500,0.0000,506,100,309,97
850,73218816,verde,verde,heuristica,vermelho,0,-3,23,150,120,1.2500,0.3043,937,192,564,181
850,73218816,verde,vermelho,heuristica,vermelho,1,3,23,70,50,1.4000,0.2609,659,66,531,62
850,73218816,verde,azul,heuristica,vermelho,0,-3,23,50,100,0.5000,0.3750,407,105,202,100
851,1734867821,vermelho,verde,heuristica,vermelho,0,-3,21,90,120,0.7500,0.0000,363,85,197,81
851,1734867821,vermelho,vermelho,heuristica,vermelho,1,3,21,30,30,1.0000,0.0476,564,27,512,25
851,1734867821,vermelho,azul,heuristica,vermelho,0,-3,21,150,120,1.2500,0.0000,745,143,466,136
852,532289079,azul,verde,heuristica,vermelho,0,-3,30,120,120,1.0000,0.0345,907,119,672,116
852,532289079,azul,vermelho,heuristica,vermelho,1,3,30,30,0,30.0000,0.0690,718,18,684,16
852,532289079,azul,azul,heuristica,vermelho,0,-3,30,90,120,0.7500,0.0000,376,100,176,100
853,1631779701,verde,verde,heuristica,verde,1,3,47,60,30,2.0000,0.0426,1184,75,1040,69
853,1631779701,verde,vermelho,heuristica,verde,0,-3,47,60,120,0.5000,0.3333,370,81,214,75
853,1631779701,verde,azul,heuristica,verde,0,-3,47,150,120,1.2500,0.1304,1407,156,1101,150
854,85258658,vermelho,verde,heuristica,verde,1,3,19,30,30,1.0000,0.0000,533,49,434,50
854,85258658,vermelho,vermelho,heuristica,verde,0,-3,19,150,120,1.2500,0.0556,723,149,434,140
854,85258658,vermelho,azul,heuristica,verde,0,-3,19,90,120,0.7500,0.0909,411,73,269,69
855,942012666,azul,verde,heuristica,verde,1,3,23,30,0,30.0000,0.0909,537,17,505,15
855,942012666,azul,vermelho,heuristica,verde,0,-3,23,90,120,0.7500,0.1000,447,96,251,100
855,942012666,azul,azul,heuristica,verde,0,-3,23,120,120,1.0000,0.0909,758,119,523,116
856,1074658908,verde,verde,heuristica,vermelho,0,-3,18,90,120,0.7500,0.0000,403,99,206,98
856,1074658908,verde,vermelho,heuristica,vermelho,1,3,18,30,0,30.0000,0.0000,554,49,455,50
856,1074658908,verde,azul,heuristica,vermelho,0,-3,18,120,120,1.0000,0.0000,650,125,406,119
857,245171136,vermelho,verde,heuristica,azul,0,-3,22,120,120,1.0000,0.0000,605,90,431,84
857,245171136,vermelho,vermelho,heuristica,azul,0,-3,22,90,120,0.7500,0.0000,293,58,181,54
857,245171136,vermelho,azul,heuristica,azul,1,3,22,30,0,30.0000,0.0909,525,18,491,16
858,2021010886,azul,verde,heuristica,verde,1,3,20,30,30,1.0000,0.0000,473,18,439,16
858,2021010886,azul,vermelho,heuristica,verde,0,-3,20,150,120,1.2500,0.0000,671,120,437,114
858,2021010886,azul,azul,heuristica,verde,0,-3,20,90,120,0.7500,0.1250,399,100,200,99
859,329362190,verde,verde,heuristica,verde,1,3,42,30,30,1.0000,0.0238,783,18,749,16
859,329362190,verde,vermelho,heuristica,verde,0,-3,42,150,120,1.2500,0.0976,1228,119,1000,109
859,329362190,verde,azul,heuristica,verde,0,-3,42,90,120,0.7500,0.0000,666,99,473,94
860,820834749,vermelho,verde,heuristica,verde,1,3,48,60,30,2.0000,0.0426,1130,35,1063,32
860,820834749,vermelho,vermelho,heuristica,verde,0,-3,48,150,120,1.2500,0.0000,1213,118,988,107
860,820834749,vermelho,azul,heuristica,verde,0,-3,48,60,120,0.5000,0.0000,620,91,432,97
861,1440881829,azul,verde,heuristica,empate,0,-1,100,0,0,0.0000,0.0000,2407,0,2407,0
861,1440881829,azul,vermelho,heuristica,empate,0,-1,100,0,0,0.0000,0.0000,2434,2,2432,0
861,1440881829,azul,azul,heuristica,empate,0,-1,100,0,0,0.0000,0.0000,1190,19,1148,23
862,106408623,verde,verde,heuristica,vermelho,0,-3,28,90,120,0.7500,0.0000,431,78,278,75
862,106408623,verde,vermelho,heuristica,vermelho,1,3,28,20,30,0.6667,0.1071,603,32,539,32
862,106408623,verde,azul,heuristica,vermelho,0,-3,28,150,110,1.3636,0.1852,937,155,625,157
863,1817240856,vermelho,verde,heuristica,empate,0,-1,100,0,0,0.0000,0.0202,2548,0,2548,0
863,1817240856,vermelho,vermelho,heuristica,empate,0,-1,100,0,0,0.0000,0.0200,1762,20,1717,25
863,1817240856,vermelho,azul,heuristica,empate,0,-1,100,0,0,0.0000,0.0100,1891,2,1889,0
864,1768830967,azul,verde,heuristica,azul,0,-3,18,90,120,0.7500,0.0000,605,137,338,130
864,1768830967,azul,vermelho,heuristica,azul,0,-3,18,120,120,1.0000,0.0000,623,117,387,119
864,1768830967,azul,azul,heuristica,azul,1,3,18,30,0,30.0000,0.1111,534,52,432,50
865,1437286984,verde,verde,heuristica,vermelho,0,-3,22,110,110,1.0000,0.3636,810,134,552,124
865,1437286984,verde,vermelho,heuristica,vermelho,1,3,22,30,0,30.0000,0.0455,574,26,523,25
865,1437286984,verde,azul,heuristica,vermelho,0,-3,22,80,110,0.7273,0.4000,473,126,229,118
866,525821035,vermelho,verde,heuristica,vermelho,0,-3,26,80,100,0.8000,0.4000,330,104,126,100
866,525821035,vermelho,vermelho,heuristica,vermelho,1,3,26,40,40,1.0000,0.1923,726,52,624,50
866,525821035,vermelho,azul,heuristica,vermelho,0,-3,26,140,120,1.1667,0.2800,1014,206,609,199
867,797956592,azul,verde,heuristica,verde,1,3,21,30,0,30.0000,0.1500,519,30,465,24
867,797956592,azul,vermelho,heuristica,verde,0,-3,21,90,120,0.7500,0.0909,431,78,278,75
867,797956592,azul,azul,heuristica,verde,0,-3,21,120,120,1.0000,0.0000,739,128,486,125
868,895959840,verde,verde,heuristica,vermelho,0,-3,15,100,100,1.0000,0.2667,631,129,377,125
868,895959840,verde,vermelho,heuristica,vermelho,1,3,15,10,0,10.0000,0.1333,474,51,374,49
868,895959840,verde,azul,heuristica,vermelho,0,-3,15,90,100,0.9000,0.2727,427,78,274,75
869,704269707,vermelho,verde,heuristica,vermelho,0,-3,20,120,120,1.0000,0.0000,672,117,436,119
869,704269707,vermelho,vermelho,heuristica,vermelho,1,3,20,30,0,30.0000,0.1000,562,53,459,50
869,704269707,vermelho,azul,heuristica,vermelho,0,-3,20,90,120,0.7500,0.0000,376,59,261,56
870,1136894587,azul,verde,heuristica,vermelho,0,-3,29,140,120,1.1667,0.0357,910,139,636,135
870,1136894587,azul,vermelho,heuristica,vermelho,1,3,29,30,20,1.5000,0.0357,731,19,695,17
870,1136894587,azul,azul,heuristica,vermelho,0,-3,29,90,120,0.7500,0.0000,542,79,388,75
871,94009992,verde,verde,heuristica,empate,0,-1,100,0,0,0.0000,0.0000,1763,1,1762,0
871,94009992,verde,vermelho,heuristica,empate,0,-1,100,0,0,0.0000,0.0000,1576,24,1528,24
871,94009992,verde,azul,heuristica,empate,0,-1,100,0,0,0.0000,0.0000,2163,0,2163,0
872,323377721,vermelho,verde,heuristica,vermelho,0,-3,59,90,120,0.7500,0.0000,1547,201,1153,193
872,323377721,vermelho,vermelho,heuristica,vermelho,1,3,59,30,30,1.0000,0.0339,1466,26,1415,25
872,323377721,vermelho,azul,heuristica,vermelho,0,-3,59,150,120,1.2500,0.0345,1861,232,1398,231
873,1854823995,azul,verde,heuristica,verde,1,3,34,30,0,30.0000,0.0606,789,18,755,16
873,1854823995,azul,vermelho,heuristica,verde,0,-3,34,120,120,1.0000,0.0000,993,105,788,100
873,1854823995,azul,azul,heuristica,verde,0,-3,34,90,120,0.7500,0.0000,334,78,182,74
874,1320851921,verde,verde,heuristica,vermelho,0,-3,11,90,110,0.8182,0.4000,332,106,126,100
874,1320851921,verde,vermelho,heuristica,vermelho,1,3,11,30,0,30.0000,0.0000,296,26,246,24
874,1320851921,verde,azul,heuristica,vermelho,0,-3,11,110,120,0.9167,0.5000,504,127,252,125
875,53599161,vermelho,verde,heuristica,verde,1,3,29,30,30,1.0000,0.0714,1036,179,684,173
875,53599161,vermelho,vermelho,heuristica,verde,0,-3,29,90,120,0.7500,0.0000,368,99,171,98
875,53599161,vermelho,azul,heuristica,verde,0,-3,29,150,120,1.2500,0.0000,916,124,677,115
876,1714789643,azul,verde,heuristica,verde,1,3,51,30,0,30.0000,0.0400,1301,97,1108,96
876,1714789643,azul,vermelho,heuristica,verde,0,-3,51,120,120,1.0000,0.1224,1496,194,1118,184
876,1714789643,azul,azul,heuristica,verde,0,-3,51,90,120,0.7500,0.2941,709,179,361,169
877,2001167285,verde,verde,heuristica,verde,1,3,12,30,30,1.0000,0.1667,332,27,280,25
877,2001167285,verde,vermelho,heuristica,verde,0,-3,12,90,120,0.7500,0.0000,317,87,139,91
877,2001167285,verde,azul,heuristica,verde,0,-3,12,150,120,1.2500,0.0000,498,120,265,113
878,236604881,vermelho,verde,heuristica,verde,1,3,30,30,0,30.0000,0.0000,699,67,557,75
878,236604881,vermelho,vermelho,heuristica,verde,0,-3,30,90,120,0.7500,0.0833,460,79,306,75
878,236604881,vermelho,azul,heuristica,verde,0,-3,30,120,120,1.0000,0.1034,955,122,708,125
879,836176005,azul,verde,heuristica,empate,0,-1,100,0,0,0.0000,0.0000,2538,0,2538,0
879,836176005,azul,vermelho,heuristica,empate,0,-1,100,0,0,0.0000,0.0000,2283,1,2282,0
879,836176005,azul,azul,heuristica,empate,0,-1,100,0,0,0.0000,0.0000,4366,1169,2068,1129
880,1096791990,verde,verde,heuristica,azul,0,-3,12,120,120,1.0000,0.0000,498,107,291,100
880,1096791990,verde,vermelho,heuristica,azul,0,-3,12,90,120,0.7500,0.0000,350,101,149,100
880,1096791990,verde,azul,heuristica,azul,1,3,12,30,0,30.0000,0.0833,325,28,274,23
881,1331799799,vermelho,verde,heuristica,azul,0,-3,33,60,120,0.5000,0.0000,243,64,120,59
881,1331799799,vermelho,vermelho,heuristica,azul,0,-3,33,210,120,1.7500,0.0303,1036,145,758,133
881,1331799799,vermelho,azul,heuristica,azul,1,3,33,60,90,0.6667,0.0909,902,58,790,54
882,237640937,azul,verde,heuristica,verde,1,3,16,30,0,30.0000,0.0667,442,28,389,25
882,237640937,azul,vermelho,heuristica,verde,0,-3,16,120,120,1.0000,0.0714,535,101,340,94
882,237640937,azul,azul,heuristica,verde,0,-3,16,90,120,0.7500,0.0000,356,104,152,100
883,1455511300,verde,verde,heuristica,azul,0,-3,34,180,120,1.5000,0.0588,1058,127,811,120
883,1455511300,verde,vermelho,heuristica,azul,0,-3,34,60,120,0.5000,0.0000,458,86,274,98
883,1455511300,verde,azul,heuristica,azul,1,3,34,60,60,1.0000,0.0294,628,34,563,31
884,1910967048,vermelho,verde,heuristica,empate,0,-1,100,0,0,0.0000,0.0101,1936,1,1935,0
884,1910967048,vermelho,vermelho,heuristica,empate,0,-1,100,0,0,0.0000,0.0000,2451,0,2451,0
884,1910967048,vermelho,azul,heuristica,empate,0,-1,100,0,0,0.0000,0.0000,1583,46,1490,47
885,1277800770,azul,verde,heuristica,empate,0,-1,100,120,90,1.3333,0.0000,2136,156,1874,106
885,1277800770,azul,vermelho,heuristica,empate,0,-1,100,0,0,0.0000,0.0101,1863,59,1791,13
885,1277800770,azul,azul,heuristica,empate,0,-1,100,90,120,0.7500,0.0323,860,71,724,65
886,695659536,verde,verde,heuristica,verde,1,3,12,30,30,1.0000,0.0000,345,34,275,36
886,695659536,verde,vermelho,heuristica,verde,0,-3,12,150,120,1.2500,0.0000,494,119,263,112
886,695659536,verde,azul,heuristica,verde,0,-3,12,90,120,0.7500,0.1667,349,103,147,99
887,2127157764,vermelho,verde,heuristica,verde,1,3,44,30,0,30.0000,0.0698,1081,101,886,94
887,2127157764,vermelho,vermelho,heuristica,verde,0,-3,44,90,120,0.7500,0.0000,376,101,175,100
887,2127157764,vermelho,azul,heuristica,verde,0,-3,44,120,120,1.0000,0.0000,1231,106,1025,100
888,249328386,azul,verde,heuristica,verde,1,3,24,30,0,30.0000,0.2174,622,32,558,32
888,249328386,azul,vermelho,heuristica,verde,0,-3,24,90,120,0.7500,0.0000,432,78,279,75
888,249328386,azul,azul,heuristica,verde,0,-3,24,120,120,1.0000,0.0000,801,122,554,125
889,832162818,verde,verde,heuristica,empate,0,-1,100,0,0,0.0000,0.0000,2032,49,1983,0
889,832162818,verde,vermelho,heuristica,empate,0,-1,100,0,0,0.0000,0.0200,2591,0,2591,0
889,832162818,verde,azul,heuristica,empate,0,-1,100,0,0,0.0000,0.0000,1958,48,1910,0
890,649770543,vermelho,verde,heuristica,verde,1,3,30,60,30,2.0000,0.1724,739,35,672,32
890,649770543,vermelho,vermelho,heuristica,verde,0,-3,30,60,120,0.5000,0.3158,697,116,465,116
890,649770543,vermelho,azul,heuristica,verde,0,-3,30,150,120,1.2500,0.3448,1036,185,675,176
891,1075216718,azul,verde,heuristica,verde,1,3,28,90,90,1.0000,0.0741,747,68,614,65
891,1075216718,azul,vermelho,heuristica,verde,0,-3,28,190,120,1.5833,0.0769,968,173,633,162
891,1075216718,azul,azul,heuristica,verde,0,-3,28,30,100,0.3000,0.3333,429,102,227,100
892,1401413882,verde,verde,heuristica,vermelho,0,-3,18,40,100,0.4000,0.6364,488,116,254,118
892,1401413882,verde,vermelho,heuristica,vermelho,1,3,18,220,60,3.6667,0.6111,850,215,424,211
892,1401413882,verde,azul,heuristica,vermelho,0,-3,18,20,120,0.1667,0.1765,610,100,415,95
893,1914617522,vermelho,verde,heuristica,vermelho,0,-3,17,80,120,0.6667,0.1000,396,79,242,75
893,1914617522,vermelho,vermelho,heuristica,vermelho,1,3,17,30,60,0.5000,0.0000,530,53,427,50
893,1914617522,vermelho,azul,heuristica,vermelho,0,-3,17,180,110,1.6364,0.2500,693,158,385,150
894,1396172170,azul,verde,heuristica,verde,1,3,17,60,30,2.0000,0.1250,569,101,393,75
894,1396172170,azul,vermelho,heuristica,verde,0,-3,17,130,110,1.1818,0.4000,704,182,372,150
894,1396172170,azul,azul,heuristica,verde,0,-3,17,50,100,0.5000,0.4167,520,128,292,100
895,147524269,verde,verde,heuristica,azul,0,-3,26,80,100,0.8000,0.1667,654,133,392,129
895,147524269,verde,vermelho,heuristica,azul,0,-3,26,160,110,1.4545,0.3077,916,163,599,154
895,147524269,verde,azul,heuristica,azul,1,3,26,60,90,0.6667,0.0000,763,137,505,121
896,88215447,vermelho,verde,heuristica,vermelho,0,-3,15,120,120,1.0000,0.0000,533,106,328,99
896,88215447,vermelho,vermelho,heuristica,vermelho,1,3,15,30,0,30.0000,0.0000,434,27,382,25
896,88215447,vermelho,azul,heuristica,vermelho,0,-3,15,90,120,0.7500,0.0000,349,79,195,75
897,1935253783,azul,verde,heuristica,verde,1,3,24,60,90,0.6667,0.1304,754,95,559,100
897,1935253783,azul,vermelho,heuristica,verde,0,-3,24,60,110,0.5455,0.3333,346,95,151,100
897,1935253783,azul,azul,heuristica,verde,0,-3,24,200,120,1.6667,0.1304,931,186,570,175
898,1096714693,verde,verde,heuristica,verde,1,3,26,30,0,30.0000,0.1923,702,27,650,25
898,1096714693,verde,vermelho,heuristica,verde,0,-3,26,90,120,0.7500,0.0000,476,78,323,75
898,1096714693,verde,azul,heuristica,verde,0,-3,26,120,120,1.0000,0.0400,858,116,617,125
899,1895563606,vermelho,verde,heuristica,azul,0,-3,24,90,120,0.7500,0.0000,405,105,201,99
899,1895563606,vermelho,vermelho,heuristica,azul,0,-3,24,150,120,1.2500,0.0000,828,148,539,141
899,1895563606,vermelho,azul,heuristica,azul,1,3,24,30,30,1.0000,0.0417,605,27,553,25
900,767593850,azul,verde,heuristica,empate,0,-1,100,0,0,0.0000,0.0000,2413,0,2413,0
900,767593850,azul,vermelho,heuristica,empate,0,-1,100,0,0,0.0000,0.0000,2456,20,2417,19
900,767593850,azul,azul,heuristica,empate,0,-1,100,0,0,0.0000,0.0200,4368,1146,2120,1102
901,1987371659,verde,verde,heuristica,azul,0,-3,31,90,120,0.7500,0.0000,479,69,345,65
901,1987371659,verde,vermelho,heuristica,azul,0,-3,31,150,120,1.2500,0.0000,883,110,670,103
901,1987371659,verde,azul,heuristica,azul,1,3,31,30,30,1.0000,0.0645,739,18,705,16
902,27872805,vermelho,verde,heuristica,verde,1,3,17,30,30,1.0000,0.1875,386,18,352,16
902,27872805,vermelho,vermelho,heuristica,verde,0,-3,17,150,120,1.2500,0.0625,631,124,391,116
902,27872805,vermelho,azul,heuristica,verde,0,-3,17,90,120,0.7500,0.0000,352,101,151,100
903,1123407133,azul,verde,heuristica,vermelho,0,-3,20,90,120,0.7500,0.0000,458,78,305,75
903,1123407133,azul,vermelho,heuristica,vermelho,1,3,20,30,0,30.0000,0.1053,548,44,454,50
903,1123407133,azul,azul,heuristica,vermelho,0,-3,20,120,120,1.0000,0.1053,806,175,460,171
904,1876146646,verde,verde,heuristica,azul,0,-3,23,90,120,0.7500,0.0000,380,104,176,100
904,1876146646,verde,vermelho,heuristica,azul,0,-3,23,150,120,1.2500,0.0435,819,132,562,125
904,1876146646,verde,azul,heuristica,azul,1,3,23,30,30,1.0000,0.0435,646,44,552,50
905,1941871429,vermelho,verde,heuristica,vermelho,0,-3,20,120,120,1.0000,0.1579,678,120,437,121
905,1941871429,vermelho,vermelho,heuristica,vermelho,1,3,20,30,0,30.0000,0.0000,589,67,472,50
905,1941871429,vermelho,azul,heuristica,vermelho,0,-3,20,90,120,0.7500,0.1176,594,120,375,99
906,562041356,azul,verde,heuristica,vermelho,0,-3,33,90,120,0.7500,0.2000,330,104,126,100
906,562041356,azul,vermelho,heuristica,vermelho,1,3,33,30,30,1.0000,0.0938,816,35,749,32
906,562041356,azul,azul,heuristica,vermelho,0,-3,33,150,120,1.2500,0.1563,1058,141,785,132
907,1137382925,verde,verde,heuristica,vermelho,0,-3,24,90,120,0.7500,0.0000,280,79,126,75
907,1137382925,verde,vermelho,heuristica,vermelho,1,3,24,30,30,1.0000,0.0833,566,16,535,15
907,1137382925,verde,azul,heuristica,vermelho,0,-3,24,150,120,1.2500,0.0000,812,133,548,131
908,44253473,vermelho,verde,heuristica,empate,0,-1,100,80,120,0.6667,0.0000,567,79,413,75
908,44253473,vermelho,vermelho,heuristica,empate,0,-1,100,120,80,1.5000,0.0100,2455,122,2214,119
908,44253473,vermelho,azul,heuristica,empate,0,-1,100,0,0,0.0000,0.0000,3088,518,1978,592
909,1560650065,azul,verde,heuristica,empate,0,-1,100,0,0,0.0000,0.0000,3849,1145,1605,1099
909,1560650065,azul,vermelho,heuristica,empate,0,-1,100,0,0,0.0000,0.4646,2382,0,2382,0
909,1560650065,azul,azul,heuristica,empate,0,-1,100,0,0,0.0000,0.0000,2156,1,2155,0
910,412950855,verde,verde,heuristica,empate,0,-1,100,0,0,0.0000,0.4500,3754,890,2021,843
910,412950855,verde,vermelho,heuristica,empate,0,-1,100,0,0,0.0000,0.0100,2091,0,2091,0
910,412950855,verde,azul,heuristica,empate,0,-1,100,0,0,0.0000,0.4700,2249,6,2243,0
911,607510251,vermelho,verde,heuristica,vermelho,0,-3,30,140,120,1.1667,0.1379,975,156,671,148
911,607510251,vermelho,vermelho,heuristica,vermelho,1,3,30,30,30,1.0000,0.0000,808,26,758,24
911,607510251,vermelho,azul,heuristica,vermelho,0,-3,30,90,110,0.8182,0.1250,529,72,388,69
912,1238126236,azul,verde,heuristica,vermelho,0,-3,22,140,120,1.1667,0.0476,993,258,498,237
912,1238126236,azul,vermelho,heuristica,vermelho,1,3,22,90,50,1.8000,0.0476,684,103,508,73
912,1238126236,azul,azul,heuristica,vermelho,0,-3,22,60,120,0.5000,0.0000,721,139,460,122
913,1121641946,verde,verde,heuristica,azul,0,-3,16,130,120,1.0833,0.0625,711,168,379,164
913,1121641946,verde,vermelho,heuristica,azul,0,-3,16,90,120,0.7500,0.0000,349,70,214,65
913,1121641946,verde,azul,heuristica,azul,1,3,16,30,10,3.0000,0.2500,529,69,385,75
914,420667202,vermelho,verde,heuristica,vermelho,0,-3,32,90,120,0.7500,0.2000,499,80,344,75
914,420667202,vermelho,vermelho,heuristica,vermelho,1,3,32,30,30,1.0000,0.0000,833,34,767,32
914,420667202,vermelho,azul,heuristica,vermelho,0,-3,32,150,120,1.2500,0.0323,1013,149,723,141
915,1568625357,azul,verde,heuristica,verde,1,3,20,30,30,1.0000,0.0000,462,18,428,16
915,1568625357,azul,vermelho,heuristica,verde,0,-3,20,150,120,1.2500,0.0000,685,123,446,116
915,1568625357,azul,azul,heuristica,verde,0,-3,20,90,120,0.7500,0.0000,422,96,226,100
916,988698174,verde,verde,heuristica,azul,0,-3,18,90,120,0.7500,0.0000,735,195,353,187
916,988698174,verde,vermelho,heuristica,azul,0,-3,18,120,120,1.0000,0.0000,590,94,408,88
916,988698174,verde,azul,heuristica,azul,1,3,18,30,0,30.0000,0.0556,542,49,443,50
917,1920469873,vermelho,verde,heuristica,empate,0,-1,100,0,0,0.0000,0.0000,2509,0,2509,0
917,1920469873,vermelho,vermelho,heuristica,empate,0,-1,100,80,120,0.6667,0.0833,504,101,303,100
917,1920469873,vermelho,azul,heuristica,empate,0,-1,100,120,80,1.5000,0.0200,4824,1102,2498,1224
918,427165887,azul,verde,heuristica,vermelho,0,-3,15,90,120,0.7500,0.0000,398,99,199,100
918,427165887,azul,vermelho,heuristica,vermelho,1,3,15,30,0,30.0000,0.0000,404,26,353,25
918,427165887,azul,azul,heuristica,vermelho,0,-3,15,120,120,1.0000,0.0000,557,105,352,100
919,1734036530,verde,verde,heuristica,empate,0,-1,100,90,120,0.7500,0.0000,384,66,256,62
919,1734036530,verde,vermelho,heuristica,empate,0,-1,100,0,0,0.0000,0.0100,2525,0,2525,0
919,1734036530,verde,azul,heuristica,empate,0,-1,100,120,90,1.3333,0.3900,1999,190,1617,192
920,1207230511,vermelho,verde,heuristica,azul,0,-3,17,90,120,0.7500,0.0000,512,112,294,106
920,1207230511,vermelho,vermelho,heuristica,azul,0,-3,17,150,100,1.5000,0.1176,632,133,375,124
920,1207230511,vermelho,azul,heuristica,azul,1,3,17,10,30,0.3333,0.1176,473,27,421,25
921,107751489,azul,verde,heuristica,vermelho,0,-3,41,50,100,0.5000,0.4865,1487,387,765,335
921,107751489,azul,vermelho,heuristica,vermelho,1,3,41,130,90,1.4444,0.1750,1260,226,888,146
921,107751489,azul,azul,heuristica,vermelho,0,-3,41,120,110,1.0909,0.1750,1333,222,921,190
922,66732485,verde,verde,heuristica,vermelho,0,-3,14,180,120,1.5000,0.0000,705,177,353,175
922,66732485,verde,vermelho,heuristica,vermelho,1,3,14,60,60,1.0000,0.2143,446,52,344,50
922,66732485,verde,azul,heuristica,vermelho,0,-3,14,60,120,0.5000,0.0000,280,79,126,75
923,18312935,vermelho,verde,heuristica,verde,1,3,45,60,60,1.0000,0.0909,1290,112,1057,121
923,18312935,vermelho,vermelho,heuristica,verde,0,-3,45,170,110,1.5455,0.2500,1336,204,941,191
923,18312935,vermelho,azul,heuristica,verde,0,-3,45,50,110,0.4545,0.5000,421,100,226,95
924,1367906468,azul,verde,heuristica,vermelho,0,-3,22,120,120,1.0000,0.0952,709,106,503,100
924,1367906468,azul,vermelho,heuristica,vermelho,1,3,22,30,0,30.0000,0.1429,543,29,482,32
924,1367906468,azul,azul,heuristica,vermelho,0,-3,22,90,120,0.7500,0.0000,379,104,175,100
925,1533422519,verde,verde,heuristica,verde,1,3,20,60,60,1.0000,0.0000,547,36,478,33
925,1533422519,verde,vermelho,heuristica,verde,0,-3,20,40,100,0.4000,0.2857,329,78,176,75
925,1533422519,verde,azul,heuristica,verde,0,-3,20,160,100,1.6000,0.1579,720,138,452,130
926,372069853,vermelho,verde,heuristica,azul,0,-3,20,120,120,1.0000,0.0000,715,130,462,123
926,372069853,vermelho,vermelho,heuristica,azul,0,-3,20,90,120,0.7500,0.0000,375,80,220,75
926,372069853,vermelho,azul,heuristica,azul,1,3,20,30,0,30.0000,0.1500,542,25,494,23
927,778134302,azul,verde,heuristica,vermelho,0,-3,25,180,120,1.5000,0.2500,879,158,564,157
927,778134302,azul,vermelho,heuristica,vermelho,1,3,25,60,60,1.0000,0.0000,633,39,558,36
927,778134302,azul,azul,heuristica,vermelho,0,-3,25,60,120,0.5000,0.1250,603,106,397,100
928,1831905812,verde,verde,heuristica,azul,0,-3,9,150,120,1.2500,0.0000,474,129,223,122
928,1831905812,verde,vermelho,heuristica,azul,0,-3,9,90,120,0.7500,0.0000,329,103,126,100
928,1831905812,verde,azul,heuristica,azul,1,3,9,30,30,1.0000,0.0000,253,27,201,25
929,991318533,vermelho,verde,heuristica,azul,0,-3,38,90,110,0.8182,0.1667,498,101,297,100
929,991318533,vermelho,vermelho,heuristica,azul,0,-3,38,140,120,1.1667,0.0789,1290,195,908,187
929,991318533,vermelho,azul,heuristica,azul,1,3,38,30,30,1.0000,0.0789,812,18,778,16
930,1706283989,azul,verde,heuristica,verde,1,3,20,30,0,30.0000,0.0526,519,27,467,25
930,1706283989,azul,vermelho,heuristica,verde,0,-3,20,120,120,1.0000,0.0000,730,151,436,143
930,1706283989,azul,azul,heuristica,verde,0,-3,20,90,120,0.7500,0.0000,568,117,331,120
931,1594119628,verde,verde,heuristica,verde,1,3,22,30,0,30.0000,0.0455,581,17,548,16
931,1594119628,verde,vermelho,heuristica,verde,0,-3,22,110,110,1.0000,0.2857,765,138,487,140
931,1594119628,verde,azul,heuristica,verde,0,-3,22,80,110,0.7273,0.5455,473,117,246,110
932,1114523884,vermelho,verde,heuristica,azul,0,-3,33,90,120,0.7500,0.0000,531,101,331,99
932,1114523884,vermelho,vermelho,heuristica,azul,0,-3,33,150,120,1.2500,0.0909,1045,139,774,132
932,1114523884,vermelho,azul,heuristica,azul,1,3,33,30,30,1.0000,0.0303,830,32,766,32
933,422079920,azul,verde,heuristica,azul,0,-3,20,90,120,0.7500,0.4000,282,80,127,75
933,422079920,azul,vermelho,heuristica,azul,0,-3,20,150,120,1.2500,0.0000,689,133,433,123
933,422079920,azul,azul,heuristica,azul,1,3,20,30,30,1.0000,0.0000,501,28,448,25
934,1042459231,verde,verde,heuristica,azul,0,-3,23,90,120,0.7500,0.2500,377,96,190,91
934,1042459231,verde,vermelho,heuristica,azul,0,-3,23,120,120,1.0000,0.0000,781,124,530,127
934,1042459231,verde,azul,heuristica,azul,1,3,23,30,0,30.0000,0.0000,580,18,546,16
935,712723097,vermelho,verde,heuristica,verde,1,3,19,50,70,0.7143,0.1667,581,73,440,68
935,712723097,vermelho,vermelho,heuristica,verde,0,-3,19,50,110,0.4545,0.2308,450,77,300,73
935,712723097,vermelho,azul,heuristica,verde,0,-3,19,180,100,1.8000,0.4444,711,160,400,151
936,1168590347,azul,verde,heuristica,empate,0,-1,100,0,0,0.0000,0.0101,1992,69,1899,24
936,1168590347,azul,vermelho,heuristica,empate,0,-1,100,0,0,0.0000,0.4848,1859,50,1809,0
936,1168590347,azul,azul,heuristica,empate,0,-1,100,0,0,0.0000,0.0000,2581,0,2581,0
937,1071684288,verde,verde,heuristica,azul,0,-3,42,90,120,0.7500,0.0000,551,78,398,75
937,1071684288,verde,vermelho,heuristica,azul,0,-3,42,120,120,1.0000,0.1190,1286,141,1004,141
937,1071684288,verde,azul,heuristica,azul,1,3,42,30,0,30.0000,0.1667,1108,61,990,57
938,538693465,vermelho,verde,heuristica,verde,1,3,76,30,30,1.0000,0.0000,1541,26,1490,25
938,538693465,vermelho,vermelho,heuristica,verde,0,-3,76,90,120,0.7500,0.0417,691,89,512,90
938,538693465,vermelho,azul,heuristica,verde,0,-3,76,150,120,1.2500,0.0667,2105,163,1777,165
939,1540251139,azul,verde,heuristica,azul,0,-3,27,120,120,1.0000,0.1154,866,119,634,113
939,1540251139,azul,vermelho,heuristica,azul,0,-3,27,90,120,0.7500,0.0000,266,76,118,72
939,1540251139,azul,azul,heuristica,azul,1,3,27,30,0,30.0000,0.0370,493,18,459,16
940,1431387882,verde,verde,heuristica,vermelho,0,-3,25,90,120,0.7500,0.0000,380,77,231,72
940,1431387882,verde,vermelho,heuristica,vermelho,1,3,25,30,0,30.0000,0.0000,665,25,617,23
940,1431387882,verde,azul,heuristica,vermelho,0,-3,25,120,120,1.0000,0.0000,747,102,551,94
941,1385593444,vermelho,verde,heuristica,verde,1,3,13,60,60,1.0000,0.0833,512,130,289,93
941,1385593444,vermelho,vermelho,heuristica,verde,0,-3,13,120,120,1.0000,0.0000,478,108,270,100
941,1385593444,vermelho,azul,heuristica,verde,0,-3,13,120,120,1.0000,0.1667,630,183,297,150
942,602949509,azul,verde,heuristica,vermelho,0,-3,63,120,120,1.0000,0.0645,1527,86,1360,81
942,602949509,azul,vermelho,heuristica,vermelho,1,3,63,30,0,30.0000,0.0161,1068,26,1018,24
942,602949509,azul,azul,heuristica,vermelho,0,-3,63,90,120,0.7500,0.0909,370,66,242,62
943,129881148,verde,verde,heuristica,azul,0,-3,23,90,120,0.7500,0.0000,583,96,388,99
943,129881148,verde,vermelho,heuristica,azul,0,-3,23,120,120,1.0000,0.1304,772,105,567,100
943,129881148,verde,azul,heuristica,azul,1,3,23,30,0,30.0000,0.2174,574,27,522,25
944,988129515,vermelho,verde,heuristica,vermelho,0,-3,27,120,120,1.0000,0.0385,869,128,613,128
944,988129515,vermelho,vermelho,heuristica,vermelho,1,3,27,30,0,30.0000,0.0000,599,27,547,25
944,988129515,vermelho,azul,heuristica,vermelho,0,-3,27,90,120,0.7500,0.0000,494,68,361,65
945,240535048,azul,verde,heuristica,vermelho,0,-3,21,120,120,1.0000,0.1000,636,116,405,115
945,240535048,azul,vermelho,heuristica,vermelho,1,3,21,30,0,30.0000,0.0500,504,18,461,25
945,240535048,azul,azul,heuristica,vermelho,0,-3,21,90,120,0.7500,0.0000,494,67,363,64
946,1570706326,verde,verde,heuristica,azul,0,-3,28,90,120,0.7500,0.0000,397,77,248,72
946,1570706326,verde,vermelho,heuristica,azul,0,-3,28,150,120,1.2500,0.0357,888,132,623,133
946,1570706326,verde,azul,heuristica,azul,1,3,28,30,30,1.0000,0.1071,727,32,663,32
947,507421364,vermelho,verde,heuristica,azul,0,-3,32,70,100,0.7000,0.1429,505,98,308,99
947,507421364,vermelho,vermelho,heuristica,azul,0,-3,32,100,100,1.0000,0.1563,930,92,751,87
947,507421364,vermelho,azul,heuristica,azul,1,3,32,30,0,30.0000,0.0625,800,18,766,16
948,1685667609,azul,verde,heuristica,verde,1,3,21,30,0,30.0000,0.2500,602,44,508,50
948,1685667609,azul,vermelho,heuristica,verde,0,-3,21,90,120,0.7500,0.0000,443,78,291,74
948,1685667609,azul,azul,heuristica,verde,0,-3,21,120,120,1.0000,0.0000,706,112,479,115
949,705769209,verde,verde,heuristica,verde,1,3,30,30,0,30.0000,0.0000,697,29,636,32
949,705769209,verde,vermelho,heuristica,verde,0,-3,30,120,120,1.0000,0.0345,897,105,692,100
949,705769209,verde,azul,heuristica,verde,0,-3,30,90,120,0.7500,0.1000,398,79,244,75
950,504911631,vermelho,verde,heuristica,empate,0,-1,100,0,0,0.0000,0.0000,2039,50,1989,0
950,504911631,vermelho,vermelho,heuristica,empate,0,-1,100,0,0,0.0000,0.0000,2062,50,2012,0
950,504911631,vermelho,azul,heuristica,empate,0,-1,100,0,0,0.0000,0.0200,2500,0,2500,0
951,797430198,azul,verde,heuristica,verde,1,3,22,90,30,3.0000,0.0476,681,106,500,75
951,797430198,azul,vermelho,heuristica,verde,0,-3,22,60,120,0.5000,0.1667,569,68,436,65
951,797430198,azul,azul,heuristica,verde,0,-3,22,120,120,1.0000,0.1429,748,118,518,112
952,1256198830,verde,verde,heuristica,empate,0,-1,100,100,90,1.1111,0.0300,2837,122,2590,125
952,1256198830,verde,vermelho,heuristica,empate,0,-1,100,90,100,0.9000,0.3333,380,78,227,75
952,1256198830,verde,azul,heuristica,empate,0,-1,100,0,0,0.0000,0.0000,1534,24,1485,25
953,1625466238,vermelho,verde,heuristica,azul,0,-3,25,60,120,0.5000,0.0000,415,92,237,86
953,1625466238,vermelho,vermelho,heuristica,azul,0,-3,25,180,120,1.5000,0.0000,823,133,570,120
953,1625466238,vermelho,azul,heuristica,azul,1,3,25,60,60,1.0000,0.0800,674,37,603,34
954,270764059,azul,verde,heuristica,verde,1,3,26,30,0,30.0000,0.0000,495,27,443,25
954,270764059,azul,vermelho,heuristica,verde,0,-3,26,120,120,1.0000,0.0417,804,125,554,125
954,270764059,azul,azul,heuristica,verde,0,-3,26,90,120,0.7500,0.0000,428,68,295,65
955,466416347,verde,verde,heuristica,verde,1,3,13,30,0,30.0000,0.0769,379,27,327,25
955,466416347,verde,vermelho,heuristica,verde,0,-3,13,70,100,0.7000,0.1818,476,102,275,99
955,466416347,verde,azul,heuristica,verde,0,-3,13,100,100,1.0000,0.1667,495,103,295,97
956,164930889,vermelho,verde,heuristica,azul,0,-3,21,60,120,0.5000,0.3000,424,107,228,89
956,164930889,vermelho,vermelho,heuristica,azul,0,-3,21,180,100,1.8000,0.1429,790,157,486,147
956,164930889,vermelho,azul,heuristica,azul,1,3,21,40,60,0.6667,0.1905,658,70,522,66
957,657063490,azul,verde,heuristica,verde,1,3,36,30,30,1.0000,0.0286,750,34,684,32
957,657063490,azul,vermelho,heuristica,verde,0,-3,36,90,120,0.7500,0.1667,449,97,255,97
957,657063490,azul,azul,heuristica,verde,0,-3,36,150,120,1.2500,0.1143,1030,110,817,103
958,925743247,verde,verde,heuristica,azul,0,-3,12,90,120,0.7500,0.0000,367,80,212,75
958,925743247,verde,vermelho,heuristica,azul,0,-3,12,150,120,1.2500,0.0000,556,134,297,125
958,925743247,verde,azul,heuristica,azul,1,3,12,30,30,1.0000,0.0000,353,26,302,25
959,1712549161,vermelho,verde,heuristica,azul,0,-3,13,90,120,0.7500,0.0000,397,106,191,100
959,1712549161,vermelho,vermelho,heuristica,azul,0,-3,13,150,110,1.3636,0.0769,631,153,328,150
959,1712549161,vermelho,azul,heuristica,azul,1,3,13,20,30,0.6667,0.2308,358,27,306,25
960,1225043013,azul,verde,heuristica,verde,1,3,30,30,30,1.0000,0.0000,702,17,669,16
960,1225043013,azul,vermelho,heuristica,verde,0,-3,30,90,120,0.7500,0.0000,527,75,380,72
960,1225043013,azul,azul,heuristica,verde,0,-3,30,150,120,1.2500,0.1379,1088,205,666,217
961,941576731,verde,verde,heuristica,verde,1,3,18,30,30,1.0000,0.0000,480,24,433,23
961,941576731,verde,vermelho,heuristica,verde,0,-3,18,90,120,0.7500,0.1667,546,128,296,122
961,941576731,verde,azul,heuristica,verde,0,-3,18,150,120,1.2500,0.1176,771,188,395,188
962,1506476993,vermelho,verde,heuristica,vermelho,0,-3,15,90,120,0.7500,0.0000,558,131,302,125
962,1506476993,vermelho,vermelho,heuristica,vermelho,1,3,15,90,30,3.0000,0.1333,575,133,367,75
962,1506476993,vermelho,azul,heuristica,vermelho,0,-3,15,90,120,0.7500,0.0714,547,101,346,100
963,1059674389,azul,verde,heuristica,vermelho,0,-3,15,140,120,1.1667,0.1429,668,165,337,166
963,1059674389,azul,vermelho,heuristica,vermelho,1,3,15,30,30,1.0000,0.1429,396,26,345,25
963,1059674389,azul,azul,heuristica,vermelho,0,-3,15,90,110,0.8182,0.2857,321,76,173,72
964,629443526,verde,verde,heuristica,verde,1,3,11,70,10,7.0000,0.2727,454,105,274,75
964,629443526,verde,vermelho,heuristica,verde,0,-3,11,100,100,1.0000,0.1000,399,95,210,94
964,629443526,verde,azul,heuristica,verde,0,-3,11,60,120,0.5000,0.0000,231,34,165,32
965,1269805790,vermelho,verde,heuristica,verde,1,3,14,60,0,60.0000,0.0769,392,79,263,50
965,1269805790,vermelho,vermelho,heuristica,verde,0,-3,14,90,120,0.7500,0.0000,583,131,327,125
965,1269805790,vermelho,azul,heuristica,verde,0,-3,14,90,120,0.7500,0.0000,494,96,299,99
966,1317036416,azul,verde,heuristica,empate,0,-1,100,0,0,0.0000,0.4747,2057,49,2008,0
966,1317036416,azul,vermelho,heuristica,empate,0,-1,100,0,0,0.0000,0.0000,2033,48,1985,0
966,1317036416,azul,azul,heuristica,empate,0,-1,100,0,0,0.0000,0.0100,2579,0,2579,0
967,558950948,verde,verde,heuristica,verde,1,3,16,30,0,30.0000,0.0000,397,29,336,32
967,558950948,verde,vermelho,heuristica,verde,0,-3,16,90,120,0.7500,0.0000,284,88,111,85
967,558950948,verde,azul,heuristica,verde,0,-3,16,120,120,1.0000,0.0000,508,87,339,82
968,136670000,vermelho,verde,heuristica,azul,0,-3,14,90,120,0.7500,0.0000,307,85,133,89
968,136670000,vermelho,vermelho,heuristica,azul,0,-3,14,120,120,1.0000,0.0000,482,87,315,80
968,136670000,vermelho,azul,heuristica,azul,1,3,14,30,0,30.0000,0.0000,385,27,335,23
969,127806416,azul,verde,heuristica,vermelho,0,-3,29,120,120,1.0000,0.0714,942,134,683,125
969,127806416,azul,vermelho,heuristica,vermelho,1,3,29,30,0,30.0000,0.0357,691,20,655,16
969,127806416,azul,azul,heuristica,vermelho,0,-3,29,90,120,0.7500,0.0000,503,90,313,100
970,1770472552,verde,verde,heuristica,vermelho,0,-3,40,120,120,1.0000,0.1000,1154,86,987,81
970,1770472552,verde,vermelho,heuristica,vermelho,1,3,40,30,0,30.0000,0.0000,877,26,826,25
970,1770472552,verde,azul,heuristica,vermelho,0,-3,40,90,120,0.7500,0.0000,576,66,448,62
971,1221341580,vermelho,verde,heuristica,verde,1,3,27,60,30,2.0000,0.0000,752,70,607,75
971,1221341580,vermelho,vermelho,heuristica,verde,0,-3,27,60,110,0.5455,0.4444,483,131,227,125
971,1221341580,vermelho,azul,heuristica,verde,0,-3,27,140,120,1.1667,0.1538,1004,183,646,175
972,510847089,azul,verde,heuristica,vermelho,0,-3,14,120,100,1.2000,0.1538,568,131,304,133
972,510847089,azul,vermelho,heuristica,vermelho,1,3,14,30,0,30.0000,0.0000,371,26,322,23
972,510847089,azul,azul,heuristica,vermelho,0,-3,14,70,120,0.5833,0.1111,379,97,190,92
973,1692598265,verde,verde,heuristica,vermelho,0,-3,19,90,120,0.7500,0.3333,430,98,240,92
973,1692598265,verde,vermelho,heuristica,vermelho,1,3,19,30,0,30.0000,0.0000,485,18,451,16
973,1692598265,verde,azul,heuristica,vermelho,0,-3,19,120,120,1.0000,0.3333,612,124,375,113
974,248016053,vermelho,verde,heuristica,vermelho,0,-3,23,140,120,1.1667,0.2273,905,179,551,175
974,248016053,vermelho,vermelho,heuristica,vermelho,1,3,23,60,30,2.0000,0.0435,660,54,556,50
974,248016053,vermelho,azul,heuristica,vermelho,0,-3,23,60,110,0.5455,0.4000,732,179,378,175
975,1909045985,azul,verde,heuristica,azul,0,-3,42,120,120,1.0000,0.0732,1234,106,1028,100
975,1909045985,azul,vermelho,heuristica,azul,0,-3,42,90,120,0.7500,0.0000,377,103,174,100
975,1909045985,azul,azul,heuristica,azul,1,3,42,30,0,30.0000,0.0476,868,51,769,48
976,887965518,verde,verde,heuristica,vermelho,0,-3,17,130,120,1.0833,0.1765,681,130,428,123
976,887965518,verde,vermelho,heuristica,vermelho,1,3,17,60,30,2.0000,0.0000,544,70,401,73
976,887965518,verde,azul,heuristica,vermelho,0,-3,17,60,100,0.6000,0.5556,452,123,210,119
977,1357408905,vermelho,verde,heuristica,empate,0,-1,100,0,0,0.0000,0.0000,2541,0,2541,0
977,1357408905,vermelho,vermelho,heuristica,empate,0,-1,100,0,0,0.0000,0.0000,2060,49,2011,0
977,1357408905,vermelho,azul,heuristica,empate,0,-1,100,0,0,0.0000,0.0000,2073,50,2023,0
978,1611699638,azul,verde,heuristica,verde,1,3,19,30,30,1.0000,0.0556,461,51,362,48
978,1611699638,azul,vermelho,heuristica,verde,0,-3,19,90,120,0.7500,0.0000,401,100,201,100
978,1611699638,azul,azul,heuristica,verde,0,-3,19,150,120,1.2500,0.0556,689,170,359,160
979,1463146029,verde,verde,heuristica,empate,0,-1,100,30,100,0.3000,0.6154,524,104,310,110
979,1463146029,verde,vermelho,heuristica,empate,0,-1,100,100,30,3.3333,0.4800,4330,781,2432,1117
979,1463146029,verde,azul,heuristica,empate,0,-1,100,0,0,0.0000,0.0100,2293,0,2293,0
980,1079783323,vermelho,verde,heuristica,azul,0,-3,18,90,120,0.7500,0.1538,517,116,287,114
980,1079783323,vermelho,vermelho,heuristica,azul,0,-3,18,120,120,1.0000,0.0000,597,98,409,90
980,1079783323,vermelho,azul,heuristica,azul,1,3,18,30,0,30.0000,0.2778,475,24,428,23
981,645188196,azul,verde,heuristica,vermelho,0,-3,24,130,110,1.1818,0.3478,955,200,564,191
981,645188196,azul,vermelho,heuristica,vermelho,1,3,24,50,30,1.6667,0.0435,611,35,544,32
981,645188196,azul,azul,heuristica,vermelho,0,-3,24,60,100,0.6000,0.3077,527,99,328,100
982,1071560322,verde,verde,heuristica,vermelho,0,-3,20,90,120,0.7500,0.0000,466,95,280,91
982,1071560322,verde,vermelho,heuristica,vermelho,1,3,20,30,30,1.0000,0.0000,558,40,471,47
982,1071560322,verde,azul,heuristica,vermelho,0,-3,20,150,120,1.2500,0.0000,623,111,412,100
983,997181620,vermelho,verde,heuristica,azul,0,-3,25,120,120,1.0000,0.1250,893,153,590,150
983,997181620,vermelho,vermelho,heuristica,azul,0,-3,25,90,120,0.7500,0.1538,579,126,328,125
983,997181620,vermelho,azul,heuristica,azul,1,3,25,30,0,30.0000,0.1600,674,44,580,50
984,1255515162,azul,verde,heuristica,azul,0,-3,35,80,100,0.8000,0.5455,480,113,257,110
984,1255515162,azul,vermelho,heuristica,azul,0,-3,35,140,120,1.1667,0.2647,1234,207,832,195
984,1255515162,azul,azul,heuristica,azul,1,3,35,40,40,1.0000,0.0857,877,69,734,74
985,836382915,verde,verde,heuristica,empate,0,-1,100,0,0,0.0000,0.0000,1207,0,1207,0
985,836382915,verde,vermelho,heuristica,empate,0,-1,100,100,90,1.1111,0.0600,2303,151,2012,140
985,836382915,verde,azul,heuristica,empate,0,-1,100,90,100,0.9000,0.5556,466,127,217,122
986,347126365,vermelho,verde,heuristica,azul,0,-3,17,60,120,0.5000,0.0000,280,78,127,75
986,347126365,vermelho,vermelho,heuristica,azul,0,-3,17,150,120,1.2500,0.0000,649,123,410,116
986,347126365,vermelho,azul,heuristica,azul,1,3,17,60,30,2.0000,0.1765,450,35,383,32
987,1469351021,azul,verde,heuristica,vermelho,0,-3,26,140,110,1.2727,0.1200,820,128,567,125
987,1469351021,azul,vermelho,heuristica,vermelho,1,3,26,30,30,1.0000,0.0800,638,28,586,24
987,1469351021,azul,azul,heuristica,vermelho,0,-3,26,80,110,0.7273,0.0625,502,66,373,63
988,2100725222,verde,verde,heuristica,empate,0,-1,100,0,0,0.0000,0.0000,1376,49,1327,0
988,2100725222,verde,vermelho,heuristica,empate,0,-1,100,0,0,0.0000,0.0000,1395,51,1344,0
988,2100725222,verde,azul,heuristica,empate,0,-1,100,0,0,0.0000,0.0000,2537,0,2537,0
989,2076863469,vermelho,verde,heuristica,azul,0,-3,15,90,120,0.7500,0.0000,330,104,126,100
989,2076863469,vermelho,vermelho,heuristica,azul,0,-3,15,120,120,1.0000,0.1333,656,139,371,146
989,2076863469,vermelho,azul,heuristica,azul,1,3,15,30,0,30.0000,0.0000,393,27,341,25
990,1297419198,azul,verde,heuristica,azul,0,-3,15,90,100,0.9000,0.2000,330,104,126,100
990,1297419198,azul,vermelho,heuristica,azul,0,-3,15,130,120,1.0833,0.2143,640,145,350,145
990,1297419198,azul,azul,heuristica,azul,1,3,15,30,30,1.0000,0.0667,459,47,364,48
991,656509197,verde,verde,heuristica,vermelho,0,-3,24,90,120,0.7500,0.0000,432,73,290,69
991,656509197,verde,vermelho,heuristica,vermelho,1,3,24,30,0,30.0000,0.3750,612,18,578,16
991,656509197,verde,azul,heuristica,vermelho,0,-3,24,120,120,1.0000,0.0435,772,118,541,113
992,2086753255,vermelho,verde,heuristica,vermelho,0,-3,26,160,110,1.4545,0.2400,960,181,601,178
992,2086753255,vermelho,vermelho,heuristica,vermelho,1,3,26,60,60,1.0000,0.0000,702,42,620,40
992,2086753255,vermelho,azul,heuristica,vermelho,0,-3,26,50,100,0.5000,0.2500,406,104,202,100
993,1945909570,azul,verde,heuristica,verde,1,3,26,30,30,1.0000,0.0000,622,19,587,16
993,1945909570,azul,vermelho,heuristica,verde,0,-3,26,140,110,1.2727,0.2083,1052,249,564,239
993,1945909570,azul,azul,heuristica,verde,0,-3,26,80,110,0.7273,0.3125,651,125,402,124
994,66133690,verde,verde,heuristica,vermelho,0,-3,13,90,120,0.7500,0.0909,480,104,277,99
994,66133690,verde,vermelho,heuristica,vermelho,1,3,13,30,30,1.0000,0.0769,406,49,311,46
994,66133690,verde,azul,heuristica,vermelho,0,-3,13,150,120,1.2500,0.0833,579,145,288,146
995,1178650548,vermelho,verde,heuristica,verde,1,3,29,30,30,1.0000,0.1429,704,17,672,15
995,1178650548,vermelho,vermelho,heuristica,verde,0,-3,29,90,110,0.8182,0.0769,438,74,295,69
995,1178650548,vermelho,azul,heuristica,verde,0,-3,29,140,120,1.1667,0.1071,883,118,656,109
996,1356342537,azul,verde,heuristica,verde,1,3,33,30,30,1.0000,0.0313,718,18,684,16
996,1356342537,azul,vermelho,heuristica,verde,0,-3,33,90,120,0.7500,0.0000,445,89,265,91
996,1356342537,azul,azul,heuristica,verde,0,-3,33,150,120,1.2500,0.1250,1005,122,769,114
997,1676657438,verde,verde,heuristica,vermelho,0,-3,38,90,120,0.7500,0.0000,528,78,375,75
997,1676657438,verde,vermelho,heuristica,vermelho,1,3,38,30,30,1.0000,0.0789,992,45,900,47
997,1676657438,verde,azul,heuristica,vermelho,0,-3,38,150,120,1.2500,0.0270,1252,176,901,175
998,1714985209,vermelho,verde,heuristica,empate,0,-1,100,0,30,0.0000,0.8788,3828,960,1952,916
998,1714985209,vermelho,vermelho,heuristica,empate,0,-1,100,0,0,0.0000,0.0200,2561,0,2561,0
998,1714985209,vermelho,azul,heuristica,empate,0,-1,100,30,0,30.0000,0.8700,2312,52,2210,50
999,703915436,azul,verde,heuristica,vermelho,0,-3,16,90,120,0.7500,0.0000,527,120,285,122
999,703915436,azul,vermelho,heuristica,vermelho,1,3,16,30,0,30.0000,0.0000,427,48,338,41
999,703915436,azul,azul,heuristica,vermelho,0,-3,16,120,120,1.0000,0.0000,655,147,361,147
1000,1215748322,verde,verde,heuristica,azul,0,-3,31,0,110,0.0000,0.5556,415,99,218,98
1000,1215748322,verde,vermelho,heuristica,azul,0,-3,31,200,120,1.6667,0.2903,1279,266,750,263
1000,1215748322,verde,azul,heuristica,azul,1,3,31,120,90,1.3333,0.1613,982,106,776,100
