id_simulacao,seed,jogador_inicial,jogador,modelo_ia,vencedor,venceu,pontos,turnos,dano_causado,dano_recebido,damage_ratio,cover_usage,custo_total,custo_los,custo_nodos,custo_acoes
1,438557537,verde,verde,art3miz_0.1,empate,0,-1,100,80,110,0.7273,0.2857,241,79,88,74
1,438557537,verde,vermelho,heuristica,empate,0,-1,100,110,80,1.3750,0.0200,2258,151,2008,99
1,438557537,verde,azul,heuristica,empate,0,-1,100,0,0,0.0000,0.9500,2025,46,1979,0
2,1864560048,vermelho,verde,art3miz_0.1,vermelho,0,-3,15,120,120,1.0000,0.0000,305,78,156,71
2,1864560048,vermelho,vermelho,heuristica,vermelho,1,3,15,30,0,30.0000,0.0667,443,39,359,45
2,1864560048,vermelho,azul,heuristica,vermelho,0,-3,15,90,120,0.7500,0.0000,369,92,185,92
3,990947591,azul,verde,art3miz_0.1,vermelho,0,-3,15,120,100,1.2000,0.1429,368,108,162,98
3,990947591,azul,vermelho,heuristica,vermelho,1,3,15,30,0,30.0000,0.0714,363,26,312,25
3,990947591,azul,azul,heuristica,vermelho,0,-3,15,70,120,0.5833,0.2222,429,105,226,98
4,980411883,verde,verde,art3miz_0.1,azul,0,-3,14,120,120,1.0000,0.0000,452,107,245,100
4,980411883,verde,vermelho,heuristica,azul,0,-3,14,90,120,0.7500,0.2000,457,104,253,100
4,980411883,verde,azul,heuristica,azul,1,3,14,30,0,30.0000,0.1429,506,75,356,75
5,1364875354,vermelho,verde,art3miz_0.1,verde,1,3,38,30,0,30.0000,0.0000,525,29,472,24
5,1364875354,vermelho,vermelho,heuristica,verde,0,-3,38,120,120,1.0000,0.0811,1221,157,915,149
5,1364875354,vermelho,azul,heuristica,verde,0,-3,38,90,120,0.7500,0.0000,519,100,319,100
6,1247406621,azul,verde,art3miz_0.1,empate,0,-1,100,0,0,0.0000,0.4242,1719,42,1677,0
6,1247406621,azul,vermelho,heuristica,empate,0,-1,100,120,90,1.3333,0.0000,2213,170,1921,122
6,1247406621,azul,azul,heuristica,empate,0,-1,100,90,120,0.7500,0.1429,372,96,176,100
7,271024058,verde,verde,art3miz_0.1,empate,0,-1,100,0,0,0.0000,0.0000,580,1,579,0
7,271024058,verde,vermelho,heuristica,empate,0,-1,100,0,0,0.0000,0.0000,1675,16,1635,24
7,271024058,verde,azul,heuristica,empate,0,-1,100,0,0,0.0000,0.0100,2567,0,2567,0
8,131926194,vermelho,verde,art3miz_0.1,vermelho,0,-3,15,90,120,0.7500,0.0000,238,80,83,75
8,131926194,vermelho,vermelho,heuristica,vermelho,1,3,15,30,0,30.0000,0.0667,422,45,335,42
8,131926194,vermelho,azul,heuristica,vermelho,0,-3,15,120,120,1.0000,0.0000,542,106,336,100
9,920297219,azul,verde,art3miz_0.1,vermelho,0,-3,14,90,120,0.7500,0.0000,277,100,102,75
9,920297219,azul,vermelho,heuristica,vermelho,1,3,14,30,0,30.0000,0.0769,421,58,290,73
9,920297219,azul,azul,heuristica,vermelho,0,-3,14,120,120,1.0000,0.0769,560,121,315,124
10,820336507,verde,verde,art3miz_0.1,verde,1,3,13,30,0,30.0000,0.0769,139,29,85,25
10,820336507,verde,vermelho,heuristica,verde,0,-3,13,90,120,0.7500,0.0000,376,68,243,65
10,820336507,verde,azul,heuristica,verde,0,-3,13,120,120,1.0000,0.0833,472,103,266,103
11,1012562364,vermelho,verde,art3miz_0.1,empate,0,-1,100,90,120,0.7500,0.0000,346,86,185,75
11,1012562364,vermelho,vermelho,heuristica,empate,0,-1,100,0,0,0.0000,0.0000,1005,45,960,0
11,1012562364,vermelho,azul,heuristica,empate,0,-1,100,120,90,1.3333,0.0000,1736,150,1486,100
12,670066924,azul,verde,art3miz_0.1,azul,0,-3,14,90,120,0.7500,0.1000,281,76,133,72
12,670066924,azul,vermelho,heuristica,azul,0,-3,14,150,120,1.2500,0.0000,577,129,327,121
12,670066924,azul,azul,heuristica,azul,1,3,14,30,30,1.0000,0.0000,381,27,329,25
13,1549280937,verde,verde,art3miz_0.1,vermelho,0,-3,17,110,120,0.9167,0.1176,385,96,200,89
13,1549280937,verde,vermelho,heuristica,vermelho,1,3,17,30,0,30.0000,0.0000,468,27,416,25
13,1549280937,verde,azul,heuristica,vermelho,0,-3,17,90,110,0.8182,0.3333,375,94,191,90
14,1369586799,vermelho,verde,art3miz_0.1,azul,0,-3,14,90,120,0.7500,0.0000,293,82,136,75
14,1369586799,vermelho,vermelho,heuristica,azul,0,-3,14,120,120,1.0000,0.0000,556,107,349,100
14,1369586799,vermelho,azul,heuristica,azul,1,3,14,30,0,30.0000,0.0000,448,44,354,50
15,1040301634,azul,verde,art3miz_0.1,azul,0,-3,18,80,120,0.6667,0.5333,526,131,270,125
15,1040301634,azul,vermelho,heuristica,azul,0,-3,18,120,110,1.0909,0.4706,839,210,429,200
15,1040301634,azul,azul,heuristica,azul,1,3,18,30,0,30.0000,0.0000,559,66,443,50
16,1790057013,verde,verde,art3miz_0.1,vermelho,0,-3,18,100,100,1.0000,0.1111,393,104,190,99
16,1790057013,verde,vermelho,heuristica,vermelho,1,3,18,30,0,30.0000,0.1111,472,26,422,24
16,1790057013,verde,azul,heuristica,vermelho,0,-3,18,70,100,0.7000,0.4000,278,78,126,74
17,1690053831,vermelho,verde,art3miz_0.1,vermelho,0,-3,17,160,120,1.3333,0.2500,553,157,248,148
17,1690053831,vermelho,vermelho,heuristica,vermelho,1,3,17,70,60,1.1667,0.1765,672,144,406,122
17,1690053831,vermelho,azul,heuristica,vermelho,0,-3,17,50,100,0.5000,0.2308,558,142,300,116
18,1979693965,azul,verde,art3miz_0.1,empate,0,-1,100,0,0,0.0000,0.0000,2075,49,2026,0
18,1979693965,azul,vermelho,heuristica,empate,0,-1,100,0,0,0.0000,0.0202,2570,0,2570,0
18,1979693965,azul,azul,heuristica,empate,0,-1,100,0,0,0.0000,0.4800,1885,49,1836,0
19,932576662,verde,verde,art3miz_0.1,vermelho,0,-3,29,90,120,0.7500,0.0000,250,78,97,75
19,932576662,verde,vermelho,heuristica,vermelho,1,3,29,30,30,1.0000,0.0345,662,43,576,43
19,932576662,verde,azul,heuristica,vermelho,0,-3,29,150,120,1.2500,0.0000,973,148,681,144
20,855842988,vermelho,verde,art3miz_0.1,azul,0,-3,25,90,120,0.7500,0.0000,254,78,101,75
20,855842988,vermelho,vermelho,heuristica,azul,0,-3,25,150,120,1.2500,0.0400,868,145,582,141
20,855842988,vermelho,azul,heuristica,azul,1,3,25,30,30,1.0000,0.0400,624,18,590,16
21,1253956409,azul,verde,art3miz_0.1,empate,0,-1,100,70,120,0.5833,0.1111,242,71,106,65
21,1253956409,azul,vermelho,heuristica,empate,0,-1,100,30,0,30.0000,0.0000,2508,64,2403,41
21,1253956409,azul,azul,heuristica,empate,0,-1,100,90,70,1.2857,0.4800,4514,1127,2309,1078
22,755744497,verde,verde,art3miz_0.1,azul,0,-3,21,150,120,1.2500,0.0000,576,137,314,125
22,755744497,verde,vermelho,heuristica,azul,0,-3,21,90,120,0.7500,0.0000,525,96,329,100
22,755744497,verde,azul,heuristica,azul,1,3,21,30,30,1.0000,0.0476,552,27,500,25
23,1237903098,vermelho,verde,art3miz_0.1,verde,1,3,12,130,80,1.6250,0.2727,383,135,149,99
23,1237903098,vermelho,vermelho,heuristica,verde,0,-3,12,70,110,0.6364,0.2500,348,89,193,66
23,1237903098,vermelho,azul,heuristica,verde,0,-3,12,100,110,0.9091,0.5455,627,198,263,166
24,1087965783,azul,verde,art3miz_0.1,vermelho,0,-3,21,90,120,0.7500,0.0000,263,81,107,75
24,1087965783,azul,vermelho,heuristica,vermelho,1,3,21,30,0,30.0000,0.1000,551,26,502,23
24,1087965783,azul,azul,heuristica,vermelho,0,-3,21,120,120,1.0000,0.0000,706,107,499,100
25,483723808,verde,verde,art3miz_0.1,azul,0,-3,18,80,110,0.7273,0.4286,338,105,133,100
25,483723808,verde,vermelho,heuristica,azul,0,-3,18,110,110,1.0000,0.3333,734,149,435,150
25,483723808,verde,azul,heuristica,azul,1,3,18,30,0,30.0000,0.1111,471,27,419,25
26,242242137,vermelho,verde,art3miz_0.1,verde,1,3,16,30,0,30.0000,0.0000,266,19,234,13
26,242242137,vermelho,vermelho,heuristica,verde,0,-3,16,90,120,0.7500,0.4167,434,105,234,95
26,242242137,vermelho,azul,heuristica,verde,0,-3,16,120,120,1.0000,0.0000,533,103,336,94
27,221737212,azul,verde,art3miz_0.1,vermelho,0,-3,15,90,120,0.7500,0.0000,235,79,82,74
27,221737212,azul,vermelho,heuristica,vermelho,1,3,15,30,0,30.0000,0.0000,412,39,334,39
27,221737212,azul,azul,heuristica,vermelho,0,-3,15,120,120,1.0000,0.0000,501,98,312,91
28,418463804,verde,verde,art3miz_0.1,verde,1,3,13,30,30,1.0000,0.0000,170,29,116,25
28,418463804,verde,vermelho,heuristica,verde,0,-3,13,90,120,0.7500,0.0000,294,79,140,75
28,418463804,verde,azul,heuristica,verde,0,-3,13,150,120,1.2500,0.0000,544,131,290,123
29,435099202,vermelho,verde,art3miz_0.1,vermelho,0,-3,20,150,120,1.2500,0.0000,513,128,260,125
29,435099202,vermelho,vermelho,heuristica,vermelho,1,3,20,30,30,1.0000,0.1000,553,38,465,50
29,435099202,vermelho,azul,heuristica,vermelho,0,-3,20,90,120,0.7500,0.0000,281,79,127,75
30,283512082,azul,verde,art3miz_0.1,empate,0,-1,100,0,30,0.0000,0.0101,3392,793,1879,720
30,283512082,azul,vermelho,heuristica,empate,0,-1,100,90,120,0.7500,0.0000,481,127,233,121
30,283512082,azul,azul,heuristica,empate,0,-1,100,150,90,1.6667,0.0100,2653,171,2317,165
31,1645911538,verde,verde,art3miz_0.1,empate,0,-1,100,0,0,0.0000,0.0000,1610,49,1561,0
31,1645911538,verde,vermelho,heuristica,empate,0,-1,100,0,0,0.0000,0.0000,2587,0,2587,0
31,1645911538,verde,azul,heuristica,empate,0,-1,100,0,0,0.0000,0.0000,2071,50,2021,0
32,1490846386,vermelho,verde,art3miz_0.1,azul,0,-3,23,130,110,1.1818,0.2727,458,131,203,124
32,1490846386,vermelho,vermelho,heuristica,azul,0,-3,23,80,100,0.8000,0.6250,454,127,202,125
32,1490846386,vermelho,azul,heuristica,azul,1,3,23,30,30,1.0000,0.0000,583,27,531,25
33,321403989,azul,verde,art3miz_0.1,azul,0,-3,12,80,120,0.6667,0.1250,250,80,95,75
33,321403989,azul,vermelho,heuristica,azul,0,-3,12,120,100,1.2000,0.1818,513,128,261,124
33,321403989,azul,azul,heuristica,azul,1,3,12,20,0,20.0000,0.0000,338,27,286,25
34,1070087091,verde,verde,art3miz_0.1,vermelho,0,-3,16,120,120,1.0000,0.0000,487,126,271,90
34,1070087091,verde,vermelho,heuristica,vermelho,1,3,16,30,0,30.0000,0.0000,583,95,390,98
34,1070087091,verde,azul,heuristica,vermelho,0,-3,16,90,120,0.7500,0.0000,558,96,369,93
35,749808370,vermelho,verde,art3miz_0.1,vermelho,0,-3,22,180,120,1.5000,0.2857,603,156,306,141
35,749808370,vermelho,vermelho,heuristica,vermelho,1,3,22,60,60,1.0000,0.0000,625,48,533,44
35,749808370,vermelho,azul,heuristica,vermelho,0,-3,22,60,120,0.5000,0.3636,456,94,264,98
36,310441732,azul,verde,art3miz_0.1,verde,1,3,11,60,30,2.0000,0.1000,130,28,77,25
36,310441732,azul,vermelho,heuristica,verde,0,-3,11,60,120,0.5000,0.0000,242,74,97,71
36,310441732,azul,azul,heuristica,verde,0,-3,11,150,120,1.2500,0.1000,511,132,254,125
37,191956606,verde,verde,art3miz_0.1,verde,1,3,17,30,30,1.0000,0.1176,153,26,102,25
37,191956606,verde,vermelho,heuristica,verde,0,-3,17,150,120,1.2500,0.0000,695,154,392,149
37,191956606,verde,azul,heuristica,verde,0,-3,17,90,120,0.7500,0.0000,371,94,179,98
38,1692875068,vermelho,verde,art3miz_0.1,azul,0,-3,20,90,120,0.7500,0.0000,262,79,108,75
38,1692875068,vermelho,vermelho,heuristica,azul,0,-3,20,120,120,1.0000,0.0500,766,138,487,141
38,1692875068,vermelho,azul,heuristica,azul,1,3,20,30,0,30.0000,0.0000,502,18,468,16
39,724671784,azul,verde,art3miz_0.1,azul,0,-3,18,120,110,1.0909,0.1176,383,106,179,98
39,724671784,azul,vermelho,heuristica,azul,0,-3,18,80,120,0.6667,0.1000,394,80,240,74
39,724671784,azul,azul,heuristica,azul,1,3,18,30,0,30.0000,0.1667,554,49,455,50
40,270559481,verde,verde,art3miz_0.1,azul,0,-3,20,120,120,1.0000,0.0500,520,109,312,99
40,270559481,verde,vermelho,heuristica,azul,0,-3,20,90,120,0.7500,0.0000,507,91,320,96
40,270559481,verde,azul,heuristica,azul,1,3,20,30,0,30.0000,0.0000,545,23,503,19
41,1328649944,vermelho,verde,art3miz_0.1,verde,1,3,11,30,0,30.0000,0.1000,119,30,64,25
41,1328649944,vermelho,vermelho,heuristica,verde,0,-3,11,90,110,0.8182,0.5000,386,125,143,118
41,1328649944,vermelho,azul,heuristica,verde,0,-3,11,110,120,0.9167,0.4000,503,134,234,135
42,662329169,azul,verde,art3miz_0.1,azul,0,-3,25,90,120,0.7500,0.0000,261,73,120,68
42,662329169,azul,vermelho,heuristica,azul,0,-3,25,150,120,1.2500,0.0833,857,145,575,137
42,662329169,azul,azul,heuristica,azul,1,3,25,30,30,1.0000,0.0000,698,48,604,46
43,1702263910,verde,verde,art3miz_0.1,verde,1,3,36,30,0,30.0000,0.1111,285,26,238,21
43,1702263910,verde,vermelho,heuristica,verde,0,-3,36,90,120,0.7500,0.0000,356,66,228,62
43,1702263910,verde,azul,heuristica,verde,0,-3,36,120,120,1.0000,0.0000,961,108,750,103
44,814414449,vermelho,verde,art3miz_0.1,vermelho,0,-3,22,120,120,1.0000,0.0476,374,99,184,91
44,814414449,vermelho,vermelho,heuristica,vermelho,1,3,22,30,0,30.0000,0.0455,592,27,540,25
44,814414449,vermelho,azul,heuristica,vermelho,0,-3,22,90,120,0.7500,0.0000,368,79,215,74
45,764225697,azul,verde,art3miz_0.1,vermelho,0,-3,16,120,120,1.0000,0.0000,384,100,192,92
45,764225697,azul,vermelho,heuristica,vermelho,1,3,16,30,0,30.0000,0.1333,453,44,359,50
45,764225697,azul,azul,heuristica,vermelho,0,-3,16,90,120,0.7500,0.0000,399,92,211,96
46,464531721,verde,verde,art3miz_0.1,azul,0,-3,21,150,120,1.2500,0.0000,451,129,203,119
46,464531721,verde,vermelho,heuristica,azul,0,-3,21,90,120,0.7500,0.0000,339,78,189,72
46,464531721,verde,azul,heuristica,azul,1,3,21,30,30,1.0000,0.0952,595,49,496,50
47,1533946064,vermelho,verde,art3miz_0.1,azul,0,-3,15,70,120,0.5833,0.3750,270,79,116,75
47,1533946064,vermelho,vermelho,heuristica,azul,0,-3,15,120,100,1.2000,0.2667,609,120,366,123
47,1533946064,vermelho,azul,heuristica,azul,1,3,15,30,0,30.0000,0.0667,419,27,367,25
48,2021790431,azul,verde,art3miz_0.1,verde,1,3,19,30,30,1.0000,0.1111,147,23,102,22
48,2021790431,azul,vermelho,heuristica,verde,0,-3,19,150,120,1.2500,0.1176,608,109,397,102
48,2021790431,azul,azul,heuristica,verde,0,-3,19,90,120,0.7500,0.0000,380,66,252,62
49,1451556886,verde,verde,art3miz_0.1,verde,1,3,12,30,0,30.0000,0.0000,142,29,88,25
49,1451556886,verde,vermelho,heuristica,verde,0,-3,12,90,120,0.7500,0.0000,291,78,140,73
49,1451556886,verde,azul,heuristica,verde,0,-3,12,120,120,1.0000,0.0000,478,107,271,100
50,6009790,vermelho,verde,art3miz_0.1,empate,0,-1,100,0,0,0.0000,0.0000,2077,49,2028,0
50,6009790,vermelho,vermelho,heuristica,empate,0,-1,100,0,0,0.0000,0.0000,1618,49,1569,0
50,6009790,vermelho,azul,heuristica,empate,0,-1,100,0,0,0.0000,0.0000,2577,0,2577,0
51,188280745,azul,verde,art3miz_0.1,azul,0,-3,24,150,110,1.3636,0.0870,647,157,347,143
51,188280745,azul,vermelho,heuristica,azul,0,-3,24,80,120,0.6667,0.1333,563,109,344,110
51,188280745,azul,azul,heuristica,azul,1,3,24,30,30,1.0000,0.0417,765,75,615,75
52,349047791,verde,verde,art3miz_0.1,vermelho,0,-3,17,90,100,0.9000,0.1111,272,79,118,75
52,349047791,verde,vermelho,heuristica,vermelho,1,3,17,30,30,1.0000,0.0000,619,88,431,100
52,349047791,verde,azul,heuristica,vermelho,0,-3,17,130,120,1.0833,0.2500,707,149,408,150
53,1876708646,vermelho,verde,art3miz_0.1,verde,1,3,15,30,30,1.0000,0.0714,195,25,147,23
53,1876708646,vermelho,vermelho,heuristica,verde,0,-3,15,150,120,1.2500,0.0000,611,132,354,125
53,1876708646,vermelho,azul,heuristica,verde,0,-3,15,90,120,0.7500,0.0000,371,95,176,100
54,1152886018,azul,verde,art3miz_0.1,empate,0,-1,100,120,90,1.3333,0.4444,2013,127,1819,67
54,1152886018,azul,vermelho,heuristica,empate,0,-1,100,90,120,0.7500,0.2222,324,71,191,62
54,1152886018,azul,azul,heuristica,empate,0,-1,100,0,0,0.0000,0.0000,2005,46,1959,0
55,1069746520,verde,verde,art3miz_0.1,vermelho,0,-3,26,120,120,1.0000,0.1154,422,79,271,72
55,1069746520,verde,vermelho,heuristica,vermelho,1,3,26,30,0,30.0000,0.0000,641,38,569,34
55,1069746520,verde,azul,heuristica,vermelho,0,-3,26,90,120,0.7500,0.0000,343,98,148,97
56,1489974805,vermelho,verde,art3miz_0.1,azul,0,-3,14,120,120,1.0000,0.1538,363,108,155,100
56,1489974805,vermelho,vermelho,heuristica,azul,0,-3,14,90,120,0.7500,0.0000,368,81,212,75
56,1489974805,vermelho,azul,heuristica,azul,1,3,14,30,0,30.0000,0.0000,351,26,300,25
57,1198990478,azul,verde,art3miz_0.1,azul,0,-3,20,90,120,0.7500,0.0000,241,77,90,74
57,1198990478,azul,vermelho,heuristica,azul,0,-3,20,150,120,1.2500,0.0000,695,122,458,115
57,1198990478,azul,azul,heuristica,azul,1,3,20,30,30,1.0000,0.1000,539,34,473,32
58,1785076888,verde,verde,art3miz_0.1,empate,0,-1,100,90,120,0.7500,0.0000,257,91,101,65
58,1785076888,verde,vermelho,heuristica,empate,0,-1,100,0,0,0.0000,0.0400,2039,58,1933,48
58,1785076888,verde,azul,heuristica,empate,0,-1,100,120,90,1.3333,0.4200,2672,120,2469,83
59,1812608420,vermelho,verde,art3miz_0.1,empate,0,-1,100,120,90,1.3333,0.0000,1522,141,1293,88
59,1812608420,vermelho,vermelho,heuristica,empate,0,-1,100,90,120,0.7500,0.0000,577,97,393,87
59,1812608420,vermelho,azul,heuristica,empate,0,-1,100,0,0,0.0000,0.0100,1575,63,1487,25
60,1494812099,azul,verde,art3miz_0.1,verde,1,3,18,30,30,1.0000,0.2353,128,28,75,25
60,1494812099,azul,vermelho,heuristica,verde,0,-3,18,90,120,0.7500,0.0000,380,59,265,56
60,1494812099,azul,azul,heuristica,verde,0,-3,18,150,120,1.2500,0.0000,618,120,380,118
61,624291629,verde,verde,art3miz_0.1,azul,0,-3,17,170,120,1.4167,0.2353,512,158,209,145
61,624291629,verde,vermelho,heuristica,azul,0,-3,17,40,120,0.3333,0.2000,411,88,235,88
61,624291629,verde,azul,heuristica,azul,1,3,17,80,50,1.6000,0.1765,568,79,414,75
62,1690688755,vermelho,verde,art3miz_0.1,verde,1,3,13,60,60,1.0000,0.3333,212,53,109,50
62,1690688755,vermelho,vermelho,heuristica,verde,0,-3,13,170,120,1.4167,0.0833,574,153,278,143
62,1690688755,vermelho,azul,heuristica,verde,0,-3,13,60,110,0.5455,0.6000,244,67,114,63
63,415855664,azul,verde,art3miz_0.1,vermelho,0,-3,21,150,110,1.3636,0.0500,582,165,267,150
63,415855664,azul,vermelho,heuristica,vermelho,1,3,21,20,30,0.6667,0.0000,523,29,469,25
63,415855664,azul,azul,heuristica,vermelho,0,-3,21,90,120,0.7500,0.0000,377,101,176,100
64,1239108435,verde,verde,art3miz_0.1,vermelho,0,-3,18,70,100,0.7000,0.2500,224,70,88,66
64,1239108435,verde,vermelho,heuristica,vermelho,1,3,18,30,0,30.0000,0.0556,596,88,433,75
64,1239108435,verde,azul,heuristica,vermelho,0,-3,18,100,100,1.0000,0.2353,657,140,403,114
65,1288729641,vermelho,verde,art3miz_0.1,azul,0,-3,24,120,110,1.0909,0.1739,564,130,312,122
65,1288729641,vermelho,vermelho,heuristica,azul,0,-3,24,80,120,0.6667,0.0769,495,96,307,92
65,1288729641,vermelho,azul,heuristica,azul,1,3,24,30,0,30.0000,0.0417,642,27,590,25
66,2109698062,azul,verde,art3miz_0.1,vermelho,0,-3,26,80,100,0.8000,0.1538,451,112,239,100
66,2109698062,azul,vermelho,heuristica,vermelho,1,3,26,30,30,1.0000,0.0000,646,18,612,16
66,2109698062,azul,azul,heuristica,vermelho,0,-3,26,130,110,1.1818,0.1600,904,140,623,141
67,1413126415,verde,verde,art3miz_0.1,vermelho,0,-3,14,120,120,1.0000,0.0000,503,134,244,125
67,1413126415,verde,vermelho,heuristica,vermelho,1,3,14,30,0,30.0000,0.1429,404,27,352,25
67,1413126415,verde,azul,heuristica,vermelho,0,-3,14,90,120,0.7500,0.0833,492,95,298,99
68,354615157,vermelho,verde,art3miz_0.1,azul,0,-3,17,120,120,1.0000,0.0000,493,129,244,120
68,354615157,vermelho,vermelho,heuristica,azul,0,-3,17,90,120,0.7500,0.0000,506,92,317,97
68,354615157,vermelho,azul,heuristica,azul,1,3,17,30,0,30.0000,0.0588,460,27,408,25
69,36093310,azul,verde,art3miz_0.1,verde,1,3,14,30,30,1.0000,0.0000,158,27,106,25
69,36093310,azul,vermelho,heuristica,verde,0,-3,14,80,110,0.7273,0.1667,294,77,145,72
69,36093310,azul,azul,heuristica,verde,0,-3,14,140,110,1.2727,0.2308,630,155,327,148
70,650929293,verde,verde,art3miz_0.1,vermelho,0,-3,16,150,120,1.2500,0.1250,547,136,286,125
70,650929293,verde,vermelho,heuristica,vermelho,1,3,16,30,30,1.0000,0.1250,419,35,352,32
70,650929293,verde,azul,heuristica,vermelho,0,-3,16,90,120,0.7500,0.0714,546,105,341,100
71,1174663146,vermelho,verde,art3miz_0.1,vermelho,0,-3,18,110,110,1.0000,0.3529,377,109,168,100
71,1174663146,vermelho,vermelho,heuristica,vermelho,1,3,18,30,0,30.0000,0.2222,477,20,440,17
71,1174663146,vermelho,azul,heuristica,vermelho,0,-3,18,80,110,0.7273,0.4444,479,128,226,125
72,6505178,azul,verde,art3miz_0.1,verde,1,3,15,30,0,30.0000,0.0000,69,2,67,0
72,6505178,azul,vermelho,heuristica,verde,0,-3,15,120,120,1.0000,0.0769,537,106,331,100
72,6505178,azul,azul,heuristica,verde,0,-3,15,90,120,0.7500,0.0000,380,104,176,100
73,478834776,verde,verde,art3miz_0.1,azul,0,-3,14,120,120,1.0000,0.2143,424,107,217,100
73,478834776,verde,vermelho,heuristica,azul,0,-3,14,90,120,0.7500,0.1818,470,101,269,100
73,478834776,verde,azul,heuristica,azul,1,3,14,30,0,30.0000,0.2143,503,93,337,73
74,466979635,vermelho,verde,art3miz_0.1,verde,1,3,13,60,60,1.0000,0.0000,193,54,89,50
74,466979635,vermelho,vermelho,heuristica,verde,0,-3,13,60,120,0.5000,0.0000,322,74,173,75
74,466979635,vermelho,azul,heuristica,verde,0,-3,13,180,120,1.5000,0.1667,611,158,303,150
75,1585602173,azul,verde,art3miz_0.1,azul,0,-3,37,90,120,0.7500,0.1818,241,67,112,62
75,1585602173,azul,vermelho,heuristica,azul,0,-3,37,120,120,1.0000,0.0833,1052,116,827,109
75,1585602173,azul,azul,heuristica,azul,1,3,37,30,0,30.0000,0.0541,989,53,886,50
76,137830156,verde,verde,art3miz_0.1,verde,1,3,12,30,30,1.0000,0.0000,119,27,68,24
76,137830156,verde,vermelho,heuristica,verde,0,-3,12,150,120,1.2500,0.0000,524,141,249,134
76,137830156,verde,azul,heuristica,verde,0,-3,12,90,120,0.7500,0.0000,295,67,165,63
77,295121870,vermelho,verde,art3miz_0.1,azul,0,-3,15,60,120,0.5000,0.0000,280,76,132,72
77,295121870,vermelho,vermelho,heuristica,azul,0,-3,15,150,120,1.2500,0.0000,710,172,367,171
77,295121870,vermelho,azul,heuristica,azul,1,3,15,60,30,2.0000,0.0667,459,51,361,47
78,1568756219,azul,verde,art3miz_0.1,azul,0,-3,31,90,110,0.8182,0.0333,591,63,473,55
78,1568756219,azul,vermelho,heuristica,azul,0,-3,31,110,110,1.0000,0.0667,949,145,694,110
78,1568756219,azul,azul,heuristica,azul,1,3,31,20,0,20.0000,0.0323,538,38,477,23
79,863086835,verde,verde,art3miz_0.1,verde,1,3,17,60,20,3.0000,0.1176,251,57,144,50
79,863086835,verde,vermelho,heuristica,verde,0,-3,17,130,100,1.3000,0.5000,725,174,385,166
79,863086835,verde,azul,heuristica,verde,0,-3,17,40,110,0.3636,0.5000,383,72,243,68
80,881860485,vermelho,verde,art3miz_0.1,vermelho,0,-3,15,120,120,1.0000,0.0000,304,81,149,74
80,881860485,vermelho,vermelho,heuristica,vermelho,1,3,15,30,0,30.0000,0.0667,424,26,373,25
80,881860485,vermelho,azul,heuristica,vermelho,0,-3,15,90,120,0.7500,0.0000,302,79,148,75
81,866620601,azul,verde,art3miz_0.1,empate,0,-1,100,0,0,0.0000,0.0101,607,0,607,0
81,866620601,azul,vermelho,heuristica,empate,0,-1,100,0,0,0.0000,0.0000,2057,49,2008,0
81,866620601,azul,azul,heuristica,empate,0,-1,100,0,0,0.0000,0.0000,1944,47,1897,0
82,1809070958,verde,verde,art3miz_0.1,azul,0,-3,13,120,120,1.0000,0.0000,485,167,197,121
82,1809070958,verde,vermelho,heuristica,azul,0,-3,13,90,120,0.7500,0.0000,469,139,210,120
82,1809070958,verde,azul,heuristica,azul,1,3,13,30,0,30.0000,0.1538,492,90,327,75
83,389192010,vermelho,verde,art3miz_0.1,azul,0,-3,29,110,120,0.9167,0.1429,486,105,283,98
83,389192010,vermelho,vermelho,heuristica,azul,0,-3,29,90,110,0.8182,0.0667,558,104,355,99
83,389192010,vermelho,azul,heuristica,azul,1,3,29,30,0,30.0000,0.3103,744,27,692,25
84,500570754,azul,verde,art3miz_0.1,azul,0,-3,16,90,120,0.7500,0.0000,216,63,96,57
84,500570754,azul,vermelho,heuristica,azul,0,-3,16,150,120,1.2500,0.0000,530,107,323,100
84,500570754,azul,azul,heuristica,azul,1,3,16,30,30,1.0000,0.0000,428,27,377,24
85,1712353937,verde,verde,art3miz_0.1,azul,0,-3,17,90,120,0.7500,0.0000,266,81,110,75
85,1712353937,verde,vermelho,heuristica,azul,0,-3,17,120,120,1.0000,0.0000,633,106,427,100
85,1712353937,verde,azul,heuristica,azul,1,3,17,30,0,30.0000,0.1765,428,27,376,25
86,391319897,vermelho,verde,art3miz_0.1,vermelho,0,-3,21,90,120,0.7500,0.1250,275,79,124,72
86,391319897,vermelho,vermelho,heuristica,vermelho,1,3,21,30,30,1.0000,0.1429,540,21,501,18
86,391319897,vermelho,azul,heuristica,vermelho,0,-3,21,150,120,1.2500,0.0000,717,128,471,118
87,136589075,azul,verde,art3miz_0.1,azul,0,-3,10,90,120,0.7500,0.0000,292,107,112,73
87,136589075,azul,vermelho,heuristica,azul,0,-3,10,150,120,1.2500,0.0000,533,158,225,150
87,136589075,azul,azul,heuristica,azul,1,3,10,30,30,1.0000,0.0000,400,98,230,72
88,516443035,verde,verde,art3miz_0.1,azul,0,-3,18,60,110,0.5455,0.6667,338,109,129,100
88,516443035,verde,vermelho,heuristica,azul,0,-3,18,160,120,1.3333,0.5000,802,193,427,182
88,516443035,verde,azul,heuristica,azul,1,3,18,60,50,1.2000,0.2222,535,61,417,57
89,1231568109,vermelho,verde,art3miz_0.1,azul,0,-3,18,90,120,0.7500,0.0000,262,79,108,75
89,1231568109,vermelho,vermelho,heuristica,azul,0,-3,18,120,120,1.0000,0.0000,708,122,461,125
89,1231568109,vermelho,azul,heuristica,azul,1,3,18,30,0,30.0000,0.1667,577,72,435,70
90,234389638,azul,verde,art3miz_0.1,verde,1,3,16,30,0,30.0000,0.0667,117,2,115,0
90,234389638,azul,vermelho,heuristica,verde,0,-3,16,120,120,1.0000,0.0000,553,103,352,98
90,234389638,azul,azul,heuristica,verde,0,-3,16,90,120,0.7500,0.0000,361,100,165,96
91,1278363502,verde,verde,art3miz_0.1,vermelho,0,-3,19,120,120,1.0000,0.0000,455,125,211,119
91,1278363502,verde,vermelho,heuristica,vermelho,1,3,19,30,0,30.0000,0.2105,503,27,451,25
91,1278363502,verde,azul,heuristica,vermelho,0,-3,19,90,120,0.7500,0.1000,421,93,231,97
92,2089492144,vermelho,verde,art3miz_0.1,vermelho,0,-3,31,90,120,0.7500,0.3571,396,127,153,116
92,2089492144,vermelho,vermelho,heuristica,vermelho,1,3,31,30,30,1.0000,0.0968,690,43,603,44
92,2089492144,vermelho,azul,heuristica,vermelho,0,-3,31,150,120,1.2500,0.3000,1094,222,662,210
93,1010834375,azul,verde,art3miz_0.1,empate,0,-1,100,0,0,0.0000,0.0000,2129,50,2079,0
93,1010834375,azul,vermelho,heuristica,empate,0,-1,100,0,0,0.0000,0.0000,2552,0,2552,0
93,1010834375,azul,azul,heuristica,empate,0,-1,100,0,0,0.0000,0.0000,2051,48,2003,0
94,1010172138,verde,verde,art3miz_0.1,vermelho,0,-3,11,150,100,1.5000,0.2727,452,137,190,125
94,1010172138,verde,vermelho,heuristica,vermelho,1,3,11,10,30,0.3333,0.3636,376,51,275,50
94,1010172138,verde,azul,heuristica,vermelho,0,-3,11,90,120,0.7500,0.0000,255,79,101,75
95,1255584616,vermelho,verde,art3miz_0.1,verde,1,3,24,40,10,4.0000,0.2609,327,79,177,71
95,1255584616,vermelho,vermelho,heuristica,verde,0,-3,24,110,110,1.0000,0.1739,820,131,567,122
95,1255584616,vermelho,azul,heuristica,verde,0,-3,24,70,100,0.7000,0.2000,480,121,239,120
96,2041513302,azul,verde,art3miz_0.1,azul,0,-3,31,90,120,0.7500,0.0000,264,80,109,75
96,2041513302,azul,vermelho,heuristica,azul,0,-3,31,120,120,1.0000,0.0000,1018,145,725,148
96,2041513302,azul,azul,heuristica,azul,1,3,31,30,0,30.0000,0.0968,775,27,723,25
97,11523659,verde,verde,art3miz_0.1,azul,0,-3,20,60,120,0.5000,0.0000,254,79,100,75
97,11523659,verde,vermelho,heuristica,azul,0,-3,20,180,120,1.5000,0.0500,770,146,487,137
97,11523659,verde,azul,heuristica,azul,1,3,20,60,60,1.0000,0.0000,530,42,449,39
98,60279016,vermelho,verde,art3miz_0.1,verde,1,3,27,30,20,1.5000,0.0385,497,36,438,23
98,60279016,vermelho,vermelho,heuristica,verde,0,-3,27,90,120,0.7500,0.0000,809,113,580,116
98,60279016,vermelho,azul,heuristica,verde,0,-3,27,140,120,1.1667,0.0769,793,132,546,115
99,2035523298,azul,verde,art3miz_0.1,verde,1,3,16,30,30,1.0000,0.2667,121,25,73,23
99,2035523298,azul,vermelho,heuristica,verde,0,-3,16,150,120,1.2500,0.0000,596,129,345,122
99,2035523298,azul,azul,heuristica,verde,0,-3,16,90,120,0.7500,0.0000,399,100,199,100
100,778332920,verde,verde,art3miz_0.1,azul,0,-3,22,90,120,0.7500,0.1111,224,71,87,66
100,778332920,verde,vermelho,heuristica,azul,0,-3,22,150,120,1.2500,0.0455,758,120,524,114
100,778332920,verde,azul,heuristica,azul,1,3,22,30,30,1.0000,0.0000,479,27,427,25
101,681977055,vermelho,verde,art3miz_0.1,empate,0,-1,100,110,40,2.7500,0.4848,1639,100,1449,90
101,681977055,vermelho,vermelho,heuristica,empate,0,-1,100,0,0,0.0000,0.0000,2577,1,2576,0
101,681977055,vermelho,azul,heuristica,empate,0,-1,100,40,110,0.3636,0.4167,423,67,292,64
102,937597042,azul,verde,art3miz_0.1,vermelho,0,-3,19,80,100,0.8000,0.1538,361,108,153,100
102,937597042,azul,vermelho,heuristica,vermelho,1,3,19,40,10,4.0000,0.1111,645,120,425,100
102,937597042,azul,azul,heuristica,vermelho,0,-3,19,110,120,0.9167,0.5556,690,131,434,125
103,528953857,verde,verde,art3miz_0.1,vermelho,0,-3,16,120,120,1.0000,0.0000,491,132,238,121
103,528953857,verde,vermelho,heuristica,vermelho,1,3,16,30,0,30.0000,0.0625,526,66,410,50
103,528953857,verde,azul,heuristica,vermelho,0,-3,16,90,120,0.7500,0.0000,511,102,313,96
104,1698552064,vermelho,verde,art3miz_0.1,verde,1,3,21,30,0,30.0000,0.1000,214,28,163,23
104,1698552064,vermelho,vermelho,heuristica,verde,0,-3,21,80,110,0.7273,0.3571,634,159,325,150
104,1698552064,vermelho,azul,heuristica,verde,0,-3,21,110,110,1.0000,0.2000,699,127,446,126
105,2028522531,azul,verde,art3miz_0.1,azul,0,-3,30,90,120,0.7500,0.0000,306,83,147,76
105,2028522531,azul,vermelho,heuristica,azul,0,-3,30,150,120,1.2500,0.0690,908,132,654,122
105,2028522531,azul,azul,heuristica,azul,1,3,30,30,30,1.0000,0.1667,728,39,650,39
106,2146725289,verde,verde,art3miz_0.1,vermelho,0,-3,13,120,120,1.0000,0.0000,450,143,198,109
106,2146725289,verde,vermelho,heuristica,vermelho,1,3,13,60,60,1.0000,0.0000,526,129,301,96
106,2146725289,verde,azul,heuristica,vermelho,0,-3,13,120,120,1.0000,0.0000,526,140,268,118
107,2048006628,vermelho,verde,art3miz_0.1,verde,1,3,15,120,80,1.5000,0.0714,415,187,132,96
107,2048006628,vermelho,vermelho,heuristica,verde,0,-3,15,120,110,1.0909,0.2143,519,104,312,103
107,2048006628,vermelho,azul,heuristica,verde,0,-3,15,70,120,0.5833,0.2308,456,96,295,65
108,2065734190,azul,verde,art3miz_0.1,azul,0,-3,51,90,120,0.7500,0.0000,332,91,156,85
108,2065734190,azul,vermelho,heuristica,azul,0,-3,51,150,120,1.2500,0.0400,1423,134,1150,139
108,2065734190,azul,azul,heuristica,azul,1,3,51,30,30,1.0000,0.0000,1015,17,982,16
109,946904339,verde,verde,art3miz_0.1,vermelho,0,-3,20,90,120,0.7500,0.0000,248,78,95,75
109,946904339,verde,vermelho,heuristica,vermelho,1,3,20,30,30,1.0000,0.1000,475,30,415,30
109,946904339,verde,azul,heuristica,vermelho,0,-3,20,150,120,1.2500,0.0000,773,152,473,148
110,977405121,vermelho,verde,art3miz_0.1,vermelho,0,-3,26,60,110,0.5455,0.5000,345,109,136,100
110,977405121,vermelho,vermelho,heuristica,vermelho,1,3,26,60,30,2.0000,0.0385,719,84,548,87
110,977405121,vermelho,azul,heuristica,vermelho,0,-3,26,140,120,1.1667,0.2000,978,197,592,189
111,106871201,azul,verde,art3miz_0.1,empate,0,-1,100,0,0,0.0000,0.0101,2157,49,2108,0
111,106871201,azul,vermelho,heuristica,empate,0,-1,100,0,0,0.0000,0.0000,1932,0,1932,0
111,106871201,azul,azul,heuristica,empate,0,-1,100,0,0,0.0000,0.0000,2102,49,2053,0
112,524023377,verde,verde,art3miz_0.1,azul,0,-3,19,120,120,1.0000,0.1053,624,171,303,150
112,524023377,verde,vermelho,heuristica,azul,0,-3,19,90,120,0.7500,0.2308,731,229,327,175
112,524023377,verde,azul,heuristica,azul,1,3,19,60,30,2.0000,0.1579,652,96,456,100
113,2070036801,vermelho,verde,art3miz_0.1,vermelho,0,-3,13,150,120,1.2500,0.0000,402,109,193,100
113,2070036801,vermelho,vermelho,heuristica,vermelho,1,3,13,60,30,2.0000,0.0000,403,53,300,50
113,2070036801,vermelho,azul,heuristica,vermelho,0,-3,13,60,120,0.5000,0.2500,349,78,196,75
114,332326161,azul,verde,art3miz_0.1,azul,0,-3,16,150,120,1.2500,0.0000,509,130,261,118
114,332326161,azul,vermelho,heuristica,azul,0,-3,16,90,120,0.7500,0.2500,354,78,201,75
114,332326161,azul,azul,heuristica,azul,1,3,16,30,30,1.0000,0.0000,451,27,400,24
115,13274541,verde,verde,art3miz_0.1,vermelho,0,-3,28,90,120,0.7500,0.0000,264,71,129,64
115,13274541,verde,vermelho,heuristica,vermelho,1,3,28,30,0,30.0000,0.1429,752,47,657,48
115,13274541,verde,azul,heuristica,vermelho,0,-3,28,120,120,1.0000,0.0741,776,96,594,86
116,825241805,vermelho,verde,art3miz_0.1,azul,0,-3,17,120,120,1.0000,0.0625,320,82,163,75
116,825241805,vermelho,vermelho,heuristica,azul,0,-3,17,90,120,0.7500,0.1429,329,79,175,75
116,825241805,vermelho,azul,heuristica,azul,1,3,17,30,0,30.0000,0.0588,452,26,401,25
117,1573000952,azul,verde,art3miz_0.1,empate,0,-1,100,0,0,0.0000,0.0000,1896,0,1896,0
117,1573000952,azul,vermelho,heuristica,empate,0,-1,100,90,120,0.7500,0.0000,508,98,316,94
117,1573000952,azul,azul,heuristica,empate,0,-1,100,120,90,1.3333,0.0000,2028,120,1794,114
118,1749647013,verde,verde,art3miz_0.1,empate,0,-1,100,0,0,0.0000,0.8300,1671,41,1630,0
118,1749647013,verde,vermelho,heuristica,empate,0,-1,100,100,60,1.6667,0.0400,1701,167,1413,121
118,1749647013,verde,azul,heuristica,empate,0,-1,100,60,100,0.6000,0.2857,375,100,175,100
119,974095307,vermelho,verde,art3miz_0.1,vermelho,0,-3,21,90,110,0.8182,0.2500,255,81,99,75
119,974095307,vermelho,vermelho,heuristica,vermelho,1,3,21,30,0,30.0000,0.1429,646,79,486,81
119,974095307,vermelho,azul,heuristica,vermelho,0,-3,21,110,120,0.9167,0.0500,692,106,486,100
120,1400113132,azul,verde,art3miz_0.1,verde,1,3,11,30,30,1.0000,0.1000,155,29,101,25
120,1400113132,azul,vermelho,heuristica,verde,0,-3,11,150,120,1.2500,0.1111,483,132,226,125
120,1400113132,azul,azul,heuristica,verde,0,-3,11,90,120,0.7500,0.0000,397,96,201,100
121,1403140035,verde,verde,art3miz_0.1,vermelho,0,-3,9,60,120,0.5000,0.0000,242,108,86,48
121,1403140035,verde,vermelho,heuristica,vermelho,1,3,9,120,60,2.0000,0.0000,479,162,218,99
121,1403140035,verde,azul,heuristica,vermelho,0,-3,9,120,120,1.0000,0.0000,418,130,190,98
122,1485886752,vermelho,verde,art3miz_0.1,azul,0,-3,20,90,120,0.7500,0.0000,263,66,137,60
122,1485886752,vermelho,vermelho,heuristica,azul,0,-3,20,120,120,1.0000,0.0500,643,107,437,99
122,1485886752,vermelho,azul,heuristica,azul,1,3,20,30,0,30.0000,0.0500,507,18,473,16
123,1433079639,azul,verde,art3miz_0.1,vermelho,0,-3,17,120,110,1.0909,0.2500,646,176,295,175
123,1433079639,azul,vermelho,heuristica,vermelho,1,3,17,30,0,30.0000,0.0000,445,27,393,25
123,1433079639,azul,azul,heuristica,vermelho,0,-3,17,80,120,0.6667,0.1250,344,80,189,75
124,1444017005,verde,verde,art3miz_0.1,azul,0,-3,19,140,120,1.1667,0.5789,750,266,317,167
124,1444017005,verde,vermelho,heuristica,azul,0,-3,19,60,120,0.5000,0.3077,559,160,303,96
124,1444017005,verde,azul,heuristica,azul,1,3,19,90,50,1.8000,0.4737,653,148,389,116
125,1120634029,vermelho,verde,art3miz_0.1,azul,0,-3,22,90,120,0.7500,0.0000,252,80,97,75
125,1120634029,vermelho,vermelho,heuristica,azul,0,-3,22,120,120,1.0000,0.0455,758,105,553,100
125,1120634029,vermelho,azul,heuristica,azul,1,3,22,30,0,30.0000,0.0909,562,18,528,16
126,1159629576,azul,verde,art3miz_0.1,verde,1,3,28,60,0,60.0000,0.0370,332,57,225,50
126,1159629576,azul,vermelho,heuristica,verde,0,-3,28,120,120,1.0000,0.1154,873,133,615,125
126,1159629576,azul,azul,heuristica,verde,0,-3,28,60,120,0.5000,0.0000,279,78,126,75
127,170520394,verde,verde,art3miz_0.1,vermelho,0,-3,16,120,120,1.0000,0.0625,384,97,199,88
127,170520394,verde,vermelho,heuristica,vermelho,1,3,16,30,0,30.0000,0.0000,432,20,395,17
127,170520394,verde,azul,heuristica,vermelho,0,-3,16,90,120,0.7500,0.0000,369,90,195,84
128,2032603470,vermelho,verde,art3miz_0.1,empate,0,-1,100,90,120,0.7500,0.0000,249,78,96,75
128,2032603470,vermelho,vermelho,heuristica,empate,0,-1,100,120,90,1.3333,0.0100,2031,127,1779,125
128,2032603470,vermelho,azul,heuristica,empate,0,-1,100,0,0,0.0000,0.0300,1797,0,1797,0
129,1569236234,azul,verde,art3miz_0.1,azul,0,-3,25,90,120,0.7500,0.0909,280,81,124,75
129,1569236234,azul,vermelho,heuristica,azul,0,-3,25,120,120,1.0000,0.0000,789,104,586,99
129,1569236234,azul,azul,heuristica,azul,1,3,25,30,0,30.0000,0.1600,664,29,603,32
130,411570783,verde,verde,art3miz_0.1,vermelho,0,-3,11,150,120,1.2500,0.0000,370,107,166,97
130,411570783,verde,vermelho,heuristica,vermelho,1,3,11,30,30,1.0000,0.0909,317,26,267,24
130,411570783,verde,azul,heuristica,vermelho,0,-3,11,90,120,0.7500,0.0000,255,79,101,75
131,562047796,vermelho,verde,art3miz_0.1,empate,0,-1,100,0,0,0.0000,0.0202,1912,44,1868,0
131,562047796,vermelho,vermelho,heuristica,empate,0,-1,100,120,90,1.3333,0.0000,2017,126,1813,78
131,562047796,vermelho,azul,heuristica,empate,0,-1,100,90,120,0.7500,0.0000,275,64,151,60
132,1448248165,azul,verde,art3miz_0.1,vermelho,0,-3,36,90,120,0.7500,0.0000,240,73,98,69
132,1448248165,azul,vermelho,heuristica,vermelho,1,3,36,30,0,30.0000,0.1143,817,41,728,48
132,1448248165,azul,azul,heuristica,vermelho,0,-3,36,120,120,1.0000,0.0000,1002,117,771,114
133,1352011924,verde,verde,art3miz_0.1,azul,0,-3,11,80,100,0.8000,0.4000,295,98,111,86
133,1352011924,verde,vermelho,heuristica,azul,0,-3,11,130,110,1.1818,0.3636,533,161,241,131
133,1352011924,verde,azul,heuristica,azul,1,3,11,30,30,1.0000,0.0909,443,97,271,75
134,939551074,vermelho,verde,art3miz_0.1,azul,0,-3,17,70,100,0.7000,0.2500,269,79,115,75
134,939551074,vermelho,vermelho,heuristica,azul,0,-3,17,100,100,1.0000,0.1765,689,138,410,141
134,939551074,vermelho,azul,heuristica,azul,1,3,17,30,0,30.0000,0.0000,415,18,381,16
135,362752061,azul,verde,art3miz_0.1,verde,1,3,15,30,30,1.0000,0.0000,184,29,130,25
135,362752061,azul,vermelho,heuristica,verde,0,-3,15,150,120,1.2500,0.0000,701,199,327,175
135,362752061,azul,azul,heuristica,verde,0,-3,15,90,120,0.7500,0.0000,449,78,296,75
136,1970562540,verde,verde,art3miz_0.1,vermelho,0,-3,21,120,110,1.0909,0.1429,405,94,224,87
136,1970562540,verde,vermelho,heuristica,vermelho,1,3,21,30,0,30.0000,0.0000,518,27,466,25
136,1970562540,verde,azul,heuristica,vermelho,0,-3,21,80,120,0.6667,0.1667,439,82,275,82
137,383708122,vermelho,verde,art3miz_0.1,vermelho,0,-3,30,90,120,0.7500,0.1875,512,110,302,100
137,383708122,vermelho,vermelho,heuristica,vermelho,1,3,30,30,30,1.0000,0.0000,764,26,714,24
137,383708122,vermelho,azul,heuristica,vermelho,0,-3,30,150,120,1.2500,0.0000,1080,196,699,185
138,2075785334,azul,verde,art3miz_0.1,vermelho,0,-3,13,110,120,0.9167,0.1667,309,82,152,75
138,2075785334,azul,vermelho,heuristica,vermelho,1,3,13,30,0,30.0000,0.0000,400,44,306,50
138,2075785334,azul,azul,heuristica,vermelho,0,-3,13,90,110,0.8182,0.2000,282,80,127,75
139,794372141,verde,verde,art3miz_0.1,azul,0,-3,14,150,120,1.2500,0.1429,494,157,218,119
139,794372141,verde,vermelho,heuristica,azul,0,-3,14,60,120,0.5000,0.1818,431,78,278,75
139,794372141,verde,azul,heuristica,azul,1,3,14,90,60,1.5000,0.0000,575,129,347,99
140,1817101026,vermelho,verde,art3miz_0.1,azul,0,-3,21,100,100,1.0000,0.4500,660,220,280,160
140,1817101026,vermelho,vermelho,heuristica,azul,0,-3,21,40,120,0.3333,0.3571,512,114,311,87
140,1817101026,vermelho,azul,heuristica,azul,1,3,21,150,70,2.1429,0.5714,977,264,470,243
141,1461547978,azul,verde,art3miz_0.1,verde,1,3,23,30,20,1.5000,0.1818,336,52,238,46
141,1461547978,azul,vermelho,heuristica,verde,0,-3,23,140,120,1.1667,0.2857,1017,256,517,244
141,1461547978,azul,azul,heuristica,verde,0,-3,23,90,120,0.7500,0.1538,613,163,325,125
142,1249674794,verde,verde,art3miz_0.1,azul,0,-3,16,90,120,0.7500,0.0000,252,80,97,75
142,1249674794,verde,vermelho,heuristica,azul,0,-3,16,180,120,1.5000,0.0000,715,158,407,150
142,1249674794,verde,azul,heuristica,azul,1,3,16,30,60,0.5000,0.0625,534,71,389,74
143,236336944,vermelho,verde,art3miz_0.1,verde,1,3,23,60,60,1.0000,0.0909,266,57,159,50
143,236336944,vermelho,vermelho,heuristica,verde,0,-3,23,160,110,1.4545,0.1818,786,149,495,142
143,236336944,vermelho,azul,heuristica,verde,0,-3,23,50,100,0.5000,0.1667,374,58,263,53
144,787490960,azul,verde,art3miz_0.1,azul,0,-3,28,150,120,1.2500,0.0000,418,110,210,98
144,787490960,azul,vermelho,heuristica,azul,0,-3,28,90,120,0.7500,0.0000,287,77,137,73
144,787490960,azul,azul,heuristica,azul,1,3,28,30,30,1.0000,0.0357,654,25,606,23
145,368094613,verde,verde,art3miz_0.1,vermelho,0,-3,21,150,110,1.3636,0.1429,515,131,265,119
145,368094613,verde,vermelho,heuristica,vermelho,1,3,21,30,30,1.0000,0.0000,474,25,426,23
145,368094613,verde,azul,heuristica,vermelho,0,-3,21,80,120,0.6667,0.1429,555,100,355,100
146,15368845,vermelho,verde,art3miz_0.1,azul,0,-3,12,60,120,0.5000,0.5455,306,96,141,69
146,15368845,vermelho,vermelho,heuristica,azul,0,-3,12,110,110,1.0000,0.3000,544,197,250,97
146,15368845,vermelho,azul,heuristica,azul,1,3,12,150,90,1.6667,0.3333,660,208,286,166
147,987658780,azul,verde,art3miz_0.1,empate,0,-1,100,0,0,0.0000,0.0000,2192,49,2143,0
147,987658780,azul,vermelho,heuristica,empate,0,-1,100,0,0,0.0000,0.0000,2099,50,2049,0
147,987658780,azul,azul,heuristica,empate,0,-1,100,0,0,0.0000,0.0000,2600,0,2600,0
148,1140005980,verde,verde,art3miz_0.1,empate,0,-1,100,0,0,0.0000,0.0000,2085,50,2035,0
148,1140005980,verde,vermelho,heuristica,empate,0,-1,100,0,0,0.0000,0.0000,2053,49,2004,0
148,1140005980,verde,azul,heuristica,empate,0,-1,100,0,0,0.0000,0.0000,2485,0,2485,0
149,2107689852,vermelho,verde,art3miz_0.1,vermelho,0,-3,23,120,120,1.0000,0.0000,388,96,206,86
149,2107689852,vermelho,vermelho,heuristica,vermelho,1,3,23,30,0,30.0000,0.0870,596,23,554,19
149,2107689852,vermelho,azul,heuristica,vermelho,0,-3,23,90,120,0.7500,0.0000,439,90,255,94
150,1111585620,azul,verde,art3miz_0.1,verde,1,3,40,30,30,1.0000,0.0513,290,27,238,25
150,1111585620,azul,vermelho,heuristica,verde,0,-3,40,140,110,1.2727,0.1316,1103,131,848,124
150,1111585620,azul,azul,heuristica,verde,0,-3,40,80,110,0.7273,0.1429,371,100,172,99
151,323059078,verde,verde,art3miz_0.1,azul,0,-3,17,150,120,1.2500,0.0000,525,127,298,100
151,323059078,verde,vermelho,heuristica,azul,0,-3,17,90,120,0.7500,0.0000,433,79,279,75
151,323059078,verde,azul,heuristica,azul,1,3,17,30,30,1.0000,0.0588,475,28,422,25
152,1505993271,vermelho,verde,art3miz_0.1,azul,0,-3,14,90,120,0.7500,0.0000,243,82,86,75
152,1505993271,vermelho,vermelho,heuristica,azul,0,-3,14,120,120,1.0000,0.1429,559,106,353,100
152,1505993271,vermelho,azul,heuristica,azul,1,3,14,30,0,30.0000,0.0000,426,40,341,45
153,1332249844,azul,verde,art3miz_0.1,azul,0,-3,23,120,110,1.0909,0.1818,598,135,338,125
153,1332249844,azul,vermelho,heuristica,azul,0,-3,23,50,120,0.4167,0.2857,555,102,353,100
153,1332249844,azul,azul,heuristica,azul,1,3,23,60,0,60.0000,0.1304,678,54,574,50
154,486926662,verde,verde,art3miz_0.1,azul,0,-3,15,90,120,0.7500,0.0000,230,72,89,69
154,486926662,verde,vermelho,heuristica,azul,0,-3,15,120,120,1.0000,0.0000,606,115,373,118
154,486926662,verde,azul,heuristica,azul,1,3,15,30,0,30.0000,0.0000,501,67,359,75
155,228384987,vermelho,verde,art3miz_0.1,empate,0,-1,100,50,100,0.5000,0.3000,281,86,120,75
155,228384987,vermelho,vermelho,heuristica,empate,0,-1,100,100,50,2.0000,0.4900,4774,1075,2499,1200
155,228384987,vermelho,azul,heuristica,empate,0,-1,100,0,0,0.0000,0.0100,2554,0,2554,0
156,1338147426,azul,verde,art3miz_0.1,azul,0,-3,15,150,120,1.2500,0.0000,445,119,219,107
156,1338147426,azul,vermelho,heuristica,azul,0,-3,15,90,120,0.7500,0.1667,338,99,145,94
156,1338147426,azul,azul,heuristica,azul,1,3,15,30,30,1.0000,0.0000,381,19,345,17
157,1701265980,verde,verde,art3miz_0.1,vermelho,0,-3,9,170,120,1.4167,0.4444,483,158,179,146
157,1701265980,verde,vermelho,heuristica,vermelho,1,3,9,60,60,1.0000,0.0000,317,51,218,48
157,1701265980,verde,azul,heuristica,vermelho,0,-3,9,60,110,0.5455,0.8000,317,101,121,95
158,2035459300,vermelho,verde,art3miz_0.1,verde,1,3,37,30,30,1.0000,0.0000,250,28,197,25
158,2035459300,vermelho,vermelho,heuristica,verde,0,-3,37,90,120,0.7500,0.0000,431,105,226,100
158,2035459300,vermelho,azul,heuristica,verde,0,-3,37,150,120,1.2500,0.0278,1139,164,816,159
159,1984052756,azul,verde,art3miz_0.1,azul,0,-3,22,120,110,1.0909,0.0476,472,125,232,115
159,1984052756,azul,vermelho,heuristica,azul,0,-3,22,90,120,0.7500,0.0000,395,85,227,83
159,1984052756,azul,azul,heuristica,azul,1,3,22,20,0,20.0000,0.2273,553,27,502,24
160,882379617,verde,verde,art3miz_0.1,vermelho,0,-3,15,90,110,0.8182,0.1250,248,80,93,75
160,882379617,verde,vermelho,heuristica,vermelho,1,3,15,30,0,30.0000,0.0000,353,26,302,25
160,882379617,verde,azul,heuristica,vermelho,0,-3,15,110,120,0.9167,0.2143,562,105,357,100
161,155837609,vermelho,verde,art3miz_0.1,azul,0,-3,21,60,100,0.6000,0.7143,306,96,121,89
161,155837609,vermelho,vermelho,heuristica,azul,0,-3,21,130,120,1.0833,0.1429,767,131,513,123
161,155837609,vermelho,azul,heuristica,azul,1,3,21,60,30,2.0000,0.1429,638,75,491,72
162,1949492245,azul,verde,art3miz_0.1,vermelho,0,-3,16,90,120,0.7500,0.0000,266,80,111,75
162,1949492245,azul,vermelho,heuristica,vermelho,1,3,16,30,30,1.0000,0.0000,444,44,352,48
162,1949492245,azul,azul,heuristica,vermelho,0,-3,16,150,120,1.2500,0.0000,659,145,368,146
163,1206746855,verde,verde,art3miz_0.1,empate,0,-1,100,90,120,0.7500,0.0000,474,168,194,112
163,1206746855,verde,vermelho,heuristica,empate,0,-1,100,30,30,1.0000,0.0000,1480,46,1391,43
163,1206746855,verde,azul,heuristica,empate,0,-1,100,90,60,1.5000,0.0500,2424,221,2056,147
164,383512830,vermelho,verde,art3miz_0.1,azul,0,-3,10,150,120,1.2500,0.0000,321,93,145,83
164,383512830,vermelho,vermelho,heuristica,azul,0,-3,10,90,120,0.7500,0.0000,295,76,147,72
164,383512830,vermelho,azul,heuristica,azul,1,3,10,30,30,1.0000,0.0000,247,20,211,16
165,1238779790,azul,verde,art3miz_0.1,verde,1,3,12,30,30,1.0000,0.0000,132,27,80,25
165,1238779790,azul,vermelho,heuristica,verde,0,-3,12,90,120,0.7500,0.0000,296,80,132,84
165,1238779790,azul,azul,heuristica,verde,0,-3,12,150,120,1.2500,0.0000,497,122,261,114
166,457092375,verde,verde,art3miz_0.1,verde,1,3,17,30,30,1.0000,0.0588,195,27,143,25
166,457092375,verde,vermelho,heuristica,verde,0,-3,17,90,120,0.7500,0.0000,301,76,147,78
166,457092375,verde,azul,heuristica,verde,0,-3,17,150,120,1.2500,0.1875,608,115,385,108
167,1059044347,vermelho,verde,art3miz_0.1,azul,0,-3,11,90,120,0.7500,0.0000,291,77,142,72
167,1059044347,vermelho,vermelho,heuristica,azul,0,-3,11,120,120,1.0000,0.0909,427,102,228,97
167,1059044347,vermelho,azul,heuristica,azul,1,3,11,30,0,30.0000,0.0909,390,57,258,75
168,281457202,azul,verde,art3miz_0.1,azul,0,-3,23,130,120,1.0833,0.0455,498,154,215,129
168,281457202,azul,vermelho,heuristica,azul,0,-3,23,90,120,0.7500,0.0714,457,83,302,72
168,281457202,azul,azul,heuristica,azul,1,3,23,30,10,3.0000,0.4783,524,44,437,43
169,1239046820,verde,verde,art3miz_0.1,azul,0,-3,13,120,120,1.0000,0.1538,362,108,156,98
169,1239046820,verde,vermelho,heuristica,azul,0,-3,13,90,120,0.7500,0.2222,377,77,227,73
169,1239046820,verde,azul,heuristica,azul,1,3,13,30,0,30.0000,0.0000,377,27,325,25
170,461995623,vermelho,verde,art3miz_0.1,verde,1,3,12,50,50,1.0000,0.1818,224,55,119,50
170,461995623,vermelho,vermelho,heuristica,verde,0,-3,12,150,100,1.5000,0.5455,558,153,261,144
170,461995623,vermelho,azul,heuristica,verde,0,-3,12,50,100,0.5000,0.3750,320,74,177,69
171,1520527385,azul,verde,art3miz_0.1,verde,1,3,17,90,30,3.0000,0.0000,286,94,130,62
171,1520527385,azul,vermelho,heuristica,verde,0,-3,17,110,120,0.9167,0.1333,672,169,360,143
171,1520527385,azul,azul,heuristica,verde,0,-3,17,60,110,0.5455,0.1429,408,62,288,58
172,681314169,verde,verde,art3miz_0.1,vermelho,0,-3,10,90,100,0.9000,0.1667,242,80,87,75
172,681314169,verde,vermelho,heuristica,vermelho,1,3,10,30,0,30.0000,0.2000,269,28,217,24
172,681314169,verde,azul,heuristica,vermelho,0,-3,10,100,120,0.8333,0.4444,428,105,223,100
173,1151681641,vermelho,verde,art3miz_0.1,vermelho,0,-3,20,40,120,0.3333,0.4167,330,98,143,89
173,1151681641,vermelho,vermelho,heuristica,vermelho,1,3,20,60,30,2.0000,0.1500,653,70,508,75
173,1151681641,vermelho,azul,heuristica,vermelho,0,-3,20,150,100,1.5000,0.5263,773,174,434,165
174,915322822,azul,verde,art3miz_0.1,vermelho,0,-3,17,100,100,1.0000,0.1875,379,103,180,96
174,915322822,azul,vermelho,heuristica,vermelho,1,3,17,30,0,30.0000,0.0000,409,27,357,25
174,915322822,azul,azul,heuristica,vermelho,0,-3,17,70,100,0.7000,0.2857,379,104,176,99
175,1219387384,verde,verde,art3miz_0.1,empate,0,-1,100,0,0,0.0000,0.0000,2130,50,2080,0
175,1219387384,verde,vermelho,heuristica,empate,0,-1,100,0,0,0.0000,0.0000,1871,51,1820,0
175,1219387384,verde,azul,heuristica,empate,0,-1,100,0,0,0.0000,0.4900,1970,0,1970,0
176,669132441,vermelho,verde,art3miz_0.1,verde,1,3,17,40,10,4.0000,0.3125,255,82,123,50
176,669132441,vermelho,vermelho,heuristica,verde,0,-3,17,80,100,0.8000,0.3571,578,122,356,100
176,669132441,vermelho,azul,heuristica,verde,0,-3,17,100,110,0.9091,0.3750,714,174,368,172
177,1538008631,azul,verde,art3miz_0.1,azul,0,-3,19,120,120,1.0000,0.1111,531,108,323,100
177,1538008631,azul,vermelho,heuristica,azul,0,-3,19,90,120,0.7500,0.2143,552,103,349,100
177,1538008631,azul,azul,heuristica,azul,1,3,19,30,0,30.0000,0.0526,515,27,463,25
178,557466564,verde,verde,art3miz_0.1,azul,0,-3,21,40,120,0.3333,0.2727,304,78,153,73
178,557466564,verde,vermelho,heuristica,azul,0,-3,21,150,100,1.5000,0.1429,775,137,505,133
178,557466564,verde,azul,heuristica,azul,1,3,21,60,30,2.0000,0.0000,569,35,502,32
179,1498413934,vermelho,verde,art3miz_0.1,azul,0,-3,14,90,100,0.9000,0.2000,296,119,102,75
179,1498413934,vermelho,vermelho,heuristica,azul,0,-3,14,100,120,0.8333,0.2143,665,166,349,150
179,1498413934,vermelho,azul,heuristica,azul,1,3,14,30,0,30.0000,0.0714,447,53,344,50
180,542293507,azul,verde,art3miz_0.1,azul,0,-3,14,60,110,0.5455,0.2000,245,80,118,47
180,542293507,azul,vermelho,heuristica,azul,0,-3,14,110,110,1.0000,0.3846,642,177,321,144
180,542293507,azul,azul,heuristica,azul,1,3,14,80,30,2.6667,0.4286,608,148,343,117
181,1371703114,verde,verde,art3miz_0.1,vermelho,0,-3,17,90,120,0.7500,0.0000,320,78,167,75
181,1371703114,verde,vermelho,heuristica,vermelho,1,3,17,30,30,1.0000,0.0588,457,27,405,25
181,1371703114,verde,azul,heuristica,vermelho,0,-3,17,150,120,1.2500,0.0000,702,154,398,150
182,117727943,vermelho,verde,art3miz_0.1,empate,0,-1,100,110,90,1.2222,0.4343,835,100,648,87
182,117727943,vermelho,vermelho,heuristica,empate,0,-1,100,90,110,0.8182,0.1250,437,73,300,64
182,117727943,vermelho,azul,heuristica,empate,0,-1,100,0,0,0.0000,0.0000,1270,21,1227,22
183,603806591,azul,verde,art3miz_0.1,empate,0,-1,100,0,0,0.0000,0.0202,1904,43,1861,0
183,603806591,azul,vermelho,heuristica,empate,0,-1,100,110,80,1.3750,0.0202,2395,198,2048,149
183,603806591,azul,azul,heuristica,empate,0,-1,100,80,110,0.7273,0.1538,510,96,314,100
184,699897077,verde,verde,art3miz_0.1,empate,0,-1,100,120,90,1.3333,0.0000,1850,143,1622,85
184,699897077,verde,vermelho,heuristica,empate,0,-1,100,90,120,0.7500,0.0000,466,79,321,66
184,699897077,verde,azul,heuristica,empate,0,-1,100,0,0,0.0000,0.0000,1847,47,1800,0
185,519069263,vermelho,verde,art3miz_0.1,verde,1,3,17,10,30,0.3333,0.0625,151,28,98,25
185,519069263,vermelho,vermelho,heuristica,verde,0,-3,17,90,120,0.7500,0.0000,351,100,151,100
185,519069263,vermelho,azul,heuristica,verde,0,-3,17,150,100,1.5000,0.0625,661,131,405,125
186,1300684724,azul,verde,art3miz_0.1,azul,0,-3,13,150,120,1.2500,0.5000,393,121,160,112
186,1300684724,azul,vermelho,heuristica,azul,0,-3,13,60,120,0.5000,0.6667,322,94,140,88
186,1300684724,azul,azul,heuristica,azul,1,3,13,60,30,2.0000,0.0000,434,53,331,50
187,1520408512,verde,verde,art3miz_0.1,azul,0,-3,45,90,110,0.8182,0.6250,343,108,135,100
187,1520408512,verde,vermelho,heuristica,azul,0,-3,45,110,120,0.9167,0.1778,1286,132,1029,125
187,1520408512,verde,azul,heuristica,azul,1,3,45,30,0,30.0000,0.0222,1051,17,1018,16
188,1385646527,vermelho,verde,art3miz_0.1,verde,1,3,12,30,0,30.0000,0.0000,158,30,103,25
188,1385646527,vermelho,vermelho,heuristica,verde,0,-3,12,120,120,1.0000,0.0909,534,131,278,125
188,1385646527,vermelho,azul,heuristica,verde,0,-3,12,90,120,0.7500,0.3750,454,128,201,125
189,1017835355,azul,verde,art3miz_0.1,empate,0,-1,100,0,0,0.0000,0.4949,1915,49,1866,0
189,1017835355,azul,vermelho,heuristica,empate,0,-1,100,0,0,0.0000,0.0000,1518,50,1468,0
189,1017835355,azul,azul,heuristica,empate,0,-1,100,0,0,0.0000,0.4700,2438,0,2438,0
190,1799545139,verde,verde,art3miz_0.1,azul,0,-3,11,120,120,1.0000,0.0000,365,104,165,96
190,1799545139,verde,vermelho,heuristica,azul,0,-3,11,90,120,0.7500,0.0000,279,79,126,74
190,1799545139,verde,azul,heuristica,azul,1,3,11,30,0,30.0000,0.0000,298,26,249,23
191,129883519,vermelho,verde,art3miz_0.1,vermelho,0,-3,29,80,110,0.7273,0.5833,417,127,169,121
191,129883519,vermelho,vermelho,heuristica,vermelho,1,3,29,30,0,30.0000,0.1379,856,115,636,105
191,129883519,vermelho,azul,heuristica,vermelho,0,-3,29,110,110,1.0000,0.3571,949,150,661,138
192,1102580056,azul,verde,art3miz_0.1,verde,1,3,16,30,0,30.0000,0.0000,138,26,90,22
192,1102580056,azul,vermelho,heuristica,verde,0,-3,16,120,120,1.0000,0.0714,524,98,334,92
192,1102580056,azul,azul,heuristica,verde,0,-3,16,90,120,0.7500,0.1818,472,113,247,112
193,1554659575,verde,verde,art3miz_0.1,azul,0,-3,10,90,120,0.7500,0.1250,250,80,95,75
193,1554659575,verde,vermelho,heuristica,azul,0,-3,10,120,120,1.0000,0.0000,498,122,251,125
193,1554659575,verde,azul,heuristica,azul,1,3,10,30,0,30.0000,0.0000,295,27,243,25
194,1156300410,vermelho,verde,art3miz_0.1,azul,0,-3,12,160,120,1.3333,0.3636,452,136,191,125
194,1156300410,vermelho,vermelho,heuristica,azul,0,-3,12,70,100,0.7000,0.4000,277,79,123,75
194,1156300410,vermelho,azul,heuristica,azul,1,3,12,50,60,0.8333,0.2500,434,78,281,75
195,529621933,azul,verde,art3miz_0.1,azul,0,-3,37,90,120,0.7500,0.0000,344,77,194,73
195,529621933,azul,vermelho,heuristica,azul,0,-3,37,120,120,1.0000,0.1111,1079,99,886,94
195,529621933,azul,azul,heuristica,azul,1,3,37,30,0,30.0000,0.0270,991,67,849,75
196,1734993955,verde,verde,art3miz_0.1,empate,0,-1,100,0,0,0.0000,0.0000,2105,50,2055,0
196,1734993955,verde,vermelho,heuristica,empate,0,-1,100,0,0,0.0000,0.0000,2600,0,2600,0
196,1734993955,verde,azul,heuristica,empate,0,-1,100,0,0,0.0000,0.0000,2012,49,1963,0
197,178452452,vermelho,verde,art3miz_0.1,empate,0,-1,100,0,0,0.0000,0.0000,4255,1176,1998,1081
197,178452452,vermelho,vermelho,heuristica,empate,0,-1,100,0,0,0.0000,0.0200,2130,27,2078,25
197,178452452,vermelho,azul,heuristica,empate,0,-1,100,0,0,0.0000,0.0100,2529,0,2529,0
198,521402375,azul,verde,art3miz_0.1,vermelho,0,-3,30,120,120,1.0000,0.0345,424,82,267,75
198,521402375,azul,vermelho,heuristica,vermelho,1,3,30,30,0,30.0000,0.0345,739,26,689,24
198,521402375,azul,azul,heuristica,vermelho,0,-3,30,90,120,0.7500,0.0000,305,79,151,75
199,105700785,verde,verde,art3miz_0.1,verde,1,3,20,30,30,1.0000,0.0500,127,22,84,21
199,105700785,verde,vermelho,heuristica,verde,0,-3,20,70,120,0.5833,0.3333,401,65,275,61
199,105700785,verde,azul,heuristica,verde,0,-3,20,150,100,1.5000,0.1579,645,106,440,99
200,2008931110,vermelho,verde,art3miz_0.1,verde,1,3,13,30,30,1.0000,0.3333,161,27,109,25
200,2008931110,vermelho,vermelho,heuristica,verde,0,-3,13,90,120,0.7500,0.0000,369,96,173,100
200,2008931110,vermelho,azul,heuristica,verde,0,-3,13,150,120,1.2500,0.1667,555,132,298,125
201,1342046878,azul,verde,art3miz_0.1,azul,0,-3,25,120,120,1.0000,0.0000,543,120,310,113
201,1342046878,azul,vermelho,heuristica,azul,0,-3,25,90,120,0.7500,0.0000,375,77,226,72
201,1342046878,azul,azul,heuristica,azul,1,3,25,30,0,30.0000,0.0000,585,51,488,46
202,953152536,verde,verde,art3miz_0.1,azul,0,-3,24,80,110,0.7273,0.3750,217,68,85,64
202,953152536,verde,vermelho,heuristica,azul,0,-3,24,140,110,1.2727,0.2083,785,143,506,136
202,953152536,verde,azul,heuristica,azul,1,3,24,30,30,1.0000,0.0833,649,28,596,25
203,1936411928,vermelho,verde,art3miz_0.1,vermelho,0,-3,17,120,120,1.0000,0.0000,369,80,216,73
203,1936411928,vermelho,vermelho,heuristica,vermelho,1,3,17,30,0,30.0000,0.0588,436,25,388,23
203,1936411928,vermelho,azul,heuristica,vermelho,0,-3,17,90,120,0.7500,0.1111,355,78,205,72
204,1166957166,azul,verde,art3miz_0.1,vermelho,0,-3,17,70,100,0.7000,0.3077,351,80,196,75
204,1166957166,azul,vermelho,heuristica,vermelho,1,3,17,30,0,30.0000,0.0000,475,42,386,47
204,1166957166,azul,azul,heuristica,vermelho,0,-3,17,100,100,1.0000,0.4375,701,148,403,150
205,1693299176,verde,verde,art3miz_0.1,verde,1,3,26,30,0,30.0000,0.0769,202,26,154,22
205,1693299176,verde,vermelho,heuristica,verde,0,-3,26,120,120,1.0000,0.0400,787,107,580,100
205,1693299176,verde,azul,heuristica,verde,0,-3,26,90,120,0.7500,0.0000,370,95,175,100
206,1869436229,vermelho,verde,art3miz_0.1,vermelho,0,-3,18,150,110,1.3636,0.0588,549,134,292,123
206,1869436229,vermelho,vermelho,heuristica,vermelho,1,3,18,30,30,1.0000,0.0556,563,51,462,50
206,1869436229,vermelho,azul,heuristica,vermelho,0,-3,18,80,120,0.6667,0.1538,513,100,313,100
207,145879472,azul,verde,art3miz_0.1,vermelho,0,-3,18,90,120,0.7500,0.0000,236,64,114,58
207,145879472,azul,vermelho,heuristica,vermelho,1,3,18,30,0,30.0000,0.0000,481,27,429,25
207,145879472,azul,azul,heuristica,vermelho,0,-3,18,120,120,1.0000,0.0588,600,99,408,93
208,149114399,verde,verde,art3miz_0.1,vermelho,0,-3,31,90,120,0.7500,0.0000,410,103,213,94
208,149114399,verde,vermelho,heuristica,vermelho,1,3,31,30,0,30.0000,0.0000,783,29,722,32
208,149114399,verde,azul,heuristica,vermelho,0,-3,31,120,120,1.0000,0.0333,981,128,733,120
209,1683453032,vermelho,verde,art3miz_0.1,empate,0,-1,100,0,0,0.0000,0.0000,608,0,608,0
209,1683453032,vermelho,vermelho,heuristica,empate,0,-1,100,0,0,0.0000,0.0100,1345,50,1295,0
209,1683453032,vermelho,azul,heuristica,empate,0,-1,100,0,0,0.0000,0.0000,1816,50,1766,0
210,1180105192,azul,verde,art3miz_0.1,empate,0,-1,100,120,90,1.3333,0.0000,1925,138,1693,94
210,1180105192,azul,vermelho,heuristica,empate,0,-1,100,0,0,0.0000,0.0000,1899,36,1863,0
210,1180105192,azul,azul,heuristica,empate,0,-1,100,90,120,0.7500,0.0000,395,81,240,74
211,706502710,verde,verde,art3miz_0.1,azul,0,-3,17,90,120,0.7500,0.1250,248,78,95,75
211,706502710,verde,vermelho,heuristica,azul,0,-3,17,120,120,1.0000,0.1176,702,154,399,149
211,706502710,verde,azul,heuristica,azul,1,3,17,30,0,30.0000,0.0588,488,49,393,46
212,1552000050,vermelho,verde,art3miz_0.1,empate,0,-1,100,120,90,1.3333,0.0000,4476,1051,2300,1125
212,1552000050,vermelho,vermelho,heuristica,empate,0,-1,100,90,120,0.7500,0.0000,585,100,385,100
212,1552000050,vermelho,azul,heuristica,empate,0,-1,100,0,0,0.0000,0.0300,2509,0,2509,0
213,1627387955,azul,verde,art3miz_0.1,verde,1,3,15,30,0,30.0000,0.0000,150,25,105,20
213,1627387955,azul,vermelho,heuristica,verde,0,-3,15,90,120,0.7500,0.0000,299,63,177,59
213,1627387955,azul,azul,heuristica,verde,0,-3,15,120,120,1.0000,0.0714,454,79,302,73
214,692168545,verde,verde,art3miz_0.1,vermelho,0,-3,23,120,120,1.0000,0.0000,537,134,278,125
214,692168545,verde,vermelho,heuristica,vermelho,1,3,23,30,0,30.0000,0.0000,560,27,508,25
214,692168545,verde,azul,heuristica,vermelho,0,-3,23,90,120,0.7500,0.0000,503,100,303,100
215,1117255669,vermelho,verde,art3miz_0.1,verde,1,3,11,30,0,30.0000,0.2000,60,2,58,0
215,1117255669,vermelho,vermelho,heuristica,verde,0,-3,11,100,120,0.8333,0.2000,468,115,237,116
215,1117255669,vermelho,azul,heuristica,verde,0,-3,11,90,100,0.9000,0.1429,313,77,164,72
216,1291571188,azul,verde,art3miz_0.1,verde,1,3,11,30,0,30.0000,0.0000,61,2,59,0
216,1291571188,azul,vermelho,heuristica,verde,0,-3,11,120,120,1.0000,0.0000,383,90,208,85
216,1291571188,azul,azul,heuristica,verde,0,-3,11,90,120,0.7500,0.0000,288,70,153,65
217,1835059891,verde,verde,art3miz_0.1,verde,1,3,10,30,0,30.0000,0.2000,176,30,121,25
217,1835059891,verde,vermelho,heuristica,verde,0,-3,10,120,120,1.0000,0.0000,434,105,229,100
217,1835059891,verde,azul,heuristica,verde,0,-3,10,90,120,0.7500,0.0000,330,104,126,100
218,770527005,vermelho,verde,art3miz_0.1,azul,0,-3,24,30,100,0.3000,0.3750,274,85,114,75
218,770527005,vermelho,vermelho,heuristica,azul,0,-3,24,190,120,1.5833,0.2083,889,180,538,171
218,770527005,vermelho,azul,heuristica,azul,1,3,24,90,90,1.0000,0.0417,664,65,538,61
219,1839775962,azul,verde,art3miz_0.1,vermelho,0,-3,57,90,120,0.7500,0.0000,258,78,106,74
219,1839775962,azul,vermelho,heuristica,vermelho,1,3,57,30,30,1.0000,0.0714,1334,17,1301,16
219,1839775962,azul,azul,heuristica,vermelho,0,-3,57,150,120,1.2500,0.0179,1583,133,1319,131
220,786723664,verde,verde,art3miz_0.1,azul,0,-3,25,120,100,1.2000,0.0800,488,104,288,96
220,786723664,verde,vermelho,heuristica,azul,0,-3,25,90,120,0.7500,0.0000,472,90,289,93
220,786723664,verde,azul,heuristica,azul,1,3,25,10,0,10.0000,0.1600,761,70,616,75
221,1984655043,vermelho,verde,art3miz_0.1,empate,0,-1,100,120,90,1.3333,0.0000,1912,133,1656,123
221,1984655043,vermelho,vermelho,heuristica,empate,0,-1,100,0,0,0.0000,0.0100,1533,0,1533,0
221,1984655043,vermelho,azul,heuristica,empate,0,-1,100,90,120,0.7500,0.0000,591,130,338,123
222,2038087983,azul,verde,art3miz_0.1,vermelho,0,-3,21,120,120,1.0000,0.0000,614,156,309,149
222,2038087983,azul,vermelho,heuristica,vermelho,1,3,21,30,0,30.0000,0.0500,477,27,425,25
222,2038087983,azul,azul,heuristica,vermelho,0,-3,21,90,120,0.7500,0.0000,498,96,302,100
223,24191029,verde,verde,art3miz_0.1,azul,0,-3,20,60,120,0.5000,0.1667,262,80,107,75
223,24191029,verde,vermelho,heuristica,azul,0,-3,20,180,120,1.5000,0.0000,779,158,468,153
223,24191029,verde,azul,heuristica,azul,1,3,20,60,60,1.0000,0.0000,548,42,466,40
224,1641540538,vermelho,verde,art3miz_0.1,vermelho,0,-3,11,90,120,0.7500,0.0000,263,81,107,75
224,1641540538,vermelho,vermelho,heuristica,vermelho,1,3,11,30,30,1.0000,0.2727,427,94,260,73
224,1641540538,vermelho,azul,heuristica,vermelho,0,-3,11,150,120,1.2500,0.0000,578,175,253,150
225,951702792,azul,verde,art3miz_0.1,vermelho,0,-3,12,120,110,1.0909,0.3636,371,99,180,92
225,951702792,azul,vermelho,heuristica,vermelho,1,3,12,30,0,30.0000,0.0000,352,42,266,44
225,951702792,azul,azul,heuristica,vermelho,0,-3,12,80,120,0.6667,0.1667,347,96,151,100
226,675296008,verde,verde,art3miz_0.1,azul,0,-3,21,120,120,1.0000,0.0476,627,156,316,155
226,675296008,verde,vermelho,heuristica,azul,0,-3,21,90,120,0.7500,0.0000,307,90,132,85
226,675296008,verde,azul,heuristica,azul,1,3,21,30,0,30.0000,0.0952,557,27,505,25
227,559324355,vermelho,verde,art3miz_0.1,vermelho,0,-3,19,90,120,0.7500,0.0000,261,79,107,75
227,559324355,vermelho,vermelho,heuristica,vermelho,1,3,19,30,30,1.0000,0.1053,517,48,420,49
227,559324355,vermelho,azul,heuristica,vermelho,0,-3,19,150,120,1.2500,0.0556,776,173,438,165
228,981530121,azul,verde,art3miz_0.1,vermelho,0,-3,14,90,120,0.7500,0.2000,335,95,151,89
228,981530121,azul,vermelho,heuristica,vermelho,1,3,14,30,30,1.0000,0.1538,417,76,293,48
228,981530121,azul,azul,heuristica,vermelho,0,-3,14,150,120,1.2500,0.3846,670,199,293,178
229,1656250677,verde,verde,art3miz_0.1,vermelho,0,-3,12,80,120,0.6667,0.4167,568,190,232,146
229,1656250677,verde,vermelho,heuristica,vermelho,1,3,12,130,30,4.3333,0.5000,541,152,270,119
229,1656250677,verde,azul,heuristica,vermelho,0,-3,12,40,100,0.4000,0.3333,372,97,203,72
230,207735304,vermelho,verde,art3miz_0.1,verde,1,3,23,60,60,1.0000,0.0000,291,53,188,50
230,207735304,vermelho,vermelho,heuristica,verde,0,-3,23,60,120,0.5000,0.2941,777,180,422,175
230,207735304,vermelho,azul,heuristica,verde,0,-3,23,180,120,1.5000,0.2727,906,183,548,175
231,989711541,azul,verde,art3miz_0.1,vermelho,0,-3,14,80,120,0.6667,0.0833,306,83,173,50
231,989711541,azul,vermelho,heuristica,vermelho,1,3,14,60,0,60.0000,0.0000,584,168,316,100
231,989711541,azul,azul,heuristica,vermelho,0,-3,14,90,110,0.8182,0.2308,549,121,303,125
232,1444584449,verde,verde,art3miz_0.1,azul,0,-3,19,120,120,1.0000,0.1053,494,108,286,100
232,1444584449,verde,vermelho,heuristica,azul,0,-3,19,90,120,0.7500,0.0833,498,95,303,100
232,1444584449,verde,azul,heuristica,azul,1,3,19,30,0,30.0000,0.0000,584,49,485,50
233,594435942,vermelho,verde,art3miz_0.1,azul,0,-3,21,120,120,1.0000,0.0500,447,107,240,100
233,594435942,vermelho,vermelho,heuristica,azul,0,-3,21,90,120,0.7500,0.1111,433,105,228,100
233,594435942,vermelho,azul,heuristica,azul,1,3,21,30,0,30.0000,0.0000,509,49,410,50
234,1488348715,azul,verde,art3miz_0.1,verde,1,3,14,30,30,1.0000,0.0769,131,28,78,25
234,1488348715,azul,vermelho,heuristica,verde,0,-3,14,90,120,0.7500,0.0000,354,104,150,100
234,1488348715,azul,azul,heuristica,verde,0,-3,14,150,120,1.2500,0.0000,589,133,331,125
235,15411380,verde,verde,art3miz_0.1,vermelho,0,-3,23,120,120,1.0000,0.0000,451,105,253,93
235,15411380,verde,vermelho,heuristica,vermelho,1,3,23,30,0,30.0000,0.0000,612,27,560,25
235,15411380,verde,azul,heuristica,vermelho,0,-3,23,90,120,0.7500,0.0000,473,78,324,71
236,893382118,vermelho,verde,art3miz_0.1,verde,1,3,12,30,0,30.0000,0.2727,171,31,116,24
236,893382118,vermelho,vermelho,heuristica,verde,0,-3,12,120,120,1.0000,0.0000,477,106,271,100
236,893382118,vermelho,azul,heuristica,verde,0,-3,12,90,120,0.7500,0.0000,382,104,178,100
237,829102571,azul,verde,art3miz_0.1,vermelho,0,-3,21,120,120,1.0000,0.1500,622,161,311,150
237,829102571,azul,vermelho,heuristica,vermelho,1,3,21,30,0,30.0000,0.0500,557,37,477,43
237,829102571,azul,azul,heuristica,vermelho,0,-3,21,90,120,0.7500,0.0714,550,96,354,100
238,1104959249,verde,verde,art3miz_0.1,azul,0,-3,20,90,110,0.8182,0.0769,309,81,153,75
238,1104959249,verde,vermelho,heuristica,azul,0,-3,20,110,120,0.9167,0.2000,766,141,481,144
238,1104959249,verde,azul,heuristica,azul,1,3,20,30,0,30.0000,0.0500,530,25,483,22
239,436567940,vermelho,verde,art3miz_0.1,verde,1,3,10,30,30,1.0000,0.1111,217,32,160,25
239,436567940,vermelho,vermelho,heuristica,verde,0,-3,10,140,110,1.2727,0.2222,520,164,216,140
239,436567940,vermelho,azul,heuristica,verde,0,-3,10,80,110,0.7273,0.2000,269,75,123,71
240,314003729,azul,verde,art3miz_0.1,verde,1,3,13,60,0,60.0000,0.0000,87,5,82,0
240,314003729,azul,vermelho,heuristica,verde,0,-3,13,90,120,0.7500,0.0000,367,77,212,78
240,314003729,azul,azul,heuristica,verde,0,-3,13,90,120,0.7500,0.0000,400,68,267,65
241,334422033,verde,verde,art3miz_0.1,vermelho,0,-3,11,120,110,1.0909,0.0909,404,104,203,97
241,334422033,verde,vermelho,heuristica,vermelho,1,3,11,30,0,30.0000,0.0000,334,26,283,25
241,334422033,verde,azul,heuristica,vermelho,0,-3,11,80,120,0.6667,0.1250,340,76,192,72
242,251380444,vermelho,verde,art3miz_0.1,vermelho,0,-3,23,150,120,1.2500,0.0909,705,181,359,165
242,251380444,vermelho,vermelho,heuristica,vermelho,1,3,23,30,30,1.0000,0.1304,593,26,543,24
242,251380444,vermelho,azul,heuristica,vermelho,0,-3,23,90,120,0.7500,0.0000,297,76,149,72
243,1102806774,azul,verde,art3miz_0.1,azul,0,-3,37,140,120,1.1667,0.0556,571,120,342,109
243,1102806774,azul,vermelho,heuristica,azul,0,-3,37,90,110,0.8182,0.2857,331,88,160,83
243,1102806774,azul,azul,heuristica,azul,1,3,37,30,30,1.0000,0.0000,633,52,532,49
244,1761145918,verde,verde,art3miz_0.1,vermelho,0,-3,24,90,120,0.7500,0.0000,267,79,113,75
244,1761145918,verde,vermelho,heuristica,vermelho,1,3,24,30,30,1.0000,0.0000,480,17,447,16
244,1761145918,verde,azul,heuristica,vermelho,0,-3,24,150,120,1.2500,0.0000,815,134,549,132
245,1986957636,vermelho,verde,art3miz_0.1,empate,0,-1,100,0,30,0.0000,0.0000,3158,784,1684,690
245,1986957636,vermelho,vermelho,heuristica,empate,0,-1,100,0,0,0.0000,0.0000,2594,0,2594,0
245,1986957636,vermelho,azul,heuristica,empate,0,-1,100,30,0,30.0000,0.0000,1990,45,1900,45
246,1517405042,azul,verde,art3miz_0.1,azul,0,-3,22,90,120,0.7500,0.0000,352,80,197,75
246,1517405042,azul,vermelho,heuristica,azul,0,-3,22,120,120,1.0000,0.0000,794,145,508,141
246,1517405042,azul,azul,heuristica,azul,1,3,22,30,0,30.0000,0.0000,550,17,518,15
247,286550506,verde,verde,art3miz_0.1,empate,0,-1,100,0,0,0.0000,0.9400,3751,992,1863,896
247,286550506,verde,vermelho,heuristica,empate,0,-1,100,0,0,0.0000,0.4700,2019,1,2018,0
247,286550506,verde,azul,heuristica,empate,0,-1,100,0,0,0.0000,0.0200,2318,0,2318,0
248,137304799,vermelho,verde,art3miz_0.1,azul,0,-3,12,90,120,0.7500,0.0000,242,79,89,74
248,137304799,vermelho,vermelho,heuristica,azul,0,-3,12,150,120,1.2500,0.1667,502,118,272,112
248,137304799,vermelho,azul,heuristica,azul,1,3,12,30,30,1.0000,0.0000,319,18,285,16
249,705417887,azul,verde,art3miz_0.1,verde,1,3,18,30,30,1.0000,0.0000,142,27,90,25
249,705417887,azul,vermelho,heuristica,verde,0,-3,18,150,120,1.2500,0.0000,764,185,404,175
249,705417887,azul,azul,heuristica,verde,0,-3,18,90,120,0.7500,0.0000,493,96,297,100
250,726116545,verde,verde,art3miz_0.1,azul,0,-3,16,120,120,1.0000,0.0625,502,154,224,124
250,726116545,verde,vermelho,heuristica,azul,0,-3,16,90,120,0.7500,0.0833,458,79,304,75
250,726116545,verde,azul,heuristica,azul,1,3,16,30,0,30.0000,0.1250,484,52,366,66
251,1291141008,vermelho,verde,art3miz_0.1,azul,0,-3,19,90,120,0.7500,0.0000,344,103,145,96
251,1291141008,vermelho,vermelho,heuristica,azul,0,-3,19,120,120,1.0000,0.0000,705,127,458,120
251,1291141008,vermelho,azul,heuristica,azul,1,3,19,30,0,30.0000,0.0526,560,57,435,68
252,397193934,azul,verde,art3miz_0.1,verde,1,3,12,30,0,30.0000,0.2727,156,28,104,24
252,397193934,azul,vermelho,heuristica,verde,0,-3,12,90,120,0.7500,0.0000,325,91,142,92
252,397193934,azul,azul,heuristica,verde,0,-3,12,120,120,1.0000,0.0000,444,95,260,89
253,214387698,verde,verde,art3miz_0.1,empate,0,-1,100,120,80,1.5000,0.0100,1455,78,1308,69
253,214387698,verde,vermelho,heuristica,empate,0,-1,100,0,0,0.0000,0.0000,1214,0,1214,0
253,214387698,verde,azul,heuristica,empate,0,-1,100,80,120,0.6667,0.1111,367,76,219,72
254,2132358912,vermelho,verde,art3miz_0.1,empate,0,-1,100,0,0,0.0000,0.0000,1955,50,1905,0
254,2132358912,vermelho,vermelho,heuristica,empate,0,-1,100,0,0,0.0000,0.0000,2060,49,2011,0
254,2132358912,vermelho,azul,heuristica,empate,0,-1,100,0,0,0.0000,0.0100,2582,0,2582,0
255,58356795,azul,verde,art3miz_0.1,empate,0,-1,100,0,0,0.0000,0.0101,2144,49,2095,0
255,58356795,azul,vermelho,heuristica,empate,0,-1,100,0,0,0.0000,0.0101,2409,0,2409,0
255,58356795,azul,azul,heuristica,empate,0,-1,100,0,0,0.0000,0.0000,2064,50,2014,0
256,1589790228,verde,verde,art3miz_0.1,verde,1,3,11,30,0,30.0000,0.0909,144,29,91,24
256,1589790228,verde,vermelho,heuristica,verde,0,-3,11,120,120,1.0000,0.0000,548,147,251,150
256,1589790228,verde,azul,heuristica,verde,0,-3,11,90,120,0.7500,0.0000,357,105,152,100
257,435970243,vermelho,verde,art3miz_0.1,azul,0,-3,23,60,120,0.5000,0.6429,469,136,208,125
257,435970243,vermelho,vermelho,heuristica,azul,0,-3,23,180,120,1.5000,0.3913,837,172,498,167
257,435970243,vermelho,azul,heuristica,azul,1,3,23,60,60,1.0000,0.0435,655,46,567,42
258,1527342900,azul,verde,art3miz_0.1,vermelho,0,-3,11,120,120,1.0000,0.0000,324,82,167,75
258,1527342900,azul,vermelho,heuristica,vermelho,1,3,11,30,0,30.0000,0.0000,274,23,232,19
258,1527342900,azul,azul,heuristica,vermelho,0,-3,11,90,120,0.7500,0.0000,350,101,149,100
259,1108040743,verde,verde,art3miz_0.1,verde,1,3,19,30,30,1.0000,0.0000,194,28,141,25
259,1108040743,verde,vermelho,heuristica,verde,0,-3,19,150,120,1.2500,0.0556,804,175,454,175
259,1108040743,verde,azul,heuristica,verde,0,-3,19,90,120,0.7500,0.1667,457,79,303,75
260,1006993171,vermelho,verde,art3miz_0.1,vermelho,0,-3,15,90,100,0.9000,0.3333,250,81,96,73
260,1006993171,vermelho,vermelho,heuristica,vermelho,1,3,15,30,0,30.0000,0.0000,410,27,358,25
260,1006993171,vermelho,azul,heuristica,vermelho,0,-3,15,100,120,0.8333,0.2857,549,121,305,123
261,275007496,azul,verde,art3miz_0.1,verde,1,3,11,30,30,1.0000,0.0000,110,28,57,25
261,275007496,azul,vermelho,heuristica,verde,0,-3,11,90,120,0.7500,0.0000,320,101,122,97
261,275007496,azul,azul,heuristica,verde,0,-3,11,150,120,1.2500,0.1000,510,133,252,125
262,1290417309,verde,verde,art3miz_0.1,azul,0,-3,11,90,120,0.7500,0.0000,246,80,91,75
262,1290417309,verde,vermelho,heuristica,azul,0,-3,11,120,120,1.0000,0.0000,479,106,273,100
262,1290417309,verde,azul,heuristica,azul,1,3,11,30,0,30.0000,0.0000,283,22,242,19
263,1970741504,vermelho,verde,art3miz_0.1,azul,0,-3,14,90,120,0.7500,0.0000,269,79,115,75
263,1970741504,vermelho,vermelho,heuristica,azul,0,-3,14,120,120,1.0000,0.0714,599,122,352,125
263,1970741504,vermelho,azul,heuristica,azul,1,3,14,30,0,30.0000,0.0714,429,42,340,47
264,432544778,azul,verde,art3miz_0.1,azul,0,-3,23,90,100,0.9000,0.1111,190,60,76,54
264,432544778,azul,vermelho,heuristica,azul,0,-3,23,130,120,1.0833,0.1364,769,128,519,122
264,432544778,azul,azul,heuristica,azul,1,3,23,30,30,1.0000,0.1304,569,24,523,22
265,1532962704,verde,verde,art3miz_0.1,azul,0,-3,21,90,120,0.7500,0.0000,250,80,95,75
265,1532962704,verde,vermelho,heuristica,azul,0,-3,21,150,120,1.2500,0.0952,797,139,517,141
265,1532962704,verde,azul,heuristica,azul,1,3,21,30,30,1.0000,0.0476,531,18,497,16
266,1798660105,vermelho,verde,art3miz_0.1,vermelho,0,-3,62,150,120,1.2500,0.0328,802,128,557,117
266,1798660105,vermelho,vermelho,heuristica,vermelho,1,3,62,30,30,1.0000,0.0323,1469,26,1418,25
266,1798660105,vermelho,azul,heuristica,vermelho,0,-3,62,90,120,0.7500,0.0625,563,93,380,90
267,358080245,azul,verde,art3miz_0.1,verde,1,3,12,30,0,30.0000,0.0000,162,29,108,25
267,358080245,azul,vermelho,heuristica,verde,0,-3,12,120,120,1.0000,0.0000,454,113,234,107
267,358080245,azul,azul,heuristica,verde,0,-3,12,90,120,0.7500,0.0000,292,69,158,65
268,1943115339,verde,verde,art3miz_0.1,vermelho,0,-3,11,60,120,0.5000,0.0000,164,51,69,44
268,1943115339,verde,vermelho,heuristica,vermelho,1,3,11,120,60,2.0000,0.0000,512,160,252,100
268,1943115339,verde,azul,heuristica,vermelho,0,-3,11,120,120,1.0000,0.0000,432,106,238,88
269,477278850,vermelho,verde,art3miz_0.1,vermelho,0,-3,17,120,120,1.0000,0.0625,365,92,188,85
269,477278850,vermelho,vermelho,heuristica,vermelho,1,3,17,30,0,30.0000,0.0000,493,27,441,25
269,477278850,vermelho,azul,heuristica,vermelho,0,-3,17,90,120,0.7500,0.2500,431,82,267,82
270,522803334,azul,verde,art3miz_0.1,azul,0,-3,16,90,120,0.7500,0.0000,266,79,112,75
270,522803334,azul,vermelho,heuristica,azul,0,-3,16,120,120,1.0000,0.1333,605,118,366,121
270,522803334,azul,azul,heuristica,azul,1,3,16,30,0,30.0000,0.2500,411,19,375,17
271,1159399617,verde,verde,art3miz_0.1,empate,0,-1,100,0,0,0.0000,0.0000,1961,48,1913,0
271,1159399617,verde,vermelho,heuristica,empate,0,-1,100,0,0,0.0000,0.0000,1662,0,1662,0
271,1159399617,verde,azul,heuristica,empate,0,-1,100,0,0,0.0000,0.0000,1676,50,1626,0
272,1955071387,vermelho,verde,art3miz_0.1,empate,0,-1,100,120,90,1.3333,0.0101,1353,131,1102,120
272,1955071387,vermelho,vermelho,heuristica,empate,0,-1,100,90,120,0.7500,0.0000,355,104,151,100
272,1955071387,vermelho,azul,heuristica,empate,0,-1,100,0,0,0.0000,0.0000,1636,1,1635,0
273,2082054462,azul,verde,art3miz_0.1,vermelho,0,-3,22,90,120,0.7500,0.0000,392,80,237,75
273,2082054462,azul,vermelho,heuristica,vermelho,1,3,22,30,0,30.0000,0.0476,547,28,488,31
273,2082054462,azul,azul,heuristica,vermelho,0,-3,22,120,120,1.0000,0.0000,744,119,500,125
274,616255602,verde,verde,art3miz_0.1,verde,1,3,17,30,30,1.0000,0.0000,120,24,75,21
274,616255602,verde,vermelho,heuristica,verde,0,-3,17,90,120,0.7500,0.0000,336,76,190,70
274,616255602,verde,azul,heuristica,verde,0,-3,17,150,120,1.2500,0.0000,556,120,325,111
275,330685898,vermelho,verde,art3miz_0.1,azul,0,-3,14,150,100,1.5000,0.1538,432,135,175,122
275,330685898,vermelho,vermelho,heuristica,azul,0,-3,14,70,120,0.5833,0.3000,450,105,245,100
275,330685898,vermelho,azul,heuristica,azul,1,3,14,30,30,1.0000,0.0000,364,25,316,23
276,293034207,azul,verde,art3miz_0.1,verde,1,3,12,30,30,1.0000,0.0909,112,28,59,25
276,293034207,azul,vermelho,heuristica,verde,0,-3,12,150,120,1.2500,0.0000,504,130,251,123
276,293034207,azul,azul,heuristica,verde,0,-3,12,90,120,0.7500,0.0000,342,94,149,99
277,1726906955,verde,verde,art3miz_0.1,vermelho,0,-3,17,120,110,1.0909,0.2353,405,103,202,100
277,1726906955,verde,vermelho,heuristica,vermelho,1,3,17,30,0,30.0000,0.1765,448,27,396,25
277,1726906955,verde,azul,heuristica,vermelho,0,-3,17,80,120,0.6667,0.2857,372,96,176,100
278,652899206,vermelho,verde,art3miz_0.1,verde,1,3,18,120,50,2.4000,0.2941,471,139,232,100
278,652899206,vermelho,vermelho,heuristica,verde,0,-3,18,80,110,0.7273,0.5294,784,179,430,175
278,652899206,vermelho,azul,heuristica,verde,0,-3,18,60,100,0.6000,0.2500,731,205,401,125
279,1775053101,azul,verde,art3miz_0.1,vermelho,0,-3,20,90,120,0.7500,0.2000,254,78,101,75
279,1775053101,azul,vermelho,heuristica,vermelho,1,3,20,30,30,1.0000,0.1053,473,34,399,40
279,1775053101,azul,azul,heuristica,vermelho,0,-3,20,150,120,1.2500,0.1053,824,176,476,172
280,1138206718,verde,verde,art3miz_0.1,vermelho,0,-3,15,150,120,1.2500,0.0000,391,109,183,99
280,1138206718,verde,vermelho,heuristica,vermelho,1,3,15,30,30,1.0000,0.0000,383,25,335,23
280,1138206718,verde,azul,heuristica,vermelho,0,-3,15,90,120,0.7500,0.0000,384,79,230,75
281,1154859730,vermelho,verde,art3miz_0.1,verde,1,3,24,30,30,1.0000,0.0870,161,26,111,24
281,1154859730,vermelho,vermelho,heuristica,verde,0,-3,24,90,120,0.7500,0.1250,627,124,382,121
281,1154859730,vermelho,azul,heuristica,verde,0,-3,24,150,120,1.2500,0.0435,1005,231,553,221
282,1853518004,azul,verde,art3miz_0.1,azul,0,-3,13,120,120,1.0000,0.0000,317,75,174,68
282,1853518004,azul,vermelho,heuristica,azul,0,-3,13,90,120,0.7500,0.0000,375,89,197,89
282,1853518004,azul,azul,heuristica,azul,1,3,13,30,0,30.0000,0.0000,374,26,324,24
283,556386123,verde,verde,art3miz_0.1,azul,0,-3,43,90,120,0.7500,0.0909,248,75,101,72
283,556386123,verde,vermelho,heuristica,azul,0,-3,43,120,120,1.0000,0.0465,1086,113,853,120
283,556386123,verde,azul,heuristica,azul,1,3,43,30,0,30.0000,0.0465,1002,25,955,22
284,884053951,vermelho,verde,art3miz_0.1,vermelho,0,-3,28,90,100,0.9000,0.0714,269,80,114,75
284,884053951,vermelho,vermelho,heuristica,vermelho,1,3,28,30,30,1.0000,0.1429,703,25,655,23
284,884053951,vermelho,azul,heuristica,vermelho,0,-3,28,130,120,1.0833,0.0741,931,130,678,123
285,1520719184,azul,verde,art3miz_0.1,empate,0,-1,100,0,0,0.0000,0.0000,2023,45,1978,0
285,1520719184,azul,vermelho,heuristica,empate,0,-1,100,0,0,0.0000,0.0101,2064,60,1979,25
285,1520719184,azul,azul,heuristica,empate,0,-1,100,0,0,0.0000,0.0000,2625,17,2585,23
286,1349709110,verde,verde,art3miz_0.1,vermelho,0,-3,11,150,120,1.2500,0.0000,381,112,169,100
286,1349709110,verde,vermelho,heuristica,vermelho,1,3,11,30,30,1.0000,0.0000,292,25,245,22
286,1349709110,verde,azul,heuristica,vermelho,0,-3,11,90,120,0.7500,0.0000,278,79,124,75
287,1449566124,vermelho,verde,art3miz_0.1,verde,1,3,15,20,20,1.0000,0.1429,146,26,95,25
287,1449566124,vermelho,vermelho,heuristica,verde,0,-3,15,90,120,0.7500,0.0000,380,100,182,98
287,1449566124,vermelho,azul,heuristica,verde,0,-3,15,140,110,1.2727,0.0714,589,129,339,121
288,546701403,azul,verde,art3miz_0.1,verde,1,3,16,30,30,1.0000,0.0000,149,28,96,25
288,546701403,azul,vermelho,heuristica,verde,0,-3,16,150,120,1.2500,0.0714,583,134,325,124
288,546701403,azul,azul,heuristica,verde,0,-3,16,90,120,0.7500,0.0909,294,57,183,54
289,1544369877,verde,verde,art3miz_0.1,azul,0,-3,18,80,120,0.6667,0.2222,362,106,158,98
289,1544369877,verde,vermelho,heuristica,azul,0,-3,18,150,110,1.3636,0.1667,674,126,431,117
289,1544369877,verde,azul,heuristica,azul,1,3,18,30,30,1.0000,0.0000,508,27,456,25
290,531010709,vermelho,verde,art3miz_0.1,vermelho,0,-3,11,90,120,0.7500,0.1667,259,78,107,74
290,531010709,vermelho,vermelho,heuristica,vermelho,1,3,11,30,30,1.0000,0.0000,299,37,220,42
290,531010709,vermelho,azul,heuristica,vermelho,0,-3,11,150,120,1.2500,0.1000,550,154,249,147
291,53123547,azul,verde,art3miz_0.1,vermelho,0,-3,20,90,110,0.8182,0.1667,253,76,105,72
291,53123547,azul,vermelho,heuristica,vermelho,1,3,20,20,30,0.6667,0.1053,507,27,455,25
291,53123547,azul,azul,heuristica,vermelho,0,-3,20,140,110,1.2727,0.2105,724,135,453,136
292,231262719,verde,verde,art3miz_0.1,vermelho,0,-3,33,120,110,1.0909,0.0909,471,102,275,94
292,231262719,verde,vermelho,heuristica,vermelho,1,3,33,30,0,30.0000,0.2727,897,49,798,50
292,231262719,verde,azul,heuristica,vermelho,0,-3,33,80,120,0.6667,0.0385,741,76,592,73
293,662711743,vermelho,verde,art3miz_0.1,verde,1,3,14,30,0,30.0000,0.0769,147,29,94,24
293,662711743,vermelho,vermelho,heuristica,verde,0,-3,14,90,120,0.7500,0.0769,447,70,312,65
293,662711743,vermelho,azul,heuristica,verde,0,-3,14,120,120,1.0000,0.0000,460,113,261,86
294,842140641,azul,verde,art3miz_0.1,azul,0,-3,20,120,120,1.0000,0.1579,565,132,312,121
294,842140641,azul,vermelho,heuristica,azul,0,-3,20,90,120,0.7500,0.0000,251,72,111,68
294,842140641,azul,azul,heuristica,azul,1,3,20,30,0,30.0000,0.0500,606,67,476,63
295,1252927648,verde,verde,art3miz_0.1,azul,0,-3,13,120,120,1.0000,0.0769,310,82,153,75
295,1252927648,verde,vermelho,heuristica,azul,0,-3,13,90,120,0.7500,0.0000,334,79,180,75
295,1252927648,verde,azul,heuristica,azul,1,3,13,30,0,30.0000,0.0000,375,27,323,25
296,488546147,vermelho,verde,art3miz_0.1,azul,0,-3,12,90,120,0.7500,0.0000,208,67,79,62
296,488546147,vermelho,vermelho,heuristica,azul,0,-3,12,120,120,1.0000,0.0000,448,91,271,86
296,488546147,vermelho,azul,heuristica,azul,1,3,12,30,0,30.0000,0.0000,430,73,290,67
297,1093134130,azul,verde,art3miz_0.1,azul,0,-3,10,90,120,0.7500,0.0000,219,69,85,65
297,1093134130,azul,vermelho,heuristica,azul,0,-3,10,150,120,1.2500,0.0000,551,187,208,156
297,1093134130,azul,azul,heuristica,azul,1,3,10,30,30,1.0000,0.0000,407,82,251,74
298,856898793,verde,verde,art3miz_0.1,verde,1,3,18,20,0,20.0000,0.1667,246,32,189,25
298,856898793,verde,vermelho,heuristica,verde,0,-3,18,90,120,0.7500,0.0000,345,101,148,96
298,856898793,verde,azul,heuristica,verde,0,-3,18,120,110,1.0909,0.1176,649,117,413,119
299,679112036,vermelho,verde,art3miz_0.1,verde,1,3,18,10,30,0.3333,0.0588,129,24,82,23
299,679112036,vermelho,vermelho,heuristica,verde,0,-3,18,150,100,1.5000,0.2941,715,163,390,162
299,679112036,vermelho,azul,heuristica,verde,0,-3,18,90,120,0.7500,0.0000,457,77,306,74
300,79218301,azul,verde,art3miz_0.1,azul,0,-3,20,120,100,1.2000,0.1053,370,103,171,96
300,79218301,azul,vermelho,heuristica,azul,0,-3,20,70,120,0.5833,0.5714,347,94,159,94
300,79218301,azul,azul,heuristica,azul,1,3,20,30,0,30.0000,0.0500,499,49,400,50
301,1425715911,verde,verde,art3miz_0.1,verde,1,3,19,30,0,30.0000,0.0526,294,81,165,48
301,1425715911,verde,vermelho,heuristica,verde,0,-3,19,120,120,1.0000,0.0556,691,131,437,123
301,1425715911,verde,azul,heuristica,verde,0,-3,19,90,120,0.7500,0.0714,532,105,327,100
302,324304472,vermelho,verde,art3miz_0.1,verde,1,3,16,30,0,30.0000,0.1333,152,4,148,0
302,324304472,vermelho,vermelho,heuristica,verde,0,-3,16,80,110,0.7273,0.1000,423,100,227,96
302,324304472,vermelho,azul,heuristica,verde,0,-3,16,110,110,1.0000,0.3333,647,142,363,142
303,1492864929,azul,verde,art3miz_0.1,verde,1,3,12,30,0,30.0000,0.0909,180,29,126,25
303,1492864929,azul,vermelho,heuristica,verde,0,-3,12,90,120,0.7500,0.0000,352,101,151,100
303,1492864929,azul,azul,heuristica,verde,0,-3,12,120,120,1.0000,0.0000,484,105,279,100
304,1121729027,verde,verde,art3miz_0.1,vermelho,0,-3,21,140,120,1.1667,0.2381,435,108,227,100
304,1121729027,verde,vermelho,heuristica,vermelho,1,3,21,60,30,2.0000,0.0476,572,53,469,50
304,1121729027,verde,azul,heuristica,vermelho,0,-3,21,60,110,0.5455,0.1538,526,101,325,100
305,329186859,vermelho,verde,art3miz_0.1,vermelho,0,-3,23,90,100,0.9000,0.3000,257,73,115,69
305,329186859,vermelho,vermelho,heuristica,vermelho,1,3,23,30,0,30.0000,0.0000,576,29,515,32
305,329186859,vermelho,azul,heuristica,vermelho,0,-3,23,100,120,0.8333,0.2727,729,114,498,117
306,947366636,azul,verde,art3miz_0.1,vermelho,0,-3,35,90,120,0.7500,0.0714,264,79,111,74
306,947366636,azul,vermelho,heuristica,vermelho,1,3,35,30,0,30.0000,0.0588,731,19,696,16
306,947366636,azul,azul,heuristica,vermelho,0,-3,35,120,120,1.0000,0.0882,1005,104,803,98
307,1818107138,verde,verde,art3miz_0.1,azul,0,-3,27,120,110,1.0909,0.1111,500,121,264,115
307,1818107138,verde,vermelho,heuristica,azul,0,-3,27,80,120,0.6667,0.1250,358,95,170,93
307,1818107138,verde,azul,heuristica,azul,1,3,27,30,0,30.0000,0.0370,704,25,657,22
308,635456449,vermelho,verde,art3miz_0.1,empate,0,-1,100,0,0,0.0000,0.0000,2130,50,2080,0
308,635456449,vermelho,vermelho,heuristica,empate,0,-1,100,0,0,0.0000,0.0000,2062,50,2012,0
308,635456449,vermelho,azul,heuristica,empate,0,-1,100,0,0,0.0000,0.0000,2596,0,2596,0
309,1609319578,azul,verde,art3miz_0.1,verde,1,3,20,30,30,1.0000,0.0000,160,28,107,25
309,1609319578,azul,vermelho,heuristica,verde,0,-3,20,90,120,0.7500,0.0000,394,96,198,100
309,1609319578,azul,azul,heuristica,verde,0,-3,20,150,120,1.2500,0.1053,732,133,474,125
310,391903060,verde,verde,art3miz_0.1,verde,1,3,16,30,0,30.0000,0.0000,181,30,126,25
310,391903060,verde,vermelho,heuristica,verde,0,-3,16,120,120,1.0000,0.0667,540,93,360,87
310,391903060,verde,azul,heuristica,verde,0,-3,16,90,120,0.7500,0.1429,471,69,337,65
311,369162837,vermelho,verde,art3miz_0.1,verde,1,3,10,30,0,30.0000,0.2222,165,30,110,25
311,369162837,vermelho,vermelho,heuristica,verde,0,-3,10,80,120,0.6667,0.1667,348,99,150,99
311,369162837,vermelho,azul,heuristica,verde,0,-3,10,120,110,1.0909,0.4444,433,105,228,100
312,40002021,azul,verde,art3miz_0.1,azul,0,-3,11,90,120,0.7500,0.1250,275,96,108,71
312,40002021,azul,vermelho,heuristica,azul,0,-3,11,120,120,1.0000,0.0000,489,119,248,122
312,40002021,azul,azul,heuristica,azul,1,3,11,30,0,30.0000,0.0000,360,42,271,47
313,349757038,verde,verde,art3miz_0.1,azul,0,-3,16,90,120,0.7500,0.2222,259,76,113,70
313,349757038,verde,vermelho,heuristica,azul,0,-3,16,120,120,1.0000,0.0000,605,139,375,91
313,349757038,verde,azul,heuristica,azul,1,3,16,30,0,30.0000,0.0000,477,54,374,49
314,1753032231,vermelho,verde,art3miz_0.1,empate,0,-1,100,0,0,0.0000,0.0000,1985,48,1937,0
314,1753032231,vermelho,vermelho,heuristica,empate,0,-1,100,0,0,0.0000,0.0100,2593,0,2593,0
314,1753032231,vermelho,azul,heuristica,empate,0,-1,100,0,0,0.0000,0.0000,2034,47,1987,0
315,1173196213,azul,verde,art3miz_0.1,vermelho,0,-3,16,90,120,0.7500,0.0000,251,80,96,75
315,1173196213,azul,vermelho,heuristica,vermelho,1,3,16,30,30,1.0000,0.0000,411,22,368,21
315,1173196213,azul,azul,heuristica,vermelho,0,-3,16,150,120,1.2500,0.0000,658,152,349,157
316,63142686,verde,verde,art3miz_0.1,vermelho,0,-3,21,120,120,1.0000,0.0476,326,79,175,72
316,63142686,verde,vermelho,heuristica,vermelho,1,3,21,30,0,30.0000,0.0000,579,27,527,25
316,63142686,verde,azul,heuristica,vermelho,0,-3,21,90,120,0.7500,0.0000,372,77,222,73
317,681300813,vermelho,verde,art3miz_0.1,empate,0,-1,100,120,70,1.7143,0.0202,4059,1133,1883,1043
317,681300813,vermelho,vermelho,heuristica,empate,0,-1,100,70,120,0.5833,0.0909,466,99,268,99
317,681300813,vermelho,azul,heuristica,empate,0,-1,100,0,0,0.0000,0.0100,2368,49,2269,50
318,506974165,azul,verde,art3miz_0.1,azul,0,-3,16,90,110,0.8182,0.1250,204,65,81,58
318,506974165,azul,vermelho,heuristica,azul,0,-3,16,140,120,1.1667,0.1333,595,131,340,124
318,506974165,azul,azul,heuristica,azul,1,3,16,30,30,1.0000,0.0000,441,27,390,24
319,1573761150,verde,verde,art3miz_0.1,azul,0,-3,23,90,120,0.7500,0.0000,266,81,110,75
319,1573761150,verde,vermelho,heuristica,azul,0,-3,23,150,120,1.2500,0.0435,837,152,537,148
319,1573761150,verde,azul,heuristica,azul,1,3,23,30,30,1.0000,0.0870,534,17,501,16
320,1937942672,vermelho,verde,art3miz_0.1,vermelho,0,-3,44,150,120,1.2500,0.0233,704,126,455,123
320,1937942672,vermelho,vermelho,heuristica,vermelho,1,3,44,30,30,1.0000,0.1136,981,26,931,24
320,1937942672,vermelho,azul,heuristica,vermelho,0,-3,44,90,120,0.7500,0.0000,278,78,126,74
321,2043056792,azul,verde,art3miz_0.1,vermelho,0,-3,24,150,120,1.2500,0.0435,422,116,202,104
321,2043056792,azul,vermelho,heuristica,vermelho,1,3,24,30,30,1.0000,0.0435,592,26,544,22
321,2043056792,azul,azul,heuristica,vermelho,0,-3,24,90,120,0.7500,0.1000,390,74,246,70
322,1502885451,verde,verde,art3miz_0.1,vermelho,0,-3,12,120,120,1.0000,0.0000,420,136,185,99
322,1502885451,verde,vermelho,heuristica,vermelho,1,3,12,30,0,30.0000,0.0000,430,81,281,68
322,1502885451,verde,azul,heuristica,vermelho,0,-3,12,90,120,0.7500,0.0000,354,124,149,81
323,1638525914,vermelho,verde,art3miz_0.1,azul,0,-3,16,90,120,0.7500,0.1667,242,80,87,75
323,1638525914,vermelho,vermelho,heuristica,azul,0,-3,16,150,120,1.2500,0.0000,649,131,393,125
323,1638525914,vermelho,azul,heuristica,azul,1,3,16,30,30,1.0000,0.0625,422,24,376,22
324,1461675684,azul,verde,art3miz_0.1,verde,1,3,11,30,30,1.0000,0.0000,113,28,60,25
324,1461675684,azul,vermelho,heuristica,verde,0,-3,11,150,120,1.2500,0.0000,486,133,228,125
324,1461675684,azul,azul,heuristica,verde,0,-3,11,90,120,0.7500,0.0000,331,91,145,95
325,971720179,verde,verde,art3miz_0.1,verde,1,3,13,30,0,30.0000,0.0769,146,29,92,25
325,971720179,verde,vermelho,heuristica,verde,0,-3,13,120,120,1.0000,0.0000,536,129,286,121
325,971720179,verde,azul,heuristica,verde,0,-3,13,90,120,0.7500,0.1111,383,95,199,89
326,566942735,vermelho,verde,art3miz_0.1,azul,0,-3,15,120,120,1.0000,0.1429,315,80,160,75
326,566942735,vermelho,vermelho,heuristica,azul,0,-3,15,90,120,0.7500,0.0000,376,101,175,100
326,566942735,vermelho,azul,heuristica,azul,1,3,15,30,0,30.0000,0.0000,416,26,366,24
327,1508647464,azul,verde,art3miz_0.1,azul,0,-3,17,150,120,1.2500,0.0000,606,162,294,150
327,1508647464,azul,vermelho,heuristica,azul,0,-3,17,90,120,0.7500,0.0000,568,168,275,125
327,1508647464,azul,azul,heuristica,azul,1,3,17,30,30,1.0000,0.0000,632,113,421,98
328,603781327,verde,verde,art3miz_0.1,azul,0,-3,18,90,120,0.7500,0.1250,281,79,129,73
328,603781327,verde,vermelho,heuristica,azul,0,-3,18,150,120,1.2500,0.0000,669,130,418,121
328,603781327,verde,azul,heuristica,azul,1,3,18,30,30,1.0000,0.0000,385,19,350,16
329,1627862180,vermelho,verde,art3miz_0.1,azul,0,-3,16,90,120,0.7500,0.0000,263,78,111,74
329,1627862180,vermelho,vermelho,heuristica,azul,0,-3,16,150,120,1.2500,0.0000,597,121,363,113
329,1627862180,vermelho,azul,heuristica,azul,1,3,16,30,30,1.0000,0.0000,398,18,364,16
330,2108647050,azul,verde,art3miz_0.1,azul,0,-3,33,120,120,1.0000,0.0625,663,110,453,100
330,2108647050,azul,vermelho,heuristica,azul,0,-3,33,90,120,0.7500,0.0000,631,99,432,100
330,2108647050,azul,azul,heuristica,azul,1,3,33,30,0,30.0000,0.0000,896,43,804,49
331,71850044,verde,verde,art3miz_0.1,azul,0,-3,16,90,120,0.7500,0.0000,267,81,111,75
331,71850044,verde,vermelho,heuristica,azul,0,-3,16,120,120,1.0000,0.0625,604,105,399,100
331,71850044,verde,azul,heuristica,azul,1,3,16,30,0,30.0000,0.0625,465,27,413,25
332,87384019,vermelho,verde,art3miz_0.1,azul,0,-3,21,150,120,1.2500,0.1000,509,128,260,121
332,87384019,vermelho,vermelho,heuristica,azul,0,-3,21,90,120,0.7500,0.0000,352,101,151,100
332,87384019,vermelho,azul,heuristica,azul,1,3,21,30,30,1.0000,0.1429,557,28,504,25
333,456098441,azul,verde,art3miz_0.1,verde,1,3,16,30,30,1.0000,0.2000,163,22,122,19
333,456098441,azul,vermelho,heuristica,verde,0,-3,16,90,120,0.7500,0.0000,451,99,256,96
333,456098441,azul,azul,heuristica,verde,0,-3,16,150,120,1.2500,0.0000,621,130,370,121
334,325496467,verde,verde,art3miz_0.1,azul,0,-3,11,80,110,0.7273,0.4444,397,136,161,100
334,325496467,verde,vermelho,heuristica,azul,0,-3,11,120,110,1.0909,0.5455,586,160,276,150
334,325496467,verde,azul,heuristica,azul,1,3,11,30,10,3.0000,0.2727,412,90,250,72
335,1049597105,vermelho,verde,art3miz_0.1,verde,1,3,16,30,30,1.0000,0.0667,122,24,76,22
335,1049597105,vermelho,vermelho,heuristica,verde,0,-3,16,130,120,1.0833,0.2667,626,142,344,140
335,1049597105,vermelho,azul,heuristica,verde,0,-3,16,90,100,0.9000,0.1000,448,100,249,99
336,1667655431,azul,verde,art3miz_0.1,verde,1,3,14,20,30,0.6667,0.0000,139,27,87,25
336,1667655431,azul,vermelho,heuristica,verde,0,-3,14,150,110,1.3636,0.1667,523,126,281,116
336,1667655431,azul,azul,heuristica,verde,0,-3,14,90,120,0.7500,0.1429,308,75,163,70
337,970802006,verde,verde,art3miz_0.1,azul,0,-3,11,50,120,0.4167,0.2857,247,82,90,75
337,970802006,verde,vermelho,heuristica,azul,0,-3,11,180,120,1.5000,0.4545,659,206,278,175
337,970802006,verde,azul,heuristica,azul,1,3,11,70,60,1.1667,0.3636,520,118,277,125
338,1342970439,vermelho,verde,art3miz_0.1,azul,0,-3,15,120,120,1.0000,0.2143,540,193,222,125
338,1342970439,vermelho,vermelho,heuristica,azul,0,-3,15,60,120,0.5000,0.1111,374,70,229,75
338,1342970439,vermelho,azul,heuristica,azul,1,3,15,90,30,3.0000,0.2667,743,195,373,175
339,437208980,azul,verde,art3miz_0.1,vermelho,0,-3,20,150,100,1.5000,0.1579,436,130,186,120
339,437208980,azul,vermelho,heuristica,vermelho,1,3,20,30,30,1.0000,0.0526,551,49,452,50
339,437208980,azul,azul,heuristica,vermelho,0,-3,20,70,120,0.5833,0.2857,318,77,169,72
340,1192874511,verde,verde,art3miz_0.1,vermelho,0,-3,15,90,120,0.7500,0.0000,340,91,166,83
340,1192874511,verde,vermelho,heuristica,vermelho,1,3,15,30,0,30.0000,0.0000,447,53,344,50
340,1192874511,verde,azul,heuristica,vermelho,0,-3,15,120,120,1.0000,0.0000,545,127,295,123
341,766493470,vermelho,verde,art3miz_0.1,verde,1,3,22,20,40,0.5000,0.1429,239,55,134,50
341,766493470,vermelho,vermelho,heuristica,verde,0,-3,22,150,100,1.5000,0.2381,755,151,462,142
341,766493470,vermelho,azul,heuristica,verde,0,-3,22,80,110,0.7273,0.2000,347,70,209,68
342,410536207,azul,verde,art3miz_0.1,verde,1,3,11,30,0,30.0000,0.0000,83,2,81,0
342,410536207,azul,vermelho,heuristica,verde,0,-3,11,90,120,0.7500,0.1429,369,95,175,99
342,410536207,azul,azul,heuristica,verde,0,-3,11,120,120,1.0000,0.0000,454,104,251,99
343,14153581,verde,verde,art3miz_0.1,vermelho,0,-3,26,120,120,1.0000,0.0769,634,139,370,125
343,14153581,verde,vermelho,heuristica,vermelho,1,3,26,30,0,30.0000,0.1154,615,28,563,24
343,14153581,verde,azul,heuristica,vermelho,0,-3,26,90,120,0.7500,0.0000,605,101,404,100
344,307708705,vermelho,verde,art3miz_0.1,verde,1,3,17,30,0,30.0000,0.0000,153,29,99,25
344,307708705,vermelho,vermelho,heuristica,verde,0,-3,17,100,120,0.8333,0.0625,656,135,396,125
344,307708705,vermelho,azul,heuristica,verde,0,-3,17,90,100,0.9000,0.4444,526,151,225,150
345,1409996403,azul,verde,art3miz_0.1,verde,1,3,11,30,0,30.0000,0.0000,121,28,68,25
345,1409996403,azul,vermelho,heuristica,verde,0,-3,11,120,120,1.0000,0.1111,413,109,201,103
345,1409996403,azul,azul,heuristica,verde,0,-3,11,90,120,0.7500,0.0000,292,83,127,82
346,1737144842,verde,verde,art3miz_0.1,empate,0,-1,100,0,0,0.0000,0.0000,1538,2,1536,0
346,1737144842,verde,vermelho,heuristica,empate,0,-1,100,0,0,0.0000,0.0000,2579,0,2579,0
346,1737144842,verde,azul,heuristica,empate,0,-1,100,0,0,0.0000,0.0100,1300,23,1252,25
347,924703773,vermelho,verde,art3miz_0.1,vermelho,0,-3,18,110,110,1.0000,0.2941,512,110,302,100
347,924703773,vermelho,vermelho,heuristica,vermelho,1,3,18,30,0,30.0000,0.0000,495,29,442,24
347,924703773,vermelho,azul,heuristica,vermelho,0,-3,18,80,110,0.7273,0.1000,474,122,236,116
348,928223588,azul,verde,art3miz_0.1,azul,0,-3,13,90,120,0.7500,0.0000,291,77,142,72
348,928223588,azul,vermelho,heuristica,azul,0,-3,13,120,120,1.0000,0.0000,508,132,288,88
348,928223588,azul,azul,heuristica,azul,1,3,13,30,0,30.0000,0.0000,413,49,314,50
349,1182005340,verde,verde,art3miz_0.1,azul,0,-3,33,90,120,0.7500,0.0000,279,81,123,75
349,1182005340,verde,vermelho,heuristica,azul,0,-3,33,150,120,1.2500,0.0909,1093,148,804,141
349,1182005340,verde,azul,heuristica,azul,1,3,33,30,30,1.0000,0.1212,850,39,770,41
350,86749997,vermelho,verde,art3miz_0.1,verde,1,3,36,30,0,30.0000,0.0571,254,28,201,25
350,86749997,vermelho,vermelho,heuristica,verde,0,-3,36,120,120,1.0000,0.1429,924,136,654,134
350,86749997,vermelho,azul,heuristica,verde,0,-3,36,90,120,0.7500,0.1429,322,77,173,72
351,2063477184,azul,verde,art3miz_0.1,vermelho,0,-3,25,120,120,1.0000,0.2500,622,109,413,100
351,2063477184,azul,vermelho,heuristica,vermelho,1,3,25,30,0,30.0000,0.0417,620,26,571,23
351,2063477184,azul,azul,heuristica,vermelho,0,-3,25,90,120,0.7500,0.1333,585,104,381,100
352,1520633710,verde,verde,art3miz_0.1,vermelho,0,-3,15,90,100,0.9000,0.0909,266,78,118,70
352,1520633710,verde,vermelho,heuristica,vermelho,1,3,15,10,0,10.0000,0.0667,506,71,364,71
352,1520633710,verde,azul,heuristica,vermelho,0,-3,15,100,100,1.0000,0.1429,579,143,321,115
353,1518760950,vermelho,verde,art3miz_0.1,vermelho,0,-3,20,150,120,1.2500,0.0000,420,107,216,97
353,1518760950,vermelho,vermelho,heuristica,vermelho,1,3,20,30,30,1.0000,0.0500,483,40,402,41
353,1518760950,vermelho,azul,heuristica,vermelho,0,-3,20,90,120,0.7500,0.0000,350,91,163,96
354,1313076164,azul,verde,art3miz_0.1,verde,1,3,11,30,0,30.0000,0.0000,80,2,78,0
354,1313076164,azul,vermelho,heuristica,verde,0,-3,11,110,120,0.9167,0.2222,393,93,212,88
354,1313076164,azul,azul,heuristica,verde,0,-3,11,90,110,0.8182,0.1667,271,70,136,65
355,519671239,verde,verde,art3miz_0.1,verde,1,3,14,30,30,1.0000,0.0714,120,28,67,25
355,519671239,verde,vermelho,heuristica,verde,0,-3,14,90,120,0.7500,0.1111,402,103,203,96
355,519671239,verde,azul,heuristica,verde,0,-3,14,150,120,1.2500,0.0000,561,124,321,116
356,293897162,vermelho,verde,art3miz_0.1,vermelho,0,-3,31,90,120,0.7500,0.0909,276,81,120,75
356,293897162,vermelho,vermelho,heuristica,vermelho,1,3,31,20,30,0.6667,0.0645,775,24,728,23
356,293897162,vermelho,azul,heuristica,vermelho,0,-3,31,150,110,1.3636,0.1000,1137,201,736,200
357,432934820,azul,verde,art3miz_0.1,azul,0,-3,15,150,120,1.2500,0.0000,379,103,179,97
357,432934820,azul,vermelho,heuristica,azul,0,-3,15,90,120,0.7500,0.0000,365,78,213,74
357,432934820,azul,azul,heuristica,azul,1,3,15,30,30,1.0000,0.0667,417,26,367,24
358,1033327263,verde,verde,art3miz_0.1,azul,0,-3,20,90,120,0.7500,0.0000,241,71,103,67
358,1033327263,verde,vermelho,heuristica,azul,0,-3,20,120,120,1.0000,0.0500,632,93,452,87
358,1033327263,verde,azul,heuristica,azul,1,3,20,30,0,30.0000,0.0500,486,18,452,16
359,137643404,vermelho,verde,art3miz_0.1,empate,0,-1,100,0,0,0.0000,0.0000,1363,0,1363,0
359,137643404,vermelho,vermelho,heuristica,empate,0,-1,100,70,100,0.7000,0.2857,336,89,159,88
359,137643404,vermelho,azul,heuristica,empate,0,-1,100,100,70,1.4286,0.0300,1959,95,1774,90
360,2017834313,azul,verde,art3miz_0.1,azul,0,-3,19,60,100,0.6000,0.6667,335,108,128,99
360,2017834313,azul,vermelho,heuristica,azul,0,-3,19,130,120,1.0833,0.2778,721,148,433,140
360,2017834313,azul,azul,heuristica,azul,1,3,19,60,30,2.0000,0.0000,521,35,454,32
361,1611829491,verde,verde,art3miz_0.1,verde,1,3,19,30,0,30.0000,0.0526,149,29,95,25
361,1611829491,verde,vermelho,heuristica,verde,0,-3,19,100,120,0.8333,0.2778,672,138,405,129
361,1611829491,verde,azul,heuristica,verde,0,-3,19,90,100,0.9000,0.1538,445,82,285,78
362,1288829251,vermelho,verde,art3miz_0.1,azul,0,-3,15,90,120,0.7500,0.1818,352,112,165,75
362,1288829251,vermelho,vermelho,heuristica,azul,0,-3,15,120,120,1.0000,0.0667,609,122,363,124
362,1288829251,vermelho,azul,heuristica,azul,1,3,15,30,0,30.0000,0.0667,516,84,359,73
363,475521431,azul,verde,art3miz_0.1,azul,0,-3,33,90,120,0.7500,0.0000,235,73,97,65
363,475521431,azul,vermelho,heuristica,azul,0,-3,33,120,120,1.0000,0.0000,944,98,756,90
363,475521431,azul,azul,heuristica,azul,1,3,33,30,0,30.0000,0.0909,843,18,809,16
364,1589776665,verde,verde,art3miz_0.1,vermelho,0,-3,22,90,110,0.8182,0.0714,419,80,264,75
364,1589776665,verde,vermelho,heuristica,vermelho,1,3,22,30,30,1.0000,0.0000,540,27,488,25
364,1589776665,verde,azul,heuristica,vermelho,0,-3,22,140,120,1.1667,0.2381,908,200,513,195
365,1928754317,vermelho,verde,art3miz_0.1,vermelho,0,-3,20,60,120,0.5000,0.0000,246,68,116,62
365,1928754317,vermelho,vermelho,heuristica,vermelho,1,3,20,60,60,1.0000,0.1500,524,39,450,35
365,1928754317,vermelho,azul,heuristica,vermelho,0,-3,20,180,120,1.5000,0.0000,651,132,400,119
366,893603869,azul,verde,art3miz_0.1,azul,0,-3,14,60,120,0.5000,0.0000,168,52,66,50
366,893603869,azul,vermelho,heuristica,azul,0,-3,14,150,120,1.2500,0.0000,553,125,309,119
366,893603869,azul,azul,heuristica,azul,1,3,14,90,60,1.5000,0.2143,552,125,333,94
367,795826857,verde,verde,art3miz_0.1,empate,0,-1,100,0,0,0.0000,0.0100,1916,0,1916,0
367,795826857,verde,vermelho,heuristica,empate,0,-1,100,80,110,0.7273,0.3333,429,103,227,99
367,795826857,verde,azul,heuristica,empate,0,-1,100,110,80,1.3750,0.0300,2112,111,1893,108
368,1170736711,vermelho,verde,art3miz_0.1,azul,0,-3,20,90,120,0.7500,0.0833,306,78,155,73
368,1170736711,vermelho,vermelho,heuristica,azul,0,-3,20,150,120,1.2500,0.0000,781,152,485,144
368,1170736711,vermelho,azul,heuristica,azul,1,3,20,30,30,1.0000,0.0000,699,88,511,100
369,1599605876,azul,verde,art3miz_0.1,azul,0,-3,25,90,120,0.7500,0.0625,288,77,137,74
369,1599605876,azul,vermelho,heuristica,azul,0,-3,25,120,120,1.0000,0.0833,839,126,589,124
369,1599605876,azul,azul,heuristica,azul,1,3,25,30,0,30.0000,0.0800,677,45,582,50
370,1800712511,verde,verde,art3miz_0.1,vermelho,0,-3,22,150,110,1.3636,0.2727,420,104,224,92
370,1800712511,verde,vermelho,heuristica,vermelho,1,3,22,60,30,2.0000,0.0909,638,48,546,44
370,1800712511,verde,azul,heuristica,vermelho,0,-3,22,50,120,0.4167,0.4444,305,72,169,64
371,645522509,vermelho,verde,art3miz_0.1,verde,1,3,13,30,30,1.0000,0.0833,118,26,67,25
371,645522509,vermelho,vermelho,heuristica,verde,0,-3,13,150,120,1.2500,0.1667,597,157,290,150
371,645522509,vermelho,azul,heuristica,verde,0,-3,13,90,120,0.7500,0.0000,394,95,199,100
372,29313969,azul,verde,art3miz_0.1,verde,1,3,31,30,30,1.0000,0.1333,216,27,165,24
372,29313969,azul,vermelho,heuristica,verde,0,-3,31,90,120,0.7500,0.0000,353,66,225,62
372,29313969,azul,azul,heuristica,verde,0,-3,31,150,120,1.2500,0.1333,957,161,640,156
373,1970357873,verde,verde,art3miz_0.1,verde,1,3,37,30,30,1.0000,0.0000,311,28,258,25
373,1970357873,verde,vermelho,heuristica,verde,0,-3,37,140,120,1.1667,0.0833,1112,126,866,120
373,1970357873,verde,azul,heuristica,verde,0,-3,37,90,110,0.8182,0.1429,377,103,175,99
374,1241645600,vermelho,verde,art3miz_0.1,vermelho,0,-3,20,150,120,1.2500,0.1579,490,123,255,112
374,1241645600,vermelho,vermelho,heuristica,vermelho,1,3,20,30,30,1.0000,0.0000,524,27,473,24
374,1241645600,vermelho,azul,heuristica,vermelho,0,-3,20,90,120,0.7500,0.2727,466,101,267,98
375,1353653477,azul,verde,art3miz_0.1,verde,1,3,14,30,0,30.0000,0.1538,149,30,94,25
375,1353653477,azul,vermelho,heuristica,verde,0,-3,14,120,110,1.0909,0.1667,507,105,302,100
375,1353653477,azul,azul,heuristica,verde,0,-3,14,80,120,0.6667,0.2500,400,100,200,100
376,722060998,verde,verde,art3miz_0.1,azul,0,-3,19,150,110,1.3636,0.1053,557,148,269,140
376,722060998,verde,vermelho,heuristica,azul,0,-3,19,80,120,0.6667,0.2222,478,126,227,125
376,722060998,verde,azul,heuristica,azul,1,3,19,30,30,1.0000,0.0000,511,25,462,24
377,946843648,vermelho,verde,art3miz_0.1,vermelho,0,-3,48,90,120,0.7500,0.0000,251,77,100,74
377,946843648,vermelho,vermelho,heuristica,vermelho,1,3,48,30,30,1.0000,0.0000,971,26,920,25
377,946843648,vermelho,azul,heuristica,vermelho,0,-3,48,150,120,1.2500,0.1064,1376,166,1048,162
378,195273507,azul,verde,art3miz_0.1,vermelho,0,-3,17,150,120,1.2500,0.1250,417,111,207,99
378,195273507,azul,vermelho,heuristica,vermelho,1,3,17,30,30,1.0000,0.0625,410,27,360,23
378,195273507,azul,azul,heuristica,vermelho,0,-3,17,90,120,0.7500,0.0000,331,79,177,75
379,741729714,verde,verde,art3miz_0.1,vermelho,0,-3,44,90,110,0.8182,0.0556,282,78,129,75
379,741729714,verde,vermelho,heuristica,vermelho,1,3,44,30,30,1.0000,0.1364,998,18,964,16
379,741729714,verde,azul,heuristica,vermelho,0,-3,44,140,120,1.1667,0.0465,1224,122,986,116
380,1187661710,vermelho,verde,art3miz_0.1,vermelho,0,-3,21,80,110,0.7273,0.1538,366,105,164,97
380,1187661710,vermelho,vermelho,heuristica,vermelho,1,3,21,30,0,30.0000,0.0000,613,44,519,50
380,1187661710,vermelho,azul,heuristica,vermelho,0,-3,21,110,110,1.0000,0.2500,723,128,474,121
381,394963098,azul,verde,art3miz_0.1,vermelho,0,-3,12,120,100,1.2000,0.4545,492,157,186,149
381,394963098,azul,vermelho,heuristica,vermelho,1,3,12,60,10,6.0000,0.2727,483,104,279,100
381,394963098,azul,azul,heuristica,vermelho,0,-3,12,40,110,0.3636,0.8571,453,153,176,124
382,2051369139,verde,verde,art3miz_0.1,empate,0,-1,100,120,90,1.3333,0.3500,3092,79,2123,890
382,2051369139,verde,vermelho,heuristica,empate,0,-1,100,0,0,0.0000,0.0000,2416,0,2416,0
382,2051369139,verde,azul,heuristica,empate,0,-1,100,90,120,0.7500,0.1667,347,96,151,100
383,1168745499,vermelho,verde,art3miz_0.1,vermelho,0,-3,12,90,120,0.7500,0.0000,241,80,86,75
383,1168745499,vermelho,vermelho,heuristica,vermelho,1,3,12,20,0,20.0000,0.0833,342,27,290,25
383,1168745499,vermelho,azul,heuristica,vermelho,0,-3,12,120,110,1.0909,0.0909,532,130,277,125
384,2118575539,azul,verde,art3miz_0.1,vermelho,0,-3,14,100,110,0.9091,0.5385,573,162,261,150
384,2118575539,azul,vermelho,heuristica,vermelho,1,3,14,60,0,60.0000,0.1538,407,54,303,50
384,2118575539,azul,azul,heuristica,vermelho,0,-3,14,50,100,0.5000,0.3000,392,79,238,75
385,441089282,verde,verde,art3miz_0.1,verde,1,3,19,30,30,1.0000,0.1579,161,28,108,25
385,441089282,verde,vermelho,heuristica,verde,0,-3,19,150,120,1.2500,0.0000,712,132,455,125
385,441089282,verde,azul,heuristica,verde,0,-3,19,90,120,0.7500,0.0000,355,104,151,100
386,1667855064,vermelho,verde,art3miz_0.1,vermelho,0,-3,20,90,120,0.7500,0.1111,249,77,98,74
386,1667855064,vermelho,vermelho,heuristica,vermelho,1,3,20,30,30,1.0000,0.0000,426,17,394,15
386,1667855064,vermelho,azul,heuristica,vermelho,0,-3,20,150,120,1.2500,0.0000,721,135,450,136
387,2017351961,azul,verde,art3miz_0.1,verde,1,3,12,30,0,30.0000,0.1818,162,29,108,25
387,2017351961,azul,vermelho,heuristica,verde,0,-3,12,100,120,0.8333,0.6000,523,146,239,138
387,2017351961,azul,azul,heuristica,verde,0,-3,12,90,100,0.9000,0.7500,448,138,179,131
388,1950536216,verde,verde,art3miz_0.1,empate,0,-1,100,0,0,0.0000,0.0100,1892,48,1844,0
388,1950536216,verde,vermelho,heuristica,empate,0,-1,100,0,0,0.0000,0.0200,2375,0,2375,0
388,1950536216,verde,azul,heuristica,empate,0,-1,100,0,0,0.0000,0.0000,1952,47,1905,0
389,60663468,vermelho,verde,art3miz_0.1,vermelho,0,-3,29,160,110,1.4545,0.1786,775,202,379,194
389,60663468,vermelho,vermelho,heuristica,vermelho,1,3,29,60,60,1.0000,0.0000,752,52,650,50
389,60663468,vermelho,azul,heuristica,vermelho,0,-3,29,50,100,0.5000,0.2667,566,105,361,100
390,1266052967,azul,verde,art3miz_0.1,azul,0,-3,16,150,120,1.2500,0.2000,527,158,223,146
390,1266052967,azul,vermelho,heuristica,azul,0,-3,16,90,120,0.7500,0.0000,376,96,184,96
390,1266052967,azul,azul,heuristica,azul,1,3,16,30,30,1.0000,0.1250,453,51,353,49
391,553143731,verde,verde,art3miz_0.1,empate,0,-1,100,0,0,0.0000,0.0000,4292,1176,2035,1081
391,553143731,verde,vermelho,heuristica,empate,0,-1,100,0,0,0.0000,0.0000,2153,0,2153,0
391,553143731,verde,azul,heuristica,empate,0,-1,100,0,0,0.0000,0.0000,2448,2,2446,0
392,1136855950,vermelho,verde,art3miz_0.1,azul,0,-3,20,90,120,0.7500,0.0000,310,79,156,75
392,1136855950,vermelho,vermelho,heuristica,azul,0,-3,20,120,120,1.0000,0.0500,805,155,501,149
392,1136855950,vermelho,azul,heuristica,azul,1,3,20,30,0,30.0000,0.0000,516,26,465,25
393,376447012,azul,verde,art3miz_0.1,vermelho,0,-3,19,120,120,1.0000,0.0556,363,94,182,87
393,376447012,azul,vermelho,heuristica,vermelho,1,3,19,30,0,30.0000,0.0000,496,27,444,25
393,376447012,azul,azul,heuristica,vermelho,0,-3,19,90,120,0.7500,0.3333,448,117,216,115
394,1614578985,verde,verde,art3miz_0.1,vermelho,0,-3,31,90,120,0.7500,0.0000,248,68,118,62
394,1614578985,verde,vermelho,heuristica,vermelho,1,3,31,30,0,30.0000,0.0645,819,18,785,16
394,1614578985,verde,azul,heuristica,vermelho,0,-3,31,120,120,1.0000,0.0333,877,93,698,86
395,865668011,vermelho,verde,art3miz_0.1,empate,0,-1,100,0,0,0.0000,0.0101,2150,50,2100,0
395,865668011,vermelho,vermelho,heuristica,empate,0,-1,100,0,0,0.0000,0.0000,2054,50,2004,0
395,865668011,vermelho,azul,heuristica,empate,0,-1,100,0,0,0.0000,0.0100,2595,0,2595,0
396,923755655,azul,verde,art3miz_0.1,vermelho,0,-3,20,130,120,1.0833,0.1579,622,157,318,147
396,923755655,azul,vermelho,heuristica,vermelho,1,3,20,30,10,3.0000,0.2632,518,28,465,25
396,923755655,azul,azul,heuristica,vermelho,0,-3,20,90,120,0.7500,0.1538,533,104,329,100
397,258776197,verde,verde,art3miz_0.1,empate,0,-1,100,0,0,0.0000,0.0000,2088,47,2041,0
397,258776197,verde,vermelho,heuristica,empate,0,-1,100,0,0,0.0000,0.0000,2579,0,2579,0
397,258776197,verde,azul,heuristica,empate,0,-1,100,0,0,0.0000,0.0000,1775,49,1726,0
398,1620914435,vermelho,verde,art3miz_0.1,azul,0,-3,28,90,120,0.7500,0.0000,241,73,100,68
398,1620914435,vermelho,vermelho,heuristica,azul,0,-3,28,150,120,1.2500,0.0357,916,188,549,179
398,1620914435,vermelho,azul,heuristica,azul,1,3,28,30,30,1.0000,0.0000,624,22,581,21
399,1741497087,azul,verde,art3miz_0.1,vermelho,0,-3,25,90,100,0.9000,0.2500,251,84,92,75
399,1741497087,azul,vermelho,heuristica,vermelho,1,3,25,30,0,30.0000,0.0000,680,44,586,50
399,1741497087,azul,azul,heuristica,vermelho,0,-3,25,100,120,0.8333,0.2500,807,106,601,100
400,558524762,verde,verde,art3miz_0.1,azul,0,-3,28,60,120,0.5000,0.1250,271,80,116,75
400,558524762,verde,vermelho,heuristica,azul,0,-3,28,150,120,1.2500,0.2857,925,149,634,142
400,558524762,verde,azul,heuristica,azul,1,3,28,60,30,2.0000,0.2143,755,53,653,49
401,1039082064,vermelho,verde,art3miz_0.1,vermelho,0,-3,33,120,100,1.2000,0.0938,372,89,201,82
401,1039082064,vermelho,vermelho,heuristica,vermelho,1,3,33,30,0,30.0000,0.0303,694,27,642,25
401,1039082064,vermelho,azul,heuristica,vermelho,0,-3,33,70,120,0.5833,0.3333,346,68,215,63
402,902252012,azul,verde,art3miz_0.1,vermelho,0,-3,28,120,120,1.0000,0.0741,369,79,216,74
402,902252012,azul,vermelho,heuristica,vermelho,1,3,28,30,0,30.0000,0.0000,618,26,567,25
402,902252012,azul,azul,heuristica,vermelho,0,-3,28,90,120,0.7500,0.0000,349,100,150,99
403,1638510092,verde,verde,art3miz_0.1,vermelho,0,-3,21,120,120,1.0000,0.1429,348,81,193,74
403,1638510092,verde,vermelho,heuristica,vermelho,1,3,21,30,0,30.0000,0.0476,363,26,313,24
403,1638510092,verde,azul,heuristica,vermelho,0,-3,21,90,120,0.7500,0.0769,425,78,273,74
404,697931922,vermelho,verde,art3miz_0.1,verde,1,3,14,60,60,1.0000,0.0769,344,121,156,67
404,697931922,vermelho,vermelho,heuristica,verde,0,-3,14,120,120,1.0000,0.3077,573,125,325,123
404,697931922,vermelho,azul,heuristica,verde,0,-3,14,120,120,1.0000,0.1818,517,129,266,122
405,148352726,azul,verde,art3miz_0.1,vermelho,0,-3,16,90,120,0.7500,0.0000,255,77,104,74
405,148352726,azul,vermelho,heuristica,vermelho,1,3,16,30,30,1.0000,0.2667,414,27,362,25
405,148352726,azul,azul,heuristica,vermelho,0,-3,16,150,120,1.2500,0.0667,610,125,366,119
406,1423957648,verde,verde,art3miz_0.1,vermelho,0,-3,17,90,120,0.7500,0.0000,259,81,103,75
406,1423957648,verde,vermelho,heuristica,vermelho,1,3,17,30,0,30.0000,0.1176,474,41,391,42
406,1423957648,verde,azul,heuristica,vermelho,0,-3,17,120,120,1.0000,0.0625,620,123,381,116
407,1350537079,vermelho,verde,art3miz_0.1,azul,0,-3,47,180,110,1.6364,0.0652,749,180,400,169
407,1350537079,vermelho,vermelho,heuristica,azul,0,-3,47,80,120,0.6667,0.0000,380,104,176,100
407,1350537079,vermelho,azul,heuristica,azul,1,3,47,30,60,0.5000,0.0638,1030,76,881,73
408,614268430,azul,verde,art3miz_0.1,vermelho,0,-3,15,90,120,0.7500,0.0000,262,83,104,75
408,614268430,azul,vermelho,heuristica,vermelho,1,3,15,30,30,1.0000,0.0000,431,40,341,50
408,614268430,azul,azul,heuristica,vermelho,0,-3,15,150,120,1.2500,0.0000,681,185,330,166
409,1044670401,verde,verde,art3miz_0.1,vermelho,0,-3,42,90,120,0.7500,0.5000,414,130,162,122
409,1044670401,verde,vermelho,heuristica,vermelho,1,3,42,30,30,1.0000,0.0000,891,27,839,25
409,1044670401,verde,azul,heuristica,vermelho,0,-3,42,150,120,1.2500,0.1707,1314,188,939,187
410,73927817,vermelho,verde,art3miz_0.1,vermelho,0,-3,17,120,120,1.0000,0.0625,365,106,187,72
410,73927817,vermelho,vermelho,heuristica,vermelho,1,3,17,30,0,30.0000,0.0000,491,81,362,48
410,73927817,vermelho,azul,heuristica,vermelho,0,-3,17,90,120,0.7500,0.0000,515,104,341,70
411,1599316740,azul,verde,art3miz_0.1,azul,0,-3,27,90,120,0.7500,0.0769,232,68,99,65
411,1599316740,azul,vermelho,heuristica,azul,0,-3,27,140,120,1.1667,0.1154,876,123,638,115
411,1599316740,azul,azul,heuristica,azul,1,3,27,30,20,1.5000,0.1111,755,82,589,84
412,728730537,verde,verde,art3miz_0.1,verde,1,3,15,200,80,2.5000,0.6000,751,237,290,224
412,728730537,verde,vermelho,heuristica,verde,0,-3,15,30,100,0.3000,0.8333,358,106,152,100
412,728730537,verde,azul,heuristica,verde,0,-3,15,50,100,0.5000,0.1429,489,80,335,74
413,769613667,vermelho,verde,art3miz_0.1,verde,1,3,12,30,30,1.0000,0.0909,114,28,61,25
413,769613667,vermelho,vermelho,heuristica,verde,0,-3,12,130,100,1.3000,0.1818,539,133,281,125
413,769613667,vermelho,azul,heuristica,verde,0,-3,12,70,100,0.7000,0.4000,330,104,126,100
414,701710304,azul,verde,art3miz_0.1,vermelho,0,-3,17,90,120,0.7500,0.0000,258,79,104,75
414,701710304,azul,vermelho,heuristica,vermelho,1,3,17,30,30,1.0000,0.0000,445,44,356,45
414,701710304,azul,azul,heuristica,vermelho,0,-3,17,150,120,1.2500,0.0000,667,132,410,125
415,2146003900,verde,verde,art3miz_0.1,azul,0,-3,11,90,120,0.7500,0.1250,258,77,126,55
415,2146003900,verde,vermelho,heuristica,azul,0,-3,11,120,120,1.0000,0.0000,422,101,229,92
415,2146003900,verde,azul,heuristica,azul,1,3,11,30,0,30.0000,0.0000,353,47,262,44
416,1585576561,vermelho,verde,art3miz_0.1,vermelho,0,-3,13,120,120,1.0000,0.0000,307,80,152,75
416,1585576561,vermelho,vermelho,heuristica,vermelho,1,3,13,30,0,30.0000,0.0769,378,27,326,25
416,1585576561,vermelho,azul,heuristica,vermelho,0,-3,13,90,120,0.7500,0.0000,394,99,197,98
417,1048996951,azul,verde,art3miz_0.1,vermelho,0,-3,20,130,110,1.1818,0.2105,548,159,239,150
417,1048996951,azul,vermelho,heuristica,vermelho,1,3,20,60,30,2.0000,0.1053,576,52,475,49
417,1048996951,azul,azul,heuristica,vermelho,0,-3,20,50,100,0.5000,0.4000,401,82,244,75
418,614909108,verde,verde,art3miz_0.1,azul,0,-3,25,90,120,0.7500,0.0000,242,53,141,48
418,614909108,verde,vermelho,heuristica,azul,0,-3,25,120,120,1.0000,0.1200,748,93,569,86
418,614909108,verde,azul,heuristica,azul,1,3,25,30,0,30.0000,0.1600,770,75,620,75
419,1906067081,vermelho,verde,art3miz_0.1,empate,0,-1,100,100,90,1.1111,0.0303,1579,82,1422,75
419,1906067081,vermelho,vermelho,heuristica,empate,0,-1,100,90,100,0.9000,0.1667,292,78,141,73
419,1906067081,vermelho,azul,heuristica,empate,0,-1,100,0,0,0.0000,0.0000,1793,0,1793,0
420,974694883,azul,verde,art3miz_0.1,vermelho,0,-3,14,120,120,1.0000,0.0000,290,75,145,70
420,974694883,azul,vermelho,heuristica,vermelho,1,3,14,30,0,30.0000,0.0769,379,30,324,25
420,974694883,azul,azul,heuristica,vermelho,0,-3,14,90,120,0.7500,0.0000,388,94,201,93
421,277475170,verde,verde,art3miz_0.1,vermelho,0,-3,16,120,110,1.0909,0.0625,372,104,172,96
421,277475170,verde,vermelho,heuristica,vermelho,1,3,16,30,0,30.0000,0.0000,431,19,395,17
421,277475170,verde,azul,heuristica,vermelho,0,-3,16,80,120,0.6667,0.0909,461,99,265,97
422,148424731,vermelho,verde,art3miz_0.1,verde,1,3,14,70,40,1.7500,0.1538,209,54,107,48
422,148424731,vermelho,vermelho,heuristica,verde,0,-3,14,50,120,0.4167,0.2857,371,97,174,100
422,148424731,vermelho,azul,heuristica,verde,0,-3,14,160,120,1.3333,0.4615,638,159,329,150
423,604743709,azul,verde,art3miz_0.1,azul,0,-3,11,50,120,0.4167,0.4000,235,79,82,74
423,604743709,azul,vermelho,heuristica,azul,0,-3,11,160,100,1.6000,0.7000,610,183,252,175
423,604743709,azul,azul,heuristica,azul,1,3,11,50,40,1.2500,0.3636,485,105,280,100
424,838363468,verde,verde,art3miz_0.1,verde,1,3,14,30,30,1.0000,0.0714,111,23,67,21
424,838363468,verde,vermelho,heuristica,verde,0,-3,14,80,120,0.6667,0.3333,358,106,152,100
424,838363468,verde,azul,heuristica,verde,0,-3,14,150,110,1.3636,0.2308,584,146,301,137
425,1461119760,vermelho,verde,art3miz_0.1,vermelho,0,-3,27,120,110,1.0909,0.0769,755,193,387,175
425,1461119760,vermelho,vermelho,heuristica,vermelho,1,3,27,30,0,30.0000,0.0741,705,50,609,46
425,1461119760,vermelho,azul,heuristica,vermelho,0,-3,27,80,120,0.6667,0.0625,556,90,374,92
426,2054000186,azul,verde,art3miz_0.1,vermelho,0,-3,13,90,120,0.7500,0.0000,239,79,86,74
426,2054000186,azul,vermelho,heuristica,vermelho,1,3,13,30,0,30.0000,0.0833,339,26,289,24
426,2054000186,azul,azul,heuristica,vermelho,0,-3,13,120,120,1.0000,0.0000,544,120,301,123
427,1470480063,verde,verde,art3miz_0.1,verde,1,3,10,30,0,30.0000,0.1000,111,27,61,23
427,1470480063,verde,vermelho,heuristica,verde,0,-3,10,120,120,1.0000,0.1111,498,162,216,120
427,1470480063,verde,azul,heuristica,verde,0,-3,10,90,120,0.7500,0.1667,317,86,140,91
428,766136782,vermelho,verde,art3miz_0.1,vermelho,0,-3,31,60,120,0.5000,0.0000,303,80,148,75
428,766136782,vermelho,vermelho,heuristica,vermelho,1,3,31,60,60,1.0000,0.0323,804,41,726,37
428,766136782,vermelho,azul,heuristica,vermelho,0,-3,31,180,120,1.5000,0.0667,943,147,661,135
429,372718935,azul,verde,art3miz_0.1,azul,0,-3,16,90,120,0.7500,0.0000,403,82,246,75
429,372718935,azul,vermelho,heuristica,azul,0,-3,16,90,120,0.7500,0.1429,529,96,337,96
429,372718935,azul,azul,heuristica,azul,1,3,16,60,0,60.0000,0.0625,491,79,362,50
430,2045200466,verde,verde,art3miz_0.1,verde,1,3,15,30,30,1.0000,0.1333,150,28,98,24
430,2045200466,verde,vermelho,heuristica,verde,0,-3,15,90,120,0.7500,0.0000,346,96,150,100
430,2045200466,verde,azul,heuristica,verde,0,-3,15,150,120,1.2500,0.0000,562,133,307,122
431,1900958049,vermelho,verde,art3miz_0.1,verde,1,3,14,30,30,1.0000,0.0000,189,30,134,25
431,1900958049,vermelho,vermelho,heuristica,verde,0,-3,14,80,120,0.6667,0.4000,486,124,240,122
431,1900958049,vermelho,azul,heuristica,verde,0,-3,14,150,110,1.3636,0.0769,573,131,318,124
432,1317230616,azul,verde,art3miz_0.1,azul,0,-3,12,120,120,1.0000,0.0000,301,80,147,74
432,1317230616,azul,vermelho,heuristica,azul,0,-3,12,90,120,0.7500,0.0000,353,95,164,94
432,1317230616,azul,azul,heuristica,azul,1,3,12,30,0,30.0000,0.0000,325,23,281,21
433,1343244560,verde,verde,art3miz_0.1,empate,0,-1,100,90,120,0.7500,0.1111,250,78,97,75
433,1343244560,verde,vermelho,heuristica,empate,0,-1,100,0,0,0.0000,0.9800,1465,0,1465,0
433,1343244560,verde,azul,heuristica,empate,0,-1,100,120,90,1.3333,0.0200,1927,127,1675,125
434,784401889,vermelho,verde,art3miz_0.1,vermelho,0,-3,23,60,110,0.5455,0.1667,253,77,104,72
434,784401889,vermelho,vermelho,heuristica,vermelho,1,3,23,40,60,0.6667,0.3043,633,42,551,40
434,784401889,vermelho,azul,heuristica,vermelho,0,-3,23,170,100,1.7000,0.1364,833,157,523,153
435,1579403662,azul,verde,art3miz_0.1,vermelho,0,-3,27,90,110,0.8182,0.0400,981,304,450,227
435,1579403662,azul,vermelho,heuristica,vermelho,1,3,27,80,60,1.3333,0.0769,756,106,575,75
435,1579403662,azul,azul,heuristica,vermelho,0,-3,27,110,110,1.0000,0.0385,909,210,575,124
436,1577216255,verde,verde,art3miz_0.1,azul,0,-3,20,150,120,1.2500,0.0500,476,126,235,115
436,1577216255,verde,vermelho,heuristica,azul,0,-3,20,90,120,0.7500,0.0000,398,75,252,71
436,1577216255,verde,azul,heuristica,azul,1,3,20,30,30,1.0000,0.0500,498,26,449,23
437,1215591661,vermelho,verde,art3miz_0.1,azul,0,-3,12,90,110,0.8182,0.4444,384,128,138,118
437,1215591661,vermelho,vermelho,heuristica,azul,0,-3,12,140,120,1.1667,0.3333,648,178,299,171
437,1215591661,vermelho,azul,heuristica,azul,1,3,12,30,30,1.0000,0.0833,345,25,297,23
438,2129381150,azul,verde,art3miz_0.1,verde,1,3,35,30,0,30.0000,0.1176,303,28,252,23
438,2129381150,azul,vermelho,heuristica,verde,0,-3,35,90,120,0.7500,0.0000,445,95,251,99
438,2129381150,azul,azul,heuristica,verde,0,-3,35,120,120,1.0000,0.0294,1067,157,761,149
439,200211642,verde,verde,art3miz_0.1,vermelho,0,-3,36,80,100,0.8000,0.3077,424,107,217,100
439,200211642,verde,vermelho,heuristica,vermelho,1,3,36,30,0,30.0000,0.0278,766,25,719,22
439,200211642,verde,azul,heuristica,vermelho,0,-3,36,100,110,0.9091,0.1714,1135,146,841,148
440,739759482,vermelho,verde,art3miz_0.1,azul,0,-3,27,90,120,0.7500,0.0000,304,79,152,73
440,739759482,vermelho,vermelho,heuristica,azul,0,-3,27,150,120,1.2500,0.1111,867,114,645,108
440,739759482,vermelho,azul,heuristica,azul,1,3,27,30,30,1.0000,0.0370,698,18,664,16
441,571873306,azul,verde,art3miz_0.1,azul,0,-3,11,120,120,1.0000,0.1000,279,80,124,75
441,571873306,azul,vermelho,heuristica,azul,0,-3,11,90,120,0.7500,0.1111,419,101,218,100
441,571873306,azul,azul,heuristica,azul,1,3,11,30,0,30.0000,0.3636,311,27,259,25
442,1141555388,verde,verde,art3miz_0.1,vermelho,0,-3,33,120,120,1.0000,0.0909,497,106,291,100
442,1141555388,verde,vermelho,heuristica,vermelho,1,3,33,30,0,30.0000,0.0303,732,27,680,25
442,1141555388,verde,azul,heuristica,vermelho,0,-3,33,90,120,0.7500,0.2500,387,96,191,100
443,1737235775,vermelho,verde,art3miz_0.1,empate,0,-1,100,120,90,1.3333,0.0101,2141,186,1821,134
443,1737235775,vermelho,vermelho,heuristica,empate,0,-1,100,90,120,0.7500,0.0000,392,77,243,72
443,1737235775,vermelho,azul,heuristica,empate,0,-1,100,0,0,0.0000,0.0000,2060,43,2017,0
444,1019163322,azul,verde,art3miz_0.1,verde,1,3,13,30,0,30.0000,0.1667,109,26,61,22
444,1019163322,azul,vermelho,heuristica,verde,0,-3,13,90,120,0.7500,0.0000,314,91,136,87
444,1019163322,azul,azul,heuristica,verde,0,-3,13,120,120,1.0000,0.0000,469,104,259,106
445,1477330786,verde,verde,art3miz_0.1,azul,0,-3,17,90,120,0.7500,0.0909,343,68,211,64
445,1477330786,verde,vermelho,heuristica,azul,0,-3,17,120,120,1.0000,0.1176,564,92,386,86
445,1477330786,verde,azul,heuristica,azul,1,3,17,30,0,30.0000,0.1176,484,24,438,22
446,744905077,vermelho,verde,art3miz_0.1,vermelho,0,-3,24,180,120,1.5000,0.2174,682,160,374,148
446,744905077,vermelho,vermelho,heuristica,vermelho,1,3,24,90,60,1.5000,0.0417,626,79,472,75
446,744905077,vermelho,azul,heuristica,vermelho,0,-3,24,30,120,0.2500,0.3077,516,104,313,99
447,1994270146,azul,verde,art3miz_0.1,verde,1,3,14,30,30,1.0000,0.1538,121,26,70,25
447,1994270146,azul,vermelho,heuristica,verde,0,-3,14,90,120,0.7500,0.0000,324,73,183,68
447,1994270146,azul,azul,heuristica,verde,0,-3,14,150,120,1.2500,0.0000,542,124,303,115
448,164773497,verde,verde,art3miz_0.1,verde,1,3,17,10,0,10.0000,0.1176,291,81,162,48
448,164773497,verde,vermelho,heuristica,verde,0,-3,17,120,100,1.2000,0.2500,798,201,398,199
448,164773497,verde,azul,heuristica,verde,0,-3,17,90,120,0.7500,0.4615,561,121,317,123
449,1649528846,vermelho,verde,art3miz_0.1,vermelho,0,-3,23,90,120,0.7500,0.0000,265,79,111,75
449,1649528846,vermelho,vermelho,heuristica,vermelho,1,3,23,30,30,1.0000,0.0000,616,26,565,25
449,1649528846,vermelho,azul,heuristica,vermelho,0,-3,23,150,120,1.2500,0.0455,928,187,544,197
450,8261800,azul,verde,art3miz_0.1,vermelho,0,-3,18,70,100,0.7000,0.1429,357,130,155,72
450,8261800,azul,vermelho,heuristica,vermelho,1,3,18,60,30,2.0000,0.3529,543,82,390,71
450,8261800,azul,azul,heuristica,vermelho,0,-3,18,100,100,1.0000,0.2353,582,123,368,91
451,1520873105,verde,verde,art3miz_0.1,vermelho,0,-3,16,90,120,0.7500,0.0000,238,72,97,69
451,1520873105,verde,vermelho,heuristica,vermelho,1,3,16,30,30,1.0000,0.0000,463,26,412,25
451,1520873105,verde,azul,heuristica,vermelho,0,-3,16,150,120,1.2500,0.0000,697,165,366,166
452,189695113,vermelho,verde,art3miz_0.1,vermelho,0,-3,30,150,120,1.2500,0.0345,406,94,228,84
452,189695113,vermelho,vermelho,heuristica,vermelho,1,3,30,30,30,1.0000,0.0333,704,23,661,20
452,189695113,vermelho,azul,heuristica,vermelho,0,-3,30,90,120,0.7500,0.0000,224,60,108,56
453,2050012462,azul,verde,art3miz_0.1,vermelho,0,-3,15,150,120,1.2500,0.0000,448,132,194,122
453,2050012462,azul,vermelho,heuristica,vermelho,1,3,15,30,30,1.0000,0.0714,367,27,315,25
453,2050012462,azul,azul,heuristica,vermelho,0,-3,15,90,120,0.7500,0.0000,355,104,151,100
454,105099442,verde,verde,art3miz_0.1,azul,0,-3,12,150,120,1.2500,0.0000,478,134,221,123
454,105099442,verde,vermelho,heuristica,azul,0,-3,12,90,120,0.7500,0.0000,350,79,196,75
454,105099442,verde,azul,heuristica,azul,1,3,12,30,30,1.0000,0.0000,341,27,289,25
455,898790568,vermelho,verde,art3miz_0.1,verde,1,3,12,20,30,0.6667,0.0909,159,27,107,25
455,898790568,vermelho,vermelho,heuristica,verde,0,-3,12,150,110,1.3636,0.0909,537,132,280,125
455,898790568,vermelho,azul,heuristica,verde,0,-3,12,90,120,0.7500,0.0000,330,104,126,100
456,2054871234,azul,verde,art3miz_0.1,azul,0,-3,15,120,120,1.0000,0.0000,306,81,151,74
456,2054871234,azul,vermelho,heuristica,azul,0,-3,15,90,120,0.7500,0.0000,332,79,178,75
456,2054871234,azul,azul,heuristica,azul,1,3,15,30,0,30.0000,0.0000,430,27,378,25
457,567165131,verde,verde,art3miz_0.1,verde,1,3,14,30,30,1.0000,0.1429,147,26,96,25
457,567165131,verde,vermelho,heuristica,verde,0,-3,14,90,120,0.7500,0.0000,359,95,170,94
457,567165131,verde,azul,heuristica,verde,0,-3,14,150,120,1.2500,0.0000,600,148,308,144
458,1506506545,vermelho,verde,art3miz_0.1,verde,1,3,11,30,30,1.0000,0.0000,132,22,93,17
458,1506506545,vermelho,vermelho,heuristica,verde,0,-3,11,140,120,1.1667,0.4000,520,141,240,139
458,1506506545,vermelho,azul,heuristica,verde,0,-3,11,90,110,0.8182,0.6667,338,93,148,97
459,338695334,azul,verde,art3miz_0.1,empate,0,-1,100,0,0,0.0000,0.0101,1744,49,1695,0
459,338695334,azul,vermelho,heuristica,empate,0,-1,100,0,0,0.0000,0.0000,1997,49,1948,0
459,338695334,azul,azul,heuristica,empate,0,-1,100,0,0,0.0000,0.0000,2187,0,2187,0
460,369462903,verde,verde,art3miz_0.1,vermelho,0,-3,11,120,120,1.0000,0.0000,516,195,200,121
460,369462903,verde,vermelho,heuristica,vermelho,1,3,11,30,0,30.0000,0.0000,357,41,269,47
460,369462903,verde,azul,heuristica,vermelho,0,-3,11,90,120,0.7500,0.1250,453,151,184,118
461,1639586025,vermelho,verde,art3miz_0.1,azul,0,-3,21,90,120,0.7500,0.0000,511,103,343,65
461,1639586025,vermelho,vermelho,heuristica,azul,0,-3,21,150,120,1.2500,0.0476,882,258,478,146
461,1639586025,vermelho,azul,heuristica,azul,1,3,21,60,60,1.0000,0.0476,587,83,458,46
462,1094686237,azul,verde,art3miz_0.1,empate,0,-1,100,120,90,1.3333,0.0000,2153,137,1930,86
462,1094686237,azul,vermelho,heuristica,empate,0,-1,100,0,0,0.0000,0.0000,2070,42,2028,0
462,1094686237,azul,azul,heuristica,empate,0,-1,100,90,120,0.7500,0.2000,374,83,213,78
463,616728145,verde,verde,art3miz_0.1,empate,0,-1,100,0,0,0.0000,0.0000,2088,47,2041,0
463,616728145,verde,vermelho,heuristica,empate,0,-1,100,0,0,0.0000,0.0100,2581,0,2581,0
463,616728145,verde,azul,heuristica,empate,0,-1,100,0,0,0.0000,0.0000,1720,0,1720,0
464,1665972581,vermelho,verde,art3miz_0.1,vermelho,0,-3,21,60,110,0.5455,0.1429,327,76,183,68
464,1665972581,vermelho,vermelho,heuristica,vermelho,1,3,21,60,30,2.0000,0.0000,676,88,498,90
464,1665972581,vermelho,azul,heuristica,vermelho,0,-3,21,140,120,1.1667,0.2500,704,144,423,137
465,1342328242,azul,verde,art3miz_0.1,vermelho,0,-3,26,120,120,1.0000,0.0000,536,108,328,100
465,1342328242,azul,vermelho,heuristica,vermelho,1,3,26,30,0,30.0000,0.0400,730,49,631,50
465,1342328242,azul,azul,heuristica,vermelho,0,-3,26,90,120,0.7500,0.0000,548,95,353,100
466,1649972298,verde,verde,art3miz_0.1,vermelho,0,-3,14,90,120,0.7500,0.0000,252,79,99,74
466,1649972298,verde,vermelho,heuristica,vermelho,1,3,14,30,30,1.0000,0.0714,533,99,334,100
466,1649972298,verde,azul,heuristica,vermelho,0,-3,14,150,120,1.2500,0.0000,604,154,303,147
467,2086780469,vermelho,verde,art3miz_0.1,vermelho,0,-3,13,90,120,0.7500,0.2857,240,77,89,74
467,2086780469,vermelho,vermelho,heuristica,vermelho,1,3,13,30,30,1.0000,0.0769,419,62,286,71
467,2086780469,vermelho,azul,heuristica,vermelho,0,-3,13,150,120,1.2500,0.0833,643,188,286,169
468,1112072917,azul,verde,art3miz_0.1,azul,0,-3,23,110,120,0.9167,0.2727,548,130,293,125
468,1112072917,azul,vermelho,heuristica,azul,0,-3,23,90,110,0.8182,0.2143,508,94,314,100
468,1112072917,azul,azul,heuristica,azul,1,3,23,30,0,30.0000,0.0000,478,28,425,25
469,223052448,verde,verde,art3miz_0.1,verde,1,3,14,30,30,1.0000,0.0000,174,27,122,25
469,223052448,verde,vermelho,heuristica,verde,0,-3,14,90,120,0.7500,0.1111,369,89,191,89
469,223052448,verde,azul,heuristica,verde,0,-3,14,150,120,1.2500,0.0000,523,120,292,111
470,1629194997,vermelho,verde,art3miz_0.1,azul,0,-3,24,90,120,0.7500,0.0000,255,77,105,73
470,1629194997,vermelho,vermelho,heuristica,azul,0,-3,24,150,120,1.2500,0.0417,781,119,551,111
470,1629194997,vermelho,azul,heuristica,azul,1,3,24,30,30,1.0000,0.0833,492,18,458,16
471,2020547047,azul,verde,art3miz_0.1,azul,0,-3,25,90,120,0.7500,0.0588,304,78,151,75
471,2020547047,azul,vermelho,heuristica,azul,0,-3,25,150,120,1.2500,0.0000,897,149,598,150
471,2020547047,azul,azul,heuristica,azul,1,3,25,30,30,1.0000,0.0000,689,26,638,25
472,1561709938,verde,verde,art3miz_0.1,vermelho,0,-3,11,70,120,0.5833,0.1111,239,76,94,69
472,1561709938,verde,vermelho,heuristica,vermelho,1,3,11,30,0,30.0000,0.0000,290,26,240,24
472,1561709938,verde,azul,heuristica,vermelho,0,-3,11,120,100,1.2000,0.2000,422,95,239,88
473,34472910,vermelho,verde,art3miz_0.1,verde,1,3,34,60,60,1.0000,0.0303,330,54,229,47
473,34472910,vermelho,vermelho,heuristica,verde,0,-3,34,180,120,1.5000,0.0909,1074,150,784,140
473,34472910,vermelho,azul,heuristica,verde,0,-3,34,60,120,0.5000,0.0000,306,79,152,75
474,1889495832,azul,verde,art3miz_0.1,azul,0,-3,16,50,100,0.5000,0.6250,251,82,95,74
474,1889495832,azul,vermelho,heuristica,azul,0,-3,16,160,110,1.4545,0.5333,675,174,328,173
474,1889495832,azul,azul,heuristica,azul,1,3,16,60,60,1.0000,0.0000,484,59,369,56
475,2075334735,verde,verde,art3miz_0.1,vermelho,0,-3,13,120,110,1.0909,0.3077,363,107,157,99
475,2075334735,verde,vermelho,heuristica,vermelho,1,3,13,30,0,30.0000,0.1538,420,53,317,50
475,2075334735,verde,azul,heuristica,vermelho,0,-3,13,80,120,0.6667,0.2000,434,95,241,98
476,518344282,vermelho,verde,art3miz_0.1,vermelho,0,-3,16,80,110,0.7273,0.1667,423,132,191,100
476,518344282,vermelho,vermelho,heuristica,vermelho,1,3,16,20,40,0.5000,0.2500,587,100,390,97
476,518344282,vermelho,azul,heuristica,vermelho,0,-3,16,150,100,1.5000,0.4000,727,184,369,174
477,664865225,azul,verde,art3miz_0.1,verde,1,3,14,30,0,30.0000,0.0769,88,2,86,0
477,664865225,azul,vermelho,heuristica,verde,0,-3,14,70,120,0.5833,0.1667,334,97,144,93
477,664865225,azul,azul,heuristica,verde,0,-3,14,120,100,1.2000,0.4615,535,110,312,113
478,1713655207,verde,verde,art3miz_0.1,azul,0,-3,19,90,100,0.9000,0.5000,259,80,105,74
478,1713655207,verde,vermelho,heuristica,azul,0,-3,19,100,120,0.8333,0.2105,721,133,463,125
478,1713655207,verde,azul,heuristica,azul,1,3,19,30,0,30.0000,0.0526,509,26,460,23
479,927898304,vermelho,verde,art3miz_0.1,vermelho,0,-3,9,120,110,1.0909,0.3750,294,82,137,75
479,927898304,vermelho,vermelho,heuristica,vermelho,1,3,9,30,0,30.0000,0.0000,283,27,231,25
479,927898304,vermelho,azul,heuristica,vermelho,0,-3,9,80,120,0.6667,0.2000,280,79,126,75
480,512606905,azul,verde,art3miz_0.1,verde,1,3,14,60,10,6.0000,0.2308,312,82,157,73
480,512606905,azul,vermelho,heuristica,verde,0,-3,14,50,100,0.5000,0.2857,374,100,175,99
480,512606905,azul,azul,heuristica,verde,0,-3,14,110,110,1.0000,0.3846,625,159,317,149
481,741330521,verde,verde,art3miz_0.1,empate,0,-1,100,0,0,0.0000,0.0000,1647,72,1551,24
481,741330521,verde,vermelho,heuristica,empate,0,-1,100,0,0,0.0000,0.0000,2264,23,2217,24
481,741330521,verde,azul,heuristica,empate,0,-1,100,0,0,0.0000,0.4500,2401,0,2401,0
482,1245569230,vermelho,verde,art3miz_0.1,vermelho,0,-3,16,100,120,0.8333,0.2000,450,121,215,114
482,1245569230,vermelho,vermelho,heuristica,vermelho,1,3,16,30,0,30.0000,0.2500,476,53,373,50
482,1245569230,vermelho,azul,heuristica,vermelho,0,-3,16,90,100,0.9000,0.1667,276,71,139,66
483,1772636271,azul,verde,art3miz_0.1,azul,0,-3,47,90,120,0.7500,0.0000,459,103,262,94
483,1772636271,azul,vermelho,heuristica,azul,0,-3,47,150,120,1.2500,0.0217,1237,134,970,133
483,1772636271,azul,azul,heuristica,azul,1,3,47,30,30,1.0000,0.0851,1126,17,1093,16
484,439522726,verde,verde,art3miz_0.1,vermelho,0,-3,21,90,120,0.7500,0.0000,269,78,117,74
484,439522726,verde,vermelho,heuristica,vermelho,1,3,21,30,30,1.0000,0.0000,577,40,499,38
484,439522726,verde,azul,heuristica,vermelho,0,-3,21,150,120,1.2500,0.0500,774,146,481,147
485,1210558033,vermelho,verde,art3miz_0.1,azul,0,-3,30,120,110,1.0909,0.1034,373,80,218,75
485,1210558033,vermelho,vermelho,heuristica,azul,0,-3,30,90,120,0.7500,0.0000,468,98,273,97
485,1210558033,vermelho,azul,heuristica,azul,1,3,30,20,0,20.0000,0.0667,751,27,699,25
486,1816776073,azul,verde,art3miz_0.1,verde,1,3,17,30,30,1.0000,0.1875,308,31,252,25
486,1816776073,azul,vermelho,heuristica,verde,0,-3,17,90,100,0.9000,0.5556,486,149,219,118
486,1816776073,azul,azul,heuristica,verde,0,-3,17,130,120,1.0833,0.3750,820,232,391,197
487,808127244,verde,verde,art3miz_0.1,azul,0,-3,17,90,120,0.7500,0.0000,250,80,95,75
487,808127244,verde,vermelho,heuristica,azul,0,-3,17,150,120,1.2500,0.0588,773,174,424,175
487,808127244,verde,azul,heuristica,azul,1,3,17,30,30,1.0000,0.0588,524,49,425,50
488,69747369,vermelho,verde,art3miz_0.1,empate,0,-1,100,110,90,1.2222,0.0505,1828,131,1614,83
488,69747369,vermelho,vermelho,heuristica,empate,0,-1,100,90,110,0.8182,0.8571,849,81,707,61
488,69747369,vermelho,azul,heuristica,empate,0,-1,100,0,0,0.0000,0.0000,1994,46,1948,0
489,1668374150,azul,verde,art3miz_0.1,vermelho,0,-3,23,50,100,0.5000,0.3636,330,81,177,72
489,1668374150,azul,vermelho,heuristica,vermelho,1,3,23,60,60,1.0000,0.0455,687,89,506,92
489,1668374150,azul,azul,heuristica,vermelho,0,-3,23,160,110,1.4545,0.3182,916,216,495,205
490,1304348503,verde,verde,art3miz_0.1,vermelho,0,-3,20,90,120,0.7500,0.0000,230,75,85,70
490,1304348503,verde,vermelho,heuristica,vermelho,1,3,20,30,30,1.0000,0.0000,560,27,508,25
490,1304348503,verde,azul,heuristica,vermelho,0,-3,20,150,120,1.2500,0.0526,668,116,443,109
491,133541920,vermelho,verde,art3miz_0.1,azul,0,-3,13,120,120,1.0000,0.1667,478,127,236,115
491,133541920,vermelho,vermelho,heuristica,azul,0,-3,13,60,120,0.5000,0.0000,408,75,262,71
491,133541920,vermelho,azul,heuristica,azul,1,3,13,90,30,3.0000,0.0000,472,104,293,75
492,1603595673,azul,verde,art3miz_0.1,vermelho,0,-3,22,150,100,1.5000,0.1429,662,182,315,165
492,1603595673,azul,vermelho,heuristica,vermelho,1,3,22,10,30,0.3333,0.1429,625,52,523,50
492,1603595673,azul,azul,heuristica,vermelho,0,-3,22,90,120,0.7500,0.0833,519,121,280,118
493,1118675268,verde,verde,art3miz_0.1,azul,0,-3,14,120,120,1.0000,0.0000,315,82,158,75
493,1118675268,verde,vermelho,heuristica,azul,0,-3,14,90,120,0.7500,0.0000,280,79,126,75
493,1118675268,verde,azul,heuristica,azul,1,3,14,30,0,30.0000,0.0714,401,27,349,25
494,1097557813,vermelho,verde,art3miz_0.1,vermelho,0,-3,18,90,120,0.7500,0.0000,259,79,105,75
494,1097557813,vermelho,vermelho,heuristica,vermelho,1,3,18,30,0,30.0000,0.0000,466,29,405,32
494,1097557813,vermelho,azul,heuristica,vermelho,0,-3,18,120,120,1.0000,0.0000,623,121,378,124
495,1791619833,azul,verde,art3miz_0.1,vermelho,0,-3,25,60,120,0.5000,0.0000,259,80,104,75
495,1791619833,azul,vermelho,heuristica,vermelho,1,3,25,60,60,1.0000,0.0417,635,40,558,37
495,1791619833,azul,azul,heuristica,vermelho,0,-3,25,180,120,1.5000,0.0417,808,131,551,126
496,1967010406,verde,verde,art3miz_0.1,vermelho,0,-3,16,110,120,0.9167,0.1250,396,97,210,89
496,1967010406,verde,vermelho,heuristica,vermelho,1,3,16,30,0,30.0000,0.1250,436,19,400,17
496,1967010406,verde,azul,heuristica,vermelho,0,-3,16,90,110,0.8182,0.0833,423,72,283,68
497,717339568,vermelho,verde,art3miz_0.1,empate,0,-1,100,0,0,0.0000,0.0000,4180,1155,1969,1056
497,717339568,vermelho,vermelho,heuristica,empate,0,-1,100,0,0,0.0000,0.0000,2447,0,2447,0
497,717339568,vermelho,azul,heuristica,empate,0,-1,100,0,0,0.0000,0.0000,2346,2,2344,0
498,671962700,azul,verde,art3miz_0.1,verde,1,3,16,30,30,1.0000,0.2000,124,28,71,25
498,671962700,azul,vermelho,heuristica,verde,0,-3,16,140,110,1.2727,0.2857,604,131,348,125
498,671962700,azul,azul,heuristica,verde,0,-3,16,80,110,0.7273,0.3750,402,101,201,100
499,718487412,verde,verde,art3miz_0.1,vermelho,0,-3,20,90,120,0.7500,0.0000,357,95,171,91
499,718487412,verde,vermelho,heuristica,vermelho,1,3,20,30,30,1.0000,0.1000,592,65,461,66
499,718487412,verde,azul,heuristica,vermelho,0,-3,20,150,120,1.2500,0.0000,803,189,439,175
500,244965602,vermelho,verde,art3miz_0.1,azul,0,-3,29,150,120,1.2500,0.1071,711,181,362,168
500,244965602,vermelho,vermelho,heuristica,azul,0,-3,29,90,120,0.7500,0.0000,281,79,127,75
500,244965602,vermelho,azul,heuristica,azul,1,3,29,30,30,1.0000,0.1034,694,27,642,25
501,689613760,azul,verde,art3miz_0.1,azul,0,-3,65,90,120,0.7500,0.0588,247,69,112,66
501,689613760,azul,vermelho,heuristica,azul,0,-3,65,150,120,1.2500,0.0625,1855,159,1533,163
501,689613760,azul,azul,heuristica,azul,1,3,65,30,30,1.0000,0.0154,1191,26,1140,25
502,201796813,verde,verde,art3miz_0.1,verde,1,3,13,20,0,20.0000,0.0000,74,2,72,0
502,201796813,verde,vermelho,heuristica,verde,0,-3,13,120,110,1.0909,0.2500,556,130,301,125
502,201796813,verde,azul,heuristica,verde,0,-3,13,90,120,0.7500,0.3333,432,104,228,100
503,2095621178,vermelho,verde,art3miz_0.1,verde,1,3,15,30,20,1.5000,0.0714,258,33,200,25
503,2095621178,vermelho,vermelho,heuristica,verde,0,-3,15,140,110,1.2727,0.2143,682,178,354,150
503,2095621178,vermelho,azul,heuristica,verde,0,-3,15,80,120,0.6667,0.2000,470,122,248,100
504,512691303,azul,verde,art3miz_0.1,vermelho,0,-3,34,120,120,1.0000,0.0909,686,132,429,125
504,512691303,azul,vermelho,heuristica,vermelho,1,3,34,30,0,30.0000,0.0000,700,27,648,25
504,512691303,azul,azul,heuristica,vermelho,0,-3,34,90,120,0.7500,0.1333,568,103,366,99
505,520339085,verde,verde,art3miz_0.1,verde,1,3,14,30,30,1.0000,0.1429,176,26,127,23
505,520339085,verde,vermelho,heuristica,verde,0,-3,14,90,120,0.7500,0.0000,367,78,215,74
505,520339085,verde,azul,heuristica,verde,0,-3,14,150,120,1.2500,0.0000,510,112,292,106
506,319236723,vermelho,verde,art3miz_0.1,verde,1,3,16,30,30,1.0000,0.0667,124,28,71,25
506,319236723,vermelho,vermelho,heuristica,verde,0,-3,16,130,110,1.1818,0.2667,671,155,367,149
506,319236723,vermelho,azul,heuristica,verde,0,-3,16,80,100,0.8000,0.8333,358,106,152,100
507,1680688708,azul,verde,art3miz_0.1,vermelho,0,-3,20,50,100,0.5000,0.5000,245,74,102,69
507,1680688708,azul,vermelho,heuristica,vermelho,1,3,20,60,30,2.0000,0.1053,527,40,450,37
507,1680688708,azul,azul,heuristica,vermelho,0,-3,20,130,110,1.1818,0.2632,670,134,411,125
508,887407502,verde,verde,art3miz_0.1,azul,0,-3,48,120,120,1.0000,0.0000,646,107,440,99
508,887407502,verde,vermelho,heuristica,azul,0,-3,48,90,120,0.7500,0.0000,487,92,298,97
508,887407502,verde,azul,heuristica,azul,1,3,48,30,0,30.0000,0.0000,1041,27,989,25
509,191222333,vermelho,verde,art3miz_0.1,vermelho,0,-3,19,110,120,0.9167,0.1667,343,81,191,71
509,191222333,vermelho,vermelho,heuristica,vermelho,1,3,19,30,0,30.0000,0.0000,490,23,448,19
509,191222333,vermelho,azul,heuristica,vermelho,0,-3,19,90,110,0.8182,0.5000,295,78,143,74
510,608521437,azul,verde,art3miz_0.1,vermelho,0,-3,18,80,120,0.6667,0.2222,272,79,118,75
510,608521437,azul,vermelho,heuristica,vermelho,1,3,18,30,30,1.0000,0.1765,450,28,397,25
510,608521437,azul,azul,heuristica,vermelho,0,-3,18,150,110,1.3636,0.1176,708,150,409,149
511,656961761,verde,verde,art3miz_0.1,vermelho,0,-3,17,90,120,0.7500,0.0000,277,81,121,75
511,656961761,verde,vermelho,heuristica,vermelho,1,3,17,30,30,1.0000,0.1176,469,26,419,24
511,656961761,verde,azul,heuristica,vermelho,0,-3,17,150,120,1.2500,0.0625,656,130,402,124
512,310149982,vermelho,verde,art3miz_0.1,empate,0,-1,100,0,0,0.0000,0.0000,2093,49,2044,0
512,310149982,vermelho,vermelho,heuristica,empate,0,-1,100,0,0,0.0000,0.0000,2053,48,2005,0
512,310149982,vermelho,azul,heuristica,empate,0,-1,100,0,0,0.0000,0.0100,2410,0,2410,0
513,1141277885,azul,verde,art3miz_0.1,verde,1,3,19,30,0,30.0000,0.0000,98,2,96,0
513,1141277885,azul,vermelho,heuristica,verde,0,-3,19,100,120,0.8333,0.2353,627,106,421,100
513,1141277885,azul,azul,heuristica,verde,0,-3,19,90,100,0.9000,0.5000,345,94,151,100
514,1226790344,verde,verde,art3miz_0.1,vermelho,0,-3,13,120,120,1.0000,0.0769,312,82,155,75
514,1226790344,verde,vermelho,heuristica,vermelho,1,3,13,30,0,30.0000,0.0000,416,49,317,50
514,1226790344,verde,azul,heuristica,vermelho,0,-3,13,90,120,0.7500,0.0000,306,79,152,75
515,1535129199,vermelho,verde,art3miz_0.1,vermelho,0,-3,19,150,120,1.2500,0.0000,468,122,237,109
515,1535129199,vermelho,vermelho,heuristica,vermelho,1,3,19,30,30,1.0000,0.0000,571,43,478,50
515,1535129199,vermelho,azul,heuristica,vermelho,0,-3,19,90,120,0.7500,0.0833,436,76,291,69
516,1150841547,azul,verde,art3miz_0.1,verde,1,3,16,30,0,30.0000,0.0000,193,29,139,25
516,1150841547,azul,vermelho,heuristica,verde,0,-3,16,110,120,0.9167,0.0714,596,119,352,125
516,1150841547,azul,azul,heuristica,verde,0,-3,16,90,110,0.8182,0.3333,459,78,306,75
517,1165334641,verde,verde,art3miz_0.1,empate,0,-1,100,0,0,0.0000,0.0000,2065,49,2016,0
517,1165334641,verde,vermelho,heuristica,empate,0,-1,100,0,0,0.0000,0.0000,2021,49,1972,0
517,1165334641,verde,azul,heuristica,empate,0,-1,100,0,0,0.0000,0.0100,2130,0,2130,0
518,681806193,vermelho,verde,art3miz_0.1,vermelho,0,-3,12,90,120,0.7500,0.2000,260,81,104,75
518,681806193,vermelho,vermelho,heuristica,vermelho,1,3,12,30,30,1.0000,0.0000,326,29,272,25
518,681806193,vermelho,azul,heuristica,vermelho,0,-3,12,150,120,1.2500,0.0000,527,133,270,124
519,1279852028,azul,verde,art3miz_0.1,vermelho,0,-3,9,90,120,0.7500,0.0000,238,80,83,75
519,1279852028,azul,vermelho,heuristica,vermelho,1,3,9,30,0,30.0000,0.2500,284,44,192,48
519,1279852028,azul,azul,heuristica,vermelho,0,-3,9,120,120,1.0000,0.0000,408,105,203,100
520,927686692,verde,verde,art3miz_0.1,verde,1,3,36,30,30,1.0000,0.1667,401,27,350,24
520,927686692,verde,vermelho,heuristica,verde,0,-3,36,150,120,1.2500,0.0000,1059,139,782,138
520,927686692,verde,azul,heuristica,verde,0,-3,36,90,120,0.7500,0.0000,459,93,281,85
521,1035302288,vermelho,verde,art3miz_0.1,azul,0,-3,17,90,120,0.7500,0.1538,346,103,150,93
521,1035302288,vermelho,vermelho,heuristica,azul,0,-3,17,150,120,1.2500,0.0588,741,164,414,163
521,1035302288,vermelho,azul,heuristica,azul,1,3,17,30,30,1.0000,0.0588,485,27,433,25
522,984794711,azul,verde,art3miz_0.1,verde,1,3,23,60,30,2.0000,0.0455,228,45,143,40
522,984794711,azul,vermelho,heuristica,verde,0,-3,23,150,120,1.2500,0.0000,754,142,473,139
522,984794711,azul,azul,heuristica,verde,0,-3,23,60,120,0.5000,0.1000,395,77,244,74
523,327484689,verde,verde,art3miz_0.1,empate,0,-1,100,0,0,0.0000,0.0000,1443,1,1442,0
523,327484689,verde,vermelho,heuristica,empate,0,-1,100,0,0,0.0000,0.0000,2454,0,2454,0
523,327484689,verde,azul,heuristica,empate,0,-1,100,0,0,0.0000,0.0000,2505,2,2503,0
524,386297152,vermelho,verde,art3miz_0.1,vermelho,0,-3,15,120,120,1.0000,0.0000,405,95,225,85
524,386297152,vermelho,vermelho,heuristica,vermelho,1,3,15,30,0,30.0000,0.0667,402,28,349,25
524,386297152,vermelho,azul,heuristica,vermelho,0,-3,15,90,120,0.7500,0.0000,304,66,176,62
525,349317291,azul,verde,art3miz_0.1,vermelho,0,-3,21,150,120,1.2500,0.0500,544,131,294,119
525,349317291,azul,vermelho,heuristica,vermelho,1,3,21,30,30,1.0000,0.0000,464,27,412,25
525,349317291,azul,azul,heuristica,vermelho,0,-3,21,90,120,0.7500,0.0000,398,88,222,88
526,2000841264,verde,verde,art3miz_0.1,azul,0,-3,23,90,110,0.8182,0.0769,345,81,189,75
526,2000841264,verde,vermelho,heuristica,azul,0,-3,23,110,120,0.9167,0.1304,897,170,562,165
526,2000841264,verde,azul,heuristica,azul,1,3,23,30,0,30.0000,0.0435,619,34,553,32
527,1679114366,vermelho,verde,art3miz_0.1,verde,1,3,15,50,50,1.0000,0.2143,288,79,136,73
527,1679114366,vermelho,vermelho,heuristica,verde,0,-3,15,150,100,1.5000,0.7857,758,205,353,200
527,1679114366,vermelho,azul,heuristica,verde,0,-3,15,50,100,0.5000,0.5714,434,133,176,125
528,54272465,azul,verde,art3miz_0.1,vermelho,0,-3,11,120,120,1.0000,0.0000,301,82,144,75
528,54272465,azul,vermelho,heuristica,vermelho,1,3,11,30,0,30.0000,0.1000,261,26,210,25
528,54272465,azul,azul,heuristica,vermelho,0,-3,11,90,120,0.7500,0.0000,280,79,126,75
529,2003592322,verde,verde,art3miz_0.1,azul,0,-3,26,120,120,1.0000,0.0000,519,108,311,100
529,2003592322,verde,vermelho,heuristica,azul,0,-3,26,90,120,0.7500,0.0000,523,101,322,100
529,2003592322,verde,azul,heuristica,azul,1,3,26,30,0,30.0000,0.0000,440,27,388,25
530,1331448970,vermelho,verde,art3miz_0.1,azul,0,-3,20,90,120,0.7500,0.0000,295,81,139,75
530,1331448970,vermelho,vermelho,heuristica,azul,0,-3,20,120,120,1.0000,0.0000,721,126,471,124
530,1331448970,vermelho,azul,heuristica,azul,1,3,20,30,0,30.0000,0.0000,513,29,452,32
531,482643454,azul,verde,art3miz_0.1,azul,0,-3,17,80,120,0.6667,0.5000,422,133,164,125
531,482643454,azul,vermelho,heuristica,azul,0,-3,17,150,110,1.3636,0.4375,793,199,397,197
531,482643454,azul,azul,heuristica,azul,1,3,17,30,30,1.0000,0.0000,417,41,330,46
532,1779565378,verde,verde,art3miz_0.1,azul,0,-3,16,90,120,0.7500,0.0000,254,78,101,75
532,1779565378,verde,vermelho,heuristica,azul,0,-3,16,150,120,1.2500,0.0000,660,131,404,125
532,1779565378,verde,azul,heuristica,azul,1,3,16,30,30,1.0000,0.0625,420,26,370,24
533,2054481438,vermelho,verde,art3miz_0.1,verde,1,3,33,10,0,10.0000,0.0938,332,30,277,25
533,2054481438,vermelho,vermelho,heuristica,verde,0,-3,33,120,100,1.2000,0.0625,982,126,733,123
533,2054481438,vermelho,azul,heuristica,verde,0,-3,33,90,120,0.7500,0.0000,311,70,176,65
534,1078675238,azul,verde,art3miz_0.1,azul,0,-3,18,120,120,1.0000,0.1176,422,106,220,96
534,1078675238,azul,vermelho,heuristica,azul,0,-3,18,90,120,0.7500,0.0000,417,99,224,94
534,1078675238,azul,azul,heuristica,azul,1,3,18,30,0,30.0000,0.0000,502,49,403,50
535,843908336,verde,verde,art3miz_0.1,vermelho,0,-3,13,60,110,0.5455,0.3846,446,112,234,100
535,843908336,verde,vermelho,heuristica,vermelho,1,3,13,230,90,2.5556,0.6154,838,262,326,250
535,843908336,verde,azul,heuristica,vermelho,0,-3,13,30,120,0.2500,0.0000,377,101,176,100
536,681987113,vermelho,verde,art3miz_0.1,azul,0,-3,20,90,120,0.7500,0.0000,263,81,107,75
536,681987113,vermelho,vermelho,heuristica,azul,0,-3,20,190,120,1.5833,0.0500,955,226,505,224
536,681987113,vermelho,azul,heuristica,azul,1,3,20,30,70,0.4286,0.3500,620,69,483,68
537,1423106760,azul,verde,art3miz_0.1,vermelho,0,-3,14,150,120,1.2500,0.0000,387,111,176,100
537,1423106760,azul,vermelho,heuristica,vermelho,1,3,14,30,30,1.0000,0.0000,340,27,288,25
537,1423106760,azul,azul,heuristica,vermelho,0,-3,14,90,120,0.7500,0.0000,281,79,127,75
538,1079511724,verde,verde,art3miz_0.1,azul,0,-3,18,70,100,0.7000,0.2857,264,81,108,75
538,1079511724,verde,vermelho,heuristica,azul,0,-3,18,100,100,1.0000,0.1667,675,121,438,116
538,1079511724,verde,azul,heuristica,azul,1,3,18,30,0,30.0000,0.0556,436,18,402,16
539,419734749,vermelho,verde,art3miz_0.1,azul,0,-3,30,90,110,0.8182,0.0667,399,80,244,75
539,419734749,vermelho,vermelho,heuristica,azul,0,-3,30,110,120,0.9167,0.1000,986,128,733,125
539,419734749,vermelho,azul,heuristica,azul,1,3,30,30,0,30.0000,0.0333,754,23,712,19
540,1655343181,azul,verde,art3miz_0.1,azul,0,-3,16,90,120,0.7500,0.0769,349,80,194,75
540,1655343181,azul,vermelho,heuristica,azul,0,-3,16,120,120,1.0000,0.0667,624,132,367,125
540,1655343181,azul,azul,heuristica,azul,1,3,16,30,0,30.0000,0.0625,432,24,386,22
541,1499152475,verde,verde,art3miz_0.1,vermelho,0,-3,12,150,120,1.2500,0.2500,443,165,153,125
541,1499152475,verde,vermelho,heuristica,vermelho,1,3,12,80,70,1.1429,0.2500,609,183,301,125
541,1499152475,verde,azul,heuristica,vermelho,0,-3,12,80,120,0.6667,0.4545,516,134,282,100
542,1832667766,vermelho,verde,art3miz_0.1,verde,1,3,12,20,30,0.6667,0.0909,121,28,68,25
542,1832667766,vermelho,vermelho,heuristica,verde,0,-3,12,150,110,1.3636,0.1818,521,131,267,123
542,1832667766,vermelho,azul,heuristica,verde,0,-3,12,90,120,0.7500,0.0000,352,103,150,99
543,1264378068,azul,verde,art3miz_0.1,azul,0,-3,26,90,110,0.8182,0.0769,395,80,240,75
543,1264378068,azul,vermelho,heuristica,azul,0,-3,26,140,120,1.1667,0.1200,883,139,603,141
543,1264378068,azul,azul,heuristica,azul,1,3,26,30,30,1.0000,0.0000,656,18,622,16
544,1308472688,verde,verde,art3miz_0.1,verde,1,3,13,30,0,30.0000,0.1538,126,28,73,25
544,1308472688,verde,vermelho,heuristica,verde,0,-3,13,70,100,0.7000,0.1429,290,68,158,64
544,1308472688,verde,azul,heuristica,verde,0,-3,13,100,100,1.0000,0.3333,444,93,265,86
545,1643580531,vermelho,verde,art3miz_0.1,empate,0,-1,100,80,120,0.6667,0.2000,234,72,94,68
545,1643580531,vermelho,vermelho,heuristica,empate,0,-1,100,120,80,1.5000,0.0100,1891,101,1694,96
545,1643580531,vermelho,azul,heuristica,empate,0,-1,100,0,0,0.0000,0.0100,1747,0,1747,0
546,639957133,azul,verde,art3miz_0.1,vermelho,0,-3,18,110,120,0.9167,0.1176,412,109,203,100
546,639957133,azul,vermelho,heuristica,vermelho,1,3,18,30,0,30.0000,0.1176,467,27,415,25
546,639957133,azul,azul,heuristica,vermelho,0,-3,18,90,110,0.8182,0.1000,402,79,249,74
547,1965988595,verde,verde,art3miz_0.1,azul,0,-3,19,90,120,0.7500,0.0000,250,78,97,75
547,1965988595,verde,vermelho,heuristica,azul,0,-3,19,120,120,1.0000,0.0000,723,141,437,145
547,1965988595,verde,azul,heuristica,azul,1,3,19,30,0,30.0000,0.0000,491,27,439,25
548,785624668,vermelho,verde,art3miz_0.1,vermelho,0,-3,15,80,120,0.6667,0.3000,297,79,143,75
548,785624668,vermelho,vermelho,heuristica,vermelho,1,3,15,20,0,20.0000,0.2000,453,43,362,48
548,785624668,vermelho,azul,heuristica,vermelho,0,-3,15,120,100,1.2000,0.4286,604,130,349,125
549,474626655,azul,verde,art3miz_0.1,azul,0,-3,14,110,120,0.9167,0.2308,299,81,144,74
549,474626655,azul,vermelho,heuristica,azul,0,-3,14,90,110,0.8182,0.3000,384,78,232,74
549,474626655,azul,azul,heuristica,azul,1,3,14,30,0,30.0000,0.2143,434,38,352,44
550,1347717309,verde,verde,art3miz_0.1,azul,0,-3,17,90,120,0.7500,0.2222,222,70,87,65
550,1347717309,verde,vermelho,heuristica,azul,0,-3,17,150,120,1.2500,0.0000,646,119,415,112
550,1347717309,verde,azul,heuristica,azul,1,3,17,30,30,1.0000,0.0000,456,26,405,25
551,1940104168,vermelho,verde,art3miz_0.1,vermelho,0,-3,14,140,120,1.1667,0.0000,384,107,177,100
551,1940104168,vermelho,vermelho,heuristica,vermelho,1,3,14,30,20,1.5000,0.0714,387,27,335,25
551,1940104168,vermelho,azul,heuristica,vermelho,0,-3,14,90,120,0.7500,0.0000,377,101,176,100
552,1153931505,azul,verde,art3miz_0.1,azul,0,-3,23,90,120,0.7500,0.1250,301,81,146,74
552,1153931505,azul,vermelho,heuristica,azul,0,-3,23,150,120,1.2500,0.0909,715,130,459,126
552,1153931505,azul,azul,heuristica,azul,1,3,23,30,30,1.0000,0.0870,536,17,503,16
553,2144325616,verde,verde,art3miz_0.1,verde,1,3,18,30,0,30.0000,0.0000,205,29,151,25
553,2144325616,verde,vermelho,heuristica,verde,0,-3,18,120,120,1.0000,0.0000,636,116,407,113
553,2144325616,verde,azul,heuristica,verde,0,-3,18,90,120,0.7500,0.0000,427,92,249,86
554,30024536,vermelho,verde,art3miz_0.1,empate,0,-1,100,90,120,0.7500,0.1818,203,61,88,54
554,30024536,vermelho,vermelho,heuristica,empate,0,-1,100,0,0,0.0000,0.0100,2312,22,2290,0
554,30024536,vermelho,azul,heuristica,empate,0,-1,100,120,90,1.3333,0.0100,1803,107,1620,76
555,1910399178,azul,verde,art3miz_0.1,verde,1,3,12,30,30,1.0000,0.1818,153,26,103,24
555,1910399178,azul,vermelho,heuristica,verde,0,-3,12,90,120,0.7500,0.1667,299,78,146,75
555,1910399178,azul,azul,heuristica,verde,0,-3,12,150,120,1.2500,0.0000,529,131,275,123
556,1783435411,verde,verde,art3miz_0.1,vermelho,0,-3,15,90,120,0.7500,0.0000,265,79,111,75
556,1783435411,verde,vermelho,heuristica,vermelho,1,3,15,30,30,1.0000,0.1333,393,38,317,38
556,1783435411,verde,azul,heuristica,vermelho,0,-3,15,150,120,1.2500,0.0000,646,147,351,148
557,2033767092,vermelho,verde,art3miz_0.1,verde,1,3,19,120,90,1.3333,0.0556,534,169,265,100
557,2033767092,vermelho,vermelho,heuristica,verde,0,-3,19,120,120,1.0000,0.0000,621,106,415,100
557,2033767092,vermelho,azul,heuristica,verde,0,-3,19,90,120,0.7500,0.0000,584,117,377,90
558,1903858974,azul,verde,art3miz_0.1,vermelho,0,-3,14,60,120,0.5000,0.0909,269,109,110,50
558,1903858974,azul,vermelho,heuristica,vermelho,1,3,14,120,30,4.0000,0.0000,631,184,326,121
558,1903858974,azul,azul,heuristica,vermelho,0,-3,14,90,120,0.7500,0.0000,549,117,311,121
559,1761344236,verde,verde,art3miz_0.1,vermelho,0,-3,15,120,120,1.0000,0.0667,321,80,166,75
559,1761344236,verde,vermelho,heuristica,vermelho,1,3,15,30,0,30.0000,0.1333,416,27,364,25
559,1761344236,verde,azul,heuristica,vermelho,0,-3,15,90,120,0.7500,0.1250,396,96,200,100
560,822547579,vermelho,verde,art3miz_0.1,vermelho,0,-3,28,90,120,0.7500,0.0000,399,79,246,74
560,822547579,vermelho,vermelho,heuristica,vermelho,1,3,28,30,30,1.0000,0.0357,742,27,691,24
560,822547579,vermelho,azul,heuristica,vermelho,0,-3,28,150,120,1.2500,0.0370,906,138,627,141
561,369036526,azul,verde,art3miz_0.1,vermelho,0,-3,64,180,120,1.5000,0.0635,795,181,450,164
561,369036526,azul,vermelho,heuristica,vermelho,1,3,64,30,60,0.5000,0.0317,870,49,774,47
561,369036526,azul,azul,heuristica,vermelho,0,-3,64,90,120,0.7500,0.0000,382,105,177,100
562,385294681,verde,verde,art3miz_0.1,vermelho,0,-3,25,150,120,1.2500,0.0800,607,143,325,139
562,385294681,verde,vermelho,heuristica,vermelho,1,3,25,30,30,1.0000,0.0400,654,52,554,48
562,385294681,verde,azul,heuristica,vermelho,0,-3,25,90,120,0.7500,0.0000,331,94,139,98
563,1351163531,vermelho,verde,art3miz_0.1,azul,0,-3,17,120,120,1.0000,0.1250,482,108,274,100
563,1351163531,vermelho,vermelho,heuristica,azul,0,-3,17,90,120,0.7500,0.0769,521,95,326,100
563,1351163531,vermelho,azul,heuristica,azul,1,3,17,30,0,30.0000,0.0000,492,27,440,25
564,788961864,azul,verde,art3miz_0.1,vermelho,0,-3,22,90,120,0.7500,0.0909,316,70,181,65
564,788961864,azul,vermelho,heuristica,vermelho,1,3,22,30,0,30.0000,0.0000,655,79,496,80
564,788961864,azul,azul,heuristica,vermelho,0,-3,22,120,120,1.0000,0.0952,740,122,503,115
565,503141246,verde,verde,art3miz_0.1,azul,0,-3,48,90,120,0.7500,0.1111,257,74,113,70
565,503141246,verde,vermelho,heuristica,azul,0,-3,48,150,120,1.2500,0.0417,1404,136,1131,137
565,503141246,verde,azul,heuristica,azul,1,3,48,30,30,1.0000,0.0833,1138,18,1104,16
566,1238521743,vermelho,verde,art3miz_0.1,azul,0,-3,40,150,110,1.3636,0.0769,762,146,471,145
566,1238521743,vermelho,vermelho,heuristica,azul,0,-3,40,90,120,0.7500,0.0769,534,104,330,100
566,1238521743,vermelho,azul,heuristica,azul,1,3,40,20,30,0.6667,0.0000,843,25,794,24
567,885807520,azul,verde,art3miz_0.1,vermelho,0,-3,14,140,120,1.1667,0.1538,394,105,193,96
567,885807520,azul,vermelho,heuristica,vermelho,1,3,14,60,30,2.0000,0.0000,465,67,323,75
567,885807520,azul,azul,heuristica,vermelho,0,-3,14,60,110,0.5455,0.5000,323,73,181,69
568,267902503,verde,verde,art3miz_0.1,verde,1,3,12,30,30,1.0000,0.0833,117,28,64,25
568,267902503,verde,vermelho,heuristica,verde,0,-3,12,140,120,1.1667,0.1818,531,129,277,125
568,267902503,verde,azul,heuristica,verde,0,-3,12,90,110,0.8182,0.2000,271,77,121,73
569,1922683726,vermelho,verde,art3miz_0.1,vermelho,0,-3,21,90,120,0.7500,0.0000,245,80,90,75
569,1922683726,vermelho,vermelho,heuristica,vermelho,1,3,21,30,30,1.0000,0.0000,566,32,502,32
569,1922683726,vermelho,azul,heuristica,vermelho,0,-3,21,150,120,1.2500,0.0500,720,123,481,116
570,2065365347,azul,verde,art3miz_0.1,azul,0,-3,15,120,120,1.0000,0.0000,389,101,189,99
570,2065365347,azul,vermelho,heuristica,azul,0,-3,15,90,120,0.7500,0.0000,332,86,161,85
570,2065365347,azul,azul,heuristica,azul,1,3,15,30,0,30.0000,0.0667,381,19,346,16
571,322353062,verde,verde,art3miz_0.1,vermelho,0,-3,20,90,120,0.7500,0.0000,417,120,211,86
571,322353062,verde,vermelho,heuristica,vermelho,1,3,20,30,0,30.0000,0.0000,510,33,452,25
571,322353062,verde,azul,heuristica,vermelho,0,-3,20,120,120,1.0000,0.0000,619,149,379,91
572,1785633287,vermelho,verde,art3miz_0.1,vermelho,0,-3,18,120,120,1.0000,0.0000,314,77,165,72
572,1785633287,vermelho,vermelho,heuristica,vermelho,1,3,18,30,0,30.0000,0.0556,505,27,453,25
572,1785633287,vermelho,azul,heuristica,vermelho,0,-3,18,90,120,0.7500,0.0000,311,85,137,89
573,753257138,azul,verde,art3miz_0.1,vermelho,0,-3,13,90,120,0.7500,0.0000,325,79,171,75
573,753257138,azul,vermelho,heuristica,vermelho,1,3,13,60,0,60.0000,0.0000,468,93,300,75
573,753257138,azul,azul,heuristica,vermelho,0,-3,13,90,120,0.7500,0.0000,403,79,249,75
574,1429681041,verde,verde,art3miz_0.1,azul,0,-3,27,90,120,0.7500,0.0000,284,80,129,75
574,1429681041,verde,vermelho,heuristica,azul,0,-3,27,150,120,1.2500,0.0741,862,132,605,125
574,1429681041,verde,azul,heuristica,azul,1,3,27,30,30,1.0000,0.0741,587,42,502,43
575,599050119,vermelho,verde,art3miz_0.1,empate,0,-1,100,0,0,0.0000,0.0101,2057,49,2008,0
575,599050119,vermelho,vermelho,heuristica,empate,0,-1,100,0,0,0.0000,0.0000,2566,0,2566,0
575,599050119,vermelho,azul,heuristica,empate,0,-1,100,0,0,0.0000,0.0000,2009,49,1960,0
576,880987394,azul,verde,art3miz_0.1,azul,0,-3,24,90,120,0.7500,0.0833,375,107,169,99
576,880987394,azul,vermelho,heuristica,azul,0,-3,24,150,120,1.2500,0.0000,765,130,508,127
576,880987394,azul,azul,heuristica,azul,1,3,24,30,30,1.0000,0.0000,592,17,559,16
577,1671317880,verde,verde,art3miz_0.1,azul,0,-3,15,150,110,1.3636,0.2667,390,110,181,99
577,1671317880,verde,vermelho,heuristica,azul,0,-3,15,50,120,0.4167,0.3333,322,69,191,62
577,1671317880,verde,azul,heuristica,azul,1,3,15,60,30,2.0000,0.0000,530,75,380,75
578,1667218631,vermelho,verde,art3miz_0.1,verde,1,3,18,30,0,30.0000,0.0000,78,2,76,0
578,1667218631,vermelho,vermelho,heuristica,verde,0,-3,18,100,120,0.8333,0.2353,679,127,427,125
578,1667218631,vermelho,azul,heuristica,verde,0,-3,18,90,100,0.9000,0.2143,521,100,321,100
579,1360865676,azul,verde,art3miz_0.1,vermelho,0,-3,18,150,120,1.2500,0.0000,463,132,208,123
579,1360865676,azul,vermelho,heuristica,vermelho,1,3,18,30,30,1.0000,0.3529,476,27,424,25
579,1360865676,azul,azul,heuristica,vermelho,0,-3,18,90,120,0.7500,0.1429,551,102,351,98
580,969768113,verde,verde,art3miz_0.1,verde,1,3,18,30,30,1.0000,0.1111,143,26,92,25
580,969768113,verde,vermelho,heuristica,verde,0,-3,18,150,120,1.2500,0.0000,810,188,422,200
580,969768113,verde,azul,heuristica,verde,0,-3,18,90,120,0.7500,0.0000,409,78,256,75
581,828045317,vermelho,verde,art3miz_0.1,empate,0,-1,100,120,90,1.3333,0.0000,4365,1199,2050,1116
581,828045317,vermelho,vermelho,heuristica,empate,0,-1,100,90,120,0.7500,0.0000,377,105,172,100
581,828045317,vermelho,azul,heuristica,empate,0,-1,100,0,0,0.0000,0.0000,2099,1,2098,0
582,1609858943,azul,verde,art3miz_0.1,vermelho,0,-3,26,150,110,1.3636,0.2000,577,140,308,129
582,1609858943,azul,vermelho,heuristica,vermelho,1,3,26,30,30,1.0000,0.1200,764,73,616,75
582,1609858943,azul,azul,heuristica,vermelho,0,-3,26,80,120,0.6667,0.2500,496,119,260,117
583,657787211,verde,verde,art3miz_0.1,verde,1,3,26,20,0,20.0000,0.1154,309,32,253,24
583,657787211,verde,vermelho,heuristica,verde,0,-3,26,90,120,0.7500,0.0000,598,104,422,72
583,657787211,verde,azul,heuristica,verde,0,-3,26,120,110,1.0909,0.1600,953,201,604,148
584,1500741286,vermelho,verde,art3miz_0.1,azul,0,-3,17,120,120,1.0000,0.0000,432,107,225,100
584,1500741286,vermelho,vermelho,heuristica,azul,0,-3,17,90,120,0.7500,0.0000,539,78,386,75
584,1500741286,vermelho,azul,heuristica,azul,1,3,17,30,0,30.0000,0.1176,537,79,408,50
585,1216752255,azul,verde,art3miz_0.1,verde,1,3,16,60,60,1.0000,0.0667,183,48,91,44
585,1216752255,azul,vermelho,heuristica,verde,0,-3,16,180,120,1.5000,0.0000,445,104,247,94
585,1216752255,azul,azul,heuristica,verde,0,-3,16,60,120,0.5000,0.0000,292,47,203,42
586,170355655,verde,verde,art3miz_0.1,azul,0,-3,15,90,120,0.7500,0.2500,259,76,112,71
586,170355655,verde,vermelho,heuristica,azul,0,-3,15,120,120,1.0000,0.0667,599,114,368,117
586,170355655,verde,azul,heuristica,azul,1,3,15,30,0,30.0000,0.0000,523,67,381,75
587,522938142,vermelho,verde,art3miz_0.1,vermelho,0,-3,24,70,100,0.7000,0.1818,602,81,446,75
587,522938142,vermelho,vermelho,heuristica,vermelho,1,3,24,30,0,30.0000,0.0417,706,52,604,50
587,522938142,vermelho,azul,heuristica,vermelho,0,-3,24,100,100,1.0000,0.1739,914,181,583,150
588,1224265644,azul,verde,art3miz_0.1,azul,0,-3,31,90,120,0.7500,0.0769,251,76,104,71
588,1224265644,azul,vermelho,heuristica,azul,0,-3,31,150,120,1.2500,0.0667,1036,167,710,159
588,1224265644,azul,azul,heuristica,azul,1,3,31,30,30,1.0000,0.0000,761,26,712,23
589,2071903378,verde,verde,art3miz_0.1,azul,0,-3,15,90,120,0.7500,0.0000,263,81,107,75
589,2071903378,verde,vermelho,heuristica,azul,0,-3,15,150,120,1.2500,0.0667,599,122,362,115
589,2071903378,verde,azul,heuristica,azul,1,3,15,30,30,1.0000,0.0667,367,17,335,15
590,239551354,vermelho,verde,art3miz_0.1,verde,1,3,10,60,0,60.0000,0.0000,218,82,88,48
590,239551354,vermelho,vermelho,heuristica,verde,0,-3,10,90,120,0.7500,0.0000,412,94,220,98
590,239551354,vermelho,azul,heuristica,verde,0,-3,10,90,120,0.7500,0.0000,358,78,205,75
591,1331453486,azul,verde,art3miz_0.1,azul,0,-3,24,90,120,0.7500,0.0000,216,70,81,65
591,1331453486,azul,vermelho,heuristica,azul,0,-3,24,120,120,1.0000,0.0435,718,95,533,90
591,1331453486,azul,azul,heuristica,azul,1,3,24,30,0,30.0000,0.0417,615,38,539,38
592,700635290,verde,verde,art3miz_0.1,azul,0,-3,18,90,120,0.7500,0.0000,276,81,120,75
592,700635290,verde,vermelho,heuristica,azul,0,-3,18,150,120,1.2500,0.0556,711,133,453,125
592,700635290,verde,azul,heuristica,azul,1,3,18,30,30,1.0000,0.0000,500,24,453,23
593,1793610634,vermelho,verde,art3miz_0.1,verde,1,3,12,30,0,30.0000,0.0000,64,2,62,0
593,1793610634,vermelho,vermelho,heuristica,verde,0,-3,12,120,120,1.0000,0.1818,441,99,251,91
593,1793610634,vermelho,azul,heuristica,verde,0,-3,12,90,120,0.7500,0.0000,317,72,178,67
594,1428201362,azul,verde,art3miz_0.1,vermelho,0,-3,17,90,120,0.7500,0.0000,203,66,75,62
594,1428201362,azul,vermelho,heuristica,vermelho,1,3,17,30,10,3.0000,0.3125,386,15,358,13
594,1428201362,azul,azul,heuristica,vermelho,0,-3,17,130,120,1.0833,0.0625,592,125,348,119
595,40425461,verde,verde,art3miz_0.1,verde,1,3,22,40,40,1.0000,0.1818,466,105,289,72
595,40425461,verde,vermelho,heuristica,verde,0,-3,22,150,100,1.5000,0.2381,899,221,512,166
595,40425461,verde,azul,heuristica,verde,0,-3,22,60,110,0.5455,0.3846,544,140,288,116
596,1462276455,vermelho,verde,art3miz_0.1,verde,1,3,13,150,90,1.6667,0.0000,435,163,149,123
596,1462276455,vermelho,vermelho,heuristica,verde,0,-3,13,120,120,1.0000,0.0000,549,151,276,122
596,1462276455,vermelho,azul,heuristica,verde,0,-3,13,60,120,0.5000,0.0000,367,71,221,75
597,2054249709,azul,verde,art3miz_0.1,vermelho,0,-3,29,70,100,0.7000,0.7368,604,159,298,147
597,2054249709,azul,vermelho,heuristica,vermelho,1,3,29,30,0,30.0000,0.0000,776,50,678,48
597,2054249709,azul,azul,heuristica,vermelho,0,-3,29,100,100,1.0000,0.5714,982,183,627,172
598,630302914,verde,verde,art3miz_0.1,vermelho,0,-3,23,90,120,0.7500,0.0714,364,99,173,92
598,630302914,verde,vermelho,heuristica,vermelho,1,3,23,30,0,30.0000,0.0435,572,18,538,16
598,630302914,verde,azul,heuristica,vermelho,0,-3,23,120,120,1.0000,0.1364,774,127,528,119
599,1951134645,vermelho,verde,art3miz_0.1,azul,0,-3,25,80,100,0.8000,0.1818,334,106,128,100
599,1951134645,vermelho,vermelho,heuristica,azul,0,-3,25,130,110,1.1818,0.2000,1031,201,631,199
599,1951134645,vermelho,azul,heuristica,azul,1,3,25,30,30,1.0000,0.0000,561,27,509,25
600,1030142316,azul,verde,art3miz_0.1,azul,0,-3,16,130,110,1.1818,0.2667,581,180,259,142
600,1030142316,azul,vermelho,heuristica,azul,0,-3,16,80,100,0.8000,0.4286,362,100,168,94
600,1030142316,azul,azul,heuristica,azul,1,3,16,30,30,1.0000,0.1875,545,75,395,75
601,1015889351,verde,verde,art3miz_0.1,azul,0,-3,23,80,100,0.8000,0.2727,346,80,191,75
601,1015889351,verde,vermelho,heuristica,azul,0,-3,23,130,110,1.1818,0.2174,831,150,539,142
601,1015889351,verde,azul,heuristica,azul,1,3,23,30,30,1.0000,0.0000,603,25,555,23
602,205782876,vermelho,verde,art3miz_0.1,azul,0,-3,15,120,120,1.0000,0.0000,390,108,182,100
602,205782876,vermelho,vermelho,heuristica,azul,0,-3,15,90,120,0.7500,0.0000,355,105,150,100
602,205782876,vermelho,azul,heuristica,azul,1,3,15,30,0,30.0000,0.0000,473,51,373,49
603,1233340021,azul,verde,art3miz_0.1,vermelho,0,-3,18,130,110,1.1818,0.2941,559,136,298,125
603,1233340021,azul,vermelho,heuristica,vermelho,1,3,18,60,30,2.0000,0.1176,509,52,408,49
603,1233340021,azul,azul,heuristica,vermelho,0,-3,18,50,100,0.5000,0.1538,514,95,320,99
604,2014491557,verde,verde,art3miz_0.1,azul,0,-3,10,90,110,0.8182,0.1111,278,81,122,75
604,2014491557,verde,vermelho,heuristica,azul,0,-3,10,110,120,0.9167,0.0000,440,105,238,97
604,2014491557,verde,azul,heuristica,azul,1,3,10,60,30,2.0000,0.0000,341,53,240,48
605,1314928140,vermelho,verde,art3miz_0.1,azul,0,-3,29,90,120,0.7500,0.0000,292,75,148,69
605,1314928140,vermelho,vermelho,heuristica,azul,0,-3,29,150,120,1.2500,0.0690,995,146,711,138
605,1314928140,vermelho,azul,heuristica,azul,1,3,29,30,30,1.0000,0.2069,772,48,676,48
606,1869575208,azul,verde,art3miz_0.1,vermelho,0,-3,24,90,120,0.7500,0.0000,254,79,103,72
606,1869575208,azul,vermelho,heuristica,vermelho,1,3,24,30,0,30.0000,0.1304,581,25,528,28
606,1869575208,azul,azul,heuristica,vermelho,0,-3,24,120,120,1.0000,0.0435,710,103,510,97
607,412083840,verde,verde,art3miz_0.1,verde,1,3,13,30,0,30.0000,0.1538,123,28,70,25
607,412083840,verde,vermelho,heuristica,verde,0,-3,13,90,110,0.8182,0.2222,404,96,217,91
607,412083840,verde,azul,heuristica,verde,0,-3,13,110,120,0.9167,0.6667,508,114,281,113
608,1705502126,vermelho,verde,art3miz_0.1,verde,1,3,18,30,30,1.0000,0.0000,147,28,94,25
608,1705502126,vermelho,vermelho,heuristica,verde,0,-3,18,90,120,0.7500,0.0000,337,74,194,69
608,1705502126,vermelho,azul,heuristica,verde,0,-3,18,150,120,1.2500,0.0000,725,163,400,162
609,360032754,azul,verde,art3miz_0.1,vermelho,0,-3,29,130,120,1.0833,0.1786,686,181,338,167
609,360032754,azul,vermelho,heuristica,vermelho,1,3,29,30,30,1.0000,0.0000,721,24,675,22
609,360032754,azul,azul,heuristica,vermelho,0,-3,29,90,100,0.9000,0.5556,482,131,226,125
610,1703396810,verde,verde,art3miz_0.1,verde,1,3,18,60,30,2.0000,0.0000,300,28,247,25
610,1703396810,verde,vermelho,heuristica,verde,0,-3,18,60,120,0.5000,0.4444,398,106,195,97
610,1703396810,verde,azul,heuristica,verde,0,-3,18,150,120,1.2500,0.3529,692,151,395,146
611,1813539174,vermelho,verde,art3miz_0.1,verde,1,3,14,30,0,30.0000,0.0769,215,34,156,25
611,1813539174,vermelho,vermelho,heuristica,verde,0,-3,14,110,110,1.0000,0.2308,439,93,261,85
611,1813539174,vermelho,azul,heuristica,verde,0,-3,14,80,110,0.7273,0.2222,322,75,176,71
612,1326081846,azul,verde,art3miz_0.1,verde,1,3,22,30,0,30.0000,0.0000,310,24,266,20
612,1326081846,azul,vermelho,heuristica,verde,0,-3,22,90,120,0.7500,0.0000,409,78,256,75
612,1326081846,azul,azul,heuristica,verde,0,-3,22,120,120,1.0000,0.0476,786,137,507,142
613,1251722137,verde,verde,art3miz_0.1,azul,0,-3,34,120,120,1.0000,0.0588,576,173,293,110
613,1251722137,verde,vermelho,heuristica,azul,0,-3,34,60,120,0.5000,0.0000,779,85,648,46
613,1251722137,verde,azul,heuristica,azul,1,3,34,90,30,3.0000,0.0000,790,113,606,71
614,279383135,vermelho,verde,art3miz_0.1,empate,0,-1,100,90,120,0.7500,0.0000,269,71,132,66
614,279383135,vermelho,vermelho,heuristica,empate,0,-1,100,0,0,0.0000,0.0000,1246,0,1246,0
614,279383135,vermelho,azul,heuristica,empate,0,-1,100,120,90,1.3333,0.0300,2255,112,2038,105
615,2053490072,azul,verde,art3miz_0.1,verde,1,3,11,30,30,1.0000,0.3000,110,28,57,25
615,2053490072,azul,vermelho,heuristica,verde,0,-3,11,150,120,1.2500,0.0000,485,132,228,125
615,2053490072,azul,azul,heuristica,verde,0,-3,11,90,120,0.7500,0.0000,282,80,127,75
616,469087286,verde,verde,art3miz_0.1,verde,1,3,19,30,30,1.0000,0.0000,224,28,171,25
616,469087286,verde,vermelho,heuristica,verde,0,-3,19,90,120,0.7500,0.0667,670,144,376,150
616,469087286,verde,azul,heuristica,verde,0,-3,19,150,120,1.2500,0.0556,694,131,438,125
617,244808538,vermelho,verde,art3miz_0.1,verde,1,3,25,30,0,30.0000,0.0417,221,23,180,18
617,244808538,vermelho,vermelho,heuristica,verde,0,-3,25,80,120,0.6667,0.1333,492,69,358,65
617,244808538,vermelho,azul,heuristica,verde,0,-3,25,120,110,1.0909,0.1667,738,94,558,86
618,1697912004,azul,verde,art3miz_0.1,verde,1,3,13,30,30,1.0000,0.0000,144,28,91,25
618,1697912004,azul,vermelho,heuristica,verde,0,-3,13,150,120,1.2500,0.0000,570,146,274,150
618,1697912004,azul,azul,heuristica,verde,0,-3,13,90,120,0.7500,0.0000,367,101,170,96
619,1196957329,verde,verde,art3miz_0.1,vermelho,0,-3,13,120,120,1.0000,0.0769,374,104,174,96
619,1196957329,verde,vermelho,heuristica,vermelho,1,3,13,30,0,30.0000,0.0000,387,40,309,38
619,1196957329,verde,azul,heuristica,vermelho,0,-3,13,90,120,0.7500,0.0000,324,102,124,98
620,279705624,vermelho,verde,art3miz_0.1,vermelho,0,-3,15,90,120,0.7500,0.0000,219,72,81,66
620,279705624,vermelho,vermelho,heuristica,vermelho,1,3,15,30,0,30.0000,0.0000,420,27,368,25
620,279705624,vermelho,azul,heuristica,vermelho,0,-3,15,120,120,1.0000,0.0000,570,117,334,119
621,440487415,azul,verde,art3miz_0.1,verde,1,3,25,30,30,1.0000,0.1250,353,35,293,25
621,440487415,azul,vermelho,heuristica,verde,0,-3,25,150,120,1.2500,0.0435,942,217,563,162
621,440487415,azul,azul,heuristica,verde,0,-3,25,90,120,0.7500,0.1500,674,93,491,90
622,532420518,verde,verde,art3miz_0.1,azul,0,-3,14,90,120,0.7500,0.0000,237,77,88,72
622,532420518,verde,vermelho,heuristica,azul,0,-3,14,150,120,1.2500,0.2857,585,141,312,132
622,532420518,verde,azul,heuristica,azul,1,3,14,30,30,1.0000,0.3571,452,68,320,64
623,1534020729,vermelho,verde,art3miz_0.1,vermelho,0,-3,18,90,120,0.7500,0.0000,263,81,107,75
623,1534020729,vermelho,vermelho,heuristica,vermelho,1,3,18,30,0,30.0000,0.0556,464,18,430,16
623,1534020729,vermelho,azul,heuristica,vermelho,0,-3,18,120,120,1.0000,0.0000,636,118,403,115
624,1330977352,azul,verde,art3miz_0.1,empate,0,-1,100,0,0,0.0000,0.4848,3621,947,1819,855
624,1330977352,azul,vermelho,heuristica,empate,0,-1,100,0,0,0.0000,0.4747,2179,24,2135,20
624,1330977352,azul,azul,heuristica,empate,0,-1,100,0,0,0.0000,0.0000,2366,0,2366,0
625,1339491093,verde,verde,art3miz_0.1,vermelho,0,-3,18,90,120,0.7500,0.0000,222,70,87,65
625,1339491093,verde,vermelho,heuristica,vermelho,1,3,18,30,0,30.0000,0.0556,498,28,445,25
625,1339491093,verde,azul,heuristica,vermelho,0,-3,18,120,120,1.0000,0.0000,609,107,392,110
626,2136906327,vermelho,verde,art3miz_0.1,vermelho,0,-3,25,90,110,0.8182,0.1818,321,97,137,87
626,2136906327,vermelho,vermelho,heuristica,vermelho,1,3,25,30,30,1.0000,0.0000,778,83,606,89
626,2136906327,vermelho,azul,heuristica,vermelho,0,-3,25,140,120,1.1667,0.1250,874,148,585,141
627,523294266,azul,verde,art3miz_0.1,verde,1,3,13,30,30,1.0000,0.1667,181,27,129,25
627,523294266,azul,vermelho,heuristica,verde,0,-3,13,150,120,1.2500,0.0000,532,132,275,125
627,523294266,azul,azul,heuristica,verde,0,-3,13,90,120,0.7500,0.0000,396,95,201,100
628,1234858072,verde,verde,art3miz_0.1,empate,0,-1,100,0,0,0.0000,0.0000,1447,49,1398,0
628,1234858072,verde,vermelho,heuristica,empate,0,-1,100,0,0,0.0000,0.4600,2576,0,2576,0
628,1234858072,verde,azul,heuristica,empate,0,-1,100,0,0,0.0000,0.0000,1974,49,1925,0
629,130403733,vermelho,verde,art3miz_0.1,azul,0,-3,15,80,120,0.6667,0.2143,308,103,132,73
629,130403733,vermelho,vermelho,heuristica,azul,0,-3,15,60,120,0.5000,0.0769,495,116,308,71
629,130403733,vermelho,azul,heuristica,azul,1,3,15,150,50,3.0000,0.0667,671,193,344,134
630,444026286,azul,verde,art3miz_0.1,azul,0,-3,12,90,110,0.8182,0.2500,206,64,81,61
630,444026286,azul,vermelho,heuristica,azul,0,-3,12,110,120,0.9167,0.3636,467,111,247,109
630,444026286,azul,azul,heuristica,azul,1,3,12,30,0,30.0000,0.0833,308,18,274,16
631,1706054446,verde,verde,art3miz_0.1,verde,1,3,18,30,30,1.0000,0.0556,162,28,109,25
631,1706054446,verde,vermelho,heuristica,verde,0,-3,18,140,120,1.1667,0.2353,734,156,428,150
631,1706054446,verde,azul,heuristica,verde,0,-3,18,90,110,0.8182,0.0833,454,78,301,75
632,1251267710,vermelho,verde,art3miz_0.1,azul,0,-3,33,80,120,0.6667,0.1111,276,75,130,71
632,1251267710,vermelho,vermelho,heuristica,azul,0,-3,33,120,110,1.0909,0.5455,933,113,704,116
632,1251267710,vermelho,azul,heuristica,azul,1,3,33,30,0,30.0000,0.1515,859,37,780,42
633,1966057535,azul,verde,art3miz_0.1,azul,0,-3,21,80,120,0.6667,0.2500,329,97,143,89
633,1966057535,azul,vermelho,heuristica,azul,0,-3,21,120,110,1.0909,0.3000,690,104,488,98
633,1966057535,azul,azul,heuristica,azul,1,3,21,30,0,30.0000,0.0476,646,67,504,75
634,1965943761,verde,verde,art3miz_0.1,vermelho,0,-3,17,120,120,1.0000,0.1176,442,107,235,100
634,1965943761,verde,vermelho,heuristica,vermelho,1,3,17,30,0,30.0000,0.1176,431,25,382,24
634,1965943761,verde,azul,heuristica,vermelho,0,-3,17,90,120,0.7500,0.0000,478,101,277,100
635,768926301,vermelho,verde,art3miz_0.1,empate,0,-1,100,0,0,0.0000,0.4747,2050,48,2002,0
635,768926301,vermelho,vermelho,heuristica,empate,0,-1,100,0,0,0.0000,0.0500,2491,0,2491,0
635,768926301,vermelho,azul,heuristica,empate,0,-1,100,0,0,0.0000,0.0100,2066,47,2019,0
636,1881604470,azul,verde,art3miz_0.1,azul,0,-3,16,90,120,0.7500,0.0000,246,80,91,75
636,1881604470,azul,vermelho,heuristica,azul,0,-3,16,140,120,1.1667,0.1333,682,153,379,150
636,1881604470,azul,azul,heuristica,azul,1,3,16,30,20,1.5000,0.2500,421,26,370,25
637,1256005152,verde,verde,art3miz_0.1,vermelho,0,-3,22,90,120,0.7500,0.0000,309,79,155,75
637,1256005152,verde,vermelho,heuristica,vermelho,1,3,22,30,0,30.0000,0.1364,679,63,544,72
637,1256005152,verde,azul,heuristica,vermelho,0,-3,22,120,120,1.0000,0.0000,760,122,513,125
638,866370088,vermelho,verde,art3miz_0.1,vermelho,0,-3,22,50,120,0.4167,0.3750,249,82,92,75
638,866370088,vermelho,vermelho,heuristica,vermelho,1,3,22,60,30,2.0000,0.0455,741,103,540,98
638,866370088,vermelho,azul,heuristica,vermelho,0,-3,22,150,110,1.3636,0.1905,816,149,517,150
639,453976170,azul,verde,art3miz_0.1,azul,0,-3,30,70,120,0.5833,0.5714,329,103,129,97
639,453976170,azul,vermelho,heuristica,azul,0,-3,30,120,100,1.2000,0.1724,928,129,676,123
639,453976170,azul,azul,heuristica,azul,1,3,30,30,0,30.0000,0.0000,611,21,570,20
640,960568082,verde,verde,art3miz_0.1,verde,1,3,13,70,90,0.7778,0.4615,519,194,200,125
640,960568082,verde,vermelho,heuristica,verde,0,-3,13,70,100,0.7000,0.6250,485,134,201,150
640,960568082,verde,azul,heuristica,verde,0,-3,13,150,100,1.5000,0.6667,737,234,303,200
641,1262463845,vermelho,verde,art3miz_0.1,vermelho,0,-3,25,90,120,0.7500,0.0000,262,79,109,74
641,1262463845,vermelho,vermelho,heuristica,vermelho,1,3,25,30,0,30.0000,0.0800,637,18,603,16
641,1262463845,vermelho,azul,heuristica,vermelho,0,-3,25,120,120,1.0000,0.0000,835,143,555,137
642,1248811076,azul,verde,art3miz_0.1,verde,1,3,37,60,60,1.0000,0.1389,292,52,190,50
642,1248811076,azul,vermelho,heuristica,verde,0,-3,37,60,120,0.5000,0.0000,426,101,225,100
642,1248811076,azul,azul,heuristica,verde,0,-3,37,180,120,1.5000,0.0278,1072,158,764,150
643,1493478306,verde,verde,art3miz_0.1,azul,0,-3,15,110,110,1.0000,0.4667,456,132,201,123
643,1493478306,verde,vermelho,heuristica,azul,0,-3,15,80,110,0.7273,0.5000,445,125,198,122
643,1493478306,verde,azul,heuristica,azul,1,3,15,30,0,30.0000,0.0667,478,49,379,50
644,665279136,vermelho,verde,art3miz_0.1,azul,0,-3,24,70,100,0.7000,0.2500,270,81,114,75
644,665279136,vermelho,vermelho,heuristica,azul,0,-3,24,130,100,1.3000,0.2917,939,174,597,168
644,665279136,vermelho,azul,heuristica,azul,1,3,24,30,30,1.0000,0.0000,566,23,522,21
645,218716618,azul,verde,art3miz_0.1,verde,1,3,25,30,30,1.0000,0.1667,212,28,159,25
645,218716618,azul,vermelho,heuristica,verde,0,-3,25,150,120,1.2500,0.0000,773,133,516,124
645,218716618,azul,azul,heuristica,verde,0,-3,25,90,120,0.7500,0.0000,347,80,192,75
646,640258826,verde,verde,art3miz_0.1,azul,0,-3,22,60,120,0.5000,0.1250,249,81,93,75
646,640258826,verde,vermelho,heuristica,azul,0,-3,22,180,120,1.5000,0.0000,960,228,536,196
646,640258826,verde,azul,heuristica,azul,1,3,22,60,60,1.0000,0.0000,800,133,542,125
647,1496625869,vermelho,verde,art3miz_0.1,azul,0,-3,22,130,100,1.3000,0.2857,568,116,334,118
647,1496625869,vermelho,vermelho,heuristica,azul,0,-3,22,70,100,0.7000,0.2500,337,84,171,82
647,1496625869,vermelho,azul,heuristica,azul,1,3,22,30,30,1.0000,0.0000,531,26,480,25
648,129953772,azul,verde,art3miz_0.1,azul,0,-3,14,110,120,0.9167,0.5385,422,130,170,122
648,129953772,azul,vermelho,heuristica,azul,0,-3,14,90,110,0.8182,0.5714,422,128,173,121
648,129953772,azul,azul,heuristica,azul,1,3,14,30,0,30.0000,0.0714,428,49,329,50
649,198795325,verde,verde,art3miz_0.1,empate,0,-1,100,0,0,0.0000,0.0000,1670,69,1581,20
649,198795325,verde,vermelho,heuristica,empate,0,-1,100,0,0,0.0000,0.0000,1643,25,1595,23
649,198795325,verde,azul,heuristica,empate,0,-1,100,0,0,0.0000,0.3500,2436,0,2436,0
650,1092198279,vermelho,verde,art3miz_0.1,verde,1,3,14,30,30,1.0000,0.0000,142,26,91,25
650,1092198279,vermelho,vermelho,heuristica,verde,0,-3,14,140,110,1.2727,0.1538,606,150,306,150
650,1092198279,vermelho,azul,heuristica,verde,0,-3,14,80,110,0.7273,0.2857,325,81,169,75
651,779591759,azul,verde,art3miz_0.1,verde,1,3,14,30,30,1.0000,0.0000,141,28,88,25
651,779591759,azul,vermelho,heuristica,verde,0,-3,14,90,120,0.7500,0.0000,423,101,222,100
651,779591759,azul,azul,heuristica,verde,0,-3,14,150,120,1.2500,0.0000,555,132,298,125
652,1317852308,verde,verde,art3miz_0.1,vermelho,0,-3,20,150,120,1.2500,0.1000,433,105,235,93
652,1317852308,verde,vermelho,heuristica,vermelho,1,3,20,30,30,1.0000,0.5000,507,54,411,42
652,1317852308,verde,azul,heuristica,vermelho,0,-3,20,90,120,0.7500,0.0000,545,101,379,65
653,1288168034,vermelho,verde,art3miz_0.1,vermelho,0,-3,17,60,100,0.6000,0.3000,358,103,162,93
653,1288168034,vermelho,vermelho,heuristica,vermelho,1,3,17,40,30,1.3333,0.1765,556,77,407,72
653,1288168034,vermelho,azul,heuristica,vermelho,0,-3,17,130,100,1.3000,0.5000,702,170,369,163
654,770170329,azul,verde,art3miz_0.1,azul,0,-3,18,150,120,1.2500,0.0000,557,146,267,144
654,770170329,azul,vermelho,heuristica,azul,0,-3,18,90,120,0.7500,0.0000,231,71,93,67
654,770170329,azul,azul,heuristica,azul,1,3,18,30,30,1.0000,0.0556,497,26,446,25
655,1802537942,verde,verde,art3miz_0.1,vermelho,0,-3,11,120,120,1.0000,0.0909,332,108,124,100
655,1802537942,verde,vermelho,heuristica,vermelho,1,3,11,60,30,2.0000,0.0000,427,105,247,75
655,1802537942,verde,azul,heuristica,vermelho,0,-3,11,90,120,0.7500,0.0000,403,101,227,75
656,714072783,vermelho,verde,art3miz_0.1,vermelho,0,-3,15,120,110,1.0909,0.0714,450,101,252,97
656,714072783,vermelho,vermelho,heuristica,vermelho,1,3,15,20,0,20.0000,0.1333,453,44,362,47
656,714072783,vermelho,azul,heuristica,vermelho,0,-3,15,90,120,0.7500,0.1250,339,75,193,71
657,1894773843,azul,verde,art3miz_0.1,vermelho,0,-3,14,90,120,0.7500,0.0000,220,65,94,61
657,1894773843,azul,vermelho,heuristica,vermelho,1,3,14,30,0,30.0000,0.0769,321,23,277,21
657,1894773843,azul,azul,heuristica,vermelho,0,-3,14,120,120,1.0000,0.0769,551,128,294,129
658,1299649723,verde,verde,art3miz_0.1,verde,1,3,20,30,30,1.0000,0.0500,158,28,105,25
658,1299649723,verde,vermelho,heuristica,verde,0,-3,20,90,120,0.7500,0.0000,393,96,203,94
658,1299649723,verde,azul,heuristica,verde,0,-3,20,150,120,1.2500,0.0526,749,147,457,145
659,951999122,vermelho,verde,art3miz_0.1,empate,0,-1,100,120,90,1.3333,0.0000,840,88,674,78
659,951999122,vermelho,vermelho,heuristica,empate,0,-1,100,0,0,0.0000,0.0000,1891,78,1767,46
659,951999122,vermelho,azul,heuristica,empate,0,-1,100,90,120,0.7500,0.0667,491,67,364,60
660,2094539556,azul,verde,art3miz_0.1,vermelho,0,-3,18,90,120,0.7500,0.0000,205,56,99,50
660,2094539556,azul,vermelho,heuristica,vermelho,1,3,18,30,30,1.0000,0.1176,423,18,389,16
660,2094539556,azul,azul,heuristica,vermelho,0,-3,18,150,120,1.2500,0.0000,566,95,383,88
661,1988806916,verde,verde,art3miz_0.1,empate,0,-1,100,0,0,0.0000,0.0000,1395,38,1357,0
661,1988806916,verde,vermelho,heuristica,empate,0,-1,100,100,80,1.2500,0.0500,2328,172,2031,125
661,1988806916,verde,azul,heuristica,empate,0,-1,100,80,100,0.8000,0.5455,514,128,266,120
662,589686748,vermelho,verde,art3miz_0.1,vermelho,0,-3,17,110,120,0.9167,0.0625,321,83,163,75
662,589686748,vermelho,vermelho,heuristica,vermelho,1,3,17,30,0,30.0000,0.0000,517,52,415,50
662,589686748,vermelho,azul,heuristica,vermelho,0,-3,17,90,110,0.8182,0.2000,279,79,125,75
663,2020755370,azul,verde,art3miz_0.1,vermelho,0,-3,21,110,120,0.9167,0.1000,335,74,195,66
663,2020755370,azul,vermelho,heuristica,vermelho,1,3,21,30,0,30.0000,0.0000,602,49,503,50
663,2020755370,azul,azul,heuristica,vermelho,0,-3,21,90,110,0.8182,0.4667,595,139,325,131
664,880251236,verde,verde,art3miz_0.1,verde,1,3,13,30,0,30.0000,0.0000,61,2,59,0
664,880251236,verde,vermelho,heuristica,verde,0,-3,13,90,120,0.7500,0.0000,297,58,184,55
664,880251236,verde,azul,heuristica,verde,0,-3,13,120,120,1.0000,0.0833,416,91,235,90
665,495973414,vermelho,verde,art3miz_0.1,azul,0,-3,15,150,120,1.2500,0.0000,493,125,250,118
665,495973414,vermelho,vermelho,heuristica,azul,0,-3,15,90,120,0.7500,0.0000,334,84,162,88
665,495973414,vermelho,azul,heuristica,azul,1,3,15,30,30,1.0000,0.0000,423,25,375,23
666,984970438,azul,verde,art3miz_0.1,vermelho,0,-3,20,90,120,0.7500,0.0000,295,79,141,75
666,984970438,azul,vermelho,heuristica,vermelho,1,3,20,30,30,1.0000,0.0526,533,27,481,25
666,984970438,azul,azul,heuristica,vermelho,0,-3,20,150,120,1.2500,0.0000,745,149,452,144
667,220068118,verde,verde,art3miz_0.1,vermelho,0,-3,20,130,100,1.3000,0.3500,633,183,280,170
667,220068118,verde,vermelho,heuristica,vermelho,1,3,20,30,30,1.0000,0.0500,511,23,468,20
667,220068118,verde,azul,heuristica,vermelho,0,-3,20,70,100,0.7000,0.5455,629,178,276,175
668,1454005916,vermelho,verde,art3miz_0.1,verde,1,3,18,60,60,1.0000,0.1176,252,53,149,50
668,1454005916,vermelho,vermelho,heuristica,verde,0,-3,18,180,120,1.5000,0.0588,736,158,428,150
668,1454005916,vermelho,azul,heuristica,verde,0,-3,18,60,120,0.5000,0.1818,461,95,266,100
669,111536335,azul,verde,art3miz_0.1,verde,1,3,20,30,30,1.0000,0.0526,223,27,172,24
669,111536335,azul,vermelho,heuristica,verde,0,-3,20,90,120,0.7500,0.2000,595,124,351,120
669,111536335,azul,azul,heuristica,verde,0,-3,20,150,120,1.2500,0.2105,742,149,453,140
670,228923756,verde,verde,art3miz_0.1,azul,0,-3,19,90,120,0.7500,0.0000,402,80,247,75
670,228923756,verde,vermelho,heuristica,azul,0,-3,19,120,120,1.0000,0.0000,723,119,479,125
670,228923756,verde,azul,heuristica,azul,1,3,19,30,0,30.0000,0.1579,552,49,453,50
671,1575262061,vermelho,verde,art3miz_0.1,vermelho,0,-3,18,120,120,1.0000,0.0000,391,105,187,99
671,1575262061,vermelho,vermelho,heuristica,vermelho,1,3,18,120,90,1.3333,0.1667,685,149,437,99
671,1575262061,vermelho,azul,heuristica,vermelho,0,-3,18,90,120,0.7500,0.0000,448,80,294,74
672,1373973555,azul,verde,art3miz_0.1,verde,1,3,28,30,0,30.0000,0.1852,185,25,139,21
672,1373973555,azul,vermelho,heuristica,verde,0,-3,28,120,120,1.0000,0.1154,853,124,611,118
672,1373973555,azul,azul,heuristica,verde,0,-3,28,90,120,0.7500,0.0769,531,105,326,100
673,192519457,verde,verde,art3miz_0.1,verde,1,3,16,60,30,2.0000,0.0000,297,84,163,50
673,192519457,verde,vermelho,heuristica,verde,0,-3,16,120,120,1.0000,0.0000,723,188,360,175
673,192519457,verde,azul,heuristica,verde,0,-3,16,90,120,0.7500,0.0000,566,123,343,100
674,944968278,vermelho,verde,art3miz_0.1,verde,1,3,20,30,30,1.0000,0.0000,174,25,127,22
674,944968278,vermelho,vermelho,heuristica,verde,0,-3,20,90,120,0.7500,0.0000,479,101,278,100
674,944968278,vermelho,azul,heuristica,verde,0,-3,20,150,120,1.2500,0.0000,872,198,477,197
675,2011085058,azul,verde,art3miz_0.1,vermelho,0,-3,16,90,120,0.7500,0.0000,275,81,119,75
675,2011085058,azul,vermelho,heuristica,vermelho,1,3,16,30,0,30.0000,0.1333,374,24,328,22
675,2011085058,azul,azul,heuristica,vermelho,0,-3,16,120,120,1.0000,0.0667,608,124,365,119
676,88572083,verde,verde,art3miz_0.1,azul,0,-3,12,120,120,1.0000,0.0000,309,82,152,75
676,88572083,verde,vermelho,heuristica,azul,0,-3,12,90,120,0.7500,0.0000,280,79,126,75
676,88572083,verde,azul,heuristica,azul,1,3,12,30,0,30.0000,0.1667,351,27,299,25
677,1970560963,vermelho,verde,art3miz_0.1,verde,1,3,23,30,0,30.0000,0.0909,251,29,197,25
677,1970560963,vermelho,vermelho,heuristica,verde,0,-3,23,120,110,1.0909,0.1818,693,105,488,100
677,1970560963,vermelho,azul,heuristica,verde,0,-3,23,80,120,0.6667,0.1429,348,89,166,93
678,307584755,azul,verde,art3miz_0.1,vermelho,0,-3,17,90,120,0.7500,0.0000,272,81,116,75
678,307584755,azul,vermelho,heuristica,vermelho,1,3,17,30,0,30.0000,0.0000,414,27,362,25
678,307584755,azul,azul,heuristica,vermelho,0,-3,17,120,120,1.0000,0.0000,664,145,373,146
679,1869256894,verde,verde,art3miz_0.1,empate,0,-1,100,0,0,0.0000,0.0000,1439,35,1404,0
679,1869256894,verde,vermelho,heuristica,empate,0,-1,100,100,90,1.1111,0.0100,1748,100,1560,88
679,1869256894,verde,azul,heuristica,empate,0,-1,100,90,100,0.9000,0.1818,463,106,259,98
680,79134275,vermelho,verde,art3miz_0.1,azul,0,-3,15,150,120,1.2500,0.0000,442,130,203,109
680,79134275,vermelho,vermelho,heuristica,azul,0,-3,15,90,120,0.7500,0.1111,368,86,200,82
680,79134275,vermelho,azul,heuristica,azul,1,3,15,30,30,1.0000,0.0000,416,23,372,21
681,1664664159,azul,verde,art3miz_0.1,azul,0,-3,18,120,120,1.0000,0.0000,377,98,189,90
681,1664664159,azul,vermelho,heuristica,azul,0,-3,18,90,120,0.7500,0.0000,306,79,152,75
681,1664664159,azul,azul,heuristica,azul,1,3,18,30,0,30.0000,0.0000,481,24,435,22
682,460515643,verde,verde,art3miz_0.1,vermelho,0,-3,15,120,120,1.0000,0.0000,398,95,215,88
682,460515643,verde,vermelho,heuristica,vermelho,1,3,15,30,0,30.0000,0.1333,431,26,380,25
682,460515643,verde,azul,heuristica,vermelho,0,-3,15,90,120,0.7500,0.0000,449,97,259,93
683,947373156,vermelho,verde,art3miz_0.1,azul,0,-3,16,120,120,1.0000,0.0667,317,82,160,75
683,947373156,vermelho,vermelho,heuristica,azul,0,-3,16,90,120,0.7500,0.0000,304,79,150,75
683,947373156,vermelho,azul,heuristica,azul,1,3,16,30,0,30.0000,0.0000,450,26,399,25
684,2132834058,azul,verde,art3miz_0.1,verde,1,3,15,30,0,30.0000,0.0000,161,21,123,17
684,2132834058,azul,vermelho,heuristica,verde,0,-3,15,90,120,0.7500,0.0000,357,89,184,84
684,2132834058,azul,azul,heuristica,verde,0,-3,15,120,120,1.0000,0.0000,518,105,307,106
685,1519292891,verde,verde,art3miz_0.1,azul,0,-3,19,110,120,0.9167,0.1053,627,155,324,148
685,1519292891,verde,vermelho,heuristica,azul,0,-3,19,90,110,0.8182,0.0833,474,97,281,96
685,1519292891,verde,azul,heuristica,azul,1,3,19,30,0,30.0000,0.2105,561,52,459,50
686,1220596411,vermelho,verde,art3miz_0.1,azul,0,-3,40,90,120,0.7500,0.2143,268,80,113,75
686,1220596411,vermelho,vermelho,heuristica,azul,0,-3,40,150,120,1.2500,0.0000,1233,122,996,115
686,1220596411,vermelho,azul,heuristica,azul,1,3,40,30,30,1.0000,0.0250,970,18,936,16
687,1048016289,azul,verde,art3miz_0.1,verde,1,3,13,30,0,30.0000,0.1667,219,29,165,25
687,1048016289,azul,vermelho,heuristica,verde,0,-3,13,90,120,0.7500,0.3750,428,127,201,100
687,1048016289,azul,azul,heuristica,verde,0,-3,13,120,120,1.0000,0.0000,630,178,302,150
688,522013940,verde,verde,art3miz_0.1,azul,0,-3,14,110,110,1.0000,0.2143,424,98,235,91
688,522013940,verde,vermelho,heuristica,azul,0,-3,14,80,110,0.7273,0.3077,516,99,323,94
688,522013940,verde,azul,heuristica,azul,1,3,14,30,0,30.0000,0.0000,402,26,352,24
689,1709267489,vermelho,verde,art3miz_0.1,azul,0,-3,21,120,120,1.0000,0.0000,468,110,258,100
689,1709267489,vermelho,vermelho,heuristica,azul,0,-3,21,90,120,0.7500,0.0000,511,79,357,75
689,1709267489,vermelho,azul,heuristica,azul,1,3,21,30,0,30.0000,0.1429,561,28,509,24
690,1729243779,azul,verde,art3miz_0.1,vermelho,0,-3,20,80,110,0.7273,0.4167,395,117,170,108
690,1729243779,azul,vermelho,heuristica,vermelho,1,3,20,30,30,1.0000,0.1579,553,52,451,50
690,1729243779,azul,azul,heuristica,vermelho,0,-3,20,140,110,1.2727,0.2632,748,155,439,154
691,1784580866,verde,verde,art3miz_0.1,azul,0,-3,13,110,120,0.9167,0.1538,351,83,193,75
691,1784580866,verde,vermelho,heuristica,azul,0,-3,13,90,110,0.8182,0.3333,307,80,152,75
691,1784580866,verde,azul,heuristica,azul,1,3,13,30,0,30.0000,0.0000,362,28,309,25
692,1491450575,vermelho,verde,art3miz_0.1,verde,1,3,11,30,0,30.0000,0.1000,116,30,63,23
692,1491450575,vermelho,vermelho,heuristica,verde,0,-3,11,120,120,1.0000,0.1000,438,101,238,99
692,1491450575,vermelho,azul,heuristica,verde,0,-3,11,90,120,0.7500,0.0000,278,78,126,74
693,1568923797,azul,verde,art3miz_0.1,azul,0,-3,18,90,120,0.7500,0.0000,268,78,116,74
693,1568923797,azul,vermelho,heuristica,azul,0,-3,18,150,120,1.2500,0.0000,701,149,407,145
693,1568923797,azul,azul,heuristica,azul,1,3,18,30,30,1.0000,0.0556,529,48,435,46
694,362309885,verde,verde,art3miz_0.1,vermelho,0,-3,11,120,120,1.0000,0.0000,295,79,142,74
694,362309885,verde,vermelho,heuristica,vermelho,1,3,11,30,0,30.0000,0.0000,332,27,280,25
694,362309885,verde,azul,heuristica,vermelho,0,-3,11,90,120,0.7500,0.0000,347,100,148,99
695,2101121314,vermelho,verde,art3miz_0.1,vermelho,0,-3,14,50,100,0.5000,0.2000,230,79,101,50
695,2101121314,vermelho,vermelho,heuristica,vermelho,1,3,14,140,70,2.0000,0.1429,815,262,353,200
695,2101121314,vermelho,azul,heuristica,vermelho,0,-3,14,100,120,0.8333,0.3077,618,144,324,150
696,1869267578,azul,verde,art3miz_0.1,vermelho,0,-3,20,90,110,0.8182,0.3158,650,188,319,143
696,1869267578,azul,vermelho,heuristica,vermelho,1,3,20,140,30,4.6667,0.2105,880,266,445,169
696,1869267578,azul,azul,heuristica,vermelho,0,-3,20,10,100,0.1000,0.1111,565,60,438,67
697,594861639,verde,verde,art3miz_0.1,empate,0,-1,100,0,0,0.0000,0.0000,2065,49,2016,0
697,594861639,verde,vermelho,heuristica,empate,0,-1,100,0,0,0.0000,0.0000,2022,49,1973,0
697,594861639,verde,azul,heuristica,empate,0,-1,100,0,0,0.0000,0.0100,2593,0,2593,0
698,562332132,vermelho,verde,art3miz_0.1,vermelho,0,-3,17,90,120,0.7500,0.0000,228,69,94,65
698,562332132,vermelho,vermelho,heuristica,vermelho,1,3,17,30,30,1.0000,0.1765,432,17,399,16
698,562332132,vermelho,azul,heuristica,vermelho,0,-3,17,150,120,1.2500,0.0000,587,116,357,114
699,141045692,azul,verde,art3miz_0.1,azul,0,-3,20,90,120,0.7500,0.0000,311,79,157,75
699,141045692,azul,vermelho,heuristica,azul,0,-3,20,120,120,1.0000,0.0000,726,132,470,124
699,141045692,azul,azul,heuristica,azul,1,3,20,30,0,30.0000,0.0000,503,28,451,24
700,893437542,verde,verde,art3miz_0.1,verde,1,3,15,30,0,30.0000,0.0000,74,2,72,0
700,893437542,verde,vermelho,heuristica,verde,0,-3,15,110,110,1.0000,0.0714,521,97,333,91
700,893437542,verde,azul,heuristica,verde,0,-3,15,80,110,0.7273,0.3333,343,100,147,96
701,1356990828,vermelho,verde,art3miz_0.1,vermelho,0,-3,22,120,110,1.0909,0.1429,448,110,239,99
701,1356990828,vermelho,vermelho,heuristica,vermelho,1,3,22,20,0,20.0000,0.2273,536,27,485,24
701,1356990828,vermelho,azul,heuristica,vermelho,0,-3,22,90,120,0.7500,0.0000,278,79,124,75
702,758057594,azul,verde,art3miz_0.1,verde,1,3,18,30,30,1.0000,0.1176,213,28,160,25
702,758057594,azul,vermelho,heuristica,verde,0,-3,18,70,110,0.6364,0.6000,283,81,127,75
702,758057594,azul,azul,heuristica,verde,0,-3,18,140,100,1.4000,0.2941,714,149,416,149
703,1224258741,verde,verde,art3miz_0.1,empate,0,-1,100,60,120,0.5000,0.8333,236,74,97,65
703,1224258741,verde,vermelho,heuristica,empate,0,-1,100,120,60,2.0000,0.0500,1586,146,1347,93
703,1224258741,verde,azul,heuristica,empate,0,-1,100,0,0,0.0000,0.0000,1627,2,1625,0
704,1738688665,vermelho,verde,art3miz_0.1,azul,0,-3,32,90,120,0.7500,0.0000,377,90,206,81
704,1738688665,vermelho,vermelho,heuristica,azul,0,-3,32,150,120,1.2500,0.0000,952,116,723,113
704,1738688665,vermelho,azul,heuristica,azul,1,3,32,30,30,1.0000,0.0625,735,17,702,16
705,284656161,azul,verde,art3miz_0.1,vermelho,0,-3,19,120,120,1.0000,0.1111,326,80,171,75
705,284656161,azul,vermelho,heuristica,vermelho,1,3,19,30,0,30.0000,0.0556,443,27,391,25
705,284656161,azul,azul,heuristica,vermelho,0,-3,19,90,120,0.7500,0.2857,372,96,176,100
706,1037174125,verde,verde,art3miz_0.1,azul,0,-3,16,90,120,0.7500,0.0000,242,80,87,75
706,1037174125,verde,vermelho,heuristica,azul,0,-3,16,120,120,1.0000,0.0000,613,105,408,100
706,1037174125,verde,azul,heuristica,azul,1,3,16,30,0,30.0000,0.3125,599,101,398,100
707,1145925364,vermelho,verde,art3miz_0.1,azul,0,-3,21,90,120,0.7500,0.0000,277,79,123,75
707,1145925364,vermelho,vermelho,heuristica,azul,0,-3,21,150,120,1.2500,0.0000,791,140,510,141
707,1145925364,vermelho,azul,heuristica,azul,1,3,21,30,30,1.0000,0.0000,535,18,501,16
708,79466218,azul,verde,art3miz_0.1,vermelho,0,-3,17,120,120,1.0000,0.1875,481,134,223,124
708,79466218,azul,vermelho,heuristica,vermelho,1,3,17,30,0,30.0000,0.1875,455,44,361,50
708,79466218,azul,azul,heuristica,vermelho,0,-3,17,90,120,0.7500,0.2000,449,99,251,99
709,508015536,verde,verde,art3miz_0.1,vermelho,0,-3,49,60,120,0.5000,0.0455,543,81,387,75
709,508015536,verde,vermelho,heuristica,vermelho,1,3,49,50,60,0.8333,0.0612,956,70,813,73
709,508015536,verde,azul,heuristica,vermelho,0,-3,49,180,110,1.6364,0.0833,1378,152,1085,141
710,302173163,vermelho,verde,art3miz_0.1,empate,0,-1,100,90,120,0.7500,0.0000,296,79,142,75
710,302173163,vermelho,vermelho,heuristica,empate,0,-1,100,120,90,1.3333,0.0500,2774,124,2525,125
710,302173163,vermelho,azul,heuristica,empate,0,-1,100,0,0,0.0000,0.3500,4134,869,2432,833
711,491820749,azul,verde,art3miz_0.1,azul,0,-3,21,90,120,0.7500,0.0000,267,81,111,75
711,491820749,azul,vermelho,heuristica,azul,0,-3,21,150,120,1.2500,0.0000,745,137,479,129
711,491820749,azul,azul,heuristica,azul,1,3,21,30,30,1.0000,0.0000,528,17,496,15
712,247657394,verde,verde,art3miz_0.1,azul,0,-3,14,120,120,1.0000,0.0000,311,80,156,75
712,247657394,verde,vermelho,heuristica,azul,0,-3,14,90,120,0.7500,0.0000,455,95,261,99
712,247657394,verde,azul,heuristica,azul,1,3,14,30,0,30.0000,0.1429,456,52,354,50
713,1776086572,vermelho,verde,art3miz_0.1,azul,0,-3,20,150,120,1.2500,0.1579,525,132,271,122
713,1776086572,vermelho,vermelho,heuristica,azul,0,-3,20,90,120,0.7500,0.0909,406,91,232,83
713,1776086572,vermelho,azul,heuristica,azul,1,3,20,30,30,1.0000,0.0500,515,26,465,24
714,1632761478,azul,verde,art3miz_0.1,azul,0,-3,20,90,120,0.7500,0.0769,264,78,111,75
714,1632761478,azul,vermelho,heuristica,azul,0,-3,20,150,120,1.2500,0.0000,727,133,469,125
714,1632761478,azul,azul,heuristica,azul,1,3,20,30,30,1.0000,0.3000,535,25,486,24
715,231975991,verde,verde,art3miz_0.1,vermelho,0,-3,14,60,110,0.5455,0.1818,307,85,172,50
715,231975991,verde,vermelho,heuristica,vermelho,1,3,14,140,60,2.3333,0.0714,696,200,349,147
715,231975991,verde,azul,heuristica,vermelho,0,-3,14,90,120,0.7500,0.1538,551,110,318,123
716,733326103,vermelho,verde,art3miz_0.1,azul,0,-3,14,90,120,0.7500,0.0000,241,80,86,75
716,733326103,vermelho,vermelho,heuristica,azul,0,-3,14,120,120,1.0000,0.0000,563,105,358,100
716,733326103,vermelho,azul,heuristica,azul,1,3,14,30,0,30.0000,0.0714,493,67,351,75
717,1411364412,azul,verde,art3miz_0.1,vermelho,0,-3,12,120,110,1.0909,0.3636,359,99,169,91
717,1411364412,azul,vermelho,heuristica,vermelho,1,3,12,30,0,30.0000,0.0909,329,27,277,25
717,1411364412,azul,azul,heuristica,vermelho,0,-3,12,80,120,0.6667,0.2857,313,74,170,69
718,1200314224,verde,verde,art3miz_0.1,vermelho,0,-3,31,150,120,1.2500,0.0000,665,154,373,138
718,1200314224,verde,vermelho,heuristica,vermelho,1,3,31,30,30,1.0000,0.0323,845,47,748,50
718,1200314224,verde,azul,heuristica,vermelho,0,-3,31,90,120,0.7500,0.0000,436,95,254,87
719,1259110644,vermelho,verde,art3miz_0.1,vermelho,0,-3,21,160,110,1.4545,0.3000,654,155,349,150
719,1259110644,vermelho,vermelho,heuristica,vermelho,1,3,21,60,60,1.0000,0.0000,629,53,526,50
719,1259110644,vermelho,azul,heuristica,vermelho,0,-3,21,50,100,0.5000,0.2308,532,105,327,100
720,447719130,azul,verde,art3miz_0.1,empate,0,-1,100,90,120,0.7500,0.0909,382,106,178,98
720,447719130,azul,vermelho,heuristica,empate,0,-1,100,0,0,0.0000,0.0000,1995,15,1966,14
720,447719130,azul,azul,heuristica,empate,0,-1,100,120,90,1.3333,0.0100,2352,110,2137,105
721,1722184469,verde,verde,art3miz_0.1,vermelho,0,-3,12,120,120,1.0000,0.0000,357,106,151,100
721,1722184469,verde,vermelho,heuristica,vermelho,1,3,12,30,0,30.0000,0.0833,341,27,289,25
721,1722184469,verde,azul,heuristica,vermelho,0,-3,12,90,120,0.7500,0.0000,400,101,199,100
722,327044082,vermelho,verde,art3miz_0.1,verde,1,3,11,30,30,1.0000,0.3000,105,20,68,17
722,327044082,vermelho,vermelho,heuristica,verde,0,-3,11,90,120,0.7500,0.0000,348,99,150,99
722,327044082,vermelho,azul,heuristica,verde,0,-3,11,150,120,1.2500,0.0000,474,122,238,114
723,592593125,azul,verde,art3miz_0.1,vermelho,0,-3,19,180,110,1.6364,0.2778,649,155,344,150
723,592593125,azul,vermelho,heuristica,vermelho,1,3,19,60,60,1.0000,0.0556,534,53,432,49
723,592593125,azul,azul,heuristica,vermelho,0,-3,19,50,120,0.4167,0.2727,482,106,276,100
724,580558835,verde,verde,art3miz_0.1,azul,0,-3,13,90,120,0.7500,0.0000,234,55,130,49
724,580558835,verde,vermelho,heuristica,azul,0,-3,13,120,120,1.0000,0.2308,535,130,283,122
724,580558835,verde,azul,heuristica,azul,1,3,13,60,30,2.0000,0.0000,384,56,295,33
725,1641414582,vermelho,verde,art3miz_0.1,verde,1,3,15,30,30,1.0000,0.0000,147,28,94,25
725,1641414582,vermelho,vermelho,heuristica,verde,0,-3,15,90,100,0.9000,0.3750,400,105,196,99
725,1641414582,vermelho,azul,heuristica,verde,0,-3,15,130,120,1.0833,0.5000,639,145,348,146
726,1314131657,azul,verde,art3miz_0.1,empate,0,-1,100,0,0,0.0000,0.0000,1962,49,1913,0
726,1314131657,azul,vermelho,heuristica,empate,0,-1,100,0,0,0.0000,0.0202,2543,0,2543,0
726,1314131657,azul,azul,heuristica,empate,0,-1,100,0,0,0.0000,0.0000,1346,49,1297,0
727,2077249961,verde,verde,art3miz_0.1,azul,0,-3,11,120,120,1.0000,0.0000,376,107,169,100
727,2077249961,verde,vermelho,heuristica,azul,0,-3,11,90,120,0.7500,0.0000,355,105,150,100
727,2077249961,verde,azul,heuristica,azul,1,3,11,30,0,30.0000,0.0000,332,27,280,25
728,626421707,vermelho,verde,art3miz_0.1,azul,0,-3,25,90,120,0.7500,0.0000,262,79,108,75
728,626421707,vermelho,vermelho,heuristica,azul,0,-3,25,120,120,1.0000,0.0000,786,103,586,97
728,626421707,vermelho,azul,heuristica,azul,1,3,25,30,0,30.0000,0.0800,634,29,573,32
729,1432468837,azul,verde,art3miz_0.1,vermelho,0,-3,19,120,120,1.0000,0.0556,489,108,281,100
729,1432468837,azul,vermelho,heuristica,vermelho,1,3,19,30,0,30.0000,0.0000,486,27,434,25
729,1432468837,azul,azul,heuristica,vermelho,0,-3,19,90,120,0.7500,0.1000,456,104,252,100
730,2024764721,verde,verde,art3miz_0.1,azul,0,-3,19,120,120,1.0000,0.0526,521,159,267,95
730,2024764721,verde,vermelho,heuristica,azul,0,-3,19,60,120,0.5000,0.0625,561,104,382,75
730,2024764721,verde,azul,heuristica,azul,1,3,19,150,90,1.6667,0.0000,676,132,424,120
731,1142105127,vermelho,verde,art3miz_0.1,azul,0,-3,11,90,120,0.7500,0.0000,282,99,108,75
731,1142105127,vermelho,vermelho,heuristica,azul,0,-3,11,120,120,1.0000,0.0909,549,141,261,147
731,1142105127,vermelho,azul,heuristica,azul,1,3,11,30,0,30.0000,0.0909,317,27,265,25
732,356399633,azul,verde,art3miz_0.1,empate,0,-1,100,80,120,0.6667,0.5000,242,80,87,75
732,356399633,azul,vermelho,heuristica,empate,0,-1,100,0,0,0.0000,0.0000,1266,24,1222,20
732,356399633,azul,azul,heuristica,empate,0,-1,100,120,80,1.5000,0.0200,2300,105,2095,100
733,275188426,verde,verde,art3miz_0.1,azul,0,-3,11,120,120,1.0000,0.0000,368,107,163,98
733,275188426,verde,vermelho,heuristica,azul,0,-3,11,90,120,0.7500,0.0000,255,79,101,75
733,275188426,verde,azul,heuristica,azul,1,3,11,30,0,30.0000,0.0000,322,26,273,23
734,1434154751,vermelho,verde,art3miz_0.1,azul,0,-3,21,150,120,1.2500,0.0000,642,173,298,171
734,1434154751,vermelho,vermelho,heuristica,azul,0,-3,21,90,120,0.7500,0.0000,338,100,142,96
734,1434154751,vermelho,azul,heuristica,azul,1,3,21,30,30,1.0000,0.0000,515,26,464,25
735,1801140829,azul,verde,art3miz_0.1,verde,1,3,17,20,30,0.6667,0.0625,325,36,264,25
735,1801140829,azul,vermelho,heuristica,verde,0,-3,17,90,110,0.8182,0.1429,477,106,300,71
735,1801140829,azul,azul,heuristica,verde,0,-3,17,140,110,1.2727,0.2500,785,254,361,170
736,1993507864,verde,verde,art3miz_0.1,empate,0,-1,100,90,120,0.7500,0.0000,241,80,86,75
736,1993507864,verde,vermelho,heuristica,empate,0,-1,100,0,0,0.0000,0.0000,1892,0,1892,0
736,1993507864,verde,azul,heuristica,empate,0,-1,100,120,90,1.3333,0.0000,2122,105,1917,100
737,2023364721,vermelho,verde,art3miz_0.1,azul,0,-3,14,100,120,0.8333,0.3077,427,107,220,100
737,2023364721,vermelho,vermelho,heuristica,azul,0,-3,14,90,100,0.9000,0.5000,452,100,252,100
737,2023364721,vermelho,azul,heuristica,azul,1,3,14,30,0,30.0000,0.0714,415,27,363,25
738,134698184,azul,verde,art3miz_0.1,azul,0,-3,35,90,120,0.7500,0.0000,266,81,110,75
738,134698184,azul,vermelho,heuristica,azul,0,-3,35,150,120,1.2500,0.0000,1114,132,857,125
738,134698184,azul,azul,heuristica,azul,1,3,35,30,30,1.0000,0.1143,1073,105,849,119
739,1583040395,verde,verde,art3miz_0.1,verde,1,3,10,30,0,30.0000,0.0000,57,2,55,0
739,1583040395,verde,vermelho,heuristica,verde,0,-3,10,90,120,0.7500,0.1429,380,104,176,100
739,1583040395,verde,azul,heuristica,verde,0,-3,10,120,120,1.0000,0.2222,434,106,228,100
740,1032295844,vermelho,verde,art3miz_0.1,verde,1,3,18,30,30,1.0000,0.0588,136,28,83,25
740,1032295844,vermelho,vermelho,heuristica,verde,0,-3,18,80,110,0.7273,0.3077,583,132,326,125
740,1032295844,vermelho,azul,heuristica,verde,0,-3,18,140,110,1.2727,0.4706,865,218,422,225
741,1889624383,azul,verde,art3miz_0.1,vermelho,0,-3,18,150,120,1.2500,0.0000,489,130,242,117
741,1889624383,azul,vermelho,heuristica,vermelho,1,3,18,60,30,2.0000,0.1176,517,53,414,50
741,1889624383,azul,azul,heuristica,vermelho,0,-3,18,60,120,0.5000,0.0769,489,94,305,90
742,1838169115,verde,verde,art3miz_0.1,verde,1,3,16,30,0,30.0000,0.0000,173,29,120,24
742,1838169115,verde,vermelho,heuristica,verde,0,-3,16,90,120,0.7500,0.0000,392,119,206,67
742,1838169115,verde,azul,heuristica,verde,0,-3,16,120,120,1.0000,0.0000,548,143,320,85
743,532023419,vermelho,verde,art3miz_0.1,azul,0,-3,20,80,110,0.7273,0.2727,281,90,110,81
743,532023419,vermelho,vermelho,heuristica,azul,0,-3,20,140,110,1.2727,0.3000,729,149,437,143
743,532023419,vermelho,azul,heuristica,azul,1,3,20,30,30,1.0000,0.1000,569,46,477,46
744,1693007723,azul,verde,art3miz_0.1,verde,1,3,12,30,0,30.0000,0.0000,64,2,62,0
744,1693007723,azul,vermelho,heuristica,verde,0,-3,12,120,120,1.0000,0.0000,459,105,254,100
744,1693007723,azul,azul,heuristica,verde,0,-3,12,90,120,0.7500,0.0000,376,100,176,100
745,685610348,verde,verde,art3miz_0.1,vermelho,0,-3,20,90,120,0.7500,0.0000,299,80,144,75
745,685610348,verde,vermelho,heuristica,vermelho,1,3,20,30,0,30.0000,0.1000,516,25,469,22
745,685610348,verde,azul,heuristica,vermelho,0,-3,20,120,120,1.0000,0.0000,718,128,468,122
746,226624391,vermelho,verde,art3miz_0.1,vermelho,0,-3,23,100,120,0.8333,0.1818,491,108,286,97
746,226624391,vermelho,vermelho,heuristica,vermelho,1,3,23,30,0,30.0000,0.0000,574,29,521,24
746,226624391,vermelho,azul,heuristica,vermelho,0,-3,23,90,100,0.9000,0.2857,491,78,339,74
747,104280143,azul,verde,art3miz_0.1,empate,0,-1,100,90,120,0.7500,0.1538,265,79,112,74
747,104280143,azul,vermelho,heuristica,empate,0,-1,100,120,90,1.3333,0.0000,2186,101,1989,96
747,104280143,azul,azul,heuristica,empate,0,-1,100,0,0,0.0000,0.0000,1755,0,1755,0
748,5114185,verde,verde,art3miz_0.1,verde,1,3,18,30,0,30.0000,0.0000,220,29,166,25
748,5114185,verde,vermelho,heuristica,verde,0,-3,18,90,120,0.7500,0.0000,318,78,168,72
748,5114185,verde,azul,heuristica,verde,0,-3,18,120,120,1.0000,0.1176,637,112,408,117
749,2053688377,vermelho,verde,art3miz_0.1,verde,1,3,23,90,60,1.5000,0.0455,281,77,133,71
749,2053688377,vermelho,vermelho,heuristica,verde,0,-3,23,160,120,1.3333,0.1364,845,173,509,163
749,2053688377,vermelho,azul,heuristica,verde,0,-3,23,30,100,0.3000,0.5000,304,77,152,75
750,1451533353,azul,verde,art3miz_0.1,azul,0,-3,12,90,120,0.7500,0.0000,256,80,101,75
750,1451533353,azul,vermelho,heuristica,azul,0,-3,12,120,120,1.0000,0.0000,486,105,281,100
750,1451533353,azul,azul,heuristica,azul,1,3,12,30,0,30.0000,0.0000,473,97,266,110
751,1017531994,verde,verde,art3miz_0.1,verde,1,3,39,30,0,30.0000,0.0513,216,2,214,0
751,1017531994,verde,vermelho,heuristica,verde,0,-3,39,90,110,0.8182,0.1429,296,70,161,65
751,1017531994,verde,azul,heuristica,verde,0,-3,39,110,120,0.9167,0.0789,1116,116,889,111
752,40908190,vermelho,verde,art3miz_0.1,vermelho,0,-3,20,90,120,0.7500,0.2000,254,79,102,73
752,40908190,vermelho,vermelho,heuristica,vermelho,1,3,20,30,0,30.0000,0.0000,498,16,467,15
752,40908190,vermelho,azul,heuristica,vermelho,0,-3,20,120,120,1.0000,0.2105,657,104,454,99
753,1141767897,azul,verde,art3miz_0.1,verde,1,3,20,30,0,30.0000,0.0000,105,2,103,0
753,1141767897,azul,vermelho,heuristica,verde,0,-3,20,120,120,1.0000,0.0000,598,100,398,100
753,1141767897,azul,azul,heuristica,verde,0,-3,20,90,120,0.7500,0.0000,338,63,215,60
754,1257839479,verde,verde,art3miz_0.1,azul,0,-3,22,120,100,1.2000,0.4091,659,175,343,141
754,1257839479,verde,vermelho,heuristica,azul,0,-3,22,50,100,0.5000,0.5000,568,146,298,124
754,1257839479,verde,azul,heuristica,azul,1,3,22,80,50,1.6000,0.4545,934,222,521,191
755,1364339178,vermelho,verde,art3miz_0.1,azul,0,-3,23,150,110,1.3636,0.0909,657,153,354,150
755,1364339178,vermelho,vermelho,heuristica,azul,0,-3,23,80,120,0.6667,0.1111,383,80,228,75
755,1364339178,vermelho,azul,heuristica,azul,1,3,23,30,30,1.0000,0.0000,630,42,538,50
756,1135458689,azul,verde,art3miz_0.1,vermelho,0,-3,14,150,120,1.2500,0.0000,489,132,234,123
756,1135458689,azul,vermelho,heuristica,vermelho,1,3,14,30,30,1.0000,0.0769,370,24,324,22
756,1135458689,azul,azul,heuristica,vermelho,0,-3,14,90,120,0.7500,0.0000,400,76,252,72
757,1648737985,verde,verde,art3miz_0.1,azul,0,-3,14,160,100,1.6000,0.3571,532,143,250,139
757,1648737985,verde,vermelho,heuristica,azul,0,-3,14,80,100,0.8000,0.4286,306,75,160,71
757,1648737985,verde,azul,heuristica,azul,1,3,14,20,60,0.3333,0.2857,438,47,347,44
758,487316115,vermelho,verde,art3miz_0.1,azul,0,-3,10,80,100,0.8000,0.2500,301,114,137,50
758,487316115,vermelho,vermelho,heuristica,azul,0,-3,10,120,110,1.0909,0.5000,598,227,246,125
758,487316115,vermelho,azul,heuristica,azul,1,3,10,90,80,1.1250,0.4000,507,129,253,125
759,1847801574,azul,verde,art3miz_0.1,empate,0,-1,100,0,0,0.0000,0.0101,1825,42,1783,0
759,1847801574,azul,vermelho,heuristica,empate,0,-1,100,120,90,1.3333,0.0000,1876,145,1628,103
759,1847801574,azul,azul,heuristica,empate,0,-1,100,90,120,0.7500,0.0000,399,68,266,65
760,1643984056,verde,verde,art3miz_0.1,empate,0,-1,100,0,0,0.0000,0.0100,2130,51,2079,0
760,1643984056,verde,vermelho,heuristica,empate,0,-1,100,0,0,0.0000,0.0300,2329,0,2329,0
760,1643984056,verde,azul,heuristica,empate,0,-1,100,0,0,0.0000,0.0000,2059,49,2010,0
761,791159585,vermelho,verde,art3miz_0.1,verde,1,3,43,30,30,1.0000,0.2381,273,27,221,25
761,791159585,vermelho,vermelho,heuristica,verde,0,-3,43,150,120,1.2500,0.0476,1144,135,873,136
761,791159585,vermelho,azul,heuristica,verde,0,-3,43,90,120,0.7500,0.0000,377,84,213,80
762,1362632934,azul,verde,art3miz_0.1,verde,1,3,20,90,10,9.0000,0.1579,490,112,309,69
762,1362632934,azul,vermelho,heuristica,verde,0,-3,20,60,120,0.5000,0.1429,436,51,336,49
762,1362632934,azul,azul,heuristica,verde,0,-3,20,100,120,0.8333,0.1579,827,212,427,188
763,377733151,verde,verde,art3miz_0.1,azul,0,-3,28,150,120,1.2500,0.1071,514,122,280,112
763,377733151,verde,vermelho,heuristica,azul,0,-3,28,90,120,0.7500,0.0000,345,71,209,65
763,377733151,verde,azul,heuristica,azul,1,3,28,30,30,1.0000,0.0000,716,44,622,50
764,1420768891,vermelho,verde,art3miz_0.1,verde,1,3,16,20,0,20.0000,0.0667,176,29,122,25
764,1420768891,vermelho,vermelho,heuristica,verde,0,-3,16,90,110,0.8182,0.0833,503,100,303,100
764,1420768891,vermelho,azul,heuristica,verde,0,-3,16,110,110,1.0000,0.2000,734,182,377,175
765,2044870516,azul,verde,art3miz_0.1,azul,0,-3,24,50,100,0.5000,0.2500,644,193,351,100
765,2044870516,azul,vermelho,heuristica,azul,0,-3,24,190,120,1.5833,0.2609,1057,277,563,217
765,2044870516,azul,azul,heuristica,azul,1,3,24,70,90,0.7778,0.1667,829,122,588,119
766,1006327128,verde,verde,art3miz_0.1,azul,0,-3,19,150,120,1.2500,0.0000,597,136,339,122
766,1006327128,verde,vermelho,heuristica,azul,0,-3,19,90,120,0.7500,0.0000,524,100,325,99
766,1006327128,verde,azul,heuristica,azul,1,3,19,30,30,1.0000,0.0526,502,28,449,25
767,336700548,vermelho,verde,art3miz_0.1,azul,0,-3,16,90,120,0.7500,0.0000,234,76,89,69
767,336700548,vermelho,vermelho,heuristica,azul,0,-3,16,120,120,1.0000,0.0625,692,155,390,147
767,336700548,vermelho,azul,heuristica,azul,1,3,16,30,0,30.0000,0.1250,460,44,371,45
768,715912012,azul,verde,art3miz_0.1,empate,0,-1,100,120,90,1.3333,0.0404,2022,142,1781,99
768,715912012,azul,vermelho,heuristica,empate,0,-1,100,90,120,0.7500,0.0000,402,103,201,98
768,715912012,azul,azul,heuristica,empate,0,-1,100,0,0,0.0000,0.0100,2121,35,2086,0
769,481883728,verde,verde,art3miz_0.1,azul,0,-3,12,150,120,1.2500,0.0000,378,118,151,109
769,481883728,verde,vermelho,heuristica,azul,0,-3,12,90,120,0.7500,0.0000,317,72,177,68
769,481883728,verde,azul,heuristica,azul,1,3,12,30,30,1.0000,0.0833,354,27,302,25
770,1614053631,vermelho,verde,art3miz_0.1,azul,0,-3,21,90,110,0.8182,0.1667,241,80,86,75
770,1614053631,vermelho,vermelho,heuristica,azul,0,-3,21,140,120,1.1667,0.0476,734,121,499,114
770,1614053631,vermelho,azul,heuristica,azul,1,3,21,30,30,1.0000,0.0952,526,18,492,16
771,1276108841,azul,verde,art3miz_0.1,vermelho,0,-3,13,90,120,0.7500,0.0000,212,70,77,65
771,1276108841,azul,vermelho,heuristica,vermelho,1,3,13,30,30,1.0000,0.0833,354,27,302,25
771,1276108841,azul,azul,heuristica,vermelho,0,-3,13,150,120,1.2500,0.0000,570,165,254,151
772,628933363,verde,verde,art3miz_0.1,verde,1,3,13,60,0,60.0000,0.0000,218,82,86,50
772,628933363,verde,vermelho,heuristica,verde,0,-3,13,90,120,0.7500,0.0000,397,77,242,78
772,628933363,verde,azul,heuristica,verde,0,-3,13,90,120,0.7500,0.0833,402,68,269,65
773,266047734,vermelho,verde,art3miz_0.1,azul,0,-3,16,120,110,1.0909,0.2667,422,104,221,97
773,266047734,vermelho,vermelho,heuristica,azul,0,-3,16,80,120,0.6667,0.1818,479,103,277,99
773,266047734,vermelho,azul,heuristica,azul,1,3,16,30,0,30.0000,0.0000,418,19,382,17
774,437958854,azul,verde,art3miz_0.1,vermelho,0,-3,16,120,120,1.0000,0.0000,478,108,270,100
774,437958854,azul,vermelho,heuristica,vermelho,1,3,16,30,0,30.0000,0.0667,405,27,353,25
774,437958854,azul,azul,heuristica,vermelho,0,-3,16,90,120,0.7500,0.0000,503,100,303,100
775,882820366,verde,verde,art3miz_0.1,azul,0,-3,19,110,120,0.9167,0.0526,434,97,247,90
775,882820366,verde,vermelho,heuristica,azul,0,-3,19,90,110,0.8182,0.1429,283,71,147,65
775,882820366,verde,azul,heuristica,azul,1,3,19,30,0,30.0000,0.1053,508,27,457,24
776,2103879765,vermelho,verde,art3miz_0.1,azul,0,-3,12,120,120,1.0000,0.0000,304,82,147,75
776,2103879765,vermelho,vermelho,heuristica,azul,0,-3,12,90,120,0.7500,0.0000,331,79,177,75
776,2103879765,vermelho,azul,heuristica,azul,1,3,12,30,0,30.0000,0.0000,358,27,306,25
777,1878469685,azul,verde,art3miz_0.1,verde,1,3,18,30,0,30.0000,0.0588,198,29,144,25
777,1878469685,azul,vermelho,heuristica,verde,0,-3,18,90,120,0.7500,0.0000,388,68,256,64
777,1878469685,azul,azul,heuristica,verde,0,-3,18,120,120,1.0000,0.0000,581,101,382,98
778,260653707,verde,verde,art3miz_0.1,azul,0,-3,20,70,100,0.7000,0.1667,262,80,107,75
778,260653707,verde,vermelho,heuristica,azul,0,-3,20,100,100,1.0000,0.2500,698,110,488,100
778,260653707,verde,azul,heuristica,azul,1,3,20,30,0,30.0000,0.0500,420,18,387,15
779,2055886471,vermelho,verde,art3miz_0.1,vermelho,0,-3,19,90,120,0.7500,0.0000,240,75,96,69
779,2055886471,vermelho,vermelho,heuristica,vermelho,1,3,19,30,0,30.0000,0.0000,499,17,466,16
779,2055886471,vermelho,azul,heuristica,vermelho,0,-3,19,120,120,1.0000,0.0556,679,121,439,119
780,181546477,azul,verde,art3miz_0.1,vermelho,0,-3,22,90,120,0.7500,0.0000,264,79,110,75
780,181546477,azul,vermelho,heuristica,vermelho,1,3,22,30,0,30.0000,0.1905,525,18,491,16
780,181546477,azul,azul,heuristica,vermelho,0,-3,22,120,120,1.0000,0.0000,748,119,513,116
781,1696711507,verde,verde,art3miz_0.1,azul,0,-3,25,120,120,1.0000,0.1600,561,136,300,125
781,1696711507,verde,vermelho,heuristica,azul,0,-3,25,90,120,0.7500,0.0000,306,79,152,75
781,1696711507,verde,azul,heuristica,azul,1,3,25,30,0,30.0000,0.0800,664,53,561,50
782,1229825111,vermelho,verde,art3miz_0.1,verde,1,3,16,30,0,30.0000,0.3333,93,2,91,0
782,1229825111,vermelho,vermelho,heuristica,verde,0,-3,16,120,120,1.0000,0.0000,578,115,351,112
782,1229825111,vermelho,azul,heuristica,verde,0,-3,16,90,120,0.7500,0.2222,451,120,216,115
783,1997479060,azul,verde,art3miz_0.1,empate,0,-1,100,120,90,1.3333,0.0000,2222,137,1998,87
783,1997479060,azul,vermelho,heuristica,empate,0,-1,100,0,0,0.0000,0.0000,1765,41,1724,0
783,1997479060,azul,azul,heuristica,empate,0,-1,100,90,120,0.7500,0.0000,458,92,278,88
784,443438607,verde,verde,art3miz_0.1,verde,1,3,13,30,30,1.0000,0.0769,162,27,110,25
784,443438607,verde,vermelho,heuristica,verde,0,-3,13,90,120,0.7500,0.0000,277,73,137,67
784,443438607,verde,azul,heuristica,verde,0,-3,13,150,120,1.2500,0.0833,535,126,291,118
785,1255488848,vermelho,verde,art3miz_0.1,vermelho,0,-3,12,150,120,1.2500,0.1818,427,135,168,124
785,1255488848,vermelho,vermelho,heuristica,vermelho,1,3,12,30,30,1.0000,0.0833,336,26,286,24
785,1255488848,vermelho,azul,heuristica,vermelho,0,-3,12,90,120,0.7500,0.0000,412,113,199,100
786,1713663468,azul,verde,art3miz_0.1,vermelho,0,-3,25,90,120,0.7500,0.1429,231,73,89,69
786,1713663468,azul,vermelho,heuristica,vermelho,1,3,25,30,30,1.0000,0.1250,618,29,557,32
786,1713663468,azul,azul,heuristica,vermelho,0,-3,25,150,120,1.2500,0.0833,842,140,571,131
787,1326665035,verde,verde,art3miz_0.1,vermelho,0,-3,21,120,120,1.0000,0.0000,383,82,226,75
787,1326665035,verde,vermelho,heuristica,vermelho,1,3,21,30,0,30.0000,0.0476,477,21,437,19
787,1326665035,verde,azul,heuristica,vermelho,0,-3,21,90,120,0.7500,0.0000,378,79,224,75
788,1485550945,vermelho,verde,art3miz_0.1,azul,0,-3,16,150,120,1.2500,0.0667,435,111,224,100
788,1485550945,vermelho,vermelho,heuristica,azul,0,-3,16,90,120,0.7500,0.2500,397,96,201,100
788,1485550945,vermelho,azul,heuristica,azul,1,3,16,30,30,1.0000,0.3750,461,57,351,53
789,255725471,azul,verde,art3miz_0.1,azul,0,-3,18,120,100,1.2000,0.0588,355,79,202,74
789,255725471,azul,vermelho,heuristica,azul,0,-3,18,90,120,0.7500,0.0000,527,94,335,98
789,255725471,azul,azul,heuristica,azul,1,3,18,10,0,10.0000,0.1667,474,52,372,50
790,388207685,verde,verde,art3miz_0.1,verde,1,3,15,30,30,1.0000,0.0000,133,28,82,23
790,388207685,verde,vermelho,heuristica,verde,0,-3,15,150,120,1.2500,0.0000,570,140,320,110
790,388207685,verde,azul,heuristica,verde,0,-3,15,90,120,0.7500,0.0000,413,113,185,115
791,230858913,vermelho,verde,art3miz_0.1,verde,1,3,25,30,0,30.0000,0.1250,180,29,127,24
791,230858913,vermelho,vermelho,heuristica,verde,0,-3,25,100,120,0.8333,0.0833,846,149,552,145
791,230858913,vermelho,azul,heuristica,verde,0,-3,25,90,100,0.9000,0.0667,461,69,326,66
792,497945140,azul,verde,art3miz_0.1,empate,0,-1,100,0,0,0.0000,0.0202,1330,44,1286,0
792,497945140,azul,vermelho,heuristica,empate,0,-1,100,0,0,0.0000,0.0000,802,44,758,0
792,497945140,azul,azul,heuristica,empate,0,-1,100,0,0,0.0000,0.4300,2555,0,2555,0
793,1672875716,verde,verde,art3miz_0.1,azul,0,-3,16,90,120,0.7500,0.0000,212,65,88,59
793,1672875716,verde,vermelho,heuristica,azul,0,-3,16,120,120,1.0000,0.0000,520,89,347,84
793,1672875716,verde,azul,heuristica,azul,1,3,16,30,0,30.0000,0.0625,431,18,397,16
794,1703592542,vermelho,verde,art3miz_0.1,vermelho,0,-3,24,90,120,0.7500,0.0000,230,70,95,65
794,1703592542,vermelho,vermelho,heuristica,vermelho,1,3,24,30,0,30.0000,0.0417,602,18,568,16
794,1703592542,vermelho,azul,heuristica,vermelho,0,-3,24,120,120,1.0000,0.0000,773,123,529,121
795,524300311,azul,verde,art3miz_0.1,empate,0,-1,100,0,0,0.0000,0.0000,2009,47,1962,0
795,524300311,azul,vermelho,heuristica,empate,0,-1,100,0,0,0.0000,0.0101,2552,0,2552,0
795,524300311,azul,azul,heuristica,empate,0,-1,100,0,0,0.0000,0.0100,2023,47,1976,0
796,405532386,verde,verde,art3miz_0.1,azul,0,-3,12,120,120,1.0000,0.0000,291,87,124,80
796,405532386,verde,vermelho,heuristica,azul,0,-3,12,90,120,0.7500,0.0000,367,78,211,78
796,405532386,verde,azul,heuristica,azul,1,3,12,30,0,30.0000,0.1667,317,18,283,16
797,1140362201,vermelho,verde,art3miz_0.1,verde,1,3,9,30,0,30.0000,0.1250,53,2,51,0
797,1140362201,vermelho,vermelho,heuristica,verde,0,-3,9,90,100,0.9000,0.3333,303,78,151,74
797,1140362201,vermelho,azul,heuristica,verde,0,-3,9,100,120,0.8333,0.1250,404,104,201,99
798,2122964567,azul,verde,art3miz_0.1,vermelho,0,-3,18,50,100,0.5000,0.3529,370,83,212,75
798,2122964567,azul,vermelho,heuristica,vermelho,1,3,18,220,90,2.4444,0.5882,910,257,428,225
798,2122964567,azul,azul,heuristica,vermelho,0,-3,18,40,120,0.3333,0.5455,536,133,278,125
799,1850462464,verde,verde,art3miz_0.1,azul,0,-3,19,90,120,0.7500,0.0000,239,79,86,74
799,1850462464,verde,vermelho,heuristica,azul,0,-3,19,120,120,1.0000,0.0000,648,105,444,99
799,1850462464,verde,azul,heuristica,azul,1,3,19,30,0,30.0000,0.0000,484,19,449,16
800,1238786426,vermelho,verde,art3miz_0.1,vermelho,0,-3,25,150,120,1.2500,0.0000,519,181,217,121
800,1238786426,vermelho,vermelho,heuristica,vermelho,1,3,25,90,90,1.0000,0.0400,746,114,524,108
800,1238786426,vermelho,azul,heuristica,vermelho,0,-3,25,90,120,0.7500,0.0000,757,161,488,108
801,777418731,azul,verde,art3miz_0.1,verde,1,3,16,30,0,30.0000,0.0000,73,2,71,0
801,777418731,azul,vermelho,heuristica,verde,0,-3,16,120,120,1.0000,0.0714,498,93,318,87
801,777418731,azul,azul,heuristica,verde,0,-3,16,90,120,0.7500,0.0909,384,70,249,65
802,1650316423,verde,verde,art3miz_0.1,verde,1,3,20,30,30,1.0000,0.1000,216,28,163,25
802,1650316423,verde,vermelho,heuristica,verde,0,-3,20,90,100,0.9000,0.2000,485,70,350,65
802,1650316423,verde,azul,heuristica,verde,0,-3,20,130,120,1.0833,0.1053,654,120,422,112
803,1518169168,vermelho,verde,art3miz_0.1,vermelho,0,-3,17,60,110,0.5455,0.6667,336,109,127,100
803,1518169168,vermelho,vermelho,heuristica,vermelho,1,3,17,60,60,1.0000,0.2941,526,52,425,49
803,1518169168,vermelho,azul,heuristica,vermelho,0,-3,17,170,120,1.4167,0.2500,771,200,383,188
804,664454653,azul,verde,art3miz_0.1,verde,1,3,20,30,30,1.0000,0.0000,155,24,109,22
804,664454653,azul,vermelho,heuristica,verde,0,-3,20,150,120,1.2500,0.0556,710,144,430,136
804,664454653,azul,azul,heuristica,verde,0,-3,20,90,120,0.7500,0.0000,327,87,153,87
805,1222287018,verde,verde,art3miz_0.1,azul,0,-3,14,90,120,0.7500,0.0000,329,78,177,74
805,1222287018,verde,vermelho,heuristica,azul,0,-3,14,120,120,1.0000,0.0000,508,100,314,94
805,1222287018,verde,azul,heuristica,azul,1,3,14,30,0,30.0000,0.0000,347,17,316,14
806,1050928200,vermelho,verde,art3miz_0.1,azul,0,-3,14,90,120,0.7500,0.0000,314,79,160,75
806,1050928200,vermelho,vermelho,heuristica,azul,0,-3,14,150,100,1.5000,0.1429,654,156,348,150
806,1050928200,vermelho,azul,heuristica,azul,1,3,14,10,30,0.3333,0.0714,407,27,355,25
807,1496432766,azul,verde,art3miz_0.1,verde,1,3,24,30,30,1.0000,0.0000,202,28,149,25
807,1496432766,azul,vermelho,heuristica,verde,0,-3,24,150,120,1.2500,0.0000,767,130,509,128
807,1496432766,azul,azul,heuristica,verde,0,-3,24,90,120,0.7500,0.0000,402,68,269,65
808,1546097094,verde,verde,art3miz_0.1,azul,0,-3,43,90,120,0.7500,0.0000,285,81,129,75
808,1546097094,verde,vermelho,heuristica,azul,0,-3,43,120,120,1.0000,0.0233,1210,105,1005,100
808,1546097094,verde,azul,heuristica,azul,1,3,43,30,0,30.0000,0.0233,1041,29,980,32
809,153640283,vermelho,verde,art3miz_0.1,verde,1,3,11,30,0,30.0000,0.0000,169,58,77,34
809,153640283,vermelho,vermelho,heuristica,verde,0,-3,11,100,120,0.8333,0.2000,470,117,238,115
809,153640283,vermelho,azul,heuristica,verde,0,-3,11,90,100,0.9000,0.2222,364,72,224,68
810,1109067602,azul,verde,art3miz_0.1,vermelho,0,-3,29,80,120,0.6667,0.4000,465,122,228,115
810,1109067602,azul,vermelho,heuristica,vermelho,1,3,29,30,30,1.0000,0.2500,685,32,621,32
810,1109067602,azul,azul,heuristica,vermelho,0,-3,29,150,110,1.3636,0.2857,940,155,640,145
811,1182380079,verde,verde,art3miz_0.1,verde,1,3,22,30,0,30.0000,0.0909,260,29,206,25
811,1182380079,verde,vermelho,heuristica,verde,0,-3,22,120,120,1.0000,0.0476,647,95,462,90
811,1182380079,verde,azul,heuristica,verde,0,-3,22,90,120,0.7500,0.0000,273,57,163,53
812,995907090,vermelho,verde,art3miz_0.1,vermelho,0,-3,25,140,100,1.4000,0.2917,726,186,373,167
812,995907090,vermelho,vermelho,heuristica,vermelho,1,3,25,20,30,0.6667,0.1200,691,51,593,47
812,995907090,vermelho,azul,heuristica,vermelho,0,-3,25,80,110,0.7273,0.3333,645,149,355,141
813,2009703295,azul,verde,art3miz_0.1,empate,0,-1,100,0,0,0.0000,0.0000,4324,1203,2017,1104
813,2009703295,azul,vermelho,heuristica,empate,0,-1,100,0,0,0.0000,0.0000,2456,0,2456,0
813,2009703295,azul,azul,heuristica,empate,0,-1,100,0,0,0.0000,0.0100,2436,1,2435,0
814,2108967014,verde,verde,art3miz_0.1,verde,1,3,18,30,30,1.0000,0.1111,295,80,168,47
814,2108967014,verde,vermelho,heuristica,verde,0,-3,18,140,120,1.1667,0.0588,631,140,386,105
814,2108967014,verde,azul,heuristica,verde,0,-3,18,90,110,0.8182,0.0714,463,102,288,73
815,484446759,vermelho,verde,art3miz_0.1,vermelho,0,-3,11,120,120,1.0000,0.0000,316,97,129,90
815,484446759,vermelho,vermelho,heuristica,vermelho,1,3,11,30,0,30.0000,0.0000,324,24,278,22
815,484446759,vermelho,azul,heuristica,vermelho,0,-3,11,90,120,0.7500,0.0000,320,91,138,91
816,780071506,azul,verde,art3miz_0.1,empate,0,-1,100,0,0,0.0000,0.0000,2101,49,2052,0
816,780071506,azul,vermelho,heuristica,empate,0,-1,100,0,0,0.0000,0.0202,2511,0,2511,0
816,780071506,azul,azul,heuristica,empate,0,-1,100,0,0,0.0000,0.0100,2065,50,2015,0
817,853399628,verde,verde,art3miz_0.1,vermelho,0,-3,16,120,120,1.0000,0.0000,310,67,182,61
817,853399628,verde,vermelho,heuristica,vermelho,1,3,16,30,0,30.0000,0.0625,486,49,387,50
817,853399628,verde,azul,heuristica,vermelho,0,-3,16,90,120,0.7500,0.0000,264,67,135,62
818,1422126434,vermelho,verde,art3miz_0.1,vermelho,0,-3,18,90,120,0.7500,0.0000,242,78,92,72
818,1422126434,vermelho,vermelho,heuristica,vermelho,1,3,18,30,30,1.0000,0.2222,471,34,405,32
818,1422126434,vermelho,azul,heuristica,vermelho,0,-3,18,150,120,1.2500,0.0000,684,145,402,137
819,1002835612,azul,verde,art3miz_0.1,azul,0,-3,30,90,120,0.7500,0.0000,466,170,207,89
819,1002835612,azul,vermelho,heuristica,azul,0,-3,30,120,120,1.0000,0.0000,962,196,651,115
819,1002835612,azul,azul,heuristica,azul,1,3,30,60,30,2.0000,0.0000,1120,258,637,225
820,1448939825,verde,verde,art3miz_0.1,verde,1,3,26,30,30,1.0000,0.0769,254,28,201,25
820,1448939825,verde,vermelho,heuristica,verde,0,-3,26,90,120,0.7500,0.0000,413,67,283,63
820,1448939825,verde,azul,heuristica,verde,0,-3,26,150,120,1.2500,0.0400,789,131,531,127
821,379393432,vermelho,verde,art3miz_0.1,vermelho,0,-3,22,90,120,0.7500,0.0000,238,80,83,75
821,379393432,vermelho,vermelho,heuristica,vermelho,1,3,22,30,30,1.0000,0.0000,572,18,538,16
821,379393432,vermelho,azul,heuristica,vermelho,0,-3,22,150,120,1.2500,0.0000,716,122,478,116
822,2107298103,azul,verde,art3miz_0.1,verde,1,3,15,60,60,1.0000,0.0000,197,54,93,50
822,2107298103,azul,vermelho,heuristica,verde,0,-3,15,170,120,1.4167,0.3077,766,229,318,219
822,2107298103,azul,azul,heuristica,verde,0,-3,15,60,110,0.5455,0.4444,466,127,219,120
823,1528822464,verde,verde,art3miz_0.1,vermelho,0,-3,16,130,110,1.1818,0.5000,683,213,295,175
823,1528822464,verde,vermelho,heuristica,vermelho,1,3,16,160,70,2.2857,0.4375,745,211,384,150
823,1528822464,verde,azul,heuristica,vermelho,0,-3,16,10,120,0.0833,0.1250,277,56,196,25
824,1661114236,vermelho,verde,art3miz_0.1,vermelho,0,-3,38,150,120,1.2500,0.0541,534,106,332,96
824,1661114236,vermelho,vermelho,heuristica,vermelho,1,3,38,30,30,1.0000,0.0789,965,24,919,22
824,1661114236,vermelho,azul,heuristica,vermelho,0,-3,38,90,120,0.7500,0.0000,354,79,200,75
825,900874270,azul,verde,art3miz_0.1,empate,0,-1,100,0,0,0.0000,0.0000,2088,48,2040,0
825,900874270,azul,vermelho,heuristica,empate,0,-1,100,0,0,0.0000,0.0000,2034,49,1985,0
825,900874270,azul,azul,heuristica,empate,0,-1,100,0,0,0.0000,0.0100,1871,0,1871,0
826,1705519067,verde,verde,art3miz_0.1,azul,0,-3,25,120,120,1.0000,0.0400,437,90,267,80
826,1705519067,verde,vermelho,heuristica,azul,0,-3,25,90,120,0.7500,0.0769,465,106,259,100
826,1705519067,verde,azul,heuristica,azul,1,3,25,30,0,30.0000,0.0800,637,26,587,24
827,1177791765,vermelho,verde,art3miz_0.1,verde,1,3,11,30,30,1.0000,0.0000,112,28,59,25
827,1177791765,vermelho,vermelho,heuristica,verde,0,-3,11,90,120,0.7500,0.0000,347,96,151,100
827,1177791765,vermelho,azul,heuristica,verde,0,-3,11,150,120,1.2500,0.0000,511,132,254,125
828,704217637,azul,verde,art3miz_0.1,empate,0,-1,100,0,0,0.0000,0.0202,1354,40,1314,0
828,704217637,azul,vermelho,heuristica,empate,0,-1,100,120,90,1.3333,0.0303,1681,169,1389,123
828,704217637,azul,azul,heuristica,empate,0,-1,100,90,120,0.7500,0.7143,380,103,177,100
829,770907264,verde,verde,art3miz_0.1,azul,0,-3,18,70,100,0.7000,0.4286,461,130,210,121
829,770907264,verde,vermelho,heuristica,azul,0,-3,18,100,100,1.0000,0.3889,691,121,446,124
829,770907264,verde,azul,heuristica,azul,1,3,18,30,0,30.0000,0.1111,526,44,433,49
830,867905328,vermelho,verde,art3miz_0.1,azul,0,-3,16,150,120,1.2500,0.0000,409,108,201,100
830,867905328,vermelho,vermelho,heuristica,azul,0,-3,16,90,120,0.7500,0.0000,410,96,214,100
830,867905328,vermelho,azul,heuristica,azul,1,3,16,30,30,1.0000,0.0000,471,42,387,42
831,1547102212,azul,verde,art3miz_0.1,vermelho,0,-3,15,110,110,1.0000,0.1429,365,106,159,100
831,1547102212,azul,vermelho,heuristica,vermelho,1,3,15,30,0,30.0000,0.0714,388,26,337,25
831,1547102212,azul,azul,heuristica,vermelho,0,-3,15,80,110,0.7273,0.2500,402,101,201,100
832,1427051027,verde,verde,art3miz_0.1,empate,0,-1,100,0,0,0.0000,0.4900,593,2,591,0
832,1427051027,verde,vermelho,heuristica,empate,0,-1,100,0,0,0.0000,0.0100,2584,0,2584,0
832,1427051027,verde,azul,heuristica,empate,0,-1,100,0,0,0.0000,0.0000,1925,73,1827,25
833,347179498,vermelho,verde,art3miz_0.1,vermelho,0,-3,15,90,120,0.7500,0.0000,263,81,107,75
833,347179498,vermelho,vermelho,heuristica,vermelho,1,3,15,30,0,30.0000,0.0667,446,44,354,48
833,347179498,vermelho,azul,heuristica,vermelho,0,-3,15,120,120,1.0000,0.0000,563,105,358,100
834,1886650417,azul,verde,art3miz_0.1,azul,0,-3,22,90,120,0.7500,0.0000,205,64,82,59
834,1886650417,azul,vermelho,heuristica,azul,0,-3,22,120,120,1.0000,0.0000,648,81,493,74
834,1886650417,azul,azul,heuristica,azul,1,3,22,30,0,30.0000,0.0455,583,44,497,42
835,15777031,verde,verde,art3miz_0.1,empate,0,-1,100,0,0,0.0000,0.0000,2169,50,2119,0
835,15777031,verde,vermelho,heuristica,empate,0,-1,100,0,0,0.0000,0.0000,2311,0,2311,0
835,15777031,verde,azul,heuristica,empate,0,-1,100,0,0,0.0000,0.0000,2063,51,2012,0
836,1363852363,vermelho,verde,art3miz_0.1,vermelho,0,-3,17,120,120,1.0000,0.0000,349,97,162,90
836,1363852363,vermelho,vermelho,heuristica,vermelho,1,3,17,30,0,30.0000,0.1765,479,27,427,25
836,1363852363,vermelho,azul,heuristica,vermelho,0,-3,17,90,120,0.7500,0.1250,375,88,194,93
837,1258731941,azul,verde,art3miz_0.1,empate,0,-1,100,0,0,0.0000,0.0101,2055,48,2007,0
837,1258731941,azul,vermelho,heuristica,empate,0,-1,100,0,0,0.0000,0.0000,1988,47,1941,0
837,1258731941,azul,azul,heuristica,empate,0,-1,100,0,0,0.0000,0.0000,2592,0,2592,0
838,1494699440,verde,verde,art3miz_0.1,azul,0,-3,15,80,120,0.6667,0.0833,261,78,108,75
838,1494699440,verde,vermelho,heuristica,azul,0,-3,15,120,110,1.0909,0.2000,568,105,363,100
838,1494699440,verde,azul,heuristica,azul,1,3,15,30,0,30.0000,0.0667,413,24,367,22
839,1628579981,vermelho,verde,art3miz_0.1,verde,1,3,12,30,30,1.0000,0.0000,156,27,104,25
839,1628579981,vermelho,vermelho,heuristica,verde,0,-3,12,90,120,0.7500,0.0000,369,95,175,99
839,1628579981,vermelho,azul,heuristica,verde,0,-3,12,150,120,1.2500,0.1818,536,132,279,125
840,250397122,azul,verde,art3miz_0.1,empate,0,-1,100,0,0,0.0000,0.0000,2095,48,2047,0
840,250397122,azul,vermelho,heuristica,empate,0,-1,100,0,0,0.0000,0.0000,1600,0,1600,0
840,250397122,azul,azul,heuristica,empate,0,-1,100,0,0,0.0000,0.0000,2025,50,1975,0
841,881510746,verde,verde,art3miz_0.1,verde,1,3,20,60,0,60.0000,0.0000,437,85,302,50
841,881510746,verde,vermelho,heuristica,verde,0,-3,20,90,120,0.7500,0.0000,637,96,442,99
841,881510746,verde,azul,heuristica,verde,0,-3,20,90,120,0.7500,0.0526,628,78,475,75
842,1164238508,vermelho,verde,art3miz_0.1,vermelho,0,-3,14,160,120,1.3333,0.3077,595,162,283,150
842,1164238508,vermelho,vermelho,heuristica,vermelho,1,3,14,90,60,1.5000,0.2857,637,156,356,125
842,1164238508,vermelho,azul,heuristica,vermelho,0,-3,14,30,100,0.3000,0.3333,380,77,228,75
843,1457461325,azul,verde,art3miz_0.1,verde,1,3,24,30,30,1.0000,0.0435,194,26,146,22
843,1457461325,azul,vermelho,heuristica,verde,0,-3,24,80,100,0.8000,0.2727,456,108,245,103
843,1457461325,azul,azul,heuristica,verde,0,-3,24,130,110,1.1818,0.3043,838,149,536,153
844,1551343355,verde,verde,art3miz_0.1,vermelho,0,-3,13,110,100,1.1000,0.3077,365,110,155,100
844,1551343355,verde,vermelho,heuristica,vermelho,1,3,13,30,0,30.0000,0.0000,348,27,296,25
844,1551343355,verde,azul,heuristica,vermelho,0,-3,13,70,110,0.6364,0.4444,473,125,224,124
845,2140318315,vermelho,verde,art3miz_0.1,vermelho,0,-3,27,10,100,0.1000,0.1250,576,154,280,142
845,2140318315,vermelho,vermelho,heuristica,vermelho,1,3,27,90,60,1.5000,0.1481,834,118,591,125
845,2140318315,vermelho,azul,heuristica,vermelho,0,-3,27,160,100,1.6000,0.1154,932,170,598,164
846,2014609842,azul,verde,art3miz_0.1,vermelho,0,-3,22,90,100,0.9000,0.1250,271,81,115,75
846,2014609842,azul,vermelho,heuristica,vermelho,1,3,22,30,30,1.0000,0.3333,513,18,479,16
846,2014609842,azul,azul,heuristica,vermelho,0,-3,22,130,120,1.0833,0.1429,804,146,517,141
847,582212434,verde,verde,art3miz_0.1,azul,0,-3,43,90,120,0.7500,0.0000,473,133,215,125
847,582212434,verde,vermelho,heuristica,azul,0,-3,43,150,120,1.2500,0.0000,1330,140,1049,141
847,582212434,verde,azul,heuristica,azul,1,3,43,30,30,1.0000,0.0233,1014,15,986,13
848,2005396972,vermelho,verde,art3miz_0.1,azul,0,-3,14,180,120,1.5000,0.1538,518,136,258,124
848,2005396972,vermelho,vermelho,heuristica,azul,0,-3,14,60,120,0.5000,0.1111,370,78,217,75
848,2005396972,vermelho,azul,heuristica,azul,1,3,14,60,60,1.0000,0.0000,533,91,346,96
849,396879593,azul,verde,art3miz_0.1,verde,1,3,15,30,30,1.0000,0.0000,146,20,108,18
849,396879593,azul,vermelho,heuristica,verde,0,-3,15,90,120,0.7500,0.0000,414,101,216,97
849,396879593,azul,azul,heuristica,verde,0,-3,15,150,120,1.2500,0.0000,583,123,345,115
850,73218816,verde,verde,art3miz_0.1,vermelho,0,-3,16,100,110,0.9091,0.3750,488,132,231,125
850,73218816,verde,vermelho,heuristica,vermelho,1,3,16,30,0,30.0000,0.1875,419,27,367,25
850,73218816,verde,azul,heuristica,vermelho,0,-3,16,80,100,0.8000,0.3000,500,123,252,125
851,1734867821,vermelho,verde,art3miz_0.1,empate,0,-1,100,90,120,0.7500,0.0000,239,79,86,74
851,1734867821,vermelho,vermelho,heuristica,empate,0,-1,100,0,30,0.0000,0.0100,1832,25,1783,24
851,1734867821,vermelho,azul,heuristica,empate,0,-1,100,150,90,1.6667,0.0100,2529,129,2279,121
852,532289079,azul,verde,art3miz_0.1,empate,0,-1,100,110,80,1.3750,0.0505,1984,122,1787,75
852,532289079,azul,vermelho,heuristica,empate,0,-1,100,0,0,0.0000,0.0000,1780,44,1736,0
852,532289079,azul,azul,heuristica,empate,0,-1,100,80,110,0.7273,0.2857,372,96,176,100
853,1631779701,verde,verde,art3miz_0.1,azul,0,-3,46,20,120,0.1667,0.1304,424,81,272,71
853,1631779701,verde,vermelho,heuristica,azul,0,-3,46,60,120,0.5000,0.3333,370,81,214,75
853,1631779701,verde,azul,heuristica,azul,1,3,46,240,80,3.0000,0.2391,1544,224,1100,220
854,85258658,vermelho,verde,art3miz_0.1,verde,1,3,18,20,30,0.6667,0.0588,158,26,107,25
854,85258658,vermelho,vermelho,heuristica,verde,0,-3,18,150,110,1.3636,0.1176,750,168,414,168
854,85258658,vermelho,azul,heuristica,verde,0,-3,18,90,120,0.7500,0.0909,411,73,269,69
855,942012666,azul,verde,art3miz_0.1,verde,1,3,20,10,30,0.3333,0.1053,193,27,144,22
855,942012666,azul,vermelho,heuristica,verde,0,-3,20,90,120,0.7500,0.1000,447,96,251,100
855,942012666,azul,azul,heuristica,verde,0,-3,20,150,100,1.5000,0.1579,693,128,446,119
856,1074658908,verde,verde,art3miz_0.1,vermelho,0,-3,23,210,120,1.7500,0.0435,696,168,380,148
856,1074658908,verde,vermelho,heuristica,vermelho,1,3,23,60,90,0.6667,0.0435,650,68,517,65
856,1074658908,verde,azul,heuristica,vermelho,0,-3,23,60,120,0.5000,0.0000,331,75,185,71
857,245171136,vermelho,verde,art3miz_0.1,azul,0,-3,21,150,120,1.2500,0.0000,563,149,271,143
857,245171136,vermelho,vermelho,heuristica,azul,0,-3,21,90,120,0.7500,0.0000,293,58,181,54
857,245171136,vermelho,azul,heuristica,azul,1,3,21,30,30,1.0000,0.0476,537,26,486,25
858,2021010886,azul,verde,art3miz_0.1,vermelho,0,-3,12,90,120,0.7500,0.0000,258,97,86,75
858,2021010886,azul,vermelho,heuristica,vermelho,1,3,12,30,0,30.0000,0.0000,372,44,278,50
858,2021010886,azul,azul,heuristica,vermelho,0,-3,12,120,120,1.0000,0.0909,562,163,261,138
859,329362190,verde,verde,art3miz_0.1,azul,0,-3,16,90,120,0.7500,0.0000,275,76,127,72
859,329362190,verde,vermelho,heuristica,azul,0,-3,16,150,120,1.2500,0.0625,614,118,385,111
859,329362190,verde,azul,heuristica,azul,1,3,16,30,30,1.0000,0.0000,457,27,405,25
860,820834749,vermelho,verde,art3miz_0.1,vermelho,0,-3,12,90,120,0.7500,0.0000,255,80,100,75
860,820834749,vermelho,vermelho,heuristica,vermelho,1,3,12,30,0,30.0000,0.0000,392,65,280,47
860,820834749,vermelho,azul,heuristica,vermelho,0,-3,12,120,120,1.0000,0.0000,521,126,271,124
861,1440881829,azul,verde,art3miz_0.1,empate,0,-1,100,120,90,1.3333,0.0000,894,105,692,97
861,1440881829,azul,vermelho,heuristica,empate,0,-1,100,90,120,0.7500,0.0000,550,78,399,73
861,1440881829,azul,azul,heuristica,empate,0,-1,100,0,0,0.0000,0.0000,1232,61,1148,23
862,106408623,verde,verde,art3miz_0.1,azul,0,-3,21,70,120,0.5833,0.3571,393,119,165,109
862,106408623,verde,vermelho,heuristica,azul,0,-3,21,120,100,1.2000,0.3333,693,134,433,126
862,106408623,verde,azul,heuristica,azul,1,3,21,30,0,30.0000,0.2381,616,47,520,49
863,1817240856,vermelho,verde,art3miz_0.1,azul,0,-3,11,100,120,0.8333,0.2000,301,82,144,75
863,1817240856,vermelho,vermelho,heuristica,azul,0,-3,11,90,100,0.9000,0.1429,323,79,169,75
863,1817240856,vermelho,azul,heuristica,azul,1,3,11,30,0,30.0000,0.0909,315,26,265,24
864,1768830967,azul,verde,art3miz_0.1,azul,0,-3,15,150,120,1.2500,0.0000,395,121,163,111
864,1768830967,azul,vermelho,heuristica,azul,0,-3,15,90,120,0.7500,0.0000,345,91,163,91
864,1768830967,azul,azul,heuristica,azul,1,3,15,30,30,1.0000,0.0667,382,20,343,19
865,1437286984,verde,verde,art3miz_0.1,vermelho,0,-3,14,130,110,1.1818,0.2857,387,110,178,99
865,1437286984,verde,vermelho,heuristica,vermelho,1,3,14,60,30,2.0000,0.0000,438,53,335,50
865,1437286984,verde,azul,heuristica,vermelho,0,-3,14,50,100,0.5000,0.5000,296,80,143,73
866,525821035,vermelho,verde,art3miz_0.1,vermelho,0,-3,13,120,120,1.0000,0.0000,348,83,190,75
866,525821035,vermelho,vermelho,heuristica,vermelho,1,3,13,30,0,30.0000,0.0000,354,25,307,22
866,525821035,vermelho,azul,heuristica,vermelho,0,-3,13,90,120,0.7500,0.2000,281,79,127,75
867,797956592,azul,verde,art3miz_0.1,vermelho,0,-3,19,90,120,0.7500,0.0000,250,63,131,56
867,797956592,azul,vermelho,heuristica,vermelho,1,3,19,30,0,30.0000,0.1111,512,28,459,25
867,797956592,azul,azul,heuristica,vermelho,0,-3,19,120,120,1.0000,0.0000,793,192,405,196
868,895959840,verde,verde,art3miz_0.1,vermelho,0,-3,23,140,110,1.2727,0.1304,770,216,399,155
868,895959840,verde,vermelho,heuristica,vermelho,1,3,23,30,30,1.0000,0.0435,567,28,514,25
868,895959840,verde,azul,heuristica,vermelho,0,-3,23,80,110,0.7273,0.2222,618,98,428,92
869,704269707,vermelho,verde,art3miz_0.1,vermelho,0,-3,13,120,120,1.0000,0.0833,379,107,172,100
869,704269707,vermelho,vermelho,heuristica,vermelho,1,3,13,30,0,30.0000,0.0000,333,26,282,25
869,704269707,vermelho,azul,heuristica,vermelho,0,-3,13,90,120,0.7500,0.2000,444,96,248,100
870,1136894587,azul,verde,art3miz_0.1,vermelho,0,-3,26,120,120,1.0000,0.0000,442,107,235,100
870,1136894587,azul,vermelho,heuristica,vermelho,1,3,26,30,0,30.0000,0.0400,676,26,626,24
870,1136894587,azul,azul,heuristica,vermelho,0,-3,26,90,120,0.7500,0.0000,542,79,388,75
871,94009992,verde,verde,art3miz_0.1,azul,0,-3,14,120,120,1.0000,0.0000,264,62,147,55
871,94009992,verde,vermelho,heuristica,azul,0,-3,14,90,120,0.7500,0.0000,227,62,108,57
871,94009992,verde,azul,heuristica,azul,1,3,14,30,0,30.0000,0.0000,383,27,331,25
872,323377721,vermelho,verde,art3miz_0.1,vermelho,0,-3,27,100,100,1.0000,0.2308,520,117,297,106
872,323377721,vermelho,vermelho,heuristica,vermelho,1,3,27,20,0,20.0000,0.0370,706,27,654,25
872,323377721,vermelho,azul,heuristica,vermelho,0,-3,27,80,100,0.8000,0.1818,643,67,512,64
873,1854823995,azul,verde,art3miz_0.1,verde,1,3,23,30,0,30.0000,0.0909,173,28,120,25
873,1854823995,azul,vermelho,heuristica,verde,0,-3,23,120,120,1.0000,0.0000,727,105,522,100
873,1854823995,azul,azul,heuristica,verde,0,-3,23,90,120,0.7500,0.0000,334,78,182,74
874,1320851921,verde,verde,art3miz_0.1,vermelho,0,-3,11,90,110,0.8182,0.4000,263,84,104,75
874,1320851921,verde,vermelho,heuristica,vermelho,1,3,11,30,0,30.0000,0.0000,296,26,246,24
874,1320851921,verde,azul,heuristica,vermelho,0,-3,11,110,120,0.9167,0.6000,504,127,252,125
875,53599161,vermelho,verde,art3miz_0.1,verde,1,3,12,30,0,30.0000,0.2727,113,27,62,24
875,53599161,vermelho,vermelho,heuristica,verde,0,-3,12,90,120,0.7500,0.0000,368,99,171,98
875,53599161,vermelho,azul,heuristica,verde,0,-3,12,120,120,1.0000,0.0000,443,96,257,90
876,1714789643,azul,verde,art3miz_0.1,verde,1,3,28,60,30,2.0000,0.0741,321,55,216,50
876,1714789643,azul,vermelho,heuristica,verde,0,-3,28,60,110,0.5455,0.3333,542,127,295,120
876,1714789643,azul,azul,heuristica,verde,0,-3,28,140,120,1.1667,0.1852,998,205,598,195
877,2001167285,verde,verde,art3miz_0.1,verde,1,3,11,30,30,1.0000,0.0000,117,25,68,24
877,2001167285,verde,vermelho,heuristica,verde,0,-3,11,90,120,0.7500,0.0000,317,87,139,91
877,2001167285,verde,azul,heuristica,verde,0,-3,11,150,120,1.2500,0.0000,470,120,238,112
878,236604881,vermelho,verde,art3miz_0.1,verde,1,3,15,30,0,30.0000,0.1429,75,2,73,0
878,236604881,vermelho,vermelho,heuristica,verde,0,-3,15,90,120,0.7500,0.0833,460,79,306,75
878,236604881,vermelho,azul,heuristica,verde,0,-3,15,120,120,1.0000,0.0000,599,122,352,125
879,836176005,azul,verde,art3miz_0.1,verde,1,3,14,30,0,30.0000,0.0000,116,3,113,0
879,836176005,azul,vermelho,heuristica,verde,0,-3,14,90,120,0.7500,0.0000,341,77,192,72
879,836176005,azul,azul,heuristica,verde,0,-3,14,120,120,1.0000,0.0000,539,117,302,120
880,1096791990,verde,verde,art3miz_0.1,azul,0,-3,12,80,100,0.8000,0.2857,328,105,127,96
880,1096791990,verde,vermelho,heuristica,azul,0,-3,12,100,110,0.9091,0.3333,554,133,296,125
880,1096791990,verde,azul,heuristica,azul,1,3,12,30,0,30.0000,0.0833,332,28,279,25
881,1331799799,vermelho,verde,art3miz_0.1,azul,0,-3,29,90,120,0.7500,0.0000,227,66,102,59
881,1331799799,vermelho,vermelho,heuristica,azul,0,-3,29,150,120,1.2500,0.0345,889,108,682,99
881,1331799799,vermelho,azul,heuristica,azul,1,3,29,30,30,1.0000,0.1034,744,18,710,16
882,237640937,azul,verde,art3miz_0.1,vermelho,0,-3,13,90,120,0.7500,0.0000,238,80,83,75
882,237640937,azul,vermelho,heuristica,vermelho,1,3,13,30,30,1.0000,0.0000,299,17,266,16
882,237640937,azul,azul,heuristica,vermelho,0,-3,13,150,120,1.2500,0.0000,525,123,286,116
883,1455511300,verde,verde,art3miz_0.1,azul,0,-3,58,70,120,0.5833,0.4000,480,131,230,119
883,1455511300,verde,vermelho,heuristica,azul,0,-3,58,120,100,1.2000,0.1552,1566,130,1315,121
883,1455511300,verde,azul,heuristica,azul,1,3,58,30,0,30.0000,0.0172,861,17,830,14
884,1910967048,vermelho,verde,art3miz_0.1,empate,0,-1,100,0,30,0.0000,0.0101,3615,913,1886,816
884,1910967048,vermelho,vermelho,heuristica,empate,0,-1,100,0,0,0.0000,0.0000,2404,0,2404,0
884,1910967048,vermelho,azul,heuristica,empate,0,-1,100,30,0,30.0000,0.0000,2255,46,2162,47
885,1277800770,azul,verde,art3miz_0.1,azul,0,-3,19,110,120,0.9167,0.1111,485,128,241,116
885,1277800770,azul,vermelho,heuristica,azul,0,-3,19,90,110,0.8182,0.2308,436,85,268,83
885,1277800770,azul,azul,heuristica,azul,1,3,19,30,0,30.0000,0.1053,530,35,463,32
886,695659536,verde,verde,art3miz_0.1,verde,1,3,11,30,30,1.0000,0.0000,137,28,84,25
886,695659536,verde,vermelho,heuristica,verde,0,-3,11,150,120,1.2500,0.0000,468,119,237,112
886,695659536,verde,azul,heuristica,verde,0,-3,11,90,120,0.7500,0.1667,349,103,147,99
887,2127157764,vermelho,verde,art3miz_0.1,verde,1,3,14,30,30,1.0000,0.2308,164,27,112,25
887,2127157764,vermelho,vermelho,heuristica,verde,0,-3,14,90,120,0.7500,0.0000,376,101,175,100
887,2127157764,vermelho,azul,heuristica,verde,0,-3,14,150,120,1.2500,0.0000,581,132,324,125
888,249328386,azul,verde,art3miz_0.1,verde,1,3,16,30,30,1.0000,0.0000,150,27,98,25
888,249328386,azul,vermelho,heuristica,verde,0,-3,16,90,120,0.7500,0.0000,515,137,278,100
888,249328386,azul,azul,heuristica,verde,0,-3,16,150,120,1.2500,0.0000,751,200,376,175
889,832162818,verde,verde,art3miz_0.1,vermelho,0,-3,24,60,120,0.5000,0.1667,268,70,132,66
889,832162818,verde,vermelho,heuristica,vermelho,1,3,24,40,60,0.6667,0.1667,699,60,583,56
889,832162818,verde,azul,heuristica,vermelho,0,-3,24,180,100,1.8000,0.1304,885,198,500,187
890,649770543,vermelho,verde,art3miz_0.1,azul,0,-3,27,60,110,0.5455,0.3846,759,213,403,143
890,649770543,vermelho,vermelho,heuristica,azul,0,-3,27,50,100,0.5000,0.3158,662,93,472,97
890,649770543,vermelho,azul,heuristica,azul,1,3,27,160,60,2.6667,0.4074,1156,262,633,261
891,1075216718,azul,verde,art3miz_0.1,verde,1,3,23,90,90,1.0000,0.0000,352,96,167,89
891,1075216718,azul,vermelho,heuristica,verde,0,-3,23,190,120,1.5833,0.0476,917,202,516,199
891,1075216718,azul,azul,heuristica,verde,0,-3,23,30,100,0.3000,0.3333,429,102,227,100
892,1401413882,verde,verde,art3miz_0.1,empate,0,-1,100,0,0,0.0000,0.4900,4121,1132,1956,1033
892,1401413882,verde,vermelho,heuristica,empate,0,-1,100,0,0,0.0000,0.0100,2353,3,2350,0
892,1401413882,verde,azul,heuristica,empate,0,-1,100,0,0,0.0000,0.0000,2176,0,2176,0
893,1914617522,vermelho,verde,art3miz_0.1,vermelho,0,-3,17,90,120,0.7500,0.0000,282,78,129,75
893,1914617522,vermelho,vermelho,heuristica,vermelho,1,3,17,30,30,1.0000,0.0588,474,34,406,34
893,1914617522,vermelho,azul,heuristica,vermelho,0,-3,17,150,120,1.2500,0.1875,647,132,390,125
894,1396172170,azul,verde,art3miz_0.1,verde,1,3,16,80,20,4.0000,0.2000,297,83,139,75
894,1396172170,azul,vermelho,heuristica,verde,0,-3,16,90,100,0.9000,0.4286,680,183,347,150
894,1396172170,azul,azul,heuristica,verde,0,-3,16,50,100,0.5000,0.4167,520,128,292,100
895,147524269,verde,verde,art3miz_0.1,vermelho,0,-3,11,150,110,1.3636,0.3636,401,133,145,123
895,147524269,verde,vermelho,heuristica,vermelho,1,3,11,60,30,2.0000,0.3636,366,50,266,50
895,147524269,verde,azul,heuristica,vermelho,0,-3,11,50,120,0.4167,0.3333,371,80,217,74
896,88215447,vermelho,verde,art3miz_0.1,azul,0,-3,14,120,120,1.0000,0.0000,357,92,181,84
896,88215447,vermelho,vermelho,heuristica,azul,0,-3,14,90,120,0.7500,0.0000,350,66,222,62
896,88215447,vermelho,azul,heuristica,azul,1,3,14,30,0,30.0000,0.0000,382,27,330,25
897,1935253783,azul,verde,art3miz_0.1,verde,1,3,16,40,10,4.0000,0.2000,231,51,134,46
897,1935253783,azul,vermelho,heuristica,verde,0,-3,16,60,110,0.5455,0.3333,346,95,151,100
897,1935253783,azul,azul,heuristica,verde,0,-3,16,120,100,1.2000,0.2000,635,132,380,123
898,1096714693,verde,verde,art3miz_0.1,azul,0,-3,15,30,110,0.2727,0.2000,289,94,120,75
898,1096714693,verde,vermelho,heuristica,azul,0,-3,15,170,120,1.4167,0.0000,726,182,369,175
898,1096714693,verde,azul,heuristica,azul,1,3,15,90,60,1.5000,0.1333,563,91,372,100
899,1895563606,vermelho,verde,art3miz_0.1,vermelho,0,-3,22,80,120,0.6667,0.4000,334,110,124,100
899,1895563606,vermelho,vermelho,heuristica,vermelho,1,3,22,30,0,30.0000,0.0455,506,18,472,16
899,1895563606,vermelho,azul,heuristica,vermelho,0,-3,22,120,110,1.0909,0.4286,892,192,509,191
900,767593850,azul,verde,art3miz_0.1,empate,0,-1,100,0,0,0.0000,0.0000,1590,47,1543,0
900,767593850,azul,vermelho,heuristica,empate,0,-1,100,0,0,0.0000,0.0000,2458,0,2458,0
900,767593850,azul,azul,heuristica,empate,0,-1,100,0,0,0.0000,0.0000,1795,2,1793,0
901,1987371659,verde,verde,art3miz_0.1,azul,0,-3,37,150,120,1.2500,0.0811,845,139,569,137
901,1987371659,verde,vermelho,heuristica,azul,0,-3,37,90,120,0.7500,0.0000,578,85,406,87
901,1987371659,verde,azul,heuristica,azul,1,3,37,30,30,1.0000,0.0541,901,26,850,25
902,27872805,vermelho,verde,art3miz_0.1,verde,1,3,13,30,30,1.0000,0.0000,118,28,65,25
902,27872805,vermelho,vermelho,heuristica,verde,0,-3,13,150,120,1.2500,0.0833,563,133,305,125
902,27872805,vermelho,azul,heuristica,verde,0,-3,13,90,120,0.7500,0.0000,352,101,151,100
903,1123407133,azul,verde,art3miz_0.1,vermelho,0,-3,20,90,120,0.7500,0.0769,391,80,236,75
903,1123407133,azul,vermelho,heuristica,vermelho,1,3,20,30,0,30.0000,0.1053,548,44,454,50
903,1123407133,azul,azul,heuristica,vermelho,0,-3,20,120,120,1.0000,0.0526,704,119,463,122
904,1876146646,verde,verde,art3miz_0.1,vermelho,0,-3,12,90,120,0.7500,0.0000,236,77,87,72
904,1876146646,verde,vermelho,heuristica,vermelho,1,3,12,30,30,1.0000,0.0000,343,26,292,25
904,1876146646,verde,azul,heuristica,vermelho,0,-3,12,150,120,1.2500,0.0000,512,128,263,121
905,1941871429,vermelho,verde,art3miz_0.1,azul,0,-3,20,60,120,0.5000,0.0000,238,70,103,65
905,1941871429,vermelho,vermelho,heuristica,azul,0,-3,20,180,120,1.5000,0.0000,806,169,474,163
905,1941871429,vermelho,azul,heuristica,azul,1,3,20,60,60,1.0000,0.0500,559,53,456,50
906,562041356,azul,verde,art3miz_0.1,vermelho,0,-3,28,80,120,0.6667,0.2000,260,81,104,75
906,562041356,azul,vermelho,heuristica,vermelho,1,3,28,30,30,1.0000,0.0741,730,41,649,40
906,562041356,azul,azul,heuristica,vermelho,0,-3,28,150,110,1.3636,0.1111,908,124,668,116
907,1137382925,verde,verde,art3miz_0.1,vermelho,0,-3,24,90,120,0.7500,0.0000,238,80,83,75
907,1137382925,verde,vermelho,heuristica,vermelho,1,3,24,30,30,1.0000,0.0833,566,16,535,15
907,1137382925,verde,azul,heuristica,vermelho,0,-3,24,150,120,1.2500,0.0000,812,133,548,131
908,44253473,vermelho,verde,art3miz_0.1,azul,0,-3,15,90,120,0.7500,0.0000,238,80,83,75
908,44253473,vermelho,vermelho,heuristica,azul,0,-3,15,150,110,1.3636,0.1333,621,132,364,125
908,44253473,vermelho,azul,heuristica,azul,1,3,15,20,30,0.6667,0.1333,448,53,345,50
909,1560650065,azul,verde,art3miz_0.1,vermelho,0,-3,15,150,100,1.5000,0.1429,386,105,189,92
909,1560650065,azul,vermelho,heuristica,vermelho,1,3,15,60,30,2.0000,0.1429,411,43,328,40
909,1560650065,azul,azul,heuristica,vermelho,0,-3,15,40,120,0.3333,0.3750,303,72,163,68
910,412950855,verde,verde,art3miz_0.1,azul,0,-3,28,90,120,0.7500,0.0000,291,80,136,75
910,412950855,verde,vermelho,heuristica,azul,0,-3,28,150,120,1.2500,0.1429,911,123,672,116
910,412950855,verde,azul,heuristica,azul,1,3,28,30,30,1.0000,0.0357,647,34,581,32
911,607510251,vermelho,verde,art3miz_0.1,vermelho,0,-3,34,140,110,1.2727,0.1818,727,144,457,126
911,607510251,vermelho,vermelho,heuristica,vermelho,1,3,34,30,30,1.0000,0.0588,935,53,832,50
911,607510251,vermelho,azul,heuristica,vermelho,0,-3,34,80,110,0.7273,0.2273,695,115,473,107
912,1238126236,azul,verde,art3miz_0.1,vermelho,0,-3,17,150,120,1.2500,0.5000,701,201,318,182
912,1238126236,azul,vermelho,heuristica,vermelho,1,3,17,50,50,1.0000,0.4375,527,71,389,67
912,1238126236,azul,azul,heuristica,vermelho,0,-3,17,70,100,0.7000,0.2857,333,81,177,75
913,1121641946,verde,verde,art3miz_0.1,azul,0,-3,20,180,100,1.8000,0.1000,670,193,290,187
913,1121641946,verde,vermelho,heuristica,azul,0,-3,20,90,120,0.7500,0.0000,322,70,187,65
913,1121641946,verde,azul,heuristica,azul,1,3,20,10,60,0.1667,0.1500,592,52,490,50
914,420667202,vermelho,verde,art3miz_0.1,vermelho,0,-3,39,80,110,0.7273,0.4286,291,79,137,75
914,420667202,vermelho,vermelho,heuristica,vermelho,1,3,39,30,0,30.0000,0.0000,1011,50,915,46
914,420667202,vermelho,azul,heuristica,vermelho,0,-3,39,110,110,1.0000,0.1053,1189,151,890,148
915,1568625357,azul,verde,art3miz_0.1,vermelho,0,-3,16,90,120,0.7500,0.0000,260,80,105,75
915,1568625357,azul,vermelho,heuristica,vermelho,1,3,16,30,30,1.0000,0.1333,481,52,379,50
915,1568625357,azul,azul,heuristica,vermelho,0,-3,16,150,120,1.2500,0.0000,775,198,377,200
916,988698174,verde,verde,art3miz_0.1,azul,0,-3,16,120,120,1.0000,0.0000,396,107,184,105
916,988698174,verde,vermelho,heuristica,azul,0,-3,16,90,120,0.7500,0.0000,321,73,180,68
916,988698174,verde,azul,heuristica,azul,1,3,16,30,0,30.0000,0.0625,446,27,394,25
917,1920469873,vermelho,verde,art3miz_0.1,verde,1,3,16,30,30,1.0000,0.0000,126,28,73,25
917,1920469873,vermelho,vermelho,heuristica,verde,0,-3,16,80,110,0.7273,0.0833,504,101,303,100
917,1920469873,vermelho,azul,heuristica,verde,0,-3,16,140,110,1.2727,0.2000,738,184,379,175
918,427165887,azul,verde,art3miz_0.1,vermelho,0,-3,21,140,110,1.2727,0.1500,607,130,360,117
918,427165887,azul,vermelho,heuristica,vermelho,1,3,21,30,30,1.0000,0.0000,520,25,473,22
918,427165887,azul,azul,heuristica,vermelho,0,-3,21,80,110,0.7273,0.3846,523,103,321,99
919,1734036530,verde,verde,art3miz_0.1,vermelho,0,-3,21,90,120,0.7500,0.0000,246,78,95,73
919,1734036530,verde,vermelho,heuristica,vermelho,1,3,21,30,0,30.0000,0.1429,597,53,494,50
919,1734036530,verde,azul,heuristica,vermelho,0,-3,21,120,120,1.0000,0.1500,716,134,449,133
920,1207230511,vermelho,verde,art3miz_0.1,azul,0,-3,25,90,120,0.7500,0.0000,266,69,132,65
920,1207230511,vermelho,vermelho,heuristica,azul,0,-3,25,150,120,1.2500,0.0400,855,136,579,140
920,1207230511,vermelho,azul,heuristica,azul,1,3,25,30,30,1.0000,0.0400,612,17,579,16
921,107751489,azul,verde,art3miz_0.1,vermelho,0,-3,25,120,120,1.0000,0.0417,414,107,208,99
921,107751489,azul,vermelho,heuristica,vermelho,1,3,25,30,0,30.0000,0.0417,578,24,532,22
921,107751489,azul,azul,heuristica,vermelho,0,-3,25,90,120,0.7500,0.2000,450,114,218,118
922,66732485,verde,verde,art3miz_0.1,vermelho,0,-3,13,110,120,0.9167,0.1538,384,107,177,100
922,66732485,verde,vermelho,heuristica,vermelho,1,3,13,30,0,30.0000,0.3846,407,44,313,50
922,66732485,verde,azul,heuristica,vermelho,0,-3,13,90,110,0.8182,0.1667,356,105,151,100
923,18312935,vermelho,verde,art3miz_0.1,verde,1,3,38,30,30,1.0000,0.1351,264,26,213,25
923,18312935,vermelho,vermelho,heuristica,verde,0,-3,38,140,110,1.2727,0.2162,1068,152,774,142
923,18312935,vermelho,azul,heuristica,verde,0,-3,38,80,110,0.7273,0.4286,359,101,163,95
924,1367906468,azul,verde,art3miz_0.1,vermelho,0,-3,17,110,100,1.1000,0.1875,481,108,273,100
924,1367906468,azul,vermelho,heuristica,vermelho,1,3,17,30,0,30.0000,0.1250,456,27,404,25
924,1367906468,azul,azul,heuristica,vermelho,0,-3,17,70,110,0.6364,0.2308,515,95,320,100
925,1533422519,verde,verde,art3miz_0.1,azul,0,-3,12,150,120,1.2500,0.0833,378,147,133,98
925,1533422519,verde,vermelho,heuristica,azul,0,-3,12,90,120,0.7500,0.1111,361,95,190,76
925,1533422519,verde,azul,heuristica,azul,1,3,12,30,30,1.0000,0.0833,341,27,293,21
926,372069853,vermelho,verde,art3miz_0.1,azul,0,-3,19,120,120,1.0000,0.1111,502,108,294,100
926,372069853,vermelho,vermelho,heuristica,azul,0,-3,19,90,120,0.7500,0.1429,529,97,335,97
926,372069853,vermelho,azul,heuristica,azul,1,3,19,30,0,30.0000,0.0526,526,26,475,25
927,778134302,azul,verde,art3miz_0.1,vermelho,0,-3,26,90,120,0.7500,0.1000,341,77,193,71
927,778134302,azul,vermelho,heuristica,vermelho,1,3,26,30,0,30.0000,0.1200,735,78,589,68
927,778134302,azul,azul,heuristica,vermelho,0,-3,26,120,120,1.0000,0.0000,795,98,604,93
928,1831905812,verde,verde,art3miz_0.1,azul,0,-3,12,150,120,1.2500,0.0000,381,103,184,94
928,1831905812,verde,vermelho,heuristica,azul,0,-3,12,90,120,0.7500,0.0000,352,101,151,100
928,1831905812,verde,azul,heuristica,azul,1,3,12,30,30,1.0000,0.0000,328,28,275,25
929,991318533,vermelho,verde,art3miz_0.1,azul,0,-3,27,90,120,0.7500,0.0000,226,66,98,62
929,991318533,vermelho,vermelho,heuristica,azul,0,-3,27,150,120,1.2500,0.0741,881,124,631,126
929,991318533,vermelho,azul,heuristica,azul,1,3,27,30,30,1.0000,0.1111,650,18,616,16
930,1706283989,azul,verde,art3miz_0.1,verde,1,3,17,30,30,1.0000,0.0000,216,28,163,25
930,1706283989,azul,vermelho,heuristica,verde,0,-3,17,150,120,1.2500,0.0000,712,178,366,168
930,1706283989,azul,azul,heuristica,verde,0,-3,17,90,120,0.7500,0.0000,568,117,331,120
931,1594119628,verde,verde,art3miz_0.1,verde,1,3,16,30,30,1.0000,0.0625,177,29,123,25
931,1594119628,verde,vermelho,heuristica,verde,0,-3,16,140,110,1.2727,0.3333,678,165,348,165
931,1594119628,verde,azul,heuristica,verde,0,-3,16,80,110,0.7273,0.5455,504,129,246,129
932,1114523884,vermelho,verde,art3miz_0.1,azul,0,-3,20,150,120,1.2500,0.0000,430,108,222,100
932,1114523884,vermelho,vermelho,heuristica,azul,0,-3,20,90,120,0.7500,0.0000,569,101,368,100
932,1114523884,vermelho,azul,heuristica,azul,1,3,20,30,30,1.0000,0.0000,513,28,460,25
933,422079920,azul,verde,art3miz_0.1,azul,0,-3,20,90,120,0.7500,0.0000,236,78,85,73
933,422079920,azul,vermelho,heuristica,azul,0,-3,20,150,120,1.2500,0.0526,703,133,447,123
933,422079920,azul,azul,heuristica,azul,1,3,20,30,30,1.0000,0.0000,501,28,448,25
934,1042459231,verde,verde,art3miz_0.1,azul,0,-3,12,70,100,0.7000,0.2857,261,80,107,74
934,1042459231,verde,vermelho,heuristica,azul,0,-3,12,100,100,1.0000,0.2500,499,103,298,98
934,1042459231,verde,azul,heuristica,azul,1,3,12,30,0,30.0000,0.0000,355,27,303,25
935,712723097,vermelho,verde,art3miz_0.1,vermelho,0,-3,22,90,120,0.7500,0.0000,273,81,117,75
935,712723097,vermelho,vermelho,heuristica,vermelho,1,3,22,30,0,30.0000,0.1818,573,28,520,25
935,712723097,vermelho,azul,heuristica,vermelho,0,-3,22,120,120,1.0000,0.0476,716,106,512,98
936,1168590347,azul,verde,art3miz_0.1,azul,0,-3,21,140,120,1.1667,0.3000,637,177,295,165
936,1168590347,azul,vermelho,heuristica,azul,0,-3,21,60,110,0.5455,0.3571,519,101,324,94
936,1168590347,azul,azul,heuristica,azul,1,3,21,60,30,2.0000,0.0476,580,49,485,46
937,1071684288,verde,verde,art3miz_0.1,azul,0,-3,20,80,120,0.6667,0.2857,268,83,110,75
937,1071684288,verde,vermelho,heuristica,azul,0,-3,20,120,110,1.0909,0.2000,704,107,497,100
937,1071684288,verde,azul,heuristica,azul,1,3,20,30,0,30.0000,0.0000,516,27,464,25
938,538693465,vermelho,verde,art3miz_0.1,verde,1,3,73,30,30,1.0000,0.0000,1347,26,1296,25
938,538693465,vermelho,vermelho,heuristica,verde,0,-3,73,90,120,0.7500,0.0417,691,89,512,90
938,538693465,vermelho,azul,heuristica,verde,0,-3,73,150,120,1.2500,0.0833,1980,138,1702,140
939,1540251139,azul,verde,art3miz_0.1,azul,0,-3,16,120,120,1.0000,0.0000,487,130,236,121
939,1540251139,azul,vermelho,heuristica,azul,0,-3,16,90,120,0.7500,0.0000,370,79,218,73
939,1540251139,azul,azul,heuristica,azul,1,3,16,30,0,30.0000,0.0000,371,44,277,50
940,1431387882,verde,verde,art3miz_0.1,vermelho,0,-3,20,120,120,1.0000,0.0000,561,155,264,142
940,1431387882,verde,vermelho,heuristica,vermelho,1,3,20,30,0,30.0000,0.0000,525,27,474,24
940,1431387882,verde,azul,heuristica,vermelho,0,-3,20,90,120,0.7500,0.0000,514,123,272,119
941,1385593444,vermelho,verde,art3miz_0.1,verde,1,3,13,60,60,1.0000,0.0000,260,82,128,50
941,1385593444,vermelho,vermelho,heuristica,verde,0,-3,13,120,120,1.0000,0.0000,478,108,270,100
941,1385593444,vermelho,azul,heuristica,verde,0,-3,13,120,120,1.0000,0.1667,605,158,297,150
942,602949509,azul,verde,art3miz_0.1,vermelho,0,-3,19,70,100,0.7000,0.2143,340,81,184,75
942,602949509,azul,vermelho,heuristica,vermelho,1,3,19,40,30,1.3333,0.1111,535,53,432,50
942,602949509,azul,azul,heuristica,vermelho,0,-3,19,130,110,1.1818,0.5000,806,183,448,175
943,129881148,verde,verde,art3miz_0.1,azul,0,-3,20,90,120,0.7500,0.0556,437,92,260,85
943,129881148,verde,vermelho,heuristica,azul,0,-3,20,90,120,0.7500,0.1000,781,162,479,140
943,129881148,verde,azul,heuristica,azul,1,3,20,60,0,60.0000,0.1500,596,70,455,71
944,988129515,vermelho,verde,art3miz_0.1,vermelho,0,-3,38,120,120,1.0000,0.0541,474,90,293,91
944,988129515,vermelho,vermelho,heuristica,vermelho,1,3,38,30,0,30.0000,0.0526,797,18,763,16
944,988129515,vermelho,azul,heuristica,vermelho,0,-3,38,90,120,0.7500,0.0909,394,83,230,81
945,240535048,azul,verde,art3miz_0.1,vermelho,0,-3,31,80,110,0.7273,0.4545,300,96,117,87
945,240535048,azul,vermelho,heuristica,vermelho,1,3,31,30,0,30.0000,0.0667,704,40,629,35
945,240535048,azul,azul,heuristica,vermelho,0,-3,31,110,110,1.0000,0.1333,951,139,683,129
946,1570706326,verde,verde,art3miz_0.1,azul,0,-3,13,150,100,1.5000,0.1538,510,150,222,138
946,1570706326,verde,vermelho,heuristica,azul,0,-3,13,90,120,0.7500,0.0000,288,83,127,78
946,1570706326,verde,azul,heuristica,azul,1,3,13,10,30,0.3333,0.1538,377,27,325,25
947,507421364,vermelho,verde,art3miz_0.1,azul,0,-3,34,140,120,1.1667,0.0000,470,107,267,96
947,507421364,vermelho,vermelho,heuristica,azul,0,-3,34,60,110,0.5455,0.2857,329,78,176,75
947,507421364,vermelho,azul,heuristica,azul,1,3,34,60,30,2.0000,0.0294,932,66,795,71
948,1685667609,azul,verde,art3miz_0.1,azul,0,-3,22,90,100,0.9000,0.2000,279,80,124,75
948,1685667609,azul,vermelho,heuristica,azul,0,-3,22,100,120,0.8333,0.2381,740,134,481,125
948,1685667609,azul,azul,heuristica,azul,1,3,22,30,0,30.0000,0.0000,541,27,492,22
949,705769209,verde,verde,art3miz_0.1,azul,0,-3,21,170,120,1.4167,0.2381,781,203,390,188
949,705769209,verde,vermelho,heuristica,azul,0,-3,21,70,120,0.5833,0.2667,563,95,369,99
949,705769209,verde,azul,heuristica,azul,1,3,21,50,50,1.0000,0.3810,622,51,522,49
950,504911631,vermelho,verde,art3miz_0.1,azul,0,-3,13,150,120,1.2500,0.0000,511,151,223,137
950,504911631,vermelho,vermelho,heuristica,azul,0,-3,13,90,120,0.7500,0.1429,304,74,161,69
950,504911631,vermelho,azul,heuristica,azul,1,3,13,30,30,1.0000,0.1538,433,52,331,50
951,797430198,azul,verde,art3miz_0.1,vermelho,0,-3,18,50,120,0.4167,0.1765,287,81,156,50
951,797430198,azul,vermelho,heuristica,vermelho,1,3,18,150,0,150.0000,0.4706,880,275,430,175
951,797430198,azul,azul,heuristica,vermelho,0,-3,18,30,110,0.2727,0.3125,580,97,408,75
952,1256198830,verde,verde,art3miz_0.1,azul,0,-3,9,120,120,1.0000,0.0000,297,82,140,75
952,1256198830,verde,vermelho,heuristica,azul,0,-3,9,90,120,0.7500,0.0000,277,78,125,74
952,1256198830,verde,azul,heuristica,azul,1,3,9,30,0,30.0000,0.0000,263,27,211,25
953,1625466238,vermelho,verde,art3miz_0.1,azul,0,-3,25,120,120,1.0000,0.0417,540,127,296,117
953,1625466238,vermelho,vermelho,heuristica,azul,0,-3,25,90,120,0.7500,0.0000,342,71,205,66
953,1625466238,vermelho,azul,heuristica,azul,1,3,25,30,0,30.0000,0.0400,783,79,629,75
954,270764059,azul,verde,art3miz_0.1,verde,1,3,27,30,0,30.0000,0.0000,417,2,415,0
954,270764059,azul,vermelho,heuristica,verde,0,-3,27,120,120,1.0000,0.0400,824,122,577,125
954,270764059,azul,azul,heuristica,verde,0,-3,27,90,120,0.7500,0.0000,428,68,295,65
955,466416347,verde,verde,art3miz_0.1,azul,0,-3,16,150,120,1.2500,0.1875,489,134,231,124
955,466416347,verde,vermelho,heuristica,azul,0,-3,16,90,120,0.7500,0.1000,458,104,254,100
955,466416347,verde,azul,heuristica,azul,1,3,16,30,30,1.0000,0.2500,458,48,361,49
956,164930889,vermelho,verde,art3miz_0.1,azul,0,-3,13,130,120,1.0833,0.0833,353,98,166,89
956,164930889,vermelho,vermelho,heuristica,azul,0,-3,13,90,100,0.9000,0.2500,363,89,186,88
956,164930889,vermelho,azul,heuristica,azul,1,3,13,30,30,1.0000,0.1538,424,49,327,48
957,657063490,azul,verde,art3miz_0.1,verde,1,3,28,30,30,1.0000,0.0000,438,26,387,25
957,657063490,azul,vermelho,heuristica,verde,0,-3,28,90,120,0.7500,0.1667,449,97,255,97
957,657063490,azul,azul,heuristica,verde,0,-3,28,150,120,1.2500,0.0741,903,136,632,135
958,925743247,verde,verde,art3miz_0.1,vermelho,0,-3,17,80,110,0.7273,0.3750,315,104,117,94
958,925743247,verde,vermelho,heuristica,vermelho,1,3,17,30,0,30.0000,0.1765,559,104,372,83
958,925743247,verde,azul,heuristica,vermelho,0,-3,17,110,110,1.0000,0.3125,658,150,388,120
959,1712549161,vermelho,verde,art3miz_0.1,azul,0,-3,24,120,120,1.0000,0.0000,520,110,313,97
959,1712549161,vermelho,vermelho,heuristica,azul,0,-3,24,90,120,0.7500,0.0714,541,98,346,97
959,1712549161,vermelho,azul,heuristica,azul,1,3,24,30,0,30.0000,0.0833,598,27,548,23
960,1225043013,azul,verde,art3miz_0.1,vermelho,0,-3,26,170,110,1.5455,0.0800,715,196,346,173
960,1225043013,azul,vermelho,heuristica,vermelho,1,3,26,80,50,1.6000,0.0800,753,80,599,74
960,1225043013,azul,azul,heuristica,vermelho,0,-3,26,30,120,0.2500,0.2941,555,86,388,81
961,941576731,verde,verde,art3miz_0.1,azul,0,-3,13,120,110,1.0909,0.1538,391,139,177,75
961,941576731,verde,vermelho,heuristica,azul,0,-3,13,80,120,0.6667,0.1538,581,159,322,100
961,941576731,verde,azul,heuristica,azul,1,3,13,60,30,2.0000,0.1538,572,131,298,143
962,1506476993,vermelho,verde,art3miz_0.1,vermelho,0,-3,12,130,120,1.0833,0.0909,376,108,168,100
962,1506476993,vermelho,vermelho,heuristica,vermelho,1,3,12,30,10,3.0000,0.1667,349,27,297,25
962,1506476993,vermelho,azul,heuristica,vermelho,0,-3,12,90,120,0.7500,0.1250,389,96,193,100
963,1059674389,azul,verde,art3miz_0.1,vermelho,0,-3,13,90,120,0.7500,0.2000,238,73,96,69
963,1059674389,azul,vermelho,heuristica,vermelho,1,3,13,30,0,30.0000,0.0833,383,50,285,48
963,1059674389,azul,azul,heuristica,vermelho,0,-3,13,120,120,1.0000,0.0833,501,103,301,97
964,629443526,verde,verde,art3miz_0.1,verde,1,3,15,10,10,1.0000,0.1333,209,28,156,25
964,629443526,verde,vermelho,heuristica,verde,0,-3,15,110,100,1.1000,0.2857,553,122,312,119
964,629443526,verde,azul,heuristica,verde,0,-3,15,90,100,0.9000,0.1111,304,59,189,56
965,1269805790,vermelho,verde,art3miz_0.1,azul,0,-3,19,60,120,0.5000,0.0769,246,72,125,49
965,1269805790,vermelho,vermelho,heuristica,azul,0,-3,19,120,100,1.2000,0.1053,610,155,334,121
965,1269805790,vermelho,azul,heuristica,azul,1,3,19,130,90,1.4444,0.2105,676,140,400,136
966,1317036416,azul,verde,art3miz_0.1,azul,0,-3,20,90,120,0.7500,0.0769,388,95,204,89
966,1317036416,azul,vermelho,heuristica,azul,0,-3,20,120,120,1.0000,0.0526,670,123,432,115
966,1317036416,azul,azul,heuristica,azul,1,3,20,30,0,30.0000,0.1000,547,39,465,43
967,558950948,verde,verde,art3miz_0.1,verde,1,3,11,30,30,1.0000,0.0000,158,27,106,25
967,558950948,verde,vermelho,heuristica,verde,0,-3,11,90,120,0.7500,0.0000,284,88,111,85
967,558950948,verde,azul,heuristica,verde,0,-3,11,150,120,1.2500,0.0000,455,114,234,107
968,136670000,vermelho,verde,art3miz_0.1,azul,0,-3,17,80,100,0.8000,0.3750,287,96,105,86
968,136670000,vermelho,vermelho,heuristica,azul,0,-3,17,100,110,0.9091,0.2353,651,132,390,129
968,136670000,vermelho,azul,heuristica,azul,1,3,17,30,0,30.0000,0.0588,454,18,420,16
969,127806416,azul,verde,art3miz_0.1,vermelho,0,-3,28,80,120,0.6667,0.1818,325,77,176,72
969,127806416,azul,vermelho,heuristica,vermelho,1,3,28,30,20,1.5000,0.1111,825,74,679,72
969,127806416,azul,azul,heuristica,vermelho,0,-3,28,140,110,1.2727,0.1852,974,153,675,146
970,1770472552,verde,verde,art3miz_0.1,vermelho,0,-3,29,130,100,1.3000,0.2759,546,135,290,121
970,1770472552,verde,vermelho,heuristica,vermelho,1,3,29,50,30,1.6667,0.0345,772,75,622,75
970,1770472552,verde,azul,heuristica,vermelho,0,-3,29,50,100,0.5000,0.2857,312,75,166,71
971,1221341580,vermelho,verde,art3miz_0.1,verde,1,3,23,40,60,0.6667,0.0909,231,47,140,44
971,1221341580,vermelho,vermelho,heuristica,verde,0,-3,23,60,110,0.5455,0.4444,483,131,227,125
971,1221341580,vermelho,azul,heuristica,verde,0,-3,23,170,100,1.7000,0.2727,931,202,539,190
972,510847089,azul,verde,art3miz_0.1,vermelho,0,-3,12,70,100,0.7000,0.2857,247,82,90,75
972,510847089,azul,vermelho,heuristica,vermelho,1,3,12,30,30,1.0000,0.1818,319,34,249,36
972,510847089,azul,azul,heuristica,vermelho,0,-3,12,130,100,1.3000,0.4545,503,127,254,122
973,1692598265,verde,verde,art3miz_0.1,vermelho,0,-3,13,160,100,1.6000,0.3077,474,146,195,133
973,1692598265,verde,vermelho,heuristica,vermelho,1,3,13,50,60,0.8333,0.1538,433,53,330,50
973,1692598265,verde,azul,heuristica,vermelho,0,-3,13,50,100,0.5000,0.3750,304,66,178,60
974,248016053,vermelho,verde,art3miz_0.1,vermelho,0,-3,35,150,120,1.2500,0.0000,940,213,532,195
974,248016053,vermelho,vermelho,heuristica,vermelho,1,3,35,30,30,1.0000,0.0286,887,36,810,41
974,248016053,vermelho,azul,heuristica,vermelho,0,-3,35,90,120,0.7500,0.0000,504,101,303,100
975,1909045985,azul,verde,art3miz_0.1,azul,0,-3,30,120,120,1.0000,0.0690,523,107,316,100
975,1909045985,azul,vermelho,heuristica,azul,0,-3,30,90,120,0.7500,0.0000,482,105,277,100
975,1909045985,azul,azul,heuristica,azul,1,3,30,30,0,30.0000,0.0000,549,21,509,19
976,887965518,verde,verde,art3miz_0.1,vermelho,0,-3,19,150,120,1.2500,0.0526,566,136,305,125
976,887965518,verde,vermelho,heuristica,vermelho,1,3,19,30,30,1.0000,0.0526,553,51,452,50
976,887965518,verde,azul,heuristica,vermelho,0,-3,19,90,120,0.7500,0.0714,550,101,349,100
977,1357408905,vermelho,verde,art3miz_0.1,vermelho,0,-3,21,150,120,1.2500,0.0000,599,192,282,125
977,1357408905,vermelho,vermelho,heuristica,vermelho,1,3,21,90,60,1.5000,0.0476,638,113,451,74
977,1357408905,vermelho,azul,heuristica,vermelho,0,-3,21,60,120,0.5000,0.0000,529,86,393,50
978,1611699638,azul,verde,art3miz_0.1,vermelho,0,-3,24,150,120,1.2500,0.1304,774,181,421,172
978,1611699638,azul,vermelho,heuristica,vermelho,1,3,24,60,60,1.0000,0.2609,751,86,568,97
978,1611699638,azul,azul,heuristica,vermelho,0,-3,24,90,120,0.7500,0.1667,301,79,147,75
979,1463146029,verde,verde,art3miz_0.1,azul,0,-3,13,90,120,0.7500,0.0000,233,72,92,69
979,1463146029,verde,vermelho,heuristica,azul,0,-3,13,150,110,1.3636,0.0769,600,144,315,141
979,1463146029,verde,azul,heuristica,azul,1,3,13,20,30,0.6667,0.0769,383,27,331,25
980,1079783323,vermelho,verde,art3miz_0.1,azul,0,-3,13,150,120,1.2500,0.0833,347,100,157,90
980,1079783323,vermelho,vermelho,heuristica,azul,0,-3,13,90,120,0.7500,0.0000,257,67,127,63
980,1079783323,vermelho,azul,heuristica,azul,1,3,13,30,30,1.0000,0.1538,346,26,296,24
981,645188196,azul,verde,art3miz_0.1,vermelho,0,-3,19,90,100,0.9000,0.3333,263,81,107,75
981,645188196,azul,vermelho,heuristica,vermelho,1,3,19,30,30,1.0000,0.0000,482,26,431,25
981,645188196,azul,azul,heuristica,vermelho,0,-3,19,130,120,1.0833,0.2778,748,167,418,163
982,1071560322,verde,verde,art3miz_0.1,vermelho,0,-3,14,120,120,1.0000,0.0000,379,104,182,93
982,1071560322,verde,vermelho,heuristica,vermelho,1,3,14,30,0,30.0000,0.0714,383,28,330,25
982,1071560322,verde,azul,heuristica,vermelho,0,-3,14,90,120,0.7500,0.0000,411,80,257,74
983,997181620,vermelho,verde,art3miz_0.1,azul,0,-3,18,150,120,1.2500,0.0000,487,130,239,118
983,997181620,vermelho,vermelho,heuristica,azul,0,-3,18,90,120,0.7500,0.0000,380,104,176,100
983,997181620,vermelho,azul,heuristica,azul,1,3,18,30,30,1.0000,0.1667,463,28,410,25
984,1255515162,azul,verde,art3miz_0.1,azul,0,-3,35,70,100,0.7000,0.4545,257,66,129,62
984,1255515162,azul,vermelho,heuristica,azul,0,-3,35,140,110,1.2727,0.3824,1211,216,789,206
984,1255515162,azul,azul,heuristica,azul,1,3,35,40,40,1.0000,0.0857,877,69,734,74
985,836382915,verde,verde,art3miz_0.1,verde,1,3,18,60,30,2.0000,0.0556,265,54,164,47
985,836382915,verde,vermelho,heuristica,verde,0,-3,18,60,120,0.5000,0.5000,404,106,200,98
985,836382915,verde,azul,heuristica,verde,0,-3,18,150,120,1.2500,0.2353,654,132,400,122
986,347126365,vermelho,verde,art3miz_0.1,azul,0,-3,12,120,120,1.0000,0.0909,304,80,149,75
986,347126365,vermelho,vermelho,heuristica,azul,0,-3,12,90,120,0.7500,0.0000,372,96,176,100
986,347126365,vermelho,azul,heuristica,azul,1,3,12,30,0,30.0000,0.0000,353,27,301,25
987,1469351021,azul,verde,art3miz_0.1,vermelho,0,-3,12,120,120,1.0000,0.2727,382,106,179,97
987,1469351021,azul,vermelho,heuristica,vermelho,1,3,12,30,0,30.0000,0.0000,298,26,247,25
987,1469351021,azul,azul,heuristica,vermelho,0,-3,12,90,120,0.7500,0.0000,375,76,227,72
988,2100725222,verde,verde,art3miz_0.1,empate,0,-1,100,0,0,0.0000,0.0000,1466,49,1417,0
988,2100725222,verde,vermelho,heuristica,empate,0,-1,100,0,0,0.0000,0.0000,1395,51,1344,0
988,2100725222,verde,azul,heuristica,empate,0,-1,100,0,0,0.0000,0.0000,2537,0,2537,0
989,2076863469,vermelho,verde,art3miz_0.1,azul,0,-3,17,80,120,0.6667,0.1667,285,81,129,75
989,2076863469,vermelho,vermelho,heuristica,azul,0,-3,17,150,110,1.3636,0.1765,649,122,412,115
989,2076863469,vermelho,azul,heuristica,azul,1,3,17,30,30,1.0000,0.0000,401,14,375,12
990,1297419198,azul,verde,art3miz_0.1,azul,0,-3,17,90,120,0.7500,0.0000,260,81,104,75
990,1297419198,azul,vermelho,heuristica,azul,0,-3,17,120,120,1.0000,0.0625,602,105,397,100
990,1297419198,azul,azul,heuristica,azul,1,3,17,30,0,30.0000,0.0000,438,17,405,16
991,656509197,verde,verde,art3miz_0.1,vermelho,0,-3,17,90,120,0.7500,0.0000,334,100,143,91
991,656509197,verde,vermelho,heuristica,vermelho,1,3,17,30,0,30.0000,0.1176,424,18,390,16
991,656509197,verde,azul,heuristica,vermelho,0,-3,17,120,120,1.0000,0.0000,596,104,393,99
992,2086753255,vermelho,verde,art3miz_0.1,vermelho,0,-3,17,140,100,1.4000,0.3750,428,127,182,119
992,2086753255,vermelho,vermelho,heuristica,vermelho,1,3,17,50,20,2.5000,0.0588,515,48,422,45
992,2086753255,vermelho,azul,heuristica,vermelho,0,-3,17,50,120,0.4167,0.2500,407,105,202,100
993,1945909570,azul,verde,art3miz_0.1,verde,1,3,25,30,10,3.0000,0.1250,267,30,213,24
993,1945909570,azul,vermelho,heuristica,verde,0,-3,25,120,110,1.0909,0.3478,1180,330,557,293
993,1945909570,azul,azul,heuristica,verde,0,-3,25,80,110,0.7273,0.3125,677,151,402,124
994,66133690,verde,verde,art3miz_0.1,azul,0,-3,33,60,120,0.5000,0.0000,243,77,94,72
994,66133690,verde,vermelho,heuristica,azul,0,-3,33,150,120,1.2500,0.0303,1026,117,799,110
994,66133690,verde,azul,heuristica,azul,1,3,33,60,30,2.0000,0.0000,880,35,813,32
995,1178650548,vermelho,verde,art3miz_0.1,verde,1,3,18,30,0,30.0000,0.2353,78,2,76,0
995,1178650548,vermelho,vermelho,heuristica,verde,0,-3,18,90,110,0.8182,0.0769,438,74,295,69
995,1178650548,vermelho,azul,heuristica,verde,0,-3,18,110,120,0.9167,0.1176,577,101,383,93
996,1356342537,azul,verde,art3miz_0.1,verde,1,3,20,30,30,1.0000,0.0000,179,26,131,22
996,1356342537,azul,vermelho,heuristica,verde,0,-3,20,90,120,0.7500,0.0000,445,89,265,91
996,1356342537,azul,azul,heuristica,verde,0,-3,20,150,120,1.2500,0.1053,696,124,457,115
997,1676657438,verde,verde,art3miz_0.1,vermelho,0,-3,32,90,100,0.9000,0.2000,256,80,101,75
997,1676657438,verde,vermelho,heuristica,vermelho,1,3,32,30,0,30.0000,0.0938,815,27,763,25
997,1676657438,verde,azul,heuristica,vermelho,0,-3,32,100,120,0.8333,0.1290,1037,143,744,150
998,1714985209,vermelho,verde,art3miz_0.1,vermelho,0,-3,17,150,120,1.2500,0.0000,502,126,251,125
998,1714985209,vermelho,vermelho,heuristica,vermelho,1,3,17,30,30,1.0000,0.1176,457,26,406,25
998,1714985209,vermelho,azul,heuristica,vermelho,0,-3,17,90,120,0.7500,0.0000,422,101,221,100
999,703915436,azul,verde,art3miz_0.1,vermelho,0,-3,14,120,120,1.0000,0.0000,368,90,186,92
999,703915436,azul,vermelho,heuristica,vermelho,1,3,14,30,0,30.0000,0.0000,348,26,299,23
999,703915436,azul,azul,heuristica,vermelho,0,-3,14,90,120,0.7500,0.0000,379,90,195,94
1000,1215748322,verde,verde,art3miz_0.1,azul,0,-3,32,70,110,0.6364,0.7000,489,156,185,148
1000,1215748322,verde,vermelho,heuristica,azul,0,-3,32,110,100,1.1000,0.3125,1162,196,777,189
1000,1215748322,verde,azul,heuristica,azul,1,3,32,30,0,30.0000,0.0313,798,18,764,16
