id_simulacao,seed,jogador_inicial,jogador,modelo_ia,vencedor,venceu,pontos,turnos,dano_causado,dano_recebido,damage_ratio,cover_usage,custo_total,custo_los,custo_nodos,custo_acoes
1,438557537,verde,verde,mcts,vermelho,0,-3,54,90,120,0.7500,0.0000,1931,955,796,180
1,438557537,verde,vermelho,mcts,vermelho,1,3,54,30,30,1.0000,0.0000,1913,218,1635,60
1,438557537,verde,azul,mcts,vermelho,0,-3,54,150,120,1.2500,0.0566,4061,1457,2304,300
2,1864560048,vermelho,verde,mcts,vermelho,0,-3,12,90,120,0.7500,0.0000,2053,1014,859,180
2,1864560048,vermelho,vermelho,mcts,vermelho,1,3,12,30,30,1.0000,0.0833,871,199,612,60
2,1864560048,vermelho,azul,mcts,vermelho,0,-3,12,150,120,1.2500,0.0000,3470,1668,1502,300
3,990947591,azul,verde,mcts,vermelho,0,-3,19,120,120,1.0000,0.0000,2626,1116,1270,240
3,990947591,azul,vermelho,mcts,vermelho,1,3,19,30,0,30.0000,0.0000,827,93,674,60
3,990947591,azul,azul,mcts,vermelho,0,-3,19,90,120,0.7500,0.0000,2647,1418,989,240
4,980411883,verde,verde,mcts,azul,0,-3,15,150,120,1.2500,0.2000,4130,1975,1795,360
4,980411883,verde,vermelho,mcts,azul,0,-3,15,60,120,0.5000,0.2500,2067,1074,813,180
4,980411883,verde,azul,mcts,azul,1,3,15,60,30,2.0000,0.2000,1448,384,944,120
5,1364875354,vermelho,verde,mcts,verde,1,3,27,30,30,1.0000,0.0000,1050,188,802,60
5,1364875354,vermelho,vermelho,mcts,verde,0,-3,27,90,120,0.7500,0.0000,2152,1085,887,180
5,1364875354,vermelho,azul,mcts,verde,0,-3,27,150,120,1.2500,0.0385,3735,1644,1791,300
6,1247406621,azul,verde,mcts,verde,1,3,15,30,0,30.0000,0.0000,907,183,664,60
6,1247406621,azul,vermelho,mcts,verde,0,-3,15,90,120,0.7500,0.0000,2048,1026,842,180
6,1247406621,azul,azul,mcts,verde,0,-3,15,120,120,1.0000,0.0000,2825,1190,1395,240
7,271024058,verde,verde,mcts,azul,0,-3,19,60,120,0.5000,0.0000,2106,1059,867,180
7,271024058,verde,vermelho,mcts,azul,0,-3,19,180,120,1.5000,0.0526,4398,2043,1995,360
7,271024058,verde,azul,mcts,azul,1,3,19,60,60,1.0000,0.1053,1633,479,1034,120
8,131926194,vermelho,verde,mcts,vermelho,0,-3,10,120,120,1.0000,0.0000,2738,1219,1279,240
8,131926194,vermelho,vermelho,mcts,vermelho,1,3,10,30,0,30.0000,0.0000,823,211,552,60
8,131926194,vermelho,azul,mcts,vermelho,0,-3,10,90,120,0.7500,0.0000,2050,1018,852,180
9,920297219,azul,verde,mcts,verde,1,3,30,30,30,1.0000,0.0345,1129,172,897,60
9,920297219,azul,vermelho,mcts,verde,0,-3,30,140,120,1.1667,0.0714,3901,1713,1888,300
9,920297219,azul,azul,mcts,verde,0,-3,30,90,110,0.8182,0.3333,2091,1071,840,180
10,820336507,verde,verde,mcts,verde,1,3,12,30,0,30.0000,0.2500,846,187,599,60
10,820336507,verde,vermelho,mcts,verde,0,-3,12,90,120,0.7500,0.0000,1979,987,812,180
10,820336507,verde,azul,mcts,verde,0,-3,12,120,120,1.0000,0.0909,2523,1126,1157,240
11,1012562364,vermelho,verde,mcts,azul,0,-3,14,120,120,1.0000,0.0000,2685,1190,1255,240
11,1012562364,vermelho,vermelho,mcts,azul,0,-3,14,90,120,0.7500,0.0000,2566,1225,1101,240
11,1012562364,vermelho,azul,mcts,azul,1,3,14,30,0,30.0000,0.0714,881,184,637,60
12,670066924,azul,verde,mcts,azul,0,-3,13,90,120,0.7500,0.1111,2010,989,841,180
12,670066924,azul,vermelho,mcts,azul,0,-3,13,120,120,1.0000,0.0833,2595,1146,1209,240
12,670066924,azul,azul,mcts,azul,1,3,13,30,0,30.0000,0.0769,843,175,608,60
13,1549280937,verde,verde,mcts,vermelho,0,-3,18,90,120,0.7500,0.0000,2072,1031,861,180
13,1549280937,verde,vermelho,mcts,vermelho,1,3,18,30,30,1.0000,0.0556,897,95,742,60
13,1549280937,verde,azul,mcts,vermelho,0,-3,18,150,120,1.2500,0.0588,3474,1659,1515,300
14,1369586799,vermelho,verde,mcts,azul,0,-3,16,90,120,0.7500,0.0000,1961,1017,764,180
14,1369586799,vermelho,vermelho,mcts,azul,0,-3,16,150,120,1.2500,0.0000,3465,1613,1552,300
14,1369586799,vermelho,azul,mcts,azul,1,3,16,30,30,1.0000,0.0000,942,193,689,60
15,1040301634,azul,verde,mcts,azul,0,-3,9,120,120,1.0000,0.0000,2724,1223,1261,240
15,1040301634,azul,vermelho,mcts,azul,0,-3,9,90,120,0.7500,0.0000,2037,1046,811,180
15,1040301634,azul,azul,mcts,azul,1,3,9,30,0,30.0000,0.0000,865,262,543,60
16,1790057013,verde,verde,mcts,vermelho,0,-3,28,210,120,1.7500,0.0714,5439,2560,2399,480
16,1790057013,verde,vermelho,mcts,vermelho,1,3,28,30,90,0.3333,0.0714,2262,499,1583,180
16,1790057013,verde,azul,mcts,vermelho,0,-3,28,90,120,0.7500,0.0000,1997,981,836,180
17,1690053831,vermelho,verde,mcts,vermelho,0,-3,24,120,120,1.0000,0.0000,3099,1227,1632,240
17,1690053831,vermelho,vermelho,mcts,vermelho,1,3,24,30,0,30.0000,0.0000,1183,244,879,60
17,1690053831,vermelho,azul,mcts,vermelho,0,-3,24,90,120,0.7500,0.0000,2120,1027,913,180
18,1979693965,azul,verde,mcts,empate,0,-1,100,0,0,0.0000,0.9697,1746,47,1699,0
18,1979693965,azul,vermelho,mcts,empate,0,-1,100,0,0,0.0000,0.4848,2570,0,2570,0
18,1979693965,azul,azul,mcts,empate,0,-1,100,0,0,0.0000,0.0000,2072,48,2024,0
19,932576662,verde,verde,mcts,vermelho,0,-3,17,90,120,0.7500,0.2222,2102,1017,905,180
19,932576662,verde,vermelho,mcts,vermelho,1,3,17,30,0,30.0000,0.0588,924,214,650,60
19,932576662,verde,azul,mcts,vermelho,0,-3,17,120,120,1.0000,0.0000,2880,1209,1431,240
20,855842988,vermelho,verde,mcts,vermelho,0,-3,22,90,120,0.7500,0.0000,2894,1400,1254,240
20,855842988,vermelho,vermelho,mcts,vermelho,1,3,22,30,0,30.0000,0.0000,1130,222,848,60
20,855842988,vermelho,azul,mcts,vermelho,0,-3,22,120,120,1.0000,0.0000,3098,1313,1545,240
21,1253956409,azul,verde,mcts,verde,1,3,15,30,30,1.0000,0.0000,834,146,628,60
21,1253956409,azul,vermelho,mcts,verde,0,-3,15,90,120,0.7500,0.0000,2020,1044,796,180
21,1253956409,azul,azul,mcts,verde,0,-3,15,150,120,1.2500,0.0000,3509,1682,1527,300
22,755744497,verde,verde,mcts,azul,0,-3,17,90,120,0.7500,0.0000,2039,979,880,180
22,755744497,verde,vermelho,mcts,azul,0,-3,17,150,120,1.2500,0.0000,3322,1517,1505,300
22,755744497,verde,azul,mcts,azul,1,3,17,30,30,1.0000,0.0588,1018,226,732,60
23,1237903098,vermelho,verde,mcts,verde,1,3,21,30,0,30.0000,0.0000,1001,139,802,60
23,1237903098,vermelho,vermelho,mcts,verde,0,-3,21,90,120,0.7500,0.1818,2064,1053,831,180
23,1237903098,vermelho,azul,mcts,verde,0,-3,21,120,120,1.0000,0.2000,3573,1622,1651,300
24,1087965783,azul,verde,mcts,vermelho,0,-3,11,60,120,0.5000,0.0000,2127,1134,813,180
24,1087965783,azul,vermelho,mcts,vermelho,1,3,11,60,30,2.0000,0.0000,1521,542,859,120
24,1087965783,azul,azul,mcts,vermelho,0,-3,11,150,120,1.2500,0.0000,3514,1698,1516,300
25,483723808,verde,verde,mcts,azul,0,-3,9,90,120,0.7500,0.0000,2033,1040,813,180
25,483723808,verde,vermelho,mcts,azul,0,-3,9,150,120,1.2500,0.0000,3365,1647,1418,300
25,483723808,verde,azul,mcts,azul,1,3,9,30,30,1.0000,0.1111,823,214,549,60
26,242242137,vermelho,verde,mcts,azul,0,-3,9,140,120,1.1667,0.0000,3445,1783,1362,300
26,242242137,vermelho,vermelho,mcts,azul,0,-3,9,90,110,0.8182,0.8333,2078,1101,797,180
26,242242137,vermelho,azul,mcts,azul,1,3,9,30,30,1.0000,0.0000,782,210,512,60
27,221737212,azul,verde,mcts,vermelho,0,-3,15,120,120,1.0000,0.0000,2591,1150,1201,240
27,221737212,azul,vermelho,mcts,vermelho,1,3,15,30,0,30.0000,0.0000,883,170,653,60
27,221737212,azul,azul,mcts,vermelho,0,-3,15,90,120,0.7500,0.0000,2363,1077,1046,240
28,418463804,verde,verde,mcts,verde,1,3,20,30,0,30.0000,0.0500,1006,153,793,60
28,418463804,verde,vermelho,mcts,verde,0,-3,20,90,110,0.8182,0.3750,2764,1305,1219,240
28,418463804,verde,azul,mcts,verde,0,-3,20,110,120,0.9167,0.0526,2984,1261,1483,240
29,435099202,vermelho,verde,mcts,vermelho,0,-3,16,90,120,0.7500,0.0000,2033,1024,829,180
29,435099202,vermelho,vermelho,mcts,vermelho,1,3,16,30,0,30.0000,0.0000,871,138,673,60
29,435099202,vermelho,azul,mcts,vermelho,0,-3,16,120,120,1.0000,0.0000,2867,1224,1403,240
30,283512082,azul,verde,mcts,verde,1,3,23,30,0,30.0000,0.0000,901,114,727,60
30,283512082,azul,vermelho,mcts,verde,0,-3,23,120,120,1.0000,0.1429,2960,1217,1503,240
30,283512082,azul,azul,mcts,verde,0,-3,23,90,120,0.7500,0.0000,2021,1021,820,180
31,1645911538,verde,verde,mcts,vermelho,0,-3,17,90,120,0.7500,0.0000,2014,1048,786,180
31,1645911538,verde,vermelho,mcts,vermelho,1,3,17,30,30,1.0000,0.0000,897,136,701,60
31,1645911538,verde,azul,mcts,vermelho,0,-3,17,150,120,1.2500,0.0000,3463,1658,1505,300
32,1490846386,vermelho,verde,mcts,azul,0,-3,22,150,120,1.2500,0.0952,3378,1526,1552,300
32,1490846386,vermelho,vermelho,mcts,azul,0,-3,22,90,120,0.7500,0.1429,1770,905,685,180
32,1490846386,vermelho,azul,mcts,azul,1,3,22,30,30,1.0000,0.0455,1008,119,829,60
33,321403989,azul,verde,mcts,azul,0,-3,13,60,120,0.5000,0.0000,2173,1113,880,180
33,321403989,azul,vermelho,mcts,azul,0,-3,13,150,120,1.2500,0.0000,3433,1659,1474,300
33,321403989,azul,azul,mcts,azul,1,3,13,60,30,2.0000,0.0000,1504,477,907,120
34,1070087091,verde,verde,mcts,vermelho,0,-3,12,90,120,0.7500,0.0000,2883,1399,1244,240
34,1070087091,verde,vermelho,mcts,vermelho,1,3,12,120,60,2.0000,0.0000,2650,925,1485,240
34,1070087091,verde,azul,mcts,vermelho,0,-3,12,90,120,0.7500,0.0000,2452,1504,768,180
35,749808370,vermelho,verde,mcts,vermelho,0,-3,40,90,120,0.7500,0.4000,2052,1049,823,180
35,749808370,vermelho,vermelho,mcts,vermelho,1,3,40,30,0,30.0000,0.0000,1482,154,1268,60
35,749808370,vermelho,azul,mcts,vermelho,0,-3,40,120,120,1.0000,0.0769,3438,1226,1972,240
36,310441732,azul,verde,mcts,verde,1,3,38,90,90,1.0000,0.0270,2508,705,1623,180
36,310441732,azul,vermelho,mcts,verde,0,-3,38,30,120,0.2500,0.0000,2033,1160,693,180
36,310441732,azul,azul,mcts,verde,0,-3,38,210,120,1.7500,0.0541,5096,2223,2453,420
37,191956606,verde,verde,mcts,verde,1,3,17,30,0,30.0000,0.0588,912,172,680,60
37,191956606,verde,vermelho,mcts,verde,0,-3,17,90,120,0.7500,0.0000,2117,1073,864,180
37,191956606,verde,azul,mcts,verde,0,-3,17,120,120,1.0000,0.0625,2937,1273,1424,240
38,1692875068,vermelho,verde,mcts,azul,0,-3,16,90,120,0.7500,0.0000,2076,1083,813,180
38,1692875068,vermelho,vermelho,mcts,azul,0,-3,16,120,120,1.0000,0.1250,2981,1314,1427,240
38,1692875068,vermelho,azul,mcts,azul,1,3,16,30,0,30.0000,0.0625,916,165,691,60
39,724671784,azul,verde,mcts,empate,0,-1,100,0,0,0.0000,0.0101,2050,48,2002,0
39,724671784,azul,vermelho,mcts,empate,0,-1,100,0,0,0.0000,0.0000,2052,48,2004,0
39,724671784,azul,azul,mcts,empate,0,-1,100,0,0,0.0000,0.0200,2542,0,2542,0
40,270559481,verde,verde,mcts,azul,0,-3,11,150,120,1.2500,0.0000,3482,1676,1506,300
40,270559481,verde,vermelho,mcts,azul,0,-3,11,90,120,0.7500,0.0000,2806,1449,1117,240
40,270559481,verde,azul,mcts,azul,1,3,11,30,30,1.0000,0.0000,884,214,610,60
41,1328649944,vermelho,verde,mcts,verde,1,3,14,30,60,0.5000,0.1538,1392,342,930,120
41,1328649944,vermelho,vermelho,mcts,verde,0,-3,14,90,120,0.7500,0.0000,2007,1024,803,180
41,1328649944,vermelho,azul,mcts,verde,0,-3,14,180,120,1.5000,0.1538,4122,1977,1785,360
42,662329169,azul,verde,mcts,verde,1,3,34,30,30,1.0000,0.0303,1263,129,1074,60
42,662329169,azul,vermelho,mcts,verde,0,-3,34,150,120,1.2500,0.0000,3887,1693,1894,300
42,662329169,azul,azul,mcts,verde,0,-3,34,90,120,0.7500,0.0000,2269,1062,1027,180
43,1702263910,verde,verde,mcts,verde,1,3,15,30,0,30.0000,0.0667,833,128,645,60
43,1702263910,verde,vermelho,mcts,verde,0,-3,15,90,120,0.7500,0.0000,2017,981,856,180
43,1702263910,verde,azul,mcts,verde,0,-3,15,120,120,1.0000,0.0000,2588,1133,1215,240
44,814414449,vermelho,verde,mcts,verde,1,3,17,30,30,1.0000,0.0000,1665,519,1026,120
44,814414449,vermelho,vermelho,mcts,verde,0,-3,17,150,120,1.2500,0.0625,3660,1731,1629,300
44,814414449,vermelho,azul,mcts,verde,0,-3,17,90,120,0.7500,0.0000,2935,1485,1210,240
45,764225697,azul,verde,mcts,vermelho,0,-3,15,150,120,1.2500,0.0000,3537,1638,1599,300
45,764225697,azul,vermelho,mcts,vermelho,1,3,15,60,30,2.0000,0.0714,1569,498,951,120
45,764225697,azul,azul,mcts,vermelho,0,-3,15,60,120,0.5000,0.0000,2195,1062,953,180
46,464531721,verde,verde,mcts,azul,0,-3,20,150,120,1.2500,0.0000,3321,1514,1507,300
46,464531721,verde,vermelho,mcts,azul,0,-3,20,60,120,0.5000,0.0000,1969,1025,764,180
46,464531721,verde,azul,mcts,azul,1,3,20,60,30,2.0000,0.0500,1640,448,1072,120
47,1533946064,vermelho,verde,mcts,azul,0,-3,10,90,120,0.7500,0.3333,2048,1053,815,180
47,1533946064,vermelho,vermelho,mcts,azul,0,-3,10,120,120,1.0000,0.1000,2668,1208,1220,240
47,1533946064,vermelho,azul,mcts,azul,1,3,10,30,0,30.0000,0.1000,729,127,542,60
48,2021790431,azul,verde,mcts,verde,1,3,26,30,30,1.0000,0.0800,1029,108,861,60
48,2021790431,azul,vermelho,mcts,verde,0,-3,26,150,120,1.2500,0.0000,3443,1588,1555,300
48,2021790431,azul,azul,mcts,verde,0,-3,26,90,120,0.7500,0.0000,2042,986,876,180
49,1451556886,verde,verde,mcts,verde,1,3,18,30,30,1.0000,0.0000,946,144,742,60
49,1451556886,verde,vermelho,mcts,verde,0,-3,18,90,120,0.7500,0.3333,2025,1045,800,180
49,1451556886,verde,azul,mcts,verde,0,-3,18,150,120,1.2500,0.0588,3519,1661,1558,300
50,6009790,vermelho,verde,mcts,azul,0,-3,9,60,120,0.5000,0.0000,2165,1085,900,180
50,6009790,vermelho,vermelho,mcts,azul,0,-3,9,90,120,0.7500,0.0000,2371,1478,713,180
50,6009790,vermelho,azul,mcts,azul,1,3,9,90,0,90.0000,0.0000,2129,982,967,180
51,188280745,azul,verde,mcts,azul,0,-3,16,80,110,0.7273,0.4000,1964,1081,703,180
51,188280745,azul,vermelho,mcts,azul,0,-3,16,140,110,1.2727,0.1333,3261,1521,1440,300
51,188280745,azul,azul,mcts,azul,1,3,16,30,30,1.0000,0.0000,947,180,707,60
52,349047791,verde,verde,mcts,vermelho,0,-3,16,120,120,1.0000,0.0000,2890,1221,1429,240
52,349047791,verde,vermelho,mcts,vermelho,1,3,16,30,0,30.0000,0.0000,879,134,685,60
52,349047791,verde,azul,mcts,vermelho,0,-3,16,90,120,0.7500,0.0000,2080,1064,836,180
53,1876708646,vermelho,verde,mcts,empate,0,-1,100,0,0,0.0000,0.0101,1740,0,1740,0
53,1876708646,vermelho,vermelho,mcts,empate,0,-1,100,90,120,0.7500,0.0000,2057,1015,862,180
53,1876708646,vermelho,azul,mcts,empate,0,-1,100,120,90,1.3333,0.0000,4498,1213,3045,240
54,1152886018,azul,verde,mcts,empate,0,-1,100,0,0,0.0000,0.0000,2563,0,2563,0
54,1152886018,azul,vermelho,mcts,empate,0,-1,100,0,0,0.0000,0.4848,1990,50,1940,0
54,1152886018,azul,azul,mcts,empate,0,-1,100,0,0,0.0000,0.0000,2011,49,1962,0
55,1069746520,verde,verde,mcts,vermelho,0,-3,30,90,120,0.7500,0.0000,2003,1017,806,180
55,1069746520,verde,vermelho,mcts,vermelho,1,3,30,30,30,1.0000,0.0000,1604,231,1253,120
55,1069746520,verde,azul,mcts,vermelho,0,-3,30,150,120,1.2500,0.0345,3811,1692,1819,300
56,1489974805,vermelho,verde,mcts,azul,0,-3,16,120,120,1.0000,0.1333,2703,1127,1336,240
56,1489974805,vermelho,vermelho,mcts,azul,0,-3,16,90,120,0.7500,0.0000,2664,1349,1075,240
56,1489974805,vermelho,azul,mcts,azul,1,3,16,30,0,30.0000,0.0000,898,185,653,60
57,1198990478,azul,verde,mcts,vermelho,0,-3,15,90,120,0.7500,0.0000,2117,1068,869,180
57,1198990478,azul,vermelho,mcts,vermelho,1,3,15,30,30,1.0000,0.0000,1452,349,983,120
57,1198990478,azul,azul,mcts,vermelho,0,-3,15,150,120,1.2500,0.0714,3559,1701,1558,300
58,1785076888,verde,verde,mcts,empate,0,-1,100,110,80,1.3750,0.0400,4452,1297,2915,240
58,1785076888,verde,vermelho,mcts,empate,0,-1,100,80,110,0.7273,0.2222,2031,994,857,180
58,1785076888,verde,azul,mcts,empate,0,-1,100,0,0,0.0000,0.0100,1860,0,1860,0
59,1812608420,vermelho,verde,mcts,vermelho,0,-3,23,120,120,1.0000,0.0000,3056,1215,1601,240
59,1812608420,vermelho,vermelho,mcts,vermelho,1,3,23,30,0,30.0000,0.0000,1064,134,870,60
59,1812608420,vermelho,azul,mcts,vermelho,0,-3,23,90,120,0.7500,0.0000,2210,1026,1004,180
60,1494812099,azul,verde,mcts,vermelho,0,-3,22,150,120,1.2500,0.0000,3923,1778,1785,360
60,1494812099,azul,vermelho,mcts,vermelho,1,3,22,30,30,1.0000,0.0952,1036,182,794,60
60,1494812099,azul,azul,mcts,vermelho,0,-3,22,90,120,0.7500,0.1000,2402,1084,1078,240
61,624291629,verde,verde,mcts,verde,1,3,15,90,60,1.5000,0.0667,2125,711,1234,180
61,624291629,verde,vermelho,mcts,verde,0,-3,15,90,120,0.7500,0.0000,2549,1492,877,180
61,624291629,verde,azul,mcts,verde,0,-3,15,120,120,1.0000,0.0000,2915,1335,1340,240
62,1690688755,vermelho,verde,mcts,verde,1,3,14,90,90,1.0000,0.0769,2154,806,1168,180
62,1690688755,vermelho,vermelho,mcts,verde,0,-3,14,210,120,1.7500,0.0000,4597,2172,2005,420
62,1690688755,vermelho,azul,mcts,verde,0,-3,14,30,120,0.2500,0.2000,2066,1175,711,180
63,415855664,azul,verde,mcts,vermelho,0,-3,12,150,120,1.2500,0.0000,3465,1639,1526,300
63,415855664,azul,vermelho,mcts,vermelho,1,3,12,30,30,1.0000,0.0000,860,197,603,60
63,415855664,azul,azul,mcts,vermelho,0,-3,12,90,120,0.7500,0.0000,2053,1024,849,180
64,1239108435,verde,verde,mcts,azul,0,-3,20,150,120,1.2500,0.0500,3298,1517,1481,300
64,1239108435,verde,vermelho,mcts,azul,0,-3,20,60,120,0.5000,0.0000,1973,1023,770,180
64,1239108435,verde,azul,mcts,azul,1,3,20,60,30,2.0000,0.1500,1575,412,1043,120
65,1288729641,vermelho,verde,mcts,azul,0,-3,29,210,110,1.9091,0.2857,5701,2512,2709,480
65,1288729641,vermelho,vermelho,mcts,azul,0,-3,29,80,120,0.6667,0.1176,3255,1534,1481,240
65,1288729641,vermelho,azul,mcts,azul,1,3,29,30,90,0.3333,0.0690,2346,525,1641,180
66,2109698062,azul,verde,mcts,vermelho,0,-3,35,210,120,1.7500,0.0294,5137,2245,2472,420
66,2109698062,azul,vermelho,mcts,vermelho,1,3,35,30,90,0.3333,0.0000,2253,340,1733,180
66,2109698062,azul,azul,mcts,vermelho,0,-3,35,90,120,0.7500,0.0000,2751,1359,1152,240
67,1413126415,verde,verde,mcts,vermelho,0,-3,25,150,120,1.2500,0.0800,3746,1678,1768,300
67,1413126415,verde,vermelho,mcts,vermelho,1,3,25,30,30,1.0000,0.0400,1065,112,893,60
67,1413126415,verde,azul,mcts,vermelho,0,-3,25,90,120,0.7500,0.1818,2205,1052,973,180
68,354615157,vermelho,verde,mcts,azul,0,-3,20,180,120,1.5000,0.0000,4039,1889,1790,360
68,354615157,vermelho,vermelho,mcts,azul,0,-3,20,60,120,0.5000,0.0000,2646,1454,952,240
68,354615157,vermelho,azul,mcts,azul,1,3,20,60,60,1.0000,0.0500,1604,432,1052,120
69,36093310,azul,verde,mcts,verde,1,3,10,30,0,30.0000,0.0000,798,208,530,60
69,36093310,azul,vermelho,mcts,verde,0,-3,10,70,120,0.5833,0.4000,1981,1117,684,180
69,36093310,azul,azul,mcts,verde,0,-3,10,120,100,1.2000,0.4444,2537,1090,1207,240
70,650929293,verde,verde,mcts,vermelho,0,-3,22,150,120,1.2500,0.0455,3804,1773,1731,300
70,650929293,verde,vermelho,mcts,vermelho,1,3,22,30,30,1.0000,0.0455,979,100,819,60
70,650929293,verde,azul,mcts,vermelho,0,-3,22,90,120,0.7500,0.0000,2158,1071,907,180
71,1174663146,vermelho,verde,mcts,vermelho,0,-3,46,90,120,0.7500,0.3333,2043,1046,817,180
71,1174663146,vermelho,vermelho,mcts,vermelho,1,3,46,30,0,30.0000,0.1304,1534,95,1379,60
71,1174663146,vermelho,azul,mcts,vermelho,0,-3,46,120,120,1.0000,0.0889,3409,1194,1975,240
72,6505178,azul,verde,mcts,verde,1,3,23,60,30,2.0000,0.0909,1558,371,1067,120
72,6505178,azul,vermelho,mcts,verde,0,-3,23,60,120,0.5000,0.0000,2100,1046,874,180
72,6505178,azul,azul,mcts,verde,0,-3,23,150,120,1.2500,0.0455,3742,1709,1733,300
73,478834776,verde,verde,mcts,azul,0,-3,7,120,120,1.0000,0.0000,3495,1673,1522,300
73,478834776,verde,vermelho,mcts,azul,0,-3,7,90,120,0.7500,0.5000,2718,1289,1189,240
73,478834776,verde,azul,mcts,azul,1,3,7,30,0,30.0000,0.1429,1453,510,823,120
74,466979635,vermelho,verde,mcts,verde,1,3,16,30,0,30.0000,0.0000,877,152,665,60
74,466979635,vermelho,vermelho,mcts,verde,0,-3,16,80,120,0.6667,0.0000,2077,1026,871,180
74,466979635,vermelho,azul,mcts,verde,0,-3,16,120,110,1.0909,0.4000,2860,1231,1389,240
75,1585602173,azul,verde,mcts,verde,1,3,12,120,60,2.0000,0.0909,2804,1167,1397,240
75,1585602173,azul,vermelho,mcts,verde,0,-3,12,120,120,1.0000,0.2000,2590,1206,1144,240
75,1585602173,azul,azul,mcts,verde,0,-3,12,60,120,0.5000,0.0000,1393,764,509,120
76,137830156,verde,verde,mcts,verde,1,3,25,30,0,30.0000,0.0000,1137,127,950,60
76,137830156,verde,vermelho,mcts,verde,0,-3,25,120,120,1.0000,0.0833,3117,1286,1591,240
76,137830156,verde,azul,mcts,verde,0,-3,25,90,120,0.7500,0.0000,2104,1060,864,180
77,295121870,vermelho,verde,mcts,azul,0,-3,21,90,120,0.7500,0.1667,2126,1057,889,180
77,295121870,vermelho,vermelho,mcts,azul,0,-3,21,150,120,1.2500,0.0000,3725,1677,1748,300
77,295121870,vermelho,azul,mcts,azul,1,3,21,30,30,1.0000,0.0952,1038,183,795,60
78,1568756219,azul,verde,mcts,vermelho,0,-3,34,120,120,1.0000,0.0000,3363,1346,1777,240
78,1568756219,azul,vermelho,mcts,vermelho,1,3,34,30,0,30.0000,0.0000,1335,202,1073,60
78,1568756219,azul,azul,mcts,vermelho,0,-3,34,90,120,0.7500,0.0833,2193,1076,937,180
79,863086835,verde,verde,mcts,verde,1,3,18,30,0,30.0000,0.0556,1043,232,751,60
79,863086835,verde,vermelho,mcts,verde,0,-3,18,110,110,1.0000,0.1765,3439,1548,1591,300
79,863086835,verde,azul,mcts,verde,0,-3,18,80,110,0.7273,0.5000,1916,994,742,180
80,881860485,vermelho,verde,mcts,vermelho,0,-3,25,150,120,1.2500,0.0417,3706,1611,1795,300
80,881860485,vermelho,vermelho,mcts,vermelho,1,3,25,30,30,1.0000,0.0400,1209,201,948,60
80,881860485,vermelho,azul,mcts,vermelho,0,-3,25,90,120,0.7500,0.0000,2056,996,880,180
81,866620601,azul,verde,mcts,empate,0,-1,100,0,0,0.0000,0.0000,1892,0,1892,0
81,866620601,azul,vermelho,mcts,empate,0,-1,100,0,0,0.0000,0.0000,2057,49,2008,0
81,866620601,azul,azul,mcts,empate,0,-1,100,0,0,0.0000,0.0000,1944,47,1897,0
82,1809070958,verde,verde,mcts,azul,0,-3,12,90,120,0.7500,0.0000,2007,989,838,180
82,1809070958,verde,vermelho,mcts,azul,0,-3,12,150,120,1.2500,0.0000,3199,1546,1353,300
82,1809070958,verde,azul,mcts,azul,1,3,12,30,30,1.0000,0.0833,838,165,613,60
83,389192010,vermelho,verde,mcts,azul,0,-3,27,180,120,1.5000,0.0385,4897,2249,2228,420
83,389192010,vermelho,vermelho,mcts,azul,0,-3,27,60,120,0.5000,0.0000,2743,1334,1169,240
83,389192010,vermelho,azul,mcts,azul,1,3,27,60,60,1.0000,0.2593,1819,462,1237,120
84,500570754,azul,verde,mcts,verde,1,3,12,30,30,1.0000,0.0000,773,190,523,60
84,500570754,azul,vermelho,mcts,verde,0,-3,12,90,120,0.7500,0.0000,2041,1027,834,180
84,500570754,azul,azul,mcts,verde,0,-3,12,150,120,1.2500,0.0000,3457,1596,1561,300
85,1712353937,verde,verde,mcts,azul,0,-3,20,90,120,0.7500,0.0000,2120,1059,881,180
85,1712353937,verde,vermelho,mcts,azul,0,-3,20,120,120,1.0000,0.0000,3056,1266,1550,240
85,1712353937,verde,azul,mcts,azul,1,3,20,30,0,30.0000,0.1500,1016,176,780,60
86,391319897,vermelho,verde,mcts,vermelho,0,-3,15,120,120,1.0000,0.0714,2881,1251,1390,240
86,391319897,vermelho,vermelho,mcts,vermelho,1,3,15,30,0,30.0000,0.1333,951,197,694,60
86,391319897,vermelho,azul,mcts,vermelho,0,-3,15,90,120,0.7500,0.0000,2096,1029,887,180
87,136589075,azul,verde,mcts,verde,1,3,7,30,0,30.0000,0.0000,1742,848,774,120
87,136589075,azul,vermelho,mcts,verde,0,-3,7,90,120,0.7500,0.0000,2004,1029,795,180
87,136589075,azul,azul,mcts,verde,0,-3,7,120,120,1.0000,0.0000,2918,1711,967,240
88,516443035,verde,verde,mcts,azul,0,-3,16,150,120,1.2500,0.0625,3497,1648,1549,300
88,516443035,verde,vermelho,mcts,azul,0,-3,16,90,120,0.7500,0.2500,2024,1031,813,180
88,516443035,verde,azul,mcts,azul,1,3,16,30,30,1.0000,0.1250,914,152,702,60
89,1231568109,vermelho,verde,mcts,azul,0,-3,9,90,120,0.7500,0.0000,2016,1023,813,180
89,1231568109,vermelho,vermelho,mcts,azul,0,-3,9,120,120,1.0000,0.0000,2773,1244,1289,240
89,1231568109,vermelho,azul,mcts,azul,1,3,9,30,0,30.0000,0.1111,826,211,555,60
90,234389638,azul,verde,mcts,verde,1,3,20,30,30,1.0000,0.1053,893,105,728,60
90,234389638,azul,vermelho,mcts,verde,0,-3,20,90,120,0.7500,0.0000,2025,1072,773,180
90,234389638,azul,azul,mcts,verde,0,-3,20,150,120,1.2500,0.0526,3553,1636,1617,300
91,1278363502,verde,verde,mcts,vermelho,0,-3,15,150,120,1.2500,0.0667,3488,1632,1556,300
91,1278363502,verde,vermelho,mcts,vermelho,1,3,15,30,30,1.0000,0.2667,918,186,672,60
91,1278363502,verde,azul,mcts,vermelho,0,-3,15,90,120,0.7500,0.0000,2014,1011,823,180
92,2089492144,vermelho,verde,mcts,vermelho,0,-3,24,90,120,0.7500,0.0000,2075,979,916,180
92,2089492144,vermelho,vermelho,mcts,vermelho,1,3,24,30,0,30.0000,0.0417,1009,195,754,60
92,2089492144,vermelho,azul,mcts,vermelho,0,-3,24,120,120,1.0000,0.0000,2676,1079,1357,240
93,1010834375,azul,verde,mcts,vermelho,0,-3,24,150,120,1.2500,0.0435,3363,1510,1553,300
93,1010834375,azul,vermelho,mcts,vermelho,1,3,24,30,30,1.0000,0.0000,992,105,827,60
93,1010834375,azul,azul,mcts,vermelho,0,-3,24,90,120,0.7500,0.0000,1859,982,697,180
94,1010172138,verde,verde,mcts,vermelho,0,-3,13,120,120,1.0000,0.0769,2840,1237,1363,240
94,1010172138,verde,vermelho,mcts,vermelho,1,3,13,30,0,30.0000,0.1538,815,130,625,60
94,1010172138,verde,azul,mcts,vermelho,0,-3,13,90,120,0.7500,0.0000,2006,1007,819,180
95,1255584616,vermelho,verde,mcts,verde,1,3,21,60,60,1.0000,0.1500,1440,325,995,120
95,1255584616,vermelho,vermelho,mcts,verde,0,-3,21,60,120,0.5000,0.0000,2148,1130,838,180
95,1255584616,vermelho,azul,mcts,verde,0,-3,21,180,120,1.5000,0.0500,4222,2023,1839,360
96,2041513302,azul,verde,mcts,vermelho,0,-3,30,120,120,1.0000,0.0345,2897,1114,1543,240
96,2041513302,azul,vermelho,mcts,vermelho,1,3,30,30,0,30.0000,0.0345,1180,128,992,60
96,2041513302,azul,azul,mcts,vermelho,0,-3,30,90,120,0.7500,0.0769,2026,972,874,180
97,11523659,verde,verde,mcts,azul,0,-3,20,90,120,0.7500,0.0000,2148,1037,931,180
97,11523659,verde,vermelho,mcts,azul,0,-3,20,120,120,1.0000,0.1000,3018,1237,1541,240
97,11523659,verde,azul,mcts,azul,1,3,20,30,0,30.0000,0.0500,973,128,785,60
98,60279016,vermelho,verde,mcts,empate,0,-1,100,0,0,0.0000,0.0000,1998,50,1948,0
98,60279016,vermelho,vermelho,mcts,empate,0,-1,100,120,90,1.3333,0.0000,4589,1260,3089,240
98,60279016,vermelho,azul,mcts,empate,0,-1,100,90,120,0.7500,0.0000,2354,1056,1118,180
99,2035523298,azul,verde,mcts,verde,1,3,20,30,0,30.0000,0.1053,999,191,748,60
99,2035523298,azul,vermelho,mcts,verde,0,-3,20,90,120,0.7500,0.0000,2060,1054,826,180
99,2035523298,azul,azul,mcts,verde,0,-3,20,120,120,1.0000,0.0526,2959,1218,1501,240
100,778332920,verde,verde,mcts,empate,0,-1,100,90,120,0.7500,0.0000,2263,999,1084,180
100,778332920,verde,vermelho,mcts,empate,0,-1,100,0,0,0.0000,0.0000,1538,0,1538,0
100,778332920,verde,azul,mcts,empate,0,-1,100,120,90,1.3333,0.0100,5067,1233,3594,240
101,681977055,vermelho,verde,mcts,vermelho,0,-3,23,140,120,1.1667,0.0909,3599,1664,1635,300
101,681977055,vermelho,vermelho,mcts,vermelho,1,3,23,30,30,1.0000,0.0435,1521,243,1158,120
101,681977055,vermelho,azul,mcts,vermelho,0,-3,23,90,110,0.8182,0.1000,2084,1036,868,180
102,937597042,azul,verde,mcts,azul,0,-3,18,150,120,1.2500,0.0000,3296,1500,1496,300
102,937597042,azul,vermelho,mcts,azul,0,-3,18,60,120,0.5000,0.1111,2709,1422,1047,240
102,937597042,azul,azul,mcts,azul,1,3,18,60,30,2.0000,0.1667,1496,404,972,120
103,528953857,verde,verde,mcts,vermelho,0,-3,14,180,120,1.5000,0.0000,4112,2069,1683,360
103,528953857,verde,vermelho,mcts,vermelho,1,3,14,30,60,0.5000,0.0714,1800,347,1273,180
103,528953857,verde,azul,mcts,vermelho,0,-3,14,90,120,0.7500,0.0000,2754,1299,1215,240
104,1698552064,vermelho,verde,mcts,verde,1,3,26,30,0,30.0000,0.0000,1132,184,888,60
104,1698552064,vermelho,vermelho,mcts,verde,0,-3,26,90,120,0.7500,0.1667,2063,1025,858,180
104,1698552064,vermelho,azul,mcts,verde,0,-3,26,120,120,1.0000,0.0000,3139,1218,1681,240
105,2028522531,azul,verde,mcts,vermelho,0,-3,28,180,120,1.5000,0.1481,4510,2090,2060,360
105,2028522531,azul,vermelho,mcts,vermelho,1,3,28,30,60,0.5000,0.1111,1576,237,1219,120
105,2028522531,azul,azul,mcts,vermelho,0,-3,28,90,120,0.7500,0.0000,2810,1314,1256,240
106,2146725289,verde,verde,mcts,vermelho,0,-3,8,150,110,1.3636,0.3750,4125,2619,1206,300
106,2146725289,verde,vermelho,mcts,vermelho,1,3,8,20,30,0.6667,0.0000,1469,579,770,120
106,2146725289,verde,azul,mcts,vermelho,0,-3,8,90,120,0.7500,0.0000,1938,1035,723,180
107,2048006628,vermelho,verde,mcts,verde,1,3,11,30,0,30.0000,0.1000,828,205,563,60
107,2048006628,vermelho,vermelho,mcts,verde,0,-3,11,120,120,1.0000,0.1000,2513,1119,1154,240
107,2048006628,vermelho,azul,mcts,verde,0,-3,11,90,120,0.7500,0.0000,2006,987,839,180
108,2065734190,azul,verde,mcts,azul,0,-3,33,150,120,1.2500,0.0000,3896,1671,1925,300
108,2065734190,azul,vermelho,mcts,azul,0,-3,33,60,120,0.5000,0.0000,2202,1038,984,180
108,2065734190,azul,azul,mcts,azul,1,3,33,60,30,2.0000,0.0000,1770,408,1242,120
109,946904339,verde,verde,mcts,vermelho,0,-3,15,90,120,0.7500,0.0000,2077,1022,875,180
109,946904339,verde,vermelho,mcts,vermelho,1,3,15,30,0,30.0000,0.0000,824,130,634,60
109,946904339,verde,azul,mcts,vermelho,0,-3,15,120,120,1.0000,0.0714,2839,1221,1378,240
110,977405121,vermelho,verde,mcts,vermelho,0,-3,17,90,100,0.9000,0.2000,2018,1146,692,180
110,977405121,vermelho,vermelho,mcts,vermelho,1,3,17,30,0,30.0000,0.0588,957,212,685,60
110,977405121,vermelho,azul,mcts,vermelho,0,-3,17,100,120,0.8333,0.0625,2862,1331,1291,240
111,106871201,azul,verde,mcts,vermelho,0,-3,41,150,120,1.2500,0.0750,3886,1505,2081,300
111,106871201,azul,vermelho,mcts,vermelho,1,3,41,30,30,1.0000,0.0000,1356,181,1115,60
111,106871201,azul,azul,mcts,vermelho,0,-3,41,90,120,0.7500,0.1667,1927,994,753,180
112,524023377,verde,verde,mcts,verde,1,3,12,30,30,1.0000,0.0833,844,186,598,60
112,524023377,verde,vermelho,mcts,verde,0,-3,12,90,120,0.7500,0.0000,2602,1191,1171,240
112,524023377,verde,azul,mcts,verde,0,-3,12,150,120,1.2500,0.0000,3450,1646,1504,300
113,2070036801,vermelho,verde,mcts,vermelho,0,-3,12,140,120,1.1667,0.1818,3546,1771,1475,300
113,2070036801,vermelho,vermelho,mcts,vermelho,1,3,12,30,30,1.0000,0.0000,884,227,597,60
113,2070036801,vermelho,azul,mcts,vermelho,0,-3,12,90,110,0.8182,0.6667,2114,1064,870,180
114,332326161,azul,verde,mcts,azul,0,-3,9,120,120,1.0000,0.0000,2756,1296,1220,240
114,332326161,azul,vermelho,mcts,azul,0,-3,9,90,120,0.7500,0.2000,2146,1063,903,180
114,332326161,azul,azul,mcts,azul,1,3,9,30,0,30.0000,0.0000,944,311,573,60
115,13274541,verde,verde,mcts,azul,0,-3,35,150,120,1.2500,0.1143,3735,1555,1880,300
115,13274541,verde,vermelho,mcts,azul,0,-3,35,90,120,0.7500,0.1250,2575,1088,1247,240
115,13274541,verde,azul,mcts,azul,1,3,35,30,30,1.0000,0.0000,1267,165,1042,60
116,825241805,vermelho,verde,mcts,azul,0,-3,24,150,120,1.2500,0.0000,3761,1635,1826,300
116,825241805,vermelho,vermelho,mcts,azul,0,-3,24,90,120,0.7500,0.0000,2105,1005,920,180
116,825241805,vermelho,azul,mcts,azul,1,3,24,30,30,1.0000,0.0000,1131,187,884,60
117,1573000952,azul,verde,mcts,empate,0,-1,100,0,0,0.0000,0.0000,1863,0,1863,0
117,1573000952,azul,vermelho,mcts,empate,0,-1,100,90,120,0.7500,0.0000,2684,1241,1203,240
117,1573000952,azul,azul,mcts,empate,0,-1,100,120,90,1.3333,0.0000,4339,1305,2794,240
118,1749647013,verde,verde,mcts,verde,1,3,14,30,0,30.0000,0.0000,925,190,675,60
118,1749647013,verde,vermelho,mcts,verde,0,-3,14,120,120,1.0000,0.0769,3383,1572,1511,300
118,1749647013,verde,azul,mcts,verde,0,-3,14,90,120,0.7500,0.2500,2734,1301,1193,240
119,974095307,vermelho,verde,mcts,vermelho,0,-3,15,150,120,1.2500,0.0714,3503,1680,1523,300
119,974095307,vermelho,vermelho,mcts,vermelho,1,3,15,30,30,1.0000,0.0000,822,105,657,60
119,974095307,vermelho,azul,mcts,vermelho,0,-3,15,90,120,0.7500,0.0000,2001,1007,814,180
120,1400113132,azul,verde,mcts,verde,1,3,13,30,30,1.0000,0.0833,864,178,626,60
120,1400113132,azul,vermelho,mcts,verde,0,-3,13,90,120,0.7500,0.1667,2077,1027,870,180
120,1400113132,azul,azul,mcts,verde,0,-3,13,150,120,1.2500,0.0000,3484,1643,1541,300
121,1403140035,verde,verde,mcts,verde,1,3,11,30,0,30.0000,0.0000,812,213,539,60
121,1403140035,verde,vermelho,mcts,verde,0,-3,11,90,120,0.7500,0.0000,1949,997,772,180
121,1403140035,verde,azul,mcts,verde,0,-3,11,120,120,1.0000,0.0000,2406,1061,1105,240
122,1485886752,vermelho,verde,mcts,azul,0,-3,16,90,120,0.7500,0.0000,2002,1031,791,180
122,1485886752,vermelho,vermelho,mcts,azul,0,-3,16,120,120,1.0000,0.0000,2734,1180,1314,240
122,1485886752,vermelho,azul,mcts,azul,1,3,16,30,0,30.0000,0.0625,959,186,713,60
123,1433079639,azul,verde,mcts,vermelho,0,-3,29,90,120,0.7500,0.0833,2022,977,865,180
123,1433079639,azul,vermelho,mcts,vermelho,1,3,29,30,30,1.0000,0.0714,1172,115,997,60
123,1433079639,azul,azul,mcts,vermelho,0,-3,29,150,120,1.2500,0.0714,3504,1553,1651,300
124,1444017005,verde,verde,mcts,empate,0,-1,100,0,0,0.0000,0.0000,2320,0,2320,0
124,1444017005,verde,vermelho,mcts,empate,0,-1,100,0,0,0.0000,0.0000,2028,50,1978,0
124,1444017005,verde,azul,mcts,empate,0,-1,100,0,0,0.0000,0.0000,1570,48,1522,0
125,1120634029,vermelho,verde,mcts,azul,0,-3,12,150,120,1.2500,0.0000,3441,1652,1489,300
125,1120634029,vermelho,vermelho,mcts,azul,0,-3,12,90,120,0.7500,0.0000,2130,1064,886,180
125,1120634029,vermelho,azul,mcts,azul,1,3,12,30,30,1.0000,0.0833,853,182,611,60
126,1159629576,azul,verde,mcts,verde,1,3,35,60,60,1.0000,0.0294,1862,362,1380,120
126,1159629576,azul,vermelho,mcts,verde,0,-3,35,180,120,1.5000,0.1212,4309,1880,2069,360
126,1159629576,azul,azul,mcts,verde,0,-3,35,60,120,0.5000,0.0000,2043,1214,649,180
127,170520394,verde,verde,mcts,vermelho,0,-3,19,90,120,0.7500,0.2857,1938,1016,742,180
127,170520394,verde,vermelho,mcts,vermelho,1,3,19,30,0,30.0000,0.0000,978,151,767,60
127,170520394,verde,azul,mcts,vermelho,0,-3,19,120,120,1.0000,0.1111,2846,1233,1373,240
128,2032603470,vermelho,verde,mcts,azul,0,-3,16,90,120,0.7500,0.0000,3001,1509,1252,240
128,2032603470,vermelho,vermelho,mcts,azul,0,-3,16,120,120,1.0000,0.0000,2772,1189,1343,240
128,2032603470,vermelho,azul,mcts,azul,1,3,16,30,0,30.0000,0.2500,1930,862,948,120
129,1569236234,azul,verde,mcts,verde,1,3,16,60,50,1.2000,0.4000,1549,454,975,120
129,1569236234,azul,vermelho,mcts,verde,0,-3,16,170,120,1.4167,0.0714,4245,2141,1744,360
129,1569236234,azul,azul,mcts,verde,0,-3,16,60,120,0.5000,0.2222,2973,1492,1241,240
130,411570783,verde,verde,mcts,vermelho,0,-3,13,120,120,1.0000,0.0000,2811,1222,1349,240
130,411570783,verde,vermelho,mcts,vermelho,1,3,13,30,0,30.0000,0.2308,812,140,612,60
130,411570783,verde,azul,mcts,vermelho,0,-3,13,90,120,0.7500,0.0000,2014,1041,793,180
131,562047796,vermelho,verde,mcts,empate,0,-1,100,0,0,0.0000,0.0101,2055,44,2011,0
131,562047796,vermelho,vermelho,mcts,empate,0,-1,100,120,90,1.3333,0.0000,4316,1174,2902,240
131,562047796,vermelho,azul,mcts,empate,0,-1,100,90,120,0.7500,0.0000,1918,989,749,180
132,1448248165,azul,verde,mcts,vermelho,0,-3,31,90,120,0.7500,0.0000,2011,1021,810,180
132,1448248165,azul,vermelho,mcts,vermelho,1,3,31,30,30,1.0000,0.0667,1274,265,949,60
132,1448248165,azul,azul,mcts,vermelho,0,-3,31,150,120,1.2500,0.0000,3873,1629,1944,300
133,1352011924,verde,verde,mcts,azul,0,-3,13,120,120,1.0000,0.0769,2848,1239,1369,240
133,1352011924,verde,vermelho,mcts,azul,0,-3,13,90,120,0.7500,0.0000,2041,1020,841,180
133,1352011924,verde,azul,mcts,azul,1,3,13,30,0,30.0000,0.0769,861,163,638,60
134,939551074,vermelho,verde,mcts,azul,0,-3,20,180,120,1.5000,0.0000,4177,1979,1838,360
134,939551074,vermelho,vermelho,mcts,azul,0,-3,20,30,120,0.2500,0.0000,2148,1195,773,180
134,939551074,vermelho,azul,mcts,azul,1,3,20,90,60,1.5000,0.0000,2150,728,1242,180
135,362752061,azul,verde,mcts,verde,1,3,23,30,30,1.0000,0.0000,1106,209,837,60
135,362752061,azul,vermelho,mcts,verde,0,-3,23,150,120,1.2500,0.0000,3675,1633,1742,300
135,362752061,azul,azul,mcts,verde,0,-3,23,90,120,0.7500,0.0000,2125,1018,927,180
136,1970562540,verde,verde,mcts,vermelho,0,-3,16,90,120,0.7500,0.0000,2733,1264,1229,240
136,1970562540,verde,vermelho,mcts,vermelho,1,3,16,30,0,30.0000,0.0000,960,232,668,60
136,1970562540,verde,azul,mcts,vermelho,0,-3,16,120,120,1.0000,0.1333,2915,1262,1413,240
137,383708122,vermelho,verde,mcts,verde,1,3,16,60,0,60.0000,0.1333,1542,398,1024,120
137,383708122,vermelho,vermelho,mcts,verde,0,-3,16,90,120,0.7500,0.0000,2259,1026,1053,180
137,383708122,vermelho,azul,mcts,verde,0,-3,16,90,120,0.7500,0.0000,2324,1072,1072,180
138,2075785334,azul,verde,mcts,vermelho,0,-3,12,60,110,0.5455,0.4286,2000,1003,817,180
138,2075785334,azul,vermelho,mcts,vermelho,1,3,12,60,30,2.0000,0.0000,1444,453,871,120
138,2075785334,azul,azul,mcts,vermelho,0,-3,12,140,120,1.1667,0.3636,3843,1739,1744,360
139,794372141,verde,verde,mcts,vermelho,0,-3,10,90,120,0.7500,0.0000,2131,1086,865,180
139,794372141,verde,vermelho,mcts,vermelho,1,3,10,30,0,30.0000,0.0000,819,217,542,60
139,794372141,verde,azul,mcts,vermelho,0,-3,10,120,120,1.0000,0.0000,2776,1277,1259,240
140,1817101026,vermelho,verde,mcts,verde,1,3,9,30,0,30.0000,0.0000,804,218,526,60
140,1817101026,vermelho,vermelho,mcts,verde,0,-3,9,90,120,0.7500,0.0000,2046,1016,850,180
140,1817101026,vermelho,azul,mcts,verde,0,-3,9,120,120,1.0000,0.0000,2644,1180,1224,240
141,1461547978,azul,verde,mcts,verde,1,3,31,60,30,2.0000,0.0333,1839,395,1324,120
141,1461547978,azul,vermelho,mcts,verde,0,-3,31,150,120,1.2500,0.1379,3809,1624,1885,300
141,1461547978,azul,azul,mcts,verde,0,-3,31,60,120,0.5000,0.1250,2124,1052,892,180
142,1249674794,verde,verde,mcts,verde,1,3,45,30,0,30.0000,0.1111,1648,196,1392,60
142,1249674794,verde,vermelho,mcts,verde,0,-3,45,90,120,0.7500,0.0000,1975,948,847,180
142,1249674794,verde,azul,mcts,verde,0,-3,45,120,120,1.0000,0.0909,3197,1054,1903,240
143,236336944,vermelho,verde,mcts,verde,1,3,29,30,0,30.0000,0.0357,1136,109,967,60
143,236336944,vermelho,vermelho,mcts,verde,0,-3,29,120,120,1.0000,0.1071,2885,1105,1540,240
143,236336944,vermelho,azul,mcts,verde,0,-3,29,90,120,0.7500,0.0000,2006,984,842,180
144,787490960,azul,verde,mcts,azul,0,-3,29,150,120,1.2500,0.0000,3832,1645,1887,300
144,787490960,azul,vermelho,mcts,azul,0,-3,29,90,120,0.7500,0.0000,2016,1021,815,180
144,787490960,azul,azul,mcts,azul,1,3,29,30,30,1.0000,0.0000,1189,194,935,60
145,368094613,verde,verde,mcts,vermelho,0,-3,25,90,120,0.7500,0.0556,2246,1006,1060,180
145,368094613,verde,vermelho,mcts,vermelho,1,3,25,30,60,0.5000,0.0800,1660,372,1168,120
145,368094613,verde,azul,mcts,vermelho,0,-3,25,180,120,1.5000,0.2500,4255,1979,1916,360
146,15368845,vermelho,verde,mcts,vermelho,0,-3,8,90,110,0.8182,0.1667,1984,991,813,180
146,15368845,vermelho,vermelho,mcts,vermelho,1,3,8,50,0,50.0000,0.1250,1702,745,837,120
146,15368845,vermelho,azul,mcts,vermelho,0,-3,8,90,120,0.7500,0.2857,1995,991,824,180
147,987658780,azul,verde,mcts,azul,0,-3,48,150,120,1.2500,0.0000,3917,1482,2135,300
147,987658780,azul,vermelho,mcts,azul,0,-3,48,90,120,0.7500,0.0000,1978,1006,792,180
147,987658780,azul,azul,mcts,azul,1,3,48,30,30,1.0000,0.0417,1526,208,1258,60
148,1140005980,verde,verde,mcts,azul,0,-3,19,90,120,0.7500,0.0000,1921,963,778,180
148,1140005980,verde,vermelho,mcts,azul,0,-3,19,150,120,1.2500,0.0000,3287,1476,1511,300
148,1140005980,verde,azul,mcts,azul,1,3,19,30,30,1.0000,0.0000,1035,212,763,60
149,2107689852,vermelho,verde,mcts,vermelho,0,-3,20,90,120,0.7500,0.0000,2143,1056,907,180
149,2107689852,vermelho,vermelho,mcts,vermelho,1,3,20,30,30,1.0000,0.0500,968,127,781,60
149,2107689852,vermelho,azul,mcts,vermelho,0,-3,20,150,120,1.2500,0.0000,3683,1702,1681,300
150,1111585620,azul,verde,mcts,verde,1,3,31,30,30,1.0000,0.0000,1233,146,1027,60
150,1111585620,azul,vermelho,mcts,verde,0,-3,31,90,120,0.7500,0.4000,2069,1027,862,180
150,1111585620,azul,azul,mcts,verde,0,-3,31,150,120,1.2500,0.0000,3855,1628,1927,300
151,323059078,verde,verde,mcts,azul,0,-3,17,120,120,1.0000,0.0000,3279,2132,907,240
151,323059078,verde,vermelho,mcts,azul,0,-3,17,30,120,0.2500,0.0000,976,427,489,60
151,323059078,verde,azul,mcts,azul,1,3,17,150,60,2.5000,0.0588,3526,1843,1383,300
152,1505993271,vermelho,verde,mcts,azul,0,-3,20,180,120,1.5000,0.0526,4240,2002,1878,360
152,1505993271,vermelho,vermelho,mcts,azul,0,-3,20,90,120,0.7500,0.1667,2068,1027,861,180
152,1505993271,vermelho,azul,mcts,azul,1,3,20,30,60,0.5000,0.0000,1433,238,1075,120
153,1332249844,azul,verde,mcts,azul,0,-3,31,90,120,0.7500,0.0000,2809,1346,1223,240
153,1332249844,azul,vermelho,mcts,azul,0,-3,31,150,120,1.2500,0.0000,3913,1661,1952,300
153,1332249844,azul,azul,mcts,azul,1,3,31,30,30,1.0000,0.0000,1315,165,1090,60
154,486926662,verde,verde,mcts,azul,0,-3,14,150,120,1.2500,0.0714,3269,1590,1379,300
154,486926662,verde,vermelho,mcts,azul,0,-3,14,90,120,0.7500,0.0000,1969,996,793,180
154,486926662,verde,azul,mcts,azul,1,3,14,30,30,1.0000,0.0000,818,129,629,60
155,228384987,vermelho,verde,mcts,azul,0,-3,19,120,120,1.0000,0.1667,2554,1077,1237,240
155,228384987,vermelho,vermelho,mcts,azul,0,-3,19,90,120,0.7500,0.1333,2123,1024,919,180
155,228384987,vermelho,azul,mcts,azul,1,3,19,30,0,30.0000,0.0526,913,141,712,60
156,1338147426,azul,verde,mcts,azul,0,-3,15,90,120,0.7500,0.0000,2020,1065,775,180
156,1338147426,azul,vermelho,mcts,azul,0,-3,15,150,120,1.2500,0.2143,3459,1610,1549,300
156,1338147426,azul,azul,mcts,azul,1,3,15,30,30,1.0000,0.0000,931,197,674,60
157,1701265980,verde,verde,mcts,vermelho,0,-3,12,150,120,1.2500,0.1667,3407,1615,1492,300
157,1701265980,verde,vermelho,mcts,vermelho,1,3,12,30,30,1.0000,0.0833,888,209,619,60
157,1701265980,verde,azul,mcts,vermelho,0,-3,12,90,120,0.7500,0.0000,1994,1080,734,180
158,2035459300,vermelho,verde,mcts,verde,1,3,35,60,60,1.0000,0.0294,1620,293,1207,120
158,2035459300,vermelho,vermelho,mcts,verde,0,-3,35,60,120,0.5000,0.0000,2153,1097,876,180
158,2035459300,vermelho,azul,mcts,verde,0,-3,35,180,120,1.5000,0.0294,4497,2000,2137,360
159,1984052756,azul,verde,mcts,verde,1,3,21,30,0,30.0000,0.0000,992,171,761,60
159,1984052756,azul,vermelho,mcts,verde,0,-3,21,120,120,1.0000,0.0000,2672,1120,1312,240
159,1984052756,azul,azul,mcts,verde,0,-3,21,90,120,0.7500,0.1053,2205,995,1030,180
160,882379617,verde,verde,mcts,vermelho,0,-3,30,90,120,0.7500,0.1333,2290,1028,1082,180
160,882379617,verde,vermelho,mcts,vermelho,1,3,30,30,0,30.0000,0.0667,1240,128,1052,60
160,882379617,verde,azul,mcts,vermelho,0,-3,30,120,120,1.0000,0.0000,3219,1209,1770,240
161,155837609,vermelho,verde,mcts,azul,0,-3,23,180,120,1.5000,0.0909,4380,2027,1993,360
161,155837609,vermelho,vermelho,mcts,azul,0,-3,23,60,120,0.5000,0.0000,2140,1130,830,180
161,155837609,vermelho,azul,mcts,azul,1,3,23,60,60,1.0000,0.0870,1779,514,1145,120
162,1949492245,azul,verde,mcts,vermelho,0,-3,13,60,120,0.5000,0.0000,1990,1055,755,180
162,1949492245,azul,vermelho,mcts,vermelho,1,3,13,60,60,1.0000,0.0000,1471,462,889,120
162,1949492245,azul,azul,mcts,vermelho,0,-3,13,180,120,1.5000,0.0000,4061,2037,1664,360
163,1206746855,verde,verde,mcts,vermelho,0,-3,26,150,120,1.2500,0.1154,3636,1621,1715,300
163,1206746855,verde,vermelho,mcts,vermelho,1,3,26,30,30,1.0000,0.0000,1078,106,912,60
163,1206746855,verde,azul,mcts,vermelho,0,-3,26,90,120,0.7500,0.1000,2008,1016,812,180
164,383512830,vermelho,verde,mcts,azul,0,-3,13,150,120,1.2500,0.0000,3335,1627,1408,300
164,383512830,vermelho,vermelho,mcts,azul,0,-3,13,60,120,0.5000,0.0000,2107,1129,798,180
164,383512830,vermelho,azul,mcts,azul,1,3,13,60,30,2.0000,0.0000,2030,739,1111,180
165,1238779790,azul,verde,mcts,empate,0,-1,100,0,0,0.0000,0.0000,1685,0,1685,0
165,1238779790,azul,vermelho,mcts,empate,0,-1,100,120,90,1.3333,0.0000,4036,1239,2557,240
165,1238779790,azul,azul,mcts,empate,0,-1,100,90,120,0.7500,0.0000,2078,1032,866,180
166,457092375,verde,verde,mcts,verde,1,3,22,30,0,30.0000,0.0000,1019,160,799,60
166,457092375,verde,vermelho,mcts,verde,0,-3,22,120,120,1.0000,0.0952,2889,1192,1457,240
166,457092375,verde,azul,mcts,verde,0,-3,22,90,120,0.7500,0.4000,2069,1019,870,180
167,1059044347,vermelho,verde,mcts,vermelho,0,-3,23,150,120,1.2500,0.0000,3705,1647,1758,300
167,1059044347,vermelho,vermelho,mcts,vermelho,1,3,23,30,30,1.0000,0.0000,1033,169,804,60
167,1059044347,vermelho,azul,mcts,vermelho,0,-3,23,90,120,0.7500,0.0000,2099,1015,904,180
168,281457202,azul,verde,mcts,verde,1,3,18,30,30,1.0000,0.0588,1010,194,756,60
168,281457202,azul,vermelho,mcts,verde,0,-3,18,150,120,1.2500,0.0000,3649,1705,1644,300
168,281457202,azul,azul,mcts,verde,0,-3,18,90,120,0.7500,0.0000,2718,1377,1101,240
169,1239046820,verde,verde,mcts,azul,0,-3,25,90,120,0.7500,0.0000,2052,991,881,180
169,1239046820,verde,vermelho,mcts,azul,0,-3,25,120,120,1.0000,0.0000,2760,1065,1455,240
169,1239046820,verde,azul,mcts,azul,1,3,25,30,0,30.0000,0.1200,1169,202,907,60
170,461995623,vermelho,verde,mcts,verde,1,3,20,30,30,1.0000,0.0526,876,77,739,60
170,461995623,vermelho,vermelho,mcts,verde,0,-3,20,150,120,1.2500,0.2632,3321,1609,1412,300
170,461995623,vermelho,azul,mcts,verde,0,-3,20,90,120,0.7500,0.3750,2001,1191,630,180
171,1520527385,azul,verde,mcts,verde,1,3,35,30,30,1.0000,0.0588,1419,184,1175,60
171,1520527385,azul,vermelho,mcts,verde,0,-3,35,140,120,1.1667,0.0000,4977,1975,2582,420
171,1520527385,azul,azul,mcts,verde,0,-3,35,90,110,0.8182,0.1667,3663,1622,1741,300
172,681314169,verde,verde,mcts,verde,1,3,13,60,30,2.0000,0.0000,1741,779,842,120
172,681314169,verde,vermelho,mcts,verde,0,-3,13,90,120,0.7500,0.0000,2249,1430,639,180
172,681314169,verde,azul,mcts,verde,0,-3,13,120,120,1.0000,0.0000,2621,1286,1095,240
173,1151681641,vermelho,verde,mcts,vermelho,0,-3,22,90,100,0.9000,0.5000,1916,1068,668,180
173,1151681641,vermelho,vermelho,mcts,vermelho,1,3,22,30,30,1.0000,0.0455,1033,125,848,60
173,1151681641,vermelho,azul,mcts,vermelho,0,-3,22,130,120,1.0833,0.3810,3460,1680,1480,300
174,915322822,azul,verde,mcts,vermelho,0,-3,27,90,120,0.7500,0.0000,2761,1403,1118,240
174,915322822,azul,vermelho,mcts,vermelho,1,3,27,30,30,1.0000,0.0385,1041,97,884,60
174,915322822,azul,azul,mcts,vermelho,0,-3,27,150,120,1.2500,0.0769,3862,1713,1849,300
175,1219387384,verde,verde,mcts,empate,0,-1,100,0,0,0.0000,0.0000,2003,50,1953,0
175,1219387384,verde,vermelho,mcts,empate,0,-1,100,0,0,0.0000,0.0000,1871,51,1820,0
175,1219387384,verde,azul,mcts,empate,0,-1,100,0,0,0.0000,0.4900,1970,0,1970,0
176,669132441,vermelho,verde,mcts,verde,1,3,37,30,0,30.0000,0.0833,1426,187,1179,60
176,669132441,vermelho,vermelho,mcts,verde,0,-3,37,90,120,0.7500,0.0000,2240,1054,1006,180
176,669132441,vermelho,azul,mcts,verde,0,-3,37,120,120,1.0000,0.0278,3396,1281,1875,240
177,1538008631,azul,verde,mcts,azul,0,-3,20,90,120,0.7500,0.0000,3450,1605,1545,300
177,1538008631,azul,vermelho,mcts,azul,0,-3,20,120,120,1.0000,0.0526,3364,1302,1762,300
177,1538008631,azul,azul,mcts,azul,1,3,20,30,0,30.0000,0.0000,1015,167,788,60
178,557466564,verde,verde,mcts,azul,0,-3,12,150,120,1.2500,0.0833,3469,1639,1530,300
178,557466564,verde,vermelho,mcts,azul,0,-3,12,90,120,0.7500,0.0000,2113,1048,885,180
178,557466564,verde,azul,mcts,azul,1,3,12,30,30,1.0000,0.0000,866,188,618,60
179,1498413934,vermelho,verde,mcts,vermelho,0,-3,15,60,120,0.5000,0.1111,1989,1005,804,180
179,1498413934,vermelho,vermelho,mcts,vermelho,1,3,15,60,60,1.0000,0.0667,1529,446,963,120
179,1498413934,vermelho,azul,mcts,vermelho,0,-3,15,180,120,1.5000,0.0000,3921,1935,1626,360
180,542293507,azul,verde,mcts,verde,1,3,11,30,0,30.0000,0.1000,816,187,569,60
180,542293507,azul,vermelho,mcts,verde,0,-3,11,110,120,0.9167,0.1111,3307,1614,1393,300
180,542293507,azul,azul,mcts,verde,0,-3,11,90,110,0.8182,0.4286,2621,1312,1069,240
181,1371703114,verde,verde,mcts,vermelho,0,-3,22,180,120,1.5000,0.1364,4048,1831,1857,360
181,1371703114,verde,vermelho,mcts,vermelho,1,3,22,30,60,0.5000,0.0000,1682,425,1137,120
181,1371703114,verde,azul,mcts,vermelho,0,-3,22,90,120,0.7500,0.0000,2116,968,968,180
182,117727943,vermelho,verde,mcts,verde,1,3,23,60,60,1.0000,0.0000,1614,401,1093,120
182,117727943,vermelho,vermelho,mcts,verde,0,-3,23,180,120,1.5000,0.0000,4322,1995,1967,360
182,117727943,vermelho,azul,mcts,verde,0,-3,23,60,120,0.5000,0.0000,2713,1354,1119,240
183,603806591,azul,verde,mcts,verde,1,3,21,20,0,20.0000,0.1500,933,120,753,60
183,603806591,azul,vermelho,mcts,verde,0,-3,21,90,110,0.8182,0.5000,2109,1042,887,180
183,603806591,azul,azul,mcts,verde,0,-3,21,110,110,1.0000,0.1000,3060,1298,1522,240
184,699897077,verde,verde,mcts,azul,0,-3,27,120,120,1.0000,0.0000,3698,2163,1295,240
184,699897077,verde,vermelho,mcts,azul,0,-3,27,120,120,1.0000,0.0000,3397,1688,1409,300
184,699897077,verde,azul,mcts,azul,1,3,27,60,60,1.0000,0.0000,2129,633,1316,180
185,519069263,vermelho,verde,mcts,verde,1,3,17,10,30,0.3333,0.0000,990,205,725,60
185,519069263,vermelho,vermelho,mcts,verde,0,-3,17,150,100,1.5000,0.1250,3562,1633,1629,300
185,519069263,vermelho,azul,mcts,verde,0,-3,17,90,120,0.7500,0.0000,2027,1016,831,180
186,1300684724,azul,verde,mcts,azul,0,-3,24,90,120,0.7500,0.2857,1953,1117,656,180
186,1300684724,azul,vermelho,mcts,azul,0,-3,24,150,120,1.2500,0.1304,3342,1537,1505,300
186,1300684724,azul,azul,mcts,azul,1,3,24,30,30,1.0000,0.0000,1092,131,901,60
187,1520408512,verde,verde,mcts,azul,0,-3,55,90,100,0.9000,0.6667,2070,1022,868,180
187,1520408512,verde,vermelho,mcts,azul,0,-3,55,130,120,1.0833,0.0909,4452,1681,2471,300
187,1520408512,verde,azul,mcts,azul,1,3,55,30,30,1.0000,0.0182,1776,143,1573,60
188,1385646527,vermelho,verde,mcts,verde,1,3,37,30,0,30.0000,0.0000,1314,106,1148,60
188,1385646527,vermelho,vermelho,mcts,verde,0,-3,37,90,120,0.7500,0.0000,2071,1036,855,180
188,1385646527,vermelho,azul,mcts,verde,0,-3,37,120,120,1.0000,0.1944,4031,1675,2056,300
189,1017835355,azul,verde,mcts,empate,0,-1,100,0,0,0.0000,0.4949,1789,49,1740,0
189,1017835355,azul,vermelho,mcts,empate,0,-1,100,0,0,0.0000,0.0000,1518,50,1468,0
189,1017835355,azul,azul,mcts,empate,0,-1,100,0,0,0.0000,0.4700,2438,0,2438,0
190,1799545139,verde,verde,mcts,azul,0,-3,9,90,120,0.7500,0.0000,2054,1028,846,180
190,1799545139,verde,vermelho,mcts,azul,0,-3,9,120,120,1.0000,0.0000,2748,1224,1284,240
190,1799545139,verde,azul,mcts,azul,1,3,9,30,0,30.0000,0.0000,763,188,515,60
191,129883519,vermelho,verde,mcts,vermelho,0,-3,17,90,120,0.7500,0.0000,2955,1463,1252,240
191,129883519,vermelho,vermelho,mcts,vermelho,1,3,17,30,0,30.0000,0.0000,902,118,724,60
191,129883519,vermelho,azul,mcts,vermelho,0,-3,17,120,120,1.0000,0.0625,3019,1325,1454,240
192,1102580056,azul,verde,mcts,verde,1,3,21,30,0,30.0000,0.0000,1041,177,804,60
192,1102580056,azul,vermelho,mcts,verde,0,-3,21,90,120,0.7500,0.1667,1899,942,777,180
192,1102580056,azul,azul,mcts,verde,0,-3,21,120,120,1.0000,0.0500,2839,1143,1456,240
193,1554659575,verde,verde,mcts,azul,0,-3,19,90,120,0.7500,0.0000,1929,962,787,180
193,1554659575,verde,vermelho,mcts,azul,0,-3,19,120,120,1.0000,0.0000,2730,1142,1348,240
193,1554659575,verde,azul,mcts,azul,1,3,19,30,0,30.0000,0.1053,1721,492,1109,120
194,1156300410,vermelho,verde,mcts,azul,0,-3,9,120,120,1.0000,0.1250,2674,1242,1192,240
194,1156300410,vermelho,vermelho,mcts,azul,0,-3,9,90,120,0.7500,0.4000,2010,1039,791,180
194,1156300410,vermelho,azul,mcts,azul,1,3,9,30,0,30.0000,0.0000,807,216,531,60
195,529621933,azul,verde,mcts,azul,0,-3,67,110,120,0.9167,0.0303,4117,1238,2639,240
195,529621933,azul,vermelho,mcts,azul,0,-3,67,90,110,0.8182,0.2609,2519,1046,1293,180
195,529621933,azul,azul,mcts,azul,1,3,67,30,0,30.0000,0.0299,2008,132,1816,60
196,1734993955,verde,verde,mcts,empate,0,-1,100,0,0,0.0000,0.0000,2019,50,1969,0
196,1734993955,verde,vermelho,mcts,empate,0,-1,100,0,0,0.0000,0.0000,2600,0,2600,0
196,1734993955,verde,azul,mcts,empate,0,-1,100,0,0,0.0000,0.0000,2012,49,1963,0
197,178452452,vermelho,verde,mcts,vermelho,0,-3,11,120,120,1.0000,0.1000,2757,1234,1283,240
197,178452452,vermelho,vermelho,mcts,vermelho,1,3,11,30,0,30.0000,0.0000,859,205,594,60
197,178452452,vermelho,azul,mcts,vermelho,0,-3,11,90,120,0.7500,0.4000,2452,1489,783,180
198,521402375,azul,verde,mcts,vermelho,0,-3,28,150,120,1.2500,0.2222,3734,1613,1821,300
198,521402375,azul,vermelho,mcts,vermelho,1,3,28,30,30,1.0000,0.0741,1150,154,936,60
198,521402375,azul,azul,mcts,vermelho,0,-3,28,90,120,0.7500,0.0000,2078,1031,867,180
199,105700785,verde,verde,mcts,vermelho,0,-3,16,90,110,0.8182,0.3333,2058,1036,842,180
199,105700785,verde,vermelho,mcts,vermelho,1,3,16,30,0,30.0000,0.0000,931,161,710,60
199,105700785,verde,azul,mcts,vermelho,0,-3,16,110,120,0.9167,0.0667,2918,1335,1343,240
200,2008931110,vermelho,verde,mcts,verde,1,3,12,30,0,30.0000,0.0000,810,196,554,60
200,2008931110,vermelho,vermelho,mcts,verde,0,-3,12,90,120,0.7500,0.0000,2876,1459,1177,240
200,2008931110,vermelho,azul,mcts,verde,0,-3,12,120,120,1.0000,0.0000,2850,1294,1316,240
201,1342046878,azul,verde,mcts,azul,0,-3,34,120,120,1.0000,0.0606,3301,1298,1763,240
201,1342046878,azul,vermelho,mcts,azul,0,-3,34,90,120,0.7500,0.0000,2211,1090,941,180
201,1342046878,azul,azul,mcts,azul,1,3,34,30,0,30.0000,0.0000,1264,172,1032,60
202,953152536,verde,verde,mcts,azul,0,-3,17,60,120,0.5000,0.0000,2106,1111,815,180
202,953152536,verde,vermelho,mcts,azul,0,-3,17,180,120,1.5000,0.0000,3969,1924,1685,360
202,953152536,verde,azul,mcts,azul,1,3,17,60,60,1.0000,0.1176,1586,462,1004,120
203,1936411928,vermelho,verde,mcts,empate,0,-1,100,120,90,1.3333,0.0000,3844,1200,2404,240
203,1936411928,vermelho,vermelho,mcts,empate,0,-1,100,0,0,0.0000,0.0000,2253,0,2253,0
203,1936411928,vermelho,azul,mcts,empate,0,-1,100,90,120,0.7500,0.1250,2069,1037,852,180
204,1166957166,azul,verde,mcts,vermelho,0,-3,13,90,120,0.7500,0.1000,4167,2018,1789,360
204,1166957166,azul,vermelho,mcts,vermelho,1,3,13,30,0,30.0000,0.0000,947,278,609,60
204,1166957166,azul,azul,mcts,vermelho,0,-3,13,120,120,1.0000,0.5000,4794,2213,2161,420
205,1693299176,verde,verde,mcts,verde,1,3,29,30,30,1.0000,0.0345,1183,133,990,60
205,1693299176,verde,vermelho,mcts,verde,0,-3,29,90,120,0.7500,0.0000,2066,1003,883,180
205,1693299176,verde,azul,mcts,verde,0,-3,29,150,120,1.2500,0.0000,3771,1662,1809,300
206,1869436229,vermelho,verde,mcts,vermelho,0,-3,23,180,110,1.6364,0.1818,4287,2005,1922,360
206,1869436229,vermelho,vermelho,mcts,vermelho,1,3,23,60,60,1.0000,0.0435,1650,395,1135,120
206,1869436229,vermelho,azul,mcts,vermelho,0,-3,23,50,120,0.4167,0.0000,2144,1149,815,180
207,145879472,azul,verde,mcts,vermelho,0,-3,18,90,120,0.7500,0.0000,1956,1023,753,180
207,145879472,azul,vermelho,mcts,vermelho,1,3,18,30,0,30.0000,0.0000,1042,221,761,60
207,145879472,azul,azul,mcts,vermelho,0,-3,18,120,120,1.0000,0.0588,2720,1139,1341,240
208,149114399,verde,verde,mcts,vermelho,0,-3,18,120,120,1.0000,0.0000,2739,1126,1373,240
208,149114399,verde,vermelho,mcts,vermelho,1,3,18,30,0,30.0000,0.0556,968,169,739,60
208,149114399,verde,azul,mcts,vermelho,0,-3,18,90,120,0.7500,0.1111,2124,1038,906,180
209,1683453032,vermelho,verde,mcts,empate,0,-1,100,0,0,0.0000,0.0202,2458,0,2458,0
209,1683453032,vermelho,vermelho,mcts,empate,0,-1,100,0,0,0.0000,0.0100,1345,50,1295,0
209,1683453032,vermelho,azul,mcts,empate,0,-1,100,0,0,0.0000,0.0000,1816,50,1766,0
210,1180105192,azul,verde,mcts,empate,0,-1,100,120,90,1.3333,0.0000,3894,1065,2589,240
210,1180105192,azul,vermelho,mcts,empate,0,-1,100,0,0,0.0000,0.0000,1683,0,1683,0
210,1180105192,azul,azul,mcts,empate,0,-1,100,90,120,0.7500,0.0000,2028,1034,814,180
211,706502710,verde,verde,mcts,azul,0,-3,37,90,120,0.7500,0.0000,2035,997,858,180
211,706502710,verde,vermelho,mcts,azul,0,-3,37,150,120,1.2500,0.0541,3806,1609,1897,300
211,706502710,verde,azul,mcts,azul,1,3,37,30,30,1.0000,0.0811,1357,127,1170,60
212,1552000050,vermelho,verde,mcts,azul,0,-3,25,90,120,0.7500,0.0000,2184,1070,934,180
212,1552000050,vermelho,vermelho,mcts,azul,0,-3,25,120,120,1.0000,0.0800,3215,1319,1656,240
212,1552000050,vermelho,azul,mcts,azul,1,3,25,30,0,30.0000,0.0800,1137,172,905,60
213,1627387955,azul,verde,mcts,verde,1,3,20,30,0,30.0000,0.0000,946,137,749,60
213,1627387955,azul,vermelho,mcts,verde,0,-3,20,90,120,0.7500,0.0000,1958,985,793,180
213,1627387955,azul,azul,mcts,verde,0,-3,20,120,120,1.0000,0.0526,2665,1139,1286,240
214,692168545,verde,verde,mcts,vermelho,0,-3,17,90,120,0.7500,0.0000,3551,1842,1409,300
214,692168545,verde,vermelho,mcts,vermelho,1,3,17,30,0,30.0000,0.0000,937,201,676,60
214,692168545,verde,azul,mcts,vermelho,0,-3,17,120,120,1.0000,0.0000,3573,1499,1774,300
215,1117255669,vermelho,verde,mcts,verde,1,3,22,60,30,2.0000,0.0000,1561,367,1074,120
215,1117255669,vermelho,vermelho,mcts,verde,0,-3,22,60,120,0.5000,0.0000,3418,1600,1518,300
215,1117255669,vermelho,azul,mcts,verde,0,-3,22,150,120,1.2500,0.0952,3559,1616,1643,300
216,1291571188,azul,verde,mcts,verde,1,3,27,30,0,30.0000,0.0385,1156,173,923,60
216,1291571188,azul,vermelho,mcts,verde,0,-3,27,120,120,1.0000,0.0400,2830,1172,1418,240
216,1291571188,azul,azul,mcts,verde,0,-3,27,90,120,0.7500,0.0000,2013,1019,814,180
217,1835059891,verde,verde,mcts,verde,1,3,44,30,0,30.0000,0.0000,1487,139,1288,60
217,1835059891,verde,vermelho,mcts,verde,0,-3,44,90,120,0.7500,0.0000,2027,1014,833,180
217,1835059891,verde,azul,mcts,verde,0,-3,44,120,120,1.0000,0.0930,3526,1233,2053,240
218,770527005,vermelho,verde,mcts,azul,0,-3,12,150,100,1.5000,0.3636,3448,1638,1510,300
218,770527005,vermelho,vermelho,mcts,azul,0,-3,12,70,120,0.5833,0.1429,2776,1365,1171,240
218,770527005,vermelho,azul,mcts,azul,1,3,12,30,30,1.0000,0.0000,847,188,599,60
219,1839775962,azul,verde,mcts,vermelho,0,-3,20,90,120,0.7500,0.0000,2050,1036,834,180
219,1839775962,azul,vermelho,mcts,vermelho,1,3,20,30,30,1.0000,0.0526,1005,179,766,60
219,1839775962,azul,azul,mcts,vermelho,0,-3,20,150,120,1.2500,0.0000,3602,1610,1692,300
220,786723664,verde,verde,mcts,azul,0,-3,11,90,120,0.7500,0.0000,2116,1080,856,180
220,786723664,verde,vermelho,mcts,azul,0,-3,11,120,120,1.0000,0.0000,2765,1268,1257,240
220,786723664,verde,azul,mcts,azul,1,3,11,30,0,30.0000,0.0909,822,179,583,60
221,1984655043,vermelho,verde,mcts,vermelho,0,-3,39,60,120,0.5000,0.0000,2622,1352,1030,240
221,1984655043,vermelho,vermelho,mcts,vermelho,1,3,39,60,90,0.6667,0.0513,2415,577,1658,180
221,1984655043,vermelho,azul,mcts,vermelho,0,-3,39,210,120,1.7500,0.0000,5109,2225,2464,420
222,2038087983,azul,verde,mcts,vermelho,0,-3,35,90,120,0.7500,0.0000,2704,1523,941,240
222,2038087983,azul,vermelho,mcts,vermelho,1,3,35,30,30,1.0000,0.0882,1322,178,1084,60
222,2038087983,azul,azul,mcts,vermelho,0,-3,35,150,120,1.2500,0.0588,4593,1981,2252,360
223,24191029,verde,verde,mcts,azul,0,-3,11,90,120,0.7500,0.0000,2699,1250,1209,240
223,24191029,verde,vermelho,mcts,azul,0,-3,11,140,120,1.1667,0.0000,3536,1743,1493,300
223,24191029,verde,azul,mcts,azul,1,3,11,30,20,1.5000,0.2727,843,189,594,60
224,1641540538,vermelho,verde,mcts,vermelho,0,-3,8,120,120,1.0000,0.0000,2744,1248,1256,240
224,1641540538,vermelho,vermelho,mcts,vermelho,1,3,8,30,0,30.0000,0.2500,765,195,510,60
224,1641540538,vermelho,azul,mcts,vermelho,0,-3,8,90,120,0.7500,0.0000,2070,1016,874,180
225,951702792,azul,verde,mcts,vermelho,0,-3,16,90,120,0.7500,0.0000,2017,1026,811,180
225,951702792,azul,vermelho,mcts,vermelho,1,3,16,30,30,1.0000,0.0667,832,99,673,60
225,951702792,azul,azul,mcts,vermelho,0,-3,16,150,120,1.2500,0.0000,3505,1645,1560,300
226,675296008,verde,verde,mcts,azul,0,-3,15,90,120,0.7500,0.0000,2085,1047,858,180
226,675296008,verde,vermelho,mcts,azul,0,-3,15,120,120,1.0000,0.0000,2896,1257,1399,240
226,675296008,verde,azul,mcts,azul,1,3,15,30,0,30.0000,0.0000,886,168,658,60
227,559324355,vermelho,verde,mcts,vermelho,0,-3,12,90,120,0.7500,0.0000,2028,1015,833,180
227,559324355,vermelho,vermelho,mcts,vermelho,1,3,12,30,30,1.0000,0.1667,859,225,574,60
227,559324355,vermelho,azul,mcts,vermelho,0,-3,12,150,120,1.2500,0.0000,3466,1621,1545,300
228,981530121,azul,verde,mcts,azul,0,-3,18,120,120,1.0000,0.1176,2810,1222,1348,240
228,981530121,azul,vermelho,mcts,azul,0,-3,18,90,120,0.7500,0.0000,2038,1042,816,180
228,981530121,azul,azul,mcts,azul,1,3,18,30,0,30.0000,0.0556,955,141,754,60
229,1656250677,verde,verde,mcts,verde,1,3,21,30,60,0.5000,0.0476,1332,225,987,120
229,1656250677,verde,vermelho,mcts,verde,0,-3,21,90,120,0.7500,0.1818,2052,994,878,180
229,1656250677,verde,azul,mcts,verde,0,-3,21,180,120,1.5000,0.2000,4843,2350,2073,420
230,207735304,vermelho,verde,mcts,verde,1,3,17,40,30,1.3333,0.0625,1562,466,976,120
230,207735304,vermelho,vermelho,mcts,verde,0,-3,17,60,120,0.5000,0.0000,2893,1641,1012,240
230,207735304,vermelho,azul,mcts,verde,0,-3,17,150,100,1.5000,0.1250,3635,1710,1625,300
231,989711541,azul,verde,mcts,vermelho,0,-3,37,120,120,1.0000,0.1389,4017,1558,2159,300
231,989711541,azul,vermelho,mcts,vermelho,1,3,37,30,0,30.0000,0.0000,1345,159,1126,60
231,989711541,azul,azul,mcts,vermelho,0,-3,37,90,120,0.7500,0.3750,2763,1277,1246,240
232,1444584449,verde,verde,mcts,azul,0,-3,12,60,120,0.5000,0.0000,2104,1067,857,180
232,1444584449,verde,vermelho,mcts,azul,0,-3,12,180,120,1.5000,0.0833,4154,2035,1759,360
232,1444584449,verde,azul,mcts,azul,1,3,12,60,60,1.0000,0.0000,2019,633,1206,180
233,594435942,vermelho,verde,mcts,azul,0,-3,22,140,120,1.1667,0.0952,3426,1531,1595,300
233,594435942,vermelho,vermelho,mcts,azul,0,-3,22,60,110,0.5455,0.6000,2012,1133,699,180
233,594435942,vermelho,azul,mcts,azul,1,3,22,60,30,2.0000,0.0000,1531,413,998,120
234,1488348715,azul,verde,mcts,verde,1,3,21,30,30,1.0000,0.2000,1065,192,813,60
234,1488348715,azul,vermelho,mcts,verde,0,-3,21,150,120,1.2500,0.0526,3687,1686,1701,300
234,1488348715,azul,azul,mcts,verde,0,-3,21,90,120,0.7500,0.0000,2142,1074,888,180
235,15411380,verde,verde,mcts,verde,1,3,25,30,30,1.0000,0.0000,1097,163,874,60
235,15411380,verde,vermelho,mcts,verde,0,-3,25,90,120,0.7500,0.0000,2809,1476,1093,240
235,15411380,verde,azul,mcts,verde,0,-3,25,150,120,1.2500,0.2083,3786,1676,1810,300
236,893382118,vermelho,verde,mcts,verde,1,3,15,30,0,30.0000,0.0000,882,178,644,60
236,893382118,vermelho,vermelho,mcts,verde,0,-3,15,120,120,1.0000,0.0000,3568,1655,1613,300
236,893382118,vermelho,azul,mcts,verde,0,-3,15,90,120,0.7500,0.0000,3362,1508,1554,300
237,829102571,azul,verde,mcts,vermelho,0,-3,40,90,120,0.7500,0.0000,1917,1013,724,180
237,829102571,azul,vermelho,mcts,vermelho,1,3,40,30,0,30.0000,0.1026,1507,198,1249,60
237,829102571,azul,azul,mcts,vermelho,0,-3,40,120,120,1.0000,0.0000,3155,1080,1835,240
238,1104959249,verde,verde,mcts,azul,0,-3,19,90,120,0.7500,0.0000,2111,1025,906,180
238,1104959249,verde,vermelho,mcts,azul,0,-3,19,150,120,1.2500,0.0526,3606,1626,1680,300
238,1104959249,verde,azul,mcts,azul,1,3,19,30,30,1.0000,0.1053,994,173,761,60
239,436567940,vermelho,verde,mcts,verde,1,3,9,90,60,1.5000,0.0000,1994,747,1067,180
239,436567940,vermelho,vermelho,mcts,verde,0,-3,9,150,120,1.2500,0.0000,3364,1715,1349,300
239,436567940,vermelho,azul,mcts,verde,0,-3,9,60,120,0.5000,0.0000,1394,780,494,120
240,314003729,azul,verde,mcts,verde,1,3,13,30,30,1.0000,0.0000,786,137,589,60
240,314003729,azul,vermelho,mcts,verde,0,-3,13,150,120,1.2500,0.0909,3244,1615,1329,300
240,314003729,azul,azul,mcts,verde,0,-3,13,90,120,0.7500,0.0000,1966,977,809,180
241,334422033,verde,verde,mcts,vermelho,0,-3,13,150,120,1.2500,0.1538,3205,1555,1350,300
241,334422033,verde,vermelho,mcts,vermelho,1,3,13,60,30,2.0000,0.0000,1354,344,890,120
241,334422033,verde,azul,mcts,vermelho,0,-3,13,60,120,0.5000,0.0000,2636,1566,830,240
242,251380444,vermelho,verde,mcts,vermelho,0,-3,18,90,120,0.7500,0.0000,2042,1014,848,180
242,251380444,vermelho,vermelho,mcts,vermelho,1,3,18,30,30,1.0000,0.0556,963,185,718,60
242,251380444,vermelho,azul,mcts,vermelho,0,-3,18,150,120,1.2500,0.0000,3547,1621,1626,300
243,1102806774,azul,verde,mcts,azul,0,-3,38,90,110,0.8182,0.1429,2776,1365,1171,240
243,1102806774,azul,vermelho,mcts,azul,0,-3,38,110,120,0.9167,0.1892,3477,1292,1945,240
243,1102806774,azul,azul,mcts,azul,1,3,38,30,0,30.0000,0.0263,1202,216,926,60
244,1761145918,verde,verde,mcts,vermelho,0,-3,23,90,120,0.7500,0.0000,2169,1094,895,180
244,1761145918,verde,vermelho,mcts,vermelho,1,3,23,30,30,1.0000,0.0000,960,160,740,60
244,1761145918,verde,azul,mcts,vermelho,0,-3,23,150,120,1.2500,0.0000,3684,1663,1721,300
245,1986957636,vermelho,verde,mcts,empate,0,-1,100,120,90,1.3333,0.0000,4132,1246,2646,240
245,1986957636,vermelho,vermelho,mcts,empate,0,-1,100,30,0,30.0000,0.0200,3667,1165,2322,180
245,1986957636,vermelho,azul,mcts,empate,0,-1,100,60,120,0.5000,0.0000,2151,913,1058,180
246,1517405042,azul,verde,mcts,azul,0,-3,18,150,120,1.2500,0.1176,3617,1668,1649,300
246,1517405042,azul,vermelho,mcts,azul,0,-3,18,90,120,0.7500,0.2000,2050,1022,848,180
246,1517405042,azul,azul,mcts,azul,1,3,18,30,30,1.0000,0.0556,993,179,754,60
247,286550506,verde,verde,mcts,verde,1,3,22,30,30,1.0000,0.1364,989,151,778,60
247,286550506,verde,vermelho,mcts,verde,0,-3,22,140,110,1.2727,0.3333,4363,2141,1862,360
247,286550506,verde,azul,mcts,verde,0,-3,22,80,110,0.7273,0.4545,3697,1895,1502,300
248,137304799,vermelho,verde,mcts,vermelho,0,-3,16,90,120,0.7500,0.0000,2804,1326,1238,240
248,137304799,vermelho,vermelho,mcts,vermelho,1,3,16,30,30,1.0000,0.0000,897,134,703,60
248,137304799,vermelho,azul,mcts,vermelho,0,-3,16,150,120,1.2500,0.0000,3492,1657,1535,300
249,705417887,azul,verde,mcts,verde,1,3,28,30,30,1.0000,0.0741,1187,173,954,60
249,705417887,azul,vermelho,mcts,verde,0,-3,28,90,120,0.7500,0.0000,2110,1074,856,180
249,705417887,azul,azul,mcts,verde,0,-3,28,150,120,1.2500,0.0000,3870,1686,1884,300
250,726116545,verde,verde,mcts,vermelho,0,-3,37,190,120,1.5833,0.0270,5110,2213,2477,420
250,726116545,verde,vermelho,mcts,vermelho,1,3,37,90,90,1.0000,0.0811,2548,716,1652,180
250,726116545,verde,azul,mcts,vermelho,0,-3,37,30,100,0.3000,0.5000,2085,1134,771,180
251,1291141008,vermelho,verde,mcts,azul,0,-3,18,120,120,1.0000,0.0000,2920,1227,1453,240
251,1291141008,vermelho,vermelho,mcts,azul,0,-3,18,90,120,0.7500,0.0000,2051,1020,851,180
251,1291141008,vermelho,azul,mcts,azul,1,3,18,30,0,30.0000,0.0000,1033,242,731,60
252,397193934,azul,verde,mcts,verde,1,3,17,30,30,1.0000,0.0000,879,133,686,60
252,397193934,azul,vermelho,mcts,verde,0,-3,17,150,120,1.2500,0.0667,3590,1698,1592,300
252,397193934,azul,azul,mcts,verde,0,-3,17,90,120,0.7500,0.0000,2061,1068,813,180
253,214387698,verde,verde,mcts,empate,0,-1,100,120,90,1.3333,0.0200,4226,1181,2805,240
253,214387698,verde,vermelho,mcts,empate,0,-1,100,0,0,0.0000,0.0000,1209,38,1171,0
253,214387698,verde,azul,mcts,empate,0,-1,100,90,120,0.7500,0.0000,2076,966,930,180
254,2132358912,vermelho,verde,mcts,azul,0,-3,23,150,120,1.2500,0.0000,3255,1509,1446,300
254,2132358912,vermelho,vermelho,mcts,azul,0,-3,23,90,120,0.7500,0.0000,1881,973,728,180
254,2132358912,vermelho,azul,mcts,azul,1,3,23,30,30,1.0000,0.0435,1077,165,852,60
255,58356795,azul,verde,mcts,vermelho,0,-3,20,90,120,0.7500,0.2500,1897,977,740,180
255,58356795,azul,vermelho,mcts,vermelho,1,3,20,30,30,1.0000,0.0526,956,155,741,60
255,58356795,azul,azul,mcts,vermelho,0,-3,20,150,120,1.2500,0.1579,3243,1471,1472,300
256,1589790228,verde,verde,mcts,verde,1,3,11,30,30,1.0000,0.1818,807,188,559,60
256,1589790228,verde,vermelho,mcts,verde,0,-3,11,150,120,1.2500,0.0000,3401,1584,1517,300
256,1589790228,verde,azul,mcts,verde,0,-3,11,90,120,0.7500,0.0000,2016,1021,815,180
257,435970243,vermelho,verde,mcts,azul,0,-3,11,120,120,1.0000,0.1000,2763,1189,1334,240
257,435970243,vermelho,vermelho,mcts,azul,0,-3,11,90,120,0.7500,0.0000,2029,1004,845,180
257,435970243,vermelho,azul,mcts,azul,1,3,11,30,0,30.0000,0.1818,841,198,583,60
258,1527342900,azul,verde,mcts,vermelho,0,-3,16,90,120,0.7500,0.0000,1986,1020,786,180
258,1527342900,azul,vermelho,mcts,vermelho,1,3,16,30,30,1.0000,0.0000,901,168,673,60
258,1527342900,azul,azul,mcts,vermelho,0,-3,16,150,120,1.2500,0.0000,3452,1639,1513,300
259,1108040743,verde,verde,mcts,verde,1,3,29,30,30,1.0000,0.0690,1198,148,990,60
259,1108040743,verde,vermelho,mcts,verde,0,-3,29,150,120,1.2500,0.0357,4666,2094,2212,360
259,1108040743,verde,azul,mcts,verde,0,-3,29,90,120,0.7500,0.5000,2760,1361,1159,240
260,1006993171,vermelho,verde,mcts,vermelho,0,-3,11,150,120,1.2500,0.1000,3202,1552,1350,300
260,1006993171,vermelho,vermelho,mcts,vermelho,1,3,11,30,30,1.0000,0.0000,836,192,584,60
260,1006993171,vermelho,azul,mcts,vermelho,0,-3,11,90,120,0.7500,0.1667,1961,1009,772,180
261,275007496,azul,verde,mcts,verde,1,3,20,60,30,2.0000,0.2105,1528,378,1030,120
261,275007496,azul,vermelho,mcts,verde,0,-3,20,60,120,0.5000,0.0000,2708,1353,1115,240
261,275007496,azul,azul,mcts,verde,0,-3,20,150,120,1.2500,0.0000,3698,1738,1660,300
262,1290417309,verde,verde,mcts,verde,1,3,20,30,30,1.0000,0.0000,1047,185,802,60
262,1290417309,verde,vermelho,mcts,verde,0,-3,20,90,120,0.7500,0.0000,2074,1010,884,180
262,1290417309,verde,azul,mcts,verde,0,-3,20,150,120,1.2500,0.0000,3611,1625,1686,300
263,1970741504,vermelho,verde,mcts,azul,0,-3,21,140,110,1.2727,0.1000,3917,1706,1851,360
263,1970741504,vermelho,vermelho,mcts,azul,0,-3,21,80,110,0.7273,0.1111,2626,1224,1162,240
263,1970741504,vermelho,azul,mcts,azul,1,3,21,30,30,1.0000,0.0000,1071,173,838,60
264,432544778,azul,verde,mcts,azul,0,-3,20,150,120,1.2500,0.0000,3718,1762,1656,300
264,432544778,azul,vermelho,mcts,azul,0,-3,20,60,120,0.5000,0.0000,2178,1195,803,180
264,432544778,azul,azul,mcts,azul,1,3,20,60,30,2.0000,0.2000,1493,374,999,120
265,1532962704,verde,verde,mcts,azul,0,-3,24,30,120,0.2500,0.0000,2108,1137,791,180
265,1532962704,verde,vermelho,mcts,azul,0,-3,24,60,120,0.5000,0.0000,2212,682,1350,180
265,1532962704,verde,azul,mcts,azul,1,3,24,240,90,2.6667,0.0417,5199,2278,2441,480
266,1798660105,vermelho,verde,mcts,vermelho,0,-3,43,120,120,1.0000,0.0476,3120,1043,1837,240
266,1798660105,vermelho,vermelho,mcts,vermelho,1,3,43,30,0,30.0000,0.0465,1524,131,1333,60
266,1798660105,vermelho,azul,mcts,vermelho,0,-3,43,90,120,0.7500,0.0455,2231,962,1089,180
267,358080245,azul,verde,mcts,verde,1,3,18,30,0,30.0000,0.1176,956,169,727,60
267,358080245,azul,vermelho,mcts,verde,0,-3,18,120,120,1.0000,0.0000,2533,1051,1242,240
267,358080245,azul,azul,mcts,verde,0,-3,18,90,120,0.7500,0.0000,1908,987,741,180
268,1943115339,verde,verde,mcts,vermelho,0,-3,13,60,120,0.5000,0.0000,1769,1143,506,120
268,1943115339,verde,vermelho,mcts,vermelho,1,3,13,90,90,1.0000,0.0000,3371,1392,1679,300
268,1943115339,verde,azul,mcts,vermelho,0,-3,13,180,120,1.5000,0.0000,4154,2261,1533,360
269,477278850,vermelho,verde,mcts,azul,0,-3,12,60,120,0.5000,0.0000,1531,756,655,120
269,477278850,vermelho,vermelho,mcts,azul,0,-3,12,150,120,1.2500,0.0000,3792,2231,1261,300
269,477278850,vermelho,azul,mcts,azul,1,3,12,90,60,1.5000,0.2500,2790,1233,1317,240
270,522803334,azul,verde,mcts,azul,0,-3,27,90,120,0.7500,0.1000,2804,1360,1204,240
270,522803334,azul,vermelho,mcts,azul,0,-3,27,120,120,1.0000,0.0769,3687,1508,1879,300
270,522803334,azul,azul,mcts,azul,1,3,27,30,0,30.0000,0.1111,1241,193,988,60
271,1159399617,verde,verde,mcts,empate,0,-1,100,0,0,0.0000,0.0000,1874,48,1826,0
271,1159399617,verde,vermelho,mcts,empate,0,-1,100,0,0,0.0000,0.0000,1662,0,1662,0
271,1159399617,verde,azul,mcts,empate,0,-1,100,0,0,0.0000,0.0000,1676,50,1626,0
272,1955071387,vermelho,verde,mcts,azul,0,-3,31,120,120,1.0000,0.0000,3214,1204,1770,240
272,1955071387,vermelho,vermelho,mcts,azul,0,-3,31,90,120,0.7500,0.0000,2044,1020,844,180
272,1955071387,vermelho,azul,mcts,azul,1,3,31,30,0,30.0000,0.0000,1115,177,878,60
273,2082054462,azul,verde,mcts,vermelho,0,-3,20,60,120,0.5000,0.0000,2096,1103,813,180
273,2082054462,azul,vermelho,mcts,vermelho,1,3,20,60,90,0.6667,0.0000,1980,562,1238,180
273,2082054462,azul,azul,mcts,vermelho,0,-3,20,210,120,1.7500,0.0000,4855,2286,2149,420
274,616255602,verde,verde,mcts,verde,1,3,24,30,0,30.0000,0.0000,1122,274,788,60
274,616255602,verde,vermelho,mcts,verde,0,-3,24,90,120,0.7500,0.0000,1947,994,773,180
274,616255602,verde,azul,mcts,verde,0,-3,24,120,120,1.0000,0.0000,2711,1076,1395,240
275,330685898,vermelho,verde,mcts,azul,0,-3,11,60,120,0.5000,0.1000,2030,1034,816,180
275,330685898,vermelho,vermelho,mcts,azul,0,-3,11,120,120,1.0000,0.0000,2497,1134,1123,240
275,330685898,vermelho,azul,mcts,azul,1,3,11,60,0,60.0000,0.0000,1516,573,823,120
276,293034207,azul,verde,mcts,verde,1,3,19,30,30,1.0000,0.1111,860,85,715,60
276,293034207,azul,vermelho,mcts,verde,0,-3,19,90,120,0.7500,0.0000,2030,1049,801,180
276,293034207,azul,azul,mcts,verde,0,-3,19,150,120,1.2500,0.0556,3544,1658,1586,300
277,1726906955,verde,verde,mcts,vermelho,0,-3,17,150,120,1.2500,0.0000,3639,1705,1634,300
277,1726906955,verde,vermelho,mcts,vermelho,1,3,17,30,30,1.0000,0.1176,990,200,730,60
277,1726906955,verde,azul,mcts,vermelho,0,-3,17,90,120,0.7500,0.0000,2089,1056,853,180
278,652899206,vermelho,verde,mcts,verde,1,3,12,30,30,1.0000,0.0909,1576,536,920,120
278,652899206,vermelho,vermelho,mcts,verde,0,-3,12,70,120,0.5833,0.0000,2184,1153,851,180
278,652899206,vermelho,azul,mcts,verde,0,-3,12,150,100,1.5000,0.2727,3504,1696,1508,300
279,1775053101,azul,verde,mcts,vermelho,0,-3,18,120,120,1.0000,0.0000,2660,1131,1289,240
279,1775053101,azul,vermelho,mcts,vermelho,1,3,18,30,0,30.0000,0.1176,1002,243,699,60
279,1775053101,azul,azul,mcts,vermelho,0,-3,18,90,120,0.7500,0.0000,2008,978,850,180
280,1138206718,verde,verde,mcts,verde,1,3,22,30,30,1.0000,0.2727,1140,207,873,60
280,1138206718,verde,vermelho,mcts,verde,0,-3,22,90,120,0.7500,0.0667,2037,963,894,180
280,1138206718,verde,azul,mcts,verde,0,-3,22,150,120,1.2500,0.0000,3353,1495,1558,300
281,1154859730,vermelho,verde,mcts,verde,1,3,38,30,30,1.0000,0.0541,1412,187,1165,60
281,1154859730,vermelho,vermelho,mcts,verde,0,-3,38,150,120,1.2500,0.0270,4128,1707,2121,300
281,1154859730,vermelho,azul,mcts,verde,0,-3,38,90,120,0.7500,0.0000,2091,1078,833,180
282,1853518004,azul,verde,mcts,azul,0,-3,13,90,120,0.7500,0.4000,1951,1008,763,180
282,1853518004,azul,vermelho,mcts,azul,0,-3,13,150,120,1.2500,0.0833,3305,1656,1349,300
282,1853518004,azul,azul,mcts,azul,1,3,13,30,30,1.0000,0.0000,767,99,608,60
283,556386123,verde,verde,mcts,azul,0,-3,19,90,120,0.7500,0.0000,1966,962,824,180
283,556386123,verde,vermelho,mcts,azul,0,-3,19,150,120,1.2500,0.0000,3239,1478,1461,300
283,556386123,verde,azul,mcts,azul,1,3,19,30,30,1.0000,0.1053,986,168,758,60
284,884053951,vermelho,verde,mcts,vermelho,0,-3,29,150,120,1.2500,0.1429,3708,1575,1833,300
284,884053951,vermelho,vermelho,mcts,vermelho,1,3,29,30,30,1.0000,0.1379,1179,138,981,60
284,884053951,vermelho,azul,mcts,vermelho,0,-3,29,90,120,0.7500,0.0000,2964,1584,1140,240
285,1520719184,azul,verde,mcts,verde,1,3,17,30,0,30.0000,0.0000,936,195,681,60
285,1520719184,azul,vermelho,mcts,verde,0,-3,17,90,110,0.8182,0.4000,2683,1266,1177,240
285,1520719184,azul,azul,mcts,verde,0,-3,17,110,120,0.9167,0.0000,2944,1257,1447,240
286,1349709110,verde,verde,mcts,vermelho,0,-3,15,120,120,1.0000,0.0000,2651,1157,1254,240
286,1349709110,verde,vermelho,mcts,vermelho,1,3,15,30,0,30.0000,0.0000,821,154,607,60
286,1349709110,verde,azul,mcts,vermelho,0,-3,15,90,120,0.7500,0.1250,1937,982,775,180
287,1449566124,vermelho,verde,mcts,verde,1,3,24,30,0,30.0000,0.0870,930,83,787,60
287,1449566124,vermelho,vermelho,mcts,verde,0,-3,24,120,120,1.0000,0.0000,2982,1203,1539,240
287,1449566124,vermelho,azul,mcts,verde,0,-3,24,90,120,0.7500,0.0000,2058,1027,851,180
288,546701403,azul,verde,mcts,verde,1,3,16,30,0,30.0000,0.0000,984,220,704,60
288,546701403,azul,vermelho,mcts,verde,0,-3,16,120,120,1.0000,0.1429,2506,1088,1178,240
288,546701403,azul,azul,mcts,verde,0,-3,16,90,120,0.7500,0.2000,1901,1000,721,180
289,1544369877,verde,verde,mcts,azul,0,-3,16,150,120,1.2500,0.1875,3533,1616,1617,300
289,1544369877,verde,vermelho,mcts,azul,0,-3,16,90,120,0.7500,0.3333,2058,1045,833,180
289,1544369877,verde,azul,mcts,azul,1,3,16,30,30,1.0000,0.0000,950,181,709,60
290,531010709,vermelho,verde,mcts,vermelho,0,-3,7,90,120,0.7500,0.2000,2275,1555,540,180
290,531010709,vermelho,vermelho,mcts,vermelho,1,3,7,60,0,60.0000,0.0000,1644,723,801,120
290,531010709,vermelho,azul,mcts,vermelho,0,-3,7,90,120,0.7500,0.3333,1925,988,757,180
291,53123547,azul,verde,mcts,vermelho,0,-3,20,90,120,0.7500,0.2500,1990,1049,761,180
291,53123547,azul,vermelho,mcts,vermelho,1,3,20,10,0,10.0000,0.1053,1012,185,767,60
291,53123547,azul,azul,mcts,vermelho,0,-3,20,120,100,1.2000,0.1579,2697,1072,1385,240
292,231262719,verde,verde,mcts,azul,0,-3,26,120,120,1.0000,0.0769,3115,1225,1650,240
292,231262719,verde,vermelho,mcts,azul,0,-3,26,90,120,0.7500,0.0476,2430,1059,1191,180
292,231262719,verde,azul,mcts,azul,1,3,26,30,0,30.0000,0.0385,1187,219,908,60
293,662711743,vermelho,verde,mcts,azul,0,-3,34,90,120,0.7500,0.0000,2220,1062,978,180
293,662711743,vermelho,vermelho,mcts,azul,0,-3,34,120,120,1.0000,0.0294,3403,1277,1886,240
293,662711743,vermelho,azul,mcts,azul,1,3,34,30,0,30.0000,0.0000,1150,115,975,60
294,842140641,azul,verde,mcts,vermelho,0,-3,18,150,120,1.2500,0.0588,3552,1641,1611,300
294,842140641,azul,vermelho,mcts,vermelho,1,3,18,30,30,1.0000,0.1765,920,152,708,60
294,842140641,azul,azul,mcts,vermelho,0,-3,18,90,120,0.7500,0.0000,2075,1028,867,180
295,1252927648,verde,verde,mcts,azul,0,-3,25,150,120,1.2500,0.0800,3790,1694,1796,300
295,1252927648,verde,vermelho,mcts,azul,0,-3,25,90,120,0.7500,0.0000,2019,1038,801,180
295,1252927648,verde,azul,mcts,azul,1,3,25,30,30,1.0000,0.0000,1091,142,889,60
296,488546147,vermelho,verde,mcts,azul,0,-3,12,120,120,1.0000,0.0000,2665,1409,1016,240
296,488546147,vermelho,vermelho,mcts,azul,0,-3,12,60,120,0.5000,0.0000,1400,748,532,120
296,488546147,vermelho,azul,mcts,azul,1,3,12,120,60,2.0000,0.0000,2608,941,1427,240
297,1093134130,azul,verde,mcts,verde,1,3,10,30,0,30.0000,0.2222,829,241,528,60
297,1093134130,azul,vermelho,mcts,verde,0,-3,10,90,120,0.7500,0.0000,2057,1043,834,180
297,1093134130,azul,azul,mcts,verde,0,-3,10,120,120,1.0000,0.0000,2720,1232,1248,240
298,856898793,verde,verde,mcts,verde,1,3,10,30,30,1.0000,0.0000,826,212,554,60
298,856898793,verde,vermelho,mcts,verde,0,-3,10,150,120,1.2500,0.0000,3314,1604,1410,300
298,856898793,verde,azul,mcts,verde,0,-3,10,90,120,0.7500,0.0000,2020,1059,781,180
299,679112036,vermelho,verde,mcts,verde,1,3,20,60,30,2.0000,0.0526,1646,459,1067,120
299,679112036,vermelho,vermelho,mcts,verde,0,-3,20,150,120,1.2500,0.2105,4284,1961,1963,360
299,679112036,vermelho,azul,mcts,verde,0,-3,20,60,120,0.5000,0.1818,2349,1256,913,180
300,79218301,azul,verde,mcts,azul,0,-3,22,90,120,0.7500,0.1429,1866,967,719,180
300,79218301,azul,vermelho,mcts,azul,0,-3,22,150,120,1.2500,0.0476,3286,1493,1493,300
300,79218301,azul,azul,mcts,azul,1,3,22,30,30,1.0000,0.0455,934,133,741,60
301,1425715911,verde,verde,mcts,azul,0,-3,34,90,120,0.7500,0.0000,2295,1016,1099,180
301,1425715911,verde,vermelho,mcts,azul,0,-3,34,120,120,1.0000,0.0588,3250,1216,1794,240
301,1425715911,verde,azul,mcts,azul,1,3,34,30,0,30.0000,0.0588,1206,99,1047,60
302,324304472,vermelho,verde,mcts,verde,1,3,18,30,30,1.0000,0.0000,936,161,715,60
302,324304472,vermelho,vermelho,mcts,verde,0,-3,18,150,120,1.2500,0.0000,3565,1657,1608,300
302,324304472,vermelho,azul,mcts,verde,0,-3,18,90,120,0.7500,0.0000,2059,1028,851,180
303,1492864929,azul,verde,mcts,verde,1,3,21,30,30,1.0000,0.1500,987,136,791,60
303,1492864929,azul,vermelho,mcts,verde,0,-3,21,150,120,1.2500,0.0000,3639,1652,1687,300
303,1492864929,azul,azul,mcts,verde,0,-3,21,90,120,0.7500,0.0000,2056,1048,828,180
304,1121729027,verde,verde,mcts,vermelho,0,-3,20,60,120,0.5000,0.0000,2624,1374,1010,240
304,1121729027,verde,vermelho,mcts,vermelho,1,3,20,60,30,2.0000,0.0000,1517,390,1007,120
304,1121729027,verde,azul,mcts,vermelho,0,-3,20,150,120,1.2500,0.1579,3445,1596,1549,300
305,329186859,vermelho,verde,mcts,vermelho,0,-3,19,120,120,1.0000,0.0000,2963,1277,1446,240
305,329186859,vermelho,vermelho,mcts,vermelho,1,3,19,30,0,30.0000,0.1579,998,179,759,60
305,329186859,vermelho,azul,mcts,vermelho,0,-3,19,90,120,0.7500,0.0000,2053,1090,783,180
306,947366636,azul,verde,mcts,azul,0,-3,27,60,120,0.5000,0.2917,1778,766,892,120
306,947366636,azul,vermelho,mcts,azul,0,-3,27,150,120,1.2500,0.0769,3509,1706,1503,300
306,947366636,azul,azul,mcts,azul,1,3,27,90,60,1.5000,0.1111,2296,763,1353,180
307,1818107138,verde,verde,mcts,azul,0,-3,57,150,120,1.2500,0.0175,4302,1760,2242,300
307,1818107138,verde,vermelho,mcts,azul,0,-3,57,90,120,0.7500,0.0000,2091,1075,836,180
307,1818107138,verde,azul,mcts,azul,1,3,57,30,30,1.0000,0.0351,1943,170,1713,60
308,635456449,vermelho,verde,mcts,azul,0,-3,22,120,120,1.0000,0.0000,3004,1229,1535,240
308,635456449,vermelho,vermelho,mcts,azul,0,-3,22,90,120,0.7500,0.0000,2055,1044,831,180
308,635456449,vermelho,azul,mcts,azul,1,3,22,30,0,30.0000,0.0000,1120,239,821,60
309,1609319578,azul,verde,mcts,verde,1,3,19,30,0,30.0000,0.0556,1011,199,752,60
309,1609319578,azul,vermelho,mcts,verde,0,-3,19,120,120,1.0000,0.0000,2903,1204,1459,240
309,1609319578,azul,azul,mcts,verde,0,-3,19,90,120,0.7500,0.2857,2133,1042,911,180
310,391903060,verde,verde,mcts,verde,1,3,26,30,60,0.5000,0.0385,1572,209,1243,120
310,391903060,verde,vermelho,mcts,verde,0,-3,26,180,120,1.5000,0.0400,3913,1808,1745,360
310,391903060,verde,azul,mcts,verde,0,-3,26,90,120,0.7500,0.1429,2033,970,883,180
311,369162837,vermelho,verde,mcts,verde,1,3,18,30,0,30.0000,0.0000,943,164,719,60
311,369162837,vermelho,vermelho,mcts,verde,0,-3,18,100,120,0.8333,0.1765,2745,1172,1333,240
311,369162837,vermelho,azul,mcts,verde,0,-3,18,90,100,0.9000,0.7500,1864,965,719,180
312,40002021,azul,verde,mcts,verde,1,3,20,30,90,0.3333,0.0526,2851,908,1703,240
312,40002021,azul,vermelho,mcts,verde,0,-3,20,90,120,0.7500,0.0000,1955,995,780,180
312,40002021,azul,azul,mcts,verde,0,-3,20,210,120,1.7500,0.0000,5568,2535,2553,480
313,349757038,verde,verde,mcts,verde,1,3,31,60,30,2.0000,0.1290,1837,451,1266,120
313,349757038,verde,vermelho,mcts,verde,0,-3,31,150,120,1.2500,0.0000,4528,2015,2153,360
313,349757038,verde,azul,mcts,verde,0,-3,31,60,120,0.5000,0.0000,2659,1306,1113,240
314,1753032231,vermelho,verde,mcts,vermelho,0,-3,21,150,120,1.2500,0.0000,3239,1461,1478,300
314,1753032231,vermelho,vermelho,mcts,vermelho,1,3,21,30,30,1.0000,0.0476,1082,192,830,60
314,1753032231,vermelho,azul,mcts,vermelho,0,-3,21,90,120,0.7500,0.0000,2054,973,901,180
315,1173196213,azul,verde,mcts,verde,1,3,15,30,0,30.0000,0.0000,907,187,660,60
315,1173196213,azul,vermelho,mcts,verde,0,-3,15,90,120,0.7500,0.0000,2128,1021,927,180
315,1173196213,azul,azul,mcts,verde,0,-3,15,120,120,1.0000,0.0000,2853,1217,1396,240
316,63142686,verde,verde,mcts,azul,0,-3,15,60,120,0.5000,0.0000,2764,1487,1037,240
316,63142686,verde,vermelho,mcts,azul,0,-3,15,180,120,1.5000,0.0667,4835,2359,2056,420
316,63142686,verde,azul,mcts,azul,1,3,15,60,60,1.0000,0.0667,1526,445,961,120
317,681300813,vermelho,verde,mcts,vermelho,0,-3,22,140,120,1.1667,0.1429,3711,1692,1719,300
317,681300813,vermelho,vermelho,mcts,vermelho,1,3,22,30,30,1.0000,0.0000,1057,155,842,60
317,681300813,vermelho,azul,mcts,vermelho,0,-3,22,90,110,0.8182,0.3333,2115,1050,885,180
318,506974165,azul,verde,mcts,verde,1,3,16,60,30,2.0000,0.2000,1523,450,953,120
318,506974165,azul,vermelho,mcts,verde,0,-3,16,60,120,0.5000,0.0000,2078,1209,689,180
318,506974165,azul,azul,mcts,verde,0,-3,16,150,120,1.2500,0.0000,3841,1835,1646,360
319,1573761150,verde,verde,mcts,azul,0,-3,13,120,120,1.0000,0.1538,2902,1293,1369,240
319,1573761150,verde,vermelho,mcts,azul,0,-3,13,90,120,0.7500,0.0000,2887,1564,1083,240
319,1573761150,verde,azul,mcts,azul,1,3,13,30,0,30.0000,0.0000,889,221,608,60
320,1937942672,vermelho,verde,mcts,vermelho,0,-3,22,150,120,1.2500,0.0000,3612,1622,1690,300
320,1937942672,vermelho,vermelho,mcts,vermelho,1,3,22,30,30,1.0000,0.1364,1051,196,795,60
320,1937942672,vermelho,azul,mcts,vermelho,0,-3,22,90,120,0.7500,0.0000,2031,1043,808,180
321,2043056792,azul,verde,mcts,vermelho,0,-3,28,150,120,1.2500,0.0000,3595,1576,1719,300
321,2043056792,azul,vermelho,mcts,vermelho,1,3,28,30,30,1.0000,0.0370,1122,130,932,60
321,2043056792,azul,azul,mcts,vermelho,0,-3,28,90,120,0.7500,0.0000,2666,1188,1238,240
322,1502885451,verde,verde,mcts,vermelho,0,-3,9,120,120,1.0000,0.0000,2579,1192,1147,240
322,1502885451,verde,vermelho,mcts,vermelho,1,3,9,30,0,30.0000,0.0000,765,159,546,60
322,1502885451,verde,azul,mcts,vermelho,0,-3,9,90,120,0.7500,0.0000,2070,1075,815,180
323,1638525914,vermelho,verde,mcts,azul,0,-3,21,150,120,1.2500,0.0000,3555,1600,1655,300
323,1638525914,vermelho,vermelho,mcts,azul,0,-3,21,90,120,0.7500,0.0000,2067,1031,856,180
323,1638525914,vermelho,azul,mcts,azul,1,3,21,30,30,1.0000,0.0000,1026,196,770,60
324,1461675684,azul,verde,mcts,verde,1,3,19,30,30,1.0000,0.1111,989,176,753,60
324,1461675684,azul,vermelho,mcts,verde,0,-3,19,90,120,0.7500,0.0000,2018,1025,813,180
324,1461675684,azul,azul,mcts,verde,0,-3,19,150,120,1.2500,0.0000,3446,1591,1555,300
325,971720179,verde,verde,mcts,verde,1,3,17,30,0,30.0000,0.0000,977,187,730,60
325,971720179,verde,vermelho,mcts,verde,0,-3,17,90,120,0.7500,0.0000,1954,1018,756,180
325,971720179,verde,azul,mcts,verde,0,-3,17,120,120,1.0000,0.0625,2604,1104,1260,240
326,566942735,vermelho,verde,mcts,azul,0,-3,24,90,110,0.8182,0.6000,2020,1021,819,180
326,566942735,vermelho,vermelho,mcts,azul,0,-3,24,140,120,1.1667,0.1250,3819,1742,1777,300
326,566942735,vermelho,azul,mcts,azul,1,3,24,30,30,1.0000,0.0000,1058,126,872,60
327,1508647464,azul,verde,mcts,verde,1,3,18,30,0,30.0000,0.1176,940,149,731,60
327,1508647464,azul,vermelho,mcts,verde,0,-3,18,90,120,0.7500,0.0000,2109,1037,892,180
327,1508647464,azul,azul,mcts,verde,0,-3,18,120,120,1.0000,0.0000,2967,1251,1476,240
328,603781327,verde,verde,mcts,azul,0,-3,31,90,120,0.7500,0.0000,2021,1038,803,180
328,603781327,verde,vermelho,mcts,azul,0,-3,31,150,120,1.2500,0.0645,3712,1606,1806,300
328,603781327,verde,azul,mcts,azul,1,3,31,30,30,1.0000,0.0000,2076,351,1545,180
329,1627862180,vermelho,verde,mcts,azul,0,-3,12,150,120,1.2500,0.0000,3234,1558,1376,300
329,1627862180,vermelho,vermelho,mcts,azul,0,-3,12,90,120,0.7500,0.0000,2047,1075,792,180
329,1627862180,vermelho,azul,mcts,azul,1,3,12,30,30,1.0000,0.0000,848,190,598,60
330,2108647050,azul,verde,mcts,azul,0,-3,44,90,120,0.7500,0.0000,2771,1251,1280,240
330,2108647050,azul,vermelho,mcts,azul,0,-3,44,150,120,1.2500,0.0698,4314,1717,2297,300
330,2108647050,azul,azul,mcts,azul,1,3,44,30,30,1.0000,0.0455,1666,209,1397,60
331,71850044,verde,verde,mcts,azul,0,-3,10,120,120,1.0000,0.0000,2778,1230,1308,240
331,71850044,verde,vermelho,mcts,azul,0,-3,10,90,120,0.7500,0.0000,2057,1022,855,180
331,71850044,verde,azul,mcts,azul,1,3,10,30,0,30.0000,0.1000,828,190,578,60
332,87384019,vermelho,verde,mcts,azul,0,-3,23,90,120,0.7500,0.0000,1996,1029,787,180
332,87384019,vermelho,vermelho,mcts,azul,0,-3,23,150,120,1.2500,0.0000,3663,1627,1736,300
332,87384019,vermelho,azul,mcts,azul,1,3,23,30,30,1.0000,0.1304,1169,224,885,60
333,456098441,azul,verde,mcts,verde,1,3,14,30,0,30.0000,0.0769,880,191,629,60
333,456098441,azul,vermelho,mcts,verde,0,-3,14,120,120,1.0000,0.0000,2779,1204,1335,240
333,456098441,azul,azul,mcts,verde,0,-3,14,90,120,0.7500,0.0000,2083,1064,839,180
334,325496467,verde,verde,mcts,vermelho,0,-3,19,80,120,0.6667,0.0000,2947,1624,1083,240
334,325496467,verde,vermelho,mcts,vermelho,1,3,19,30,30,1.0000,0.0000,1029,187,782,60
334,325496467,verde,azul,mcts,vermelho,0,-3,19,150,110,1.3636,0.2778,3502,1659,1543,300
335,1049597105,vermelho,verde,mcts,verde,1,3,18,30,0,30.0000,0.0000,980,187,733,60
335,1049597105,vermelho,vermelho,mcts,verde,0,-3,18,120,120,1.0000,0.0588,2771,1169,1362,240
335,1049597105,vermelho,azul,mcts,verde,0,-3,18,90,120,0.7500,0.0000,2086,1018,888,180
336,1667655431,azul,verde,mcts,verde,1,3,25,30,30,1.0000,0.0000,1775,428,1227,120
336,1667655431,azul,vermelho,mcts,verde,0,-3,25,150,120,1.2500,0.0870,5018,2394,2204,420
336,1667655431,azul,azul,mcts,verde,0,-3,25,90,120,0.7500,0.1429,1955,1029,746,180
337,970802006,verde,verde,mcts,verde,1,3,12,80,30,2.6667,0.4167,2914,1292,1382,240
337,970802006,verde,vermelho,mcts,verde,0,-3,12,80,110,0.7273,0.2727,2237,1047,1010,180
337,970802006,verde,azul,mcts,verde,0,-3,12,90,110,0.8182,0.5714,2148,1075,893,180
338,1342970439,vermelho,verde,mcts,verde,1,3,16,30,0,30.0000,0.1333,850,133,657,60
338,1342970439,vermelho,vermelho,mcts,verde,0,-3,16,90,120,0.7500,0.0000,2038,1027,831,180
338,1342970439,vermelho,azul,mcts,verde,0,-3,16,120,120,1.0000,0.2667,2869,1229,1400,240
339,437208980,azul,verde,mcts,vermelho,0,-3,28,30,120,0.2500,0.2222,2172,1151,841,180
339,437208980,azul,vermelho,mcts,vermelho,1,3,28,90,90,1.0000,0.0370,2371,759,1432,180
339,437208980,azul,azul,mcts,vermelho,0,-3,28,210,120,1.7500,0.1111,4791,2145,2226,420
340,1192874511,verde,verde,mcts,vermelho,0,-3,17,150,120,1.2500,0.0000,3628,1721,1607,300
340,1192874511,verde,vermelho,mcts,vermelho,1,3,17,30,30,1.0000,0.0000,957,187,710,60
340,1192874511,verde,azul,mcts,vermelho,0,-3,17,90,120,0.7500,0.0000,2621,1300,1081,240
341,766493470,vermelho,verde,mcts,verde,1,3,22,30,0,30.0000,0.0000,940,90,790,60
341,766493470,vermelho,vermelho,mcts,verde,0,-3,22,90,120,0.7500,0.0000,1943,969,794,180
341,766493470,vermelho,azul,mcts,verde,0,-3,22,120,120,1.0000,0.0000,2745,1091,1414,240
342,410536207,azul,verde,mcts,verde,1,3,18,30,0,30.0000,0.0588,899,139,700,60
342,410536207,azul,vermelho,mcts,verde,0,-3,18,120,120,1.0000,0.0000,2865,1199,1426,240
342,410536207,azul,azul,mcts,verde,0,-3,18,90,120,0.7500,0.0000,2059,1005,874,180
343,14153581,verde,verde,mcts,vermelho,0,-3,16,120,120,1.0000,0.0000,2913,1223,1450,240
343,14153581,verde,vermelho,mcts,vermelho,1,3,16,30,0,30.0000,0.0625,929,186,683,60
343,14153581,verde,azul,mcts,vermelho,0,-3,16,90,120,0.7500,0.0000,2052,1018,854,180
344,307708705,vermelho,verde,mcts,verde,1,3,21,60,60,1.0000,0.0500,1697,471,1106,120
344,307708705,vermelho,vermelho,mcts,verde,0,-3,21,50,120,0.4167,0.1667,2353,1414,759,180
344,307708705,vermelho,azul,mcts,verde,0,-3,21,180,110,1.6364,0.1000,4295,2006,1929,360
345,1409996403,azul,verde,mcts,verde,1,3,17,30,0,30.0000,0.0625,877,135,682,60
345,1409996403,azul,vermelho,mcts,verde,0,-3,17,90,120,0.7500,0.0000,2050,1050,820,180
345,1409996403,azul,azul,mcts,verde,0,-3,17,120,120,1.0000,0.0000,2754,1160,1354,240
346,1737144842,verde,verde,mcts,vermelho,0,-3,34,80,120,0.6667,0.0000,2068,1126,762,180
346,1737144842,verde,vermelho,mcts,vermelho,1,3,34,30,90,0.3333,0.0588,2485,513,1792,180
346,1737144842,verde,azul,mcts,vermelho,0,-3,34,210,110,1.9091,0.2121,5153,2275,2458,420
347,924703773,vermelho,verde,mcts,vermelho,0,-3,14,120,100,1.2000,0.3077,2976,1339,1397,240
347,924703773,vermelho,vermelho,mcts,vermelho,1,3,14,30,0,30.0000,0.0000,836,115,661,60
347,924703773,vermelho,azul,mcts,vermelho,0,-3,14,70,120,0.5833,0.0000,2147,1200,767,180
348,928223588,azul,verde,mcts,vermelho,0,-3,12,180,120,1.5000,0.0000,3968,2006,1602,360
348,928223588,azul,vermelho,mcts,vermelho,1,3,12,90,90,1.0000,0.0000,2332,723,1369,240
348,928223588,azul,azul,mcts,vermelho,0,-3,12,60,120,0.5000,0.0000,1473,753,600,120
349,1182005340,verde,verde,mcts,azul,0,-3,15,120,100,1.2000,0.2667,2956,1277,1439,240
349,1182005340,verde,vermelho,mcts,azul,0,-3,15,70,120,0.5833,0.1111,2894,1424,1230,240
349,1182005340,verde,azul,mcts,azul,1,3,15,30,0,30.0000,0.0000,850,125,665,60
350,86749997,vermelho,verde,mcts,verde,1,3,24,60,60,1.0000,0.0000,1557,430,1007,120
350,86749997,vermelho,vermelho,mcts,verde,0,-3,24,180,120,1.5000,0.0870,4207,2010,1837,360
350,86749997,vermelho,azul,mcts,verde,0,-3,24,60,120,0.5000,0.1429,2088,1234,674,180
351,2063477184,azul,verde,mcts,vermelho,0,-3,24,70,120,0.5833,0.0000,2923,1524,1159,240
351,2063477184,azul,vermelho,mcts,vermelho,1,3,24,30,0,30.0000,0.0435,1122,214,848,60
351,2063477184,azul,azul,mcts,vermelho,0,-3,24,120,100,1.2000,0.3043,3145,1280,1625,240
352,1520633710,verde,verde,mcts,azul,0,-3,12,90,120,0.7500,0.0000,2734,1224,1270,240
352,1520633710,verde,vermelho,mcts,azul,0,-3,12,120,120,1.0000,0.0000,2796,1226,1330,240
352,1520633710,verde,azul,mcts,azul,1,3,12,30,0,30.0000,0.1667,926,240,626,60
353,1518760950,vermelho,verde,mcts,vermelho,0,-3,28,150,100,1.5000,0.1852,3675,1717,1658,300
353,1518760950,vermelho,vermelho,mcts,vermelho,1,3,28,30,30,1.0000,0.0000,1122,194,868,60
353,1518760950,vermelho,azul,mcts,vermelho,0,-3,28,70,120,0.5833,0.5000,2899,1757,902,240
354,1313076164,azul,verde,mcts,verde,1,3,37,30,0,30.0000,0.0000,1148,78,1010,60
354,1313076164,azul,vermelho,mcts,verde,0,-3,37,120,100,1.2000,0.2000,3091,1156,1695,240
354,1313076164,azul,azul,mcts,verde,0,-3,37,70,120,0.5833,0.5000,1978,1155,643,180
355,519671239,verde,verde,mcts,verde,1,3,20,30,60,0.5000,0.0500,1486,366,1000,120
355,519671239,verde,vermelho,mcts,verde,0,-3,20,180,120,1.5000,0.0000,4047,1903,1784,360
355,519671239,verde,azul,mcts,verde,0,-3,20,90,120,0.7500,0.0000,2562,1280,1042,240
356,293897162,vermelho,verde,mcts,vermelho,0,-3,31,120,120,1.0000,0.0333,3252,1225,1787,240
356,293897162,vermelho,vermelho,mcts,vermelho,1,3,31,30,0,30.0000,0.0323,1220,124,1036,60
356,293897162,vermelho,azul,mcts,vermelho,0,-3,31,90,120,0.7500,0.0909,2177,1038,959,180
357,432934820,azul,verde,mcts,azul,0,-3,22,150,120,1.2500,0.0000,3327,1485,1542,300
357,432934820,azul,vermelho,mcts,azul,0,-3,22,90,120,0.7500,0.0000,1939,983,776,180
357,432934820,azul,azul,mcts,azul,1,3,22,30,30,1.0000,0.0455,1087,178,849,60
358,1033327263,verde,verde,mcts,azul,0,-3,20,90,120,0.7500,0.0000,2042,1071,791,180
358,1033327263,verde,vermelho,mcts,azul,0,-3,20,120,120,1.0000,0.0000,2922,1199,1483,240
358,1033327263,verde,azul,mcts,azul,1,3,20,30,0,30.0000,0.1000,925,110,755,60
359,137643404,vermelho,verde,mcts,verde,1,3,27,30,30,1.0000,0.0000,1172,198,914,60
359,137643404,vermelho,vermelho,mcts,verde,0,-3,27,150,120,1.2500,0.0769,3629,1658,1671,300
359,137643404,vermelho,azul,mcts,verde,0,-3,27,90,120,0.7500,0.2000,1915,1063,672,180
360,2017834313,azul,verde,mcts,azul,0,-3,16,150,120,1.2500,0.0000,3478,1643,1535,300
360,2017834313,azul,vermelho,mcts,azul,0,-3,16,90,120,0.7500,0.0000,2009,1037,792,180
360,2017834313,azul,azul,mcts,azul,1,3,16,30,30,1.0000,0.0000,957,187,710,60
361,1611829491,verde,verde,mcts,verde,1,3,18,30,30,1.0000,0.0000,942,158,724,60
361,1611829491,verde,vermelho,mcts,verde,0,-3,18,150,120,1.2500,0.0588,3529,1651,1578,300
361,1611829491,verde,azul,mcts,verde,0,-3,18,90,120,0.7500,0.0000,2038,1083,775,180
362,1288829251,vermelho,verde,mcts,verde,1,3,12,90,60,1.5000,0.1818,2248,849,1219,180
362,1288829251,vermelho,vermelho,mcts,verde,0,-3,12,60,120,0.5000,0.0000,1531,754,657,120
362,1288829251,vermelho,azul,mcts,verde,0,-3,12,150,120,1.2500,0.0909,3569,1832,1437,300
363,475521431,azul,verde,mcts,azul,0,-3,24,90,120,0.7500,0.0000,1948,956,812,180
363,475521431,azul,vermelho,mcts,azul,0,-3,24,120,120,1.0000,0.0435,2761,1128,1393,240
363,475521431,azul,azul,mcts,azul,1,3,24,30,0,30.0000,0.0000,1087,140,887,60
364,1589776665,verde,verde,mcts,vermelho,0,-3,28,120,110,1.0909,0.1786,3342,1322,1780,240
364,1589776665,verde,vermelho,mcts,vermelho,1,3,28,30,0,30.0000,0.0357,1101,142,899,60
364,1589776665,verde,azul,mcts,vermelho,0,-3,28,80,120,0.6667,0.0000,2151,1111,860,180
365,1928754317,vermelho,verde,mcts,vermelho,0,-3,19,90,120,0.7500,0.0000,1961,1020,761,180
365,1928754317,vermelho,vermelho,mcts,vermelho,1,3,19,30,30,1.0000,0.0526,984,178,746,60
365,1928754317,vermelho,azul,mcts,vermelho,0,-3,19,150,120,1.2500,0.0000,3236,1472,1464,300
366,893603869,azul,verde,mcts,azul,0,-3,7,120,120,1.0000,0.0000,2959,1674,1045,240
366,893603869,azul,vermelho,mcts,azul,0,-3,7,90,120,0.7500,0.0000,2021,1047,794,180
366,893603869,azul,azul,mcts,azul,1,3,7,30,0,30.0000,0.0000,812,248,504,60
367,795826857,verde,verde,mcts,verde,1,3,27,30,30,1.0000,0.0741,1162,184,918,60
367,795826857,verde,vermelho,mcts,verde,0,-3,27,150,120,1.2500,0.1154,3776,1668,1808,300
367,795826857,verde,azul,mcts,verde,0,-3,27,90,120,0.7500,0.0000,1935,989,766,180
368,1170736711,vermelho,verde,mcts,azul,0,-3,16,90,120,0.7500,0.0000,2044,972,892,180
368,1170736711,vermelho,vermelho,mcts,azul,0,-3,16,120,120,1.0000,0.0000,2514,1039,1235,240
368,1170736711,vermelho,azul,mcts,azul,1,3,16,30,0,30.0000,0.0000,946,178,708,60
369,1599605876,azul,verde,mcts,vermelho,0,-3,75,90,120,0.7500,0.0000,2114,1019,915,180
369,1599605876,azul,vermelho,mcts,vermelho,1,3,75,30,30,1.0000,0.0541,2448,338,1990,120
369,1599605876,azul,azul,mcts,vermelho,0,-3,75,150,120,1.2500,0.0676,4939,1635,3004,300
370,1800712511,verde,verde,mcts,vermelho,0,-3,18,90,120,0.7500,0.0000,2016,1023,813,180
370,1800712511,verde,vermelho,mcts,vermelho,1,3,18,30,0,30.0000,0.0556,1043,211,772,60
370,1800712511,verde,azul,mcts,vermelho,0,-3,18,120,120,1.0000,0.0588,2453,1018,1195,240
371,645522509,vermelho,verde,mcts,verde,1,3,15,30,60,0.5000,0.0000,1453,359,974,120
371,645522509,vermelho,vermelho,mcts,verde,0,-3,15,180,120,1.5000,0.1429,4171,2010,1801,360
371,645522509,vermelho,azul,mcts,verde,0,-3,15,90,120,0.7500,0.0000,2077,1028,869,180
372,29313969,azul,verde,mcts,azul,0,-3,17,110,120,0.9167,0.1250,2904,1230,1434,240
372,29313969,azul,vermelho,mcts,azul,0,-3,17,90,110,0.8182,0.2222,2107,1023,904,180
372,29313969,azul,azul,mcts,azul,1,3,17,30,0,30.0000,0.0000,1042,259,723,60
373,1970357873,verde,verde,mcts,verde,1,3,42,30,30,1.0000,0.0000,1381,145,1176,60
373,1970357873,verde,vermelho,mcts,verde,0,-3,42,80,120,0.6667,0.0000,2024,1097,747,180
373,1970357873,verde,azul,mcts,verde,0,-3,42,150,110,1.3636,0.1463,3965,1543,2122,300
374,1241645600,vermelho,verde,mcts,vermelho,0,-3,11,70,120,0.5833,0.0000,2093,1212,701,180
374,1241645600,vermelho,vermelho,mcts,vermelho,1,3,11,30,0,30.0000,0.0000,823,172,591,60
374,1241645600,vermelho,azul,mcts,vermelho,0,-3,11,120,100,1.2000,0.7000,2633,1159,1234,240
375,1353653477,azul,verde,mcts,verde,1,3,12,30,20,1.5000,0.1818,874,246,568,60
375,1353653477,azul,vermelho,mcts,verde,0,-3,12,90,120,0.7500,0.0000,2049,1037,832,180
375,1353653477,azul,azul,mcts,verde,0,-3,12,140,120,1.1667,0.0000,3337,1616,1421,300
376,722060998,verde,verde,mcts,azul,0,-3,15,120,120,1.0000,0.0000,2803,1129,1434,240
376,722060998,verde,vermelho,mcts,azul,0,-3,15,90,120,0.7500,0.0000,2000,1005,815,180
376,722060998,verde,azul,mcts,azul,1,3,15,30,0,30.0000,0.0000,880,151,669,60
377,946843648,vermelho,verde,mcts,vermelho,0,-3,49,90,120,0.7500,0.0000,2071,987,904,180
377,946843648,vermelho,vermelho,mcts,vermelho,1,3,49,30,30,1.0000,0.0000,1492,188,1244,60
377,946843648,vermelho,azul,mcts,vermelho,0,-3,49,150,120,1.2500,0.1042,4019,1566,2153,300
378,195273507,azul,verde,mcts,vermelho,0,-3,22,90,120,0.7500,0.0000,2063,1000,883,180
378,195273507,azul,vermelho,mcts,vermelho,1,3,22,30,0,30.0000,0.0476,1148,255,833,60
378,195273507,azul,azul,mcts,vermelho,0,-3,22,120,120,1.0000,0.1429,3003,1232,1531,240
379,741729714,verde,verde,mcts,verde,1,3,28,30,30,1.0000,0.0714,1026,119,847,60
379,741729714,verde,vermelho,mcts,verde,0,-3,28,90,120,0.7500,0.0588,2082,974,928,180
379,741729714,verde,azul,mcts,verde,0,-3,28,150,120,1.2500,0.0370,3442,1515,1627,300
380,1187661710,vermelho,verde,mcts,vermelho,0,-3,24,80,120,0.6667,0.0000,2819,1280,1299,240
380,1187661710,vermelho,vermelho,mcts,vermelho,1,3,24,30,30,1.0000,0.0000,1115,156,899,60
380,1187661710,vermelho,azul,mcts,vermelho,0,-3,24,150,110,1.3636,0.3478,3693,1666,1727,300
381,394963098,azul,verde,mcts,vermelho,0,-3,11,90,120,0.7500,0.1250,1952,974,798,180
381,394963098,azul,vermelho,mcts,vermelho,1,3,11,90,50,1.8000,0.3000,3194,1581,1373,240
381,394963098,azul,azul,mcts,vermelho,0,-3,11,110,120,0.9167,0.0000,3422,2379,803,240
382,2051369139,verde,verde,mcts,vermelho,0,-3,34,120,120,1.0000,0.0588,2955,1142,1573,240
382,2051369139,verde,vermelho,mcts,vermelho,1,3,34,30,0,30.0000,0.0000,1274,198,1016,60
382,2051369139,verde,azul,mcts,vermelho,0,-3,34,90,120,0.7500,0.0000,2703,1424,1039,240
383,1168745499,vermelho,verde,mcts,vermelho,0,-3,19,90,120,0.7500,0.0000,2525,1232,1053,240
383,1168745499,vermelho,vermelho,mcts,vermelho,1,3,19,30,30,1.0000,0.0000,1024,195,769,60
383,1168745499,vermelho,azul,mcts,vermelho,0,-3,19,150,120,1.2500,0.0000,3424,1567,1557,300
384,2118575539,azul,verde,mcts,azul,0,-3,25,90,120,0.7500,0.0000,2697,1260,1197,240
384,2118575539,azul,vermelho,mcts,azul,0,-3,25,150,120,1.2500,0.0833,3765,1692,1773,300
384,2118575539,azul,azul,mcts,azul,1,3,25,30,30,1.0000,0.0000,1133,191,882,60
385,441089282,verde,verde,mcts,verde,1,3,18,30,60,0.5000,0.1111,1586,410,1056,120
385,441089282,verde,vermelho,mcts,verde,0,-3,18,90,120,0.7500,0.0000,2056,1042,834,180
385,441089282,verde,azul,mcts,verde,0,-3,18,180,120,1.5000,0.0000,4258,1983,1915,360
386,1667855064,vermelho,verde,mcts,verde,1,3,49,30,30,1.0000,0.1042,2268,342,1806,120
386,1667855064,vermelho,vermelho,mcts,verde,0,-3,49,90,120,0.7500,0.0000,2109,1042,887,180
386,1667855064,vermelho,azul,mcts,verde,0,-3,49,150,120,1.2500,0.0417,4277,1653,2324,300
387,2017351961,azul,verde,mcts,verde,1,3,18,60,30,2.0000,0.0588,1511,424,967,120
387,2017351961,azul,vermelho,mcts,verde,0,-3,18,60,120,0.5000,0.2000,2162,1171,811,180
387,2017351961,azul,azul,mcts,verde,0,-3,18,150,120,1.2500,0.0588,3506,1661,1545,300
388,1950536216,verde,verde,mcts,empate,0,-1,100,0,0,0.0000,0.0000,2071,48,2023,0
388,1950536216,verde,vermelho,mcts,empate,0,-1,100,0,0,0.0000,0.0200,2447,0,2447,0
388,1950536216,verde,azul,mcts,empate,0,-1,100,0,0,0.0000,0.0000,2053,48,2005,0
389,60663468,vermelho,verde,mcts,vermelho,0,-3,23,150,120,1.2500,0.0000,3248,1522,1426,300
389,60663468,vermelho,vermelho,mcts,vermelho,1,3,23,30,30,1.0000,0.0435,1029,157,812,60
389,60663468,vermelho,azul,mcts,vermelho,0,-3,23,90,120,0.7500,0.0000,2244,975,1089,180
390,1266052967,azul,verde,mcts,azul,0,-3,22,150,120,1.2500,0.1429,4530,2064,2106,360
390,1266052967,azul,vermelho,mcts,azul,0,-3,22,90,120,0.7500,0.0000,2763,1353,1170,240
390,1266052967,azul,azul,mcts,azul,1,3,22,30,30,1.0000,0.0000,1091,169,862,60
391,553143731,verde,verde,mcts,vermelho,0,-3,15,150,120,1.2500,0.0667,3567,1658,1609,300
391,553143731,verde,vermelho,mcts,vermelho,1,3,15,30,30,1.0000,0.0000,929,186,683,60
391,553143731,verde,azul,mcts,vermelho,0,-3,15,90,120,0.7500,0.1667,2026,1043,803,180
392,1136855950,vermelho,verde,mcts,azul,0,-3,12,90,120,0.7500,0.0000,2718,1429,1049,240
392,1136855950,vermelho,vermelho,mcts,azul,0,-3,12,120,120,1.0000,0.0000,3652,1693,1659,300
392,1136855950,vermelho,azul,mcts,azul,1,3,12,30,0,30.0000,0.0000,845,191,594,60
393,376447012,azul,verde,mcts,vermelho,0,-3,22,90,120,0.7500,0.0000,1910,984,746,180
393,376447012,azul,vermelho,mcts,vermelho,1,3,22,30,0,30.0000,0.0000,1012,139,813,60
393,376447012,azul,azul,mcts,vermelho,0,-3,22,120,120,1.0000,0.1905,2756,1126,1390,240
394,1614578985,verde,verde,mcts,vermelho,0,-3,13,150,120,1.2500,0.0000,3305,1572,1433,300
394,1614578985,verde,vermelho,mcts,vermelho,1,3,13,30,30,1.0000,0.0769,1537,440,977,120
394,1614578985,verde,azul,mcts,vermelho,0,-3,13,90,120,0.7500,0.0000,2456,1127,1089,240
395,865668011,vermelho,verde,mcts,azul,0,-3,14,120,120,1.0000,0.0000,2583,1133,1210,240
395,865668011,vermelho,vermelho,mcts,azul,0,-3,14,90,120,0.7500,0.0000,1878,986,712,180
395,865668011,vermelho,azul,mcts,azul,1,3,14,30,0,30.0000,0.0714,895,191,644,60
396,923755655,azul,verde,mcts,vermelho,0,-3,25,90,120,0.7500,0.1667,2026,1041,805,180
396,923755655,azul,vermelho,mcts,vermelho,1,3,25,30,30,1.0000,0.1250,1199,220,919,60
396,923755655,azul,azul,mcts,vermelho,0,-3,25,150,120,1.2500,0.1250,3640,1578,1762,300
397,258776197,verde,verde,mcts,vermelho,0,-3,29,150,120,1.2500,0.1034,3767,1616,1851,300
397,258776197,verde,vermelho,mcts,vermelho,1,3,29,30,30,1.0000,0.0345,1234,155,1019,60
397,258776197,verde,azul,mcts,vermelho,0,-3,29,90,120,0.7500,0.0000,1955,1018,757,180
398,1620914435,vermelho,verde,mcts,azul,0,-3,24,90,120,0.7500,0.0000,1835,972,683,180
398,1620914435,vermelho,vermelho,mcts,azul,0,-3,24,150,120,1.2500,0.0000,3384,1596,1488,300
398,1620914435,vermelho,azul,mcts,azul,1,3,24,30,30,1.0000,0.0000,1103,227,816,60
399,1741497087,azul,verde,mcts,azul,0,-3,28,150,120,1.2500,0.0000,3970,1728,1942,300
399,1741497087,azul,vermelho,mcts,azul,0,-3,28,90,120,0.7500,0.0000,2121,1043,898,180
399,1741497087,azul,azul,mcts,azul,1,3,28,30,30,1.0000,0.1429,1277,196,1021,60
400,558524762,verde,verde,mcts,azul,0,-3,22,120,120,1.0000,0.0000,2999,1216,1543,240
400,558524762,verde,vermelho,mcts,azul,0,-3,22,90,120,0.7500,0.0000,2042,1043,819,180
400,558524762,verde,azul,mcts,azul,1,3,22,30,0,30.0000,0.1818,1077,178,839,60
401,1039082064,vermelho,verde,mcts,vermelho,0,-3,26,90,120,0.7500,0.0000,1907,973,754,180
401,1039082064,vermelho,vermelho,mcts,vermelho,1,3,26,30,60,0.5000,0.0385,1478,236,1122,120
401,1039082064,vermelho,azul,mcts,vermelho,0,-3,26,180,120,1.5000,0.1200,3986,1853,1773,360
402,902252012,azul,verde,mcts,vermelho,0,-3,33,90,120,0.7500,0.0000,2008,1037,791,180
402,902252012,azul,vermelho,mcts,vermelho,1,3,33,30,30,1.0000,0.0000,1255,198,997,60
402,902252012,azul,azul,mcts,vermelho,0,-3,33,150,120,1.2500,0.0313,3873,1651,1922,300
403,1638510092,verde,verde,mcts,vermelho,0,-3,44,120,110,1.0909,0.1591,3515,1209,2066,240
403,1638510092,verde,vermelho,mcts,vermelho,1,3,44,30,0,30.0000,0.0000,1206,220,926,60
403,1638510092,verde,azul,mcts,vermelho,0,-3,44,80,120,0.6667,0.1538,2248,1052,1016,180
404,697931922,vermelho,verde,mcts,verde,1,3,18,30,30,1.0000,0.0000,1009,209,740,60
404,697931922,vermelho,vermelho,mcts,verde,0,-3,18,150,120,1.2500,0.1765,3583,1635,1648,300
404,697931922,vermelho,azul,mcts,verde,0,-3,18,90,120,0.7500,0.0000,2058,1002,876,180
405,148352726,azul,verde,mcts,azul,0,-3,36,180,120,1.5000,0.0571,4361,1902,2099,360
405,148352726,azul,vermelho,mcts,azul,0,-3,36,60,120,0.5000,0.2143,2779,1504,1035,240
405,148352726,azul,azul,mcts,azul,1,3,36,60,60,1.0000,0.1389,2056,464,1472,120
406,1423957648,verde,verde,mcts,vermelho,0,-3,16,90,120,0.7500,0.0000,2694,1410,1044,240
406,1423957648,verde,vermelho,mcts,vermelho,1,3,16,30,30,1.0000,0.1250,933,182,691,60
406,1423957648,verde,azul,mcts,vermelho,0,-3,16,150,120,1.2500,0.0000,3584,1709,1575,300
407,1350537079,vermelho,verde,mcts,azul,0,-3,25,150,120,1.2500,0.0833,3696,1639,1757,300
407,1350537079,vermelho,vermelho,mcts,azul,0,-3,25,90,120,0.7500,0.0000,2056,1045,831,180
407,1350537079,vermelho,azul,mcts,azul,1,3,25,30,30,1.0000,0.0400,1050,198,792,60
408,614268430,azul,verde,mcts,vermelho,0,-3,12,120,120,1.0000,0.0000,2778,1247,1291,240
408,614268430,azul,vermelho,mcts,vermelho,1,3,12,30,0,30.0000,0.0000,856,198,598,60
408,614268430,azul,azul,mcts,vermelho,0,-3,12,90,120,0.7500,0.0000,2054,1015,859,180
409,1044670401,verde,verde,mcts,vermelho,0,-3,19,150,120,1.2500,0.1579,4154,1967,1827,360
409,1044670401,verde,vermelho,mcts,vermelho,1,3,19,30,30,1.0000,0.0000,956,172,724,60
409,1044670401,verde,azul,mcts,vermelho,0,-3,19,90,120,0.7500,0.0000,2862,1405,1217,240
410,73927817,vermelho,verde,mcts,empate,0,-1,100,0,0,0.0000,0.4949,2569,0,2569,0
410,73927817,vermelho,vermelho,mcts,empate,0,-1,100,0,0,0.0000,0.0000,2019,48,1971,0
410,73927817,vermelho,azul,mcts,empate,0,-1,100,0,0,0.0000,0.0000,2019,49,1970,0
411,1599316740,azul,verde,mcts,azul,0,-3,19,90,120,0.7500,0.2222,2016,978,858,180
411,1599316740,azul,vermelho,mcts,azul,0,-3,19,150,120,1.2500,0.0000,3442,1577,1565,300
411,1599316740,azul,azul,mcts,azul,1,3,19,30,30,1.0000,0.0526,995,195,740,60
412,728730537,verde,verde,mcts,azul,0,-3,7,150,120,1.2500,0.0000,3256,1718,1238,300
412,728730537,verde,vermelho,mcts,azul,0,-3,7,90,120,0.7500,0.2000,2503,1217,1046,240
412,728730537,verde,azul,mcts,azul,1,3,7,30,30,1.0000,0.0000,770,230,480,60
413,769613667,vermelho,verde,mcts,verde,1,3,11,30,0,30.0000,0.0000,810,187,563,60
413,769613667,vermelho,vermelho,mcts,verde,0,-3,11,90,110,0.8182,0.6000,2122,1098,844,180
413,769613667,vermelho,azul,mcts,verde,0,-3,11,110,120,0.9167,0.1000,2808,1271,1297,240
414,701710304,azul,verde,mcts,vermelho,0,-3,16,90,120,0.7500,0.2500,2000,1029,791,180
414,701710304,azul,vermelho,mcts,vermelho,1,3,16,30,0,30.0000,0.0000,820,99,661,60
414,701710304,azul,azul,mcts,vermelho,0,-3,16,120,120,1.0000,0.1333,2792,1188,1364,240
415,2146003900,verde,verde,mcts,verde,1,3,20,30,0,30.0000,0.0500,993,130,803,60
415,2146003900,verde,vermelho,mcts,verde,0,-3,20,120,120,1.0000,0.0526,3275,1343,1632,300
415,2146003900,verde,azul,mcts,verde,0,-3,20,90,120,0.7500,0.0000,3230,1644,1286,300
416,1585576561,vermelho,verde,mcts,vermelho,0,-3,19,90,120,0.7500,0.0000,2079,1034,865,180
416,1585576561,vermelho,vermelho,mcts,vermelho,1,3,19,30,30,1.0000,0.1053,961,126,775,60
416,1585576561,vermelho,azul,mcts,vermelho,0,-3,19,150,120,1.2500,0.0556,3623,1684,1639,300
417,1048996951,azul,verde,mcts,vermelho,0,-3,21,90,120,0.7500,0.1250,1980,999,801,180
417,1048996951,azul,vermelho,mcts,vermelho,1,3,21,30,0,30.0000,0.1000,1004,144,800,60
417,1048996951,azul,azul,mcts,vermelho,0,-3,21,120,120,1.0000,0.1000,2752,1144,1368,240
418,614909108,verde,verde,mcts,azul,0,-3,24,180,100,1.8000,0.2500,4407,1991,2056,360
418,614909108,verde,vermelho,mcts,azul,0,-3,24,70,120,0.5833,0.1818,2264,1217,867,180
418,614909108,verde,azul,mcts,azul,1,3,24,30,60,0.5000,0.0417,1800,449,1231,120
419,1906067081,vermelho,verde,mcts,azul,0,-3,15,90,120,0.7500,0.0000,2029,1041,808,180
419,1906067081,vermelho,vermelho,mcts,azul,0,-3,15,120,120,1.0000,0.0667,2802,1141,1421,240
419,1906067081,vermelho,azul,mcts,azul,1,3,15,30,0,30.0000,0.0000,922,197,665,60
420,974694883,azul,verde,mcts,vermelho,0,-3,14,180,120,1.5000,0.0000,4163,2042,1761,360
420,974694883,azul,vermelho,mcts,vermelho,1,3,14,30,60,0.5000,0.3077,1405,345,940,120
420,974694883,azul,azul,mcts,vermelho,0,-3,14,90,120,0.7500,0.0000,2047,1018,849,180
421,277475170,verde,verde,mcts,vermelho,0,-3,17,90,120,0.7500,0.0000,2061,1027,854,180
421,277475170,verde,vermelho,mcts,vermelho,1,3,17,30,0,30.0000,0.0000,971,177,734,60
421,277475170,verde,azul,mcts,vermelho,0,-3,17,120,120,1.0000,0.0000,2872,1229,1403,240
422,148424731,vermelho,verde,mcts,verde,1,3,11,30,0,30.0000,0.0000,812,190,562,60
422,148424731,vermelho,vermelho,mcts,verde,0,-3,11,120,120,1.0000,0.0000,2740,1223,1277,240
422,148424731,vermelho,azul,mcts,verde,0,-3,11,90,120,0.7500,0.0000,2042,1017,845,180
423,604743709,azul,verde,mcts,vermelho,0,-3,10,120,120,1.0000,0.0000,3396,1644,1452,300
423,604743709,azul,vermelho,mcts,vermelho,1,3,10,30,0,30.0000,0.0000,782,187,535,60
423,604743709,azul,azul,mcts,vermelho,0,-3,10,90,120,0.7500,0.0000,2042,1017,845,180
424,838363468,verde,verde,mcts,verde,1,3,17,30,0,30.0000,0.0000,1006,201,745,60
424,838363468,verde,vermelho,mcts,verde,0,-3,17,90,120,0.7500,0.0000,2586,1365,981,240
424,838363468,verde,azul,mcts,verde,0,-3,17,120,120,1.0000,0.1250,2640,1123,1277,240
425,1461119760,vermelho,verde,mcts,vermelho,0,-3,23,150,120,1.2500,0.0455,3618,1606,1712,300
425,1461119760,vermelho,vermelho,mcts,vermelho,1,3,23,60,30,2.0000,0.0870,1761,488,1153,120
425,1461119760,vermelho,azul,mcts,vermelho,0,-3,23,60,120,0.5000,0.0000,2028,1039,809,180
426,2054000186,azul,verde,mcts,vermelho,0,-3,14,120,120,1.0000,0.0000,2586,1137,1209,240
426,2054000186,azul,vermelho,mcts,vermelho,1,3,14,30,0,30.0000,0.0769,893,203,630,60
426,2054000186,azul,azul,mcts,vermelho,0,-3,14,90,120,0.7500,0.0000,1961,982,799,180
427,1470480063,verde,verde,mcts,empate,0,-1,100,0,0,0.0000,0.0000,2330,0,2330,0
427,1470480063,verde,vermelho,mcts,empate,0,-1,100,120,90,1.3333,0.0000,4433,1279,2914,240
427,1470480063,verde,azul,mcts,empate,0,-1,100,90,120,0.7500,0.0000,2748,1403,1105,240
428,766136782,vermelho,verde,mcts,vermelho,0,-3,42,60,120,0.5000,0.0000,2149,1175,794,180
428,766136782,vermelho,vermelho,mcts,vermelho,1,3,42,60,30,2.0000,0.1190,2096,398,1578,120
428,766136782,vermelho,azul,mcts,vermelho,0,-3,42,150,120,1.2500,0.0976,4053,1679,2074,300
429,372718935,azul,verde,mcts,azul,0,-3,18,90,120,0.7500,0.0000,2038,1058,800,180
429,372718935,azul,vermelho,mcts,azul,0,-3,18,120,120,1.0000,0.1176,2719,1127,1352,240
429,372718935,azul,azul,mcts,azul,1,3,18,30,0,30.0000,0.0000,1033,240,733,60
430,2045200466,verde,verde,mcts,verde,1,3,24,30,0,30.0000,0.0000,967,92,815,60
430,2045200466,verde,vermelho,mcts,verde,0,-3,24,120,120,1.0000,0.0000,3032,1238,1554,240
430,2045200466,verde,azul,mcts,verde,0,-3,24,90,120,0.7500,0.0000,2021,1008,833,180
431,1900958049,vermelho,verde,mcts,verde,1,3,14,30,30,1.0000,0.1538,888,194,634,60
431,1900958049,vermelho,vermelho,mcts,verde,0,-3,14,150,120,1.2500,0.0769,3472,1645,1527,300
431,1900958049,vermelho,azul,mcts,verde,0,-3,14,90,120,0.7500,0.0000,1948,1002,766,180
432,1317230616,azul,verde,mcts,azul,0,-3,17,150,120,1.2500,0.0000,3557,1659,1598,300
432,1317230616,azul,vermelho,mcts,azul,0,-3,17,90,120,0.7500,0.0000,2039,1043,816,180
432,1317230616,azul,azul,mcts,azul,1,3,17,30,30,1.0000,0.0000,911,147,704,60
433,1343244560,verde,verde,mcts,vermelho,0,-3,15,120,120,1.0000,0.0667,2794,1208,1346,240
433,1343244560,verde,vermelho,mcts,vermelho,1,3,15,30,0,30.0000,0.7333,890,245,585,60
433,1343244560,verde,azul,mcts,vermelho,0,-3,15,90,120,0.7500,0.0000,2129,1005,944,180
434,784401889,vermelho,verde,mcts,vermelho,0,-3,21,90,110,0.8182,0.1667,2685,1267,1178,240
434,784401889,vermelho,vermelho,mcts,vermelho,1,3,21,30,30,1.0000,0.0000,1057,166,831,60
434,784401889,vermelho,azul,mcts,vermelho,0,-3,21,140,120,1.1667,0.1000,3657,1682,1675,300
435,1579403662,azul,verde,mcts,vermelho,0,-3,30,180,120,1.5000,0.0000,4167,1881,1926,360
435,1579403662,azul,vermelho,mcts,vermelho,1,3,30,30,60,0.5000,0.1034,1571,220,1231,120
435,1579403662,azul,azul,mcts,vermelho,0,-3,30,90,120,0.7500,0.0000,1922,1030,712,180
436,1577216255,verde,verde,mcts,verde,1,3,11,70,30,2.3333,0.2727,2155,816,1159,180
436,1577216255,verde,vermelho,mcts,verde,0,-3,11,90,100,0.9000,0.2000,2230,1107,943,180
436,1577216255,verde,azul,mcts,verde,0,-3,11,90,120,0.7500,0.1667,2119,1049,890,180
437,1215591661,vermelho,verde,mcts,azul,0,-3,11,90,120,0.7500,0.0000,2020,1029,811,180
437,1215591661,vermelho,vermelho,mcts,azul,0,-3,11,120,120,1.0000,0.0000,2782,1230,1312,240
437,1215591661,vermelho,azul,mcts,azul,1,3,11,30,0,30.0000,0.0000,871,217,594,60
438,2129381150,azul,verde,mcts,verde,1,3,42,30,30,1.0000,0.0976,1510,147,1303,60
438,2129381150,azul,vermelho,mcts,verde,0,-3,42,150,120,1.2500,0.0500,3955,1546,2109,300
438,2129381150,azul,azul,mcts,verde,0,-3,42,90,120,0.7500,0.0000,1944,975,789,180
439,200211642,verde,verde,mcts,vermelho,0,-3,15,120,120,1.0000,0.2000,2796,1267,1289,240
439,200211642,verde,vermelho,mcts,vermelho,1,3,15,30,0,30.0000,0.0000,951,220,671,60
439,200211642,verde,azul,mcts,vermelho,0,-3,15,90,120,0.7500,0.1667,2645,1414,991,240
440,739759482,vermelho,verde,mcts,azul,0,-3,19,90,120,0.7500,0.0000,2242,1018,1044,180
440,739759482,vermelho,vermelho,mcts,azul,0,-3,19,150,120,1.2500,0.1579,3607,1627,1680,300
440,739759482,vermelho,azul,mcts,azul,1,3,19,30,30,1.0000,0.0000,1048,191,797,60
441,571873306,azul,verde,mcts,azul,0,-3,9,60,120,0.5000,0.1429,1831,1189,522,120
441,571873306,azul,vermelho,mcts,azul,0,-3,9,120,120,1.0000,0.1250,3415,2209,966,240
441,571873306,azul,azul,mcts,azul,1,3,9,90,30,3.0000,0.2222,2377,1176,1021,180
442,1141555388,verde,verde,mcts,azul,0,-3,39,60,120,0.5000,0.0000,2215,1225,810,180
442,1141555388,verde,vermelho,mcts,azul,0,-3,39,30,120,0.2500,0.0256,2547,732,1635,180
442,1141555388,verde,azul,mcts,azul,1,3,39,240,90,2.6667,0.0513,6151,2698,2973,480
443,1737235775,vermelho,verde,mcts,vermelho,0,-3,16,120,120,1.0000,0.0000,3363,1659,1404,300
443,1737235775,vermelho,vermelho,mcts,vermelho,1,3,16,30,0,30.0000,0.0000,975,210,705,60
443,1737235775,vermelho,azul,mcts,vermelho,0,-3,16,90,120,0.7500,0.0000,2847,1323,1284,240
444,1019163322,azul,verde,mcts,verde,1,3,48,30,0,30.0000,0.0851,1598,201,1337,60
444,1019163322,azul,vermelho,mcts,verde,0,-3,48,120,120,1.0000,0.0435,3646,1290,2116,240
444,1019163322,azul,azul,mcts,verde,0,-3,48,90,120,0.7500,0.0000,2753,1465,1048,240
445,1477330786,verde,verde,mcts,azul,0,-3,18,30,110,0.2727,0.8571,3544,1885,1359,300
445,1477330786,verde,vermelho,mcts,azul,0,-3,18,200,120,1.6667,0.1667,5482,2851,2151,480
445,1477330786,verde,azul,mcts,azul,1,3,18,90,90,1.0000,0.0000,2011,658,1173,180
446,744905077,vermelho,verde,mcts,empate,0,-1,100,90,120,0.7500,0.0000,2677,1278,1159,240
446,744905077,vermelho,vermelho,mcts,empate,0,-1,100,0,0,0.0000,0.0100,1679,0,1679,0
446,744905077,vermelho,azul,mcts,empate,0,-1,100,120,90,1.3333,0.0100,4353,1292,2821,240
447,1994270146,azul,verde,mcts,verde,1,3,19,30,30,1.0000,0.0556,966,164,742,60
447,1994270146,azul,vermelho,mcts,verde,0,-3,19,90,120,0.7500,0.0000,1903,968,755,180
447,1994270146,azul,azul,mcts,verde,0,-3,19,150,120,1.2500,0.0000,3333,1561,1472,300
448,164773497,verde,verde,mcts,verde,1,3,14,30,0,30.0000,0.0000,969,233,676,60
448,164773497,verde,vermelho,mcts,verde,0,-3,14,120,120,1.0000,0.0769,2746,1174,1332,240
448,164773497,verde,azul,mcts,verde,0,-3,14,90,120,0.7500,0.5000,2004,1026,798,180
449,1649528846,vermelho,verde,mcts,vermelho,0,-3,18,90,120,0.7500,0.0000,2044,1027,837,180
449,1649528846,vermelho,vermelho,mcts,vermelho,1,3,18,30,0,30.0000,0.0556,1015,197,758,60
449,1649528846,vermelho,azul,mcts,vermelho,0,-3,18,120,120,1.0000,0.0000,2946,1234,1472,240
450,8261800,azul,verde,mcts,empate,0,-1,100,0,0,0.0000,0.0101,2568,0,2568,0
450,8261800,azul,vermelho,mcts,empate,0,-1,100,0,0,0.0000,0.0000,2056,49,2007,0
450,8261800,azul,azul,mcts,empate,0,-1,100,0,0,0.0000,0.0000,2061,48,2013,0
451,1520873105,verde,verde,mcts,vermelho,0,-3,13,90,120,0.7500,0.0000,1890,975,735,180
451,1520873105,verde,vermelho,mcts,vermelho,1,3,13,30,30,1.0000,0.0000,934,221,653,60
451,1520873105,verde,azul,mcts,vermelho,0,-3,13,150,120,1.2500,0.0000,3235,1552,1383,300
452,189695113,vermelho,verde,mcts,vermelho,0,-3,28,120,120,1.0000,0.0000,3075,1218,1617,240
452,189695113,vermelho,vermelho,mcts,vermelho,1,3,28,30,0,30.0000,0.0357,1194,188,946,60
452,189695113,vermelho,azul,mcts,vermelho,0,-3,28,90,120,0.7500,0.0000,1907,982,745,180
453,2050012462,azul,verde,mcts,vermelho,0,-3,22,120,120,1.0000,0.0000,3034,1214,1580,240
453,2050012462,azul,vermelho,mcts,vermelho,1,3,22,30,0,30.0000,0.0476,1034,177,797,60
453,2050012462,azul,azul,mcts,vermelho,0,-3,22,90,120,0.7500,0.0000,2042,1030,832,180
454,105099442,verde,verde,mcts,azul,0,-3,40,90,120,0.7500,0.0000,2217,1035,1002,180
454,105099442,verde,vermelho,mcts,azul,0,-3,40,120,120,1.0000,0.0750,3422,1221,1961,240
454,105099442,verde,azul,mcts,azul,1,3,40,30,0,30.0000,0.0250,1460,128,1272,60
455,898790568,vermelho,verde,mcts,verde,1,3,15,30,0,30.0000,0.0000,882,170,652,60
455,898790568,vermelho,vermelho,mcts,verde,0,-3,15,90,120,0.7500,0.0000,2036,1027,829,180
455,898790568,vermelho,azul,mcts,verde,0,-3,15,120,120,1.0000,0.0000,2819,1241,1338,240
456,2054871234,azul,verde,mcts,verde,1,3,13,30,0,30.0000,0.0000,861,195,606,60
456,2054871234,azul,vermelho,mcts,verde,0,-3,13,90,120,0.7500,0.0000,2074,1009,885,180
456,2054871234,azul,azul,mcts,verde,0,-3,13,120,120,1.0000,0.0000,3575,1616,1659,300
457,567165131,verde,verde,mcts,verde,1,3,16,30,30,1.0000,0.1250,931,195,676,60
457,567165131,verde,vermelho,mcts,verde,0,-3,16,150,120,1.2500,0.0000,3584,1654,1630,300
457,567165131,verde,azul,mcts,verde,0,-3,16,90,120,0.7500,0.0000,2052,1034,838,180
458,1506506545,vermelho,verde,mcts,verde,1,3,10,30,30,1.0000,0.0000,788,183,545,60
458,1506506545,vermelho,vermelho,mcts,verde,0,-3,10,150,120,1.2500,0.2222,3394,1630,1464,300
458,1506506545,vermelho,azul,mcts,verde,0,-3,10,90,120,0.7500,0.2500,1968,993,795,180
459,338695334,azul,verde,mcts,empate,0,-1,100,0,0,0.0000,0.0101,1656,49,1607,0
459,338695334,azul,vermelho,mcts,empate,0,-1,100,0,0,0.0000,0.0000,1997,49,1948,0
459,338695334,azul,azul,mcts,empate,0,-1,100,0,0,0.0000,0.0000,2187,0,2187,0
460,369462903,verde,verde,mcts,vermelho,0,-3,29,90,120,0.7500,0.0000,2142,1055,907,180
460,369462903,verde,vermelho,mcts,vermelho,1,3,29,30,0,30.0000,0.0000,1636,232,1284,120
460,369462903,verde,azul,mcts,vermelho,0,-3,29,120,120,1.0000,0.0714,3247,1304,1703,240
461,1639586025,vermelho,verde,mcts,azul,0,-3,19,90,120,0.7500,0.0000,2142,1001,961,180
461,1639586025,vermelho,vermelho,mcts,azul,0,-3,19,150,120,1.2500,0.0000,4020,2305,1415,300
461,1639586025,vermelho,azul,mcts,azul,1,3,19,30,30,1.0000,0.0526,1470,380,970,120
462,1094686237,azul,verde,mcts,azul,0,-3,47,120,120,1.0000,0.1522,3602,1242,2120,240
462,1094686237,azul,vermelho,mcts,azul,0,-3,47,90,120,0.7500,0.0000,2056,1029,847,180
462,1094686237,azul,azul,mcts,azul,1,3,47,30,0,30.0000,0.0638,1657,201,1396,60
463,616728145,verde,verde,mcts,vermelho,0,-3,22,120,120,1.0000,0.0455,2997,1227,1530,240
463,616728145,verde,vermelho,mcts,vermelho,1,3,22,30,0,30.0000,0.0455,1149,222,867,60
463,616728145,verde,azul,mcts,vermelho,0,-3,22,90,120,0.7500,0.0000,2085,1033,872,180
464,1665972581,vermelho,verde,mcts,vermelho,0,-3,40,150,120,1.2500,0.0256,3817,1562,1955,300
464,1665972581,vermelho,vermelho,mcts,vermelho,1,3,40,30,30,1.0000,0.0500,1528,192,1276,60
464,1665972581,vermelho,azul,mcts,vermelho,0,-3,40,90,120,0.7500,0.0000,2151,994,977,180
465,1342328242,azul,verde,mcts,vermelho,0,-3,25,90,120,0.7500,0.0000,2746,1295,1211,240
465,1342328242,azul,vermelho,mcts,vermelho,1,3,25,30,0,30.0000,0.0417,1167,190,917,60
465,1342328242,azul,azul,mcts,vermelho,0,-3,25,120,120,1.0000,0.0000,3677,1528,1849,300
466,1649972298,verde,verde,mcts,azul,0,-3,16,150,120,1.2500,0.0000,3556,1660,1596,300
466,1649972298,verde,vermelho,mcts,azul,0,-3,16,90,120,0.7500,0.0000,1995,1010,805,180
466,1649972298,verde,azul,mcts,azul,1,3,16,30,30,1.0000,0.0000,915,172,683,60
467,2086780469,vermelho,verde,mcts,vermelho,0,-3,12,120,120,1.0000,0.0000,2870,1433,1197,240
467,2086780469,vermelho,vermelho,mcts,vermelho,1,3,12,60,30,2.0000,0.0833,1534,493,921,120
467,2086780469,vermelho,azul,mcts,vermelho,0,-3,12,90,120,0.7500,0.3000,2085,1024,881,180
468,1112072917,azul,verde,mcts,empate,0,-1,100,90,120,0.7500,0.0500,2171,951,1040,180
468,1112072917,azul,vermelho,mcts,empate,0,-1,100,120,90,1.3333,0.4141,4430,1104,3086,240
468,1112072917,azul,azul,mcts,empate,0,-1,100,0,0,0.0000,0.0000,1107,0,1107,0
469,223052448,verde,verde,mcts,verde,1,3,31,30,30,1.0000,0.0000,1191,135,996,60
469,223052448,verde,vermelho,mcts,verde,0,-3,31,150,120,1.2500,0.0000,3802,1634,1868,300
469,223052448,verde,azul,mcts,verde,0,-3,31,90,120,0.7500,0.0000,2011,1050,781,180
470,1629194997,vermelho,verde,mcts,azul,0,-3,20,120,120,1.0000,0.0526,2946,1217,1489,240
470,1629194997,vermelho,vermelho,mcts,azul,0,-3,20,90,120,0.7500,0.0000,2814,1399,1175,240
470,1629194997,vermelho,azul,mcts,azul,1,3,20,30,0,30.0000,0.0500,929,165,704,60
471,2020547047,azul,verde,mcts,empate,0,-1,100,0,0,0.0000,0.0000,1573,0,1573,0
471,2020547047,azul,vermelho,mcts,empate,0,-1,100,120,90,1.3333,0.0101,4374,1236,2898,240
471,2020547047,azul,azul,mcts,empate,0,-1,100,90,120,0.7500,0.0000,2425,1034,1211,180
472,1561709938,verde,verde,mcts,azul,0,-3,13,120,120,1.0000,0.0000,2764,1206,1318,240
472,1561709938,verde,vermelho,mcts,azul,0,-3,13,90,120,0.7500,0.0000,1947,1003,764,180
472,1561709938,verde,azul,mcts,azul,1,3,13,30,0,30.0000,0.2308,792,116,616,60
473,34472910,vermelho,verde,mcts,verde,1,3,31,60,60,1.0000,0.0333,2508,699,1629,180
473,34472910,vermelho,vermelho,mcts,verde,0,-3,31,180,120,1.5000,0.1000,5195,2315,2460,420
473,34472910,vermelho,azul,mcts,verde,0,-3,31,60,120,0.5000,0.0000,2122,1093,849,180
474,1889495832,azul,verde,mcts,verde,1,3,19,30,30,1.0000,0.0000,1001,190,751,60
474,1889495832,azul,vermelho,mcts,verde,0,-3,19,150,120,1.2500,0.1176,4316,2019,1937,360
474,1889495832,azul,azul,mcts,verde,0,-3,19,90,120,0.7500,0.0000,2627,1287,1100,240
475,2075334735,verde,verde,mcts,verde,1,3,9,30,0,30.0000,0.1111,780,198,522,60
475,2075334735,verde,vermelho,mcts,verde,0,-3,9,90,100,0.9000,0.2500,2795,1297,1258,240
475,2075334735,verde,azul,mcts,verde,0,-3,9,100,120,0.8333,0.0000,3510,1715,1495,300
476,518344282,vermelho,verde,mcts,verde,1,3,11,30,0,30.0000,0.0000,817,217,540,60
476,518344282,vermelho,vermelho,mcts,verde,0,-3,11,110,120,0.9167,0.2000,2750,1227,1283,240
476,518344282,vermelho,azul,mcts,verde,0,-3,11,90,110,0.8182,0.3333,2069,1049,840,180
477,664865225,azul,verde,mcts,verde,1,3,22,30,60,0.5000,0.1905,1517,274,1123,120
477,664865225,azul,vermelho,mcts,verde,0,-3,22,90,100,0.9000,0.1667,2722,1271,1211,240
477,664865225,azul,azul,mcts,verde,0,-3,22,160,120,1.3333,0.0952,5093,2408,2265,420
478,1713655207,verde,verde,mcts,azul,0,-3,30,90,100,0.9000,0.8000,2043,1054,809,180
478,1713655207,verde,vermelho,mcts,azul,0,-3,30,130,120,1.0833,0.1000,3956,1731,1925,300
478,1713655207,verde,azul,mcts,azul,1,3,30,30,30,1.0000,0.0667,1226,132,1034,60
479,927898304,vermelho,verde,mcts,vermelho,0,-3,7,150,120,1.2500,0.0000,3276,1643,1333,300
479,927898304,vermelho,vermelho,mcts,vermelho,1,3,7,60,30,2.0000,0.0000,1385,485,780,120
479,927898304,vermelho,azul,mcts,vermelho,0,-3,7,60,120,0.5000,0.2000,2020,1112,728,180
480,512606905,azul,verde,mcts,verde,1,3,19,30,0,30.0000,0.0556,932,128,744,60
480,512606905,azul,vermelho,mcts,verde,0,-3,19,120,120,1.0000,0.0000,2930,1203,1487,240
480,512606905,azul,azul,mcts,verde,0,-3,19,90,120,0.7500,0.0000,2053,1020,853,180
481,741330521,verde,verde,mcts,azul,0,-3,27,150,120,1.2500,0.0000,3791,1652,1839,300
481,741330521,verde,vermelho,mcts,azul,0,-3,27,90,120,0.7500,0.0000,2042,1008,854,180
481,741330521,verde,azul,mcts,azul,1,3,27,30,30,1.0000,0.2222,1167,148,959,60
482,1245569230,vermelho,verde,mcts,vermelho,0,-3,35,120,120,1.0000,0.0000,3109,1165,1704,240
482,1245569230,vermelho,vermelho,mcts,vermelho,1,3,35,30,0,30.0000,0.1143,1226,133,1033,60
482,1245569230,vermelho,azul,mcts,vermelho,0,-3,35,90,120,0.7500,0.0000,1907,1000,727,180
483,1772636271,azul,verde,mcts,azul,0,-3,21,150,120,1.2500,0.1000,3679,1717,1662,300
483,1772636271,azul,vermelho,mcts,azul,0,-3,21,60,120,0.5000,0.0000,2763,1345,1178,240
483,1772636271,azul,azul,mcts,azul,1,3,21,60,30,2.0000,0.0000,1545,366,1059,120
484,439522726,verde,verde,mcts,vermelho,0,-3,19,90,120,0.7500,0.0000,2087,1033,874,180
484,439522726,verde,vermelho,mcts,vermelho,1,3,19,30,30,1.0000,0.0000,983,168,755,60
484,439522726,verde,azul,mcts,vermelho,0,-3,19,150,120,1.2500,0.0000,3592,1692,1600,300
485,1210558033,vermelho,verde,mcts,azul,0,-3,35,150,120,1.2500,0.0588,3905,1630,1975,300
485,1210558033,vermelho,vermelho,mcts,azul,0,-3,35,90,120,0.7500,0.0000,2190,1029,981,180
485,1210558033,vermelho,azul,mcts,azul,1,3,35,30,30,1.0000,0.0286,1313,128,1125,60
486,1816776073,azul,verde,mcts,verde,1,3,22,30,30,1.0000,0.0476,1108,223,825,60
486,1816776073,azul,vermelho,mcts,verde,0,-3,22,90,100,0.9000,1.0000,2013,1049,784,180
486,1816776073,azul,azul,mcts,verde,0,-3,22,130,120,1.0833,0.0476,3665,1684,1681,300
487,808127244,verde,verde,mcts,azul,0,-3,13,90,120,0.7500,0.0000,1971,984,807,180
487,808127244,verde,vermelho,mcts,azul,0,-3,13,150,120,1.2500,0.0000,3227,1552,1375,300
487,808127244,verde,azul,mcts,azul,1,3,13,30,30,1.0000,0.0000,886,188,638,60
488,69747369,vermelho,verde,mcts,empate,0,-1,100,0,0,0.0000,0.0101,1794,0,1794,0
488,69747369,vermelho,vermelho,mcts,empate,0,-1,100,0,0,0.0000,0.9800,2018,51,1967,0
488,69747369,vermelho,azul,mcts,empate,0,-1,100,0,0,0.0000,0.0000,2002,49,1953,0
489,1668374150,azul,verde,mcts,vermelho,0,-3,24,90,120,0.7500,0.2308,3673,1890,1483,300
489,1668374150,azul,vermelho,mcts,vermelho,1,3,24,30,0,30.0000,0.0000,1104,164,880,60
489,1668374150,azul,azul,mcts,vermelho,0,-3,24,120,120,1.0000,0.2609,3550,1484,1766,300
490,1304348503,verde,verde,mcts,azul,0,-3,11,90,120,0.7500,0.0000,2604,1221,1143,240
490,1304348503,verde,vermelho,mcts,azul,0,-3,11,0,120,0.0000,0.0000,2105,690,1235,180
490,1304348503,verde,azul,mcts,azul,1,3,11,240,90,2.6667,0.0000,5322,2491,2351,480
491,133541920,vermelho,verde,mcts,verde,1,3,14,30,30,1.0000,0.0769,862,184,618,60
491,133541920,vermelho,vermelho,mcts,verde,0,-3,14,150,120,1.2500,0.0000,3490,1645,1545,300
491,133541920,vermelho,azul,mcts,verde,0,-3,14,90,120,0.7500,0.0000,2060,1045,835,180
492,1603595673,azul,verde,mcts,vermelho,0,-3,31,90,120,0.7500,0.0000,2041,1042,819,180
492,1603595673,azul,vermelho,mcts,vermelho,1,3,31,30,0,30.0000,0.0333,1234,150,1024,60
492,1603595673,azul,azul,mcts,vermelho,0,-3,31,120,120,1.0000,0.0000,3228,1196,1792,240
493,1118675268,verde,verde,mcts,azul,0,-3,23,150,120,1.2500,0.0435,3729,1681,1748,300
493,1118675268,verde,vermelho,mcts,azul,0,-3,23,90,120,0.7500,0.0000,2056,1018,858,180
493,1118675268,verde,azul,mcts,azul,1,3,23,30,30,1.0000,0.1739,1000,87,853,60
494,1097557813,vermelho,verde,mcts,vermelho,0,-3,8,60,120,0.5000,0.0000,2114,1147,787,180
494,1097557813,vermelho,vermelho,mcts,vermelho,1,3,8,60,30,2.0000,0.0000,2070,804,1086,180
494,1097557813,vermelho,azul,mcts,vermelho,0,-3,8,150,120,1.2500,0.0000,3437,1698,1439,300
495,1791619833,azul,verde,mcts,vermelho,0,-3,24,70,120,0.5833,0.0000,2076,1215,681,180
495,1791619833,azul,vermelho,mcts,vermelho,1,3,24,30,0,30.0000,0.0435,1069,158,851,60
495,1791619833,azul,azul,mcts,vermelho,0,-3,24,120,100,1.2000,0.2609,2914,1122,1552,240
496,1967010406,verde,verde,mcts,vermelho,0,-3,14,90,120,0.7500,0.0000,2775,1320,1215,240
496,1967010406,verde,vermelho,mcts,vermelho,1,3,14,60,30,2.0000,0.0714,1513,396,997,120
496,1967010406,verde,azul,mcts,vermelho,0,-3,14,120,120,1.0000,0.0000,2893,1431,1222,240
497,717339568,vermelho,verde,mcts,empate,0,-1,100,0,0,0.0000,0.0000,1990,50,1940,0
497,717339568,vermelho,vermelho,mcts,empate,0,-1,100,0,0,0.0000,0.0000,2315,0,2315,0
497,717339568,vermelho,azul,mcts,empate,0,-1,100,0,0,0.0000,0.0000,2014,50,1964,0
498,671962700,azul,verde,mcts,verde,1,3,18,30,0,30.0000,0.1176,923,146,717,60
498,671962700,azul,vermelho,mcts,verde,0,-3,18,90,120,0.7500,0.0000,2035,1036,819,180
498,671962700,azul,azul,mcts,verde,0,-3,18,120,120,1.0000,0.2941,2933,1241,1452,240
499,718487412,verde,verde,mcts,vermelho,0,-3,8,90,120,0.7500,0.0000,2048,1008,860,180
499,718487412,verde,vermelho,mcts,vermelho,1,3,8,60,30,2.0000,0.0000,1397,453,824,120
499,718487412,verde,azul,mcts,vermelho,0,-3,8,120,120,1.0000,0.0000,2780,1441,1099,240
500,244965602,vermelho,verde,mcts,azul,0,-3,26,180,120,1.5000,0.0400,4293,1979,1954,360
500,244965602,vermelho,vermelho,mcts,azul,0,-3,26,90,120,0.7500,0.0000,2018,1031,807,180
500,244965602,vermelho,azul,mcts,azul,1,3,26,30,60,0.5000,0.0769,1592,299,1173,120
501,689613760,azul,verde,mcts,azul,0,-3,36,150,120,1.2500,0.0286,4045,1664,2081,300
501,689613760,azul,vermelho,mcts,azul,0,-3,36,90,120,0.7500,0.1875,2266,1004,1082,180
501,689613760,azul,azul,mcts,azul,1,3,36,30,30,1.0000,0.0000,1217,220,937,60
502,201796813,verde,verde,mcts,verde,1,3,16,30,0,30.0000,0.0000,822,85,677,60
502,201796813,verde,vermelho,mcts,verde,0,-3,16,120,120,1.0000,0.0667,2711,1133,1338,240
502,201796813,verde,azul,mcts,verde,0,-3,16,90,120,0.7500,0.5000,1937,1012,745,180
503,2095621178,vermelho,verde,mcts,azul,0,-3,18,120,120,1.0000,0.0588,2870,1221,1409,240
503,2095621178,vermelho,vermelho,mcts,azul,0,-3,18,90,120,0.7500,0.0000,2159,1056,923,180
503,2095621178,vermelho,azul,mcts,azul,1,3,18,30,0,30.0000,0.1667,967,173,734,60
504,512691303,azul,verde,mcts,empate,0,-1,100,40,120,0.3333,0.3333,2403,1419,804,180
504,512691303,azul,vermelho,mcts,empate,0,-1,100,0,0,0.0000,0.0000,1709,0,1709,0
504,512691303,azul,azul,mcts,empate,0,-1,100,120,40,3.0000,0.0400,4436,1270,2926,240
505,520339085,verde,verde,mcts,verde,1,3,17,30,0,30.0000,0.1176,841,88,693,60
505,520339085,verde,vermelho,mcts,verde,0,-3,17,120,120,1.0000,0.0000,2642,1143,1259,240
505,520339085,verde,azul,mcts,verde,0,-3,17,90,120,0.7500,0.0000,1958,973,805,180
506,319236723,vermelho,verde,mcts,verde,1,3,17,30,30,1.0000,0.0000,963,192,711,60
506,319236723,vermelho,vermelho,mcts,verde,0,-3,17,130,120,1.0833,0.1875,3678,1800,1578,300
506,319236723,vermelho,azul,mcts,verde,0,-3,17,90,100,0.9000,1.0000,2031,1021,830,180
507,1680688708,azul,verde,mcts,verde,1,3,17,30,30,1.0000,0.1250,1378,298,960,120
507,1680688708,azul,vermelho,mcts,verde,0,-3,17,90,110,0.8182,0.3333,2835,1419,1176,240
507,1680688708,azul,azul,mcts,verde,0,-3,17,140,120,1.1667,0.0625,3557,1714,1543,300
508,887407502,verde,verde,mcts,azul,0,-3,22,90,120,0.7500,0.0000,2736,1392,1104,240
508,887407502,verde,vermelho,mcts,azul,0,-3,22,120,120,1.0000,0.0000,3655,1518,1837,300
508,887407502,verde,azul,mcts,azul,1,3,22,30,0,30.0000,0.0455,1061,203,798,60
509,191222333,vermelho,verde,mcts,vermelho,0,-3,34,80,120,0.6667,0.0000,2073,1071,822,180
509,191222333,vermelho,vermelho,mcts,vermelho,1,3,34,30,30,1.0000,0.0000,1474,220,1194,60
509,191222333,vermelho,azul,mcts,vermelho,0,-3,34,150,110,1.3636,0.2121,3927,1616,2011,300
510,608521437,azul,verde,mcts,empate,0,-1,100,0,0,0.0000,0.0101,2040,49,1991,0
510,608521437,azul,vermelho,mcts,empate,0,-1,100,0,0,0.0000,0.0101,2469,0,2469,0
510,608521437,azul,azul,mcts,empate,0,-1,100,0,0,0.0000,0.0000,2059,48,2011,0
511,656961761,verde,verde,mcts,vermelho,0,-3,14,90,120,0.7500,0.3333,2151,1044,927,180
511,656961761,verde,vermelho,mcts,vermelho,1,3,14,30,0,30.0000,0.1429,912,195,657,60
511,656961761,verde,azul,mcts,vermelho,0,-3,14,120,120,1.0000,0.0769,2834,1203,1391,240
512,310149982,vermelho,verde,mcts,empate,0,-1,100,0,0,0.0000,0.0000,2010,48,1962,0
512,310149982,vermelho,vermelho,mcts,empate,0,-1,100,0,0,0.0000,0.0000,1999,46,1953,0
512,310149982,vermelho,azul,mcts,empate,0,-1,100,0,0,0.0000,0.0100,2400,0,2400,0
513,1141277885,azul,verde,mcts,verde,1,3,23,30,0,30.0000,0.0909,956,98,798,60
513,1141277885,azul,vermelho,mcts,verde,0,-3,23,90,120,0.7500,0.0000,2089,1085,824,180
513,1141277885,azul,azul,mcts,verde,0,-3,23,120,120,1.0000,0.0000,3095,1278,1577,240
514,1226790344,verde,verde,mcts,vermelho,0,-3,18,90,120,0.7500,0.0000,2090,1028,882,180
514,1226790344,verde,vermelho,mcts,vermelho,1,3,18,30,0,30.0000,0.0556,970,163,747,60
514,1226790344,verde,azul,mcts,vermelho,0,-3,18,120,120,1.0000,0.0000,2933,1218,1475,240
515,1535129199,vermelho,verde,mcts,azul,0,-3,17,90,120,0.7500,0.0000,2078,1037,861,180
515,1535129199,vermelho,vermelho,mcts,azul,0,-3,17,120,120,1.0000,0.0588,2873,1216,1417,240
515,1535129199,vermelho,azul,mcts,azul,1,3,17,30,0,30.0000,0.2353,978,207,711,60
516,1150841547,azul,verde,mcts,verde,1,3,16,60,60,1.0000,0.0000,1538,476,942,120
516,1150841547,azul,vermelho,mcts,verde,0,-3,16,160,120,1.3333,0.0714,4366,2186,1820,360
516,1150841547,azul,azul,mcts,verde,0,-3,16,60,100,0.6000,0.7143,2149,1055,914,180
517,1165334641,verde,verde,mcts,azul,0,-3,14,90,120,0.7500,0.0000,1999,1015,804,180
517,1165334641,verde,vermelho,mcts,azul,0,-3,14,150,120,1.2500,0.0000,3183,1513,1370,300
517,1165334641,verde,azul,mcts,azul,1,3,14,30,30,1.0000,0.0714,909,186,663,60
518,681806193,vermelho,verde,mcts,vermelho,0,-3,11,120,120,1.0000,0.1000,2553,1123,1190,240
518,681806193,vermelho,vermelho,mcts,vermelho,1,3,11,30,0,30.0000,0.0000,702,93,549,60
518,681806193,vermelho,azul,mcts,vermelho,0,-3,11,90,120,0.7500,0.0000,1932,988,764,180
519,1279852028,azul,verde,mcts,azul,0,-3,44,30,120,0.2500,0.0000,2966,534,2192,240
519,1279852028,azul,vermelho,mcts,azul,0,-3,44,60,120,0.5000,0.0000,2658,1333,1085,240
519,1279852028,azul,azul,mcts,azul,1,3,44,240,90,2.6667,0.0000,6284,2613,3131,540
520,927686692,verde,verde,mcts,verde,1,3,29,30,0,30.0000,0.1724,1205,171,974,60
520,927686692,verde,vermelho,mcts,verde,0,-3,29,90,120,0.7500,0.0000,2748,1265,1243,240
520,927686692,verde,azul,mcts,verde,0,-3,29,120,120,1.0000,0.0000,3762,1548,1914,300
521,1035302288,vermelho,verde,mcts,vermelho,0,-3,12,150,120,1.2500,0.0000,3543,1792,1451,300
521,1035302288,vermelho,vermelho,mcts,vermelho,1,3,12,90,60,1.5000,0.0000,2642,988,1414,240
521,1035302288,vermelho,azul,mcts,vermelho,0,-3,12,60,120,0.5000,0.0000,2199,1601,478,120
522,984794711,azul,verde,mcts,verde,1,3,18,60,30,2.0000,0.0588,1544,458,966,120
522,984794711,azul,vermelho,mcts,verde,0,-3,18,150,120,1.2500,0.0625,3586,1702,1584,300
522,984794711,azul,azul,mcts,verde,0,-3,18,60,120,0.5000,0.1000,2201,1153,868,180
523,327484689,verde,verde,mcts,vermelho,0,-3,21,150,120,1.2500,0.0000,3626,1634,1692,300
523,327484689,verde,vermelho,mcts,vermelho,1,3,21,30,30,1.0000,0.0000,1015,133,822,60
523,327484689,verde,azul,mcts,vermelho,0,-3,21,90,120,0.7500,0.0000,2647,1288,1119,240
524,386297152,vermelho,verde,mcts,vermelho,0,-3,24,90,120,0.7500,0.0000,2018,999,839,180
524,386297152,vermelho,vermelho,mcts,vermelho,1,3,24,30,0,30.0000,0.1250,1156,193,903,60
524,386297152,vermelho,azul,mcts,vermelho,0,-3,24,120,120,1.0000,0.0000,2639,1064,1335,240
525,349317291,azul,verde,mcts,vermelho,0,-3,22,90,120,0.7500,0.0000,1917,1006,731,180
525,349317291,azul,vermelho,mcts,vermelho,1,3,22,30,0,30.0000,0.0476,1025,189,776,60
525,349317291,azul,azul,mcts,vermelho,0,-3,22,120,120,1.0000,0.0000,3021,1255,1526,240
526,2000841264,verde,verde,mcts,vermelho,0,-3,47,90,120,0.7500,0.0000,1962,976,806,180
526,2000841264,verde,vermelho,mcts,vermelho,1,3,47,30,30,1.0000,0.0426,1731,199,1472,60
526,2000841264,verde,azul,mcts,vermelho,0,-3,47,150,120,1.2500,0.0435,4053,1573,2180,300
527,1679114366,vermelho,verde,mcts,verde,1,3,30,60,30,2.0000,0.0000,1686,315,1251,120
527,1679114366,vermelho,vermelho,mcts,verde,0,-3,30,150,100,1.5000,0.2069,3880,1714,1866,300
527,1679114366,vermelho,azul,mcts,verde,0,-3,30,40,120,0.3333,0.2000,2206,1215,811,180
528,54272465,azul,verde,mcts,vermelho,0,-3,25,90,120,0.7500,0.0000,1990,1005,805,180
528,54272465,azul,vermelho,mcts,vermelho,1,3,25,30,0,30.0000,0.0417,1091,233,798,60
528,54272465,azul,azul,mcts,vermelho,0,-3,25,120,120,1.0000,0.0000,3073,1210,1623,240
529,2003592322,verde,verde,mcts,empate,0,-1,100,120,90,1.3333,0.0500,4353,1314,2799,240
529,2003592322,verde,vermelho,mcts,empate,0,-1,100,90,120,0.7500,0.0000,2851,1470,1141,240
529,2003592322,verde,azul,mcts,empate,0,-1,100,0,0,0.0000,0.3100,2007,0,2007,0
530,1331448970,vermelho,verde,mcts,azul,0,-3,10,60,120,0.5000,0.0000,1733,1176,437,120
530,1331448970,vermelho,vermelho,mcts,azul,0,-3,10,150,120,1.2500,0.0000,3431,1755,1376,300
530,1331448970,vermelho,azul,mcts,azul,1,3,10,90,60,1.5000,0.0000,2026,738,1108,180
531,482643454,azul,verde,mcts,azul,0,-3,13,90,120,0.7500,0.5000,2053,1027,846,180
531,482643454,azul,vermelho,mcts,azul,0,-3,13,120,120,1.0000,0.0833,2727,1192,1295,240
531,482643454,azul,azul,mcts,azul,1,3,13,30,0,30.0000,0.0000,884,243,581,60
532,1779565378,verde,verde,mcts,azul,0,-3,22,150,120,1.2500,0.0000,3500,1625,1575,300
532,1779565378,verde,vermelho,mcts,azul,0,-3,22,90,120,0.7500,0.0667,2773,1360,1173,240
532,1779565378,verde,azul,mcts,azul,1,3,22,30,30,1.0000,0.0909,1081,189,832,60
533,2054481438,vermelho,verde,mcts,verde,1,3,19,30,30,1.0000,0.0000,1020,184,776,60
533,2054481438,vermelho,vermelho,mcts,verde,0,-3,19,90,120,0.7500,0.0000,2626,1404,982,240
533,2054481438,vermelho,azul,mcts,verde,0,-3,19,150,120,1.2500,0.0000,3474,1590,1584,300
534,1078675238,azul,verde,mcts,azul,0,-3,17,120,120,1.0000,0.0000,3119,1252,1567,300
534,1078675238,azul,vermelho,mcts,azul,0,-3,17,90,120,0.7500,0.0000,2628,1377,1011,240
534,1078675238,azul,azul,mcts,azul,1,3,17,30,0,30.0000,0.0000,897,117,720,60
535,843908336,verde,verde,mcts,verde,1,3,14,30,30,1.0000,0.0000,819,118,641,60
535,843908336,verde,vermelho,mcts,verde,0,-3,14,150,120,1.2500,0.0000,3491,1670,1521,300
535,843908336,verde,azul,mcts,verde,0,-3,14,90,120,0.7500,0.0000,2047,1034,833,180
536,681987113,vermelho,verde,mcts,azul,0,-3,15,90,120,0.7500,0.0000,2137,1027,930,180
536,681987113,vermelho,vermelho,mcts,azul,0,-3,15,120,120,1.0000,0.0000,2856,1204,1412,240
536,681987113,vermelho,azul,mcts,azul,1,3,15,30,0,30.0000,0.1333,935,181,694,60
537,1423106760,azul,verde,mcts,vermelho,0,-3,19,150,120,1.2500,0.0000,3574,1640,1634,300
537,1423106760,azul,vermelho,mcts,vermelho,1,3,19,30,30,1.0000,0.0000,947,166,721,60
537,1423106760,azul,azul,mcts,vermelho,0,-3,19,90,120,0.7500,0.0000,2028,1054,794,180
538,1079511724,verde,verde,mcts,azul,0,-3,18,120,120,1.0000,0.1111,2956,1236,1480,240
538,1079511724,verde,vermelho,mcts,azul,0,-3,18,90,120,0.7500,0.0000,2062,1037,845,180
538,1079511724,verde,azul,mcts,azul,1,3,18,30,0,30.0000,0.1111,985,186,739,60
539,419734749,vermelho,verde,mcts,azul,0,-3,32,150,100,1.5000,0.1613,4058,1765,1993,300
539,419734749,vermelho,vermelho,mcts,azul,0,-3,32,70,120,0.5833,0.0000,2220,1182,858,180
539,419734749,vermelho,azul,mcts,azul,1,3,32,30,30,1.0000,0.0313,1274,148,1066,60
540,1655343181,azul,verde,mcts,azul,0,-3,17,90,120,0.7500,0.0000,2059,1011,868,180
540,1655343181,azul,vermelho,mcts,azul,0,-3,17,150,120,1.2500,0.0000,3515,1651,1564,300
540,1655343181,azul,azul,mcts,azul,1,3,17,30,30,1.0000,0.0588,897,128,709,60
541,1499152475,verde,verde,mcts,vermelho,0,-3,8,90,120,0.7500,0.0000,1979,977,822,180
541,1499152475,verde,vermelho,mcts,vermelho,1,3,8,30,0,30.0000,0.1250,801,217,524,60
541,1499152475,verde,azul,mcts,vermelho,0,-3,8,120,120,1.0000,0.0000,2631,1237,1154,240
542,1832667766,vermelho,verde,mcts,verde,1,3,12,30,30,1.0000,0.1818,851,195,596,60
542,1832667766,vermelho,vermelho,mcts,verde,0,-3,12,90,110,0.8182,0.2857,2719,1266,1213,240
542,1832667766,vermelho,azul,mcts,verde,0,-3,12,140,120,1.1667,0.0000,4146,2036,1750,360
543,1264378068,azul,verde,mcts,azul,0,-3,16,90,120,0.7500,0.0000,2754,1292,1222,240
543,1264378068,azul,vermelho,mcts,azul,0,-3,16,180,120,1.5000,0.0667,4253,2043,1850,360
543,1264378068,azul,azul,mcts,azul,1,3,16,30,60,0.5000,0.0000,2045,532,1333,180
544,1308472688,verde,verde,mcts,verde,1,3,12,60,30,2.0000,0.0000,1335,366,849,120
544,1308472688,verde,vermelho,mcts,verde,0,-3,12,60,120,0.5000,0.0000,2009,1120,709,180
544,1308472688,verde,azul,mcts,verde,0,-3,12,150,120,1.2500,0.0000,3800,1909,1531,360
545,1643580531,vermelho,verde,mcts,empate,0,-1,100,90,120,0.7500,0.0000,2676,1395,1041,240
545,1643580531,vermelho,vermelho,mcts,empate,0,-1,100,120,90,1.3333,0.0000,3953,1131,2582,240
545,1643580531,vermelho,azul,mcts,empate,0,-1,100,0,0,0.0000,0.0100,1747,0,1747,0
546,639957133,azul,verde,mcts,vermelho,0,-3,16,120,120,1.0000,0.0667,2513,1068,1205,240
546,639957133,azul,vermelho,mcts,vermelho,1,3,16,30,0,30.0000,0.0000,892,183,649,60
546,639957133,azul,azul,mcts,vermelho,0,-3,16,90,120,0.7500,0.0000,2045,969,896,180
547,1965988595,verde,verde,mcts,azul,0,-3,26,120,120,1.0000,0.0385,2978,1196,1542,240
547,1965988595,verde,vermelho,mcts,azul,0,-3,26,90,120,0.7500,0.0000,2031,994,857,180
547,1965988595,verde,azul,mcts,azul,1,3,26,30,0,30.0000,0.0385,1094,147,887,60
548,785624668,vermelho,verde,mcts,vermelho,0,-3,12,120,120,1.0000,0.1818,2744,1246,1258,240
548,785624668,vermelho,vermelho,mcts,vermelho,1,3,12,30,0,30.0000,0.0000,856,187,609,60
548,785624668,vermelho,azul,mcts,vermelho,0,-3,12,90,120,0.7500,0.5000,2068,1030,858,180
549,474626655,azul,verde,mcts,vermelho,0,-3,16,90,120,0.7500,0.0000,2242,1043,1019,180
549,474626655,azul,vermelho,mcts,vermelho,1,3,16,90,0,90.0000,0.0667,2266,821,1265,180
549,474626655,azul,azul,mcts,vermelho,0,-3,16,60,120,0.5000,0.0667,1720,707,893,120
550,1347717309,verde,verde,mcts,vermelho,0,-3,35,90,120,0.7500,0.0000,2076,1007,889,180
550,1347717309,verde,vermelho,mcts,vermelho,1,3,35,30,0,30.0000,0.2000,1300,219,1021,60
550,1347717309,verde,azul,mcts,vermelho,0,-3,35,120,120,1.0000,0.0294,3304,1215,1849,240
551,1940104168,vermelho,verde,mcts,vermelho,0,-3,29,90,120,0.7500,0.0000,2035,1035,820,180
551,1940104168,vermelho,vermelho,mcts,vermelho,1,3,29,30,30,1.0000,0.0000,1182,186,936,60
551,1940104168,vermelho,azul,mcts,vermelho,0,-3,29,150,120,1.2500,0.0000,3843,1647,1896,300
552,1153931505,azul,verde,mcts,azul,0,-3,15,150,120,1.2500,0.2143,3544,1737,1507,300
552,1153931505,azul,vermelho,mcts,azul,0,-3,15,90,120,0.7500,0.0000,2677,1317,1120,240
552,1153931505,azul,azul,mcts,azul,1,3,15,30,30,1.0000,0.0000,920,181,679,60
553,2144325616,verde,verde,mcts,verde,1,3,24,30,30,1.0000,0.0000,1071,145,866,60
553,2144325616,verde,vermelho,mcts,verde,0,-3,24,90,120,0.7500,0.0000,2683,1258,1185,240
553,2144325616,verde,azul,mcts,verde,0,-3,24,150,120,1.2500,0.0435,3677,1632,1745,300
554,30024536,vermelho,verde,mcts,vermelho,0,-3,16,90,120,0.7500,0.0000,1966,973,813,180
554,30024536,vermelho,vermelho,mcts,vermelho,1,3,16,30,30,1.0000,0.0000,869,132,677,60
554,30024536,vermelho,azul,mcts,vermelho,0,-3,16,150,120,1.2500,0.0667,3224,1569,1355,300
555,1910399178,azul,verde,mcts,verde,1,3,19,30,30,1.0000,0.0556,884,103,721,60
555,1910399178,azul,vermelho,mcts,verde,0,-3,19,150,120,1.2500,0.0588,3318,1589,1429,300
555,1910399178,azul,azul,mcts,verde,0,-3,19,90,120,0.7500,0.0000,2568,1447,881,240
556,1783435411,verde,verde,mcts,vermelho,0,-3,20,90,120,0.7500,0.0000,2049,1033,836,180
556,1783435411,verde,vermelho,mcts,vermelho,1,3,20,30,60,0.5000,0.2000,2055,488,1387,180
556,1783435411,verde,azul,mcts,vermelho,0,-3,20,180,120,1.5000,0.0000,4216,2012,1844,360
557,2033767092,vermelho,verde,mcts,verde,1,3,16,30,0,30.0000,0.2000,922,172,690,60
557,2033767092,vermelho,vermelho,mcts,verde,0,-3,16,120,120,1.0000,0.0667,2692,1193,1259,240
557,2033767092,vermelho,azul,mcts,verde,0,-3,16,90,120,0.7500,0.1429,1958,1022,756,180
558,1903858974,azul,verde,mcts,verde,1,3,26,30,0,30.0000,0.1200,1211,241,910,60
558,1903858974,azul,vermelho,mcts,verde,0,-3,26,90,120,0.7500,0.0000,2035,1024,831,180
558,1903858974,azul,azul,mcts,verde,0,-3,26,120,120,1.0000,0.0400,3113,1182,1691,240
559,1761344236,verde,verde,mcts,vermelho,0,-3,16,90,120,0.7500,0.0000,2779,1351,1188,240
559,1761344236,verde,vermelho,mcts,vermelho,1,3,16,30,30,1.0000,0.1250,976,205,711,60
559,1761344236,verde,azul,mcts,vermelho,0,-3,16,150,120,1.2500,0.0000,3637,1732,1605,300
560,822547579,vermelho,verde,mcts,vermelho,0,-3,33,90,120,0.7500,0.0000,2118,1076,862,180
560,822547579,vermelho,vermelho,mcts,vermelho,1,3,33,30,0,30.0000,0.0606,1318,142,1116,60
560,822547579,vermelho,azul,mcts,vermelho,0,-3,33,120,120,1.0000,0.0313,3025,1125,1660,240
561,369036526,azul,verde,mcts,vermelho,0,-3,61,150,120,1.2500,0.0500,4587,1696,2591,300
561,369036526,azul,vermelho,mcts,vermelho,1,3,61,60,30,2.0000,0.0000,1655,293,1242,120
561,369036526,azul,azul,mcts,vermelho,0,-3,61,60,120,0.5000,0.0000,2086,1086,820,180
562,385294681,verde,verde,mcts,vermelho,0,-3,19,90,120,0.7500,0.0000,2012,1012,820,180
562,385294681,verde,vermelho,mcts,vermelho,1,3,19,30,0,30.0000,0.0526,1007,229,718,60
562,385294681,verde,azul,mcts,vermelho,0,-3,19,120,120,1.0000,0.0556,2887,1193,1454,240
563,1351163531,vermelho,verde,mcts,azul,0,-3,28,60,120,0.5000,0.0000,2122,1123,819,180
563,1351163531,vermelho,vermelho,mcts,azul,0,-3,28,150,120,1.2500,0.1786,3885,1697,1888,300
563,1351163531,vermelho,azul,mcts,azul,1,3,28,60,30,2.0000,0.0000,1823,467,1236,120
564,788961864,azul,verde,mcts,vermelho,0,-3,25,150,120,1.2500,0.0417,3740,1671,1769,300
564,788961864,azul,vermelho,mcts,vermelho,1,3,25,60,30,2.0000,0.0000,1742,450,1172,120
564,788961864,azul,azul,mcts,vermelho,0,-3,25,60,120,0.5000,0.0000,2078,1086,812,180
565,503141246,verde,verde,mcts,azul,0,-3,48,90,120,0.7500,0.2857,1985,994,811,180
565,503141246,verde,vermelho,mcts,azul,0,-3,48,150,120,1.2500,0.0208,4355,1731,2324,300
565,503141246,verde,azul,mcts,azul,1,3,48,30,30,1.0000,0.0833,1572,95,1417,60
566,1238521743,vermelho,verde,mcts,verde,1,3,18,30,0,30.0000,0.0000,918,131,727,60
566,1238521743,vermelho,vermelho,mcts,verde,0,-3,18,120,110,1.0909,0.1176,2618,1064,1314,240
566,1238521743,vermelho,azul,mcts,verde,0,-3,18,80,120,0.6667,0.1000,2012,1103,729,180
567,885807520,azul,verde,mcts,vermelho,0,-3,9,80,120,0.6667,0.0000,2729,1365,1124,240
567,885807520,azul,vermelho,mcts,vermelho,1,3,9,60,30,2.0000,0.0000,1454,483,851,120
567,885807520,azul,azul,mcts,vermelho,0,-3,9,120,110,1.0909,0.5000,2789,1466,1083,240
568,267902503,verde,verde,mcts,verde,1,3,12,30,30,1.0000,0.0833,880,213,607,60
568,267902503,verde,vermelho,mcts,verde,0,-3,12,150,120,1.2500,0.0909,3427,1648,1479,300
568,267902503,verde,azul,mcts,verde,0,-3,12,90,120,0.7500,0.0000,1991,1012,799,180
569,1922683726,vermelho,verde,mcts,vermelho,0,-3,24,120,120,1.0000,0.0435,2886,1182,1464,240
569,1922683726,vermelho,vermelho,mcts,vermelho,1,3,24,30,0,30.0000,0.0417,1205,227,918,60
569,1922683726,vermelho,azul,mcts,vermelho,0,-3,24,90,120,0.7500,0.0000,2010,990,840,180
570,2065365347,azul,verde,mcts,azul,0,-3,27,120,120,1.0000,0.0385,2921,1165,1516,240
570,2065365347,azul,vermelho,mcts,azul,0,-3,27,90,120,0.7500,0.0000,1919,983,756,180
570,2065365347,azul,azul,mcts,azul,1,3,27,30,0,30.0000,0.1852,1202,169,973,60
571,322353062,verde,verde,mcts,empate,0,-1,100,0,0,0.0000,0.0000,2554,0,2554,0
571,322353062,verde,vermelho,mcts,empate,0,-1,100,0,0,0.0000,0.0000,2085,48,2037,0
571,322353062,verde,azul,mcts,empate,0,-1,100,0,0,0.0000,0.0000,1958,48,1910,0
572,1785633287,vermelho,verde,mcts,vermelho,0,-3,28,90,120,0.7500,0.0000,2019,1017,822,180
572,1785633287,vermelho,vermelho,mcts,vermelho,1,3,28,30,0,30.0000,0.0714,1291,231,1000,60
572,1785633287,vermelho,azul,mcts,vermelho,0,-3,28,120,120,1.0000,0.0000,3098,1203,1655,240
573,753257138,azul,verde,mcts,azul,0,-3,13,60,120,0.5000,0.1000,1564,760,684,120
573,753257138,azul,vermelho,mcts,azul,0,-3,13,150,120,1.2500,0.0000,3847,2211,1336,300
573,753257138,azul,azul,mcts,azul,1,3,13,90,60,1.5000,0.0000,2392,1043,1169,180
574,1429681041,verde,verde,mcts,azul,0,-3,24,90,120,0.7500,0.0000,2003,932,891,180
574,1429681041,verde,vermelho,mcts,azul,0,-3,24,150,110,1.3636,0.0417,3472,1591,1581,300
574,1429681041,verde,azul,mcts,azul,1,3,24,20,30,0.6667,0.0000,1069,240,769,60
575,599050119,vermelho,verde,mcts,empate,0,-1,100,0,0,0.0000,0.0000,1996,49,1947,0
575,599050119,vermelho,vermelho,mcts,empate,0,-1,100,0,0,0.0000,0.0000,2566,0,2566,0
575,599050119,vermelho,azul,mcts,empate,0,-1,100,0,0,0.0000,0.0000,2006,48,1958,0
576,880987394,azul,verde,mcts,azul,0,-3,21,120,120,1.0000,0.1000,3421,1474,1647,300
576,880987394,azul,vermelho,mcts,azul,0,-3,21,90,120,0.7500,0.0000,2662,1324,1098,240
576,880987394,azul,azul,mcts,azul,1,3,21,30,0,30.0000,0.0000,1007,132,815,60
577,1671317880,verde,verde,mcts,verde,1,3,19,30,0,30.0000,0.0000,1109,248,801,60
577,1671317880,verde,vermelho,mcts,verde,0,-3,19,90,120,0.7500,0.0000,2125,1066,879,180
577,1671317880,verde,azul,mcts,verde,0,-3,19,120,120,1.0000,0.1667,2994,1270,1484,240
578,1667218631,vermelho,verde,mcts,verde,1,3,33,30,0,30.0000,0.1875,1320,222,1038,60
578,1667218631,vermelho,vermelho,mcts,verde,0,-3,33,120,120,1.0000,0.0000,3371,1282,1849,240
578,1667218631,vermelho,azul,mcts,verde,0,-3,33,90,120,0.7500,0.0833,2242,1062,1000,180
579,1360865676,azul,verde,mcts,vermelho,0,-3,18,90,120,0.7500,0.0000,2085,1012,893,180
579,1360865676,azul,vermelho,mcts,vermelho,1,3,18,30,30,1.0000,0.1765,924,133,731,60
579,1360865676,azul,azul,mcts,vermelho,0,-3,18,150,120,1.2500,0.1176,3363,1566,1497,300
580,969768113,verde,verde,mcts,verde,1,3,30,30,0,30.0000,0.1333,1217,132,1025,60
580,969768113,verde,vermelho,mcts,verde,0,-3,30,120,120,1.0000,0.0690,3269,1264,1765,240
580,969768113,verde,azul,mcts,verde,0,-3,30,90,120,0.7500,0.0000,2134,1060,894,180
581,828045317,vermelho,verde,mcts,azul,0,-3,38,120,120,1.0000,0.0811,4689,2041,2288,360
581,828045317,vermelho,vermelho,mcts,azul,0,-3,38,90,120,0.7500,0.0000,2769,1375,1154,240
581,828045317,vermelho,azul,mcts,azul,1,3,38,30,0,30.0000,0.1053,1969,328,1521,120
582,1609858943,azul,verde,mcts,vermelho,0,-3,24,90,120,0.7500,0.0000,2046,977,889,180
582,1609858943,azul,vermelho,mcts,vermelho,1,3,24,30,0,30.0000,0.0435,1122,173,889,60
582,1609858943,azul,azul,mcts,vermelho,0,-3,24,120,120,1.0000,0.0870,3291,1493,1498,300
583,657787211,verde,verde,mcts,vermelho,0,-3,41,90,120,0.7500,0.0000,2251,971,1100,180
583,657787211,verde,vermelho,mcts,vermelho,1,3,41,30,30,1.0000,0.1463,1343,124,1159,60
583,657787211,verde,azul,mcts,vermelho,0,-3,41,150,120,1.2500,0.0500,3718,1498,1920,300
584,1500741286,vermelho,verde,mcts,azul,0,-3,15,150,120,1.2500,0.0000,3693,1761,1632,300
584,1500741286,vermelho,vermelho,mcts,azul,0,-3,15,60,120,0.5000,0.0000,2255,1056,1019,180
584,1500741286,vermelho,azul,mcts,azul,1,3,15,90,60,1.5000,0.0667,2953,1156,1557,240
585,1216752255,azul,verde,mcts,verde,1,3,12,60,0,60.0000,0.0000,1495,458,917,120
585,1216752255,azul,vermelho,mcts,verde,0,-3,12,90,120,0.7500,0.0000,1948,974,794,180
585,1216752255,azul,azul,mcts,verde,0,-3,12,90,120,0.7500,0.0000,1959,958,821,180
586,170355655,verde,verde,mcts,azul,0,-3,15,90,120,0.7500,0.0000,2047,1027,840,180
586,170355655,verde,vermelho,mcts,azul,0,-3,15,150,120,1.2500,0.1333,3390,1597,1493,300
586,170355655,verde,azul,mcts,azul,1,3,15,30,30,1.0000,0.0667,862,128,674,60
587,522938142,vermelho,verde,mcts,verde,1,3,24,30,30,1.0000,0.0000,910,113,737,60
587,522938142,vermelho,vermelho,mcts,verde,0,-3,24,150,120,1.2500,0.0870,3674,1686,1688,300
587,522938142,vermelho,azul,mcts,verde,0,-3,24,90,120,0.7500,0.0000,2061,1033,848,180
588,1224265644,azul,verde,mcts,verde,1,3,26,30,0,30.0000,0.0800,1162,205,897,60
588,1224265644,azul,vermelho,mcts,verde,0,-3,26,90,120,0.7500,0.1000,2159,956,1023,180
588,1224265644,azul,azul,mcts,verde,0,-3,26,120,120,1.0000,0.0000,3503,1611,1592,300
589,2071903378,verde,verde,mcts,azul,0,-3,41,120,110,1.0909,0.0976,3530,1272,2018,240
589,2071903378,verde,vermelho,mcts,azul,0,-3,41,80,120,0.6667,0.0000,2698,1339,1119,240
589,2071903378,verde,azul,mcts,azul,1,3,41,30,0,30.0000,0.0732,1552,184,1308,60
590,239551354,vermelho,verde,mcts,verde,1,3,10,30,30,1.0000,0.0000,799,193,546,60
590,239551354,vermelho,vermelho,mcts,verde,0,-3,10,90,120,0.7500,0.0000,2681,1376,1065,240
590,239551354,vermelho,azul,mcts,verde,0,-3,10,150,120,1.2500,0.0000,3442,1694,1448,300
591,1331453486,azul,verde,mcts,azul,0,-3,39,90,120,0.7500,0.3333,2703,1295,1168,240
591,1331453486,azul,vermelho,mcts,azul,0,-3,39,150,120,1.2500,0.0526,4120,1720,2100,300
591,1331453486,azul,azul,mcts,azul,1,3,39,30,30,1.0000,0.0513,1864,250,1494,120
592,700635290,verde,verde,mcts,azul,0,-3,12,150,120,1.2500,0.0000,3472,1638,1534,300
592,700635290,verde,vermelho,mcts,azul,0,-3,12,90,120,0.7500,0.0000,2092,1044,868,180
592,700635290,verde,azul,mcts,azul,1,3,12,30,30,1.0000,0.0000,860,179,621,60
593,1793610634,vermelho,verde,mcts,verde,1,3,13,60,60,1.0000,0.0000,1522,486,916,120
593,1793610634,vermelho,vermelho,mcts,verde,0,-3,13,180,120,1.5000,0.1667,3837,1878,1599,360
593,1793610634,vermelho,azul,mcts,verde,0,-3,13,60,120,0.5000,0.0000,1950,1089,681,180
594,1428201362,azul,verde,mcts,vermelho,0,-3,13,90,120,0.7500,0.0000,2003,1029,794,180
594,1428201362,azul,vermelho,mcts,vermelho,1,3,13,30,30,1.0000,0.0833,883,208,615,60
594,1428201362,azul,azul,mcts,vermelho,0,-3,13,150,120,1.2500,0.1667,3317,1622,1395,300
595,40425461,verde,verde,mcts,empate,0,-1,100,0,0,0.0000,0.0100,2597,0,2597,0
595,40425461,verde,vermelho,mcts,empate,0,-1,100,90,120,0.7500,0.0000,2167,1063,924,180
595,40425461,verde,azul,mcts,empate,0,-1,100,120,90,1.3333,0.0000,3965,1268,2457,240
596,1462276455,vermelho,verde,mcts,azul,0,-3,13,30,120,0.2500,0.0000,1174,831,283,60
596,1462276455,vermelho,vermelho,mcts,azul,0,-3,13,150,120,1.2500,0.0000,3494,1684,1510,300
596,1462276455,vermelho,azul,mcts,azul,1,3,13,150,90,1.6667,0.0000,3388,1357,1731,300
597,2054249709,azul,verde,mcts,vermelho,0,-3,16,70,120,0.5833,0.4286,1915,1054,681,180
597,2054249709,azul,vermelho,mcts,vermelho,1,3,16,30,30,1.0000,0.0000,924,190,674,60
597,2054249709,azul,azul,mcts,vermelho,0,-3,16,150,100,1.5000,0.3333,3307,1589,1418,300
598,630302914,verde,verde,mcts,vermelho,0,-3,20,120,120,1.0000,0.0000,3033,1279,1514,240
598,630302914,verde,vermelho,mcts,vermelho,1,3,20,30,0,30.0000,0.0500,1068,189,819,60
598,630302914,verde,azul,mcts,vermelho,0,-3,20,90,120,0.7500,0.0000,2191,1064,947,180
599,1951134645,vermelho,verde,mcts,azul,0,-3,21,90,120,0.7500,0.0000,2113,1097,836,180
599,1951134645,vermelho,vermelho,mcts,azul,0,-3,21,150,120,1.2500,0.0000,3780,1720,1760,300
599,1951134645,vermelho,azul,mcts,azul,1,3,21,30,30,1.0000,0.0000,999,187,752,60
600,1030142316,azul,verde,mcts,verde,1,3,20,30,30,1.0000,0.0000,1431,237,1074,120
600,1030142316,azul,vermelho,mcts,verde,0,-3,20,80,120,0.6667,0.0000,3051,1356,1395,300
600,1030142316,azul,azul,mcts,verde,0,-3,20,150,110,1.3636,0.1053,4668,2253,1995,420
601,1015889351,verde,verde,mcts,azul,0,-3,10,120,120,1.0000,0.0000,3335,1509,1526,300
601,1015889351,verde,vermelho,mcts,azul,0,-3,10,90,120,0.7500,0.0000,2680,1291,1149,240
601,1015889351,verde,azul,mcts,azul,1,3,10,30,0,30.0000,0.0000,809,180,569,60
602,205782876,vermelho,verde,mcts,azul,0,-3,11,150,120,1.2500,0.0000,3417,1657,1460,300
602,205782876,vermelho,vermelho,mcts,azul,0,-3,11,90,120,0.7500,0.0000,2043,1022,841,180
602,205782876,vermelho,azul,mcts,azul,1,3,11,30,30,1.0000,0.0000,877,220,597,60
603,1233340021,azul,verde,mcts,vermelho,0,-3,18,60,120,0.5000,0.0000,2100,1148,772,180
603,1233340021,azul,vermelho,mcts,vermelho,1,3,18,60,30,2.0000,0.0588,1603,461,1022,120
603,1233340021,azul,azul,mcts,vermelho,0,-3,18,150,120,1.2500,0.0000,3680,1729,1651,300
604,2014491557,verde,verde,mcts,verde,1,3,16,150,90,1.6667,0.0000,4203,2279,1624,300
604,2014491557,verde,vermelho,mcts,verde,0,-3,16,150,120,1.2500,0.0667,3802,2112,1390,300
604,2014491557,verde,azul,mcts,verde,0,-3,16,30,120,0.2500,0.0769,868,326,482,60
605,1314928140,vermelho,verde,mcts,azul,0,-3,19,90,120,0.7500,0.0000,2720,1326,1154,240
605,1314928140,vermelho,vermelho,mcts,azul,0,-3,19,120,120,1.0000,0.0526,3772,1689,1783,300
605,1314928140,vermelho,azul,mcts,azul,1,3,19,30,0,30.0000,0.1579,949,151,738,60
606,1869575208,azul,verde,mcts,vermelho,0,-3,22,150,120,1.2500,0.0952,3613,1687,1626,300
606,1869575208,azul,vermelho,mcts,vermelho,1,3,22,30,30,1.0000,0.0476,943,87,796,60
606,1869575208,azul,azul,mcts,vermelho,0,-3,22,90,120,0.7500,0.0000,2038,1009,849,180
607,412083840,verde,verde,mcts,verde,1,3,24,30,0,30.0000,0.0833,1134,168,906,60
607,412083840,verde,vermelho,mcts,verde,0,-3,24,90,120,0.7500,0.2857,2183,1067,936,180
607,412083840,verde,azul,mcts,verde,0,-3,24,120,120,1.0000,0.2174,3212,1345,1627,240
608,1705502126,vermelho,verde,mcts,verde,1,3,40,30,30,1.0000,0.0000,1207,92,1055,60
608,1705502126,vermelho,vermelho,mcts,verde,0,-3,40,150,120,1.2500,0.0769,4076,1738,2038,300
608,1705502126,vermelho,azul,mcts,verde,0,-3,40,90,120,0.7500,0.0000,2687,1433,1014,240
609,360032754,azul,verde,mcts,vermelho,0,-3,28,120,120,1.0000,0.0000,3085,1220,1625,240
609,360032754,azul,vermelho,mcts,vermelho,1,3,28,30,0,30.0000,0.0000,1135,120,955,60
609,360032754,azul,azul,mcts,vermelho,0,-3,28,90,120,0.7500,0.0000,2092,1028,884,180
610,1703396810,verde,verde,mcts,verde,1,3,19,90,60,1.5000,0.0526,2217,824,1213,180
610,1703396810,verde,vermelho,mcts,verde,0,-3,19,180,120,1.5000,0.2778,4066,1938,1768,360
610,1703396810,verde,azul,mcts,verde,0,-3,19,30,120,0.2500,0.0000,2110,1186,744,180
611,1813539174,vermelho,verde,mcts,verde,1,3,21,30,30,1.0000,0.1000,997,154,783,60
611,1813539174,vermelho,vermelho,mcts,verde,0,-3,21,90,100,0.9000,0.5000,1976,1034,762,180
611,1813539174,vermelho,azul,mcts,verde,0,-3,21,130,120,1.0833,0.1500,3672,1691,1681,300
612,1326081846,azul,verde,mcts,verde,1,3,22,30,30,1.0000,0.0000,876,173,643,60
612,1326081846,azul,vermelho,mcts,verde,0,-3,22,90,120,0.7500,0.0000,2135,1052,903,180
612,1326081846,azul,azul,mcts,verde,0,-3,22,150,120,1.2500,0.0476,3706,1678,1728,300
613,1251722137,verde,verde,mcts,empate,0,-1,100,0,0,0.0000,0.0100,1773,0,1773,0
613,1251722137,verde,vermelho,mcts,empate,0,-1,100,0,0,0.0000,0.0000,2051,49,2002,0
613,1251722137,verde,azul,mcts,empate,0,-1,100,0,0,0.0000,0.0000,1679,50,1629,0
614,279383135,vermelho,verde,mcts,empate,0,-1,100,120,90,1.3333,0.0101,3948,1111,2597,240
614,279383135,vermelho,vermelho,mcts,empate,0,-1,100,0,0,0.0000,0.0000,1246,0,1246,0
614,279383135,vermelho,azul,mcts,empate,0,-1,100,90,120,0.7500,0.2222,2722,1422,1060,240
615,2053490072,azul,verde,mcts,verde,1,3,17,30,0,30.0000,0.1875,960,175,725,60
615,2053490072,azul,vermelho,mcts,verde,0,-3,17,120,120,1.0000,0.0000,2863,1238,1385,240
615,2053490072,azul,azul,mcts,verde,0,-3,17,90,120,0.7500,0.0000,2052,1032,840,180
616,469087286,verde,verde,mcts,verde,1,3,14,30,30,1.0000,0.0714,906,204,642,60
616,469087286,verde,vermelho,mcts,verde,0,-3,14,90,110,0.8182,0.3750,2789,1358,1191,240
616,469087286,verde,azul,mcts,verde,0,-3,14,140,120,1.1667,0.1538,3557,1715,1542,300
617,244808538,vermelho,verde,mcts,verde,1,3,31,30,30,1.0000,0.0333,1190,111,1019,60
617,244808538,vermelho,vermelho,mcts,verde,0,-3,31,90,120,0.7500,0.0667,2044,963,901,180
617,244808538,vermelho,azul,mcts,verde,0,-3,31,150,120,1.2500,0.0000,3511,1527,1684,300
618,1697912004,azul,verde,mcts,verde,1,3,10,30,0,30.0000,0.0000,811,205,546,60
618,1697912004,azul,vermelho,mcts,verde,0,-3,10,90,120,0.7500,0.0000,2692,1272,1180,240
618,1697912004,azul,azul,mcts,verde,0,-3,10,120,120,1.0000,0.0000,2753,1255,1258,240
619,1196957329,verde,verde,mcts,vermelho,0,-3,15,90,120,0.7500,0.0000,1962,1017,765,180
619,1196957329,verde,vermelho,mcts,vermelho,1,3,15,30,0,30.0000,0.0000,947,212,675,60
619,1196957329,verde,azul,mcts,vermelho,0,-3,15,120,120,1.0000,0.0000,2855,1257,1358,240
620,279705624,vermelho,verde,mcts,vermelho,0,-3,16,120,120,1.0000,0.0000,2854,1222,1392,240
620,279705624,vermelho,vermelho,mcts,vermelho,1,3,16,30,0,30.0000,0.0000,916,164,692,60
620,279705624,vermelho,azul,mcts,vermelho,0,-3,16,90,120,0.7500,0.0000,2063,1004,879,180
621,440487415,azul,verde,mcts,verde,1,3,20,30,0,30.0000,0.1053,959,135,764,60
621,440487415,azul,vermelho,mcts,verde,0,-3,20,90,120,0.7500,0.0000,2102,1052,870,180
621,440487415,azul,azul,mcts,verde,0,-3,20,120,120,1.0000,0.0526,3045,1275,1530,240
622,532420518,verde,verde,mcts,azul,0,-3,9,90,120,0.7500,0.0000,1991,979,832,180
622,532420518,verde,vermelho,mcts,azul,0,-3,9,120,120,1.0000,0.0000,2484,1113,1131,240
622,532420518,verde,azul,mcts,azul,1,3,9,30,0,30.0000,0.0000,837,226,551,60
623,1534020729,vermelho,verde,mcts,vermelho,0,-3,14,180,120,1.5000,0.0000,4033,2016,1657,360
623,1534020729,vermelho,vermelho,mcts,vermelho,1,3,14,30,60,0.5000,0.0714,1288,216,952,120
623,1534020729,vermelho,azul,mcts,vermelho,0,-3,14,90,120,0.7500,0.0000,2058,1038,840,180
624,1330977352,azul,verde,mcts,verde,1,3,15,30,30,1.0000,0.0000,947,206,681,60
624,1330977352,azul,vermelho,mcts,verde,0,-3,15,150,120,1.2500,0.0000,3529,1681,1548,300
624,1330977352,azul,azul,mcts,verde,0,-3,15,90,120,0.7500,0.0000,2114,1042,892,180
625,1339491093,verde,verde,mcts,azul,0,-3,18,150,120,1.2500,0.2222,3490,1609,1581,300
625,1339491093,verde,vermelho,mcts,azul,0,-3,18,90,120,0.7500,0.0000,2073,1050,843,180
625,1339491093,verde,azul,mcts,azul,1,3,18,30,30,1.0000,0.0556,972,181,731,60
626,2136906327,vermelho,verde,mcts,vermelho,0,-3,18,80,120,0.6667,0.0000,2133,1114,839,180
626,2136906327,vermelho,vermelho,mcts,vermelho,1,3,18,30,0,30.0000,0.0000,984,164,760,60
626,2136906327,vermelho,azul,mcts,vermelho,0,-3,18,120,110,1.0909,0.2353,2921,1226,1455,240
627,523294266,azul,verde,mcts,verde,1,3,21,30,0,30.0000,0.0500,898,80,758,60
627,523294266,azul,vermelho,mcts,verde,0,-3,21,90,120,0.7500,0.0000,2073,1028,865,180
627,523294266,azul,azul,mcts,verde,0,-3,21,120,120,1.0000,0.0000,3021,1219,1562,240
628,1234858072,verde,verde,mcts,vermelho,0,-3,27,60,120,0.5000,0.0000,2027,1205,642,180
628,1234858072,verde,vermelho,mcts,vermelho,1,3,27,60,30,2.0000,0.0741,1697,395,1182,120
628,1234858072,verde,azul,mcts,vermelho,0,-3,27,150,120,1.2500,0.0000,3504,1538,1666,300
629,130403733,vermelho,verde,mcts,verde,1,3,18,30,0,30.0000,0.1176,1000,194,746,60
629,130403733,vermelho,vermelho,mcts,verde,0,-3,18,120,120,1.0000,0.0000,2944,1217,1487,240
629,130403733,vermelho,azul,mcts,verde,0,-3,18,90,120,0.7500,0.0000,2084,1036,868,180
630,444026286,azul,verde,mcts,azul,0,-3,12,120,120,1.0000,0.0909,2617,1189,1188,240
630,444026286,azul,vermelho,mcts,azul,0,-3,12,90,120,0.7500,0.0000,1919,983,756,180
630,444026286,azul,azul,mcts,azul,1,3,12,30,0,30.0000,0.0833,850,195,595,60
631,1706054446,verde,verde,mcts,verde,1,3,20,30,60,0.5000,0.0500,2060,514,1366,180
631,1706054446,verde,vermelho,mcts,verde,0,-3,20,180,100,1.8000,0.2632,4320,2041,1919,360
631,1706054446,verde,azul,mcts,verde,0,-3,20,70,120,0.5833,0.0000,2265,1188,897,180
632,1251267710,vermelho,verde,mcts,azul,0,-3,17,90,120,0.7500,0.0000,2057,1023,854,180
632,1251267710,vermelho,vermelho,mcts,azul,0,-3,17,150,120,1.2500,0.0000,3564,1640,1624,300
632,1251267710,vermelho,azul,mcts,azul,1,3,17,30,30,1.0000,0.0000,964,180,724,60
633,1966057535,azul,verde,mcts,azul,0,-3,18,120,120,1.0000,0.3529,2908,1238,1430,240
633,1966057535,azul,vermelho,mcts,azul,0,-3,18,90,120,0.7500,0.0000,1987,1004,803,180
633,1966057535,azul,azul,mcts,azul,1,3,18,30,0,30.0000,0.0000,994,189,745,60
634,1965943761,verde,verde,mcts,azul,0,-3,13,90,120,0.7500,0.0000,2061,976,905,180
634,1965943761,verde,vermelho,mcts,azul,0,-3,13,120,120,1.0000,0.0769,2655,1173,1242,240
634,1965943761,verde,azul,mcts,azul,1,3,13,30,0,30.0000,0.1538,869,189,620,60
635,768926301,vermelho,verde,mcts,empate,0,-1,100,0,0,0.0000,0.4747,2066,48,2018,0
635,768926301,vermelho,vermelho,mcts,empate,0,-1,100,0,0,0.0000,0.0500,2491,0,2491,0
635,768926301,vermelho,azul,mcts,empate,0,-1,100,0,0,0.0000,0.0100,2066,47,2019,0
636,1881604470,azul,verde,mcts,vermelho,0,-3,14,150,120,1.2500,0.0769,3299,1567,1432,300
636,1881604470,azul,vermelho,mcts,vermelho,1,3,14,30,30,1.0000,0.0000,888,176,652,60
636,1881604470,azul,azul,mcts,vermelho,0,-3,14,90,120,0.7500,0.0000,2143,1040,923,180
637,1256005152,verde,verde,mcts,vermelho,0,-3,20,90,120,0.7500,0.0000,2878,1234,1404,240
637,1256005152,verde,vermelho,mcts,vermelho,1,3,20,30,30,1.0000,0.0500,1092,214,818,60
637,1256005152,verde,azul,mcts,vermelho,0,-3,20,150,120,1.2500,0.0000,3688,1648,1740,300
638,866370088,vermelho,verde,mcts,azul,0,-3,16,130,120,1.0833,0.0667,4024,2208,1516,300
638,866370088,vermelho,vermelho,mcts,azul,0,-3,16,120,110,1.0909,0.2857,3185,1716,1229,240
638,866370088,vermelho,azul,mcts,azul,1,3,16,70,90,0.7778,0.0000,2753,942,1571,240
639,453976170,azul,verde,mcts,empate,0,-1,100,120,90,1.3333,0.0202,3862,1193,2429,240
639,453976170,azul,vermelho,mcts,empate,0,-1,100,90,120,0.7500,0.0000,2014,1016,818,180
639,453976170,azul,azul,mcts,empate,0,-1,100,0,0,0.0000,0.0000,1857,0,1857,0
640,960568082,verde,verde,mcts,verde,1,3,18,30,30,1.0000,0.1667,969,174,735,60
640,960568082,verde,vermelho,mcts,verde,0,-3,18,150,120,1.2500,0.0588,3674,1723,1651,300
640,960568082,verde,azul,mcts,verde,0,-3,18,90,120,0.7500,0.0000,2063,1047,836,180
641,1262463845,vermelho,verde,mcts,verde,1,3,21,30,0,30.0000,0.1500,1060,190,810,60
641,1262463845,vermelho,vermelho,mcts,verde,0,-3,21,120,120,1.0000,0.0000,2806,1134,1432,240
641,1262463845,vermelho,azul,mcts,verde,0,-3,21,90,120,0.7500,0.1000,2654,1232,1182,240
642,1248811076,azul,verde,mcts,verde,1,3,13,60,60,1.0000,0.0000,1534,507,907,120
642,1248811076,azul,vermelho,mcts,verde,0,-3,13,170,120,1.4167,0.0000,4235,2123,1752,360
642,1248811076,azul,azul,mcts,verde,0,-3,13,60,110,0.5455,0.2857,2164,1170,814,180
643,1493478306,verde,verde,mcts,azul,0,-3,17,90,120,0.7500,0.1667,2684,1249,1195,240
643,1493478306,verde,vermelho,mcts,azul,0,-3,17,120,120,1.0000,0.0000,3610,1579,1731,300
643,1493478306,verde,azul,mcts,azul,1,3,17,30,0,30.0000,0.0588,994,195,739,60
644,665279136,vermelho,verde,mcts,azul,0,-3,13,90,120,0.7500,0.1111,2210,1057,973,180
644,665279136,vermelho,vermelho,mcts,azul,0,-3,13,120,120,1.0000,0.0769,2900,1287,1373,240
644,665279136,vermelho,azul,mcts,azul,1,3,13,30,0,30.0000,0.1538,835,178,597,60
645,218716618,azul,verde,mcts,verde,1,3,43,30,30,1.0000,0.0476,2144,520,1504,120
645,218716618,azul,vermelho,mcts,verde,0,-3,43,150,120,1.2500,0.0000,3834,1482,2052,300
645,218716618,azul,azul,mcts,verde,0,-3,43,90,120,0.7500,0.0000,1893,966,747,180
646,640258826,verde,verde,mcts,azul,0,-3,14,90,120,0.7500,0.1429,2129,1065,884,180
646,640258826,verde,vermelho,mcts,azul,0,-3,14,120,120,1.0000,0.1429,2866,1221,1405,240
646,640258826,verde,azul,mcts,azul,1,3,14,30,0,30.0000,0.0000,852,144,648,60
647,1496625869,vermelho,verde,mcts,azul,0,-3,16,90,120,0.7500,0.3333,1932,995,757,180
647,1496625869,vermelho,vermelho,mcts,azul,0,-3,16,120,120,1.0000,0.0625,2667,1125,1302,240
647,1496625869,vermelho,azul,mcts,azul,1,3,16,30,0,30.0000,0.0000,920,191,669,60
648,129953772,azul,verde,mcts,azul,0,-3,17,90,120,0.7500,0.1667,2028,1081,767,180
648,129953772,azul,vermelho,mcts,azul,0,-3,17,150,120,1.2500,0.0000,3328,1555,1473,300
648,129953772,azul,azul,mcts,azul,1,3,17,30,30,1.0000,0.1176,930,178,692,60
649,198795325,verde,verde,mcts,azul,0,-3,21,150,120,1.2500,0.0000,3406,1548,1558,300
649,198795325,verde,vermelho,mcts,azul,0,-3,21,90,120,0.7500,0.0000,1991,987,824,180
649,198795325,verde,azul,mcts,azul,1,3,21,30,30,1.0000,0.0476,1090,251,779,60
650,1092198279,vermelho,verde,mcts,verde,1,3,19,30,30,1.0000,0.0000,935,155,720,60
650,1092198279,vermelho,vermelho,mcts,verde,0,-3,19,140,110,1.2727,0.1111,3258,1539,1419,300
650,1092198279,vermelho,azul,mcts,verde,0,-3,19,80,110,0.7273,0.5714,1957,1056,721,180
651,779591759,azul,verde,mcts,verde,1,3,21,30,30,1.0000,0.1000,916,129,727,60
651,779591759,azul,vermelho,mcts,verde,0,-3,21,150,120,1.2500,0.0526,3557,1631,1626,300
651,779591759,azul,azul,mcts,verde,0,-3,21,90,120,0.7500,0.0000,2089,1019,890,180
652,1317852308,verde,verde,mcts,empate,0,-1,100,0,0,0.0000,0.0000,2531,0,2531,0
652,1317852308,verde,vermelho,mcts,empate,0,-1,100,0,0,0.0000,0.4900,2013,49,1964,0
652,1317852308,verde,azul,mcts,empate,0,-1,100,0,0,0.0000,0.0000,2023,49,1974,0
653,1288168034,vermelho,verde,mcts,vermelho,0,-3,10,120,120,1.0000,0.0000,2707,1220,1247,240
653,1288168034,vermelho,vermelho,mcts,vermelho,1,3,10,30,0,30.0000,0.0000,1647,624,903,120
653,1288168034,vermelho,azul,mcts,vermelho,0,-3,10,90,120,0.7500,0.1250,2108,1032,896,180
654,770170329,azul,verde,mcts,azul,0,-3,14,120,120,1.0000,0.0000,2804,1222,1342,240
654,770170329,azul,vermelho,mcts,azul,0,-3,14,90,120,0.7500,0.0000,1978,1028,770,180
654,770170329,azul,azul,mcts,azul,1,3,14,30,0,30.0000,0.0714,910,191,659,60
655,1802537942,verde,verde,mcts,azul,0,-3,18,120,120,1.0000,0.0000,2993,1253,1500,240
655,1802537942,verde,vermelho,mcts,azul,0,-3,18,90,120,0.7500,0.0000,2102,1025,897,180
655,1802537942,verde,azul,mcts,azul,1,3,18,30,0,30.0000,0.0556,1005,189,756,60
656,714072783,vermelho,verde,mcts,verde,1,3,13,30,60,0.5000,0.0833,1360,343,897,120
656,714072783,vermelho,vermelho,mcts,verde,0,-3,13,180,120,1.5000,0.0833,4057,1994,1703,360
656,714072783,vermelho,azul,mcts,verde,0,-3,13,90,120,0.7500,0.0000,2082,1020,882,180
657,1894773843,azul,verde,mcts,vermelho,0,-3,13,120,120,1.0000,0.0000,2521,1112,1169,240
657,1894773843,azul,vermelho,mcts,vermelho,1,3,13,30,0,30.0000,0.0833,892,245,587,60
657,1894773843,azul,azul,mcts,vermelho,0,-3,13,90,120,0.7500,0.0000,1945,984,781,180
658,1299649723,verde,verde,mcts,verde,1,3,26,30,30,1.0000,0.0385,1162,183,919,60
658,1299649723,verde,vermelho,mcts,verde,0,-3,26,150,120,1.2500,0.0000,4227,1927,1940,360
658,1299649723,verde,azul,mcts,verde,0,-3,26,90,120,0.7500,0.0000,2136,988,968,180
659,951999122,vermelho,verde,mcts,azul,0,-3,25,120,120,1.0000,0.0000,3118,1307,1571,240
659,951999122,vermelho,vermelho,mcts,azul,0,-3,25,90,120,0.7500,0.0000,2130,1079,871,180
659,951999122,vermelho,azul,mcts,azul,1,3,25,30,0,30.0000,0.0800,1115,155,900,60
660,2094539556,azul,verde,mcts,vermelho,0,-3,18,150,120,1.2500,0.0000,3208,1490,1418,300
660,2094539556,azul,vermelho,mcts,vermelho,1,3,18,30,30,1.0000,0.3529,985,182,743,60
660,2094539556,azul,azul,mcts,vermelho,0,-3,18,90,120,0.7500,0.0000,2789,1379,1170,240
661,1988806916,verde,verde,mcts,verde,1,3,17,30,30,1.0000,0.0000,997,190,747,60
661,1988806916,verde,vermelho,mcts,verde,0,-3,17,90,120,0.7500,0.0000,2256,1088,988,180
661,1988806916,verde,azul,mcts,verde,0,-3,17,150,120,1.2500,0.1250,3594,1703,1591,300
662,589686748,vermelho,verde,mcts,vermelho,0,-3,26,140,120,1.1667,0.2400,3768,1717,1751,300
662,589686748,vermelho,vermelho,mcts,vermelho,1,3,26,30,30,1.0000,0.0000,1137,148,929,60
662,589686748,vermelho,azul,mcts,vermelho,0,-3,26,90,110,0.8182,0.4000,2048,1058,810,180
663,2020755370,azul,verde,mcts,vermelho,0,-3,22,110,120,0.9167,0.2381,3661,1587,1774,300
663,2020755370,azul,vermelho,mcts,vermelho,1,3,22,30,0,30.0000,0.0476,1048,162,826,60
663,2020755370,azul,azul,mcts,vermelho,0,-3,22,90,110,0.8182,0.3333,1946,1019,747,180
664,880251236,verde,verde,mcts,verde,1,3,19,30,0,30.0000,0.0526,981,182,739,60
664,880251236,verde,vermelho,mcts,verde,0,-3,19,90,120,0.7500,0.0000,1945,1002,763,180
664,880251236,verde,azul,mcts,verde,0,-3,19,120,120,1.0000,0.0000,2667,1145,1282,240
665,495973414,vermelho,verde,mcts,azul,0,-3,17,90,120,0.7500,0.0000,2035,1055,800,180
665,495973414,vermelho,vermelho,mcts,azul,0,-3,17,150,120,1.2500,0.0000,3499,1659,1540,300
665,495973414,vermelho,azul,mcts,azul,1,3,17,30,30,1.0000,0.0000,982,202,720,60
666,984970438,azul,verde,mcts,verde,1,3,16,90,0,90.0000,0.0000,1971,561,1230,180
666,984970438,azul,vermelho,mcts,verde,0,-3,16,60,120,0.5000,0.0714,2000,878,942,180
666,984970438,azul,azul,mcts,verde,0,-3,16,90,120,0.7500,0.0000,2362,1462,720,180
667,220068118,verde,verde,mcts,vermelho,0,-3,22,90,120,0.7500,0.1429,2638,1386,1012,240
667,220068118,verde,vermelho,mcts,vermelho,1,3,22,30,0,30.0000,0.0000,1076,183,833,60
667,220068118,verde,azul,mcts,vermelho,0,-3,22,120,120,1.0000,0.1905,2938,1229,1469,240
668,1454005916,vermelho,verde,mcts,verde,1,3,33,30,30,1.0000,0.0000,1300,133,1107,60
668,1454005916,vermelho,vermelho,mcts,verde,0,-3,33,90,120,0.7500,0.1111,2221,1066,975,180
668,1454005916,vermelho,azul,mcts,verde,0,-3,33,150,120,1.2500,0.1563,3973,1697,1976,300
669,111536335,azul,verde,mcts,verde,1,3,20,60,30,2.0000,0.0000,1609,497,992,120
669,111536335,azul,vermelho,mcts,verde,0,-3,20,60,120,0.5000,0.0000,2862,1347,1275,240
669,111536335,azul,azul,mcts,verde,0,-3,20,150,120,1.2500,0.0000,3636,1704,1632,300
670,228923756,verde,verde,mcts,azul,0,-3,19,150,120,1.2500,0.0000,3673,1681,1692,300
670,228923756,verde,vermelho,mcts,azul,0,-3,19,90,120,0.7500,0.0000,2126,1061,885,180
670,228923756,verde,azul,mcts,azul,1,3,19,30,30,1.0000,0.0000,964,153,751,60
671,1575262061,vermelho,verde,mcts,vermelho,0,-3,18,90,120,0.7500,0.0000,2070,1001,889,180
671,1575262061,vermelho,vermelho,mcts,vermelho,1,3,18,30,0,30.0000,0.0556,1003,179,764,60
671,1575262061,vermelho,azul,mcts,vermelho,0,-3,18,120,120,1.0000,0.0000,2543,1056,1247,240
672,1373973555,azul,verde,mcts,verde,1,3,27,60,30,2.0000,0.0385,1800,460,1220,120
672,1373973555,azul,vermelho,mcts,verde,0,-3,27,150,120,1.2500,0.1200,3601,1540,1761,300
672,1373973555,azul,azul,mcts,verde,0,-3,27,60,120,0.5000,0.1111,2034,1024,830,180
673,192519457,verde,verde,mcts,empate,0,-1,100,90,120,0.7500,0.0000,2833,1402,1191,240
673,192519457,verde,vermelho,mcts,empate,0,-1,100,120,90,1.3333,0.4500,4997,1492,3205,300
673,192519457,verde,azul,mcts,empate,0,-1,100,0,0,0.0000,0.0000,2591,0,2591,0
674,944968278,vermelho,verde,mcts,verde,1,3,20,30,30,1.0000,0.0000,1010,174,776,60
674,944968278,vermelho,vermelho,mcts,verde,0,-3,20,150,120,1.2500,0.0526,3661,1672,1689,300
674,944968278,vermelho,azul,mcts,verde,0,-3,20,90,120,0.7500,0.0000,2013,1021,812,180
675,2011085058,azul,verde,mcts,vermelho,0,-3,18,90,120,0.7500,0.0000,2151,1030,941,180
675,2011085058,azul,vermelho,mcts,vermelho,1,3,18,30,30,1.0000,0.1765,908,160,688,60
675,2011085058,azul,azul,mcts,vermelho,0,-3,18,150,120,1.2500,0.0000,3588,1619,1669,300
676,88572083,verde,verde,mcts,azul,0,-3,11,150,120,1.2500,0.0909,3439,1647,1492,300
676,88572083,verde,vermelho,mcts,azul,0,-3,11,90,120,0.7500,0.0000,2045,1026,839,180
676,88572083,verde,azul,mcts,azul,1,3,11,30,30,1.0000,0.2727,908,245,603,60
677,1970560963,vermelho,verde,mcts,verde,1,3,28,60,30,2.0000,0.0370,1706,404,1182,120
677,1970560963,vermelho,vermelho,mcts,verde,0,-3,28,60,120,0.5000,0.4286,2715,1352,1123,240
677,1970560963,vermelho,azul,mcts,verde,0,-3,28,150,120,1.2500,0.0370,4474,2046,2068,360
678,307584755,azul,verde,mcts,vermelho,0,-3,12,90,120,0.7500,0.2000,2129,1017,932,180
678,307584755,azul,vermelho,mcts,vermelho,1,3,12,60,30,2.0000,0.0000,1712,730,862,120
678,307584755,azul,azul,mcts,vermelho,0,-3,12,120,120,1.0000,0.0000,3242,1890,1112,240
679,1869256894,verde,verde,mcts,verde,1,3,14,150,90,1.6667,0.0000,3458,1401,1757,300
679,1869256894,verde,vermelho,mcts,verde,0,-3,14,90,120,0.7500,0.0000,2810,1214,1356,240
679,1869256894,verde,azul,mcts,verde,0,-3,14,90,120,0.7500,0.0000,2489,1496,813,180
680,79134275,vermelho,verde,mcts,azul,0,-3,9,90,120,0.7500,0.0000,2031,1026,825,180
680,79134275,vermelho,vermelho,mcts,azul,0,-3,9,150,120,1.2500,0.2222,3418,1681,1437,300
680,79134275,vermelho,azul,mcts,azul,1,3,9,30,30,1.0000,0.0000,820,211,549,60
681,1664664159,azul,verde,mcts,empate,0,-1,100,0,0,0.0000,0.4646,1965,48,1917,0
681,1664664159,azul,vermelho,mcts,empate,0,-1,100,0,0,0.0000,0.0202,2546,0,2546,0
681,1664664159,azul,azul,mcts,empate,0,-1,100,0,0,0.0000,0.0000,2029,47,1982,0
682,460515643,verde,verde,mcts,vermelho,0,-3,13,120,120,1.0000,0.0000,2782,1213,1329,240
682,460515643,verde,vermelho,mcts,vermelho,1,3,13,30,0,30.0000,0.1538,871,181,630,60
682,460515643,verde,azul,mcts,vermelho,0,-3,13,90,120,0.7500,0.0000,2850,1426,1184,240
683,947373156,vermelho,verde,mcts,azul,0,-3,27,150,120,1.2500,0.1154,3752,1656,1796,300
683,947373156,vermelho,vermelho,mcts,azul,0,-3,27,90,120,0.7500,0.0000,2073,1020,873,180
683,947373156,vermelho,azul,mcts,azul,1,3,27,30,30,1.0000,0.0370,1164,138,966,60
684,2132834058,azul,verde,mcts,verde,1,3,30,30,30,1.0000,0.0345,1262,177,1025,60
684,2132834058,azul,vermelho,mcts,verde,0,-3,30,90,120,0.7500,0.0000,1987,1013,794,180
684,2132834058,azul,azul,mcts,verde,0,-3,30,150,120,1.2500,0.0000,3871,1668,1903,300
685,1519292891,verde,verde,mcts,azul,0,-3,25,150,120,1.2500,0.0000,3762,1653,1809,300
685,1519292891,verde,vermelho,mcts,azul,0,-3,25,90,120,0.7500,0.0000,2102,1020,902,180
685,1519292891,verde,azul,mcts,azul,1,3,25,30,30,1.0000,0.0400,1135,168,907,60
686,1220596411,vermelho,verde,mcts,vermelho,0,-3,33,90,120,0.7500,0.1667,2363,1021,1162,180
686,1220596411,vermelho,vermelho,mcts,vermelho,1,3,33,30,30,1.0000,0.0000,1261,92,1109,60
686,1220596411,vermelho,azul,mcts,vermelho,0,-3,33,150,120,1.2500,0.0000,3917,1656,1961,300
687,1048016289,azul,verde,mcts,verde,1,3,23,30,30,1.0000,0.0455,1097,187,850,60
687,1048016289,azul,vermelho,mcts,verde,0,-3,23,150,120,1.2500,0.0476,3665,1660,1705,300
687,1048016289,azul,azul,mcts,verde,0,-3,23,90,120,0.7500,0.0000,2111,1050,881,180
688,522013940,verde,verde,mcts,azul,0,-3,22,150,120,1.2500,0.0000,3771,1713,1758,300
688,522013940,verde,vermelho,mcts,azul,0,-3,22,90,120,0.7500,0.3750,2765,1257,1268,240
688,522013940,verde,azul,mcts,azul,1,3,22,30,30,1.0000,0.0000,1070,159,851,60
689,1709267489,vermelho,verde,mcts,empate,0,-1,100,0,0,0.0000,0.0000,2058,49,2009,0
689,1709267489,vermelho,vermelho,mcts,empate,0,-1,100,0,0,0.0000,0.0000,1857,0,1857,0
689,1709267489,vermelho,azul,mcts,empate,0,-1,100,0,0,0.0000,0.0100,2056,48,2008,0
690,1729243779,azul,verde,mcts,vermelho,0,-3,22,90,120,0.7500,0.0000,2204,1025,999,180
690,1729243779,azul,vermelho,mcts,vermelho,1,3,22,30,30,1.0000,0.0476,1782,512,1150,120
690,1729243779,azul,azul,mcts,vermelho,0,-3,22,150,120,1.2500,0.0952,3641,1665,1676,300
691,1784580866,verde,verde,mcts,azul,0,-3,13,150,120,1.2500,0.0000,4137,1990,1787,360
691,1784580866,verde,vermelho,mcts,azul,0,-3,13,60,120,0.5000,0.0000,2802,1517,1045,240
691,1784580866,verde,azul,mcts,azul,1,3,13,60,30,2.0000,0.1538,1492,477,895,120
692,1491450575,vermelho,verde,mcts,verde,1,3,16,30,30,1.0000,0.0000,867,139,668,60
692,1491450575,vermelho,vermelho,mcts,verde,0,-3,16,150,110,1.3636,0.1333,3563,1675,1588,300
692,1491450575,vermelho,azul,mcts,verde,0,-3,16,80,120,0.6667,0.0000,2077,1100,797,180
693,1568923797,azul,verde,mcts,azul,0,-3,17,60,120,0.5000,0.0000,2124,1091,853,180
693,1568923797,azul,vermelho,mcts,azul,0,-3,17,150,120,1.2500,0.0000,3638,1715,1623,300
693,1568923797,azul,azul,mcts,azul,1,3,17,60,30,2.0000,0.0000,1432,364,948,120
694,362309885,verde,verde,mcts,vermelho,0,-3,10,90,120,0.7500,0.0000,2032,1036,816,180
694,362309885,verde,vermelho,mcts,vermelho,1,3,10,30,30,1.0000,0.0000,804,174,570,60
694,362309885,verde,azul,mcts,vermelho,0,-3,10,150,120,1.2500,0.0000,3370,1659,1411,300
695,2101121314,vermelho,verde,mcts,verde,1,3,16,30,30,1.0000,0.0000,878,142,676,60
695,2101121314,vermelho,vermelho,mcts,verde,0,-3,16,90,120,0.7500,0.0000,2049,999,870,180
695,2101121314,vermelho,azul,mcts,verde,0,-3,16,150,120,1.2500,0.0000,3517,1659,1558,300
696,1869267578,azul,verde,mcts,vermelho,0,-3,14,60,120,0.5000,0.1250,2131,1048,903,180
696,1869267578,azul,vermelho,mcts,vermelho,1,3,14,60,30,2.0000,0.0000,1513,484,909,120
696,1869267578,azul,azul,mcts,vermelho,0,-3,14,150,120,1.2500,0.0769,3554,1693,1561,300
697,594861639,verde,verde,mcts,azul,0,-3,12,150,120,1.2500,0.0000,3106,1465,1341,300
697,594861639,verde,vermelho,mcts,azul,0,-3,12,90,120,0.7500,0.0000,1880,955,745,180
697,594861639,verde,azul,mcts,azul,1,3,12,30,30,1.0000,0.0833,894,209,625,60
698,562332132,vermelho,verde,mcts,vermelho,0,-3,21,90,120,0.7500,0.0000,2015,1032,803,180
698,562332132,vermelho,vermelho,mcts,vermelho,1,3,21,30,30,1.0000,0.0952,962,99,803,60
698,562332132,vermelho,azul,mcts,vermelho,0,-3,21,150,120,1.2500,0.0000,3587,1613,1674,300
699,141045692,azul,verde,mcts,azul,0,-3,33,180,120,1.5000,0.0313,4617,2071,2186,360
699,141045692,azul,vermelho,mcts,azul,0,-3,33,60,120,0.5000,0.0000,2885,1580,1065,240
699,141045692,azul,azul,mcts,azul,1,3,33,60,60,1.0000,0.0303,1959,472,1367,120
700,893437542,verde,verde,mcts,verde,1,3,18,30,0,30.0000,0.0000,962,171,731,60
700,893437542,verde,vermelho,mcts,verde,0,-3,18,100,120,0.8333,0.2353,2711,1242,1229,240
700,893437542,verde,azul,mcts,verde,0,-3,18,90,100,0.9000,0.5000,2584,1388,956,240
701,1356990828,vermelho,verde,mcts,vermelho,0,-3,22,150,120,1.2500,0.0476,3613,1619,1694,300
701,1356990828,vermelho,vermelho,mcts,vermelho,1,3,22,30,30,1.0000,0.0909,1120,228,832,60
701,1356990828,vermelho,azul,mcts,vermelho,0,-3,22,90,120,0.7500,0.0000,2055,1041,834,180
702,758057594,azul,verde,mcts,verde,1,3,17,30,0,30.0000,0.0625,836,116,660,60
702,758057594,azul,vermelho,mcts,verde,0,-3,17,90,120,0.7500,0.2000,2035,1010,845,180
702,758057594,azul,azul,mcts,verde,0,-3,17,120,120,1.0000,0.0000,2891,1247,1404,240
703,1224258741,verde,verde,mcts,azul,0,-3,14,100,120,0.8333,0.4286,2605,1147,1218,240
703,1224258741,verde,vermelho,mcts,azul,0,-3,14,90,100,0.9000,0.4000,1986,1101,705,180
703,1224258741,verde,azul,mcts,azul,1,3,14,30,0,30.0000,0.0000,860,150,650,60
704,1738688665,vermelho,verde,mcts,azul,0,-3,24,150,120,1.2500,0.0435,3608,1648,1660,300
704,1738688665,vermelho,vermelho,mcts,azul,0,-3,24,90,120,0.7500,0.0000,2183,1020,983,180
704,1738688665,vermelho,azul,mcts,azul,1,3,24,30,30,1.0000,0.0000,1077,171,846,60
705,284656161,azul,verde,mcts,vermelho,0,-3,30,90,120,0.7500,0.0000,2118,1067,871,180
705,284656161,azul,vermelho,mcts,vermelho,1,3,30,30,0,30.0000,0.1034,1193,167,966,60
705,284656161,azul,azul,mcts,vermelho,0,-3,30,120,120,1.0000,0.0345,3315,1290,1785,240
706,1037174125,verde,verde,mcts,azul,0,-3,8,90,120,0.7500,0.0000,2026,1017,829,180
706,1037174125,verde,vermelho,mcts,azul,0,-3,8,120,120,1.0000,0.0000,2728,1235,1253,240
706,1037174125,verde,azul,mcts,azul,1,3,8,30,0,30.0000,0.3750,764,184,520,60
707,1145925364,vermelho,verde,mcts,azul,0,-3,24,90,120,0.7500,0.0000,2062,1018,864,180
707,1145925364,vermelho,vermelho,mcts,azul,0,-3,24,150,120,1.2500,0.0000,3781,1653,1828,300
707,1145925364,vermelho,azul,mcts,azul,1,3,24,30,30,1.0000,0.0833,1083,168,855,60
708,79466218,azul,verde,mcts,verde,1,3,14,90,30,3.0000,0.0000,2558,1297,1081,180
708,79466218,azul,vermelho,mcts,verde,0,-3,14,60,120,0.5000,0.0909,1389,645,624,120
708,79466218,azul,azul,mcts,verde,0,-3,14,120,120,1.0000,0.0000,3178,1989,949,240
709,508015536,verde,verde,mcts,vermelho,0,-3,50,30,120,0.2500,0.0833,3020,1526,1254,240
709,508015536,verde,vermelho,mcts,vermelho,1,3,50,90,50,1.8000,0.0600,2613,773,1660,180
709,508015536,verde,azul,mcts,vermelho,0,-3,50,170,120,1.4167,0.1020,4756,1985,2411,360
710,302173163,vermelho,verde,mcts,azul,0,-3,21,150,120,1.2500,0.0500,3571,1633,1638,300
710,302173163,vermelho,vermelho,mcts,azul,0,-3,21,90,120,0.7500,0.1429,2105,1027,898,180
710,302173163,vermelho,azul,mcts,azul,1,3,21,30,30,1.0000,0.0000,982,112,810,60
711,491820749,azul,verde,mcts,azul,0,-3,12,90,120,0.7500,0.0000,2077,1035,862,180
711,491820749,azul,vermelho,mcts,azul,0,-3,12,150,120,1.2500,0.0000,3442,1640,1502,300
711,491820749,azul,azul,mcts,azul,1,3,12,30,30,1.0000,0.0000,864,188,616,60
712,247657394,verde,verde,mcts,azul,0,-3,18,90,120,0.7500,0.0000,2194,1023,991,180
712,247657394,verde,vermelho,mcts,azul,0,-3,18,150,120,1.2500,0.0000,3624,1673,1651,300
712,247657394,verde,azul,mcts,azul,1,3,18,30,30,1.0000,0.0000,963,154,749,60
713,1776086572,vermelho,verde,mcts,azul,0,-3,40,90,120,0.7500,0.0000,2234,972,1082,180
713,1776086572,vermelho,vermelho,mcts,azul,0,-3,40,120,120,1.0000,0.0750,3210,1132,1838,240
713,1776086572,vermelho,azul,mcts,azul,1,3,40,30,0,30.0000,0.0000,1479,217,1202,60
714,1632761478,azul,verde,mcts,verde,1,3,39,30,0,30.0000,0.0000,1148,146,942,60
714,1632761478,azul,vermelho,mcts,verde,0,-3,39,90,120,0.7500,0.0000,2450,1082,1188,180
714,1632761478,azul,azul,mcts,verde,0,-3,39,120,120,1.0000,0.1316,3457,1301,1916,240
715,231975991,verde,verde,mcts,azul,0,-3,15,90,120,0.7500,0.0000,2040,1020,840,180
715,231975991,verde,vermelho,mcts,azul,0,-3,15,150,120,1.2500,0.1333,3558,1666,1592,300
715,231975991,verde,azul,mcts,azul,1,3,15,30,30,1.0000,0.2000,906,164,682,60
716,733326103,vermelho,verde,mcts,azul,0,-3,29,120,120,1.0000,0.1429,2808,1090,1478,240
716,733326103,vermelho,vermelho,mcts,azul,0,-3,29,90,120,0.7500,0.0455,2211,971,1060,180
716,733326103,vermelho,azul,mcts,azul,1,3,29,30,0,30.0000,0.0000,1270,168,1042,60
717,1411364412,azul,verde,mcts,vermelho,0,-3,29,150,120,1.2500,0.0357,3911,1715,1896,300
717,1411364412,azul,vermelho,mcts,vermelho,1,3,29,60,30,2.0000,0.0714,1875,464,1291,120
717,1411364412,azul,azul,mcts,vermelho,0,-3,29,60,120,0.5000,0.0000,2118,1098,840,180
718,1200314224,verde,verde,mcts,vermelho,0,-3,24,90,120,0.7500,0.0000,3198,1274,1624,300
718,1200314224,verde,vermelho,mcts,vermelho,1,3,24,30,30,1.0000,0.2083,1065,128,877,60
718,1200314224,verde,azul,mcts,vermelho,0,-3,24,150,120,1.2500,0.0000,4092,1926,1806,360
719,1259110644,vermelho,verde,mcts,vermelho,0,-3,11,120,120,1.0000,0.0000,3560,1782,1478,300
719,1259110644,vermelho,vermelho,mcts,vermelho,1,3,11,60,30,2.0000,0.0000,2250,794,1276,180
719,1259110644,vermelho,azul,mcts,vermelho,0,-3,11,90,120,0.7500,0.0000,2187,1085,922,180
720,447719130,azul,verde,mcts,vermelho,0,-3,13,120,120,1.0000,0.0833,2787,1207,1340,240
720,447719130,azul,vermelho,mcts,vermelho,1,3,13,30,0,30.0000,0.0000,849,187,602,60
720,447719130,azul,azul,mcts,vermelho,0,-3,13,90,120,0.7500,0.0000,2066,1029,857,180
721,1722184469,verde,verde,mcts,vermelho,0,-3,13,180,120,1.5000,0.0000,4118,2016,1742,360
721,1722184469,verde,vermelho,mcts,vermelho,1,3,13,60,60,1.0000,0.0769,1489,466,903,120
721,1722184469,verde,azul,mcts,vermelho,0,-3,13,60,120,0.5000,0.0000,2127,1095,852,180
722,327044082,vermelho,verde,mcts,verde,1,3,14,30,0,30.0000,0.0769,868,195,613,60
722,327044082,vermelho,vermelho,mcts,verde,0,-3,14,120,120,1.0000,0.0000,2839,1231,1368,240
722,327044082,vermelho,azul,mcts,verde,0,-3,14,90,120,0.7500,0.0000,2000,1019,801,180
723,592593125,azul,verde,mcts,vermelho,0,-3,31,120,120,1.0000,0.0000,3192,1200,1752,240
723,592593125,azul,vermelho,mcts,vermelho,1,3,31,30,0,30.0000,0.1000,1266,148,1058,60
723,592593125,azul,azul,mcts,vermelho,0,-3,31,90,120,0.7500,0.0000,2062,1050,832,180
724,580558835,verde,verde,mcts,vermelho,0,-3,12,90,120,0.7500,0.0000,2647,1191,1216,240
724,580558835,verde,vermelho,mcts,vermelho,1,3,12,210,90,2.3333,0.1667,4584,2213,1951,420
724,580558835,verde,azul,mcts,vermelho,0,-3,12,30,120,0.2500,0.0000,2237,871,1186,180
725,1641414582,vermelho,verde,mcts,verde,1,3,20,30,30,1.0000,0.0526,1003,167,776,60
725,1641414582,vermelho,vermelho,mcts,verde,0,-3,20,90,120,0.7500,0.0000,2081,1024,877,180
725,1641414582,vermelho,azul,mcts,verde,0,-3,20,150,120,1.2500,0.0526,3613,1641,1672,300
726,1314131657,azul,verde,mcts,empate,0,-1,100,0,0,0.0000,0.0000,1903,48,1855,0
726,1314131657,azul,vermelho,mcts,empate,0,-1,100,0,0,0.0000,0.0202,2543,0,2543,0
726,1314131657,azul,azul,mcts,empate,0,-1,100,0,0,0.0000,0.0000,1347,50,1297,0
727,2077249961,verde,verde,mcts,azul,0,-3,9,90,120,0.7500,0.0000,2064,1027,857,180
727,2077249961,verde,vermelho,mcts,azul,0,-3,9,120,120,1.0000,0.0000,2696,1203,1253,240
727,2077249961,verde,azul,mcts,azul,1,3,9,30,0,30.0000,0.0000,799,187,552,60
728,626421707,vermelho,verde,mcts,azul,0,-3,15,120,120,1.0000,0.0714,2794,1222,1332,240
728,626421707,vermelho,vermelho,mcts,azul,0,-3,15,90,120,0.7500,0.0000,2031,1031,820,180
728,626421707,vermelho,azul,mcts,azul,1,3,15,30,0,30.0000,0.0667,931,203,668,60
729,1432468837,azul,verde,mcts,vermelho,0,-3,20,60,120,0.5000,0.0000,2665,1466,959,240
729,1432468837,azul,vermelho,mcts,vermelho,1,3,20,60,30,2.0000,0.0000,1563,410,1033,120
729,1432468837,azul,azul,mcts,vermelho,0,-3,20,150,120,1.2500,0.0000,3558,1632,1626,300
730,2024764721,verde,verde,mcts,vermelho,0,-3,15,90,120,0.7500,0.5714,2033,1018,835,180
730,2024764721,verde,vermelho,mcts,vermelho,1,3,15,30,30,1.0000,0.0667,840,118,662,60
730,2024764721,verde,azul,mcts,vermelho,0,-3,15,150,120,1.2500,0.0714,3496,1659,1537,300
731,1142105127,vermelho,verde,mcts,vermelho,0,-3,14,90,120,0.7500,0.0000,2115,1032,903,180
731,1142105127,vermelho,vermelho,mcts,vermelho,1,3,14,30,30,1.0000,0.0000,826,124,642,60
731,1142105127,vermelho,azul,mcts,vermelho,0,-3,14,150,120,1.2500,0.0769,3476,1632,1544,300
732,356399633,azul,verde,mcts,empate,0,-1,100,0,0,0.0000,0.0101,2576,2,2574,0
732,356399633,azul,vermelho,mcts,empate,0,-1,100,0,0,0.0000,0.0000,1880,47,1833,0
732,356399633,azul,azul,mcts,empate,0,-1,100,0,0,0.0000,0.0000,2029,50,1979,0
733,275188426,verde,verde,mcts,azul,0,-3,16,120,120,1.0000,0.0000,2867,1193,1434,240
733,275188426,verde,vermelho,mcts,azul,0,-3,16,90,120,0.7500,0.0000,2052,1034,838,180
733,275188426,verde,azul,mcts,azul,1,3,16,30,0,30.0000,0.0000,967,189,718,60
734,1434154751,vermelho,verde,mcts,azul,0,-3,19,150,120,1.2500,0.0000,3660,1658,1702,300
734,1434154751,vermelho,vermelho,mcts,azul,0,-3,19,90,120,0.7500,0.0000,2006,1004,822,180
734,1434154751,vermelho,azul,mcts,azul,1,3,19,30,30,1.0000,0.0000,1545,387,1038,120
735,1801140829,azul,verde,mcts,verde,1,3,16,30,30,1.0000,0.0000,1511,388,1003,120
735,1801140829,azul,vermelho,mcts,verde,0,-3,16,150,120,1.2500,0.0000,3462,1644,1518,300
735,1801140829,azul,azul,mcts,verde,0,-3,16,90,120,0.7500,0.0000,2061,1035,846,180
736,1993507864,verde,verde,mcts,vermelho,0,-3,35,120,120,1.0000,0.1143,3293,1200,1853,240
736,1993507864,verde,vermelho,mcts,vermelho,1,3,35,30,0,30.0000,0.0000,1175,131,984,60
736,1993507864,verde,azul,mcts,vermelho,0,-3,35,90,120,0.7500,0.0000,2093,1019,894,180
737,2023364721,vermelho,verde,mcts,azul,0,-3,17,150,120,1.2500,0.1250,3559,1639,1620,300
737,2023364721,vermelho,vermelho,mcts,azul,0,-3,17,90,120,0.7500,0.0000,2040,1023,837,180
737,2023364721,vermelho,azul,mcts,azul,1,3,17,30,30,1.0000,0.0000,971,172,739,60
738,134698184,azul,verde,mcts,azul,0,-3,12,120,120,1.0000,0.0000,2755,1228,1287,240
738,134698184,azul,vermelho,mcts,azul,0,-3,12,90,120,0.7500,0.0000,2078,1054,844,180
738,134698184,azul,azul,mcts,azul,1,3,12,30,0,30.0000,0.2500,1643,568,955,120
739,1583040395,verde,verde,mcts,empate,0,-1,100,0,0,0.0000,0.0000,1300,0,1300,0
739,1583040395,verde,vermelho,mcts,empate,0,-1,100,90,120,0.7500,0.0000,2771,1441,1090,240
739,1583040395,verde,azul,mcts,empate,0,-1,100,120,90,1.3333,0.0100,4345,1308,2797,240
740,1032295844,vermelho,verde,mcts,verde,1,3,20,30,0,30.0000,0.0526,911,157,694,60
740,1032295844,vermelho,vermelho,mcts,verde,0,-3,20,80,110,0.7273,0.0909,2177,1051,946,180
740,1032295844,vermelho,azul,mcts,verde,0,-3,20,110,110,1.0000,0.1053,2859,1152,1467,240
741,1889624383,azul,verde,mcts,vermelho,0,-3,19,120,120,1.0000,0.0000,3061,1258,1563,240
741,1889624383,azul,vermelho,mcts,vermelho,1,3,19,30,0,30.0000,0.0000,967,172,735,60
741,1889624383,azul,azul,mcts,vermelho,0,-3,19,90,120,0.7500,0.0000,2053,1031,842,180
742,1838169115,verde,verde,mcts,verde,1,3,15,30,30,1.0000,0.0000,933,185,688,60
742,1838169115,verde,vermelho,mcts,verde,0,-3,15,90,120,0.7500,0.0000,1930,970,780,180
742,1838169115,verde,azul,mcts,verde,0,-3,15,150,120,1.2500,0.0000,3222,1590,1332,300
743,532023419,vermelho,verde,mcts,azul,0,-3,19,120,120,1.0000,0.0556,2780,1217,1323,240
743,532023419,vermelho,vermelho,mcts,azul,0,-3,19,90,120,0.7500,0.2857,2029,1046,803,180
743,532023419,vermelho,azul,mcts,azul,1,3,19,30,0,30.0000,0.0000,1007,168,779,60
744,1693007723,azul,verde,mcts,verde,1,3,38,30,0,30.0000,0.0000,1352,119,1173,60
744,1693007723,azul,vermelho,mcts,verde,0,-3,38,90,120,0.7500,0.0000,2050,1027,843,180
744,1693007723,azul,azul,mcts,verde,0,-3,38,120,120,1.0000,0.0270,3449,1242,1967,240
745,685610348,verde,verde,mcts,vermelho,0,-3,15,150,120,1.2500,0.1333,3532,1723,1509,300
745,685610348,verde,vermelho,mcts,vermelho,1,3,15,30,30,1.0000,0.0667,924,192,672,60
745,685610348,verde,azul,mcts,vermelho,0,-3,15,90,120,0.7500,0.0000,2188,1087,921,180
746,226624391,vermelho,verde,mcts,vermelho,0,-3,29,60,120,0.5000,0.0909,2076,1018,878,180
746,226624391,vermelho,vermelho,mcts,vermelho,1,3,29,60,30,2.0000,0.0345,1656,326,1210,120
746,226624391,vermelho,azul,mcts,vermelho,0,-3,29,150,120,1.2500,0.1786,3624,1564,1760,300
747,104280143,azul,verde,mcts,azul,0,-3,27,150,120,1.2500,0.0000,3818,1649,1869,300
747,104280143,azul,vermelho,mcts,azul,0,-3,27,90,120,0.7500,0.0000,2213,1045,988,180
747,104280143,azul,azul,mcts,azul,1,3,27,30,30,1.0000,0.0000,1174,224,890,60
748,5114185,verde,verde,mcts,verde,1,3,21,30,30,1.0000,0.0000,1032,192,780,60
748,5114185,verde,vermelho,mcts,verde,0,-3,21,90,120,0.7500,0.0000,2585,1420,925,240
748,5114185,verde,azul,mcts,verde,0,-3,21,150,120,1.2500,0.0000,3393,1532,1561,300
749,2053688377,vermelho,verde,mcts,verde,1,3,37,30,30,1.0000,0.0833,1417,175,1182,60
749,2053688377,vermelho,vermelho,mcts,verde,0,-3,37,90,120,0.7500,0.0000,2644,1230,1174,240
749,2053688377,vermelho,azul,mcts,verde,0,-3,37,150,120,1.2500,0.1111,4033,1656,2077,300
750,1451533353,azul,verde,mcts,verde,1,3,13,30,30,1.0000,0.0000,903,216,627,60
750,1451533353,azul,vermelho,mcts,verde,0,-3,13,90,120,0.7500,0.0000,2122,1067,875,180
750,1451533353,azul,azul,mcts,verde,0,-3,13,150,120,1.2500,0.0000,3573,1692,1581,300
751,1017531994,verde,verde,mcts,verde,1,3,14,30,0,30.0000,0.1429,812,111,641,60
751,1017531994,verde,vermelho,mcts,verde,0,-3,14,90,120,0.7500,0.0000,1982,1032,770,180
751,1017531994,verde,azul,mcts,verde,0,-3,14,120,120,1.0000,0.0000,2820,1232,1348,240
752,40908190,vermelho,verde,mcts,vermelho,0,-3,28,120,120,1.0000,0.0370,3126,1211,1675,240
752,40908190,vermelho,vermelho,mcts,vermelho,1,3,28,30,0,30.0000,0.0714,1211,165,986,60
752,40908190,vermelho,azul,mcts,vermelho,0,-3,28,90,120,0.7500,0.0000,2030,1037,813,180
753,1141767897,azul,verde,mcts,verde,1,3,25,30,0,30.0000,0.0417,1144,190,894,60
753,1141767897,azul,vermelho,mcts,verde,0,-3,25,120,120,1.0000,0.0000,2886,1154,1492,240
753,1141767897,azul,azul,mcts,verde,0,-3,25,90,120,0.7500,0.0000,2088,1042,866,180
754,1257839479,verde,verde,mcts,azul,0,-3,11,150,120,1.2500,0.0909,3402,1609,1493,300
754,1257839479,verde,vermelho,mcts,azul,0,-3,11,90,120,0.7500,0.0000,2605,1290,1075,240
754,1257839479,verde,azul,mcts,azul,1,3,11,30,30,1.0000,0.0000,848,225,563,60
755,1364339178,vermelho,verde,mcts,azul,0,-3,26,120,120,1.0000,0.0800,2861,1153,1468,240
755,1364339178,vermelho,vermelho,mcts,azul,0,-3,26,90,120,0.7500,0.1429,1918,973,765,180
755,1364339178,vermelho,azul,mcts,azul,1,3,26,30,0,30.0000,0.0000,1890,546,1224,120
756,1135458689,azul,verde,mcts,vermelho,0,-3,17,90,120,0.7500,0.1000,2949,1465,1244,240
756,1135458689,azul,vermelho,mcts,vermelho,1,3,17,30,0,30.0000,0.1250,1002,220,722,60
756,1135458689,azul,azul,mcts,vermelho,0,-3,17,120,120,1.0000,0.0000,3043,1334,1469,240
757,1648737985,verde,verde,mcts,azul,0,-3,15,90,120,0.7500,0.0000,2093,1014,899,180
757,1648737985,verde,vermelho,mcts,azul,0,-3,15,150,120,1.2500,0.2667,3564,1655,1609,300
757,1648737985,verde,azul,mcts,azul,1,3,15,30,30,1.0000,0.0667,941,206,675,60
758,487316115,vermelho,verde,mcts,verde,1,3,10,110,90,1.2222,0.0000,3313,1434,1579,300
758,487316115,vermelho,vermelho,mcts,verde,0,-3,10,150,110,1.3636,0.4444,3469,1664,1505,300
758,487316115,vermelho,azul,mcts,verde,0,-3,10,60,120,0.5000,0.0000,1479,789,570,120
759,1847801574,azul,verde,mcts,verde,1,3,19,30,0,30.0000,0.0000,941,199,682,60
759,1847801574,azul,vermelho,mcts,verde,0,-3,19,120,120,1.0000,0.0000,2678,1135,1303,240
759,1847801574,azul,azul,mcts,verde,0,-3,19,90,120,0.7500,0.0000,1980,972,828,180
760,1643984056,verde,verde,mcts,vermelho,0,-3,36,150,120,1.2500,0.0833,3609,1484,1825,300
760,1643984056,verde,vermelho,mcts,vermelho,1,3,36,30,30,1.0000,0.0833,1328,92,1176,60
760,1643984056,verde,azul,mcts,vermelho,0,-3,36,90,120,0.7500,0.0000,1902,969,753,180
761,791159585,vermelho,verde,mcts,verde,1,3,17,30,0,30.0000,0.1250,1085,286,739,60
761,791159585,vermelho,vermelho,mcts,verde,0,-3,17,90,120,0.7500,0.1111,1993,986,827,180
761,791159585,vermelho,azul,mcts,verde,0,-3,17,120,120,1.0000,0.0000,2626,1146,1240,240
762,1362632934,azul,verde,mcts,vermelho,0,-3,17,180,120,1.5000,0.0625,4278,2070,1848,360
762,1362632934,azul,vermelho,mcts,vermelho,1,3,17,30,60,0.5000,0.0000,1993,494,1319,180
762,1362632934,azul,azul,mcts,vermelho,0,-3,17,90,120,0.7500,0.0000,2159,1062,917,180
763,377733151,verde,verde,mcts,azul,0,-3,24,120,120,1.0000,0.0833,2712,1066,1406,240
763,377733151,verde,vermelho,mcts,azul,0,-3,24,90,120,0.7500,0.0000,1917,967,770,180
763,377733151,verde,azul,mcts,azul,1,3,24,30,0,30.0000,0.0000,1147,229,858,60
764,1420768891,vermelho,verde,mcts,verde,1,3,17,30,30,1.0000,0.1250,991,208,723,60
764,1420768891,vermelho,vermelho,mcts,verde,0,-3,17,150,120,1.2500,0.0000,4128,1895,1873,360
764,1420768891,vermelho,azul,mcts,verde,0,-3,17,90,120,0.7500,0.0000,2696,1295,1161,240
765,2044870516,azul,verde,mcts,vermelho,0,-3,17,150,120,1.2500,0.0625,3553,1669,1584,300
765,2044870516,azul,vermelho,mcts,vermelho,1,3,17,30,30,1.0000,0.1250,960,199,701,60
765,2044870516,azul,azul,mcts,vermelho,0,-3,17,90,120,0.7500,0.0000,1984,992,812,180
766,1006327128,verde,verde,mcts,azul,0,-3,20,180,120,1.5000,0.0000,4417,2075,1982,360
766,1006327128,verde,vermelho,mcts,azul,0,-3,20,60,120,0.5000,0.0000,2125,1129,816,180
766,1006327128,verde,azul,mcts,azul,1,3,20,60,60,1.0000,0.0000,1677,516,1041,120
767,336700548,vermelho,verde,mcts,azul,0,-3,18,90,120,0.7500,0.0000,2036,1025,831,180
767,336700548,vermelho,vermelho,mcts,azul,0,-3,18,120,120,1.0000,0.0000,2902,1236,1426,240
767,336700548,vermelho,azul,mcts,azul,1,3,18,30,0,30.0000,0.0000,1018,198,760,60
768,715912012,azul,verde,mcts,azul,0,-3,25,60,120,0.5000,0.0000,2530,1270,1020,240
768,715912012,azul,vermelho,mcts,azul,0,-3,25,150,120,1.2500,0.0000,3558,1605,1653,300
768,715912012,azul,azul,mcts,azul,1,3,25,60,30,2.0000,0.0400,1709,443,1146,120
769,481883728,verde,verde,mcts,azul,0,-3,19,90,120,0.7500,0.0909,2003,1014,809,180
769,481883728,verde,vermelho,mcts,azul,0,-3,19,120,120,1.0000,0.1579,2595,1069,1286,240
769,481883728,verde,azul,mcts,azul,1,3,19,30,0,30.0000,0.0526,1087,227,800,60
770,1614053631,vermelho,verde,mcts,vermelho,0,-3,19,90,120,0.7500,0.0000,2050,1044,826,180
770,1614053631,vermelho,vermelho,mcts,vermelho,1,3,19,30,30,1.0000,0.0000,1013,173,780,60
770,1614053631,vermelho,azul,mcts,vermelho,0,-3,19,150,120,1.2500,0.0556,3526,1632,1594,300
771,1276108841,azul,verde,mcts,vermelho,0,-3,10,90,120,0.7500,0.0000,2062,1019,863,180
771,1276108841,azul,vermelho,mcts,vermelho,1,3,10,30,30,1.0000,0.1111,1507,506,881,120
771,1276108841,azul,azul,mcts,vermelho,0,-3,10,150,120,1.2500,0.0000,3300,1635,1365,300
772,628933363,verde,verde,mcts,vermelho,0,-3,16,90,120,0.7500,0.1250,2733,1283,1210,240
772,628933363,verde,vermelho,mcts,vermelho,1,3,16,120,90,1.3333,0.0000,3228,1815,1173,240
772,628933363,verde,azul,mcts,vermelho,0,-3,16,120,120,1.0000,0.0000,3529,2331,958,240
773,266047734,vermelho,verde,mcts,azul,0,-3,18,90,120,0.7500,0.0000,2045,1045,820,180
773,266047734,vermelho,vermelho,mcts,azul,0,-3,18,150,120,1.2500,0.1111,3547,1677,1570,300
773,266047734,vermelho,azul,mcts,azul,1,3,18,30,30,1.0000,0.0000,910,163,687,60
774,437958854,azul,verde,mcts,vermelho,0,-3,12,150,120,1.2500,0.0000,3527,1684,1543,300
774,437958854,azul,vermelho,mcts,vermelho,1,3,12,30,30,1.0000,0.0909,1402,387,895,120
774,437958854,azul,azul,mcts,vermelho,0,-3,12,90,120,0.7500,0.0000,2705,1296,1169,240
775,882820366,verde,verde,mcts,azul,0,-3,24,90,120,0.7500,0.0000,2870,1432,1198,240
775,882820366,verde,vermelho,mcts,azul,0,-3,24,120,120,1.0000,0.0000,3662,1640,1722,300
775,882820366,verde,azul,mcts,azul,1,3,24,30,0,30.0000,0.0833,1056,110,886,60
776,2103879765,vermelho,verde,mcts,azul,0,-3,12,120,120,1.0000,0.0000,2748,1224,1284,240
776,2103879765,vermelho,vermelho,mcts,azul,0,-3,12,90,120,0.7500,0.0000,2088,1042,866,180
776,2103879765,vermelho,azul,mcts,azul,1,3,12,30,0,30.0000,0.0000,866,185,621,60
777,1878469685,azul,verde,mcts,verde,1,3,22,30,30,1.0000,0.1905,956,126,770,60
777,1878469685,azul,vermelho,mcts,verde,0,-3,22,90,120,0.7500,0.0000,2019,994,845,180
777,1878469685,azul,azul,mcts,verde,0,-3,22,150,120,1.2500,0.0000,3431,1600,1531,300
778,260653707,verde,verde,mcts,azul,0,-3,35,90,120,0.7500,0.0000,2137,980,977,180
778,260653707,verde,vermelho,mcts,azul,0,-3,35,120,120,1.0000,0.0857,3212,1192,1780,240
778,260653707,verde,azul,mcts,azul,1,3,35,30,0,30.0000,0.0286,1087,92,935,60
779,2055886471,vermelho,verde,mcts,azul,0,-3,13,90,120,0.7500,0.0000,3180,1410,1470,300
779,2055886471,vermelho,vermelho,mcts,azul,0,-3,13,90,120,0.7500,0.0000,2666,1210,1216,240
779,2055886471,vermelho,azul,mcts,azul,1,3,13,60,0,60.0000,0.1538,1705,673,912,120
780,181546477,azul,verde,mcts,vermelho,0,-3,19,90,120,0.7500,0.0000,2073,1009,884,180
780,181546477,azul,vermelho,mcts,vermelho,1,3,19,30,30,1.0000,0.1667,1002,197,745,60
780,181546477,azul,azul,mcts,vermelho,0,-3,19,150,120,1.2500,0.0000,3540,1603,1637,300
781,1696711507,verde,verde,mcts,verde,1,3,41,240,90,2.6667,0.0244,5665,2310,2875,480
781,1696711507,verde,vermelho,mcts,verde,0,-3,41,90,120,0.7500,0.0000,2049,1021,848,180
781,1696711507,verde,azul,mcts,verde,0,-3,41,0,120,0.0000,0.0000,2282,371,1731,180
782,1229825111,vermelho,verde,mcts,verde,1,3,20,30,30,1.0000,0.2105,1020,182,778,60
782,1229825111,vermelho,vermelho,mcts,verde,0,-3,20,90,120,0.7500,0.0000,2904,1588,1076,240
782,1229825111,vermelho,azul,mcts,verde,0,-3,20,150,120,1.2500,0.0526,3659,1688,1671,300
783,1997479060,azul,verde,mcts,vermelho,0,-3,30,180,120,1.5000,0.0000,4505,2049,2096,360
783,1997479060,azul,vermelho,mcts,vermelho,1,3,30,60,60,1.0000,0.0000,1633,390,1123,120
783,1997479060,azul,azul,mcts,vermelho,0,-3,30,60,120,0.5000,0.0000,2113,1095,838,180
784,443438607,verde,verde,mcts,verde,1,3,17,30,0,30.0000,0.0000,959,172,727,60
784,443438607,verde,vermelho,mcts,verde,0,-3,17,90,120,0.7500,0.1667,1866,992,694,180
784,443438607,verde,azul,mcts,verde,0,-3,17,120,120,1.0000,0.1875,2586,1096,1250,240
785,1255488848,vermelho,verde,mcts,vermelho,0,-3,19,120,120,1.0000,0.1667,3044,1299,1505,240
785,1255488848,vermelho,vermelho,mcts,vermelho,1,3,19,30,0,30.0000,0.0000,1017,207,750,60
785,1255488848,vermelho,azul,mcts,vermelho,0,-3,19,90,120,0.7500,0.0000,2175,1079,916,180
786,1713663468,azul,verde,mcts,vermelho,0,-3,27,90,120,0.7500,0.0000,2491,1159,1092,240
786,1713663468,azul,vermelho,mcts,vermelho,1,3,27,30,30,1.0000,0.1538,1111,135,916,60
786,1713663468,azul,azul,mcts,vermelho,0,-3,27,150,120,1.2500,0.1923,4205,1842,2003,360
787,1326665035,verde,verde,mcts,vermelho,0,-3,17,120,120,1.0000,0.0000,2939,1258,1441,240
787,1326665035,verde,vermelho,mcts,vermelho,1,3,17,30,0,30.0000,0.1176,921,162,699,60
787,1326665035,verde,azul,mcts,vermelho,0,-3,17,90,120,0.7500,0.0000,2129,1065,884,180
788,1485550945,vermelho,verde,mcts,azul,0,-3,13,90,120,0.7500,0.0000,2067,1014,873,180
788,1485550945,vermelho,vermelho,mcts,azul,0,-3,13,150,120,1.2500,0.1538,3514,1641,1573,300
788,1485550945,vermelho,azul,mcts,azul,1,3,13,30,30,1.0000,0.2308,842,170,612,60
789,255725471,azul,verde,mcts,azul,0,-3,21,90,120,0.7500,0.0000,2200,1020,1000,180
789,255725471,azul,vermelho,mcts,azul,0,-3,21,120,120,1.0000,0.0500,2979,1207,1532,240
789,255725471,azul,azul,mcts,azul,1,3,21,30,0,30.0000,0.1429,913,93,760,60
790,388207685,verde,verde,mcts,verde,1,3,12,60,30,2.0000,0.0000,1530,502,908,120
790,388207685,verde,vermelho,mcts,verde,0,-3,12,120,120,1.0000,0.0000,3072,1726,1106,240
790,388207685,verde,azul,mcts,verde,0,-3,12,90,120,0.7500,0.0909,2914,1487,1187,240
791,230858913,vermelho,verde,mcts,verde,1,3,17,30,30,1.0000,0.1250,943,185,698,60
791,230858913,vermelho,vermelho,mcts,verde,0,-3,17,150,120,1.2500,0.0000,3540,1632,1608,300
791,230858913,vermelho,azul,mcts,verde,0,-3,17,90,120,0.7500,0.0000,2174,1041,953,180
792,497945140,azul,verde,mcts,azul,0,-3,31,90,120,0.7500,0.0833,2983,1223,1520,240
792,497945140,azul,vermelho,mcts,azul,0,-3,31,120,120,1.0000,0.0333,3816,1862,1654,300
792,497945140,azul,azul,mcts,azul,1,3,31,30,0,30.0000,0.0323,1290,147,1083,60
793,1672875716,verde,verde,mcts,azul,0,-3,17,150,120,1.2500,0.0000,3477,1628,1549,300
793,1672875716,verde,vermelho,mcts,azul,0,-3,17,90,120,0.7500,0.0000,2013,1018,815,180
793,1672875716,verde,azul,mcts,azul,1,3,17,30,30,1.0000,0.1176,999,196,743,60
794,1703592542,vermelho,verde,mcts,verde,1,3,18,30,0,30.0000,0.2353,890,107,723,60
794,1703592542,vermelho,vermelho,mcts,verde,0,-3,18,120,120,1.0000,0.1176,2856,1187,1429,240
794,1703592542,vermelho,azul,mcts,verde,0,-3,18,90,120,0.7500,0.0000,2133,1062,891,180
795,524300311,azul,verde,mcts,vermelho,0,-3,21,60,120,0.5000,0.0000,2143,1202,761,180
795,524300311,azul,vermelho,mcts,vermelho,1,3,21,60,30,2.0000,0.0500,1721,485,1116,120
795,524300311,azul,azul,mcts,vermelho,0,-3,21,150,120,1.2500,0.0500,3302,1476,1526,300
796,405532386,verde,verde,mcts,azul,0,-3,12,120,120,1.0000,0.0000,2543,1137,1166,240
796,405532386,verde,vermelho,mcts,azul,0,-3,12,90,120,0.7500,0.0000,1919,990,749,180
796,405532386,verde,azul,mcts,azul,1,3,12,30,0,30.0000,0.1667,810,154,596,60
797,1140362201,vermelho,verde,mcts,verde,1,3,10,30,0,30.0000,0.1111,822,233,529,60
797,1140362201,vermelho,vermelho,mcts,verde,0,-3,10,90,110,0.8182,0.6667,2059,1021,858,180
797,1140362201,vermelho,azul,mcts,verde,0,-3,10,110,120,0.9167,0.2222,2760,1300,1220,240
798,2122964567,azul,verde,mcts,verde,1,3,33,30,0,30.0000,0.0000,1094,176,858,60
798,2122964567,azul,vermelho,mcts,verde,0,-3,33,120,120,1.0000,0.0645,4036,1767,1969,300
798,2122964567,azul,azul,mcts,verde,0,-3,33,90,120,0.7500,0.3333,2736,1363,1133,240
799,1850462464,verde,verde,mcts,azul,0,-3,16,150,120,1.2500,0.0000,3355,1562,1493,300
799,1850462464,verde,vermelho,mcts,azul,0,-3,16,90,120,0.7500,0.2500,1963,992,791,180
799,1850462464,verde,azul,mcts,azul,1,3,16,30,30,1.0000,0.0000,981,208,713,60
800,1238786426,vermelho,verde,mcts,verde,1,3,20,30,0,30.0000,0.0000,1010,212,738,60
800,1238786426,vermelho,vermelho,mcts,verde,0,-3,20,90,120,0.7500,0.0588,2147,983,984,180
800,1238786426,vermelho,azul,mcts,verde,0,-3,20,120,120,1.0000,0.0000,2544,1017,1287,240
801,777418731,azul,verde,mcts,verde,1,3,18,30,30,1.0000,0.0000,961,175,726,60
801,777418731,azul,vermelho,mcts,verde,0,-3,18,150,120,1.2500,0.0625,3112,1453,1359,300
801,777418731,azul,azul,mcts,verde,0,-3,18,90,120,0.7500,0.0909,1979,986,813,180
802,1650316423,verde,verde,mcts,verde,1,3,25,30,30,1.0000,0.0800,999,151,788,60
802,1650316423,verde,vermelho,mcts,verde,0,-3,25,90,120,0.7500,0.1333,2074,986,908,180
802,1650316423,verde,azul,mcts,verde,0,-3,25,150,120,1.2500,0.0417,3305,1472,1533,300
803,1518169168,vermelho,verde,mcts,vermelho,0,-3,16,150,120,1.2500,0.0667,3499,1686,1513,300
803,1518169168,vermelho,vermelho,mcts,vermelho,1,3,16,30,30,1.0000,0.3750,914,161,693,60
803,1518169168,vermelho,azul,mcts,vermelho,0,-3,16,90,120,0.7500,0.0000,2040,1042,818,180
804,664454653,azul,verde,mcts,verde,1,3,31,30,30,1.0000,0.0000,1208,153,995,60
804,664454653,azul,vermelho,mcts,verde,0,-3,31,90,120,0.7500,0.0000,1971,1016,775,180
804,664454653,azul,azul,mcts,verde,0,-3,31,150,120,1.2500,0.0333,3744,1624,1820,300
805,1222287018,verde,verde,mcts,verde,1,3,35,30,30,1.0000,0.0857,1357,166,1131,60
805,1222287018,verde,vermelho,mcts,verde,0,-3,35,150,120,1.2500,0.0000,4005,1703,2002,300
805,1222287018,verde,azul,mcts,verde,0,-3,35,90,120,0.7500,0.0000,2190,1059,951,180
806,1050928200,vermelho,verde,mcts,azul,0,-3,18,120,120,1.0000,0.1176,2926,1268,1418,240
806,1050928200,vermelho,vermelho,mcts,azul,0,-3,18,90,120,0.7500,0.0000,2711,1351,1120,240
806,1050928200,vermelho,azul,mcts,azul,1,3,18,30,0,30.0000,0.0556,1011,194,757,60
807,1496432766,azul,verde,mcts,verde,1,3,29,30,30,1.0000,0.0714,1144,169,915,60
807,1496432766,azul,vermelho,mcts,verde,0,-3,29,150,120,1.2500,0.0000,3666,1626,1740,300
807,1496432766,azul,azul,mcts,verde,0,-3,29,90,120,0.7500,0.0000,1993,979,834,180
808,1546097094,verde,verde,mcts,azul,0,-3,31,150,120,1.2500,0.0645,3803,1645,1858,300
808,1546097094,verde,vermelho,mcts,azul,0,-3,31,90,120,0.7500,0.0000,2006,1056,770,180
808,1546097094,verde,azul,mcts,azul,1,3,31,30,30,1.0000,0.0323,1267,179,1028,60
809,153640283,vermelho,verde,mcts,verde,1,3,21,30,0,30.0000,0.0000,1093,267,766,60
809,153640283,vermelho,vermelho,mcts,verde,0,-3,21,120,120,1.0000,0.0000,3536,1410,1826,300
809,153640283,vermelho,azul,mcts,verde,0,-3,21,90,120,0.7500,0.0000,2674,1392,1042,240
810,1109067602,azul,verde,mcts,vermelho,0,-3,19,90,120,0.7500,0.3000,1957,982,795,180
810,1109067602,azul,vermelho,mcts,vermelho,1,3,19,30,30,1.0000,0.2222,955,160,735,60
810,1109067602,azul,azul,mcts,vermelho,0,-3,19,150,120,1.2500,0.1111,3246,1546,1400,300
811,1182380079,verde,verde,mcts,verde,1,3,27,30,0,30.0000,0.0000,1243,189,994,60
811,1182380079,verde,vermelho,mcts,verde,0,-3,27,120,120,1.0000,0.0385,2795,1122,1433,240
811,1182380079,verde,azul,mcts,verde,0,-3,27,90,120,0.7500,0.0000,1921,967,774,180
812,995907090,vermelho,verde,mcts,verde,1,3,38,60,30,2.0000,0.3243,1909,432,1357,120
812,995907090,vermelho,vermelho,mcts,verde,0,-3,38,150,120,1.2500,0.0811,3716,1530,1886,300
812,995907090,vermelho,azul,mcts,verde,0,-3,38,60,120,0.5000,0.0000,2123,1003,940,180
813,2009703295,azul,verde,mcts,vermelho,0,-3,31,150,120,1.2500,0.0667,4341,1875,2106,360
813,2009703295,azul,vermelho,mcts,vermelho,1,3,31,30,30,1.0000,0.0333,1296,199,1037,60
813,2009703295,azul,azul,mcts,vermelho,0,-3,31,90,120,0.7500,0.1250,1891,966,745,180
814,2108967014,verde,verde,mcts,empate,0,-1,100,0,0,0.0000,0.0300,1590,0,1590,0
814,2108967014,verde,vermelho,mcts,empate,0,-1,100,120,30,4.0000,0.4000,4049,1099,2710,240
814,2108967014,verde,azul,mcts,empate,0,-1,100,30,120,0.2500,0.0000,2759,1478,1041,240
815,484446759,vermelho,verde,mcts,vermelho,0,-3,29,90,120,0.7500,0.0000,1995,1023,792,180
815,484446759,vermelho,vermelho,mcts,vermelho,1,3,29,30,0,30.0000,0.0000,1203,141,1002,60
815,484446759,vermelho,azul,mcts,vermelho,0,-3,29,120,120,1.0000,0.0357,3087,1247,1600,240
816,780071506,azul,verde,mcts,vermelho,0,-3,23,120,120,1.0000,0.2273,2724,1110,1374,240
816,780071506,azul,vermelho,mcts,vermelho,1,3,23,30,0,30.0000,0.0909,1119,220,839,60
816,780071506,azul,azul,mcts,vermelho,0,-3,23,90,120,0.7500,0.5714,1947,1051,716,180
817,853399628,verde,verde,mcts,vermelho,0,-3,19,120,120,1.0000,0.0526,2609,1093,1276,240
817,853399628,verde,vermelho,mcts,vermelho,1,3,19,30,0,30.0000,0.1579,1076,224,792,60
817,853399628,verde,azul,mcts,vermelho,0,-3,19,90,120,0.7500,0.0000,1869,994,695,180
818,1422126434,vermelho,verde,mcts,vermelho,0,-3,18,90,120,0.7500,0.0000,1986,1015,791,180
818,1422126434,vermelho,vermelho,mcts,vermelho,1,3,18,30,30,1.0000,0.0000,909,134,715,60
818,1422126434,vermelho,azul,mcts,vermelho,0,-3,18,150,120,1.2500,0.1176,3542,1648,1594,300
819,1002835612,azul,verde,mcts,verde,1,3,12,30,30,1.0000,0.0000,849,198,591,60
819,1002835612,azul,vermelho,mcts,verde,0,-3,12,150,120,1.2500,0.0000,3076,1494,1282,300
819,1002835612,azul,azul,mcts,verde,0,-3,12,90,120,0.7500,0.0000,1939,1011,748,180
820,1448939825,verde,verde,mcts,verde,1,3,26,60,30,2.0000,0.0385,1685,396,1169,120
820,1448939825,verde,vermelho,mcts,verde,0,-3,26,150,120,1.2500,0.0800,3545,1567,1678,300
820,1448939825,verde,azul,mcts,verde,0,-3,26,60,120,0.5000,0.1250,2784,1496,1048,240
821,379393432,vermelho,verde,mcts,vermelho,0,-3,31,120,120,1.0000,0.0000,3225,1197,1788,240
821,379393432,vermelho,vermelho,mcts,vermelho,1,3,31,30,0,30.0000,0.0323,1283,156,1067,60
821,379393432,vermelho,azul,mcts,vermelho,0,-3,31,90,120,0.7500,0.0000,2058,1025,853,180
822,2107298103,azul,verde,mcts,verde,1,3,25,60,30,2.0000,0.0417,1781,471,1190,120
822,2107298103,azul,vermelho,mcts,verde,0,-3,25,150,120,1.2500,0.0000,3757,1749,1708,300
822,2107298103,azul,azul,mcts,verde,0,-3,25,60,120,0.5000,0.2000,1954,982,792,180
823,1528822464,verde,verde,mcts,empate,0,-1,100,0,0,0.0000,0.0000,1982,0,1982,0
823,1528822464,verde,vermelho,mcts,empate,0,-1,100,0,0,0.0000,0.0000,2052,49,2003,0
823,1528822464,verde,azul,mcts,empate,0,-1,100,0,0,0.0000,0.0000,2073,50,2023,0
824,1661114236,vermelho,verde,mcts,vermelho,0,-3,36,120,120,1.0000,0.1143,4022,1617,2105,300
824,1661114236,vermelho,vermelho,mcts,vermelho,1,3,36,30,0,30.0000,0.0833,1483,228,1195,60
824,1661114236,vermelho,azul,mcts,vermelho,0,-3,36,90,120,0.7500,0.1538,2159,1045,934,180
825,900874270,azul,verde,mcts,empate,0,-1,100,0,0,0.0000,0.0000,2057,48,2009,0
825,900874270,azul,vermelho,mcts,empate,0,-1,100,0,0,0.0000,0.0000,2034,49,1985,0
825,900874270,azul,azul,mcts,empate,0,-1,100,0,0,0.0000,0.0100,1871,0,1871,0
826,1705519067,verde,verde,mcts,azul,0,-3,30,140,120,1.1667,0.0667,3805,1664,1841,300
826,1705519067,verde,vermelho,mcts,azul,0,-3,30,90,110,0.8182,0.6667,1934,981,773,180
826,1705519067,verde,azul,mcts,azul,1,3,30,30,30,1.0000,0.1000,1271,193,1018,60
827,1177791765,vermelho,verde,mcts,verde,1,3,14,60,60,1.0000,0.0000,1483,478,885,120
827,1177791765,vermelho,vermelho,mcts,verde,0,-3,14,60,120,0.5000,0.0000,2882,1519,1123,240
827,1177791765,vermelho,azul,mcts,verde,0,-3,14,180,120,1.5000,0.0000,4156,2032,1764,360
828,704217637,azul,verde,mcts,verde,1,3,30,30,90,0.3333,0.0000,2378,572,1626,180
828,704217637,azul,vermelho,mcts,verde,0,-3,30,190,100,1.9000,0.0357,5015,2418,2177,420
828,704217637,azul,azul,mcts,verde,0,-3,30,70,100,0.7000,0.6667,2177,1172,825,180
829,770907264,verde,verde,mcts,azul,0,-3,24,90,120,0.7500,0.8333,2082,1024,878,180
829,770907264,verde,vermelho,mcts,azul,0,-3,24,120,120,1.0000,0.0833,3113,1247,1626,240
829,770907264,verde,azul,mcts,azul,1,3,24,30,0,30.0000,0.1250,1011,92,859,60
830,867905328,vermelho,verde,mcts,azul,0,-3,17,150,120,1.2500,0.0625,3243,1511,1432,300
830,867905328,vermelho,vermelho,mcts,azul,0,-3,17,90,120,0.7500,0.0000,2581,1327,1014,240
830,867905328,vermelho,azul,mcts,azul,1,3,17,30,30,1.0000,0.0000,876,104,712,60
831,1547102212,azul,verde,mcts,vermelho,0,-3,13,150,110,1.3636,0.3333,3337,1532,1505,300
831,1547102212,azul,vermelho,mcts,vermelho,1,3,13,30,30,1.0000,0.0833,873,193,620,60
831,1547102212,azul,azul,mcts,vermelho,0,-3,13,80,120,0.6667,0.0000,2108,1132,796,180
832,1427051027,verde,verde,mcts,vermelho,0,-3,19,90,120,0.7500,0.5000,2594,1288,1066,240
832,1427051027,verde,vermelho,mcts,vermelho,1,3,19,30,30,1.0000,0.1053,957,151,746,60
832,1427051027,verde,azul,mcts,vermelho,0,-3,19,150,120,1.2500,0.1667,4393,2137,1896,360
833,347179498,vermelho,verde,mcts,vermelho,0,-3,12,150,120,1.2500,0.0000,3482,1676,1506,300
833,347179498,vermelho,vermelho,mcts,vermelho,1,3,12,30,30,1.0000,0.0000,869,208,601,60
833,347179498,vermelho,azul,mcts,vermelho,0,-3,12,90,120,0.7500,0.0000,2064,1042,842,180
834,1886650417,azul,verde,mcts,azul,0,-3,27,90,120,0.7500,0.1765,2751,1333,1178,240
834,1886650417,azul,vermelho,mcts,azul,0,-3,27,150,110,1.3636,0.0769,4726,2006,2300,420
834,1886650417,azul,azul,mcts,azul,1,3,27,20,30,0.6667,0.0741,1227,210,957,60
835,15777031,verde,verde,mcts,vermelho,0,-3,17,90,120,0.7500,0.2000,2060,1040,840,180
835,15777031,verde,vermelho,mcts,vermelho,1,3,17,30,30,1.0000,0.0000,899,132,707,60
835,15777031,verde,azul,mcts,vermelho,0,-3,17,150,120,1.2500,0.0000,3528,1641,1587,300
836,1363852363,vermelho,verde,mcts,vermelho,0,-3,32,60,120,0.5000,0.0000,2025,1145,700,180
836,1363852363,vermelho,vermelho,mcts,vermelho,1,3,32,60,30,2.0000,0.0938,1941,447,1374,120
836,1363852363,vermelho,azul,mcts,vermelho,0,-3,32,150,120,1.2500,0.0323,3864,1717,1847,300
837,1258731941,azul,verde,mcts,azul,0,-3,19,150,120,1.2500,0.0000,3542,1646,1596,300
837,1258731941,azul,vermelho,mcts,azul,0,-3,19,90,120,0.7500,0.0000,2049,1014,855,180
837,1258731941,azul,azul,mcts,azul,1,3,19,30,30,1.0000,0.0526,993,170,763,60
838,1494699440,verde,verde,mcts,verde,1,3,34,30,0,30.0000,0.0588,1405,252,1093,60
838,1494699440,verde,vermelho,mcts,verde,0,-3,34,90,120,0.7500,0.0000,2279,950,1149,180
838,1494699440,verde,azul,mcts,verde,0,-3,34,120,120,1.0000,0.0303,3035,1143,1652,240
839,1628579981,vermelho,verde,mcts,verde,1,3,27,30,0,30.0000,0.1154,1102,150,892,60
839,1628579981,vermelho,vermelho,mcts,verde,0,-3,27,120,120,1.0000,0.0000,2971,1138,1593,240
839,1628579981,vermelho,azul,mcts,verde,0,-3,27,90,120,0.7500,0.4000,2026,1061,785,180
840,250397122,azul,verde,mcts,vermelho,0,-3,22,120,120,1.0000,0.0000,2636,1079,1317,240
840,250397122,azul,vermelho,mcts,vermelho,1,3,22,30,0,30.0000,0.0000,936,183,693,60
840,250397122,azul,azul,mcts,vermelho,0,-3,22,90,120,0.7500,0.0000,1960,968,812,180
841,881510746,verde,verde,mcts,verde,1,3,20,40,30,1.3333,0.0000,1657,452,1085,120
841,881510746,verde,vermelho,mcts,verde,0,-3,20,120,110,1.0909,0.0526,3075,1430,1405,240
841,881510746,verde,azul,mcts,verde,0,-3,20,90,110,0.8182,0.1333,2301,1036,1085,180
842,1164238508,vermelho,verde,mcts,vermelho,0,-3,16,120,120,1.0000,0.0667,2874,1215,1419,240
842,1164238508,vermelho,vermelho,mcts,vermelho,1,3,16,30,0,30.0000,0.1250,903,130,713,60
842,1164238508,vermelho,azul,mcts,vermelho,0,-3,16,90,120,0.7500,0.2000,2048,1022,846,180
843,1457461325,azul,verde,mcts,verde,1,3,18,30,30,1.0000,0.0000,941,218,663,60
843,1457461325,azul,vermelho,mcts,verde,0,-3,18,90,120,0.7500,0.0000,1974,970,824,180
843,1457461325,azul,azul,mcts,verde,0,-3,18,150,120,1.2500,0.1176,3361,1547,1514,300
844,1551343355,verde,verde,mcts,vermelho,0,-3,17,90,120,0.7500,0.1250,2101,1041,880,180
844,1551343355,verde,vermelho,mcts,vermelho,1,3,17,30,0,30.0000,0.0000,931,187,684,60
844,1551343355,verde,azul,mcts,vermelho,0,-3,17,120,120,1.0000,0.0625,2845,1229,1376,240
845,2140318315,vermelho,verde,mcts,vermelho,0,-3,18,150,120,1.2500,0.0000,3510,1621,1589,300
845,2140318315,vermelho,vermelho,mcts,vermelho,1,3,18,30,30,1.0000,0.1667,885,131,694,60
845,2140318315,vermelho,azul,mcts,vermelho,0,-3,18,90,120,0.7500,0.0000,2029,1035,814,180
846,2014609842,azul,verde,mcts,vermelho,0,-3,7,90,120,0.7500,0.0000,2035,1016,839,180
846,2014609842,azul,vermelho,mcts,vermelho,1,3,7,30,0,30.0000,0.5000,764,249,455,60
846,2014609842,azul,azul,mcts,vermelho,0,-3,7,120,120,1.0000,0.0000,2911,1619,1052,240
847,582212434,verde,verde,mcts,azul,0,-3,43,90,120,0.7500,0.0000,2060,1042,838,180
847,582212434,verde,vermelho,mcts,azul,0,-3,43,150,120,1.2500,0.0000,4196,1666,2230,300
847,582212434,verde,azul,mcts,azul,1,3,43,30,30,1.0000,0.0233,1444,96,1288,60
848,2005396972,vermelho,verde,mcts,azul,0,-3,10,90,120,0.7500,0.0000,2007,1043,784,180
848,2005396972,vermelho,vermelho,mcts,azul,0,-3,10,150,120,1.2500,0.4000,3286,1599,1387,300
848,2005396972,vermelho,azul,mcts,azul,1,3,10,30,30,1.0000,0.0000,1244,261,863,120
849,396879593,azul,verde,mcts,verde,1,3,24,30,0,30.0000,0.0000,1076,151,865,60
849,396879593,azul,vermelho,mcts,verde,0,-3,24,90,120,0.7500,0.0000,2704,1252,1212,240
849,396879593,azul,azul,mcts,verde,0,-3,24,120,120,1.0000,0.0000,3721,1562,1859,300
850,73218816,verde,verde,mcts,vermelho,0,-3,19,90,120,0.7500,0.0000,2054,1014,860,180
850,73218816,verde,vermelho,mcts,vermelho,1,3,19,30,30,1.0000,0.1053,962,180,722,60
850,73218816,verde,azul,mcts,vermelho,0,-3,19,150,120,1.2500,0.0000,3602,1666,1636,300
851,1734867821,vermelho,verde,mcts,vermelho,0,-3,22,150,120,1.2500,0.0476,3432,1555,1577,300
851,1734867821,vermelho,vermelho,mcts,vermelho,1,3,22,30,30,1.0000,0.0455,1063,170,833,60
851,1734867821,vermelho,azul,mcts,vermelho,0,-3,22,90,120,0.7500,0.0000,1958,967,811,180
852,532289079,azul,verde,mcts,vermelho,0,-3,27,90,110,0.8182,0.8000,2030,1012,838,180
852,532289079,azul,vermelho,mcts,vermelho,1,3,27,30,0,30.0000,0.0000,1032,120,852,60
852,532289079,azul,azul,mcts,vermelho,0,-3,27,110,120,0.9167,0.0769,3159,1277,1642,240
853,1631779701,verde,verde,mcts,verde,1,3,21,30,30,1.0000,0.0000,1054,179,815,60
853,1631779701,verde,vermelho,mcts,verde,0,-3,21,90,110,0.8182,0.1111,1990,1061,749,180
853,1631779701,verde,azul,mcts,verde,0,-3,21,140,120,1.1667,0.1000,3349,1545,1504,300
854,85258658,vermelho,verde,mcts,verde,1,3,30,30,0,30.0000,0.0000,1122,100,962,60
854,85258658,vermelho,vermelho,mcts,verde,0,-3,30,90,120,0.7500,0.0000,2770,1302,1228,240
854,85258658,vermelho,azul,mcts,verde,0,-3,30,120,120,1.0000,0.0690,3901,1737,1864,300
855,942012666,azul,verde,mcts,verde,1,3,23,30,30,1.0000,0.0909,1005,147,798,60
855,942012666,azul,vermelho,mcts,verde,0,-3,23,150,120,1.2500,0.0952,3635,1633,1702,300
855,942012666,azul,azul,mcts,verde,0,-3,23,90,120,0.7500,0.1111,2123,1045,898,180
856,1074658908,verde,verde,mcts,vermelho,0,-3,15,120,120,1.0000,0.0000,2758,1213,1305,240
856,1074658908,verde,vermelho,mcts,vermelho,1,3,15,30,0,30.0000,0.1333,951,187,704,60
856,1074658908,verde,azul,mcts,vermelho,0,-3,15,90,120,0.7500,0.0000,2069,1023,866,180
857,245171136,vermelho,verde,mcts,azul,0,-3,27,150,120,1.2500,0.0000,3463,1549,1614,300
857,245171136,vermelho,vermelho,mcts,azul,0,-3,27,60,120,0.5000,0.0000,2046,1121,745,180
857,245171136,vermelho,azul,mcts,azul,1,3,27,60,30,2.0000,0.0370,1670,369,1181,120
858,2021010886,azul,verde,mcts,verde,1,3,19,30,30,1.0000,0.0000,947,176,711,60
858,2021010886,azul,vermelho,mcts,verde,0,-3,19,90,120,0.7500,0.0000,2078,1036,862,180
858,2021010886,azul,azul,mcts,verde,0,-3,19,150,120,1.2500,0.1111,3573,1636,1637,300
859,329362190,verde,verde,mcts,verde,1,3,36,30,0,30.0000,0.0278,1141,112,969,60
859,329362190,verde,vermelho,mcts,verde,0,-3,36,90,110,0.8182,0.3158,2399,1071,1148,180
859,329362190,verde,azul,mcts,verde,0,-3,36,110,120,0.9167,0.0286,3396,1325,1831,240
860,820834749,vermelho,verde,mcts,verde,1,3,33,30,0,30.0000,0.0625,1322,220,1042,60
860,820834749,vermelho,vermelho,mcts,verde,0,-3,33,90,120,0.7500,0.0000,2225,1054,991,180
860,820834749,vermelho,azul,mcts,verde,0,-3,33,120,120,1.0000,0.0000,3909,1668,1941,300
861,1440881829,azul,verde,mcts,empate,0,-1,100,0,0,0.0000,0.4040,2507,0,2507,0
861,1440881829,azul,vermelho,mcts,empate,0,-1,100,90,120,0.7500,0.0000,2087,1067,840,180
861,1440881829,azul,azul,mcts,empate,0,-1,100,120,90,1.3333,0.0000,3957,1297,2420,240
862,106408623,verde,verde,mcts,vermelho,0,-3,33,90,120,0.7500,0.0000,2112,1051,881,180
862,106408623,verde,vermelho,mcts,vermelho,1,3,33,30,30,1.0000,0.0303,1155,211,884,60
862,106408623,verde,azul,mcts,vermelho,0,-3,33,150,120,1.2500,0.0625,4009,1659,2050,300
863,1817240856,vermelho,verde,mcts,verde,1,3,37,30,30,1.0000,0.1667,1323,104,1159,60
863,1817240856,vermelho,vermelho,mcts,verde,0,-3,37,90,120,0.7500,0.1333,3598,1837,1461,300
863,1817240856,vermelho,azul,mcts,verde,0,-3,37,150,120,1.2500,0.1389,4751,2098,2293,360
864,1768830967,azul,verde,mcts,azul,0,-3,15,150,120,1.2500,0.0000,3406,1566,1540,300
864,1768830967,azul,vermelho,mcts,azul,0,-3,15,90,120,0.7500,0.0000,2848,1434,1174,240
864,1768830967,azul,azul,mcts,azul,1,3,15,30,30,1.0000,0.0667,916,191,665,60
865,1437286984,verde,verde,mcts,vermelho,0,-3,16,90,120,0.7500,0.1667,2031,1052,799,180
865,1437286984,verde,vermelho,mcts,vermelho,1,3,16,30,30,1.0000,0.0000,862,135,667,60
865,1437286984,verde,azul,mcts,vermelho,0,-3,16,150,120,1.2500,0.1333,3343,1607,1436,300
866,525821035,vermelho,verde,mcts,vermelho,0,-3,16,120,120,1.0000,0.0667,2842,1221,1381,240
866,525821035,vermelho,vermelho,mcts,vermelho,1,3,16,30,0,30.0000,0.0000,944,196,688,60
866,525821035,vermelho,azul,mcts,vermelho,0,-3,16,90,120,0.7500,0.2000,2042,1037,825,180
867,797956592,azul,verde,mcts,verde,1,3,26,30,0,30.0000,0.0800,1178,189,929,60
867,797956592,azul,vermelho,mcts,verde,0,-3,26,90,120,0.7500,0.1667,2162,1075,907,180
867,797956592,azul,azul,mcts,verde,0,-3,26,120,120,1.0000,0.0000,3179,1276,1663,240
868,895959840,verde,verde,mcts,vermelho,0,-3,17,140,120,1.1667,0.1176,3720,1759,1661,300
868,895959840,verde,vermelho,mcts,vermelho,1,3,17,30,30,1.0000,0.1176,968,194,714,60
868,895959840,verde,azul,mcts,vermelho,0,-3,17,90,110,0.8182,0.5000,2169,1075,914,180
869,704269707,vermelho,verde,mcts,vermelho,0,-3,16,150,120,1.2500,0.0000,3345,1559,1486,300
869,704269707,vermelho,vermelho,mcts,vermelho,1,3,16,30,30,1.0000,0.0000,935,197,678,60
869,704269707,vermelho,azul,mcts,vermelho,0,-3,16,90,120,0.7500,0.0000,2006,989,837,180
870,1136894587,azul,verde,mcts,vermelho,0,-3,31,180,120,1.5000,0.0000,4692,2088,2184,420
870,1136894587,azul,vermelho,mcts,vermelho,1,3,31,90,60,1.5000,0.0000,2309,648,1481,180
870,1136894587,azul,azul,mcts,vermelho,0,-3,31,30,120,0.2500,0.0000,2347,1340,827,180
871,94009992,verde,verde,mcts,azul,0,-3,18,90,120,0.7500,0.0000,1894,992,722,180
871,94009992,verde,vermelho,mcts,azul,0,-3,18,120,120,1.0000,0.0556,2912,1212,1460,240
871,94009992,verde,azul,mcts,azul,1,3,18,30,0,30.0000,0.0000,909,138,711,60
872,323377721,vermelho,verde,mcts,vermelho,0,-3,57,60,120,0.5000,0.0000,2677,1044,1453,180
872,323377721,vermelho,vermelho,mcts,vermelho,1,3,57,60,30,2.0000,0.0526,2429,377,1932,120
872,323377721,vermelho,azul,mcts,vermelho,0,-3,57,150,120,1.2500,0.0357,4440,1631,2509,300
873,1854823995,azul,verde,mcts,verde,1,3,34,30,0,30.0000,0.0606,1219,101,1058,60
873,1854823995,azul,vermelho,mcts,verde,0,-3,34,120,120,1.0000,0.0000,3253,1256,1757,240
873,1854823995,azul,azul,mcts,verde,0,-3,34,90,120,0.7500,0.0000,2093,1050,863,180
874,1320851921,verde,verde,mcts,vermelho,0,-3,13,140,120,1.1667,0.0769,5479,2769,2230,480
874,1320851921,verde,vermelho,mcts,vermelho,1,3,13,90,30,3.0000,0.0000,2107,809,1118,180
874,1320851921,verde,azul,mcts,vermelho,0,-3,13,30,110,0.2727,0.7500,1977,1117,680,180
875,53599161,vermelho,verde,mcts,verde,1,3,51,30,30,1.0000,0.0600,1708,251,1397,60
875,53599161,vermelho,vermelho,mcts,verde,0,-3,51,150,120,1.2500,0.0200,4441,1692,2449,300
875,53599161,vermelho,azul,mcts,verde,0,-3,51,90,120,0.7500,0.0000,2047,1041,826,180
876,1714789643,azul,verde,mcts,verde,1,3,36,30,30,1.0000,0.0571,1356,165,1131,60
876,1714789643,azul,vermelho,mcts,verde,0,-3,36,90,120,0.7500,0.0000,2816,1338,1238,240
876,1714789643,azul,azul,mcts,verde,0,-3,36,150,120,1.2500,0.0000,3989,1736,1953,300
877,2001167285,verde,verde,mcts,verde,1,3,13,30,0,30.0000,0.1538,877,194,623,60
877,2001167285,verde,vermelho,mcts,verde,0,-3,13,120,120,1.0000,0.0000,2752,1198,1314,240
877,2001167285,verde,azul,mcts,verde,0,-3,13,90,120,0.7500,0.0000,1933,983,770,180
878,236604881,vermelho,verde,mcts,verde,1,3,30,30,30,1.0000,0.0000,1152,182,910,60
878,236604881,vermelho,vermelho,mcts,verde,0,-3,30,90,120,0.7500,0.1250,2800,1350,1210,240
878,236604881,vermelho,azul,mcts,verde,0,-3,30,150,120,1.2500,0.0690,4675,2078,2237,360
879,836176005,azul,verde,mcts,verde,1,3,25,30,0,30.0000,0.0000,1041,129,852,60
879,836176005,azul,vermelho,mcts,verde,0,-3,25,120,120,1.0000,0.0000,3466,1455,1711,300
879,836176005,azul,azul,mcts,verde,0,-3,25,90,120,0.7500,0.0000,2797,1360,1197,240
880,1096791990,verde,verde,mcts,azul,0,-3,12,90,120,0.7500,0.0000,2044,1023,841,180
880,1096791990,verde,vermelho,mcts,azul,0,-3,12,120,120,1.0000,0.0000,2771,1200,1331,240
880,1096791990,verde,azul,mcts,azul,1,3,12,30,0,30.0000,0.0000,820,150,610,60
881,1331799799,vermelho,verde,mcts,azul,0,-3,23,90,120,0.7500,0.0000,1958,1032,746,180
881,1331799799,vermelho,vermelho,mcts,azul,0,-3,23,120,120,1.0000,0.1304,3023,1251,1532,240
881,1331799799,vermelho,azul,mcts,azul,1,3,23,30,0,30.0000,0.0870,1041,122,859,60
882,237640937,azul,verde,mcts,verde,1,3,30,60,30,2.0000,0.0000,1781,371,1290,120
882,237640937,azul,vermelho,mcts,verde,0,-3,30,60,120,0.5000,0.0000,2074,1103,791,180
882,237640937,azul,azul,mcts,verde,0,-3,30,150,120,1.2500,0.0000,3832,1690,1842,300
883,1455511300,verde,verde,mcts,azul,0,-3,32,150,120,1.2500,0.0938,4018,1730,1988,300
883,1455511300,verde,vermelho,mcts,azul,0,-3,32,90,120,0.7500,0.0000,2873,1302,1331,240
883,1455511300,verde,azul,mcts,azul,1,3,32,30,30,1.0000,0.0313,1101,182,859,60
884,1910967048,vermelho,verde,mcts,vermelho,0,-3,15,90,120,0.7500,0.6000,1942,989,773,180
884,1910967048,vermelho,vermelho,mcts,vermelho,1,3,15,30,0,30.0000,0.0667,894,164,670,60
884,1910967048,vermelho,azul,mcts,vermelho,0,-3,15,120,120,1.0000,0.0714,2744,1165,1339,240
885,1277800770,azul,verde,mcts,azul,0,-3,16,90,120,0.7500,0.0000,1915,987,748,180
885,1277800770,azul,vermelho,mcts,azul,0,-3,16,150,120,1.2500,0.0667,3416,1633,1483,300
885,1277800770,azul,azul,mcts,azul,1,3,16,30,30,1.0000,0.0000,963,187,716,60
886,695659536,verde,verde,mcts,verde,1,3,18,30,30,1.0000,0.0000,917,135,722,60
886,695659536,verde,vermelho,mcts,verde,0,-3,18,90,120,0.7500,0.0000,1930,1016,734,180
886,695659536,verde,azul,mcts,verde,0,-3,18,150,120,1.2500,0.0000,3535,1665,1570,300
887,2127157764,vermelho,verde,mcts,verde,1,3,22,30,30,1.0000,0.0476,1026,199,767,60
887,2127157764,vermelho,vermelho,mcts,verde,0,-3,22,150,120,1.2500,0.0000,3664,1625,1739,300
887,2127157764,vermelho,azul,mcts,verde,0,-3,22,90,120,0.7500,0.0000,2034,1040,814,180
888,249328386,azul,verde,mcts,verde,1,3,23,30,30,1.0000,0.3182,1079,160,859,60
888,249328386,azul,vermelho,mcts,verde,0,-3,23,150,120,1.2500,0.0000,3728,1704,1724,300
888,249328386,azul,azul,mcts,verde,0,-3,23,90,120,0.7500,0.0000,2719,1280,1199,240
889,832162818,verde,verde,mcts,empate,0,-1,100,0,0,0.0000,0.0000,2032,49,1983,0
889,832162818,verde,vermelho,mcts,empate,0,-1,100,0,0,0.0000,0.0200,2591,0,2591,0
889,832162818,verde,azul,mcts,empate,0,-1,100,0,0,0.0000,0.0000,1958,48,1910,0
890,649770543,vermelho,verde,mcts,verde,1,3,22,30,0,30.0000,0.2857,1003,151,792,60
890,649770543,vermelho,vermelho,mcts,verde,0,-3,22,120,120,1.0000,0.0952,3931,1724,1907,300
890,649770543,vermelho,azul,mcts,verde,0,-3,22,90,120,0.7500,0.1250,2141,1055,906,180
891,1075216718,azul,verde,mcts,verde,1,3,29,90,90,1.0000,0.0357,2393,766,1447,180
891,1075216718,azul,vermelho,mcts,verde,0,-3,29,30,120,0.2500,0.0000,2120,1146,794,180
891,1075216718,azul,azul,mcts,verde,0,-3,29,210,120,1.7500,0.0357,4892,2149,2323,420
892,1401413882,verde,verde,mcts,azul,0,-3,21,120,120,1.0000,0.1905,2999,1227,1532,240
892,1401413882,verde,vermelho,mcts,azul,0,-3,21,90,120,0.7500,0.4286,2089,1033,876,180
892,1401413882,verde,azul,mcts,azul,1,3,21,30,0,30.0000,0.0476,1039,155,824,60
893,1914617522,vermelho,verde,mcts,vermelho,0,-3,15,120,120,1.0000,0.0000,2644,1156,1248,240
893,1914617522,vermelho,vermelho,mcts,vermelho,1,3,15,30,0,30.0000,0.0000,921,174,687,60
893,1914617522,vermelho,azul,mcts,vermelho,0,-3,15,90,120,0.7500,0.1818,2691,1244,1207,240
894,1396172170,azul,verde,mcts,verde,1,3,13,60,0,60.0000,0.0000,1818,774,924,120
894,1396172170,azul,vermelho,mcts,verde,0,-3,13,90,120,0.7500,0.0909,2184,1037,967,180
894,1396172170,azul,azul,mcts,verde,0,-3,13,90,120,0.7500,0.1818,2172,1038,954,180
895,147524269,verde,verde,mcts,vermelho,0,-3,13,120,120,1.0000,0.0000,2829,1249,1340,240
895,147524269,verde,vermelho,mcts,vermelho,1,3,13,30,0,30.0000,0.2308,931,232,639,60
895,147524269,verde,azul,mcts,vermelho,0,-3,13,90,120,0.7500,0.0000,2143,1034,929,180
896,88215447,vermelho,verde,mcts,vermelho,0,-3,18,120,120,1.0000,0.0000,2781,1211,1330,240
896,88215447,vermelho,vermelho,mcts,vermelho,1,3,18,30,0,30.0000,0.0000,1092,258,774,60
896,88215447,vermelho,azul,mcts,vermelho,0,-3,18,90,120,0.7500,0.0000,2118,1058,880,180
897,1935253783,azul,verde,mcts,verde,1,3,21,30,30,1.0000,0.1500,1651,408,1123,120
897,1935253783,azul,vermelho,mcts,verde,0,-3,21,150,120,1.2500,0.1579,3696,1651,1745,300
897,1935253783,azul,azul,mcts,verde,0,-3,21,90,120,0.7500,0.0000,2040,1020,840,180
898,1096714693,verde,verde,mcts,verde,1,3,14,30,30,1.0000,0.1429,917,185,672,60
898,1096714693,verde,vermelho,mcts,verde,0,-3,14,90,120,0.7500,0.0000,2170,1056,934,180
898,1096714693,verde,azul,mcts,verde,0,-3,14,150,120,1.2500,0.0769,3588,1687,1601,300
899,1895563606,vermelho,verde,mcts,azul,0,-3,28,90,120,0.7500,0.0000,2076,1016,880,180
899,1895563606,vermelho,vermelho,mcts,azul,0,-3,28,150,120,1.2500,0.0357,3708,1663,1745,300
899,1895563606,vermelho,azul,mcts,azul,1,3,28,30,30,1.0000,0.0357,1102,99,943,60
900,767593850,azul,verde,mcts,vermelho,0,-3,15,80,120,0.6667,0.0000,2430,1091,1159,180
900,767593850,azul,vermelho,mcts,vermelho,1,3,15,110,80,1.3750,0.2857,3821,1747,1774,300
900,767593850,azul,azul,mcts,vermelho,0,-3,15,120,110,1.0909,0.3077,3531,1850,1381,300
901,1987371659,verde,verde,mcts,azul,0,-3,32,60,120,0.5000,0.0000,2188,1101,907,180
901,1987371659,verde,vermelho,mcts,azul,0,-3,32,180,120,1.5000,0.0000,4340,1989,1991,360
901,1987371659,verde,azul,mcts,azul,1,3,32,60,60,1.0000,0.0625,1801,385,1296,120
902,27872805,vermelho,verde,mcts,verde,1,3,21,30,30,1.0000,0.0000,978,147,771,60
902,27872805,vermelho,vermelho,mcts,verde,0,-3,21,90,120,0.7500,0.0000,2027,1011,836,180
902,27872805,vermelho,azul,mcts,verde,0,-3,21,150,120,1.2500,0.0500,3683,1656,1727,300
903,1123407133,azul,verde,mcts,vermelho,0,-3,18,90,120,0.7500,0.4000,2116,1063,873,180
903,1123407133,azul,vermelho,mcts,vermelho,1,3,18,30,30,1.0000,0.1176,948,177,711,60
903,1123407133,azul,azul,mcts,vermelho,0,-3,18,150,120,1.2500,0.1765,3626,1693,1633,300
904,1876146646,verde,verde,mcts,azul,0,-3,27,120,120,1.0000,0.0741,3141,1223,1678,240
904,1876146646,verde,vermelho,mcts,azul,0,-3,27,90,120,0.7500,0.0000,2020,1054,786,180
904,1876146646,verde,azul,mcts,azul,1,3,27,30,0,30.0000,0.0370,1211,193,958,60
905,1941871429,vermelho,verde,mcts,vermelho,0,-3,17,60,120,0.5000,0.0000,1599,771,708,120
905,1941871429,vermelho,vermelho,mcts,vermelho,1,3,17,90,30,3.0000,0.0000,2395,1043,1172,180
905,1941871429,vermelho,azul,mcts,vermelho,0,-3,17,120,120,1.0000,0.0625,3501,2186,1075,240
906,562041356,azul,verde,mcts,vermelho,0,-3,33,120,120,1.0000,0.0938,3290,1221,1829,240
906,562041356,azul,vermelho,mcts,vermelho,1,3,33,30,0,30.0000,0.0313,1308,153,1095,60
906,562041356,azul,azul,mcts,vermelho,0,-3,33,90,120,0.7500,0.0000,2107,1101,826,180
907,1137382925,verde,verde,mcts,vermelho,0,-3,13,90,120,0.7500,0.0000,2026,1058,788,180
907,1137382925,verde,vermelho,mcts,vermelho,1,3,13,30,30,1.0000,0.0769,884,217,607,60
907,1137382925,verde,azul,mcts,vermelho,0,-3,13,150,120,1.2500,0.0000,3428,1625,1503,300
908,44253473,vermelho,verde,mcts,azul,0,-3,26,90,120,0.7500,0.0000,2273,1049,1044,180
908,44253473,vermelho,vermelho,mcts,azul,0,-3,26,120,120,1.0000,0.0000,3054,1209,1605,240
908,44253473,vermelho,azul,mcts,azul,1,3,26,30,0,30.0000,0.0000,1149,174,915,60
909,1560650065,azul,verde,mcts,vermelho,0,-3,35,150,120,1.2500,0.0294,3954,1651,2003,300
909,1560650065,azul,vermelho,mcts,vermelho,1,3,35,30,30,1.0000,0.0882,1099,115,924,60
909,1560650065,azul,azul,mcts,vermelho,0,-3,35,90,120,0.7500,0.6000,1987,1007,800,180
910,412950855,verde,verde,mcts,vermelho,0,-3,28,150,120,1.2500,0.1786,3597,1544,1753,300
910,412950855,verde,vermelho,mcts,vermelho,1,3,28,30,30,1.0000,0.0357,1241,189,992,60
910,412950855,verde,azul,mcts,vermelho,0,-3,28,90,120,0.7500,0.0909,2020,1012,828,180
911,607510251,vermelho,verde,mcts,vermelho,0,-3,26,150,120,1.2500,0.0000,3821,1734,1787,300
911,607510251,vermelho,vermelho,mcts,vermelho,1,3,26,30,30,1.0000,0.0000,1192,171,961,60
911,607510251,vermelho,azul,mcts,vermelho,0,-3,26,90,120,0.7500,0.0000,2265,1049,1036,180
912,1238126236,azul,verde,mcts,vermelho,0,-3,19,90,120,0.7500,0.0000,2065,1017,868,180
912,1238126236,azul,vermelho,mcts,vermelho,1,3,19,30,0,30.0000,0.0000,931,137,734,60
912,1238126236,azul,azul,mcts,vermelho,0,-3,19,120,120,1.0000,0.0000,2943,1217,1486,240
913,1121641946,verde,verde,mcts,azul,0,-3,17,150,120,1.2500,0.0000,3593,1704,1589,300
913,1121641946,verde,vermelho,mcts,azul,0,-3,17,60,120,0.5000,0.0000,2120,1092,848,180
913,1121641946,verde,azul,mcts,azul,1,3,17,60,30,2.0000,0.0588,1444,369,955,120
914,420667202,vermelho,verde,mcts,vermelho,0,-3,30,90,120,0.7500,0.2500,2245,1071,994,180
914,420667202,vermelho,vermelho,mcts,vermelho,1,3,30,30,30,1.0000,0.0000,1295,193,1042,60
914,420667202,vermelho,azul,mcts,vermelho,0,-3,30,150,120,1.2500,0.0345,3920,1710,1910,300
915,1568625357,azul,verde,mcts,verde,1,3,17,30,0,30.0000,0.1875,986,241,685,60
915,1568625357,azul,vermelho,mcts,verde,0,-3,17,120,120,1.0000,0.0000,2938,1260,1438,240
915,1568625357,azul,azul,mcts,verde,0,-3,17,90,120,0.7500,0.0000,2939,1448,1251,240
916,988698174,verde,verde,mcts,azul,0,-3,13,120,120,1.0000,0.0769,2719,1215,1264,240
916,988698174,verde,vermelho,mcts,azul,0,-3,13,90,120,0.7500,0.0000,1992,1023,789,180
916,988698174,verde,azul,mcts,azul,1,3,13,30,0,30.0000,0.0769,908,213,635,60
917,1920469873,vermelho,verde,mcts,verde,1,3,40,30,0,30.0000,0.0000,1374,146,1168,60
917,1920469873,vermelho,vermelho,mcts,verde,0,-3,40,120,120,1.0000,0.0256,3537,1261,2036,240
917,1920469873,vermelho,azul,mcts,verde,0,-3,40,90,120,0.7500,0.6000,2101,1080,841,180
918,427165887,azul,verde,mcts,vermelho,0,-3,18,120,120,1.0000,0.0588,3001,1280,1481,240
918,427165887,azul,vermelho,mcts,vermelho,1,3,18,30,0,30.0000,0.0588,1040,226,754,60
918,427165887,azul,azul,mcts,vermelho,0,-3,18,90,120,0.7500,0.0000,2071,1051,840,180
919,1734036530,verde,verde,mcts,vermelho,0,-3,33,90,120,0.7500,0.0000,2037,973,884,180
919,1734036530,verde,vermelho,mcts,vermelho,1,3,33,30,30,1.0000,0.0303,1252,153,1039,60
919,1734036530,verde,azul,mcts,vermelho,0,-3,33,150,120,1.2500,0.0000,3646,1574,1772,300
920,1207230511,vermelho,verde,mcts,azul,0,-3,22,60,120,0.5000,0.1250,2542,1201,1101,240
920,1207230511,vermelho,vermelho,mcts,azul,0,-3,22,150,120,1.2500,0.0000,3340,1538,1502,300
920,1207230511,vermelho,azul,mcts,azul,1,3,22,60,30,2.0000,0.1364,1478,290,1068,120
921,107751489,azul,verde,mcts,vermelho,0,-3,24,120,120,1.0000,0.0000,2994,1242,1512,240
921,107751489,azul,vermelho,mcts,vermelho,1,3,24,30,0,30.0000,0.0435,1065,192,813,60
921,107751489,azul,azul,mcts,vermelho,0,-3,24,90,120,0.7500,0.0000,2022,1041,801,180
922,66732485,verde,verde,mcts,vermelho,0,-3,14,210,110,1.9091,0.0714,4814,2346,2048,420
922,66732485,verde,vermelho,mcts,vermelho,1,3,14,50,90,0.5556,0.2143,1929,519,1230,180
922,66732485,verde,azul,mcts,vermelho,0,-3,14,60,120,0.5000,0.0000,2132,1167,785,180
923,18312935,vermelho,verde,mcts,verde,1,3,37,30,0,30.0000,0.1111,1398,152,1186,60
923,18312935,vermelho,vermelho,mcts,verde,0,-3,37,120,120,1.0000,0.1111,2995,1161,1594,240
923,18312935,vermelho,azul,mcts,verde,0,-3,37,90,120,0.7500,0.1667,1892,993,719,180
924,1367906468,azul,verde,mcts,vermelho,0,-3,11,90,120,0.7500,0.0000,2694,1290,1164,240
924,1367906468,azul,vermelho,mcts,vermelho,1,3,11,30,0,30.0000,0.0000,811,185,566,60
924,1367906468,azul,azul,mcts,vermelho,0,-3,11,120,120,1.0000,0.0000,3358,1528,1530,300
925,1533422519,verde,verde,mcts,verde,1,3,13,30,30,1.0000,0.0769,912,202,650,60
925,1533422519,verde,vermelho,mcts,verde,0,-3,13,90,120,0.7500,0.1429,2081,1032,869,180
925,1533422519,verde,azul,mcts,verde,0,-3,13,150,120,1.2500,0.2500,3492,1666,1526,300
926,372069853,vermelho,verde,mcts,azul,0,-3,13,150,110,1.3636,0.1667,3544,1708,1536,300
926,372069853,vermelho,vermelho,mcts,azul,0,-3,13,50,120,0.4167,0.0000,2153,1212,761,180
926,372069853,vermelho,azul,mcts,azul,1,3,13,60,30,2.0000,0.0000,1509,461,928,120
927,778134302,azul,verde,mcts,vermelho,0,-3,39,90,120,0.7500,0.0667,3097,1470,1387,240
927,778134302,azul,vermelho,mcts,vermelho,1,3,39,30,30,1.0000,0.0526,1427,142,1225,60
927,778134302,azul,azul,mcts,vermelho,0,-3,39,150,120,1.2500,0.0263,4088,1709,2079,300
928,1831905812,verde,verde,mcts,azul,0,-3,11,90,120,0.7500,0.0000,2010,1025,805,180
928,1831905812,verde,vermelho,mcts,azul,0,-3,11,150,120,1.2500,0.0000,3398,1681,1417,300
928,1831905812,verde,azul,mcts,azul,1,3,11,30,30,1.0000,0.0000,803,180,563,60
929,991318533,vermelho,verde,mcts,azul,0,-3,26,90,120,0.7500,0.0000,2013,1016,817,180
929,991318533,vermelho,vermelho,mcts,azul,0,-3,26,150,120,1.2500,0.0385,3578,1543,1735,300
929,991318533,vermelho,azul,mcts,azul,1,3,26,30,30,1.0000,0.1154,1103,154,889,60
930,1706283989,azul,verde,mcts,verde,1,3,15,30,30,1.0000,0.1429,902,190,652,60
930,1706283989,azul,vermelho,mcts,verde,0,-3,15,90,120,0.7500,0.0000,2031,1007,844,180
930,1706283989,azul,azul,mcts,verde,0,-3,15,150,120,1.2500,0.0000,3475,1622,1553,300
931,1594119628,verde,verde,mcts,verde,1,3,14,30,0,30.0000,0.0000,878,158,660,60
931,1594119628,verde,vermelho,mcts,verde,0,-3,14,100,120,0.8333,0.1538,3005,1398,1367,240
931,1594119628,verde,azul,mcts,verde,0,-3,14,90,100,0.9000,0.7500,2018,1016,822,180
932,1114523884,vermelho,verde,mcts,azul,0,-3,15,120,120,1.0000,0.0000,2872,1226,1406,240
932,1114523884,vermelho,vermelho,mcts,azul,0,-3,15,90,120,0.7500,0.0000,2232,1023,1029,180
932,1114523884,vermelho,azul,mcts,azul,1,3,15,30,0,30.0000,0.0000,1047,294,693,60
933,422079920,azul,verde,mcts,azul,0,-3,25,90,120,0.7500,0.8000,2027,1038,809,180
933,422079920,azul,vermelho,mcts,azul,0,-3,25,120,120,1.0000,0.1250,3047,1216,1591,240
933,422079920,azul,azul,mcts,azul,1,3,25,30,0,30.0000,0.0400,1499,235,1144,120
934,1042459231,verde,verde,mcts,azul,0,-3,20,90,120,0.7500,0.5000,2039,1039,820,180
934,1042459231,verde,vermelho,mcts,azul,0,-3,20,120,120,1.0000,0.1500,2915,1139,1536,240
934,1042459231,verde,azul,mcts,azul,1,3,20,30,0,30.0000,0.0000,1000,148,792,60
935,712723097,vermelho,verde,mcts,verde,1,3,24,30,0,30.0000,0.0000,1140,197,883,60
935,712723097,vermelho,vermelho,mcts,verde,0,-3,24,110,120,0.9167,0.0870,2914,1216,1458,240
935,712723097,vermelho,azul,mcts,verde,0,-3,24,90,110,0.8182,0.3077,2720,1264,1216,240
936,1168590347,azul,verde,mcts,azul,0,-3,22,180,120,1.5000,0.1905,5024,2478,2126,420
936,1168590347,azul,vermelho,mcts,azul,0,-3,22,60,120,0.5000,0.0000,2721,1378,1103,240
936,1168590347,azul,azul,mcts,azul,1,3,22,60,60,1.0000,0.1364,1498,337,1041,120
937,1071684288,verde,verde,mcts,azul,0,-3,29,90,120,0.7500,0.0000,2240,1022,1038,180
937,1071684288,verde,vermelho,mcts,azul,0,-3,29,150,120,1.2500,0.1034,3849,1660,1889,300
937,1071684288,verde,azul,mcts,azul,1,3,29,30,30,1.0000,0.0000,1269,197,1012,60
938,538693465,vermelho,verde,mcts,verde,1,3,68,30,30,1.0000,0.0000,1936,244,1632,60
938,538693465,vermelho,vermelho,mcts,verde,0,-3,68,90,120,0.7500,0.0870,2989,1297,1452,240
938,538693465,vermelho,azul,mcts,verde,0,-3,68,150,120,1.2500,0.0896,4663,1552,2811,300
939,1540251139,azul,verde,mcts,azul,0,-3,29,210,120,1.7500,0.0714,4839,2184,2235,420
939,1540251139,azul,vermelho,mcts,azul,0,-3,29,90,120,0.7500,0.0000,2027,1066,781,180
939,1540251139,azul,azul,mcts,azul,1,3,29,30,90,0.3333,0.0690,1923,339,1404,180
940,1431387882,verde,verde,mcts,vermelho,0,-3,22,90,120,0.7500,0.0000,1993,1009,804,180
940,1431387882,verde,vermelho,mcts,vermelho,1,3,22,30,30,1.0000,0.0000,1072,153,859,60
940,1431387882,verde,azul,mcts,vermelho,0,-3,22,150,120,1.2500,0.0000,3318,1488,1530,300
941,1385593444,vermelho,verde,mcts,verde,1,3,10,30,0,30.0000,0.0000,816,219,537,60
941,1385593444,vermelho,vermelho,mcts,verde,0,-3,10,90,120,0.7500,0.0000,1892,971,741,180
941,1385593444,vermelho,azul,mcts,verde,0,-3,10,120,120,1.0000,0.0000,2387,1067,1080,240
942,602949509,azul,verde,mcts,vermelho,0,-3,65,120,120,1.0000,0.0625,3629,1096,2293,240
942,602949509,azul,vermelho,mcts,vermelho,1,3,65,30,0,30.0000,0.0313,1610,192,1358,60
942,602949509,azul,azul,mcts,vermelho,0,-3,65,90,120,0.7500,0.0909,2018,986,852,180
943,129881148,verde,verde,mcts,azul,0,-3,20,150,120,1.2500,0.0000,3536,1565,1671,300
943,129881148,verde,vermelho,mcts,azul,0,-3,20,90,120,0.7500,0.1429,2646,1463,1003,180
943,129881148,verde,azul,mcts,azul,1,3,20,90,90,1.0000,0.1500,2084,581,1323,180
944,988129515,vermelho,verde,mcts,vermelho,0,-3,27,120,120,1.0000,0.1154,2971,1168,1563,240
944,988129515,vermelho,vermelho,mcts,vermelho,1,3,27,30,0,30.0000,0.0000,1125,198,867,60
944,988129515,vermelho,azul,mcts,vermelho,0,-3,27,90,120,0.7500,0.0000,2086,978,928,180
945,240535048,azul,verde,mcts,vermelho,0,-3,23,120,120,1.0000,0.0909,2744,1098,1406,240
945,240535048,azul,vermelho,mcts,vermelho,1,3,23,30,0,30.0000,0.0909,1077,187,830,60
945,240535048,azul,azul,mcts,vermelho,0,-3,23,90,120,0.7500,0.0000,2041,966,895,180
946,1570706326,verde,verde,mcts,azul,0,-3,12,90,120,0.7500,0.0000,2057,1022,855,180
946,1570706326,verde,vermelho,mcts,azul,0,-3,12,150,110,1.3636,0.1667,3493,1642,1551,300
946,1570706326,verde,azul,mcts,azul,1,3,12,20,30,0.6667,0.0833,908,222,626,60
947,507421364,vermelho,verde,mcts,azul,0,-3,27,150,120,1.2500,0.0000,3528,1529,1699,300
947,507421364,vermelho,vermelho,mcts,azul,0,-3,27,90,120,0.7500,0.1111,2012,1002,830,180
947,507421364,vermelho,azul,mcts,azul,1,3,27,30,30,1.0000,0.1111,1175,156,959,60
948,1685667609,azul,verde,mcts,verde,1,3,25,30,30,1.0000,0.2917,1157,189,908,60
948,1685667609,azul,vermelho,mcts,verde,0,-3,25,150,120,1.2500,0.0000,3675,1667,1708,300
948,1685667609,azul,azul,mcts,verde,0,-3,25,90,120,0.7500,0.0000,2739,1262,1237,240
949,705769209,verde,verde,mcts,verde,1,3,22,20,60,0.3333,0.0455,1494,297,1077,120
949,705769209,verde,vermelho,mcts,verde,0,-3,22,180,110,1.6364,0.1429,4274,1988,1926,360
949,705769209,verde,azul,mcts,verde,0,-3,22,90,120,0.7500,0.1000,2149,1011,958,180
950,504911631,vermelho,verde,mcts,empate,0,-1,100,0,0,0.0000,0.0000,2039,50,1989,0
950,504911631,vermelho,vermelho,mcts,empate,0,-1,100,0,0,0.0000,0.0000,2062,50,2012,0
950,504911631,vermelho,azul,mcts,empate,0,-1,100,0,0,0.0000,0.0200,2500,0,2500,0
951,797430198,azul,verde,mcts,verde,1,3,22,30,30,1.0000,0.0476,959,110,789,60
951,797430198,azul,vermelho,mcts,verde,0,-3,22,90,120,0.7500,0.0000,2888,1552,1096,240
951,797430198,azul,azul,mcts,verde,0,-3,22,150,120,1.2500,0.1905,3592,1620,1672,300
952,1256198830,verde,verde,mcts,azul,0,-3,9,120,120,1.0000,0.0000,2837,1444,1153,240
952,1256198830,verde,vermelho,mcts,azul,0,-3,9,90,120,0.7500,0.1667,2084,1027,877,180
952,1256198830,verde,azul,mcts,azul,1,3,9,60,30,2.0000,0.1111,1304,357,827,120
953,1625466238,vermelho,verde,mcts,azul,0,-3,39,90,120,0.7500,0.0000,1897,977,740,180
953,1625466238,vermelho,vermelho,mcts,azul,0,-3,39,120,120,1.0000,0.0256,3083,1054,1789,240
953,1625466238,vermelho,azul,mcts,azul,1,3,39,30,0,30.0000,0.0769,1428,138,1230,60
954,270764059,azul,verde,mcts,verde,1,3,26,30,30,1.0000,0.0000,1008,189,759,60
954,270764059,azul,vermelho,mcts,verde,0,-3,26,150,120,1.2500,0.0417,3582,1600,1682,300
954,270764059,azul,azul,mcts,verde,0,-3,26,90,120,0.7500,0.0000,2029,989,860,180
955,466416347,verde,verde,mcts,verde,1,3,12,30,0,30.0000,0.0000,861,192,609,60
955,466416347,verde,vermelho,mcts,verde,0,-3,12,90,110,0.8182,0.3333,3281,1409,1572,300
955,466416347,verde,azul,mcts,verde,0,-3,12,110,120,0.9167,0.0909,3650,1902,1448,300
956,164930889,vermelho,verde,mcts,vermelho,0,-3,20,30,120,0.2500,0.5000,1996,1118,698,180
956,164930889,vermelho,vermelho,mcts,vermelho,1,3,20,240,90,2.6667,0.1500,5674,2632,2502,540
956,164930889,vermelho,azul,mcts,vermelho,0,-3,20,60,120,0.5000,0.3158,2751,1062,1449,240
957,657063490,azul,verde,mcts,verde,1,3,25,30,30,1.0000,0.0000,1069,252,757,60
957,657063490,azul,vermelho,mcts,verde,0,-3,25,150,120,1.2500,0.0435,3582,1625,1657,300
957,657063490,azul,azul,mcts,verde,0,-3,25,90,120,0.7500,0.0000,1976,964,832,180
958,925743247,verde,verde,mcts,azul,0,-3,12,90,120,0.7500,0.0000,1951,982,789,180
958,925743247,verde,vermelho,mcts,azul,0,-3,12,150,120,1.2500,0.0000,3136,1489,1347,300
958,925743247,verde,azul,mcts,azul,1,3,12,30,30,1.0000,0.0000,855,175,620,60
959,1712549161,vermelho,verde,mcts,azul,0,-3,31,90,120,0.7500,0.0000,2078,1086,812,180
959,1712549161,vermelho,vermelho,mcts,azul,0,-3,31,120,120,1.0000,0.0000,3395,1342,1813,240
959,1712549161,vermelho,azul,mcts,azul,1,3,31,30,0,30.0000,0.0968,1310,187,1063,60
960,1225043013,azul,verde,mcts,verde,1,3,28,30,0,30.0000,0.0000,1095,92,943,60
960,1225043013,azul,vermelho,mcts,verde,0,-3,28,90,120,0.7500,0.0000,2140,1051,909,180
960,1225043013,azul,azul,mcts,verde,0,-3,28,120,120,1.0000,0.0741,3179,1248,1691,240
961,941576731,verde,verde,mcts,verde,1,3,13,30,30,1.0000,0.0769,903,200,643,60
961,941576731,verde,vermelho,mcts,verde,0,-3,13,90,120,0.7500,0.3333,2013,1000,833,180
961,941576731,verde,azul,mcts,verde,0,-3,13,150,120,1.2500,0.0000,3464,1632,1532,300
962,1506476993,vermelho,verde,mcts,vermelho,0,-3,12,90,120,0.7500,0.0000,2746,1306,1200,240
962,1506476993,vermelho,vermelho,mcts,vermelho,1,3,12,30,30,1.0000,0.2500,793,131,602,60
962,1506476993,vermelho,azul,mcts,vermelho,0,-3,12,150,120,1.2500,0.0909,4095,1973,1762,360
963,1059674389,azul,verde,mcts,vermelho,0,-3,12,150,120,1.2500,0.0909,3282,1562,1420,300
963,1059674389,azul,vermelho,mcts,vermelho,1,3,12,30,30,1.0000,0.2727,850,203,587,60
963,1059674389,azul,azul,mcts,vermelho,0,-3,12,90,120,0.7500,0.0000,1972,1027,765,180
964,629443526,verde,verde,mcts,verde,1,3,11,30,0,30.0000,0.0909,820,184,576,60
964,629443526,verde,vermelho,mcts,verde,0,-3,11,120,120,1.0000,0.0000,2534,1145,1149,240
964,629443526,verde,azul,mcts,verde,0,-3,11,90,120,0.7500,0.0000,1966,989,797,180
965,1269805790,vermelho,verde,mcts,verde,1,3,24,30,0,30.0000,0.0000,1130,192,878,60
965,1269805790,vermelho,vermelho,mcts,verde,0,-3,24,120,120,1.0000,0.0870,3149,1286,1623,240
965,1269805790,vermelho,azul,mcts,verde,0,-3,24,90,120,0.7500,0.0000,2721,1319,1162,240
966,1317036416,azul,verde,mcts,empate,0,-1,100,0,0,0.0000,0.4747,2057,49,2008,0
966,1317036416,azul,vermelho,mcts,empate,0,-1,100,0,0,0.0000,0.0000,2033,48,1985,0
966,1317036416,azul,azul,mcts,empate,0,-1,100,0,0,0.0000,0.0100,2579,0,2579,0
967,558950948,verde,verde,mcts,verde,1,3,10,30,30,1.0000,0.0000,809,208,541,60
967,558950948,verde,vermelho,mcts,verde,0,-3,10,150,120,1.2500,0.0000,3316,1628,1388,300
967,558950948,verde,azul,mcts,verde,0,-3,10,90,120,0.7500,0.0000,1978,1035,763,180
968,136670000,vermelho,verde,mcts,azul,0,-3,13,120,120,1.0000,0.1667,2819,1239,1340,240
968,136670000,vermelho,vermelho,mcts,azul,0,-3,13,90,120,0.7500,0.2000,1978,1005,793,180
968,136670000,vermelho,azul,mcts,azul,1,3,13,30,0,30.0000,0.0000,1281,230,931,120
969,127806416,azul,verde,mcts,vermelho,0,-3,46,90,120,0.7500,0.0000,2154,1054,920,180
969,127806416,azul,vermelho,mcts,vermelho,1,3,46,30,0,30.0000,0.0667,1727,252,1415,60
969,127806416,azul,azul,mcts,vermelho,0,-3,46,120,120,1.0000,0.0000,3759,1313,2206,240
970,1770472552,verde,verde,mcts,vermelho,0,-3,43,150,120,1.2500,0.1163,3975,1533,2142,300
970,1770472552,verde,vermelho,mcts,vermelho,1,3,43,30,30,1.0000,0.0000,1508,219,1229,60
970,1770472552,verde,azul,mcts,vermelho,0,-3,43,90,120,0.7500,0.0000,2204,961,1063,180
971,1221341580,vermelho,verde,mcts,verde,1,3,30,30,30,1.0000,0.1034,1218,167,991,60
971,1221341580,vermelho,vermelho,mcts,verde,0,-3,30,150,120,1.2500,0.0690,3708,1547,1861,300
971,1221341580,vermelho,azul,mcts,verde,0,-3,30,90,120,0.7500,0.0000,2023,1032,811,180
972,510847089,azul,verde,mcts,vermelho,0,-3,10,130,100,1.3000,0.6667,3270,1692,1278,300
972,510847089,azul,vermelho,mcts,vermelho,1,3,10,30,30,1.0000,0.1111,760,169,531,60
972,510847089,azul,azul,mcts,vermelho,0,-3,10,70,100,0.7000,0.2857,2084,1248,656,180
973,1692598265,verde,verde,mcts,vermelho,0,-3,13,120,120,1.0000,0.2308,2452,1090,1122,240
973,1692598265,verde,vermelho,mcts,vermelho,1,3,13,30,0,30.0000,0.0000,882,190,632,60
973,1692598265,verde,azul,mcts,vermelho,0,-3,13,90,120,0.7500,0.2000,2535,1342,953,240
974,248016053,vermelho,verde,mcts,vermelho,0,-3,18,90,120,0.7500,0.0000,2087,1072,835,180
974,248016053,vermelho,vermelho,mcts,vermelho,1,3,18,30,30,1.0000,0.0556,993,172,761,60
974,248016053,vermelho,azul,mcts,vermelho,0,-3,18,150,120,1.2500,0.0000,3649,1698,1651,300
975,1909045985,azul,verde,mcts,azul,0,-3,23,90,120,0.7500,0.0000,2097,1041,876,180
975,1909045985,azul,vermelho,mcts,azul,0,-3,23,120,120,1.0000,0.0909,3041,1228,1573,240
975,1909045985,azul,azul,mcts,azul,1,3,23,30,0,30.0000,0.0870,977,186,731,60
976,887965518,verde,verde,mcts,vermelho,0,-3,12,90,120,0.7500,0.0000,2054,1067,807,180
976,887965518,verde,vermelho,mcts,vermelho,1,3,12,30,60,0.5000,0.0000,2009,585,1244,180
976,887965518,verde,azul,mcts,vermelho,0,-3,12,180,120,1.5000,0.0909,4077,2020,1697,360
977,1357408905,vermelho,verde,mcts,empate,0,-1,100,0,0,0.0000,0.0000,2541,0,2541,0
977,1357408905,vermelho,vermelho,mcts,empate,0,-1,100,0,0,0.0000,0.0000,2060,49,2011,0
977,1357408905,vermelho,azul,mcts,empate,0,-1,100,0,0,0.0000,0.0000,2073,50,2023,0
978,1611699638,azul,verde,mcts,verde,1,3,21,30,60,0.5000,0.1000,1433,234,1079,120
978,1611699638,azul,vermelho,mcts,verde,0,-3,21,170,120,1.4167,0.0526,4205,2057,1788,360
978,1611699638,azul,azul,mcts,verde,0,-3,21,90,110,0.8182,0.4286,2054,1005,869,180
979,1463146029,verde,verde,mcts,azul,0,-3,13,150,120,1.2500,0.2308,3469,1681,1488,300
979,1463146029,verde,vermelho,mcts,azul,0,-3,13,90,120,0.7500,0.0000,2066,1026,860,180
979,1463146029,verde,azul,mcts,azul,1,3,13,30,30,1.0000,0.0000,892,186,646,60
980,1079783323,vermelho,verde,mcts,azul,0,-3,15,120,110,1.0909,0.2143,2869,1272,1357,240
980,1079783323,vermelho,vermelho,mcts,azul,0,-3,15,80,120,0.6667,0.0000,2047,1096,771,180
980,1079783323,vermelho,azul,mcts,azul,1,3,15,30,0,30.0000,0.1333,841,117,664,60
981,645188196,azul,verde,mcts,vermelho,0,-3,18,120,120,1.0000,0.1765,3051,1305,1506,240
981,645188196,azul,vermelho,mcts,vermelho,1,3,18,30,0,30.0000,0.0000,956,208,688,60
981,645188196,azul,azul,mcts,vermelho,0,-3,18,90,120,0.7500,0.0000,2139,1058,901,180
982,1071560322,verde,verde,mcts,vermelho,0,-3,16,120,120,1.0000,0.0000,2799,1201,1358,240
982,1071560322,verde,vermelho,mcts,vermelho,1,3,16,30,0,30.0000,0.0000,1085,311,714,60
982,1071560322,verde,azul,mcts,vermelho,0,-3,16,90,120,0.7500,0.0000,2104,1022,902,180
983,997181620,vermelho,verde,mcts,azul,0,-3,18,150,120,1.2500,0.0000,3615,1695,1620,300
983,997181620,vermelho,vermelho,mcts,azul,0,-3,18,90,120,0.7500,0.0000,2078,1039,859,180
983,997181620,vermelho,azul,mcts,azul,1,3,18,30,30,1.0000,0.1667,942,168,714,60
984,1255515162,azul,verde,mcts,azul,0,-3,29,150,120,1.2500,0.0714,3759,1604,1855,300
984,1255515162,azul,vermelho,mcts,azul,0,-3,29,90,120,0.7500,0.1429,2074,1037,857,180
984,1255515162,azul,azul,mcts,azul,1,3,29,30,30,1.0000,0.0000,1164,172,932,60
985,836382915,verde,verde,mcts,empate,0,-1,100,0,0,0.0000,0.0000,1204,0,1204,0
985,836382915,verde,vermelho,mcts,empate,0,-1,100,120,90,1.3333,0.0100,4157,1065,2852,240
985,836382915,verde,azul,mcts,empate,0,-1,100,90,120,0.7500,0.0000,1873,965,728,180
986,347126365,vermelho,verde,mcts,azul,0,-3,21,180,120,1.5000,0.0000,4091,1857,1874,360
986,347126365,vermelho,vermelho,mcts,azul,0,-3,21,60,120,0.5000,0.0000,2627,1449,938,240
986,347126365,vermelho,azul,mcts,azul,1,3,21,60,60,1.0000,0.0476,1627,423,1084,120
987,1469351021,azul,verde,mcts,vermelho,0,-3,19,150,120,1.2500,0.0000,3342,1488,1554,300
987,1469351021,azul,vermelho,mcts,vermelho,1,3,19,30,30,1.0000,0.1111,1024,228,736,60
987,1469351021,azul,azul,mcts,vermelho,0,-3,19,90,120,0.7500,0.0000,2096,981,935,180
988,2100725222,verde,verde,mcts,empate,0,-1,100,0,0,0.0000,0.0000,1376,49,1327,0
988,2100725222,verde,vermelho,mcts,empate,0,-1,100,0,0,0.0000,0.0000,1395,51,1344,0
988,2100725222,verde,azul,mcts,empate,0,-1,100,0,0,0.0000,0.0000,2537,0,2537,0
989,2076863469,vermelho,verde,mcts,azul,0,-3,32,90,120,0.7500,0.0000,2014,1030,804,180
989,2076863469,vermelho,vermelho,mcts,azul,0,-3,32,180,120,1.5000,0.0625,4530,1995,2175,360
989,2076863469,vermelho,azul,mcts,azul,1,3,32,30,60,0.5000,0.0313,2114,314,1620,180
990,1297419198,azul,verde,mcts,azul,0,-3,18,150,120,1.2500,0.0000,3517,1630,1587,300
990,1297419198,azul,vermelho,mcts,azul,0,-3,18,90,120,0.7500,0.0000,1991,1003,808,180
990,1297419198,azul,azul,mcts,azul,1,3,18,30,30,1.0000,0.0000,928,136,732,60
991,656509197,verde,verde,mcts,vermelho,0,-3,25,90,120,0.7500,0.1667,2098,1017,901,180
991,656509197,verde,vermelho,mcts,vermelho,1,3,25,30,0,30.0000,0.4000,1136,147,929,60
991,656509197,verde,azul,mcts,vermelho,0,-3,25,120,120,1.0000,0.0833,3060,1254,1566,240
992,2086753255,vermelho,verde,mcts,vermelho,0,-3,15,150,120,1.2500,0.0000,3594,1691,1603,300
992,2086753255,vermelho,vermelho,mcts,vermelho,1,3,15,30,30,1.0000,0.0000,971,213,698,60
992,2086753255,vermelho,azul,mcts,vermelho,0,-3,15,90,120,0.7500,0.0000,2148,1063,905,180
993,1945909570,azul,verde,mcts,verde,1,3,11,30,0,30.0000,0.0000,890,258,572,60
993,1945909570,azul,vermelho,mcts,verde,0,-3,11,120,120,1.0000,0.0000,2807,1287,1280,240
993,1945909570,azul,azul,mcts,verde,0,-3,11,90,120,0.7500,0.0000,2145,1100,865,180
994,66133690,verde,verde,mcts,vermelho,0,-3,12,90,120,0.7500,0.1111,2167,1052,935,180
994,66133690,verde,vermelho,mcts,vermelho,1,3,12,30,0,30.0000,0.0000,915,246,609,60
994,66133690,verde,azul,mcts,vermelho,0,-3,12,120,120,1.0000,0.0000,2821,1224,1357,240
995,1178650548,vermelho,verde,mcts,verde,1,3,29,30,30,1.0000,0.0357,1190,134,996,60
995,1178650548,vermelho,vermelho,mcts,verde,0,-3,29,90,120,0.7500,0.0000,2248,1073,995,180
995,1178650548,vermelho,azul,mcts,verde,0,-3,29,150,120,1.2500,0.1071,3658,1595,1763,300
996,1356342537,azul,verde,mcts,verde,1,3,23,30,0,30.0000,0.0000,963,148,755,60
996,1356342537,azul,vermelho,mcts,verde,0,-3,23,120,120,1.0000,0.0000,3031,1256,1535,240
996,1356342537,azul,azul,mcts,verde,0,-3,23,90,120,0.7500,0.3000,2153,1009,964,180
997,1676657438,verde,verde,mcts,vermelho,0,-3,35,120,120,1.0000,0.0000,3281,1243,1798,240
997,1676657438,verde,vermelho,mcts,vermelho,1,3,35,30,0,30.0000,0.0857,1409,196,1153,60
997,1676657438,verde,azul,mcts,vermelho,0,-3,35,90,120,0.7500,0.0000,2828,1289,1299,240
998,1714985209,vermelho,verde,mcts,vermelho,0,-3,12,150,120,1.2500,0.0000,3490,1706,1484,300
998,1714985209,vermelho,vermelho,mcts,vermelho,1,3,12,60,30,2.0000,0.0000,1473,471,882,120
998,1714985209,vermelho,azul,mcts,vermelho,0,-3,12,60,120,0.5000,0.0000,2152,1068,904,180
999,703915436,azul,verde,mcts,vermelho,0,-3,21,120,120,1.0000,0.0000,2980,1183,1557,240
999,703915436,azul,vermelho,mcts,vermelho,1,3,21,30,0,30.0000,0.0000,1032,183,789,60
999,703915436,azul,azul,mcts,vermelho,0,-3,21,90,120,0.7500,0.0000,2110,1026,904,180
1000,1215748322,verde,verde,mcts,azul,0,-3,29,70,120,0.5833,0.0000,2193,1206,807,180
1000,1215748322,verde,vermelho,mcts,azul,0,-3,29,180,110,1.6364,0.2069,4660,2253,2047,360
1000,1215748322,verde,azul,mcts,azul,1,3,29,40,60,0.6667,0.1034,1823,467,1236,120
