id_simulacao,seed,jogador_inicial,jogador,modelo_ia,vencedor,venceu,pontos,turnos,dano_causado,dano_recebido,damage_ratio,cover_usage,custo_total,custo_los,custo_nodos,custo_acoes
1,438557537,verde,verde,reativa,vermelho,0,-3,19,90,120,0.7500,0.0000,175,6,169,0
1,438557537,verde,vermelho,reativa,vermelho,1,3,19,30,30,1.0000,0.1053,453,2,451,0
1,438557537,verde,azul,reativa,vermelho,0,-3,19,150,120,1.2500,0.0556,301,11,290,0
2,1864560048,vermelho,verde,reativa,vermelho,0,-3,13,90,120,0.7500,0.0000,180,6,174,0
2,1864560048,vermelho,vermelho,reativa,vermelho,1,3,13,30,0,30.0000,0.0000,292,5,287,0
2,1864560048,vermelho,azul,reativa,vermelho,0,-3,13,120,120,1.0000,0.0000,211,12,199,0
3,990947591,azul,verde,reativa,vermelho,0,-3,19,90,120,0.7500,0.0000,171,6,165,0
3,990947591,azul,vermelho,reativa,vermelho,1,3,19,30,30,1.0000,0.0556,374,1,373,0
3,990947591,azul,azul,reativa,vermelho,0,-3,19,150,120,1.2500,0.0000,312,12,300,0
4,980411883,verde,verde,reativa,azul,0,-3,17,90,120,0.7500,0.0000,184,6,178,0
4,980411883,verde,vermelho,reativa,azul,0,-3,17,150,120,1.2500,0.0000,319,11,308,0
4,980411883,verde,azul,reativa,azul,1,3,17,30,30,1.0000,0.2941,401,2,399,0
5,1364875354,vermelho,verde,reativa,verde,1,3,37,30,0,30.0000,0.0000,598,4,594,0
5,1364875354,vermelho,vermelho,reativa,verde,0,-3,37,120,120,1.0000,0.0556,795,9,786,0
5,1364875354,vermelho,azul,reativa,verde,0,-3,37,90,120,0.7500,0.0000,99,7,92,0
6,1247406621,azul,verde,reativa,verde,1,3,20,30,0,30.0000,0.0000,443,2,441,0
6,1247406621,azul,vermelho,reativa,verde,0,-3,20,90,120,0.7500,0.0000,83,7,76,0
6,1247406621,azul,azul,reativa,verde,0,-3,20,120,120,1.0000,0.0000,383,9,374,0
7,271024058,verde,verde,reativa,azul,0,-3,29,150,120,1.2500,0.0690,603,11,592,0
7,271024058,verde,vermelho,reativa,azul,0,-3,29,90,120,0.7500,0.0000,127,8,119,0
7,271024058,verde,azul,reativa,azul,1,3,29,30,30,1.0000,0.1034,641,2,639,0
8,131926194,vermelho,verde,reativa,vermelho,0,-3,17,90,120,0.7500,0.0000,84,8,76,0
8,131926194,vermelho,vermelho,reativa,vermelho,1,3,17,30,0,30.0000,0.0000,379,2,377,0
8,131926194,vermelho,azul,reativa,vermelho,0,-3,17,120,120,1.0000,0.0000,306,9,297,0
9,920297219,azul,verde,reativa,verde,1,3,46,30,30,1.0000,0.0222,850,2,848,0
9,920297219,azul,vermelho,reativa,verde,0,-3,46,150,120,1.2500,0.0227,915,12,903,0
9,920297219,azul,azul,reativa,verde,0,-3,46,90,120,0.7500,0.0500,415,7,408,0
10,820336507,verde,verde,reativa,verde,1,3,12,30,0,30.0000,0.1667,256,2,254,0
10,820336507,verde,vermelho,reativa,verde,0,-3,12,90,120,0.7500,0.0000,125,6,119,0
10,820336507,verde,azul,reativa,verde,0,-3,12,120,120,1.0000,0.0909,154,8,146,0
11,1012562364,vermelho,verde,reativa,azul,0,-3,18,90,120,0.7500,0.0000,92,6,86,0
11,1012562364,vermelho,vermelho,reativa,azul,0,-3,18,150,120,1.2500,0.0000,251,13,238,0
11,1012562364,vermelho,azul,reativa,azul,1,3,18,30,30,1.0000,0.0556,390,2,388,0
12,670066924,azul,verde,reativa,azul,0,-3,13,90,120,0.7500,0.1111,136,6,130,0
12,670066924,azul,vermelho,reativa,azul,0,-3,13,120,120,1.0000,0.0833,181,8,173,0
12,670066924,azul,azul,reativa,azul,1,3,13,30,0,30.0000,0.0769,277,2,275,0
13,1549280937,verde,verde,reativa,vermelho,0,-3,18,90,120,0.7500,0.0000,210,6,204,0
13,1549280937,verde,vermelho,reativa,vermelho,1,3,18,30,30,1.0000,0.0556,420,3,417,0
13,1549280937,verde,azul,reativa,vermelho,0,-3,18,150,120,1.2500,0.0588,276,13,263,0
14,1369586799,vermelho,verde,reativa,azul,0,-3,16,90,120,0.7500,0.0000,125,7,118,0
14,1369586799,vermelho,vermelho,reativa,azul,0,-3,16,150,120,1.2500,0.0000,277,12,265,0
14,1369586799,vermelho,azul,reativa,azul,1,3,16,30,30,1.0000,0.0000,350,2,348,0
15,1040301634,azul,verde,reativa,azul,0,-3,25,90,120,0.7500,0.0000,159,6,153,0
15,1040301634,azul,vermelho,reativa,azul,0,-3,25,150,120,1.2500,0.0000,467,11,456,0
15,1040301634,azul,azul,reativa,azul,1,3,25,30,30,1.0000,0.0800,583,2,581,0
16,1790057013,verde,verde,reativa,vermelho,0,-3,27,150,120,1.2500,0.0741,503,10,493,0
16,1790057013,verde,vermelho,reativa,vermelho,1,3,27,30,30,1.0000,0.0741,597,2,595,0
16,1790057013,verde,azul,reativa,vermelho,0,-3,27,90,120,0.7500,0.0000,151,6,145,0
17,1690053831,vermelho,verde,reativa,azul,0,-3,11,90,120,0.7500,0.0000,161,10,151,0
17,1690053831,vermelho,vermelho,reativa,azul,0,-3,11,150,120,1.2500,0.0000,161,12,149,0
17,1690053831,vermelho,azul,reativa,azul,1,3,11,60,60,1.0000,0.0000,211,6,205,0
18,1979693965,azul,verde,reativa,empate,0,-1,100,0,0,0.0000,0.9697,1746,47,1699,0
18,1979693965,azul,vermelho,reativa,empate,0,-1,100,0,0,0.0000,0.4848,2570,0,2570,0
18,1979693965,azul,azul,reativa,empate,0,-1,100,0,0,0.0000,0.0000,2072,48,2024,0
19,932576662,verde,verde,reativa,vermelho,0,-3,27,90,120,0.7500,0.2222,140,6,134,0
19,932576662,verde,vermelho,reativa,vermelho,1,3,27,30,0,30.0000,0.0370,541,3,538,0
19,932576662,verde,azul,reativa,vermelho,0,-3,27,120,120,1.0000,0.0000,546,9,537,0
20,855842988,vermelho,verde,reativa,vermelho,0,-3,26,150,120,1.2500,0.0000,518,11,507,0
20,855842988,vermelho,vermelho,reativa,vermelho,1,3,26,30,30,1.0000,0.0385,577,2,575,0
20,855842988,vermelho,azul,reativa,vermelho,0,-3,26,90,120,0.7500,0.0714,257,6,251,0
21,1253956409,azul,verde,reativa,verde,1,3,22,30,30,1.0000,0.0000,439,2,437,0
21,1253956409,azul,vermelho,reativa,verde,0,-3,22,90,120,0.7500,0.0000,124,6,118,0
21,1253956409,azul,azul,reativa,verde,0,-3,22,150,120,1.2500,0.0000,397,11,386,0
22,755744497,verde,verde,reativa,azul,0,-3,17,90,120,0.7500,0.0000,255,6,249,0
22,755744497,verde,vermelho,reativa,azul,0,-3,17,120,120,1.0000,0.0000,342,8,334,0
22,755744497,verde,azul,reativa,azul,1,3,17,30,0,30.0000,0.0000,393,2,391,0
23,1237903098,vermelho,verde,reativa,verde,1,3,10,90,0,90.0000,0.0000,148,6,142,0
23,1237903098,vermelho,vermelho,reativa,verde,0,-3,10,60,120,0.5000,0.1111,182,4,178,0
23,1237903098,vermelho,azul,reativa,verde,0,-3,10,90,120,0.7500,0.5000,126,7,119,0
24,1087965783,azul,verde,reativa,vermelho,0,-3,14,150,120,1.2500,0.0000,212,11,201,0
24,1087965783,azul,vermelho,reativa,vermelho,1,3,14,30,30,1.0000,0.0000,291,2,289,0
24,1087965783,azul,azul,reativa,vermelho,0,-3,14,90,120,0.7500,0.0000,83,7,76,0
25,483723808,verde,verde,reativa,azul,0,-3,17,90,120,0.7500,0.0000,159,6,153,0
25,483723808,verde,vermelho,reativa,azul,0,-3,17,150,120,1.2500,0.0000,293,11,282,0
25,483723808,verde,azul,reativa,azul,1,3,17,30,30,1.0000,0.0588,396,2,394,0
26,242242137,vermelho,verde,reativa,empate,0,-1,100,120,90,1.3333,0.0000,1498,9,1489,0
26,242242137,vermelho,vermelho,reativa,empate,0,-1,100,90,120,0.7500,0.8333,77,7,70,0
26,242242137,vermelho,azul,reativa,empate,0,-1,100,0,0,0.0000,0.0000,2282,0,2282,0
27,221737212,azul,verde,reativa,vermelho,0,-3,20,90,120,0.7500,0.0000,126,6,120,0
27,221737212,azul,vermelho,reativa,vermelho,1,3,20,30,0,30.0000,0.0000,444,2,442,0
27,221737212,azul,azul,reativa,vermelho,0,-3,20,120,120,1.0000,0.0000,347,8,339,0
28,418463804,verde,verde,reativa,verde,1,3,19,30,0,30.0000,0.0526,453,2,451,0
28,418463804,verde,vermelho,reativa,verde,0,-3,19,120,120,1.0000,0.0556,329,9,320,0
28,418463804,verde,azul,reativa,verde,0,-3,19,90,120,0.7500,0.0000,175,7,168,0
29,435099202,vermelho,verde,reativa,vermelho,0,-3,26,150,120,1.2500,0.0800,512,11,501,0
29,435099202,vermelho,vermelho,reativa,vermelho,1,3,26,30,30,1.0000,0.1538,571,2,569,0
29,435099202,vermelho,azul,reativa,vermelho,0,-3,26,90,120,0.7500,0.0000,84,8,76,0
30,283512082,azul,verde,reativa,verde,1,3,35,30,0,30.0000,0.0294,678,2,676,0
30,283512082,azul,vermelho,reativa,verde,0,-3,35,120,120,1.0000,0.0000,684,9,675,0
30,283512082,azul,azul,reativa,verde,0,-3,35,90,120,0.7500,0.0000,170,6,164,0
31,1645911538,verde,verde,reativa,vermelho,0,-3,12,90,120,0.7500,0.0000,88,7,81,0
31,1645911538,verde,vermelho,reativa,vermelho,1,3,12,30,30,1.0000,0.0000,265,2,263,0
31,1645911538,verde,azul,reativa,vermelho,0,-3,12,150,120,1.2500,0.0000,148,12,136,0
32,1490846386,vermelho,verde,reativa,azul,0,-3,12,120,120,1.0000,0.0909,130,8,122,0
32,1490846386,vermelho,vermelho,reativa,azul,0,-3,12,90,120,0.7500,0.0000,100,6,94,0
32,1490846386,vermelho,azul,reativa,azul,1,3,12,30,0,30.0000,0.0000,261,2,259,0
33,321403989,azul,verde,reativa,azul,0,-3,15,90,120,0.7500,0.0000,173,6,167,0
33,321403989,azul,vermelho,reativa,azul,0,-3,15,150,120,1.2500,0.0714,222,11,211,0
33,321403989,azul,azul,reativa,azul,1,3,15,30,30,1.0000,0.0000,340,4,336,0
34,1070087091,verde,verde,reativa,vermelho,0,-3,20,150,120,1.2500,0.1000,368,11,357,0
34,1070087091,verde,vermelho,reativa,vermelho,1,3,20,30,30,1.0000,0.0000,464,2,462,0
34,1070087091,verde,azul,reativa,vermelho,0,-3,20,90,120,0.7500,0.0000,185,6,179,0
35,749808370,vermelho,verde,reativa,vermelho,0,-3,41,90,120,0.7500,0.6667,159,6,153,0
35,749808370,vermelho,vermelho,reativa,vermelho,1,3,41,30,0,30.0000,0.0000,964,4,960,0
35,749808370,vermelho,azul,reativa,vermelho,0,-3,41,120,120,1.0000,0.2750,866,10,856,0
36,310441732,azul,verde,reativa,verde,1,3,14,30,30,1.0000,0.3077,298,3,295,0
36,310441732,azul,vermelho,reativa,verde,0,-3,14,150,120,1.2500,0.0000,180,11,169,0
36,310441732,azul,azul,reativa,verde,0,-3,14,90,120,0.7500,0.0000,58,7,51,0
37,191956606,verde,verde,reativa,verde,1,3,22,30,30,1.0000,0.1364,479,2,477,0
37,191956606,verde,vermelho,reativa,verde,0,-3,22,150,120,1.2500,0.0000,411,10,401,0
37,191956606,verde,azul,reativa,verde,0,-3,22,90,120,0.7500,0.0000,55,7,48,0
38,1692875068,vermelho,verde,reativa,azul,0,-3,17,150,120,1.2500,0.0625,290,10,280,0
38,1692875068,vermelho,vermelho,reativa,azul,0,-3,17,90,120,0.7500,0.6667,82,7,75,0
38,1692875068,vermelho,azul,reativa,azul,1,3,17,30,30,1.0000,0.0000,398,2,396,0
39,724671784,azul,verde,reativa,empate,0,-1,100,0,0,0.0000,0.0101,2050,48,2002,0
39,724671784,azul,vermelho,reativa,empate,0,-1,100,0,0,0.0000,0.0000,2052,48,2004,0
39,724671784,azul,azul,reativa,empate,0,-1,100,0,0,0.0000,0.0200,2542,0,2542,0
40,270559481,verde,verde,reativa,azul,0,-3,36,150,120,1.2500,0.0000,744,11,733,0
40,270559481,verde,vermelho,reativa,azul,0,-3,36,90,120,0.7500,0.0000,394,7,387,0
40,270559481,verde,azul,reativa,azul,1,3,36,30,30,1.0000,0.0278,750,2,748,0
41,1328649944,vermelho,verde,reativa,verde,1,3,13,90,60,1.5000,0.0833,227,7,220,0
41,1328649944,vermelho,vermelho,reativa,verde,0,-3,13,30,120,0.2500,0.0000,57,7,50,0
41,1328649944,vermelho,azul,reativa,verde,0,-3,13,180,120,1.5000,0.4167,154,14,140,0
42,662329169,azul,verde,reativa,verde,1,3,33,30,0,30.0000,0.0313,735,2,733,0
42,662329169,azul,vermelho,reativa,verde,0,-3,33,120,120,1.0000,0.0000,659,8,651,0
42,662329169,azul,azul,reativa,verde,0,-3,33,90,120,0.7500,0.0000,308,6,302,0
43,1702263910,verde,verde,reativa,verde,1,3,39,30,0,30.0000,0.0769,897,2,895,0
43,1702263910,verde,vermelho,reativa,verde,0,-3,39,90,120,0.7500,0.0000,172,6,166,0
43,1702263910,verde,azul,reativa,verde,0,-3,39,120,120,1.0000,0.0263,718,8,710,0
44,814414449,vermelho,verde,reativa,empate,0,-1,100,0,0,0.0000,0.0000,1837,42,1795,0
44,814414449,vermelho,vermelho,reativa,empate,0,-1,100,90,120,0.7500,0.0769,259,7,252,0
44,814414449,vermelho,azul,reativa,empate,0,-1,100,120,90,1.3333,0.0000,2014,52,1962,0
45,764225697,azul,verde,reativa,vermelho,0,-3,21,90,120,0.7500,0.0000,152,7,145,0
45,764225697,azul,vermelho,reativa,vermelho,1,3,21,30,0,30.0000,0.0500,465,2,463,0
45,764225697,azul,azul,reativa,vermelho,0,-3,21,120,120,1.0000,0.0000,385,8,377,0
46,464531721,verde,verde,reativa,azul,0,-3,12,120,120,1.0000,0.0000,189,10,179,0
46,464531721,verde,vermelho,reativa,azul,0,-3,12,90,120,0.7500,0.0000,104,7,97,0
46,464531721,verde,azul,reativa,azul,1,3,12,30,0,30.0000,0.0000,260,2,258,0
47,1533946064,vermelho,verde,reativa,azul,0,-3,11,90,120,0.7500,0.6667,77,6,71,0
47,1533946064,vermelho,vermelho,reativa,azul,0,-3,11,120,120,1.0000,0.0909,180,8,172,0
47,1533946064,vermelho,azul,reativa,azul,1,3,11,30,0,30.0000,0.1818,242,2,240,0
48,2021790431,azul,verde,reativa,verde,1,3,20,30,30,1.0000,0.1053,425,2,423,0
48,2021790431,azul,vermelho,reativa,verde,0,-3,20,150,120,1.2500,0.0000,297,10,287,0
48,2021790431,azul,azul,reativa,verde,0,-3,20,90,120,0.7500,0.0000,196,6,190,0
49,1451556886,verde,verde,reativa,verde,1,3,14,30,30,1.0000,0.0000,326,2,324,0
49,1451556886,verde,vermelho,reativa,verde,0,-3,14,150,120,1.2500,0.1538,203,11,192,0
49,1451556886,verde,azul,reativa,verde,0,-3,14,90,120,0.7500,0.0000,84,7,77,0
50,6009790,vermelho,verde,reativa,azul,0,-3,10,60,120,0.5000,0.0000,110,7,103,0
50,6009790,vermelho,vermelho,reativa,azul,0,-3,10,150,120,1.2500,0.0000,110,13,97,0
50,6009790,vermelho,azul,reativa,azul,1,3,10,90,60,1.5000,0.3000,164,8,156,0
51,188280745,azul,verde,reativa,azul,0,-3,27,150,120,1.2500,0.0385,522,10,512,0
51,188280745,azul,vermelho,reativa,azul,0,-3,27,90,120,0.7500,0.0000,52,7,45,0
51,188280745,azul,azul,reativa,azul,1,3,27,30,30,1.0000,0.1111,645,2,643,0
52,349047791,verde,verde,reativa,vermelho,0,-3,18,120,120,1.0000,0.0000,357,8,349,0
52,349047791,verde,vermelho,reativa,vermelho,1,3,18,30,0,30.0000,0.0000,418,2,416,0
52,349047791,verde,azul,reativa,vermelho,0,-3,18,90,120,0.7500,0.0000,84,6,78,0
53,1876708646,vermelho,verde,reativa,empate,0,-1,100,0,0,0.0000,0.0101,1740,0,1740,0
53,1876708646,vermelho,vermelho,reativa,empate,0,-1,100,90,120,0.7500,0.0000,235,7,228,0
53,1876708646,vermelho,azul,reativa,empate,0,-1,100,120,90,1.3333,0.0000,1898,11,1887,0
54,1152886018,azul,verde,reativa,empate,0,-1,100,0,0,0.0000,0.0000,2563,0,2563,0
54,1152886018,azul,vermelho,reativa,empate,0,-1,100,0,0,0.0000,0.4848,1990,50,1940,0
54,1152886018,azul,azul,reativa,empate,0,-1,100,0,0,0.0000,0.0000,2011,49,1962,0
55,1069746520,verde,verde,reativa,vermelho,0,-3,29,90,120,0.7500,0.4444,154,7,147,0
55,1069746520,verde,vermelho,reativa,vermelho,1,3,29,30,0,30.0000,0.0000,613,2,611,0
55,1069746520,verde,azul,reativa,vermelho,0,-3,29,120,120,1.0000,0.2857,546,9,537,0
56,1489974805,vermelho,verde,reativa,azul,0,-3,19,90,120,0.7500,0.2857,107,7,100,0
56,1489974805,vermelho,vermelho,reativa,azul,0,-3,19,150,120,1.2500,0.1579,321,13,308,0
56,1489974805,vermelho,azul,reativa,azul,1,3,19,30,30,1.0000,0.0000,363,2,361,0
57,1198990478,azul,verde,reativa,vermelho,0,-3,21,90,120,0.7500,0.0000,161,6,155,0
57,1198990478,azul,vermelho,reativa,vermelho,1,3,21,30,0,30.0000,0.0000,487,2,485,0
57,1198990478,azul,azul,reativa,vermelho,0,-3,21,120,120,1.0000,0.0500,390,9,381,0
58,1785076888,verde,verde,reativa,azul,0,-3,29,90,120,0.7500,0.0000,171,7,164,0
58,1785076888,verde,vermelho,reativa,azul,0,-3,29,150,120,1.2500,0.1724,599,11,588,0
58,1785076888,verde,azul,reativa,azul,1,3,29,30,30,1.0000,0.0345,599,2,597,0
59,1812608420,vermelho,verde,reativa,vermelho,0,-3,23,120,120,1.0000,0.2273,446,9,437,0
59,1812608420,vermelho,vermelho,reativa,vermelho,1,3,23,30,0,30.0000,0.0000,543,3,540,0
59,1812608420,vermelho,azul,reativa,vermelho,0,-3,23,90,120,0.7500,0.0000,227,7,220,0
60,1494812099,azul,verde,reativa,vermelho,0,-3,21,120,120,1.0000,0.0500,366,9,357,0
60,1494812099,azul,vermelho,reativa,vermelho,1,3,21,30,0,30.0000,0.1000,449,2,447,0
60,1494812099,azul,azul,reativa,vermelho,0,-3,21,90,120,0.7500,0.1111,137,6,131,0
61,624291629,verde,verde,reativa,verde,1,3,32,30,30,1.0000,0.0313,768,2,766,0
61,624291629,verde,vermelho,reativa,verde,0,-3,32,150,120,1.2500,0.0000,661,10,651,0
61,624291629,verde,azul,reativa,verde,0,-3,32,90,120,0.7500,0.0000,199,6,193,0
62,1690688755,vermelho,verde,reativa,verde,1,3,25,30,30,1.0000,0.2083,584,2,582,0
62,1690688755,vermelho,vermelho,reativa,verde,0,-3,25,90,120,0.7500,0.0000,83,7,76,0
62,1690688755,vermelho,azul,reativa,verde,0,-3,25,150,120,1.2500,0.1250,447,11,436,0
63,415855664,azul,verde,reativa,vermelho,0,-3,12,120,120,1.0000,0.0000,189,13,176,0
63,415855664,azul,vermelho,reativa,vermelho,1,3,12,30,0,30.0000,0.0000,253,2,251,0
63,415855664,azul,azul,reativa,vermelho,0,-3,12,90,120,0.7500,0.0000,212,9,203,0
64,1239108435,verde,verde,reativa,azul,0,-3,17,150,120,1.2500,0.0000,304,12,292,0
64,1239108435,verde,vermelho,reativa,azul,0,-3,17,90,120,0.7500,0.0000,117,6,111,0
64,1239108435,verde,azul,reativa,azul,1,3,17,30,30,1.0000,0.0588,348,2,346,0
65,1288729641,vermelho,verde,reativa,azul,0,-3,82,90,120,0.7500,0.1667,223,6,217,0
65,1288729641,vermelho,vermelho,reativa,azul,0,-3,82,120,120,1.0000,0.0122,1728,9,1719,0
65,1288729641,vermelho,azul,reativa,azul,1,3,82,30,0,30.0000,0.0488,1708,2,1706,0
66,2109698062,azul,verde,reativa,vermelho,0,-3,39,150,120,1.2500,0.0526,798,11,787,0
66,2109698062,azul,vermelho,reativa,vermelho,1,3,39,30,30,1.0000,0.0000,921,2,919,0
66,2109698062,azul,azul,reativa,vermelho,0,-3,39,90,120,0.7500,0.0000,209,6,203,0
67,1413126415,verde,verde,reativa,vermelho,0,-3,18,90,120,0.7500,0.0000,212,8,204,0
67,1413126415,verde,vermelho,reativa,vermelho,1,3,18,30,0,30.0000,0.0000,423,2,421,0
67,1413126415,verde,azul,reativa,vermelho,0,-3,18,120,120,1.0000,0.1176,314,9,305,0
68,354615157,vermelho,verde,reativa,azul,0,-3,13,120,120,1.0000,0.0000,206,8,198,0
68,354615157,vermelho,vermelho,reativa,azul,0,-3,13,90,120,0.7500,0.0000,107,7,100,0
68,354615157,vermelho,azul,reativa,azul,1,3,13,30,0,30.0000,0.0769,287,2,285,0
69,36093310,azul,verde,reativa,empate,0,-1,100,0,0,0.0000,0.0000,1529,44,1485,0
69,36093310,azul,vermelho,reativa,empate,0,-1,100,120,90,1.3333,0.0000,1968,54,1914,0
69,36093310,azul,azul,reativa,empate,0,-1,100,90,120,0.7500,0.1429,108,7,101,0
70,650929293,verde,verde,reativa,vermelho,0,-3,20,90,120,0.7500,0.0588,323,7,316,0
70,650929293,verde,vermelho,reativa,vermelho,1,3,20,30,30,1.0000,0.1000,460,2,458,0
70,650929293,verde,azul,reativa,vermelho,0,-3,20,150,120,1.2500,0.0000,338,11,327,0
71,1174663146,vermelho,verde,reativa,vermelho,0,-3,39,90,120,0.7500,0.2000,185,6,179,0
71,1174663146,vermelho,vermelho,reativa,vermelho,1,3,39,30,30,1.0000,0.1282,902,2,900,0
71,1174663146,vermelho,azul,reativa,vermelho,0,-3,39,150,120,1.2500,0.0000,687,11,676,0
72,6505178,azul,verde,reativa,verde,1,3,28,30,30,1.0000,0.0370,615,2,613,0
72,6505178,azul,vermelho,reativa,verde,0,-3,28,150,120,1.2500,0.0769,536,11,525,0
72,6505178,azul,azul,reativa,verde,0,-3,28,90,120,0.7500,0.0000,234,6,228,0
73,478834776,verde,verde,reativa,azul,0,-3,20,150,120,1.2500,0.0000,370,13,357,0
73,478834776,verde,vermelho,reativa,azul,0,-3,20,90,120,0.7500,0.0000,183,7,176,0
73,478834776,verde,azul,reativa,azul,1,3,20,30,30,1.0000,0.1000,464,3,461,0
74,466979635,vermelho,verde,reativa,verde,1,3,20,30,30,1.0000,0.0000,446,2,444,0
74,466979635,vermelho,vermelho,reativa,verde,0,-3,20,90,120,0.7500,0.0000,184,6,178,0
74,466979635,vermelho,azul,reativa,verde,0,-3,20,150,120,1.2500,0.0526,360,11,349,0
75,1585602173,azul,verde,reativa,verde,1,3,12,120,30,4.0000,0.0000,184,8,176,0
75,1585602173,azul,vermelho,reativa,verde,0,-3,12,90,120,0.7500,0.0000,173,8,165,0
75,1585602173,azul,azul,reativa,verde,0,-3,12,60,120,0.5000,0.0000,144,4,140,0
76,137830156,verde,verde,reativa,verde,1,3,24,30,0,30.0000,0.0000,590,2,588,0
76,137830156,verde,vermelho,reativa,verde,0,-3,24,90,120,0.7500,0.0000,79,7,72,0
76,137830156,verde,azul,reativa,verde,0,-3,24,120,120,1.0000,0.0435,465,8,457,0
77,295121870,vermelho,verde,reativa,vermelho,0,-3,22,30,120,0.2500,0.0556,417,3,414,0
77,295121870,vermelho,vermelho,reativa,vermelho,1,3,22,150,60,2.5000,0.0455,439,15,424,0
77,295121870,vermelho,azul,reativa,vermelho,0,-3,22,120,120,1.0000,0.1429,419,12,407,0
78,1568756219,azul,verde,reativa,empate,0,-1,100,90,120,0.7500,0.0625,299,9,290,0
78,1568756219,azul,vermelho,reativa,empate,0,-1,100,0,0,0.0000,0.0101,2503,2,2501,0
78,1568756219,azul,azul,reativa,empate,0,-1,100,120,90,1.3333,0.0100,1204,9,1195,0
79,863086835,verde,verde,reativa,verde,1,3,18,30,0,30.0000,0.0556,409,2,407,0
79,863086835,verde,vermelho,reativa,verde,0,-3,18,120,120,1.0000,0.2941,300,9,291,0
79,863086835,verde,azul,reativa,verde,0,-3,18,90,120,0.7500,0.6667,160,7,153,0
80,881860485,vermelho,verde,reativa,vermelho,0,-3,32,90,120,0.7500,0.0000,108,8,100,0
80,881860485,vermelho,vermelho,reativa,vermelho,1,3,32,30,30,1.0000,0.0625,770,2,768,0
80,881860485,vermelho,azul,reativa,vermelho,0,-3,32,150,120,1.2500,0.0323,609,11,598,0
81,866620601,azul,verde,reativa,empate,0,-1,100,0,0,0.0000,0.0000,1892,0,1892,0
81,866620601,azul,vermelho,reativa,empate,0,-1,100,0,0,0.0000,0.0000,2057,49,2008,0
81,866620601,azul,azul,reativa,empate,0,-1,100,0,0,0.0000,0.0000,1944,47,1897,0
82,1809070958,verde,verde,reativa,azul,0,-3,12,90,120,0.7500,0.0000,152,6,146,0
82,1809070958,verde,vermelho,reativa,azul,0,-3,12,150,120,1.2500,0.0000,168,10,158,0
82,1809070958,verde,azul,reativa,azul,1,3,12,30,30,1.0000,0.0833,279,1,278,0
83,389192010,vermelho,verde,reativa,azul,0,-3,27,90,120,0.7500,0.0909,198,7,191,0
83,389192010,vermelho,vermelho,reativa,azul,0,-3,27,120,120,1.0000,0.0370,533,8,525,0
83,389192010,vermelho,azul,reativa,azul,1,3,27,30,0,30.0000,0.2593,618,2,616,0
84,500570754,azul,verde,reativa,verde,1,3,16,30,0,30.0000,0.0000,286,3,283,0
84,500570754,azul,vermelho,reativa,verde,0,-3,16,90,120,0.7500,0.0000,227,7,220,0
84,500570754,azul,azul,reativa,verde,0,-3,16,120,120,1.0000,0.0000,274,12,262,0
85,1712353937,verde,verde,reativa,azul,0,-3,16,120,100,1.2000,0.0625,311,8,303,0
85,1712353937,verde,vermelho,reativa,azul,0,-3,16,90,120,0.7500,0.0000,83,7,76,0
85,1712353937,verde,azul,reativa,azul,1,3,16,10,0,10.0000,0.1250,345,2,343,0
86,391319897,vermelho,verde,reativa,vermelho,0,-3,15,150,120,1.2500,0.0714,230,10,220,0
86,391319897,vermelho,vermelho,reativa,vermelho,1,3,15,30,30,1.0000,0.1333,354,2,352,0
86,391319897,vermelho,azul,reativa,vermelho,0,-3,15,90,120,0.7500,0.0000,107,6,101,0
87,136589075,azul,verde,reativa,verde,1,3,9,30,30,1.0000,0.0000,179,3,176,0
87,136589075,azul,vermelho,reativa,verde,0,-3,9,90,120,0.7500,0.0000,57,6,51,0
87,136589075,azul,azul,reativa,verde,0,-3,9,150,120,1.2500,0.0000,76,10,66,0
88,516443035,verde,verde,reativa,azul,0,-3,19,150,120,1.2500,0.0526,366,11,355,0
88,516443035,verde,vermelho,reativa,azul,0,-3,19,90,120,0.7500,0.0000,134,6,128,0
88,516443035,verde,azul,reativa,azul,1,3,19,30,30,1.0000,0.1053,448,2,446,0
89,1231568109,vermelho,verde,reativa,azul,0,-3,18,90,120,0.7500,0.0000,32,6,26,0
89,1231568109,vermelho,vermelho,reativa,azul,0,-3,18,150,120,1.2500,0.0000,335,12,323,0
89,1231568109,vermelho,azul,reativa,azul,1,3,18,30,30,1.0000,0.0000,420,4,416,0
90,234389638,azul,verde,reativa,verde,1,3,18,30,0,30.0000,0.0588,394,2,392,0
90,234389638,azul,vermelho,reativa,verde,0,-3,18,90,120,0.7500,0.0000,58,6,52,0
90,234389638,azul,azul,reativa,verde,0,-3,18,120,120,1.0000,0.0000,315,8,307,0
91,1278363502,verde,verde,reativa,vermelho,0,-3,21,120,120,1.0000,0.0000,395,9,386,0
91,1278363502,verde,vermelho,reativa,vermelho,1,3,21,30,0,30.0000,0.1905,486,2,484,0
91,1278363502,verde,azul,reativa,vermelho,0,-3,21,90,120,0.7500,0.0000,169,6,163,0
92,2089492144,vermelho,verde,reativa,vermelho,0,-3,26,90,120,0.7500,0.0000,269,6,263,0
92,2089492144,vermelho,vermelho,reativa,vermelho,1,3,26,30,0,30.0000,0.0769,447,2,445,0
92,2089492144,vermelho,azul,reativa,vermelho,0,-3,26,120,120,1.0000,0.0000,398,8,390,0
93,1010834375,azul,verde,reativa,vermelho,0,-3,27,150,120,1.2500,0.0385,451,12,439,0
93,1010834375,azul,vermelho,reativa,vermelho,1,3,27,30,30,1.0000,0.0000,592,3,589,0
93,1010834375,azul,azul,reativa,vermelho,0,-3,27,90,120,0.7500,0.0000,113,6,107,0
94,1010172138,verde,verde,reativa,vermelho,0,-3,15,150,120,1.2500,0.0667,245,11,234,0
94,1010172138,verde,vermelho,reativa,vermelho,1,3,15,30,30,1.0000,0.2000,346,2,344,0
94,1010172138,verde,azul,reativa,vermelho,0,-3,15,90,120,0.7500,0.0000,58,7,51,0
95,1255584616,vermelho,verde,reativa,verde,1,3,21,120,60,2.0000,0.1500,367,12,355,0
95,1255584616,vermelho,vermelho,reativa,verde,0,-3,21,120,120,1.0000,0.0500,401,13,388,0
95,1255584616,vermelho,azul,reativa,verde,0,-3,21,60,120,0.5000,0.0556,390,6,384,0
96,2041513302,azul,verde,reativa,vermelho,0,-3,47,150,120,1.2500,0.0217,819,10,809,0
96,2041513302,azul,vermelho,reativa,vermelho,1,3,47,30,30,1.0000,0.0435,1090,2,1088,0
96,2041513302,azul,azul,reativa,vermelho,0,-3,47,90,120,0.7500,0.0769,251,6,245,0
97,11523659,verde,verde,reativa,azul,0,-3,27,120,120,1.0000,0.0370,564,9,555,0
97,11523659,verde,vermelho,reativa,azul,0,-3,27,90,120,0.7500,0.0769,259,6,253,0
97,11523659,verde,azul,reativa,azul,1,3,27,30,0,30.0000,0.0741,562,2,560,0
98,60279016,vermelho,verde,reativa,empate,0,-1,100,0,0,0.0000,0.0000,1997,49,1948,0
98,60279016,vermelho,vermelho,reativa,empate,0,-1,100,120,90,1.3333,0.0000,2004,47,1957,0
98,60279016,vermelho,azul,reativa,empate,0,-1,100,90,120,0.7500,0.0000,407,15,392,0
99,2035523298,azul,verde,reativa,verde,1,3,20,30,0,30.0000,0.1053,412,2,410,0
99,2035523298,azul,vermelho,reativa,verde,0,-3,20,90,120,0.7500,0.0000,75,6,69,0
99,2035523298,azul,azul,reativa,verde,0,-3,20,120,120,1.0000,0.0526,377,8,369,0
100,778332920,verde,verde,reativa,empate,0,-1,100,120,90,1.3333,0.0200,2407,9,2398,0
100,778332920,verde,vermelho,reativa,empate,0,-1,100,0,0,0.0000,0.0000,1329,0,1329,0
100,778332920,verde,azul,reativa,empate,0,-1,100,90,120,0.7500,0.0000,288,7,281,0
101,681977055,vermelho,verde,reativa,vermelho,0,-3,24,120,120,1.0000,0.2609,464,9,455,0
101,681977055,vermelho,vermelho,reativa,vermelho,1,3,24,30,0,30.0000,0.0417,566,2,564,0
101,681977055,vermelho,azul,reativa,vermelho,0,-3,24,90,120,0.7500,0.0909,207,7,200,0
102,937597042,azul,verde,reativa,azul,0,-3,25,120,120,1.0000,0.0417,474,9,465,0
102,937597042,azul,vermelho,reativa,azul,0,-3,25,90,120,0.7500,0.1111,154,7,147,0
102,937597042,azul,azul,reativa,azul,1,3,25,30,0,30.0000,0.2400,552,2,550,0
103,528953857,verde,verde,reativa,vermelho,0,-3,13,150,120,1.2500,0.0000,185,11,174,0
103,528953857,verde,vermelho,reativa,vermelho,1,3,13,30,30,1.0000,0.3077,307,2,305,0
103,528953857,verde,azul,reativa,vermelho,0,-3,13,90,120,0.7500,0.0000,157,7,150,0
104,1698552064,vermelho,verde,reativa,verde,1,3,22,30,0,30.0000,0.0000,471,2,469,0
104,1698552064,vermelho,vermelho,reativa,verde,0,-3,22,120,120,1.0000,0.0476,432,9,423,0
104,1698552064,vermelho,azul,reativa,verde,0,-3,22,90,120,0.7500,0.0000,109,8,101,0
105,2028522531,azul,verde,reativa,vermelho,0,-3,21,90,120,0.7500,0.0000,183,6,177,0
105,2028522531,azul,vermelho,reativa,vermelho,1,3,21,30,30,1.0000,0.1500,440,2,438,0
105,2028522531,azul,azul,reativa,vermelho,0,-3,21,150,120,1.2500,0.0000,330,12,318,0
106,2146725289,verde,verde,reativa,vermelho,0,-3,9,90,120,0.7500,0.0000,110,10,100,0
106,2146725289,verde,vermelho,reativa,vermelho,1,3,9,30,30,1.0000,0.0000,191,6,185,0
106,2146725289,verde,azul,reativa,vermelho,0,-3,9,150,120,1.2500,0.0000,85,13,72,0
107,2048006628,vermelho,verde,reativa,verde,1,3,18,30,0,30.0000,0.1176,366,3,363,0
107,2048006628,vermelho,vermelho,reativa,verde,0,-3,18,120,120,1.0000,0.1176,298,9,289,0
107,2048006628,vermelho,azul,reativa,verde,0,-3,18,90,120,0.7500,0.0000,151,6,145,0
108,2065734190,azul,verde,reativa,azul,0,-3,48,90,120,0.7500,0.0000,250,7,243,0
108,2065734190,azul,vermelho,reativa,azul,0,-3,48,150,120,1.2500,0.0213,1018,10,1008,0
108,2065734190,azul,azul,reativa,azul,1,3,48,30,30,1.0000,0.0000,891,2,889,0
109,946904339,verde,verde,reativa,vermelho,0,-3,20,90,120,0.7500,0.0000,74,6,68,0
109,946904339,verde,vermelho,reativa,vermelho,1,3,20,30,30,1.0000,0.0000,420,2,418,0
109,946904339,verde,azul,reativa,vermelho,0,-3,20,150,120,1.2500,0.0000,320,12,308,0
110,977405121,vermelho,verde,reativa,vermelho,0,-3,19,90,120,0.7500,0.0909,211,7,204,0
110,977405121,vermelho,vermelho,reativa,vermelho,1,3,19,30,0,30.0000,0.0526,388,2,386,0
110,977405121,vermelho,azul,reativa,vermelho,0,-3,19,120,120,1.0000,0.0556,365,11,354,0
111,106871201,azul,verde,reativa,vermelho,0,-3,22,90,120,0.7500,0.6667,83,7,76,0
111,106871201,azul,vermelho,reativa,vermelho,1,3,22,30,0,30.0000,0.0476,442,2,440,0
111,106871201,azul,azul,reativa,vermelho,0,-3,22,120,120,1.0000,0.0476,423,8,415,0
112,524023377,verde,verde,reativa,verde,1,3,11,30,30,1.0000,0.0000,236,2,234,0
112,524023377,verde,vermelho,reativa,verde,0,-3,11,150,120,1.2500,0.2000,138,11,127,0
112,524023377,verde,azul,reativa,verde,0,-3,11,90,120,0.7500,0.0000,57,6,51,0
113,2070036801,vermelho,verde,reativa,vermelho,0,-3,20,150,120,1.2500,0.1053,342,13,329,0
113,2070036801,vermelho,vermelho,reativa,vermelho,1,3,20,30,30,1.0000,0.0000,444,4,440,0
113,2070036801,vermelho,azul,reativa,vermelho,0,-3,20,90,120,0.7500,0.1176,356,11,345,0
114,332326161,azul,verde,reativa,azul,0,-3,36,150,120,1.2500,0.0000,728,11,717,0
114,332326161,azul,vermelho,reativa,azul,0,-3,36,90,120,0.7500,0.1250,132,6,126,0
114,332326161,azul,azul,reativa,azul,1,3,36,30,30,1.0000,0.0000,889,2,887,0
115,13274541,verde,verde,reativa,azul,0,-3,47,90,120,0.7500,0.1250,330,6,324,0
115,13274541,verde,vermelho,reativa,azul,0,-3,47,150,120,1.2500,0.0638,987,10,977,0
115,13274541,verde,azul,reativa,azul,1,3,47,30,30,1.0000,0.0213,1003,2,1001,0
116,825241805,vermelho,verde,reativa,azul,0,-3,28,120,120,1.0000,0.0000,577,9,568,0
116,825241805,vermelho,vermelho,reativa,azul,0,-3,28,90,120,0.7500,0.0000,157,7,150,0
116,825241805,vermelho,azul,reativa,azul,1,3,28,30,0,30.0000,0.0000,631,2,629,0
117,1573000952,azul,verde,reativa,empate,0,-1,100,0,0,0.0000,0.0000,1863,0,1863,0
117,1573000952,azul,vermelho,reativa,empate,0,-1,100,90,120,0.7500,0.0000,253,6,247,0
117,1573000952,azul,azul,reativa,empate,0,-1,100,120,90,1.3333,0.0000,1684,9,1675,0
118,1749647013,verde,verde,reativa,verde,1,3,19,30,0,30.0000,0.0000,439,2,437,0
118,1749647013,verde,vermelho,reativa,verde,0,-3,19,90,120,0.7500,0.0833,228,7,221,0
118,1749647013,verde,azul,reativa,verde,0,-3,19,120,120,1.0000,0.0556,353,10,343,0
119,974095307,vermelho,verde,reativa,vermelho,0,-3,20,150,120,1.2500,0.0526,362,11,351,0
119,974095307,vermelho,vermelho,reativa,vermelho,1,3,20,30,30,1.0000,0.0000,464,2,462,0
119,974095307,vermelho,azul,reativa,vermelho,0,-3,20,90,120,0.7500,0.0000,58,7,51,0
120,1400113132,azul,verde,reativa,verde,1,3,24,30,0,30.0000,0.0435,528,2,526,0
120,1400113132,azul,vermelho,reativa,verde,0,-3,24,90,120,0.7500,0.0000,81,6,75,0
120,1400113132,azul,azul,reativa,verde,0,-3,24,120,120,1.0000,0.0000,486,8,478,0
121,1403140035,verde,verde,reativa,verde,1,3,17,30,30,1.0000,0.0000,338,2,336,0
121,1403140035,verde,vermelho,reativa,verde,0,-3,17,90,120,0.7500,0.0000,126,7,119,0
121,1403140035,verde,azul,reativa,verde,0,-3,17,150,120,1.2500,0.0000,282,13,269,0
122,1485886752,vermelho,verde,reativa,azul,0,-3,16,90,120,0.7500,0.0000,55,6,49,0
122,1485886752,vermelho,vermelho,reativa,azul,0,-3,16,120,120,1.0000,0.0000,274,8,266,0
122,1485886752,vermelho,azul,reativa,azul,1,3,16,30,0,30.0000,0.0625,372,2,370,0
123,1433079639,azul,verde,reativa,vermelho,0,-3,38,90,120,0.7500,0.0000,231,6,225,0
123,1433079639,azul,vermelho,reativa,vermelho,1,3,38,30,30,1.0000,0.0541,867,3,864,0
123,1433079639,azul,azul,reativa,vermelho,0,-3,38,150,120,1.2500,0.0541,758,12,746,0
124,1444017005,verde,verde,reativa,empate,0,-1,100,0,0,0.0000,0.0000,2320,0,2320,0
124,1444017005,verde,vermelho,reativa,empate,0,-1,100,0,0,0.0000,0.0000,2028,50,1978,0
124,1444017005,verde,azul,reativa,empate,0,-1,100,0,0,0.0000,0.0000,1570,48,1522,0
125,1120634029,vermelho,verde,reativa,azul,0,-3,24,150,120,1.2500,0.0000,465,10,455,0
125,1120634029,vermelho,vermelho,reativa,azul,0,-3,24,90,120,0.7500,0.0000,132,6,126,0
125,1120634029,vermelho,azul,reativa,azul,1,3,24,30,30,1.0000,0.0833,563,2,561,0
126,1159629576,azul,verde,reativa,verde,1,3,25,30,30,1.0000,0.0000,549,2,547,0
126,1159629576,azul,vermelho,reativa,verde,0,-3,25,90,120,0.7500,0.0000,58,7,51,0
126,1159629576,azul,azul,reativa,verde,0,-3,25,150,120,1.2500,0.0417,453,10,443,0
127,170520394,verde,verde,reativa,vermelho,0,-3,17,120,120,1.0000,0.1176,298,9,289,0
127,170520394,verde,vermelho,reativa,vermelho,1,3,17,30,0,30.0000,0.1176,400,2,398,0
127,170520394,verde,azul,reativa,vermelho,0,-3,17,90,120,0.7500,0.0000,99,7,92,0
128,2032603470,vermelho,verde,reativa,azul,0,-3,16,150,120,1.2500,0.0000,244,10,234,0
128,2032603470,vermelho,vermelho,reativa,azul,0,-3,16,90,120,0.7500,0.0000,248,6,242,0
128,2032603470,vermelho,azul,reativa,azul,1,3,16,30,30,1.0000,0.1875,349,5,344,0
129,1569236234,azul,verde,reativa,verde,1,3,20,90,30,3.0000,0.1579,400,8,392,0
129,1569236234,azul,vermelho,reativa,verde,0,-3,20,60,120,0.5000,0.1250,343,5,338,0
129,1569236234,azul,azul,reativa,verde,0,-3,20,120,120,1.0000,0.1053,377,9,368,0
130,411570783,verde,verde,reativa,vermelho,0,-3,14,150,120,1.2500,0.0000,233,11,222,0
130,411570783,verde,vermelho,reativa,vermelho,1,3,14,30,30,1.0000,0.2143,303,3,300,0
130,411570783,verde,azul,reativa,vermelho,0,-3,14,90,120,0.7500,0.0000,32,6,26,0
131,562047796,vermelho,verde,reativa,verde,1,3,18,30,0,30.0000,0.0588,355,4,351,0
131,562047796,vermelho,vermelho,reativa,verde,0,-3,18,120,120,1.0000,0.0000,272,9,263,0
131,562047796,vermelho,azul,reativa,verde,0,-3,18,90,120,0.7500,0.0000,97,6,91,0
132,1448248165,azul,verde,reativa,vermelho,0,-3,34,90,120,0.7500,0.0000,58,7,51,0
132,1448248165,azul,vermelho,reativa,vermelho,1,3,34,30,0,30.0000,0.0909,672,4,668,0
132,1448248165,azul,azul,reativa,vermelho,0,-3,34,120,120,1.0000,0.0000,639,9,630,0
133,1352011924,verde,verde,reativa,azul,0,-3,14,90,120,0.7500,0.0000,168,8,160,0
133,1352011924,verde,vermelho,reativa,azul,0,-3,14,150,120,1.2500,0.0000,212,13,199,0
133,1352011924,verde,azul,reativa,azul,1,3,14,30,30,1.0000,0.1429,310,4,306,0
134,939551074,vermelho,verde,reativa,azul,0,-3,16,90,120,0.7500,0.0000,83,7,76,0
134,939551074,vermelho,vermelho,reativa,azul,0,-3,16,150,120,1.2500,0.0000,289,10,279,0
134,939551074,vermelho,azul,reativa,azul,1,3,16,30,30,1.0000,0.0000,350,2,348,0
135,362752061,azul,verde,reativa,verde,1,3,13,30,0,30.0000,0.0000,238,3,235,0
135,362752061,azul,vermelho,reativa,verde,0,-3,13,120,120,1.0000,0.0000,186,9,177,0
135,362752061,azul,azul,reativa,verde,0,-3,13,90,120,0.7500,0.0000,123,6,117,0
136,1970562540,verde,verde,reativa,vermelho,0,-3,25,120,120,1.0000,0.0000,513,8,505,0
136,1970562540,verde,vermelho,reativa,vermelho,1,3,25,30,0,30.0000,0.0000,543,2,541,0
136,1970562540,verde,azul,reativa,vermelho,0,-3,25,90,120,0.7500,0.0000,81,6,75,0
137,383708122,vermelho,verde,reativa,vermelho,0,-3,17,150,120,1.2500,0.1250,291,13,278,0
137,383708122,vermelho,vermelho,reativa,vermelho,1,3,17,30,30,1.0000,0.0000,364,6,358,0
137,383708122,vermelho,azul,reativa,vermelho,0,-3,17,90,120,0.7500,0.0000,305,7,298,0
138,2075785334,azul,verde,reativa,vermelho,0,-3,20,150,120,1.2500,0.3158,367,11,356,0
138,2075785334,azul,vermelho,reativa,vermelho,1,3,20,30,30,1.0000,0.0000,448,2,446,0
138,2075785334,azul,azul,reativa,vermelho,0,-3,20,90,120,0.7500,0.6667,84,8,76,0
139,794372141,verde,verde,reativa,verde,1,3,11,90,30,3.0000,0.0000,210,11,199,0
139,794372141,verde,vermelho,reativa,verde,0,-3,11,90,120,0.7500,0.0000,165,10,155,0
139,794372141,verde,azul,reativa,verde,0,-3,11,90,120,0.7500,0.0000,156,7,149,0
140,1817101026,vermelho,verde,reativa,verde,1,3,11,30,0,30.0000,0.1000,229,4,225,0
140,1817101026,vermelho,vermelho,reativa,verde,0,-3,11,120,120,1.0000,0.0000,147,8,139,0
140,1817101026,vermelho,azul,reativa,verde,0,-3,11,90,120,0.7500,0.0000,102,7,95,0
141,1461547978,azul,verde,reativa,verde,1,3,15,60,0,60.0000,0.0714,315,6,309,0
141,1461547978,azul,vermelho,reativa,verde,0,-3,15,90,120,0.7500,0.0769,257,10,247,0
141,1461547978,azul,azul,reativa,verde,0,-3,15,90,120,0.7500,0.0769,259,7,252,0
142,1249674794,verde,verde,reativa,verde,1,3,26,30,30,1.0000,0.1154,601,2,599,0
142,1249674794,verde,vermelho,reativa,verde,0,-3,26,90,120,0.7500,0.0000,233,7,226,0
142,1249674794,verde,azul,reativa,verde,0,-3,26,150,120,1.2500,0.0400,499,12,487,0
143,236336944,vermelho,verde,reativa,verde,1,3,33,30,30,1.0000,0.0625,737,3,734,0
143,236336944,vermelho,vermelho,reativa,verde,0,-3,33,150,120,1.2500,0.0000,625,11,614,0
143,236336944,vermelho,azul,reativa,verde,0,-3,33,90,120,0.7500,0.0000,173,6,167,0
144,787490960,azul,verde,reativa,azul,0,-3,36,120,120,1.0000,0.0857,700,8,692,0
144,787490960,azul,vermelho,reativa,azul,0,-3,36,90,120,0.7500,0.0000,70,6,64,0
144,787490960,azul,azul,reativa,azul,1,3,36,30,0,30.0000,0.0278,758,2,756,0
145,368094613,verde,verde,reativa,vermelho,0,-3,29,90,120,0.7500,0.0000,371,6,365,0
145,368094613,verde,vermelho,reativa,vermelho,1,3,29,30,30,1.0000,0.0345,625,2,623,0
145,368094613,verde,azul,reativa,vermelho,0,-3,29,150,120,1.2500,0.2143,549,11,538,0
146,15368845,vermelho,verde,reativa,vermelho,0,-3,8,90,120,0.7500,0.0000,82,6,76,0
146,15368845,vermelho,vermelho,reativa,vermelho,1,3,8,30,0,30.0000,0.2500,181,4,177,0
146,15368845,vermelho,azul,reativa,vermelho,0,-3,8,120,120,1.0000,0.0000,86,11,75,0
147,987658780,azul,verde,reativa,azul,0,-3,47,120,120,1.0000,0.0000,986,9,977,0
147,987658780,azul,vermelho,reativa,azul,0,-3,47,90,120,0.7500,0.0000,154,7,147,0
147,987658780,azul,azul,reativa,azul,1,3,47,30,0,30.0000,0.0426,889,2,887,0
148,1140005980,verde,verde,reativa,azul,0,-3,32,90,120,0.7500,0.0000,155,7,148,0
148,1140005980,verde,vermelho,reativa,azul,0,-3,32,150,120,1.2500,0.0625,631,12,619,0
148,1140005980,verde,azul,reativa,azul,1,3,32,30,30,1.0000,0.0313,730,3,727,0
149,2107689852,vermelho,verde,reativa,vermelho,0,-3,28,90,120,0.7500,0.0000,103,6,97,0
149,2107689852,vermelho,vermelho,reativa,vermelho,1,3,28,30,30,1.0000,0.0357,666,2,664,0
149,2107689852,vermelho,azul,reativa,vermelho,0,-3,28,150,120,1.2500,0.0370,539,10,529,0
150,1111585620,azul,verde,reativa,verde,1,3,24,30,30,1.0000,0.0000,528,2,526,0
150,1111585620,azul,vermelho,reativa,verde,0,-3,24,150,120,1.2500,0.0909,442,12,430,0
150,1111585620,azul,azul,reativa,verde,0,-3,24,90,120,0.7500,0.1538,254,7,247,0
151,323059078,verde,verde,reativa,azul,0,-3,18,150,120,1.2500,0.0000,316,10,306,0
151,323059078,verde,vermelho,reativa,azul,0,-3,18,30,120,0.2500,0.0000,319,3,316,0
151,323059078,verde,azul,reativa,azul,1,3,18,150,90,1.6667,0.0556,310,11,299,0
152,1505993271,vermelho,verde,reativa,azul,0,-3,19,90,120,0.7500,0.0000,109,8,101,0
152,1505993271,vermelho,vermelho,reativa,azul,0,-3,19,150,120,1.2500,0.0000,361,11,350,0
152,1505993271,vermelho,azul,reativa,azul,1,3,19,30,30,1.0000,0.0526,430,2,428,0
153,1332249844,azul,verde,reativa,azul,0,-3,20,90,120,0.7500,0.0000,408,8,400,0
153,1332249844,azul,vermelho,reativa,azul,0,-3,20,90,120,0.7500,0.0000,411,11,400,0
153,1332249844,azul,azul,reativa,azul,1,3,20,60,0,60.0000,0.0500,437,6,431,0
154,486926662,verde,verde,reativa,azul,0,-3,15,120,120,1.0000,0.0667,213,9,204,0
154,486926662,verde,vermelho,reativa,azul,0,-3,15,90,120,0.7500,0.0000,97,6,91,0
154,486926662,verde,azul,reativa,azul,1,3,15,30,0,30.0000,0.0000,317,4,313,0
155,228384987,vermelho,verde,reativa,azul,0,-3,16,120,120,1.0000,0.0000,240,11,229,0
155,228384987,vermelho,vermelho,reativa,azul,0,-3,16,90,120,0.7500,0.0667,306,7,299,0
155,228384987,vermelho,azul,reativa,azul,1,3,16,60,30,2.0000,0.0625,303,6,297,0
156,1338147426,azul,verde,reativa,azul,0,-3,19,90,120,0.7500,0.0000,81,7,74,0
156,1338147426,azul,vermelho,reativa,azul,0,-3,19,120,120,1.0000,0.3333,341,10,331,0
156,1338147426,azul,azul,reativa,azul,1,3,19,30,0,30.0000,0.0000,450,3,447,0
157,1701265980,verde,verde,reativa,vermelho,0,-3,8,90,120,0.7500,0.0000,32,6,26,0
157,1701265980,verde,vermelho,reativa,vermelho,1,3,8,60,30,2.0000,0.0000,153,4,149,0
157,1701265980,verde,azul,reativa,vermelho,0,-3,8,120,120,1.0000,0.0000,82,8,74,0
158,2035459300,vermelho,verde,reativa,verde,1,3,31,30,30,1.0000,0.0000,571,1,570,0
158,2035459300,vermelho,vermelho,reativa,verde,0,-3,31,150,120,1.2500,0.0000,548,13,535,0
158,2035459300,vermelho,azul,reativa,verde,0,-3,31,90,120,0.7500,0.0000,108,7,101,0
159,1984052756,azul,verde,reativa,verde,1,3,21,60,0,60.0000,0.0000,413,4,409,0
159,1984052756,azul,vermelho,reativa,verde,0,-3,21,90,120,0.7500,0.0000,335,6,329,0
159,1984052756,azul,azul,reativa,verde,0,-3,21,90,120,0.7500,0.1000,394,6,388,0
160,882379617,verde,verde,reativa,vermelho,0,-3,28,120,120,1.0000,0.0714,580,9,571,0
160,882379617,verde,vermelho,reativa,vermelho,1,3,28,30,0,30.0000,0.0714,675,2,673,0
160,882379617,verde,azul,reativa,vermelho,0,-3,28,90,120,0.7500,0.0000,340,8,332,0
161,155837609,vermelho,verde,reativa,azul,0,-3,62,150,120,1.2500,0.0656,1347,10,1337,0
161,155837609,vermelho,vermelho,reativa,azul,0,-3,62,90,120,0.7500,0.0000,58,6,52,0
161,155837609,vermelho,azul,reativa,azul,1,3,62,30,30,1.0000,0.0968,1289,2,1287,0
162,1949492245,azul,verde,reativa,vermelho,0,-3,13,90,120,0.7500,0.0000,101,7,94,0
162,1949492245,azul,vermelho,reativa,vermelho,1,3,13,30,0,30.0000,0.0000,266,2,264,0
162,1949492245,azul,azul,reativa,vermelho,0,-3,13,120,120,1.0000,0.0000,206,9,197,0
163,1206746855,verde,verde,reativa,vermelho,0,-3,16,150,120,1.2500,0.0000,272,11,261,0
163,1206746855,verde,vermelho,reativa,vermelho,1,3,16,30,30,1.0000,0.0000,377,3,374,0
163,1206746855,verde,azul,reativa,vermelho,0,-3,16,90,120,0.7500,0.1000,154,7,147,0
164,383512830,vermelho,verde,reativa,azul,0,-3,12,150,120,1.2500,0.0000,142,10,132,0
164,383512830,vermelho,vermelho,reativa,azul,0,-3,12,90,120,0.7500,0.0000,101,6,95,0
164,383512830,vermelho,azul,reativa,azul,1,3,12,30,30,1.0000,0.0000,242,4,238,0
165,1238779790,azul,verde,reativa,verde,1,3,32,30,30,1.0000,0.0000,572,2,570,0
165,1238779790,azul,vermelho,reativa,verde,0,-3,32,90,120,0.7500,0.0000,80,8,72,0
165,1238779790,azul,azul,reativa,verde,0,-3,32,150,120,1.2500,0.0323,628,11,617,0
166,457092375,verde,verde,reativa,verde,1,3,18,30,0,30.0000,0.1667,390,3,387,0
166,457092375,verde,vermelho,reativa,verde,0,-3,18,90,120,0.7500,0.0000,92,8,84,0
166,457092375,verde,azul,reativa,verde,0,-3,18,120,120,1.0000,0.1176,319,11,308,0
167,1059044347,vermelho,verde,reativa,vermelho,0,-3,17,90,120,0.7500,0.0000,293,11,282,0
167,1059044347,vermelho,vermelho,reativa,vermelho,1,3,17,150,90,1.6667,0.0000,283,14,269,0
167,1059044347,vermelho,azul,reativa,vermelho,0,-3,17,90,120,0.7500,0.0000,322,10,312,0
168,281457202,azul,verde,reativa,verde,1,3,23,30,0,30.0000,0.0000,540,2,538,0
168,281457202,azul,vermelho,reativa,verde,0,-3,23,120,120,1.0000,0.0476,422,9,413,0
168,281457202,azul,azul,reativa,verde,0,-3,23,90,120,0.7500,0.0000,55,7,48,0
169,1239046820,verde,verde,reativa,azul,0,-3,25,90,120,0.7500,0.0000,259,7,252,0
169,1239046820,verde,vermelho,reativa,azul,0,-3,25,120,120,1.0000,0.0400,524,8,516,0
169,1239046820,verde,azul,reativa,azul,1,3,25,30,0,30.0000,0.1200,565,2,563,0
170,461995623,vermelho,verde,reativa,verde,1,3,11,30,30,1.0000,0.0000,213,2,211,0
170,461995623,vermelho,vermelho,reativa,verde,0,-3,11,90,120,0.7500,0.5556,145,7,138,0
170,461995623,vermelho,azul,reativa,verde,0,-3,11,150,120,1.2500,0.0000,119,11,108,0
171,1520527385,azul,verde,reativa,verde,1,3,24,90,30,3.0000,0.0000,496,8,488,0
171,1520527385,azul,vermelho,reativa,verde,0,-3,24,60,120,0.5000,0.1500,436,5,431,0
171,1520527385,azul,azul,reativa,verde,0,-3,24,120,120,1.0000,0.0870,444,9,435,0
172,681314169,verde,verde,reativa,verde,1,3,13,60,0,60.0000,0.0000,289,6,283,0
172,681314169,verde,vermelho,reativa,verde,0,-3,13,90,120,0.7500,0.0000,164,8,156,0
172,681314169,verde,azul,reativa,verde,0,-3,13,90,120,0.7500,0.0000,223,11,212,0
173,1151681641,vermelho,verde,reativa,vermelho,0,-3,21,90,100,0.9000,0.8333,83,19,64,0
173,1151681641,vermelho,vermelho,reativa,vermelho,1,3,21,30,30,1.0000,0.0476,509,2,507,0
173,1151681641,vermelho,azul,reativa,vermelho,0,-3,21,130,120,1.0833,0.6000,236,24,212,0
174,915322822,azul,verde,reativa,vermelho,0,-3,19,90,120,0.7500,0.0000,207,6,201,0
174,915322822,azul,vermelho,reativa,vermelho,1,3,19,30,0,30.0000,0.0000,365,2,363,0
174,915322822,azul,azul,reativa,vermelho,0,-3,19,120,120,1.0000,0.0000,365,9,356,0
175,1219387384,verde,verde,reativa,empate,0,-1,100,0,0,0.0000,0.0000,2003,50,1953,0
175,1219387384,verde,vermelho,reativa,empate,0,-1,100,0,0,0.0000,0.0000,1871,51,1820,0
175,1219387384,verde,azul,reativa,empate,0,-1,100,0,0,0.0000,0.4900,1970,0,1970,0
176,669132441,vermelho,verde,reativa,verde,1,3,17,50,90,0.5556,0.1250,292,10,282,0
176,669132441,vermelho,vermelho,reativa,verde,0,-3,17,60,100,0.6000,0.2500,260,4,256,0
176,669132441,vermelho,azul,reativa,verde,0,-3,17,180,100,1.8000,0.2500,233,13,220,0
177,1538008631,azul,verde,reativa,azul,0,-3,20,120,120,1.0000,0.0000,380,8,372,0
177,1538008631,azul,vermelho,reativa,azul,0,-3,20,90,120,0.7500,0.0000,83,7,76,0
177,1538008631,azul,azul,reativa,azul,1,3,20,30,0,30.0000,0.0000,450,2,448,0
178,557466564,verde,verde,reativa,azul,0,-3,28,90,120,0.7500,0.0000,212,6,206,0
178,557466564,verde,vermelho,reativa,azul,0,-3,28,120,120,1.0000,0.0357,595,9,586,0
178,557466564,verde,azul,reativa,azul,1,3,28,30,0,30.0000,0.0000,628,2,626,0
179,1498413934,vermelho,verde,reativa,vermelho,0,-3,21,90,120,0.7500,0.0000,146,7,139,0
179,1498413934,vermelho,vermelho,reativa,vermelho,1,3,21,30,0,30.0000,0.0476,495,2,493,0
179,1498413934,vermelho,azul,reativa,vermelho,0,-3,21,120,120,1.0000,0.0500,381,10,371,0
180,542293507,azul,verde,reativa,verde,1,3,22,30,30,1.0000,0.0952,508,2,506,0
180,542293507,azul,vermelho,reativa,verde,0,-3,22,90,120,0.7500,0.5455,209,6,203,0
180,542293507,azul,azul,reativa,verde,0,-3,22,150,120,1.2500,0.1905,413,11,402,0
181,1371703114,verde,verde,reativa,vermelho,0,-3,31,120,120,1.0000,0.0645,612,9,603,0
181,1371703114,verde,vermelho,reativa,vermelho,1,3,31,30,0,30.0000,0.0645,675,3,672,0
181,1371703114,verde,azul,reativa,vermelho,0,-3,31,90,120,0.7500,0.0000,324,6,318,0
182,117727943,vermelho,verde,reativa,verde,1,3,22,30,30,1.0000,0.0000,490,2,488,0
182,117727943,vermelho,vermelho,reativa,verde,0,-3,22,150,120,1.2500,0.0000,411,10,401,0
182,117727943,vermelho,azul,reativa,verde,0,-3,22,90,120,0.7500,0.0000,55,7,48,0
183,603806591,azul,verde,reativa,verde,1,3,22,30,30,1.0000,0.0952,448,2,446,0
183,603806591,azul,vermelho,reativa,verde,0,-3,22,150,120,1.2500,0.0000,368,10,358,0
183,603806591,azul,azul,reativa,verde,0,-3,22,90,120,0.7500,0.0000,100,7,93,0
184,699897077,verde,verde,reativa,azul,0,-3,29,120,120,1.0000,0.0000,568,12,556,0
184,699897077,verde,vermelho,reativa,azul,0,-3,29,90,120,0.7500,0.0000,375,20,355,0
184,699897077,verde,azul,reativa,azul,1,3,29,30,0,30.0000,0.0000,535,16,519,0
185,519069263,vermelho,verde,reativa,verde,1,3,18,30,0,30.0000,0.0000,406,2,404,0
185,519069263,vermelho,vermelho,reativa,verde,0,-3,18,120,120,1.0000,0.0588,338,8,330,0
185,519069263,vermelho,azul,reativa,verde,0,-3,18,90,120,0.7500,0.0000,32,6,26,0
186,1300684724,azul,verde,reativa,azul,0,-3,11,90,120,0.7500,0.0000,100,6,94,0
186,1300684724,azul,vermelho,reativa,azul,0,-3,11,150,120,1.2500,0.0000,113,10,103,0
186,1300684724,azul,azul,reativa,azul,1,3,11,30,30,1.0000,0.0000,255,1,254,0
187,1520408512,verde,verde,reativa,azul,0,-3,37,120,120,1.0000,0.0541,754,9,745,0
187,1520408512,verde,vermelho,reativa,azul,0,-3,37,90,120,0.7500,0.0000,104,8,96,0
187,1520408512,verde,azul,reativa,azul,1,3,37,30,0,30.0000,0.0270,758,2,756,0
188,1385646527,vermelho,verde,reativa,verde,1,3,25,30,30,1.0000,0.0000,512,2,510,0
188,1385646527,vermelho,vermelho,reativa,verde,0,-3,25,90,120,0.7500,0.0000,185,6,179,0
188,1385646527,vermelho,azul,reativa,verde,0,-3,25,150,120,1.2500,0.0833,481,11,470,0
189,1017835355,azul,verde,reativa,empate,0,-1,100,0,0,0.0000,0.4949,1789,49,1740,0
189,1017835355,azul,vermelho,reativa,empate,0,-1,100,0,0,0.0000,0.0000,1518,50,1468,0
189,1017835355,azul,azul,reativa,empate,0,-1,100,0,0,0.0000,0.4700,2438,0,2438,0
190,1799545139,verde,verde,reativa,azul,0,-3,14,120,120,1.0000,0.0000,254,9,245,0
190,1799545139,verde,vermelho,reativa,azul,0,-3,14,90,120,0.7500,0.0000,84,8,76,0
190,1799545139,verde,azul,reativa,azul,1,3,14,30,0,30.0000,0.0714,277,2,275,0
191,129883519,vermelho,verde,reativa,vermelho,0,-3,13,120,120,1.0000,0.0000,195,9,186,0
191,129883519,vermelho,vermelho,reativa,vermelho,1,3,13,30,0,30.0000,0.0000,308,2,306,0
191,129883519,vermelho,azul,reativa,vermelho,0,-3,13,90,120,0.7500,0.0000,152,6,146,0
192,1102580056,azul,verde,reativa,verde,1,3,23,30,30,1.0000,0.0000,526,2,524,0
192,1102580056,azul,vermelho,reativa,verde,0,-3,23,80,100,0.8000,0.6250,110,9,101,0
192,1102580056,azul,azul,reativa,verde,0,-3,23,130,110,1.1818,0.3636,413,13,400,0
193,1554659575,verde,verde,reativa,azul,0,-3,15,90,120,0.7500,0.0000,126,6,120,0
193,1554659575,verde,vermelho,reativa,azul,0,-3,15,120,120,1.0000,0.0667,238,10,228,0
193,1554659575,verde,azul,reativa,azul,1,3,15,30,0,30.0000,0.0667,324,2,322,0
194,1156300410,vermelho,verde,reativa,azul,0,-3,19,120,120,1.0000,0.5000,357,9,348,0
194,1156300410,vermelho,vermelho,reativa,azul,0,-3,19,90,120,0.7500,0.5556,155,6,149,0
194,1156300410,vermelho,azul,reativa,azul,1,3,19,30,0,30.0000,0.0000,421,2,419,0
195,529621933,azul,verde,reativa,azul,0,-3,42,90,120,0.7500,0.0000,541,7,534,0
195,529621933,azul,vermelho,reativa,azul,0,-3,42,150,120,1.2500,0.0732,899,11,888,0
195,529621933,azul,azul,reativa,azul,1,3,42,30,30,1.0000,0.0238,913,2,911,0
196,1734993955,verde,verde,reativa,empate,0,-1,100,0,0,0.0000,0.0000,2019,50,1969,0
196,1734993955,verde,vermelho,reativa,empate,0,-1,100,0,0,0.0000,0.0000,2600,0,2600,0
196,1734993955,verde,azul,reativa,empate,0,-1,100,0,0,0.0000,0.0000,2012,49,1963,0
197,178452452,vermelho,verde,reativa,vermelho,0,-3,13,120,120,1.0000,0.0833,194,9,185,0
197,178452452,vermelho,vermelho,reativa,vermelho,1,3,13,90,30,3.0000,0.0000,260,6,254,0
197,178452452,vermelho,azul,reativa,vermelho,0,-3,13,60,120,0.5000,0.1000,180,6,174,0
198,521402375,azul,verde,reativa,vermelho,0,-3,28,150,120,1.2500,0.2222,551,10,541,0
198,521402375,azul,vermelho,reativa,vermelho,1,3,28,30,30,1.0000,0.0741,610,2,608,0
198,521402375,azul,azul,reativa,vermelho,0,-3,28,90,120,0.7500,0.0000,82,6,76,0
199,105700785,verde,verde,reativa,vermelho,0,-3,18,120,110,1.0909,0.2778,358,9,349,0
199,105700785,verde,vermelho,reativa,vermelho,1,3,18,30,0,30.0000,0.0000,431,2,429,0
199,105700785,verde,azul,reativa,vermelho,0,-3,18,80,120,0.6667,0.0000,86,9,77,0
200,2008931110,vermelho,verde,reativa,verde,1,3,17,30,0,30.0000,0.0000,335,2,333,0
200,2008931110,vermelho,vermelho,reativa,verde,0,-3,17,120,120,1.0000,0.0000,296,10,286,0
200,2008931110,vermelho,azul,reativa,verde,0,-3,17,90,120,0.7500,0.0000,235,7,228,0
201,1342046878,azul,verde,reativa,azul,0,-3,26,150,120,1.2500,0.0400,488,11,477,0
201,1342046878,azul,vermelho,reativa,azul,0,-3,26,90,120,0.7500,0.0000,135,7,128,0
201,1342046878,azul,azul,reativa,azul,1,3,26,30,30,1.0000,0.0000,528,2,526,0
202,953152536,verde,verde,reativa,azul,0,-3,16,90,120,0.7500,0.0000,233,6,227,0
202,953152536,verde,vermelho,reativa,azul,0,-3,16,150,120,1.2500,0.0000,274,10,264,0
202,953152536,verde,azul,reativa,azul,1,3,16,30,30,1.0000,0.1250,373,2,371,0
203,1936411928,vermelho,verde,reativa,vermelho,0,-3,25,150,120,1.2500,0.0000,448,13,435,0
203,1936411928,vermelho,vermelho,reativa,vermelho,1,3,25,30,30,1.0000,0.0000,538,3,535,0
203,1936411928,vermelho,azul,reativa,vermelho,0,-3,25,90,120,0.7500,0.0833,218,6,212,0
204,1166957166,azul,verde,reativa,vermelho,0,-3,21,90,120,0.7500,0.1053,403,7,396,0
204,1166957166,azul,vermelho,reativa,vermelho,1,3,21,60,30,2.0000,0.0000,425,7,418,0
204,1166957166,azul,azul,reativa,vermelho,0,-3,21,120,120,1.0000,0.0500,411,11,400,0
205,1693299176,verde,verde,reativa,verde,1,3,25,30,30,1.0000,0.0400,574,2,572,0
205,1693299176,verde,vermelho,reativa,verde,0,-3,25,150,120,1.2500,0.0417,445,11,434,0
205,1693299176,verde,azul,reativa,verde,0,-3,25,90,120,0.7500,0.0000,109,8,101,0
206,1869436229,vermelho,verde,reativa,vermelho,0,-3,12,120,110,1.0909,0.5455,186,9,177,0
206,1869436229,vermelho,vermelho,reativa,vermelho,1,3,12,30,0,30.0000,0.0833,287,2,285,0
206,1869436229,vermelho,azul,reativa,vermelho,0,-3,12,80,120,0.6667,0.0000,58,8,50,0
207,145879472,azul,verde,reativa,vermelho,0,-3,16,90,120,0.7500,0.0000,106,7,99,0
207,145879472,azul,vermelho,reativa,vermelho,1,3,16,30,0,30.0000,0.0000,357,2,355,0
207,145879472,azul,azul,reativa,vermelho,0,-3,16,120,120,1.0000,0.0667,274,9,265,0
208,149114399,verde,verde,reativa,vermelho,0,-3,25,150,120,1.2500,0.0000,487,11,476,0
208,149114399,verde,vermelho,reativa,vermelho,1,3,25,30,30,1.0000,0.0000,574,2,572,0
208,149114399,verde,azul,reativa,vermelho,0,-3,25,90,120,0.7500,0.0000,258,6,252,0
209,1683453032,vermelho,verde,reativa,empate,0,-1,100,0,0,0.0000,0.0202,2458,0,2458,0
209,1683453032,vermelho,vermelho,reativa,empate,0,-1,100,0,0,0.0000,0.0100,1345,50,1295,0
209,1683453032,vermelho,azul,reativa,empate,0,-1,100,0,0,0.0000,0.0000,1816,50,1766,0
210,1180105192,azul,verde,reativa,empate,0,-1,100,120,90,1.3333,0.0000,1637,9,1628,0
210,1180105192,azul,vermelho,reativa,empate,0,-1,100,0,0,0.0000,0.0000,1683,0,1683,0
210,1180105192,azul,azul,reativa,empate,0,-1,100,90,120,0.7500,0.0000,174,8,166,0
211,706502710,verde,verde,reativa,azul,0,-3,22,90,120,0.7500,0.0000,149,6,143,0
211,706502710,verde,vermelho,reativa,azul,0,-3,22,120,120,1.0000,0.0455,420,8,412,0
211,706502710,verde,azul,reativa,azul,1,3,22,30,0,30.0000,0.0455,518,2,516,0
212,1552000050,vermelho,verde,reativa,azul,0,-3,25,90,120,0.7500,0.0000,133,6,127,0
212,1552000050,vermelho,vermelho,reativa,azul,0,-3,25,150,120,1.2500,0.0800,467,10,457,0
212,1552000050,vermelho,azul,reativa,azul,1,3,25,30,30,1.0000,0.0800,563,2,561,0
213,1627387955,azul,verde,reativa,verde,1,3,12,30,0,30.0000,0.0000,228,2,226,0
213,1627387955,azul,vermelho,reativa,verde,0,-3,12,90,120,0.7500,0.0000,124,6,118,0
213,1627387955,azul,azul,reativa,verde,0,-3,12,120,120,1.0000,0.0909,166,8,158,0
214,692168545,verde,verde,reativa,vermelho,0,-3,19,90,120,0.7500,0.0556,377,7,370,0
214,692168545,verde,vermelho,reativa,vermelho,1,3,19,60,0,60.0000,0.1053,365,6,359,0
214,692168545,verde,azul,reativa,vermelho,0,-3,19,90,120,0.7500,0.0000,380,10,370,0
215,1117255669,vermelho,verde,reativa,verde,1,3,13,30,30,1.0000,0.0000,276,2,274,0
215,1117255669,vermelho,vermelho,reativa,verde,0,-3,13,150,120,1.2500,0.0000,167,10,157,0
215,1117255669,vermelho,azul,reativa,verde,0,-3,13,90,120,0.7500,0.0000,32,6,26,0
216,1291571188,azul,verde,reativa,verde,1,3,27,30,0,30.0000,0.0000,580,2,578,0
216,1291571188,azul,vermelho,reativa,verde,0,-3,27,120,120,1.0000,0.0000,460,8,452,0
216,1291571188,azul,azul,reativa,verde,0,-3,27,90,120,0.7500,0.0000,95,7,88,0
217,1835059891,verde,verde,reativa,verde,1,3,11,90,60,1.5000,0.0000,215,8,207,0
217,1835059891,verde,vermelho,reativa,verde,0,-3,11,60,120,0.5000,0.0000,158,4,154,0
217,1835059891,verde,azul,reativa,verde,0,-3,11,150,120,1.2500,0.0000,140,13,127,0
218,770527005,vermelho,verde,reativa,azul,0,-3,12,60,120,0.5000,0.0000,187,7,180,0
218,770527005,vermelho,vermelho,reativa,azul,0,-3,12,150,120,1.2500,0.0833,178,12,166,0
218,770527005,vermelho,azul,reativa,azul,1,3,12,90,60,1.5000,0.0000,210,6,204,0
219,1839775962,azul,verde,reativa,vermelho,0,-3,13,90,120,0.7500,0.0000,83,7,76,0
219,1839775962,azul,vermelho,reativa,vermelho,1,3,13,30,30,1.0000,0.0833,261,2,259,0
219,1839775962,azul,azul,reativa,vermelho,0,-3,13,150,120,1.2500,0.0000,189,11,178,0
220,786723664,verde,verde,reativa,azul,0,-3,18,90,120,0.7500,0.0000,58,6,52,0
220,786723664,verde,vermelho,reativa,azul,0,-3,18,120,120,1.0000,0.0556,346,8,338,0
220,786723664,verde,azul,reativa,azul,1,3,18,30,0,30.0000,0.1111,420,2,418,0
221,1984655043,vermelho,verde,reativa,vermelho,0,-3,37,90,120,0.7500,0.0000,82,7,75,0
221,1984655043,vermelho,vermelho,reativa,vermelho,1,3,37,30,30,1.0000,0.0541,796,3,793,0
221,1984655043,vermelho,azul,reativa,vermelho,0,-3,37,150,120,1.2500,0.0000,750,11,739,0
222,2038087983,azul,verde,reativa,vermelho,0,-3,24,120,110,1.0909,0.0870,467,9,458,0
222,2038087983,azul,vermelho,reativa,vermelho,1,3,24,20,0,20.0000,0.0435,516,3,513,0
222,2038087983,azul,azul,reativa,vermelho,0,-3,24,90,120,0.7500,0.0000,83,7,76,0
223,24191029,verde,verde,reativa,azul,0,-3,14,150,120,1.2500,0.0000,238,10,228,0
223,24191029,verde,vermelho,reativa,azul,0,-3,14,90,120,0.7500,0.0000,58,6,52,0
223,24191029,verde,azul,reativa,azul,1,3,14,30,30,1.0000,0.0000,328,2,326,0
224,1641540538,vermelho,verde,reativa,azul,0,-3,13,120,120,1.0000,0.0000,212,11,201,0
224,1641540538,vermelho,vermelho,reativa,azul,0,-3,13,60,120,0.5000,0.1250,149,8,141,0
224,1641540538,vermelho,azul,reativa,azul,1,3,13,120,60,2.0000,0.0000,236,8,228,0
225,951702792,azul,verde,reativa,vermelho,0,-3,20,150,120,1.2500,0.0000,371,11,360,0
225,951702792,azul,vermelho,reativa,vermelho,1,3,20,30,30,1.0000,0.0000,446,2,444,0
225,951702792,azul,azul,reativa,vermelho,0,-3,20,90,120,0.7500,0.0000,159,6,153,0
226,675296008,verde,verde,reativa,azul,0,-3,20,90,120,0.7500,0.0000,56,6,50,0
226,675296008,verde,vermelho,reativa,azul,0,-3,20,150,120,1.2500,0.0000,374,10,364,0
226,675296008,verde,azul,reativa,azul,1,3,20,30,30,1.0000,0.0000,444,2,442,0
227,559324355,vermelho,verde,reativa,vermelho,0,-3,23,90,120,0.7500,0.0000,81,7,74,0
227,559324355,vermelho,vermelho,reativa,vermelho,1,3,23,30,0,30.0000,0.0435,466,2,464,0
227,559324355,vermelho,azul,reativa,vermelho,0,-3,23,120,120,1.0000,0.0000,458,9,449,0
228,981530121,azul,verde,reativa,azul,0,-3,21,150,120,1.2500,0.1000,365,11,354,0
228,981530121,azul,vermelho,reativa,azul,0,-3,21,90,120,0.7500,0.0000,146,6,140,0
228,981530121,azul,azul,reativa,azul,1,3,21,30,30,1.0000,0.0476,504,2,502,0
229,1656250677,verde,verde,reativa,empate,0,-1,100,0,0,0.0000,0.0000,1419,49,1370,0
229,1656250677,verde,vermelho,reativa,empate,0,-1,100,90,120,0.7500,0.1538,221,9,212,0
229,1656250677,verde,azul,reativa,empate,0,-1,100,120,90,1.3333,0.0100,2014,58,1956,0
230,207735304,vermelho,verde,reativa,verde,1,3,24,30,30,1.0000,0.0870,503,2,501,0
230,207735304,vermelho,vermelho,reativa,verde,0,-3,24,90,120,0.7500,0.0000,105,7,98,0
230,207735304,vermelho,azul,reativa,verde,0,-3,24,150,120,1.2500,0.0870,419,10,409,0
231,989711541,azul,verde,reativa,vermelho,0,-3,40,120,120,1.0000,0.0256,792,8,784,0
231,989711541,azul,vermelho,reativa,vermelho,1,3,40,30,0,30.0000,0.0000,829,2,827,0
231,989711541,azul,azul,reativa,vermelho,0,-3,40,90,120,0.7500,0.0000,86,6,80,0
232,1444584449,verde,verde,reativa,azul,0,-3,19,150,120,1.2500,0.0000,367,11,356,0
232,1444584449,verde,vermelho,reativa,azul,0,-3,19,90,120,0.7500,0.0000,184,6,178,0
232,1444584449,verde,azul,reativa,azul,1,3,19,30,30,1.0000,0.0526,461,2,459,0
233,594435942,vermelho,verde,reativa,azul,0,-3,71,90,120,0.7500,0.0000,57,7,50,0
233,594435942,vermelho,vermelho,reativa,azul,0,-3,71,120,120,1.0000,0.0282,1535,8,1527,0
233,594435942,vermelho,azul,reativa,azul,1,3,71,30,0,30.0000,0.0000,1250,2,1248,0
234,1488348715,azul,verde,reativa,verde,1,3,14,30,30,1.0000,0.0769,268,4,264,0
234,1488348715,azul,vermelho,reativa,verde,0,-3,14,90,120,0.7500,0.0000,208,6,202,0
234,1488348715,azul,azul,reativa,verde,0,-3,14,150,120,1.2500,0.0000,217,13,204,0
235,15411380,verde,verde,reativa,verde,1,3,26,30,30,1.0000,0.0000,561,2,559,0
235,15411380,verde,vermelho,reativa,verde,0,-3,26,80,120,0.6667,0.0000,83,8,75,0
235,15411380,verde,azul,reativa,verde,0,-3,26,150,110,1.3636,0.2000,492,10,482,0
236,893382118,vermelho,verde,reativa,verde,1,3,23,30,0,30.0000,0.1364,496,2,494,0
236,893382118,vermelho,vermelho,reativa,verde,0,-3,23,120,120,1.0000,0.0455,461,9,452,0
236,893382118,vermelho,azul,reativa,verde,0,-3,23,90,120,0.7500,0.0000,236,6,230,0
237,829102571,azul,verde,reativa,vermelho,0,-3,14,150,120,1.2500,0.0000,213,10,203,0
237,829102571,azul,vermelho,reativa,vermelho,1,3,14,30,30,1.0000,0.0000,283,2,281,0
237,829102571,azul,azul,reativa,vermelho,0,-3,14,90,120,0.7500,0.0000,83,7,76,0
238,1104959249,verde,verde,reativa,azul,0,-3,19,90,120,0.7500,0.0000,133,7,126,0
238,1104959249,verde,vermelho,reativa,azul,0,-3,19,150,120,1.2500,0.0000,355,11,344,0
238,1104959249,verde,azul,reativa,azul,1,3,19,30,30,1.0000,0.1053,431,2,429,0
239,436567940,vermelho,verde,reativa,verde,1,3,8,30,0,30.0000,0.0000,155,3,152,0
239,436567940,vermelho,vermelho,reativa,verde,0,-3,8,120,120,1.0000,0.0000,84,8,76,0
239,436567940,vermelho,azul,reativa,verde,0,-3,8,90,120,0.7500,0.0000,58,6,52,0
240,314003729,azul,verde,reativa,verde,1,3,15,30,30,1.0000,0.0000,321,2,319,0
240,314003729,azul,vermelho,reativa,verde,0,-3,15,150,120,1.2500,0.0000,169,10,159,0
240,314003729,azul,azul,reativa,verde,0,-3,15,90,120,0.7500,0.0000,123,6,117,0
241,334422033,verde,verde,reativa,vermelho,0,-3,23,90,120,0.7500,0.0000,57,6,51,0
241,334422033,verde,vermelho,reativa,vermelho,1,3,23,30,0,30.0000,0.0870,535,5,530,0
241,334422033,verde,azul,reativa,vermelho,0,-3,23,120,120,1.0000,0.1818,444,10,434,0
242,251380444,vermelho,verde,reativa,vermelho,0,-3,16,150,120,1.2500,0.0000,259,11,248,0
242,251380444,vermelho,vermelho,reativa,vermelho,1,3,16,30,30,1.0000,0.1250,343,2,341,0
242,251380444,vermelho,azul,reativa,vermelho,0,-3,16,90,120,0.7500,0.0000,109,8,101,0
243,1102806774,azul,verde,reativa,azul,0,-3,44,90,120,0.7500,0.0714,275,7,268,0
243,1102806774,azul,vermelho,reativa,azul,0,-3,44,150,120,1.2500,0.0698,945,12,933,0
243,1102806774,azul,azul,reativa,azul,1,3,44,30,30,1.0000,0.0227,681,3,678,0
244,1761145918,verde,verde,reativa,vermelho,0,-3,49,150,120,1.2500,0.0408,1080,12,1068,0
244,1761145918,verde,vermelho,reativa,vermelho,1,3,49,30,30,1.0000,0.0000,911,3,908,0
244,1761145918,verde,azul,reativa,vermelho,0,-3,49,90,120,0.7500,0.0000,232,6,226,0
245,1986957636,vermelho,verde,reativa,azul,0,-3,20,90,120,0.7500,0.0000,340,7,333,0
245,1986957636,vermelho,vermelho,reativa,azul,0,-3,20,150,120,1.2500,0.0000,399,18,381,0
245,1986957636,vermelho,azul,reativa,azul,1,3,20,30,30,1.0000,0.0000,475,5,470,0
246,1517405042,azul,verde,reativa,empate,0,-1,100,90,120,0.7500,0.0000,109,8,101,0
246,1517405042,azul,vermelho,reativa,empate,0,-1,100,120,90,1.3333,0.0000,2000,50,1950,0
246,1517405042,azul,azul,reativa,empate,0,-1,100,0,0,0.0000,0.0100,1237,42,1195,0
247,286550506,verde,verde,reativa,azul,0,-3,26,120,120,1.0000,0.1154,529,12,517,0
247,286550506,verde,vermelho,reativa,azul,0,-3,26,30,120,0.2500,0.1739,528,3,525,0
247,286550506,verde,azul,reativa,azul,1,3,26,150,60,2.5000,0.1538,531,15,516,0
248,137304799,vermelho,verde,reativa,vermelho,0,-3,24,150,120,1.2500,0.0000,426,10,416,0
248,137304799,vermelho,vermelho,reativa,vermelho,1,3,24,30,30,1.0000,0.0000,577,2,575,0
248,137304799,vermelho,azul,reativa,vermelho,0,-3,24,90,120,0.7500,0.0000,134,7,127,0
249,705417887,azul,verde,reativa,verde,1,3,12,30,30,1.0000,0.0000,245,2,243,0
249,705417887,azul,vermelho,reativa,verde,0,-3,12,150,120,1.2500,0.0000,136,10,126,0
249,705417887,azul,azul,reativa,verde,0,-3,12,90,120,0.7500,0.0000,83,7,76,0
250,726116545,verde,verde,reativa,vermelho,0,-3,12,120,120,1.0000,0.0000,199,8,191,0
250,726116545,verde,vermelho,reativa,vermelho,1,3,12,30,0,30.0000,0.0833,275,2,273,0
250,726116545,verde,azul,reativa,vermelho,0,-3,12,90,120,0.7500,0.0000,83,6,77,0
251,1291141008,vermelho,verde,reativa,azul,0,-3,22,90,120,0.7500,0.1000,180,6,174,0
251,1291141008,vermelho,vermelho,reativa,azul,0,-3,22,130,100,1.3000,0.4091,419,12,407,0
251,1291141008,vermelho,azul,reativa,azul,1,3,22,10,10,1.0000,0.0909,494,3,491,0
252,397193934,azul,verde,reativa,verde,1,3,41,30,0,30.0000,0.0750,899,2,897,0
252,397193934,azul,vermelho,reativa,verde,0,-3,41,120,120,1.0000,0.0000,830,10,820,0
252,397193934,azul,azul,reativa,verde,0,-3,41,90,120,0.7500,0.0000,229,6,223,0
253,214387698,verde,verde,reativa,empate,0,-1,100,120,90,1.3333,0.0200,1848,46,1802,0
253,214387698,verde,vermelho,reativa,empate,0,-1,100,0,0,0.0000,0.0000,1208,37,1171,0
253,214387698,verde,azul,reativa,empate,0,-1,100,90,120,0.7500,0.0000,246,6,240,0
254,2132358912,vermelho,verde,reativa,azul,0,-3,22,120,120,1.0000,0.0000,322,10,312,0
254,2132358912,vermelho,vermelho,reativa,azul,0,-3,22,90,120,0.7500,0.0000,123,6,117,0
254,2132358912,vermelho,azul,reativa,azul,1,3,22,30,0,30.0000,0.0455,498,2,496,0
255,58356795,azul,verde,reativa,vermelho,0,-3,19,90,120,0.7500,0.1250,113,7,106,0
255,58356795,azul,vermelho,reativa,vermelho,1,3,19,30,0,30.0000,0.0556,376,3,373,0
255,58356795,azul,azul,reativa,vermelho,0,-3,19,120,120,1.0000,0.1111,344,11,333,0
256,1589790228,verde,verde,reativa,verde,1,3,31,30,30,1.0000,0.1290,671,2,669,0
256,1589790228,verde,vermelho,reativa,verde,0,-3,31,150,120,1.2500,0.0000,654,13,641,0
256,1589790228,verde,azul,reativa,verde,0,-3,31,90,120,0.7500,0.0000,185,7,178,0
257,435970243,vermelho,verde,reativa,azul,0,-3,19,120,120,1.0000,0.1111,342,11,331,0
257,435970243,vermelho,vermelho,reativa,azul,0,-3,19,90,120,0.7500,0.0000,204,7,197,0
257,435970243,vermelho,azul,reativa,azul,1,3,19,30,0,30.0000,0.1053,450,2,448,0
258,1527342900,azul,verde,reativa,vermelho,0,-3,16,90,120,0.7500,0.0000,133,10,123,0
258,1527342900,azul,vermelho,reativa,vermelho,1,3,16,30,30,1.0000,0.0667,346,3,343,0
258,1527342900,azul,azul,reativa,vermelho,0,-3,16,150,120,1.2500,0.0000,261,16,245,0
259,1108040743,verde,verde,reativa,verde,1,3,35,30,30,1.0000,0.0571,780,2,778,0
259,1108040743,verde,vermelho,reativa,verde,0,-3,35,150,120,1.2500,0.0588,717,11,706,0
259,1108040743,verde,azul,reativa,verde,0,-3,35,90,120,0.7500,0.0588,352,6,346,0
260,1006993171,vermelho,verde,reativa,empate,0,-1,100,90,120,0.7500,0.0000,66,7,59,0
260,1006993171,vermelho,vermelho,reativa,empate,0,-1,100,0,0,0.0000,0.0100,1830,3,1827,0
260,1006993171,vermelho,azul,reativa,empate,0,-1,100,120,90,1.3333,0.0000,1409,49,1360,0
261,275007496,azul,verde,reativa,verde,1,3,26,30,0,30.0000,0.1600,592,2,590,0
261,275007496,azul,vermelho,reativa,verde,0,-3,26,90,120,0.7500,0.0000,180,6,174,0
261,275007496,azul,azul,reativa,verde,0,-3,26,120,120,1.0000,0.0000,524,9,515,0
262,1290417309,verde,verde,reativa,verde,1,3,20,30,0,30.0000,0.0000,479,2,477,0
262,1290417309,verde,vermelho,reativa,verde,0,-3,20,90,120,0.7500,0.0000,133,7,126,0
262,1290417309,verde,azul,reativa,verde,0,-3,20,120,120,1.0000,0.0000,378,9,369,0
263,1970741504,vermelho,verde,reativa,azul,0,-3,17,90,120,0.7500,0.4000,184,6,178,0
263,1970741504,vermelho,vermelho,reativa,azul,0,-3,17,150,120,1.2500,0.1176,315,11,304,0
263,1970741504,vermelho,azul,reativa,azul,1,3,17,30,30,1.0000,0.0588,402,2,400,0
264,432544778,azul,verde,reativa,azul,0,-3,19,120,120,1.0000,0.0000,356,9,347,0
264,432544778,azul,vermelho,reativa,azul,0,-3,19,90,120,0.7500,0.0000,158,6,152,0
264,432544778,azul,azul,reativa,azul,1,3,19,30,0,30.0000,0.2105,403,2,401,0
265,1532962704,verde,verde,reativa,vermelho,0,-3,24,150,120,1.2500,0.0000,471,10,461,0
265,1532962704,verde,vermelho,reativa,vermelho,1,3,24,30,30,1.0000,0.0000,579,2,577,0
265,1532962704,verde,azul,reativa,vermelho,0,-3,24,90,120,0.7500,0.1250,127,7,120,0
266,1798660105,vermelho,verde,reativa,vermelho,0,-3,23,90,120,0.7500,0.0952,433,6,427,0
266,1798660105,vermelho,vermelho,reativa,vermelho,1,3,23,60,0,60.0000,0.0000,512,6,506,0
266,1798660105,vermelho,azul,reativa,vermelho,0,-3,23,90,120,0.7500,0.0455,490,11,479,0
267,358080245,azul,verde,reativa,verde,1,3,14,30,30,1.0000,0.0000,291,2,289,0
267,358080245,azul,vermelho,reativa,verde,0,-3,14,90,120,0.7500,0.0000,106,8,98,0
267,358080245,azul,azul,reativa,verde,0,-3,14,150,120,1.2500,0.0000,203,11,192,0
268,1943115339,verde,verde,reativa,vermelho,0,-3,17,90,120,0.7500,0.0000,162,9,153,0
268,1943115339,verde,vermelho,reativa,vermelho,1,3,17,30,30,1.0000,0.0000,379,3,376,0
268,1943115339,verde,azul,reativa,vermelho,0,-3,17,150,120,1.2500,0.0000,281,18,263,0
269,477278850,vermelho,verde,reativa,vermelho,0,-3,14,30,120,0.2500,0.0000,237,6,231,0
269,477278850,vermelho,vermelho,reativa,vermelho,1,3,14,150,60,2.5000,0.0000,247,15,232,0
269,477278850,vermelho,azul,reativa,vermelho,0,-3,14,120,120,1.0000,0.2308,229,14,215,0
270,522803334,azul,verde,reativa,azul,0,-3,12,120,120,1.0000,0.0000,190,13,177,0
270,522803334,azul,vermelho,reativa,azul,0,-3,12,30,120,0.2500,0.0000,179,4,175,0
270,522803334,azul,azul,reativa,azul,1,3,12,150,60,2.5000,0.0000,186,14,172,0
271,1159399617,verde,verde,reativa,empate,0,-1,100,0,0,0.0000,0.0000,1874,48,1826,0
271,1159399617,verde,vermelho,reativa,empate,0,-1,100,0,0,0.0000,0.0000,1662,0,1662,0
271,1159399617,verde,azul,reativa,empate,0,-1,100,0,0,0.0000,0.0000,1676,50,1626,0
272,1955071387,vermelho,verde,reativa,azul,0,-3,26,90,120,0.7500,0.0000,158,6,152,0
272,1955071387,vermelho,vermelho,reativa,azul,0,-3,26,150,120,1.2500,0.0385,544,11,533,0
272,1955071387,vermelho,azul,reativa,azul,1,3,26,30,30,1.0000,0.0769,467,2,465,0
273,2082054462,azul,verde,reativa,empate,0,-1,100,90,120,0.7500,0.0000,110,6,104,0
273,2082054462,azul,vermelho,reativa,empate,0,-1,100,0,0,0.0000,0.0101,1471,0,1471,0
273,2082054462,azul,azul,reativa,empate,0,-1,100,120,90,1.3333,0.0200,2499,9,2490,0
274,616255602,verde,verde,reativa,verde,1,3,28,30,0,30.0000,0.0000,505,3,502,0
274,616255602,verde,vermelho,reativa,verde,0,-3,28,90,120,0.7500,0.0000,127,7,120,0
274,616255602,verde,azul,reativa,verde,0,-3,28,120,120,1.0000,0.0000,560,11,549,0
275,330685898,vermelho,verde,reativa,azul,0,-3,14,90,120,0.7500,0.1000,168,6,162,0
275,330685898,vermelho,vermelho,reativa,azul,0,-3,14,120,120,1.0000,0.0000,199,8,191,0
275,330685898,vermelho,azul,reativa,azul,1,3,14,30,0,30.0000,0.0000,294,4,290,0
276,293034207,azul,verde,reativa,verde,1,3,13,30,30,1.0000,0.1667,253,2,251,0
276,293034207,azul,vermelho,reativa,verde,0,-3,13,150,120,1.2500,0.0000,160,11,149,0
276,293034207,azul,azul,reativa,verde,0,-3,13,90,120,0.7500,0.0000,84,8,76,0
277,1726906955,verde,verde,reativa,vermelho,0,-3,16,120,120,1.0000,0.0000,302,9,293,0
277,1726906955,verde,vermelho,reativa,vermelho,1,3,16,30,0,30.0000,0.1250,353,3,350,0
277,1726906955,verde,azul,reativa,vermelho,0,-3,16,90,120,0.7500,0.0000,58,6,52,0
278,652899206,vermelho,verde,reativa,verde,1,3,12,30,30,1.0000,0.0000,231,2,229,0
278,652899206,vermelho,vermelho,reativa,verde,0,-3,12,90,120,0.7500,0.0000,108,7,101,0
278,652899206,vermelho,azul,reativa,verde,0,-3,12,150,120,1.2500,0.0000,161,11,150,0
279,1775053101,azul,verde,reativa,vermelho,0,-3,28,150,120,1.2500,0.0000,495,11,484,0
279,1775053101,azul,vermelho,reativa,vermelho,1,3,28,30,30,1.0000,0.0370,591,2,589,0
279,1775053101,azul,azul,reativa,vermelho,0,-3,28,90,120,0.7500,0.0000,167,6,161,0
280,1138206718,verde,verde,reativa,verde,1,3,22,30,0,30.0000,0.2727,528,2,526,0
280,1138206718,verde,vermelho,reativa,verde,0,-3,22,90,120,0.7500,0.0667,285,6,279,0
280,1138206718,verde,azul,reativa,verde,0,-3,22,120,120,1.0000,0.0000,404,8,396,0
281,1154859730,vermelho,verde,reativa,verde,1,3,29,30,0,30.0000,0.0357,678,2,676,0
281,1154859730,vermelho,vermelho,reativa,verde,0,-3,29,90,120,0.7500,0.1667,83,7,76,0
281,1154859730,vermelho,azul,reativa,verde,0,-3,29,120,120,1.0000,0.0714,588,8,580,0
282,1853518004,azul,verde,reativa,azul,0,-3,14,90,120,0.7500,0.1111,145,6,139,0
282,1853518004,azul,vermelho,reativa,azul,0,-3,14,120,120,1.0000,0.0000,213,9,204,0
282,1853518004,azul,azul,reativa,azul,1,3,14,30,0,30.0000,0.0000,325,2,323,0
283,556386123,verde,verde,reativa,azul,0,-3,36,90,120,0.7500,0.0000,202,7,195,0
283,556386123,verde,vermelho,reativa,azul,0,-3,36,150,120,1.2500,0.0000,603,11,592,0
283,556386123,verde,azul,reativa,azul,1,3,36,30,30,1.0000,0.0556,755,2,753,0
284,884053951,vermelho,verde,reativa,vermelho,0,-3,26,90,120,0.7500,0.0000,226,6,220,0
284,884053951,vermelho,vermelho,reativa,vermelho,1,3,26,30,0,30.0000,0.0769,604,2,602,0
284,884053951,vermelho,azul,reativa,vermelho,0,-3,26,120,120,1.0000,0.1200,534,8,526,0
285,1520719184,azul,verde,reativa,verde,1,3,15,30,0,30.0000,0.0000,281,3,278,0
285,1520719184,azul,vermelho,reativa,verde,0,-3,15,90,120,0.7500,0.0000,206,7,199,0
285,1520719184,azul,azul,reativa,verde,0,-3,15,120,120,1.0000,0.0000,261,10,251,0
286,1349709110,verde,verde,reativa,vermelho,0,-3,17,150,120,1.2500,0.0000,283,10,273,0
286,1349709110,verde,vermelho,reativa,vermelho,1,3,17,30,30,1.0000,0.0000,328,3,325,0
286,1349709110,verde,azul,reativa,vermelho,0,-3,17,90,120,0.7500,0.1250,120,6,114,0
287,1449566124,vermelho,verde,reativa,verde,1,3,24,30,0,30.0000,0.0870,474,4,470,0
287,1449566124,vermelho,vermelho,reativa,verde,0,-3,24,120,120,1.0000,0.0000,439,11,428,0
287,1449566124,vermelho,azul,reativa,verde,0,-3,24,90,120,0.7500,0.0000,108,7,101,0
288,546701403,azul,verde,reativa,verde,1,3,16,30,0,30.0000,0.0000,356,2,354,0
288,546701403,azul,vermelho,reativa,verde,0,-3,16,120,120,1.0000,0.0714,243,10,233,0
288,546701403,azul,azul,reativa,verde,0,-3,16,90,120,0.7500,0.1000,112,6,106,0
289,1544369877,verde,verde,reativa,azul,0,-3,23,90,120,0.7500,0.1429,281,7,274,0
289,1544369877,verde,vermelho,reativa,azul,0,-3,23,120,120,1.0000,0.1304,462,10,452,0
289,1544369877,verde,azul,reativa,azul,1,3,23,30,0,30.0000,0.0000,556,2,554,0
290,531010709,vermelho,verde,reativa,vermelho,0,-3,11,90,110,0.8182,0.2000,186,6,180,0
290,531010709,vermelho,vermelho,reativa,vermelho,1,3,11,50,0,50.0000,0.0909,226,7,219,0
290,531010709,vermelho,azul,reativa,vermelho,0,-3,11,90,120,0.7500,0.0000,60,8,52,0
291,53123547,azul,verde,reativa,vermelho,0,-3,21,90,120,0.7500,0.0000,31,6,25,0
291,53123547,azul,vermelho,reativa,vermelho,1,3,21,30,30,1.0000,0.0000,456,2,454,0
291,53123547,azul,azul,reativa,vermelho,0,-3,21,150,120,1.2500,0.0500,369,10,359,0
292,231262719,verde,verde,reativa,azul,0,-3,38,90,120,0.7500,0.0345,604,7,597,0
292,231262719,verde,vermelho,reativa,azul,0,-3,38,120,120,1.0000,0.0526,823,10,813,0
292,231262719,verde,azul,reativa,azul,1,3,38,30,0,30.0000,0.0263,811,2,809,0
293,662711743,vermelho,verde,reativa,azul,0,-3,42,90,120,0.7500,0.0000,376,7,369,0
293,662711743,vermelho,vermelho,reativa,azul,0,-3,42,120,120,1.0000,0.0476,925,9,916,0
293,662711743,vermelho,azul,reativa,azul,1,3,42,30,0,30.0000,0.0000,832,2,830,0
294,842140641,azul,verde,reativa,vermelho,0,-3,18,150,120,1.2500,0.0000,296,11,285,0
294,842140641,azul,vermelho,reativa,vermelho,1,3,18,30,30,1.0000,0.2353,381,2,379,0
294,842140641,azul,azul,reativa,vermelho,0,-3,18,90,120,0.7500,0.0000,107,7,100,0
295,1252927648,verde,verde,reativa,azul,0,-3,14,90,120,0.7500,0.2222,149,8,141,0
295,1252927648,verde,vermelho,reativa,azul,0,-3,14,120,120,1.0000,0.0000,231,10,221,0
295,1252927648,verde,azul,reativa,azul,1,3,14,30,0,30.0000,0.0000,314,2,312,0
296,488546147,vermelho,verde,reativa,azul,0,-3,18,90,120,0.7500,0.0000,309,7,302,0
296,488546147,vermelho,vermelho,reativa,azul,0,-3,18,60,120,0.5000,0.0000,150,4,146,0
296,488546147,vermelho,azul,reativa,azul,1,3,18,120,30,4.0000,0.0000,333,10,323,0
297,1093134130,azul,verde,reativa,verde,1,3,17,30,30,1.0000,0.1250,343,2,341,0
297,1093134130,azul,vermelho,reativa,verde,0,-3,17,90,120,0.7500,0.0000,84,6,78,0
297,1093134130,azul,azul,reativa,verde,0,-3,17,150,120,1.2500,0.0000,284,10,274,0
298,856898793,verde,verde,reativa,verde,1,3,10,30,30,1.0000,0.0000,212,3,209,0
298,856898793,verde,vermelho,reativa,verde,0,-3,10,90,120,0.7500,0.0000,84,7,77,0
298,856898793,verde,azul,reativa,verde,0,-3,10,150,120,1.2500,0.0000,105,11,94,0
299,679112036,vermelho,verde,reativa,empate,0,-1,100,0,0,0.0000,0.0101,2561,0,2561,0
299,679112036,vermelho,vermelho,reativa,empate,0,-1,100,120,30,4.0000,0.0500,1581,8,1573,0
299,679112036,vermelho,azul,reativa,empate,0,-1,100,30,120,0.2500,0.0000,82,6,76,0
300,79218301,azul,verde,reativa,azul,0,-3,24,90,120,0.7500,0.1429,100,6,94,0
300,79218301,azul,vermelho,reativa,azul,0,-3,24,150,120,1.2500,0.0435,427,11,416,0
300,79218301,azul,azul,reativa,azul,1,3,24,30,30,1.0000,0.0417,450,2,448,0
301,1425715911,verde,verde,reativa,azul,0,-3,33,90,120,0.7500,0.0000,318,6,312,0
301,1425715911,verde,vermelho,reativa,azul,0,-3,33,120,120,1.0000,0.0303,662,8,654,0
301,1425715911,verde,azul,reativa,azul,1,3,33,30,0,30.0000,0.0606,704,2,702,0
302,324304472,vermelho,verde,reativa,verde,1,3,14,30,0,30.0000,0.0000,286,2,284,0
302,324304472,vermelho,vermelho,reativa,verde,0,-3,14,120,120,1.0000,0.0000,212,9,203,0
302,324304472,vermelho,azul,reativa,verde,0,-3,14,90,120,0.7500,0.0000,179,7,172,0
303,1492864929,azul,verde,reativa,verde,1,3,14,30,0,30.0000,0.1538,300,2,298,0
303,1492864929,azul,vermelho,reativa,verde,0,-3,14,120,120,1.0000,0.0000,208,9,199,0
303,1492864929,azul,azul,reativa,verde,0,-3,14,90,120,0.7500,0.0000,82,7,75,0
304,1121729027,verde,verde,reativa,vermelho,0,-3,27,120,120,1.0000,0.0000,557,10,547,0
304,1121729027,verde,vermelho,reativa,vermelho,1,3,27,30,0,30.0000,0.0000,593,2,591,0
304,1121729027,verde,azul,reativa,vermelho,0,-3,27,90,120,0.7500,0.0000,206,8,198,0
305,329186859,vermelho,verde,reativa,vermelho,0,-3,19,90,120,0.7500,0.0000,83,7,76,0
305,329186859,vermelho,vermelho,reativa,vermelho,1,3,19,30,30,1.0000,0.1579,419,2,417,0
305,329186859,vermelho,azul,reativa,vermelho,0,-3,19,150,120,1.2500,0.0000,327,10,317,0
306,947366636,azul,verde,reativa,azul,0,-3,27,60,120,0.5000,0.2917,541,4,537,0
306,947366636,azul,vermelho,reativa,azul,0,-3,27,120,120,1.0000,0.0769,492,8,484,0
306,947366636,azul,azul,reativa,azul,1,3,27,90,30,3.0000,0.1111,525,6,519,0
307,1818107138,verde,verde,reativa,azul,0,-3,15,120,120,1.0000,0.0000,277,12,265,0
307,1818107138,verde,vermelho,reativa,azul,0,-3,15,90,120,0.7500,0.0000,220,6,214,0
307,1818107138,verde,azul,reativa,azul,1,3,15,30,0,30.0000,0.0000,361,4,357,0
308,635456449,vermelho,verde,reativa,azul,0,-3,11,120,120,1.0000,0.0000,154,9,145,0
308,635456449,vermelho,vermelho,reativa,azul,0,-3,11,90,120,0.7500,0.0000,129,6,123,0
308,635456449,vermelho,azul,reativa,azul,1,3,11,30,0,30.0000,0.0000,258,2,256,0
309,1609319578,azul,verde,reativa,verde,1,3,19,30,30,1.0000,0.0556,409,2,407,0
309,1609319578,azul,vermelho,reativa,verde,0,-3,19,150,120,1.2500,0.0588,309,11,298,0
309,1609319578,azul,azul,reativa,verde,0,-3,19,90,120,0.7500,0.1250,127,7,120,0
310,391903060,verde,verde,reativa,verde,1,3,24,30,30,1.0000,0.0417,573,2,571,0
310,391903060,verde,vermelho,reativa,verde,0,-3,24,150,120,1.2500,0.0870,446,11,435,0
310,391903060,verde,azul,reativa,verde,0,-3,24,90,120,0.7500,0.1429,279,7,272,0
311,369162837,vermelho,verde,reativa,verde,1,3,18,30,0,30.0000,0.0000,392,2,390,0
311,369162837,vermelho,vermelho,reativa,verde,0,-3,18,80,120,0.6667,0.0000,34,8,26,0
311,369162837,vermelho,azul,reativa,verde,0,-3,18,120,110,1.0909,0.2941,332,8,324,0
312,40002021,azul,verde,reativa,verde,1,3,14,30,0,30.0000,0.1538,296,3,293,0
312,40002021,azul,vermelho,reativa,verde,0,-3,14,90,120,0.7500,0.0000,97,7,90,0
312,40002021,azul,azul,reativa,verde,0,-3,14,120,120,1.0000,0.0000,219,10,209,0
313,349757038,verde,verde,reativa,verde,1,3,25,30,30,1.0000,0.1600,545,2,543,0
313,349757038,verde,vermelho,reativa,verde,0,-3,25,150,120,1.2500,0.0000,472,11,461,0
313,349757038,verde,azul,reativa,verde,0,-3,25,90,120,0.7500,0.0000,301,6,295,0
314,1753032231,vermelho,verde,reativa,vermelho,0,-3,26,120,120,1.0000,0.0000,479,9,470,0
314,1753032231,vermelho,vermelho,reativa,vermelho,1,3,26,30,0,30.0000,0.0385,625,2,623,0
314,1753032231,vermelho,azul,reativa,vermelho,0,-3,26,90,120,0.7500,0.0000,292,6,286,0
315,1173196213,azul,verde,reativa,verde,1,3,17,30,0,30.0000,0.0000,372,8,364,0
315,1173196213,azul,vermelho,reativa,verde,0,-3,17,90,120,0.7500,0.0000,279,9,270,0
315,1173196213,azul,azul,reativa,verde,0,-3,17,120,120,1.0000,0.0000,305,14,291,0
316,63142686,verde,verde,reativa,azul,0,-3,28,90,120,0.7500,0.0588,360,6,354,0
316,63142686,verde,vermelho,reativa,azul,0,-3,28,120,120,1.0000,0.0357,599,9,590,0
316,63142686,verde,azul,reativa,azul,1,3,28,30,0,30.0000,0.0000,692,2,690,0
317,681300813,vermelho,verde,reativa,vermelho,0,-3,13,150,120,1.2500,0.0000,179,10,169,0
317,681300813,vermelho,vermelho,reativa,vermelho,1,3,13,30,30,1.0000,0.0000,303,2,301,0
317,681300813,vermelho,azul,reativa,vermelho,0,-3,13,90,120,0.7500,0.0000,83,6,77,0
318,506974165,azul,verde,reativa,verde,1,3,16,30,0,30.0000,0.6000,366,2,364,0
318,506974165,azul,vermelho,reativa,verde,0,-3,16,90,120,0.7500,0.0000,144,6,138,0
318,506974165,azul,azul,reativa,verde,0,-3,16,120,120,1.0000,0.0000,283,9,274,0
319,1573761150,verde,verde,reativa,azul,0,-3,19,150,120,1.2500,0.2632,358,10,348,0
319,1573761150,verde,vermelho,reativa,azul,0,-3,19,90,120,0.7500,0.0000,83,7,76,0
319,1573761150,verde,azul,reativa,azul,1,3,19,30,30,1.0000,0.1053,422,2,420,0
320,1937942672,vermelho,verde,reativa,vermelho,0,-3,23,120,120,1.0000,0.0455,448,8,440,0
320,1937942672,vermelho,vermelho,reativa,vermelho,1,3,23,30,0,30.0000,0.1304,483,2,481,0
320,1937942672,vermelho,azul,reativa,vermelho,0,-3,23,90,120,0.7500,0.0000,58,6,52,0
321,2043056792,azul,verde,reativa,vermelho,0,-3,24,90,120,0.7500,0.0000,180,7,173,0
321,2043056792,azul,vermelho,reativa,vermelho,1,3,24,30,0,30.0000,0.0435,538,2,536,0
321,2043056792,azul,azul,reativa,vermelho,0,-3,24,120,120,1.0000,0.0870,441,9,432,0
322,1502885451,verde,verde,reativa,vermelho,0,-3,10,30,120,0.2500,0.0000,152,7,145,0
322,1502885451,verde,vermelho,reativa,vermelho,1,3,10,150,90,1.6667,0.0000,144,14,130,0
322,1502885451,verde,azul,reativa,vermelho,0,-3,10,150,120,1.2500,0.0000,109,15,94,0
323,1638525914,vermelho,verde,reativa,azul,0,-3,20,150,120,1.2500,0.0000,350,10,340,0
323,1638525914,vermelho,vermelho,reativa,azul,0,-3,20,90,120,0.7500,0.0000,124,6,118,0
323,1638525914,vermelho,azul,reativa,azul,1,3,20,30,30,1.0000,0.0000,412,2,410,0
324,1461675684,azul,verde,reativa,verde,1,3,12,30,0,30.0000,0.3636,242,2,240,0
324,1461675684,azul,vermelho,reativa,verde,0,-3,12,90,120,0.7500,0.0000,58,7,51,0
324,1461675684,azul,azul,reativa,verde,0,-3,12,120,120,1.0000,0.0000,184,9,175,0
325,971720179,verde,verde,reativa,verde,1,3,12,30,30,1.0000,0.1667,266,4,262,0
325,971720179,verde,vermelho,reativa,verde,0,-3,12,150,120,1.2500,0.0909,154,12,142,0
325,971720179,verde,azul,reativa,verde,0,-3,12,90,120,0.7500,0.0000,73,8,65,0
326,566942735,vermelho,verde,reativa,azul,0,-3,14,90,120,0.7500,0.8000,50,6,44,0
326,566942735,vermelho,vermelho,reativa,azul,0,-3,14,150,120,1.2500,0.0714,227,10,217,0
326,566942735,vermelho,azul,reativa,azul,1,3,14,30,30,1.0000,0.0000,318,2,316,0
327,1508647464,azul,verde,reativa,verde,1,3,19,30,30,1.0000,0.0000,430,2,428,0
327,1508647464,azul,vermelho,reativa,verde,0,-3,19,90,120,0.7500,0.0000,133,7,126,0
327,1508647464,azul,azul,reativa,verde,0,-3,19,150,120,1.2500,0.0000,340,11,329,0
328,603781327,verde,verde,reativa,azul,0,-3,14,120,120,1.0000,0.0000,240,11,229,0
328,603781327,verde,vermelho,reativa,azul,0,-3,14,90,120,0.7500,0.0000,105,8,97,0
328,603781327,verde,azul,reativa,azul,1,3,14,30,0,30.0000,0.0000,251,4,247,0
329,1627862180,vermelho,verde,reativa,azul,0,-3,8,90,120,0.7500,0.0000,85,7,78,0
329,1627862180,vermelho,vermelho,reativa,azul,0,-3,8,90,120,0.7500,0.0000,125,7,118,0
329,1627862180,vermelho,azul,reativa,azul,1,3,8,60,0,60.0000,0.0000,159,5,154,0
330,2108647050,azul,verde,reativa,azul,0,-3,21,60,120,0.5000,0.0000,413,6,407,0
330,2108647050,azul,vermelho,reativa,azul,0,-3,21,120,120,1.0000,0.0000,405,9,396,0
330,2108647050,azul,azul,reativa,azul,1,3,21,90,30,3.0000,0.0000,454,9,445,0
331,71850044,verde,verde,reativa,azul,0,-3,10,120,120,1.0000,0.0000,161,9,152,0
331,71850044,verde,vermelho,reativa,azul,0,-3,10,90,120,0.7500,0.0000,82,7,75,0
331,71850044,verde,azul,reativa,azul,1,3,10,30,0,30.0000,0.2000,232,2,230,0
332,87384019,vermelho,verde,reativa,azul,0,-3,22,90,120,0.7500,0.0000,129,7,122,0
332,87384019,vermelho,vermelho,reativa,azul,0,-3,22,120,120,1.0000,0.0455,419,12,407,0
332,87384019,vermelho,azul,reativa,azul,1,3,22,30,0,30.0000,0.1364,474,5,469,0
333,456098441,azul,verde,reativa,verde,1,3,23,30,30,1.0000,0.1364,499,2,497,0
333,456098441,azul,vermelho,reativa,verde,0,-3,23,150,120,1.2500,0.0000,402,11,391,0
333,456098441,azul,azul,reativa,verde,0,-3,23,90,120,0.7500,0.0000,208,6,202,0
334,325496467,verde,verde,reativa,vermelho,0,-3,24,90,120,0.7500,0.0714,252,8,244,0
334,325496467,verde,vermelho,reativa,vermelho,1,3,24,30,0,30.0000,0.0000,553,6,547,0
334,325496467,verde,azul,reativa,vermelho,0,-3,24,120,120,1.0000,0.1304,440,10,430,0
335,1049597105,vermelho,verde,reativa,verde,1,3,23,30,0,30.0000,0.0455,523,2,521,0
335,1049597105,vermelho,vermelho,reativa,verde,0,-3,23,90,120,0.7500,0.1000,150,8,142,0
335,1049597105,vermelho,azul,reativa,verde,0,-3,23,120,120,1.0000,0.0455,433,9,424,0
336,1667655431,azul,verde,reativa,verde,1,3,20,30,30,1.0000,0.0000,445,2,443,0
336,1667655431,azul,vermelho,reativa,verde,0,-3,20,150,120,1.2500,0.0000,336,11,325,0
336,1667655431,azul,azul,reativa,verde,0,-3,20,90,120,0.7500,0.1429,100,7,93,0
337,970802006,verde,verde,reativa,verde,1,3,20,30,30,1.0000,0.1500,483,2,481,0
337,970802006,verde,vermelho,reativa,verde,0,-3,20,150,120,1.2500,0.0000,366,10,356,0
337,970802006,verde,azul,reativa,verde,0,-3,20,90,120,0.7500,0.1250,133,7,126,0
338,1342970439,vermelho,verde,reativa,verde,1,3,21,30,30,1.0000,0.1000,464,2,462,0
338,1342970439,vermelho,vermelho,reativa,verde,0,-3,21,90,120,0.7500,0.0000,57,6,51,0
338,1342970439,vermelho,azul,reativa,verde,0,-3,21,150,120,1.2500,0.2500,394,10,384,0
339,437208980,azul,verde,reativa,vermelho,0,-3,25,90,120,0.7500,0.1818,206,8,198,0
339,437208980,azul,vermelho,reativa,vermelho,1,3,25,30,0,30.0000,0.0417,550,2,548,0
339,437208980,azul,azul,reativa,vermelho,0,-3,25,120,120,1.0000,0.1250,477,12,465,0
340,1192874511,verde,verde,reativa,vermelho,0,-3,18,120,120,1.0000,0.0000,347,10,337,0
340,1192874511,verde,vermelho,reativa,vermelho,1,3,18,30,0,30.0000,0.0000,396,2,394,0
340,1192874511,verde,azul,reativa,vermelho,0,-3,18,90,120,0.7500,0.0000,202,6,196,0
341,766493470,vermelho,verde,reativa,verde,1,3,24,30,0,30.0000,0.0000,517,3,514,0
341,766493470,vermelho,vermelho,reativa,verde,0,-3,24,90,120,0.7500,0.0000,144,6,138,0
341,766493470,vermelho,azul,reativa,verde,0,-3,24,120,120,1.0000,0.0000,447,9,438,0
342,410536207,azul,verde,reativa,verde,1,3,21,30,30,1.0000,0.0500,451,2,449,0
342,410536207,azul,vermelho,reativa,verde,0,-3,21,150,120,1.2500,0.0000,366,10,356,0
342,410536207,azul,azul,reativa,verde,0,-3,21,90,120,0.7500,0.0000,81,6,75,0
343,14153581,verde,verde,reativa,vermelho,0,-3,16,120,120,1.0000,0.0000,311,9,302,0
343,14153581,verde,vermelho,reativa,vermelho,1,3,16,30,0,30.0000,0.0625,344,2,342,0
343,14153581,verde,azul,reativa,vermelho,0,-3,16,90,120,0.7500,0.0000,83,7,76,0
344,307708705,vermelho,verde,reativa,verde,1,3,53,30,0,30.0000,0.0385,1236,5,1231,0
344,307708705,vermelho,vermelho,reativa,verde,0,-3,53,90,120,0.7500,0.2105,411,7,404,0
344,307708705,vermelho,azul,reativa,verde,0,-3,53,120,120,1.0000,0.0769,1196,11,1185,0
345,1409996403,azul,verde,reativa,verde,1,3,16,30,0,30.0000,0.0000,354,2,352,0
345,1409996403,azul,vermelho,reativa,verde,0,-3,16,90,120,0.7500,0.0000,58,7,51,0
345,1409996403,azul,azul,reativa,verde,0,-3,16,120,120,1.0000,0.0000,270,9,261,0
346,1737144842,verde,verde,reativa,vermelho,0,-3,15,150,120,1.2500,0.0000,258,11,247,0
346,1737144842,verde,vermelho,reativa,vermelho,1,3,15,30,30,1.0000,0.0000,354,2,352,0
346,1737144842,verde,azul,reativa,vermelho,0,-3,15,90,120,0.7500,0.1667,84,8,76,0
347,924703773,vermelho,verde,reativa,vermelho,0,-3,20,120,110,1.0909,0.3158,359,10,349,0
347,924703773,vermelho,vermelho,reativa,vermelho,1,3,20,30,0,30.0000,0.0000,489,2,487,0
347,924703773,vermelho,azul,reativa,vermelho,0,-3,20,80,120,0.6667,0.0000,34,8,26,0
348,928223588,azul,verde,reativa,vermelho,0,-3,11,150,120,1.2500,0.0000,139,13,126,0
348,928223588,azul,vermelho,reativa,vermelho,1,3,11,30,30,1.0000,0.0000,218,3,215,0
348,928223588,azul,azul,reativa,vermelho,0,-3,11,90,120,0.7500,0.0000,119,6,113,0
349,1182005340,verde,verde,reativa,azul,0,-3,19,90,120,0.7500,0.1667,236,6,230,0
349,1182005340,verde,vermelho,reativa,azul,0,-3,19,150,120,1.2500,0.0526,345,11,334,0
349,1182005340,verde,azul,reativa,azul,1,3,19,30,30,1.0000,0.0000,425,2,423,0
350,86749997,vermelho,verde,reativa,verde,1,3,25,30,30,1.0000,0.0000,408,2,406,0
350,86749997,vermelho,vermelho,reativa,verde,0,-3,25,150,120,1.2500,0.0833,457,12,445,0
350,86749997,vermelho,azul,reativa,verde,0,-3,25,90,120,0.7500,0.0000,152,7,145,0
351,2063477184,azul,verde,reativa,vermelho,0,-3,20,120,120,1.0000,0.1053,387,10,377,0
351,2063477184,azul,vermelho,reativa,vermelho,1,3,20,30,0,30.0000,0.1579,431,2,429,0
351,2063477184,azul,azul,reativa,vermelho,0,-3,20,90,120,0.7500,0.3000,186,6,180,0
352,1520633710,verde,verde,reativa,azul,0,-3,15,120,120,1.0000,0.0000,286,8,278,0
352,1520633710,verde,vermelho,reativa,azul,0,-3,15,90,120,0.7500,0.0000,157,6,151,0
352,1520633710,verde,azul,reativa,azul,1,3,15,30,0,30.0000,0.1333,352,4,348,0
353,1518760950,vermelho,verde,reativa,vermelho,0,-3,22,90,120,0.7500,0.2222,160,6,154,0
353,1518760950,vermelho,vermelho,reativa,vermelho,1,3,22,30,0,30.0000,0.0000,418,3,415,0
353,1518760950,vermelho,azul,reativa,vermelho,0,-3,22,120,120,1.0000,0.0476,424,9,415,0
354,1313076164,azul,verde,reativa,verde,1,3,37,30,0,30.0000,0.0000,696,2,694,0
354,1313076164,azul,vermelho,reativa,verde,0,-3,37,120,120,1.0000,0.0286,745,9,736,0
354,1313076164,azul,azul,reativa,verde,0,-3,37,90,120,0.7500,0.0000,77,6,71,0
355,519671239,verde,verde,reativa,verde,1,3,20,30,0,30.0000,0.0000,339,2,337,0
355,519671239,verde,vermelho,reativa,verde,0,-3,20,120,120,1.0000,0.0000,356,10,346,0
355,519671239,verde,azul,reativa,verde,0,-3,20,90,120,0.7500,0.0000,104,7,97,0
356,293897162,vermelho,verde,reativa,vermelho,0,-3,21,120,120,1.0000,0.1000,401,9,392,0
356,293897162,vermelho,vermelho,reativa,vermelho,1,3,21,30,0,30.0000,0.0000,464,2,462,0
356,293897162,vermelho,azul,reativa,vermelho,0,-3,21,90,120,0.7500,0.0667,300,6,294,0
357,432934820,azul,verde,reativa,azul,0,-3,28,90,120,0.7500,0.0000,140,7,133,0
357,432934820,azul,vermelho,reativa,azul,0,-3,28,120,120,1.0000,0.0000,460,9,451,0
357,432934820,azul,azul,reativa,azul,1,3,28,30,0,30.0000,0.0357,665,2,663,0
358,1033327263,verde,verde,reativa,azul,0,-3,23,90,120,0.7500,0.1000,167,7,160,0
358,1033327263,verde,vermelho,reativa,azul,0,-3,23,150,120,1.2500,0.0435,432,12,420,0
358,1033327263,verde,azul,reativa,azul,1,3,23,30,30,1.0000,0.0435,516,2,514,0
359,137643404,vermelho,verde,reativa,verde,1,3,33,30,0,30.0000,0.0625,713,4,709,0
359,137643404,vermelho,vermelho,reativa,verde,0,-3,33,120,120,1.0000,0.0313,676,9,667,0
359,137643404,vermelho,azul,reativa,verde,0,-3,33,90,120,0.7500,0.0000,54,6,48,0
360,2017834313,azul,verde,reativa,azul,0,-3,29,90,120,0.7500,0.0000,159,6,153,0
360,2017834313,azul,vermelho,reativa,azul,0,-3,29,150,120,1.2500,0.0000,585,11,574,0
360,2017834313,azul,azul,reativa,azul,1,3,29,30,30,1.0000,0.0000,712,2,710,0
361,1611829491,verde,verde,reativa,verde,1,3,20,30,0,30.0000,0.0000,425,2,423,0
361,1611829491,verde,vermelho,reativa,verde,0,-3,20,90,120,0.7500,0.1667,215,6,209,0
361,1611829491,verde,azul,reativa,verde,0,-3,20,120,120,1.0000,0.0526,339,9,330,0
362,1288829251,vermelho,verde,reativa,verde,1,3,13,30,30,1.0000,0.1667,254,3,251,0
362,1288829251,vermelho,vermelho,reativa,verde,0,-3,13,90,120,0.7500,0.0000,176,6,170,0
362,1288829251,vermelho,azul,reativa,verde,0,-3,13,150,120,1.2500,0.0833,178,10,168,0
363,475521431,azul,verde,reativa,azul,0,-3,12,60,120,0.5000,0.0000,211,7,204,0
363,475521431,azul,vermelho,reativa,azul,0,-3,12,90,120,0.7500,0.0000,149,8,141,0
363,475521431,azul,azul,reativa,azul,1,3,12,90,0,90.0000,0.0000,242,8,234,0
364,1589776665,verde,verde,reativa,vermelho,0,-3,33,150,120,1.2500,0.0303,711,12,699,0
364,1589776665,verde,vermelho,reativa,vermelho,1,3,33,30,30,1.0000,0.0000,756,2,754,0
364,1589776665,verde,azul,reativa,vermelho,0,-3,33,90,120,0.7500,0.1111,390,6,384,0
365,1928754317,vermelho,verde,reativa,vermelho,0,-3,10,120,120,1.0000,0.0000,129,9,120,0
365,1928754317,vermelho,vermelho,reativa,vermelho,1,3,10,30,0,30.0000,0.0000,216,2,214,0
365,1928754317,vermelho,azul,reativa,vermelho,0,-3,10,90,120,0.7500,0.0000,131,8,123,0
366,893603869,azul,verde,reativa,azul,0,-3,11,90,120,0.7500,0.0000,86,9,77,0
366,893603869,azul,vermelho,reativa,azul,0,-3,11,150,120,1.2500,0.0000,131,10,121,0
366,893603869,azul,azul,reativa,azul,1,3,11,30,30,1.0000,0.0909,252,4,248,0
367,795826857,verde,verde,reativa,verde,1,3,26,30,0,30.0000,0.0385,564,2,562,0
367,795826857,verde,vermelho,reativa,verde,0,-3,26,120,120,1.0000,0.0400,511,8,503,0
367,795826857,verde,azul,reativa,verde,0,-3,26,90,120,0.7500,0.0000,71,6,65,0
368,1170736711,vermelho,verde,reativa,azul,0,-3,19,90,120,0.7500,0.0000,278,7,271,0
368,1170736711,vermelho,vermelho,reativa,azul,0,-3,19,120,120,1.0000,0.0000,359,9,350,0
368,1170736711,vermelho,azul,reativa,azul,1,3,19,30,0,30.0000,0.0000,434,2,432,0
369,1599605876,azul,verde,reativa,vermelho,0,-3,52,120,120,1.0000,0.0980,1155,11,1144,0
369,1599605876,azul,vermelho,reativa,vermelho,1,3,52,30,0,30.0000,0.0588,938,2,936,0
369,1599605876,azul,azul,reativa,vermelho,0,-3,52,90,120,0.7500,0.0625,332,7,325,0
370,1800712511,verde,verde,reativa,vermelho,0,-3,24,90,120,0.7500,0.0000,191,7,184,0
370,1800712511,verde,vermelho,reativa,vermelho,1,3,24,30,0,30.0000,0.0833,567,3,564,0
370,1800712511,verde,azul,reativa,vermelho,0,-3,24,120,120,1.0000,0.0435,279,14,265,0
371,645522509,vermelho,verde,reativa,verde,1,3,14,30,30,1.0000,0.0000,298,2,296,0
371,645522509,vermelho,vermelho,reativa,verde,0,-3,14,150,120,1.2500,0.0769,200,10,190,0
371,645522509,vermelho,azul,reativa,verde,0,-3,14,90,120,0.7500,0.0000,80,6,74,0
372,29313969,azul,verde,reativa,azul,0,-3,32,90,120,0.7500,0.0000,185,7,178,0
372,29313969,azul,vermelho,reativa,azul,0,-3,32,120,120,1.0000,0.0968,623,8,615,0
372,29313969,azul,azul,reativa,azul,1,3,32,30,0,30.0000,0.1250,755,2,753,0
373,1970357873,verde,verde,reativa,verde,1,3,50,30,30,1.0000,0.0200,1039,2,1037,0
373,1970357873,verde,vermelho,reativa,verde,0,-3,50,90,120,0.7500,0.0909,206,7,199,0
373,1970357873,verde,azul,reativa,verde,0,-3,50,150,120,1.2500,0.0408,1096,11,1085,0
374,1241645600,vermelho,verde,reativa,vermelho,0,-3,13,60,120,0.5000,0.0000,77,6,71,0
374,1241645600,vermelho,vermelho,reativa,vermelho,1,3,13,60,60,1.0000,0.0000,260,4,256,0
374,1241645600,vermelho,azul,reativa,vermelho,0,-3,13,180,120,1.5000,0.5000,156,12,144,0
375,1353653477,azul,verde,reativa,verde,1,3,11,30,0,30.0000,0.0000,205,2,203,0
375,1353653477,azul,vermelho,reativa,verde,0,-3,11,90,120,0.7500,0.0000,79,6,73,0
375,1353653477,azul,azul,reativa,verde,0,-3,11,120,120,1.0000,0.0000,158,8,150,0
376,722060998,verde,verde,reativa,azul,0,-3,21,150,120,1.2500,0.0476,418,13,405,0
376,722060998,verde,vermelho,reativa,azul,0,-3,21,90,120,0.7500,0.1000,186,7,179,0
376,722060998,verde,azul,reativa,azul,1,3,21,30,30,1.0000,0.0000,480,2,478,0
377,946843648,vermelho,verde,reativa,vermelho,0,-3,51,90,120,0.7500,0.0000,199,6,193,0
377,946843648,vermelho,vermelho,reativa,vermelho,1,3,51,30,30,1.0000,0.0000,955,1,954,0
377,946843648,vermelho,azul,reativa,vermelho,0,-3,51,150,120,1.2500,0.1000,986,11,975,0
378,195273507,azul,verde,reativa,vermelho,0,-3,43,90,120,0.7500,0.0000,79,6,73,0
378,195273507,azul,vermelho,reativa,vermelho,1,3,43,30,0,30.0000,0.0476,989,2,987,0
378,195273507,azul,azul,reativa,vermelho,0,-3,43,120,120,1.0000,0.0238,967,8,959,0
379,741729714,verde,verde,reativa,verde,1,3,28,30,30,1.0000,0.0357,525,3,522,0
379,741729714,verde,vermelho,reativa,verde,0,-3,28,90,120,0.7500,0.0588,313,6,307,0
379,741729714,verde,azul,reativa,verde,0,-3,28,150,120,1.2500,0.0370,524,11,513,0
380,1187661710,vermelho,verde,reativa,vermelho,0,-3,17,120,120,1.0000,0.0625,288,8,280,0
380,1187661710,vermelho,vermelho,reativa,vermelho,1,3,17,30,0,30.0000,0.0000,403,2,401,0
380,1187661710,vermelho,azul,reativa,vermelho,0,-3,17,90,120,0.7500,0.5000,230,6,224,0
381,394963098,azul,verde,reativa,vermelho,0,-3,14,150,120,1.2500,0.0769,185,10,175,0
381,394963098,azul,vermelho,reativa,vermelho,1,3,14,90,60,1.5000,0.1538,255,9,246,0
381,394963098,azul,azul,reativa,vermelho,0,-3,14,60,120,0.5000,0.0000,151,8,143,0
382,2051369139,verde,verde,reativa,vermelho,0,-3,42,150,120,1.2500,0.0238,747,13,734,0
382,2051369139,verde,vermelho,reativa,vermelho,1,3,42,30,30,1.0000,0.0238,878,3,875,0
382,2051369139,verde,azul,reativa,vermelho,0,-3,42,90,120,0.7500,0.0000,58,7,51,0
383,1168745499,vermelho,verde,reativa,vermelho,0,-3,20,90,120,0.7500,0.0000,83,7,76,0
383,1168745499,vermelho,vermelho,reativa,vermelho,1,3,20,30,30,1.0000,0.0500,464,2,462,0
383,1168745499,vermelho,azul,reativa,vermelho,0,-3,20,150,120,1.2500,0.0526,363,10,353,0
384,2118575539,azul,verde,reativa,empate,0,-1,100,0,0,0.0000,0.0000,1762,1,1761,0
384,2118575539,azul,vermelho,reativa,empate,0,-1,100,0,0,0.0000,0.0000,2527,1,2526,0
384,2118575539,azul,azul,reativa,empate,0,-1,100,0,0,0.0000,0.0000,2409,0,2409,0
385,441089282,verde,verde,reativa,verde,1,3,23,30,0,30.0000,0.0435,496,5,491,0
385,441089282,verde,vermelho,reativa,verde,0,-3,23,90,120,0.7500,0.0000,185,6,179,0
385,441089282,verde,azul,reativa,verde,0,-3,23,120,120,1.0000,0.0455,413,11,402,0
386,1667855064,vermelho,verde,reativa,verde,1,3,21,30,30,1.0000,0.0000,478,2,476,0
386,1667855064,vermelho,vermelho,reativa,verde,0,-3,21,90,120,0.7500,0.3333,218,6,212,0
386,1667855064,vermelho,azul,reativa,verde,0,-3,21,150,120,1.2500,0.0500,372,11,361,0
387,2017351961,azul,verde,reativa,verde,1,3,19,30,30,1.0000,0.0000,416,3,413,0
387,2017351961,azul,vermelho,reativa,verde,0,-3,19,150,120,1.2500,0.0000,308,12,296,0
387,2017351961,azul,azul,reativa,verde,0,-3,19,90,120,0.7500,0.0000,197,6,191,0
388,1950536216,verde,verde,reativa,empate,0,-1,100,0,0,0.0000,0.0000,2071,48,2023,0
388,1950536216,verde,vermelho,reativa,empate,0,-1,100,0,0,0.0000,0.0200,2447,0,2447,0
388,1950536216,verde,azul,reativa,empate,0,-1,100,0,0,0.0000,0.0000,2053,48,2005,0
389,60663468,vermelho,verde,reativa,vermelho,0,-3,23,120,120,1.0000,0.0000,329,8,321,0
389,60663468,vermelho,vermelho,reativa,vermelho,1,3,23,90,30,3.0000,0.0435,457,6,451,0
389,60663468,vermelho,azul,reativa,vermelho,0,-3,23,60,120,0.5000,0.0000,434,4,430,0
390,1266052967,azul,verde,reativa,azul,0,-3,21,90,120,0.7500,0.0000,205,7,198,0
390,1266052967,azul,vermelho,reativa,azul,0,-3,21,120,120,1.0000,0.0000,372,9,363,0
390,1266052967,azul,azul,reativa,azul,1,3,21,30,0,30.0000,0.0000,472,2,470,0
391,553143731,verde,verde,reativa,vermelho,0,-3,15,150,120,1.2500,0.0000,259,10,249,0
391,553143731,verde,vermelho,reativa,vermelho,1,3,15,30,30,1.0000,0.0000,341,2,339,0
391,553143731,verde,azul,reativa,vermelho,0,-3,15,90,120,0.7500,0.0000,79,6,73,0
392,1136855950,vermelho,verde,reativa,azul,0,-3,43,90,120,0.7500,0.0000,260,6,254,0
392,1136855950,vermelho,vermelho,reativa,azul,0,-3,43,150,120,1.2500,0.0233,925,11,914,0
392,1136855950,vermelho,azul,reativa,azul,1,3,43,30,30,1.0000,0.0000,997,2,995,0
393,376447012,azul,verde,reativa,vermelho,0,-3,17,90,120,0.7500,0.0000,74,6,68,0
393,376447012,azul,vermelho,reativa,vermelho,1,3,17,30,0,30.0000,0.0000,369,2,367,0
393,376447012,azul,azul,reativa,vermelho,0,-3,17,120,120,1.0000,0.1250,260,8,252,0
394,1614578985,verde,verde,reativa,vermelho,0,-3,10,90,120,0.7500,0.0000,99,6,93,0
394,1614578985,verde,vermelho,reativa,vermelho,1,3,10,30,0,30.0000,0.1000,229,2,227,0
394,1614578985,verde,azul,reativa,vermelho,0,-3,10,120,120,1.0000,0.0000,109,8,101,0
395,865668011,vermelho,verde,reativa,azul,0,-3,13,150,120,1.2500,0.0000,172,12,160,0
395,865668011,vermelho,vermelho,reativa,azul,0,-3,13,90,120,0.7500,0.0000,88,6,82,0
395,865668011,vermelho,azul,reativa,azul,1,3,13,30,30,1.0000,0.0769,276,2,274,0
396,923755655,azul,verde,reativa,vermelho,0,-3,20,90,120,0.7500,0.0000,78,6,72,0
396,923755655,azul,vermelho,reativa,vermelho,1,3,20,30,0,30.0000,0.1053,438,2,436,0
396,923755655,azul,azul,reativa,vermelho,0,-3,20,120,120,1.0000,0.0526,373,8,365,0
397,258776197,verde,verde,reativa,vermelho,0,-3,19,120,120,1.0000,0.0000,351,9,342,0
397,258776197,verde,vermelho,reativa,vermelho,1,3,19,30,0,30.0000,0.0526,448,2,446,0
397,258776197,verde,azul,reativa,vermelho,0,-3,19,90,120,0.7500,0.0000,57,7,50,0
398,1620914435,vermelho,verde,reativa,azul,0,-3,26,90,120,0.7500,0.0000,83,6,77,0
398,1620914435,vermelho,vermelho,reativa,azul,0,-3,26,150,120,1.2500,0.0000,361,11,350,0
398,1620914435,vermelho,azul,reativa,azul,1,3,26,30,30,1.0000,0.0000,522,2,520,0
399,1741497087,azul,verde,reativa,azul,0,-3,24,120,120,1.0000,0.0000,482,9,473,0
399,1741497087,azul,vermelho,reativa,azul,0,-3,24,90,120,0.7500,0.0000,186,6,180,0
399,1741497087,azul,azul,reativa,azul,1,3,24,30,0,30.0000,0.0417,579,2,577,0
400,558524762,verde,verde,reativa,azul,0,-3,16,120,120,1.0000,0.0000,300,8,292,0
400,558524762,verde,vermelho,reativa,azul,0,-3,16,90,120,0.7500,0.0000,83,6,77,0
400,558524762,verde,azul,reativa,azul,1,3,16,30,0,30.0000,0.3125,350,2,348,0
401,1039082064,vermelho,verde,reativa,vermelho,0,-3,27,90,120,0.7500,0.0000,155,6,149,0
401,1039082064,vermelho,vermelho,reativa,vermelho,1,3,27,30,30,1.0000,0.0370,517,4,513,0
401,1039082064,vermelho,azul,reativa,vermelho,0,-3,27,150,120,1.2500,0.0769,504,13,491,0
402,902252012,azul,verde,reativa,vermelho,0,-3,33,90,120,0.7500,0.0000,32,6,26,0
402,902252012,azul,vermelho,reativa,vermelho,1,3,33,30,30,1.0000,0.0000,661,2,659,0
402,902252012,azul,azul,reativa,vermelho,0,-3,33,150,120,1.2500,0.0313,639,10,629,0
403,1638510092,verde,verde,reativa,empate,0,-1,100,120,90,1.3333,0.0400,2377,9,2368,0
403,1638510092,verde,vermelho,reativa,empate,0,-1,100,0,0,0.0000,0.0000,1370,0,1370,0
403,1638510092,verde,azul,reativa,empate,0,-1,100,90,120,0.7500,0.0714,231,7,224,0
404,697931922,vermelho,verde,reativa,verde,1,3,22,30,30,1.0000,0.0952,483,2,481,0
404,697931922,vermelho,vermelho,reativa,verde,0,-3,22,150,120,1.2500,0.0476,397,10,387,0
404,697931922,vermelho,azul,reativa,verde,0,-3,22,90,120,0.7500,0.0000,99,6,93,0
405,148352726,azul,verde,reativa,azul,0,-3,33,90,120,0.7500,0.0000,251,6,245,0
405,148352726,azul,vermelho,reativa,azul,0,-3,33,150,120,1.2500,0.1250,648,10,638,0
405,148352726,azul,azul,reativa,azul,1,3,33,30,30,1.0000,0.0606,776,2,774,0
406,1423957648,verde,verde,reativa,empate,0,-1,100,90,120,0.7500,0.0000,175,6,169,0
406,1423957648,verde,vermelho,reativa,empate,0,-1,100,0,0,0.0000,0.0200,1481,42,1439,0
406,1423957648,verde,azul,reativa,empate,0,-1,100,120,90,1.3333,0.0000,1393,52,1341,0
407,1350537079,vermelho,verde,reativa,azul,0,-3,23,90,120,0.7500,0.0000,101,8,93,0
407,1350537079,vermelho,vermelho,reativa,azul,0,-3,23,150,120,1.2500,0.0435,449,11,438,0
407,1350537079,vermelho,azul,reativa,azul,1,3,23,30,30,1.0000,0.0870,509,2,507,0
408,614268430,azul,verde,reativa,vermelho,0,-3,10,150,120,1.2500,0.0000,112,10,102,0
408,614268430,azul,vermelho,reativa,vermelho,1,3,10,30,30,1.0000,0.0000,206,1,205,0
408,614268430,azul,azul,reativa,vermelho,0,-3,10,90,120,0.7500,0.0000,83,6,77,0
409,1044670401,verde,verde,reativa,vermelho,0,-3,32,120,120,1.0000,0.0625,656,9,647,0
409,1044670401,verde,vermelho,reativa,vermelho,1,3,32,30,0,30.0000,0.0000,684,2,682,0
409,1044670401,verde,azul,reativa,vermelho,0,-3,32,90,120,0.7500,0.1667,204,7,197,0
410,73927817,vermelho,verde,reativa,empate,0,-1,100,0,0,0.0000,0.4949,2569,0,2569,0
410,73927817,vermelho,vermelho,reativa,empate,0,-1,100,0,0,0.0000,0.0000,2019,48,1971,0
410,73927817,vermelho,azul,reativa,empate,0,-1,100,0,0,0.0000,0.0000,2019,49,1970,0
411,1599316740,azul,verde,reativa,azul,0,-3,23,90,120,0.7500,0.2308,256,6,250,0
411,1599316740,azul,vermelho,reativa,azul,0,-3,23,150,120,1.2500,0.0909,414,11,403,0
411,1599316740,azul,azul,reativa,azul,1,3,23,30,30,1.0000,0.0435,480,3,477,0
412,728730537,verde,verde,reativa,azul,0,-3,16,90,120,0.7500,0.0000,58,6,52,0
412,728730537,verde,vermelho,reativa,azul,0,-3,16,120,120,1.0000,0.0000,292,8,284,0
412,728730537,verde,azul,reativa,azul,1,3,16,30,0,30.0000,0.0625,342,3,339,0
413,769613667,vermelho,verde,reativa,verde,1,3,20,30,30,1.0000,0.0000,432,2,430,0
413,769613667,vermelho,vermelho,reativa,verde,0,-3,20,150,120,1.2500,0.0000,367,11,356,0
413,769613667,vermelho,azul,reativa,verde,0,-3,20,90,120,0.7500,0.0000,184,6,178,0
414,701710304,azul,verde,reativa,vermelho,0,-3,7,90,120,0.7500,0.0000,58,7,51,0
414,701710304,azul,vermelho,reativa,vermelho,1,3,7,60,0,60.0000,0.0000,99,4,95,0
414,701710304,azul,azul,reativa,vermelho,0,-3,7,90,120,0.7500,0.0000,83,7,76,0
415,2146003900,verde,verde,reativa,verde,1,3,12,30,0,30.0000,0.0833,262,4,258,0
415,2146003900,verde,vermelho,reativa,verde,0,-3,12,120,120,1.0000,0.0909,182,11,171,0
415,2146003900,verde,azul,reativa,verde,0,-3,12,90,120,0.7500,0.0000,108,7,101,0
416,1585576561,vermelho,verde,reativa,vermelho,0,-3,17,120,120,1.0000,0.0625,304,9,295,0
416,1585576561,vermelho,vermelho,reativa,vermelho,1,3,17,30,0,30.0000,0.0588,401,2,399,0
416,1585576561,vermelho,azul,reativa,vermelho,0,-3,17,90,120,0.7500,0.0000,108,8,100,0
417,1048996951,azul,verde,reativa,vermelho,0,-3,28,90,120,0.7500,0.5000,126,6,120,0
417,1048996951,azul,vermelho,reativa,vermelho,1,3,28,30,30,1.0000,0.1111,628,2,626,0
417,1048996951,azul,azul,reativa,vermelho,0,-3,28,150,120,1.2500,0.1111,554,10,544,0
418,614909108,verde,verde,reativa,azul,0,-3,23,150,120,1.2500,0.1739,444,10,434,0
418,614909108,verde,vermelho,reativa,azul,0,-3,23,90,120,0.7500,0.1818,207,6,201,0
418,614909108,verde,azul,reativa,azul,1,3,23,30,30,1.0000,0.0435,529,2,527,0
419,1906067081,vermelho,verde,reativa,azul,0,-3,36,150,120,1.2500,0.0286,678,11,667,0
419,1906067081,vermelho,vermelho,reativa,azul,0,-3,36,90,120,0.7500,0.0000,98,8,90,0
419,1906067081,vermelho,azul,reativa,azul,1,3,36,30,30,1.0000,0.0556,799,2,797,0
420,974694883,azul,verde,reativa,vermelho,0,-3,14,150,120,1.2500,0.0000,207,12,195,0
420,974694883,azul,vermelho,reativa,vermelho,1,3,14,30,30,1.0000,0.0769,293,3,290,0
420,974694883,azul,azul,reativa,vermelho,0,-3,14,90,120,0.7500,0.0000,114,7,107,0
421,277475170,verde,verde,reativa,vermelho,0,-3,25,90,120,0.7500,0.0000,180,6,174,0
421,277475170,verde,vermelho,reativa,vermelho,1,3,25,30,0,30.0000,0.1200,611,2,609,0
421,277475170,verde,azul,reativa,vermelho,0,-3,25,120,120,1.0000,0.0833,501,9,492,0
422,148424731,vermelho,verde,reativa,verde,1,3,26,30,0,30.0000,0.0000,596,2,594,0
422,148424731,vermelho,vermelho,reativa,verde,0,-3,26,120,120,1.0000,0.0800,521,9,512,0
422,148424731,vermelho,azul,reativa,verde,0,-3,26,90,120,0.7500,0.0000,83,7,76,0
423,604743709,azul,verde,reativa,vermelho,0,-3,18,150,120,1.2500,0.0000,314,13,301,0
423,604743709,azul,vermelho,reativa,vermelho,1,3,18,30,30,1.0000,0.0000,409,2,407,0
423,604743709,azul,azul,reativa,vermelho,0,-3,18,90,120,0.7500,0.0000,210,7,203,0
424,838363468,verde,verde,reativa,verde,1,3,26,20,30,0.6667,0.0385,621,2,619,0
424,838363468,verde,vermelho,reativa,verde,0,-3,26,150,110,1.3636,0.2800,515,13,502,0
424,838363468,verde,azul,reativa,verde,0,-3,26,90,120,0.7500,0.1818,202,8,194,0
425,1461119760,vermelho,verde,reativa,vermelho,0,-3,23,90,120,0.7500,0.0000,208,6,202,0
425,1461119760,vermelho,vermelho,reativa,vermelho,1,3,23,30,30,1.0000,0.0870,522,2,520,0
425,1461119760,vermelho,azul,reativa,vermelho,0,-3,23,150,120,1.2500,0.0000,408,11,397,0
426,2054000186,azul,verde,reativa,vermelho,0,-3,17,120,120,1.0000,0.0000,271,8,263,0
426,2054000186,azul,vermelho,reativa,vermelho,1,3,17,30,0,30.0000,0.0625,365,3,362,0
426,2054000186,azul,azul,reativa,vermelho,0,-3,17,90,120,0.7500,0.0000,100,6,94,0
427,1470480063,verde,verde,reativa,verde,1,3,22,30,30,1.0000,0.0000,472,2,470,0
427,1470480063,verde,vermelho,reativa,verde,0,-3,22,90,120,0.7500,0.0000,244,7,237,0
427,1470480063,verde,azul,reativa,verde,0,-3,22,150,120,1.2500,0.0000,413,13,400,0
428,766136782,vermelho,verde,reativa,vermelho,0,-3,31,150,120,1.2500,0.0333,560,11,549,0
428,766136782,vermelho,vermelho,reativa,vermelho,1,3,31,30,30,1.0000,0.0323,720,3,717,0
428,766136782,vermelho,azul,reativa,vermelho,0,-3,31,90,120,0.7500,0.1000,158,7,151,0
429,372718935,azul,verde,reativa,azul,0,-3,20,90,120,0.7500,0.1000,180,6,174,0
429,372718935,azul,vermelho,reativa,azul,0,-3,20,120,120,1.0000,0.0526,354,10,344,0
429,372718935,azul,azul,reativa,azul,1,3,20,30,0,30.0000,0.1000,441,3,438,0
430,2045200466,verde,verde,reativa,verde,1,3,24,30,0,30.0000,0.0000,501,3,498,0
430,2045200466,verde,vermelho,reativa,verde,0,-3,24,120,120,1.0000,0.0000,417,10,407,0
430,2045200466,verde,azul,reativa,verde,0,-3,24,90,120,0.7500,0.0000,58,7,51,0
431,1900958049,vermelho,verde,reativa,verde,1,3,25,30,30,1.0000,0.0833,559,2,557,0
431,1900958049,vermelho,vermelho,reativa,verde,0,-3,25,150,120,1.2500,0.0833,460,11,449,0
431,1900958049,vermelho,azul,reativa,verde,0,-3,25,90,120,0.7500,0.0000,98,7,91,0
432,1317230616,azul,verde,reativa,azul,0,-3,16,120,120,1.0000,0.0000,281,9,272,0
432,1317230616,azul,vermelho,reativa,azul,0,-3,16,90,120,0.7500,0.0000,80,7,73,0
432,1317230616,azul,azul,reativa,azul,1,3,16,30,0,30.0000,0.0000,354,2,352,0
433,1343244560,verde,verde,reativa,vermelho,0,-3,17,120,120,1.0000,0.0588,324,9,315,0
433,1343244560,verde,vermelho,reativa,vermelho,1,3,17,30,0,30.0000,0.7647,257,2,255,0
433,1343244560,verde,azul,reativa,vermelho,0,-3,17,90,120,0.7500,0.0000,159,6,153,0
434,784401889,vermelho,verde,reativa,vermelho,0,-3,17,90,120,0.7500,0.0000,302,7,295,0
434,784401889,vermelho,vermelho,reativa,vermelho,1,3,17,60,0,60.0000,0.1176,389,6,383,0
434,784401889,vermelho,azul,reativa,vermelho,0,-3,17,90,120,0.7500,0.0625,332,11,321,0
435,1579403662,azul,verde,reativa,vermelho,0,-3,35,120,120,1.0000,0.0000,622,10,612,0
435,1579403662,azul,vermelho,reativa,vermelho,1,3,35,30,0,30.0000,0.0882,720,3,717,0
435,1579403662,azul,azul,reativa,vermelho,0,-3,35,90,120,0.7500,0.0000,97,8,89,0
436,1577216255,verde,verde,reativa,vermelho,0,-3,14,90,120,0.7500,0.1250,136,7,129,0
436,1577216255,verde,vermelho,reativa,vermelho,1,3,14,30,30,1.0000,0.0000,306,2,304,0
436,1577216255,verde,azul,reativa,vermelho,0,-3,14,150,120,1.2500,0.0769,211,11,200,0
437,1215591661,vermelho,verde,reativa,azul,0,-3,19,90,120,0.7500,0.0000,71,6,65,0
437,1215591661,vermelho,vermelho,reativa,azul,0,-3,19,120,120,1.0000,0.0000,376,8,368,0
437,1215591661,vermelho,azul,reativa,azul,1,3,19,30,0,30.0000,0.0526,443,2,441,0
438,2129381150,azul,verde,reativa,verde,1,3,27,30,0,30.0000,0.0000,600,3,597,0
438,2129381150,azul,vermelho,reativa,verde,0,-3,27,90,120,0.7500,0.0000,58,8,50,0
438,2129381150,azul,azul,reativa,verde,0,-3,27,120,120,1.0000,0.0385,474,10,464,0
439,200211642,verde,verde,reativa,vermelho,0,-3,28,150,120,1.2500,0.0357,550,12,538,0
439,200211642,verde,vermelho,reativa,vermelho,1,3,28,30,30,1.0000,0.0357,641,2,639,0
439,200211642,verde,azul,reativa,vermelho,0,-3,28,90,120,0.7500,0.0000,209,6,203,0
440,739759482,vermelho,verde,reativa,azul,0,-3,15,90,120,0.7500,0.0000,273,8,265,0
440,739759482,vermelho,vermelho,reativa,azul,0,-3,15,90,120,0.7500,0.1333,314,8,306,0
440,739759482,vermelho,azul,reativa,azul,1,3,15,60,0,60.0000,0.0000,326,6,320,0
441,571873306,azul,verde,reativa,azul,0,-3,12,60,120,0.5000,0.1429,112,5,107,0
441,571873306,azul,vermelho,reativa,azul,0,-3,12,120,120,1.0000,0.0909,179,9,170,0
441,571873306,azul,azul,reativa,azul,1,3,12,90,30,3.0000,0.1667,218,8,210,0
442,1141555388,verde,verde,reativa,vermelho,0,-3,28,150,120,1.2500,0.0000,542,11,531,0
442,1141555388,verde,vermelho,reativa,vermelho,1,3,28,30,30,1.0000,0.0357,584,2,582,0
442,1141555388,verde,azul,reativa,vermelho,0,-3,28,90,120,0.7500,0.0000,98,7,91,0
443,1737235775,vermelho,verde,reativa,vermelho,0,-3,18,120,120,1.0000,0.0000,281,8,273,0
443,1737235775,vermelho,vermelho,reativa,vermelho,1,3,18,30,0,30.0000,0.1111,409,2,407,0
443,1737235775,vermelho,azul,reativa,vermelho,0,-3,18,90,120,0.7500,0.0000,263,6,257,0
444,1019163322,azul,verde,reativa,verde,1,3,51,30,30,1.0000,0.1000,1073,2,1071,0
444,1019163322,azul,vermelho,reativa,verde,0,-3,51,150,120,1.2500,0.0204,1038,10,1028,0
444,1019163322,azul,azul,reativa,verde,0,-3,51,90,120,0.7500,0.0000,55,7,48,0
445,1477330786,verde,verde,reativa,azul,0,-3,26,90,120,0.7500,0.0909,196,8,188,0
445,1477330786,verde,vermelho,reativa,azul,0,-3,26,150,120,1.2500,0.0385,478,12,466,0
445,1477330786,verde,azul,reativa,azul,1,3,26,30,30,1.0000,0.0769,632,2,630,0
446,744905077,vermelho,verde,reativa,vermelho,0,-3,17,150,120,1.2500,0.0625,288,11,277,0
446,744905077,vermelho,vermelho,reativa,vermelho,1,3,17,30,30,1.0000,0.0588,309,2,307,0
446,744905077,vermelho,azul,reativa,vermelho,0,-3,17,90,120,0.7500,0.0000,135,6,129,0
447,1994270146,azul,verde,reativa,verde,1,3,13,30,0,30.0000,0.0000,283,2,281,0
447,1994270146,azul,vermelho,reativa,verde,0,-3,13,90,120,0.7500,0.0000,122,7,115,0
447,1994270146,azul,azul,reativa,verde,0,-3,13,120,120,1.0000,0.0000,186,10,176,0
448,164773497,verde,verde,reativa,empate,0,-1,100,0,0,0.0000,0.0000,1994,0,1994,0
448,164773497,verde,vermelho,reativa,empate,0,-1,100,80,120,0.6667,0.0000,60,9,51,0
448,164773497,verde,azul,reativa,empate,0,-1,100,120,80,1.5000,0.0700,1795,9,1786,0
449,1649528846,vermelho,verde,reativa,vermelho,0,-3,18,90,120,0.7500,0.0000,57,6,51,0
449,1649528846,vermelho,vermelho,reativa,vermelho,1,3,18,30,30,1.0000,0.0000,415,2,413,0
449,1649528846,vermelho,azul,reativa,vermelho,0,-3,18,150,120,1.2500,0.0000,304,10,294,0
450,8261800,azul,verde,reativa,empate,0,-1,100,0,0,0.0000,0.0101,2568,0,2568,0
450,8261800,azul,vermelho,reativa,empate,0,-1,100,0,0,0.0000,0.0000,2056,49,2007,0
450,8261800,azul,azul,reativa,empate,0,-1,100,0,0,0.0000,0.0000,2061,48,2013,0
451,1520873105,verde,verde,reativa,vermelho,0,-3,16,90,120,0.7500,0.0000,105,5,100,0
451,1520873105,verde,vermelho,reativa,vermelho,1,3,16,30,0,30.0000,0.0000,384,2,382,0
451,1520873105,verde,azul,reativa,vermelho,0,-3,16,120,120,1.0000,0.0000,272,10,262,0
452,189695113,vermelho,verde,reativa,vermelho,0,-3,30,120,120,1.0000,0.0345,599,10,589,0
452,189695113,vermelho,vermelho,reativa,vermelho,1,3,30,30,0,30.0000,0.0333,644,3,641,0
452,189695113,vermelho,azul,reativa,vermelho,0,-3,30,90,120,0.7500,0.0000,138,6,132,0
453,2050012462,azul,verde,reativa,vermelho,0,-3,30,90,120,0.7500,0.0000,159,6,153,0
453,2050012462,azul,vermelho,reativa,vermelho,1,3,30,30,0,30.0000,0.0690,612,2,610,0
453,2050012462,azul,azul,reativa,vermelho,0,-3,30,120,120,1.0000,0.1034,522,9,513,0
454,105099442,verde,verde,reativa,azul,0,-3,27,90,120,0.7500,0.0000,279,6,273,0
454,105099442,verde,vermelho,reativa,azul,0,-3,27,120,120,1.0000,0.0370,551,10,541,0
454,105099442,verde,azul,reativa,azul,1,3,27,30,0,30.0000,0.0000,610,2,608,0
455,898790568,vermelho,verde,reativa,verde,1,3,24,30,30,1.0000,0.1304,525,2,523,0
455,898790568,vermelho,vermelho,reativa,verde,0,-3,24,90,120,0.7500,0.0000,160,6,154,0
455,898790568,vermelho,azul,reativa,verde,0,-3,24,150,120,1.2500,0.0435,461,11,450,0
456,2054871234,azul,verde,reativa,verde,1,3,20,30,30,1.0000,0.0000,439,2,437,0
456,2054871234,azul,vermelho,reativa,verde,0,-3,20,90,120,0.7500,0.0000,236,7,229,0
456,2054871234,azul,azul,reativa,verde,0,-3,20,150,120,1.2500,0.0000,368,14,354,0
457,567165131,verde,verde,reativa,verde,1,3,30,30,0,30.0000,0.0667,682,2,680,0
457,567165131,verde,vermelho,reativa,verde,0,-3,30,120,120,1.0000,0.0345,605,9,596,0
457,567165131,verde,azul,reativa,verde,0,-3,30,90,120,0.7500,0.0000,81,7,74,0
458,1506506545,vermelho,verde,reativa,verde,1,3,22,30,30,1.0000,0.0476,509,2,507,0
458,1506506545,vermelho,vermelho,reativa,verde,0,-3,22,150,120,1.2500,0.0476,392,13,379,0
458,1506506545,vermelho,azul,reativa,verde,0,-3,22,90,120,0.7500,0.2000,180,7,173,0
459,338695334,azul,verde,reativa,empate,0,-1,100,0,0,0.0000,0.0101,1656,49,1607,0
459,338695334,azul,vermelho,reativa,empate,0,-1,100,0,0,0.0000,0.0000,1997,49,1948,0
459,338695334,azul,azul,reativa,empate,0,-1,100,0,0,0.0000,0.0000,2187,0,2187,0
460,369462903,verde,verde,reativa,empate,0,-1,100,90,120,0.7500,0.0000,365,8,357,0
460,369462903,verde,vermelho,reativa,empate,0,-1,100,0,0,0.0000,0.0000,1772,47,1725,0
460,369462903,verde,azul,reativa,empate,0,-1,100,120,90,1.3333,0.0200,1730,18,1712,0
461,1639586025,vermelho,verde,reativa,empate,0,-1,100,90,120,0.7500,0.0000,411,14,397,0
461,1639586025,vermelho,vermelho,reativa,empate,0,-1,100,0,0,0.0000,0.0000,2013,9,2004,0
461,1639586025,vermelho,azul,reativa,empate,0,-1,100,120,90,1.3333,0.0100,2317,17,2300,0
462,1094686237,azul,verde,reativa,azul,0,-3,21,90,120,0.7500,0.2500,128,8,120,0
462,1094686237,azul,vermelho,reativa,azul,0,-3,21,150,120,1.2500,0.0000,388,11,377,0
462,1094686237,azul,azul,reativa,azul,1,3,21,30,30,1.0000,0.0000,467,2,465,0
463,616728145,verde,verde,reativa,vermelho,0,-3,25,150,120,1.2500,0.0400,486,11,475,0
463,616728145,verde,vermelho,reativa,vermelho,1,3,25,30,30,1.0000,0.0400,603,2,601,0
463,616728145,verde,azul,reativa,vermelho,0,-3,25,90,120,0.7500,0.0000,95,6,89,0
464,1665972581,vermelho,verde,reativa,vermelho,0,-3,29,150,120,1.2500,0.0357,550,11,539,0
464,1665972581,vermelho,vermelho,reativa,vermelho,1,3,29,30,30,1.0000,0.0000,658,3,655,0
464,1665972581,vermelho,azul,reativa,vermelho,0,-3,29,90,120,0.7500,0.0000,313,6,307,0
465,1342328242,azul,verde,reativa,vermelho,0,-3,16,150,120,1.2500,0.0000,266,11,255,0
465,1342328242,azul,vermelho,reativa,vermelho,1,3,16,30,30,1.0000,0.0667,354,2,352,0
465,1342328242,azul,azul,reativa,vermelho,0,-3,16,90,120,0.7500,0.0000,234,6,228,0
466,1649972298,verde,verde,reativa,azul,0,-3,21,90,120,0.7500,0.0000,207,6,201,0
466,1649972298,verde,vermelho,reativa,azul,0,-3,21,150,120,1.2500,0.0000,395,11,384,0
466,1649972298,verde,azul,reativa,azul,1,3,21,30,30,1.0000,0.0000,417,2,415,0
467,2086780469,vermelho,verde,reativa,vermelho,0,-3,15,90,120,0.7500,0.0000,201,8,193,0
467,2086780469,vermelho,vermelho,reativa,vermelho,1,3,15,30,0,30.0000,0.1333,316,6,310,0
467,2086780469,vermelho,azul,reativa,vermelho,0,-3,15,120,120,1.0000,0.0714,228,9,219,0
468,1112072917,azul,verde,reativa,empate,0,-1,100,90,120,0.7500,0.0500,418,6,412,0
468,1112072917,azul,vermelho,reativa,empate,0,-1,100,120,90,1.3333,0.0404,1348,45,1303,0
468,1112072917,azul,azul,reativa,empate,0,-1,100,0,0,0.0000,0.0000,1180,36,1144,0
469,223052448,verde,verde,reativa,verde,1,3,19,30,0,30.0000,0.0000,391,2,389,0
469,223052448,verde,vermelho,reativa,verde,0,-3,19,120,120,1.0000,0.0556,331,9,322,0
469,223052448,verde,azul,reativa,verde,0,-3,19,90,120,0.7500,0.0000,76,7,69,0
470,1629194997,vermelho,verde,reativa,azul,0,-3,16,90,120,0.7500,0.0000,135,7,128,0
470,1629194997,vermelho,vermelho,reativa,azul,0,-3,16,150,120,1.2500,0.0625,280,11,269,0
470,1629194997,vermelho,azul,reativa,azul,1,3,16,30,30,1.0000,0.1250,329,2,327,0
471,2020547047,azul,verde,reativa,verde,1,3,50,30,30,1.0000,0.0000,840,2,838,0
471,2020547047,azul,vermelho,reativa,verde,0,-3,50,90,120,0.7500,0.0500,420,7,413,0
471,2020547047,azul,azul,reativa,verde,0,-3,50,150,120,1.2500,0.0408,1102,10,1092,0
472,1561709938,verde,verde,reativa,azul,0,-3,7,120,120,1.0000,0.0000,82,8,74,0
472,1561709938,verde,vermelho,reativa,azul,0,-3,7,90,120,0.7500,0.0000,79,7,72,0
472,1561709938,verde,azul,reativa,azul,1,3,7,30,0,30.0000,0.2857,150,2,148,0
473,34472910,vermelho,verde,reativa,verde,1,3,35,30,0,30.0000,0.0294,773,2,771,0
473,34472910,vermelho,vermelho,reativa,verde,0,-3,35,90,120,0.7500,0.0000,216,6,210,0
473,34472910,vermelho,azul,reativa,verde,0,-3,35,120,120,1.0000,0.0588,755,9,746,0
474,1889495832,azul,verde,reativa,verde,1,3,34,30,0,30.0000,0.0303,631,3,628,0
474,1889495832,azul,vermelho,reativa,verde,0,-3,34,90,120,0.7500,0.0000,397,6,391,0
474,1889495832,azul,azul,reativa,verde,0,-3,34,120,120,1.0000,0.0000,644,9,635,0
475,2075334735,verde,verde,reativa,vermelho,0,-3,13,120,100,1.2000,0.6000,150,14,136,0
475,2075334735,verde,vermelho,reativa,vermelho,1,3,13,100,90,1.1111,0.0769,220,10,210,0
475,2075334735,verde,azul,reativa,vermelho,0,-3,13,90,120,0.7500,0.0000,205,12,193,0
476,518344282,vermelho,verde,reativa,verde,1,3,20,30,30,1.0000,0.0000,392,2,390,0
476,518344282,vermelho,vermelho,reativa,verde,0,-3,20,150,120,1.2500,0.0000,365,11,354,0
476,518344282,vermelho,azul,reativa,verde,0,-3,20,90,120,0.7500,0.0000,185,6,179,0
477,664865225,azul,verde,reativa,verde,1,3,21,30,30,1.0000,0.2000,476,2,474,0
477,664865225,azul,vermelho,reativa,verde,0,-3,21,150,120,1.2500,0.0000,358,11,347,0
477,664865225,azul,azul,reativa,verde,0,-3,21,90,120,0.7500,0.1000,181,7,174,0
478,1713655207,verde,verde,reativa,azul,0,-3,32,120,120,1.0000,0.0938,648,8,640,0
478,1713655207,verde,vermelho,reativa,azul,0,-3,32,90,120,0.7500,0.0000,58,7,51,0
478,1713655207,verde,azul,reativa,azul,1,3,32,30,0,30.0000,0.1250,761,2,759,0
479,927898304,vermelho,verde,reativa,vermelho,0,-3,9,120,120,1.0000,0.0000,110,8,102,0
479,927898304,vermelho,vermelho,reativa,vermelho,1,3,9,30,0,30.0000,0.0000,206,3,203,0
479,927898304,vermelho,azul,reativa,vermelho,0,-3,9,90,120,0.7500,0.0000,57,6,51,0
480,512606905,azul,verde,reativa,verde,1,3,25,30,30,1.0000,0.0833,534,2,532,0
480,512606905,azul,vermelho,reativa,verde,0,-3,25,90,120,0.7500,0.0769,263,8,255,0
480,512606905,azul,azul,reativa,verde,0,-3,25,150,120,1.2500,0.0417,489,12,477,0
481,741330521,verde,verde,reativa,azul,0,-3,25,150,120,1.2500,0.0000,453,15,438,0
481,741330521,verde,vermelho,reativa,azul,0,-3,25,90,120,0.7500,0.0000,220,7,213,0
481,741330521,verde,azul,reativa,azul,1,3,25,30,30,1.0000,0.1200,581,3,578,0
482,1245569230,vermelho,verde,reativa,vermelho,0,-3,33,120,120,1.0000,0.0000,650,8,642,0
482,1245569230,vermelho,vermelho,reativa,vermelho,1,3,33,30,0,30.0000,0.1212,677,2,675,0
482,1245569230,vermelho,azul,reativa,vermelho,0,-3,33,90,120,0.7500,0.0000,57,7,50,0
483,1772636271,azul,verde,reativa,azul,0,-3,19,120,120,1.0000,0.0000,345,8,337,0
483,1772636271,azul,vermelho,reativa,azul,0,-3,19,90,120,0.7500,0.0000,108,7,101,0
483,1772636271,azul,azul,reativa,azul,1,3,19,30,0,30.0000,0.0000,435,2,433,0
484,439522726,verde,verde,reativa,vermelho,0,-3,18,90,120,0.7500,0.0000,208,6,202,0
484,439522726,verde,vermelho,reativa,vermelho,1,3,18,30,0,30.0000,0.0000,384,2,382,0
484,439522726,verde,azul,reativa,vermelho,0,-3,18,120,120,1.0000,0.0000,341,9,332,0
485,1210558033,vermelho,verde,reativa,azul,0,-3,13,90,120,0.7500,0.0000,189,7,182,0
485,1210558033,vermelho,vermelho,reativa,azul,0,-3,13,90,120,0.7500,0.0000,260,9,251,0
485,1210558033,vermelho,azul,reativa,azul,1,3,13,60,0,60.0000,0.0000,253,5,248,0
486,1816776073,azul,verde,reativa,verde,1,3,26,30,30,1.0000,0.0000,571,2,569,0
486,1816776073,azul,vermelho,reativa,verde,0,-3,26,150,120,1.2500,0.2500,481,12,469,0
486,1816776073,azul,azul,reativa,verde,0,-3,26,90,120,0.7500,0.1667,226,7,219,0
487,808127244,verde,verde,reativa,azul,0,-3,12,90,120,0.7500,0.0000,122,6,116,0
487,808127244,verde,vermelho,reativa,azul,0,-3,12,120,120,1.0000,0.0000,176,8,168,0
487,808127244,verde,azul,reativa,azul,1,3,12,30,0,30.0000,0.0000,275,2,273,0
488,69747369,vermelho,verde,reativa,empate,0,-1,100,0,0,0.0000,0.0101,1794,0,1794,0
488,69747369,vermelho,vermelho,reativa,empate,0,-1,100,0,0,0.0000,0.9800,2018,51,1967,0
488,69747369,vermelho,azul,reativa,empate,0,-1,100,0,0,0.0000,0.0000,2002,49,1953,0
489,1668374150,azul,verde,reativa,vermelho,0,-3,11,90,120,0.7500,0.4444,144,7,137,0
489,1668374150,azul,vermelho,reativa,vermelho,1,3,11,60,0,60.0000,0.0000,209,6,203,0
489,1668374150,azul,azul,reativa,vermelho,0,-3,11,90,120,0.7500,0.5000,167,8,159,0
490,1304348503,verde,verde,reativa,vermelho,0,-3,10,120,120,1.0000,0.0000,159,8,151,0
490,1304348503,verde,vermelho,reativa,vermelho,1,3,10,30,0,30.0000,0.0000,229,2,227,0
490,1304348503,verde,azul,reativa,vermelho,0,-3,10,90,120,0.7500,0.0000,57,6,51,0
491,133541920,vermelho,verde,reativa,verde,1,3,22,30,30,1.0000,0.0476,475,3,472,0
491,133541920,vermelho,vermelho,reativa,verde,0,-3,22,150,120,1.2500,0.0000,403,13,390,0
491,133541920,vermelho,azul,reativa,verde,0,-3,22,90,120,0.7500,0.0000,96,6,90,0
492,1603595673,azul,verde,reativa,vermelho,0,-3,31,90,120,0.7500,0.0000,57,6,51,0
492,1603595673,azul,vermelho,reativa,vermelho,1,3,31,30,0,30.0000,0.0333,697,2,695,0
492,1603595673,azul,azul,reativa,vermelho,0,-3,31,120,120,1.0000,0.0000,665,8,657,0
493,1118675268,verde,verde,reativa,azul,0,-3,16,120,120,1.0000,0.0000,301,8,293,0
493,1118675268,verde,vermelho,reativa,azul,0,-3,16,90,120,0.7500,0.0000,82,6,76,0
493,1118675268,verde,azul,reativa,azul,1,3,16,30,0,30.0000,0.1875,368,2,366,0
494,1097557813,vermelho,verde,reativa,vermelho,0,-3,17,90,120,0.7500,0.0000,132,7,125,0
494,1097557813,vermelho,vermelho,reativa,vermelho,1,3,17,30,0,30.0000,0.0000,388,2,386,0
494,1097557813,vermelho,azul,reativa,vermelho,0,-3,17,120,120,1.0000,0.0000,277,9,268,0
495,1791619833,azul,verde,reativa,vermelho,0,-3,42,120,120,1.0000,0.0000,827,8,819,0
495,1791619833,azul,vermelho,reativa,vermelho,1,3,42,30,0,30.0000,0.1220,904,2,902,0
495,1791619833,azul,azul,reativa,vermelho,0,-3,42,90,120,0.7500,0.0000,52,7,45,0
496,1967010406,verde,verde,reativa,vermelho,0,-3,19,150,120,1.2500,0.0000,344,11,333,0
496,1967010406,verde,vermelho,reativa,vermelho,1,3,19,30,30,1.0000,0.0526,452,2,450,0
496,1967010406,verde,azul,reativa,vermelho,0,-3,19,90,120,0.7500,0.0000,223,5,218,0
497,717339568,vermelho,verde,reativa,empate,0,-1,100,0,0,0.0000,0.0000,1990,50,1940,0
497,717339568,vermelho,vermelho,reativa,empate,0,-1,100,0,0,0.0000,0.0000,2315,0,2315,0
497,717339568,vermelho,azul,reativa,empate,0,-1,100,0,0,0.0000,0.0000,2014,50,1964,0
498,671962700,azul,verde,reativa,verde,1,3,27,30,30,1.0000,0.0769,636,3,633,0
498,671962700,azul,vermelho,reativa,verde,0,-3,27,80,100,0.8000,0.6250,107,9,98,0
498,671962700,azul,azul,reativa,verde,0,-3,27,130,110,1.1818,0.4231,515,14,501,0
499,718487412,verde,verde,reativa,vermelho,0,-3,8,90,120,0.7500,0.0000,103,6,97,0
499,718487412,verde,vermelho,reativa,vermelho,1,3,8,90,30,3.0000,0.0000,122,10,112,0
499,718487412,verde,azul,reativa,vermelho,0,-3,8,90,120,0.7500,0.0000,113,12,101,0
500,244965602,vermelho,verde,reativa,azul,0,-3,25,120,120,1.0000,0.0417,492,9,483,0
500,244965602,vermelho,vermelho,reativa,azul,0,-3,25,90,120,0.7500,0.0000,58,6,52,0
500,244965602,vermelho,azul,reativa,azul,1,3,25,30,0,30.0000,0.0800,517,4,513,0
501,689613760,azul,verde,reativa,azul,0,-3,37,150,120,1.2500,0.0278,764,10,754,0
501,689613760,azul,vermelho,reativa,azul,0,-3,37,90,120,0.7500,0.1875,314,6,308,0
501,689613760,azul,azul,reativa,azul,1,3,37,30,30,1.0000,0.0000,609,2,607,0
502,201796813,verde,verde,reativa,verde,1,3,12,30,30,1.0000,0.0833,259,2,257,0
502,201796813,verde,vermelho,reativa,verde,0,-3,12,150,120,1.2500,0.0909,163,11,152,0
502,201796813,verde,azul,reativa,verde,0,-3,12,90,120,0.7500,0.1250,134,6,128,0
503,2095621178,vermelho,verde,reativa,azul,0,-3,20,150,120,1.2500,0.0526,344,10,334,0
503,2095621178,vermelho,vermelho,reativa,azul,0,-3,20,90,120,0.7500,0.0000,185,6,179,0
503,2095621178,vermelho,azul,reativa,azul,1,3,20,30,30,1.0000,0.1500,444,2,442,0
504,512691303,azul,verde,reativa,empate,0,-1,100,120,90,1.3333,0.0101,1726,8,1718,0
504,512691303,azul,vermelho,reativa,empate,0,-1,100,0,0,0.0000,0.0000,1709,0,1709,0
504,512691303,azul,azul,reativa,empate,0,-1,100,90,120,0.7500,0.0000,108,7,101,0
505,520339085,verde,verde,reativa,verde,1,3,14,30,0,30.0000,0.1429,309,3,306,0
505,520339085,verde,vermelho,reativa,verde,0,-3,14,120,120,1.0000,0.0000,208,9,199,0
505,520339085,verde,azul,reativa,verde,0,-3,14,90,120,0.7500,0.0000,126,6,120,0
506,319236723,vermelho,verde,reativa,verde,1,3,23,30,0,30.0000,0.0455,517,5,512,0
506,319236723,vermelho,vermelho,reativa,verde,0,-3,23,120,120,1.0000,0.0455,432,11,421,0
506,319236723,vermelho,azul,reativa,verde,0,-3,23,90,120,0.7500,0.2222,160,6,154,0
507,1680688708,azul,verde,reativa,verde,1,3,26,60,30,2.0000,0.1600,538,4,534,0
507,1680688708,azul,vermelho,reativa,verde,0,-3,26,90,120,0.7500,0.0435,504,8,496,0
507,1680688708,azul,azul,reativa,verde,0,-3,26,120,120,1.0000,0.0800,511,10,501,0
508,887407502,verde,verde,reativa,azul,0,-3,15,90,120,0.7500,0.0000,58,6,52,0
508,887407502,verde,vermelho,reativa,azul,0,-3,15,150,120,1.2500,0.0000,262,10,252,0
508,887407502,verde,azul,reativa,azul,1,3,15,30,30,1.0000,0.0000,337,2,335,0
509,191222333,vermelho,verde,reativa,vermelho,0,-3,22,120,120,1.0000,0.1905,432,10,422,0
509,191222333,vermelho,vermelho,reativa,vermelho,1,3,22,30,0,30.0000,0.0000,520,3,517,0
509,191222333,vermelho,azul,reativa,vermelho,0,-3,22,90,120,0.7500,0.2857,101,8,93,0
510,608521437,azul,verde,reativa,empate,0,-1,100,0,0,0.0000,0.0101,2040,49,1991,0
510,608521437,azul,vermelho,reativa,empate,0,-1,100,0,0,0.0000,0.0101,2469,0,2469,0
510,608521437,azul,azul,reativa,empate,0,-1,100,0,0,0.0000,0.0000,2059,48,2011,0
511,656961761,verde,verde,reativa,vermelho,0,-3,22,90,120,0.7500,0.0667,300,7,293,0
511,656961761,verde,vermelho,reativa,vermelho,1,3,22,30,30,1.0000,0.0000,501,3,498,0
511,656961761,verde,azul,reativa,vermelho,0,-3,22,150,120,1.2500,0.0476,415,15,400,0
512,310149982,vermelho,verde,reativa,empate,0,-1,100,0,0,0.0000,0.0000,2010,48,1962,0
512,310149982,vermelho,vermelho,reativa,empate,0,-1,100,0,0,0.0000,0.0000,1999,46,1953,0
512,310149982,vermelho,azul,reativa,empate,0,-1,100,0,0,0.0000,0.0100,2400,0,2400,0
513,1141277885,azul,verde,reativa,verde,1,3,27,30,30,1.0000,0.0385,589,2,587,0
513,1141277885,azul,vermelho,reativa,verde,0,-3,27,90,120,0.7500,0.0000,373,6,367,0
513,1141277885,azul,azul,reativa,verde,0,-3,27,150,120,1.2500,0.0385,513,11,502,0
514,1226790344,verde,verde,reativa,vermelho,0,-3,15,120,120,1.0000,0.0000,276,9,267,0
514,1226790344,verde,vermelho,reativa,vermelho,1,3,15,30,0,30.0000,0.0000,339,2,337,0
514,1226790344,verde,azul,reativa,vermelho,0,-3,15,90,120,0.7500,0.0000,109,8,101,0
515,1535129199,vermelho,verde,reativa,azul,0,-3,23,90,120,0.7500,0.0000,198,6,192,0
515,1535129199,vermelho,vermelho,reativa,azul,0,-3,23,150,120,1.2500,0.0870,463,11,452,0
515,1535129199,vermelho,azul,reativa,azul,1,3,23,30,30,1.0000,0.0870,547,2,545,0
516,1150841547,azul,verde,reativa,verde,1,3,15,30,0,30.0000,0.0000,294,2,292,0
516,1150841547,azul,vermelho,reativa,verde,0,-3,15,120,120,1.0000,0.3846,235,9,226,0
516,1150841547,azul,azul,reativa,verde,0,-3,15,90,120,0.7500,0.3000,185,6,179,0
517,1165334641,verde,verde,reativa,azul,0,-3,14,90,120,0.7500,0.0000,164,7,157,0
517,1165334641,verde,vermelho,reativa,azul,0,-3,14,150,120,1.2500,0.0000,213,12,201,0
517,1165334641,verde,azul,reativa,azul,1,3,14,30,30,1.0000,0.0714,322,2,320,0
518,681806193,vermelho,verde,reativa,vermelho,0,-3,17,90,120,0.7500,0.2500,123,10,113,0
518,681806193,vermelho,vermelho,reativa,vermelho,1,3,17,30,30,1.0000,0.0000,377,6,371,0
518,681806193,vermelho,azul,reativa,vermelho,0,-3,17,150,120,1.2500,0.0625,280,12,268,0
519,1279852028,azul,verde,reativa,verde,1,3,11,30,0,30.0000,0.0000,222,2,220,0
519,1279852028,azul,vermelho,reativa,verde,0,-3,11,90,120,0.7500,0.0000,150,6,144,0
519,1279852028,azul,azul,reativa,verde,0,-3,11,120,120,1.0000,0.0000,162,9,153,0
520,927686692,verde,verde,reativa,verde,1,3,32,30,30,1.0000,0.1563,724,2,722,0
520,927686692,verde,vermelho,reativa,verde,0,-3,32,90,120,0.7500,0.0000,193,7,186,0
520,927686692,verde,azul,reativa,verde,0,-3,32,150,120,1.2500,0.0000,521,14,507,0
521,1035302288,vermelho,verde,reativa,vermelho,0,-3,25,150,120,1.2500,0.0000,493,13,480,0
521,1035302288,vermelho,vermelho,reativa,vermelho,1,3,25,30,30,1.0000,0.0800,595,4,591,0
521,1035302288,vermelho,azul,reativa,vermelho,0,-3,25,90,120,0.7500,0.0000,365,10,355,0
522,984794711,azul,verde,reativa,verde,1,3,36,30,0,30.0000,0.0286,743,3,740,0
522,984794711,azul,vermelho,reativa,verde,0,-3,36,90,120,0.7500,0.0000,165,7,158,0
522,984794711,azul,azul,reativa,verde,0,-3,36,120,120,1.0000,0.0286,666,9,657,0
523,327484689,verde,verde,reativa,vermelho,0,-3,8,90,120,0.7500,0.0000,58,6,52,0
523,327484689,verde,vermelho,reativa,vermelho,1,3,8,30,0,30.0000,0.0000,182,2,180,0
523,327484689,verde,azul,reativa,vermelho,0,-3,8,120,120,1.0000,0.0000,84,8,76,0
524,386297152,vermelho,verde,reativa,vermelho,0,-3,27,90,120,0.7500,0.0000,227,8,219,0
524,386297152,vermelho,vermelho,reativa,vermelho,1,3,27,30,30,1.0000,0.1111,633,2,631,0
524,386297152,vermelho,azul,reativa,vermelho,0,-3,27,150,120,1.2500,0.0000,458,10,448,0
525,349317291,azul,verde,reativa,vermelho,0,-3,23,90,120,0.7500,0.0000,51,6,45,0
525,349317291,azul,vermelho,reativa,vermelho,1,3,23,30,0,30.0000,0.0000,474,2,472,0
525,349317291,azul,azul,reativa,vermelho,0,-3,23,120,120,1.0000,0.0455,429,8,421,0
526,2000841264,verde,verde,reativa,vermelho,0,-3,47,90,120,0.7500,0.0000,121,6,115,0
526,2000841264,verde,vermelho,reativa,vermelho,1,3,47,30,30,1.0000,0.0426,1127,2,1125,0
526,2000841264,verde,azul,reativa,vermelho,0,-3,47,150,120,1.2500,0.0435,982,10,972,0
527,1679114366,vermelho,verde,reativa,verde,1,3,26,30,30,1.0000,0.1200,601,2,599,0
527,1679114366,vermelho,vermelho,reativa,verde,0,-3,26,90,120,0.7500,0.1176,359,6,353,0
527,1679114366,vermelho,azul,reativa,verde,0,-3,26,150,120,1.2500,0.2000,517,11,506,0
528,54272465,azul,verde,reativa,vermelho,0,-3,25,120,120,1.0000,0.0000,488,9,479,0
528,54272465,azul,vermelho,reativa,vermelho,1,3,25,30,0,30.0000,0.0833,541,2,539,0
528,54272465,azul,azul,reativa,vermelho,0,-3,25,90,120,0.7500,0.0000,83,8,75,0
529,2003592322,verde,verde,reativa,azul,0,-3,38,90,120,0.7500,0.0000,353,7,346,0
529,2003592322,verde,vermelho,reativa,azul,0,-3,38,120,120,1.0000,0.0000,841,9,832,0
529,2003592322,verde,azul,reativa,azul,1,3,38,30,0,30.0000,0.0263,511,2,509,0
530,1331448970,vermelho,verde,reativa,azul,0,-3,7,120,120,1.0000,0.0000,55,8,47,0
530,1331448970,vermelho,vermelho,reativa,azul,0,-3,7,90,120,0.7500,0.0000,83,7,76,0
530,1331448970,vermelho,azul,reativa,azul,1,3,7,30,0,30.0000,0.0000,151,4,147,0
531,482643454,azul,verde,reativa,azul,0,-3,18,90,120,0.7500,0.0000,82,6,76,0
531,482643454,azul,vermelho,reativa,azul,0,-3,18,150,120,1.2500,0.0588,309,11,298,0
531,482643454,azul,azul,reativa,azul,1,3,18,30,30,1.0000,0.0000,354,2,352,0
532,1779565378,verde,verde,reativa,azul,0,-3,33,90,120,0.7500,0.0000,290,6,284,0
532,1779565378,verde,vermelho,reativa,azul,0,-3,33,150,120,1.2500,0.0606,665,10,655,0
532,1779565378,verde,azul,reativa,azul,1,3,33,30,30,1.0000,0.0606,768,2,766,0
533,2054481438,vermelho,verde,reativa,verde,1,3,25,30,0,30.0000,0.0417,557,2,555,0
533,2054481438,vermelho,vermelho,reativa,verde,0,-3,25,120,120,1.0000,0.0000,484,10,474,0
533,2054481438,vermelho,azul,reativa,verde,0,-3,25,90,120,0.7500,0.0000,163,6,157,0
534,1078675238,azul,verde,reativa,azul,0,-3,20,150,120,1.2500,0.0000,335,11,324,0
534,1078675238,azul,vermelho,reativa,azul,0,-3,20,90,120,0.7500,0.0000,123,6,117,0
534,1078675238,azul,azul,reativa,azul,1,3,20,30,30,1.0000,0.0000,441,3,438,0
535,843908336,verde,verde,reativa,verde,1,3,20,30,30,1.0000,0.0000,465,2,463,0
535,843908336,verde,vermelho,reativa,verde,0,-3,20,90,120,0.7500,0.0000,184,6,178,0
535,843908336,verde,azul,reativa,verde,0,-3,20,150,120,1.2500,0.0000,365,11,354,0
536,681987113,vermelho,verde,reativa,azul,0,-3,18,90,120,0.7500,0.0000,143,6,137,0
536,681987113,vermelho,vermelho,reativa,azul,0,-3,18,150,120,1.2500,0.0000,305,13,292,0
536,681987113,vermelho,azul,reativa,azul,1,3,18,30,30,1.0000,0.1111,411,3,408,0
537,1423106760,azul,verde,reativa,vermelho,0,-3,16,120,120,1.0000,0.0667,276,11,265,0
537,1423106760,azul,vermelho,reativa,vermelho,1,3,16,30,0,30.0000,0.0000,306,5,301,0
537,1423106760,azul,azul,reativa,vermelho,0,-3,16,90,120,0.7500,0.0000,58,6,52,0
538,1079511724,verde,verde,reativa,azul,0,-3,41,150,120,1.2500,0.0732,910,11,899,0
538,1079511724,verde,vermelho,reativa,azul,0,-3,41,90,120,0.7500,0.0000,185,6,179,0
538,1079511724,verde,azul,reativa,azul,1,3,41,30,30,1.0000,0.0488,946,3,943,0
539,419734749,vermelho,verde,reativa,azul,0,-3,23,150,120,1.2500,0.0000,439,10,429,0
539,419734749,vermelho,vermelho,reativa,azul,0,-3,23,90,120,0.7500,0.0000,108,6,102,0
539,419734749,vermelho,azul,reativa,azul,1,3,23,30,30,1.0000,0.0000,481,2,479,0
540,1655343181,azul,verde,reativa,azul,0,-3,15,90,120,0.7500,0.0000,260,8,252,0
540,1655343181,azul,vermelho,reativa,azul,0,-3,15,90,120,0.7500,0.0000,287,7,280,0
540,1655343181,azul,azul,reativa,azul,1,3,15,60,0,60.0000,0.0667,314,6,308,0
541,1499152475,verde,verde,reativa,vermelho,0,-3,19,90,120,0.7500,0.0000,84,6,78,0
541,1499152475,verde,vermelho,reativa,vermelho,1,3,19,30,30,1.0000,0.1053,457,3,454,0
541,1499152475,verde,azul,reativa,vermelho,0,-3,19,150,120,1.2500,0.0000,328,10,318,0
542,1832667766,vermelho,verde,reativa,verde,1,3,27,30,30,1.0000,0.1538,614,2,612,0
542,1832667766,vermelho,vermelho,reativa,verde,0,-3,27,150,120,1.2500,0.1154,545,11,534,0
542,1832667766,vermelho,azul,reativa,verde,0,-3,27,90,120,0.7500,0.4545,208,6,202,0
543,1264378068,azul,verde,reativa,azul,0,-3,15,120,120,1.0000,0.0714,264,9,255,0
543,1264378068,azul,vermelho,reativa,azul,0,-3,15,90,120,0.7500,0.0000,134,6,128,0
543,1264378068,azul,azul,reativa,azul,1,3,15,30,0,30.0000,0.0000,332,2,330,0
544,1308472688,verde,verde,reativa,verde,1,3,20,30,30,1.0000,0.0500,482,2,480,0
544,1308472688,verde,vermelho,reativa,verde,0,-3,20,90,120,0.7500,0.0000,152,7,145,0
544,1308472688,verde,azul,reativa,verde,0,-3,20,150,120,1.2500,0.0000,337,12,325,0
545,1643580531,vermelho,verde,reativa,azul,0,-3,23,150,120,1.2500,0.0000,402,11,391,0
545,1643580531,vermelho,vermelho,reativa,azul,0,-3,23,90,120,0.7500,0.1111,150,6,144,0
545,1643580531,vermelho,azul,reativa,azul,1,3,23,30,30,1.0000,0.0435,514,2,512,0
546,639957133,azul,verde,reativa,vermelho,0,-3,16,90,120,0.7500,0.0769,259,7,252,0
546,639957133,azul,vermelho,reativa,vermelho,1,3,16,60,30,2.0000,0.0000,300,4,296,0
546,639957133,azul,azul,reativa,vermelho,0,-3,16,120,120,1.0000,0.0000,282,8,274,0
547,1965988595,verde,verde,reativa,azul,0,-3,22,120,120,1.0000,0.0000,406,8,398,0
547,1965988595,verde,vermelho,reativa,azul,0,-3,22,90,120,0.7500,0.0000,174,6,168,0
547,1965988595,verde,azul,reativa,azul,1,3,22,30,0,30.0000,0.0000,478,2,476,0
548,785624668,vermelho,verde,reativa,vermelho,0,-3,18,90,120,0.7500,0.0000,94,8,86,0
548,785624668,vermelho,vermelho,reativa,vermelho,1,3,18,30,0,30.0000,0.0000,424,2,422,0
548,785624668,vermelho,azul,reativa,vermelho,0,-3,18,120,120,1.0000,0.1176,328,9,319,0
549,474626655,azul,verde,reativa,azul,0,-3,24,90,120,0.7500,0.0000,238,7,231,0
549,474626655,azul,vermelho,reativa,azul,0,-3,24,150,120,1.2500,0.0435,424,11,413,0
549,474626655,azul,azul,reativa,azul,1,3,24,30,30,1.0000,0.2083,594,3,591,0
550,1347717309,verde,verde,reativa,vermelho,0,-3,19,90,120,0.7500,0.0000,258,7,251,0
550,1347717309,verde,vermelho,reativa,vermelho,1,3,19,30,0,30.0000,0.0000,424,2,422,0
550,1347717309,verde,azul,reativa,vermelho,0,-3,19,120,120,1.0000,0.0000,358,11,347,0
551,1940104168,vermelho,verde,reativa,vermelho,0,-3,35,90,120,0.7500,0.0000,160,6,154,0
551,1940104168,vermelho,vermelho,reativa,vermelho,1,3,35,30,0,30.0000,0.0000,746,2,744,0
551,1940104168,vermelho,azul,reativa,vermelho,0,-3,35,120,120,1.0000,0.0000,738,9,729,0
552,1153931505,azul,verde,reativa,azul,0,-3,15,90,120,0.7500,0.0000,104,6,98,0
552,1153931505,azul,vermelho,reativa,azul,0,-3,15,120,120,1.0000,0.1429,244,9,235,0
552,1153931505,azul,azul,reativa,azul,1,3,15,30,0,30.0000,0.0000,337,2,335,0
553,2144325616,verde,verde,reativa,verde,1,3,15,30,0,30.0000,0.0000,337,2,335,0
553,2144325616,verde,vermelho,reativa,verde,0,-3,15,90,120,0.7500,0.0000,175,6,169,0
553,2144325616,verde,azul,reativa,verde,0,-3,15,120,120,1.0000,0.0000,234,9,225,0
554,30024536,vermelho,verde,reativa,vermelho,0,-3,14,90,120,0.7500,0.0000,132,6,126,0
554,30024536,vermelho,vermelho,reativa,vermelho,1,3,14,30,30,1.0000,0.0000,305,3,302,0
554,30024536,vermelho,azul,reativa,vermelho,0,-3,14,150,120,1.2500,0.0769,179,10,169,0
555,1910399178,azul,verde,reativa,verde,1,3,13,30,30,1.0000,0.0000,273,2,271,0
555,1910399178,azul,vermelho,reativa,verde,0,-3,13,90,120,0.7500,0.1667,77,6,71,0
555,1910399178,azul,azul,reativa,verde,0,-3,13,150,120,1.2500,0.0000,185,11,174,0
556,1783435411,verde,verde,reativa,vermelho,0,-3,21,90,120,0.7500,0.0000,83,7,76,0
556,1783435411,verde,vermelho,reativa,vermelho,1,3,21,30,0,30.0000,0.0952,449,2,447,0
556,1783435411,verde,azul,reativa,vermelho,0,-3,21,120,120,1.0000,0.0000,400,10,390,0
557,2033767092,vermelho,verde,reativa,verde,1,3,16,30,30,1.0000,0.2000,356,3,353,0
557,2033767092,vermelho,vermelho,reativa,verde,0,-3,16,90,120,0.7500,0.0000,121,7,114,0
557,2033767092,vermelho,azul,reativa,verde,0,-3,16,150,120,1.2500,0.0000,241,11,230,0
558,1903858974,azul,verde,reativa,verde,1,3,24,30,30,1.0000,0.1304,529,3,526,0
558,1903858974,azul,vermelho,reativa,verde,0,-3,24,90,120,0.7500,0.0000,206,7,199,0
558,1903858974,azul,azul,reativa,verde,0,-3,24,150,120,1.2500,0.0870,452,14,438,0
559,1761344236,verde,verde,reativa,vermelho,0,-3,25,90,120,0.7500,0.0000,230,6,224,0
559,1761344236,verde,vermelho,reativa,vermelho,1,3,25,30,0,30.0000,0.1200,590,2,588,0
559,1761344236,verde,azul,reativa,vermelho,0,-3,25,120,120,1.0000,0.0417,488,9,479,0
560,822547579,vermelho,verde,reativa,vermelho,0,-3,27,90,120,0.7500,0.0000,160,6,154,0
560,822547579,vermelho,vermelho,reativa,vermelho,1,3,27,30,0,30.0000,0.0000,624,2,622,0
560,822547579,vermelho,azul,reativa,vermelho,0,-3,27,120,120,1.0000,0.1154,529,8,521,0
561,369036526,azul,verde,reativa,vermelho,0,-3,45,90,120,0.7500,0.0000,71,8,63,0
561,369036526,azul,vermelho,reativa,vermelho,1,3,45,30,0,30.0000,0.0000,691,4,687,0
561,369036526,azul,azul,reativa,vermelho,0,-3,45,120,120,1.0000,0.0455,963,10,953,0
562,385294681,verde,verde,reativa,vermelho,0,-3,21,120,120,1.0000,0.0476,405,9,396,0
562,385294681,verde,vermelho,reativa,vermelho,1,3,21,30,0,30.0000,0.1429,428,2,426,0
562,385294681,verde,azul,reativa,vermelho,0,-3,21,90,120,0.7500,0.0000,149,6,143,0
563,1351163531,vermelho,verde,reativa,azul,0,-3,46,120,120,1.0000,0.0222,933,9,924,0
563,1351163531,vermelho,vermelho,reativa,azul,0,-3,46,90,120,0.7500,0.0000,207,6,201,0
563,1351163531,vermelho,azul,reativa,azul,1,3,46,30,0,30.0000,0.0435,1019,2,1017,0
564,788961864,azul,verde,reativa,vermelho,0,-3,17,90,120,0.7500,0.0000,58,7,51,0
564,788961864,azul,vermelho,reativa,vermelho,1,3,17,30,0,30.0000,0.0000,372,2,370,0
564,788961864,azul,azul,reativa,vermelho,0,-3,17,120,120,1.0000,0.0000,299,9,290,0
565,503141246,verde,verde,reativa,azul,0,-3,47,90,120,0.7500,0.0909,198,6,192,0
565,503141246,verde,vermelho,reativa,azul,0,-3,47,120,120,1.0000,0.0213,1029,9,1020,0
565,503141246,verde,azul,reativa,azul,1,3,47,30,0,30.0000,0.0851,1076,2,1074,0
566,1238521743,vermelho,verde,reativa,verde,1,3,26,30,0,30.0000,0.1200,603,2,601,0
566,1238521743,vermelho,vermelho,reativa,verde,0,-3,26,90,120,0.7500,0.0000,212,7,205,0
566,1238521743,vermelho,azul,reativa,verde,0,-3,26,120,120,1.0000,0.0000,483,9,474,0
567,885807520,azul,verde,reativa,vermelho,0,-3,11,80,120,0.6667,0.0000,84,8,76,0
567,885807520,azul,vermelho,reativa,vermelho,1,3,11,30,30,1.0000,0.0000,226,4,222,0
567,885807520,azul,azul,reativa,vermelho,0,-3,11,150,110,1.3636,0.5000,123,10,113,0
568,267902503,verde,verde,reativa,verde,1,3,12,30,30,1.0000,0.0833,265,2,263,0
568,267902503,verde,vermelho,reativa,verde,0,-3,12,150,120,1.2500,0.0909,159,10,149,0
568,267902503,verde,azul,reativa,verde,0,-3,12,90,120,0.7500,0.0000,54,6,48,0
569,1922683726,vermelho,verde,reativa,vermelho,0,-3,29,120,120,1.0000,0.0000,558,8,550,0
569,1922683726,vermelho,vermelho,reativa,vermelho,1,3,29,30,0,30.0000,0.0345,690,2,688,0
569,1922683726,vermelho,azul,reativa,vermelho,0,-3,29,90,120,0.7500,0.0000,150,6,144,0
570,2065365347,azul,verde,reativa,azul,0,-3,8,120,120,1.0000,0.0000,72,8,64,0
570,2065365347,azul,vermelho,reativa,azul,0,-3,8,90,120,0.7500,0.0000,74,6,68,0
570,2065365347,azul,azul,reativa,azul,1,3,8,30,0,30.0000,0.1250,179,2,177,0
571,322353062,verde,verde,reativa,empate,0,-1,100,0,0,0.0000,0.0000,2554,0,2554,0
571,322353062,verde,vermelho,reativa,empate,0,-1,100,0,0,0.0000,0.0000,2085,48,2037,0
571,322353062,verde,azul,reativa,empate,0,-1,100,0,0,0.0000,0.0000,1958,48,1910,0
572,1785633287,vermelho,verde,reativa,vermelho,0,-3,23,90,120,0.7500,0.0000,58,7,51,0
572,1785633287,vermelho,vermelho,reativa,vermelho,1,3,23,30,30,1.0000,0.0870,542,2,540,0
572,1785633287,vermelho,azul,reativa,vermelho,0,-3,23,150,120,1.2500,0.0000,408,11,397,0
573,753257138,azul,verde,reativa,azul,0,-3,19,90,120,0.7500,0.0833,237,7,230,0
573,753257138,azul,vermelho,reativa,azul,0,-3,19,120,120,1.0000,0.0000,354,9,345,0
573,753257138,azul,azul,reativa,azul,1,3,19,30,0,30.0000,0.0000,401,2,399,0
574,1429681041,verde,verde,reativa,azul,0,-3,27,90,120,0.7500,0.0000,250,6,244,0
574,1429681041,verde,vermelho,reativa,azul,0,-3,27,150,120,1.2500,0.0741,475,12,463,0
574,1429681041,verde,azul,reativa,azul,1,3,27,30,30,1.0000,0.0000,513,1,512,0
575,599050119,vermelho,verde,reativa,empate,0,-1,100,0,0,0.0000,0.0000,1996,49,1947,0
575,599050119,vermelho,vermelho,reativa,empate,0,-1,100,0,0,0.0000,0.0000,2566,0,2566,0
575,599050119,vermelho,azul,reativa,empate,0,-1,100,0,0,0.0000,0.0000,2006,48,1958,0
576,880987394,azul,verde,reativa,azul,0,-3,13,120,120,1.0000,0.0000,211,9,202,0
576,880987394,azul,vermelho,reativa,azul,0,-3,13,90,120,0.7500,0.0000,144,7,137,0
576,880987394,azul,azul,reativa,azul,1,3,13,30,0,30.0000,0.1538,290,2,288,0
577,1671317880,verde,verde,reativa,verde,1,3,18,90,30,3.0000,0.0000,396,8,388,0
577,1671317880,verde,vermelho,reativa,verde,0,-3,18,60,120,0.5000,0.0000,326,5,321,0
577,1671317880,verde,azul,reativa,verde,0,-3,18,120,120,1.0000,0.0000,319,10,309,0
578,1667218631,vermelho,verde,reativa,verde,1,3,27,120,30,4.0000,0.1538,490,8,482,0
578,1667218631,vermelho,vermelho,reativa,verde,0,-3,27,90,120,0.7500,0.0385,573,7,566,0
578,1667218631,vermelho,azul,reativa,verde,0,-3,27,60,120,0.5000,0.0833,519,6,513,0
579,1360865676,azul,verde,reativa,vermelho,0,-3,17,60,120,0.5000,0.0000,285,4,281,0
579,1360865676,azul,vermelho,reativa,vermelho,1,3,17,90,30,3.0000,0.1875,333,8,325,0
579,1360865676,azul,azul,reativa,vermelho,0,-3,17,120,120,1.0000,0.1250,309,8,301,0
580,969768113,verde,verde,reativa,verde,1,3,15,30,0,30.0000,0.1333,326,2,324,0
580,969768113,verde,vermelho,reativa,verde,0,-3,15,120,120,1.0000,0.0000,252,9,243,0
580,969768113,verde,azul,reativa,verde,0,-3,15,90,120,0.7500,0.0000,135,6,129,0
581,828045317,vermelho,verde,reativa,azul,0,-3,19,90,120,0.7500,0.0000,77,7,70,0
581,828045317,vermelho,vermelho,reativa,azul,0,-3,19,150,120,1.2500,0.0000,355,10,345,0
581,828045317,vermelho,azul,reativa,azul,1,3,19,30,30,1.0000,0.0526,428,2,426,0
582,1609858943,azul,verde,reativa,vermelho,0,-3,24,90,120,0.7500,0.0000,224,6,218,0
582,1609858943,azul,vermelho,reativa,vermelho,1,3,24,30,0,30.0000,0.0435,552,2,550,0
582,1609858943,azul,azul,reativa,vermelho,0,-3,24,120,120,1.0000,0.0870,434,9,425,0
583,657787211,verde,verde,reativa,vermelho,0,-3,34,90,120,0.7500,0.0000,478,6,472,0
583,657787211,verde,vermelho,reativa,vermelho,1,3,34,30,0,30.0000,0.1176,669,3,666,0
583,657787211,verde,azul,reativa,vermelho,0,-3,34,120,120,1.0000,0.0909,689,9,680,0
584,1500741286,vermelho,verde,reativa,azul,0,-3,15,60,120,0.5000,0.0000,302,4,298,0
584,1500741286,vermelho,vermelho,reativa,azul,0,-3,15,90,120,0.7500,0.0000,216,6,210,0
584,1500741286,vermelho,azul,reativa,azul,1,3,15,90,0,90.0000,0.0667,285,6,279,0
585,1216752255,azul,verde,reativa,verde,1,3,14,30,0,30.0000,0.0769,282,2,280,0
585,1216752255,azul,vermelho,reativa,verde,0,-3,14,120,120,1.0000,0.0000,167,8,159,0
585,1216752255,azul,azul,reativa,verde,0,-3,14,90,120,0.7500,0.0000,144,6,138,0
586,170355655,verde,verde,reativa,azul,0,-3,16,90,100,0.9000,0.6250,189,20,169,0
586,170355655,verde,vermelho,reativa,azul,0,-3,16,100,120,0.8333,0.6875,172,21,151,0
586,170355655,verde,azul,reativa,azul,1,3,16,30,0,30.0000,0.0000,383,2,381,0
587,522938142,vermelho,verde,reativa,verde,1,3,24,30,30,1.0000,0.0000,412,1,411,0
587,522938142,vermelho,vermelho,reativa,verde,0,-3,24,150,120,1.2500,0.0435,451,12,439,0
587,522938142,vermelho,azul,reativa,verde,0,-3,24,90,120,0.7500,0.0000,83,6,77,0
588,1224265644,azul,verde,reativa,verde,1,3,26,30,0,30.0000,0.1200,557,2,555,0
588,1224265644,azul,vermelho,reativa,verde,0,-3,26,90,120,0.7500,0.1000,422,6,416,0
588,1224265644,azul,azul,reativa,verde,0,-3,26,120,120,1.0000,0.0000,452,9,443,0
589,2071903378,verde,verde,reativa,azul,0,-3,41,180,120,1.5000,0.1707,837,12,825,0
589,2071903378,verde,vermelho,reativa,azul,0,-3,41,60,120,0.5000,0.0000,57,7,50,0
589,2071903378,verde,azul,reativa,azul,1,3,41,60,60,1.0000,0.0488,957,4,953,0
590,239551354,vermelho,verde,reativa,verde,1,3,14,30,0,30.0000,0.0000,299,3,296,0
590,239551354,vermelho,vermelho,reativa,verde,0,-3,14,120,120,1.0000,0.0000,227,8,219,0
590,239551354,vermelho,azul,reativa,verde,0,-3,14,90,120,0.7500,0.0000,58,6,52,0
591,1331453486,azul,verde,reativa,azul,0,-3,12,90,120,0.7500,0.3333,77,7,70,0
591,1331453486,azul,vermelho,reativa,azul,0,-3,12,120,120,1.0000,0.0000,181,8,173,0
591,1331453486,azul,azul,reativa,azul,1,3,12,30,0,30.0000,0.0833,259,4,255,0
592,700635290,verde,verde,reativa,azul,0,-3,13,150,120,1.2500,0.0000,212,11,201,0
592,700635290,verde,vermelho,reativa,azul,0,-3,13,60,120,0.5000,0.0000,205,4,201,0
592,700635290,verde,azul,reativa,azul,1,3,13,90,60,1.5000,0.0000,258,6,252,0
593,1793610634,vermelho,verde,reativa,verde,1,3,11,30,30,1.0000,0.0000,229,2,227,0
593,1793610634,vermelho,vermelho,reativa,verde,0,-3,11,150,120,1.2500,0.2000,123,14,109,0
593,1793610634,vermelho,azul,reativa,verde,0,-3,11,90,120,0.7500,0.0000,118,7,111,0
594,1428201362,azul,verde,reativa,vermelho,0,-3,24,90,120,0.7500,0.0000,118,6,112,0
594,1428201362,azul,vermelho,reativa,vermelho,1,3,24,30,0,30.0000,0.0870,517,2,515,0
594,1428201362,azul,azul,reativa,vermelho,0,-3,24,120,120,1.0000,0.0000,458,9,449,0
595,40425461,verde,verde,reativa,verde,1,3,49,30,30,1.0000,0.0408,1044,2,1042,0
595,40425461,verde,vermelho,reativa,verde,0,-3,49,150,120,1.2500,0.1042,985,10,975,0
595,40425461,verde,azul,reativa,verde,0,-3,49,90,120,0.7500,0.0000,97,7,90,0
596,1462276455,vermelho,verde,reativa,azul,0,-3,14,60,120,0.5000,0.0000,260,8,252,0
596,1462276455,vermelho,vermelho,reativa,azul,0,-3,14,90,120,0.7500,0.0000,209,9,200,0
596,1462276455,vermelho,azul,reativa,azul,1,3,14,180,90,2.0000,0.0000,213,17,196,0
597,2054249709,azul,verde,reativa,vermelho,0,-3,18,90,120,0.7500,0.5714,98,7,91,0
597,2054249709,azul,vermelho,reativa,vermelho,1,3,18,30,0,30.0000,0.0000,387,2,385,0
597,2054249709,azul,azul,reativa,vermelho,0,-3,18,120,120,1.0000,0.2941,309,9,300,0
598,630302914,verde,verde,reativa,vermelho,0,-3,13,90,120,0.7500,0.0000,189,7,182,0
598,630302914,verde,vermelho,reativa,vermelho,1,3,13,60,0,60.0000,0.0769,286,4,282,0
598,630302914,verde,azul,reativa,vermelho,0,-3,13,90,120,0.7500,0.0000,223,6,217,0
599,1951134645,vermelho,verde,reativa,azul,0,-3,24,120,120,1.0000,0.0435,493,9,484,0
599,1951134645,vermelho,vermelho,reativa,azul,0,-3,24,90,120,0.7500,0.0000,209,6,203,0
599,1951134645,vermelho,azul,reativa,azul,1,3,24,30,0,30.0000,0.0000,465,3,462,0
600,1030142316,azul,verde,reativa,verde,1,3,21,150,60,2.5000,0.0000,392,14,378,0
600,1030142316,azul,vermelho,reativa,verde,0,-3,21,30,120,0.2500,0.0625,379,5,374,0
600,1030142316,azul,azul,reativa,verde,0,-3,21,120,120,1.0000,0.0500,404,9,395,0
601,1015889351,verde,verde,reativa,azul,0,-3,9,90,120,0.7500,0.0000,58,7,51,0
601,1015889351,verde,vermelho,reativa,azul,0,-3,9,120,120,1.0000,0.0000,135,8,127,0
601,1015889351,verde,azul,reativa,azul,1,3,9,30,0,30.0000,0.0000,203,2,201,0
602,205782876,vermelho,verde,reativa,azul,0,-3,13,90,120,0.7500,0.0000,158,6,152,0
602,205782876,vermelho,vermelho,reativa,azul,0,-3,13,120,120,1.0000,0.0000,236,9,227,0
602,205782876,vermelho,azul,reativa,azul,1,3,13,30,0,30.0000,0.0000,313,2,311,0
603,1233340021,azul,verde,reativa,vermelho,0,-3,20,90,120,0.7500,0.0000,51,6,45,0
603,1233340021,azul,vermelho,reativa,vermelho,1,3,20,30,30,1.0000,0.0000,440,3,437,0
603,1233340021,azul,azul,reativa,vermelho,0,-3,20,150,120,1.2500,0.0000,351,11,340,0
604,2014491557,verde,verde,reativa,azul,0,-3,24,90,120,0.7500,0.0000,302,9,293,0
604,2014491557,verde,vermelho,reativa,azul,0,-3,24,150,120,1.2500,0.2083,461,15,446,0
604,2014491557,verde,azul,reativa,azul,1,3,24,30,30,1.0000,0.1667,541,5,536,0
605,1314928140,vermelho,verde,reativa,azul,0,-3,20,90,120,0.7500,0.0909,206,6,200,0
605,1314928140,vermelho,vermelho,reativa,azul,0,-3,20,120,120,1.0000,0.1000,400,9,391,0
605,1314928140,vermelho,azul,reativa,azul,1,3,20,30,0,30.0000,0.1000,444,2,442,0
606,1869575208,azul,verde,reativa,vermelho,0,-3,19,120,120,1.0000,0.0556,348,9,339,0
606,1869575208,azul,vermelho,reativa,vermelho,1,3,19,30,0,30.0000,0.1111,422,2,420,0
606,1869575208,azul,azul,reativa,vermelho,0,-3,19,90,120,0.7500,0.0000,212,6,206,0
607,412083840,verde,verde,reativa,verde,1,3,12,30,0,30.0000,0.0000,280,2,278,0
607,412083840,verde,vermelho,reativa,verde,0,-3,12,90,120,0.7500,0.0000,184,7,177,0
607,412083840,verde,azul,reativa,verde,0,-3,12,120,120,1.0000,0.2727,174,9,165,0
608,1705502126,vermelho,verde,reativa,verde,1,3,27,30,0,30.0000,0.0769,492,4,488,0
608,1705502126,vermelho,vermelho,reativa,verde,0,-3,27,90,120,0.7500,0.0000,85,7,78,0
608,1705502126,vermelho,azul,reativa,verde,0,-3,27,120,120,1.0000,0.0000,525,12,513,0
609,360032754,azul,verde,reativa,vermelho,0,-3,29,120,120,1.0000,0.0000,532,10,522,0
609,360032754,azul,vermelho,reativa,vermelho,1,3,29,30,0,30.0000,0.0000,654,3,651,0
609,360032754,azul,azul,reativa,vermelho,0,-3,29,90,120,0.7500,0.0000,133,7,126,0
610,1703396810,verde,verde,reativa,verde,1,3,24,30,0,30.0000,0.0417,464,3,461,0
610,1703396810,verde,vermelho,reativa,verde,0,-3,24,120,120,1.0000,0.1304,453,13,440,0
610,1703396810,verde,azul,reativa,verde,0,-3,24,90,120,0.7500,0.1000,180,8,172,0
611,1813539174,vermelho,verde,reativa,verde,1,3,17,30,0,30.0000,0.0625,362,2,360,0
611,1813539174,vermelho,vermelho,reativa,verde,0,-3,17,90,120,0.7500,0.0000,104,6,98,0
611,1813539174,vermelho,azul,reativa,verde,0,-3,17,120,120,1.0000,0.1250,269,9,260,0
612,1326081846,azul,verde,reativa,verde,1,3,24,30,30,1.0000,0.0000,319,2,317,0
612,1326081846,azul,vermelho,reativa,verde,0,-3,24,90,120,0.7500,0.0000,57,6,51,0
612,1326081846,azul,azul,reativa,verde,0,-3,24,150,120,1.2500,0.0000,447,10,437,0
613,1251722137,verde,verde,reativa,empate,0,-1,100,0,0,0.0000,0.0100,1773,0,1773,0
613,1251722137,verde,vermelho,reativa,empate,0,-1,100,0,0,0.0000,0.0000,2051,49,2002,0
613,1251722137,verde,azul,reativa,empate,0,-1,100,0,0,0.0000,0.0000,1679,50,1629,0
614,279383135,vermelho,verde,reativa,empate,0,-1,100,90,120,0.7500,0.0000,140,7,133,0
614,279383135,vermelho,vermelho,reativa,empate,0,-1,100,0,0,0.0000,0.0000,1246,0,1246,0
614,279383135,vermelho,azul,reativa,empate,0,-1,100,120,90,1.3333,0.0300,1948,9,1939,0
615,2053490072,azul,verde,reativa,verde,1,3,15,30,0,30.0000,0.2143,333,2,331,0
615,2053490072,azul,vermelho,reativa,verde,0,-3,15,120,120,1.0000,0.0000,234,8,226,0
615,2053490072,azul,azul,reativa,verde,0,-3,15,90,120,0.7500,0.0000,58,6,52,0
616,469087286,verde,verde,reativa,verde,1,3,17,30,0,30.0000,0.0588,373,2,371,0
616,469087286,verde,vermelho,reativa,verde,0,-3,17,120,120,1.0000,0.0625,308,10,298,0
616,469087286,verde,azul,reativa,verde,0,-3,17,90,120,0.7500,0.0000,169,6,163,0
617,244808538,vermelho,verde,reativa,verde,1,3,31,30,30,1.0000,0.0333,700,2,698,0
617,244808538,vermelho,vermelho,reativa,verde,0,-3,31,90,120,0.7500,0.0667,299,6,293,0
617,244808538,vermelho,azul,reativa,verde,0,-3,31,150,120,1.2500,0.0667,578,12,566,0
618,1697912004,azul,verde,reativa,verde,1,3,24,30,30,1.0000,0.0000,548,2,546,0
618,1697912004,azul,vermelho,reativa,verde,0,-3,24,90,120,0.7500,0.0667,301,7,294,0
618,1697912004,azul,azul,reativa,verde,0,-3,24,150,120,1.2500,0.0870,450,11,439,0
619,1196957329,verde,verde,reativa,vermelho,0,-3,8,90,120,0.7500,0.0000,75,8,67,0
619,1196957329,verde,vermelho,reativa,vermelho,1,3,8,30,0,30.0000,0.0000,178,2,176,0
619,1196957329,verde,azul,reativa,vermelho,0,-3,8,120,120,1.0000,0.0000,84,9,75,0
620,279705624,vermelho,verde,reativa,vermelho,0,-3,15,150,120,1.2500,0.0000,215,14,201,0
620,279705624,vermelho,vermelho,reativa,vermelho,1,3,15,30,30,1.0000,0.0000,345,4,341,0
620,279705624,vermelho,azul,reativa,vermelho,0,-3,15,90,120,0.7500,0.0000,133,7,126,0
621,440487415,azul,verde,reativa,verde,1,3,16,30,30,1.0000,0.0667,356,2,354,0
621,440487415,azul,vermelho,reativa,verde,0,-3,16,150,120,1.2500,0.0000,239,11,228,0
621,440487415,azul,azul,reativa,verde,0,-3,16,90,120,0.7500,0.0833,234,6,228,0
622,532420518,verde,verde,reativa,azul,0,-3,13,90,120,0.7500,0.0000,152,6,146,0
622,532420518,verde,vermelho,reativa,azul,0,-3,13,120,120,1.0000,0.0000,191,8,183,0
622,532420518,verde,azul,reativa,azul,1,3,13,30,0,30.0000,0.0000,290,3,287,0
623,1534020729,vermelho,verde,reativa,vermelho,0,-3,12,120,120,1.0000,0.0000,188,12,176,0
623,1534020729,vermelho,vermelho,reativa,vermelho,1,3,12,30,0,30.0000,0.0833,279,6,273,0
623,1534020729,vermelho,azul,reativa,vermelho,0,-3,12,90,120,0.7500,0.0000,183,7,176,0
624,1330977352,azul,verde,reativa,verde,1,3,17,30,30,1.0000,0.2500,359,2,357,0
624,1330977352,azul,vermelho,reativa,verde,0,-3,17,90,120,0.7500,0.0000,152,8,144,0
624,1330977352,azul,azul,reativa,verde,0,-3,17,150,120,1.2500,0.0000,286,11,275,0
625,1339491093,verde,verde,reativa,azul,0,-3,15,120,120,1.0000,0.0667,271,9,262,0
625,1339491093,verde,vermelho,reativa,azul,0,-3,15,90,120,0.7500,0.0000,210,6,204,0
625,1339491093,verde,azul,reativa,azul,1,3,15,30,0,30.0000,0.0000,331,2,329,0
626,2136906327,vermelho,verde,reativa,vermelho,0,-3,20,90,120,0.7500,0.0000,172,6,166,0
626,2136906327,vermelho,vermelho,reativa,vermelho,1,3,20,30,0,30.0000,0.0000,482,2,480,0
626,2136906327,vermelho,azul,reativa,vermelho,0,-3,20,120,120,1.0000,0.0526,367,9,358,0
627,523294266,azul,verde,reativa,verde,1,3,24,30,30,1.0000,0.1304,522,2,520,0
627,523294266,azul,vermelho,reativa,verde,0,-3,24,90,120,0.7500,0.0000,233,7,226,0
627,523294266,azul,azul,reativa,verde,0,-3,24,150,120,1.2500,0.0000,469,13,456,0
628,1234858072,verde,verde,reativa,vermelho,0,-3,21,90,120,0.7500,0.0000,128,7,121,0
628,1234858072,verde,vermelho,reativa,vermelho,1,3,21,30,30,1.0000,0.0476,483,2,481,0
628,1234858072,verde,azul,reativa,vermelho,0,-3,21,150,120,1.2500,0.0000,356,11,345,0
629,130403733,vermelho,verde,reativa,verde,1,3,26,30,0,30.0000,0.0800,604,2,602,0
629,130403733,vermelho,vermelho,reativa,verde,0,-3,26,120,120,1.0000,0.0000,522,9,513,0
629,130403733,vermelho,azul,reativa,verde,0,-3,26,90,120,0.7500,0.0000,153,7,146,0
630,444026286,azul,verde,reativa,azul,0,-3,9,120,120,1.0000,0.1250,93,8,85,0
630,444026286,azul,vermelho,reativa,azul,0,-3,9,90,120,0.7500,0.0000,73,6,67,0
630,444026286,azul,azul,reativa,azul,1,3,9,30,0,30.0000,0.0000,191,2,189,0
631,1706054446,verde,verde,reativa,verde,1,3,23,30,0,30.0000,0.0000,470,4,466,0
631,1706054446,verde,vermelho,reativa,verde,0,-3,23,120,120,1.0000,0.2273,467,8,459,0
631,1706054446,verde,azul,reativa,verde,0,-3,23,90,120,0.7500,0.0000,154,6,148,0
632,1251267710,vermelho,verde,reativa,azul,0,-3,18,90,120,0.7500,0.0000,119,7,112,0
632,1251267710,vermelho,vermelho,reativa,azul,0,-3,18,150,120,1.2500,0.0000,327,11,316,0
632,1251267710,vermelho,azul,reativa,azul,1,3,18,30,30,1.0000,0.1111,425,2,423,0
633,1966057535,azul,verde,reativa,azul,0,-3,20,120,110,1.0909,0.3684,382,9,373,0
633,1966057535,azul,vermelho,reativa,azul,0,-3,20,90,120,0.7500,0.1111,151,6,145,0
633,1966057535,azul,azul,reativa,azul,1,3,20,20,0,20.0000,0.0000,448,2,446,0
634,1965943761,verde,verde,reativa,azul,0,-3,19,90,120,0.7500,0.0000,224,6,218,0
634,1965943761,verde,vermelho,reativa,azul,0,-3,19,150,120,1.2500,0.0526,318,12,306,0
634,1965943761,verde,azul,reativa,azul,1,3,19,30,30,1.0000,0.1053,427,2,425,0
635,768926301,vermelho,verde,reativa,empate,0,-1,100,0,0,0.0000,0.4747,2066,48,2018,0
635,768926301,vermelho,vermelho,reativa,empate,0,-1,100,0,0,0.0000,0.0500,2491,0,2491,0
635,768926301,vermelho,azul,reativa,empate,0,-1,100,0,0,0.0000,0.0100,2066,47,2019,0
636,1881604470,azul,verde,reativa,vermelho,0,-3,21,120,120,1.0000,0.0500,400,9,391,0
636,1881604470,azul,vermelho,reativa,vermelho,1,3,21,30,0,30.0000,0.1000,446,2,444,0
636,1881604470,azul,azul,reativa,vermelho,0,-3,21,90,120,0.7500,0.0000,249,6,243,0
637,1256005152,verde,verde,reativa,vermelho,0,-3,21,120,120,1.0000,0.0000,424,9,415,0
637,1256005152,verde,vermelho,reativa,vermelho,1,3,21,30,0,30.0000,0.0476,502,2,500,0
637,1256005152,verde,azul,reativa,vermelho,0,-3,21,90,120,0.7500,0.0000,303,6,297,0
638,866370088,vermelho,verde,reativa,verde,1,3,20,120,90,1.3333,0.1053,375,10,365,0
638,866370088,vermelho,vermelho,reativa,verde,0,-3,20,60,120,0.5000,0.0667,326,8,318,0
638,866370088,vermelho,azul,reativa,verde,0,-3,20,150,120,1.2500,0.0000,351,17,334,0
639,453976170,azul,verde,reativa,azul,0,-3,34,90,120,0.7500,0.0000,79,7,72,0
639,453976170,azul,vermelho,reativa,azul,0,-3,34,120,120,1.0000,0.0909,665,9,656,0
639,453976170,azul,azul,reativa,azul,1,3,34,30,0,30.0000,0.0000,655,2,653,0
640,960568082,verde,verde,reativa,azul,0,-3,18,150,120,1.2500,0.1667,334,12,322,0
640,960568082,verde,vermelho,reativa,azul,0,-3,18,90,120,0.7500,0.2857,288,7,281,0
640,960568082,verde,azul,reativa,azul,1,3,18,30,30,1.0000,0.1111,432,4,428,0
641,1262463845,vermelho,verde,reativa,verde,1,3,23,30,0,30.0000,0.1364,524,2,522,0
641,1262463845,vermelho,vermelho,reativa,verde,0,-3,23,120,120,1.0000,0.0000,447,9,438,0
641,1262463845,vermelho,azul,reativa,verde,0,-3,23,90,120,0.7500,0.1000,175,8,167,0
642,1248811076,azul,verde,reativa,verde,1,3,15,30,0,30.0000,0.0000,312,4,308,0
642,1248811076,azul,vermelho,reativa,verde,0,-3,15,80,120,0.6667,0.0000,84,8,76,0
642,1248811076,azul,azul,reativa,verde,0,-3,15,120,110,1.0909,0.3571,260,8,252,0
643,1493478306,verde,verde,reativa,azul,0,-3,21,90,120,0.7500,0.0000,262,7,255,0
643,1493478306,verde,vermelho,reativa,azul,0,-3,21,120,120,1.0000,0.0000,422,9,413,0
643,1493478306,verde,azul,reativa,azul,1,3,21,30,0,30.0000,0.0476,498,2,496,0
644,665279136,vermelho,verde,reativa,azul,0,-3,23,120,120,1.0000,0.0909,466,11,455,0
644,665279136,vermelho,vermelho,reativa,azul,0,-3,23,90,120,0.7500,0.0667,308,6,302,0
644,665279136,vermelho,azul,reativa,azul,1,3,23,30,0,30.0000,0.0000,486,4,482,0
645,218716618,azul,verde,reativa,verde,1,3,55,30,30,1.0000,0.0370,1110,2,1108,0
645,218716618,azul,vermelho,reativa,verde,0,-3,55,150,120,1.2500,0.0189,1166,13,1153,0
645,218716618,azul,azul,reativa,verde,0,-3,55,90,120,0.7500,0.0000,123,6,117,0
646,640258826,verde,verde,reativa,azul,0,-3,12,90,120,0.7500,0.0833,238,9,229,0
646,640258826,verde,vermelho,reativa,azul,0,-3,12,90,120,0.7500,0.0000,208,6,202,0
646,640258826,verde,azul,reativa,azul,1,3,12,60,0,60.0000,0.0000,241,5,236,0
647,1496625869,vermelho,verde,reativa,azul,0,-3,13,90,120,0.7500,0.1667,73,6,67,0
647,1496625869,vermelho,vermelho,reativa,azul,0,-3,13,150,120,1.2500,0.0769,185,10,175,0
647,1496625869,vermelho,azul,reativa,azul,1,3,13,30,30,1.0000,0.0000,282,2,280,0
648,129953772,azul,verde,reativa,azul,0,-3,16,90,120,0.7500,0.1250,127,7,120,0
648,129953772,azul,vermelho,reativa,azul,0,-3,16,120,120,1.0000,0.0000,277,9,268,0
648,129953772,azul,azul,reativa,azul,1,3,16,30,0,30.0000,0.0625,359,2,357,0
649,198795325,verde,verde,reativa,azul,0,-3,31,150,120,1.2500,0.0000,606,11,595,0
649,198795325,verde,vermelho,reativa,azul,0,-3,31,90,120,0.7500,0.0000,167,6,161,0
649,198795325,verde,azul,reativa,azul,1,3,31,30,30,1.0000,0.0323,662,2,660,0
650,1092198279,vermelho,verde,reativa,verde,1,3,20,30,0,30.0000,0.0000,406,3,403,0
650,1092198279,vermelho,vermelho,reativa,verde,0,-3,20,120,120,1.0000,0.0526,345,10,335,0
650,1092198279,vermelho,azul,reativa,verde,0,-3,20,90,120,0.7500,0.1429,101,7,94,0
651,779591759,azul,verde,reativa,verde,1,3,19,30,30,1.0000,0.1667,370,2,368,0
651,779591759,azul,vermelho,reativa,verde,0,-3,19,150,120,1.2500,0.1176,308,11,297,0
651,779591759,azul,azul,reativa,verde,0,-3,19,90,120,0.7500,0.0000,128,7,121,0
652,1317852308,verde,verde,reativa,empate,0,-1,100,0,0,0.0000,0.0000,2531,0,2531,0
652,1317852308,verde,vermelho,reativa,empate,0,-1,100,0,0,0.0000,0.4900,2013,49,1964,0
652,1317852308,verde,azul,reativa,empate,0,-1,100,0,0,0.0000,0.0000,2023,49,1974,0
653,1288168034,vermelho,verde,reativa,vermelho,0,-3,14,90,120,0.7500,0.0000,200,8,192,0
653,1288168034,vermelho,vermelho,reativa,vermelho,1,3,14,90,0,90.0000,0.0714,270,11,259,0
653,1288168034,vermelho,azul,reativa,vermelho,0,-3,14,60,120,0.5000,0.1538,265,6,259,0
654,770170329,azul,verde,reativa,azul,0,-3,14,130,120,1.0833,0.0000,199,10,189,0
654,770170329,azul,vermelho,reativa,azul,0,-3,14,90,120,0.7500,0.0000,32,6,26,0
654,770170329,azul,azul,reativa,azul,1,3,14,30,10,3.0000,0.1429,318,2,316,0
655,1802537942,verde,verde,reativa,azul,0,-3,20,120,120,1.0000,0.0000,381,9,372,0
655,1802537942,verde,vermelho,reativa,azul,0,-3,20,90,120,0.7500,0.0000,157,7,150,0
655,1802537942,verde,azul,reativa,azul,1,3,20,30,0,30.0000,0.0500,464,2,462,0
656,714072783,vermelho,verde,reativa,verde,1,3,11,30,30,1.0000,0.2000,222,2,220,0
656,714072783,vermelho,vermelho,reativa,verde,0,-3,11,150,120,1.2500,0.0000,133,11,122,0
656,714072783,vermelho,azul,reativa,verde,0,-3,11,90,120,0.7500,0.0000,128,6,122,0
657,1894773843,azul,verde,reativa,vermelho,0,-3,22,150,120,1.2500,0.0000,370,11,359,0
657,1894773843,azul,vermelho,reativa,vermelho,1,3,22,30,30,1.0000,0.0476,450,3,447,0
657,1894773843,azul,azul,reativa,vermelho,0,-3,22,90,120,0.7500,0.0000,96,6,90,0
658,1299649723,verde,verde,reativa,verde,1,3,21,30,0,30.0000,0.0476,465,2,463,0
658,1299649723,verde,vermelho,reativa,verde,0,-3,21,120,120,1.0000,0.0000,390,9,381,0
658,1299649723,verde,azul,reativa,verde,0,-3,21,90,120,0.7500,0.0000,151,8,143,0
659,951999122,vermelho,verde,reativa,azul,0,-3,15,90,120,0.7500,0.0000,172,8,164,0
659,951999122,vermelho,vermelho,reativa,azul,0,-3,15,120,120,1.0000,0.0000,272,9,263,0
659,951999122,vermelho,azul,reativa,azul,1,3,15,30,0,30.0000,0.2667,344,2,342,0
660,2094539556,azul,verde,reativa,vermelho,0,-3,14,150,120,1.2500,0.0000,196,11,185,0
660,2094539556,azul,vermelho,reativa,vermelho,1,3,14,30,30,1.0000,0.3077,300,2,298,0
660,2094539556,azul,azul,reativa,vermelho,0,-3,14,90,120,0.7500,0.0000,104,8,96,0
661,1988806916,verde,verde,reativa,verde,1,3,33,30,30,1.0000,0.0909,791,3,788,0
661,1988806916,verde,vermelho,reativa,verde,0,-3,33,90,120,0.7500,0.0000,167,7,160,0
661,1988806916,verde,azul,reativa,verde,0,-3,33,150,120,1.2500,0.0625,657,11,646,0
662,589686748,vermelho,verde,reativa,vermelho,0,-3,28,150,120,1.2500,0.1481,527,11,516,0
662,589686748,vermelho,vermelho,reativa,vermelho,1,3,28,30,30,1.0000,0.0000,636,3,633,0
662,589686748,vermelho,azul,reativa,vermelho,0,-3,28,90,120,0.7500,0.1111,158,6,152,0
663,2020755370,azul,verde,reativa,vermelho,0,-3,32,150,120,1.2500,0.1290,617,14,603,0
663,2020755370,azul,vermelho,reativa,vermelho,1,3,32,30,30,1.0000,0.0645,741,3,738,0
663,2020755370,azul,azul,reativa,vermelho,0,-3,32,90,120,0.7500,0.1429,105,7,98,0
664,880251236,verde,verde,reativa,verde,1,3,13,30,0,30.0000,0.0000,279,2,277,0
664,880251236,verde,vermelho,reativa,verde,0,-3,13,90,120,0.7500,0.0000,96,6,90,0
664,880251236,verde,azul,reativa,verde,0,-3,13,120,120,1.0000,0.0000,163,8,155,0
665,495973414,vermelho,verde,reativa,azul,0,-3,21,90,120,0.7500,0.0000,151,6,145,0
665,495973414,vermelho,vermelho,reativa,azul,0,-3,21,150,120,1.2500,0.0000,409,11,398,0
665,495973414,vermelho,azul,reativa,azul,1,3,21,30,30,1.0000,0.0000,489,2,487,0
666,984970438,azul,verde,reativa,verde,1,3,16,60,0,60.0000,0.0000,310,4,306,0
666,984970438,azul,vermelho,reativa,verde,0,-3,16,90,120,0.7500,0.2857,267,6,261,0
666,984970438,azul,azul,reativa,verde,0,-3,16,90,120,0.7500,0.0000,269,6,263,0
667,220068118,verde,verde,reativa,vermelho,0,-3,23,90,120,0.7500,0.0000,100,7,93,0
667,220068118,verde,vermelho,reativa,vermelho,1,3,23,30,30,1.0000,0.0000,508,3,505,0
667,220068118,verde,azul,reativa,vermelho,0,-3,23,150,120,1.2500,0.0909,427,13,414,0
668,1454005916,vermelho,verde,reativa,verde,1,3,20,30,0,30.0000,0.0000,459,2,457,0
668,1454005916,vermelho,vermelho,reativa,verde,0,-3,20,90,120,0.7500,0.1111,155,6,149,0
668,1454005916,vermelho,azul,reativa,verde,0,-3,20,120,120,1.0000,0.1053,362,8,354,0
669,111536335,azul,verde,reativa,verde,1,3,33,30,0,30.0000,0.0000,711,2,709,0
669,111536335,azul,vermelho,reativa,verde,0,-3,33,120,120,1.0000,0.0645,610,9,601,0
669,111536335,azul,azul,reativa,verde,0,-3,33,90,120,0.7500,0.0000,244,6,238,0
670,228923756,verde,verde,reativa,azul,0,-3,21,120,120,1.0000,0.0000,425,8,417,0
670,228923756,verde,vermelho,reativa,azul,0,-3,21,90,120,0.7500,0.0000,82,6,76,0
670,228923756,verde,azul,reativa,azul,1,3,21,30,0,30.0000,0.0000,462,2,460,0
671,1575262061,vermelho,verde,reativa,vermelho,0,-3,21,90,120,0.7500,0.0000,233,5,228,0
671,1575262061,vermelho,vermelho,reativa,vermelho,1,3,21,30,0,30.0000,0.0952,494,2,492,0
671,1575262061,vermelho,azul,reativa,vermelho,0,-3,21,120,120,1.0000,0.0500,375,10,365,0
672,1373973555,azul,verde,reativa,verde,1,3,26,30,0,30.0000,0.0400,574,2,572,0
672,1373973555,azul,vermelho,reativa,verde,0,-3,26,90,120,0.7500,0.1111,146,7,139,0
672,1373973555,azul,azul,reativa,verde,0,-3,26,120,120,1.0000,0.0800,515,9,506,0
673,192519457,verde,verde,reativa,azul,0,-3,17,120,120,1.0000,0.0000,334,8,326,0
673,192519457,verde,vermelho,reativa,azul,0,-3,17,90,120,0.7500,0.0000,148,7,141,0
673,192519457,verde,azul,reativa,azul,1,3,17,30,0,30.0000,0.0000,360,2,358,0
674,944968278,vermelho,verde,reativa,verde,1,3,41,30,0,30.0000,0.0000,808,3,805,0
674,944968278,vermelho,vermelho,reativa,verde,0,-3,41,90,120,0.7500,0.0000,159,6,153,0
674,944968278,vermelho,azul,reativa,verde,0,-3,41,120,120,1.0000,0.0000,876,10,866,0
675,2011085058,azul,verde,reativa,vermelho,0,-3,18,90,120,0.7500,0.0000,312,8,304,0
675,2011085058,azul,vermelho,reativa,vermelho,1,3,18,30,30,1.0000,0.2353,356,4,352,0
675,2011085058,azul,azul,reativa,vermelho,0,-3,18,150,120,1.2500,0.0000,311,16,295,0
676,88572083,verde,verde,reativa,azul,0,-3,13,120,120,1.0000,0.0000,238,8,230,0
676,88572083,verde,vermelho,reativa,azul,0,-3,13,90,120,0.7500,0.0000,57,6,51,0
676,88572083,verde,azul,reativa,azul,1,3,13,30,0,30.0000,0.1538,297,3,294,0
677,1970560963,vermelho,verde,reativa,verde,1,3,36,30,0,30.0000,0.1143,782,2,780,0
677,1970560963,vermelho,vermelho,reativa,verde,0,-3,36,90,120,0.7500,0.1250,305,7,298,0
677,1970560963,vermelho,azul,reativa,verde,0,-3,36,120,120,1.0000,0.0857,770,9,761,0
678,307584755,azul,verde,reativa,vermelho,0,-3,16,120,120,1.0000,0.1333,273,8,265,0
678,307584755,azul,vermelho,reativa,vermelho,1,3,16,60,30,2.0000,0.0000,293,7,286,0
678,307584755,azul,azul,reativa,vermelho,0,-3,16,90,120,0.7500,0.0000,179,8,171,0
679,1869256894,verde,verde,reativa,azul,0,-3,26,90,120,0.7500,0.0833,241,10,231,0
679,1869256894,verde,vermelho,reativa,azul,0,-3,26,150,120,1.2500,0.0769,504,11,493,0
679,1869256894,verde,azul,reativa,azul,1,3,26,30,30,1.0000,0.0385,569,4,565,0
680,79134275,vermelho,verde,reativa,azul,0,-3,10,90,120,0.7500,0.0000,57,6,51,0
680,79134275,vermelho,vermelho,reativa,azul,0,-3,10,120,120,1.0000,0.1000,158,9,149,0
680,79134275,vermelho,azul,reativa,azul,1,3,10,30,0,30.0000,0.0000,230,3,227,0
681,1664664159,azul,verde,reativa,empate,0,-1,100,0,0,0.0000,0.4646,1965,48,1917,0
681,1664664159,azul,vermelho,reativa,empate,0,-1,100,0,0,0.0000,0.0202,2546,0,2546,0
681,1664664159,azul,azul,reativa,empate,0,-1,100,0,0,0.0000,0.0000,2029,47,1982,0
682,460515643,verde,verde,reativa,vermelho,0,-3,21,90,120,0.7500,0.0000,208,7,201,0
682,460515643,verde,vermelho,reativa,vermelho,1,3,21,30,0,30.0000,0.1429,484,2,482,0
682,460515643,verde,azul,reativa,vermelho,0,-3,21,120,120,1.0000,0.0000,390,9,381,0
683,947373156,vermelho,verde,reativa,azul,0,-3,27,150,120,1.2500,0.1154,540,10,530,0
683,947373156,vermelho,vermelho,reativa,azul,0,-3,27,90,120,0.7500,0.0000,82,6,76,0
683,947373156,vermelho,azul,reativa,azul,1,3,27,30,30,1.0000,0.0370,644,2,642,0
684,2132834058,azul,verde,reativa,verde,1,3,21,30,0,30.0000,0.1000,464,2,462,0
684,2132834058,azul,vermelho,reativa,verde,0,-3,21,90,120,0.7500,0.0000,170,7,163,0
684,2132834058,azul,azul,reativa,verde,0,-3,21,120,120,1.0000,0.0000,379,11,368,0
685,1519292891,verde,verde,reativa,azul,0,-3,21,90,120,0.7500,0.0000,316,7,309,0
685,1519292891,verde,vermelho,reativa,azul,0,-3,21,150,120,1.2500,0.0000,402,12,390,0
685,1519292891,verde,azul,reativa,azul,1,3,21,30,30,1.0000,0.0476,482,2,480,0
686,1220596411,vermelho,verde,reativa,vermelho,0,-3,35,120,120,1.0000,0.0882,757,11,746,0
686,1220596411,vermelho,vermelho,reativa,vermelho,1,3,35,30,0,30.0000,0.0000,849,4,845,0
686,1220596411,vermelho,azul,reativa,vermelho,0,-3,35,90,120,0.7500,0.0000,460,6,454,0
687,1048016289,azul,verde,reativa,verde,1,3,26,30,0,30.0000,0.0000,568,2,566,0
687,1048016289,azul,vermelho,reativa,verde,0,-3,26,120,120,1.0000,0.0833,513,9,504,0
687,1048016289,azul,azul,reativa,verde,0,-3,26,90,120,0.7500,0.0000,228,6,222,0
688,522013940,verde,verde,reativa,azul,0,-3,23,30,120,0.2500,0.0000,128,6,122,0
688,522013940,verde,vermelho,reativa,azul,0,-3,23,210,120,1.7500,0.2609,393,17,376,0
688,522013940,verde,azul,reativa,azul,1,3,23,90,90,1.0000,0.0435,497,8,489,0
689,1709267489,vermelho,verde,reativa,empate,0,-1,100,0,0,0.0000,0.0000,2058,49,2009,0
689,1709267489,vermelho,vermelho,reativa,empate,0,-1,100,0,0,0.0000,0.0000,1857,0,1857,0
689,1709267489,vermelho,azul,reativa,empate,0,-1,100,0,0,0.0000,0.0100,2056,48,2008,0
690,1729243779,azul,verde,reativa,vermelho,0,-3,22,90,120,0.7500,0.0000,275,6,269,0
690,1729243779,azul,vermelho,reativa,vermelho,1,3,22,30,0,30.0000,0.0476,466,3,463,0
690,1729243779,azul,azul,reativa,vermelho,0,-3,22,120,120,1.0000,0.1429,405,9,396,0
691,1784580866,verde,verde,reativa,azul,0,-3,16,60,120,0.5000,0.0667,299,8,291,0
691,1784580866,verde,vermelho,reativa,azul,0,-3,16,120,120,1.0000,0.0000,297,13,284,0
691,1784580866,verde,azul,reativa,azul,1,3,16,90,30,3.0000,0.2500,304,8,296,0
692,1491450575,vermelho,verde,reativa,verde,1,3,17,30,30,1.0000,0.1250,372,2,370,0
692,1491450575,vermelho,vermelho,reativa,verde,0,-3,17,150,120,1.2500,0.0000,291,11,280,0
692,1491450575,vermelho,azul,reativa,verde,0,-3,17,90,120,0.7500,0.0000,84,7,77,0
693,1568923797,azul,verde,reativa,azul,0,-3,24,150,120,1.2500,0.0000,445,13,432,0
693,1568923797,azul,vermelho,reativa,azul,0,-3,24,90,120,0.7500,0.0000,195,6,189,0
693,1568923797,azul,azul,reativa,azul,1,3,24,30,30,1.0000,0.0417,568,3,565,0
694,362309885,verde,verde,reativa,vermelho,0,-3,19,90,120,0.7500,0.0000,157,7,150,0
694,362309885,verde,vermelho,reativa,vermelho,1,3,19,30,0,30.0000,0.0526,410,6,404,0
694,362309885,verde,azul,reativa,vermelho,0,-3,19,120,120,1.0000,0.0556,345,15,330,0
695,2101121314,vermelho,verde,reativa,verde,1,3,24,30,30,1.0000,0.0000,537,2,535,0
695,2101121314,vermelho,vermelho,reativa,verde,0,-3,24,150,120,1.2500,0.0000,463,11,452,0
695,2101121314,vermelho,azul,reativa,verde,0,-3,24,90,120,0.7500,0.0000,184,6,178,0
696,1869267578,azul,verde,reativa,vermelho,0,-3,15,90,120,0.7500,0.0000,116,6,110,0
696,1869267578,azul,vermelho,reativa,vermelho,1,3,15,30,30,1.0000,0.0000,304,2,302,0
696,1869267578,azul,azul,reativa,vermelho,0,-3,15,150,120,1.2500,0.0000,228,11,217,0
697,594861639,verde,verde,reativa,azul,0,-3,11,150,120,1.2500,0.0000,163,12,151,0
697,594861639,verde,vermelho,reativa,azul,0,-3,11,90,120,0.7500,0.0000,125,7,118,0
697,594861639,verde,azul,reativa,azul,1,3,11,30,30,1.0000,0.1818,254,2,252,0
698,562332132,vermelho,verde,reativa,vermelho,0,-3,11,90,120,0.7500,0.0000,58,7,51,0
698,562332132,vermelho,vermelho,reativa,vermelho,1,3,11,30,0,30.0000,0.2727,238,2,236,0
698,562332132,vermelho,azul,reativa,vermelho,0,-3,11,120,120,1.0000,0.0000,146,9,137,0
699,141045692,azul,verde,reativa,empate,0,-1,100,120,90,1.3333,0.0000,1999,43,1956,0
699,141045692,azul,vermelho,reativa,empate,0,-1,100,90,120,0.7500,0.0556,361,6,355,0
699,141045692,azul,azul,reativa,empate,0,-1,100,0,0,0.0000,0.0200,2079,35,2044,0
700,893437542,verde,verde,reativa,verde,1,3,20,30,0,30.0000,0.0000,448,2,446,0
700,893437542,verde,vermelho,reativa,verde,0,-3,20,120,120,1.0000,0.0526,372,9,363,0
700,893437542,verde,azul,reativa,verde,0,-3,20,90,120,0.7500,0.0000,83,7,76,0
701,1356990828,vermelho,verde,reativa,vermelho,0,-3,22,150,120,1.2500,0.0476,415,11,404,0
701,1356990828,vermelho,vermelho,reativa,vermelho,1,3,22,30,30,1.0000,0.0909,484,2,482,0
701,1356990828,vermelho,azul,reativa,vermelho,0,-3,22,90,120,0.7500,0.0000,81,7,74,0
702,758057594,azul,verde,reativa,verde,1,3,17,30,30,1.0000,0.0625,336,2,334,0
702,758057594,azul,vermelho,reativa,verde,0,-3,17,90,120,0.7500,0.0000,58,6,52,0
702,758057594,azul,azul,reativa,verde,0,-3,17,150,120,1.2500,0.0000,280,11,269,0
703,1224258741,verde,verde,reativa,azul,0,-3,18,180,120,1.5000,0.4444,303,12,291,0
703,1224258741,verde,vermelho,reativa,azul,0,-3,18,30,120,0.2500,0.0000,58,6,52,0
703,1224258741,verde,azul,reativa,azul,1,3,18,90,60,1.5000,0.0000,380,6,374,0
704,1738688665,vermelho,verde,reativa,azul,0,-3,24,150,120,1.2500,0.0000,380,12,368,0
704,1738688665,vermelho,vermelho,reativa,azul,0,-3,24,90,120,0.7500,0.0000,252,6,246,0
704,1738688665,vermelho,azul,reativa,azul,1,3,24,30,30,1.0000,0.0000,514,2,512,0
705,284656161,azul,verde,reativa,vermelho,0,-3,67,120,120,1.0000,0.0152,1496,10,1486,0
705,284656161,azul,vermelho,reativa,vermelho,1,3,67,30,0,30.0000,0.0303,1186,3,1183,0
705,284656161,azul,azul,reativa,vermelho,0,-3,67,90,120,0.7500,0.0909,209,6,203,0
706,1037174125,verde,verde,reativa,azul,0,-3,11,90,120,0.7500,0.0000,55,6,49,0
706,1037174125,verde,vermelho,reativa,azul,0,-3,11,150,120,1.2500,0.0000,161,11,150,0
706,1037174125,verde,azul,reativa,azul,1,3,11,30,30,1.0000,0.2727,253,4,249,0
707,1145925364,vermelho,verde,reativa,azul,0,-3,26,90,120,0.7500,0.0000,118,7,111,0
707,1145925364,vermelho,vermelho,reativa,azul,0,-3,26,120,120,1.0000,0.0000,543,11,532,0
707,1145925364,vermelho,azul,reativa,azul,1,3,26,30,0,30.0000,0.0769,602,3,599,0
708,79466218,azul,verde,reativa,verde,1,3,17,60,30,2.0000,0.0000,356,7,349,0
708,79466218,azul,vermelho,reativa,verde,0,-3,17,120,120,1.0000,0.0667,257,7,250,0
708,79466218,azul,azul,reativa,verde,0,-3,17,90,120,0.7500,0.0000,238,8,230,0
709,508015536,verde,verde,reativa,vermelho,0,-3,42,150,120,1.2500,0.0000,788,11,777,0
709,508015536,verde,vermelho,reativa,vermelho,1,3,42,30,30,1.0000,0.0000,626,2,624,0
709,508015536,verde,azul,reativa,vermelho,0,-3,42,90,120,0.7500,0.0000,446,6,440,0
710,302173163,vermelho,verde,reativa,azul,0,-3,32,90,120,0.7500,0.0000,134,8,126,0
710,302173163,vermelho,vermelho,reativa,azul,0,-3,32,120,120,1.0000,0.0313,701,11,690,0
710,302173163,vermelho,azul,reativa,azul,1,3,32,30,0,30.0000,0.0313,746,4,742,0
711,491820749,azul,verde,reativa,azul,0,-3,13,150,120,1.2500,0.0000,191,12,179,0
711,491820749,azul,vermelho,reativa,azul,0,-3,13,90,120,0.7500,0.0000,184,6,178,0
711,491820749,azul,azul,reativa,azul,1,3,13,30,30,1.0000,0.2308,304,2,302,0
712,247657394,verde,verde,reativa,azul,0,-3,31,120,120,1.0000,0.0000,671,10,661,0
712,247657394,verde,vermelho,reativa,azul,0,-3,31,90,120,0.7500,0.0000,298,6,292,0
712,247657394,verde,azul,reativa,azul,1,3,31,30,0,30.0000,0.0323,753,4,749,0
713,1776086572,vermelho,verde,reativa,azul,0,-3,41,90,120,0.7500,0.0000,397,6,391,0
713,1776086572,vermelho,vermelho,reativa,azul,0,-3,41,150,120,1.2500,0.0732,842,13,829,0
713,1776086572,vermelho,azul,reativa,azul,1,3,41,30,30,1.0000,0.0488,862,3,859,0
714,1632761478,azul,verde,reativa,verde,1,3,36,30,0,30.0000,0.0000,582,2,580,0
714,1632761478,azul,vermelho,reativa,verde,0,-3,36,90,120,0.7500,0.0000,445,7,438,0
714,1632761478,azul,azul,reativa,verde,0,-3,36,120,120,1.0000,0.1429,744,12,732,0
715,231975991,verde,verde,reativa,azul,0,-3,19,150,120,1.2500,0.0000,360,11,349,0
715,231975991,verde,vermelho,reativa,azul,0,-3,19,90,120,0.7500,0.0000,159,6,153,0
715,231975991,verde,azul,reativa,azul,1,3,19,30,30,1.0000,0.3158,451,2,449,0
716,733326103,vermelho,verde,reativa,azul,0,-3,29,120,120,1.0000,0.0714,546,10,536,0
716,733326103,vermelho,vermelho,reativa,azul,0,-3,29,90,120,0.7500,0.0455,451,8,443,0
716,733326103,vermelho,azul,reativa,azul,1,3,29,30,0,30.0000,0.0000,711,2,709,0
717,1411364412,azul,verde,reativa,vermelho,0,-3,27,150,120,1.2500,0.0000,492,11,481,0
717,1411364412,azul,vermelho,reativa,vermelho,1,3,27,30,30,1.0000,0.1154,602,2,600,0
717,1411364412,azul,azul,reativa,vermelho,0,-3,27,90,120,0.7500,0.0000,107,6,101,0
718,1200314224,verde,verde,reativa,vermelho,0,-3,29,150,120,1.2500,0.0000,606,12,594,0
718,1200314224,verde,vermelho,reativa,vermelho,1,3,29,30,30,1.0000,0.0690,672,2,670,0
718,1200314224,verde,azul,reativa,vermelho,0,-3,29,90,120,0.7500,0.0000,243,6,237,0
719,1259110644,vermelho,verde,reativa,vermelho,0,-3,21,120,120,1.0000,0.0500,376,12,364,0
719,1259110644,vermelho,vermelho,reativa,vermelho,1,3,21,30,0,30.0000,0.0476,486,3,483,0
719,1259110644,vermelho,azul,reativa,vermelho,0,-3,21,90,120,0.7500,0.0000,213,7,206,0
720,447719130,azul,verde,reativa,vermelho,0,-3,16,90,120,0.7500,0.0000,109,8,101,0
720,447719130,azul,vermelho,reativa,vermelho,1,3,16,30,30,1.0000,0.0000,349,2,347,0
720,447719130,azul,azul,reativa,vermelho,0,-3,16,150,120,1.2500,0.0000,256,11,245,0
721,1722184469,verde,verde,reativa,vermelho,0,-3,16,90,120,0.7500,0.0000,108,7,101,0
721,1722184469,verde,vermelho,reativa,vermelho,1,3,16,30,0,30.0000,0.0000,374,2,372,0
721,1722184469,verde,azul,reativa,vermelho,0,-3,16,120,120,1.0000,0.0000,285,8,277,0
722,327044082,vermelho,verde,reativa,verde,1,3,16,30,0,30.0000,0.0667,331,2,329,0
722,327044082,vermelho,vermelho,reativa,verde,0,-3,16,120,120,1.0000,0.0000,278,8,270,0
722,327044082,vermelho,azul,reativa,verde,0,-3,16,90,120,0.7500,0.0000,32,6,26,0
723,592593125,azul,verde,reativa,vermelho,0,-3,16,120,120,1.0000,0.0000,279,8,271,0
723,592593125,azul,vermelho,reativa,vermelho,1,3,16,30,0,30.0000,0.0667,353,2,351,0
723,592593125,azul,azul,reativa,vermelho,0,-3,16,90,120,0.7500,0.0000,81,6,75,0
724,580558835,verde,verde,reativa,azul,0,-3,9,120,120,1.0000,0.0000,117,8,109,0
724,580558835,verde,vermelho,reativa,azul,0,-3,9,90,120,0.7500,0.2500,114,6,108,0
724,580558835,verde,azul,reativa,azul,1,3,9,30,0,30.0000,0.0000,189,2,187,0
725,1641414582,vermelho,verde,reativa,verde,1,3,19,30,30,1.0000,0.1111,424,2,422,0
725,1641414582,vermelho,vermelho,reativa,verde,0,-3,19,90,120,0.7500,0.0000,129,7,122,0
725,1641414582,vermelho,azul,reativa,verde,0,-3,19,150,120,1.2500,0.3889,327,11,316,0
726,1314131657,azul,verde,reativa,empate,0,-1,100,0,0,0.0000,0.0000,1903,48,1855,0
726,1314131657,azul,vermelho,reativa,empate,0,-1,100,0,0,0.0000,0.0202,2543,0,2543,0
726,1314131657,azul,azul,reativa,empate,0,-1,100,0,0,0.0000,0.0000,1347,50,1297,0
727,2077249961,verde,verde,reativa,azul,0,-3,9,90,120,0.7500,0.0000,83,7,76,0
727,2077249961,verde,vermelho,reativa,azul,0,-3,9,120,120,1.0000,0.0000,135,9,126,0
727,2077249961,verde,azul,reativa,azul,1,3,9,30,0,30.0000,0.0000,207,2,205,0
728,626421707,vermelho,verde,reativa,azul,0,-3,21,120,120,1.0000,0.0000,365,9,356,0
728,626421707,vermelho,vermelho,reativa,azul,0,-3,21,90,120,0.7500,0.0000,169,7,162,0
728,626421707,vermelho,azul,reativa,azul,1,3,21,30,0,30.0000,0.0952,478,2,476,0
729,1432468837,azul,verde,reativa,vermelho,0,-3,18,90,120,0.7500,0.0000,58,7,51,0
729,1432468837,azul,vermelho,reativa,vermelho,1,3,18,30,0,30.0000,0.0000,393,4,389,0
729,1432468837,azul,azul,reativa,vermelho,0,-3,18,120,120,1.0000,0.0000,323,9,314,0
730,2024764721,verde,verde,reativa,vermelho,0,-3,12,150,120,1.2500,0.0833,173,11,162,0
730,2024764721,verde,vermelho,reativa,vermelho,1,3,12,30,30,1.0000,0.0833,258,2,256,0
730,2024764721,verde,azul,reativa,vermelho,0,-3,12,90,120,0.7500,0.0000,108,7,101,0
731,1142105127,vermelho,verde,reativa,vermelho,0,-3,11,90,120,0.7500,0.0000,178,8,170,0
731,1142105127,vermelho,vermelho,reativa,vermelho,1,3,11,60,0,60.0000,0.0000,217,4,213,0
731,1142105127,vermelho,azul,reativa,vermelho,0,-3,11,90,120,0.7500,0.1111,142,8,134,0
732,356399633,azul,verde,reativa,empate,0,-1,100,0,0,0.0000,0.0101,2576,2,2574,0
732,356399633,azul,vermelho,reativa,empate,0,-1,100,0,0,0.0000,0.0000,1880,47,1833,0
732,356399633,azul,azul,reativa,empate,0,-1,100,0,0,0.0000,0.0000,2029,50,1979,0
733,275188426,verde,verde,reativa,azul,0,-3,15,120,120,1.0000,0.0000,281,8,273,0
733,275188426,verde,vermelho,reativa,azul,0,-3,15,90,120,0.7500,0.0000,32,6,26,0
733,275188426,verde,azul,reativa,azul,1,3,15,30,0,30.0000,0.0000,347,2,345,0
734,1434154751,vermelho,verde,reativa,azul,0,-3,23,90,120,0.7500,0.0000,158,6,152,0
734,1434154751,vermelho,vermelho,reativa,azul,0,-3,23,120,120,1.0000,0.0000,472,9,463,0
734,1434154751,vermelho,azul,reativa,azul,1,3,23,30,0,30.0000,0.0000,454,2,452,0
735,1801140829,azul,verde,reativa,verde,1,3,16,30,0,30.0000,0.0000,353,3,350,0
735,1801140829,azul,vermelho,reativa,verde,0,-3,16,120,120,1.0000,0.0000,237,8,229,0
735,1801140829,azul,azul,reativa,verde,0,-3,16,90,120,0.7500,0.0000,117,6,111,0
736,1993507864,verde,verde,reativa,vermelho,0,-3,35,120,120,1.0000,0.1143,750,8,742,0
736,1993507864,verde,vermelho,reativa,vermelho,1,3,35,30,0,30.0000,0.0000,660,2,658,0
736,1993507864,verde,azul,reativa,vermelho,0,-3,35,90,120,0.7500,0.0000,125,6,119,0
737,2023364721,vermelho,verde,reativa,azul,0,-3,7,90,120,0.7500,0.0000,85,9,76,0
737,2023364721,vermelho,vermelho,reativa,azul,0,-3,7,90,120,0.7500,0.0000,84,7,77,0
737,2023364721,vermelho,azul,reativa,azul,1,3,7,60,0,60.0000,0.0000,129,5,124,0
738,134698184,azul,verde,reativa,azul,0,-3,23,150,120,1.2500,0.0000,446,11,435,0
738,134698184,azul,vermelho,reativa,azul,0,-3,23,90,120,0.7500,0.0000,184,6,178,0
738,134698184,azul,azul,reativa,azul,1,3,23,30,30,1.0000,0.0000,540,2,538,0
739,1583040395,verde,verde,reativa,empate,0,-1,100,0,0,0.0000,0.0000,1300,0,1300,0
739,1583040395,verde,vermelho,reativa,empate,0,-1,100,90,120,0.7500,0.0000,234,6,228,0
739,1583040395,verde,azul,reativa,empate,0,-1,100,120,90,1.3333,0.0000,1712,9,1703,0
740,1032295844,vermelho,verde,reativa,verde,1,3,18,90,60,1.5000,0.0588,306,6,300,0
740,1032295844,vermelho,vermelho,reativa,verde,0,-3,18,30,120,0.2500,0.0000,233,7,226,0
740,1032295844,vermelho,azul,reativa,verde,0,-3,18,180,120,1.5000,0.2941,286,13,273,0
741,1889624383,azul,verde,reativa,vermelho,0,-3,19,90,120,0.7500,0.0000,125,8,117,0
741,1889624383,azul,vermelho,reativa,vermelho,1,3,19,30,0,30.0000,0.0000,404,2,402,0
741,1889624383,azul,azul,reativa,vermelho,0,-3,19,120,120,1.0000,0.0000,351,9,342,0
742,1838169115,verde,verde,reativa,verde,1,3,15,30,0,30.0000,0.0000,342,2,340,0
742,1838169115,verde,vermelho,reativa,verde,0,-3,15,90,120,0.7500,0.0000,146,7,139,0
742,1838169115,verde,azul,reativa,verde,0,-3,15,120,120,1.0000,0.0000,212,13,199,0
743,532023419,vermelho,verde,reativa,azul,0,-3,14,90,120,0.7500,0.0000,87,7,80,0
743,532023419,vermelho,vermelho,reativa,azul,0,-3,14,120,100,1.2000,0.1429,246,9,237,0
743,532023419,vermelho,azul,reativa,azul,1,3,14,10,0,10.0000,0.0714,320,2,318,0
744,1693007723,azul,verde,reativa,verde,1,3,22,30,30,1.0000,0.0000,485,2,483,0
744,1693007723,azul,vermelho,reativa,verde,0,-3,22,150,120,1.2500,0.0000,393,11,382,0
744,1693007723,azul,azul,reativa,verde,0,-3,22,90,120,0.7500,0.0000,184,6,178,0
745,685610348,verde,verde,reativa,vermelho,0,-3,20,150,120,1.2500,0.0500,354,13,341,0
745,685610348,verde,vermelho,reativa,vermelho,1,3,20,30,30,1.0000,0.0500,463,2,461,0
745,685610348,verde,azul,reativa,vermelho,0,-3,20,90,120,0.7500,0.0833,231,7,224,0
746,226624391,vermelho,verde,reativa,vermelho,0,-3,26,90,120,0.7500,0.0909,199,6,193,0
746,226624391,vermelho,vermelho,reativa,vermelho,1,3,26,30,0,30.0000,0.0000,596,2,594,0
746,226624391,vermelho,azul,reativa,vermelho,0,-3,26,120,120,1.0000,0.1600,522,8,514,0
747,104280143,azul,verde,reativa,azul,0,-3,27,150,120,1.2500,0.0000,514,10,504,0
747,104280143,azul,vermelho,reativa,azul,0,-3,27,90,120,0.7500,0.0000,227,6,221,0
747,104280143,azul,azul,reativa,azul,1,3,27,30,30,1.0000,0.0000,544,2,542,0
748,5114185,verde,verde,reativa,verde,1,3,28,30,0,30.0000,0.0000,620,2,618,0
748,5114185,verde,vermelho,reativa,verde,0,-3,28,90,120,0.7500,0.0000,104,8,96,0
748,5114185,verde,azul,reativa,verde,0,-3,28,120,120,1.0000,0.0370,569,9,560,0
749,2053688377,vermelho,verde,reativa,verde,1,3,37,30,0,30.0000,0.0833,850,2,848,0
749,2053688377,vermelho,vermelho,reativa,verde,0,-3,37,90,120,0.7500,0.0000,103,7,96,0
749,2053688377,vermelho,azul,reativa,verde,0,-3,37,120,120,1.0000,0.0833,773,9,764,0
750,1451533353,azul,verde,reativa,verde,1,3,14,30,30,1.0000,0.0000,295,2,293,0
750,1451533353,azul,vermelho,reativa,verde,0,-3,14,90,120,0.7500,0.0000,136,6,130,0
750,1451533353,azul,azul,reativa,verde,0,-3,14,150,120,1.2500,0.0000,198,13,185,0
751,1017531994,verde,verde,reativa,verde,1,3,15,30,0,30.0000,0.2000,352,2,350,0
751,1017531994,verde,vermelho,reativa,verde,0,-3,15,90,120,0.7500,0.0000,54,6,48,0
751,1017531994,verde,azul,reativa,verde,0,-3,15,120,120,1.0000,0.0000,251,8,243,0
752,40908190,vermelho,verde,reativa,vermelho,0,-3,27,120,120,1.0000,0.0769,535,9,526,0
752,40908190,vermelho,vermelho,reativa,vermelho,1,3,27,30,0,30.0000,0.0370,625,2,623,0
752,40908190,vermelho,azul,reativa,vermelho,0,-3,27,90,120,0.7500,0.1111,159,6,153,0
753,1141767897,azul,verde,reativa,verde,1,3,27,30,30,1.0000,0.0385,592,2,590,0
753,1141767897,azul,vermelho,reativa,verde,0,-3,27,150,120,1.2500,0.0000,500,10,490,0
753,1141767897,azul,azul,reativa,verde,0,-3,27,90,120,0.7500,0.0000,83,6,77,0
754,1257839479,verde,verde,reativa,azul,0,-3,16,90,120,0.7500,0.0000,58,6,52,0
754,1257839479,verde,vermelho,reativa,azul,0,-3,16,120,120,1.0000,0.0000,287,8,279,0
754,1257839479,verde,azul,reativa,azul,1,3,16,30,0,30.0000,0.0000,348,2,346,0
755,1364339178,vermelho,verde,reativa,azul,0,-3,26,120,120,1.0000,0.0400,493,8,485,0
755,1364339178,vermelho,vermelho,reativa,azul,0,-3,26,90,120,0.7500,0.1429,97,6,91,0
755,1364339178,vermelho,azul,reativa,azul,1,3,26,30,0,30.0000,0.0000,552,4,548,0
756,1135458689,azul,verde,reativa,vermelho,0,-3,17,150,120,1.2500,0.0625,273,12,261,0
756,1135458689,azul,vermelho,reativa,vermelho,1,3,17,30,30,1.0000,0.0625,367,2,365,0
756,1135458689,azul,azul,reativa,vermelho,0,-3,17,90,120,0.7500,0.0000,236,7,229,0
757,1648737985,verde,verde,reativa,azul,0,-3,29,60,120,0.5000,0.0000,125,6,119,0
757,1648737985,verde,vermelho,reativa,azul,0,-3,29,150,120,1.2500,0.2069,617,10,607,0
757,1648737985,verde,azul,reativa,azul,1,3,29,60,30,2.0000,0.0345,647,4,643,0
758,487316115,vermelho,verde,reativa,verde,1,3,9,90,0,90.0000,0.0000,115,7,108,0
758,487316115,vermelho,vermelho,reativa,verde,0,-3,9,60,120,0.5000,0.0000,150,4,146,0
758,487316115,vermelho,azul,reativa,verde,0,-3,9,90,120,0.7500,0.0000,84,6,78,0
759,1847801574,azul,verde,reativa,verde,1,3,21,30,0,30.0000,0.0000,358,2,356,0
759,1847801574,azul,vermelho,reativa,verde,0,-3,21,120,120,1.0000,0.0000,334,8,326,0
759,1847801574,azul,azul,reativa,verde,0,-3,21,90,120,0.7500,0.0000,147,6,141,0
760,1643984056,verde,verde,reativa,vermelho,0,-3,36,150,120,1.2500,0.0833,728,13,715,0
760,1643984056,verde,vermelho,reativa,vermelho,1,3,36,30,30,1.0000,0.0833,863,2,861,0
760,1643984056,verde,azul,reativa,vermelho,0,-3,36,90,120,0.7500,0.0000,117,7,110,0
761,791159585,vermelho,verde,reativa,verde,1,3,24,30,30,1.0000,0.0870,543,3,540,0
761,791159585,vermelho,vermelho,reativa,verde,0,-3,24,90,120,0.7500,0.1111,147,6,141,0
761,791159585,vermelho,azul,reativa,verde,0,-3,24,150,120,1.2500,0.0000,389,11,378,0
762,1362632934,azul,verde,reativa,vermelho,0,-3,49,90,120,0.7500,0.0667,300,7,293,0
762,1362632934,azul,vermelho,reativa,vermelho,1,3,49,30,0,30.0000,0.0625,1191,3,1188,0
762,1362632934,azul,azul,reativa,vermelho,0,-3,49,120,120,1.0000,0.0000,1058,9,1049,0
763,377733151,verde,verde,reativa,azul,0,-3,37,150,120,1.2500,0.0541,745,12,733,0
763,377733151,verde,vermelho,reativa,azul,0,-3,37,90,120,0.7500,0.0000,151,7,144,0
763,377733151,verde,azul,reativa,azul,1,3,37,30,30,1.0000,0.0000,825,2,823,0
764,1420768891,vermelho,verde,reativa,verde,1,3,18,30,0,30.0000,0.1176,401,3,398,0
764,1420768891,vermelho,vermelho,reativa,verde,0,-3,18,90,120,0.7500,0.0000,83,7,76,0
764,1420768891,vermelho,azul,reativa,verde,0,-3,18,120,120,1.0000,0.0000,342,8,334,0
765,2044870516,azul,verde,reativa,vermelho,0,-3,16,120,120,1.0000,0.0667,285,8,277,0
765,2044870516,azul,vermelho,reativa,vermelho,1,3,16,30,0,30.0000,0.1333,332,2,330,0
765,2044870516,azul,azul,reativa,vermelho,0,-3,16,90,120,0.7500,0.0000,140,6,134,0
766,1006327128,verde,verde,reativa,azul,0,-3,21,120,120,1.0000,0.0000,414,9,405,0
766,1006327128,verde,vermelho,reativa,azul,0,-3,21,90,120,0.7500,0.0000,374,7,367,0
766,1006327128,verde,azul,reativa,azul,1,3,21,30,0,30.0000,0.0000,439,2,437,0
767,336700548,vermelho,verde,reativa,azul,0,-3,31,90,120,0.7500,0.0000,119,7,112,0
767,336700548,vermelho,vermelho,reativa,azul,0,-3,31,120,120,1.0000,0.0323,649,9,640,0
767,336700548,vermelho,azul,reativa,azul,1,3,31,30,0,30.0000,0.0323,713,2,711,0
768,715912012,azul,verde,reativa,azul,0,-3,25,90,120,0.7500,0.0000,57,7,50,0
768,715912012,azul,vermelho,reativa,azul,0,-3,25,120,120,1.0000,0.0000,440,8,432,0
768,715912012,azul,azul,reativa,azul,1,3,25,30,0,30.0000,0.0400,540,2,538,0
769,481883728,verde,verde,reativa,azul,0,-3,21,90,120,0.7500,0.0000,189,8,181,0
769,481883728,verde,vermelho,reativa,azul,0,-3,21,150,120,1.2500,0.0000,343,10,333,0
769,481883728,verde,azul,reativa,azul,1,3,21,30,30,1.0000,0.0476,500,2,498,0
770,1614053631,vermelho,verde,reativa,vermelho,0,-3,17,90,120,0.7500,0.0000,83,7,76,0
770,1614053631,vermelho,vermelho,reativa,vermelho,1,3,17,30,0,30.0000,0.1176,403,2,401,0
770,1614053631,vermelho,azul,reativa,vermelho,0,-3,17,120,120,1.0000,0.0625,293,9,284,0
771,1276108841,azul,verde,reativa,vermelho,0,-3,9,90,120,0.7500,0.0000,84,6,78,0
771,1276108841,azul,vermelho,reativa,vermelho,1,3,9,30,30,1.0000,0.1250,175,5,170,0
771,1276108841,azul,azul,reativa,vermelho,0,-3,9,150,120,1.2500,0.0000,76,14,62,0
772,628933363,verde,verde,reativa,vermelho,0,-3,16,150,120,1.2500,0.0000,278,12,266,0
772,628933363,verde,vermelho,reativa,vermelho,1,3,16,90,60,1.5000,0.0000,319,6,313,0
772,628933363,verde,azul,reativa,vermelho,0,-3,16,60,120,0.5000,0.0000,240,7,233,0
773,266047734,vermelho,verde,reativa,azul,0,-3,18,90,120,0.7500,0.0000,57,6,51,0
773,266047734,vermelho,vermelho,reativa,azul,0,-3,18,150,120,1.2500,0.2778,321,10,311,0
773,266047734,vermelho,azul,reativa,azul,1,3,18,30,30,1.0000,0.0000,362,2,360,0
774,437958854,azul,verde,reativa,vermelho,0,-3,10,90,120,0.7500,0.0000,32,6,26,0
774,437958854,azul,vermelho,reativa,vermelho,1,3,10,30,0,30.0000,0.0000,182,2,180,0
774,437958854,azul,azul,reativa,vermelho,0,-3,10,120,120,1.0000,0.0000,134,8,126,0
775,882820366,verde,verde,reativa,azul,0,-3,14,120,120,1.0000,0.0000,243,9,234,0
775,882820366,verde,vermelho,reativa,azul,0,-3,14,90,120,0.7500,0.0000,52,7,45,0
775,882820366,verde,azul,reativa,azul,1,3,14,30,0,30.0000,0.1429,300,3,297,0
776,2103879765,vermelho,verde,reativa,azul,0,-3,12,90,120,0.7500,0.0000,206,7,199,0
776,2103879765,vermelho,vermelho,reativa,azul,0,-3,12,60,120,0.5000,0.0000,210,6,204,0
776,2103879765,vermelho,azul,reativa,azul,1,3,12,120,30,4.0000,0.0000,211,8,203,0
777,1878469685,azul,verde,reativa,verde,1,3,29,30,0,30.0000,0.1786,637,4,633,0
777,1878469685,azul,vermelho,reativa,verde,0,-3,29,90,120,0.7500,0.0000,138,6,132,0
777,1878469685,azul,azul,reativa,verde,0,-3,29,120,120,1.0000,0.1429,555,9,546,0
778,260653707,verde,verde,reativa,azul,0,-3,33,90,120,0.7500,0.0000,291,6,285,0
778,260653707,verde,vermelho,reativa,azul,0,-3,33,120,120,1.0000,0.0909,671,8,663,0
778,260653707,verde,azul,reativa,azul,1,3,33,30,0,30.0000,0.0000,584,2,582,0
779,2055886471,vermelho,verde,reativa,azul,0,-3,21,150,120,1.2500,0.0000,395,10,385,0
779,2055886471,vermelho,vermelho,reativa,azul,0,-3,21,90,120,0.7500,0.0000,131,6,125,0
779,2055886471,vermelho,azul,reativa,azul,1,3,21,30,30,1.0000,0.1429,480,2,478,0
780,181546477,azul,verde,reativa,vermelho,0,-3,19,90,120,0.7500,0.0000,108,7,101,0
780,181546477,azul,vermelho,reativa,vermelho,1,3,19,30,30,1.0000,0.1667,411,2,409,0
780,181546477,azul,azul,reativa,vermelho,0,-3,19,150,120,1.2500,0.0000,335,11,324,0
781,1696711507,verde,verde,reativa,azul,0,-3,35,120,120,1.0000,0.1429,771,9,762,0
781,1696711507,verde,vermelho,reativa,azul,0,-3,35,90,120,0.7500,0.0000,185,6,179,0
781,1696711507,verde,azul,reativa,azul,1,3,35,30,0,30.0000,0.0000,676,2,674,0
782,1229825111,vermelho,verde,reativa,empate,0,-1,100,0,0,0.0000,0.0303,2548,0,2548,0
782,1229825111,vermelho,vermelho,reativa,empate,0,-1,100,90,120,0.7500,0.0000,279,9,270,0
782,1229825111,vermelho,azul,reativa,empate,0,-1,100,120,90,1.3333,0.0000,1469,9,1460,0
783,1997479060,azul,verde,reativa,vermelho,0,-3,28,150,120,1.2500,0.0000,520,10,510,0
783,1997479060,azul,vermelho,reativa,vermelho,1,3,28,30,30,1.0000,0.0000,518,2,516,0
783,1997479060,azul,azul,reativa,vermelho,0,-3,28,90,120,0.7500,0.0000,57,6,51,0
784,443438607,verde,verde,reativa,verde,1,3,28,60,30,2.0000,0.0714,627,4,623,0
784,443438607,verde,vermelho,reativa,verde,0,-3,28,60,120,0.5000,0.0000,78,8,70,0
784,443438607,verde,azul,reativa,verde,0,-3,28,150,120,1.2500,0.2222,555,11,544,0
785,1255488848,vermelho,verde,reativa,verde,1,3,26,30,30,1.0000,0.0400,609,3,606,0
785,1255488848,vermelho,vermelho,reativa,verde,0,-3,26,90,120,0.7500,0.0000,209,6,203,0
785,1255488848,vermelho,azul,reativa,verde,0,-3,26,150,120,1.2500,0.0000,491,11,480,0
786,1713663468,azul,verde,reativa,vermelho,0,-3,13,90,120,0.7500,0.0000,126,8,118,0
786,1713663468,azul,vermelho,reativa,vermelho,1,3,13,30,0,30.0000,0.0000,260,2,258,0
786,1713663468,azul,azul,reativa,vermelho,0,-3,13,120,120,1.0000,0.0000,198,10,188,0
787,1326665035,verde,verde,reativa,vermelho,0,-3,15,120,120,1.0000,0.0000,287,8,279,0
787,1326665035,verde,vermelho,reativa,vermelho,1,3,15,30,0,30.0000,0.1333,332,2,330,0
787,1326665035,verde,azul,reativa,vermelho,0,-3,15,90,120,0.7500,0.0000,155,6,149,0
788,1485550945,vermelho,verde,reativa,azul,0,-3,17,90,120,0.7500,0.0000,108,7,101,0
788,1485550945,vermelho,vermelho,reativa,azul,0,-3,17,150,120,1.2500,0.1176,315,11,304,0
788,1485550945,vermelho,azul,reativa,azul,1,3,17,30,30,1.0000,0.0588,396,2,394,0
789,255725471,azul,verde,reativa,azul,0,-3,23,150,120,1.2500,0.0000,390,11,379,0
789,255725471,azul,vermelho,reativa,azul,0,-3,23,90,120,0.7500,0.0000,270,8,262,0
789,255725471,azul,azul,reativa,azul,1,3,23,30,30,1.0000,0.1304,473,2,471,0
790,388207685,verde,verde,reativa,verde,1,3,13,30,0,30.0000,0.0000,307,2,305,0
790,388207685,verde,vermelho,reativa,verde,0,-3,13,90,120,0.7500,0.0000,223,8,215,0
790,388207685,verde,azul,reativa,verde,0,-3,13,120,120,1.0000,0.0000,197,9,188,0
791,230858913,vermelho,verde,reativa,verde,1,3,21,30,30,1.0000,0.1000,407,2,405,0
791,230858913,vermelho,vermelho,reativa,verde,0,-3,21,150,120,1.2500,0.0000,362,10,352,0
791,230858913,vermelho,azul,reativa,verde,0,-3,21,90,120,0.7500,0.0000,197,6,191,0
792,497945140,azul,verde,reativa,azul,0,-3,30,90,120,0.7500,0.3103,566,14,552,0
792,497945140,azul,vermelho,reativa,azul,0,-3,30,60,120,0.5000,0.2593,445,13,432,0
792,497945140,azul,azul,reativa,azul,1,3,30,120,30,4.0000,0.0333,677,8,669,0
793,1672875716,verde,verde,reativa,azul,0,-3,16,150,120,1.2500,0.0000,276,11,265,0
793,1672875716,verde,vermelho,reativa,azul,0,-3,16,90,120,0.7500,0.0000,91,7,84,0
793,1672875716,verde,azul,reativa,azul,1,3,16,30,30,1.0000,0.0000,380,2,378,0
794,1703592542,vermelho,verde,reativa,verde,1,3,17,30,30,1.0000,0.1875,388,4,384,0
794,1703592542,vermelho,vermelho,reativa,verde,0,-3,17,150,120,1.2500,0.0625,275,11,264,0
794,1703592542,vermelho,azul,reativa,verde,0,-3,17,90,120,0.7500,0.0000,159,6,153,0
795,524300311,azul,verde,reativa,vermelho,0,-3,28,90,120,0.7500,0.0000,220,7,213,0
795,524300311,azul,vermelho,reativa,vermelho,1,3,28,30,30,1.0000,0.0370,586,2,584,0
795,524300311,azul,azul,reativa,vermelho,0,-3,28,150,120,1.2500,0.1111,507,12,495,0
796,405532386,verde,verde,reativa,azul,0,-3,13,120,120,1.0000,0.0000,172,8,164,0
796,405532386,verde,vermelho,reativa,azul,0,-3,13,90,120,0.7500,0.0000,74,6,68,0
796,405532386,verde,azul,reativa,azul,1,3,13,30,0,30.0000,0.1538,283,2,281,0
797,1140362201,vermelho,verde,reativa,verde,1,3,14,30,0,30.0000,0.3077,263,5,258,0
797,1140362201,vermelho,vermelho,reativa,verde,0,-3,14,120,110,1.0909,0.5385,234,9,225,0
797,1140362201,vermelho,azul,reativa,verde,0,-3,14,80,120,0.6667,0.0000,59,8,51,0
798,2122964567,azul,verde,reativa,verde,1,3,37,30,0,30.0000,0.0000,573,7,566,0
798,2122964567,azul,vermelho,reativa,verde,0,-3,37,90,120,0.7500,0.5000,184,6,178,0
798,2122964567,azul,azul,reativa,verde,0,-3,37,120,120,1.0000,0.0833,737,10,727,0
799,1850462464,verde,verde,reativa,azul,0,-3,18,120,120,1.0000,0.0000,321,10,311,0
799,1850462464,verde,vermelho,reativa,azul,0,-3,18,90,120,0.7500,0.0000,121,6,115,0
799,1850462464,verde,azul,reativa,azul,1,3,18,30,0,30.0000,0.0000,410,2,408,0
800,1238786426,vermelho,verde,reativa,verde,1,3,22,30,0,30.0000,0.0000,445,4,441,0
800,1238786426,vermelho,vermelho,reativa,verde,0,-3,22,90,120,0.7500,0.0588,338,6,332,0
800,1238786426,vermelho,azul,reativa,verde,0,-3,22,120,120,1.0000,0.0000,353,8,345,0
801,777418731,azul,verde,reativa,verde,1,3,18,30,30,1.0000,0.0000,392,2,390,0
801,777418731,azul,vermelho,reativa,verde,0,-3,18,150,120,1.2500,0.0625,243,11,232,0
801,777418731,azul,azul,reativa,verde,0,-3,18,90,120,0.7500,0.0909,190,6,184,0
802,1650316423,verde,verde,reativa,empate,0,-1,100,0,0,0.0000,0.0100,1606,0,1606,0
802,1650316423,verde,vermelho,reativa,empate,0,-1,100,90,120,0.7500,0.1333,291,6,285,0
802,1650316423,verde,azul,reativa,empate,0,-1,100,120,90,1.3333,0.4100,2227,9,2218,0
803,1518169168,vermelho,verde,reativa,vermelho,0,-3,21,90,120,0.7500,0.2000,58,7,51,0
803,1518169168,vermelho,vermelho,reativa,vermelho,1,3,21,30,30,1.0000,0.2857,501,2,499,0
803,1518169168,vermelho,azul,reativa,vermelho,0,-3,21,150,120,1.2500,0.1000,387,11,376,0
804,664454653,azul,verde,reativa,verde,1,3,14,30,30,1.0000,0.0769,273,2,271,0
804,664454653,azul,vermelho,reativa,verde,0,-3,14,90,120,0.7500,0.0000,81,7,74,0
804,664454653,azul,azul,reativa,verde,0,-3,14,150,120,1.2500,0.0000,187,11,176,0
805,1222287018,verde,verde,reativa,verde,1,3,16,60,30,2.0000,0.0625,352,6,346,0
805,1222287018,verde,vermelho,reativa,verde,0,-3,16,90,120,0.7500,0.0000,256,8,248,0
805,1222287018,verde,azul,reativa,verde,0,-3,16,120,120,1.0000,0.0000,282,9,273,0
806,1050928200,vermelho,verde,reativa,azul,0,-3,14,90,120,0.7500,0.0000,32,6,26,0
806,1050928200,vermelho,vermelho,reativa,azul,0,-3,14,150,120,1.2500,0.0714,224,12,212,0
806,1050928200,vermelho,azul,reativa,azul,1,3,14,30,30,1.0000,0.1429,331,3,328,0
807,1496432766,azul,verde,reativa,verde,1,3,27,30,0,30.0000,0.0769,544,2,542,0
807,1496432766,azul,vermelho,reativa,verde,0,-3,27,120,120,1.0000,0.0000,488,8,480,0
807,1496432766,azul,azul,reativa,verde,0,-3,27,90,120,0.7500,0.0000,150,6,144,0
808,1546097094,verde,verde,reativa,azul,0,-3,27,120,120,1.0000,0.0741,510,8,502,0
808,1546097094,verde,vermelho,reativa,azul,0,-3,27,90,120,0.7500,0.0000,32,6,26,0
808,1546097094,verde,azul,reativa,azul,1,3,27,30,0,30.0000,0.0370,598,2,596,0
809,153640283,vermelho,verde,reativa,verde,1,3,25,30,30,1.0000,0.0000,539,2,537,0
809,153640283,vermelho,vermelho,reativa,verde,0,-3,25,90,120,0.7500,0.0000,289,7,282,0
809,153640283,vermelho,azul,reativa,verde,0,-3,25,150,120,1.2500,0.0000,477,12,465,0
810,1109067602,azul,verde,reativa,vermelho,0,-3,23,180,100,1.8000,0.3182,400,13,387,0
810,1109067602,azul,vermelho,reativa,vermelho,1,3,23,60,60,1.0000,0.2273,489,4,485,0
810,1109067602,azul,azul,reativa,vermelho,0,-3,23,40,120,0.3333,0.4545,175,9,166,0
811,1182380079,verde,verde,reativa,verde,1,3,20,30,30,1.0000,0.0000,470,2,468,0
811,1182380079,verde,vermelho,reativa,verde,0,-3,20,150,120,1.2500,0.0000,297,10,287,0
811,1182380079,verde,azul,reativa,verde,0,-3,20,90,120,0.7500,0.0000,116,6,110,0
812,995907090,vermelho,verde,reativa,verde,1,3,32,30,0,30.0000,0.0968,706,2,704,0
812,995907090,vermelho,vermelho,reativa,verde,0,-3,32,120,120,1.0000,0.0323,610,9,601,0
812,995907090,vermelho,azul,reativa,verde,0,-3,32,90,120,0.7500,0.0000,296,7,289,0
813,2009703295,azul,verde,reativa,vermelho,0,-3,33,150,120,1.2500,0.0625,667,15,652,0
813,2009703295,azul,vermelho,reativa,vermelho,1,3,33,30,30,1.0000,0.0000,744,1,743,0
813,2009703295,azul,azul,reativa,vermelho,0,-3,33,90,120,0.7500,0.1250,116,8,108,0
814,2108967014,verde,verde,reativa,verde,1,3,33,30,0,30.0000,0.0606,807,4,803,0
814,2108967014,verde,vermelho,reativa,verde,0,-3,33,90,120,0.7500,0.3846,260,6,254,0
814,2108967014,verde,azul,reativa,verde,0,-3,33,120,120,1.0000,0.0313,614,10,604,0
815,484446759,vermelho,verde,reativa,vermelho,0,-3,19,90,120,0.7500,0.0000,127,7,120,0
815,484446759,vermelho,vermelho,reativa,vermelho,1,3,19,30,0,30.0000,0.0000,457,2,455,0
815,484446759,vermelho,azul,reativa,vermelho,0,-3,19,120,120,1.0000,0.0000,326,9,317,0
816,780071506,azul,verde,reativa,vermelho,0,-3,24,150,120,1.2500,0.1304,430,11,419,0
816,780071506,azul,vermelho,reativa,vermelho,1,3,24,30,30,1.0000,0.0870,517,2,515,0
816,780071506,azul,azul,reativa,vermelho,0,-3,24,90,120,0.7500,0.7143,102,7,95,0
817,853399628,verde,verde,reativa,vermelho,0,-3,19,150,120,1.2500,0.0000,324,11,313,0
817,853399628,verde,vermelho,reativa,vermelho,1,3,19,30,30,1.0000,0.0526,434,2,432,0
817,853399628,verde,azul,reativa,vermelho,0,-3,19,90,120,0.7500,0.0000,80,7,73,0
818,1422126434,vermelho,verde,reativa,vermelho,0,-3,23,90,120,0.7500,0.0000,69,7,62,0
818,1422126434,vermelho,vermelho,reativa,vermelho,1,3,23,30,0,30.0000,0.0435,507,2,505,0
818,1422126434,vermelho,azul,reativa,vermelho,0,-3,23,120,120,1.0000,0.0000,456,9,447,0
819,1002835612,azul,verde,reativa,verde,1,3,12,30,0,30.0000,0.0000,255,2,253,0
819,1002835612,azul,vermelho,reativa,verde,0,-3,12,120,120,1.0000,0.0000,144,9,135,0
819,1002835612,azul,azul,reativa,verde,0,-3,12,90,120,0.7500,0.0000,104,7,97,0
820,1448939825,verde,verde,reativa,verde,1,3,26,30,30,1.0000,0.0000,586,2,584,0
820,1448939825,verde,vermelho,reativa,verde,0,-3,26,90,120,0.7500,0.2857,258,6,252,0
820,1448939825,verde,azul,reativa,verde,0,-3,26,150,120,1.2500,0.0800,470,11,459,0
821,379393432,vermelho,verde,reativa,vermelho,0,-3,33,90,120,0.7500,0.0000,84,8,76,0
821,379393432,vermelho,vermelho,reativa,vermelho,1,3,33,30,30,1.0000,0.0606,766,2,764,0
821,379393432,vermelho,azul,reativa,vermelho,0,-3,33,150,120,1.2500,0.0000,603,12,591,0
822,2107298103,azul,verde,reativa,verde,1,3,33,30,0,30.0000,0.0313,767,2,765,0
822,2107298103,azul,vermelho,reativa,verde,0,-3,33,90,120,0.7500,0.0000,184,6,178,0
822,2107298103,azul,azul,reativa,verde,0,-3,33,120,120,1.0000,0.0000,698,9,689,0
823,1528822464,verde,verde,reativa,empate,0,-1,100,0,0,0.0000,0.0000,1982,0,1982,0
823,1528822464,verde,vermelho,reativa,empate,0,-1,100,0,0,0.0000,0.0000,2052,49,2003,0
823,1528822464,verde,azul,reativa,empate,0,-1,100,0,0,0.0000,0.0000,2073,50,2023,0
824,1661114236,vermelho,verde,reativa,vermelho,0,-3,35,120,120,1.0000,0.1765,737,8,729,0
824,1661114236,vermelho,vermelho,reativa,vermelho,1,3,35,30,0,30.0000,0.0857,824,2,822,0
824,1661114236,vermelho,azul,reativa,vermelho,0,-3,35,90,120,0.7500,0.0000,245,6,239,0
825,900874270,azul,verde,reativa,empate,0,-1,100,0,0,0.0000,0.0000,2057,48,2009,0
825,900874270,azul,vermelho,reativa,empate,0,-1,100,0,0,0.0000,0.0000,2034,49,1985,0
825,900874270,azul,azul,reativa,empate,0,-1,100,0,0,0.0000,0.0100,1871,0,1871,0
826,1705519067,verde,verde,reativa,azul,0,-3,30,150,120,1.2500,0.0333,535,10,525,0
826,1705519067,verde,vermelho,reativa,azul,0,-3,30,90,120,0.7500,0.6667,75,6,69,0
826,1705519067,verde,azul,reativa,azul,1,3,30,30,30,1.0000,0.1000,682,2,680,0
827,1177791765,vermelho,verde,reativa,verde,1,3,30,30,0,30.0000,0.0000,627,3,624,0
827,1177791765,vermelho,vermelho,reativa,verde,0,-3,30,120,120,1.0000,0.0345,628,9,619,0
827,1177791765,vermelho,azul,reativa,verde,0,-3,30,90,120,0.7500,0.0000,297,6,291,0
828,704217637,azul,verde,reativa,verde,1,3,30,30,30,1.0000,0.0000,667,4,663,0
828,704217637,azul,vermelho,reativa,verde,0,-3,30,150,120,1.2500,0.2143,506,14,492,0
828,704217637,azul,azul,reativa,verde,0,-3,30,90,120,0.7500,0.2000,185,6,179,0
829,770907264,verde,verde,reativa,azul,0,-3,11,90,120,0.7500,0.2857,108,7,101,0
829,770907264,verde,vermelho,reativa,azul,0,-3,11,150,120,1.2500,0.0000,152,11,141,0
829,770907264,verde,azul,reativa,azul,1,3,11,30,30,1.0000,0.2727,237,2,235,0
830,867905328,vermelho,verde,reativa,azul,0,-3,30,120,120,1.0000,0.0345,609,8,601,0
830,867905328,vermelho,vermelho,reativa,azul,0,-3,30,90,120,0.7500,0.0000,121,7,114,0
830,867905328,vermelho,azul,reativa,azul,1,3,30,30,0,30.0000,0.0000,730,2,728,0
831,1547102212,azul,verde,reativa,vermelho,0,-3,24,120,120,1.0000,0.3478,478,11,467,0
831,1547102212,azul,vermelho,reativa,vermelho,1,3,24,30,0,30.0000,0.0435,523,2,521,0
831,1547102212,azul,azul,reativa,vermelho,0,-3,24,90,120,0.7500,0.5000,229,7,222,0
832,1427051027,verde,verde,reativa,vermelho,0,-3,19,90,120,0.7500,0.1000,176,8,168,0
832,1427051027,verde,vermelho,reativa,vermelho,1,3,19,30,0,30.0000,0.0526,323,2,321,0
832,1427051027,verde,azul,reativa,vermelho,0,-3,19,120,120,1.0000,0.0000,301,9,292,0
833,347179498,vermelho,verde,reativa,vermelho,0,-3,22,150,120,1.2500,0.0000,418,11,407,0
833,347179498,vermelho,vermelho,reativa,vermelho,1,3,22,30,30,1.0000,0.0000,513,2,511,0
833,347179498,vermelho,azul,reativa,vermelho,0,-3,22,90,120,0.7500,0.0000,185,6,179,0
834,1886650417,azul,verde,reativa,azul,0,-3,16,90,120,0.7500,0.3750,99,6,93,0
834,1886650417,azul,vermelho,reativa,azul,0,-3,16,120,120,1.0000,0.0000,276,8,268,0
834,1886650417,azul,azul,reativa,azul,1,3,16,30,0,30.0000,0.0000,337,2,335,0
835,15777031,verde,verde,reativa,vermelho,0,-3,18,120,120,1.0000,0.0556,346,9,337,0
835,15777031,verde,vermelho,reativa,vermelho,1,3,18,30,0,30.0000,0.0556,402,2,400,0
835,15777031,verde,azul,reativa,vermelho,0,-3,18,90,120,0.7500,0.0000,101,7,94,0
836,1363852363,vermelho,verde,reativa,vermelho,0,-3,30,120,120,1.0000,0.0690,621,9,612,0
836,1363852363,vermelho,vermelho,reativa,vermelho,1,3,30,30,0,30.0000,0.1667,711,2,709,0
836,1363852363,vermelho,azul,reativa,vermelho,0,-3,30,90,120,0.7500,0.1250,134,7,127,0
837,1258731941,azul,verde,reativa,azul,0,-3,18,150,120,1.2500,0.0000,293,11,282,0
837,1258731941,azul,vermelho,reativa,azul,0,-3,18,90,120,0.7500,0.0000,112,6,106,0
837,1258731941,azul,azul,reativa,azul,1,3,18,30,30,1.0000,0.0000,405,2,403,0
838,1494699440,verde,verde,reativa,verde,1,3,37,30,30,1.0000,0.0541,805,3,802,0
838,1494699440,verde,vermelho,reativa,verde,0,-3,37,90,120,0.7500,0.0000,473,6,467,0
838,1494699440,verde,azul,reativa,verde,0,-3,37,150,120,1.2500,0.0000,735,11,724,0
839,1628579981,vermelho,verde,reativa,verde,1,3,27,30,30,1.0000,0.1154,565,2,563,0
839,1628579981,vermelho,vermelho,reativa,verde,0,-3,27,150,120,1.2500,0.0000,541,10,531,0
839,1628579981,vermelho,azul,reativa,verde,0,-3,27,90,120,0.7500,0.0000,57,6,51,0
840,250397122,azul,verde,reativa,vermelho,0,-3,22,120,120,1.0000,0.0000,367,9,358,0
840,250397122,azul,vermelho,reativa,vermelho,1,3,22,30,0,30.0000,0.0000,353,2,351,0
840,250397122,azul,azul,reativa,vermelho,0,-3,22,90,120,0.7500,0.0000,192,9,183,0
841,881510746,verde,verde,reativa,verde,1,3,22,30,0,30.0000,0.0000,463,2,461,0
841,881510746,verde,vermelho,reativa,verde,0,-3,22,120,120,1.0000,0.0476,428,8,420,0
841,881510746,verde,azul,reativa,verde,0,-3,22,90,120,0.7500,0.0667,303,6,297,0
842,1164238508,vermelho,verde,reativa,vermelho,0,-3,16,150,120,1.2500,0.0000,265,11,254,0
842,1164238508,vermelho,vermelho,reativa,vermelho,1,3,16,30,30,1.0000,0.0000,381,2,379,0
842,1164238508,vermelho,azul,reativa,vermelho,0,-3,16,90,120,0.7500,0.0000,84,7,77,0
843,1457461325,azul,verde,reativa,verde,1,3,22,30,30,1.0000,0.0000,410,2,408,0
843,1457461325,azul,vermelho,reativa,verde,0,-3,22,90,120,0.7500,0.0000,148,6,142,0
843,1457461325,azul,azul,reativa,verde,0,-3,22,150,120,1.2500,0.0476,368,12,356,0
844,1551343355,verde,verde,reativa,vermelho,0,-3,12,120,120,1.0000,0.0833,210,9,201,0
844,1551343355,verde,vermelho,reativa,vermelho,1,3,12,30,0,30.0000,0.0000,251,2,249,0
844,1551343355,verde,azul,reativa,vermelho,0,-3,12,90,120,0.7500,0.0000,202,7,195,0
845,2140318315,vermelho,verde,reativa,vermelho,0,-3,19,150,120,1.2500,0.0000,312,10,302,0
845,2140318315,vermelho,vermelho,reativa,vermelho,1,3,19,30,30,1.0000,0.1053,411,2,409,0
845,2140318315,vermelho,azul,reativa,vermelho,0,-3,19,90,120,0.7500,0.0000,52,6,46,0
846,2014609842,azul,verde,reativa,vermelho,0,-3,9,90,120,0.7500,0.0000,83,7,76,0
846,2014609842,azul,vermelho,reativa,vermelho,1,3,9,60,0,60.0000,0.1250,130,4,126,0
846,2014609842,azul,azul,reativa,vermelho,0,-3,9,90,120,0.7500,0.0000,132,7,125,0
847,582212434,verde,verde,reativa,azul,0,-3,31,150,120,1.2500,0.0645,630,11,619,0
847,582212434,verde,vermelho,reativa,azul,0,-3,31,90,120,0.7500,0.0000,159,6,153,0
847,582212434,verde,azul,reativa,azul,1,3,31,30,30,1.0000,0.0000,705,2,703,0
848,2005396972,vermelho,verde,reativa,azul,0,-3,14,90,120,0.7500,0.0000,53,7,46,0
848,2005396972,vermelho,vermelho,reativa,azul,0,-3,14,120,120,1.0000,0.1429,248,8,240,0
848,2005396972,vermelho,azul,reativa,azul,1,3,14,30,0,30.0000,0.0000,336,2,334,0
849,396879593,azul,verde,reativa,verde,1,3,15,120,60,2.0000,0.0000,263,12,251,0
849,396879593,azul,vermelho,reativa,verde,0,-3,15,120,120,1.0000,0.0000,238,13,225,0
849,396879593,azul,azul,reativa,verde,0,-3,15,60,120,0.5000,0.0000,258,6,252,0
850,73218816,verde,verde,reativa,vermelho,0,-3,15,90,120,0.7500,0.1000,185,6,179,0
850,73218816,verde,vermelho,reativa,vermelho,1,3,15,30,0,30.0000,0.2667,308,2,306,0
850,73218816,verde,azul,reativa,vermelho,0,-3,15,120,120,1.0000,0.5000,263,9,254,0
851,1734867821,vermelho,verde,reativa,vermelho,0,-3,26,150,120,1.2500,0.0000,478,11,467,0
851,1734867821,vermelho,vermelho,reativa,vermelho,1,3,26,30,30,1.0000,0.0385,594,2,592,0
851,1734867821,vermelho,azul,reativa,vermelho,0,-3,26,90,120,0.7500,0.0000,124,6,118,0
852,532289079,azul,verde,reativa,vermelho,0,-3,17,120,120,1.0000,0.0625,316,9,307,0
852,532289079,azul,vermelho,reativa,vermelho,1,3,17,30,0,30.0000,0.0000,349,2,347,0
852,532289079,azul,azul,reativa,vermelho,0,-3,17,90,120,0.7500,0.1000,184,6,178,0
853,1631779701,verde,verde,reativa,verde,1,3,20,30,30,1.0000,0.0000,464,4,460,0
853,1631779701,verde,vermelho,reativa,verde,0,-3,20,90,120,0.7500,0.0000,145,6,139,0
853,1631779701,verde,azul,reativa,verde,0,-3,20,150,120,1.2500,0.2632,350,14,336,0
854,85258658,vermelho,verde,reativa,verde,1,3,22,30,0,30.0000,0.0476,478,2,476,0
854,85258658,vermelho,vermelho,reativa,verde,0,-3,22,90,120,0.7500,0.0000,231,6,225,0
854,85258658,vermelho,azul,reativa,verde,0,-3,22,120,120,1.0000,0.0952,421,9,412,0
855,942012666,azul,verde,reativa,verde,1,3,23,30,30,1.0000,0.0909,474,2,472,0
855,942012666,azul,vermelho,reativa,verde,0,-3,23,150,120,1.2500,0.2381,413,10,403,0
855,942012666,azul,azul,reativa,verde,0,-3,23,90,120,0.7500,0.1111,144,6,138,0
856,1074658908,verde,verde,reativa,vermelho,0,-3,19,120,120,1.0000,0.0000,359,9,350,0
856,1074658908,verde,vermelho,reativa,vermelho,1,3,19,30,0,30.0000,0.0526,451,2,449,0
856,1074658908,verde,azul,reativa,vermelho,0,-3,19,90,120,0.7500,0.0000,131,7,124,0
857,245171136,vermelho,verde,reativa,azul,0,-3,17,120,120,1.0000,0.0000,266,9,257,0
857,245171136,vermelho,vermelho,reativa,azul,0,-3,17,90,120,0.7500,0.0000,134,7,127,0
857,245171136,vermelho,azul,reativa,azul,1,3,17,30,0,30.0000,0.0588,363,2,361,0
858,2021010886,azul,verde,reativa,verde,1,3,19,30,30,1.0000,0.0556,373,2,371,0
858,2021010886,azul,vermelho,reativa,verde,0,-3,19,90,120,0.7500,0.0000,109,7,102,0
858,2021010886,azul,azul,reativa,verde,0,-3,19,150,120,1.2500,0.1111,336,11,325,0
859,329362190,verde,verde,reativa,verde,1,3,39,30,30,1.0000,0.0256,692,2,690,0
859,329362190,verde,vermelho,reativa,verde,0,-3,39,150,120,1.2500,0.2105,827,13,814,0
859,329362190,verde,azul,reativa,verde,0,-3,39,90,120,0.7500,0.0000,411,7,404,0
860,820834749,vermelho,verde,reativa,vermelho,0,-3,29,60,120,0.5000,0.0769,580,8,572,0
860,820834749,vermelho,vermelho,reativa,vermelho,1,3,29,120,30,4.0000,0.0000,614,17,597,0
860,820834749,vermelho,azul,reativa,vermelho,0,-3,29,90,120,0.7500,0.0000,608,7,601,0
861,1440881829,azul,verde,reativa,verde,1,3,22,90,30,3.0000,0.0000,421,8,413,0
861,1440881829,azul,vermelho,reativa,verde,0,-3,22,120,120,1.0000,0.0000,386,15,371,0
861,1440881829,azul,azul,reativa,verde,0,-3,22,60,120,0.5000,0.0526,402,6,396,0
862,106408623,verde,verde,reativa,vermelho,0,-3,19,60,120,0.5000,0.0000,369,4,365,0
862,106408623,verde,vermelho,reativa,vermelho,1,3,19,90,30,3.0000,0.0000,342,8,334,0
862,106408623,verde,azul,reativa,vermelho,0,-3,19,120,120,1.0000,0.0000,358,13,345,0
863,1817240856,vermelho,verde,reativa,empate,0,-1,100,0,0,0.0000,0.0202,2540,0,2540,0
863,1817240856,vermelho,vermelho,reativa,empate,0,-1,100,120,90,1.3333,0.0500,1645,8,1637,0
863,1817240856,vermelho,azul,reativa,empate,0,-1,100,90,120,0.7500,0.1429,107,6,101,0
864,1768830967,azul,verde,reativa,azul,0,-3,21,150,120,1.2500,0.0000,374,11,363,0
864,1768830967,azul,vermelho,reativa,azul,0,-3,21,90,120,0.7500,0.0000,169,7,162,0
864,1768830967,azul,azul,reativa,azul,1,3,21,30,30,1.0000,0.0476,474,2,472,0
865,1437286984,verde,verde,reativa,vermelho,0,-3,11,120,120,1.0000,0.0000,177,9,168,0
865,1437286984,verde,vermelho,reativa,vermelho,1,3,11,30,0,30.0000,0.0000,240,2,238,0
865,1437286984,verde,azul,reativa,vermelho,0,-3,11,90,120,0.7500,0.0000,76,7,69,0
866,525821035,vermelho,verde,reativa,vermelho,0,-3,20,120,120,1.0000,0.0526,384,9,375,0
866,525821035,vermelho,vermelho,reativa,vermelho,1,3,20,30,0,30.0000,0.0500,467,2,465,0
866,525821035,vermelho,azul,reativa,vermelho,0,-3,20,90,120,0.7500,0.1111,160,6,154,0
867,797956592,azul,verde,reativa,verde,1,3,22,60,0,60.0000,0.0476,453,4,449,0
867,797956592,azul,vermelho,reativa,verde,0,-3,22,90,120,0.7500,0.0526,407,7,400,0
867,797956592,azul,azul,reativa,verde,0,-3,22,90,120,0.7500,0.0000,436,6,430,0
868,895959840,verde,verde,reativa,vermelho,0,-3,18,150,120,1.2500,0.0556,334,11,323,0
868,895959840,verde,vermelho,reativa,vermelho,1,3,18,30,30,1.0000,0.0556,400,3,397,0
868,895959840,verde,azul,reativa,vermelho,0,-3,18,90,120,0.7500,0.5000,133,6,127,0
869,704269707,vermelho,verde,reativa,vermelho,0,-3,18,150,120,1.2500,0.0000,271,11,260,0
869,704269707,vermelho,vermelho,reativa,vermelho,1,3,18,30,30,1.0000,0.0556,386,4,382,0
869,704269707,vermelho,azul,reativa,vermelho,0,-3,18,90,120,0.7500,0.0000,168,6,162,0
870,1136894587,azul,verde,reativa,vermelho,0,-3,25,150,120,1.2500,0.0000,444,10,434,0
870,1136894587,azul,vermelho,reativa,vermelho,1,3,25,30,30,1.0000,0.0000,579,2,577,0
870,1136894587,azul,azul,reativa,vermelho,0,-3,25,90,120,0.7500,0.0000,319,6,313,0
871,94009992,verde,verde,reativa,azul,0,-3,21,150,120,1.2500,0.0000,348,10,338,0
871,94009992,verde,vermelho,reativa,azul,0,-3,21,90,120,0.7500,0.0000,57,7,50,0
871,94009992,verde,azul,reativa,azul,1,3,21,30,30,1.0000,0.0476,473,2,471,0
872,323377721,vermelho,verde,reativa,vermelho,0,-3,60,90,120,0.7500,0.0000,700,6,694,0
872,323377721,vermelho,vermelho,reativa,vermelho,1,3,60,30,0,30.0000,0.0167,1387,2,1385,0
872,323377721,vermelho,azul,reativa,vermelho,0,-3,60,120,120,1.0000,0.0339,1341,8,1333,0
873,1854823995,azul,verde,reativa,verde,1,3,27,30,0,30.0000,0.0385,575,2,573,0
873,1854823995,azul,vermelho,reativa,verde,0,-3,27,120,120,1.0000,0.0000,519,8,511,0
873,1854823995,azul,azul,reativa,verde,0,-3,27,90,120,0.7500,0.0000,114,6,108,0
874,1320851921,verde,verde,reativa,vermelho,0,-3,18,80,120,0.6667,0.0000,34,8,26,0
874,1320851921,verde,vermelho,reativa,vermelho,1,3,18,30,0,30.0000,0.0000,380,3,377,0
874,1320851921,verde,azul,reativa,vermelho,0,-3,18,120,110,1.0909,0.2941,336,9,327,0
875,53599161,vermelho,verde,reativa,verde,1,3,20,30,30,1.0000,0.1579,455,4,451,0
875,53599161,vermelho,vermelho,reativa,verde,0,-3,20,90,120,0.7500,0.0000,250,7,243,0
875,53599161,vermelho,azul,reativa,verde,0,-3,20,150,120,1.2500,0.0000,345,15,330,0
876,1714789643,azul,verde,reativa,verde,1,3,28,30,0,30.0000,0.0370,607,3,604,0
876,1714789643,azul,vermelho,reativa,verde,0,-3,28,120,120,1.0000,0.0000,518,10,508,0
876,1714789643,azul,azul,reativa,verde,0,-3,28,90,120,0.7500,0.0909,166,6,160,0
877,2001167285,verde,verde,reativa,verde,1,3,12,30,0,30.0000,0.0833,270,3,267,0
877,2001167285,verde,vermelho,reativa,verde,0,-3,12,120,120,1.0000,0.0000,165,10,155,0
877,2001167285,verde,azul,reativa,verde,0,-3,12,90,120,0.7500,0.0000,31,6,25,0
878,236604881,vermelho,verde,reativa,verde,1,3,40,20,20,1.0000,0.0513,751,2,749,0
878,236604881,vermelho,vermelho,reativa,verde,0,-3,40,90,120,0.7500,0.0556,381,7,374,0
878,236604881,vermelho,azul,reativa,verde,0,-3,40,140,110,1.2727,0.1026,823,11,812,0
879,836176005,azul,verde,reativa,verde,1,3,15,30,30,1.0000,0.0000,292,2,290,0
879,836176005,azul,vermelho,reativa,verde,0,-3,15,90,120,0.7500,0.0000,83,7,76,0
879,836176005,azul,azul,reativa,verde,0,-3,15,150,120,1.2500,0.0000,217,11,206,0
880,1096791990,verde,verde,reativa,azul,0,-3,24,90,120,0.7500,0.0000,83,7,76,0
880,1096791990,verde,vermelho,reativa,azul,0,-3,24,150,120,1.2500,0.0000,498,11,487,0
880,1096791990,verde,azul,reativa,azul,1,3,24,30,30,1.0000,0.1250,560,2,558,0
881,1331799799,vermelho,verde,reativa,azul,0,-3,28,90,120,0.7500,0.0000,54,7,47,0
881,1331799799,vermelho,vermelho,reativa,azul,0,-3,28,120,120,1.0000,0.1071,568,8,560,0
881,1331799799,vermelho,azul,reativa,azul,1,3,28,30,0,30.0000,0.0357,687,2,685,0
882,237640937,azul,verde,reativa,verde,1,3,25,30,0,30.0000,0.0833,584,2,582,0
882,237640937,azul,vermelho,reativa,verde,0,-3,25,120,120,1.0000,0.0870,460,9,451,0
882,237640937,azul,azul,reativa,verde,0,-3,25,90,120,0.7500,0.0000,203,6,197,0
883,1455511300,verde,verde,reativa,azul,0,-3,64,90,120,0.7500,0.0000,154,6,148,0
883,1455511300,verde,vermelho,reativa,azul,0,-3,64,150,120,1.2500,0.0781,1343,12,1331,0
883,1455511300,verde,azul,reativa,azul,1,3,64,30,30,1.0000,0.0156,894,2,892,0
884,1910967048,vermelho,verde,reativa,vermelho,0,-3,17,90,120,0.7500,0.8000,51,6,45,0
884,1910967048,vermelho,vermelho,reativa,vermelho,1,3,17,30,0,30.0000,0.0588,391,2,389,0
884,1910967048,vermelho,azul,reativa,vermelho,0,-3,17,120,120,1.0000,0.0625,281,8,273,0
885,1277800770,azul,verde,reativa,azul,0,-3,16,90,120,0.7500,0.0909,182,6,176,0
885,1277800770,azul,vermelho,reativa,azul,0,-3,16,150,120,1.2500,0.1333,227,11,216,0
885,1277800770,azul,azul,reativa,azul,1,3,16,30,30,1.0000,0.0000,377,2,375,0
886,695659536,verde,verde,reativa,verde,1,3,13,30,30,1.0000,0.0000,280,2,278,0
886,695659536,verde,vermelho,reativa,verde,0,-3,13,90,120,0.7500,0.0000,55,6,49,0
886,695659536,verde,azul,reativa,verde,0,-3,13,150,120,1.2500,0.0000,181,10,171,0
887,2127157764,vermelho,verde,reativa,verde,1,3,17,30,0,30.0000,0.1250,282,2,280,0
887,2127157764,vermelho,vermelho,reativa,verde,0,-3,17,120,120,1.0000,0.0000,284,9,275,0
887,2127157764,vermelho,azul,reativa,verde,0,-3,17,90,120,0.7500,0.0000,79,7,72,0
888,249328386,azul,verde,reativa,verde,1,3,23,30,0,30.0000,0.2727,532,2,530,0
888,249328386,azul,vermelho,reativa,verde,0,-3,23,120,120,1.0000,0.0000,430,8,422,0
888,249328386,azul,azul,reativa,verde,0,-3,23,90,120,0.7500,0.0000,108,7,101,0
889,832162818,verde,verde,reativa,empate,0,-1,100,0,0,0.0000,0.0000,2032,49,1983,0
889,832162818,verde,vermelho,reativa,empate,0,-1,100,0,0,0.0000,0.0200,2591,0,2591,0
889,832162818,verde,azul,reativa,empate,0,-1,100,0,0,0.0000,0.0000,1958,48,1910,0
890,649770543,vermelho,verde,reativa,verde,1,3,22,30,30,1.0000,0.2381,468,2,466,0
890,649770543,vermelho,vermelho,reativa,verde,0,-3,22,150,120,1.2500,0.0952,396,11,385,0
890,649770543,vermelho,azul,reativa,verde,0,-3,22,90,120,0.7500,0.0909,201,6,195,0
891,1075216718,azul,verde,reativa,verde,1,3,21,30,30,1.0000,0.0000,468,2,466,0
891,1075216718,azul,vermelho,reativa,verde,0,-3,21,90,120,0.7500,0.0000,83,6,77,0
891,1075216718,azul,azul,reativa,verde,0,-3,21,150,120,1.2500,0.0500,382,10,372,0
892,1401413882,verde,verde,reativa,azul,0,-3,14,150,120,1.2500,0.0714,224,10,214,0
892,1401413882,verde,vermelho,reativa,azul,0,-3,14,90,120,0.7500,0.1429,100,6,94,0
892,1401413882,verde,azul,reativa,azul,1,3,14,30,30,1.0000,0.0000,326,4,322,0
893,1914617522,vermelho,verde,reativa,vermelho,0,-3,23,90,120,0.7500,0.0000,173,6,167,0
893,1914617522,vermelho,vermelho,reativa,vermelho,1,3,23,30,30,1.0000,0.0000,557,3,554,0
893,1914617522,vermelho,azul,reativa,vermelho,0,-3,23,150,120,1.2500,0.0909,426,12,414,0
894,1396172170,azul,verde,reativa,verde,1,3,17,150,90,1.6667,0.0000,285,14,271,0
894,1396172170,azul,vermelho,reativa,verde,0,-3,17,150,120,1.2500,0.0667,262,15,247,0
894,1396172170,azul,azul,reativa,verde,0,-3,17,30,120,0.2500,0.2308,298,4,294,0
895,147524269,verde,verde,reativa,vermelho,0,-3,16,150,120,1.2500,0.0000,262,10,252,0
895,147524269,verde,vermelho,reativa,vermelho,1,3,16,30,30,1.0000,0.1875,372,3,369,0
895,147524269,verde,azul,reativa,vermelho,0,-3,16,90,120,0.7500,0.0000,175,6,169,0
896,88215447,vermelho,verde,reativa,vermelho,0,-3,20,150,120,1.2500,0.0000,339,14,325,0
896,88215447,vermelho,vermelho,reativa,vermelho,1,3,20,30,30,1.0000,0.0000,441,1,440,0
896,88215447,vermelho,azul,reativa,vermelho,0,-3,20,90,120,0.7500,0.0000,126,6,120,0
897,1935253783,azul,verde,reativa,verde,1,3,21,30,30,1.0000,0.1500,462,3,459,0
897,1935253783,azul,vermelho,reativa,verde,0,-3,21,150,120,1.2500,0.1053,350,11,339,0
897,1935253783,azul,azul,reativa,verde,0,-3,21,90,120,0.7500,0.0000,83,7,76,0
898,1096714693,verde,verde,reativa,verde,1,3,22,30,0,30.0000,0.0455,486,2,484,0
898,1096714693,verde,vermelho,reativa,verde,0,-3,22,90,120,0.7500,0.0000,124,6,118,0
898,1096714693,verde,azul,reativa,verde,0,-3,22,120,120,1.0000,0.1429,423,9,414,0
899,1895563606,vermelho,verde,reativa,azul,0,-3,22,120,120,1.0000,0.0000,425,10,415,0
899,1895563606,vermelho,vermelho,reativa,azul,0,-3,22,90,120,0.7500,0.0000,132,7,125,0
899,1895563606,vermelho,azul,reativa,azul,1,3,22,30,0,30.0000,0.0000,478,3,475,0
900,767593850,azul,verde,reativa,verde,1,3,24,30,0,30.0000,0.0000,476,2,474,0
900,767593850,azul,vermelho,reativa,verde,0,-3,24,90,120,0.7500,0.0000,107,6,101,0
900,767593850,azul,azul,reativa,verde,0,-3,24,120,120,1.0000,0.0870,434,8,426,0
901,1987371659,verde,verde,reativa,azul,0,-3,31,90,120,0.7500,0.0000,286,6,280,0
901,1987371659,verde,vermelho,reativa,azul,0,-3,31,150,120,1.2500,0.0000,582,10,572,0
901,1987371659,verde,azul,reativa,azul,1,3,31,30,30,1.0000,0.0645,691,2,689,0
902,27872805,vermelho,verde,reativa,verde,1,3,30,30,0,30.0000,0.0690,685,3,682,0
902,27872805,vermelho,vermelho,reativa,verde,0,-3,30,120,120,1.0000,0.0000,569,10,559,0
902,27872805,vermelho,azul,reativa,verde,0,-3,30,90,120,0.7500,0.0000,237,7,230,0
903,1123407133,azul,verde,reativa,vermelho,0,-3,27,90,120,0.7500,0.0000,234,7,227,0
903,1123407133,azul,vermelho,reativa,vermelho,1,3,27,30,30,1.0000,0.1154,592,3,589,0
903,1123407133,azul,azul,reativa,vermelho,0,-3,27,150,120,1.2500,0.0000,533,13,520,0
904,1876146646,verde,verde,reativa,azul,0,-3,34,120,120,1.0000,0.0588,749,8,741,0
904,1876146646,verde,vermelho,reativa,azul,0,-3,34,90,120,0.7500,0.0000,58,6,52,0
904,1876146646,verde,azul,reativa,azul,1,3,34,30,0,30.0000,0.0588,777,2,775,0
905,1941871429,vermelho,verde,reativa,azul,0,-3,25,150,120,1.2500,0.0000,467,16,451,0
905,1941871429,vermelho,vermelho,reativa,azul,0,-3,25,90,120,0.7500,0.0000,432,8,424,0
905,1941871429,vermelho,azul,reativa,azul,1,3,25,30,30,1.0000,0.0400,558,4,554,0
906,562041356,azul,verde,reativa,vermelho,0,-3,33,90,120,0.7500,0.0000,184,6,178,0
906,562041356,azul,vermelho,reativa,vermelho,1,3,33,30,0,30.0000,0.0625,733,2,731,0
906,562041356,azul,azul,reativa,vermelho,0,-3,33,120,120,1.0000,0.0000,699,9,690,0
907,1137382925,verde,verde,reativa,vermelho,0,-3,21,90,120,0.7500,0.0000,57,6,51,0
907,1137382925,verde,vermelho,reativa,vermelho,1,3,21,30,30,1.0000,0.0476,466,2,464,0
907,1137382925,verde,azul,reativa,vermelho,0,-3,21,150,120,1.2500,0.0000,391,10,381,0
908,44253473,vermelho,verde,reativa,azul,0,-3,23,120,120,1.0000,0.0455,466,8,458,0
908,44253473,vermelho,vermelho,reativa,azul,0,-3,23,90,120,0.7500,0.0000,287,7,280,0
908,44253473,vermelho,azul,reativa,azul,1,3,23,30,0,30.0000,0.0000,509,2,507,0
909,1560650065,azul,verde,reativa,vermelho,0,-3,35,150,120,1.2500,0.0000,706,11,695,0
909,1560650065,azul,vermelho,reativa,vermelho,1,3,35,30,30,1.0000,0.0882,600,2,598,0
909,1560650065,azul,azul,reativa,vermelho,0,-3,35,90,120,0.7500,0.0000,75,7,68,0
910,412950855,verde,verde,reativa,vermelho,0,-3,15,90,120,0.7500,0.0833,209,7,202,0
910,412950855,verde,vermelho,reativa,vermelho,1,3,15,30,0,30.0000,0.0667,353,2,351,0
910,412950855,verde,azul,reativa,vermelho,0,-3,15,120,120,1.0000,0.3571,227,10,217,0
911,607510251,vermelho,verde,reativa,vermelho,0,-3,35,120,120,1.0000,0.0000,714,8,706,0
911,607510251,vermelho,vermelho,reativa,vermelho,1,3,35,30,0,30.0000,0.0000,858,2,856,0
911,607510251,vermelho,azul,reativa,vermelho,0,-3,35,90,120,0.7500,0.0000,253,6,247,0
912,1238126236,azul,verde,reativa,vermelho,0,-3,19,120,120,1.0000,0.0000,341,9,332,0
912,1238126236,azul,vermelho,reativa,vermelho,1,3,19,30,0,30.0000,0.0000,413,2,411,0
912,1238126236,azul,azul,reativa,vermelho,0,-3,19,90,120,0.7500,0.0000,106,8,98,0
913,1121641946,verde,verde,reativa,azul,0,-3,13,120,120,1.0000,0.0000,237,13,224,0
913,1121641946,verde,vermelho,reativa,azul,0,-3,13,60,120,0.5000,0.0000,226,5,221,0
913,1121641946,verde,azul,reativa,azul,1,3,13,90,30,3.0000,0.0000,247,8,239,0
914,420667202,vermelho,verde,reativa,vermelho,0,-3,22,90,120,0.7500,0.2857,253,9,244,0
914,420667202,vermelho,vermelho,reativa,vermelho,1,3,22,30,30,1.0000,0.0000,503,2,501,0
914,420667202,vermelho,azul,reativa,vermelho,0,-3,22,150,120,1.2500,0.0000,377,12,365,0
915,1568625357,azul,verde,reativa,verde,1,3,21,90,30,3.0000,0.0500,383,8,375,0
915,1568625357,azul,vermelho,reativa,verde,0,-3,21,60,120,0.5000,0.0000,380,5,375,0
915,1568625357,azul,azul,reativa,verde,0,-3,21,120,120,1.0000,0.0000,408,9,399,0
916,988698174,verde,verde,reativa,azul,0,-3,25,120,120,1.0000,0.0000,515,9,506,0
916,988698174,verde,vermelho,reativa,azul,0,-3,25,90,120,0.7500,0.0000,58,6,52,0
916,988698174,verde,azul,reativa,azul,1,3,25,30,0,30.0000,0.0800,571,3,568,0
917,1920469873,vermelho,verde,reativa,verde,1,3,25,30,30,1.0000,0.0000,499,2,497,0
917,1920469873,vermelho,vermelho,reativa,verde,0,-3,25,90,120,0.7500,0.0000,83,7,76,0
917,1920469873,vermelho,azul,reativa,verde,0,-3,25,150,120,1.2500,0.0417,485,10,475,0
918,427165887,azul,verde,reativa,vermelho,0,-3,17,120,120,1.0000,0.0625,313,9,304,0
918,427165887,azul,vermelho,reativa,vermelho,1,3,17,30,0,30.0000,0.0000,378,2,376,0
918,427165887,azul,azul,reativa,vermelho,0,-3,17,90,120,0.7500,0.0000,129,6,123,0
919,1734036530,verde,verde,reativa,vermelho,0,-3,40,90,120,0.7500,0.0000,200,6,194,0
919,1734036530,verde,vermelho,reativa,vermelho,1,3,40,30,30,1.0000,0.0500,905,2,903,0
919,1734036530,verde,azul,reativa,vermelho,0,-3,40,150,120,1.2500,0.0256,765,10,755,0
920,1207230511,vermelho,verde,reativa,azul,0,-3,19,90,120,0.7500,0.0000,126,9,117,0
920,1207230511,vermelho,vermelho,reativa,azul,0,-3,19,120,120,1.0000,0.0000,361,8,353,0
920,1207230511,vermelho,azul,reativa,azul,1,3,19,30,0,30.0000,0.2632,409,7,402,0
921,107751489,azul,verde,reativa,vermelho,0,-3,26,120,120,1.0000,0.0400,515,9,506,0
921,107751489,azul,vermelho,reativa,vermelho,1,3,26,30,0,30.0000,0.1200,538,2,536,0
921,107751489,azul,azul,reativa,vermelho,0,-3,26,90,120,0.7500,0.0000,90,6,84,0
922,66732485,verde,verde,reativa,vermelho,0,-3,14,90,120,0.7500,0.0000,192,6,186,0
922,66732485,verde,vermelho,reativa,vermelho,1,3,14,30,30,1.0000,0.1429,318,2,316,0
922,66732485,verde,azul,reativa,vermelho,0,-3,14,150,120,1.2500,0.0000,203,11,192,0
923,18312935,vermelho,verde,reativa,verde,1,3,19,30,0,30.0000,0.1667,423,2,421,0
923,18312935,vermelho,vermelho,reativa,verde,0,-3,19,90,120,0.7500,0.1429,107,8,99,0
923,18312935,vermelho,azul,reativa,verde,0,-3,19,120,120,1.0000,0.0556,345,10,335,0
924,1367906468,azul,verde,reativa,vermelho,0,-3,21,120,120,1.0000,0.1000,410,9,401,0
924,1367906468,azul,vermelho,reativa,vermelho,1,3,21,30,0,30.0000,0.1000,479,2,477,0
924,1367906468,azul,azul,reativa,vermelho,0,-3,21,90,120,0.7500,0.0000,208,6,202,0
925,1533422519,verde,verde,reativa,verde,1,3,12,30,30,1.0000,0.0000,285,2,283,0
925,1533422519,verde,vermelho,reativa,verde,0,-3,12,150,120,1.2500,0.0909,161,10,151,0
925,1533422519,verde,azul,reativa,verde,0,-3,12,90,120,0.7500,0.0000,108,7,101,0
926,372069853,vermelho,verde,reativa,azul,0,-3,25,90,120,0.7500,0.0000,152,9,143,0
926,372069853,vermelho,vermelho,reativa,azul,0,-3,25,150,120,1.2500,0.0000,497,11,486,0
926,372069853,vermelho,azul,reativa,azul,1,3,25,30,30,1.0000,0.0800,591,2,589,0
927,778134302,azul,verde,reativa,vermelho,0,-3,27,90,120,0.7500,0.0400,539,7,532,0
927,778134302,azul,vermelho,reativa,vermelho,1,3,27,90,0,90.0000,0.0000,556,8,548,0
927,778134302,azul,azul,reativa,vermelho,0,-3,27,60,120,0.5000,0.0000,593,7,586,0
928,1831905812,verde,verde,reativa,azul,0,-3,13,90,120,0.7500,0.0000,154,6,148,0
928,1831905812,verde,vermelho,reativa,azul,0,-3,13,150,120,1.2500,0.0000,210,11,199,0
928,1831905812,verde,azul,reativa,azul,1,3,13,30,30,1.0000,0.0000,279,2,277,0
929,991318533,vermelho,verde,reativa,azul,0,-3,30,90,120,0.7500,0.0000,158,6,152,0
929,991318533,vermelho,vermelho,reativa,azul,0,-3,30,150,120,1.2500,0.0000,613,11,602,0
929,991318533,vermelho,azul,reativa,azul,1,3,30,30,30,1.0000,0.1000,636,2,634,0
930,1706283989,azul,verde,reativa,verde,1,3,19,30,30,1.0000,0.0556,398,3,395,0
930,1706283989,azul,vermelho,reativa,verde,0,-3,19,150,120,1.2500,0.0000,313,11,302,0
930,1706283989,azul,azul,reativa,verde,0,-3,19,90,120,0.7500,0.0000,105,8,97,0
931,1594119628,verde,verde,reativa,verde,1,3,14,30,0,30.0000,0.0714,327,2,325,0
931,1594119628,verde,vermelho,reativa,verde,0,-3,14,90,120,0.7500,0.6667,83,8,75,0
931,1594119628,verde,azul,reativa,verde,0,-3,14,120,120,1.0000,0.3846,227,9,218,0
932,1114523884,vermelho,verde,reativa,vermelho,0,-3,22,90,120,0.7500,0.0000,342,9,333,0
932,1114523884,vermelho,vermelho,reativa,vermelho,1,3,22,30,30,1.0000,0.0000,533,3,530,0
932,1114523884,vermelho,azul,reativa,vermelho,0,-3,22,150,120,1.2500,0.0000,393,17,376,0
933,422079920,azul,verde,reativa,azul,0,-3,20,90,120,0.7500,0.2000,58,6,52,0
933,422079920,azul,vermelho,reativa,azul,0,-3,20,120,120,1.0000,0.0526,360,11,349,0
933,422079920,azul,azul,reativa,azul,1,3,20,30,0,30.0000,0.0000,420,5,415,0
934,1042459231,verde,verde,reativa,azul,0,-3,19,90,120,0.7500,0.0833,230,7,223,0
934,1042459231,verde,vermelho,reativa,azul,0,-3,19,150,120,1.2500,0.0000,362,13,349,0
934,1042459231,verde,azul,reativa,azul,1,3,19,30,30,1.0000,0.0000,450,2,448,0
935,712723097,vermelho,verde,reativa,verde,1,3,24,30,0,30.0000,0.0000,541,2,539,0
935,712723097,vermelho,vermelho,reativa,verde,0,-3,24,120,120,1.0000,0.1739,454,8,446,0
935,712723097,vermelho,azul,reativa,verde,0,-3,24,90,120,0.7500,0.0769,225,7,218,0
936,1168590347,azul,verde,reativa,azul,0,-3,27,150,120,1.2500,0.0769,491,17,474,0
936,1168590347,azul,vermelho,reativa,azul,0,-3,27,90,120,0.7500,0.0000,80,7,73,0
936,1168590347,azul,azul,reativa,azul,1,3,27,30,30,1.0000,0.1111,547,3,544,0
937,1071684288,verde,verde,reativa,azul,0,-3,28,90,120,0.7500,0.0000,251,6,245,0
937,1071684288,verde,vermelho,reativa,azul,0,-3,28,120,120,1.0000,0.1071,591,8,583,0
937,1071684288,verde,azul,reativa,azul,1,3,28,30,0,30.0000,0.0000,649,2,647,0
938,538693465,vermelho,verde,reativa,verde,1,3,74,30,30,1.0000,0.0137,1432,3,1429,0
938,538693465,vermelho,vermelho,reativa,verde,0,-3,74,90,120,0.7500,0.0417,451,7,444,0
938,538693465,vermelho,azul,reativa,verde,0,-3,74,150,120,1.2500,0.0822,1631,11,1620,0
939,1540251139,azul,verde,reativa,azul,0,-3,14,120,120,1.0000,0.0000,232,9,223,0
939,1540251139,azul,vermelho,reativa,azul,0,-3,14,90,120,0.7500,0.0000,103,7,96,0
939,1540251139,azul,azul,reativa,azul,1,3,14,30,0,30.0000,0.0000,185,2,183,0
940,1431387882,verde,verde,reativa,vermelho,0,-3,24,90,120,0.7500,0.0000,166,7,159,0
940,1431387882,verde,vermelho,reativa,vermelho,1,3,24,30,30,1.0000,0.0000,579,2,577,0
940,1431387882,verde,azul,reativa,vermelho,0,-3,24,150,120,1.2500,0.0435,449,13,436,0
941,1385593444,vermelho,verde,reativa,verde,1,3,13,30,0,30.0000,0.1667,261,3,258,0
941,1385593444,vermelho,vermelho,reativa,verde,0,-3,13,90,120,0.7500,0.0000,126,7,119,0
941,1385593444,vermelho,azul,reativa,verde,0,-3,13,120,120,1.0000,0.0000,207,10,197,0
942,602949509,azul,verde,reativa,vermelho,0,-3,66,150,120,1.2500,0.0615,1308,11,1297,0
942,602949509,azul,vermelho,reativa,vermelho,1,3,66,30,30,1.0000,0.0615,1057,2,1055,0
942,602949509,azul,azul,reativa,vermelho,0,-3,66,90,120,0.7500,0.0909,186,6,180,0
943,129881148,verde,verde,reativa,azul,0,-3,18,120,120,1.0000,0.0000,352,14,338,0
943,129881148,verde,vermelho,reativa,azul,0,-3,18,30,120,0.2500,0.1250,373,3,370,0
943,129881148,verde,azul,reativa,azul,1,3,18,150,60,2.5000,0.1667,298,15,283,0
944,988129515,vermelho,verde,reativa,vermelho,0,-3,26,120,120,1.0000,0.0000,497,8,489,0
944,988129515,vermelho,vermelho,reativa,vermelho,1,3,26,30,0,30.0000,0.0000,498,2,496,0
944,988129515,vermelho,azul,reativa,vermelho,0,-3,26,90,120,0.7500,0.0000,242,6,236,0
945,240535048,azul,verde,reativa,vermelho,0,-3,18,120,120,1.0000,0.0000,277,8,269,0
945,240535048,azul,vermelho,reativa,vermelho,1,3,18,30,0,30.0000,0.1176,376,2,374,0
945,240535048,azul,azul,reativa,vermelho,0,-3,18,90,120,0.7500,0.0000,202,6,196,0
946,1570706326,verde,verde,reativa,azul,0,-3,12,90,120,0.7500,0.0000,82,7,75,0
946,1570706326,verde,vermelho,reativa,azul,0,-3,12,150,120,1.2500,0.1667,172,11,161,0
946,1570706326,verde,azul,reativa,azul,1,3,12,30,30,1.0000,0.0000,275,2,273,0
947,507421364,vermelho,verde,reativa,azul,0,-3,17,150,120,1.2500,0.0000,242,10,232,0
947,507421364,vermelho,vermelho,reativa,azul,0,-3,17,90,120,0.7500,0.1111,150,6,144,0
947,507421364,vermelho,azul,reativa,azul,1,3,17,30,30,1.0000,0.0588,385,2,383,0
948,1685667609,azul,verde,reativa,empate,0,-1,100,0,0,0.0000,0.4848,2568,0,2568,0
948,1685667609,azul,vermelho,reativa,empate,0,-1,100,0,0,0.0000,0.0000,2385,1,2384,0
948,1685667609,azul,azul,reativa,empate,0,-1,100,0,0,0.0000,0.0000,1517,1,1516,0
949,705769209,verde,verde,reativa,verde,1,3,20,30,30,1.0000,0.0000,395,3,392,0
949,705769209,verde,vermelho,reativa,verde,0,-3,20,150,120,1.2500,0.1053,364,11,353,0
949,705769209,verde,azul,reativa,verde,0,-3,20,90,120,0.7500,0.1000,175,6,169,0
950,504911631,vermelho,verde,reativa,empate,0,-1,100,0,0,0.0000,0.0000,2039,50,1989,0
950,504911631,vermelho,vermelho,reativa,empate,0,-1,100,0,0,0.0000,0.0000,2062,50,2012,0
950,504911631,vermelho,azul,reativa,empate,0,-1,100,0,0,0.0000,0.0200,2500,0,2500,0
951,797430198,azul,verde,reativa,verde,1,3,19,30,0,30.0000,0.0000,414,3,411,0
951,797430198,azul,vermelho,reativa,verde,0,-3,19,90,120,0.7500,0.4545,209,6,203,0
951,797430198,azul,azul,reativa,verde,0,-3,19,120,120,1.0000,0.1111,360,11,349,0
952,1256198830,verde,verde,reativa,azul,0,-3,9,150,120,1.2500,0.0000,111,10,101,0
952,1256198830,verde,vermelho,reativa,azul,0,-3,9,90,120,0.7500,0.1667,80,6,74,0
952,1256198830,verde,azul,reativa,azul,1,3,9,30,30,1.0000,0.1111,187,4,183,0
953,1625466238,vermelho,verde,reativa,azul,0,-3,30,90,120,0.7500,0.0000,122,7,115,0
953,1625466238,vermelho,vermelho,reativa,azul,0,-3,30,120,120,1.0000,0.0333,603,10,593,0
953,1625466238,vermelho,azul,reativa,azul,1,3,30,30,0,30.0000,0.1000,718,2,716,0
954,270764059,azul,verde,reativa,verde,1,3,26,30,30,1.0000,0.0000,433,4,429,0
954,270764059,azul,vermelho,reativa,verde,0,-3,26,150,120,1.2500,0.0417,436,11,425,0
954,270764059,azul,azul,reativa,verde,0,-3,26,90,120,0.7500,0.0000,176,6,170,0
955,466416347,verde,verde,reativa,verde,1,3,23,30,30,1.0000,0.3478,511,2,509,0
955,466416347,verde,vermelho,reativa,verde,0,-3,23,150,120,1.2500,0.0000,411,11,400,0
955,466416347,verde,azul,reativa,verde,0,-3,23,90,120,0.7500,0.0000,202,7,195,0
956,164930889,vermelho,verde,reativa,azul,0,-3,20,150,120,1.2500,0.0526,337,10,327,0
956,164930889,vermelho,vermelho,reativa,azul,0,-3,20,90,120,0.7500,0.0000,98,7,91,0
956,164930889,vermelho,azul,reativa,azul,1,3,20,30,30,1.0000,0.0500,476,2,474,0
957,657063490,azul,verde,reativa,verde,1,3,27,30,0,30.0000,0.0000,454,3,451,0
957,657063490,azul,vermelho,reativa,verde,0,-3,27,120,120,1.0000,0.0400,478,8,470,0
957,657063490,azul,azul,reativa,verde,0,-3,27,90,120,0.7500,0.0000,147,6,141,0
958,925743247,verde,verde,reativa,azul,0,-3,9,60,120,0.5000,0.0000,166,4,162,0
958,925743247,verde,vermelho,reativa,azul,0,-3,9,90,120,0.7500,0.0000,129,8,121,0
958,925743247,verde,azul,reativa,azul,1,3,9,90,0,90.0000,0.0000,158,6,152,0
959,1712549161,vermelho,verde,reativa,azul,0,-3,14,150,120,1.2500,0.0000,203,11,192,0
959,1712549161,vermelho,vermelho,reativa,azul,0,-3,14,90,120,0.7500,0.0000,108,7,101,0
959,1712549161,vermelho,azul,reativa,azul,1,3,14,30,30,1.0000,0.1429,306,2,304,0
960,1225043013,azul,verde,reativa,verde,1,3,29,30,30,1.0000,0.0000,644,2,642,0
960,1225043013,azul,vermelho,reativa,verde,0,-3,29,90,120,0.7500,0.0000,132,6,126,0
960,1225043013,azul,azul,reativa,verde,0,-3,29,150,120,1.2500,0.0714,572,11,561,0
961,941576731,verde,verde,reativa,verde,1,3,25,30,30,1.0000,0.0000,584,2,582,0
961,941576731,verde,vermelho,reativa,verde,0,-3,25,90,120,0.7500,0.0000,230,7,223,0
961,941576731,verde,azul,reativa,verde,0,-3,25,150,120,1.2500,0.0417,477,13,464,0
962,1506476993,vermelho,verde,reativa,vermelho,0,-3,19,120,120,1.0000,0.0000,342,8,334,0
962,1506476993,vermelho,vermelho,reativa,vermelho,1,3,19,30,0,30.0000,0.0000,445,2,443,0
962,1506476993,vermelho,azul,reativa,vermelho,0,-3,19,90,120,0.7500,0.1429,103,7,96,0
963,1059674389,azul,verde,reativa,vermelho,0,-3,14,120,120,1.0000,0.0000,224,9,215,0
963,1059674389,azul,vermelho,reativa,vermelho,1,3,14,30,0,30.0000,0.0769,294,2,292,0
963,1059674389,azul,azul,reativa,vermelho,0,-3,14,90,120,0.7500,0.0000,151,6,145,0
964,629443526,verde,verde,reativa,verde,1,3,14,30,0,30.0000,0.0714,304,4,300,0
964,629443526,verde,vermelho,reativa,verde,0,-3,14,120,120,1.0000,0.0000,185,8,177,0
964,629443526,verde,azul,reativa,verde,0,-3,14,90,120,0.7500,0.0000,96,6,90,0
965,1269805790,vermelho,verde,reativa,verde,1,3,23,30,30,1.0000,0.0455,489,1,488,0
965,1269805790,vermelho,vermelho,reativa,verde,0,-3,23,150,120,1.2500,0.0000,422,12,410,0
965,1269805790,vermelho,azul,reativa,verde,0,-3,23,90,120,0.7500,0.0000,80,7,73,0
966,1317036416,azul,verde,reativa,empate,0,-1,100,0,0,0.0000,0.4747,2057,49,2008,0
966,1317036416,azul,vermelho,reativa,empate,0,-1,100,0,0,0.0000,0.0000,2033,48,1985,0
966,1317036416,azul,azul,reativa,empate,0,-1,100,0,0,0.0000,0.0100,2579,0,2579,0
967,558950948,verde,verde,reativa,verde,1,3,11,30,30,1.0000,0.0909,248,2,246,0
967,558950948,verde,vermelho,reativa,verde,0,-3,11,150,120,1.2500,0.0000,134,11,123,0
967,558950948,verde,azul,reativa,verde,0,-3,11,90,120,0.7500,0.0000,127,6,121,0
968,136670000,vermelho,verde,reativa,azul,0,-3,17,120,120,1.0000,0.0000,286,9,277,0
968,136670000,vermelho,vermelho,reativa,azul,0,-3,17,90,120,0.7500,0.0000,75,7,68,0
968,136670000,vermelho,azul,reativa,azul,1,3,17,30,0,30.0000,0.0588,404,2,402,0
969,127806416,azul,verde,reativa,vermelho,0,-3,24,90,120,0.7500,0.0000,107,6,101,0
969,127806416,azul,vermelho,reativa,vermelho,1,3,24,30,0,30.0000,0.0435,562,2,560,0
969,127806416,azul,azul,reativa,vermelho,0,-3,24,120,120,1.0000,0.0000,477,8,469,0
970,1770472552,verde,verde,reativa,vermelho,0,-3,46,150,120,1.2500,0.0870,1015,11,1004,0
970,1770472552,verde,vermelho,reativa,vermelho,1,3,46,30,30,1.0000,0.0000,956,2,954,0
970,1770472552,verde,azul,reativa,vermelho,0,-3,46,90,120,0.7500,0.0000,392,6,386,0
971,1221341580,vermelho,verde,reativa,verde,1,3,30,30,30,1.0000,0.1034,660,2,658,0
971,1221341580,vermelho,vermelho,reativa,verde,0,-3,30,150,120,1.2500,0.0690,594,11,583,0
971,1221341580,vermelho,azul,reativa,verde,0,-3,30,90,120,0.7500,0.1111,160,6,154,0
972,510847089,azul,verde,reativa,vermelho,0,-3,21,100,120,0.8333,0.6500,271,21,250,0
972,510847089,azul,vermelho,reativa,vermelho,1,3,21,30,0,30.0000,0.1000,486,2,484,0
972,510847089,azul,azul,reativa,vermelho,0,-3,21,90,100,0.9000,0.7143,123,19,104,0
973,1692598265,verde,verde,reativa,vermelho,0,-3,24,90,120,0.7500,0.0000,154,6,148,0
973,1692598265,verde,vermelho,reativa,vermelho,1,3,24,30,0,30.0000,0.0417,543,4,539,0
973,1692598265,verde,azul,reativa,vermelho,0,-3,24,120,120,1.0000,0.0870,438,12,426,0
974,248016053,vermelho,verde,reativa,vermelho,0,-3,27,90,120,0.7500,0.0000,32,6,26,0
974,248016053,vermelho,vermelho,reativa,vermelho,1,3,27,30,0,30.0000,0.0741,631,3,628,0
974,248016053,vermelho,azul,reativa,vermelho,0,-3,27,120,120,1.0000,0.0000,545,9,536,0
975,1909045985,azul,verde,reativa,azul,0,-3,25,90,120,0.7500,0.0000,210,6,204,0
975,1909045985,azul,vermelho,reativa,azul,0,-3,25,120,120,1.0000,0.0417,490,9,481,0
975,1909045985,azul,azul,reativa,azul,1,3,25,30,0,30.0000,0.0000,461,2,459,0
976,887965518,verde,verde,reativa,vermelho,0,-3,14,90,120,0.7500,0.0000,83,6,77,0
976,887965518,verde,vermelho,reativa,vermelho,1,3,14,30,0,30.0000,0.0000,307,4,303,0
976,887965518,verde,azul,reativa,vermelho,0,-3,14,120,120,1.0000,0.0769,232,10,222,0
977,1357408905,vermelho,verde,reativa,empate,0,-1,100,0,0,0.0000,0.0000,2541,0,2541,0
977,1357408905,vermelho,vermelho,reativa,empate,0,-1,100,0,0,0.0000,0.0000,2060,49,2011,0
977,1357408905,vermelho,azul,reativa,empate,0,-1,100,0,0,0.0000,0.0000,2073,50,2023,0
978,1611699638,azul,verde,reativa,verde,1,3,20,30,0,30.0000,0.1053,398,3,395,0
978,1611699638,azul,vermelho,reativa,verde,0,-3,20,90,120,0.7500,0.1818,205,6,199,0
978,1611699638,azul,azul,reativa,verde,0,-3,20,120,120,1.0000,0.1053,383,10,373,0
979,1463146029,verde,verde,reativa,azul,0,-3,13,150,120,1.2500,0.3846,200,10,190,0
979,1463146029,verde,vermelho,reativa,azul,0,-3,13,90,120,0.7500,0.0000,105,6,99,0
979,1463146029,verde,azul,reativa,azul,1,3,13,30,30,1.0000,0.0000,304,1,303,0
980,1079783323,vermelho,verde,reativa,azul,0,-3,18,180,120,1.5000,0.2941,255,14,241,0
980,1079783323,vermelho,vermelho,reativa,azul,0,-3,18,60,120,0.5000,0.0000,70,6,64,0
980,1079783323,vermelho,azul,reativa,azul,1,3,18,60,60,1.0000,0.1111,370,5,365,0
981,645188196,azul,verde,reativa,vermelho,0,-3,24,90,120,0.7500,0.0909,209,6,203,0
981,645188196,azul,vermelho,reativa,vermelho,1,3,24,30,0,30.0000,0.0435,503,3,500,0
981,645188196,azul,azul,reativa,vermelho,0,-3,24,120,120,1.0000,0.0435,485,10,475,0
982,1071560322,verde,verde,reativa,vermelho,0,-3,17,150,120,1.2500,0.0000,291,11,280,0
982,1071560322,verde,vermelho,reativa,vermelho,1,3,17,30,30,1.0000,0.0000,379,3,376,0
982,1071560322,verde,azul,reativa,vermelho,0,-3,17,90,120,0.7500,0.0000,144,6,138,0
983,997181620,vermelho,verde,reativa,azul,0,-3,51,90,120,0.7500,0.0000,184,6,178,0
983,997181620,vermelho,vermelho,reativa,azul,0,-3,51,120,120,1.0000,0.0392,1088,10,1078,0
983,997181620,vermelho,azul,reativa,azul,1,3,51,30,0,30.0000,0.0588,970,2,968,0
984,1255515162,azul,verde,reativa,azul,0,-3,29,150,120,1.2500,0.0357,585,11,574,0
984,1255515162,azul,vermelho,reativa,azul,0,-3,29,90,120,0.7500,0.1250,127,7,120,0
984,1255515162,azul,azul,reativa,azul,1,3,29,30,30,1.0000,0.0000,599,2,597,0
985,836382915,verde,verde,reativa,empate,0,-1,100,0,0,0.0000,0.0000,1204,0,1204,0
985,836382915,verde,vermelho,reativa,empate,0,-1,100,120,90,1.3333,0.0100,1906,9,1897,0
985,836382915,verde,azul,reativa,empate,0,-1,100,90,120,0.7500,0.0000,102,7,95,0
986,347126365,vermelho,verde,reativa,azul,0,-3,17,120,120,1.0000,0.0000,314,8,306,0
986,347126365,vermelho,vermelho,reativa,azul,0,-3,17,90,120,0.7500,0.0000,83,7,76,0
986,347126365,vermelho,azul,reativa,azul,1,3,17,30,0,30.0000,0.1176,397,2,395,0
987,1469351021,azul,verde,reativa,vermelho,0,-3,20,150,120,1.2500,0.0000,330,10,320,0
987,1469351021,azul,vermelho,reativa,vermelho,1,3,20,30,30,1.0000,0.1053,416,3,413,0
987,1469351021,azul,azul,reativa,vermelho,0,-3,20,90,120,0.7500,0.0000,256,6,250,0
988,2100725222,verde,verde,reativa,empate,0,-1,100,0,0,0.0000,0.0000,1376,49,1327,0
988,2100725222,verde,vermelho,reativa,empate,0,-1,100,0,0,0.0000,0.0000,1395,51,1344,0
988,2100725222,verde,azul,reativa,empate,0,-1,100,0,0,0.0000,0.0000,2537,0,2537,0
989,2076863469,vermelho,verde,reativa,azul,0,-3,15,120,120,1.0000,0.0000,251,9,242,0
989,2076863469,vermelho,vermelho,reativa,azul,0,-3,15,90,120,0.7500,0.3333,84,8,76,0
989,2076863469,vermelho,azul,reativa,azul,1,3,15,30,0,30.0000,0.0000,319,2,317,0
990,1297419198,azul,verde,reativa,azul,0,-3,15,150,120,1.2500,0.1429,241,11,230,0
990,1297419198,azul,vermelho,reativa,azul,0,-3,15,90,120,0.7500,0.0000,134,6,128,0
990,1297419198,azul,azul,reativa,azul,1,3,15,30,30,1.0000,0.2000,358,2,356,0
991,656509197,verde,verde,reativa,vermelho,0,-3,22,90,120,0.7500,0.0000,227,6,221,0
991,656509197,verde,vermelho,reativa,vermelho,1,3,22,30,30,1.0000,0.2727,517,2,515,0
991,656509197,verde,azul,reativa,vermelho,0,-3,22,150,120,1.2500,0.0000,393,10,383,0
992,2086753255,vermelho,verde,reativa,vermelho,0,-3,15,90,120,0.7500,0.0000,234,6,228,0
992,2086753255,vermelho,vermelho,reativa,vermelho,1,3,15,30,0,30.0000,0.0000,354,2,352,0
992,2086753255,vermelho,azul,reativa,vermelho,0,-3,15,120,120,1.0000,0.0000,263,9,254,0
993,1945909570,azul,verde,reativa,verde,1,3,15,30,0,30.0000,0.0000,319,2,317,0
993,1945909570,azul,vermelho,reativa,verde,0,-3,15,90,120,0.7500,0.0000,209,6,203,0
993,1945909570,azul,azul,reativa,verde,0,-3,15,120,120,1.0000,0.0000,264,10,254,0
994,66133690,verde,verde,reativa,verde,1,3,24,30,0,30.0000,0.0417,569,3,566,0
994,66133690,verde,vermelho,reativa,verde,0,-3,24,90,120,0.7500,0.0000,219,6,213,0
994,66133690,verde,azul,reativa,verde,0,-3,24,120,120,1.0000,0.0000,476,10,466,0
995,1178650548,vermelho,verde,reativa,verde,1,3,21,30,30,1.0000,0.0500,468,2,466,0
995,1178650548,vermelho,vermelho,reativa,verde,0,-3,21,90,120,0.7500,0.0000,286,8,278,0
995,1178650548,vermelho,azul,reativa,verde,0,-3,21,150,120,1.2500,0.0500,358,14,344,0
996,1356342537,azul,verde,reativa,verde,1,3,25,30,10,3.0000,0.0833,485,2,483,0
996,1356342537,azul,vermelho,reativa,verde,0,-3,25,90,120,0.7500,0.0000,198,7,191,0
996,1356342537,azul,azul,reativa,verde,0,-3,25,130,120,1.0833,0.0833,482,11,471,0
997,1676657438,verde,verde,reativa,vermelho,0,-3,23,90,120,0.7500,0.0000,229,6,223,0
997,1676657438,verde,vermelho,reativa,vermelho,1,3,23,30,0,30.0000,0.1304,489,2,487,0
997,1676657438,verde,azul,reativa,vermelho,0,-3,23,120,120,1.0000,0.0455,443,8,435,0
998,1714985209,vermelho,verde,reativa,vermelho,0,-3,21,150,120,1.2500,0.0000,364,11,353,0
998,1714985209,vermelho,vermelho,reativa,vermelho,1,3,21,30,30,1.0000,0.0476,487,1,486,0
998,1714985209,vermelho,azul,reativa,vermelho,0,-3,21,90,120,0.7500,0.0000,108,6,102,0
999,703915436,azul,verde,reativa,vermelho,0,-3,14,120,120,1.0000,0.0000,234,9,225,0
999,703915436,azul,vermelho,reativa,vermelho,1,3,14,30,0,30.0000,0.0000,298,2,296,0
999,703915436,azul,azul,reativa,vermelho,0,-3,14,90,120,0.7500,0.0000,133,7,126,0
1000,1215748322,verde,verde,reativa,azul,0,-3,24,90,120,0.7500,0.0476,446,7,439,0
1000,1215748322,verde,vermelho,reativa,azul,0,-3,24,150,120,1.2500,0.0417,459,12,447,0
1000,1215748322,verde,azul,reativa,azul,1,3,24,30,30,1.0000,0.0417,558,2,556,0
