id_simulacao,seed,jogador_inicial,jogador,modelo_ia,vencedor,venceu,pontos,turnos,dano_causado,dano_recebido,damage_ratio,cover_usage,custo_total,custo_los,custo_nodos,custo_acoes
1,438557537,verde,verde,art3miz_0.1,azul,0,-3,10,150,120,1.2500,0.0000,413,119,202,92
1,438557537,verde,vermelho,heuristica,azul,0,-3,10,90,120,0.7500,0.2500,256,92,95,69
1,438557537,verde,azul,reativa,azul,1,3,10,30,30,1.0000,0.1000,224,5,219,0
2,1864560048,vermelho,verde,art3miz_0.1,azul,0,-3,11,60,120,0.5000,0.2222,343,126,125,92
2,1864560048,vermelho,vermelho,heuristica,azul,0,-3,11,90,120,0.7500,0.1818,508,160,238,110
2,1864560048,vermelho,azul,reativa,azul,1,3,11,150,60,2.5000,0.0000,159,11,148,0
3,990947591,azul,verde,art3miz_0.1,vermelho,0,-3,14,90,120,0.7500,0.0000,237,83,79,75
3,990947591,azul,vermelho,heuristica,vermelho,1,3,14,30,0,30.0000,0.0769,310,21,272,17
3,990947591,azul,azul,reativa,vermelho,0,-3,14,120,120,1.0000,0.0000,226,10,216,0
4,980411883,verde,verde,art3miz_0.1,verde,1,3,15,120,60,2.0000,0.0000,489,137,258,94
4,980411883,verde,vermelho,heuristica,verde,0,-3,15,90,120,0.7500,0.0000,501,134,294,73
4,980411883,verde,azul,reativa,verde,0,-3,15,90,120,0.7500,0.0000,259,12,247,0
5,1364875354,vermelho,verde,art3miz_0.1,azul,0,-3,8,80,120,0.6667,0.4000,319,133,119,67
5,1364875354,vermelho,vermelho,heuristica,azul,0,-3,8,150,110,1.3636,0.1250,510,177,191,142
5,1364875354,vermelho,azul,reativa,azul,1,3,8,30,30,1.0000,0.0000,182,6,176,0
6,1247406621,azul,verde,art3miz_0.1,azul,0,-3,15,120,120,1.0000,0.0714,409,109,205,95
6,1247406621,azul,vermelho,heuristica,azul,0,-3,15,90,120,0.7500,0.0000,346,78,197,71
6,1247406621,azul,azul,reativa,azul,1,3,15,30,0,30.0000,0.0000,302,7,295,0
7,271024058,verde,verde,art3miz_0.1,azul,0,-3,8,120,120,1.0000,0.0000,294,82,137,75
7,271024058,verde,vermelho,heuristica,azul,0,-3,8,90,120,0.7500,0.2500,255,79,101,75
7,271024058,verde,azul,reativa,azul,1,3,8,30,0,30.0000,0.0000,171,2,169,0
8,131926194,vermelho,verde,art3miz_0.1,empate,0,-1,100,0,0,0.0000,0.0000,2160,49,2111,0
8,131926194,vermelho,vermelho,heuristica,empate,0,-1,100,0,0,0.0000,0.0000,2597,0,2597,0
8,131926194,vermelho,azul,reativa,empate,0,-1,100,0,0,0.0000,0.0000,1334,51,1283,0
9,920297219,azul,verde,art3miz_0.1,verde,1,3,9,60,60,1.0000,0.0000,180,56,74,50
9,920297219,azul,vermelho,heuristica,verde,0,-3,9,60,110,0.5455,0.2000,250,68,115,67
9,920297219,azul,azul,reativa,verde,0,-3,9,170,120,1.4167,0.0000,63,12,51,0
10,820336507,verde,verde,art3miz_0.1,vermelho,0,-3,15,90,120,0.7500,0.0000,349,85,193,71
10,820336507,verde,vermelho,heuristica,vermelho,1,3,15,30,30,1.0000,0.0000,370,31,314,25
10,820336507,verde,azul,reativa,vermelho,0,-3,15,150,120,1.2500,0.0000,210,12,198,0
11,1012562364,vermelho,verde,art3miz_0.1,azul,0,-3,10,120,120,1.0000,0.0000,296,80,141,75
11,1012562364,vermelho,vermelho,heuristica,azul,0,-3,10,90,120,0.7500,0.0000,352,101,151,100
11,1012562364,vermelho,azul,reativa,azul,1,3,10,30,0,30.0000,0.0000,236,2,234,0
12,670066924,azul,verde,art3miz_0.1,empate,0,-1,100,60,120,0.5000,0.0000,412,93,232,87
12,670066924,azul,vermelho,heuristica,empate,0,-1,100,0,0,0.0000,0.0000,1339,0,1339,0
12,670066924,azul,azul,reativa,empate,0,-1,100,120,60,2.0000,0.0000,2265,9,2256,0
13,1549280937,verde,verde,art3miz_0.1,vermelho,0,-3,13,150,120,1.2500,0.1538,559,168,241,150
13,1549280937,verde,vermelho,heuristica,vermelho,1,3,13,30,30,1.0000,0.1538,435,52,333,50
13,1549280937,verde,azul,reativa,vermelho,0,-3,13,90,120,0.7500,0.0000,55,4,51,0
14,1369586799,vermelho,verde,art3miz_0.1,azul,0,-3,7,90,110,0.8182,0.2500,231,79,78,74
14,1369586799,vermelho,vermelho,heuristica,azul,0,-3,7,110,120,0.9167,0.2857,379,104,176,99
14,1369586799,vermelho,azul,reativa,azul,1,3,7,30,0,30.0000,0.0000,158,2,156,0
15,1040301634,azul,verde,art3miz_0.1,azul,0,-3,9,120,120,1.0000,0.0000,375,103,175,97
15,1040301634,azul,vermelho,heuristica,azul,0,-3,9,90,120,0.7500,0.0000,252,78,100,74
15,1040301634,azul,azul,reativa,azul,1,3,9,30,0,30.0000,0.1111,209,3,206,0
16,1790057013,verde,verde,art3miz_0.1,verde,1,3,21,10,0,10.0000,0.0952,353,49,265,39
16,1790057013,verde,vermelho,heuristica,verde,0,-3,21,90,120,0.7500,0.3750,767,223,359,185
16,1790057013,verde,azul,reativa,verde,0,-3,21,120,100,1.2000,0.4000,354,14,340,0
17,1690053831,vermelho,verde,art3miz_0.1,azul,0,-3,21,80,110,0.7273,0.1000,258,76,115,67
17,1690053831,vermelho,vermelho,heuristica,azul,0,-3,21,140,110,1.2727,0.3333,759,141,488,130
17,1690053831,vermelho,azul,reativa,azul,1,3,21,30,30,1.0000,0.0476,473,5,468,0
18,1979693965,azul,verde,art3miz_0.1,vermelho,0,-3,11,90,120,0.7500,0.2500,222,78,74,70
18,1979693965,azul,vermelho,heuristica,vermelho,1,3,11,30,0,30.0000,0.0000,274,17,241,16
18,1979693965,azul,azul,reativa,vermelho,0,-3,11,120,120,1.0000,0.0000,147,7,140,0
19,932576662,verde,verde,art3miz_0.1,vermelho,0,-3,10,150,120,1.2500,0.1000,458,167,166,125
19,932576662,verde,vermelho,heuristica,vermelho,1,3,10,90,90,1.0000,0.0000,396,93,216,87
19,932576662,verde,azul,reativa,vermelho,0,-3,10,90,120,0.7500,0.0000,97,7,90,0
20,855842988,vermelho,verde,art3miz_0.1,vermelho,0,-3,20,60,120,0.5000,0.0000,258,79,104,75
20,855842988,vermelho,vermelho,heuristica,vermelho,1,3,20,90,60,1.5000,0.2500,751,143,477,131
20,855842988,vermelho,azul,reativa,vermelho,0,-3,20,150,120,1.2500,0.1053,360,12,348,0
21,1253956409,azul,verde,art3miz_0.1,vermelho,0,-3,17,90,120,0.7500,0.0000,239,83,82,74
21,1253956409,azul,vermelho,heuristica,vermelho,1,3,17,30,30,1.0000,0.0625,558,89,373,96
21,1253956409,azul,azul,reativa,vermelho,0,-3,17,150,120,1.2500,0.0000,264,9,255,0
22,755744497,verde,verde,art3miz_0.1,azul,0,-3,8,140,120,1.1667,0.3750,431,128,178,125
22,755744497,verde,vermelho,heuristica,azul,0,-3,8,90,110,0.8182,0.2500,255,79,101,75
22,755744497,verde,azul,reativa,azul,1,3,8,30,30,1.0000,0.0000,166,2,164,0
23,1237903098,vermelho,verde,art3miz_0.1,verde,1,3,7,30,0,30.0000,0.0000,40,2,38,0
23,1237903098,vermelho,vermelho,heuristica,verde,0,-3,7,120,120,1.0000,0.0000,359,108,151,100
23,1237903098,vermelho,azul,reativa,verde,0,-3,7,90,120,0.7500,0.0000,30,4,26,0
24,1087965783,azul,verde,art3miz_0.1,vermelho,0,-3,19,90,120,0.7500,0.0000,406,103,205,98
24,1087965783,azul,vermelho,heuristica,vermelho,1,3,19,30,0,30.0000,0.0556,488,18,454,16
24,1087965783,azul,azul,reativa,vermelho,0,-3,19,120,120,1.0000,0.0000,354,7,347,0
25,483723808,verde,verde,art3miz_0.1,azul,0,-3,10,120,120,1.0000,0.0000,370,106,165,99
25,483723808,verde,vermelho,heuristica,azul,0,-3,10,90,120,0.7500,0.0000,327,103,125,99
25,483723808,verde,azul,reativa,azul,1,3,10,30,0,30.0000,0.0000,234,2,232,0
26,242242137,vermelho,verde,art3miz_0.1,azul,0,-3,13,90,120,0.7500,0.0000,236,82,79,75
26,242242137,vermelho,vermelho,heuristica,azul,0,-3,13,150,120,1.2500,0.0000,553,123,314,116
26,242242137,vermelho,azul,reativa,azul,1,3,13,30,30,1.0000,0.0000,299,2,297,0
27,221737212,azul,verde,art3miz_0.1,vermelho,0,-3,12,90,120,0.7500,0.2857,237,73,102,62
27,221737212,azul,vermelho,heuristica,vermelho,1,3,12,30,0,30.0000,0.2727,385,62,261,62
27,221737212,azul,azul,reativa,vermelho,0,-3,12,120,120,1.0000,0.0909,158,7,151,0
28,418463804,verde,verde,art3miz_0.1,azul,0,-3,10,60,120,0.5000,0.0000,249,80,119,50
28,418463804,verde,vermelho,heuristica,azul,0,-3,10,120,120,1.0000,0.0000,499,123,251,125
28,418463804,verde,azul,reativa,azul,1,3,10,90,30,3.0000,0.0000,186,9,177,0
29,435099202,vermelho,verde,art3miz_0.1,vermelho,0,-3,15,90,120,0.7500,0.0000,413,105,208,100
29,435099202,vermelho,vermelho,heuristica,vermelho,1,3,15,30,30,1.0000,0.0000,618,116,377,125
29,435099202,vermelho,azul,reativa,vermelho,0,-3,15,150,120,1.2500,0.0000,236,9,227,0
30,283512082,azul,verde,art3miz_0.1,verde,1,3,10,90,30,3.0000,0.1111,312,138,99,75
30,283512082,azul,vermelho,heuristica,verde,0,-3,10,90,120,0.7500,0.0000,420,131,191,98
30,283512082,azul,azul,reativa,verde,0,-3,10,90,120,0.7500,0.0000,128,6,122,0
31,1645911538,verde,verde,art3miz_0.1,vermelho,0,-3,9,120,120,1.0000,0.3333,303,87,141,75
31,1645911538,verde,vermelho,heuristica,vermelho,1,3,9,30,0,30.0000,0.0000,267,22,225,20
31,1645911538,verde,azul,reativa,vermelho,0,-3,9,90,120,0.7500,0.0000,30,5,25,0
32,1490846386,vermelho,verde,art3miz_0.1,vermelho,0,-3,13,90,120,0.7500,0.0000,429,126,205,98
32,1490846386,vermelho,vermelho,heuristica,vermelho,1,3,13,30,30,1.0000,0.0769,394,52,293,49
32,1490846386,vermelho,azul,reativa,vermelho,0,-3,13,150,120,1.2500,0.0000,186,11,175,0
33,321403989,azul,verde,art3miz_0.1,vermelho,0,-3,13,150,120,1.2500,0.2500,464,139,206,119
33,321403989,azul,vermelho,heuristica,vermelho,1,3,13,30,30,1.0000,0.0000,356,28,303,25
33,321403989,azul,azul,reativa,vermelho,0,-3,13,90,120,0.7500,0.0000,104,8,96,0
34,1070087091,verde,verde,art3miz_0.1,vermelho,0,-3,8,120,120,1.0000,0.3750,352,111,145,96
34,1070087091,verde,vermelho,heuristica,vermelho,1,3,8,30,0,30.0000,0.2500,317,70,198,49
34,1070087091,verde,azul,reativa,vermelho,0,-3,8,90,120,0.7500,0.0000,54,6,48,0
35,749808370,vermelho,verde,art3miz_0.1,vermelho,0,-3,6,90,120,0.7500,0.0000,237,83,79,75
35,749808370,vermelho,vermelho,heuristica,vermelho,1,3,6,30,0,30.0000,0.0000,205,26,154,25
35,749808370,vermelho,azul,reativa,vermelho,0,-3,6,120,120,1.0000,0.0000,33,7,26,0
36,310441732,azul,verde,art3miz_0.1,azul,0,-3,8,60,120,0.5000,0.0000,179,52,78,49
36,310441732,azul,vermelho,heuristica,azul,0,-3,8,120,120,1.0000,0.0000,383,106,177,100
36,310441732,azul,azul,reativa,azul,1,3,8,90,30,3.0000,0.0000,136,9,127,0
37,191956606,verde,verde,art3miz_0.1,vermelho,0,-3,11,90,120,0.7500,0.0000,416,156,169,91
37,191956606,verde,vermelho,heuristica,vermelho,1,3,11,120,60,2.0000,0.0000,473,135,242,96
37,191956606,verde,azul,reativa,vermelho,0,-3,11,90,120,0.7500,0.0000,162,7,155,0
38,1692875068,vermelho,verde,art3miz_0.1,azul,0,-3,10,120,120,1.0000,0.0000,295,80,140,75
38,1692875068,vermelho,vermelho,heuristica,azul,0,-3,10,90,120,0.7500,0.0000,351,101,150,100
38,1692875068,vermelho,azul,reativa,azul,1,3,10,30,0,30.0000,0.1000,182,2,180,0
39,724671784,azul,verde,art3miz_0.1,azul,0,-3,7,90,120,0.7500,0.1667,275,79,124,72
39,724671784,azul,vermelho,heuristica,azul,0,-3,7,120,120,1.0000,0.3333,339,99,146,94
39,724671784,azul,azul,reativa,azul,1,3,7,30,0,30.0000,0.0000,150,2,148,0
40,270559481,verde,verde,art3miz_0.1,azul,0,-3,8,90,120,0.7500,0.0000,254,77,105,72
40,270559481,verde,vermelho,heuristica,azul,0,-3,8,120,120,1.0000,0.0000,446,127,198,121
40,270559481,verde,azul,reativa,azul,1,3,8,30,0,30.0000,0.0000,173,3,170,0
41,1328649944,vermelho,verde,art3miz_0.1,verde,1,3,9,30,0,30.0000,0.1250,171,29,117,25
41,1328649944,vermelho,vermelho,heuristica,verde,0,-3,9,90,110,0.8182,0.2500,244,71,99,74
41,1328649944,vermelho,azul,reativa,verde,0,-3,9,110,120,0.9167,0.0000,110,7,103,0
42,662329169,azul,verde,art3miz_0.1,azul,0,-3,9,90,120,0.7500,0.1667,285,81,129,75
42,662329169,azul,vermelho,heuristica,azul,0,-3,9,120,120,1.0000,0.0000,407,105,202,100
42,662329169,azul,azul,reativa,azul,1,3,9,30,0,30.0000,0.0000,206,5,201,0
43,1702263910,verde,verde,art3miz_0.1,vermelho,0,-3,12,90,120,0.7500,0.0000,402,99,204,99
43,1702263910,verde,vermelho,heuristica,vermelho,1,3,12,30,0,30.0000,0.0000,403,44,309,50
43,1702263910,verde,azul,reativa,vermelho,0,-3,12,120,120,1.0000,0.0000,184,8,176,0
44,814414449,vermelho,verde,art3miz_0.1,verde,1,3,7,30,0,30.0000,0.0000,47,2,45,0
44,814414449,vermelho,vermelho,heuristica,verde,0,-3,7,120,120,1.0000,0.0000,374,125,150,99
44,814414449,vermelho,azul,reativa,verde,0,-3,7,90,120,0.7500,0.0000,30,4,26,0
45,764225697,azul,verde,art3miz_0.1,verde,1,3,8,90,60,1.5000,0.0000,397,164,133,100
45,764225697,azul,vermelho,heuristica,verde,0,-3,8,90,120,0.7500,0.0000,376,150,151,75
45,764225697,azul,azul,reativa,verde,0,-3,8,120,120,1.0000,0.0000,57,6,51,0
46,464531721,verde,verde,art3miz_0.1,azul,0,-3,9,150,120,1.2500,0.0000,441,133,183,125
46,464531721,verde,vermelho,heuristica,azul,0,-3,9,90,120,0.7500,0.0000,330,104,126,100
46,464531721,verde,azul,reativa,azul,1,3,9,30,30,1.0000,0.0000,208,4,204,0
47,1533946064,vermelho,verde,art3miz_0.1,azul,0,-3,13,90,110,0.8182,0.5833,486,107,279,100
47,1533946064,vermelho,vermelho,heuristica,azul,0,-3,13,50,120,0.4167,0.3333,458,131,227,100
47,1533946064,vermelho,azul,reativa,azul,1,3,13,120,30,4.0000,0.3077,245,16,229,0
48,2021790431,azul,verde,art3miz_0.1,azul,0,-3,9,130,110,1.1818,0.5000,420,137,158,125
48,2021790431,azul,vermelho,heuristica,azul,0,-3,9,80,100,0.8000,0.8000,331,105,126,100
48,2021790431,azul,azul,reativa,azul,1,3,9,30,30,1.0000,0.1111,164,3,161,0
49,1451556886,verde,verde,art3miz_0.1,empate,0,-1,100,120,90,1.3333,0.0000,1719,145,1484,90
49,1451556886,verde,vermelho,heuristica,empate,0,-1,100,90,120,0.7500,0.0000,313,73,175,65
49,1451556886,verde,azul,reativa,empate,0,-1,100,0,0,0.0000,0.0100,1569,49,1520,0
50,6009790,vermelho,verde,art3miz_0.1,azul,0,-3,10,90,120,0.7500,0.0000,262,79,108,75
50,6009790,vermelho,vermelho,heuristica,azul,0,-3,10,150,120,1.2500,0.0000,547,149,248,150
50,6009790,vermelho,azul,reativa,azul,1,3,10,30,30,1.0000,0.0000,232,2,230,0
51,188280745,azul,verde,art3miz_0.1,verde,1,3,15,30,30,1.0000,0.0000,216,30,168,18
51,188280745,azul,vermelho,heuristica,verde,0,-3,15,90,120,0.7500,0.0000,338,86,179,73
51,188280745,azul,azul,reativa,verde,0,-3,15,150,120,1.2500,0.0000,178,13,165,0
52,349047791,verde,verde,art3miz_0.1,vermelho,0,-3,14,120,120,1.0000,0.0000,506,140,241,125
52,349047791,verde,vermelho,heuristica,vermelho,1,3,14,30,0,30.0000,0.0000,383,50,287,46
52,349047791,verde,azul,reativa,vermelho,0,-3,14,90,120,0.7500,0.0000,54,4,50,0
53,1876708646,vermelho,verde,art3miz_0.1,azul,0,-3,10,90,120,0.7500,0.0000,219,68,90,61
53,1876708646,vermelho,vermelho,heuristica,azul,0,-3,10,150,120,1.2500,0.0000,489,147,232,110
53,1876708646,vermelho,azul,reativa,azul,1,3,10,30,30,1.0000,0.0000,210,7,203,0
54,1152886018,azul,verde,art3miz_0.1,vermelho,0,-3,13,120,120,1.0000,0.0000,439,156,194,89
54,1152886018,azul,vermelho,heuristica,vermelho,1,3,13,30,0,30.0000,0.0000,301,29,248,24
54,1152886018,azul,azul,reativa,vermelho,0,-3,13,90,120,0.7500,0.0000,161,7,154,0
55,1069746520,verde,verde,art3miz_0.1,vermelho,0,-3,14,150,120,1.2500,0.0000,383,105,187,91
55,1069746520,verde,vermelho,heuristica,vermelho,1,3,14,30,30,1.0000,0.0000,352,23,308,21
55,1069746520,verde,azul,reativa,vermelho,0,-3,14,90,120,0.7500,0.0000,32,6,26,0
56,1489974805,vermelho,verde,art3miz_0.1,empate,0,-1,100,0,0,0.0000,0.0000,2146,50,2096,0
56,1489974805,vermelho,vermelho,heuristica,empate,0,-1,100,0,0,0.0000,0.0000,2061,50,2011,0
56,1489974805,vermelho,azul,reativa,empate,0,-1,100,0,0,0.0000,0.0000,2599,0,2599,0
57,1198990478,azul,verde,art3miz_0.1,vermelho,0,-3,15,60,120,0.5000,0.0000,399,95,204,100
57,1198990478,azul,vermelho,heuristica,vermelho,1,3,15,60,60,1.0000,0.0000,425,52,325,48
57,1198990478,azul,azul,reativa,vermelho,0,-3,15,180,120,1.5000,0.0000,215,13,202,0
58,1785076888,verde,verde,art3miz_0.1,empate,0,-1,100,120,90,1.3333,0.0000,1358,83,1204,71
58,1785076888,verde,vermelho,heuristica,empate,0,-1,100,90,120,0.7500,0.0000,249,77,99,73
58,1785076888,verde,azul,reativa,empate,0,-1,100,0,0,0.0000,0.0000,1261,45,1216,0
59,1812608420,vermelho,verde,art3miz_0.1,vermelho,0,-3,15,60,120,0.5000,0.0000,287,69,153,65
59,1812608420,vermelho,vermelho,heuristica,vermelho,1,3,15,60,30,2.0000,0.2000,515,71,374,70
59,1812608420,vermelho,azul,reativa,vermelho,0,-3,15,150,120,1.2500,0.0000,227,9,218,0
60,1494812099,azul,verde,art3miz_0.1,vermelho,0,-3,19,60,120,0.5000,0.0000,218,67,88,63
60,1494812099,azul,vermelho,heuristica,vermelho,1,3,19,60,60,1.0000,0.1111,489,36,421,32
60,1494812099,azul,azul,reativa,vermelho,0,-3,19,180,120,1.5000,0.0000,317,12,305,0
61,624291629,verde,verde,art3miz_0.1,empate,0,-1,100,50,100,0.5000,0.5000,267,105,87,75
61,624291629,verde,vermelho,heuristica,empate,0,-1,100,100,50,2.0000,0.9700,4932,1156,2501,1275
61,624291629,verde,azul,reativa,empate,0,-1,100,0,0,0.0000,0.0000,2543,2,2541,0
62,1690688755,vermelho,verde,art3miz_0.1,azul,0,-3,10,90,120,0.7500,0.0000,333,133,131,69
62,1690688755,vermelho,vermelho,heuristica,azul,0,-3,10,120,120,1.0000,0.0000,454,129,231,94
62,1690688755,vermelho,azul,reativa,azul,1,3,10,60,30,2.0000,0.0000,181,10,171,0
63,415855664,azul,verde,art3miz_0.1,vermelho,0,-3,10,120,120,1.0000,0.3333,434,113,223,98
63,415855664,azul,vermelho,heuristica,vermelho,1,3,10,30,0,30.0000,0.1111,259,22,218,19
63,415855664,azul,azul,reativa,vermelho,0,-3,10,90,120,0.7500,0.0000,55,4,51,0
64,1239108435,verde,verde,art3miz_0.1,azul,0,-3,7,120,120,1.0000,0.0000,240,66,115,59
64,1239108435,verde,vermelho,heuristica,azul,0,-3,7,90,120,0.7500,0.0000,201,61,83,57
64,1239108435,verde,azul,reativa,azul,1,3,7,30,0,30.0000,0.0000,158,3,155,0
65,1288729641,vermelho,verde,art3miz_0.1,empate,0,-1,100,0,0,0.0000,0.0000,2161,50,2111,0
65,1288729641,vermelho,vermelho,heuristica,empate,0,-1,100,0,0,0.0000,0.0000,2063,51,2012,0
65,1288729641,vermelho,azul,reativa,empate,0,-1,100,0,0,0.0000,0.0000,2500,0,2500,0
66,2109698062,azul,verde,art3miz_0.1,verde,1,3,13,150,90,1.6667,0.0000,588,183,256,149
66,2109698062,azul,vermelho,heuristica,verde,0,-3,13,120,120,1.0000,0.0000,535,153,282,100
66,2109698062,azul,azul,reativa,verde,0,-3,13,60,120,0.5000,0.0000,183,6,177,0
67,1413126415,verde,verde,art3miz_0.1,azul,0,-3,8,90,120,0.7500,0.0000,238,68,109,61
67,1413126415,verde,vermelho,heuristica,azul,0,-3,8,150,120,1.2500,0.0000,403,118,175,110
67,1413126415,verde,azul,reativa,azul,1,3,8,30,30,1.0000,0.0000,145,3,142,0
68,354615157,vermelho,verde,art3miz_0.1,verde,1,3,16,30,30,1.0000,0.0667,231,19,200,12
68,354615157,vermelho,vermelho,heuristica,verde,0,-3,16,90,120,0.7500,0.0833,400,84,244,72
68,354615157,vermelho,azul,reativa,verde,0,-3,16,150,120,1.2500,0.0000,215,15,200,0
69,36093310,azul,verde,art3miz_0.1,azul,0,-3,7,120,120,1.0000,0.3333,391,172,122,97
69,36093310,azul,vermelho,heuristica,azul,0,-3,7,90,120,0.7500,0.4000,348,128,123,97
69,36093310,azul,azul,reativa,azul,1,3,7,30,0,30.0000,0.1429,158,6,152,0
70,650929293,verde,verde,art3miz_0.1,vermelho,0,-3,9,120,120,1.0000,0.1111,302,86,141,75
70,650929293,verde,vermelho,heuristica,vermelho,1,3,9,30,0,30.0000,0.2222,285,27,233,25
70,650929293,verde,azul,reativa,vermelho,0,-3,9,90,120,0.7500,0.0000,31,5,26,0
71,1174663146,vermelho,verde,art3miz_0.1,vermelho,0,-3,20,90,120,0.7500,0.0000,431,123,208,100
71,1174663146,vermelho,vermelho,heuristica,vermelho,1,3,20,30,30,1.0000,0.1000,545,52,443,50
71,1174663146,vermelho,azul,reativa,vermelho,0,-3,20,150,120,1.2500,0.0526,365,10,355,0
72,6505178,azul,verde,art3miz_0.1,verde,1,3,11,120,60,2.0000,0.0000,435,160,180,95
72,6505178,azul,vermelho,heuristica,verde,0,-3,11,30,120,0.2500,0.0000,241,50,142,49
72,6505178,azul,azul,reativa,verde,0,-3,11,150,120,1.2500,0.0000,131,10,121,0
73,478834776,verde,verde,art3miz_0.1,azul,0,-3,9,120,120,1.0000,0.0000,284,79,135,70
73,478834776,verde,vermelho,heuristica,azul,0,-3,9,90,120,0.7500,0.0000,231,71,93,67
73,478834776,verde,azul,reativa,azul,1,3,9,30,0,30.0000,0.0000,206,4,202,0
74,466979635,vermelho,verde,art3miz_0.1,azul,0,-3,13,70,120,0.5833,0.5000,254,102,78,74
74,466979635,vermelho,vermelho,heuristica,azul,0,-3,13,150,100,1.5000,0.2308,561,158,293,110
74,466979635,vermelho,azul,reativa,azul,1,3,13,30,30,1.0000,0.2308,302,8,294,0
75,1585602173,azul,verde,art3miz_0.1,verde,1,3,10,30,30,1.0000,0.0000,153,29,99,25
75,1585602173,azul,vermelho,heuristica,verde,0,-3,10,90,120,0.7500,0.0000,256,80,101,75
75,1585602173,azul,azul,reativa,verde,0,-3,10,150,120,1.2500,0.0000,113,10,103,0
76,137830156,verde,verde,art3miz_0.1,azul,0,-3,7,120,120,1.0000,0.0000,296,116,96,84
76,137830156,verde,vermelho,heuristica,azul,0,-3,7,90,120,0.7500,0.0000,282,87,130,65
76,137830156,verde,azul,reativa,azul,1,3,7,30,0,30.0000,0.0000,141,5,136,0
77,295121870,vermelho,verde,art3miz_0.1,vermelho,0,-3,9,90,120,0.7500,0.3333,253,81,102,70
77,295121870,vermelho,vermelho,heuristica,vermelho,1,3,9,90,0,90.0000,0.6667,467,169,204,94
77,295121870,vermelho,azul,reativa,vermelho,0,-3,9,60,120,0.5000,0.0000,141,6,135,0
78,1568756219,azul,verde,art3miz_0.1,verde,1,3,8,90,60,1.5000,0.0000,397,164,133,100
78,1568756219,azul,vermelho,heuristica,verde,0,-3,8,90,120,0.7500,0.0000,376,150,151,75
78,1568756219,azul,azul,reativa,verde,0,-3,8,120,120,1.0000,0.0000,57,6,51,0
79,863086835,verde,verde,art3miz_0.1,verde,1,3,11,30,0,30.0000,0.0909,309,52,213,44
79,863086835,verde,vermelho,heuristica,verde,0,-3,11,120,120,1.0000,0.0000,550,157,246,147
79,863086835,verde,azul,reativa,verde,0,-3,11,90,120,0.7500,0.1667,77,5,72,0
80,881860485,vermelho,verde,art3miz_0.1,azul,0,-3,9,90,120,0.7500,0.2500,234,80,79,75
80,881860485,vermelho,vermelho,heuristica,azul,0,-3,9,150,120,1.2500,0.3333,565,214,211,140
80,881860485,vermelho,azul,reativa,azul,1,3,9,30,30,1.0000,0.2222,186,8,178,0
81,866620601,azul,verde,art3miz_0.1,verde,1,3,10,30,30,1.0000,0.0000,140,27,90,23
81,866620601,azul,vermelho,heuristica,verde,0,-3,10,90,120,0.7500,0.0000,256,80,101,75
81,866620601,azul,azul,reativa,verde,0,-3,10,150,120,1.2500,0.0000,108,10,98,0
82,1809070958,verde,verde,art3miz_0.1,vermelho,0,-3,13,60,120,0.5000,0.0000,269,64,140,65
82,1809070958,verde,vermelho,heuristica,vermelho,1,3,13,60,60,1.0000,0.0000,440,54,336,50
82,1809070958,verde,azul,reativa,vermelho,0,-3,13,180,120,1.5000,0.0000,144,12,132,0
83,389192010,vermelho,verde,art3miz_0.1,empate,0,-1,100,0,0,0.0000,0.0000,2184,49,2135,0
83,389192010,vermelho,vermelho,heuristica,empate,0,-1,100,0,0,0.0000,0.0000,2062,51,2011,0
83,389192010,vermelho,azul,reativa,empate,0,-1,100,0,0,0.0000,0.0100,2600,0,2600,0
84,500570754,azul,verde,art3miz_0.1,azul,0,-3,14,150,120,1.2500,0.0000,543,150,273,120
84,500570754,azul,vermelho,heuristica,azul,0,-3,14,90,120,0.7500,0.0000,252,78,100,74
84,500570754,azul,azul,reativa,azul,1,3,14,30,30,1.0000,0.0000,323,9,314,0
85,1712353937,verde,verde,art3miz_0.1,azul,0,-3,13,90,120,0.7500,0.0000,230,69,97,64
85,1712353937,verde,vermelho,heuristica,azul,0,-3,13,150,120,1.2500,0.1538,740,230,301,209
85,1712353937,verde,azul,reativa,azul,1,3,13,30,30,1.0000,0.0000,307,2,305,0
86,391319897,vermelho,verde,art3miz_0.1,azul,0,-3,10,150,120,1.2500,0.0000,368,106,162,100
86,391319897,vermelho,vermelho,heuristica,azul,0,-3,10,90,120,0.7500,0.0000,352,101,151,100
86,391319897,vermelho,azul,reativa,azul,1,3,10,30,30,1.0000,0.0000,234,3,231,0
87,136589075,azul,verde,art3miz_0.1,azul,0,-3,9,150,120,1.2500,0.0000,347,104,149,94
87,136589075,azul,vermelho,heuristica,azul,0,-3,9,90,120,0.7500,0.0000,255,79,101,75
87,136589075,azul,azul,reativa,azul,1,3,9,30,30,1.0000,0.3333,204,2,202,0
88,516443035,verde,verde,art3miz_0.1,azul,0,-3,9,150,120,1.2500,0.0000,425,129,177,119
88,516443035,verde,vermelho,heuristica,azul,0,-3,9,90,120,0.7500,0.0000,272,77,123,72
88,516443035,verde,azul,reativa,azul,1,3,9,30,30,1.0000,0.0000,191,3,188,0
89,1231568109,vermelho,verde,art3miz_0.1,azul,0,-3,13,150,120,1.2500,0.0833,568,185,258,125
89,1231568109,vermelho,vermelho,heuristica,azul,0,-3,13,90,120,0.7500,0.1111,430,103,227,100
89,1231568109,vermelho,azul,reativa,azul,1,3,13,30,30,1.0000,0.0000,294,8,286,0
90,234389638,azul,verde,art3miz_0.1,verde,1,3,11,30,30,1.0000,0.0000,140,28,89,23
90,234389638,azul,vermelho,heuristica,verde,0,-3,11,150,120,1.2500,0.0000,501,155,223,123
90,234389638,azul,azul,reativa,verde,0,-3,11,90,120,0.7500,0.0000,56,5,51,0
91,1278363502,verde,verde,art3miz_0.1,vermelho,0,-3,7,120,120,1.0000,0.0000,294,86,133,75
91,1278363502,verde,vermelho,heuristica,vermelho,1,3,7,30,0,30.0000,0.0000,228,26,177,25
91,1278363502,verde,azul,reativa,vermelho,0,-3,7,90,120,0.7500,0.0000,30,5,25,0
92,2089492144,vermelho,verde,art3miz_0.1,vermelho,0,-3,8,60,120,0.5000,0.0000,230,77,84,69
92,2089492144,vermelho,vermelho,heuristica,vermelho,1,3,8,60,30,2.0000,0.0000,272,53,175,44
92,2089492144,vermelho,azul,reativa,vermelho,0,-3,8,150,120,1.2500,0.0000,61,10,51,0
93,1010834375,azul,verde,art3miz_0.1,vermelho,0,-3,20,150,110,1.3636,0.4211,806,247,338,221
93,1010834375,azul,vermelho,heuristica,vermelho,1,3,20,30,30,1.0000,0.2105,506,26,457,23
93,1010834375,azul,azul,reativa,vermelho,0,-3,20,80,120,0.6667,0.6364,137,9,128,0
94,1010172138,verde,verde,art3miz_0.1,empate,0,-1,100,0,0,0.0000,0.0000,2130,50,2080,0
94,1010172138,verde,vermelho,heuristica,empate,0,-1,100,0,0,0.0000,0.0000,2600,0,2600,0
94,1010172138,verde,azul,reativa,empate,0,-1,100,0,0,0.0000,0.0000,2014,51,1963,0
95,1255584616,vermelho,verde,art3miz_0.1,verde,1,3,9,30,0,30.0000,0.0000,77,3,74,0
95,1255584616,vermelho,vermelho,heuristica,verde,0,-3,9,90,120,0.7500,0.0000,402,117,176,109
95,1255584616,vermelho,azul,reativa,verde,0,-3,9,120,120,1.0000,0.0000,93,8,85,0
96,2041513302,azul,verde,art3miz_0.1,vermelho,0,-3,15,90,120,0.7500,0.0000,238,84,79,75
96,2041513302,azul,vermelho,heuristica,vermelho,1,3,15,30,30,1.0000,0.0000,394,34,328,32
96,2041513302,azul,azul,reativa,vermelho,0,-3,15,150,120,1.2500,0.0714,212,8,204,0
97,11523659,verde,verde,art3miz_0.1,azul,0,-3,11,150,120,1.2500,0.0000,370,102,177,91
97,11523659,verde,vermelho,heuristica,azul,0,-3,11,90,120,0.7500,0.0000,230,71,92,67
97,11523659,verde,azul,reativa,azul,1,3,11,30,30,1.0000,0.1818,261,3,258,0
98,60279016,vermelho,verde,art3miz_0.1,azul,0,-3,13,90,120,0.7500,0.0000,284,128,84,72
98,60279016,vermelho,vermelho,heuristica,azul,0,-3,13,120,120,1.0000,0.0000,638,218,303,117
98,60279016,vermelho,azul,reativa,azul,1,3,13,30,0,30.0000,0.0000,283,11,272,0
99,2035523298,azul,verde,art3miz_0.1,vermelho,0,-3,13,90,120,0.7500,0.1667,336,136,104,96
99,2035523298,azul,vermelho,heuristica,vermelho,1,3,13,60,0,60.0000,0.1667,596,178,283,135
99,2035523298,azul,azul,reativa,vermelho,0,-3,13,90,120,0.7500,0.0000,222,6,216,0
100,778332920,verde,verde,art3miz_0.1,azul,0,-3,9,60,120,0.5000,0.0000,171,42,79,50
100,778332920,verde,vermelho,heuristica,azul,0,-3,9,150,120,1.2500,0.1111,528,165,215,148
100,778332920,verde,azul,reativa,azul,1,3,9,90,60,1.5000,0.0000,156,5,151,0
101,681977055,vermelho,verde,art3miz_0.1,vermelho,0,-3,16,90,120,0.7500,0.2000,412,106,207,99
101,681977055,vermelho,vermelho,heuristica,vermelho,1,3,16,30,30,1.0000,0.0000,421,30,367,24
101,681977055,vermelho,azul,reativa,vermelho,0,-3,16,150,120,1.2500,0.1333,260,12,248,0
102,937597042,azul,verde,art3miz_0.1,azul,0,-3,9,150,120,1.2500,0.0000,368,110,158,100
102,937597042,azul,vermelho,heuristica,azul,0,-3,9,90,120,0.7500,0.0000,255,79,101,75
102,937597042,azul,azul,reativa,azul,1,3,9,30,30,1.0000,0.0000,204,3,201,0
103,528953857,verde,verde,art3miz_0.1,empate,0,-1,100,0,0,0.0000,0.4900,2169,51,2118,0
103,528953857,verde,vermelho,heuristica,empate,0,-1,100,0,0,0.0000,0.0000,2600,0,2600,0
103,528953857,verde,azul,reativa,empate,0,-1,100,0,0,0.0000,0.0000,2061,50,2011,0
104,1698552064,vermelho,verde,art3miz_0.1,verde,1,3,8,50,0,50.0000,0.1429,242,83,109,50
104,1698552064,vermelho,vermelho,heuristica,verde,0,-3,8,100,120,0.8333,0.5714,451,165,156,130
104,1698552064,vermelho,azul,reativa,verde,0,-3,8,70,100,0.7000,0.6667,71,7,64,0
105,2028522531,azul,verde,art3miz_0.1,empate,0,-1,100,0,0,0.0000,0.0000,2141,50,2091,0
105,2028522531,azul,vermelho,heuristica,empate,0,-1,100,0,0,0.0000,0.0000,2525,0,2525,0
105,2028522531,azul,azul,reativa,empate,0,-1,100,0,0,0.0000,0.0000,2061,50,2011,0
106,2146725289,verde,verde,art3miz_0.1,vermelho,0,-3,6,90,120,0.7500,0.0000,177,56,75,46
106,2146725289,verde,vermelho,heuristica,vermelho,1,3,6,60,30,2.0000,0.0000,214,45,130,39
106,2146725289,verde,azul,reativa,vermelho,0,-3,6,120,120,1.0000,0.0000,33,7,26,0
107,2048006628,vermelho,verde,art3miz_0.1,vermelho,0,-3,14,60,120,0.5000,0.0000,233,71,95,67
107,2048006628,vermelho,vermelho,heuristica,vermelho,1,3,14,60,30,2.0000,0.0000,407,37,338,32
107,2048006628,vermelho,azul,reativa,vermelho,0,-3,14,150,120,1.2500,0.0000,201,10,191,0
108,2065734190,azul,verde,art3miz_0.1,azul,0,-3,14,110,120,0.9167,0.0769,330,83,175,72
108,2065734190,azul,vermelho,heuristica,azul,0,-3,14,90,110,0.8182,0.2500,243,75,97,71
108,2065734190,azul,azul,reativa,azul,1,3,14,30,0,30.0000,0.1429,294,3,291,0
109,946904339,verde,verde,art3miz_0.1,azul,0,-3,9,150,120,1.2500,0.0000,441,133,183,125
109,946904339,verde,vermelho,heuristica,azul,0,-3,9,90,120,0.7500,0.0000,330,104,126,100
109,946904339,verde,azul,reativa,azul,1,3,9,30,30,1.0000,0.0000,208,4,204,0
110,977405121,vermelho,verde,art3miz_0.1,vermelho,0,-3,16,60,120,0.5000,0.0000,232,71,94,67
110,977405121,vermelho,vermelho,heuristica,vermelho,1,3,16,60,60,1.0000,0.0000,473,49,375,49
110,977405121,vermelho,azul,reativa,vermelho,0,-3,16,180,120,1.5000,0.0000,230,13,217,0
111,106871201,azul,verde,art3miz_0.1,empate,0,-1,100,30,60,0.5000,0.5051,3749,963,1923,863
111,106871201,azul,vermelho,heuristica,empate,0,-1,100,0,0,0.0000,0.0000,2574,0,2574,0
111,106871201,azul,azul,reativa,empate,0,-1,100,60,30,2.0000,0.4900,2261,5,2256,0
112,524023377,verde,verde,art3miz_0.1,vermelho,0,-3,10,120,110,1.0909,0.2000,404,114,190,100
112,524023377,verde,vermelho,heuristica,vermelho,1,3,10,20,0,20.0000,0.1000,272,20,235,17
112,524023377,verde,azul,reativa,vermelho,0,-3,10,90,120,0.7500,0.2000,55,4,51,0
113,2070036801,vermelho,verde,art3miz_0.1,azul,0,-3,10,60,120,0.5000,0.0000,195,94,58,43
113,2070036801,vermelho,vermelho,heuristica,azul,0,-3,10,120,120,1.0000,0.0000,598,210,231,157
113,2070036801,vermelho,azul,reativa,azul,1,3,10,90,30,3.0000,0.2000,189,13,176,0
114,332326161,azul,verde,art3miz_0.1,azul,0,-3,9,140,110,1.2727,0.3750,368,110,158,100
114,332326161,azul,vermelho,heuristica,azul,0,-3,9,80,110,0.7273,0.2500,256,80,101,75
114,332326161,azul,azul,reativa,azul,1,3,9,30,30,1.0000,0.0000,184,2,182,0
115,13274541,verde,verde,art3miz_0.1,azul,0,-3,9,120,120,1.0000,0.0000,298,82,141,75
115,13274541,verde,vermelho,heuristica,azul,0,-3,9,90,120,0.7500,0.0000,250,78,99,73
115,13274541,verde,azul,reativa,azul,1,3,9,30,0,30.0000,0.0000,210,2,208,0
116,825241805,vermelho,verde,art3miz_0.1,azul,0,-3,13,150,120,1.2500,0.3333,500,142,220,138
116,825241805,vermelho,vermelho,heuristica,azul,0,-3,13,70,100,0.7000,0.3333,343,98,148,97
116,825241805,vermelho,azul,reativa,azul,1,3,13,50,50,1.0000,0.2308,287,3,284,0
117,1573000952,azul,verde,art3miz_0.1,azul,0,-3,11,90,120,0.7500,0.0000,336,132,136,68
117,1573000952,azul,vermelho,heuristica,azul,0,-3,11,90,120,0.7500,0.0000,389,89,213,87
117,1573000952,azul,azul,reativa,azul,1,3,11,120,60,2.0000,0.0000,187,12,175,0
118,1749647013,verde,verde,art3miz_0.1,azul,0,-3,6,90,120,0.7500,0.0000,315,153,87,75
118,1749647013,verde,vermelho,heuristica,azul,0,-3,6,90,120,0.7500,0.4000,354,128,126,100
118,1749647013,verde,azul,reativa,azul,1,3,6,60,0,60.0000,0.0000,105,7,98,0
119,974095307,vermelho,verde,art3miz_0.1,vermelho,0,-3,14,120,120,1.0000,0.0000,320,86,161,73
119,974095307,vermelho,vermelho,heuristica,vermelho,1,3,14,30,0,30.0000,0.0000,441,70,308,63
119,974095307,vermelho,azul,reativa,vermelho,0,-3,14,90,120,0.7500,0.0000,31,5,26,0
120,1400113132,azul,verde,art3miz_0.1,verde,1,3,12,30,30,1.0000,0.1818,254,54,150,50
120,1400113132,azul,vermelho,heuristica,verde,0,-3,12,90,120,0.7500,0.0000,253,79,100,74
120,1400113132,azul,azul,reativa,verde,0,-3,12,150,120,1.2500,0.0000,161,10,151,0
121,1403140035,verde,verde,art3miz_0.1,azul,0,-3,5,120,120,1.0000,0.0000,311,132,104,75
121,1403140035,verde,vermelho,heuristica,azul,0,-3,5,90,120,0.7500,0.0000,280,104,101,75
121,1403140035,verde,azul,reativa,azul,1,3,5,30,0,30.0000,0.0000,107,5,102,0
122,1485886752,vermelho,verde,art3miz_0.1,azul,0,-3,14,150,120,1.2500,0.0000,443,131,192,120
122,1485886752,vermelho,vermelho,heuristica,azul,0,-3,14,90,120,0.7500,0.0000,289,82,125,82
122,1485886752,vermelho,azul,reativa,azul,1,3,14,30,30,1.0000,0.0000,335,3,332,0
123,1433079639,azul,verde,art3miz_0.1,vermelho,0,-3,13,90,120,0.7500,0.0000,405,103,204,98
123,1433079639,azul,vermelho,heuristica,vermelho,1,3,13,30,0,30.0000,0.0000,330,18,296,16
123,1433079639,azul,azul,reativa,vermelho,0,-3,13,120,120,1.0000,0.0000,208,8,200,0
124,1444017005,verde,verde,art3miz_0.1,verde,1,3,8,30,0,30.0000,0.0000,107,28,54,25
124,1444017005,verde,vermelho,heuristica,verde,0,-3,8,120,120,1.0000,0.0000,384,107,177,100
124,1444017005,verde,azul,reativa,verde,0,-3,8,90,120,0.7500,0.0000,32,6,26,0
125,1120634029,vermelho,verde,art3miz_0.1,verde,1,3,7,120,30,4.0000,0.1667,367,163,107,97
125,1120634029,vermelho,vermelho,heuristica,verde,0,-3,7,60,120,0.5000,0.0000,280,104,101,75
125,1120634029,vermelho,azul,reativa,verde,0,-3,7,90,120,0.7500,0.0000,80,8,72,0
126,1159629576,azul,verde,art3miz_0.1,vermelho,0,-3,16,90,120,0.7500,0.0000,315,120,116,79
126,1159629576,azul,vermelho,heuristica,vermelho,1,3,16,90,60,1.5000,0.0000,482,106,304,72
126,1159629576,azul,azul,reativa,vermelho,0,-3,16,120,120,1.0000,0.0000,234,13,221,0
127,170520394,verde,verde,art3miz_0.1,vermelho,0,-3,11,150,120,1.2500,0.0000,452,140,189,123
127,170520394,verde,vermelho,heuristica,vermelho,1,3,11,30,30,1.0000,0.0000,312,24,267,21
127,170520394,verde,azul,reativa,vermelho,0,-3,11,90,120,0.7500,0.0000,55,4,51,0
128,2032603470,vermelho,verde,art3miz_0.1,vermelho,0,-3,11,90,120,0.7500,0.0000,237,83,79,75
128,2032603470,vermelho,vermelho,heuristica,vermelho,1,3,11,30,0,30.0000,0.0000,291,18,257,16
128,2032603470,vermelho,azul,reativa,vermelho,0,-3,11,120,120,1.0000,0.0000,153,7,146,0
129,1569236234,azul,verde,art3miz_0.1,verde,1,3,10,30,30,1.0000,0.1111,110,28,57,25
129,1569236234,azul,vermelho,heuristica,verde,0,-3,10,90,120,0.7500,0.0000,256,80,101,75
129,1569236234,azul,azul,reativa,verde,0,-3,10,150,120,1.2500,0.0000,112,9,103,0
130,411570783,verde,verde,art3miz_0.1,vermelho,0,-3,8,120,120,1.0000,0.1250,298,86,137,75
130,411570783,verde,vermelho,heuristica,vermelho,1,3,8,30,0,30.0000,0.0000,250,26,199,25
130,411570783,verde,azul,reativa,vermelho,0,-3,8,90,120,0.7500,0.0000,30,4,26,0
131,562047796,vermelho,verde,art3miz_0.1,azul,0,-3,12,60,120,0.5000,0.1111,330,72,183,75
131,562047796,vermelho,vermelho,heuristica,azul,0,-3,12,150,120,1.2500,0.3333,732,269,290,173
131,562047796,vermelho,azul,reativa,azul,1,3,12,90,60,1.5000,0.0000,234,6,228,0
132,1448248165,azul,verde,art3miz_0.1,verde,1,3,8,90,30,3.0000,0.0000,300,113,112,75
132,1448248165,azul,vermelho,heuristica,verde,0,-3,8,60,120,0.5000,0.0000,272,96,101,75
132,1448248165,azul,azul,reativa,verde,0,-3,8,120,120,1.0000,0.0000,83,7,76,0
133,1352011924,verde,verde,art3miz_0.1,azul,0,-3,9,150,120,1.2500,0.1111,356,107,152,97
133,1352011924,verde,vermelho,heuristica,azul,0,-3,9,90,120,0.7500,0.0000,255,79,101,75
133,1352011924,verde,azul,reativa,azul,1,3,9,30,30,1.0000,0.1111,197,2,195,0
134,939551074,vermelho,verde,art3miz_0.1,azul,0,-3,10,120,120,1.0000,0.1111,372,125,170,77
134,939551074,vermelho,vermelho,heuristica,azul,0,-3,10,90,120,0.7500,0.0000,310,97,139,74
134,939551074,vermelho,azul,reativa,azul,1,3,10,30,0,30.0000,0.1000,231,5,226,0
135,362752061,azul,verde,art3miz_0.1,vermelho,0,-3,8,90,120,0.7500,0.0000,220,70,88,62
135,362752061,azul,vermelho,heuristica,vermelho,1,3,8,30,30,1.0000,0.0000,229,25,180,24
135,362752061,azul,azul,reativa,vermelho,0,-3,8,150,120,1.2500,0.0000,60,8,52,0
136,1970562540,verde,verde,art3miz_0.1,vermelho,0,-3,9,90,100,0.9000,0.5714,366,112,154,100
136,1970562540,verde,vermelho,heuristica,vermelho,1,3,9,30,0,30.0000,0.1111,292,48,186,58
136,1970562540,verde,azul,reativa,vermelho,0,-3,9,100,120,0.8333,0.2500,109,8,101,0
137,383708122,vermelho,verde,art3miz_0.1,vermelho,0,-3,9,100,100,1.0000,0.3750,388,130,158,100
137,383708122,vermelho,vermelho,heuristica,vermelho,1,3,9,30,0,30.0000,0.3333,448,114,213,121
137,383708122,vermelho,azul,reativa,vermelho,0,-3,9,70,100,0.7000,0.8333,80,4,76,0
138,2075785334,azul,verde,art3miz_0.1,vermelho,0,-3,13,90,120,0.7500,0.0000,290,100,97,93
138,2075785334,azul,vermelho,heuristica,vermelho,1,3,13,30,30,1.0000,0.0000,283,18,249,16
138,2075785334,azul,azul,reativa,vermelho,0,-3,13,150,120,1.2500,0.0000,177,10,167,0
139,794372141,verde,verde,art3miz_0.1,vermelho,0,-3,6,120,120,1.0000,0.1667,342,113,129,100
139,794372141,verde,vermelho,heuristica,vermelho,1,3,6,30,0,30.0000,0.1667,190,18,147,25
139,794372141,verde,azul,reativa,vermelho,0,-3,6,90,120,0.7500,0.0000,54,4,50,0
140,1817101026,vermelho,verde,art3miz_0.1,azul,0,-3,10,90,120,0.7500,0.0000,212,72,74,66
140,1817101026,vermelho,vermelho,heuristica,azul,0,-3,10,120,120,1.0000,0.0000,409,91,234,84
140,1817101026,vermelho,azul,reativa,azul,1,3,10,30,0,30.0000,0.0000,235,6,229,0
141,1461547978,azul,verde,art3miz_0.1,verde,1,3,9,30,0,30.0000,0.0000,149,29,95,25
141,1461547978,azul,vermelho,heuristica,verde,0,-3,9,120,120,1.0000,0.0000,385,108,177,100
141,1461547978,azul,azul,reativa,verde,0,-3,9,90,120,0.7500,0.0000,55,4,51,0
142,1249674794,verde,verde,art3miz_0.1,vermelho,0,-3,14,90,120,0.7500,0.0000,383,105,186,92
142,1249674794,verde,vermelho,heuristica,vermelho,1,3,14,30,0,30.0000,0.0000,412,26,362,24
142,1249674794,verde,azul,reativa,vermelho,0,-3,14,120,120,1.0000,0.0000,215,8,207,0
143,236336944,vermelho,verde,art3miz_0.1,empate,0,-1,100,0,0,0.0000,0.0000,2102,50,2052,0
143,236336944,vermelho,vermelho,heuristica,empate,0,-1,100,0,0,0.0000,0.0000,2346,0,2346,0
143,236336944,vermelho,azul,reativa,empate,0,-1,100,0,0,0.0000,0.0000,2004,50,1954,0
144,787490960,azul,verde,art3miz_0.1,azul,0,-3,18,90,120,0.7500,0.0000,271,77,124,70
144,787490960,azul,vermelho,heuristica,azul,0,-3,18,150,120,1.2500,0.0000,562,121,324,117
144,787490960,azul,azul,reativa,azul,1,3,18,30,30,1.0000,0.2778,407,1,406,0
145,368094613,verde,verde,art3miz_0.1,verde,1,3,8,30,0,30.0000,0.1250,225,75,105,45
145,368094613,verde,vermelho,heuristica,verde,0,-3,8,120,120,1.0000,0.0000,478,180,174,124
145,368094613,verde,azul,reativa,verde,0,-3,8,90,120,0.7500,0.0000,58,8,50,0
146,15368845,vermelho,verde,art3miz_0.1,azul,0,-3,11,120,120,1.0000,0.1111,458,177,182,99
146,15368845,vermelho,vermelho,heuristica,azul,0,-3,11,150,120,1.2500,0.0909,612,169,272,171
146,15368845,vermelho,azul,reativa,azul,1,3,11,30,60,0.5000,0.0909,259,6,253,0
147,987658780,azul,verde,art3miz_0.1,vermelho,0,-3,11,120,120,1.0000,0.2000,373,104,180,89
147,987658780,azul,vermelho,heuristica,vermelho,1,3,11,30,0,30.0000,0.1000,345,76,196,73
147,987658780,azul,azul,reativa,vermelho,0,-3,11,90,120,0.7500,0.0000,106,11,95,0
148,1140005980,verde,verde,art3miz_0.1,azul,0,-3,11,150,120,1.2500,0.0000,491,135,232,124
148,1140005980,verde,vermelho,heuristica,azul,0,-3,11,90,120,0.7500,0.0000,256,80,101,75
148,1140005980,verde,azul,reativa,azul,1,3,11,30,30,1.0000,0.0000,243,3,240,0
149,2107689852,vermelho,verde,art3miz_0.1,vermelho,0,-3,10,90,110,0.8182,0.4000,287,99,96,92
149,2107689852,vermelho,vermelho,heuristica,vermelho,1,3,10,30,30,1.0000,0.0000,311,27,259,25
149,2107689852,vermelho,azul,reativa,vermelho,0,-3,10,140,120,1.1667,0.0000,109,8,101,0
150,1111585620,azul,verde,art3miz_0.1,verde,1,3,13,120,60,2.0000,0.0833,412,117,195,100
150,1111585620,azul,vermelho,heuristica,verde,0,-3,13,30,120,0.2500,0.0000,250,72,131,47
150,1111585620,azul,azul,reativa,verde,0,-3,13,150,120,1.2500,0.0833,178,9,169,0
151,323059078,verde,verde,art3miz_0.1,vermelho,0,-3,10,90,120,0.7500,0.0000,268,78,122,68
151,323059078,verde,vermelho,heuristica,vermelho,1,3,10,30,0,30.0000,0.3000,503,136,247,120
151,323059078,verde,azul,reativa,vermelho,0,-3,10,120,120,1.0000,0.1111,124,6,118,0
152,1505993271,vermelho,verde,art3miz_0.1,azul,0,-3,10,120,120,1.0000,0.1111,372,103,173,96
152,1505993271,vermelho,vermelho,heuristica,azul,0,-3,10,90,120,0.7500,0.0000,325,103,123,99
152,1505993271,vermelho,azul,reativa,azul,1,3,10,30,0,30.0000,0.0000,225,3,222,0
153,1332249844,azul,verde,art3miz_0.1,verde,1,3,15,20,30,0.6667,0.3571,591,132,296,163
153,1332249844,azul,vermelho,heuristica,verde,0,-3,15,90,120,0.7500,0.2000,317,101,121,95
153,1332249844,azul,azul,reativa,verde,0,-3,15,150,110,1.3636,0.1429,233,12,221,0
154,486926662,verde,verde,art3miz_0.1,azul,0,-3,8,90,120,0.7500,0.0000,235,107,78,50
154,486926662,verde,vermelho,heuristica,azul,0,-3,8,90,120,0.7500,0.0000,462,155,187,120
154,486926662,verde,azul,reativa,azul,1,3,8,60,0,60.0000,0.0000,157,6,151,0
155,228384987,vermelho,verde,art3miz_0.1,empate,0,-1,100,0,0,0.0000,0.0000,1613,50,1563,0
155,228384987,vermelho,vermelho,heuristica,empate,0,-1,100,0,0,0.0000,0.0000,1805,50,1755,0
155,228384987,vermelho,azul,reativa,empate,0,-1,100,0,0,0.0000,0.0000,2600,0,2600,0
156,1338147426,azul,verde,art3miz_0.1,azul,0,-3,13,90,120,0.7500,0.0000,255,76,111,68
156,1338147426,azul,vermelho,heuristica,azul,0,-3,13,120,120,1.0000,0.0000,455,98,265,92
156,1338147426,azul,azul,reativa,azul,1,3,13,30,0,30.0000,0.0000,314,2,312,0
157,1701265980,verde,verde,art3miz_0.1,azul,0,-3,16,90,120,0.7500,0.0000,228,64,106,58
157,1701265980,verde,vermelho,heuristica,azul,0,-3,16,150,120,1.2500,0.0000,617,129,361,127
157,1701265980,verde,azul,reativa,azul,1,3,16,30,30,1.0000,0.1875,372,1,371,0
158,2035459300,vermelho,verde,art3miz_0.1,vermelho,0,-3,14,90,120,0.7500,0.1250,333,83,177,73
158,2035459300,vermelho,vermelho,heuristica,vermelho,1,3,14,30,30,1.0000,0.0714,536,124,303,109
158,2035459300,vermelho,azul,reativa,vermelho,0,-3,14,150,120,1.2500,0.0000,202,11,191,0
159,1984052756,azul,verde,art3miz_0.1,azul,0,-3,12,150,120,1.2500,0.0000,411,157,139,115
159,1984052756,azul,vermelho,heuristica,azul,0,-3,12,60,120,0.5000,0.2500,287,69,155,63
159,1984052756,azul,azul,reativa,azul,1,3,12,90,60,1.5000,0.0833,176,8,168,0
160,882379617,verde,verde,art3miz_0.1,azul,0,-3,11,50,110,0.4545,0.2222,268,56,162,50
160,882379617,verde,vermelho,heuristica,azul,0,-3,11,100,100,1.0000,0.3636,601,176,275,150
160,882379617,verde,azul,reativa,azul,1,3,11,80,20,4.0000,0.1818,214,13,201,0
161,155837609,vermelho,verde,art3miz_0.1,azul,0,-3,10,120,120,1.0000,0.0000,340,83,182,75
161,155837609,vermelho,vermelho,heuristica,azul,0,-3,10,90,120,0.7500,0.0000,252,78,100,74
161,155837609,vermelho,azul,reativa,azul,1,3,10,30,0,30.0000,0.0000,205,3,202,0
162,1949492245,azul,verde,art3miz_0.1,empate,0,-1,100,0,0,0.0000,0.0000,2092,50,2042,0
162,1949492245,azul,vermelho,heuristica,empate,0,-1,100,0,0,0.0000,0.0000,2567,0,2567,0
162,1949492245,azul,azul,reativa,empate,0,-1,100,0,0,0.0000,0.0000,2009,50,1959,0
163,1206746855,verde,verde,art3miz_0.1,vermelho,0,-3,9,120,120,1.0000,0.0000,334,100,147,87
163,1206746855,verde,vermelho,heuristica,vermelho,1,3,9,30,0,30.0000,0.0000,278,25,230,23
163,1206746855,verde,azul,reativa,vermelho,0,-3,9,90,120,0.7500,0.0000,53,4,49,0
164,383512830,vermelho,verde,art3miz_0.1,vermelho,0,-3,19,90,120,0.7500,0.6000,306,102,104,100
164,383512830,vermelho,vermelho,heuristica,vermelho,1,3,19,30,0,30.0000,0.0000,502,44,415,43
164,383512830,vermelho,azul,reativa,vermelho,0,-3,19,120,120,1.0000,0.1667,360,7,353,0
165,1238779790,azul,verde,art3miz_0.1,vermelho,0,-3,9,90,120,0.7500,0.0000,239,74,101,64
165,1238779790,azul,vermelho,heuristica,vermelho,1,3,9,60,0,60.0000,0.0000,395,129,192,74
165,1238779790,azul,azul,reativa,vermelho,0,-3,9,90,120,0.7500,0.0000,123,8,115,0
166,457092375,verde,verde,art3miz_0.1,verde,1,3,9,30,30,1.0000,0.1111,118,32,61,25
166,457092375,verde,vermelho,heuristica,verde,0,-3,9,90,120,0.7500,0.0000,362,116,136,110
166,457092375,verde,azul,reativa,verde,0,-3,9,150,120,1.2500,0.0000,79,8,71,0
167,1059044347,vermelho,verde,art3miz_0.1,vermelho,0,-3,14,90,120,0.7500,0.0000,238,84,79,75
167,1059044347,vermelho,vermelho,heuristica,vermelho,1,3,14,30,30,1.0000,0.0000,417,39,339,39
167,1059044347,vermelho,azul,reativa,vermelho,0,-3,14,150,120,1.2500,0.0000,214,8,206,0
168,281457202,azul,verde,art3miz_0.1,verde,1,3,7,60,0,60.0000,0.0000,198,82,66,50
168,281457202,azul,vermelho,heuristica,verde,0,-3,7,90,120,0.7500,0.0000,209,65,85,59
168,281457202,azul,azul,reativa,verde,0,-3,7,90,120,0.7500,0.1667,71,4,67,0
169,1239046820,verde,verde,art3miz_0.1,azul,0,-3,8,150,120,1.2500,0.1250,368,110,158,100
169,1239046820,verde,vermelho,heuristica,azul,0,-3,8,90,120,0.7500,0.2500,255,79,101,75
169,1239046820,verde,azul,reativa,azul,1,3,8,30,30,1.0000,0.0000,170,2,168,0
170,461995623,vermelho,verde,art3miz_0.1,verde,1,3,12,120,60,2.0000,0.0000,303,103,133,67
170,461995623,vermelho,vermelho,heuristica,verde,0,-3,12,90,120,0.7500,0.0000,505,141,252,112
170,461995623,vermelho,azul,reativa,verde,0,-3,12,90,120,0.7500,0.0000,149,5,144,0
171,1520527385,azul,verde,art3miz_0.1,vermelho,0,-3,16,90,120,0.7500,0.0000,428,122,207,99
171,1520527385,azul,vermelho,heuristica,vermelho,1,3,16,30,0,30.0000,0.0000,591,108,383,100
171,1520527385,azul,azul,reativa,vermelho,0,-3,16,120,120,1.0000,0.0000,286,7,279,0
172,681314169,verde,verde,art3miz_0.1,verde,1,3,11,100,60,1.6667,0.0909,429,161,169,99
172,681314169,verde,vermelho,heuristica,verde,0,-3,11,120,100,1.2000,0.2000,549,154,248,147
172,681314169,verde,azul,reativa,verde,0,-3,11,60,120,0.5000,0.1250,158,6,152,0
173,1151681641,vermelho,verde,art3miz_0.1,empate,0,-1,100,0,0,0.0000,0.0000,2111,49,2062,0
173,1151681641,vermelho,vermelho,heuristica,empate,0,-1,100,0,0,0.0000,0.0000,2593,0,2593,0
173,1151681641,vermelho,azul,reativa,empate,0,-1,100,0,0,0.0000,0.0000,2013,50,1963,0
174,915322822,azul,verde,art3miz_0.1,vermelho,0,-3,15,90,120,0.7500,0.0000,397,97,203,97
174,915322822,azul,vermelho,heuristica,vermelho,1,3,15,30,30,1.0000,0.1429,452,43,360,49
174,915322822,azul,azul,reativa,vermelho,0,-3,15,150,120,1.2500,0.0000,235,9,226,0
175,1219387384,verde,verde,art3miz_0.1,azul,0,-3,8,120,120,1.0000,0.0000,294,82,137,75
175,1219387384,verde,vermelho,heuristica,azul,0,-3,8,90,120,0.7500,0.0000,255,79,101,75
175,1219387384,verde,azul,reativa,azul,1,3,8,30,0,30.0000,0.0000,174,2,172,0
176,669132441,vermelho,verde,art3miz_0.1,verde,1,3,12,90,30,3.0000,0.0909,411,106,238,67
176,669132441,vermelho,vermelho,heuristica,verde,0,-3,12,60,120,0.5000,0.2727,478,111,253,114
176,669132441,vermelho,azul,reativa,verde,0,-3,12,120,120,1.0000,0.0000,104,9,95,0
177,1538008631,azul,verde,art3miz_0.1,vermelho,0,-3,13,80,110,0.7273,0.2000,242,84,83,75
177,1538008631,azul,vermelho,heuristica,vermelho,1,3,13,30,60,0.5000,0.2500,510,125,288,97
177,1538008631,azul,azul,reativa,vermelho,0,-3,13,170,110,1.5455,0.4167,163,15,148,0
178,557466564,verde,verde,art3miz_0.1,azul,0,-3,9,120,120,1.0000,0.0000,298,82,141,75
178,557466564,verde,vermelho,heuristica,azul,0,-3,9,90,120,0.7500,0.0000,255,79,101,75
178,557466564,verde,azul,reativa,azul,1,3,9,30,0,30.0000,0.0000,210,2,208,0
179,1498413934,vermelho,verde,art3miz_0.1,vermelho,0,-3,14,90,120,0.7500,0.2000,421,117,206,98
179,1498413934,vermelho,vermelho,heuristica,vermelho,1,3,14,30,0,30.0000,0.0000,498,85,344,69
179,1498413934,vermelho,azul,reativa,vermelho,0,-3,14,120,120,1.0000,0.1538,235,8,227,0
180,542293507,azul,verde,art3miz_0.1,verde,1,3,9,30,0,30.0000,0.1250,214,31,158,25
180,542293507,azul,vermelho,heuristica,verde,0,-3,9,90,120,0.7500,0.0000,368,118,150,100
180,542293507,azul,azul,reativa,verde,0,-3,9,120,120,1.0000,0.0000,98,9,89,0
181,1371703114,verde,verde,art3miz_0.1,vermelho,0,-3,6,90,120,0.7500,0.0000,212,83,79,50
181,1371703114,verde,vermelho,heuristica,vermelho,1,3,6,60,0,60.0000,0.3333,358,131,152,75
181,1371703114,verde,azul,reativa,vermelho,0,-3,6,90,120,0.7500,0.0000,56,5,51,0
182,117727943,vermelho,verde,art3miz_0.1,verde,1,3,8,30,0,30.0000,0.0000,51,2,49,0
182,117727943,vermelho,vermelho,heuristica,verde,0,-3,8,120,120,1.0000,0.0000,452,152,175,125
182,117727943,vermelho,azul,reativa,verde,0,-3,8,90,120,0.7500,0.0000,55,5,50,0
183,603806591,azul,verde,art3miz_0.1,verde,1,3,11,30,0,30.0000,0.1000,157,29,103,25
183,603806591,azul,vermelho,heuristica,verde,0,-3,11,120,120,1.0000,0.0000,393,95,211,87
183,603806591,azul,azul,reativa,verde,0,-3,11,90,120,0.7500,0.0000,51,4,47,0
184,699897077,verde,verde,art3miz_0.1,vermelho,0,-3,15,120,100,1.2000,0.4615,514,167,225,122
184,699897077,verde,vermelho,heuristica,vermelho,1,3,15,20,30,0.6667,0.3333,537,96,350,91
184,699897077,verde,azul,reativa,vermelho,0,-3,15,90,100,0.9000,0.5000,227,12,215,0
185,519069263,vermelho,verde,art3miz_0.1,empate,0,-1,100,120,90,1.3333,0.0000,2221,144,1990,87
185,519069263,vermelho,vermelho,heuristica,empate,0,-1,100,90,120,0.7500,0.0000,382,79,233,70
185,519069263,vermelho,azul,reativa,empate,0,-1,100,0,0,0.0000,0.0000,2052,50,2002,0
186,1300684724,azul,verde,art3miz_0.1,vermelho,0,-3,15,90,120,0.7500,0.2308,678,179,324,175
186,1300684724,azul,vermelho,heuristica,vermelho,1,3,15,60,0,60.0000,0.0000,599,143,356,100
186,1300684724,azul,azul,reativa,vermelho,0,-3,15,90,120,0.7500,0.0000,287,4,283,0
187,1520408512,verde,verde,art3miz_0.1,azul,0,-3,10,120,120,1.0000,0.0000,326,84,167,75
187,1520408512,verde,vermelho,heuristica,azul,0,-3,10,90,120,0.7500,0.0000,251,78,99,74
187,1520408512,verde,azul,reativa,azul,1,3,10,30,0,30.0000,0.3000,205,4,201,0
188,1385646527,vermelho,verde,art3miz_0.1,verde,1,3,8,30,0,30.0000,0.2857,52,2,50,0
188,1385646527,vermelho,vermelho,heuristica,verde,0,-3,8,120,120,1.0000,0.0000,453,152,176,125
188,1385646527,vermelho,azul,reativa,verde,0,-3,8,90,120,0.7500,0.0000,55,4,51,0
189,1017835355,azul,verde,art3miz_0.1,vermelho,0,-3,10,90,120,0.7500,0.7143,392,138,131,123
189,1017835355,azul,vermelho,heuristica,vermelho,1,3,10,10,30,0.3333,0.0000,269,26,218,25
189,1017835355,azul,azul,reativa,vermelho,0,-3,10,150,100,1.5000,0.8889,63,11,52,0
190,1799545139,verde,verde,art3miz_0.1,azul,0,-3,9,150,120,1.2500,0.2222,373,111,162,100
190,1799545139,verde,vermelho,heuristica,azul,0,-3,9,90,120,0.7500,0.0000,255,79,101,75
190,1799545139,verde,azul,reativa,azul,1,3,9,30,30,1.0000,0.1111,184,2,182,0
191,129883519,vermelho,verde,art3miz_0.1,vermelho,0,-3,17,90,120,0.7500,0.2000,413,105,208,100
191,129883519,vermelho,vermelho,heuristica,vermelho,1,3,17,30,0,30.0000,0.0000,462,18,428,16
191,129883519,vermelho,azul,reativa,vermelho,0,-3,17,120,120,1.0000,0.0625,303,7,296,0
192,1102580056,azul,verde,art3miz_0.1,verde,1,3,12,30,0,30.0000,0.1818,140,30,85,25
192,1102580056,azul,vermelho,heuristica,verde,0,-3,12,90,120,0.7500,0.0000,240,69,110,61
192,1102580056,azul,azul,reativa,verde,0,-3,12,120,120,1.0000,0.0000,179,9,170,0
193,1554659575,verde,verde,art3miz_0.1,azul,0,-3,8,120,100,1.2000,0.3750,276,85,116,75
193,1554659575,verde,vermelho,heuristica,azul,0,-3,8,70,120,0.5833,0.2500,257,81,101,75
193,1554659575,verde,azul,reativa,azul,1,3,8,30,0,30.0000,0.0000,176,4,172,0
194,1156300410,vermelho,verde,art3miz_0.1,azul,0,-3,10,120,120,1.0000,0.0000,424,143,168,113
194,1156300410,vermelho,vermelho,heuristica,azul,0,-3,10,90,120,0.7500,0.0000,317,87,139,91
194,1156300410,vermelho,azul,reativa,azul,1,3,10,30,0,30.0000,0.0000,234,6,228,0
195,529621933,azul,verde,art3miz_0.1,azul,0,-3,10,120,120,1.0000,0.0000,298,82,141,75
195,529621933,azul,vermelho,heuristica,azul,0,-3,10,90,120,0.7500,0.0000,255,79,101,75
195,529621933,azul,azul,reativa,azul,1,3,10,30,0,30.0000,0.0000,221,2,219,0
196,1734993955,verde,verde,art3miz_0.1,vermelho,0,-3,9,120,120,1.0000,0.0000,437,158,180,99
196,1734993955,verde,vermelho,heuristica,vermelho,1,3,9,30,0,30.0000,0.0000,273,24,227,22
196,1734993955,verde,azul,reativa,vermelho,0,-3,9,90,120,0.7500,0.0000,135,8,127,0
197,178452452,vermelho,verde,art3miz_0.1,azul,0,-3,9,90,120,0.7500,0.0000,234,80,79,75
197,178452452,vermelho,vermelho,heuristica,azul,0,-3,9,150,120,1.2500,0.0000,561,185,226,150
197,178452452,vermelho,azul,reativa,azul,1,3,9,30,30,1.0000,0.1111,197,5,192,0
198,521402375,azul,verde,art3miz_0.1,vermelho,0,-3,20,60,120,0.5000,0.0000,320,69,186,65
198,521402375,azul,vermelho,heuristica,vermelho,1,3,20,60,30,2.0000,0.0000,527,36,459,32
198,521402375,azul,azul,reativa,vermelho,0,-3,20,150,120,1.2500,0.0000,339,10,329,0
199,105700785,verde,verde,art3miz_0.1,vermelho,0,-3,6,120,120,1.0000,0.0000,261,88,100,73
199,105700785,verde,vermelho,heuristica,vermelho,1,3,6,30,0,30.0000,0.0000,235,46,145,44
199,105700785,verde,azul,reativa,vermelho,0,-3,6,90,120,0.7500,0.0000,58,6,52,0
200,2008931110,vermelho,verde,art3miz_0.1,verde,1,3,8,30,0,30.0000,0.1429,158,30,103,25
200,2008931110,vermelho,vermelho,heuristica,verde,0,-3,8,120,120,1.0000,0.0000,383,107,176,100
200,2008931110,vermelho,azul,reativa,verde,0,-3,8,90,120,0.7500,0.0000,31,5,26,0
201,1342046878,azul,verde,art3miz_0.1,vermelho,0,-3,8,70,100,0.7000,0.5000,238,84,79,75
201,1342046878,azul,vermelho,heuristica,vermelho,1,3,8,30,0,30.0000,0.0000,258,41,167,50
201,1342046878,azul,azul,reativa,vermelho,0,-3,8,100,100,1.0000,1.0000,80,7,73,0
202,953152536,verde,verde,art3miz_0.1,azul,0,-3,8,90,120,0.7500,0.0000,222,86,74,62
202,953152536,verde,vermelho,heuristica,azul,0,-3,8,150,120,1.2500,0.0000,432,135,187,110
202,953152536,verde,azul,reativa,azul,1,3,8,30,30,1.0000,0.1250,178,4,174,0
203,1936411928,vermelho,verde,art3miz_0.1,empate,0,-1,100,0,30,0.0000,0.0000,4125,1079,2064,982
203,1936411928,vermelho,vermelho,heuristica,empate,0,-1,100,0,0,0.0000,0.0000,1853,2,1851,0
203,1936411928,vermelho,azul,reativa,empate,0,-1,100,30,0,30.0000,0.0000,2289,5,2284,0
204,1166957166,azul,verde,art3miz_0.1,vermelho,0,-3,11,150,120,1.2500,0.0000,450,140,186,124
204,1166957166,azul,vermelho,heuristica,vermelho,1,3,11,30,30,1.0000,0.1000,252,27,201,24
204,1166957166,azul,azul,reativa,vermelho,0,-3,11,90,120,0.7500,0.0000,55,4,51,0
205,1693299176,verde,verde,art3miz_0.1,vermelho,0,-3,5,90,120,0.7500,0.0000,207,80,78,49
205,1693299176,verde,vermelho,heuristica,vermelho,1,3,5,60,0,60.0000,0.0000,246,79,117,50
205,1693299176,verde,azul,reativa,vermelho,0,-3,5,90,120,0.7500,0.0000,31,5,26,0
206,1869436229,vermelho,verde,art3miz_0.1,vermelho,0,-3,12,120,120,1.0000,0.0000,366,109,163,94
206,1869436229,vermelho,vermelho,heuristica,vermelho,1,3,12,30,0,30.0000,0.0000,379,45,288,46
206,1869436229,vermelho,azul,reativa,vermelho,0,-3,12,90,120,0.7500,0.0000,97,6,91,0
207,145879472,azul,verde,art3miz_0.1,vermelho,0,-3,9,90,110,0.8182,0.2500,237,83,79,75
207,145879472,azul,vermelho,heuristica,vermelho,1,3,9,30,30,1.0000,0.0000,302,49,203,50
207,145879472,azul,azul,reativa,vermelho,0,-3,9,140,120,1.1667,0.0000,86,9,77,0
208,149114399,verde,verde,art3miz_0.1,vermelho,0,-3,8,120,120,1.0000,0.1250,290,84,133,73
208,149114399,verde,vermelho,heuristica,vermelho,1,3,8,30,0,30.0000,0.2500,259,27,207,25
208,149114399,verde,azul,reativa,vermelho,0,-3,8,90,120,0.7500,0.0000,31,5,26,0
209,1683453032,vermelho,verde,art3miz_0.1,verde,1,3,8,30,0,30.0000,0.4286,51,2,49,0
209,1683453032,vermelho,vermelho,heuristica,verde,0,-3,8,120,120,1.0000,0.0000,435,134,176,125
209,1683453032,vermelho,azul,reativa,verde,0,-3,8,90,120,0.7500,0.0000,55,5,50,0
210,1180105192,azul,verde,art3miz_0.1,empate,0,-1,100,0,0,0.0000,0.0000,2116,50,2066,0
210,1180105192,azul,vermelho,heuristica,empate,0,-1,100,0,0,0.0000,0.0101,2574,0,2574,0
210,1180105192,azul,azul,reativa,empate,0,-1,100,0,0,0.0000,0.0000,2014,51,1963,0
211,706502710,verde,verde,art3miz_0.1,azul,0,-3,12,60,120,0.5000,0.1000,278,83,145,50
211,706502710,verde,vermelho,heuristica,azul,0,-3,12,150,120,1.2500,0.0833,680,232,278,170
211,706502710,verde,azul,reativa,azul,1,3,12,90,60,1.5000,0.0000,215,9,206,0
212,1552000050,vermelho,verde,art3miz_0.1,azul,0,-3,8,90,120,0.7500,0.0000,260,108,78,74
212,1552000050,vermelho,vermelho,heuristica,azul,0,-3,8,150,120,1.2500,0.0000,440,128,190,122
212,1552000050,vermelho,azul,reativa,azul,1,3,8,30,30,1.0000,0.0000,158,4,154,0
213,1627387955,azul,verde,art3miz_0.1,verde,1,3,16,30,0,30.0000,0.0667,339,32,282,25
213,1627387955,azul,vermelho,heuristica,verde,0,-3,16,90,120,0.7500,0.0000,282,106,101,75
213,1627387955,azul,azul,reativa,verde,0,-3,16,120,120,1.0000,0.0000,269,7,262,0
214,692168545,verde,verde,art3miz_0.1,vermelho,0,-3,8,90,120,0.7500,0.0000,283,82,132,69
214,692168545,verde,vermelho,heuristica,vermelho,1,3,8,30,0,30.0000,0.0000,325,78,198,49
214,692168545,verde,azul,reativa,vermelho,0,-3,8,120,120,1.0000,0.0000,86,11,75,0
215,1117255669,vermelho,verde,art3miz_0.1,verde,1,3,7,30,0,30.0000,0.0000,121,30,66,25
215,1117255669,vermelho,vermelho,heuristica,verde,0,-3,7,120,120,1.0000,0.0000,437,161,151,125
215,1117255669,vermelho,azul,reativa,verde,0,-3,7,90,120,0.7500,0.0000,55,4,51,0
216,1291571188,azul,verde,art3miz_0.1,verde,1,3,11,30,30,1.0000,0.0000,120,26,69,25
216,1291571188,azul,vermelho,heuristica,verde,0,-3,11,150,120,1.2500,0.0000,488,135,228,125
216,1291571188,azul,azul,reativa,verde,0,-3,11,90,120,0.7500,0.0000,54,4,50,0
217,1835059891,verde,verde,art3miz_0.1,azul,0,-3,8,150,120,1.2500,0.0000,486,184,177,125
217,1835059891,verde,vermelho,heuristica,azul,0,-3,8,90,120,0.7500,0.0000,255,79,101,75
217,1835059891,verde,azul,reativa,azul,1,3,8,30,30,1.0000,0.0000,182,5,177,0
218,770527005,vermelho,verde,art3miz_0.1,vermelho,0,-3,10,90,120,0.7500,0.0000,238,84,79,75
218,770527005,vermelho,vermelho,heuristica,vermelho,1,3,10,30,60,0.5000,0.0000,423,86,239,98
218,770527005,vermelho,azul,reativa,vermelho,0,-3,10,180,120,1.5000,0.0000,87,12,75,0
219,1839775962,azul,verde,art3miz_0.1,vermelho,0,-3,13,90,120,0.7500,0.0000,393,124,158,111
219,1839775962,azul,vermelho,heuristica,vermelho,1,3,13,30,0,30.0000,0.0000,351,27,299,25
219,1839775962,azul,azul,reativa,vermelho,0,-3,13,120,120,1.0000,0.0000,189,10,179,0
220,786723664,verde,verde,art3miz_0.1,azul,0,-3,12,150,120,1.2500,0.0833,471,131,222,118
220,786723664,verde,vermelho,heuristica,azul,0,-3,12,90,120,0.7500,0.1250,369,99,178,92
220,786723664,verde,azul,reativa,azul,1,3,12,30,30,1.0000,0.0000,282,2,280,0
221,1984655043,vermelho,verde,art3miz_0.1,verde,1,3,8,20,0,20.0000,0.2857,137,29,85,23
221,1984655043,vermelho,vermelho,heuristica,verde,0,-3,8,100,100,1.0000,0.4286,268,73,130,65
221,1984655043,vermelho,azul,reativa,verde,0,-3,8,80,100,0.8000,0.6667,73,6,67,0
222,2038087983,azul,verde,art3miz_0.1,vermelho,0,-3,19,90,120,0.7500,0.0000,410,104,207,99
222,2038087983,azul,vermelho,heuristica,vermelho,1,3,19,30,30,1.0000,0.0000,505,26,455,24
222,2038087983,azul,azul,reativa,vermelho,0,-3,19,150,120,1.2500,0.0000,339,9,330,0
223,24191029,verde,verde,art3miz_0.1,azul,0,-3,7,120,120,1.0000,0.0000,289,82,132,75
223,24191029,verde,vermelho,heuristica,azul,0,-3,7,90,120,0.7500,0.0000,255,79,101,75
223,24191029,verde,azul,reativa,azul,1,3,7,30,0,30.0000,0.0000,142,3,139,0
224,1641540538,vermelho,verde,art3miz_0.1,vermelho,0,-3,15,60,120,0.5000,0.0000,215,58,106,51
224,1641540538,vermelho,vermelho,heuristica,vermelho,1,3,15,60,60,1.0000,0.0000,441,50,343,48
224,1641540538,vermelho,azul,reativa,vermelho,0,-3,15,180,120,1.5000,0.0000,186,12,174,0
225,951702792,azul,verde,art3miz_0.1,empate,0,-1,100,0,0,0.0000,0.0000,2166,51,2115,0
225,951702792,azul,vermelho,heuristica,empate,0,-1,100,0,0,0.0000,0.0000,2084,0,2084,0
225,951702792,azul,azul,reativa,empate,0,-1,100,0,0,0.0000,0.0000,2058,50,2008,0
226,675296008,verde,verde,art3miz_0.1,azul,0,-3,9,100,120,0.8333,0.3333,300,84,141,75
226,675296008,verde,vermelho,heuristica,azul,0,-3,9,90,100,0.9000,0.2500,255,79,101,75
226,675296008,verde,azul,reativa,azul,1,3,9,30,0,30.0000,0.0000,205,2,203,0
227,559324355,vermelho,verde,art3miz_0.1,vermelho,0,-3,17,60,120,0.5000,0.2000,261,82,104,75
227,559324355,vermelho,vermelho,heuristica,vermelho,1,3,17,60,30,2.0000,0.0000,532,77,384,71
227,559324355,vermelho,azul,reativa,vermelho,0,-3,17,150,120,1.2500,0.0000,284,10,274,0
228,981530121,azul,verde,art3miz_0.1,azul,0,-3,9,120,120,1.0000,0.0000,445,164,157,124
228,981530121,azul,vermelho,heuristica,azul,0,-3,9,60,120,0.5000,0.0000,241,77,116,48
228,981530121,azul,azul,reativa,azul,1,3,9,90,30,3.0000,0.0000,149,10,139,0
229,1656250677,verde,verde,art3miz_0.1,azul,0,-3,8,90,110,0.8182,0.4000,259,81,103,75
229,1656250677,verde,vermelho,heuristica,azul,0,-3,8,110,120,0.9167,0.3750,410,108,202,100
229,1656250677,verde,azul,reativa,azul,1,3,8,30,0,30.0000,0.0000,174,4,170,0
230,207735304,vermelho,verde,art3miz_0.1,verde,1,3,13,150,90,1.6667,0.2500,514,194,195,125
230,207735304,vermelho,vermelho,heuristica,verde,0,-3,13,60,120,0.5000,0.0000,447,121,226,100
230,207735304,vermelho,azul,reativa,verde,0,-3,13,120,120,1.0000,0.0000,210,9,201,0
231,989711541,azul,verde,art3miz_0.1,vermelho,0,-3,15,30,120,0.2500,0.1667,259,85,98,76
231,989711541,azul,vermelho,heuristica,vermelho,1,3,15,90,80,1.1250,0.2143,515,82,358,75
231,989711541,azul,azul,reativa,vermelho,0,-3,15,200,120,1.6667,0.0000,160,14,146,0
232,1444584449,verde,verde,art3miz_0.1,azul,0,-3,8,150,120,1.2500,0.0000,366,108,158,100
232,1444584449,verde,vermelho,heuristica,azul,0,-3,8,90,120,0.7500,0.0000,254,79,100,75
232,1444584449,verde,azul,reativa,azul,1,3,8,30,30,1.0000,0.0000,182,3,179,0
233,594435942,vermelho,verde,art3miz_0.1,azul,0,-3,10,110,110,1.0000,0.1111,327,101,132,94
233,594435942,vermelho,vermelho,heuristica,azul,0,-3,10,80,110,0.7273,0.3333,292,77,143,72
233,594435942,vermelho,azul,reativa,azul,1,3,10,30,0,30.0000,0.0000,224,2,222,0
234,1488348715,azul,verde,art3miz_0.1,vermelho,0,-3,9,90,120,0.7500,0.0000,269,111,83,75
234,1488348715,azul,vermelho,heuristica,vermelho,1,3,9,90,60,1.5000,0.1250,420,142,185,93
234,1488348715,azul,azul,reativa,vermelho,0,-3,9,120,120,1.0000,0.0000,108,6,102,0
235,15411380,verde,verde,art3miz_0.1,verde,1,3,6,60,0,60.0000,0.0000,199,83,66,50
235,15411380,verde,vermelho,heuristica,verde,0,-3,6,90,120,0.7500,0.0000,360,134,126,100
235,15411380,verde,azul,reativa,verde,0,-3,6,90,120,0.7500,0.0000,57,8,49,0
236,893382118,vermelho,verde,art3miz_0.1,vermelho,0,-3,15,50,120,0.4167,0.1250,357,124,158,75
236,893382118,vermelho,vermelho,heuristica,vermelho,1,3,15,120,80,1.5000,0.2000,709,182,377,150
236,893382118,vermelho,azul,reativa,vermelho,0,-3,15,150,120,1.2500,0.0714,240,10,230,0
237,829102571,azul,verde,art3miz_0.1,vermelho,0,-3,19,90,120,0.7500,0.0000,420,118,205,97
237,829102571,azul,vermelho,heuristica,vermelho,1,3,19,30,30,1.0000,0.1667,470,34,404,32
237,829102571,azul,azul,reativa,vermelho,0,-3,19,150,120,1.2500,0.0000,322,9,313,0
238,1104959249,verde,verde,art3miz_0.1,azul,0,-3,10,100,120,0.8333,0.2000,310,93,131,86
238,1104959249,verde,vermelho,heuristica,azul,0,-3,10,90,100,0.9000,0.2000,254,72,114,68
238,1104959249,verde,azul,reativa,azul,1,3,10,30,0,30.0000,0.2000,222,3,219,0
239,436567940,vermelho,verde,art3miz_0.1,verde,1,3,7,30,30,1.0000,0.0000,237,81,107,49
239,436567940,vermelho,vermelho,heuristica,verde,0,-3,7,150,120,1.2500,0.1667,402,132,148,122
239,436567940,vermelho,azul,reativa,verde,0,-3,7,90,120,0.7500,0.0000,31,5,26,0
240,314003729,azul,verde,art3miz_0.1,vermelho,0,-3,19,90,120,0.7500,0.2000,401,99,203,99
240,314003729,azul,vermelho,heuristica,vermelho,1,3,19,30,30,1.0000,0.0000,648,88,460,100
240,314003729,azul,azul,reativa,vermelho,0,-3,19,150,120,1.2500,0.2778,338,10,328,0
241,334422033,verde,verde,art3miz_0.1,verde,1,3,7,30,0,30.0000,0.1429,102,28,49,25
241,334422033,verde,vermelho,heuristica,verde,0,-3,7,120,120,1.0000,0.0000,437,161,151,125
241,334422033,verde,azul,reativa,verde,0,-3,7,90,120,0.7500,0.0000,56,5,51,0
242,251380444,vermelho,verde,art3miz_0.1,vermelho,0,-3,13,90,120,0.7500,0.0000,456,120,219,117
242,251380444,vermelho,vermelho,heuristica,vermelho,1,3,13,30,0,30.0000,0.0000,433,53,330,50
242,251380444,vermelho,azul,reativa,vermelho,0,-3,13,120,120,1.0000,0.0000,209,11,198,0
243,1102806774,azul,verde,art3miz_0.1,azul,0,-3,12,150,120,1.2500,0.0000,379,106,179,94
243,1102806774,azul,vermelho,heuristica,azul,0,-3,12,90,120,0.7500,0.0000,255,79,101,75
243,1102806774,azul,azul,reativa,azul,1,3,12,30,30,1.0000,0.0000,248,3,245,0
244,1761145918,verde,verde,art3miz_0.1,vermelho,0,-3,14,90,120,0.7500,0.1429,351,139,110,102
244,1761145918,verde,vermelho,heuristica,vermelho,1,3,14,90,60,1.5000,0.0000,468,67,339,62
244,1761145918,verde,azul,reativa,vermelho,0,-3,14,120,120,1.0000,0.1538,209,8,201,0
245,1986957636,vermelho,verde,art3miz_0.1,vermelho,0,-3,10,60,120,0.5000,0.0000,230,70,94,66
245,1986957636,vermelho,vermelho,heuristica,vermelho,1,3,10,60,30,2.0000,0.0000,362,54,258,50
245,1986957636,vermelho,azul,reativa,vermelho,0,-3,10,150,120,1.2500,0.0000,111,10,101,0
246,1517405042,azul,verde,art3miz_0.1,empate,0,-1,100,0,0,0.0000,0.0000,1969,50,1919,0
246,1517405042,azul,vermelho,heuristica,empate,0,-1,100,0,0,0.0000,0.0000,1840,50,1790,0
246,1517405042,azul,azul,reativa,empate,0,-1,100,0,0,0.0000,0.4900,2600,0,2600,0
247,286550506,verde,verde,art3miz_0.1,azul,0,-3,7,120,120,1.0000,0.0000,254,72,117,65
247,286550506,verde,vermelho,heuristica,azul,0,-3,7,90,120,0.7500,0.0000,225,69,91,65
247,286550506,verde,azul,reativa,azul,1,3,7,30,0,30.0000,0.0000,148,4,144,0
248,137304799,vermelho,verde,art3miz_0.1,vermelho,0,-3,19,60,120,0.5000,0.0000,266,63,144,59
248,137304799,vermelho,vermelho,heuristica,vermelho,1,3,19,60,90,0.6667,0.0000,528,46,434,48
248,137304799,vermelho,azul,reativa,vermelho,0,-3,19,210,120,1.7500,0.0000,253,14,239,0
249,705417887,azul,verde,art3miz_0.1,verde,1,3,7,60,0,60.0000,0.0000,71,5,66,0
249,705417887,azul,vermelho,heuristica,verde,0,-3,7,90,120,0.7500,0.0000,266,88,113,65
249,705417887,azul,azul,reativa,verde,0,-3,7,90,120,0.7500,0.0000,55,4,51,0
250,726116545,verde,verde,art3miz_0.1,vermelho,0,-3,8,110,110,1.0000,0.3750,296,86,135,75
250,726116545,verde,vermelho,heuristica,vermelho,1,3,8,30,0,30.0000,0.0000,240,26,189,25
250,726116545,verde,azul,reativa,vermelho,0,-3,8,80,110,0.7273,1.0000,31,5,26,0
251,1291141008,vermelho,verde,art3miz_0.1,verde,1,3,8,30,0,30.0000,0.1429,225,84,91,50
251,1291141008,vermelho,vermelho,heuristica,verde,0,-3,8,120,120,1.0000,0.0000,284,77,138,69
251,1291141008,vermelho,azul,reativa,verde,0,-3,8,90,120,0.7500,0.0000,74,6,68,0
252,397193934,azul,verde,art3miz_0.1,verde,1,3,8,30,0,30.0000,0.0000,51,2,49,0
252,397193934,azul,vermelho,heuristica,verde,0,-3,8,90,120,0.7500,0.2500,254,80,99,75
252,397193934,azul,azul,reativa,verde,0,-3,8,120,120,1.0000,0.1429,83,7,76,0
253,214387698,verde,verde,art3miz_0.1,azul,0,-3,8,150,120,1.2500,0.0000,368,110,158,100
253,214387698,verde,vermelho,heuristica,azul,0,-3,8,90,120,0.7500,0.0000,255,79,101,75
253,214387698,verde,azul,reativa,azul,1,3,8,30,30,1.0000,0.0000,181,2,179,0
254,2132358912,vermelho,verde,art3miz_0.1,empate,0,-1,100,0,0,0.0000,0.0000,2161,50,2111,0
254,2132358912,vermelho,vermelho,heuristica,empate,0,-1,100,0,0,0.0000,0.0000,1967,51,1916,0
254,2132358912,vermelho,azul,reativa,empate,0,-1,100,0,0,0.0000,0.0000,2600,0,2600,0
255,58356795,azul,verde,art3miz_0.1,vermelho,0,-3,10,120,120,1.0000,0.0000,375,113,162,100
255,58356795,azul,vermelho,heuristica,vermelho,1,3,10,30,0,30.0000,0.0000,276,27,224,25
255,58356795,azul,azul,reativa,vermelho,0,-3,10,90,120,0.7500,0.0000,55,4,51,0
256,1589790228,verde,verde,art3miz_0.1,azul,0,-3,8,140,120,1.1667,0.2500,498,194,179,125
256,1589790228,verde,vermelho,heuristica,azul,0,-3,8,90,110,0.8182,0.2500,256,80,101,75
256,1589790228,verde,azul,reativa,azul,1,3,8,30,30,1.0000,0.2500,177,3,174,0
257,435970243,vermelho,verde,art3miz_0.1,azul,0,-3,11,90,120,0.7500,0.0000,244,77,96,71
257,435970243,vermelho,vermelho,heuristica,azul,0,-3,11,120,120,1.0000,0.0000,493,117,256,120
257,435970243,vermelho,azul,reativa,azul,1,3,11,30,0,30.0000,0.0000,256,5,251,0
258,1527342900,azul,verde,art3miz_0.1,vermelho,0,-3,15,60,120,0.5000,0.1250,302,77,152,73
258,1527342900,azul,vermelho,heuristica,vermelho,1,3,15,60,60,1.0000,0.1429,542,96,346,100
258,1527342900,azul,azul,reativa,vermelho,0,-3,15,180,120,1.5000,0.0000,200,11,189,0
259,1108040743,verde,verde,art3miz_0.1,azul,0,-3,9,90,120,0.7500,0.1250,224,81,88,55
259,1108040743,verde,vermelho,heuristica,azul,0,-3,9,150,120,1.2500,0.0000,411,133,171,107
259,1108040743,verde,azul,reativa,azul,1,3,9,60,60,1.0000,0.1111,178,8,170,0
260,1006993171,vermelho,verde,art3miz_0.1,azul,0,-3,10,40,100,0.4000,0.2500,186,68,78,40
260,1006993171,vermelho,vermelho,heuristica,azul,0,-3,10,100,100,1.0000,0.4000,433,138,213,82
260,1006993171,vermelho,azul,reativa,azul,1,3,10,150,90,1.6667,0.0000,109,14,95,0
261,275007496,azul,verde,art3miz_0.1,azul,0,-3,10,120,120,1.0000,0.2500,354,142,137,75
261,275007496,azul,vermelho,heuristica,azul,0,-3,10,90,120,0.7500,0.0000,447,122,225,100
261,275007496,azul,azul,reativa,azul,1,3,10,120,90,1.3333,0.0000,163,11,152,0
262,1290417309,verde,verde,art3miz_0.1,verde,1,3,7,90,0,90.0000,0.1429,415,172,147,96
262,1290417309,verde,vermelho,heuristica,verde,0,-3,7,90,120,0.7500,0.0000,360,133,152,75
262,1290417309,verde,azul,reativa,verde,0,-3,7,60,120,0.5000,0.0000,83,7,76,0
263,1970741504,vermelho,verde,art3miz_0.1,azul,0,-3,18,40,110,0.3636,0.7143,342,109,133,100
263,1970741504,vermelho,vermelho,heuristica,azul,0,-3,18,180,110,1.6364,0.5000,888,232,429,227
263,1970741504,vermelho,azul,reativa,azul,1,3,18,70,70,1.0000,0.2222,370,4,366,0
264,432544778,azul,verde,art3miz_0.1,azul,0,-3,9,120,120,1.0000,0.0000,283,79,132,72
264,432544778,azul,vermelho,heuristica,azul,0,-3,9,90,120,0.7500,0.0000,251,78,99,74
264,432544778,azul,azul,reativa,azul,1,3,9,30,0,30.0000,0.0000,194,2,192,0
265,1532962704,verde,verde,art3miz_0.1,azul,0,-3,10,120,120,1.0000,0.0000,331,82,179,70
265,1532962704,verde,vermelho,heuristica,azul,0,-3,10,90,120,0.7500,0.0000,262,95,96,71
265,1532962704,verde,azul,reativa,azul,1,3,10,30,0,30.0000,0.0000,225,6,219,0
266,1798660105,vermelho,verde,art3miz_0.1,vermelho,0,-3,15,90,120,0.7500,0.0000,413,105,208,100
266,1798660105,vermelho,vermelho,heuristica,vermelho,1,3,15,30,30,1.0000,0.0000,381,27,329,25
266,1798660105,vermelho,azul,reativa,vermelho,0,-3,15,150,120,1.2500,0.1429,237,9,228,0
267,358080245,azul,verde,art3miz_0.1,verde,1,3,8,60,0,60.0000,0.0000,126,31,70,25
267,358080245,azul,vermelho,heuristica,verde,0,-3,8,90,120,0.7500,0.0000,421,146,150,125
267,358080245,azul,azul,reativa,verde,0,-3,8,90,120,0.7500,0.0000,82,5,77,0
268,1943115339,verde,verde,art3miz_0.1,vermelho,0,-3,9,120,120,1.0000,0.0000,368,111,159,98
268,1943115339,verde,vermelho,heuristica,vermelho,1,3,9,30,0,30.0000,0.0000,263,27,211,25
268,1943115339,verde,azul,reativa,vermelho,0,-3,9,90,120,0.7500,0.0000,55,4,51,0
269,477278850,vermelho,verde,art3miz_0.1,vermelho,0,-3,17,90,120,0.7500,0.0000,410,104,207,99
269,477278850,vermelho,vermelho,heuristica,vermelho,1,3,17,30,0,30.0000,0.0000,462,18,428,16
269,477278850,vermelho,azul,reativa,vermelho,0,-3,17,120,120,1.0000,0.0000,303,7,296,0
270,522803334,azul,verde,art3miz_0.1,vermelho,0,-3,11,90,120,0.7500,0.0000,242,84,83,75
270,522803334,azul,vermelho,heuristica,vermelho,1,3,11,30,0,30.0000,0.0000,351,48,254,49
270,522803334,azul,azul,reativa,vermelho,0,-3,11,120,120,1.0000,0.0000,159,6,153,0
271,1159399617,verde,verde,art3miz_0.1,azul,0,-3,10,70,100,0.7000,0.9000,351,118,145,88
271,1159399617,verde,vermelho,heuristica,azul,0,-3,10,130,100,1.3000,0.5000,444,171,173,100
271,1159399617,verde,azul,reativa,azul,1,3,10,90,90,1.0000,0.0000,163,10,153,0
272,1955071387,vermelho,verde,art3miz_0.1,azul,0,-3,13,90,120,0.7500,0.0000,234,80,79,75
272,1955071387,vermelho,vermelho,heuristica,azul,0,-3,13,150,120,1.2500,0.0000,547,122,310,115
272,1955071387,vermelho,azul,reativa,azul,1,3,13,30,30,1.0000,0.0000,293,1,292,0
273,2082054462,azul,verde,art3miz_0.1,azul,0,-3,9,20,120,0.1667,0.8000,294,102,98,94
273,2082054462,azul,vermelho,heuristica,azul,0,-3,9,160,120,1.3333,0.6250,492,164,190,138
273,2082054462,azul,azul,reativa,azul,1,3,9,130,70,1.8571,0.5556,111,10,101,0
274,616255602,verde,verde,art3miz_0.1,azul,0,-3,8,90,120,0.7500,0.0000,271,129,77,65
274,616255602,verde,vermelho,heuristica,azul,0,-3,8,150,120,1.2500,0.0000,407,115,184,108
274,616255602,verde,azul,reativa,azul,1,3,8,30,30,1.0000,0.0000,181,6,175,0
275,330685898,vermelho,verde,art3miz_0.1,verde,1,3,8,30,30,1.0000,0.0000,146,30,91,25
275,330685898,vermelho,vermelho,heuristica,verde,0,-3,8,150,120,1.2500,0.0000,486,161,175,150
275,330685898,vermelho,azul,reativa,verde,0,-3,8,90,120,0.7500,0.0000,55,4,51,0
276,293034207,azul,verde,art3miz_0.1,vermelho,0,-3,7,90,120,0.7500,0.0000,237,83,79,75
276,293034207,azul,vermelho,heuristica,vermelho,1,3,7,30,0,30.0000,0.1667,309,96,140,73
276,293034207,azul,azul,reativa,vermelho,0,-3,7,120,120,1.0000,0.0000,58,7,51,0
277,1726906955,verde,verde,art3miz_0.1,vermelho,0,-3,11,90,120,0.7500,0.0000,335,100,144,91
277,1726906955,verde,vermelho,heuristica,vermelho,1,3,11,90,90,1.0000,0.0909,459,124,252,83
277,1726906955,verde,azul,reativa,vermelho,0,-3,11,150,120,1.2500,0.0000,106,12,94,0
278,652899206,vermelho,verde,art3miz_0.1,verde,1,3,7,60,0,60.0000,0.1667,220,76,101,43
278,652899206,vermelho,vermelho,heuristica,verde,0,-3,7,90,120,0.7500,0.0000,381,123,142,116
278,652899206,vermelho,azul,reativa,verde,0,-3,7,90,120,0.7500,0.0000,60,9,51,0
279,1775053101,azul,verde,art3miz_0.1,vermelho,0,-3,12,60,120,0.5000,0.0000,231,72,90,69
279,1775053101,azul,vermelho,heuristica,vermelho,1,3,12,60,30,2.0000,0.0909,462,105,257,100
279,1775053101,azul,azul,reativa,vermelho,0,-3,12,150,120,1.2500,0.0909,165,12,153,0
280,1138206718,verde,verde,art3miz_0.1,vermelho,0,-3,11,90,110,0.8182,0.1250,309,139,95,75
280,1138206718,verde,vermelho,heuristica,vermelho,1,3,11,110,60,1.8333,0.2727,534,133,276,125
280,1138206718,verde,azul,reativa,vermelho,0,-3,11,90,120,0.7500,0.2000,185,7,178,0
281,1154859730,vermelho,verde,art3miz_0.1,azul,0,-3,13,70,120,0.5833,0.1667,323,81,168,74
281,1154859730,vermelho,vermelho,heuristica,azul,0,-3,13,120,100,1.2000,0.2857,383,115,160,108
281,1154859730,vermelho,azul,reativa,azul,1,3,13,120,90,1.3333,0.0000,203,7,196,0
282,1853518004,azul,verde,art3miz_0.1,empate,0,-1,100,0,0,0.0000,0.0000,2135,49,2086,0
282,1853518004,azul,vermelho,heuristica,empate,0,-1,100,0,0,0.0000,0.4949,1999,50,1949,0
282,1853518004,azul,azul,reativa,empate,0,-1,100,0,0,0.0000,0.0100,1823,0,1823,0
283,556386123,verde,verde,art3miz_0.1,empate,0,-1,100,0,0,0.0000,0.0000,2146,51,2095,0
283,556386123,verde,vermelho,heuristica,empate,0,-1,100,0,0,0.0000,0.0000,2053,50,2003,0
283,556386123,verde,azul,reativa,empate,0,-1,100,0,0,0.0000,0.0000,2600,0,2600,0
284,884053951,vermelho,verde,art3miz_0.1,azul,0,-3,13,120,120,1.0000,0.0000,550,234,188,128
284,884053951,vermelho,vermelho,heuristica,azul,0,-3,13,120,120,1.0000,0.0000,509,140,286,83
284,884053951,vermelho,azul,reativa,azul,1,3,13,30,30,1.0000,0.0000,255,6,249,0
285,1520719184,azul,verde,art3miz_0.1,azul,0,-3,14,90,100,0.9000,0.2222,391,131,161,99
285,1520719184,azul,vermelho,heuristica,azul,0,-3,14,130,120,1.0833,0.3077,613,182,298,133
285,1520719184,azul,azul,reativa,azul,1,3,14,30,30,1.0000,0.0714,310,5,305,0
286,1349709110,verde,verde,art3miz_0.1,azul,0,-3,10,150,120,1.2500,0.0000,481,213,144,124
286,1349709110,verde,vermelho,heuristica,azul,0,-3,10,90,120,0.7500,0.0000,432,130,202,100
286,1349709110,verde,azul,reativa,azul,1,3,10,30,30,1.0000,0.0000,234,9,225,0
287,1449566124,vermelho,verde,art3miz_0.1,verde,1,3,8,30,0,30.0000,0.2857,53,2,51,0
287,1449566124,vermelho,vermelho,heuristica,verde,0,-3,8,120,120,1.0000,0.0000,435,134,176,125
287,1449566124,vermelho,azul,reativa,verde,0,-3,8,90,120,0.7500,0.0000,56,6,50,0
288,546701403,azul,verde,art3miz_0.1,vermelho,0,-3,11,60,100,0.6000,0.4000,337,133,104,100
288,546701403,azul,vermelho,heuristica,vermelho,1,3,11,70,60,1.1667,0.2000,511,157,254,100
288,546701403,azul,azul,reativa,vermelho,0,-3,11,150,120,1.2500,0.1000,137,10,127,0
289,1544369877,verde,verde,art3miz_0.1,azul,0,-3,9,120,120,1.0000,0.0000,298,82,141,75
289,1544369877,verde,vermelho,heuristica,azul,0,-3,9,90,120,0.7500,0.0000,255,79,101,75
289,1544369877,verde,azul,reativa,azul,1,3,9,30,0,30.0000,0.0000,197,2,195,0
290,531010709,vermelho,verde,art3miz_0.1,azul,0,-3,9,120,120,1.0000,0.0000,294,82,137,75
290,531010709,vermelho,vermelho,heuristica,azul,0,-3,9,90,120,0.7500,0.0000,255,79,101,75
290,531010709,vermelho,azul,reativa,azul,1,3,9,30,0,30.0000,0.0000,171,2,169,0
291,53123547,azul,verde,art3miz_0.1,vermelho,0,-3,19,90,120,0.7500,0.0000,436,117,203,116
291,53123547,azul,vermelho,heuristica,vermelho,1,3,19,30,30,1.0000,0.0556,465,20,429,16
291,53123547,azul,azul,reativa,vermelho,0,-3,19,150,120,1.2500,0.0000,307,10,297,0
292,231262719,verde,verde,art3miz_0.1,empate,0,-1,100,60,120,0.5000,0.6667,264,94,89,81
292,231262719,verde,vermelho,heuristica,empate,0,-1,100,120,60,2.0000,0.5000,4623,1111,2284,1228
292,231262719,verde,azul,reativa,empate,0,-1,100,0,0,0.0000,0.0000,2551,0,2551,0
293,662711743,vermelho,verde,art3miz_0.1,verde,1,3,13,60,60,1.0000,0.2500,202,45,118,39
293,662711743,vermelho,vermelho,heuristica,verde,0,-3,13,120,120,1.0000,0.0000,478,148,216,114
293,662711743,vermelho,azul,reativa,verde,0,-3,13,120,120,1.0000,0.0000,209,9,200,0
294,842140641,azul,verde,art3miz_0.1,vermelho,0,-3,15,90,120,0.7500,0.0000,377,100,182,95
294,842140641,azul,vermelho,heuristica,vermelho,1,3,15,30,30,1.0000,0.1429,460,49,361,50
294,842140641,azul,azul,reativa,vermelho,0,-3,15,150,120,1.2500,0.0000,215,9,206,0
295,1252927648,verde,verde,art3miz_0.1,azul,0,-3,9,120,120,1.0000,0.0000,283,77,136,70
295,1252927648,verde,vermelho,heuristica,azul,0,-3,9,90,120,0.7500,0.0000,219,67,89,63
295,1252927648,verde,azul,reativa,azul,1,3,9,30,0,30.0000,0.0000,208,4,204,0
296,488546147,vermelho,verde,art3miz_0.1,azul,0,-3,10,90,120,0.7500,0.0000,292,142,79,71
296,488546147,vermelho,vermelho,heuristica,azul,0,-3,10,150,120,1.2500,0.0000,441,113,222,106
296,488546147,vermelho,azul,reativa,azul,1,3,10,30,30,1.0000,0.0000,223,6,217,0
297,1093134130,azul,verde,art3miz_0.1,verde,1,3,10,30,30,1.0000,0.1111,204,53,101,50
297,1093134130,azul,vermelho,heuristica,verde,0,-3,10,90,120,0.7500,0.0000,255,80,100,75
297,1093134130,azul,azul,reativa,verde,0,-3,10,150,120,1.2500,0.0000,112,11,101,0
298,856898793,verde,verde,art3miz_0.1,azul,0,-3,11,150,100,1.5000,0.0909,400,111,189,100
298,856898793,verde,vermelho,heuristica,azul,0,-3,11,90,120,0.7500,0.0000,255,79,101,75
298,856898793,verde,azul,reativa,azul,1,3,11,10,30,0.3333,0.0000,250,3,247,0
299,679112036,vermelho,verde,art3miz_0.1,azul,0,-3,15,60,120,0.5000,0.2222,424,96,203,125
299,679112036,vermelho,vermelho,heuristica,azul,0,-3,15,120,120,1.0000,0.1333,661,135,376,150
299,679112036,vermelho,azul,reativa,azul,1,3,15,150,90,1.6667,0.0000,262,11,251,0
300,79218301,azul,verde,art3miz_0.1,empate,0,-1,100,0,0,0.0000,0.0000,2098,50,2048,0
300,79218301,azul,vermelho,heuristica,empate,0,-1,100,0,0,0.0000,0.0000,1986,49,1937,0
300,79218301,azul,azul,reativa,empate,0,-1,100,0,0,0.0000,0.0000,2551,0,2551,0
301,1425715911,verde,verde,art3miz_0.1,verde,1,3,14,30,30,1.0000,0.0000,130,28,77,25
301,1425715911,verde,vermelho,heuristica,verde,0,-3,14,130,120,1.0833,0.7692,808,257,326,225
301,1425715911,verde,azul,reativa,verde,0,-3,14,90,100,0.9000,0.7500,86,11,75,0
302,324304472,vermelho,verde,art3miz_0.1,azul,0,-3,9,30,120,0.2500,0.0000,201,47,104,50
302,324304472,vermelho,vermelho,heuristica,azul,0,-3,9,180,120,1.5000,0.0000,593,192,226,175
302,324304472,vermelho,azul,reativa,azul,1,3,9,120,90,1.3333,0.0000,132,7,125,0
303,1492864929,azul,verde,art3miz_0.1,azul,0,-3,12,60,120,0.5000,0.2500,170,49,75,46
303,1492864929,azul,vermelho,heuristica,azul,0,-3,12,120,120,1.0000,0.3636,605,174,265,166
303,1492864929,azul,azul,reativa,azul,1,3,12,90,30,3.0000,0.1667,232,9,223,0
304,1121729027,verde,verde,art3miz_0.1,vermelho,0,-3,8,100,110,0.9091,0.5000,298,86,137,75
304,1121729027,verde,vermelho,heuristica,vermelho,1,3,8,30,0,30.0000,0.0000,260,32,190,38
304,1121729027,verde,azul,reativa,vermelho,0,-3,8,80,100,0.8000,1.0000,32,6,26,0
305,329186859,vermelho,verde,art3miz_0.1,vermelho,0,-3,17,60,120,0.5000,0.0000,262,68,131,63
305,329186859,vermelho,vermelho,heuristica,vermelho,1,3,17,60,60,1.0000,0.0000,476,34,411,31
305,329186859,vermelho,azul,reativa,vermelho,0,-3,17,180,120,1.5000,0.0000,243,13,230,0
306,947366636,azul,verde,art3miz_0.1,azul,0,-3,10,80,110,0.7273,0.3333,279,84,120,75
306,947366636,azul,vermelho,heuristica,azul,0,-3,10,80,110,0.7273,0.8000,332,106,126,100
306,947366636,azul,azul,reativa,azul,1,3,10,60,0,60.0000,0.0000,207,6,201,0
307,1818107138,verde,verde,art3miz_0.1,vermelho,0,-3,9,90,120,0.7500,0.0000,198,68,71,59
307,1818107138,verde,vermelho,heuristica,vermelho,1,3,9,30,0,30.0000,0.1111,308,49,217,42
307,1818107138,verde,azul,reativa,vermelho,0,-3,9,120,120,1.0000,0.0000,107,7,100,0
308,635456449,vermelho,verde,art3miz_0.1,verde,1,3,9,30,30,1.0000,0.1250,190,29,136,25
308,635456449,vermelho,vermelho,heuristica,verde,0,-3,9,150,110,1.3636,0.3750,524,173,201,150
308,635456449,vermelho,azul,reativa,verde,0,-3,9,80,120,0.6667,0.0000,30,4,26,0
309,1609319578,azul,verde,art3miz_0.1,azul,0,-3,10,110,120,0.9167,0.6667,507,186,200,121
309,1609319578,azul,vermelho,heuristica,azul,0,-3,10,60,110,0.5455,0.8571,459,174,167,118
309,1609319578,azul,azul,reativa,azul,1,3,10,120,60,2.0000,0.0000,163,14,149,0
310,391903060,verde,verde,art3miz_0.1,vermelho,0,-3,7,90,120,0.7500,0.0000,273,121,82,70
310,391903060,verde,vermelho,heuristica,vermelho,1,3,7,60,0,60.0000,0.0000,378,127,176,75
310,391903060,verde,azul,reativa,vermelho,0,-3,7,90,120,0.7500,0.0000,80,5,75,0
311,369162837,vermelho,verde,art3miz_0.1,verde,1,3,12,130,90,1.4444,0.2727,484,190,170,124
311,369162837,vermelho,vermelho,heuristica,verde,0,-3,12,60,100,0.6000,0.4545,536,145,267,124
311,369162837,vermelho,azul,reativa,verde,0,-3,12,120,120,1.0000,0.1111,138,11,127,0
312,40002021,azul,verde,art3miz_0.1,verde,1,3,9,30,0,30.0000,0.2500,108,28,55,25
312,40002021,azul,vermelho,heuristica,verde,0,-3,9,70,100,0.7000,0.6000,332,106,126,100
312,40002021,azul,azul,reativa,verde,0,-3,9,100,100,1.0000,0.3750,111,9,102,0
313,349757038,verde,verde,art3miz_0.1,verde,1,3,8,30,0,30.0000,0.0000,161,31,105,25
313,349757038,verde,vermelho,heuristica,verde,0,-3,8,120,120,1.0000,0.0000,399,124,175,100
313,349757038,verde,azul,reativa,verde,0,-3,8,90,120,0.7500,0.0000,32,6,26,0
314,1753032231,vermelho,verde,art3miz_0.1,vermelho,0,-3,7,150,120,1.2500,0.0000,364,114,150,100
314,1753032231,vermelho,vermelho,heuristica,vermelho,1,3,7,30,30,1.0000,0.0000,272,61,164,47
314,1753032231,vermelho,azul,reativa,vermelho,0,-3,7,90,120,0.7500,0.0000,31,5,26,0
315,1173196213,azul,verde,art3miz_0.1,vermelho,0,-3,11,90,120,0.7500,0.2500,282,130,78,74
315,1173196213,azul,vermelho,heuristica,vermelho,1,3,11,60,0,60.0000,0.0000,469,132,240,97
315,1173196213,azul,azul,reativa,vermelho,0,-3,11,90,120,0.7500,0.0000,174,6,168,0
316,63142686,verde,verde,art3miz_0.1,azul,0,-3,7,110,120,0.9167,0.2857,287,81,132,74
316,63142686,verde,vermelho,heuristica,azul,0,-3,7,90,110,0.8182,0.2500,255,79,101,75
316,63142686,verde,azul,reativa,azul,1,3,7,30,0,30.0000,0.0000,154,3,151,0
317,681300813,vermelho,verde,art3miz_0.1,vermelho,0,-3,9,120,120,1.0000,0.1250,298,86,137,75
317,681300813,vermelho,vermelho,heuristica,vermelho,1,3,9,30,0,30.0000,0.0000,285,27,233,25
317,681300813,vermelho,azul,reativa,vermelho,0,-3,9,90,120,0.7500,0.0000,31,5,26,0
318,506974165,azul,verde,art3miz_0.1,vermelho,0,-3,8,90,120,0.7500,0.0000,283,98,120,65
318,506974165,azul,vermelho,heuristica,vermelho,1,3,8,120,60,2.0000,0.0000,387,141,158,88
318,506974165,azul,azul,reativa,vermelho,0,-3,8,90,120,0.7500,0.0000,104,10,94,0
319,1573761150,verde,verde,art3miz_0.1,azul,0,-3,10,90,120,0.7500,0.0000,260,81,104,75
319,1573761150,verde,vermelho,heuristica,azul,0,-3,10,120,120,1.0000,0.0000,451,106,245,100
319,1573761150,verde,azul,reativa,azul,1,3,10,30,0,30.0000,0.0000,219,2,217,0
320,1937942672,vermelho,verde,art3miz_0.1,vermelho,0,-3,13,90,120,0.7500,0.0000,238,84,79,75
320,1937942672,vermelho,vermelho,heuristica,vermelho,1,3,13,30,0,30.0000,0.0000,514,114,307,93
320,1937942672,vermelho,azul,reativa,vermelho,0,-3,13,120,120,1.0000,0.0000,213,9,204,0
321,2043056792,azul,verde,art3miz_0.1,vermelho,0,-3,13,90,120,0.7500,0.2500,234,80,79,75
321,2043056792,azul,vermelho,heuristica,vermelho,1,3,13,30,60,0.5000,0.0000,342,32,278,32
321,2043056792,azul,azul,reativa,vermelho,0,-3,13,180,120,1.5000,0.0000,151,11,140,0
322,1502885451,verde,verde,art3miz_0.1,azul,0,-3,8,130,110,1.1818,0.3750,351,102,153,96
322,1502885451,verde,vermelho,heuristica,azul,0,-3,8,90,110,0.8182,0.2500,316,140,101,75
322,1502885451,verde,azul,reativa,azul,1,3,8,20,20,1.0000,0.3750,181,7,174,0
323,1638525914,vermelho,verde,art3miz_0.1,vermelho,0,-3,10,120,120,1.0000,0.0000,331,99,147,85
323,1638525914,vermelho,vermelho,heuristica,vermelho,1,3,10,30,0,30.0000,0.0000,311,27,259,25
323,1638525914,vermelho,azul,reativa,vermelho,0,-3,10,90,120,0.7500,0.0000,52,4,48,0
324,1461675684,azul,verde,art3miz_0.1,verde,1,3,10,30,30,1.0000,0.0000,196,30,141,25
324,1461675684,azul,vermelho,heuristica,verde,0,-3,10,90,120,0.7500,0.0000,256,80,101,75
324,1461675684,azul,azul,reativa,verde,0,-3,10,150,120,1.2500,0.0000,113,10,103,0
325,971720179,verde,verde,art3miz_0.1,verde,1,3,11,90,30,3.0000,0.0000,223,80,88,55
325,971720179,verde,vermelho,heuristica,verde,0,-3,11,120,120,1.0000,0.0000,470,127,227,116
325,971720179,verde,azul,reativa,verde,0,-3,11,60,120,0.5000,0.0000,147,4,143,0
326,566942735,vermelho,verde,art3miz_0.1,azul,0,-3,11,120,120,1.0000,0.0000,342,104,141,97
326,566942735,vermelho,vermelho,heuristica,azul,0,-3,11,90,120,0.7500,0.0000,330,97,141,92
326,566942735,vermelho,azul,reativa,azul,1,3,11,30,0,30.0000,0.0000,253,2,251,0
327,1508647464,azul,verde,art3miz_0.1,vermelho,0,-3,7,90,120,0.7500,0.2000,268,110,83,75
327,1508647464,azul,vermelho,heuristica,vermelho,1,3,7,30,0,30.0000,0.3333,277,78,149,50
327,1508647464,azul,azul,reativa,vermelho,0,-3,7,120,120,1.0000,0.1667,59,7,52,0
328,603781327,verde,verde,art3miz_0.1,azul,0,-3,7,60,120,0.5000,0.0000,171,51,74,46
328,603781327,verde,vermelho,heuristica,azul,0,-3,7,90,120,0.7500,0.0000,368,101,170,97
328,603781327,verde,azul,reativa,azul,1,3,7,90,0,90.0000,0.0000,103,7,96,0
329,1627862180,vermelho,verde,art3miz_0.1,azul,0,-3,9,60,120,0.5000,0.0000,237,83,104,50
329,1627862180,vermelho,vermelho,heuristica,azul,0,-3,9,150,120,1.2500,0.0000,533,186,222,125
329,1627862180,vermelho,azul,reativa,azul,1,3,9,90,60,1.5000,0.0000,143,8,135,0
330,2108647050,azul,verde,art3miz_0.1,azul,0,-3,14,150,120,1.2500,0.0000,553,197,247,109
330,2108647050,azul,vermelho,heuristica,azul,0,-3,14,60,120,0.5000,0.2000,374,96,211,67
330,2108647050,azul,azul,reativa,azul,1,3,14,90,60,1.5000,0.0714,257,11,246,0
331,71850044,verde,verde,art3miz_0.1,azul,0,-3,8,150,120,1.2500,0.0000,368,110,158,100
331,71850044,verde,vermelho,heuristica,azul,0,-3,8,90,120,0.7500,0.0000,256,80,101,75
331,71850044,verde,azul,reativa,azul,1,3,8,30,30,1.0000,0.2500,182,3,179,0
332,87384019,vermelho,verde,art3miz_0.1,vermelho,0,-3,18,90,120,0.7500,0.0000,233,81,80,72
332,87384019,vermelho,vermelho,heuristica,vermelho,1,3,18,30,60,0.5000,0.0000,650,115,422,113
332,87384019,vermelho,azul,reativa,vermelho,0,-3,18,180,120,1.5000,0.0000,265,10,255,0
333,456098441,azul,verde,art3miz_0.1,vermelho,0,-3,13,60,120,0.5000,0.0000,200,55,95,50
333,456098441,azul,vermelho,heuristica,vermelho,1,3,13,180,90,2.0000,0.3333,723,225,299,199
333,456098441,azul,azul,reativa,vermelho,0,-3,13,90,120,0.7500,0.3333,236,8,228,0
334,325496467,verde,verde,art3miz_0.1,vermelho,0,-3,10,120,120,1.0000,0.0000,320,84,165,71
334,325496467,verde,vermelho,heuristica,vermelho,1,3,10,30,0,30.0000,0.1000,284,22,244,18
334,325496467,verde,azul,reativa,vermelho,0,-3,10,90,120,0.7500,0.0000,31,5,26,0
335,1049597105,vermelho,verde,art3miz_0.1,vermelho,0,-3,13,120,120,1.0000,0.1667,552,190,237,125
335,1049597105,vermelho,vermelho,heuristica,vermelho,1,3,13,30,0,30.0000,0.2308,472,69,328,75
335,1049597105,vermelho,azul,reativa,vermelho,0,-3,13,90,120,0.7500,0.3333,158,7,151,0
336,1667655431,azul,verde,art3miz_0.1,verde,1,3,11,90,60,1.5000,0.1000,348,84,192,72
336,1667655431,azul,vermelho,heuristica,verde,0,-3,11,90,120,0.7500,0.0000,400,136,153,111
336,1667655431,azul,azul,reativa,verde,0,-3,11,120,120,1.0000,0.0000,157,9,148,0
337,970802006,verde,verde,art3miz_0.1,azul,0,-3,6,140,110,1.2727,0.3333,339,110,129,100
337,970802006,verde,vermelho,heuristica,azul,0,-3,6,80,110,0.7273,0.5000,255,79,101,75
337,970802006,verde,azul,reativa,azul,1,3,6,30,30,1.0000,0.1667,116,3,113,0
338,1342970439,vermelho,verde,art3miz_0.1,azul,0,-3,7,90,120,0.7500,0.2000,224,76,78,70
338,1342970439,vermelho,vermelho,heuristica,azul,0,-3,7,90,120,0.7500,0.0000,349,92,166,91
338,1342970439,vermelho,azul,reativa,azul,1,3,7,60,0,60.0000,0.0000,136,7,129,0
339,437208980,azul,verde,art3miz_0.1,vermelho,0,-3,7,80,110,0.7273,0.2000,257,99,83,75
339,437208980,azul,vermelho,heuristica,vermelho,1,3,7,30,0,30.0000,0.0000,322,104,146,72
339,437208980,azul,azul,reativa,vermelho,0,-3,7,110,110,1.0000,0.8333,59,7,52,0
340,1192874511,verde,verde,art3miz_0.1,vermelho,0,-3,8,120,120,1.0000,0.0000,288,83,133,72
340,1192874511,verde,vermelho,heuristica,vermelho,1,3,8,30,0,30.0000,0.0000,223,24,177,22
340,1192874511,verde,azul,reativa,vermelho,0,-3,8,90,120,0.7500,0.0000,31,5,26,0
341,766493470,vermelho,verde,art3miz_0.1,verde,1,3,21,30,30,1.0000,0.1000,269,27,218,24
341,766493470,vermelho,vermelho,heuristica,verde,0,-3,21,90,120,0.7500,0.0000,303,75,159,69
341,766493470,vermelho,azul,reativa,verde,0,-3,21,150,120,1.2500,0.0500,354,9,345,0
342,410536207,azul,verde,art3miz_0.1,empate,0,-1,100,60,120,0.5000,0.0000,258,79,104,75
342,410536207,azul,vermelho,heuristica,empate,0,-1,100,0,0,0.0000,0.0000,1656,65,1568,23
342,410536207,azul,azul,reativa,empate,0,-1,100,120,60,2.0000,0.0000,1817,10,1807,0
343,14153581,verde,verde,art3miz_0.1,vermelho,0,-3,10,120,120,1.0000,0.0000,310,82,159,69
343,14153581,verde,vermelho,heuristica,vermelho,1,3,10,30,0,30.0000,0.4000,287,23,245,19
343,14153581,verde,azul,reativa,vermelho,0,-3,10,90,120,0.7500,0.0000,32,6,26,0
344,307708705,vermelho,verde,art3miz_0.1,azul,0,-3,12,90,120,0.7500,0.0000,321,125,131,65
344,307708705,vermelho,vermelho,heuristica,azul,0,-3,12,120,120,1.0000,0.0000,467,124,255,88
344,307708705,vermelho,azul,reativa,azul,1,3,12,90,60,1.5000,0.0000,199,10,189,0
345,1409996403,azul,verde,art3miz_0.1,verde,1,3,12,30,0,30.0000,0.0000,119,29,65,25
345,1409996403,azul,vermelho,heuristica,verde,0,-3,12,120,120,1.0000,0.0000,468,124,229,115
345,1409996403,azul,azul,reativa,verde,0,-3,12,90,120,0.7500,0.0000,49,4,45,0
346,1737144842,verde,verde,art3miz_0.1,azul,0,-3,8,120,120,1.0000,0.0000,395,120,176,99
346,1737144842,verde,vermelho,heuristica,azul,0,-3,8,90,120,0.7500,0.0000,264,96,97,71
346,1737144842,verde,azul,reativa,azul,1,3,8,30,0,30.0000,0.0000,181,5,176,0
347,924703773,vermelho,verde,art3miz_0.1,azul,0,-3,6,110,120,0.9167,0.2000,313,109,104,100
347,924703773,vermelho,vermelho,heuristica,azul,0,-3,6,90,100,0.9000,0.2500,281,105,101,75
347,924703773,vermelho,azul,reativa,azul,1,3,6,50,30,1.6667,0.0000,93,9,84,0
348,928223588,azul,verde,art3miz_0.1,verde,1,3,9,90,60,1.5000,0.0000,315,110,132,73
348,928223588,azul,vermelho,heuristica,verde,0,-3,9,90,120,0.7500,0.0000,373,149,125,99
348,928223588,azul,azul,reativa,verde,0,-3,9,120,120,1.0000,0.0000,107,7,100,0
349,1182005340,verde,verde,art3miz_0.1,azul,0,-3,13,90,110,0.8182,0.4000,242,76,96,70
349,1182005340,verde,vermelho,heuristica,azul,0,-3,13,110,120,0.9167,0.1538,492,97,304,91
349,1182005340,verde,azul,reativa,azul,1,3,13,30,0,30.0000,0.0769,305,2,303,0
350,86749997,vermelho,verde,art3miz_0.1,verde,1,3,12,30,30,1.0000,0.0909,156,27,105,24
350,86749997,vermelho,vermelho,heuristica,verde,0,-3,12,90,120,0.7500,0.0000,344,79,193,72
350,86749997,vermelho,azul,reativa,verde,0,-3,12,150,120,1.2500,0.0000,149,7,142,0
351,2063477184,azul,verde,art3miz_0.1,vermelho,0,-3,9,150,120,1.2500,0.0000,371,114,157,100
351,2063477184,azul,vermelho,heuristica,vermelho,1,3,9,30,30,1.0000,0.0000,230,25,182,23
351,2063477184,azul,azul,reativa,vermelho,0,-3,9,90,120,0.7500,0.0000,31,5,26,0
352,1520633710,verde,verde,art3miz_0.1,vermelho,0,-3,8,120,120,1.0000,0.0000,415,136,179,100
352,1520633710,verde,vermelho,heuristica,vermelho,1,3,8,30,0,30.0000,0.1250,303,75,179,49
352,1520633710,verde,azul,reativa,vermelho,0,-3,8,90,120,0.7500,0.0000,57,6,51,0
353,1518760950,vermelho,verde,art3miz_0.1,vermelho,0,-3,15,120,120,1.0000,0.0000,529,161,251,117
353,1518760950,vermelho,vermelho,heuristica,vermelho,1,3,15,60,60,1.0000,0.0000,443,58,335,50
353,1518760950,vermelho,azul,reativa,vermelho,0,-3,15,120,120,1.0000,0.0000,222,14,208,0
354,1313076164,azul,verde,art3miz_0.1,verde,1,3,10,30,30,1.0000,0.3333,130,27,78,25
354,1313076164,azul,vermelho,heuristica,verde,0,-3,10,150,120,1.2500,0.0000,510,160,200,150
354,1313076164,azul,azul,reativa,verde,0,-3,10,90,120,0.7500,0.0000,56,5,51,0
355,519671239,verde,verde,art3miz_0.1,azul,0,-3,6,150,120,1.2500,0.1667,366,137,129,100
355,519671239,verde,vermelho,heuristica,azul,0,-3,6,90,120,0.7500,0.0000,254,79,100,75
355,519671239,verde,azul,reativa,azul,1,3,6,30,30,1.0000,0.1667,121,3,118,0
356,293897162,vermelho,verde,art3miz_0.1,vermelho,0,-3,12,60,120,0.5000,0.1250,309,78,157,74
356,293897162,vermelho,vermelho,heuristica,vermelho,1,3,12,60,60,1.0000,0.0000,457,88,294,75
356,293897162,vermelho,azul,reativa,vermelho,0,-3,12,180,120,1.5000,0.0909,137,11,126,0
357,432934820,azul,verde,art3miz_0.1,azul,0,-3,8,110,100,1.1000,0.4286,441,183,133,125
357,432934820,azul,vermelho,heuristica,azul,0,-3,8,50,120,0.4167,0.0000,251,77,100,74
357,432934820,azul,azul,reativa,azul,1,3,8,80,20,4.0000,0.2500,123,13,110,0
358,1033327263,verde,verde,art3miz_0.1,azul,0,-3,7,120,120,1.0000,0.0000,290,82,133,75
358,1033327263,verde,vermelho,heuristica,azul,0,-3,7,90,120,0.7500,0.0000,255,79,101,75
358,1033327263,verde,azul,reativa,azul,1,3,7,30,0,30.0000,0.0000,146,5,141,0
359,137643404,vermelho,verde,art3miz_0.1,verde,1,3,11,90,30,3.0000,0.1000,394,150,155,89
359,137643404,vermelho,vermelho,heuristica,verde,0,-3,11,60,120,0.5000,0.0000,399,113,177,109
359,137643404,vermelho,azul,reativa,verde,0,-3,11,120,120,1.0000,0.0000,153,7,146,0
360,2017834313,azul,verde,art3miz_0.1,azul,0,-3,12,80,110,0.7273,0.6000,312,108,104,100
360,2017834313,azul,vermelho,heuristica,azul,0,-3,12,140,110,1.2727,0.4545,549,142,266,141
360,2017834313,azul,azul,reativa,azul,1,3,12,30,30,1.0000,0.0000,261,2,259,0
361,1611829491,verde,verde,art3miz_0.1,azul,0,-3,8,150,120,1.2500,0.0000,409,129,163,117
361,1611829491,verde,vermelho,heuristica,azul,0,-3,8,90,120,0.7500,0.0000,252,78,100,74
361,1611829491,verde,azul,reativa,azul,1,3,8,30,30,1.0000,0.0000,150,3,147,0
362,1288829251,vermelho,verde,art3miz_0.1,azul,0,-3,11,90,120,0.7500,0.0000,248,79,99,70
362,1288829251,vermelho,vermelho,heuristica,azul,0,-3,11,120,120,1.0000,0.0000,468,112,252,104
362,1288829251,vermelho,azul,reativa,azul,1,3,11,30,0,30.0000,0.0909,263,3,260,0
363,475521431,azul,verde,art3miz_0.1,azul,0,-3,10,90,120,0.7500,0.0000,240,71,103,66
363,475521431,azul,vermelho,heuristica,azul,0,-3,10,120,120,1.0000,0.0000,389,92,211,86
363,475521431,azul,azul,reativa,azul,1,3,10,30,0,30.0000,0.0000,215,2,213,0
364,1589776665,verde,verde,art3miz_0.1,vermelho,0,-3,9,150,120,1.2500,0.0000,449,141,183,125
364,1589776665,verde,vermelho,heuristica,vermelho,1,3,9,30,30,1.0000,0.0000,324,44,230,50
364,1589776665,verde,azul,reativa,vermelho,0,-3,9,90,120,0.7500,0.0000,55,4,51,0
365,1928754317,vermelho,verde,art3miz_0.1,vermelho,0,-3,13,150,120,1.2500,0.0000,551,172,254,125
365,1928754317,vermelho,vermelho,heuristica,vermelho,1,3,13,30,30,1.0000,0.0000,451,65,314,72
365,1928754317,vermelho,azul,reativa,vermelho,0,-3,13,90,120,0.7500,0.0000,153,8,145,0
366,893603869,azul,verde,art3miz_0.1,azul,0,-3,7,150,120,1.2500,0.1667,375,154,125,96
366,893603869,azul,vermelho,heuristica,azul,0,-3,7,120,120,1.0000,0.0000,383,143,120,120
366,893603869,azul,azul,reativa,azul,1,3,7,60,90,0.6667,0.0000,126,5,121,0
367,795826857,verde,verde,art3miz_0.1,azul,0,-3,9,80,120,0.6667,0.3750,304,111,118,75
367,795826857,verde,vermelho,heuristica,azul,0,-3,9,110,110,1.0000,0.4444,505,156,225,124
367,795826857,verde,azul,reativa,azul,1,3,9,70,30,2.3333,0.0000,151,14,137,0
368,1170736711,vermelho,verde,art3miz_0.1,azul,0,-3,6,90,120,0.7500,0.0000,231,79,78,74
368,1170736711,vermelho,vermelho,heuristica,azul,0,-3,6,120,120,1.0000,0.1667,341,101,144,96
368,1170736711,vermelho,azul,reativa,azul,1,3,6,30,0,30.0000,0.0000,116,3,113,0
369,1599605876,azul,verde,art3miz_0.1,vermelho,0,-3,15,90,120,0.7500,0.2500,237,83,79,75
369,1599605876,azul,vermelho,heuristica,vermelho,1,3,15,30,30,1.0000,0.0000,354,18,321,15
369,1599605876,azul,azul,reativa,vermelho,0,-3,15,150,120,1.2500,0.0000,230,11,219,0
370,1800712511,verde,verde,art3miz_0.1,azul,0,-3,11,90,120,0.7500,0.2000,438,193,145,100
370,1800712511,verde,vermelho,heuristica,azul,0,-3,11,120,120,1.0000,0.0000,556,155,276,125
370,1800712511,verde,azul,reativa,azul,1,3,11,90,60,1.5000,0.0000,213,10,203,0
371,645522509,vermelho,verde,art3miz_0.1,azul,0,-3,10,120,120,1.0000,0.0000,391,149,152,90
371,645522509,vermelho,vermelho,heuristica,azul,0,-3,10,120,120,1.0000,0.0000,451,143,218,90
371,645522509,vermelho,azul,reativa,azul,1,3,10,30,30,1.0000,0.0000,207,5,202,0
372,29313969,azul,verde,art3miz_0.1,verde,1,3,9,30,0,30.0000,0.0000,193,31,137,25
372,29313969,azul,vermelho,heuristica,verde,0,-3,9,90,120,0.7500,0.0000,253,79,100,74
372,29313969,azul,azul,reativa,verde,0,-3,9,120,120,1.0000,0.0000,108,8,100,0
373,1970357873,verde,verde,art3miz_0.1,vermelho,0,-3,8,120,120,1.0000,0.0000,257,100,104,53
373,1970357873,verde,vermelho,heuristica,vermelho,1,3,8,30,0,30.0000,0.2500,372,103,195,74
373,1970357873,verde,azul,reativa,vermelho,0,-3,8,90,120,0.7500,0.0000,73,5,68,0
374,1241645600,vermelho,verde,art3miz_0.1,verde,1,3,15,90,60,1.5000,0.0000,427,141,204,82
374,1241645600,vermelho,vermelho,heuristica,verde,0,-3,15,90,120,0.7500,0.1429,415,89,261,65
374,1241645600,vermelho,azul,reativa,verde,0,-3,15,120,120,1.0000,0.0000,152,11,141,0
375,1353653477,azul,verde,art3miz_0.1,azul,0,-3,10,110,120,0.9167,0.1111,448,163,161,124
375,1353653477,azul,vermelho,heuristica,azul,0,-3,10,90,110,0.8182,0.1429,349,93,165,91
375,1353653477,azul,azul,reativa,azul,1,3,10,60,30,2.0000,0.0000,187,5,182,0
376,722060998,verde,verde,art3miz_0.1,azul,0,-3,19,150,120,1.2500,0.0000,663,148,396,119
376,722060998,verde,vermelho,heuristica,azul,0,-3,19,90,120,0.7500,0.0000,408,105,203,100
376,722060998,verde,azul,reativa,azul,1,3,19,30,30,1.0000,0.0526,441,5,436,0
377,946843648,vermelho,verde,art3miz_0.1,azul,0,-3,9,150,120,1.2500,0.0000,366,108,158,100
377,946843648,vermelho,vermelho,heuristica,azul,0,-3,9,90,120,0.7500,0.0000,352,101,151,100
377,946843648,vermelho,azul,reativa,azul,1,3,9,30,30,1.0000,0.0000,200,3,197,0
378,195273507,azul,verde,art3miz_0.1,vermelho,0,-3,12,110,120,0.9167,0.3636,505,151,231,123
378,195273507,azul,vermelho,heuristica,vermelho,1,3,12,30,0,30.0000,0.0000,356,49,257,50
378,195273507,azul,azul,reativa,vermelho,0,-3,12,90,110,0.8182,0.4444,137,9,128,0
379,741729714,verde,verde,art3miz_0.1,azul,0,-3,10,150,120,1.2500,0.0000,381,106,181,94
379,741729714,verde,vermelho,heuristica,azul,0,-3,10,60,120,0.5000,0.2857,207,41,130,36
379,741729714,verde,azul,reativa,azul,1,3,10,90,60,1.5000,0.0000,147,12,135,0
380,1187661710,vermelho,verde,art3miz_0.1,azul,0,-3,10,60,120,0.5000,0.0000,235,79,82,74
380,1187661710,vermelho,vermelho,heuristica,azul,0,-3,10,180,120,1.5000,0.1000,697,258,245,194
380,1187661710,vermelho,azul,reativa,azul,1,3,10,60,60,1.0000,0.0000,162,3,159,0
381,394963098,azul,verde,art3miz_0.1,vermelho,0,-3,9,90,120,0.7500,0.0000,242,84,83,75
381,394963098,azul,vermelho,heuristica,vermelho,1,3,9,30,0,30.0000,0.0000,308,52,206,50
381,394963098,azul,azul,reativa,vermelho,0,-3,9,120,120,1.0000,0.1250,109,6,103,0
382,2051369139,verde,verde,art3miz_0.1,vermelho,0,-3,9,130,100,1.3000,0.4444,449,141,183,125
382,2051369139,verde,vermelho,heuristica,vermelho,1,3,9,30,30,1.0000,0.0000,282,26,232,24
382,2051369139,verde,azul,reativa,vermelho,0,-3,9,70,100,0.7000,0.4000,58,7,51,0
383,1168745499,vermelho,verde,art3miz_0.1,azul,0,-3,10,30,120,0.2500,0.2500,167,51,69,47
383,1168745499,vermelho,vermelho,heuristica,azul,0,-3,10,180,120,1.5000,0.7000,584,196,218,170
383,1168745499,vermelho,azul,reativa,azul,1,3,10,120,90,1.3333,0.0000,155,12,143,0
384,2118575539,azul,verde,art3miz_0.1,verde,1,3,11,10,30,0.3333,0.3000,316,58,208,50
384,2118575539,azul,vermelho,heuristica,verde,0,-3,11,90,120,0.7500,0.5000,257,81,101,75
384,2118575539,azul,azul,reativa,verde,0,-3,11,150,100,1.5000,0.3000,138,12,126,0
385,441089282,verde,verde,art3miz_0.1,azul,0,-3,10,90,120,0.7500,0.0000,160,54,59,47
385,441089282,verde,vermelho,heuristica,azul,0,-3,10,120,120,1.0000,0.0000,361,77,212,72
385,441089282,verde,azul,reativa,azul,1,3,10,30,0,30.0000,0.1000,225,7,218,0
386,1667855064,vermelho,verde,art3miz_0.1,azul,0,-3,16,100,100,1.0000,0.2727,494,212,187,95
386,1667855064,vermelho,vermelho,heuristica,azul,0,-3,16,70,100,0.7000,0.2500,537,124,344,69
386,1667855064,vermelho,azul,reativa,azul,1,3,16,60,30,2.0000,0.1875,328,11,317,0
387,2017351961,azul,verde,art3miz_0.1,azul,0,-3,10,100,110,0.9091,0.3750,419,175,131,113
387,2017351961,azul,vermelho,heuristica,azul,0,-3,10,90,100,0.9000,0.2222,364,84,206,74
387,2017351961,azul,azul,reativa,azul,1,3,10,100,80,1.2500,0.6000,141,10,131,0
388,1950536216,verde,verde,art3miz_0.1,vermelho,0,-3,14,90,120,0.7500,0.0000,268,93,110,65
388,1950536216,verde,vermelho,heuristica,vermelho,1,3,14,30,30,1.0000,0.0000,379,18,345,16
388,1950536216,verde,azul,reativa,vermelho,0,-3,14,150,120,1.2500,0.0000,176,8,168,0
389,60663468,vermelho,verde,art3miz_0.1,vermelho,0,-3,25,90,120,0.7500,0.0000,279,81,126,72
389,60663468,vermelho,vermelho,heuristica,vermelho,1,3,25,30,0,30.0000,0.0400,691,43,607,41
389,60663468,vermelho,azul,reativa,vermelho,0,-3,25,120,120,1.0000,0.1250,493,8,485,0
390,1266052967,azul,verde,art3miz_0.1,vermelho,0,-3,9,90,120,0.7500,0.0000,253,90,96,67
390,1266052967,azul,vermelho,heuristica,vermelho,1,3,9,30,0,30.0000,0.0000,430,128,202,100
390,1266052967,azul,azul,reativa,vermelho,0,-3,9,120,120,1.0000,0.0000,92,9,83,0
391,553143731,verde,verde,art3miz_0.1,vermelho,0,-3,11,150,120,1.2500,0.0000,393,107,194,92
391,553143731,verde,vermelho,heuristica,vermelho,1,3,11,30,30,1.0000,0.0000,322,26,274,22
391,553143731,verde,azul,reativa,vermelho,0,-3,11,90,120,0.7500,0.0000,31,5,26,0
392,1136855950,vermelho,verde,art3miz_0.1,azul,0,-3,11,60,100,0.6000,0.2857,247,81,91,75
392,1136855950,vermelho,vermelho,heuristica,azul,0,-3,11,80,100,0.8000,0.7273,727,226,276,225
392,1136855950,vermelho,azul,reativa,azul,1,3,11,130,70,1.8571,0.2727,168,16,152,0
393,376447012,azul,verde,art3miz_0.1,verde,1,3,9,60,0,60.0000,0.0000,208,78,86,44
393,376447012,azul,vermelho,heuristica,verde,0,-3,9,90,120,0.7500,0.0000,333,111,111,111
393,376447012,azul,azul,reativa,verde,0,-3,9,90,120,0.7500,0.0000,112,5,107,0
394,1614578985,verde,verde,art3miz_0.1,vermelho,0,-3,10,120,120,1.0000,0.0000,298,86,141,71
394,1614578985,verde,vermelho,heuristica,vermelho,1,3,10,30,0,30.0000,0.0000,248,29,195,24
394,1614578985,verde,azul,reativa,vermelho,0,-3,10,90,120,0.7500,0.0000,31,5,26,0
395,865668011,vermelho,verde,art3miz_0.1,azul,0,-3,9,120,120,1.0000,0.0000,292,80,137,75
395,865668011,vermelho,vermelho,heuristica,azul,0,-3,9,90,120,0.7500,0.0000,350,101,149,100
395,865668011,vermelho,azul,reativa,azul,1,3,9,30,0,30.0000,0.0000,206,3,203,0
396,923755655,azul,verde,art3miz_0.1,vermelho,0,-3,18,60,120,0.5000,0.0000,261,82,104,75
396,923755655,azul,vermelho,heuristica,vermelho,1,3,18,60,30,2.0000,0.1176,562,96,373,93
396,923755655,azul,azul,reativa,vermelho,0,-3,18,150,120,1.2500,0.0000,319,9,310,0
397,258776197,verde,verde,art3miz_0.1,vermelho,0,-3,8,120,120,1.0000,0.0000,298,86,137,75
397,258776197,verde,vermelho,heuristica,vermelho,1,3,8,30,0,30.0000,0.0000,259,27,207,25
397,258776197,verde,azul,reativa,vermelho,0,-3,8,90,120,0.7500,0.0000,32,6,26,0
398,1620914435,vermelho,verde,art3miz_0.1,azul,0,-3,9,150,120,1.2500,0.0000,436,134,178,124
398,1620914435,vermelho,vermelho,heuristica,azul,0,-3,9,90,120,0.7500,0.0000,329,104,125,100
398,1620914435,vermelho,azul,reativa,azul,1,3,9,30,30,1.0000,0.0000,205,2,203,0
399,1741497087,azul,verde,art3miz_0.1,vermelho,0,-3,14,90,120,0.7500,0.0000,238,84,79,75
399,1741497087,azul,vermelho,heuristica,vermelho,1,3,14,30,30,1.0000,0.0769,436,70,302,64
399,1741497087,azul,azul,reativa,vermelho,0,-3,14,150,120,1.2500,0.0000,213,11,202,0
400,558524762,verde,verde,art3miz_0.1,azul,0,-3,8,150,120,1.2500,0.0000,368,110,158,100
400,558524762,verde,vermelho,heuristica,azul,0,-3,8,90,120,0.7500,0.0000,255,79,101,75
400,558524762,verde,azul,reativa,azul,1,3,8,30,30,1.0000,0.0000,180,3,177,0
401,1039082064,vermelho,verde,art3miz_0.1,vermelho,0,-3,10,120,120,1.0000,0.0000,322,86,163,73
401,1039082064,vermelho,vermelho,heuristica,vermelho,1,3,10,30,0,30.0000,0.1000,284,22,243,19
401,1039082064,vermelho,azul,reativa,vermelho,0,-3,10,90,120,0.7500,0.0000,31,5,26,0
402,902252012,azul,verde,art3miz_0.1,vermelho,0,-3,12,60,120,0.5000,0.0000,326,88,154,84
402,902252012,azul,vermelho,heuristica,vermelho,1,3,12,90,60,1.5000,0.0000,514,164,262,88
402,902252012,azul,azul,reativa,vermelho,0,-3,12,150,120,1.2500,0.0000,138,8,130,0
403,1638510092,verde,verde,art3miz_0.1,vermelho,0,-3,10,150,120,1.2500,0.0000,355,106,158,91
403,1638510092,verde,vermelho,heuristica,vermelho,1,3,10,30,30,1.0000,0.0000,338,46,248,44
403,1638510092,verde,azul,reativa,vermelho,0,-3,10,90,120,0.7500,0.0000,31,5,26,0
404,697931922,vermelho,verde,art3miz_0.1,verde,1,3,12,150,90,1.6667,0.0000,499,189,187,123
404,697931922,vermelho,vermelho,heuristica,verde,0,-3,12,60,120,0.5000,0.1250,371,111,173,87
404,697931922,vermelho,azul,reativa,verde,0,-3,12,120,120,1.0000,0.0909,171,11,160,0
405,148352726,azul,verde,art3miz_0.1,azul,0,-3,10,120,120,1.0000,0.0000,295,80,140,75
405,148352726,azul,vermelho,heuristica,azul,0,-3,10,90,120,0.7500,0.0000,255,79,101,75
405,148352726,azul,azul,reativa,azul,1,3,10,30,0,30.0000,0.0000,236,2,234,0
406,1423957648,verde,verde,art3miz_0.1,vermelho,0,-3,9,120,120,1.0000,0.0000,302,86,141,75
406,1423957648,verde,vermelho,heuristica,vermelho,1,3,9,30,0,30.0000,0.2222,266,27,214,25
406,1423957648,verde,azul,reativa,vermelho,0,-3,9,90,120,0.7500,0.0000,32,6,26,0
407,1350537079,vermelho,verde,art3miz_0.1,azul,0,-3,15,90,120,0.7500,0.1667,262,79,108,75
407,1350537079,vermelho,vermelho,heuristica,azul,0,-3,15,120,120,1.0000,0.0667,596,121,351,124
407,1350537079,vermelho,azul,reativa,azul,1,3,15,30,0,30.0000,0.0000,304,2,302,0
408,614268430,azul,verde,art3miz_0.1,vermelho,0,-3,10,70,120,0.5833,0.4286,463,184,154,125
408,614268430,azul,vermelho,heuristica,vermelho,1,3,10,130,80,1.6250,0.3333,634,259,225,150
408,614268430,azul,azul,reativa,vermelho,0,-3,10,100,100,1.0000,0.2222,137,9,128,0
409,1044670401,verde,verde,art3miz_0.1,vermelho,0,-3,12,100,110,0.9091,0.3333,356,103,165,88
409,1044670401,verde,vermelho,heuristica,vermelho,1,3,12,30,0,30.0000,0.0833,321,24,278,19
409,1044670401,verde,azul,reativa,vermelho,0,-3,12,80,100,0.8000,0.8000,53,5,48,0
410,73927817,vermelho,verde,art3miz_0.1,verde,1,3,11,30,30,1.0000,0.0000,114,28,61,25
410,73927817,vermelho,vermelho,heuristica,verde,0,-3,11,90,120,0.7500,0.0000,372,131,168,73
410,73927817,vermelho,azul,reativa,verde,0,-3,11,150,120,1.2500,0.0000,126,11,115,0
411,1599316740,azul,verde,art3miz_0.1,azul,0,-3,9,150,120,1.2500,0.0000,358,108,152,98
411,1599316740,azul,vermelho,heuristica,azul,0,-3,9,90,120,0.7500,0.0000,255,79,101,75
411,1599316740,azul,azul,reativa,azul,1,3,9,30,30,1.0000,0.1111,210,2,208,0
412,728730537,verde,verde,art3miz_0.1,verde,1,3,9,60,0,60.0000,0.0000,217,48,130,39
412,728730537,verde,vermelho,heuristica,verde,0,-3,9,90,120,0.7500,0.0000,347,105,146,96
412,728730537,verde,azul,reativa,verde,0,-3,9,90,120,0.7500,0.0000,116,6,110,0
413,769613667,vermelho,verde,art3miz_0.1,azul,0,-3,12,90,120,0.7500,0.0000,387,103,189,95
413,769613667,vermelho,vermelho,heuristica,azul,0,-3,12,60,120,0.5000,0.0000,438,96,242,100
413,769613667,vermelho,azul,reativa,azul,1,3,12,90,0,90.0000,0.0000,217,10,207,0
414,701710304,azul,verde,art3miz_0.1,vermelho,0,-3,11,90,120,0.7500,0.0000,237,83,79,75
414,701710304,azul,vermelho,heuristica,vermelho,1,3,11,30,30,1.0000,0.2000,290,24,243,23
414,701710304,azul,azul,reativa,vermelho,0,-3,11,150,120,1.2500,0.0000,137,9,128,0
415,2146003900,verde,verde,art3miz_0.1,azul,0,-3,11,140,110,1.2727,0.0909,353,101,170,82
415,2146003900,verde,vermelho,heuristica,azul,0,-3,11,90,120,0.7500,0.0000,216,66,88,62
415,2146003900,verde,azul,reativa,azul,1,3,11,20,20,1.0000,0.3636,190,4,186,0
416,1585576561,vermelho,verde,art3miz_0.1,vermelho,0,-3,11,60,100,0.6000,0.6000,248,76,100,72
416,1585576561,vermelho,vermelho,heuristica,vermelho,1,3,11,60,30,2.0000,0.0000,388,54,284,50
416,1585576561,vermelho,azul,reativa,vermelho,0,-3,11,130,120,1.0833,0.3000,116,11,105,0
417,1048996951,azul,verde,art3miz_0.1,vermelho,0,-3,10,120,120,1.0000,0.0000,375,113,162,100
417,1048996951,azul,vermelho,heuristica,vermelho,1,3,10,30,0,30.0000,0.0000,324,44,230,50
417,1048996951,azul,azul,reativa,vermelho,0,-3,10,90,120,0.7500,0.0000,54,4,50,0
418,614909108,verde,verde,art3miz_0.1,azul,0,-3,7,150,120,1.2500,0.0000,439,160,154,125
418,614909108,verde,vermelho,heuristica,azul,0,-3,7,90,120,0.7500,0.0000,276,100,101,75
418,614909108,verde,azul,reativa,azul,1,3,7,30,30,1.0000,0.0000,157,5,152,0
419,1906067081,vermelho,verde,art3miz_0.1,azul,0,-3,16,120,120,1.0000,0.0667,312,79,159,74
419,1906067081,vermelho,vermelho,heuristica,azul,0,-3,16,90,120,0.7500,0.0000,328,93,143,92
419,1906067081,vermelho,azul,reativa,azul,1,3,16,30,0,30.0000,0.0000,364,3,361,0
420,974694883,azul,verde,art3miz_0.1,empate,0,-1,100,0,0,0.0000,0.0000,2045,50,1995,0
420,974694883,azul,vermelho,heuristica,empate,0,-1,100,60,120,0.5000,0.0000,260,74,117,69
420,974694883,azul,azul,reativa,empate,0,-1,100,120,60,2.0000,0.0000,1899,56,1843,0
421,277475170,verde,verde,art3miz_0.1,vermelho,0,-3,11,120,120,1.0000,0.0000,308,86,148,74
421,277475170,verde,vermelho,heuristica,vermelho,1,3,11,30,0,30.0000,0.0909,355,47,260,48
421,277475170,verde,azul,reativa,vermelho,0,-3,11,90,120,0.7500,0.0000,31,5,26,0
422,148424731,vermelho,verde,art3miz_0.1,azul,0,-3,11,20,100,0.2000,0.6000,274,116,83,75
422,148424731,vermelho,vermelho,heuristica,azul,0,-3,11,190,120,1.5833,0.5455,688,211,277,200
422,148424731,vermelho,azul,reativa,azul,1,3,11,100,90,1.1111,0.0000,184,7,177,0
423,604743709,azul,verde,art3miz_0.1,vermelho,0,-3,11,150,120,1.2500,0.0000,453,141,187,125
423,604743709,azul,vermelho,heuristica,vermelho,1,3,11,30,30,1.0000,0.0000,302,40,224,38
423,604743709,azul,azul,reativa,vermelho,0,-3,11,90,120,0.7500,0.0000,55,4,51,0
424,838363468,verde,verde,art3miz_0.1,azul,0,-3,8,150,120,1.2500,0.1250,452,162,170,120
424,838363468,verde,vermelho,heuristica,azul,0,-3,8,90,120,0.7500,0.0000,276,101,100,75
424,838363468,verde,azul,reativa,azul,1,3,8,30,30,1.0000,0.1250,171,7,164,0
425,1461119760,vermelho,verde,art3miz_0.1,vermelho,0,-3,12,150,120,1.2500,0.0000,509,156,236,117
425,1461119760,vermelho,vermelho,heuristica,vermelho,1,3,12,30,30,1.0000,0.0000,324,22,283,19
425,1461119760,vermelho,azul,reativa,vermelho,0,-3,12,90,120,0.7500,0.0000,128,6,122,0
426,2054000186,azul,verde,art3miz_0.1,vermelho,0,-3,16,90,120,0.7500,0.2500,237,83,79,75
426,2054000186,azul,vermelho,heuristica,vermelho,1,3,16,30,30,1.0000,0.1333,511,60,376,75
426,2054000186,azul,azul,reativa,vermelho,0,-3,16,150,120,1.2500,0.0667,263,10,253,0
427,1470480063,verde,verde,art3miz_0.1,verde,1,3,10,30,0,30.0000,0.2000,157,29,103,25
427,1470480063,verde,vermelho,heuristica,verde,0,-3,10,120,120,1.0000,0.0000,437,108,229,100
427,1470480063,verde,azul,reativa,verde,0,-3,10,90,120,0.7500,0.0000,30,4,26,0
428,766136782,vermelho,verde,art3miz_0.1,vermelho,0,-3,15,90,120,0.7500,0.0000,409,113,197,99
428,766136782,vermelho,vermelho,heuristica,vermelho,1,3,15,30,0,30.0000,0.0000,427,27,375,25
428,766136782,vermelho,azul,reativa,vermelho,0,-3,15,120,120,1.0000,0.0000,231,10,221,0
429,372718935,azul,verde,art3miz_0.1,empate,0,-1,100,0,0,0.0000,0.0000,2160,49,2111,0
429,372718935,azul,vermelho,heuristica,empate,0,-1,100,0,0,0.0000,0.0000,2044,50,1994,0
429,372718935,azul,azul,reativa,empate,0,-1,100,0,0,0.0000,0.0000,2600,0,2600,0
430,2045200466,verde,verde,art3miz_0.1,verde,1,3,7,180,90,2.0000,0.0000,440,163,153,124
430,2045200466,verde,vermelho,heuristica,verde,0,-3,7,90,120,0.7500,0.0000,383,131,152,100
430,2045200466,verde,azul,reativa,verde,0,-3,7,60,120,0.5000,0.0000,29,3,26,0
431,1900958049,vermelho,verde,art3miz_0.1,verde,1,3,10,30,0,30.0000,0.1111,211,33,153,25
431,1900958049,vermelho,vermelho,heuristica,verde,0,-3,10,90,120,0.7500,0.0000,354,103,151,100
431,1900958049,vermelho,azul,reativa,verde,0,-3,10,120,120,1.0000,0.0000,135,8,127,0
432,1317230616,azul,verde,art3miz_0.1,verde,1,3,16,30,0,30.0000,0.0000,347,32,290,25
432,1317230616,azul,vermelho,heuristica,verde,0,-3,16,90,120,0.7500,0.0000,256,80,101,75
432,1317230616,azul,azul,reativa,verde,0,-3,16,120,120,1.0000,0.0000,286,9,277,0
433,1343244560,verde,verde,art3miz_0.1,empate,0,-1,100,0,0,0.0000,0.0000,1505,7,1498,0
433,1343244560,verde,vermelho,heuristica,empate,0,-1,100,50,120,0.4167,0.3571,551,99,352,100
433,1343244560,verde,azul,reativa,empate,0,-1,100,120,50,2.4000,0.5100,2499,11,2488,0
434,784401889,vermelho,verde,art3miz_0.1,vermelho,0,-3,12,90,120,0.7500,0.0000,405,125,185,95
434,784401889,vermelho,vermelho,heuristica,vermelho,1,3,12,30,0,30.0000,0.0000,363,27,311,25
434,784401889,vermelho,azul,reativa,vermelho,0,-3,12,120,120,1.0000,0.0000,171,8,163,0
435,1579403662,azul,verde,art3miz_0.1,vermelho,0,-3,12,90,120,0.7500,0.2500,393,139,156,98
435,1579403662,azul,vermelho,heuristica,vermelho,1,3,12,30,0,30.0000,0.0000,354,48,263,43
435,1579403662,azul,azul,reativa,vermelho,0,-3,12,120,120,1.0000,0.1818,182,8,174,0
436,1577216255,verde,verde,art3miz_0.1,azul,0,-3,5,90,120,0.7500,0.0000,201,75,77,49
436,1577216255,verde,vermelho,heuristica,azul,0,-3,5,90,120,0.7500,0.0000,303,110,120,73
436,1577216255,verde,azul,reativa,azul,1,3,5,60,0,60.0000,0.6000,82,4,78,0
437,1215591661,vermelho,verde,art3miz_0.1,verde,1,3,8,30,0,30.0000,0.1429,189,31,133,25
437,1215591661,vermelho,vermelho,heuristica,verde,0,-3,8,120,120,1.0000,0.2857,434,133,176,125
437,1215591661,vermelho,azul,reativa,verde,0,-3,8,90,120,0.7500,0.0000,32,6,26,0
438,2129381150,azul,verde,art3miz_0.1,verde,1,3,10,30,30,1.0000,0.0000,110,28,57,25
438,2129381150,azul,vermelho,heuristica,verde,0,-3,10,90,120,0.7500,0.1667,399,124,150,125
438,2129381150,azul,azul,reativa,verde,0,-3,10,150,120,1.2500,0.0000,111,9,102,0
439,200211642,verde,verde,art3miz_0.1,vermelho,0,-3,11,90,120,0.7500,0.0000,281,82,126,73
439,200211642,verde,vermelho,heuristica,vermelho,1,3,11,30,30,1.0000,0.3636,332,23,284,25
439,200211642,verde,azul,reativa,vermelho,0,-3,11,150,120,1.2500,0.0000,130,8,122,0
440,739759482,vermelho,verde,art3miz_0.1,azul,0,-3,14,90,120,0.7500,0.0000,236,82,79,75
440,739759482,vermelho,vermelho,heuristica,azul,0,-3,14,120,120,1.0000,0.0000,570,119,335,116
440,739759482,vermelho,azul,reativa,azul,1,3,14,30,0,30.0000,0.0000,290,2,288,0
441,571873306,azul,verde,art3miz_0.1,vermelho,0,-3,11,90,120,0.7500,0.0000,242,84,83,75
441,571873306,azul,vermelho,heuristica,vermelho,1,3,11,30,0,30.0000,0.1000,340,43,248,49
441,571873306,azul,azul,reativa,vermelho,0,-3,11,120,120,1.0000,0.1000,159,6,153,0
442,1141555388,verde,verde,art3miz_0.1,vermelho,0,-3,9,120,120,1.0000,0.0000,375,113,162,100
442,1141555388,verde,vermelho,heuristica,vermelho,1,3,9,30,0,30.0000,0.3333,258,24,212,22
442,1141555388,verde,azul,reativa,vermelho,0,-3,9,90,120,0.7500,0.0000,55,4,51,0
443,1737235775,vermelho,verde,art3miz_0.1,azul,0,-3,8,90,120,0.7500,0.0000,204,70,69,65
443,1737235775,vermelho,vermelho,heuristica,azul,0,-3,8,120,120,1.0000,0.0000,450,153,185,112
443,1737235775,vermelho,azul,reativa,azul,1,3,8,30,0,30.0000,0.0000,181,6,175,0
444,1019163322,azul,verde,art3miz_0.1,verde,1,3,7,60,0,60.0000,0.0000,204,80,76,48
444,1019163322,azul,vermelho,heuristica,verde,0,-3,7,90,120,0.7500,0.2500,230,72,92,66
444,1019163322,azul,azul,reativa,verde,0,-3,7,90,120,0.7500,0.0000,80,5,75,0
445,1477330786,verde,verde,art3miz_0.1,azul,0,-3,10,120,120,1.0000,0.1000,398,106,195,97
445,1477330786,verde,vermelho,heuristica,azul,0,-3,10,90,120,0.7500,0.2500,251,78,99,74
445,1477330786,verde,azul,reativa,azul,1,3,10,30,0,30.0000,0.0000,189,4,185,0
446,744905077,vermelho,verde,art3miz_0.1,vermelho,0,-3,10,60,120,0.5000,0.2857,301,82,145,74
446,744905077,vermelho,vermelho,heuristica,vermelho,1,3,10,60,30,2.0000,0.1000,381,82,215,84
446,744905077,vermelho,azul,reativa,vermelho,0,-3,10,150,120,1.2500,0.2222,110,9,101,0
447,1994270146,azul,verde,art3miz_0.1,verde,1,3,8,30,0,30.0000,0.1429,114,27,64,23
447,1994270146,azul,vermelho,heuristica,verde,0,-3,8,90,120,0.7500,0.0000,250,78,99,73
447,1994270146,azul,azul,reativa,verde,0,-3,8,120,120,1.0000,0.0000,85,8,77,0
448,164773497,verde,verde,art3miz_0.1,vermelho,0,-3,9,90,100,0.9000,0.2222,251,78,130,43
448,164773497,verde,vermelho,heuristica,vermelho,1,3,9,140,90,1.5556,0.3333,513,179,203,131
448,164773497,verde,azul,reativa,vermelho,0,-3,9,80,120,0.6667,0.0000,71,6,65,0
449,1649528846,vermelho,verde,art3miz_0.1,vermelho,0,-3,14,60,120,0.5000,0.1111,317,80,162,75
449,1649528846,vermelho,vermelho,heuristica,vermelho,1,3,14,60,30,2.0000,0.0000,567,114,353,100
449,1649528846,vermelho,azul,reativa,vermelho,0,-3,14,150,120,1.2500,0.0769,212,9,203,0
450,8261800,azul,verde,art3miz_0.1,verde,1,3,11,30,0,30.0000,0.0000,159,30,105,24
450,8261800,azul,vermelho,heuristica,verde,0,-3,11,90,120,0.7500,0.0000,262,71,127,64
450,8261800,azul,azul,reativa,verde,0,-3,11,120,120,1.0000,0.0000,141,8,133,0
451,1520873105,verde,verde,art3miz_0.1,vermelho,0,-3,13,120,100,1.2000,0.5385,455,115,240,100
451,1520873105,verde,vermelho,heuristica,vermelho,1,3,13,30,0,30.0000,0.0769,337,20,300,17
451,1520873105,verde,azul,reativa,vermelho,0,-3,13,70,120,0.5833,0.1250,133,5,128,0
452,189695113,vermelho,verde,art3miz_0.1,azul,0,-3,10,60,120,0.5000,0.0000,225,77,76,72
452,189695113,vermelho,vermelho,heuristica,azul,0,-3,10,120,120,1.0000,0.0000,461,107,254,100
452,189695113,vermelho,azul,reativa,azul,1,3,10,90,30,3.0000,0.0000,179,12,167,0
453,2050012462,azul,verde,art3miz_0.1,vermelho,0,-3,16,90,120,0.7500,0.0000,231,81,77,73
453,2050012462,azul,vermelho,heuristica,vermelho,1,3,16,30,0,30.0000,0.0000,394,33,330,31
453,2050012462,azul,azul,reativa,vermelho,0,-3,16,120,120,1.0000,0.0000,230,8,222,0
454,105099442,verde,verde,art3miz_0.1,azul,0,-3,17,60,110,0.5455,0.5000,375,99,177,99
454,105099442,verde,vermelho,heuristica,azul,0,-3,17,170,120,1.4167,0.1765,686,146,405,135
454,105099442,verde,azul,reativa,azul,1,3,17,60,60,1.0000,0.0000,368,3,365,0
455,898790568,vermelho,verde,art3miz_0.1,vermelho,0,-3,9,120,120,1.0000,0.1250,431,159,172,100
455,898790568,vermelho,vermelho,heuristica,vermelho,1,3,9,60,60,1.0000,0.0000,404,102,227,75
455,898790568,vermelho,azul,reativa,vermelho,0,-3,9,120,120,1.0000,0.0000,110,8,102,0
456,2054871234,azul,verde,art3miz_0.1,verde,1,3,16,60,30,2.0000,0.0000,243,38,180,25
456,2054871234,azul,vermelho,heuristica,verde,0,-3,16,60,120,0.5000,0.0000,527,114,291,122
456,2054871234,azul,azul,reativa,verde,0,-3,16,150,120,1.2500,0.0000,266,17,249,0
457,567165131,verde,verde,art3miz_0.1,vermelho,0,-3,6,150,100,1.5000,0.5000,372,143,129,100
457,567165131,verde,vermelho,heuristica,vermelho,1,3,6,30,30,1.0000,0.0000,244,54,142,48
457,567165131,verde,azul,reativa,vermelho,0,-3,6,70,120,0.5833,0.0000,31,5,26,0
458,1506506545,vermelho,verde,art3miz_0.1,vermelho,0,-3,10,60,120,0.5000,0.0000,208,84,74,50
458,1506506545,vermelho,vermelho,heuristica,vermelho,1,3,10,150,90,1.6667,0.0000,679,254,250,175
458,1506506545,vermelho,azul,reativa,vermelho,0,-3,10,120,120,1.0000,0.0000,135,8,127,0
459,338695334,azul,verde,art3miz_0.1,vermelho,0,-3,11,90,120,0.7500,0.0000,238,84,79,75
459,338695334,azul,vermelho,heuristica,vermelho,1,3,11,30,0,30.0000,0.0000,458,108,251,99
459,338695334,azul,azul,reativa,vermelho,0,-3,11,120,120,1.0000,0.0000,147,7,140,0
460,369462903,verde,verde,art3miz_0.1,vermelho,0,-3,8,120,120,1.0000,0.0000,440,136,179,125
460,369462903,verde,vermelho,heuristica,vermelho,1,3,8,30,0,30.0000,0.0000,235,35,162,38
460,369462903,verde,azul,reativa,vermelho,0,-3,8,90,120,0.7500,0.0000,55,4,51,0
461,1639586025,vermelho,verde,art3miz_0.1,vermelho,0,-3,15,120,120,1.0000,0.0714,500,142,234,124
461,1639586025,vermelho,vermelho,heuristica,vermelho,1,3,15,30,0,30.0000,0.0000,437,50,341,46
461,1639586025,vermelho,azul,reativa,vermelho,0,-3,15,90,120,0.7500,0.0000,54,4,50,0
462,1094686237,azul,verde,art3miz_0.1,azul,0,-3,10,120,120,1.0000,0.1111,295,80,140,75
462,1094686237,azul,vermelho,heuristica,azul,0,-3,10,90,120,0.7500,0.0000,255,79,101,75
462,1094686237,azul,azul,reativa,azul,1,3,10,30,0,30.0000,0.0000,231,2,229,0
463,616728145,verde,verde,art3miz_0.1,vermelho,0,-3,14,130,110,1.1818,0.5000,614,177,279,158
463,616728145,verde,vermelho,heuristica,vermelho,1,3,14,30,30,1.0000,0.0000,402,27,350,25
463,616728145,verde,azul,reativa,vermelho,0,-3,14,80,100,0.8000,0.8000,50,4,46,0
464,1665972581,vermelho,verde,art3miz_0.1,vermelho,0,-3,13,90,120,0.7500,0.0000,231,81,77,73
464,1665972581,vermelho,vermelho,heuristica,vermelho,1,3,13,30,30,1.0000,0.1538,387,37,313,37
464,1665972581,vermelho,azul,reativa,vermelho,0,-3,13,150,120,1.2500,0.0000,178,11,167,0
465,1342328242,azul,verde,art3miz_0.1,vermelho,0,-3,9,90,120,0.7500,0.0000,231,81,77,73
465,1342328242,azul,vermelho,heuristica,vermelho,1,3,9,30,0,30.0000,0.0000,222,24,176,22
465,1342328242,azul,azul,reativa,vermelho,0,-3,9,120,120,1.0000,0.0000,109,7,102,0
466,1649972298,verde,verde,art3miz_0.1,azul,0,-3,12,120,120,1.0000,0.1667,315,83,157,75
466,1649972298,verde,vermelho,heuristica,azul,0,-3,12,90,120,0.7500,0.0000,255,79,101,75
466,1649972298,verde,azul,reativa,azul,1,3,12,30,0,30.0000,0.0000,239,5,234,0
467,2086780469,vermelho,verde,art3miz_0.1,vermelho,0,-3,13,120,100,1.2000,0.4000,552,219,208,125
467,2086780469,vermelho,vermelho,heuristica,vermelho,1,3,13,90,90,1.0000,0.0000,602,153,324,125
467,2086780469,vermelho,azul,reativa,vermelho,0,-3,13,100,120,0.8333,0.0833,208,7,201,0
468,1112072917,azul,verde,art3miz_0.1,vermelho,0,-3,9,90,120,0.7500,0.4000,252,81,100,71
468,1112072917,azul,vermelho,heuristica,vermelho,1,3,9,30,0,30.0000,0.1250,299,52,197,50
468,1112072917,azul,azul,reativa,vermelho,0,-3,9,120,120,1.0000,0.1250,97,6,91,0
469,223052448,verde,verde,art3miz_0.1,azul,0,-3,8,150,120,1.2500,0.1250,340,113,146,81
469,223052448,verde,vermelho,heuristica,azul,0,-3,8,90,120,0.7500,0.0000,223,69,90,64
469,223052448,verde,azul,reativa,azul,1,3,8,30,30,1.0000,0.1250,161,5,156,0
470,1629194997,vermelho,verde,art3miz_0.1,azul,0,-3,9,150,120,1.2500,0.0000,438,134,179,125
470,1629194997,vermelho,vermelho,heuristica,azul,0,-3,9,90,120,0.7500,0.0000,330,104,126,100
470,1629194997,vermelho,azul,reativa,azul,1,3,9,30,30,1.0000,0.0000,209,2,207,0
471,2020547047,azul,verde,art3miz_0.1,verde,1,3,12,30,0,30.0000,0.0909,118,28,65,25
471,2020547047,azul,vermelho,heuristica,verde,0,-3,12,110,110,1.0000,0.4000,533,157,251,125
471,2020547047,azul,azul,reativa,verde,0,-3,12,80,110,0.7273,0.8333,59,8,51,0
472,1561709938,verde,verde,art3miz_0.1,azul,0,-3,9,120,120,1.0000,0.0000,298,82,141,75
472,1561709938,verde,vermelho,heuristica,azul,0,-3,9,90,120,0.7500,0.0000,255,79,101,75
472,1561709938,verde,azul,reativa,azul,1,3,9,30,0,30.0000,0.3333,210,2,208,0
473,34472910,vermelho,verde,art3miz_0.1,verde,1,3,12,30,30,1.0000,0.0000,131,28,78,25
473,34472910,vermelho,vermelho,heuristica,verde,0,-3,12,150,120,1.2500,0.1818,524,130,274,120
473,34472910,vermelho,azul,reativa,verde,0,-3,12,90,120,0.7500,0.0000,29,4,25,0
474,1889495832,azul,verde,art3miz_0.1,azul,0,-3,6,100,100,1.0000,0.2000,381,177,104,100
474,1889495832,azul,vermelho,heuristica,azul,0,-3,6,90,100,0.9000,0.2500,255,79,101,75
474,1889495832,azul,azul,reativa,azul,1,3,6,10,0,10.0000,0.0000,128,4,124,0
475,2075334735,verde,verde,art3miz_0.1,azul,0,-3,10,90,120,0.7500,0.0000,308,109,124,75
475,2075334735,verde,vermelho,heuristica,azul,0,-3,10,90,120,0.7500,0.0000,452,127,225,100
475,2075334735,verde,azul,reativa,azul,1,3,10,60,0,60.0000,0.0000,211,9,202,0
476,518344282,vermelho,verde,art3miz_0.1,azul,0,-3,8,90,120,0.7500,0.0000,282,124,83,75
476,518344282,vermelho,vermelho,heuristica,azul,0,-3,8,120,120,1.0000,0.0000,454,130,200,124
476,518344282,vermelho,azul,reativa,azul,1,3,8,30,0,30.0000,0.0000,178,5,173,0
477,664865225,azul,verde,art3miz_0.1,verde,1,3,11,90,0,90.0000,0.1000,283,88,145,50
477,664865225,azul,vermelho,heuristica,verde,0,-3,11,60,120,0.5000,0.1111,403,101,227,75
477,664865225,azul,azul,reativa,verde,0,-3,11,90,120,0.7500,0.0000,184,8,176,0
478,1713655207,verde,verde,art3miz_0.1,azul,0,-3,10,120,120,1.0000,0.0000,341,84,182,75
478,1713655207,verde,vermelho,heuristica,azul,0,-3,10,90,120,0.7500,0.0000,254,79,100,75
478,1713655207,verde,azul,reativa,azul,1,3,10,30,0,30.0000,0.0000,230,3,227,0
479,927898304,vermelho,verde,art3miz_0.1,azul,0,-3,13,90,120,0.7500,0.0000,231,79,78,74
479,927898304,vermelho,vermelho,heuristica,azul,0,-3,13,120,120,1.0000,0.0000,479,101,282,96
479,927898304,vermelho,azul,reativa,azul,1,3,13,30,0,30.0000,0.0000,310,2,308,0
480,512606905,azul,verde,art3miz_0.1,vermelho,0,-3,11,150,120,1.2500,0.1000,501,188,166,147
480,512606905,azul,vermelho,heuristica,vermelho,1,3,11,30,30,1.0000,0.1000,366,60,241,65
480,512606905,azul,azul,reativa,vermelho,0,-3,11,90,120,0.7500,0.1250,106,5,101,0
481,741330521,verde,verde,art3miz_0.1,azul,0,-3,11,140,120,1.1667,0.0909,473,131,222,120
481,741330521,verde,vermelho,heuristica,azul,0,-3,11,90,110,0.8182,0.5000,254,79,100,75
481,741330521,verde,azul,reativa,azul,1,3,11,30,30,1.0000,0.0000,252,2,250,0
482,1245569230,vermelho,verde,art3miz_0.1,verde,1,3,11,60,0,60.0000,0.1000,372,140,157,75
482,1245569230,vermelho,vermelho,heuristica,verde,0,-3,11,90,120,0.7500,0.1000,478,125,236,117
482,1245569230,vermelho,azul,reativa,verde,0,-3,11,90,120,0.7500,0.0000,54,6,48,0
483,1772636271,azul,verde,art3miz_0.1,vermelho,0,-3,9,110,100,1.1000,0.6250,428,165,157,106
483,1772636271,azul,vermelho,heuristica,vermelho,1,3,9,90,60,1.5000,0.2500,383,115,182,86
483,1772636271,azul,azul,reativa,vermelho,0,-3,9,70,110,0.6364,0.6250,126,7,119,0
484,439522726,verde,verde,art3miz_0.1,vermelho,0,-3,9,150,120,1.2500,0.0000,446,140,182,124
484,439522726,verde,vermelho,heuristica,vermelho,1,3,9,30,30,1.0000,0.1111,323,43,230,50
484,439522726,verde,azul,reativa,vermelho,0,-3,9,90,120,0.7500,0.0000,55,4,51,0
485,1210558033,vermelho,verde,art3miz_0.1,empate,0,-1,100,120,90,1.3333,0.0000,4774,1138,2411,1225
485,1210558033,vermelho,vermelho,heuristica,empate,0,-1,100,90,120,0.7500,0.0000,352,101,151,100
485,1210558033,vermelho,azul,reativa,empate,0,-1,100,0,0,0.0000,0.0000,2533,0,2533,0
486,1816776073,azul,verde,art3miz_0.1,vermelho,0,-3,6,90,120,0.7500,0.0000,242,88,79,75
486,1816776073,azul,vermelho,heuristica,vermelho,1,3,6,30,0,30.0000,0.0000,225,62,119,44
486,1816776073,azul,azul,reativa,vermelho,0,-3,6,120,120,1.0000,0.0000,32,6,26,0
487,808127244,verde,verde,art3miz_0.1,azul,0,-3,10,120,120,1.0000,0.1000,447,128,220,99
487,808127244,verde,vermelho,heuristica,azul,0,-3,10,90,120,0.7500,0.0000,297,123,100,74
487,808127244,verde,azul,reativa,azul,1,3,10,30,0,30.0000,0.0000,225,6,219,0
488,69747369,vermelho,verde,art3miz_0.1,verde,1,3,7,30,0,30.0000,0.1667,69,3,66,0
488,69747369,vermelho,vermelho,heuristica,verde,0,-3,7,120,120,1.0000,0.0000,359,108,151,100
488,69747369,vermelho,azul,reativa,verde,0,-3,7,90,120,0.7500,0.0000,30,4,26,0
489,1668374150,azul,verde,art3miz_0.1,vermelho,0,-3,10,90,100,0.9000,0.5000,237,83,79,75
489,1668374150,azul,vermelho,heuristica,vermelho,1,3,10,30,30,1.0000,0.0000,280,27,228,25
489,1668374150,azul,azul,reativa,vermelho,0,-3,10,130,120,1.0833,0.0000,112,9,103,0
490,1304348503,verde,verde,art3miz_0.1,vermelho,0,-3,13,120,120,1.0000,0.0000,480,127,240,113
490,1304348503,verde,vermelho,heuristica,vermelho,1,3,13,30,0,30.0000,0.0000,450,79,304,67
490,1304348503,verde,azul,reativa,vermelho,0,-3,13,90,120,0.7500,0.0000,33,7,26,0
491,133541920,vermelho,verde,art3miz_0.1,azul,0,-3,14,150,120,1.2500,0.0769,645,186,310,149
491,133541920,vermelho,vermelho,heuristica,azul,0,-3,14,90,120,0.7500,0.0000,256,80,101,75
491,133541920,vermelho,azul,reativa,azul,1,3,14,30,30,1.0000,0.0714,314,9,305,0
492,1603595673,azul,verde,art3miz_0.1,vermelho,0,-3,13,90,120,0.7500,0.0000,235,83,78,74
492,1603595673,azul,vermelho,heuristica,vermelho,1,3,13,30,0,30.0000,0.0000,325,18,291,16
492,1603595673,azul,azul,reativa,vermelho,0,-3,13,120,120,1.0000,0.0000,203,6,197,0
493,1118675268,verde,verde,art3miz_0.1,azul,0,-3,9,120,120,1.0000,0.0000,291,81,136,74
493,1118675268,verde,vermelho,heuristica,azul,0,-3,9,90,120,0.7500,0.0000,256,80,101,75
493,1118675268,verde,azul,reativa,azul,1,3,9,30,0,30.0000,0.1111,209,2,207,0
494,1097557813,vermelho,verde,art3miz_0.1,verde,1,3,15,30,0,30.0000,0.0000,189,28,137,24
494,1097557813,vermelho,vermelho,heuristica,verde,0,-3,15,90,120,0.7500,0.0000,303,75,159,69
494,1097557813,vermelho,azul,reativa,verde,0,-3,15,120,120,1.0000,0.0000,233,7,226,0
495,1791619833,azul,verde,art3miz_0.1,verde,1,3,6,60,0,60.0000,0.2000,217,84,83,50
495,1791619833,azul,vermelho,heuristica,verde,0,-3,6,70,100,0.7000,0.7500,323,147,101,75
495,1791619833,azul,azul,reativa,verde,0,-3,6,70,100,0.7000,1.0000,31,5,26,0
496,1967010406,verde,verde,art3miz_0.1,vermelho,0,-3,8,120,120,1.0000,0.1250,294,85,135,74
496,1967010406,verde,vermelho,heuristica,vermelho,1,3,8,30,0,30.0000,0.0000,205,26,155,24
496,1967010406,verde,azul,reativa,vermelho,0,-3,8,90,120,0.7500,0.0000,31,6,25,0
497,717339568,vermelho,verde,art3miz_0.1,vermelho,0,-3,12,70,100,0.7000,0.5714,301,110,114,77
497,717339568,vermelho,vermelho,heuristica,vermelho,1,3,12,50,50,1.0000,0.3333,353,70,221,62
497,717339568,vermelho,azul,reativa,vermelho,0,-3,12,150,120,1.2500,0.6364,105,14,91,0
498,671962700,azul,verde,art3miz_0.1,verde,1,3,10,30,0,30.0000,0.2222,198,32,141,25
498,671962700,azul,vermelho,heuristica,verde,0,-3,10,80,110,0.7273,0.6000,332,106,126,100
498,671962700,azul,azul,reativa,verde,0,-3,10,110,110,1.0000,0.3333,136,10,126,0
499,718487412,verde,verde,art3miz_0.1,azul,0,-3,9,60,120,0.5000,0.0000,269,90,115,64
499,718487412,verde,vermelho,heuristica,azul,0,-3,9,120,120,1.0000,0.0000,440,126,198,116
499,718487412,verde,azul,reativa,azul,1,3,9,120,60,2.0000,0.0000,138,11,127,0
500,244965602,vermelho,verde,art3miz_0.1,azul,0,-3,10,120,120,1.0000,0.1111,281,76,135,70
500,244965602,vermelho,vermelho,heuristica,azul,0,-3,10,90,120,0.7500,0.0000,328,94,141,93
500,244965602,vermelho,azul,reativa,azul,1,3,10,30,0,30.0000,0.0000,224,2,222,0
501,689613760,azul,verde,art3miz_0.1,vermelho,0,-3,19,90,120,0.7500,0.0000,413,105,208,100
501,689613760,azul,vermelho,heuristica,vermelho,1,3,19,30,30,1.0000,0.2222,473,32,409,32
501,689613760,azul,azul,reativa,vermelho,0,-3,19,150,120,1.2500,0.0000,320,9,311,0
502,201796813,verde,verde,art3miz_0.1,verde,1,3,11,30,30,1.0000,0.0000,109,22,68,19
502,201796813,verde,vermelho,heuristica,verde,0,-3,11,150,120,1.2500,0.0000,532,167,230,135
502,201796813,verde,azul,reativa,verde,0,-3,11,90,120,0.7500,0.0000,81,6,75,0
503,2095621178,vermelho,verde,art3miz_0.1,azul,0,-3,7,90,120,0.7500,0.0000,225,77,76,72
503,2095621178,vermelho,vermelho,heuristica,azul,0,-3,7,150,120,1.2500,0.0000,462,164,162,136
503,2095621178,vermelho,azul,reativa,azul,1,3,7,30,30,1.0000,0.1429,150,2,148,0
504,512691303,azul,verde,art3miz_0.1,vermelho,0,-3,12,90,120,0.7500,0.0000,412,105,207,100
504,512691303,azul,vermelho,heuristica,vermelho,1,3,12,60,0,60.0000,0.0000,474,118,281,75
504,512691303,azul,azul,reativa,vermelho,0,-3,12,90,120,0.7500,0.0000,207,6,201,0
505,520339085,verde,verde,art3miz_0.1,azul,0,-3,9,120,120,1.0000,0.0000,298,82,141,75
505,520339085,verde,vermelho,heuristica,azul,0,-3,9,90,120,0.7500,0.0000,255,79,101,75
505,520339085,verde,azul,reativa,azul,1,3,9,30,0,30.0000,0.0000,210,2,208,0
506,319236723,vermelho,verde,art3miz_0.1,verde,1,3,9,20,30,0.6667,0.2500,106,28,53,25
506,319236723,vermelho,vermelho,heuristica,verde,0,-3,9,80,110,0.7273,0.5000,371,120,151,100
506,319236723,vermelho,azul,reativa,verde,0,-3,9,140,100,1.4000,0.8750,86,9,77,0
507,1680688708,azul,verde,art3miz_0.1,vermelho,0,-3,9,90,120,0.7500,0.2500,256,106,77,73
507,1680688708,azul,vermelho,heuristica,vermelho,1,3,9,10,0,10.0000,0.3750,428,126,202,100
507,1680688708,azul,azul,reativa,vermelho,0,-3,9,120,100,1.2000,0.3750,109,8,101,0
508,887407502,verde,verde,art3miz_0.1,azul,0,-3,8,120,120,1.0000,0.0000,292,80,137,75
508,887407502,verde,vermelho,heuristica,azul,0,-3,8,90,120,0.7500,0.0000,255,79,101,75
508,887407502,verde,azul,reativa,azul,1,3,8,30,0,30.0000,0.0000,171,2,169,0
509,191222333,vermelho,verde,art3miz_0.1,vermelho,0,-3,9,120,120,1.0000,0.0000,383,104,179,100
509,191222333,vermelho,vermelho,heuristica,vermelho,1,3,9,30,0,30.0000,0.0000,273,27,221,25
509,191222333,vermelho,azul,reativa,vermelho,0,-3,9,90,120,0.7500,0.0000,31,5,26,0
510,608521437,azul,verde,art3miz_0.1,vermelho,0,-3,9,90,100,0.9000,0.5000,237,83,79,75
510,608521437,azul,vermelho,heuristica,vermelho,1,3,9,30,30,1.0000,0.0000,213,27,161,25
510,608521437,azul,azul,reativa,vermelho,0,-3,9,130,120,1.0833,0.0000,84,9,75,0
511,656961761,verde,verde,art3miz_0.1,azul,0,-3,10,60,120,0.5000,0.0000,221,65,116,40
511,656961761,verde,vermelho,heuristica,azul,0,-3,10,150,120,1.2500,0.0000,492,144,239,109
511,656961761,verde,azul,reativa,azul,1,3,10,90,60,1.5000,0.1000,162,10,152,0
512,310149982,vermelho,verde,art3miz_0.1,azul,0,-3,8,110,100,1.1000,0.4286,467,181,145,141
512,310149982,vermelho,vermelho,heuristica,azul,0,-3,8,90,120,0.7500,0.1667,305,79,151,75
512,310149982,vermelho,azul,reativa,azul,1,3,8,40,20,2.0000,0.5000,121,7,114,0
513,1141277885,azul,verde,art3miz_0.1,verde,1,3,8,30,30,1.0000,0.0000,102,28,49,25
513,1141277885,azul,vermelho,heuristica,verde,0,-3,8,90,120,0.7500,0.0000,256,80,101,75
513,1141277885,azul,azul,reativa,verde,0,-3,8,150,120,1.2500,0.0000,61,10,51,0
514,1226790344,verde,verde,art3miz_0.1,vermelho,0,-3,9,120,120,1.0000,0.0000,345,87,183,75
514,1226790344,verde,vermelho,heuristica,vermelho,1,3,9,30,0,30.0000,0.0000,251,25,204,22
514,1226790344,verde,azul,reativa,vermelho,0,-3,9,90,120,0.7500,0.0000,31,5,26,0
515,1535129199,vermelho,verde,art3miz_0.1,azul,0,-3,10,90,120,0.7500,0.1667,219,68,90,61
515,1535129199,vermelho,vermelho,heuristica,azul,0,-3,10,150,120,1.2500,0.0000,442,116,218,108
515,1535129199,vermelho,azul,reativa,azul,1,3,10,30,30,1.0000,0.0000,236,2,234,0
516,1150841547,azul,verde,art3miz_0.1,empate,0,-1,100,90,120,0.7500,0.0000,278,84,119,75
516,1150841547,azul,vermelho,heuristica,empate,0,-1,100,0,0,0.0000,0.4848,1798,69,1705,24
516,1150841547,azul,azul,reativa,empate,0,-1,100,120,90,1.3333,0.0000,2241,7,2234,0
517,1165334641,verde,verde,art3miz_0.1,empate,0,-1,100,0,0,0.0000,0.0000,2188,50,2138,0
517,1165334641,verde,vermelho,heuristica,empate,0,-1,100,0,0,0.0000,0.0000,2061,50,2011,0
517,1165334641,verde,azul,reativa,empate,0,-1,100,0,0,0.0000,0.0000,2600,0,2600,0
518,681806193,vermelho,verde,art3miz_0.1,vermelho,0,-3,7,90,110,0.8182,0.8000,362,138,124,100
518,681806193,vermelho,vermelho,heuristica,vermelho,1,3,7,40,0,40.0000,0.1429,309,79,180,50
518,681806193,vermelho,azul,reativa,vermelho,0,-3,7,80,100,0.8000,1.0000,59,8,51,0
519,1279852028,azul,verde,art3miz_0.1,verde,1,3,12,30,0,30.0000,0.3636,116,28,64,24
519,1279852028,azul,vermelho,heuristica,verde,0,-3,12,120,120,1.0000,0.1000,498,130,244,124
519,1279852028,azul,azul,reativa,verde,0,-3,12,90,120,0.7500,0.0000,53,5,48,0
520,927686692,verde,verde,art3miz_0.1,verde,1,3,10,30,0,30.0000,0.0000,131,27,81,23
520,927686692,verde,vermelho,heuristica,verde,0,-3,10,90,120,0.7500,0.0000,312,88,136,88
520,927686692,verde,azul,reativa,verde,0,-3,10,120,120,1.0000,0.0000,124,8,116,0
521,1035302288,vermelho,verde,art3miz_0.1,empate,0,-1,100,100,80,1.2500,0.0404,2302,156,2047,99
521,1035302288,vermelho,vermelho,heuristica,empate,0,-1,100,80,100,0.8000,0.3333,353,104,150,99
521,1035302288,vermelho,azul,reativa,empate,0,-1,100,0,0,0.0000,0.0000,1963,50,1913,0
522,984794711,azul,verde,art3miz_0.1,verde,1,3,18,60,60,1.0000,0.1176,465,111,280,74
522,984794711,azul,vermelho,heuristica,verde,0,-3,18,60,120,0.5000,0.0000,319,78,167,74
522,984794711,azul,azul,reativa,verde,0,-3,18,180,120,1.5000,0.0000,285,15,270,0
523,327484689,verde,verde,art3miz_0.1,azul,0,-3,9,150,120,1.2500,0.3333,441,133,183,125
523,327484689,verde,vermelho,heuristica,azul,0,-3,9,90,120,0.7500,0.0000,330,104,126,100
523,327484689,verde,azul,reativa,azul,1,3,9,30,30,1.0000,0.1111,207,4,203,0
524,386297152,vermelho,verde,art3miz_0.1,verde,1,3,6,60,0,60.0000,0.0000,217,84,83,50
524,386297152,vermelho,vermelho,heuristica,verde,0,-3,6,90,120,0.7500,0.0000,323,122,126,75
524,386297152,vermelho,azul,reativa,verde,0,-3,6,90,120,0.7500,0.0000,31,5,26,0
525,349317291,azul,verde,art3miz_0.1,vermelho,0,-3,19,90,120,0.7500,0.4000,525,167,208,150
525,349317291,azul,vermelho,heuristica,vermelho,1,3,19,30,30,1.0000,0.0556,455,18,421,16
525,349317291,azul,azul,reativa,vermelho,0,-3,19,150,120,1.2500,0.3889,290,11,279,0
526,2000841264,verde,verde,art3miz_0.1,azul,0,-3,11,150,120,1.2500,0.0000,487,132,231,124
526,2000841264,verde,vermelho,heuristica,azul,0,-3,11,90,120,0.7500,0.0000,253,79,100,74
526,2000841264,verde,azul,reativa,azul,1,3,11,30,30,1.0000,0.0000,254,3,251,0
527,1679114366,vermelho,verde,art3miz_0.1,verde,1,3,12,30,0,30.0000,0.1818,125,23,85,17
527,1679114366,vermelho,vermelho,heuristica,verde,0,-3,12,120,120,1.0000,0.0000,346,77,203,66
527,1679114366,vermelho,azul,reativa,verde,0,-3,12,90,120,0.7500,0.1250,118,5,113,0
528,54272465,azul,verde,art3miz_0.1,vermelho,0,-3,12,60,120,0.5000,0.0000,224,68,93,63
528,54272465,azul,vermelho,heuristica,vermelho,1,3,12,60,30,2.0000,0.0000,374,51,277,46
528,54272465,azul,azul,reativa,vermelho,0,-3,12,150,120,1.2500,0.0000,157,10,147,0
529,2003592322,verde,verde,art3miz_0.1,azul,0,-3,9,90,120,0.7500,0.0000,262,79,108,75
529,2003592322,verde,vermelho,heuristica,azul,0,-3,9,120,120,1.0000,0.0000,471,122,224,125
529,2003592322,verde,azul,reativa,azul,1,3,9,30,0,30.0000,0.3333,186,2,184,0
530,1331448970,vermelho,verde,art3miz_0.1,vermelho,0,-3,17,90,120,0.7500,0.0000,412,106,207,99
530,1331448970,vermelho,vermelho,heuristica,vermelho,1,3,17,30,0,30.0000,0.0000,438,18,405,15
530,1331448970,vermelho,azul,reativa,vermelho,0,-3,17,120,120,1.0000,0.0000,302,9,293,0
531,482643454,azul,verde,art3miz_0.1,azul,0,-3,13,150,120,1.2500,0.0000,431,114,210,107
531,482643454,azul,vermelho,heuristica,azul,0,-3,13,90,120,0.7500,0.0000,237,73,95,69
531,482643454,azul,azul,reativa,azul,1,3,13,30,30,1.0000,0.0000,313,2,311,0
532,1779565378,verde,verde,art3miz_0.1,vermelho,0,-3,8,120,120,1.0000,0.0000,366,112,155,99
532,1779565378,verde,vermelho,heuristica,vermelho,1,3,8,30,0,30.0000,0.2500,304,49,205,50
532,1779565378,verde,azul,reativa,vermelho,0,-3,8,90,120,0.7500,0.0000,55,4,51,0
533,2054481438,vermelho,verde,art3miz_0.1,verde,1,3,12,150,60,2.5000,0.0000,437,168,169,100
533,2054481438,vermelho,vermelho,heuristica,verde,0,-3,12,60,120,0.5000,0.0000,447,121,226,100
533,2054481438,vermelho,azul,reativa,verde,0,-3,12,90,120,0.7500,0.0000,209,8,201,0
534,1078675238,azul,verde,art3miz_0.1,vermelho,0,-3,22,70,110,0.6364,0.6667,508,178,169,161
534,1078675238,azul,vermelho,heuristica,vermelho,1,3,22,40,60,0.6667,0.3810,820,128,519,173
534,1078675238,azul,azul,reativa,vermelho,0,-3,22,170,110,1.5455,0.4286,354,14,340,0
535,843908336,verde,verde,art3miz_0.1,vermelho,0,-3,10,90,120,0.7500,0.0000,427,161,166,100
535,843908336,verde,vermelho,heuristica,vermelho,1,3,10,90,30,3.0000,0.0000,508,156,252,100
535,843908336,verde,azul,reativa,vermelho,0,-3,10,90,120,0.7500,0.0000,135,8,127,0
536,681987113,vermelho,verde,art3miz_0.1,verde,1,3,8,30,0,30.0000,0.0000,118,6,112,0
536,681987113,vermelho,vermelho,heuristica,verde,0,-3,8,120,120,1.0000,0.1429,430,129,176,125
536,681987113,vermelho,azul,reativa,verde,0,-3,8,90,120,0.7500,0.0000,31,5,26,0
537,1423106760,azul,verde,art3miz_0.1,vermelho,0,-3,10,120,120,1.0000,0.0000,302,86,141,75
537,1423106760,azul,vermelho,heuristica,vermelho,1,3,10,30,0,30.0000,0.3333,264,40,181,43
537,1423106760,azul,azul,reativa,vermelho,0,-3,10,90,120,0.7500,0.0000,31,5,26,0
538,1079511724,verde,verde,art3miz_0.1,azul,0,-3,8,140,120,1.1667,0.3750,297,90,131,76
538,1079511724,verde,vermelho,heuristica,azul,0,-3,8,90,110,0.8182,0.2500,242,76,96,70
538,1079511724,verde,azul,reativa,azul,1,3,8,30,30,1.0000,0.0000,169,4,165,0
539,419734749,vermelho,verde,art3miz_0.1,empate,0,-1,100,0,0,0.0000,0.0000,2000,50,1950,0
539,419734749,vermelho,vermelho,heuristica,empate,0,-1,100,0,0,0.0000,0.0000,2058,50,2008,0
539,419734749,vermelho,azul,reativa,empate,0,-1,100,0,0,0.0000,0.0000,2598,0,2598,0
540,1655343181,azul,verde,art3miz_0.1,azul,0,-3,11,120,120,1.0000,0.0000,271,72,134,65
540,1655343181,azul,vermelho,heuristica,azul,0,-3,11,90,120,0.7500,0.0000,237,73,95,69
540,1655343181,azul,azul,reativa,azul,1,3,11,30,0,30.0000,0.0000,260,2,258,0
541,1499152475,verde,verde,art3miz_0.1,verde,1,3,7,30,0,30.0000,0.1429,50,2,48,0
541,1499152475,verde,vermelho,heuristica,verde,0,-3,7,90,120,0.7500,0.0000,375,128,147,100
541,1499152475,verde,azul,reativa,verde,0,-3,7,120,120,1.0000,0.0000,58,6,52,0
542,1832667766,vermelho,verde,art3miz_0.1,verde,1,3,12,150,60,2.5000,0.0000,438,168,170,100
542,1832667766,vermelho,vermelho,heuristica,verde,0,-3,12,60,120,0.5000,0.0000,444,121,223,100
542,1832667766,vermelho,azul,reativa,verde,0,-3,12,90,120,0.7500,0.0000,208,8,200,0
543,1264378068,azul,verde,art3miz_0.1,azul,0,-3,19,90,120,0.7500,0.0000,260,76,114,70
543,1264378068,azul,vermelho,heuristica,azul,0,-3,19,150,120,1.2500,0.0000,661,134,402,125
543,1264378068,azul,azul,reativa,azul,1,3,19,30,30,1.0000,0.0000,456,2,454,0
544,1308472688,verde,verde,art3miz_0.1,vermelho,0,-3,17,150,120,1.2500,0.0000,648,155,370,123
544,1308472688,verde,vermelho,heuristica,vermelho,1,3,17,30,30,1.0000,0.0000,602,108,400,94
544,1308472688,verde,azul,reativa,vermelho,0,-3,17,90,120,0.7500,0.0000,31,5,26,0
545,1643580531,vermelho,verde,art3miz_0.1,vermelho,0,-3,19,60,120,0.5000,0.0000,224,70,90,64
545,1643580531,vermelho,vermelho,heuristica,vermelho,1,3,19,60,30,2.0000,0.0526,679,127,442,110
545,1643580531,vermelho,azul,reativa,vermelho,0,-3,19,150,120,1.2500,0.0000,322,13,309,0
546,639957133,azul,verde,art3miz_0.1,vermelho,0,-3,16,80,110,0.7273,0.2500,367,110,157,100
546,639957133,azul,vermelho,heuristica,vermelho,1,3,16,30,30,1.0000,0.0000,454,40,370,44
546,639957133,azul,azul,reativa,vermelho,0,-3,16,140,110,1.2727,0.3333,259,9,250,0
547,1965988595,verde,verde,art3miz_0.1,azul,0,-3,15,110,110,1.0000,0.1333,466,105,286,75
547,1965988595,verde,vermelho,heuristica,azul,0,-3,15,80,110,0.7273,0.5000,289,113,101,75
547,1965988595,verde,azul,reativa,azul,1,3,15,30,0,30.0000,0.0000,361,5,356,0
548,785624668,vermelho,verde,art3miz_0.1,vermelho,0,-3,17,90,120,0.7500,0.0000,408,100,208,100
548,785624668,vermelho,vermelho,heuristica,vermelho,1,3,17,30,0,30.0000,0.0000,438,18,404,16
548,785624668,vermelho,azul,reativa,vermelho,0,-3,17,120,120,1.0000,0.0000,303,7,296,0
549,474626655,azul,verde,art3miz_0.1,empate,0,-1,100,0,0,0.0000,0.0000,2102,50,2052,0
549,474626655,azul,vermelho,heuristica,empate,0,-1,100,0,0,0.0000,0.0000,1986,49,1937,0
549,474626655,azul,azul,reativa,empate,0,-1,100,0,0,0.0000,0.0000,2264,0,2264,0
550,1347717309,verde,verde,art3miz_0.1,azul,0,-3,8,120,120,1.0000,0.0000,375,130,157,88
550,1347717309,verde,vermelho,heuristica,azul,0,-3,8,90,120,0.7500,0.0000,247,91,91,65
550,1347717309,verde,azul,reativa,azul,1,3,8,30,0,30.0000,0.1250,178,4,174,0
551,1940104168,vermelho,verde,art3miz_0.1,verde,1,3,7,30,30,1.0000,0.0000,137,29,84,24
551,1940104168,vermelho,vermelho,heuristica,verde,0,-3,7,150,120,1.2500,0.0000,408,148,143,117
551,1940104168,vermelho,azul,reativa,verde,0,-3,7,90,120,0.7500,0.0000,32,6,26,0
552,1153931505,azul,verde,art3miz_0.1,azul,0,-3,9,120,120,1.0000,0.0000,294,82,137,75
552,1153931505,azul,vermelho,heuristica,azul,0,-3,9,90,120,0.7500,0.0000,256,80,101,75
552,1153931505,azul,azul,reativa,azul,1,3,9,30,0,30.0000,0.0000,207,2,205,0
553,2144325616,verde,verde,art3miz_0.1,azul,0,-3,11,90,120,0.7500,0.0000,297,112,120,65
553,2144325616,verde,vermelho,heuristica,azul,0,-3,11,150,120,1.2500,0.0000,617,212,252,153
553,2144325616,verde,azul,reativa,azul,1,3,11,30,30,1.0000,0.0000,251,6,245,0
554,30024536,vermelho,verde,art3miz_0.1,azul,0,-3,6,120,120,1.0000,0.2000,309,107,103,99
554,30024536,vermelho,vermelho,heuristica,azul,0,-3,6,90,120,0.7500,0.0000,256,80,101,75
554,30024536,vermelho,azul,reativa,azul,1,3,6,60,30,2.0000,0.0000,97,8,89,0
555,1910399178,azul,verde,art3miz_0.1,verde,1,3,10,90,30,3.0000,0.1111,370,122,164,84
555,1910399178,azul,vermelho,heuristica,verde,0,-3,10,60,120,0.5000,0.2500,188,50,92,46
555,1910399178,azul,azul,reativa,verde,0,-3,10,120,120,1.0000,0.0000,116,7,109,0
556,1783435411,verde,verde,art3miz_0.1,vermelho,0,-3,9,120,120,1.0000,0.0000,387,104,183,100
556,1783435411,verde,vermelho,heuristica,vermelho,1,3,9,30,0,30.0000,0.0000,273,27,221,25
556,1783435411,verde,azul,reativa,vermelho,0,-3,9,90,120,0.7500,0.0000,31,5,26,0
557,2033767092,vermelho,verde,art3miz_0.1,verde,1,3,10,30,0,30.0000,0.0000,197,31,141,25
557,2033767092,vermelho,vermelho,heuristica,verde,0,-3,10,90,120,0.7500,0.1111,481,130,226,125
557,2033767092,vermelho,azul,reativa,verde,0,-3,10,120,120,1.0000,0.1111,134,8,126,0
558,1903858974,azul,verde,art3miz_0.1,azul,0,-3,17,150,120,1.2500,0.0000,655,178,342,135
558,1903858974,azul,vermelho,heuristica,azul,0,-3,17,90,120,0.7500,0.0000,280,104,101,75
558,1903858974,azul,azul,reativa,azul,1,3,17,30,30,1.0000,0.0000,387,12,375,0
559,1761344236,verde,verde,art3miz_0.1,vermelho,0,-3,12,150,120,1.2500,0.0000,508,133,250,125
559,1761344236,verde,vermelho,heuristica,vermelho,1,3,12,30,30,1.0000,0.0000,349,27,297,25
559,1761344236,verde,azul,reativa,vermelho,0,-3,12,90,120,0.7500,0.0000,31,5,26,0
560,822547579,vermelho,verde,art3miz_0.1,vermelho,0,-3,14,90,120,0.7500,0.0000,238,84,79,75
560,822547579,vermelho,vermelho,heuristica,vermelho,1,3,14,30,0,30.0000,0.0000,415,40,335,40
560,822547579,vermelho,azul,reativa,vermelho,0,-3,14,120,120,1.0000,0.0000,239,6,233,0
561,369036526,azul,verde,art3miz_0.1,vermelho,0,-3,19,90,120,0.7500,0.0000,408,100,208,100
561,369036526,azul,vermelho,heuristica,vermelho,1,3,19,30,30,1.0000,0.0000,483,34,417,32
561,369036526,azul,azul,reativa,vermelho,0,-3,19,150,120,1.2500,0.0000,320,9,311,0
562,385294681,verde,verde,art3miz_0.1,vermelho,0,-3,14,90,120,0.7500,0.0000,250,72,114,64
562,385294681,verde,vermelho,heuristica,vermelho,1,3,14,30,0,30.0000,0.0000,379,18,345,16
562,385294681,verde,azul,reativa,vermelho,0,-3,14,120,120,1.0000,0.0000,224,8,216,0
563,1351163531,vermelho,verde,art3miz_0.1,azul,0,-3,13,90,110,0.8182,0.2500,291,79,137,75
563,1351163531,vermelho,vermelho,heuristica,azul,0,-3,13,140,120,1.1667,0.1538,629,157,322,150
563,1351163531,vermelho,azul,reativa,azul,1,3,13,30,30,1.0000,0.0000,305,5,300,0
564,788961864,azul,verde,art3miz_0.1,vermelho,0,-3,14,90,120,0.7500,0.0000,237,83,79,75
564,788961864,azul,vermelho,heuristica,vermelho,1,3,14,30,30,1.0000,0.0000,336,28,283,25
564,788961864,azul,azul,reativa,vermelho,0,-3,14,150,120,1.2500,0.0000,175,13,162,0
565,503141246,verde,verde,art3miz_0.1,vermelho,0,-3,12,30,120,0.2500,0.0000,172,38,96,38
565,503141246,verde,vermelho,heuristica,vermelho,1,3,12,120,60,2.0000,0.0000,509,125,262,122
565,503141246,verde,azul,reativa,vermelho,0,-3,12,150,120,1.2500,0.0000,164,14,150,0
566,1238521743,vermelho,verde,art3miz_0.1,azul,0,-3,14,60,120,0.5000,0.0000,302,111,141,50
566,1238521743,vermelho,vermelho,heuristica,azul,0,-3,14,120,120,1.0000,0.0000,658,176,335,147
566,1238521743,vermelho,azul,reativa,azul,1,3,14,90,30,3.0000,0.0000,277,14,263,0
567,885807520,azul,verde,art3miz_0.1,azul,0,-3,13,150,120,1.2500,0.0000,550,149,254,147
567,885807520,azul,vermelho,heuristica,azul,0,-3,13,90,120,0.7500,0.0000,249,77,99,73
567,885807520,azul,azul,reativa,azul,1,3,13,30,30,1.0000,0.0000,301,1,300,0
568,267902503,verde,verde,art3miz_0.1,azul,0,-3,9,60,120,0.5000,0.0000,244,96,78,70
568,267902503,verde,vermelho,heuristica,azul,0,-3,9,150,120,1.2500,0.0000,439,122,204,113
568,267902503,verde,azul,reativa,azul,1,3,9,90,60,1.5000,0.0000,154,8,146,0
569,1922683726,vermelho,verde,art3miz_0.1,empate,0,-1,100,0,0,0.0000,0.0000,588,2,586,0
569,1922683726,vermelho,vermelho,heuristica,empate,0,-1,100,0,0,0.0000,0.0100,1430,51,1379,0
569,1922683726,vermelho,azul,reativa,empate,0,-1,100,0,0,0.0000,0.0000,2053,50,2003,0
570,2065365347,azul,verde,art3miz_0.1,vermelho,0,-3,18,60,120,0.5000,0.0000,244,65,119,60
570,2065365347,azul,vermelho,heuristica,vermelho,1,3,18,60,60,1.0000,0.1765,570,89,399,82
570,2065365347,azul,azul,reativa,vermelho,0,-3,18,180,120,1.5000,0.0000,239,14,225,0
571,322353062,verde,verde,art3miz_0.1,verde,1,3,10,120,50,2.4000,0.3000,353,112,166,75
571,322353062,verde,vermelho,heuristica,verde,0,-3,10,110,120,0.9167,0.1111,540,174,221,145
571,322353062,verde,azul,reativa,verde,0,-3,10,60,120,0.5000,0.0000,132,4,128,0
572,1785633287,vermelho,verde,art3miz_0.1,vermelho,0,-3,15,90,110,0.8182,0.1000,426,126,200,100
572,1785633287,vermelho,vermelho,heuristica,vermelho,1,3,15,30,30,1.0000,0.2000,480,53,377,50
572,1785633287,vermelho,azul,reativa,vermelho,0,-3,15,140,120,1.1667,0.0714,235,11,224,0
573,753257138,azul,verde,art3miz_0.1,vermelho,0,-3,9,90,120,0.7500,0.0000,238,84,79,75
573,753257138,azul,vermelho,heuristica,vermelho,1,3,9,30,0,30.0000,0.0000,360,93,183,84
573,753257138,azul,azul,reativa,vermelho,0,-3,9,120,120,1.0000,0.0000,110,9,101,0
574,1429681041,verde,verde,art3miz_0.1,vermelho,0,-3,12,50,100,0.5000,0.3333,455,182,178,95
574,1429681041,verde,vermelho,heuristica,vermelho,1,3,12,130,80,1.6250,0.6667,741,239,302,200
574,1429681041,verde,azul,reativa,vermelho,0,-3,12,100,100,1.0000,0.6667,135,7,128,0
575,599050119,vermelho,verde,art3miz_0.1,azul,0,-3,7,80,120,0.6667,0.2500,234,80,79,75
575,599050119,vermelho,vermelho,heuristica,azul,0,-3,7,150,110,1.3636,0.1429,513,217,161,135
575,599050119,vermelho,azul,reativa,azul,1,3,7,30,30,1.0000,0.0000,159,8,151,0
576,880987394,azul,verde,art3miz_0.1,vermelho,0,-3,9,90,120,0.7500,0.0000,237,83,79,75
576,880987394,azul,vermelho,heuristica,vermelho,1,3,9,30,30,1.0000,0.0000,259,27,207,25
576,880987394,azul,azul,reativa,vermelho,0,-3,9,150,120,1.2500,0.0000,85,9,76,0
577,1671317880,verde,verde,art3miz_0.1,azul,0,-3,9,150,120,1.2500,0.0000,432,166,141,125
577,1671317880,verde,vermelho,heuristica,azul,0,-3,9,30,120,0.2500,0.0000,312,86,126,100
577,1671317880,verde,azul,reativa,azul,1,3,9,150,90,1.6667,0.0000,112,12,100,0
578,1667218631,vermelho,verde,art3miz_0.1,verde,1,3,19,30,60,0.5000,0.0000,728,162,366,200
578,1667218631,vermelho,vermelho,heuristica,verde,0,-3,19,150,120,1.2500,0.0000,701,147,418,136
578,1667218631,vermelho,azul,reativa,verde,0,-3,19,120,120,1.0000,0.0000,55,8,47,0
579,1360865676,azul,verde,art3miz_0.1,vermelho,0,-3,16,150,110,1.3636,0.2000,495,137,237,121
579,1360865676,azul,vermelho,heuristica,vermelho,1,3,16,20,30,0.6667,0.0667,448,43,363,42
579,1360865676,azul,azul,reativa,vermelho,0,-3,16,90,120,0.7500,0.2222,141,6,135,0
580,969768113,verde,verde,art3miz_0.1,vermelho,0,-3,11,70,100,0.7000,0.8333,260,78,118,64
580,969768113,verde,vermelho,heuristica,vermelho,1,3,11,30,0,30.0000,0.1818,468,96,273,99
580,969768113,verde,azul,reativa,vermelho,0,-3,11,100,100,1.0000,0.5000,142,8,134,0
581,828045317,vermelho,verde,art3miz_0.1,azul,0,-3,10,90,120,0.7500,0.0000,215,73,75,67
581,828045317,vermelho,vermelho,heuristica,azul,0,-3,10,150,120,1.2500,0.2000,467,120,236,111
581,828045317,vermelho,azul,reativa,azul,1,3,10,30,30,1.0000,0.0000,215,4,211,0
582,1609858943,azul,verde,art3miz_0.1,vermelho,0,-3,8,120,120,1.0000,0.1429,367,113,154,100
582,1609858943,azul,vermelho,heuristica,vermelho,1,3,8,30,0,30.0000,0.2857,206,21,166,19
582,1609858943,azul,azul,reativa,vermelho,0,-3,8,90,120,0.7500,0.2000,55,4,51,0
583,657787211,verde,verde,art3miz_0.1,vermelho,0,-3,9,150,120,1.2500,0.2222,377,115,162,100
583,657787211,verde,vermelho,heuristica,vermelho,1,3,9,30,30,1.0000,0.0000,226,25,177,24
583,657787211,verde,azul,reativa,vermelho,0,-3,9,90,120,0.7500,0.0000,31,5,26,0
584,1500741286,vermelho,verde,art3miz_0.1,empate,0,-1,100,0,0,0.0000,0.0000,2093,51,2042,0
584,1500741286,vermelho,vermelho,heuristica,empate,0,-1,100,0,0,0.0000,0.0000,2009,50,1959,0
584,1500741286,vermelho,azul,reativa,empate,0,-1,100,0,0,0.0000,0.4900,2600,0,2600,0
585,1216752255,azul,verde,art3miz_0.1,azul,0,-3,8,150,120,1.2500,0.0000,329,101,137,91
585,1216752255,azul,vermelho,heuristica,azul,0,-3,8,90,120,0.7500,0.0000,253,79,100,74
585,1216752255,azul,azul,reativa,azul,1,3,8,30,30,1.0000,0.0000,172,3,169,0
586,170355655,verde,verde,art3miz_0.1,azul,0,-3,9,150,120,1.2500,0.0000,437,134,179,124
586,170355655,verde,vermelho,heuristica,azul,0,-3,9,90,120,0.7500,0.0000,330,104,126,100
586,170355655,verde,azul,reativa,azul,1,3,9,30,30,1.0000,0.0000,205,3,202,0
587,522938142,vermelho,verde,art3miz_0.1,empate,0,-1,100,0,0,0.0000,0.0000,2191,51,2140,0
587,522938142,vermelho,vermelho,heuristica,empate,0,-1,100,0,0,0.0000,0.0000,2107,50,2057,0
587,522938142,vermelho,azul,reativa,empate,0,-1,100,0,0,0.0000,0.0100,2597,0,2597,0
588,1224265644,azul,verde,art3miz_0.1,vermelho,0,-3,10,90,120,0.7500,0.0000,254,96,83,75
588,1224265644,azul,vermelho,heuristica,vermelho,1,3,10,30,30,1.0000,0.0000,401,110,216,75
588,1224265644,azul,azul,reativa,vermelho,0,-3,10,150,120,1.2500,0.0000,111,8,103,0
589,2071903378,verde,verde,art3miz_0.1,vermelho,0,-3,17,150,120,1.2500,0.0588,723,190,351,182
589,2071903378,verde,vermelho,heuristica,vermelho,1,3,17,30,30,1.0000,0.0000,475,25,426,24
589,2071903378,verde,azul,reativa,vermelho,0,-3,17,90,120,0.7500,0.0000,30,4,26,0
590,239551354,vermelho,verde,art3miz_0.1,azul,0,-3,13,60,120,0.5000,0.0000,241,67,111,63
590,239551354,vermelho,vermelho,heuristica,azul,0,-3,13,180,120,1.5000,0.0000,564,146,285,133
590,239551354,vermelho,azul,reativa,azul,1,3,13,60,60,1.0000,0.2308,263,5,258,0
591,1331453486,azul,verde,art3miz_0.1,vermelho,0,-3,12,60,120,0.5000,0.0000,271,81,121,69
591,1331453486,azul,vermelho,heuristica,vermelho,1,3,12,60,30,2.0000,0.0909,502,147,244,111
591,1331453486,azul,azul,reativa,vermelho,0,-3,12,150,120,1.2500,0.0000,144,11,133,0
592,700635290,verde,verde,art3miz_0.1,empate,0,-1,100,30,0,30.0000,0.0000,643,3,640,0
592,700635290,verde,vermelho,heuristica,empate,0,-1,100,0,30,0.0000,0.0000,1272,68,1185,19
592,700635290,verde,azul,reativa,empate,0,-1,100,0,0,0.0000,0.0000,2600,0,2600,0
593,1793610634,vermelho,verde,art3miz_0.1,verde,1,3,8,30,30,1.0000,0.0000,102,30,50,22
593,1793610634,vermelho,vermelho,heuristica,verde,0,-3,8,150,120,1.2500,0.0000,396,124,158,114
593,1793610634,vermelho,azul,reativa,verde,0,-3,8,90,120,0.7500,0.0000,32,6,26,0
594,1428201362,azul,verde,art3miz_0.1,empate,0,-1,100,0,0,0.0000,0.0000,2102,50,2052,0
594,1428201362,azul,vermelho,heuristica,empate,0,-1,100,0,0,0.0000,0.0000,2573,0,2573,0
594,1428201362,azul,azul,reativa,empate,0,-1,100,0,0,0.0000,0.0000,2003,50,1953,0
595,40425461,verde,verde,art3miz_0.1,azul,0,-3,6,150,120,1.2500,0.0000,386,157,129,100
595,40425461,verde,vermelho,heuristica,azul,0,-3,6,90,120,0.7500,0.0000,255,79,101,75
595,40425461,verde,azul,reativa,azul,1,3,6,30,30,1.0000,0.0000,119,4,115,0
596,1462276455,vermelho,verde,art3miz_0.1,vermelho,0,-3,17,60,120,0.5000,0.0000,233,73,89,71
596,1462276455,vermelho,vermelho,heuristica,vermelho,1,3,17,60,60,1.0000,0.0588,468,40,391,37
596,1462276455,vermelho,azul,reativa,vermelho,0,-3,17,180,120,1.5000,0.0000,236,12,224,0
597,2054249709,azul,verde,art3miz_0.1,vermelho,0,-3,11,60,120,0.5000,0.0000,261,82,104,75
597,2054249709,azul,vermelho,heuristica,vermelho,1,3,11,60,60,1.0000,0.0000,352,53,249,50
597,2054249709,azul,azul,reativa,vermelho,0,-3,11,180,120,1.5000,0.0000,113,12,101,0
598,630302914,verde,verde,art3miz_0.1,azul,0,-3,9,150,120,1.2500,0.0000,367,111,158,98
598,630302914,verde,vermelho,heuristica,azul,0,-3,9,90,120,0.7500,0.0000,255,79,101,75
598,630302914,verde,azul,reativa,azul,1,3,9,30,30,1.0000,0.0000,173,4,169,0
599,1951134645,vermelho,verde,art3miz_0.1,azul,0,-3,14,90,120,0.7500,0.0000,234,80,79,75
599,1951134645,vermelho,vermelho,heuristica,azul,0,-3,14,120,120,1.0000,0.0000,554,105,349,100
599,1951134645,vermelho,azul,reativa,azul,1,3,14,30,0,30.0000,0.0000,284,2,282,0
600,1030142316,azul,verde,art3miz_0.1,vermelho,0,-3,12,150,120,1.2500,0.0000,513,197,191,125
600,1030142316,azul,vermelho,heuristica,vermelho,1,3,12,30,30,1.0000,0.1818,374,44,280,50
600,1030142316,azul,azul,reativa,vermelho,0,-3,12,90,120,0.7500,0.1000,184,7,177,0
601,1015889351,verde,verde,art3miz_0.1,azul,0,-3,11,120,120,1.0000,0.1818,400,106,198,96
601,1015889351,verde,vermelho,heuristica,azul,0,-3,11,90,120,0.7500,0.1250,392,104,191,97
601,1015889351,verde,azul,reativa,azul,1,3,11,30,0,30.0000,0.0909,251,3,248,0
602,205782876,vermelho,verde,art3miz_0.1,azul,0,-3,13,120,120,1.0000,0.0000,432,116,209,107
602,205782876,vermelho,vermelho,heuristica,azul,0,-3,13,90,120,0.7500,0.0000,343,74,202,67
602,205782876,vermelho,azul,reativa,azul,1,3,13,30,0,30.0000,0.0000,298,2,296,0
603,1233340021,azul,verde,art3miz_0.1,azul,0,-3,12,50,120,0.4167,0.5000,309,108,126,75
603,1233340021,azul,vermelho,heuristica,azul,0,-3,12,120,110,1.0909,0.1818,484,106,279,99
603,1233340021,azul,azul,reativa,azul,1,3,12,90,30,3.0000,0.0833,232,8,224,0
604,2014491557,verde,verde,art3miz_0.1,azul,0,-3,14,120,120,1.0000,0.0000,457,105,277,75
604,2014491557,verde,vermelho,heuristica,azul,0,-3,14,90,120,0.7500,0.0000,289,113,101,75
604,2014491557,verde,azul,reativa,azul,1,3,14,30,0,30.0000,0.0000,322,5,317,0
605,1314928140,vermelho,verde,art3miz_0.1,azul,0,-3,10,120,120,1.0000,0.2222,318,99,128,91
605,1314928140,vermelho,vermelho,heuristica,azul,0,-3,10,90,120,0.7500,0.1667,349,104,146,99
605,1314928140,vermelho,azul,reativa,azul,1,3,10,30,0,30.0000,0.0000,237,3,234,0
606,1869575208,azul,verde,art3miz_0.1,vermelho,0,-3,13,90,120,0.7500,0.0000,262,78,114,70
606,1869575208,azul,vermelho,heuristica,vermelho,1,3,13,30,30,1.0000,0.0000,325,17,292,16
606,1869575208,azul,azul,reativa,vermelho,0,-3,13,150,120,1.2500,0.0000,179,9,170,0
607,412083840,verde,verde,art3miz_0.1,verde,1,3,7,30,0,30.0000,0.0000,51,2,49,0
607,412083840,verde,vermelho,heuristica,verde,0,-3,7,120,120,1.0000,0.0000,436,160,151,125
607,412083840,verde,azul,reativa,verde,0,-3,7,90,120,0.7500,0.0000,54,5,49,0
608,1705502126,vermelho,verde,art3miz_0.1,azul,0,-3,13,90,120,0.7500,0.0000,278,99,104,75
608,1705502126,vermelho,vermelho,heuristica,azul,0,-3,13,120,120,1.0000,0.0769,636,180,308,148
608,1705502126,vermelho,azul,reativa,azul,1,3,13,30,0,30.0000,0.0000,305,5,300,0
609,360032754,azul,verde,art3miz_0.1,vermelho,0,-3,20,90,120,0.7500,0.0000,413,105,208,100
609,360032754,azul,vermelho,heuristica,vermelho,1,3,20,30,0,30.0000,0.0526,507,28,451,28
609,360032754,azul,azul,reativa,vermelho,0,-3,20,120,120,1.0000,0.0000,363,8,355,0
610,1703396810,verde,verde,art3miz_0.1,vermelho,0,-3,8,120,120,1.0000,0.0000,262,75,123,64
610,1703396810,verde,vermelho,heuristica,vermelho,1,3,8,30,0,30.0000,0.0000,259,27,207,25
610,1703396810,verde,azul,reativa,vermelho,0,-3,8,90,120,0.7500,0.0000,30,5,25,0
611,1813539174,vermelho,verde,art3miz_0.1,verde,1,3,7,60,0,60.0000,0.0000,111,6,105,0
611,1813539174,vermelho,vermelho,heuristica,verde,0,-3,7,90,120,0.7500,0.0000,333,107,126,100
611,1813539174,vermelho,azul,reativa,verde,0,-3,7,90,120,0.7500,0.0000,81,6,75,0
612,1326081846,azul,verde,art3miz_0.1,vermelho,0,-3,16,120,120,1.0000,0.0000,486,129,246,111
612,1326081846,azul,vermelho,heuristica,vermelho,1,3,16,30,0,30.0000,0.0000,464,58,339,67
612,1326081846,azul,azul,reativa,vermelho,0,-3,16,90,120,0.7500,0.0000,110,5,105,0
613,1251722137,verde,verde,art3miz_0.1,azul,0,-3,7,90,120,0.7500,0.0000,245,86,100,59
613,1251722137,verde,vermelho,heuristica,azul,0,-3,7,120,120,1.0000,0.1429,363,109,166,88
613,1251722137,verde,azul,reativa,azul,1,3,7,30,0,30.0000,0.0000,157,4,153,0
614,279383135,vermelho,verde,art3miz_0.1,empate,0,-1,100,0,0,0.0000,0.0000,2098,50,2048,0
614,279383135,vermelho,vermelho,heuristica,empate,0,-1,100,0,0,0.0000,0.0000,2600,0,2600,0
614,279383135,vermelho,azul,reativa,empate,0,-1,100,0,0,0.0000,0.0000,2003,50,1953,0
615,2053490072,azul,verde,art3miz_0.1,azul,0,-3,9,80,100,0.8000,0.3333,295,133,87,75
615,2053490072,azul,vermelho,heuristica,azul,0,-3,9,150,110,1.3636,0.5000,538,186,202,150
615,2053490072,azul,azul,reativa,azul,1,3,9,50,70,0.7143,0.4444,183,5,178,0
616,469087286,verde,verde,art3miz_0.1,azul,0,-3,11,120,120,1.0000,0.1818,461,198,152,111
616,469087286,verde,vermelho,heuristica,azul,0,-3,11,120,120,1.0000,0.3000,509,167,228,114
616,469087286,verde,azul,reativa,azul,1,3,11,90,90,1.0000,0.0909,199,10,189,0
617,244808538,vermelho,verde,art3miz_0.1,verde,1,3,7,60,0,60.0000,0.3333,231,80,104,47
617,244808538,vermelho,vermelho,heuristica,verde,0,-3,7,90,120,0.7500,0.1667,336,99,144,93
617,244808538,vermelho,azul,reativa,verde,0,-3,7,90,120,0.7500,0.0000,59,8,51,0
618,1697912004,azul,verde,art3miz_0.1,verde,1,3,10,30,30,1.0000,0.0000,108,26,57,25
618,1697912004,azul,vermelho,heuristica,verde,0,-3,10,150,120,1.2500,0.0000,511,160,201,150
618,1697912004,azul,azul,reativa,verde,0,-3,10,90,120,0.7500,0.0000,55,4,51,0
619,1196957329,verde,verde,art3miz_0.1,azul,0,-3,7,160,100,1.6000,0.7143,442,163,154,125
619,1196957329,verde,vermelho,heuristica,azul,0,-3,7,70,120,0.5833,0.2500,317,141,101,75
619,1196957329,verde,azul,reativa,azul,1,3,7,30,40,0.7500,0.4286,107,8,99,0
620,279705624,vermelho,verde,art3miz_0.1,vermelho,0,-3,16,90,120,0.7500,0.0000,241,76,97,68
620,279705624,vermelho,vermelho,heuristica,vermelho,1,3,16,30,0,30.0000,0.0000,537,67,395,75
620,279705624,vermelho,azul,reativa,vermelho,0,-3,16,120,120,1.0000,0.0000,271,6,265,0
621,440487415,azul,verde,art3miz_0.1,verde,1,3,13,60,30,2.0000,0.0833,375,85,215,75
621,440487415,azul,vermelho,heuristica,verde,0,-3,13,50,100,0.5000,0.5000,256,80,101,75
621,440487415,azul,azul,reativa,verde,0,-3,13,130,110,1.1818,0.5000,190,10,180,0
622,532420518,verde,verde,art3miz_0.1,azul,0,-3,10,110,110,1.0000,0.3000,433,147,195,91
622,532420518,verde,vermelho,heuristica,azul,0,-3,10,80,110,0.7273,0.2500,255,79,101,75
622,532420518,verde,azul,reativa,azul,1,3,10,30,0,30.0000,0.1000,231,4,227,0
623,1534020729,vermelho,verde,art3miz_0.1,vermelho,0,-3,15,90,120,0.7500,0.0000,312,88,148,76
623,1534020729,vermelho,vermelho,heuristica,vermelho,1,3,15,30,30,1.0000,0.2000,483,53,380,50
623,1534020729,vermelho,azul,reativa,vermelho,0,-3,15,150,120,1.2500,0.0000,174,14,160,0
624,1330977352,azul,verde,art3miz_0.1,azul,0,-3,8,60,120,0.5000,0.0000,164,51,71,42
624,1330977352,azul,vermelho,heuristica,azul,0,-3,8,120,120,1.0000,0.0000,337,93,157,87
624,1330977352,azul,azul,reativa,azul,1,3,8,90,30,3.0000,0.0000,137,9,128,0
625,1339491093,verde,verde,art3miz_0.1,vermelho,0,-3,7,120,120,1.0000,0.0000,294,86,133,75
625,1339491093,verde,vermelho,heuristica,vermelho,1,3,7,30,0,30.0000,0.0000,279,52,177,50
625,1339491093,verde,azul,reativa,vermelho,0,-3,7,90,120,0.7500,0.0000,31,5,26,0
626,2136906327,vermelho,verde,art3miz_0.1,vermelho,0,-3,17,90,120,0.7500,0.0000,381,105,174,102
626,2136906327,vermelho,vermelho,heuristica,vermelho,1,3,17,30,0,30.0000,0.0588,462,18,428,16
626,2136906327,vermelho,azul,reativa,vermelho,0,-3,17,120,120,1.0000,0.0000,287,7,280,0
627,523294266,azul,verde,art3miz_0.1,azul,0,-3,10,150,120,1.2500,0.0000,484,179,187,118
627,523294266,azul,vermelho,heuristica,azul,0,-3,10,90,120,0.7500,0.0000,280,104,101,75
627,523294266,azul,azul,reativa,azul,1,3,10,30,30,1.0000,0.0000,231,4,227,0
628,1234858072,verde,verde,art3miz_0.1,vermelho,0,-3,8,120,120,1.0000,0.0000,322,92,151,79
628,1234858072,verde,vermelho,heuristica,vermelho,1,3,8,30,0,30.0000,0.1250,259,27,207,25
628,1234858072,verde,azul,reativa,vermelho,0,-3,8,90,120,0.7500,0.0000,53,4,49,0
629,130403733,vermelho,verde,art3miz_0.1,verde,1,3,13,70,40,1.7500,0.1667,273,99,105,69
629,130403733,vermelho,vermelho,heuristica,verde,0,-3,13,130,110,1.1818,0.4167,688,203,290,195
629,130403733,vermelho,azul,reativa,verde,0,-3,13,70,120,0.5833,0.2000,175,5,170,0
630,444026286,azul,verde,art3miz_0.1,empate,0,-1,100,0,0,0.0000,0.0000,2092,50,2042,0
630,444026286,azul,vermelho,heuristica,empate,0,-1,100,0,0,0.0000,0.0000,2574,0,2574,0
630,444026286,azul,azul,reativa,empate,0,-1,100,0,0,0.0000,0.0000,2009,50,1959,0
631,1706054446,verde,verde,art3miz_0.1,empate,0,-1,100,120,90,1.3333,0.0100,959,116,768,75
631,1706054446,verde,vermelho,heuristica,empate,0,-1,100,0,0,0.0000,0.0000,1830,91,1690,49
631,1706054446,verde,azul,reativa,empate,0,-1,100,90,120,0.7500,0.0000,53,4,49,0
632,1251267710,vermelho,verde,art3miz_0.1,azul,0,-3,14,90,120,0.7500,0.0000,216,74,73,69
632,1251267710,vermelho,vermelho,heuristica,azul,0,-3,14,120,120,1.0000,0.0000,549,115,324,110
632,1251267710,vermelho,azul,reativa,azul,1,3,14,30,0,30.0000,0.0000,321,2,319,0
633,1966057535,azul,verde,art3miz_0.1,vermelho,0,-3,18,90,120,0.7500,0.4000,426,131,173,122
633,1966057535,azul,vermelho,heuristica,vermelho,1,3,18,30,30,1.0000,0.0000,716,190,376,150
633,1966057535,azul,azul,reativa,vermelho,0,-3,18,150,120,1.2500,0.0000,308,12,296,0
634,1965943761,verde,verde,art3miz_0.1,vermelho,0,-3,11,150,120,1.2500,0.0000,355,105,159,91
634,1965943761,verde,vermelho,heuristica,vermelho,1,3,11,30,30,1.0000,0.2727,422,75,272,75
634,1965943761,verde,azul,reativa,vermelho,0,-3,11,90,120,0.7500,0.0000,30,4,26,0
635,768926301,vermelho,verde,art3miz_0.1,verde,1,3,7,30,0,30.0000,0.0000,77,23,38,16
635,768926301,vermelho,vermelho,heuristica,verde,0,-3,7,120,120,1.0000,0.0000,377,131,148,98
635,768926301,vermelho,azul,reativa,verde,0,-3,7,90,120,0.7500,0.0000,30,5,25,0
636,1881604470,azul,verde,art3miz_0.1,vermelho,0,-3,11,90,100,0.9000,0.2500,225,77,76,72
636,1881604470,azul,vermelho,heuristica,vermelho,1,3,11,30,0,30.0000,0.0000,275,18,241,16
636,1881604470,azul,azul,reativa,vermelho,0,-3,11,100,120,0.8333,0.0000,150,7,143,0
637,1256005152,verde,verde,art3miz_0.1,vermelho,0,-3,9,120,120,1.0000,0.0000,302,86,141,75
637,1256005152,verde,vermelho,heuristica,vermelho,1,3,9,30,0,30.0000,0.2222,284,27,232,25
637,1256005152,verde,azul,reativa,vermelho,0,-3,9,90,120,0.7500,0.0000,31,5,26,0
638,866370088,vermelho,verde,art3miz_0.1,azul,0,-3,10,100,100,1.0000,0.2222,398,152,154,92
638,866370088,vermelho,vermelho,heuristica,azul,0,-3,10,60,120,0.5000,0.2500,377,97,186,94
638,866370088,vermelho,azul,reativa,azul,1,3,10,70,10,7.0000,0.6000,175,6,169,0
639,453976170,azul,verde,art3miz_0.1,azul,0,-3,9,120,120,1.0000,0.0000,288,82,131,75
639,453976170,azul,vermelho,heuristica,azul,0,-3,9,90,120,0.7500,0.0000,254,79,100,75
639,453976170,azul,azul,reativa,azul,1,3,9,30,0,30.0000,0.0000,209,2,207,0
640,960568082,verde,verde,art3miz_0.1,vermelho,0,-3,8,120,120,1.0000,0.0000,353,153,108,92
640,960568082,verde,vermelho,heuristica,vermelho,1,3,8,90,90,1.0000,0.0000,368,107,188,73
640,960568082,verde,azul,reativa,vermelho,0,-3,8,120,120,1.0000,0.0000,74,12,62,0
641,1262463845,vermelho,verde,art3miz_0.1,vermelho,0,-3,12,60,120,0.5000,0.0000,250,85,115,50
641,1262463845,vermelho,vermelho,heuristica,vermelho,1,3,12,180,90,2.0000,0.1667,685,209,301,175
641,1262463845,vermelho,azul,reativa,vermelho,0,-3,12,90,120,0.7500,0.0909,213,10,203,0
642,1248811076,azul,verde,art3miz_0.1,azul,0,-3,12,60,120,0.5000,0.0000,317,84,183,50
642,1248811076,azul,vermelho,heuristica,azul,0,-3,12,150,120,1.2500,0.0000,693,249,257,187
642,1248811076,azul,azul,reativa,azul,1,3,12,120,90,1.3333,0.0000,212,12,200,0
643,1493478306,verde,verde,art3miz_0.1,azul,0,-3,15,150,120,1.2500,0.3333,735,234,329,172
643,1493478306,verde,vermelho,heuristica,azul,0,-3,15,90,120,0.7500,0.0000,408,106,202,100
643,1493478306,verde,azul,reativa,azul,1,3,15,30,30,1.0000,0.0667,349,5,344,0
644,665279136,vermelho,verde,art3miz_0.1,azul,0,-3,9,90,120,0.7500,0.0000,234,80,79,75
644,665279136,vermelho,vermelho,heuristica,azul,0,-3,9,120,120,1.0000,0.0000,427,105,222,100
644,665279136,vermelho,azul,reativa,azul,1,3,9,30,0,30.0000,0.0000,190,4,186,0
645,218716618,azul,verde,art3miz_0.1,vermelho,0,-3,7,90,120,0.7500,0.0000,255,101,79,75
645,218716618,azul,vermelho,heuristica,vermelho,1,3,7,30,0,30.0000,0.0000,247,68,133,46
645,218716618,azul,azul,reativa,vermelho,0,-3,7,120,120,1.0000,0.0000,59,8,51,0
646,640258826,verde,verde,art3miz_0.1,empate,0,-1,100,0,0,0.0000,0.0000,2170,51,2119,0
646,640258826,verde,vermelho,heuristica,empate,0,-1,100,0,0,0.0000,0.0000,2058,50,2008,0
646,640258826,verde,azul,reativa,empate,0,-1,100,0,0,0.0000,0.0100,2600,0,2600,0
647,1496625869,vermelho,verde,art3miz_0.1,azul,0,-3,13,120,120,1.0000,0.1667,270,69,137,64
647,1496625869,vermelho,vermelho,heuristica,azul,0,-3,13,90,120,0.7500,0.0000,313,88,138,87
647,1496625869,vermelho,azul,reativa,azul,1,3,13,30,0,30.0000,0.0000,311,2,309,0
648,129953772,azul,verde,art3miz_0.1,azul,0,-3,10,120,120,1.0000,0.0000,380,100,180,100
648,129953772,azul,vermelho,heuristica,azul,0,-3,10,90,120,0.7500,0.0000,255,79,101,75
648,129953772,azul,azul,reativa,azul,1,3,10,30,0,30.0000,0.0000,227,2,225,0
649,198795325,verde,verde,art3miz_0.1,vermelho,0,-3,11,150,120,1.2500,0.0000,409,115,194,100
649,198795325,verde,vermelho,heuristica,vermelho,1,3,11,30,30,1.0000,0.0000,329,29,275,25
649,198795325,verde,azul,reativa,vermelho,0,-3,11,90,120,0.7500,0.0000,31,5,26,0
650,1092198279,vermelho,verde,art3miz_0.1,azul,0,-3,13,150,120,1.2500,0.0000,379,121,153,105
650,1092198279,vermelho,vermelho,heuristica,azul,0,-3,13,90,120,0.7500,0.0000,341,89,170,82
650,1092198279,vermelho,azul,reativa,azul,1,3,13,30,30,1.0000,0.0769,267,5,262,0
651,779591759,azul,verde,art3miz_0.1,vermelho,0,-3,7,90,120,0.7500,0.2500,254,106,76,72
651,779591759,azul,vermelho,heuristica,vermelho,1,3,7,30,0,30.0000,0.1667,280,78,152,50
651,779591759,azul,azul,reativa,vermelho,0,-3,7,120,120,1.0000,0.0000,57,6,51,0
652,1317852308,verde,verde,art3miz_0.1,azul,0,-3,6,120,120,1.0000,0.0000,294,117,113,64
652,1317852308,verde,vermelho,heuristica,azul,0,-3,6,90,120,0.7500,0.0000,243,75,97,71
652,1317852308,verde,azul,reativa,azul,1,3,6,30,0,30.0000,0.0000,131,5,126,0
653,1288168034,vermelho,verde,art3miz_0.1,vermelho,0,-3,13,60,120,0.5000,0.0000,239,75,93,71
653,1288168034,vermelho,vermelho,heuristica,vermelho,1,3,13,60,90,0.6667,0.3077,463,70,324,69
653,1288168034,vermelho,azul,reativa,vermelho,0,-3,13,210,120,1.7500,0.0000,140,14,126,0
654,770170329,azul,verde,art3miz_0.1,azul,0,-3,9,120,120,1.0000,0.0000,294,82,137,75
654,770170329,azul,vermelho,heuristica,azul,0,-3,9,90,120,0.7500,0.0000,247,77,98,72
654,770170329,azul,azul,reativa,azul,1,3,9,30,0,30.0000,0.3333,210,2,208,0
655,1802537942,verde,verde,art3miz_0.1,azul,0,-3,9,150,120,1.2500,0.1111,438,134,180,124
655,1802537942,verde,vermelho,heuristica,azul,0,-3,9,90,120,0.7500,0.0000,329,104,125,100
655,1802537942,verde,azul,reativa,azul,1,3,9,30,30,1.0000,0.0000,206,2,204,0
656,714072783,vermelho,verde,art3miz_0.1,azul,0,-3,11,60,120,0.5000,0.0000,215,76,92,47
656,714072783,vermelho,vermelho,heuristica,azul,0,-3,11,120,120,1.0000,0.0909,596,174,274,148
656,714072783,vermelho,azul,reativa,azul,1,3,11,90,30,3.0000,0.0000,214,13,201,0
657,1894773843,azul,verde,art3miz_0.1,empate,0,-1,100,90,120,0.7500,0.1111,307,84,149,74
657,1894773843,azul,vermelho,heuristica,empate,0,-1,100,120,90,1.3333,0.0101,2601,124,2362,115
657,1894773843,azul,azul,reativa,empate,0,-1,100,0,0,0.0000,0.0000,1192,3,1189,0
658,1299649723,verde,verde,art3miz_0.1,azul,0,-3,13,180,120,1.5000,0.1538,530,195,210,125
658,1299649723,verde,vermelho,heuristica,azul,0,-3,13,60,120,0.5000,0.0000,418,98,247,73
658,1299649723,verde,azul,reativa,azul,1,3,13,90,90,1.0000,0.2308,260,10,250,0
659,951999122,vermelho,verde,art3miz_0.1,azul,0,-3,14,90,120,0.7500,0.0000,234,80,79,75
659,951999122,vermelho,vermelho,heuristica,azul,0,-3,14,120,120,1.0000,0.0000,540,116,313,111
659,951999122,vermelho,azul,reativa,azul,1,3,14,30,0,30.0000,0.0000,313,2,311,0
660,2094539556,azul,verde,art3miz_0.1,vermelho,0,-3,19,90,120,0.7500,0.0000,431,123,208,100
660,2094539556,azul,vermelho,heuristica,vermelho,1,3,19,30,30,1.0000,0.0556,494,34,428,32
660,2094539556,azul,azul,reativa,vermelho,0,-3,19,150,120,1.2500,0.0000,322,9,313,0
661,1988806916,verde,verde,art3miz_0.1,verde,1,3,10,160,90,1.7778,0.4000,460,169,166,125
661,1988806916,verde,vermelho,heuristica,verde,0,-3,10,70,100,0.7000,0.4286,407,131,176,100
661,1988806916,verde,azul,reativa,verde,0,-3,10,60,100,0.6000,0.4444,160,6,154,0
662,589686748,vermelho,verde,art3miz_0.1,azul,0,-3,9,90,120,0.7500,0.0000,256,104,78,74
662,589686748,vermelho,vermelho,heuristica,azul,0,-3,9,150,120,1.2500,0.0000,538,171,221,146
662,589686748,vermelho,azul,reativa,azul,1,3,9,30,30,1.0000,0.0000,199,10,189,0
663,2020755370,azul,verde,art3miz_0.1,vermelho,0,-3,13,90,120,0.7500,0.0000,400,100,200,100
663,2020755370,azul,vermelho,heuristica,vermelho,1,3,13,30,0,30.0000,0.0833,357,23,309,25
663,2020755370,azul,azul,reativa,vermelho,0,-3,13,120,120,1.0000,0.0000,207,8,199,0
664,880251236,verde,verde,art3miz_0.1,vermelho,0,-3,7,120,120,1.0000,0.0000,294,86,133,75
664,880251236,verde,vermelho,heuristica,vermelho,1,3,7,30,0,30.0000,0.0000,232,26,181,25
664,880251236,verde,azul,reativa,vermelho,0,-3,7,90,120,0.7500,0.0000,30,4,26,0
665,495973414,vermelho,verde,art3miz_0.1,verde,1,3,8,30,0,30.0000,0.0000,145,32,89,24
665,495973414,vermelho,vermelho,heuristica,verde,0,-3,8,120,120,1.0000,0.0000,382,108,175,99
665,495973414,vermelho,azul,reativa,verde,0,-3,8,90,120,0.7500,0.0000,31,5,26,0
666,984970438,azul,verde,art3miz_0.1,verde,1,3,8,60,0,60.0000,0.1429,204,83,71,50
666,984970438,azul,vermelho,heuristica,verde,0,-3,8,80,110,0.7273,0.6667,381,132,150,99
666,984970438,azul,azul,reativa,verde,0,-3,8,80,110,0.7273,0.8333,54,5,49,0
667,220068118,verde,verde,art3miz_0.1,vermelho,0,-3,19,90,120,0.7500,0.0000,404,100,204,100
667,220068118,verde,vermelho,heuristica,vermelho,1,3,19,30,0,30.0000,0.0000,514,18,480,16
667,220068118,verde,azul,reativa,vermelho,0,-3,19,120,120,1.0000,0.0000,347,7,340,0
668,1454005916,vermelho,verde,art3miz_0.1,vermelho,0,-3,12,60,120,0.5000,0.0000,330,124,131,75
668,1454005916,vermelho,vermelho,heuristica,vermelho,1,3,12,120,60,2.0000,0.0000,606,182,300,124
668,1454005916,vermelho,azul,reativa,vermelho,0,-3,12,120,120,1.0000,0.0000,187,10,177,0
669,111536335,azul,verde,art3miz_0.1,empate,0,-1,100,120,90,1.3333,0.0000,2260,145,2028,87
669,111536335,azul,vermelho,heuristica,empate,0,-1,100,90,120,0.7500,0.0000,344,73,206,65
669,111536335,azul,azul,reativa,empate,0,-1,100,0,0,0.0000,0.0000,1362,49,1313,0
670,228923756,verde,verde,art3miz_0.1,azul,0,-3,17,90,120,0.7500,0.1667,285,81,129,75
670,228923756,verde,vermelho,heuristica,azul,0,-3,17,150,120,1.2500,0.0000,679,128,429,122
670,228923756,verde,azul,reativa,azul,1,3,17,30,30,1.0000,0.0000,384,4,380,0
671,1575262061,vermelho,verde,art3miz_0.1,vermelho,0,-3,9,60,120,0.5000,0.0000,261,82,104,75
671,1575262061,vermelho,vermelho,heuristica,vermelho,1,3,9,60,30,2.0000,0.1111,464,138,226,100
671,1575262061,vermelho,azul,reativa,vermelho,0,-3,9,150,120,1.2500,0.0000,90,14,76,0
672,1373973555,azul,verde,art3miz_0.1,vermelho,0,-3,8,60,120,0.5000,0.0000,190,82,58,50
672,1373973555,azul,vermelho,heuristica,vermelho,1,3,8,90,10,9.0000,0.4286,408,133,175,100
672,1373973555,azul,azul,reativa,vermelho,0,-3,8,100,120,0.8333,0.0000,85,8,77,0
673,192519457,verde,verde,art3miz_0.1,azul,0,-3,9,140,120,1.1667,0.1111,369,109,161,99
673,192519457,verde,vermelho,heuristica,azul,0,-3,9,90,110,0.8182,0.5000,256,80,101,75
673,192519457,verde,azul,reativa,azul,1,3,9,30,30,1.0000,0.0000,193,3,190,0
674,944968278,vermelho,verde,art3miz_0.1,verde,1,3,7,60,0,60.0000,0.1667,180,74,61,45
674,944968278,vermelho,vermelho,heuristica,verde,0,-3,7,90,120,0.7500,0.3333,384,118,146,120
674,944968278,vermelho,azul,reativa,verde,0,-3,7,90,120,0.7500,0.0000,60,9,51,0
675,2011085058,azul,verde,art3miz_0.1,vermelho,0,-3,15,90,120,0.7500,0.0000,267,77,122,68
675,2011085058,azul,vermelho,heuristica,vermelho,1,3,15,30,30,1.0000,0.0000,388,28,335,25
675,2011085058,azul,azul,reativa,vermelho,0,-3,15,150,120,1.2500,0.0000,216,11,205,0
676,88572083,verde,verde,art3miz_0.1,azul,0,-3,9,120,120,1.0000,0.0000,274,78,125,71
676,88572083,verde,vermelho,heuristica,azul,0,-3,9,90,120,0.7500,0.0000,248,77,98,73
676,88572083,verde,azul,reativa,azul,1,3,9,30,0,30.0000,0.0000,210,2,208,0
677,1970560963,vermelho,verde,art3miz_0.1,vermelho,0,-3,9,90,120,0.7500,0.0000,214,78,92,44
677,1970560963,vermelho,vermelho,heuristica,vermelho,1,3,9,120,60,2.0000,0.0000,486,148,220,118
677,1970560963,vermelho,azul,reativa,vermelho,0,-3,9,90,120,0.7500,0.0000,132,6,126,0
678,307584755,azul,verde,art3miz_0.1,azul,0,-3,12,130,120,1.0833,0.2727,560,177,233,150
678,307584755,azul,vermelho,heuristica,azul,0,-3,12,30,100,0.3000,0.5000,253,77,101,75
678,307584755,azul,azul,reativa,azul,1,3,12,120,60,2.0000,0.0833,185,9,176,0
679,1869256894,verde,verde,art3miz_0.1,azul,0,-3,8,120,120,1.0000,0.1250,367,122,160,85
679,1869256894,verde,vermelho,heuristica,azul,0,-3,8,90,120,0.7500,0.0000,282,114,97,71
679,1869256894,verde,azul,reativa,azul,1,3,8,30,0,30.0000,0.0000,178,4,174,0
680,79134275,vermelho,verde,art3miz_0.1,azul,0,-3,9,50,120,0.4167,0.3333,158,54,54,50
680,79134275,vermelho,vermelho,heuristica,azul,0,-3,9,150,110,1.3636,0.1111,576,204,222,150
680,79134275,vermelho,azul,reativa,azul,1,3,9,90,60,1.5000,0.0000,159,8,151,0
681,1664664159,azul,verde,art3miz_0.1,vermelho,0,-3,13,80,100,0.8000,0.3750,387,129,158,100
681,1664664159,azul,vermelho,heuristica,vermelho,1,3,13,30,60,0.5000,0.0000,527,139,288,100
681,1664664159,azul,azul,reativa,vermelho,0,-3,13,160,110,1.4545,0.6667,164,11,153,0
682,460515643,verde,verde,art3miz_0.1,vermelho,0,-3,9,120,120,1.0000,0.0000,334,86,174,74
682,460515643,verde,vermelho,heuristica,vermelho,1,3,9,30,0,30.0000,0.2222,281,27,230,24
682,460515643,verde,azul,reativa,vermelho,0,-3,9,90,120,0.7500,0.0000,31,5,26,0
683,947373156,vermelho,verde,art3miz_0.1,azul,0,-3,10,150,120,1.2500,0.0000,368,106,162,100
683,947373156,vermelho,vermelho,heuristica,azul,0,-3,10,90,120,0.7500,0.0000,350,101,149,100
683,947373156,vermelho,azul,reativa,azul,1,3,10,30,30,1.0000,0.0000,234,3,231,0
684,2132834058,azul,verde,art3miz_0.1,verde,1,3,14,90,90,1.0000,0.0000,346,106,162,78
684,2132834058,azul,vermelho,heuristica,verde,0,-3,14,60,120,0.5000,0.0000,312,85,148,79
684,2132834058,azul,azul,reativa,verde,0,-3,14,180,120,1.5000,0.0000,160,12,148,0
685,1519292891,verde,verde,art3miz_0.1,azul,0,-3,8,90,120,0.7500,0.0000,260,81,104,75
685,1519292891,verde,vermelho,heuristica,azul,0,-3,8,150,120,1.2500,0.0000,459,132,202,125
685,1519292891,verde,azul,reativa,azul,1,3,8,30,30,1.0000,0.0000,184,2,182,0
686,1220596411,vermelho,verde,art3miz_0.1,verde,1,3,10,90,60,1.5000,0.0000,395,154,151,90
686,1220596411,vermelho,vermelho,heuristica,verde,0,-3,10,60,120,0.5000,0.0000,314,85,150,79
686,1220596411,vermelho,azul,reativa,verde,0,-3,10,150,120,1.2500,0.0000,98,11,87,0
687,1048016289,azul,verde,art3miz_0.1,vermelho,0,-3,6,70,100,0.7000,0.5000,257,105,78,74
687,1048016289,azul,vermelho,heuristica,vermelho,1,3,6,30,0,30.0000,0.2000,240,75,116,49
687,1048016289,azul,azul,reativa,vermelho,0,-3,6,100,100,1.0000,1.0000,34,8,26,0
688,522013940,verde,verde,art3miz_0.1,azul,0,-3,11,90,120,0.7500,0.0000,248,78,98,72
688,522013940,verde,vermelho,heuristica,azul,0,-3,11,150,120,1.2500,0.0000,542,145,252,145
688,522013940,verde,azul,reativa,azul,1,3,11,30,30,1.0000,0.0000,246,1,245,0
689,1709267489,vermelho,verde,art3miz_0.1,vermelho,0,-3,12,90,110,0.8182,0.2500,213,73,72,68
689,1709267489,vermelho,vermelho,heuristica,vermelho,1,3,12,30,30,1.0000,0.0000,310,18,276,16
689,1709267489,vermelho,azul,reativa,vermelho,0,-3,12,140,120,1.1667,0.0000,150,9,141,0
690,1729243779,azul,verde,art3miz_0.1,empate,0,-1,100,0,0,0.0000,0.0000,2111,49,2062,0
690,1729243779,azul,vermelho,heuristica,empate,0,-1,100,0,0,0.0000,0.0000,2330,0,2330,0
690,1729243779,azul,azul,reativa,empate,0,-1,100,0,0,0.0000,0.0000,2014,51,1963,0
691,1784580866,verde,verde,art3miz_0.1,azul,0,-3,16,180,120,1.5000,0.0625,645,172,316,157
691,1784580866,verde,vermelho,heuristica,azul,0,-3,16,60,120,0.5000,0.1250,299,67,168,64
691,1784580866,verde,azul,reativa,azul,1,3,16,60,60,1.0000,0.0625,333,3,330,0
692,1491450575,vermelho,verde,art3miz_0.1,verde,1,3,11,30,0,30.0000,0.2000,167,30,112,25
692,1491450575,vermelho,vermelho,heuristica,verde,0,-3,11,120,120,1.0000,0.0000,513,134,254,125
692,1491450575,vermelho,azul,reativa,verde,0,-3,11,90,120,0.7500,0.0000,55,4,51,0
693,1568923797,azul,verde,art3miz_0.1,azul,0,-3,10,90,120,0.7500,0.0000,262,79,108,75
693,1568923797,azul,vermelho,heuristica,azul,0,-3,10,150,100,1.5000,0.2222,525,149,226,150
693,1568923797,azul,azul,reativa,azul,1,3,10,10,30,0.3333,0.2000,188,1,187,0
694,362309885,verde,verde,art3miz_0.1,vermelho,0,-3,8,120,120,1.0000,0.1250,298,86,137,75
694,362309885,verde,vermelho,heuristica,vermelho,1,3,8,30,0,30.0000,0.0000,255,27,203,25
694,362309885,verde,azul,reativa,vermelho,0,-3,8,90,120,0.7500,0.0000,31,5,26,0
695,2101121314,vermelho,verde,art3miz_0.1,azul,0,-3,7,90,120,0.7500,0.0000,254,102,78,74
695,2101121314,vermelho,vermelho,heuristica,azul,0,-3,7,120,120,1.0000,0.0000,438,159,165,114
695,2101121314,vermelho,azul,reativa,azul,1,3,7,30,0,30.0000,0.0000,141,3,138,0
696,1869267578,azul,verde,art3miz_0.1,verde,1,3,16,30,0,30.0000,0.0000,343,32,287,24
696,1869267578,azul,vermelho,heuristica,verde,0,-3,16,90,120,0.7500,0.0000,252,79,99,74
696,1869267578,azul,azul,reativa,verde,0,-3,16,120,120,1.0000,0.0000,273,8,265,0
697,594861639,verde,verde,art3miz_0.1,azul,0,-3,8,120,120,1.0000,0.0000,283,79,132,72
697,594861639,verde,vermelho,heuristica,azul,0,-3,8,90,120,0.7500,0.0000,246,76,98,72
697,594861639,verde,azul,reativa,azul,1,3,8,30,0,30.0000,0.0000,173,2,171,0
698,562332132,vermelho,verde,art3miz_0.1,vermelho,0,-3,23,90,120,0.7500,0.2000,395,108,187,100
698,562332132,vermelho,vermelho,heuristica,vermelho,1,3,23,30,0,30.0000,0.0870,635,36,567,32
698,562332132,vermelho,azul,reativa,vermelho,0,-3,23,120,120,1.0000,0.1364,428,7,421,0
699,141045692,azul,verde,art3miz_0.1,azul,0,-3,9,150,120,1.2500,0.0000,310,89,138,83
699,141045692,azul,vermelho,heuristica,azul,0,-3,9,90,120,0.7500,0.0000,216,66,88,62
699,141045692,azul,azul,reativa,azul,1,3,9,30,30,1.0000,0.0000,195,2,193,0
700,893437542,verde,verde,art3miz_0.1,verde,1,3,7,30,0,30.0000,0.1429,73,3,70,0
700,893437542,verde,vermelho,heuristica,verde,0,-3,7,90,120,0.7500,0.0000,376,125,151,100
700,893437542,verde,azul,reativa,verde,0,-3,7,120,120,1.0000,0.0000,57,7,50,0
701,1356990828,vermelho,verde,art3miz_0.1,vermelho,0,-3,14,60,120,0.5000,0.0000,219,67,89,63
701,1356990828,vermelho,vermelho,heuristica,vermelho,1,3,14,60,30,2.0000,0.2143,407,37,338,32
701,1356990828,vermelho,azul,reativa,vermelho,0,-3,14,150,120,1.2500,0.0000,205,10,195,0
702,758057594,azul,verde,art3miz_0.1,azul,0,-3,16,90,120,0.7500,0.0000,260,81,104,75
702,758057594,azul,vermelho,heuristica,azul,0,-3,16,150,120,1.2500,0.0000,657,148,368,141
702,758057594,azul,azul,reativa,azul,1,3,16,30,30,1.0000,0.0000,378,1,377,0
703,1224258741,verde,verde,art3miz_0.1,azul,0,-3,7,120,120,1.0000,0.0000,290,82,133,75
703,1224258741,verde,vermelho,heuristica,azul,0,-3,7,90,120,0.7500,0.0000,255,79,101,75
703,1224258741,verde,azul,reativa,azul,1,3,7,30,0,30.0000,0.0000,156,3,153,0
704,1738688665,vermelho,verde,art3miz_0.1,vermelho,0,-3,17,60,120,0.5000,0.0000,245,64,121,60
704,1738688665,vermelho,vermelho,heuristica,vermelho,1,3,17,60,60,1.0000,0.0000,507,52,407,48
704,1738688665,vermelho,azul,reativa,vermelho,0,-3,17,180,120,1.5000,0.0000,231,11,220,0
705,284656161,azul,verde,art3miz_0.1,vermelho,0,-3,12,90,120,0.7500,0.1111,483,154,204,125
705,284656161,azul,vermelho,heuristica,vermelho,1,3,12,30,30,1.0000,0.0000,436,87,274,75
705,284656161,azul,azul,reativa,vermelho,0,-3,12,150,120,1.2500,0.0909,161,9,152,0
706,1037174125,verde,verde,art3miz_0.1,azul,0,-3,8,90,120,0.7500,0.0000,239,79,86,74
706,1037174125,verde,vermelho,heuristica,azul,0,-3,8,150,120,1.2500,0.1250,473,151,199,123
706,1037174125,verde,azul,reativa,azul,1,3,8,30,30,1.0000,0.0000,181,3,178,0
707,1145925364,vermelho,verde,art3miz_0.1,azul,0,-3,7,80,100,0.8000,0.6667,360,161,104,95
707,1145925364,vermelho,vermelho,heuristica,azul,0,-3,7,70,110,0.6364,0.5000,347,102,147,98
707,1145925364,vermelho,azul,reativa,azul,1,3,7,60,0,60.0000,0.0000,105,10,95,0
708,79466218,azul,verde,art3miz_0.1,verde,1,3,10,30,30,1.0000,0.0000,108,26,57,25
708,79466218,azul,vermelho,heuristica,verde,0,-3,10,150,120,1.2500,0.0000,450,142,176,132
708,79466218,azul,azul,reativa,verde,0,-3,10,90,120,0.7500,0.0000,55,5,50,0
709,508015536,verde,verde,art3miz_0.1,verde,1,3,13,120,90,1.3333,0.2308,369,112,158,99
709,508015536,verde,vermelho,heuristica,verde,0,-3,13,120,120,1.0000,0.0000,694,258,289,147
709,508015536,verde,azul,reativa,verde,0,-3,13,90,120,0.7500,0.0000,182,7,175,0
710,302173163,vermelho,verde,art3miz_0.1,azul,0,-3,12,120,120,1.0000,0.0000,315,75,172,68
710,302173163,vermelho,vermelho,heuristica,azul,0,-3,12,90,120,0.7500,0.0000,383,117,146,120
710,302173163,vermelho,azul,reativa,azul,1,3,12,30,0,30.0000,0.0000,289,3,286,0
711,491820749,azul,verde,art3miz_0.1,azul,0,-3,11,90,120,0.7500,0.1429,289,106,108,75
711,491820749,azul,vermelho,heuristica,azul,0,-3,11,150,120,1.2500,0.2000,504,134,245,125
711,491820749,azul,azul,reativa,azul,1,3,11,30,30,1.0000,0.0000,225,2,223,0
712,247657394,verde,verde,art3miz_0.1,vermelho,0,-3,9,150,120,1.2500,0.0000,448,141,182,125
712,247657394,verde,vermelho,heuristica,vermelho,1,3,9,30,30,1.0000,0.0000,285,27,233,25
712,247657394,verde,azul,reativa,vermelho,0,-3,9,90,120,0.7500,0.0000,54,4,50,0
713,1776086572,vermelho,verde,art3miz_0.1,azul,0,-3,11,90,120,0.7500,0.0000,228,78,77,73
713,1776086572,vermelho,vermelho,heuristica,azul,0,-3,11,150,120,1.2500,0.0000,525,131,270,124
713,1776086572,vermelho,azul,reativa,azul,1,3,11,30,30,1.0000,0.0000,256,2,254,0
714,1632761478,azul,verde,art3miz_0.1,vermelho,0,-3,12,150,120,1.2500,0.0000,459,139,221,99
714,1632761478,azul,vermelho,heuristica,vermelho,1,3,12,60,90,0.6667,0.0000,521,148,273,100
714,1632761478,azul,azul,reativa,vermelho,0,-3,12,120,120,1.0000,0.0000,133,8,125,0
715,231975991,verde,verde,art3miz_0.1,azul,0,-3,9,120,120,1.0000,0.0000,297,82,140,75
715,231975991,verde,vermelho,heuristica,azul,0,-3,9,90,120,0.7500,0.0000,256,80,101,75
715,231975991,verde,azul,reativa,azul,1,3,9,30,0,30.0000,0.0000,206,2,204,0
716,733326103,vermelho,verde,art3miz_0.1,azul,0,-3,9,60,120,0.5000,0.0000,158,54,54,50
716,733326103,vermelho,vermelho,heuristica,azul,0,-3,9,120,120,1.0000,0.0000,497,176,196,125
716,733326103,vermelho,azul,reativa,azul,1,3,9,90,30,3.0000,0.0000,161,9,152,0
717,1411364412,azul,verde,art3miz_0.1,vermelho,0,-3,12,90,120,0.7500,0.0000,415,107,208,100
717,1411364412,azul,vermelho,heuristica,vermelho,1,3,12,30,0,30.0000,0.0000,388,66,272,50
717,1411364412,azul,azul,reativa,vermelho,0,-3,12,120,120,1.0000,0.0000,184,8,176,0
718,1200314224,verde,verde,art3miz_0.1,vermelho,0,-3,10,120,120,1.0000,0.0000,311,88,148,75
718,1200314224,verde,vermelho,heuristica,vermelho,1,3,10,30,0,30.0000,0.0000,269,21,232,16
718,1200314224,verde,azul,reativa,vermelho,0,-3,10,90,120,0.7500,0.0000,31,5,26,0
719,1259110644,vermelho,verde,art3miz_0.1,verde,1,3,15,150,90,1.6667,0.0714,510,167,219,124
719,1259110644,vermelho,vermelho,heuristica,verde,0,-3,15,60,120,0.5000,0.0000,244,63,144,37
719,1259110644,vermelho,azul,reativa,verde,0,-3,15,120,120,1.0000,0.1429,242,9,233,0
720,447719130,azul,verde,art3miz_0.1,verde,1,3,7,60,0,60.0000,0.0000,191,74,75,42
720,447719130,azul,vermelho,heuristica,verde,0,-3,7,90,120,0.7500,0.0000,344,128,121,95
720,447719130,azul,azul,reativa,verde,0,-3,7,90,120,0.7500,0.0000,74,6,68,0
721,1722184469,verde,verde,art3miz_0.1,vermelho,0,-3,20,60,120,0.5000,0.1667,406,112,194,100
721,1722184469,verde,vermelho,heuristica,vermelho,1,3,20,60,60,1.0000,0.0500,559,36,491,32
721,1722184469,verde,azul,reativa,vermelho,0,-3,20,180,120,1.5000,0.0000,300,11,289,0
722,327044082,vermelho,verde,art3miz_0.1,verde,1,3,8,30,30,1.0000,0.0000,85,23,43,19
722,327044082,vermelho,vermelho,heuristica,verde,0,-3,8,90,120,0.7500,0.0000,329,101,135,93
722,327044082,vermelho,azul,reativa,verde,0,-3,8,150,120,1.2500,0.0000,60,8,52,0
723,592593125,azul,verde,art3miz_0.1,vermelho,0,-3,19,30,120,0.2500,0.0000,267,64,143,60
723,592593125,azul,vermelho,heuristica,vermelho,1,3,19,90,60,1.5000,0.0000,546,59,434,53
723,592593125,azul,azul,reativa,vermelho,0,-3,19,180,120,1.5000,0.0000,273,12,261,0
724,580558835,verde,verde,art3miz_0.1,azul,0,-3,6,150,120,1.2500,0.0000,336,108,128,100
724,580558835,verde,vermelho,heuristica,azul,0,-3,6,90,120,0.7500,0.0000,255,79,101,75
724,580558835,verde,azul,reativa,azul,1,3,6,30,30,1.0000,0.0000,129,3,126,0
725,1641414582,vermelho,verde,art3miz_0.1,azul,0,-3,8,90,120,0.7500,0.0000,289,135,79,75
725,1641414582,vermelho,vermelho,heuristica,azul,0,-3,8,120,120,1.0000,0.0000,388,104,185,99
725,1641414582,vermelho,azul,reativa,azul,1,3,8,30,0,30.0000,0.0000,177,7,170,0
726,1314131657,azul,verde,art3miz_0.1,vermelho,0,-3,15,90,120,0.7500,0.0000,234,82,78,74
726,1314131657,azul,vermelho,heuristica,vermelho,1,3,15,30,30,1.0000,0.0000,396,34,330,32
726,1314131657,azul,azul,reativa,vermelho,0,-3,15,150,120,1.2500,0.0000,220,10,210,0
727,2077249961,verde,verde,art3miz_0.1,azul,0,-3,9,120,120,1.0000,0.0000,298,82,141,75
727,2077249961,verde,vermelho,heuristica,azul,0,-3,9,90,120,0.7500,0.0000,249,77,99,73
727,2077249961,verde,azul,reativa,azul,1,3,9,30,0,30.0000,0.0000,205,2,203,0
728,626421707,vermelho,verde,art3miz_0.1,empate,0,-1,100,0,0,0.0000,0.0000,2098,50,2048,0
728,626421707,vermelho,vermelho,heuristica,empate,0,-1,100,0,0,0.0000,0.0000,2004,50,1954,0
728,626421707,vermelho,azul,reativa,empate,0,-1,100,0,0,0.0000,0.0000,2600,0,2600,0
729,1432468837,azul,verde,art3miz_0.1,empate,0,-1,100,0,0,0.0000,0.0000,2165,50,2115,0
729,1432468837,azul,vermelho,heuristica,empate,0,-1,100,0,0,0.0000,0.0000,2523,0,2523,0
729,1432468837,azul,azul,reativa,empate,0,-1,100,0,0,0.0000,0.0000,2061,50,2011,0
730,2024764721,verde,verde,art3miz_0.1,vermelho,0,-3,11,150,120,1.2500,0.0000,406,115,191,100
730,2024764721,verde,vermelho,heuristica,vermelho,1,3,11,30,30,1.0000,0.0000,324,28,272,24
730,2024764721,verde,azul,reativa,vermelho,0,-3,11,90,120,0.7500,0.0000,31,5,26,0
731,1142105127,vermelho,verde,art3miz_0.1,vermelho,0,-3,13,30,120,0.2500,0.0000,447,118,229,100
731,1142105127,vermelho,vermelho,heuristica,vermelho,1,3,13,120,90,1.3333,0.0769,714,236,328,150
731,1142105127,vermelho,azul,reativa,vermelho,0,-3,13,180,120,1.5000,0.0000,163,12,151,0
732,356399633,azul,verde,art3miz_0.1,vermelho,0,-3,8,90,120,0.7500,0.0000,327,123,104,100
732,356399633,azul,vermelho,heuristica,vermelho,1,3,8,30,0,30.0000,0.0000,382,108,174,100
732,356399633,azul,azul,reativa,vermelho,0,-3,8,120,120,1.0000,0.0000,82,6,76,0
733,275188426,verde,verde,art3miz_0.1,azul,0,-3,9,90,120,0.7500,0.0000,253,76,105,72
733,275188426,verde,vermelho,heuristica,azul,0,-3,9,120,120,1.0000,0.0000,444,118,205,121
733,275188426,verde,azul,reativa,azul,1,3,9,30,0,30.0000,0.0000,203,2,201,0
734,1434154751,vermelho,verde,art3miz_0.1,azul,0,-3,13,90,120,0.7500,0.0000,236,82,79,75
734,1434154751,vermelho,vermelho,heuristica,azul,0,-3,13,150,120,1.2500,0.0000,552,122,314,116
734,1434154751,vermelho,azul,reativa,azul,1,3,13,30,30,1.0000,0.0000,288,2,286,0
735,1801140829,azul,verde,art3miz_0.1,verde,1,3,10,50,50,1.0000,0.4444,392,113,181,98
735,1801140829,azul,vermelho,heuristica,verde,0,-3,10,50,110,0.4545,0.8000,358,132,126,100
735,1801140829,azul,azul,reativa,verde,0,-3,10,160,100,1.6000,0.7778,62,13,49,0
736,1993507864,verde,verde,art3miz_0.1,verde,1,3,8,30,0,30.0000,0.1250,170,30,115,25
736,1993507864,verde,vermelho,heuristica,verde,0,-3,8,120,120,1.0000,0.0000,384,107,177,100
736,1993507864,verde,azul,reativa,verde,0,-3,8,90,120,0.7500,0.0000,31,5,26,0
737,2023364721,vermelho,verde,art3miz_0.1,azul,0,-3,10,120,120,1.0000,0.0000,289,79,138,72
737,2023364721,vermelho,vermelho,heuristica,azul,0,-3,10,90,120,0.7500,0.0000,252,78,100,74
737,2023364721,vermelho,azul,reativa,azul,1,3,10,30,0,30.0000,0.0000,192,2,190,0
738,134698184,azul,verde,art3miz_0.1,azul,0,-3,9,120,120,1.0000,0.0000,278,77,131,70
738,134698184,azul,vermelho,heuristica,azul,0,-3,9,90,120,0.7500,0.0000,250,78,99,73
738,134698184,azul,azul,reativa,azul,1,3,9,30,0,30.0000,0.1111,210,2,208,0
739,1583040395,verde,verde,art3miz_0.1,verde,1,3,7,30,30,1.0000,0.1429,177,31,121,25
739,1583040395,verde,vermelho,heuristica,verde,0,-3,7,150,120,1.2500,0.0000,462,186,151,125
739,1583040395,verde,azul,reativa,verde,0,-3,7,90,120,0.7500,0.0000,32,6,26,0
740,1032295844,vermelho,verde,art3miz_0.1,vermelho,0,-3,8,60,110,0.5455,0.1667,228,80,103,45
740,1032295844,vermelho,vermelho,heuristica,vermelho,1,3,8,110,60,1.8333,0.0000,367,132,159,76
740,1032295844,vermelho,azul,reativa,vermelho,0,-3,8,120,120,1.0000,0.0000,80,11,69,0
741,1889624383,azul,verde,art3miz_0.1,verde,1,3,7,30,30,1.0000,0.1667,143,31,87,25
741,1889624383,azul,vermelho,heuristica,verde,0,-3,7,90,120,0.7500,0.0000,282,106,101,75
741,1889624383,azul,azul,reativa,verde,0,-3,7,150,120,1.2500,0.0000,34,9,25,0
742,1838169115,verde,verde,art3miz_0.1,verde,1,3,13,30,30,1.0000,0.0000,126,28,73,25
742,1838169115,verde,vermelho,heuristica,verde,0,-3,13,130,100,1.3000,0.5833,838,313,300,225
742,1838169115,verde,azul,reativa,verde,0,-3,13,70,100,0.7000,0.6000,185,6,179,0
743,532023419,vermelho,verde,art3miz_0.1,azul,0,-3,11,120,120,1.0000,0.0000,340,103,141,96
743,532023419,vermelho,vermelho,heuristica,azul,0,-3,11,90,120,0.7500,0.0000,324,92,140,92
743,532023419,vermelho,azul,reativa,azul,1,3,11,30,0,30.0000,0.0000,259,2,257,0
744,1693007723,azul,verde,art3miz_0.1,azul,0,-3,11,90,120,0.7500,0.2222,311,138,99,74
744,1693007723,azul,vermelho,heuristica,azul,0,-3,11,120,120,1.0000,0.5000,555,209,228,118
744,1693007723,azul,azul,reativa,azul,1,3,11,120,90,1.3333,0.0909,171,13,158,0
745,685610348,verde,verde,art3miz_0.1,vermelho,0,-3,15,100,120,0.8333,0.4667,565,162,260,143
745,685610348,verde,vermelho,heuristica,vermelho,1,3,15,30,0,30.0000,0.0000,438,27,386,25
745,685610348,verde,azul,reativa,vermelho,0,-3,15,90,100,0.9000,0.7000,134,7,127,0
746,226624391,vermelho,verde,art3miz_0.1,azul,0,-3,5,90,120,0.7500,0.0000,300,146,79,75
746,226624391,vermelho,vermelho,heuristica,azul,0,-3,5,90,120,0.7500,0.0000,281,105,101,75
746,226624391,vermelho,azul,reativa,azul,1,3,5,60,0,60.0000,0.0000,82,7,75,0
747,104280143,azul,verde,art3miz_0.1,vermelho,0,-3,24,90,120,0.7500,0.0000,397,100,202,95
747,104280143,azul,vermelho,heuristica,vermelho,1,3,24,30,0,30.0000,0.0000,580,18,546,16
747,104280143,azul,azul,reativa,vermelho,0,-3,24,120,120,1.0000,0.0435,482,7,475,0
748,5114185,verde,verde,art3miz_0.1,verde,1,3,8,30,0,30.0000,0.0000,170,29,116,25
748,5114185,verde,vermelho,heuristica,verde,0,-3,8,120,120,1.0000,0.1429,429,132,172,125
748,5114185,verde,azul,reativa,verde,0,-3,8,90,120,0.7500,0.0000,31,5,26,0
749,2053688377,vermelho,verde,art3miz_0.1,azul,0,-3,16,30,120,0.2500,0.0000,227,56,100,71
749,2053688377,vermelho,vermelho,heuristica,azul,0,-3,16,90,120,0.7500,0.0000,594,97,397,100
749,2053688377,vermelho,azul,reativa,azul,1,3,16,150,30,5.0000,0.0000,288,13,275,0
750,1451533353,azul,verde,art3miz_0.1,verde,1,3,11,80,50,1.6000,0.4000,372,110,187,75
750,1451533353,azul,vermelho,heuristica,verde,0,-3,11,90,120,0.7500,0.2000,332,106,126,100
750,1451533353,azul,azul,reativa,verde,0,-3,11,110,110,1.0000,0.2000,162,7,155,0
751,1017531994,verde,verde,art3miz_0.1,vermelho,0,-3,7,90,120,0.7500,0.0000,276,124,82,70
751,1017531994,verde,vermelho,heuristica,vermelho,1,3,7,30,0,30.0000,0.0000,378,125,178,75
751,1017531994,verde,azul,reativa,vermelho,0,-3,7,120,120,1.0000,0.0000,57,6,51,0
752,40908190,vermelho,verde,art3miz_0.1,vermelho,0,-3,11,150,120,1.2500,0.0000,496,150,207,139
752,40908190,vermelho,vermelho,heuristica,vermelho,1,3,11,30,30,1.0000,0.0000,336,26,285,25
752,40908190,vermelho,azul,reativa,vermelho,0,-3,11,90,120,0.7500,0.0000,52,6,46,0
753,1141767897,azul,verde,art3miz_0.1,azul,0,-3,9,120,120,1.0000,0.0000,429,151,178,100
753,1141767897,azul,vermelho,heuristica,azul,0,-3,9,90,120,0.7500,0.0000,255,79,101,75
753,1141767897,azul,azul,reativa,azul,1,3,9,30,0,30.0000,0.1111,197,6,191,0
754,1257839479,verde,verde,art3miz_0.1,vermelho,0,-3,12,150,120,1.2500,0.0000,579,150,279,150
754,1257839479,verde,vermelho,heuristica,vermelho,1,3,12,30,30,1.0000,0.1667,343,27,291,25
754,1257839479,verde,azul,reativa,vermelho,0,-3,12,90,120,0.7500,0.0000,29,4,25,0
755,1364339178,vermelho,verde,art3miz_0.1,vermelho,0,-3,12,90,120,0.7500,0.0000,309,103,113,93
755,1364339178,vermelho,vermelho,heuristica,vermelho,1,3,12,30,60,0.5000,0.0833,390,44,300,46
755,1364339178,vermelho,azul,reativa,vermelho,0,-3,12,180,120,1.5000,0.0000,130,13,117,0
756,1135458689,azul,verde,art3miz_0.1,vermelho,0,-3,19,90,120,0.7500,0.0000,413,105,208,100
756,1135458689,azul,vermelho,heuristica,vermelho,1,3,19,30,0,30.0000,0.0000,459,21,421,17
756,1135458689,azul,azul,reativa,vermelho,0,-3,19,120,120,1.0000,0.0000,352,9,343,0
757,1648737985,verde,verde,art3miz_0.1,verde,1,3,9,90,90,1.0000,0.1111,206,66,102,38
757,1648737985,verde,vermelho,heuristica,verde,0,-3,9,90,120,0.7500,0.0000,327,100,159,68
757,1648737985,verde,azul,reativa,verde,0,-3,9,150,120,1.2500,0.0000,85,10,75,0
758,487316115,vermelho,verde,art3miz_0.1,azul,0,-3,11,60,120,0.5000,0.0000,251,85,116,50
758,487316115,vermelho,vermelho,heuristica,azul,0,-3,11,150,120,1.2500,0.0000,580,155,275,150
758,487316115,vermelho,azul,reativa,azul,1,3,11,120,90,1.3333,0.0000,186,8,178,0
759,1847801574,azul,verde,art3miz_0.1,vermelho,0,-3,19,90,120,0.7500,0.0000,408,100,208,100
759,1847801574,azul,vermelho,heuristica,vermelho,1,3,19,30,30,1.0000,0.0000,615,88,428,99
759,1847801574,azul,azul,reativa,vermelho,0,-3,19,150,120,1.2500,0.0000,341,9,332,0
760,1643984056,verde,verde,art3miz_0.1,azul,0,-3,17,30,100,0.3000,0.2500,389,78,246,65
760,1643984056,verde,vermelho,heuristica,azul,0,-3,17,160,120,1.3333,0.2941,712,166,390,156
760,1643984056,verde,azul,reativa,azul,1,3,17,90,60,1.5000,0.0000,299,11,288,0
761,791159585,vermelho,verde,art3miz_0.1,verde,1,3,8,60,30,2.0000,0.0000,268,85,133,50
761,791159585,vermelho,vermelho,heuristica,verde,0,-3,8,90,120,0.7500,0.0000,351,105,148,98
761,791159585,vermelho,azul,reativa,verde,0,-3,8,120,120,1.0000,0.0000,80,10,70,0
762,1362632934,azul,verde,art3miz_0.1,empate,0,-1,100,0,0,0.0000,0.0000,2160,49,2111,0
762,1362632934,azul,vermelho,heuristica,empate,0,-1,100,0,0,0.0000,0.0000,2475,0,2475,0
762,1362632934,azul,azul,reativa,empate,0,-1,100,0,0,0.0000,0.0000,2063,51,2012,0
763,377733151,verde,verde,art3miz_0.1,azul,0,-3,13,130,120,1.0833,0.3846,665,212,303,150
763,377733151,verde,vermelho,heuristica,azul,0,-3,13,90,100,0.9000,0.5000,280,105,100,75
763,377733151,verde,azul,reativa,azul,1,3,13,30,30,1.0000,0.1538,307,9,298,0
764,1420768891,vermelho,verde,art3miz_0.1,verde,1,3,9,30,0,30.0000,0.0000,47,2,45,0
764,1420768891,vermelho,vermelho,heuristica,verde,0,-3,9,120,120,1.0000,0.3750,370,98,183,89
764,1420768891,vermelho,azul,reativa,verde,0,-3,9,90,120,0.7500,0.0000,75,5,70,0
765,2044870516,azul,verde,art3miz_0.1,azul,0,-3,10,80,120,0.6667,0.1667,285,81,129,75
765,2044870516,azul,vermelho,heuristica,azul,0,-3,10,150,110,1.3636,0.2222,484,131,228,125
765,2044870516,azul,azul,reativa,azul,1,3,10,30,30,1.0000,0.0000,217,2,215,0
766,1006327128,verde,verde,art3miz_0.1,azul,0,-3,8,120,120,1.0000,0.0000,257,70,124,63
766,1006327128,verde,vermelho,heuristica,azul,0,-3,8,90,120,0.7500,0.0000,207,63,85,59
766,1006327128,verde,azul,reativa,azul,1,3,8,30,0,30.0000,0.0000,184,2,182,0
767,336700548,vermelho,verde,art3miz_0.1,vermelho,0,-3,12,90,120,0.7500,0.0000,380,141,154,85
767,336700548,vermelho,vermelho,heuristica,vermelho,1,3,12,90,60,1.5000,0.0000,421,73,282,66
767,336700548,vermelho,azul,reativa,vermelho,0,-3,12,120,120,1.0000,0.0000,159,17,142,0
768,715912012,azul,verde,art3miz_0.1,verde,1,3,17,30,0,30.0000,0.0625,202,29,148,25
768,715912012,azul,vermelho,heuristica,verde,0,-3,17,120,120,1.0000,0.2000,834,257,377,200
768,715912012,azul,azul,reativa,verde,0,-3,17,90,120,0.7500,0.0000,200,7,193,0
769,481883728,verde,verde,art3miz_0.1,azul,0,-3,8,150,120,1.2500,0.0000,346,104,148,94
769,481883728,verde,vermelho,heuristica,azul,0,-3,8,90,120,0.7500,0.0000,240,74,96,70
769,481883728,verde,azul,reativa,azul,1,3,8,30,30,1.0000,0.0000,182,3,179,0
770,1614053631,vermelho,verde,art3miz_0.1,vermelho,0,-3,14,60,120,0.5000,0.0000,261,82,104,75
770,1614053631,vermelho,vermelho,heuristica,vermelho,1,3,14,60,30,2.0000,0.0000,452,52,352,48
770,1614053631,vermelho,azul,reativa,vermelho,0,-3,14,150,120,1.2500,0.0000,209,10,199,0
771,1276108841,azul,verde,art3miz_0.1,azul,0,-3,8,110,120,0.9167,0.1429,290,82,133,75
771,1276108841,azul,vermelho,heuristica,azul,0,-3,8,90,110,0.8182,0.2500,255,79,101,75
771,1276108841,azul,azul,reativa,azul,1,3,8,30,0,30.0000,0.1250,169,3,166,0
772,628933363,verde,verde,art3miz_0.1,vermelho,0,-3,13,120,120,1.0000,0.0000,288,78,144,66
772,628933363,verde,vermelho,heuristica,vermelho,1,3,13,30,0,30.0000,0.0000,414,49,318,47
772,628933363,verde,azul,reativa,vermelho,0,-3,13,90,120,0.7500,0.0000,31,5,26,0
773,266047734,vermelho,verde,art3miz_0.1,azul,0,-3,7,90,120,0.7500,0.0000,234,80,79,75
773,266047734,vermelho,vermelho,heuristica,azul,0,-3,7,120,120,1.0000,0.0000,381,105,176,100
773,266047734,vermelho,azul,reativa,azul,1,3,7,30,0,30.0000,0.1429,143,4,139,0
774,437958854,azul,verde,art3miz_0.1,vermelho,0,-3,16,60,120,0.5000,0.2000,241,76,96,69
774,437958854,azul,vermelho,heuristica,vermelho,1,3,16,60,30,2.0000,0.0000,393,34,325,34
774,437958854,azul,azul,reativa,vermelho,0,-3,16,150,120,1.2500,0.0667,242,10,232,0
775,882820366,verde,verde,art3miz_0.1,azul,0,-3,8,150,120,1.2500,0.0000,368,110,158,100
775,882820366,verde,vermelho,heuristica,azul,0,-3,8,90,120,0.7500,0.0000,256,80,101,75
775,882820366,verde,azul,reativa,azul,1,3,8,30,30,1.0000,0.0000,179,5,174,0
776,2103879765,vermelho,verde,art3miz_0.1,azul,0,-3,10,90,120,0.7500,0.0000,234,80,79,75
776,2103879765,vermelho,vermelho,heuristica,azul,0,-3,10,120,120,1.0000,0.0000,479,119,238,122
776,2103879765,vermelho,azul,reativa,azul,1,3,10,30,0,30.0000,0.0000,225,3,222,0
777,1878469685,azul,verde,art3miz_0.1,vermelho,0,-3,14,120,120,1.0000,0.0769,580,154,291,135
777,1878469685,azul,vermelho,heuristica,vermelho,1,3,14,30,0,30.0000,0.0000,389,27,337,25
777,1878469685,azul,azul,reativa,vermelho,0,-3,14,90,120,0.7500,0.0000,175,8,167,0
778,260653707,verde,verde,art3miz_0.1,verde,1,3,10,30,30,1.0000,0.1000,179,30,124,25
778,260653707,verde,vermelho,heuristica,verde,0,-3,10,130,100,1.3000,0.4444,537,160,227,150
778,260653707,verde,azul,reativa,verde,0,-3,10,70,100,0.7000,0.4000,58,7,51,0
779,2055886471,vermelho,verde,art3miz_0.1,vermelho,0,-3,10,60,120,0.5000,0.2857,179,47,93,39
779,2055886471,vermelho,vermelho,heuristica,vermelho,1,3,10,90,30,3.0000,0.0000,374,98,209,67
779,2055886471,vermelho,azul,reativa,vermelho,0,-3,10,120,120,1.0000,0.0000,140,12,128,0
780,181546477,azul,verde,art3miz_0.1,vermelho,0,-3,10,120,120,1.0000,0.0000,375,113,162,100
780,181546477,azul,vermelho,heuristica,vermelho,1,3,10,30,0,30.0000,0.0000,318,44,224,50
780,181546477,azul,azul,reativa,vermelho,0,-3,10,90,120,0.7500,0.0000,55,4,51,0
781,1696711507,verde,verde,art3miz_0.1,azul,0,-3,7,150,120,1.2500,0.0000,335,101,143,91
781,1696711507,verde,vermelho,heuristica,azul,0,-3,7,90,120,0.7500,0.0000,237,73,95,69
781,1696711507,verde,azul,reativa,azul,1,3,7,30,30,1.0000,0.0000,137,6,131,0
782,1229825111,vermelho,verde,art3miz_0.1,azul,0,-3,13,90,120,0.7500,0.0000,303,128,107,68
782,1229825111,vermelho,vermelho,heuristica,azul,0,-3,13,120,120,1.0000,0.0000,519,152,279,88
782,1229825111,vermelho,azul,reativa,azul,1,3,13,30,0,30.0000,0.0000,248,7,241,0
783,1997479060,azul,verde,art3miz_0.1,empate,0,-1,100,0,0,0.0000,0.0000,1622,50,1572,0
783,1997479060,azul,vermelho,heuristica,empate,0,-1,100,0,0,0.0000,0.0000,2574,0,2574,0
783,1997479060,azul,azul,reativa,empate,0,-1,100,0,0,0.0000,0.0000,1818,51,1767,0
784,443438607,verde,verde,art3miz_0.1,verde,1,3,9,90,60,1.5000,0.2222,318,108,137,73
784,443438607,verde,vermelho,heuristica,verde,0,-3,9,90,120,0.7500,0.2500,434,139,184,111
784,443438607,verde,azul,reativa,verde,0,-3,9,120,120,1.0000,0.0000,60,8,52,0
785,1255488848,vermelho,verde,art3miz_0.1,vermelho,0,-3,9,120,120,1.0000,0.0000,371,113,158,100
785,1255488848,vermelho,vermelho,heuristica,vermelho,1,3,9,30,0,30.0000,0.0000,330,49,231,50
785,1255488848,vermelho,azul,reativa,vermelho,0,-3,9,90,120,0.7500,0.0000,55,4,51,0
786,1713663468,azul,verde,art3miz_0.1,empate,0,-1,100,0,0,0.0000,0.0000,2141,50,2091,0
786,1713663468,azul,vermelho,heuristica,empate,0,-1,100,0,0,0.0000,0.4949,2574,0,2574,0
786,1713663468,azul,azul,reativa,empate,0,-1,100,0,0,0.0000,0.0000,1964,50,1914,0
787,1326665035,verde,verde,art3miz_0.1,azul,0,-3,6,100,110,0.9091,0.5000,330,126,129,75
787,1326665035,verde,vermelho,heuristica,azul,0,-3,6,90,100,0.9000,0.5000,255,79,101,75
787,1326665035,verde,azul,reativa,azul,1,3,6,20,0,20.0000,0.1667,129,3,126,0
788,1485550945,vermelho,verde,art3miz_0.1,azul,0,-3,12,90,120,0.7500,0.0000,196,65,70,61
788,1485550945,vermelho,vermelho,heuristica,azul,0,-3,12,150,120,1.2500,0.0000,479,113,261,105
788,1485550945,vermelho,azul,reativa,azul,1,3,12,30,30,1.0000,0.1667,289,3,286,0
789,255725471,azul,verde,art3miz_0.1,vermelho,0,-3,7,90,120,0.7500,0.0000,323,105,122,96
789,255725471,azul,vermelho,heuristica,vermelho,1,3,7,60,30,2.0000,0.0000,291,94,132,65
789,255725471,azul,azul,reativa,vermelho,0,-3,7,120,120,1.0000,0.0000,58,8,50,0
790,388207685,verde,verde,art3miz_0.1,azul,0,-3,6,90,120,0.7500,0.0000,221,85,74,62
790,388207685,verde,vermelho,heuristica,azul,0,-3,6,90,120,0.7500,0.0000,257,71,119,67
790,388207685,verde,azul,reativa,azul,1,3,6,60,0,60.0000,0.0000,107,7,100,0
791,230858913,vermelho,verde,art3miz_0.1,vermelho,0,-3,12,90,120,0.7500,0.2500,237,83,79,75
791,230858913,vermelho,vermelho,heuristica,vermelho,1,3,12,30,0,30.0000,0.4167,435,70,296,69
791,230858913,vermelho,azul,reativa,vermelho,0,-3,12,120,120,1.0000,0.0000,183,7,176,0
792,497945140,azul,verde,art3miz_0.1,azul,0,-3,21,90,120,0.7500,0.0000,290,78,139,73
792,497945140,azul,vermelho,heuristica,azul,0,-3,21,150,120,1.2500,0.1500,773,158,460,155
792,497945140,azul,azul,reativa,azul,1,3,21,30,30,1.0000,0.0000,492,1,491,0
793,1672875716,verde,verde,art3miz_0.1,azul,0,-3,19,80,120,0.6667,0.1429,271,77,124,70
793,1672875716,verde,vermelho,heuristica,azul,0,-3,19,150,110,1.3636,0.1579,625,109,414,102
793,1672875716,verde,azul,reativa,azul,1,3,19,30,30,1.0000,0.0000,449,2,447,0
794,1703592542,vermelho,verde,art3miz_0.1,verde,1,3,9,60,0,60.0000,0.0000,141,7,134,0
794,1703592542,vermelho,vermelho,heuristica,verde,0,-3,9,90,120,0.7500,0.0000,318,82,161,75
794,1703592542,vermelho,azul,reativa,verde,0,-3,9,90,120,0.7500,0.0000,135,8,127,0
795,524300311,azul,verde,art3miz_0.1,vermelho,0,-3,8,60,120,0.5000,0.0000,267,84,104,79
795,524300311,azul,vermelho,heuristica,vermelho,1,3,8,90,50,1.8000,0.1429,407,145,169,93
795,524300311,azul,azul,reativa,vermelho,0,-3,8,140,120,1.1667,0.0000,57,10,47,0
796,405532386,verde,verde,art3miz_0.1,vermelho,0,-3,8,120,120,1.0000,0.1250,298,86,137,75
796,405532386,verde,vermelho,heuristica,vermelho,1,3,8,30,0,30.0000,0.0000,239,26,189,24
796,405532386,verde,azul,reativa,vermelho,0,-3,8,90,120,0.7500,0.0000,31,5,26,0
797,1140362201,vermelho,verde,art3miz_0.1,verde,1,3,8,30,0,30.0000,0.0000,165,29,111,25
797,1140362201,vermelho,vermelho,heuristica,verde,0,-3,8,120,120,1.0000,0.0000,433,133,175,125
797,1140362201,vermelho,azul,reativa,verde,0,-3,8,90,120,0.7500,0.0000,30,4,26,0
798,2122964567,azul,verde,art3miz_0.1,verde,1,3,9,20,0,20.0000,0.3750,126,30,71,25
798,2122964567,azul,vermelho,heuristica,verde,0,-3,9,120,110,1.0909,0.2857,369,98,172,99
798,2122964567,azul,azul,reativa,verde,0,-3,9,90,120,0.7500,0.0000,31,5,26,0
799,1850462464,verde,verde,art3miz_0.1,empate,0,-1,100,0,0,0.0000,0.4900,2150,50,2100,0
799,1850462464,verde,vermelho,heuristica,empate,0,-1,100,0,0,0.0000,0.0100,2600,0,2600,0
799,1850462464,verde,azul,reativa,empate,0,-1,100,0,0,0.0000,0.0000,1853,50,1803,0
800,1238786426,vermelho,verde,art3miz_0.1,azul,0,-3,8,90,120,0.7500,0.0000,234,80,79,75
800,1238786426,vermelho,vermelho,heuristica,azul,0,-3,8,150,120,1.2500,0.0000,486,155,186,145
800,1238786426,vermelho,azul,reativa,azul,1,3,8,30,30,1.0000,0.1250,167,6,161,0
801,777418731,azul,verde,art3miz_0.1,vermelho,0,-3,9,120,120,1.0000,0.0000,369,113,157,99
801,777418731,azul,vermelho,heuristica,vermelho,1,3,9,30,0,30.0000,0.0000,288,42,199,47
801,777418731,azul,azul,reativa,vermelho,0,-3,9,90,120,0.7500,0.0000,55,4,51,0
802,1650316423,verde,verde,art3miz_0.1,azul,0,-3,8,150,110,1.3636,0.2500,461,157,179,125
802,1650316423,verde,vermelho,heuristica,azul,0,-3,8,80,120,0.6667,0.0000,255,79,101,75
802,1650316423,verde,azul,reativa,azul,1,3,8,30,30,1.0000,0.2500,181,3,178,0
803,1518169168,vermelho,verde,art3miz_0.1,verde,1,3,12,30,0,30.0000,0.0000,145,26,96,23
803,1518169168,vermelho,vermelho,heuristica,verde,0,-3,12,120,120,1.0000,0.0000,477,111,266,100
803,1518169168,vermelho,azul,reativa,verde,0,-3,12,90,120,0.7500,0.0000,29,4,25,0
804,664454653,azul,verde,art3miz_0.1,verde,1,3,12,150,90,1.6667,0.0000,550,188,242,120
804,664454653,azul,vermelho,heuristica,verde,0,-3,12,90,120,0.7500,0.0000,428,123,214,91
804,664454653,azul,azul,reativa,verde,0,-3,12,90,120,0.7500,0.0000,161,9,152,0
805,1222287018,verde,verde,art3miz_0.1,azul,0,-3,8,120,120,1.0000,0.2500,373,119,163,91
805,1222287018,verde,vermelho,heuristica,azul,0,-3,8,60,120,0.5000,0.0000,179,53,76,50
805,1222287018,verde,azul,reativa,azul,1,3,8,90,30,3.0000,0.0000,135,8,127,0
806,1050928200,vermelho,verde,art3miz_0.1,azul,0,-3,13,90,120,0.7500,0.0000,234,80,79,75
806,1050928200,vermelho,vermelho,heuristica,azul,0,-3,13,150,120,1.2500,0.0000,525,119,294,112
806,1050928200,vermelho,azul,reativa,azul,1,3,13,30,30,1.0000,0.1538,303,1,302,0
807,1496432766,azul,verde,art3miz_0.1,vermelho,0,-3,17,60,120,0.5000,0.0000,249,66,122,61
807,1496432766,azul,vermelho,heuristica,vermelho,1,3,17,60,60,1.0000,0.0000,451,44,370,37
807,1496432766,azul,azul,reativa,vermelho,0,-3,17,180,120,1.5000,0.0000,226,12,214,0
808,1546097094,verde,verde,art3miz_0.1,azul,0,-3,10,60,110,0.5455,0.8571,361,107,154,100
808,1546097094,verde,vermelho,heuristica,azul,0,-3,10,90,100,0.9000,0.8000,661,210,251,200
808,1546097094,verde,azul,reativa,azul,1,3,10,70,10,7.0000,0.2000,191,13,178,0
809,153640283,vermelho,verde,art3miz_0.1,vermelho,0,-3,9,90,100,0.9000,0.2500,411,156,156,99
809,153640283,vermelho,vermelho,heuristica,vermelho,1,3,9,60,30,2.0000,0.0000,404,102,227,75
809,153640283,vermelho,azul,reativa,vermelho,0,-3,9,100,120,0.8333,0.0000,111,9,102,0
810,1109067602,azul,verde,art3miz_0.1,verde,1,3,11,150,90,1.6667,0.2000,592,234,208,150
810,1109067602,azul,vermelho,heuristica,verde,0,-3,11,90,120,0.7500,0.0000,400,107,218,75
810,1109067602,azul,azul,reativa,verde,0,-3,11,90,120,0.7500,0.2500,136,8,128,0
811,1182380079,verde,verde,art3miz_0.1,azul,0,-3,8,150,120,1.2500,0.0000,309,91,137,81
811,1182380079,verde,vermelho,heuristica,azul,0,-3,8,90,120,0.7500,0.0000,210,64,86,60
811,1182380079,verde,azul,reativa,azul,1,3,8,30,30,1.0000,0.0000,184,2,182,0
812,995907090,vermelho,verde,art3miz_0.1,verde,1,3,9,30,60,0.5000,0.0000,221,55,116,50
812,995907090,vermelho,vermelho,heuristica,verde,0,-3,9,90,120,0.7500,0.0000,229,65,106,58
812,995907090,vermelho,azul,reativa,verde,0,-3,9,180,120,1.5000,0.0000,59,10,49,0
813,2009703295,azul,verde,art3miz_0.1,vermelho,0,-3,9,120,120,1.0000,0.1250,462,178,167,117
813,2009703295,azul,vermelho,heuristica,vermelho,1,3,9,30,0,30.0000,0.1250,297,52,195,50
813,2009703295,azul,azul,reativa,vermelho,0,-3,9,90,120,0.7500,0.1250,132,6,126,0
814,2108967014,verde,verde,art3miz_0.1,vermelho,0,-3,14,90,120,0.7500,0.1000,409,176,143,90
814,2108967014,verde,vermelho,heuristica,vermelho,1,3,14,60,0,60.0000,0.3571,468,74,324,70
814,2108967014,verde,azul,reativa,vermelho,0,-3,14,90,120,0.7500,0.3846,239,10,229,0
815,484446759,vermelho,verde,art3miz_0.1,vermelho,0,-3,11,90,120,0.7500,0.1667,321,106,119,96
815,484446759,vermelho,vermelho,heuristica,vermelho,1,3,11,30,30,1.0000,0.0000,416,61,280,75
815,484446759,vermelho,azul,reativa,vermelho,0,-3,11,150,120,1.2500,0.0000,132,10,122,0
816,780071506,azul,verde,art3miz_0.1,vermelho,0,-3,12,90,120,0.7500,0.0000,410,104,207,99
816,780071506,azul,vermelho,heuristica,vermelho,1,3,12,60,0,60.0000,0.0909,475,118,282,75
816,780071506,azul,azul,reativa,vermelho,0,-3,12,90,120,0.7500,0.0000,207,6,201,0
817,853399628,verde,verde,art3miz_0.1,azul,0,-3,10,120,120,1.0000,0.1000,405,112,194,99
817,853399628,verde,vermelho,heuristica,azul,0,-3,10,90,120,0.7500,0.0000,252,78,100,74
817,853399628,verde,azul,reativa,azul,1,3,10,30,0,30.0000,0.0000,189,4,185,0
818,1422126434,vermelho,verde,art3miz_0.1,vermelho,0,-3,10,120,120,1.0000,0.0000,368,111,159,98
818,1422126434,vermelho,vermelho,heuristica,vermelho,1,3,10,30,0,30.0000,0.2000,311,27,259,25
818,1422126434,vermelho,azul,reativa,vermelho,0,-3,10,90,120,0.7500,0.0000,55,4,51,0
819,1002835612,azul,verde,art3miz_0.1,verde,1,3,10,30,60,0.5000,0.0000,214,44,120,50
819,1002835612,azul,vermelho,heuristica,verde,0,-3,10,90,120,0.7500,0.0000,253,79,100,74
819,1002835612,azul,azul,reativa,verde,0,-3,10,180,120,1.5000,0.0000,87,12,75,0
820,1448939825,verde,verde,art3miz_0.1,verde,1,3,21,30,30,1.0000,0.1429,424,85,264,75
820,1448939825,verde,vermelho,heuristica,verde,0,-3,21,90,120,0.7500,0.0000,400,95,219,86
820,1448939825,verde,azul,reativa,verde,0,-3,21,150,120,1.2500,0.1000,365,9,356,0
821,379393432,vermelho,verde,art3miz_0.1,vermelho,0,-3,13,60,120,0.5000,0.0000,261,69,132,60
821,379393432,vermelho,vermelho,heuristica,vermelho,1,3,13,90,90,1.0000,0.0000,555,123,332,100
821,379393432,vermelho,azul,reativa,vermelho,0,-3,13,180,120,1.5000,0.0000,98,11,87,0
822,2107298103,azul,verde,art3miz_0.1,verde,1,3,7,30,0,30.0000,0.1667,91,4,87,0
822,2107298103,azul,vermelho,heuristica,verde,0,-3,7,120,120,1.0000,0.0000,316,102,120,94
822,2107298103,azul,azul,reativa,verde,0,-3,7,90,120,0.7500,0.0000,49,4,45,0
823,1528822464,verde,verde,art3miz_0.1,verde,1,3,8,30,30,1.0000,0.2500,128,29,74,25
823,1528822464,verde,vermelho,heuristica,verde,0,-3,8,150,120,1.2500,0.0000,375,116,154,105
823,1528822464,verde,azul,reativa,verde,0,-3,8,90,120,0.7500,0.0000,53,4,49,0
824,1661114236,vermelho,verde,art3miz_0.1,verde,1,3,11,30,30,1.0000,0.0000,260,72,147,41
824,1661114236,vermelho,vermelho,heuristica,verde,0,-3,11,150,120,1.2500,0.1000,381,98,195,88
824,1661114236,vermelho,azul,reativa,verde,0,-3,11,90,120,0.7500,0.0000,75,7,68,0
825,900874270,azul,verde,art3miz_0.1,vermelho,0,-3,10,90,120,0.7500,0.0000,252,81,100,71
825,900874270,azul,vermelho,heuristica,vermelho,1,3,10,30,30,1.0000,0.0000,354,60,220,74
825,900874270,azul,azul,reativa,vermelho,0,-3,10,150,120,1.2500,0.0000,97,9,88,0
826,1705519067,verde,verde,art3miz_0.1,azul,0,-3,11,150,120,1.2500,0.0000,468,124,223,121
826,1705519067,verde,vermelho,heuristica,azul,0,-3,11,90,120,0.7500,0.0000,247,77,98,72
826,1705519067,verde,azul,reativa,azul,1,3,11,30,30,1.0000,0.0000,229,1,228,0
827,1177791765,vermelho,verde,art3miz_0.1,vermelho,0,-3,17,150,120,1.2500,0.1250,600,191,289,120
827,1177791765,vermelho,vermelho,heuristica,vermelho,1,3,17,90,90,1.0000,0.0588,770,216,392,162
827,1177791765,vermelho,azul,reativa,vermelho,0,-3,17,90,120,0.7500,0.0000,321,14,307,0
828,704217637,azul,verde,art3miz_0.1,vermelho,0,-3,20,120,120,1.0000,0.0000,724,148,426,150
828,704217637,azul,vermelho,heuristica,vermelho,1,3,20,30,0,30.0000,0.0526,785,159,476,150
828,704217637,azul,azul,reativa,vermelho,0,-3,20,90,120,0.7500,0.0000,158,6,152,0
829,770907264,verde,verde,art3miz_0.1,azul,0,-3,8,140,110,1.2727,0.3750,343,102,149,92
829,770907264,verde,vermelho,heuristica,azul,0,-3,8,80,110,0.7273,0.2500,231,71,93,67
829,770907264,verde,azul,reativa,azul,1,3,8,30,30,1.0000,0.0000,177,1,176,0
830,867905328,vermelho,verde,art3miz_0.1,empate,0,-1,100,0,0,0.0000,0.0000,2098,50,2048,0
830,867905328,vermelho,vermelho,heuristica,empate,0,-1,100,0,0,0.0000,0.0000,2003,50,1953,0
830,867905328,vermelho,azul,reativa,empate,0,-1,100,0,0,0.0000,0.0000,2397,0,2397,0
831,1547102212,azul,verde,art3miz_0.1,verde,1,3,10,150,90,1.6667,0.1111,465,190,156,119
831,1547102212,azul,vermelho,heuristica,verde,0,-3,10,30,120,0.2500,0.3333,285,75,139,71
831,1547102212,azul,azul,reativa,verde,0,-3,10,150,120,1.2500,0.1111,111,12,99,0
832,1427051027,verde,verde,art3miz_0.1,azul,0,-3,11,150,120,1.2500,0.0000,451,121,235,95
832,1427051027,verde,vermelho,heuristica,azul,0,-3,11,90,120,0.7500,0.0000,247,77,98,72
832,1427051027,verde,azul,reativa,azul,1,3,11,30,30,1.0000,0.0000,235,2,233,0
833,347179498,vermelho,verde,art3miz_0.1,vermelho,0,-3,9,120,120,1.0000,0.0000,298,86,137,75
833,347179498,vermelho,vermelho,heuristica,vermelho,1,3,9,30,0,30.0000,0.2222,253,27,201,25
833,347179498,vermelho,azul,reativa,vermelho,0,-3,9,90,120,0.7500,0.0000,31,5,26,0
834,1886650417,azul,verde,art3miz_0.1,verde,1,3,7,30,30,1.0000,0.1667,159,29,105,25
834,1886650417,azul,vermelho,heuristica,verde,0,-3,7,90,120,0.7500,0.0000,256,81,100,75
834,1886650417,azul,azul,reativa,verde,0,-3,7,150,120,1.2500,0.0000,35,9,26,0
835,15777031,verde,verde,art3miz_0.1,azul,0,-3,12,130,110,1.1818,0.3333,417,130,168,119
835,15777031,verde,vermelho,heuristica,azul,0,-3,12,80,100,0.8000,0.3333,351,104,149,98
835,15777031,verde,azul,reativa,azul,1,3,12,30,30,1.0000,0.0000,196,7,189,0
836,1363852363,vermelho,verde,art3miz_0.1,vermelho,0,-3,18,90,120,0.7500,0.1000,393,93,212,88
836,1363852363,vermelho,vermelho,heuristica,vermelho,1,3,18,30,30,1.0000,0.0000,416,17,384,15
836,1363852363,vermelho,azul,reativa,vermelho,0,-3,18,150,120,1.2500,0.0588,292,9,283,0
837,1258731941,azul,verde,art3miz_0.1,azul,0,-3,16,50,120,0.4167,0.6000,262,83,104,75
837,1258731941,azul,vermelho,heuristica,azul,0,-3,16,150,110,1.3636,0.3333,633,159,326,148
837,1258731941,azul,azul,reativa,azul,1,3,16,60,30,2.0000,0.0625,329,4,325,0
838,1494699440,verde,verde,art3miz_0.1,vermelho,0,-3,7,120,120,1.0000,0.0000,294,86,133,75
838,1494699440,verde,vermelho,heuristica,vermelho,1,3,7,30,0,30.0000,0.0000,314,91,151,72
838,1494699440,verde,azul,reativa,vermelho,0,-3,7,90,120,0.7500,0.0000,31,5,26,0
839,1628579981,vermelho,verde,art3miz_0.1,verde,1,3,8,30,0,30.0000,0.0000,168,31,112,25
839,1628579981,vermelho,vermelho,heuristica,verde,0,-3,8,120,120,1.0000,0.0000,384,107,177,100
839,1628579981,vermelho,azul,reativa,verde,0,-3,8,90,120,0.7500,0.0000,32,6,26,0
840,250397122,azul,verde,art3miz_0.1,vermelho,0,-3,15,90,120,0.7500,0.0000,408,100,208,100
840,250397122,azul,vermelho,heuristica,vermelho,1,3,15,30,30,1.0000,0.0000,352,27,301,24
840,250397122,azul,azul,reativa,vermelho,0,-3,15,150,120,1.2500,0.0000,237,10,227,0
841,881510746,verde,verde,art3miz_0.1,azul,0,-3,18,60,120,0.5000,0.1667,255,51,129,75
841,881510746,verde,vermelho,heuristica,azul,0,-3,18,90,120,0.7500,0.1111,634,100,443,91
841,881510746,verde,azul,reativa,azul,1,3,18,120,30,4.0000,0.0556,355,9,346,0
842,1164238508,vermelho,verde,art3miz_0.1,verde,1,3,8,30,0,30.0000,0.0000,124,25,80,19
842,1164238508,vermelho,vermelho,heuristica,verde,0,-3,8,120,120,1.0000,0.0000,254,67,128,59
842,1164238508,vermelho,azul,reativa,verde,0,-3,8,90,120,0.7500,0.0000,71,5,66,0
843,1457461325,azul,verde,art3miz_0.1,verde,1,3,9,60,30,2.0000,0.0000,220,48,130,42
843,1457461325,azul,vermelho,heuristica,verde,0,-3,9,120,120,1.0000,0.0000,393,142,146,105
843,1457461325,azul,azul,reativa,verde,0,-3,9,90,120,0.7500,0.0000,93,5,88,0
844,1551343355,verde,verde,art3miz_0.1,vermelho,0,-3,13,150,120,1.2500,0.3077,587,163,276,148
844,1551343355,verde,vermelho,heuristica,vermelho,1,3,13,30,30,1.0000,0.0000,353,29,299,25
844,1551343355,verde,azul,reativa,vermelho,0,-3,13,90,120,0.7500,0.0000,56,5,51,0
845,2140318315,vermelho,verde,art3miz_0.1,azul,0,-3,9,60,110,0.5455,0.6667,356,131,127,98
845,2140318315,vermelho,vermelho,heuristica,azul,0,-3,9,150,100,1.5000,0.6667,700,278,224,198
845,2140318315,vermelho,azul,reativa,azul,1,3,9,40,40,1.0000,0.3333,184,8,176,0
846,2014609842,azul,verde,art3miz_0.1,vermelho,0,-3,11,90,120,0.7500,0.2500,234,82,78,74
846,2014609842,azul,vermelho,heuristica,vermelho,1,3,11,30,0,30.0000,0.0000,348,66,210,72
846,2014609842,azul,azul,reativa,vermelho,0,-3,11,120,120,1.0000,0.0000,162,7,155,0
847,582212434,verde,verde,art3miz_0.1,azul,0,-3,9,90,120,0.7500,0.1667,285,82,128,75
847,582212434,verde,vermelho,heuristica,azul,0,-3,9,150,120,1.2500,0.0000,485,132,228,125
847,582212434,verde,azul,reativa,azul,1,3,9,30,30,1.0000,0.1111,191,3,188,0
848,2005396972,vermelho,verde,art3miz_0.1,empate,0,-1,100,0,0,0.0000,0.0000,2214,50,2164,0
848,2005396972,vermelho,vermelho,heuristica,empate,0,-1,100,0,0,0.0000,0.0000,2111,50,2061,0
848,2005396972,vermelho,azul,reativa,empate,0,-1,100,0,0,0.0000,0.0000,2453,0,2453,0
849,396879593,azul,verde,art3miz_0.1,vermelho,0,-3,7,80,100,0.8000,0.6000,274,118,82,74
849,396879593,azul,vermelho,heuristica,vermelho,1,3,7,60,0,60.0000,0.0000,319,107,143,69
849,396879593,azul,azul,reativa,vermelho,0,-3,7,70,110,0.6364,0.8333,82,5,77,0
850,73218816,verde,verde,art3miz_0.1,vermelho,0,-3,12,150,100,1.5000,0.1667,492,132,236,124
850,73218816,verde,vermelho,heuristica,vermelho,1,3,12,10,30,0.3333,0.0833,319,26,269,24
850,73218816,verde,azul,reativa,vermelho,0,-3,12,90,120,0.7500,0.0000,30,4,26,0
851,1734867821,vermelho,verde,art3miz_0.1,azul,0,-3,13,90,120,0.7500,0.0000,234,80,79,75
851,1734867821,vermelho,vermelho,heuristica,azul,0,-3,13,150,120,1.2500,0.0000,558,123,319,116
851,1734867821,vermelho,azul,reativa,azul,1,3,13,30,30,1.0000,0.0000,287,2,285,0
852,532289079,azul,verde,art3miz_0.1,vermelho,0,-3,19,90,120,0.7500,0.0000,388,101,191,96
852,532289079,azul,vermelho,heuristica,vermelho,1,3,19,30,30,1.0000,0.1111,646,88,458,100
852,532289079,azul,azul,reativa,vermelho,0,-3,19,150,120,1.2500,0.0000,307,10,297,0
853,1631779701,verde,verde,art3miz_0.1,verde,1,3,7,30,0,30.0000,0.0000,94,3,91,0
853,1631779701,verde,vermelho,heuristica,verde,0,-3,7,120,120,1.0000,0.0000,375,124,151,100
853,1631779701,verde,azul,reativa,verde,0,-3,7,90,120,0.7500,0.0000,31,5,26,0
854,85258658,vermelho,verde,art3miz_0.1,verde,1,3,6,30,0,30.0000,0.0000,59,3,56,0
854,85258658,vermelho,vermelho,heuristica,verde,0,-3,6,120,120,1.0000,0.0000,356,130,126,100
854,85258658,vermelho,azul,reativa,verde,0,-3,6,90,120,0.7500,0.0000,31,5,26,0
855,942012666,azul,verde,art3miz_0.1,verde,1,3,8,30,30,1.0000,0.0000,103,28,50,25
855,942012666,azul,vermelho,heuristica,verde,0,-3,8,90,120,0.7500,0.2500,257,81,101,75
855,942012666,azul,azul,reativa,verde,0,-3,8,150,120,1.2500,0.0000,60,9,51,0
856,1074658908,verde,verde,art3miz_0.1,azul,0,-3,14,60,120,0.5000,0.5000,409,100,185,124
856,1074658908,verde,vermelho,heuristica,azul,0,-3,14,90,120,0.7500,0.2143,597,125,348,124
856,1074658908,verde,azul,reativa,azul,1,3,14,150,60,2.5000,0.0000,232,11,221,0
857,245171136,vermelho,verde,art3miz_0.1,empate,0,-1,100,0,0,0.0000,0.0000,2111,49,2062,0
857,245171136,vermelho,vermelho,heuristica,empate,0,-1,100,0,0,0.0000,0.0000,2017,51,1966,0
857,245171136,vermelho,azul,reativa,empate,0,-1,100,0,0,0.0000,0.0100,2157,0,2157,0
858,2021010886,azul,verde,art3miz_0.1,vermelho,0,-3,7,120,120,1.0000,0.0000,378,159,124,95
858,2021010886,azul,vermelho,heuristica,vermelho,1,3,7,30,30,1.0000,0.0000,245,46,150,49
858,2021010886,azul,azul,reativa,vermelho,0,-3,7,120,120,1.0000,0.0000,57,9,48,0
859,329362190,verde,verde,art3miz_0.1,vermelho,0,-3,13,90,120,0.7500,0.5000,383,120,160,103
859,329362190,verde,vermelho,heuristica,vermelho,1,3,13,30,30,1.0000,0.2308,468,74,320,74
859,329362190,verde,azul,reativa,vermelho,0,-3,13,150,120,1.2500,0.8333,130,13,117,0
860,820834749,vermelho,verde,art3miz_0.1,verde,1,3,10,30,30,1.0000,0.3333,152,29,98,25
860,820834749,vermelho,vermelho,heuristica,verde,0,-3,10,150,120,1.2500,0.0000,488,135,228,125
860,820834749,vermelho,azul,reativa,verde,0,-3,10,90,120,0.7500,0.0000,30,4,26,0
861,1440881829,azul,verde,art3miz_0.1,verde,1,3,7,60,0,60.0000,0.0000,169,67,61,41
861,1440881829,azul,vermelho,heuristica,verde,0,-3,7,90,120,0.7500,0.0000,306,106,125,75
861,1440881829,azul,azul,reativa,verde,0,-3,7,90,120,0.7500,0.0000,56,5,51,0
862,106408623,verde,verde,art3miz_0.1,vermelho,0,-3,9,120,120,1.0000,0.0000,383,104,179,100
862,106408623,verde,vermelho,heuristica,vermelho,1,3,9,30,0,30.0000,0.0000,276,27,224,25
862,106408623,verde,azul,reativa,vermelho,0,-3,9,90,120,0.7500,0.0000,30,5,25,0
863,1817240856,vermelho,verde,art3miz_0.1,azul,0,-3,8,60,120,0.5000,0.0000,262,104,83,75
863,1817240856,vermelho,vermelho,heuristica,azul,0,-3,8,120,120,1.0000,0.0000,459,132,202,125
863,1817240856,vermelho,azul,reativa,azul,1,3,8,150,90,1.6667,0.0000,91,13,78,0
864,1768830967,azul,verde,art3miz_0.1,empate,0,-1,100,120,90,1.3333,0.0000,843,83,685,75
864,1768830967,azul,vermelho,heuristica,empate,0,-1,100,90,120,0.7500,0.0000,288,115,99,74
864,1768830967,azul,azul,reativa,empate,0,-1,100,0,0,0.0000,0.0200,1700,50,1650,0
865,1437286984,verde,verde,art3miz_0.1,vermelho,0,-3,11,120,120,1.0000,0.1250,345,102,155,88
865,1437286984,verde,vermelho,heuristica,vermelho,1,3,11,60,60,1.0000,0.0000,374,102,216,56
865,1437286984,verde,azul,reativa,vermelho,0,-3,11,120,120,1.0000,0.0000,134,8,126,0
866,525821035,vermelho,verde,art3miz_0.1,vermelho,0,-3,15,60,120,0.5000,0.0000,261,82,104,75
866,525821035,vermelho,vermelho,heuristica,vermelho,1,3,15,60,60,1.0000,0.0000,424,35,357,32
866,525821035,vermelho,azul,reativa,vermelho,0,-3,15,180,120,1.5000,0.0000,211,12,199,0
867,797956592,azul,verde,art3miz_0.1,vermelho,0,-3,10,120,120,1.0000,0.0000,402,140,162,100
867,797956592,azul,vermelho,heuristica,vermelho,1,3,10,60,90,0.6667,0.0000,404,102,227,75
867,797956592,azul,azul,reativa,vermelho,0,-3,10,150,120,1.2500,0.0000,111,10,101,0
868,895959840,verde,verde,art3miz_0.1,empate,0,-1,100,0,0,0.0000,0.0000,2130,50,2080,0
868,895959840,verde,vermelho,heuristica,empate,0,-1,100,0,0,0.0000,0.0000,2500,0,2500,0
868,895959840,verde,azul,reativa,empate,0,-1,100,0,0,0.0000,0.0000,2014,51,1963,0
869,704269707,vermelho,verde,art3miz_0.1,vermelho,0,-3,15,120,120,1.0000,0.0000,448,140,208,100
869,704269707,vermelho,vermelho,heuristica,vermelho,1,3,15,60,60,1.0000,0.1333,592,120,374,98
869,704269707,vermelho,azul,reativa,vermelho,0,-3,15,120,120,1.0000,0.1429,257,13,244,0
870,1136894587,azul,verde,art3miz_0.1,vermelho,0,-3,14,90,120,0.7500,0.0000,232,82,77,73
870,1136894587,azul,vermelho,heuristica,vermelho,1,3,14,30,30,1.0000,0.0000,419,44,327,48
870,1136894587,azul,azul,reativa,vermelho,0,-3,14,150,120,1.2500,0.0000,201,8,193,0
871,94009992,verde,verde,art3miz_0.1,azul,0,-3,11,120,120,1.0000,0.0000,344,95,161,88
871,94009992,verde,vermelho,heuristica,azul,0,-3,11,90,120,0.7500,0.0000,319,95,135,89
871,94009992,verde,azul,reativa,azul,1,3,11,30,0,30.0000,0.0000,261,2,259,0
872,323377721,vermelho,verde,art3miz_0.1,vermelho,0,-3,16,60,120,0.5000,0.0000,258,81,103,74
872,323377721,vermelho,vermelho,heuristica,vermelho,1,3,16,60,60,1.0000,0.0000,555,90,381,84
872,323377721,vermelho,azul,reativa,vermelho,0,-3,16,180,120,1.5000,0.0000,229,13,216,0
873,1854823995,azul,verde,art3miz_0.1,verde,1,3,9,30,0,30.0000,0.0000,151,29,97,25
873,1854823995,azul,vermelho,heuristica,verde,0,-3,9,120,120,1.0000,0.0000,385,108,177,100
873,1854823995,azul,azul,reativa,verde,0,-3,9,90,120,0.7500,0.0000,55,4,51,0
874,1320851921,verde,verde,art3miz_0.1,azul,0,-3,14,80,100,0.8000,0.4444,430,164,169,97
874,1320851921,verde,vermelho,heuristica,azul,0,-3,14,90,110,0.8182,0.7143,784,216,347,221
874,1320851921,verde,azul,reativa,azul,1,3,14,120,80,1.5000,0.5714,215,15,200,0
875,53599161,vermelho,verde,art3miz_0.1,verde,1,3,10,30,30,1.0000,0.0000,174,29,120,25
875,53599161,vermelho,vermelho,heuristica,verde,0,-3,10,150,120,1.2500,0.0000,487,134,228,125
875,53599161,vermelho,azul,reativa,verde,0,-3,10,90,120,0.7500,0.0000,31,5,26,0
876,1714789643,azul,verde,art3miz_0.1,verde,1,3,12,30,0,30.0000,0.0000,160,29,106,25
876,1714789643,azul,vermelho,heuristica,verde,0,-3,12,110,110,1.0000,0.4000,503,132,249,122
876,1714789643,azul,azul,reativa,verde,0,-3,12,80,110,0.7273,0.5000,77,6,71,0
877,2001167285,verde,verde,art3miz_0.1,azul,0,-3,12,150,120,1.2500,0.0000,484,164,195,125
877,2001167285,verde,vermelho,heuristica,azul,0,-3,12,90,120,0.7500,0.0000,559,202,235,122
877,2001167285,verde,azul,reativa,azul,1,3,12,30,30,1.0000,0.0000,280,7,273,0
878,236604881,vermelho,verde,art3miz_0.1,azul,0,-3,12,70,100,0.7000,0.4000,385,144,166,75
878,236604881,vermelho,vermelho,heuristica,azul,0,-3,12,100,110,0.9091,0.3333,684,233,301,150
878,236604881,vermelho,azul,reativa,azul,1,3,12,110,70,1.5714,0.5833,193,15,178,0
879,836176005,azul,verde,art3miz_0.1,verde,1,3,10,30,60,0.5000,0.0000,214,44,120,50
879,836176005,azul,vermelho,heuristica,verde,0,-3,10,90,120,0.7500,0.0000,252,79,99,74
879,836176005,azul,azul,reativa,verde,0,-3,10,180,120,1.5000,0.0000,89,13,76,0
880,1096791990,verde,verde,art3miz_0.1,azul,0,-3,7,120,100,1.2000,0.2857,269,82,112,75
880,1096791990,verde,vermelho,heuristica,azul,0,-3,7,70,120,0.5833,0.2500,255,79,101,75
880,1096791990,verde,azul,reativa,azul,1,3,7,30,0,30.0000,0.0000,156,2,154,0
881,1331799799,vermelho,verde,art3miz_0.1,azul,0,-3,8,90,120,0.7500,0.0000,228,78,77,73
881,1331799799,vermelho,vermelho,heuristica,azul,0,-3,8,150,120,1.2500,0.0000,431,126,186,119
881,1331799799,vermelho,azul,reativa,azul,1,3,8,30,30,1.0000,0.0000,180,4,176,0
882,237640937,azul,verde,art3miz_0.1,verde,1,3,10,30,30,1.0000,0.0000,154,29,100,25
882,237640937,azul,vermelho,heuristica,verde,0,-3,10,90,110,0.8182,0.2500,250,78,99,73
882,237640937,azul,azul,reativa,verde,0,-3,10,140,120,1.1667,0.0000,108,9,99,0
883,1455511300,verde,verde,art3miz_0.1,azul,0,-3,9,150,120,1.2500,0.0000,507,153,204,150
883,1455511300,verde,vermelho,heuristica,azul,0,-3,9,90,120,0.7500,0.0000,330,104,126,100
883,1455511300,verde,azul,reativa,azul,1,3,9,30,30,1.0000,0.0000,197,2,195,0
884,1910967048,vermelho,verde,art3miz_0.1,vermelho,0,-3,9,90,120,0.7500,0.0000,238,84,79,75
884,1910967048,vermelho,vermelho,heuristica,vermelho,1,3,9,30,30,1.0000,0.0000,258,23,214,21
884,1910967048,vermelho,azul,reativa,vermelho,0,-3,9,150,120,1.2500,0.0000,84,9,75,0
885,1277800770,azul,verde,art3miz_0.1,azul,0,-3,14,150,120,1.2500,0.0769,421,111,212,98
885,1277800770,azul,vermelho,heuristica,azul,0,-3,14,90,120,0.7500,0.0000,255,79,101,75
885,1277800770,azul,azul,reativa,azul,1,3,14,30,30,1.0000,0.0714,322,4,318,0
886,695659536,verde,verde,art3miz_0.1,vermelho,0,-3,10,90,100,0.9000,0.2500,320,156,92,72
886,695659536,verde,vermelho,heuristica,vermelho,1,3,10,110,60,1.8333,0.3000,520,150,249,121
886,695659536,verde,azul,reativa,vermelho,0,-3,10,80,120,0.6667,0.0000,156,5,151,0
887,2127157764,vermelho,verde,art3miz_0.1,vermelho,0,-3,11,60,120,0.5000,0.1250,275,94,118,63
887,2127157764,vermelho,vermelho,heuristica,vermelho,1,3,11,90,30,3.0000,0.0000,562,176,266,120
887,2127157764,vermelho,azul,reativa,vermelho,0,-3,11,120,120,1.0000,0.0000,157,9,148,0
888,249328386,azul,verde,art3miz_0.1,verde,1,3,10,30,30,1.0000,0.0000,187,29,133,25
888,249328386,azul,vermelho,heuristica,verde,0,-3,10,150,120,1.2500,0.0000,461,134,202,125
888,249328386,azul,azul,reativa,verde,0,-3,10,90,120,0.7500,0.0000,55,4,51,0
889,832162818,verde,verde,art3miz_0.1,vermelho,0,-3,11,120,120,1.0000,0.0000,401,114,187,100
889,832162818,verde,vermelho,heuristica,vermelho,1,3,11,30,0,30.0000,0.0000,329,27,278,24
889,832162818,verde,azul,reativa,vermelho,0,-3,11,90,120,0.7500,0.0000,55,4,51,0
890,649770543,vermelho,verde,art3miz_0.1,azul,0,-3,7,90,120,0.7500,0.4000,351,149,103,99
890,649770543,vermelho,vermelho,heuristica,azul,0,-3,7,150,120,1.2500,0.4286,478,155,174,149
890,649770543,vermelho,azul,reativa,azul,1,3,7,30,30,1.0000,0.0000,145,5,140,0
891,1075216718,azul,verde,art3miz_0.1,vermelho,0,-3,10,90,120,0.7500,0.0000,262,108,79,75
891,1075216718,azul,vermelho,heuristica,vermelho,1,3,10,30,30,1.0000,0.3333,445,125,220,100
891,1075216718,azul,azul,reativa,vermelho,0,-3,10,150,120,1.2500,0.0000,110,9,101,0
892,1401413882,verde,verde,art3miz_0.1,azul,0,-3,7,120,120,1.0000,0.0000,290,82,133,75
892,1401413882,verde,vermelho,heuristica,azul,0,-3,7,90,120,0.7500,0.0000,256,80,101,75
892,1401413882,verde,azul,reativa,azul,1,3,7,30,0,30.0000,0.0000,156,3,153,0
893,1914617522,vermelho,verde,art3miz_0.1,verde,1,3,11,30,0,30.0000,0.0000,132,30,77,25
893,1914617522,vermelho,vermelho,heuristica,verde,0,-3,11,120,120,1.0000,0.0000,461,109,253,99
893,1914617522,vermelho,azul,reativa,verde,0,-3,11,90,120,0.7500,0.0000,30,4,26,0
894,1396172170,azul,verde,art3miz_0.1,vermelho,0,-3,6,90,120,0.7500,0.2500,262,108,79,75
894,1396172170,azul,vermelho,heuristica,vermelho,1,3,6,30,0,30.0000,0.0000,171,29,119,23
894,1396172170,azul,azul,reativa,vermelho,0,-3,6,120,120,1.0000,0.0000,32,7,25,0
895,147524269,verde,verde,art3miz_0.1,vermelho,0,-3,11,120,120,1.0000,0.0000,559,155,254,150
895,147524269,verde,vermelho,heuristica,vermelho,1,3,11,30,0,30.0000,0.0000,326,27,274,25
895,147524269,verde,azul,reativa,vermelho,0,-3,11,90,120,0.7500,0.0000,30,4,26,0
896,88215447,vermelho,verde,art3miz_0.1,vermelho,0,-3,13,30,120,0.2500,0.1111,382,103,204,75
896,88215447,vermelho,vermelho,heuristica,vermelho,1,3,13,120,60,2.0000,0.0000,687,219,320,148
896,88215447,vermelho,azul,reativa,vermelho,0,-3,13,150,120,1.2500,0.0000,189,13,176,0
897,1935253783,azul,verde,art3miz_0.1,azul,0,-3,8,90,120,0.7500,0.0000,310,131,104,75
897,1935253783,azul,vermelho,heuristica,azul,0,-3,8,150,120,1.2500,0.0000,573,225,174,174
897,1935253783,azul,azul,reativa,azul,1,3,8,30,30,1.0000,0.0000,183,6,177,0
898,1096714693,verde,verde,art3miz_0.1,verde,1,3,7,60,0,60.0000,0.0000,224,84,90,50
898,1096714693,verde,vermelho,heuristica,verde,0,-3,7,90,120,0.7500,0.0000,354,103,151,100
898,1096714693,verde,azul,reativa,verde,0,-3,7,90,120,0.7500,0.0000,57,5,52,0
899,1895563606,vermelho,verde,art3miz_0.1,azul,0,-3,13,90,120,0.7500,0.0000,234,80,79,75
899,1895563606,vermelho,vermelho,heuristica,azul,0,-3,13,150,120,1.2500,0.0000,556,123,317,116
899,1895563606,vermelho,azul,reativa,azul,1,3,13,30,30,1.0000,0.0000,299,2,297,0
900,767593850,azul,verde,art3miz_0.1,empate,0,-1,100,0,0,0.0000,0.0000,1701,47,1654,0
900,767593850,azul,vermelho,heuristica,empate,0,-1,100,60,120,0.5000,0.0000,357,88,178,91
900,767593850,azul,azul,reativa,empate,0,-1,100,120,60,2.0000,0.0000,2037,10,2027,0
901,1987371659,verde,verde,art3miz_0.1,vermelho,0,-3,11,150,120,1.2500,0.1818,562,159,253,150
901,1987371659,verde,vermelho,heuristica,vermelho,1,3,11,30,30,1.0000,0.0909,334,26,283,25
901,1987371659,verde,azul,reativa,vermelho,0,-3,11,90,120,0.7500,0.0000,55,4,51,0
902,27872805,vermelho,verde,art3miz_0.1,verde,1,3,12,30,0,30.0000,0.0909,311,81,181,49
902,27872805,vermelho,vermelho,heuristica,verde,0,-3,12,120,120,1.0000,0.0000,496,125,255,116
902,27872805,vermelho,azul,reativa,verde,0,-3,12,90,120,0.7500,0.0000,125,7,118,0
903,1123407133,azul,verde,art3miz_0.1,vermelho,0,-3,20,90,120,0.7500,0.0000,225,72,89,64
903,1123407133,azul,vermelho,heuristica,vermelho,1,3,20,30,60,0.5000,0.2105,490,52,390,48
903,1123407133,azul,azul,reativa,vermelho,0,-3,20,180,120,1.5000,0.0526,304,11,293,0
904,1876146646,verde,verde,art3miz_0.1,vermelho,0,-3,8,120,120,1.0000,0.0000,279,82,128,69
904,1876146646,verde,vermelho,heuristica,vermelho,1,3,8,30,0,30.0000,0.0000,312,67,179,66
904,1876146646,verde,azul,reativa,vermelho,0,-3,8,90,120,0.7500,0.0000,32,6,26,0
905,1941871429,vermelho,verde,art3miz_0.1,vermelho,0,-3,17,90,120,0.7500,0.0000,408,100,208,100
905,1941871429,vermelho,vermelho,heuristica,vermelho,1,3,17,30,0,30.0000,0.0000,453,18,419,16
905,1941871429,vermelho,azul,reativa,vermelho,0,-3,17,120,120,1.0000,0.0000,303,7,296,0
906,562041356,azul,verde,art3miz_0.1,verde,1,3,8,20,0,20.0000,0.1429,157,64,57,36
906,562041356,azul,vermelho,heuristica,verde,0,-3,8,90,100,0.9000,0.8333,347,104,147,96
906,562041356,azul,azul,reativa,verde,0,-3,8,90,100,0.9000,0.1667,75,6,69,0
907,1137382925,verde,verde,art3miz_0.1,vermelho,0,-3,9,120,110,1.0909,0.4444,365,110,158,97
907,1137382925,verde,vermelho,heuristica,vermelho,1,3,9,20,0,20.0000,0.1111,307,47,213,47
907,1137382925,verde,azul,reativa,vermelho,0,-3,9,90,120,0.7500,0.0000,53,4,49,0
908,44253473,vermelho,verde,art3miz_0.1,azul,0,-3,11,60,120,0.5000,0.0000,258,86,123,49
908,44253473,vermelho,vermelho,heuristica,azul,0,-3,11,120,120,1.0000,0.0000,650,226,275,149
908,44253473,vermelho,azul,reativa,azul,1,3,11,150,90,1.6667,0.0000,167,16,151,0
909,1560650065,azul,verde,art3miz_0.1,vermelho,0,-3,14,90,120,0.7500,0.0000,386,97,197,92
909,1560650065,azul,vermelho,heuristica,vermelho,1,3,14,30,30,1.0000,0.0769,395,52,302,41
909,1560650065,azul,azul,reativa,vermelho,0,-3,14,150,120,1.2500,0.0000,202,9,193,0
910,412950855,verde,verde,art3miz_0.1,azul,0,-3,10,60,120,0.5000,0.0000,235,77,99,59
910,412950855,verde,vermelho,heuristica,azul,0,-3,10,120,120,1.0000,0.0000,429,124,206,99
910,412950855,verde,azul,reativa,azul,1,3,10,90,30,3.0000,0.1000,177,11,166,0
911,607510251,vermelho,verde,art3miz_0.1,vermelho,0,-3,20,90,120,0.7500,0.0000,413,105,208,100
911,607510251,vermelho,vermelho,heuristica,vermelho,1,3,20,30,30,1.0000,0.0000,556,27,504,25
911,607510251,vermelho,azul,reativa,vermelho,0,-3,20,150,120,1.2500,0.0000,358,10,348,0
912,1238126236,azul,verde,art3miz_0.1,vermelho,0,-3,15,90,120,0.7500,0.0000,404,104,203,97
912,1238126236,azul,vermelho,heuristica,vermelho,1,3,15,30,0,30.0000,0.0000,416,43,337,36
912,1238126236,azul,azul,reativa,vermelho,0,-3,15,120,120,1.0000,0.0000,241,9,232,0
913,1121641946,verde,verde,art3miz_0.1,azul,0,-3,9,90,120,0.7500,0.0000,262,79,108,75
913,1121641946,verde,vermelho,heuristica,azul,0,-3,9,120,120,1.0000,0.0000,471,121,226,124
913,1121641946,verde,azul,reativa,azul,1,3,9,30,0,30.0000,0.0000,209,2,207,0
914,420667202,vermelho,verde,art3miz_0.1,vermelho,0,-3,9,90,120,0.7500,0.1667,277,100,105,72
914,420667202,vermelho,vermelho,heuristica,vermelho,1,3,9,30,0,30.0000,0.0000,443,118,225,100
914,420667202,vermelho,azul,reativa,vermelho,0,-3,9,120,120,1.0000,0.0000,99,9,90,0
915,1568625357,azul,verde,art3miz_0.1,vermelho,0,-3,7,120,120,1.0000,0.0000,365,136,129,100
915,1568625357,azul,vermelho,heuristica,vermelho,1,3,7,90,60,1.5000,0.0000,382,130,152,100
915,1568625357,azul,azul,reativa,vermelho,0,-3,7,90,120,0.7500,0.0000,31,5,26,0
916,988698174,verde,verde,art3miz_0.1,azul,0,-3,10,90,110,0.8182,0.1667,200,78,67,55
916,988698174,verde,vermelho,heuristica,azul,0,-3,10,110,120,0.9167,0.3000,400,102,222,76
916,988698174,verde,azul,reativa,azul,1,3,10,30,0,30.0000,0.0000,232,2,230,0
917,1920469873,vermelho,verde,art3miz_0.1,vermelho,0,-3,16,90,120,0.7500,0.0769,517,179,232,106
917,1920469873,vermelho,vermelho,heuristica,vermelho,1,3,16,90,90,1.0000,0.0000,478,79,333,66
917,1920469873,vermelho,azul,reativa,vermelho,0,-3,16,150,120,1.2500,0.0000,234,18,216,0
918,427165887,azul,verde,art3miz_0.1,vermelho,0,-3,15,60,120,0.5000,0.3636,446,116,231,99
918,427165887,azul,vermelho,heuristica,vermelho,1,3,15,60,30,2.0000,0.0000,537,96,343,98
918,427165887,azul,azul,reativa,vermelho,0,-3,15,150,120,1.2500,0.0714,238,12,226,0
919,1734036530,verde,verde,art3miz_0.1,azul,0,-3,8,150,120,1.2500,0.0000,439,135,179,125
919,1734036530,verde,vermelho,heuristica,azul,0,-3,8,90,120,0.7500,0.0000,330,104,126,100
919,1734036530,verde,azul,reativa,azul,1,3,8,30,30,1.0000,0.0000,176,6,170,0
920,1207230511,vermelho,verde,art3miz_0.1,azul,0,-3,7,60,120,0.5000,0.0000,155,53,53,49
920,1207230511,vermelho,vermelho,heuristica,azul,0,-3,7,120,120,1.0000,0.0000,414,139,160,115
920,1207230511,vermelho,azul,reativa,azul,1,3,7,90,30,3.0000,0.0000,101,10,91,0
921,107751489,azul,verde,art3miz_0.1,vermelho,0,-3,14,90,120,0.7500,0.0000,476,123,228,125
921,107751489,azul,vermelho,heuristica,vermelho,1,3,14,30,30,1.0000,0.0000,318,27,266,25
921,107751489,azul,azul,reativa,vermelho,0,-3,14,150,120,1.2500,0.0000,213,11,202,0
922,66732485,verde,verde,art3miz_0.1,vermelho,0,-3,8,120,110,1.0909,0.2500,298,86,137,75
922,66732485,verde,vermelho,heuristica,vermelho,1,3,8,30,0,30.0000,0.0000,244,27,192,25
922,66732485,verde,azul,reativa,vermelho,0,-3,8,80,120,0.6667,0.0000,31,5,26,0
923,18312935,vermelho,verde,art3miz_0.1,verde,1,3,18,30,60,0.5000,0.0588,383,55,278,50
923,18312935,vermelho,vermelho,heuristica,verde,0,-3,18,90,120,0.7500,0.0000,301,82,144,75
923,18312935,vermelho,azul,reativa,verde,0,-3,18,180,120,1.5000,0.0000,259,11,248,0
924,1367906468,azul,verde,art3miz_0.1,vermelho,0,-3,9,90,120,0.7500,0.0000,237,83,79,75
924,1367906468,azul,vermelho,heuristica,vermelho,1,3,9,30,0,30.0000,0.0000,285,45,195,45
924,1367906468,azul,azul,reativa,vermelho,0,-3,9,120,120,1.0000,0.0000,110,7,103,0
925,1533422519,verde,verde,art3miz_0.1,azul,0,-3,16,90,120,0.7500,0.0000,252,110,77,65
925,1533422519,verde,vermelho,heuristica,azul,0,-3,16,120,120,1.0000,0.0000,606,130,389,87
925,1533422519,verde,azul,reativa,azul,1,3,16,30,0,30.0000,0.0000,353,5,348,0
926,372069853,vermelho,verde,art3miz_0.1,azul,0,-3,7,90,120,0.7500,0.0000,234,80,79,75
926,372069853,vermelho,vermelho,heuristica,azul,0,-3,7,150,120,1.2500,0.1429,484,158,176,150
926,372069853,vermelho,azul,reativa,azul,1,3,7,30,30,1.0000,0.1429,154,3,151,0
927,778134302,azul,verde,art3miz_0.1,azul,0,-3,16,150,120,1.2500,0.0000,479,126,238,115
927,778134302,azul,vermelho,heuristica,azul,0,-3,16,90,120,0.7500,0.0000,386,100,191,95
927,778134302,azul,azul,reativa,azul,1,3,16,30,30,1.0000,0.0000,377,2,375,0
928,1831905812,verde,verde,art3miz_0.1,azul,0,-3,11,120,120,1.0000,0.0000,306,82,149,75
928,1831905812,verde,vermelho,heuristica,azul,0,-3,11,90,120,0.7500,0.0000,255,79,101,75
928,1831905812,verde,azul,reativa,azul,1,3,11,30,0,30.0000,0.1818,233,2,231,0
929,991318533,vermelho,verde,art3miz_0.1,vermelho,0,-3,10,90,120,0.7500,0.0000,238,84,79,75
929,991318533,vermelho,vermelho,heuristica,vermelho,1,3,10,30,60,0.5000,0.0000,411,84,252,75
929,991318533,vermelho,azul,reativa,vermelho,0,-3,10,180,120,1.5000,0.0000,88,12,76,0
930,1706283989,azul,verde,art3miz_0.1,vermelho,0,-3,16,90,120,0.7500,0.1429,334,100,144,90
930,1706283989,azul,vermelho,heuristica,vermelho,1,3,16,70,50,1.4000,0.4667,795,242,358,195
930,1706283989,azul,azul,reativa,vermelho,0,-3,16,110,100,1.1000,0.2000,285,9,276,0
931,1594119628,verde,verde,art3miz_0.1,vermelho,0,-3,10,90,120,0.7500,0.0000,336,166,95,75
931,1594119628,verde,vermelho,heuristica,vermelho,1,3,10,90,60,1.5000,0.0000,437,100,242,95
931,1594119628,verde,azul,reativa,vermelho,0,-3,10,120,120,1.0000,0.0000,128,8,120,0
932,1114523884,vermelho,verde,art3miz_0.1,verde,1,3,10,30,0,30.0000,0.1111,108,29,56,23
932,1114523884,vermelho,vermelho,heuristica,verde,0,-3,10,120,120,1.0000,0.2222,367,92,194,81
932,1114523884,vermelho,azul,reativa,verde,0,-3,10,90,120,0.7500,0.0000,54,5,49,0
933,422079920,azul,verde,art3miz_0.1,vermelho,0,-3,26,90,120,0.7500,0.0000,412,105,207,100
933,422079920,azul,vermelho,heuristica,vermelho,1,3,26,30,30,1.0000,0.1200,639,14,613,12
933,422079920,azul,azul,reativa,vermelho,0,-3,26,150,120,1.2500,0.0000,517,9,508,0
934,1042459231,verde,verde,art3miz_0.1,vermelho,0,-3,18,150,120,1.2500,0.0000,697,159,389,149
934,1042459231,verde,vermelho,heuristica,vermelho,1,3,18,30,30,1.0000,0.0000,553,66,424,63
934,1042459231,verde,azul,reativa,vermelho,0,-3,18,90,120,0.7500,0.0000,32,6,26,0
935,712723097,vermelho,verde,art3miz_0.1,azul,0,-3,10,90,120,0.7500,0.0000,262,79,110,73
935,712723097,vermelho,vermelho,heuristica,azul,0,-3,10,120,120,1.0000,0.1000,472,123,232,117
935,712723097,vermelho,azul,reativa,azul,1,3,10,30,0,30.0000,0.0000,210,2,208,0
936,1168590347,azul,verde,art3miz_0.1,vermelho,0,-3,19,60,120,0.5000,0.0000,159,55,54,50
936,1168590347,azul,vermelho,heuristica,vermelho,1,3,19,90,60,1.5000,0.0556,693,130,440,123
936,1168590347,azul,azul,reativa,vermelho,0,-3,19,150,120,1.2500,0.0000,339,10,329,0
937,1071684288,verde,verde,art3miz_0.1,azul,0,-3,10,120,120,1.0000,0.0000,383,104,183,96
937,1071684288,verde,vermelho,heuristica,azul,0,-3,10,90,120,0.7500,0.0000,344,102,145,97
937,1071684288,verde,azul,reativa,azul,1,3,10,30,0,30.0000,0.2000,224,2,222,0
938,538693465,vermelho,verde,art3miz_0.1,azul,0,-3,10,150,120,1.2500,0.0000,368,106,162,100
938,538693465,vermelho,vermelho,heuristica,azul,0,-3,10,90,120,0.7500,0.0000,352,101,151,100
938,538693465,vermelho,azul,reativa,azul,1,3,10,30,30,1.0000,0.0000,234,2,232,0
939,1540251139,azul,verde,art3miz_0.1,vermelho,0,-3,11,90,120,0.7500,0.0000,242,84,83,75
939,1540251139,azul,vermelho,heuristica,vermelho,1,3,11,30,0,30.0000,0.0000,353,49,254,50
939,1540251139,azul,azul,reativa,vermelho,0,-3,11,120,120,1.0000,0.0000,160,6,154,0
940,1431387882,verde,verde,art3miz_0.1,vermelho,0,-3,9,90,120,0.7500,0.0000,231,79,82,70
940,1431387882,verde,vermelho,heuristica,vermelho,1,3,9,10,0,10.0000,0.0000,309,52,212,45
940,1431387882,verde,azul,reativa,vermelho,0,-3,9,120,100,1.2000,0.1250,106,7,99,0
941,1385593444,vermelho,verde,art3miz_0.1,vermelho,0,-3,9,90,120,0.7500,0.0000,237,83,79,75
941,1385593444,vermelho,vermelho,heuristica,vermelho,1,3,9,30,0,30.0000,0.0000,277,27,225,25
941,1385593444,vermelho,azul,reativa,vermelho,0,-3,9,120,120,1.0000,0.0000,110,9,101,0
942,602949509,azul,verde,art3miz_0.1,vermelho,0,-3,10,60,120,0.5000,0.0000,244,76,97,71
942,602949509,azul,vermelho,heuristica,vermelho,1,3,10,60,30,2.0000,0.0000,455,130,226,99
942,602949509,azul,azul,reativa,vermelho,0,-3,10,150,120,1.2500,0.0000,95,8,87,0
943,129881148,verde,verde,art3miz_0.1,azul,0,-3,9,120,120,1.0000,0.1111,296,80,141,75
943,129881148,verde,vermelho,heuristica,azul,0,-3,9,90,120,0.7500,0.2000,321,96,125,100
943,129881148,verde,azul,reativa,azul,1,3,9,30,0,30.0000,0.0000,204,2,202,0
944,988129515,vermelho,verde,art3miz_0.1,verde,1,3,10,30,30,1.0000,0.0000,200,30,146,24
944,988129515,vermelho,vermelho,heuristica,verde,0,-3,10,90,120,0.7500,0.0000,301,83,133,85
944,988129515,vermelho,azul,reativa,verde,0,-3,10,150,120,1.2500,0.0000,97,9,88,0
945,240535048,azul,verde,art3miz_0.1,vermelho,0,-3,11,100,120,0.8333,0.5000,420,147,166,107
945,240535048,azul,vermelho,heuristica,vermelho,1,3,11,90,90,1.0000,0.3000,454,117,228,109
945,240535048,azul,azul,reativa,vermelho,0,-3,11,120,100,1.2000,0.1111,121,14,107,0
946,1570706326,verde,verde,art3miz_0.1,empate,0,-1,100,0,0,0.0000,0.0000,1778,51,1727,0
946,1570706326,verde,vermelho,heuristica,empate,0,-1,100,0,0,0.0000,0.0000,1855,50,1805,0
946,1570706326,verde,azul,reativa,empate,0,-1,100,0,0,0.0000,0.0000,2600,0,2600,0
947,507421364,vermelho,verde,art3miz_0.1,verde,1,3,14,60,90,0.6667,0.0769,330,75,186,69
947,507421364,vermelho,vermelho,heuristica,verde,0,-3,14,60,120,0.5000,0.2000,467,114,253,100
947,507421364,vermelho,azul,reativa,verde,0,-3,14,210,120,1.7500,0.0000,160,14,146,0
948,1685667609,azul,verde,art3miz_0.1,vermelho,0,-3,11,120,120,1.0000,0.1000,459,130,229,100
948,1685667609,azul,vermelho,heuristica,vermelho,1,3,11,30,30,1.0000,0.1000,380,77,230,73
948,1685667609,azul,azul,reativa,vermelho,0,-3,11,120,120,1.0000,0.0000,111,8,103,0
949,705769209,verde,verde,art3miz_0.1,azul,0,-3,11,150,120,1.2500,0.0000,375,109,168,98
949,705769209,verde,vermelho,heuristica,azul,0,-3,11,90,120,0.7500,0.0000,255,79,101,75
949,705769209,verde,azul,reativa,azul,1,3,11,30,30,1.0000,0.0000,246,2,244,0
950,504911631,vermelho,verde,art3miz_0.1,azul,0,-3,11,120,120,1.0000,0.0000,299,80,144,75
950,504911631,vermelho,vermelho,heuristica,azul,0,-3,11,90,120,0.7500,0.0000,351,101,150,100
950,504911631,vermelho,azul,reativa,azul,1,3,11,30,0,30.0000,0.0000,253,2,251,0
951,797430198,azul,verde,art3miz_0.1,vermelho,0,-3,10,120,120,1.0000,0.0000,391,185,111,95
951,797430198,azul,vermelho,heuristica,vermelho,1,3,10,60,30,2.0000,0.0000,366,70,222,74
951,797430198,azul,azul,reativa,vermelho,0,-3,10,90,120,0.7500,0.0000,152,6,146,0
952,1256198830,verde,verde,art3miz_0.1,azul,0,-3,8,120,120,1.0000,0.1250,344,102,172,70
952,1256198830,verde,vermelho,heuristica,azul,0,-3,8,90,120,0.7500,0.0000,234,72,94,68
952,1256198830,verde,azul,reativa,azul,1,3,8,30,0,30.0000,0.0000,149,5,144,0
953,1625466238,vermelho,verde,art3miz_0.1,verde,1,3,8,30,30,1.0000,0.1429,118,27,68,23
953,1625466238,vermelho,vermelho,heuristica,verde,0,-3,8,150,120,1.2500,0.0000,436,135,176,125
953,1625466238,vermelho,azul,reativa,verde,0,-3,8,90,120,0.7500,0.0000,31,5,26,0
954,270764059,azul,verde,art3miz_0.1,vermelho,0,-3,17,60,120,0.5000,0.0000,195,60,82,53
954,270764059,azul,vermelho,heuristica,vermelho,1,3,17,60,60,1.0000,0.1875,422,35,355,32
954,270764059,azul,azul,reativa,vermelho,0,-3,17,180,120,1.5000,0.0000,235,12,223,0
955,466416347,verde,verde,art3miz_0.1,vermelho,0,-3,7,60,120,0.5000,0.0000,180,60,71,49
955,466416347,verde,vermelho,heuristica,vermelho,1,3,7,120,30,4.0000,0.0000,394,140,147,107
955,466416347,verde,azul,reativa,vermelho,0,-3,7,90,120,0.7500,0.0000,87,11,76,0
956,164930889,vermelho,verde,art3miz_0.1,azul,0,-3,16,90,120,0.7500,0.0000,241,75,97,69
956,164930889,vermelho,vermelho,heuristica,azul,0,-3,16,150,120,1.2500,0.0000,671,159,362,150
956,164930889,vermelho,azul,reativa,azul,1,3,16,30,30,1.0000,0.0625,356,2,354,0
957,657063490,azul,verde,art3miz_0.1,azul,0,-3,9,150,120,1.2500,0.0000,365,109,157,99
957,657063490,azul,vermelho,heuristica,azul,0,-3,9,90,120,0.7500,0.0000,255,79,101,75
957,657063490,azul,azul,reativa,azul,1,3,9,30,30,1.0000,0.0000,210,2,208,0
958,925743247,verde,verde,art3miz_0.1,azul,0,-3,12,140,100,1.4000,0.3333,611,234,238,139
958,925743247,verde,vermelho,heuristica,azul,0,-3,12,130,120,1.0833,0.3636,571,174,256,141
958,925743247,verde,azul,reativa,azul,1,3,12,30,80,0.3750,0.3333,235,6,229,0
959,1712549161,vermelho,verde,art3miz_0.1,verde,1,3,8,30,0,30.0000,0.0000,190,33,132,25
959,1712549161,vermelho,vermelho,heuristica,verde,0,-3,8,120,120,1.0000,0.0000,401,125,176,100
959,1712549161,vermelho,azul,reativa,verde,0,-3,8,90,120,0.7500,0.0000,31,6,25,0
960,1225043013,azul,verde,art3miz_0.1,vermelho,0,-3,17,90,120,0.7500,0.0000,410,104,207,99
960,1225043013,azul,vermelho,heuristica,vermelho,1,3,17,30,0,30.0000,0.0000,424,23,382,19
960,1225043013,azul,azul,reativa,vermelho,0,-3,17,120,120,1.0000,0.0000,298,9,289,0
961,941576731,verde,verde,art3miz_0.1,vermelho,0,-3,13,90,120,0.7500,0.0000,420,142,170,108
961,941576731,verde,vermelho,heuristica,vermelho,1,3,13,90,90,1.0000,0.0769,581,142,303,136
961,941576731,verde,azul,reativa,vermelho,0,-3,13,150,120,1.2500,0.0000,177,11,166,0
962,1506476993,vermelho,verde,art3miz_0.1,verde,1,3,6,60,0,60.0000,0.0000,215,85,80,50
962,1506476993,vermelho,vermelho,heuristica,verde,0,-3,6,90,120,0.7500,0.0000,333,107,126,100
962,1506476993,vermelho,azul,reativa,verde,0,-3,6,90,120,0.7500,0.0000,31,5,26,0
963,1059674389,azul,verde,art3miz_0.1,verde,1,3,8,90,30,3.0000,0.0000,294,111,109,74
963,1059674389,azul,vermelho,heuristica,verde,0,-3,8,60,120,0.5000,0.0000,293,120,99,74
963,1059674389,azul,azul,reativa,verde,0,-3,8,120,120,1.0000,0.0000,83,7,76,0
964,629443526,verde,verde,art3miz_0.1,azul,0,-3,14,150,120,1.2500,0.1429,485,135,228,122
964,629443526,verde,vermelho,heuristica,azul,0,-3,14,90,120,0.7500,0.0000,248,77,98,73
964,629443526,verde,azul,reativa,azul,1,3,14,30,30,1.0000,0.2143,308,4,304,0
965,1269805790,vermelho,verde,art3miz_0.1,verde,1,3,7,50,0,50.0000,0.1667,198,82,66,50
965,1269805790,vermelho,vermelho,heuristica,verde,0,-3,7,80,100,0.8000,0.6667,380,129,151,100
965,1269805790,vermelho,azul,reativa,verde,0,-3,7,80,110,0.7273,1.0000,55,5,50,0
966,1317036416,azul,verde,art3miz_0.1,azul,0,-3,8,90,120,0.7500,0.0000,275,77,125,73
966,1317036416,azul,vermelho,heuristica,azul,0,-3,8,150,120,1.2500,0.0000,541,219,174,148
966,1317036416,azul,azul,reativa,azul,1,3,8,30,30,1.0000,0.0000,173,8,165,0
967,558950948,verde,verde,art3miz_0.1,azul,0,-3,10,150,120,1.2500,0.2000,533,210,203,120
967,558950948,verde,vermelho,heuristica,azul,0,-3,10,60,120,0.5000,0.0000,450,138,169,143
967,558950948,verde,azul,reativa,azul,1,3,10,90,60,1.5000,0.0000,180,10,170,0
968,136670000,vermelho,verde,art3miz_0.1,azul,0,-3,10,90,110,0.8182,0.2500,234,80,79,75
968,136670000,vermelho,vermelho,heuristica,azul,0,-3,10,110,120,0.9167,0.2000,505,135,246,124
968,136670000,vermelho,azul,reativa,azul,1,3,10,30,0,30.0000,0.0000,234,2,232,0
969,127806416,azul,verde,art3miz_0.1,vermelho,0,-3,11,60,120,0.5000,0.2000,256,81,101,74
969,127806416,azul,vermelho,heuristica,vermelho,1,3,11,40,10,4.0000,0.2000,335,51,239,45
969,127806416,azul,azul,reativa,vermelho,0,-3,11,130,100,1.3000,0.5000,135,8,127,0
970,1770472552,verde,verde,art3miz_0.1,azul,0,-3,9,120,120,1.0000,0.0000,296,80,141,75
970,1770472552,verde,vermelho,heuristica,azul,0,-3,9,90,120,0.7500,0.0000,255,79,101,75
970,1770472552,verde,azul,reativa,azul,1,3,9,30,0,30.0000,0.0000,210,2,208,0
971,1221341580,vermelho,verde,art3miz_0.1,verde,1,3,10,60,30,2.0000,0.0000,257,86,121,50
971,1221341580,vermelho,vermelho,heuristica,verde,0,-3,10,90,120,0.7500,0.0000,474,149,200,125
971,1221341580,vermelho,azul,reativa,verde,0,-3,10,120,120,1.0000,0.0000,136,8,128,0
972,510847089,azul,verde,art3miz_0.1,vermelho,0,-3,16,60,120,0.5000,0.1667,290,90,114,86
972,510847089,azul,vermelho,heuristica,vermelho,1,3,16,60,60,1.0000,0.1333,401,36,333,32
972,510847089,azul,azul,reativa,vermelho,0,-3,16,180,120,1.5000,0.0000,224,12,212,0
973,1692598265,verde,verde,art3miz_0.1,azul,0,-3,12,90,120,0.7500,0.0000,269,109,86,74
973,1692598265,verde,vermelho,heuristica,azul,0,-3,12,150,120,1.2500,0.0833,622,192,273,157
973,1692598265,verde,azul,reativa,azul,1,3,12,30,30,1.0000,0.0833,266,7,259,0
974,248016053,vermelho,verde,art3miz_0.1,vermelho,0,-3,9,90,120,0.7500,0.0000,237,83,79,75
974,248016053,vermelho,vermelho,heuristica,vermelho,1,3,9,30,30,1.0000,0.0000,319,44,225,50
974,248016053,vermelho,azul,reativa,vermelho,0,-3,9,150,120,1.2500,0.0000,87,11,76,0
975,1909045985,azul,verde,art3miz_0.1,azul,0,-3,8,110,120,0.9167,0.2857,287,82,130,75
975,1909045985,azul,vermelho,heuristica,azul,0,-3,8,90,110,0.8182,0.2500,254,79,100,75
975,1909045985,azul,azul,reativa,azul,1,3,8,30,0,30.0000,0.0000,158,3,155,0
976,887965518,verde,verde,art3miz_0.1,vermelho,0,-3,19,90,120,0.7500,0.0000,398,98,202,98
976,887965518,verde,vermelho,heuristica,vermelho,1,3,19,30,0,30.0000,0.0000,514,18,480,16
976,887965518,verde,azul,reativa,vermelho,0,-3,19,120,120,1.0000,0.0000,354,7,347,0
977,1357408905,vermelho,verde,art3miz_0.1,verde,1,3,7,60,30,2.0000,0.0000,145,33,87,25
977,1357408905,vermelho,vermelho,heuristica,verde,0,-3,7,120,120,1.0000,0.3333,391,125,146,120
977,1357408905,vermelho,azul,reativa,verde,0,-3,7,90,120,0.7500,0.0000,55,5,50,0
978,1611699638,azul,verde,art3miz_0.1,vermelho,0,-3,6,90,120,0.7500,0.0000,239,85,79,75
978,1611699638,azul,vermelho,heuristica,vermelho,1,3,6,30,0,30.0000,0.0000,231,71,115,45
978,1611699638,azul,azul,reativa,vermelho,0,-3,6,120,120,1.0000,0.0000,32,7,25,0
979,1463146029,verde,verde,art3miz_0.1,azul,0,-3,8,150,120,1.2500,0.0000,469,196,163,110
979,1463146029,verde,vermelho,heuristica,azul,0,-3,8,90,120,0.7500,0.0000,252,78,100,74
979,1463146029,verde,azul,reativa,azul,1,3,8,30,30,1.0000,0.0000,177,3,174,0
980,1079783323,vermelho,verde,art3miz_0.1,vermelho,0,-3,11,90,120,0.7500,0.2500,306,74,168,64
980,1079783323,vermelho,vermelho,heuristica,vermelho,1,3,11,120,60,2.0000,0.2727,568,170,254,144
980,1079783323,vermelho,azul,reativa,vermelho,0,-3,11,90,120,0.7500,0.0000,167,7,160,0
981,645188196,azul,verde,art3miz_0.1,vermelho,0,-3,20,90,120,0.7500,0.0000,401,101,204,96
981,645188196,azul,vermelho,heuristica,vermelho,1,3,20,30,0,30.0000,0.1579,519,29,458,32
981,645188196,azul,azul,reativa,vermelho,0,-3,20,120,120,1.0000,0.0000,363,7,356,0
982,1071560322,verde,verde,art3miz_0.1,azul,0,-3,8,150,120,1.2500,0.0000,368,110,158,100
982,1071560322,verde,vermelho,heuristica,azul,0,-3,8,90,120,0.7500,0.0000,255,79,101,75
982,1071560322,verde,azul,reativa,azul,1,3,8,30,30,1.0000,0.0000,174,2,172,0
983,997181620,vermelho,verde,art3miz_0.1,azul,0,-3,9,150,120,1.2500,0.0000,471,188,158,125
983,997181620,vermelho,vermelho,heuristica,azul,0,-3,9,90,120,0.7500,0.0000,402,151,151,100
983,997181620,vermelho,azul,reativa,azul,1,3,9,30,30,1.0000,0.1111,199,5,194,0
984,1255515162,azul,verde,art3miz_0.1,azul,0,-3,14,70,120,0.5833,0.4000,312,133,104,75
984,1255515162,azul,vermelho,heuristica,azul,0,-3,14,150,110,1.3636,0.3077,665,188,327,150
984,1255515162,azul,azul,reativa,azul,1,3,14,40,30,1.3333,0.2857,312,9,303,0
985,836382915,verde,verde,art3miz_0.1,verde,1,3,10,30,0,30.0000,0.2000,135,26,88,21
985,836382915,verde,vermelho,heuristica,verde,0,-3,10,120,120,1.0000,0.0000,433,107,227,99
985,836382915,verde,azul,reativa,verde,0,-3,10,90,120,0.7500,0.0000,29,4,25,0
986,347126365,vermelho,verde,art3miz_0.1,azul,0,-3,14,140,110,1.2727,0.6154,495,149,207,139
986,347126365,vermelho,vermelho,heuristica,azul,0,-3,14,90,120,0.7500,0.5556,457,132,196,129
986,347126365,vermelho,azul,reativa,azul,1,3,14,20,20,1.0000,0.1429,323,6,317,0
987,1469351021,azul,verde,art3miz_0.1,verde,1,3,9,30,0,30.0000,0.1250,268,60,158,50
987,1469351021,azul,vermelho,heuristica,verde,0,-3,9,90,120,0.7500,0.0000,256,80,101,75
987,1469351021,azul,azul,reativa,verde,0,-3,9,120,120,1.0000,0.0000,112,12,100,0
988,2100725222,verde,verde,art3miz_0.1,azul,0,-3,9,100,110,0.9091,0.5556,388,105,183,100
988,2100725222,verde,vermelho,heuristica,azul,0,-3,9,50,100,0.5000,0.5000,256,80,101,75
988,2100725222,verde,azul,reativa,azul,1,3,9,60,0,60.0000,0.2222,185,4,181,0
989,2076863469,vermelho,verde,art3miz_0.1,azul,0,-3,7,120,120,1.0000,0.0000,263,80,108,75
989,2076863469,vermelho,vermelho,heuristica,azul,0,-3,7,90,120,0.7500,0.0000,352,101,151,100
989,2076863469,vermelho,azul,reativa,azul,1,3,7,30,0,30.0000,0.0000,137,2,135,0
990,1297419198,azul,verde,art3miz_0.1,azul,0,-3,9,120,120,1.0000,0.0000,294,82,137,75
990,1297419198,azul,vermelho,heuristica,azul,0,-3,9,90,120,0.7500,0.0000,256,80,101,75
990,1297419198,azul,azul,reativa,azul,1,3,9,30,0,30.0000,0.0000,184,2,182,0
991,656509197,verde,verde,art3miz_0.1,azul,0,-3,10,150,120,1.2500,0.0000,463,132,211,120
991,656509197,verde,vermelho,heuristica,azul,0,-3,10,90,120,0.7500,0.0000,255,79,101,75
991,656509197,verde,azul,reativa,azul,1,3,10,30,30,1.0000,0.1000,218,4,214,0
992,2086753255,vermelho,verde,art3miz_0.1,azul,0,-3,10,30,110,0.2727,0.2500,211,61,77,73
992,2086753255,vermelho,vermelho,heuristica,azul,0,-3,10,80,120,0.6667,0.4000,491,143,236,112
992,2086753255,vermelho,azul,reativa,azul,1,3,10,150,30,5.0000,0.0000,138,12,126,0
993,1945909570,azul,verde,art3miz_0.1,verde,1,3,10,30,0,30.0000,0.1111,163,28,112,23
993,1945909570,azul,vermelho,heuristica,verde,0,-3,10,90,120,0.7500,0.0000,273,83,106,84
993,1945909570,azul,azul,reativa,verde,0,-3,10,120,120,1.0000,0.0000,119,8,111,0
994,66133690,verde,verde,art3miz_0.1,azul,0,-3,11,150,120,1.2500,0.0000,376,109,169,98
994,66133690,verde,vermelho,heuristica,azul,0,-3,11,90,120,0.7500,0.0000,256,80,101,75
994,66133690,verde,azul,reativa,azul,1,3,11,30,30,1.0000,0.0909,237,2,235,0
995,1178650548,vermelho,verde,art3miz_0.1,empate,0,-1,100,0,0,0.0000,0.0000,1915,50,1865,0
995,1178650548,vermelho,vermelho,heuristica,empate,0,-1,100,0,0,0.0000,0.0000,2600,0,2600,0
995,1178650548,vermelho,azul,reativa,empate,0,-1,100,0,0,0.0000,0.0000,1530,51,1479,0
996,1356342537,azul,verde,art3miz_0.1,azul,0,-3,15,90,120,0.7500,0.3333,263,76,117,70
996,1356342537,azul,vermelho,heuristica,azul,0,-3,15,120,120,1.0000,0.0714,542,103,342,97
996,1356342537,azul,azul,reativa,azul,1,3,15,30,0,30.0000,0.0000,356,2,354,0
997,1676657438,verde,verde,art3miz_0.1,azul,0,-3,9,120,120,1.0000,0.0000,298,82,141,75
997,1676657438,verde,vermelho,heuristica,azul,0,-3,9,90,120,0.7500,0.0000,255,80,100,75
997,1676657438,verde,azul,reativa,azul,1,3,9,30,0,30.0000,0.0000,208,4,204,0
998,1714985209,vermelho,verde,art3miz_0.1,azul,0,-3,6,90,110,0.8182,0.2500,234,80,79,75
998,1714985209,vermelho,vermelho,heuristica,azul,0,-3,6,140,120,1.1667,0.1667,404,131,149,124
998,1714985209,vermelho,azul,reativa,azul,1,3,6,30,30,1.0000,0.0000,112,3,109,0
999,703915436,azul,verde,art3miz_0.1,azul,0,-3,10,100,100,1.0000,0.6667,615,236,204,175
999,703915436,azul,vermelho,heuristica,azul,0,-3,10,70,100,0.7000,0.1667,407,155,152,100
999,703915436,azul,azul,reativa,azul,1,3,10,90,60,1.5000,0.4000,184,8,176,0
1000,1215748322,verde,verde,art3miz_0.1,azul,0,-3,8,150,120,1.2500,0.0000,363,107,157,99
1000,1215748322,verde,vermelho,heuristica,azul,0,-3,8,90,120,0.7500,0.0000,252,78,100,74
1000,1215748322,verde,azul,reativa,azul,1,3,8,30,30,1.0000,0.0000,171,3,168,0
