id_simulacao,seed,jogador_inicial,jogador,modelo_ia,vencedor,venceu,pontos,turnos,dano_causado,dano_recebido,damage_ratio,cover_usage,custo_total,custo_los,custo_nodos,custo_acoes
1,438557537,verde,verde,reativa,azul,0,-3,52,90,120,0.7500,0.0588,683,9,674,0
1,438557537,verde,vermelho,reativa,azul,0,-3,52,120,120,1.0000,0.0000,1155,11,1144,0
1,438557537,verde,azul,reativa,azul,1,3,52,30,0,30.0000,0.1154,1192,3,1189,0
2,1864560048,vermelho,verde,reativa,verde,1,3,25,30,30,1.0000,0.0833,523,2,521,0
2,1864560048,vermelho,vermelho,reativa,verde,0,-3,25,150,120,1.2500,0.0000,445,10,435,0
2,1864560048,vermelho,azul,reativa,verde,0,-3,25,90,120,0.7500,0.0000,156,6,150,0
3,990947591,azul,verde,reativa,verde,1,3,18,60,0,60.0000,0.0000,367,7,360,0
3,990947591,azul,vermelho,reativa,verde,0,-3,18,90,120,0.7500,0.0625,294,8,286,0
3,990947591,azul,azul,reativa,verde,0,-3,18,90,120,0.7500,0.0588,339,11,328,0
4,980411883,verde,verde,reativa,azul,0,-3,76,120,120,1.0000,0.0263,1755,16,1739,0
4,980411883,verde,vermelho,reativa,azul,0,-3,76,90,120,0.7500,0.0476,414,5,409,0
4,980411883,verde,azul,reativa,azul,1,3,76,30,0,30.0000,0.0789,1707,2,1705,0
5,1364875354,vermelho,verde,reativa,empate,0,-1,100,0,0,0.0000,0.0000,1319,2,1317,0
5,1364875354,vermelho,vermelho,reativa,empate,0,-1,100,120,90,1.3333,0.0700,2332,8,2324,0
5,1364875354,vermelho,azul,reativa,empate,0,-1,100,90,120,0.7500,0.0000,98,7,91,0
6,1247406621,azul,verde,reativa,verde,1,3,56,30,0,30.0000,0.0182,1190,3,1187,0
6,1247406621,azul,vermelho,reativa,verde,0,-3,56,90,120,0.7500,0.0000,82,7,75,0
6,1247406621,azul,azul,reativa,verde,0,-3,56,120,120,1.0000,0.0182,1210,15,1195,0
7,271024058,verde,verde,reativa,empate,0,-1,100,0,0,0.0000,0.0100,1693,0,1693,0
7,271024058,verde,vermelho,reativa,empate,0,-1,100,0,0,0.0000,0.0000,1754,1,1753,0
7,271024058,verde,azul,reativa,empate,0,-1,100,0,0,0.0000,0.0200,1900,2,1898,0
8,131926194,vermelho,verde,reativa,vermelho,0,-3,13,90,120,0.7500,0.0000,83,8,75,0
8,131926194,vermelho,vermelho,reativa,vermelho,1,3,13,30,0,30.0000,0.0000,277,3,274,0
8,131926194,vermelho,azul,reativa,vermelho,0,-3,13,120,120,1.0000,0.0000,209,9,200,0
9,920297219,azul,verde,reativa,verde,1,3,47,30,0,30.0000,0.0000,873,4,869,0
9,920297219,azul,vermelho,reativa,verde,0,-3,47,120,120,1.0000,0.0889,984,9,975,0
9,920297219,azul,azul,reativa,verde,0,-3,47,90,120,0.7500,0.0000,240,6,234,0
10,820336507,verde,verde,reativa,vermelho,0,-3,44,120,120,1.0000,0.0682,939,11,928,0
10,820336507,verde,vermelho,reativa,vermelho,1,3,44,90,30,3.0000,0.0455,980,10,970,0
10,820336507,verde,azul,reativa,vermelho,0,-3,44,60,120,0.5000,0.0667,319,4,315,0
11,1012562364,vermelho,verde,reativa,empate,0,-1,100,0,0,0.0000,0.0101,1762,41,1721,0
11,1012562364,vermelho,vermelho,reativa,empate,0,-1,100,0,0,0.0000,0.0000,879,48,831,0
11,1012562364,vermelho,azul,reativa,empate,0,-1,100,0,0,0.0000,0.0400,1761,74,1687,0
12,670066924,azul,verde,reativa,empate,0,-1,100,90,120,0.7500,0.0635,1363,9,1354,0
12,670066924,azul,vermelho,reativa,empate,0,-1,100,0,0,0.0000,0.0303,2173,0,2173,0
12,670066924,azul,azul,reativa,empate,0,-1,100,120,90,1.3333,0.1100,2145,14,2131,0
13,1549280937,verde,verde,reativa,empate,0,-1,100,120,30,4.0000,0.0500,1677,9,1668,0
13,1549280937,verde,vermelho,reativa,empate,0,-1,100,0,0,0.0000,0.0000,1701,6,1695,0
13,1549280937,verde,azul,reativa,empate,0,-1,100,30,120,0.2500,0.0870,462,8,454,0
14,1369586799,vermelho,verde,reativa,vermelho,0,-3,47,60,120,0.5000,0.0513,872,10,862,0
14,1369586799,vermelho,vermelho,reativa,vermelho,1,3,47,120,90,1.3333,0.0000,967,24,943,0
14,1369586799,vermelho,azul,reativa,vermelho,0,-3,47,150,120,1.2500,0.0000,788,25,763,0
15,1040301634,azul,verde,reativa,empate,0,-1,100,0,0,0.0000,0.0404,2214,5,2209,0
15,1040301634,azul,vermelho,reativa,empate,0,-1,100,90,120,0.7500,0.0000,869,11,858,0
15,1040301634,azul,azul,reativa,empate,0,-1,100,120,90,1.3333,0.0900,2147,15,2132,0
16,1790057013,verde,verde,reativa,vermelho,0,-3,23,90,120,0.7500,0.0526,404,5,399,0
16,1790057013,verde,vermelho,reativa,vermelho,1,3,23,30,30,1.0000,0.0870,514,3,511,0
16,1790057013,verde,azul,reativa,vermelho,0,-3,23,150,120,1.2500,0.0455,416,14,402,0
17,1690053831,vermelho,verde,reativa,verde,1,3,27,30,0,30.0000,0.1923,548,2,546,0
17,1690053831,vermelho,vermelho,reativa,verde,0,-3,27,90,120,0.7500,0.0714,255,10,245,0
17,1690053831,vermelho,azul,reativa,verde,0,-3,27,120,120,1.0000,0.0000,498,9,489,0
18,1979693965,azul,verde,reativa,vermelho,0,-3,27,90,120,0.7500,0.2222,119,5,114,0
18,1979693965,azul,vermelho,reativa,vermelho,1,3,27,30,0,30.0000,0.2308,614,2,612,0
18,1979693965,azul,azul,reativa,vermelho,0,-3,27,120,120,1.0000,0.1154,533,11,522,0
19,932576662,verde,verde,reativa,empate,0,-1,100,90,120,0.7500,0.1111,141,6,135,0
19,932576662,verde,vermelho,reativa,empate,0,-1,100,0,0,0.0000,0.0100,1691,1,1690,0
19,932576662,verde,azul,reativa,empate,0,-1,100,120,90,1.3333,0.0000,1661,10,1651,0
20,855842988,vermelho,verde,reativa,vermelho,0,-3,36,150,120,1.2500,0.0000,743,17,726,0
20,855842988,vermelho,vermelho,reativa,vermelho,1,3,36,30,30,1.0000,0.0278,765,6,759,0
20,855842988,vermelho,azul,reativa,vermelho,0,-3,36,90,120,0.7500,0.0556,359,7,352,0
21,1253956409,azul,verde,reativa,azul,0,-3,28,150,120,1.2500,0.0000,435,14,421,0
21,1253956409,azul,vermelho,reativa,azul,0,-3,28,90,120,0.7500,0.0000,389,8,381,0
21,1253956409,azul,azul,reativa,azul,1,3,28,30,30,1.0000,0.0357,594,6,588,0
22,755744497,verde,verde,reativa,verde,1,3,19,30,30,1.0000,0.0000,390,2,388,0
22,755744497,verde,vermelho,reativa,verde,0,-3,19,90,120,0.7500,0.0000,103,6,97,0
22,755744497,verde,azul,reativa,verde,0,-3,19,150,120,1.2500,0.1667,313,11,302,0
23,1237903098,vermelho,verde,reativa,empate,0,-1,100,90,120,0.7500,0.0000,687,6,681,0
23,1237903098,vermelho,vermelho,reativa,empate,0,-1,100,0,0,0.0000,0.0700,2322,3,2319,0
23,1237903098,vermelho,azul,reativa,empate,0,-1,100,120,90,1.3333,0.0200,1523,14,1509,0
24,1087965783,azul,verde,reativa,vermelho,0,-3,55,120,120,1.0000,0.0000,1093,8,1085,0
24,1087965783,azul,vermelho,reativa,vermelho,1,3,55,30,0,30.0000,0.0556,1285,2,1283,0
24,1087965783,azul,azul,reativa,vermelho,0,-3,55,90,120,0.7500,0.0000,82,7,75,0
25,483723808,verde,verde,reativa,azul,0,-3,12,90,120,0.7500,0.0000,231,7,224,0
25,483723808,verde,vermelho,reativa,azul,0,-3,12,60,120,0.5000,0.0000,182,7,175,0
25,483723808,verde,azul,reativa,azul,1,3,12,120,30,4.0000,0.0833,202,8,194,0
26,242242137,vermelho,verde,reativa,vermelho,0,-3,12,90,120,0.7500,0.0000,196,10,186,0
26,242242137,vermelho,vermelho,reativa,vermelho,1,3,12,60,0,60.0000,0.0833,238,6,232,0
26,242242137,vermelho,azul,reativa,vermelho,0,-3,12,90,120,0.7500,0.0000,144,7,137,0
27,221737212,azul,verde,reativa,vermelho,0,-3,82,120,120,1.0000,0.0123,1783,10,1773,0
27,221737212,azul,vermelho,reativa,vermelho,1,3,82,30,0,30.0000,0.0741,1852,6,1846,0
27,221737212,azul,azul,reativa,vermelho,0,-3,82,90,120,0.7500,0.0000,457,8,449,0
28,418463804,verde,verde,reativa,verde,1,3,14,180,90,2.0000,0.0714,215,15,200,0
28,418463804,verde,vermelho,reativa,verde,0,-3,14,60,120,0.5000,0.1538,249,9,240,0
28,418463804,verde,azul,reativa,verde,0,-3,14,90,120,0.7500,0.0000,199,9,190,0
29,435099202,vermelho,verde,reativa,vermelho,0,-3,43,60,120,0.5000,0.0250,950,8,942,0
29,435099202,vermelho,vermelho,reativa,vermelho,1,3,43,90,30,3.0000,0.0465,976,13,963,0
29,435099202,vermelho,azul,reativa,vermelho,0,-3,43,120,120,1.0000,0.0000,701,7,694,0
30,283512082,azul,verde,reativa,empate,0,-1,100,120,90,1.3333,0.0000,1699,42,1657,0
30,283512082,azul,vermelho,reativa,empate,0,-1,100,0,0,0.0000,0.0000,1779,2,1777,0
30,283512082,azul,azul,reativa,empate,0,-1,100,90,120,0.7500,0.0000,565,8,557,0
31,1645911538,verde,verde,reativa,empate,0,-1,100,30,0,30.0000,0.0000,1212,50,1162,0
31,1645911538,verde,vermelho,reativa,empate,0,-1,100,60,120,0.5000,0.0000,264,9,255,0
31,1645911538,verde,azul,reativa,empate,0,-1,100,90,60,1.5000,0.0000,1737,15,1722,0
32,1490846386,vermelho,verde,reativa,verde,1,3,58,30,0,30.0000,0.0175,1030,4,1026,0
32,1490846386,vermelho,vermelho,reativa,verde,0,-3,58,90,120,0.7500,0.0000,305,10,295,0
32,1490846386,vermelho,azul,reativa,verde,0,-3,58,120,120,1.0000,0.0175,1209,14,1195,0
33,321403989,azul,verde,reativa,empate,0,-1,100,60,120,0.5000,0.0000,147,6,141,0
33,321403989,azul,vermelho,reativa,empate,0,-1,100,120,60,2.0000,0.1010,2220,10,2210,0
33,321403989,azul,azul,reativa,empate,0,-1,100,0,0,0.0000,0.0000,1505,1,1504,0
34,1070087091,verde,verde,reativa,azul,0,-3,29,90,120,0.7500,0.0000,643,13,630,0
34,1070087091,verde,vermelho,reativa,azul,0,-3,29,90,120,0.7500,0.0385,551,7,544,0
34,1070087091,verde,azul,reativa,azul,1,3,29,60,0,60.0000,0.0345,640,7,633,0
35,749808370,vermelho,verde,reativa,empate,0,-1,100,60,120,0.5000,0.0000,85,5,80,0
35,749808370,vermelho,vermelho,reativa,empate,0,-1,100,0,0,0.0000,0.0000,1942,0,1942,0
35,749808370,vermelho,azul,reativa,empate,0,-1,100,120,60,2.0000,0.0700,1794,8,1786,0
36,310441732,azul,verde,reativa,verde,1,3,28,60,30,2.0000,0.0370,602,6,596,0
36,310441732,azul,vermelho,reativa,verde,0,-3,28,90,120,0.7500,0.0000,362,8,354,0
36,310441732,azul,azul,reativa,verde,0,-3,28,120,120,1.0000,0.0370,549,10,539,0
37,191956606,verde,verde,reativa,verde,1,3,16,30,30,1.0000,0.0000,330,3,327,0
37,191956606,verde,vermelho,reativa,verde,0,-3,16,150,120,1.2500,0.0000,248,11,237,0
37,191956606,verde,azul,reativa,verde,0,-3,16,90,120,0.7500,0.0000,54,7,47,0
38,1692875068,vermelho,verde,reativa,verde,1,3,22,30,0,30.0000,0.0952,406,8,398,0
38,1692875068,vermelho,vermelho,reativa,verde,0,-3,22,90,120,0.7500,0.0000,100,7,93,0
38,1692875068,vermelho,azul,reativa,verde,0,-3,22,120,120,1.0000,0.0476,405,11,394,0
39,724671784,azul,verde,reativa,azul,0,-3,18,60,120,0.5000,0.1111,144,7,137,0
39,724671784,azul,vermelho,reativa,azul,0,-3,18,150,120,1.2500,0.2941,288,11,277,0
39,724671784,azul,azul,reativa,azul,1,3,18,60,30,2.0000,0.1111,404,4,400,0
40,270559481,verde,verde,reativa,verde,1,3,75,30,30,1.0000,0.0400,1762,4,1758,0
40,270559481,verde,vermelho,reativa,verde,0,-3,75,90,120,0.7500,0.0000,251,7,244,0
40,270559481,verde,azul,reativa,verde,0,-3,75,150,120,1.2500,0.0000,1628,10,1618,0
41,1328649944,vermelho,verde,reativa,azul,0,-3,14,90,120,0.7500,0.0909,203,6,197,0
41,1328649944,vermelho,vermelho,reativa,azul,0,-3,14,150,120,1.2500,0.0714,229,17,212,0
41,1328649944,vermelho,azul,reativa,azul,1,3,14,30,30,1.0000,0.0714,303,4,299,0
42,662329169,azul,verde,reativa,empate,0,-1,100,0,0,0.0000,0.0101,1953,1,1952,0
42,662329169,azul,vermelho,reativa,empate,0,-1,100,120,90,1.3333,0.0202,1955,12,1943,0
42,662329169,azul,azul,reativa,empate,0,-1,100,90,120,0.7500,0.0000,936,9,927,0
43,1702263910,verde,verde,reativa,verde,1,3,25,30,0,30.0000,0.0800,563,2,561,0
43,1702263910,verde,vermelho,reativa,verde,0,-3,25,120,120,1.0000,0.0000,486,9,477,0
43,1702263910,verde,azul,reativa,verde,0,-3,25,90,120,0.7500,0.0000,157,7,150,0
44,814414449,vermelho,verde,reativa,azul,0,-3,59,120,120,1.0000,0.0862,1301,13,1288,0
44,814414449,vermelho,vermelho,reativa,azul,0,-3,59,90,120,0.7500,0.0465,958,9,949,0
44,814414449,vermelho,azul,reativa,azul,1,3,59,30,0,30.0000,0.0000,821,9,812,0
45,764225697,azul,verde,reativa,empate,0,-1,100,120,90,1.3333,0.0101,1840,10,1830,0
45,764225697,azul,vermelho,reativa,empate,0,-1,100,0,0,0.0000,0.0303,2174,1,2173,0
45,764225697,azul,azul,reativa,empate,0,-1,100,90,120,0.7500,0.0556,371,7,364,0
46,464531721,verde,verde,reativa,empate,0,-1,100,120,90,1.3333,0.0500,2269,10,2259,0
46,464531721,verde,vermelho,reativa,empate,0,-1,100,90,120,0.7500,0.0000,101,7,94,0
46,464531721,verde,azul,reativa,empate,0,-1,100,0,0,0.0000,0.0700,2374,3,2371,0
47,1533946064,vermelho,verde,reativa,verde,1,3,19,30,0,30.0000,0.0000,332,3,329,0
47,1533946064,vermelho,vermelho,reativa,verde,0,-3,19,120,120,1.0000,0.3333,356,15,341,0
47,1533946064,vermelho,azul,reativa,verde,0,-3,19,90,120,0.7500,0.0000,174,6,168,0
48,2021790431,azul,verde,reativa,empate,0,-1,100,0,0,0.0000,0.0404,1902,33,1869,0
48,2021790431,azul,vermelho,reativa,empate,0,-1,100,0,0,0.0000,0.0505,2135,0,2135,0
48,2021790431,azul,azul,reativa,empate,0,-1,100,0,0,0.0000,0.0000,1426,34,1392,0
49,1451556886,verde,verde,reativa,verde,1,3,21,30,0,30.0000,0.0476,467,3,464,0
49,1451556886,verde,vermelho,reativa,verde,0,-3,21,120,120,1.0000,0.0000,396,11,385,0
49,1451556886,verde,azul,reativa,verde,0,-3,21,90,120,0.7500,0.0000,82,7,75,0
50,6009790,vermelho,verde,reativa,empate,0,-1,100,0,0,0.0000,0.0101,1375,2,1373,0
50,6009790,vermelho,vermelho,reativa,empate,0,-1,100,120,90,1.3333,0.0000,1795,12,1783,0
50,6009790,vermelho,azul,reativa,empate,0,-1,100,90,120,0.7500,0.0323,585,12,573,0
51,188280745,azul,verde,reativa,azul,0,-3,20,150,120,1.2500,0.0000,282,10,272,0
51,188280745,azul,vermelho,reativa,azul,0,-3,20,90,120,0.7500,0.0000,51,7,44,0
51,188280745,azul,azul,reativa,azul,1,3,20,30,30,1.0000,0.0000,474,5,469,0
52,349047791,verde,verde,reativa,verde,1,3,17,30,0,30.0000,0.0000,387,3,384,0
52,349047791,verde,vermelho,reativa,verde,0,-3,17,120,120,1.0000,0.0000,302,8,294,0
52,349047791,verde,azul,reativa,verde,0,-3,17,90,120,0.7500,0.0000,246,8,238,0
53,1876708646,vermelho,verde,reativa,verde,1,3,25,30,0,30.0000,0.0417,489,3,486,0
53,1876708646,vermelho,vermelho,reativa,verde,0,-3,25,120,120,1.0000,0.0417,506,11,495,0
53,1876708646,vermelho,azul,reativa,verde,0,-3,25,90,120,0.7500,0.0000,205,5,200,0
54,1152886018,azul,verde,reativa,verde,1,3,94,30,0,30.0000,0.0000,1289,9,1280,0
54,1152886018,azul,vermelho,reativa,verde,0,-3,94,120,120,1.0000,0.0761,2015,14,2001,0
54,1152886018,azul,azul,reativa,verde,0,-3,94,90,120,0.7500,0.0270,775,12,763,0
55,1069746520,verde,verde,reativa,verde,1,3,23,60,0,60.0000,0.0000,472,8,464,0
55,1069746520,verde,vermelho,reativa,verde,0,-3,23,90,120,0.7500,0.0000,440,8,432,0
55,1069746520,verde,azul,reativa,verde,0,-3,23,90,120,0.7500,0.0455,459,12,447,0
56,1489974805,vermelho,verde,reativa,verde,1,3,18,50,30,1.6667,0.1765,338,10,328,0
56,1489974805,vermelho,vermelho,reativa,verde,0,-3,18,120,100,1.2000,0.5294,271,12,259,0
56,1489974805,vermelho,azul,reativa,verde,0,-3,18,80,120,0.6667,0.0000,262,12,250,0
57,1198990478,azul,verde,reativa,vermelho,0,-3,52,150,120,1.2500,0.0392,1043,12,1031,0
57,1198990478,azul,vermelho,reativa,vermelho,1,3,52,30,30,1.0000,0.0980,1210,5,1205,0
57,1198990478,azul,azul,reativa,vermelho,0,-3,52,90,120,0.7500,0.0000,142,7,135,0
58,1785076888,verde,verde,reativa,azul,0,-3,97,150,120,1.2500,0.0309,1956,17,1939,0
58,1785076888,verde,vermelho,reativa,azul,0,-3,97,90,120,0.7500,0.0694,1584,7,1577,0
58,1785076888,verde,azul,reativa,azul,1,3,97,30,30,1.0000,0.0103,1790,2,1788,0
59,1812608420,vermelho,verde,reativa,azul,0,-3,21,90,120,0.7500,0.0000,187,5,182,0
59,1812608420,vermelho,vermelho,reativa,azul,0,-3,21,150,120,1.2500,0.2381,388,12,376,0
59,1812608420,vermelho,azul,reativa,azul,1,3,21,30,30,1.0000,0.0000,470,4,466,0
60,1494812099,azul,verde,reativa,azul,0,-3,12,90,120,0.7500,0.0909,198,6,192,0
60,1494812099,azul,vermelho,reativa,azul,0,-3,12,60,120,0.5000,0.3750,154,4,150,0
60,1494812099,azul,azul,reativa,azul,1,3,12,120,30,4.0000,0.0000,192,8,184,0
61,624291629,verde,verde,reativa,azul,0,-3,87,120,120,1.0000,0.0575,1692,13,1679,0
61,624291629,verde,vermelho,reativa,azul,0,-3,87,90,120,0.7500,0.0588,328,5,323,0
61,624291629,verde,azul,reativa,azul,1,3,87,30,0,30.0000,0.0920,2059,7,2052,0
62,1690688755,vermelho,verde,reativa,vermelho,0,-3,25,150,120,1.2500,0.2083,435,10,425,0
62,1690688755,vermelho,vermelho,reativa,vermelho,1,3,25,30,30,1.0000,0.0000,364,3,361,0
62,1690688755,vermelho,azul,reativa,vermelho,0,-3,25,90,120,0.7500,0.1111,142,6,136,0
63,415855664,azul,verde,reativa,verde,1,3,61,30,30,1.0000,0.0167,1417,6,1411,0
63,415855664,azul,vermelho,reativa,verde,0,-3,61,90,120,0.7500,0.0000,579,7,572,0
63,415855664,azul,azul,reativa,verde,0,-3,61,150,120,1.2500,0.0167,1309,15,1294,0
64,1239108435,verde,verde,reativa,azul,0,-3,39,150,120,1.2500,0.0000,650,12,638,0
64,1239108435,verde,vermelho,reativa,azul,0,-3,39,90,120,0.7500,0.0526,388,10,378,0
64,1239108435,verde,azul,reativa,azul,1,3,39,30,30,1.0000,0.1026,873,2,871,0
65,1288729641,vermelho,verde,reativa,verde,1,3,97,30,0,30.0000,0.0521,2227,6,2221,0
65,1288729641,vermelho,vermelho,reativa,verde,0,-3,97,120,120,1.0000,0.0208,2026,11,2015,0
65,1288729641,vermelho,azul,reativa,verde,0,-3,97,90,120,0.7500,0.2667,297,5,292,0
66,2109698062,azul,verde,reativa,verde,1,3,31,30,30,1.0000,0.0667,685,2,683,0
66,2109698062,azul,vermelho,reativa,verde,0,-3,31,90,120,0.7500,0.0000,474,7,467,0
66,2109698062,azul,azul,reativa,verde,0,-3,31,150,120,1.2500,0.0000,630,12,618,0
67,1413126415,verde,verde,reativa,vermelho,0,-3,34,150,120,1.2500,0.0294,596,11,585,0
67,1413126415,verde,vermelho,reativa,vermelho,1,3,34,30,30,1.0000,0.0588,784,3,781,0
67,1413126415,verde,azul,reativa,vermelho,0,-3,34,90,120,0.7500,0.1154,559,8,551,0
68,354615157,vermelho,verde,reativa,azul,0,-3,15,120,120,1.0000,0.0000,257,8,249,0
68,354615157,vermelho,vermelho,reativa,azul,0,-3,15,90,120,0.7500,0.0000,106,7,99,0
68,354615157,vermelho,azul,reativa,azul,1,3,15,30,0,30.0000,0.0667,328,2,326,0
69,36093310,azul,verde,reativa,verde,1,3,51,30,30,1.0000,0.0800,1158,5,1153,0
69,36093310,azul,vermelho,reativa,verde,0,-3,51,150,120,1.2500,0.1020,1043,14,1029,0
69,36093310,azul,azul,reativa,verde,0,-3,51,90,120,0.7500,0.1429,107,7,100,0
70,650929293,verde,verde,reativa,vermelho,0,-3,22,120,120,1.0000,0.0000,378,9,369,0
70,650929293,verde,vermelho,reativa,vermelho,1,3,22,30,0,30.0000,0.0000,496,6,490,0
70,650929293,verde,azul,reativa,vermelho,0,-3,22,90,120,0.7500,0.0000,256,8,248,0
71,1174663146,vermelho,verde,reativa,vermelho,0,-3,31,150,120,1.2500,0.1000,623,12,611,0
71,1174663146,vermelho,vermelho,reativa,vermelho,1,3,31,30,30,1.0000,0.1613,709,2,707,0
71,1174663146,vermelho,azul,reativa,vermelho,0,-3,31,90,120,0.7500,0.0526,367,9,358,0
72,6505178,azul,verde,reativa,verde,1,3,44,30,30,1.0000,0.0233,983,4,979,0
72,6505178,azul,vermelho,reativa,verde,0,-3,44,150,120,1.2500,0.0714,881,13,868,0
72,6505178,azul,azul,reativa,verde,0,-3,44,90,120,0.7500,0.0000,907,14,893,0
73,478834776,verde,verde,reativa,vermelho,0,-3,8,90,120,0.7500,0.0000,83,10,73,0
73,478834776,verde,vermelho,reativa,vermelho,1,3,8,90,60,1.5000,0.0000,134,10,124,0
73,478834776,verde,azul,reativa,vermelho,0,-3,8,120,120,1.0000,0.1429,86,12,74,0
74,466979635,vermelho,verde,reativa,empate,0,-1,100,0,0,0.0000,0.0505,2316,11,2305,0
74,466979635,vermelho,vermelho,reativa,empate,0,-1,100,90,120,0.7500,0.0833,230,6,224,0
74,466979635,vermelho,azul,reativa,empate,0,-1,100,120,90,1.3333,0.1500,2296,11,2285,0
75,1585602173,azul,verde,reativa,empate,0,-1,100,90,120,0.7500,0.0000,130,7,123,0
75,1585602173,azul,vermelho,reativa,empate,0,-1,100,120,90,1.3333,0.0000,1835,8,1827,0
75,1585602173,azul,azul,reativa,empate,0,-1,100,0,0,0.0000,0.0500,2190,0,2190,0
76,137830156,verde,verde,reativa,vermelho,0,-3,77,90,120,0.7500,0.0000,206,6,200,0
76,137830156,verde,vermelho,reativa,vermelho,1,3,77,30,0,30.0000,0.0130,1693,2,1691,0
76,137830156,verde,azul,reativa,vermelho,0,-3,77,120,120,1.0000,0.0395,1706,18,1688,0
77,295121870,vermelho,verde,reativa,azul,0,-3,32,150,120,1.2500,0.0323,556,12,544,0
77,295121870,vermelho,vermelho,reativa,azul,0,-3,32,90,120,0.7500,0.0000,202,5,197,0
77,295121870,vermelho,azul,reativa,azul,1,3,32,30,30,1.0000,0.0313,701,3,698,0
78,1568756219,azul,verde,reativa,empate,0,-1,100,0,0,0.0000,0.0202,1970,0,1970,0
78,1568756219,azul,vermelho,reativa,empate,0,-1,100,0,0,0.0000,0.0000,1691,0,1691,0
78,1568756219,azul,azul,reativa,empate,0,-1,100,0,0,0.0000,0.0300,1771,0,1771,0
79,863086835,verde,verde,reativa,empate,0,-1,100,90,120,0.7500,0.0455,451,6,445,0
79,863086835,verde,vermelho,reativa,empate,0,-1,100,120,90,1.3333,0.0100,1758,10,1748,0
79,863086835,verde,azul,reativa,empate,0,-1,100,0,0,0.0000,0.0200,1975,0,1975,0
80,881860485,vermelho,verde,reativa,vermelho,0,-3,32,120,120,1.0000,0.0323,529,14,515,0
80,881860485,vermelho,vermelho,reativa,vermelho,1,3,32,30,0,30.0000,0.0313,747,5,742,0
80,881860485,vermelho,azul,reativa,vermelho,0,-3,32,90,120,0.7500,0.0588,317,6,311,0
81,866620601,azul,verde,reativa,verde,1,3,21,30,30,1.0000,0.0000,414,2,412,0
81,866620601,azul,vermelho,reativa,verde,0,-3,21,90,120,0.7500,0.0000,82,7,75,0
81,866620601,azul,azul,reativa,verde,0,-3,21,150,120,1.2500,0.0000,356,12,344,0
82,1809070958,verde,verde,reativa,vermelho,0,-3,16,90,120,0.7500,0.0000,56,6,50,0
82,1809070958,verde,vermelho,reativa,vermelho,1,3,16,30,30,1.0000,0.0000,362,1,361,0
82,1809070958,verde,azul,reativa,vermelho,0,-3,16,150,120,1.2500,0.3333,261,12,249,0
83,389192010,vermelho,verde,reativa,verde,1,3,90,30,0,30.0000,0.1124,2064,11,2053,0
83,389192010,vermelho,vermelho,reativa,verde,0,-3,90,90,120,0.7500,0.0385,539,7,532,0
83,389192010,vermelho,azul,reativa,verde,0,-3,90,120,120,1.0000,0.1573,1968,13,1955,0
84,500570754,azul,verde,reativa,vermelho,0,-3,16,90,120,0.7500,0.0000,169,8,161,0
84,500570754,azul,vermelho,reativa,vermelho,1,3,16,30,30,1.0000,0.0000,331,7,324,0
84,500570754,azul,azul,reativa,vermelho,0,-3,16,150,120,1.2500,0.0000,249,15,234,0
85,1712353937,verde,verde,reativa,azul,0,-3,29,150,120,1.2500,0.0000,596,15,581,0
85,1712353937,verde,vermelho,reativa,azul,0,-3,29,90,120,0.7500,0.0000,82,7,75,0
85,1712353937,verde,azul,reativa,azul,1,3,29,30,30,1.0000,0.0690,616,1,615,0
86,391319897,vermelho,verde,reativa,vermelho,0,-3,18,120,120,1.0000,0.0667,273,12,261,0
86,391319897,vermelho,vermelho,reativa,vermelho,1,3,18,60,30,2.0000,0.1111,404,5,399,0
86,391319897,vermelho,azul,reativa,vermelho,0,-3,18,90,120,0.7500,0.0000,347,11,336,0
87,136589075,azul,verde,reativa,empate,0,-1,100,120,90,1.3333,0.0909,2110,23,2087,0
87,136589075,azul,vermelho,reativa,empate,0,-1,100,0,0,0.0000,0.0101,1918,3,1915,0
87,136589075,azul,azul,reativa,empate,0,-1,100,90,120,0.7500,0.1471,684,9,675,0
88,516443035,verde,verde,reativa,vermelho,0,-3,11,90,120,0.7500,0.0000,133,8,125,0
88,516443035,verde,vermelho,reativa,vermelho,1,3,11,60,30,2.0000,0.1818,231,6,225,0
88,516443035,verde,azul,reativa,vermelho,0,-3,11,120,120,1.0000,0.0000,160,10,150,0
89,1231568109,vermelho,verde,reativa,empate,0,-1,100,0,0,0.0000,0.0505,2223,5,2218,0
89,1231568109,vermelho,vermelho,reativa,empate,0,-1,100,120,90,1.3333,0.0300,2108,14,2094,0
89,1231568109,vermelho,azul,reativa,empate,0,-1,100,90,120,0.7500,0.0000,696,6,690,0
90,234389638,azul,verde,reativa,empate,0,-1,100,90,120,0.7500,0.0769,242,6,236,0
90,234389638,azul,vermelho,reativa,empate,0,-1,100,120,90,1.3333,0.0000,1716,13,1703,0
90,234389638,azul,azul,reativa,empate,0,-1,100,0,0,0.0000,0.0000,1857,0,1857,0
91,1278363502,verde,verde,reativa,azul,0,-3,54,120,120,1.0000,0.0370,1210,18,1192,0
91,1278363502,verde,vermelho,reativa,azul,0,-3,54,90,120,0.7500,0.1277,1051,15,1036,0
91,1278363502,verde,azul,reativa,azul,1,3,54,30,0,30.0000,0.0556,1184,7,1177,0
92,2089492144,vermelho,verde,reativa,empate,0,-1,100,120,90,1.3333,0.0505,1470,44,1426,0
92,2089492144,vermelho,vermelho,reativa,empate,0,-1,100,90,120,0.7500,0.0000,210,6,204,0
92,2089492144,vermelho,azul,reativa,empate,0,-1,100,0,0,0.0000,0.0000,1394,34,1360,0
93,1010834375,azul,verde,reativa,azul,0,-3,80,150,120,1.2500,0.0127,1684,10,1674,0
93,1010834375,azul,vermelho,reativa,azul,0,-3,80,90,120,0.7500,0.0952,444,9,435,0
93,1010834375,azul,azul,reativa,azul,1,3,80,30,30,1.0000,0.1000,1862,2,1860,0
94,1010172138,verde,verde,reativa,vermelho,0,-3,43,120,120,1.0000,0.0233,886,11,875,0
94,1010172138,verde,vermelho,reativa,vermelho,1,3,43,30,0,30.0000,0.0698,1010,8,1002,0
94,1010172138,verde,azul,reativa,vermelho,0,-3,43,90,120,0.7500,0.0000,57,7,50,0
95,1255584616,vermelho,verde,reativa,verde,1,3,80,30,30,1.0000,0.1519,1799,1,1798,0
95,1255584616,vermelho,vermelho,reativa,verde,0,-3,80,90,120,0.7500,0.0000,248,10,238,0
95,1255584616,vermelho,azul,reativa,verde,0,-3,80,150,120,1.2500,0.0506,1763,12,1751,0
96,2041513302,azul,verde,reativa,vermelho,0,-3,29,90,120,0.7500,0.1000,394,7,387,0
96,2041513302,azul,vermelho,reativa,vermelho,1,3,29,30,0,30.0000,0.0357,642,2,640,0
96,2041513302,azul,azul,reativa,vermelho,0,-3,29,120,120,1.0000,0.0714,570,10,560,0
97,11523659,verde,verde,reativa,empate,0,-1,100,0,0,0.0000,0.0000,1570,3,1567,0
97,11523659,verde,vermelho,reativa,empate,0,-1,100,0,0,0.0000,0.0100,1717,7,1710,0
97,11523659,verde,azul,reativa,empate,0,-1,100,0,0,0.0000,0.0000,1186,11,1175,0
98,60279016,vermelho,verde,reativa,verde,1,3,67,30,0,30.0000,0.0455,1569,13,1556,0
98,60279016,vermelho,vermelho,reativa,verde,0,-3,67,90,120,0.7500,0.0286,746,9,737,0
98,60279016,vermelho,azul,reativa,verde,0,-3,67,120,120,1.0000,0.1212,1428,10,1418,0
99,2035523298,azul,verde,reativa,empate,0,-1,100,90,120,0.7500,0.0333,639,14,625,0
99,2035523298,azul,vermelho,reativa,empate,0,-1,100,120,90,1.3333,0.0606,2165,14,2151,0
99,2035523298,azul,azul,reativa,empate,0,-1,100,0,0,0.0000,0.0200,2006,9,1997,0
100,778332920,verde,verde,reativa,empate,0,-1,100,120,90,1.3333,0.0000,1690,10,1680,0
100,778332920,verde,vermelho,reativa,empate,0,-1,100,90,120,0.7500,0.0000,118,6,112,0
100,778332920,verde,azul,reativa,empate,0,-1,100,0,0,0.0000,0.0000,1650,0,1650,0
101,681977055,vermelho,verde,reativa,empate,0,-1,100,120,90,1.3333,0.4949,1258,9,1249,0
101,681977055,vermelho,vermelho,reativa,empate,0,-1,100,0,0,0.0000,0.0000,1228,0,1228,0
101,681977055,vermelho,azul,reativa,empate,0,-1,100,90,120,0.7500,0.0909,202,7,195,0
102,937597042,azul,verde,reativa,vermelho,0,-3,11,120,120,1.0000,0.0000,154,11,143,0
102,937597042,azul,vermelho,reativa,vermelho,1,3,11,30,0,30.0000,0.0000,211,4,207,0
102,937597042,azul,azul,reativa,vermelho,0,-3,11,90,120,0.7500,0.1000,179,6,173,0
103,528953857,verde,verde,reativa,empate,0,-1,100,0,0,0.0000,0.0300,1904,1,1903,0
103,528953857,verde,vermelho,reativa,empate,0,-1,100,90,120,0.7500,0.0526,407,8,399,0
103,528953857,verde,azul,reativa,empate,0,-1,100,120,90,1.3333,0.0000,1825,18,1807,0
104,1698552064,vermelho,verde,reativa,vermelho,0,-3,41,60,120,0.5000,0.0000,649,5,644,0
104,1698552064,vermelho,vermelho,reativa,vermelho,1,3,41,90,60,1.5000,0.0244,857,9,848,0
104,1698552064,vermelho,azul,reativa,vermelho,0,-3,41,150,120,1.2500,0.0250,834,11,823,0
105,2028522531,azul,verde,reativa,vermelho,0,-3,37,120,120,1.0000,0.0278,525,10,515,0
105,2028522531,azul,vermelho,reativa,vermelho,1,3,37,30,0,30.0000,0.0833,796,7,789,0
105,2028522531,azul,azul,reativa,vermelho,0,-3,37,90,120,0.7500,0.0909,465,15,450,0
106,2146725289,verde,verde,reativa,verde,1,3,15,30,30,1.0000,0.0000,322,8,314,0
106,2146725289,verde,vermelho,reativa,verde,0,-3,15,150,120,1.2500,0.0000,236,16,220,0
106,2146725289,verde,azul,reativa,verde,0,-3,15,90,120,0.7500,0.0000,103,8,95,0
107,2048006628,vermelho,verde,reativa,verde,1,3,11,60,0,60.0000,0.3000,194,5,189,0
107,2048006628,vermelho,vermelho,reativa,verde,0,-3,11,90,120,0.7500,0.2222,151,7,144,0
107,2048006628,vermelho,azul,reativa,verde,0,-3,11,90,120,0.7500,0.0000,182,7,175,0
108,2065734190,azul,verde,reativa,empate,0,-1,100,0,0,0.0000,0.4545,1256,1,1255,0
108,2065734190,azul,vermelho,reativa,empate,0,-1,100,0,0,0.0000,0.0000,1668,40,1628,0
108,2065734190,azul,azul,reativa,empate,0,-1,100,0,0,0.0000,0.0000,1723,2,1721,0
109,946904339,verde,verde,reativa,empate,0,-1,100,0,0,0.0000,0.0000,1676,0,1676,0
109,946904339,verde,vermelho,reativa,empate,0,-1,100,90,120,0.7500,0.0000,136,6,130,0
109,946904339,verde,azul,reativa,empate,0,-1,100,120,90,1.3333,0.0200,1761,8,1753,0
110,977405121,vermelho,verde,reativa,vermelho,0,-3,64,150,120,1.2500,0.0952,1409,15,1394,0
110,977405121,vermelho,vermelho,reativa,vermelho,1,3,64,30,30,1.0000,0.0156,1261,1,1260,0
110,977405121,vermelho,azul,reativa,vermelho,0,-3,64,90,120,0.7500,0.0833,232,7,225,0
111,106871201,azul,verde,reativa,empate,0,-1,100,90,120,0.7500,0.6667,81,7,74,0
111,106871201,azul,vermelho,reativa,empate,0,-1,100,0,0,0.0000,0.0000,1932,0,1932,0
111,106871201,azul,azul,reativa,empate,0,-1,100,120,90,1.3333,0.0100,1632,8,1624,0
112,524023377,verde,verde,reativa,empate,0,-1,100,90,120,0.7500,0.0476,431,6,425,0
112,524023377,verde,vermelho,reativa,empate,0,-1,100,0,0,0.0000,0.0500,2219,0,2219,0
112,524023377,verde,azul,reativa,empate,0,-1,100,120,90,1.3333,0.0200,2036,12,2024,0
113,2070036801,vermelho,verde,reativa,vermelho,0,-3,19,90,120,0.7500,0.1667,212,6,206,0
113,2070036801,vermelho,vermelho,reativa,vermelho,1,3,19,30,30,1.0000,0.1053,415,3,412,0
113,2070036801,vermelho,azul,reativa,vermelho,0,-3,19,150,120,1.2500,0.0556,332,13,319,0
114,332326161,azul,verde,reativa,empate,0,-1,100,120,90,1.3333,0.0404,2121,12,2109,0
114,332326161,azul,vermelho,reativa,empate,0,-1,100,90,120,0.7500,0.2000,292,12,280,0
114,332326161,azul,azul,reativa,empate,0,-1,100,0,0,0.0000,0.0300,1646,7,1639,0
115,13274541,verde,verde,reativa,vermelho,0,-3,47,120,120,1.0000,0.0213,1032,11,1021,0
115,13274541,verde,vermelho,reativa,vermelho,1,3,47,30,0,30.0000,0.0426,936,3,933,0
115,13274541,verde,azul,reativa,vermelho,0,-3,47,90,120,0.7500,0.0000,388,11,377,0
116,825241805,vermelho,verde,reativa,azul,0,-3,39,90,120,0.7500,0.0263,833,11,822,0
116,825241805,vermelho,vermelho,reativa,azul,0,-3,39,60,120,0.5000,0.0000,700,5,695,0
116,825241805,vermelho,azul,reativa,azul,1,3,39,150,60,2.5000,0.0256,766,13,753,0
117,1573000952,azul,verde,reativa,azul,0,-3,68,150,120,1.2500,0.0448,1453,10,1443,0
117,1573000952,azul,vermelho,reativa,azul,0,-3,68,90,120,0.7500,0.0000,255,6,249,0
117,1573000952,azul,azul,reativa,azul,1,3,68,30,30,1.0000,0.0000,1135,2,1133,0
118,1749647013,verde,verde,reativa,verde,1,3,53,30,0,30.0000,0.0000,1027,5,1022,0
118,1749647013,verde,vermelho,reativa,verde,0,-3,53,90,120,0.7500,0.0769,251,9,242,0
118,1749647013,verde,azul,reativa,verde,0,-3,53,120,120,1.0000,0.0769,1115,10,1105,0
119,974095307,vermelho,verde,reativa,vermelho,0,-3,43,120,120,1.0000,0.0714,875,11,864,0
119,974095307,vermelho,vermelho,reativa,vermelho,1,3,43,30,0,30.0000,0.0233,883,8,875,0
119,974095307,vermelho,azul,reativa,vermelho,0,-3,43,90,120,0.7500,0.0000,57,7,50,0
120,1400113132,azul,verde,reativa,verde,1,3,17,30,30,1.0000,0.0625,359,8,351,0
120,1400113132,azul,vermelho,reativa,verde,0,-3,17,90,120,0.7500,0.0000,79,6,73,0
120,1400113132,azul,azul,reativa,verde,0,-3,17,150,120,1.2500,0.0000,283,10,273,0
121,1403140035,verde,verde,reativa,verde,1,3,54,30,0,30.0000,0.0741,1176,8,1168,0
121,1403140035,verde,vermelho,reativa,verde,0,-3,54,120,120,1.0000,0.0377,1090,10,1080,0
121,1403140035,verde,azul,reativa,verde,0,-3,54,90,120,0.7500,0.0000,75,7,68,0
122,1485886752,vermelho,verde,reativa,empate,0,-1,100,90,120,0.7500,0.0510,2178,10,2168,0
122,1485886752,vermelho,vermelho,reativa,empate,0,-1,100,120,90,1.3333,0.0100,1701,22,1679,0
122,1485886752,vermelho,azul,reativa,empate,0,-1,100,0,0,0.0000,0.0100,1854,11,1843,0
123,1433079639,azul,verde,reativa,azul,0,-3,62,150,120,1.2500,0.0000,996,17,979,0
123,1433079639,azul,vermelho,reativa,azul,0,-3,62,90,120,0.7500,0.0556,799,9,790,0
123,1433079639,azul,azul,reativa,azul,1,3,62,30,30,1.0000,0.0806,1363,7,1356,0
124,1444017005,verde,verde,reativa,vermelho,0,-3,92,210,120,1.7500,0.0761,1940,20,1920,0
124,1444017005,verde,vermelho,reativa,vermelho,1,3,92,90,90,1.0000,0.0109,1813,18,1795,0
124,1444017005,verde,azul,reativa,vermelho,0,-3,92,30,120,0.2500,0.0000,177,7,170,0
125,1120634029,vermelho,verde,reativa,empate,0,-1,100,120,60,2.0000,0.0808,2063,15,2048,0
125,1120634029,vermelho,vermelho,reativa,empate,0,-1,100,0,0,0.0000,0.0100,1527,1,1526,0
125,1120634029,vermelho,azul,reativa,empate,0,-1,100,60,120,0.5000,0.0645,685,6,679,0
126,1159629576,azul,verde,reativa,verde,1,3,98,30,30,1.0000,0.0619,2261,9,2252,0
126,1159629576,azul,vermelho,reativa,verde,0,-3,98,90,120,0.7500,0.0000,57,7,50,0
126,1159629576,azul,azul,reativa,verde,0,-3,98,150,120,1.2500,0.0412,2195,17,2178,0
127,170520394,verde,verde,reativa,vermelho,0,-3,25,150,120,1.2500,0.0400,439,15,424,0
127,170520394,verde,vermelho,reativa,vermelho,1,3,25,30,30,1.0000,0.0800,534,1,533,0
127,170520394,verde,azul,reativa,vermelho,0,-3,25,90,120,0.7500,0.0000,97,7,90,0
128,2032603470,vermelho,verde,reativa,empate,0,-1,100,120,90,1.3333,0.0000,1847,48,1799,0
128,2032603470,vermelho,vermelho,reativa,empate,0,-1,100,0,0,0.0000,0.0000,1753,40,1713,0
128,2032603470,vermelho,azul,reativa,empate,0,-1,100,90,120,0.7500,0.0938,678,9,669,0
129,1569236234,azul,verde,reativa,vermelho,0,-3,69,150,120,1.2500,0.0294,1516,14,1502,0
129,1569236234,azul,vermelho,reativa,vermelho,1,3,69,30,30,1.0000,0.0294,1236,9,1227,0
129,1569236234,azul,azul,reativa,vermelho,0,-3,69,90,120,0.7500,0.1875,695,11,684,0
130,411570783,verde,verde,reativa,empate,0,-1,100,120,90,1.3333,0.0100,1857,8,1849,0
130,411570783,verde,vermelho,reativa,empate,0,-1,100,0,0,0.0000,0.0400,2010,1,2009,0
130,411570783,verde,azul,reativa,empate,0,-1,100,90,120,0.7500,0.0000,31,6,25,0
131,562047796,vermelho,verde,reativa,empate,0,-1,100,90,120,0.7500,0.0500,1795,14,1781,0
131,562047796,vermelho,vermelho,reativa,empate,0,-1,100,0,0,0.0000,0.0100,2316,6,2310,0
131,562047796,vermelho,azul,reativa,empate,0,-1,100,120,90,1.3333,0.0200,1307,12,1295,0
132,1448248165,azul,verde,reativa,empate,0,-1,100,120,90,1.3333,0.0404,2140,16,2124,0
132,1448248165,azul,vermelho,reativa,empate,0,-1,100,0,0,0.0000,0.0202,1850,2,1848,0
132,1448248165,azul,azul,reativa,empate,0,-1,100,90,120,0.7500,0.0000,486,6,480,0
133,1352011924,verde,verde,reativa,empate,0,-1,100,90,120,0.7500,0.0769,551,6,545,0
133,1352011924,verde,vermelho,reativa,empate,0,-1,100,0,0,0.0000,0.0000,1862,8,1854,0
133,1352011924,verde,azul,reativa,empate,0,-1,100,120,90,1.3333,0.0600,2177,22,2155,0
134,939551074,vermelho,verde,reativa,azul,0,-3,31,90,120,0.7500,0.0000,108,8,100,0
134,939551074,vermelho,vermelho,reativa,azul,0,-3,31,120,120,1.0000,0.0000,549,9,540,0
134,939551074,vermelho,azul,reativa,azul,1,3,31,30,0,30.0000,0.0323,694,5,689,0
135,362752061,azul,verde,reativa,vermelho,0,-3,90,120,120,1.0000,0.0337,1967,11,1956,0
135,362752061,azul,vermelho,reativa,vermelho,1,3,90,30,0,30.0000,0.4157,1750,5,1745,0
135,362752061,azul,azul,reativa,vermelho,0,-3,90,90,120,0.7500,0.0000,577,7,570,0
136,1970562540,verde,verde,reativa,verde,1,3,48,120,90,1.3333,0.0417,1086,18,1068,0
136,1970562540,verde,vermelho,reativa,verde,0,-3,48,90,120,0.7500,0.0444,998,15,983,0
136,1970562540,verde,azul,reativa,verde,0,-3,48,120,120,1.0000,0.0213,981,15,966,0
137,383708122,vermelho,verde,reativa,vermelho,0,-3,48,90,120,0.7500,0.0238,899,11,888,0
137,383708122,vermelho,vermelho,reativa,vermelho,1,3,48,30,0,30.0000,0.1042,1108,3,1105,0
137,383708122,vermelho,azul,reativa,vermelho,0,-3,48,120,120,1.0000,0.0000,1023,17,1006,0
138,2075785334,azul,verde,reativa,empate,0,-1,100,0,0,0.0000,0.0101,1722,2,1720,0
138,2075785334,azul,vermelho,reativa,empate,0,-1,100,120,90,1.3333,0.0303,1885,9,1876,0
138,2075785334,azul,azul,reativa,empate,0,-1,100,90,120,0.7500,0.0417,446,7,439,0
139,794372141,verde,verde,reativa,verde,1,3,73,30,0,30.0000,0.3699,1425,4,1421,0
139,794372141,verde,vermelho,reativa,verde,0,-3,73,120,120,1.0000,0.0972,1602,11,1591,0
139,794372141,verde,azul,reativa,verde,0,-3,73,90,120,0.7500,0.0000,336,8,328,0
140,1817101026,vermelho,verde,reativa,azul,0,-3,30,120,120,1.0000,0.0690,604,9,595,0
140,1817101026,vermelho,vermelho,reativa,azul,0,-3,30,90,120,0.7500,0.0000,474,8,466,0
140,1817101026,vermelho,azul,reativa,azul,1,3,30,30,0,30.0000,0.1000,671,5,666,0
141,1461547978,azul,verde,reativa,azul,0,-3,18,90,120,0.7500,0.0000,282,8,274,0
141,1461547978,azul,vermelho,reativa,azul,0,-3,18,150,120,1.2500,0.0588,277,12,265,0
141,1461547978,azul,azul,reativa,azul,1,3,18,30,30,1.0000,0.0556,405,4,401,0
142,1249674794,verde,verde,reativa,verde,1,3,76,30,30,1.0000,0.0789,1764,2,1762,0
142,1249674794,verde,vermelho,reativa,verde,0,-3,76,150,120,1.2500,0.0933,1651,11,1640,0
142,1249674794,verde,azul,reativa,verde,0,-3,76,90,120,0.7500,0.2188,711,6,705,0
143,236336944,vermelho,verde,reativa,verde,1,3,16,30,0,30.0000,0.0667,323,3,320,0
143,236336944,vermelho,vermelho,reativa,verde,0,-3,16,90,120,0.7500,0.0000,173,7,166,0
143,236336944,vermelho,azul,reativa,verde,0,-3,16,120,120,1.0000,0.0000,256,10,246,0
144,787490960,azul,verde,reativa,empate,0,-1,100,120,90,1.3333,0.0202,2018,17,2001,0
144,787490960,azul,vermelho,reativa,empate,0,-1,100,90,120,0.7500,0.0000,69,6,63,0
144,787490960,azul,azul,reativa,empate,0,-1,100,0,0,0.0000,0.0700,2026,4,2022,0
145,368094613,verde,verde,reativa,vermelho,0,-3,30,60,120,0.5000,0.0000,490,6,484,0
145,368094613,verde,vermelho,reativa,vermelho,1,3,30,90,30,3.0000,0.0333,594,14,580,0
145,368094613,verde,azul,reativa,vermelho,0,-3,30,120,120,1.0000,0.0000,613,11,602,0
146,15368845,vermelho,verde,reativa,empate,0,-1,100,90,120,0.7500,0.0000,80,6,74,0
146,15368845,vermelho,vermelho,reativa,empate,0,-1,100,0,0,0.0000,0.0000,1924,0,1924,0
146,15368845,vermelho,azul,reativa,empate,0,-1,100,120,90,1.3333,0.0100,1894,8,1886,0
147,987658780,azul,verde,reativa,empate,0,-1,100,90,120,0.7500,0.0000,780,8,772,0
147,987658780,azul,vermelho,reativa,empate,0,-1,100,0,0,0.0000,0.0101,1832,1,1831,0
147,987658780,azul,azul,reativa,empate,0,-1,100,120,90,1.3333,0.0200,1775,8,1767,0
148,1140005980,verde,verde,reativa,empate,0,-1,100,120,90,1.3333,0.0100,1854,11,1843,0
148,1140005980,verde,vermelho,reativa,empate,0,-1,100,0,0,0.0000,0.0000,985,1,984,0
148,1140005980,verde,azul,reativa,empate,0,-1,100,90,120,0.7500,0.0000,243,6,237,0
149,2107689852,vermelho,verde,reativa,vermelho,0,-3,20,90,120,0.7500,0.0000,101,6,95,0
149,2107689852,vermelho,vermelho,reativa,vermelho,1,3,20,30,30,1.0000,0.0500,466,1,465,0
149,2107689852,vermelho,azul,reativa,vermelho,0,-3,20,150,120,1.2500,0.0000,321,11,310,0
150,1111585620,azul,verde,reativa,empate,0,-1,100,90,120,0.7500,0.0000,912,6,906,0
150,1111585620,azul,vermelho,reativa,empate,0,-1,100,0,0,0.0000,0.0202,1736,8,1728,0
150,1111585620,azul,azul,reativa,empate,0,-1,100,120,90,1.3333,0.0600,2005,12,1993,0
151,323059078,verde,verde,reativa,azul,0,-3,42,60,120,0.5000,0.0526,868,7,861,0
151,323059078,verde,vermelho,reativa,azul,0,-3,42,150,120,1.2500,0.0238,907,14,893,0
151,323059078,verde,azul,reativa,azul,1,3,42,90,60,1.5000,0.0476,940,13,927,0
152,1505993271,vermelho,verde,reativa,azul,0,-3,21,90,120,0.7500,0.0000,108,8,100,0
152,1505993271,vermelho,vermelho,reativa,azul,0,-3,21,150,120,1.2500,0.0000,407,14,393,0
152,1505993271,vermelho,azul,reativa,azul,1,3,21,30,30,1.0000,0.0000,480,1,479,0
153,1332249844,azul,verde,reativa,verde,1,3,36,30,0,30.0000,0.0286,852,12,840,0
153,1332249844,azul,vermelho,reativa,verde,0,-3,36,120,120,1.0000,0.0588,695,10,685,0
153,1332249844,azul,azul,reativa,verde,0,-3,36,90,120,0.7500,0.1176,776,11,765,0
154,486926662,verde,verde,reativa,verde,1,3,76,30,0,30.0000,0.0789,1731,3,1728,0
154,486926662,verde,vermelho,reativa,verde,0,-3,76,120,120,1.0000,0.0133,1177,10,1167,0
154,486926662,verde,azul,reativa,verde,0,-3,76,90,120,0.7500,0.1538,236,7,229,0
155,228384987,vermelho,verde,reativa,verde,1,3,42,30,30,1.0000,0.0488,903,4,899,0
155,228384987,vermelho,vermelho,reativa,verde,0,-3,42,150,120,1.2500,0.0488,779,15,764,0
155,228384987,vermelho,azul,reativa,verde,0,-3,42,90,120,0.7500,0.0000,242,8,234,0
156,1338147426,azul,verde,reativa,azul,0,-3,41,90,120,0.7500,0.0000,80,7,73,0
156,1338147426,azul,vermelho,reativa,azul,0,-3,41,120,120,1.0000,0.1250,716,9,707,0
156,1338147426,azul,azul,reativa,azul,1,3,41,30,0,30.0000,0.0244,873,2,871,0
157,1701265980,verde,verde,reativa,azul,0,-3,72,120,120,1.0000,0.0278,1628,11,1617,0
157,1701265980,verde,vermelho,reativa,azul,0,-3,72,90,120,0.7500,0.0000,57,7,50,0
157,1701265980,verde,azul,reativa,azul,1,3,72,30,0,30.0000,0.0278,1652,3,1649,0
158,2035459300,vermelho,verde,reativa,verde,1,3,32,30,30,1.0000,0.0323,600,4,596,0
158,2035459300,vermelho,vermelho,reativa,verde,0,-3,32,150,120,1.2500,0.0323,542,13,529,0
158,2035459300,vermelho,azul,reativa,verde,0,-3,32,90,120,0.7500,0.0000,420,7,413,0
159,1984052756,azul,verde,reativa,azul,0,-3,23,90,120,0.7500,0.0000,285,6,279,0
159,1984052756,azul,vermelho,reativa,azul,0,-3,23,120,120,1.0000,0.0000,359,10,349,0
159,1984052756,azul,azul,reativa,azul,1,3,23,30,0,30.0000,0.1304,505,5,500,0
160,882379617,verde,verde,reativa,empate,0,-1,100,0,0,0.0000,0.0700,2241,0,2241,0
160,882379617,verde,vermelho,reativa,empate,0,-1,100,90,120,0.7500,0.0000,228,5,223,0
160,882379617,verde,azul,reativa,empate,0,-1,100,120,90,1.3333,0.0700,2322,8,2314,0
161,155837609,vermelho,verde,reativa,empate,0,-1,100,0,0,0.0000,0.0404,2092,6,2086,0
161,155837609,vermelho,vermelho,reativa,empate,0,-1,100,120,90,1.3333,0.0500,2225,11,2214,0
161,155837609,vermelho,azul,reativa,empate,0,-1,100,90,120,0.7500,0.1587,1391,11,1380,0
162,1949492245,azul,verde,reativa,empate,0,-1,100,0,0,0.0000,0.0101,2326,2,2324,0
162,1949492245,azul,vermelho,reativa,empate,0,-1,100,90,120,0.7500,0.0000,727,15,712,0
162,1949492245,azul,azul,reativa,empate,0,-1,100,120,90,1.3333,0.0000,1614,18,1596,0
163,1206746855,verde,verde,reativa,empate,0,-1,100,90,120,0.7500,0.0811,681,9,672,0
163,1206746855,verde,vermelho,reativa,empate,0,-1,100,120,90,1.3333,0.0000,1306,13,1293,0
163,1206746855,verde,azul,reativa,empate,0,-1,100,0,0,0.0000,0.0400,1830,3,1827,0
164,383512830,vermelho,verde,reativa,azul,0,-3,10,90,120,0.7500,0.0000,119,6,113,0
164,383512830,vermelho,vermelho,reativa,azul,0,-3,10,120,120,1.0000,0.0000,138,11,127,0
164,383512830,vermelho,azul,reativa,azul,1,3,10,30,0,30.0000,0.0000,191,2,189,0
165,1238779790,azul,verde,reativa,empate,0,-1,100,0,0,0.0000,0.0000,1685,0,1685,0
165,1238779790,azul,vermelho,reativa,empate,0,-1,100,120,90,1.3333,0.0000,1573,14,1559,0
165,1238779790,azul,azul,reativa,empate,0,-1,100,90,120,0.7500,0.0833,204,5,199,0
166,457092375,verde,verde,reativa,verde,1,3,17,30,30,1.0000,0.0000,364,4,360,0
166,457092375,verde,vermelho,reativa,verde,0,-3,17,90,120,0.7500,0.0000,98,5,93,0
166,457092375,verde,azul,reativa,verde,0,-3,17,150,120,1.2500,0.1250,272,11,261,0
167,1059044347,vermelho,verde,reativa,vermelho,0,-3,24,120,120,1.0000,0.0000,466,10,456,0
167,1059044347,vermelho,vermelho,reativa,vermelho,1,3,24,30,0,30.0000,0.0417,555,4,551,0
167,1059044347,vermelho,azul,reativa,vermelho,0,-3,24,90,120,0.7500,0.0000,285,5,280,0
168,281457202,azul,verde,reativa,vermelho,0,-3,21,90,120,0.7500,0.0000,283,8,275,0
168,281457202,azul,vermelho,reativa,vermelho,1,3,21,30,0,30.0000,0.0000,470,3,467,0
168,281457202,azul,azul,reativa,vermelho,0,-3,21,120,120,1.0000,0.0000,406,12,394,0
169,1239046820,verde,verde,reativa,vermelho,0,-3,71,120,120,1.0000,0.0282,1528,11,1517,0
169,1239046820,verde,vermelho,reativa,vermelho,1,3,71,30,0,30.0000,0.0423,1636,3,1633,0
169,1239046820,verde,azul,reativa,vermelho,0,-3,71,90,120,0.7500,0.0909,187,7,180,0
170,461995623,vermelho,verde,reativa,empate,0,-1,100,120,90,1.3333,0.0202,1763,30,1733,0
170,461995623,vermelho,vermelho,reativa,empate,0,-1,100,90,120,0.7500,0.0714,1243,8,1235,0
170,461995623,vermelho,azul,reativa,empate,0,-1,100,0,0,0.0000,0.0100,2108,22,2086,0
171,1520527385,azul,verde,reativa,verde,1,3,17,60,30,2.0000,0.0625,345,5,340,0
171,1520527385,azul,vermelho,reativa,verde,0,-3,17,120,120,1.0000,0.0000,278,9,269,0
171,1520527385,azul,azul,reativa,verde,0,-3,17,90,120,0.7500,0.0000,226,7,219,0
172,681314169,verde,verde,reativa,vermelho,0,-3,57,90,120,0.7500,0.0526,407,8,399,0
172,681314169,verde,vermelho,reativa,vermelho,1,3,57,30,0,30.0000,0.1228,1323,5,1318,0
172,681314169,verde,azul,reativa,vermelho,0,-3,57,120,120,1.0000,0.0536,1270,12,1258,0
173,1151681641,vermelho,verde,reativa,azul,0,-3,80,120,120,1.0000,0.0886,1730,9,1721,0
173,1151681641,vermelho,vermelho,reativa,azul,0,-3,80,90,120,0.7500,0.1364,478,7,471,0
173,1151681641,vermelho,azul,reativa,azul,1,3,80,30,0,30.0000,0.0000,663,3,660,0
174,915322822,azul,verde,reativa,empate,0,-1,100,90,120,0.7500,0.0000,80,7,73,0
174,915322822,azul,vermelho,reativa,empate,0,-1,100,0,0,0.0000,0.0000,1919,43,1876,0
174,915322822,azul,azul,reativa,empate,0,-1,100,120,90,1.3333,0.0000,1617,51,1566,0
175,1219387384,verde,verde,reativa,empate,0,-1,100,0,0,0.0000,0.1400,2161,4,2157,0
175,1219387384,verde,vermelho,reativa,empate,0,-1,100,90,120,0.7500,0.0000,272,11,261,0
175,1219387384,verde,azul,reativa,empate,0,-1,100,120,90,1.3333,0.0500,2328,10,2318,0
176,669132441,vermelho,verde,reativa,empate,0,-1,100,0,0,0.0000,0.0202,1814,4,1810,0
176,669132441,vermelho,vermelho,reativa,empate,0,-1,100,90,120,0.7500,0.0179,1108,13,1095,0
176,669132441,vermelho,azul,reativa,empate,0,-1,100,120,90,1.3333,0.0100,2192,18,2174,0
177,1538008631,azul,verde,reativa,azul,0,-3,36,150,120,1.2500,0.0286,760,10,750,0
177,1538008631,azul,vermelho,reativa,azul,0,-3,36,90,120,0.7500,0.0000,82,7,75,0
177,1538008631,azul,azul,reativa,azul,1,3,36,30,30,1.0000,0.0000,804,9,795,0
178,557466564,verde,verde,reativa,azul,0,-3,23,150,120,1.2500,0.0000,382,13,369,0
178,557466564,verde,vermelho,reativa,azul,0,-3,23,90,120,0.7500,0.0000,326,9,317,0
178,557466564,verde,azul,reativa,azul,1,3,23,30,30,1.0000,0.0435,547,4,543,0
179,1498413934,vermelho,verde,reativa,azul,0,-3,14,90,120,0.7500,0.0000,147,11,136,0
179,1498413934,vermelho,vermelho,reativa,azul,0,-3,14,90,120,0.7500,0.1429,281,9,272,0
179,1498413934,vermelho,azul,reativa,azul,1,3,14,60,0,60.0000,0.0000,295,7,288,0
180,542293507,azul,verde,reativa,vermelho,0,-3,32,90,120,0.7500,0.0952,443,9,434,0
180,542293507,azul,vermelho,reativa,vermelho,1,3,32,30,0,30.0000,0.1290,742,5,737,0
180,542293507,azul,azul,reativa,vermelho,0,-3,32,120,120,1.0000,0.1290,655,14,641,0
181,1371703114,verde,verde,reativa,vermelho,0,-3,20,90,120,0.7500,0.0000,203,5,198,0
181,1371703114,verde,vermelho,reativa,vermelho,1,3,20,30,30,1.0000,0.0000,417,3,414,0
181,1371703114,verde,azul,reativa,vermelho,0,-3,20,150,120,1.2500,0.0000,352,13,339,0
182,117727943,vermelho,verde,reativa,verde,1,3,14,30,30,1.0000,0.0000,291,4,287,0
182,117727943,vermelho,vermelho,reativa,verde,0,-3,14,150,120,1.2500,0.0000,203,9,194,0
182,117727943,vermelho,azul,reativa,verde,0,-3,14,90,120,0.7500,0.0000,54,7,47,0
183,603806591,azul,verde,reativa,verde,1,3,46,30,30,1.0000,0.0444,903,2,901,0
183,603806591,azul,vermelho,reativa,verde,0,-3,46,90,120,0.7500,0.0000,263,8,255,0
183,603806591,azul,azul,reativa,verde,0,-3,46,150,120,1.2500,0.0222,917,13,904,0
184,699897077,verde,verde,reativa,empate,0,-1,100,90,120,0.7500,0.0000,429,6,423,0
184,699897077,verde,vermelho,reativa,empate,0,-1,100,0,0,0.0000,0.0000,1255,49,1206,0
184,699897077,verde,azul,reativa,empate,0,-1,100,120,90,1.3333,0.0000,1676,55,1621,0
185,519069263,vermelho,verde,reativa,vermelho,0,-3,54,90,120,0.7500,0.0323,680,6,674,0
185,519069263,vermelho,vermelho,reativa,vermelho,1,3,54,30,30,1.0000,0.0185,1173,5,1168,0
185,519069263,vermelho,azul,reativa,vermelho,0,-3,54,150,120,1.2500,0.0377,1107,19,1088,0
186,1300684724,azul,verde,reativa,azul,0,-3,66,150,100,1.5000,0.0769,1472,14,1458,0
186,1300684724,azul,vermelho,reativa,azul,0,-3,66,40,120,0.3333,0.1389,753,9,744,0
186,1300684724,azul,azul,reativa,azul,1,3,66,60,30,2.0000,0.0152,1531,7,1524,0
187,1520408512,verde,verde,reativa,azul,0,-3,34,120,120,1.0000,0.0294,611,9,602,0
187,1520408512,verde,vermelho,reativa,azul,0,-3,34,90,120,0.7500,0.0000,103,8,95,0
187,1520408512,verde,azul,reativa,azul,1,3,34,30,0,30.0000,0.0294,735,3,732,0
188,1385646527,vermelho,verde,reativa,vermelho,0,-3,77,90,120,0.7500,0.0000,272,8,264,0
188,1385646527,vermelho,vermelho,reativa,vermelho,1,3,77,30,0,30.0000,0.0390,1669,4,1665,0
188,1385646527,vermelho,azul,reativa,vermelho,0,-3,77,120,120,1.0000,0.0395,1644,11,1633,0
189,1017835355,azul,verde,reativa,verde,1,3,35,30,30,1.0000,0.0294,732,4,728,0
189,1017835355,azul,vermelho,reativa,verde,0,-3,35,90,120,0.7500,0.0000,102,6,96,0
189,1017835355,azul,azul,reativa,verde,0,-3,35,150,120,1.2500,0.0294,686,10,676,0
190,1799545139,verde,verde,reativa,empate,0,-1,100,120,90,1.3333,0.0000,1855,9,1846,0
190,1799545139,verde,vermelho,reativa,empate,0,-1,100,90,120,0.7500,0.0000,83,8,75,0
190,1799545139,verde,azul,reativa,empate,0,-1,100,0,0,0.0000,0.0000,1599,0,1599,0
191,129883519,vermelho,verde,reativa,empate,0,-1,100,90,120,0.7500,0.0408,1093,13,1080,0
191,129883519,vermelho,vermelho,reativa,empate,0,-1,100,120,90,1.3333,0.0100,1884,9,1875,0
191,129883519,vermelho,azul,reativa,empate,0,-1,100,0,0,0.0000,0.0400,1369,5,1364,0
192,1102580056,azul,verde,reativa,verde,1,3,62,30,30,1.0000,0.0164,1482,13,1469,0
192,1102580056,azul,vermelho,reativa,verde,0,-3,62,80,100,0.8000,0.6250,108,9,99,0
192,1102580056,azul,azul,reativa,verde,0,-3,62,130,110,1.1818,0.1639,1343,15,1328,0
193,1554659575,verde,verde,reativa,azul,0,-3,92,150,120,1.2500,0.0326,1985,12,1973,0
193,1554659575,verde,vermelho,reativa,azul,0,-3,92,90,120,0.7500,0.0909,1005,9,996,0
193,1554659575,verde,azul,reativa,azul,1,3,92,30,30,1.0000,0.0435,2063,8,2055,0
194,1156300410,vermelho,verde,reativa,vermelho,0,-3,10,60,120,0.5000,0.0000,104,4,100,0
194,1156300410,vermelho,vermelho,reativa,vermelho,1,3,10,90,10,9.0000,0.4000,180,6,174,0
194,1156300410,vermelho,azul,reativa,vermelho,0,-3,10,100,120,0.8333,0.0000,121,8,113,0
195,529621933,azul,verde,reativa,vermelho,0,-3,59,150,120,1.2500,0.0172,1069,12,1057,0
195,529621933,azul,vermelho,reativa,vermelho,1,3,59,30,30,1.0000,0.0690,1342,2,1340,0
195,529621933,azul,azul,reativa,vermelho,0,-3,59,90,120,0.7500,0.0000,451,6,445,0
196,1734993955,verde,verde,reativa,azul,0,-3,25,90,120,0.7500,0.3125,314,7,307,0
196,1734993955,verde,vermelho,reativa,azul,0,-3,25,120,120,1.0000,0.0400,531,9,522,0
196,1734993955,verde,azul,reativa,azul,1,3,25,30,0,30.0000,0.0800,559,3,556,0
197,178452452,vermelho,verde,reativa,verde,1,3,19,30,30,1.0000,0.0556,400,1,399,0
197,178452452,vermelho,vermelho,reativa,verde,0,-3,19,150,120,1.2500,0.1111,321,10,311,0
197,178452452,vermelho,azul,reativa,verde,0,-3,19,90,120,0.7500,0.0000,185,7,178,0
198,521402375,azul,verde,reativa,vermelho,0,-3,59,120,120,1.0000,0.1379,1310,13,1297,0
198,521402375,azul,vermelho,reativa,vermelho,1,3,59,30,0,30.0000,0.0517,1357,3,1354,0
198,521402375,azul,azul,reativa,vermelho,0,-3,59,90,120,0.7500,0.0000,81,6,75,0
199,105700785,verde,verde,reativa,verde,1,3,16,150,90,1.6667,0.0625,290,15,275,0
199,105700785,verde,vermelho,reativa,verde,0,-3,16,30,120,0.2500,0.0000,131,6,125,0
199,105700785,verde,azul,reativa,verde,0,-3,16,150,120,1.2500,0.0667,260,10,250,0
200,2008931110,vermelho,verde,reativa,azul,0,-3,89,150,120,1.2500,0.0568,1883,13,1870,0
200,2008931110,vermelho,vermelho,reativa,azul,0,-3,89,90,120,0.7500,0.0000,205,7,198,0
200,2008931110,vermelho,azul,reativa,azul,1,3,89,30,30,1.0000,0.0225,1593,6,1587,0
201,1342046878,azul,verde,reativa,azul,0,-3,37,120,120,1.0000,0.0000,584,13,571,0
201,1342046878,azul,vermelho,reativa,azul,0,-3,37,90,120,0.7500,0.0000,386,12,374,0
201,1342046878,azul,azul,reativa,azul,1,3,37,30,0,30.0000,0.0000,780,5,775,0
202,953152536,verde,verde,reativa,azul,0,-3,69,90,120,0.7500,0.0000,179,6,173,0
202,953152536,verde,vermelho,reativa,azul,0,-3,69,120,120,1.0000,0.0290,1350,17,1333,0
202,953152536,verde,azul,reativa,azul,1,3,69,60,30,2.0000,0.0725,1576,13,1563,0
203,1936411928,vermelho,verde,reativa,vermelho,0,-3,18,80,120,0.6667,0.0000,165,8,157,0
203,1936411928,vermelho,vermelho,reativa,vermelho,1,3,18,30,0,30.0000,0.0000,393,2,391,0
203,1936411928,vermelho,azul,reativa,vermelho,0,-3,18,120,110,1.0909,0.3529,283,8,275,0
204,1166957166,azul,verde,reativa,empate,0,-1,100,90,120,0.7500,0.0833,523,12,511,0
204,1166957166,azul,vermelho,reativa,empate,0,-1,100,120,90,1.3333,0.0000,1513,10,1503,0
204,1166957166,azul,azul,reativa,empate,0,-1,100,0,0,0.0000,0.0000,1018,1,1017,0
205,1693299176,verde,verde,reativa,empate,0,-1,100,120,90,1.3333,0.0200,1907,8,1899,0
205,1693299176,verde,vermelho,reativa,empate,0,-1,100,0,0,0.0000,0.0100,1916,0,1916,0
205,1693299176,verde,azul,reativa,empate,0,-1,100,90,120,0.7500,0.1053,345,5,340,0
206,1869436229,vermelho,verde,reativa,empate,0,-1,100,120,90,1.3333,0.0505,1987,8,1979,0
206,1869436229,vermelho,vermelho,reativa,empate,0,-1,100,90,120,0.7500,0.0000,181,6,175,0
206,1869436229,vermelho,azul,reativa,empate,0,-1,100,0,0,0.0000,0.0100,1412,0,1412,0
207,145879472,azul,verde,reativa,verde,1,3,35,30,30,1.0000,0.0882,761,4,757,0
207,145879472,azul,vermelho,reativa,verde,0,-3,35,90,120,0.7500,0.0000,718,9,709,0
207,145879472,azul,azul,reativa,verde,0,-3,35,150,120,1.2500,0.1176,708,14,694,0
208,149114399,verde,verde,reativa,vermelho,0,-3,88,90,120,0.7500,0.0455,394,5,389,0
208,149114399,verde,vermelho,reativa,vermelho,1,3,88,30,30,1.0000,0.0114,1947,4,1943,0
208,149114399,verde,azul,reativa,vermelho,0,-3,88,150,120,1.2500,0.0575,1949,22,1927,0
209,1683453032,vermelho,verde,reativa,empate,0,-1,100,0,0,0.0000,0.0202,1804,32,1772,0
209,1683453032,vermelho,vermelho,reativa,empate,0,-1,100,0,0,0.0000,0.0200,1183,49,1134,0
209,1683453032,vermelho,azul,reativa,empate,0,-1,100,0,0,0.0000,0.0000,1308,76,1232,0
210,1180105192,azul,verde,reativa,vermelho,0,-3,18,90,120,0.7500,0.0000,107,6,101,0
210,1180105192,azul,vermelho,reativa,vermelho,1,3,18,20,0,20.0000,0.0000,317,3,314,0
210,1180105192,azul,azul,reativa,vermelho,0,-3,18,120,110,1.0909,0.0588,289,10,279,0
211,706502710,verde,verde,reativa,verde,1,3,18,30,0,30.0000,0.0556,381,2,379,0
211,706502710,verde,vermelho,reativa,verde,0,-3,18,120,120,1.0000,0.4706,321,12,309,0
211,706502710,verde,azul,reativa,verde,0,-3,18,90,120,0.7500,0.5000,170,7,163,0
212,1552000050,vermelho,verde,reativa,verde,1,3,57,90,60,1.5000,0.1250,1218,14,1204,0
212,1552000050,vermelho,vermelho,reativa,verde,0,-3,57,90,120,0.7500,0.1154,1140,18,1122,0
212,1552000050,vermelho,azul,reativa,verde,0,-3,57,120,120,1.0000,0.0000,1046,9,1037,0
213,1627387955,azul,verde,reativa,verde,1,3,55,30,0,30.0000,0.0000,1024,3,1021,0
213,1627387955,azul,vermelho,reativa,verde,0,-3,55,120,120,1.0000,0.0377,1133,16,1117,0
213,1627387955,azul,azul,reativa,verde,0,-3,55,90,120,0.7500,0.0000,214,8,206,0
214,692168545,verde,verde,reativa,empate,0,-1,100,90,120,0.7500,0.0000,577,7,570,0
214,692168545,verde,vermelho,reativa,empate,0,-1,100,120,90,1.3333,0.0200,2158,11,2147,0
214,692168545,verde,azul,reativa,empate,0,-1,100,0,0,0.0000,0.0000,1704,1,1703,0
215,1117255669,vermelho,verde,reativa,verde,1,3,60,30,30,1.0000,0.0169,1391,6,1385,0
215,1117255669,vermelho,vermelho,reativa,verde,0,-3,60,150,120,1.2500,0.0000,1259,14,1245,0
215,1117255669,vermelho,azul,reativa,verde,0,-3,60,90,120,0.7500,0.0000,31,6,25,0
216,1291571188,azul,verde,reativa,vermelho,0,-3,76,90,120,0.7500,0.0000,657,7,650,0
216,1291571188,azul,vermelho,reativa,vermelho,1,3,76,30,0,30.0000,0.0000,1093,3,1090,0
216,1291571188,azul,azul,reativa,vermelho,0,-3,76,120,120,1.0000,0.0800,1642,14,1628,0
217,1835059891,verde,verde,reativa,empate,0,-1,100,0,0,0.0000,0.0100,1901,1,1900,0
217,1835059891,verde,vermelho,reativa,empate,0,-1,100,120,90,1.3333,0.0200,1965,13,1952,0
217,1835059891,verde,azul,reativa,empate,0,-1,100,90,120,0.7500,0.0000,131,6,125,0
218,770527005,vermelho,verde,reativa,vermelho,0,-3,13,60,120,0.5000,0.0000,179,6,173,0
218,770527005,vermelho,vermelho,reativa,vermelho,1,3,13,120,30,4.0000,0.0000,230,15,215,0
218,770527005,vermelho,azul,reativa,vermelho,0,-3,13,90,120,0.7500,0.0000,214,12,202,0
219,1839775962,azul,verde,reativa,vermelho,0,-3,57,90,120,0.7500,0.0000,82,7,75,0
219,1839775962,azul,vermelho,reativa,vermelho,1,3,57,30,0,30.0000,0.0536,1306,2,1304,0
219,1839775962,azul,azul,reativa,vermelho,0,-3,57,120,120,1.0000,0.0179,1256,9,1247,0
220,786723664,verde,verde,reativa,azul,0,-3,50,90,120,0.7500,0.0000,56,6,50,0
220,786723664,verde,vermelho,reativa,azul,0,-3,50,150,120,1.2500,0.0400,1105,12,1093,0
220,786723664,verde,azul,reativa,azul,1,3,50,30,30,1.0000,0.0400,1171,1,1170,0
221,1984655043,vermelho,verde,reativa,vermelho,0,-3,30,90,120,0.7500,0.0000,81,7,74,0
221,1984655043,vermelho,vermelho,reativa,vermelho,1,3,30,30,0,30.0000,0.0333,539,2,537,0
221,1984655043,vermelho,azul,reativa,vermelho,0,-3,30,120,120,1.0000,0.0000,580,13,567,0
222,2038087983,azul,verde,reativa,empate,0,-1,100,120,90,1.3333,0.0000,1714,9,1705,0
222,2038087983,azul,vermelho,reativa,empate,0,-1,100,90,120,0.7500,0.0000,514,6,508,0
222,2038087983,azul,azul,reativa,empate,0,-1,100,0,0,0.0000,0.0100,2035,8,2027,0
223,24191029,verde,verde,reativa,azul,0,-3,15,120,120,1.0000,0.0000,283,9,274,0
223,24191029,verde,vermelho,reativa,azul,0,-3,15,90,120,0.7500,0.0000,56,6,50,0
223,24191029,verde,azul,reativa,azul,1,3,15,30,0,30.0000,0.0667,356,6,350,0
224,1641540538,vermelho,verde,reativa,vermelho,0,-3,71,90,120,0.7500,0.0000,98,6,92,0
224,1641540538,vermelho,vermelho,reativa,vermelho,1,3,71,30,30,1.0000,0.0986,1634,2,1632,0
224,1641540538,vermelho,azul,reativa,vermelho,0,-3,71,150,120,1.2500,0.0000,1037,12,1025,0
225,951702792,azul,verde,reativa,azul,0,-3,23,90,120,0.7500,0.0000,231,6,225,0
225,951702792,azul,vermelho,reativa,azul,0,-3,23,120,120,1.0000,0.0000,449,9,440,0
225,951702792,azul,azul,reativa,azul,1,3,23,30,0,30.0000,0.0435,528,3,525,0
226,675296008,verde,verde,reativa,azul,0,-3,28,90,120,0.7500,0.0000,55,6,49,0
226,675296008,verde,vermelho,reativa,azul,0,-3,28,150,120,1.2500,0.0000,560,10,550,0
226,675296008,verde,azul,reativa,azul,1,3,28,30,30,1.0000,0.0714,647,3,644,0
227,559324355,vermelho,verde,reativa,empate,0,-1,100,90,120,0.7500,0.0000,80,7,73,0
227,559324355,vermelho,vermelho,reativa,empate,0,-1,100,0,0,0.0000,0.0300,2068,0,2068,0
227,559324355,vermelho,azul,reativa,empate,0,-1,100,120,90,1.3333,0.0500,1891,10,1881,0
228,981530121,azul,verde,reativa,azul,0,-3,33,90,120,0.7500,0.0000,635,7,628,0
228,981530121,azul,vermelho,reativa,azul,0,-3,33,60,120,0.5000,0.0000,99,9,90,0
228,981530121,azul,azul,reativa,azul,1,3,33,120,30,4.0000,0.0909,698,16,682,0
229,1656250677,verde,verde,reativa,azul,0,-3,10,90,120,0.7500,0.4000,174,8,166,0
229,1656250677,verde,vermelho,reativa,azul,0,-3,10,120,120,1.0000,0.2000,135,9,126,0
229,1656250677,verde,azul,reativa,azul,1,3,10,30,0,30.0000,0.4000,226,5,221,0
230,207735304,vermelho,verde,reativa,empate,0,-1,100,0,0,0.0000,0.0303,2095,0,2095,0
230,207735304,vermelho,vermelho,reativa,empate,0,-1,100,90,120,0.7500,0.0000,104,7,97,0
230,207735304,vermelho,azul,reativa,empate,0,-1,100,120,90,1.3333,0.0100,2000,9,1991,0
231,989711541,azul,verde,reativa,vermelho,0,-3,49,90,120,0.7500,0.0000,223,5,218,0
231,989711541,azul,vermelho,reativa,vermelho,1,3,49,30,0,30.0000,0.1250,1038,7,1031,0
231,989711541,azul,azul,reativa,vermelho,0,-3,49,120,120,1.0000,0.0208,991,9,982,0
232,1444584449,verde,verde,reativa,empate,0,-1,100,90,120,0.7500,0.0000,708,8,700,0
232,1444584449,verde,vermelho,reativa,empate,0,-1,100,0,0,0.0000,0.0000,1822,0,1822,0
232,1444584449,verde,azul,reativa,empate,0,-1,100,120,90,1.3333,0.0100,1863,9,1854,0
233,594435942,vermelho,verde,reativa,empate,0,-1,100,120,90,1.3333,0.0202,1578,14,1564,0
233,594435942,vermelho,vermelho,reativa,empate,0,-1,100,0,0,0.0000,0.0200,2178,2,2176,0
233,594435942,vermelho,azul,reativa,empate,0,-1,100,90,120,0.7500,0.0000,796,6,790,0
234,1488348715,azul,verde,reativa,empate,0,-1,100,120,90,1.3333,0.0606,2153,10,2143,0
234,1488348715,azul,vermelho,reativa,empate,0,-1,100,0,0,0.0000,0.0303,2200,4,2196,0
234,1488348715,azul,azul,reativa,empate,0,-1,100,90,120,0.7500,0.0000,305,7,298,0
235,15411380,verde,verde,reativa,empate,0,-1,100,0,0,0.0000,0.0000,1828,12,1816,0
235,15411380,verde,vermelho,reativa,empate,0,-1,100,120,90,1.3333,0.0300,1885,14,1871,0
235,15411380,verde,azul,reativa,empate,0,-1,100,90,120,0.7500,0.0000,260,11,249,0
236,893382118,vermelho,verde,reativa,vermelho,0,-3,38,150,120,1.2500,0.0000,775,11,764,0
236,893382118,vermelho,vermelho,reativa,vermelho,1,3,38,30,30,1.0000,0.0000,915,5,910,0
236,893382118,vermelho,azul,reativa,vermelho,0,-3,38,90,120,0.7500,0.0000,405,6,399,0
237,829102571,azul,verde,reativa,vermelho,0,-3,22,150,120,1.2500,0.0000,403,10,393,0
237,829102571,azul,vermelho,reativa,vermelho,1,3,22,30,30,1.0000,0.0952,481,3,478,0
237,829102571,azul,azul,reativa,vermelho,0,-3,22,90,120,0.7500,0.0000,82,7,75,0
238,1104959249,verde,verde,reativa,azul,0,-3,13,90,120,0.7500,0.0000,155,7,148,0
238,1104959249,verde,vermelho,reativa,azul,0,-3,13,150,120,1.2500,0.4615,207,10,197,0
238,1104959249,verde,azul,reativa,azul,1,3,13,30,30,1.0000,0.0769,296,3,293,0
239,436567940,vermelho,verde,reativa,empate,0,-1,100,120,90,1.3333,0.0202,1919,9,1910,0
239,436567940,vermelho,vermelho,reativa,empate,0,-1,100,90,120,0.7500,0.0000,175,5,170,0
239,436567940,vermelho,azul,reativa,empate,0,-1,100,0,0,0.0000,0.4700,1073,1,1072,0
240,314003729,azul,verde,reativa,azul,0,-3,23,90,120,0.7500,0.1818,450,6,444,0
240,314003729,azul,vermelho,reativa,azul,0,-3,23,60,120,0.5000,0.0000,410,14,396,0
240,314003729,azul,azul,reativa,azul,1,3,23,120,30,4.0000,0.0000,481,9,472,0
241,334422033,verde,verde,reativa,azul,0,-3,11,90,120,0.7500,0.0000,207,8,199,0
241,334422033,verde,vermelho,reativa,azul,0,-3,11,120,120,1.0000,0.0000,161,8,153,0
241,334422033,verde,azul,reativa,azul,1,3,11,30,0,30.0000,0.0909,231,2,229,0
242,251380444,vermelho,verde,reativa,empate,0,-1,100,120,90,1.3333,0.0000,1407,10,1397,0
242,251380444,vermelho,vermelho,reativa,empate,0,-1,100,0,0,0.0000,0.0400,1973,1,1972,0
242,251380444,vermelho,azul,reativa,empate,0,-1,100,90,120,0.7500,0.0000,108,8,100,0
243,1102806774,azul,verde,reativa,azul,0,-3,47,120,120,1.0000,0.0652,1019,12,1007,0
243,1102806774,azul,vermelho,reativa,azul,0,-3,47,90,120,0.7500,0.0000,199,6,193,0
243,1102806774,azul,azul,reativa,azul,1,3,47,30,0,30.0000,0.0000,586,2,584,0
244,1761145918,verde,verde,reativa,empate,0,-1,100,120,90,1.3333,0.1200,2312,13,2299,0
244,1761145918,verde,vermelho,reativa,empate,0,-1,100,0,0,0.0000,0.0000,1673,0,1673,0
244,1761145918,verde,azul,reativa,empate,0,-1,100,90,120,0.7500,0.0000,279,6,273,0
245,1986957636,vermelho,verde,reativa,verde,1,3,17,30,30,1.0000,0.0625,355,3,352,0
245,1986957636,vermelho,vermelho,reativa,verde,0,-3,17,150,120,1.2500,0.0000,284,12,272,0
245,1986957636,vermelho,azul,reativa,verde,0,-3,17,90,120,0.7500,0.0000,182,8,174,0
246,1517405042,azul,verde,reativa,azul,0,-3,23,120,120,1.0000,0.0000,447,9,438,0
246,1517405042,azul,vermelho,reativa,azul,0,-3,23,90,120,0.7500,0.0000,181,6,175,0
246,1517405042,azul,azul,reativa,azul,1,3,23,30,0,30.0000,0.0435,449,2,447,0
247,286550506,verde,verde,reativa,empate,0,-1,100,90,120,0.7500,0.0698,927,12,915,0
247,286550506,verde,vermelho,reativa,empate,0,-1,100,0,0,0.0000,0.0100,1782,2,1780,0
247,286550506,verde,azul,reativa,empate,0,-1,100,120,90,1.3333,0.0300,1730,12,1718,0
248,137304799,vermelho,verde,reativa,verde,1,3,24,150,90,1.6667,0.0870,447,12,435,0
248,137304799,vermelho,vermelho,reativa,verde,0,-3,24,150,120,1.2500,0.0870,429,12,417,0
248,137304799,vermelho,azul,reativa,verde,0,-3,24,30,120,0.2500,0.0000,209,5,204,0
249,705417887,azul,verde,reativa,vermelho,0,-3,37,120,120,1.0000,0.0278,786,21,765,0
249,705417887,azul,vermelho,reativa,vermelho,1,3,37,30,0,30.0000,0.1111,851,5,846,0
249,705417887,azul,azul,reativa,vermelho,0,-3,37,90,120,0.7500,0.0000,670,5,665,0
250,726116545,verde,verde,reativa,empate,0,-1,100,120,90,1.3333,0.0000,1799,8,1791,0
250,726116545,verde,vermelho,reativa,empate,0,-1,100,0,0,0.0000,0.0000,1578,0,1578,0
250,726116545,verde,azul,reativa,empate,0,-1,100,90,120,0.7500,0.0000,81,6,75,0
251,1291141008,vermelho,verde,reativa,vermelho,0,-3,45,90,120,0.7500,0.0500,421,9,412,0
251,1291141008,vermelho,vermelho,reativa,vermelho,1,3,45,30,30,1.0000,0.0222,935,3,932,0
251,1291141008,vermelho,azul,reativa,vermelho,0,-3,45,150,120,1.2500,0.0227,899,12,887,0
252,397193934,azul,verde,reativa,azul,0,-3,71,150,120,1.2500,0.0857,1472,13,1459,0
252,397193934,azul,vermelho,reativa,azul,0,-3,71,90,120,0.7500,0.0465,949,8,941,0
252,397193934,azul,azul,reativa,azul,1,3,71,30,30,1.0000,0.0282,1567,8,1559,0
253,214387698,verde,verde,reativa,empate,0,-1,100,90,120,0.7500,0.0541,796,6,790,0
253,214387698,verde,vermelho,reativa,empate,0,-1,100,120,90,1.3333,0.0400,2033,20,2013,0
253,214387698,verde,azul,reativa,empate,0,-1,100,0,0,0.0000,0.0800,2267,7,2260,0
254,2132358912,vermelho,verde,reativa,empate,0,-1,100,90,120,0.7500,0.1724,582,10,572,0
254,2132358912,vermelho,vermelho,reativa,empate,0,-1,100,120,90,1.3333,0.0300,1868,13,1855,0
254,2132358912,vermelho,azul,reativa,empate,0,-1,100,0,0,0.0000,0.0200,2038,2,2036,0
255,58356795,azul,verde,reativa,empate,0,-1,100,120,90,1.3333,0.0606,1839,28,1811,0
255,58356795,azul,vermelho,reativa,empate,0,-1,100,90,120,0.7500,0.2727,435,6,429,0
255,58356795,azul,azul,reativa,empate,0,-1,100,0,0,0.0000,0.0500,2276,6,2270,0
256,1589790228,verde,verde,reativa,vermelho,0,-3,29,90,120,0.7500,0.1429,233,6,227,0
256,1589790228,verde,vermelho,reativa,vermelho,1,3,29,30,30,1.0000,0.1724,606,6,600,0
256,1589790228,verde,azul,reativa,vermelho,0,-3,29,150,120,1.2500,0.1071,540,15,525,0
257,435970243,vermelho,verde,reativa,vermelho,0,-3,13,150,120,1.2500,0.0000,164,12,152,0
257,435970243,vermelho,vermelho,reativa,vermelho,1,3,13,30,30,1.0000,0.0000,295,8,287,0
257,435970243,vermelho,azul,reativa,vermelho,0,-3,13,90,120,0.7500,0.0000,176,11,165,0
258,1527342900,azul,verde,reativa,empate,0,-1,100,0,0,0.0000,0.7980,1841,1,1840,0
258,1527342900,azul,vermelho,reativa,empate,0,-1,100,0,0,0.0000,0.0000,1881,0,1881,0
258,1527342900,azul,azul,reativa,empate,0,-1,100,0,0,0.0000,0.0000,1831,1,1830,0
259,1108040743,verde,verde,reativa,azul,0,-3,59,90,120,0.7500,0.2353,327,6,321,0
259,1108040743,verde,vermelho,reativa,azul,0,-3,59,150,120,1.2500,0.0678,1326,11,1315,0
259,1108040743,verde,azul,reativa,azul,1,3,59,30,30,1.0000,0.0847,1271,5,1266,0
260,1006993171,vermelho,verde,reativa,azul,0,-3,39,90,120,0.7500,0.0000,254,10,244,0
260,1006993171,vermelho,vermelho,reativa,azul,0,-3,39,120,120,1.0000,0.0769,818,11,807,0
260,1006993171,vermelho,azul,reativa,azul,1,3,39,30,0,30.0000,0.0513,796,6,790,0
261,275007496,azul,verde,reativa,azul,0,-3,34,120,120,1.0000,0.0303,722,11,711,0
261,275007496,azul,vermelho,reativa,azul,0,-3,34,90,120,0.7500,0.0000,328,9,319,0
261,275007496,azul,azul,reativa,azul,1,3,34,30,0,30.0000,0.0000,618,4,614,0
262,1290417309,verde,verde,reativa,verde,1,3,32,30,30,1.0000,0.0000,713,4,709,0
262,1290417309,verde,vermelho,reativa,verde,0,-3,32,150,120,1.2500,0.0323,621,13,608,0
262,1290417309,verde,azul,reativa,verde,0,-3,32,90,120,0.7500,0.0000,415,10,405,0
263,1970741504,vermelho,verde,reativa,empate,0,-1,100,0,0,0.0000,0.0202,1227,1,1226,0
263,1970741504,vermelho,vermelho,reativa,empate,0,-1,100,90,120,0.7500,0.1000,182,8,174,0
263,1970741504,vermelho,azul,reativa,empate,0,-1,100,120,90,1.3333,0.8200,1847,10,1837,0
264,432544778,azul,verde,reativa,empate,0,-1,100,0,0,0.0000,0.0000,1535,6,1529,0
264,432544778,azul,vermelho,reativa,empate,0,-1,100,120,90,1.3333,0.0202,1926,10,1916,0
264,432544778,azul,azul,reativa,empate,0,-1,100,90,120,0.7500,0.1364,452,13,439,0
265,1532962704,verde,verde,reativa,verde,1,3,67,30,0,30.0000,0.0299,1412,7,1405,0
265,1532962704,verde,vermelho,reativa,verde,0,-3,67,90,120,0.7500,0.0938,688,8,680,0
265,1532962704,verde,azul,reativa,verde,0,-3,67,120,120,1.0000,0.0455,1476,13,1463,0
266,1798660105,vermelho,verde,reativa,azul,0,-3,30,90,120,0.7500,0.1818,178,7,171,0
266,1798660105,vermelho,vermelho,reativa,azul,0,-3,30,150,120,1.2500,0.0000,595,10,585,0
266,1798660105,vermelho,azul,reativa,azul,1,3,30,30,30,1.0000,0.0667,694,3,691,0
267,358080245,azul,verde,reativa,verde,1,3,20,120,60,2.0000,0.0526,376,15,361,0
267,358080245,azul,vermelho,reativa,verde,0,-3,20,120,120,1.0000,0.0000,349,18,331,0
267,358080245,azul,azul,reativa,verde,0,-3,20,60,120,0.5000,0.0556,363,5,358,0
268,1943115339,verde,verde,reativa,empate,0,-1,100,0,0,0.0000,0.0000,1905,3,1902,0
268,1943115339,verde,vermelho,reativa,empate,0,-1,100,120,90,1.3333,0.0200,1887,9,1878,0
268,1943115339,verde,azul,reativa,empate,0,-1,100,90,120,0.7500,0.0400,539,6,533,0
269,477278850,vermelho,verde,reativa,azul,0,-3,21,180,120,1.5000,0.2500,362,12,350,0
269,477278850,vermelho,vermelho,reativa,azul,0,-3,21,60,120,0.5000,0.0000,131,6,125,0
269,477278850,vermelho,azul,reativa,azul,1,3,21,60,60,1.0000,0.1429,461,4,457,0
270,522803334,azul,verde,reativa,empate,0,-1,100,90,120,0.7500,0.0000,362,6,356,0
270,522803334,azul,vermelho,reativa,empate,0,-1,100,120,90,1.3333,0.0202,2124,11,2113,0
270,522803334,azul,azul,reativa,empate,0,-1,100,0,0,0.0000,0.0100,1846,2,1844,0
271,1159399617,verde,verde,reativa,empate,0,-1,100,120,90,1.3333,0.0000,1681,12,1669,0
271,1159399617,verde,vermelho,reativa,empate,0,-1,100,0,0,0.0000,0.0000,1662,0,1662,0
271,1159399617,verde,azul,reativa,empate,0,-1,100,90,120,0.7500,0.0000,114,7,107,0
272,1955071387,vermelho,verde,reativa,verde,1,3,32,30,30,1.0000,0.0000,753,4,749,0
272,1955071387,vermelho,vermelho,reativa,verde,0,-3,32,150,120,1.2500,0.0000,600,15,585,0
272,1955071387,vermelho,azul,reativa,verde,0,-3,32,90,120,0.7500,0.0417,428,13,415,0
273,2082054462,azul,verde,reativa,empate,0,-1,100,0,0,0.0000,0.0000,1817,0,1817,0
273,2082054462,azul,vermelho,reativa,empate,0,-1,100,90,120,0.7500,0.0000,586,7,579,0
273,2082054462,azul,azul,reativa,empate,0,-1,100,120,90,1.3333,0.0400,2210,8,2202,0
274,616255602,verde,verde,reativa,empate,0,-1,100,120,90,1.3333,0.0100,1950,19,1931,0
274,616255602,verde,vermelho,reativa,empate,0,-1,100,0,0,0.0000,0.0100,2003,15,1988,0
274,616255602,verde,azul,reativa,empate,0,-1,100,90,120,0.7500,0.0784,1102,13,1089,0
275,330685898,vermelho,verde,reativa,verde,1,3,32,30,30,1.0000,0.0645,712,3,709,0
275,330685898,vermelho,vermelho,reativa,verde,0,-3,32,150,120,1.2500,0.0323,581,11,570,0
275,330685898,vermelho,azul,reativa,verde,0,-3,32,90,120,0.7500,0.0000,141,6,135,0
276,293034207,azul,verde,reativa,azul,0,-3,34,150,120,1.2500,0.1818,679,13,666,0
276,293034207,azul,vermelho,reativa,azul,0,-3,34,90,120,0.7500,0.0323,678,7,671,0
276,293034207,azul,azul,reativa,azul,1,3,34,30,30,1.0000,0.0000,720,6,714,0
277,1726906955,verde,verde,reativa,vermelho,0,-3,32,90,120,0.7500,0.0000,663,8,655,0
277,1726906955,verde,vermelho,reativa,vermelho,1,3,32,60,30,2.0000,0.0625,701,7,694,0
277,1726906955,verde,azul,reativa,vermelho,0,-3,32,120,120,1.0000,0.0323,666,13,653,0
278,652899206,vermelho,verde,reativa,vermelho,0,-3,40,90,120,0.7500,0.0476,442,6,436,0
278,652899206,vermelho,vermelho,reativa,vermelho,1,3,40,30,30,1.0000,0.0500,912,6,906,0
278,652899206,vermelho,azul,reativa,vermelho,0,-3,40,150,120,1.2500,0.2051,773,15,758,0
279,1775053101,azul,verde,reativa,vermelho,0,-3,79,90,120,0.7500,0.0000,106,6,100,0
279,1775053101,azul,vermelho,reativa,vermelho,1,3,79,30,30,1.0000,0.0769,1796,4,1792,0
279,1775053101,azul,azul,reativa,vermelho,0,-3,79,150,120,1.2500,0.0385,1656,23,1633,0
280,1138206718,verde,verde,reativa,vermelho,0,-3,88,120,120,1.0000,0.1136,2015,18,1997,0
280,1138206718,verde,vermelho,reativa,vermelho,1,3,88,30,0,30.0000,0.0568,2016,3,2013,0
280,1138206718,verde,azul,reativa,vermelho,0,-3,88,90,120,0.7500,0.0000,180,5,175,0
281,1154859730,vermelho,verde,reativa,verde,1,3,15,30,0,30.0000,0.0714,324,3,321,0
281,1154859730,vermelho,vermelho,reativa,verde,0,-3,15,90,120,0.7500,0.1667,82,7,75,0
281,1154859730,vermelho,azul,reativa,verde,0,-3,15,120,120,1.0000,0.0714,253,8,245,0
282,1853518004,azul,verde,reativa,empate,0,-1,100,0,0,0.0000,0.0101,1937,6,1931,0
282,1853518004,azul,vermelho,reativa,empate,0,-1,100,120,90,1.3333,0.0000,1747,12,1735,0
282,1853518004,azul,azul,reativa,empate,0,-1,100,90,120,0.7500,0.0000,1520,12,1508,0
283,556386123,verde,verde,reativa,empate,0,-1,100,120,90,1.3333,0.0300,1946,9,1937,0
283,556386123,verde,vermelho,reativa,empate,0,-1,100,0,0,0.0000,0.0000,1657,0,1657,0
283,556386123,verde,azul,reativa,empate,0,-1,100,90,120,0.7500,0.0606,649,8,641,0
284,884053951,vermelho,verde,reativa,vermelho,0,-3,29,120,120,1.0000,0.0714,598,11,587,0
284,884053951,vermelho,vermelho,reativa,vermelho,1,3,29,30,0,30.0000,0.1724,665,2,663,0
284,884053951,vermelho,azul,reativa,vermelho,0,-3,29,90,120,0.7500,0.0455,484,9,475,0
285,1520719184,azul,verde,reativa,empate,0,-1,100,0,0,0.0000,0.0000,1982,0,1982,0
285,1520719184,azul,vermelho,reativa,empate,0,-1,100,0,0,0.0000,0.0101,1903,1,1902,0
285,1520719184,azul,azul,reativa,empate,0,-1,100,0,0,0.0000,0.0200,1861,1,1860,0
286,1349709110,verde,verde,reativa,verde,1,3,42,30,30,1.0000,0.0476,978,4,974,0
286,1349709110,verde,vermelho,reativa,verde,0,-3,42,90,120,0.7500,0.0556,635,17,618,0
286,1349709110,verde,azul,reativa,verde,0,-3,42,150,120,1.2500,0.0244,839,12,827,0
287,1449566124,vermelho,verde,reativa,verde,1,3,28,30,0,30.0000,0.0000,430,4,426,0
287,1449566124,vermelho,vermelho,reativa,verde,0,-3,28,120,120,1.0000,0.0370,555,11,544,0
287,1449566124,vermelho,azul,reativa,verde,0,-3,28,90,120,0.7500,0.0000,107,7,100,0
288,546701403,azul,verde,reativa,verde,1,3,13,30,30,1.0000,0.0000,277,2,275,0
288,546701403,azul,vermelho,reativa,verde,0,-3,13,150,120,1.2500,0.0909,156,10,146,0
288,546701403,azul,azul,reativa,verde,0,-3,13,90,120,0.7500,0.1429,94,6,88,0
289,1544369877,verde,verde,reativa,verde,1,3,59,30,0,30.0000,0.1017,1419,12,1407,0
289,1544369877,verde,vermelho,reativa,verde,0,-3,59,120,120,1.0000,0.0345,1270,12,1258,0
289,1544369877,verde,azul,reativa,verde,0,-3,59,90,120,0.7500,0.0182,1237,10,1227,0
290,531010709,vermelho,verde,reativa,vermelho,0,-3,11,90,120,0.7500,0.0000,133,9,124,0
290,531010709,vermelho,vermelho,reativa,vermelho,1,3,11,90,90,1.0000,0.0000,207,10,197,0
290,531010709,vermelho,azul,reativa,vermelho,0,-3,11,150,120,1.2500,0.0000,124,16,108,0
291,53123547,azul,verde,reativa,vermelho,0,-3,91,90,120,0.7500,0.0000,30,6,24,0
291,53123547,azul,vermelho,reativa,vermelho,1,3,91,30,0,30.0000,0.0444,2073,10,2063,0
291,53123547,azul,azul,reativa,vermelho,0,-3,91,120,120,1.0000,0.0333,2025,12,2013,0
292,231262719,verde,verde,reativa,vermelho,0,-3,76,120,120,1.0000,0.1447,1652,17,1635,0
292,231262719,verde,vermelho,reativa,vermelho,1,3,76,30,0,30.0000,0.0789,1734,7,1727,0
292,231262719,verde,azul,reativa,vermelho,0,-3,76,90,120,0.7500,0.2083,479,8,471,0
293,662711743,vermelho,verde,reativa,empate,0,-1,100,120,90,1.3333,0.0505,1754,10,1744,0
293,662711743,vermelho,vermelho,reativa,empate,0,-1,100,0,0,0.0000,0.0100,1863,3,1860,0
293,662711743,vermelho,azul,reativa,empate,0,-1,100,90,120,0.7500,0.0000,88,7,81,0
294,842140641,azul,verde,reativa,vermelho,0,-3,26,150,120,1.2500,0.0400,468,12,456,0
294,842140641,azul,vermelho,reativa,vermelho,1,3,26,30,30,1.0000,0.0400,504,6,498,0
294,842140641,azul,azul,reativa,vermelho,0,-3,26,90,120,0.7500,0.0000,106,7,99,0
295,1252927648,verde,verde,reativa,empate,0,-1,100,0,0,0.0000,0.0400,1914,1,1913,0
295,1252927648,verde,vermelho,reativa,empate,0,-1,100,120,90,1.3333,0.0000,1400,10,1390,0
295,1252927648,verde,azul,reativa,empate,0,-1,100,90,120,0.7500,0.0000,534,10,524,0
296,488546147,vermelho,verde,reativa,azul,0,-3,37,90,120,0.7500,0.0769,251,8,243,0
296,488546147,vermelho,vermelho,reativa,azul,0,-3,37,120,120,1.0000,0.0541,777,10,767,0
296,488546147,vermelho,azul,reativa,azul,1,3,37,30,0,30.0000,0.0270,752,3,749,0
297,1093134130,azul,verde,reativa,verde,1,3,65,30,30,1.0000,0.0313,1298,3,1295,0
297,1093134130,azul,vermelho,reativa,verde,0,-3,65,90,120,0.7500,0.0000,81,6,75,0
297,1093134130,azul,azul,reativa,verde,0,-3,65,150,120,1.2500,0.0313,1372,12,1360,0
298,856898793,verde,verde,reativa,vermelho,0,-3,21,90,120,0.7500,0.0000,412,8,404,0
298,856898793,verde,vermelho,reativa,vermelho,1,3,21,60,0,60.0000,0.0000,466,12,454,0
298,856898793,verde,azul,reativa,vermelho,0,-3,21,90,120,0.7500,0.0500,374,8,366,0
299,679112036,vermelho,verde,reativa,empate,0,-1,100,90,120,0.7500,0.0667,302,5,297,0
299,679112036,vermelho,vermelho,reativa,empate,0,-1,100,120,90,1.3333,0.0800,2269,13,2256,0
299,679112036,vermelho,azul,reativa,empate,0,-1,100,0,0,0.0000,0.0100,1702,5,1697,0
300,79218301,azul,verde,reativa,vermelho,0,-3,97,90,120,0.7500,0.1250,278,7,271,0
300,79218301,azul,vermelho,reativa,vermelho,1,3,97,30,30,1.0000,0.0729,2184,4,2180,0
300,79218301,azul,azul,reativa,vermelho,0,-3,97,150,120,1.2500,0.0313,1613,11,1602,0
301,1425715911,verde,verde,reativa,azul,0,-3,42,90,120,0.7500,0.0000,372,8,364,0
301,1425715911,verde,vermelho,reativa,azul,0,-3,42,120,120,1.0000,0.0238,850,14,836,0
301,1425715911,verde,azul,reativa,azul,1,3,42,30,0,30.0000,0.0238,900,6,894,0
302,324304472,vermelho,verde,reativa,empate,0,-1,100,0,0,0.0000,0.0000,1734,0,1734,0
302,324304472,vermelho,vermelho,reativa,empate,0,-1,100,120,90,1.3333,0.0000,1662,10,1652,0
302,324304472,vermelho,azul,reativa,empate,0,-1,100,90,120,0.7500,0.0000,206,7,199,0
303,1492864929,azul,verde,reativa,azul,0,-3,22,60,120,0.5000,0.1250,146,8,138,0
303,1492864929,azul,vermelho,reativa,azul,0,-3,22,120,120,1.0000,0.0476,429,13,416,0
303,1492864929,azul,azul,reativa,azul,1,3,22,120,60,2.0000,0.0000,430,12,418,0
304,1121729027,verde,verde,reativa,vermelho,0,-3,21,60,120,0.5000,0.0000,443,5,438,0
304,1121729027,verde,vermelho,reativa,vermelho,1,3,21,120,60,2.0000,0.0000,377,13,364,0
304,1121729027,verde,azul,reativa,vermelho,0,-3,21,120,120,1.0000,0.0000,395,15,380,0
305,329186859,vermelho,verde,reativa,azul,0,-3,11,90,120,0.7500,0.5556,156,9,147,0
305,329186859,vermelho,vermelho,reativa,azul,0,-3,11,150,120,1.2500,0.0000,146,13,133,0
305,329186859,vermelho,azul,reativa,azul,1,3,11,60,60,1.0000,0.4545,215,8,207,0
306,947366636,azul,verde,reativa,empate,0,-1,100,120,80,1.5000,0.1212,2147,11,2136,0
306,947366636,azul,vermelho,reativa,empate,0,-1,100,0,0,0.0000,0.0202,1873,0,1873,0
306,947366636,azul,azul,reativa,empate,0,-1,100,80,120,0.6667,0.0549,1790,9,1781,0
307,1818107138,verde,verde,reativa,empate,0,-1,100,120,90,1.3333,0.0000,1567,15,1552,0
307,1818107138,verde,vermelho,reativa,empate,0,-1,100,90,120,0.7500,0.1000,158,8,150,0
307,1818107138,verde,azul,reativa,empate,0,-1,100,0,0,0.0000,0.0400,2344,4,2340,0
308,635456449,vermelho,verde,reativa,verde,1,3,77,30,30,1.0000,0.0658,1651,8,1643,0
308,635456449,vermelho,vermelho,reativa,verde,0,-3,77,150,120,1.2500,0.0395,1447,19,1428,0
308,635456449,vermelho,azul,reativa,verde,0,-3,77,90,120,0.7500,0.0000,525,8,517,0
309,1609319578,azul,verde,reativa,verde,1,3,20,30,0,30.0000,0.0526,433,2,431,0
309,1609319578,azul,vermelho,reativa,verde,0,-3,20,120,120,1.0000,0.0556,355,9,346,0
309,1609319578,azul,azul,reativa,verde,0,-3,20,90,120,0.7500,0.1250,126,7,119,0
310,391903060,verde,verde,reativa,azul,0,-3,25,90,120,0.7500,0.0000,257,8,249,0
310,391903060,verde,vermelho,reativa,azul,0,-3,25,150,120,1.2500,0.0400,440,12,428,0
310,391903060,verde,azul,reativa,azul,1,3,25,30,30,1.0000,0.0400,592,4,588,0
311,369162837,vermelho,verde,reativa,verde,1,3,60,30,30,1.0000,0.0508,1362,2,1360,0
311,369162837,vermelho,vermelho,reativa,verde,0,-3,60,80,120,0.6667,0.0000,33,8,25,0
311,369162837,vermelho,azul,reativa,verde,0,-3,60,150,110,1.3636,0.1186,1298,15,1283,0
312,40002021,azul,verde,reativa,verde,1,3,13,30,0,30.0000,0.2500,269,2,267,0
312,40002021,azul,vermelho,reativa,verde,0,-3,13,90,120,0.7500,0.0000,95,7,88,0
312,40002021,azul,azul,reativa,verde,0,-3,13,120,120,1.0000,0.0000,191,9,182,0
313,349757038,verde,verde,reativa,vermelho,0,-3,37,150,120,1.2500,0.0000,784,12,772,0
313,349757038,verde,vermelho,reativa,vermelho,1,3,37,30,30,1.0000,0.0541,808,4,804,0
313,349757038,verde,azul,reativa,vermelho,0,-3,37,90,120,0.7500,0.0000,515,12,503,0
314,1753032231,vermelho,verde,reativa,empate,0,-1,100,0,0,0.0000,0.0101,1881,1,1880,0
314,1753032231,vermelho,vermelho,reativa,empate,0,-1,100,120,90,1.3333,0.0100,1511,8,1503,0
314,1753032231,vermelho,azul,reativa,empate,0,-1,100,90,120,0.7500,0.0000,236,6,230,0
315,1173196213,azul,verde,reativa,verde,1,3,15,30,30,1.0000,0.0000,316,4,312,0
315,1173196213,azul,vermelho,reativa,verde,0,-3,15,90,120,0.7500,0.0000,178,7,171,0
315,1173196213,azul,azul,reativa,verde,0,-3,15,150,120,1.2500,0.0000,214,10,204,0
316,63142686,verde,verde,reativa,azul,0,-3,86,120,120,1.0000,0.0233,1901,13,1888,0
316,63142686,verde,vermelho,reativa,azul,0,-3,86,90,120,0.7500,0.0625,322,7,315,0
316,63142686,verde,azul,reativa,azul,1,3,86,30,0,30.0000,0.0116,1764,3,1761,0
317,681300813,vermelho,verde,reativa,vermelho,0,-3,14,150,120,1.2500,0.0000,202,10,192,0
317,681300813,vermelho,vermelho,reativa,vermelho,1,3,14,30,30,1.0000,0.0000,322,6,316,0
317,681300813,vermelho,azul,reativa,vermelho,0,-3,14,90,120,0.7500,0.0000,81,6,75,0
318,506974165,azul,verde,reativa,verde,1,3,58,30,0,30.0000,0.0526,1294,10,1284,0
318,506974165,azul,vermelho,reativa,verde,0,-3,58,90,120,0.7500,0.0000,101,8,93,0
318,506974165,azul,azul,reativa,verde,0,-3,58,120,120,1.0000,0.0351,1190,11,1179,0
319,1573761150,verde,verde,reativa,azul,0,-3,11,150,120,1.2500,0.4545,160,10,150,0
319,1573761150,verde,vermelho,reativa,azul,0,-3,11,90,120,0.7500,0.0000,82,7,75,0
319,1573761150,verde,azul,reativa,azul,1,3,11,30,30,1.0000,0.0000,223,3,220,0
320,1937942672,vermelho,verde,reativa,verde,1,3,98,30,0,30.0000,0.0722,2219,3,2216,0
320,1937942672,vermelho,vermelho,reativa,verde,0,-3,98,90,120,0.7500,0.2857,553,7,546,0
320,1937942672,vermelho,azul,reativa,verde,0,-3,98,120,120,1.0000,0.0619,1765,9,1756,0
321,2043056792,azul,verde,reativa,vermelho,0,-3,24,110,120,0.9167,0.0000,463,12,451,0
321,2043056792,azul,vermelho,reativa,vermelho,1,3,24,90,20,4.5000,0.1739,475,11,464,0
321,2043056792,azul,azul,reativa,vermelho,0,-3,24,60,120,0.5000,0.0000,433,5,428,0
322,1502885451,verde,verde,reativa,azul,0,-3,32,90,120,0.7500,0.0357,483,7,476,0
322,1502885451,verde,vermelho,reativa,azul,0,-3,32,120,120,1.0000,0.0000,682,7,675,0
322,1502885451,verde,azul,reativa,azul,1,3,32,60,30,2.0000,0.0938,674,6,668,0
323,1638525914,vermelho,verde,reativa,empate,0,-1,100,90,120,0.7500,0.0465,963,10,953,0
323,1638525914,vermelho,vermelho,reativa,empate,0,-1,100,0,0,0.0000,0.0300,1760,7,1753,0
323,1638525914,vermelho,azul,reativa,empate,0,-1,100,120,90,1.3333,0.0100,2063,27,2036,0
324,1461675684,azul,verde,reativa,verde,1,3,21,30,0,30.0000,0.0500,468,5,463,0
324,1461675684,azul,vermelho,reativa,verde,0,-3,21,90,120,0.7500,0.0000,57,7,50,0
324,1461675684,azul,azul,reativa,verde,0,-3,21,120,120,1.0000,0.0000,404,10,394,0
325,971720179,verde,verde,reativa,azul,0,-3,21,90,120,0.7500,0.0833,222,8,214,0
325,971720179,verde,vermelho,reativa,azul,0,-3,21,120,120,1.0000,0.0000,416,12,404,0
325,971720179,verde,azul,reativa,azul,1,3,21,30,0,30.0000,0.0952,484,4,480,0
326,566942735,vermelho,verde,reativa,empate,0,-1,100,0,0,0.0000,0.0202,1901,4,1897,0
326,566942735,vermelho,vermelho,reativa,empate,0,-1,100,90,120,0.7500,0.1765,341,8,333,0
326,566942735,vermelho,azul,reativa,empate,0,-1,100,120,90,1.3333,0.0200,1765,10,1755,0
327,1508647464,azul,verde,reativa,azul,0,-3,40,150,120,1.2500,0.0513,821,11,810,0
327,1508647464,azul,vermelho,reativa,azul,0,-3,40,90,120,0.7500,0.0000,732,15,717,0
327,1508647464,azul,azul,reativa,azul,1,3,40,30,30,1.0000,0.0250,953,3,950,0
328,603781327,verde,verde,reativa,azul,0,-3,13,150,120,1.2500,0.0000,201,11,190,0
328,603781327,verde,vermelho,reativa,azul,0,-3,13,90,120,0.7500,0.0000,104,8,96,0
328,603781327,verde,azul,reativa,azul,1,3,13,30,30,1.0000,0.0000,216,2,214,0
329,1627862180,vermelho,verde,reativa,empate,0,-1,100,120,90,1.3333,0.0202,1578,9,1569,0
329,1627862180,vermelho,vermelho,reativa,empate,0,-1,100,0,0,0.0000,0.4200,1777,0,1777,0
329,1627862180,vermelho,azul,reativa,empate,0,-1,100,90,120,0.7500,0.0000,157,7,150,0
330,2108647050,azul,verde,reativa,verde,1,3,44,30,30,1.0000,0.0000,810,1,809,0
330,2108647050,azul,vermelho,reativa,verde,0,-3,44,90,120,0.7500,0.0526,811,8,803,0
330,2108647050,azul,azul,reativa,verde,0,-3,44,150,120,1.2500,0.0698,916,12,904,0
331,71850044,verde,verde,reativa,azul,0,-3,10,150,120,1.2500,0.0000,136,11,125,0
331,71850044,verde,vermelho,reativa,azul,0,-3,10,90,120,0.7500,0.0000,81,7,74,0
331,71850044,verde,azul,reativa,azul,1,3,10,30,30,1.0000,0.1000,228,3,225,0
332,87384019,vermelho,verde,reativa,azul,0,-3,16,120,120,1.0000,0.0000,279,9,270,0
332,87384019,vermelho,vermelho,reativa,azul,0,-3,16,90,120,0.7500,0.0000,195,6,189,0
332,87384019,vermelho,azul,reativa,azul,1,3,16,30,0,30.0000,0.1250,359,3,356,0
333,456098441,azul,verde,reativa,vermelho,0,-3,59,150,120,1.2500,0.0690,1186,12,1174,0
333,456098441,azul,vermelho,reativa,vermelho,1,3,59,30,30,1.0000,0.0862,1342,4,1338,0
333,456098441,azul,azul,reativa,vermelho,0,-3,59,90,120,0.7500,0.0400,542,6,536,0
334,325496467,verde,verde,reativa,empate,0,-1,100,90,120,0.7500,0.0000,117,8,109,0
334,325496467,verde,vermelho,reativa,empate,0,-1,100,0,0,0.0000,0.0100,2004,35,1969,0
334,325496467,verde,azul,reativa,empate,0,-1,100,120,90,1.3333,0.0100,1799,44,1755,0
335,1049597105,vermelho,verde,reativa,verde,1,3,50,30,0,30.0000,0.0000,1042,8,1034,0
335,1049597105,vermelho,vermelho,reativa,verde,0,-3,50,90,120,0.7500,0.1000,149,8,141,0
335,1049597105,vermelho,azul,reativa,verde,0,-3,50,120,120,1.0000,0.0408,1073,11,1062,0
336,1667655431,azul,verde,reativa,vermelho,0,-3,57,150,120,1.2500,0.0357,1258,23,1235,0
336,1667655431,azul,vermelho,reativa,vermelho,1,3,57,30,30,1.0000,0.0357,1290,4,1286,0
336,1667655431,azul,azul,reativa,vermelho,0,-3,57,90,120,0.7500,0.0714,561,7,554,0
337,970802006,verde,verde,reativa,azul,0,-3,9,120,120,1.0000,0.4444,133,8,125,0
337,970802006,verde,vermelho,reativa,azul,0,-3,9,60,120,0.5000,0.0000,104,4,100,0
337,970802006,verde,azul,reativa,azul,1,3,9,120,60,2.0000,0.1111,133,8,125,0
338,1342970439,vermelho,verde,reativa,verde,1,3,74,30,0,30.0000,0.1233,1748,5,1743,0
338,1342970439,vermelho,vermelho,reativa,verde,0,-3,74,90,120,0.7500,0.1525,1322,10,1312,0
338,1342970439,vermelho,azul,reativa,verde,0,-3,74,120,120,1.0000,0.0411,1555,10,1545,0
339,437208980,azul,verde,reativa,verde,1,3,32,30,0,30.0000,0.0323,711,3,708,0
339,437208980,azul,vermelho,reativa,verde,0,-3,32,90,120,0.7500,0.0000,119,7,112,0
339,437208980,azul,azul,reativa,verde,0,-3,32,120,120,1.0000,0.0000,563,15,548,0
340,1192874511,verde,verde,reativa,verde,1,3,20,30,30,1.0000,0.1000,449,3,446,0
340,1192874511,verde,vermelho,reativa,verde,0,-3,20,150,120,1.2500,0.1053,325,11,314,0
340,1192874511,verde,azul,reativa,verde,0,-3,20,90,120,0.7500,0.0000,306,11,295,0
341,766493470,vermelho,verde,reativa,empate,0,-1,100,90,120,0.7500,0.0556,381,6,375,0
341,766493470,vermelho,vermelho,reativa,empate,0,-1,100,0,0,0.0000,0.0100,1340,37,1303,0
341,766493470,vermelho,azul,reativa,empate,0,-1,100,120,90,1.3333,0.0000,1654,48,1606,0
342,410536207,azul,verde,reativa,verde,1,3,12,30,0,30.0000,0.0909,235,3,232,0
342,410536207,azul,vermelho,reativa,verde,0,-3,12,120,120,1.0000,0.0000,158,8,150,0
342,410536207,azul,azul,reativa,verde,0,-3,12,90,120,0.7500,0.0000,80,6,74,0
343,14153581,verde,verde,reativa,vermelho,0,-3,23,150,120,1.2500,0.0000,443,11,432,0
343,14153581,verde,vermelho,reativa,vermelho,1,3,23,30,30,1.0000,0.0870,507,3,504,0
343,14153581,verde,azul,reativa,vermelho,0,-3,23,90,120,0.7500,0.0000,82,7,75,0
344,307708705,vermelho,verde,reativa,azul,0,-3,14,120,120,1.0000,0.0000,232,8,224,0
344,307708705,vermelho,vermelho,reativa,azul,0,-3,14,90,120,0.7500,0.0833,221,6,215,0
344,307708705,vermelho,azul,reativa,azul,1,3,14,60,30,2.0000,0.0714,304,5,299,0
345,1409996403,azul,verde,reativa,vermelho,0,-3,40,150,120,1.2500,0.0513,838,16,822,0
345,1409996403,azul,vermelho,reativa,vermelho,1,3,40,30,30,1.0000,0.0000,877,3,874,0
345,1409996403,azul,azul,reativa,vermelho,0,-3,40,90,120,0.7500,0.0000,244,5,239,0
346,1737144842,verde,verde,reativa,azul,0,-3,57,90,120,0.7500,0.0000,368,6,362,0
346,1737144842,verde,vermelho,reativa,azul,0,-3,57,150,120,1.2500,0.1579,1215,13,1202,0
346,1737144842,verde,azul,reativa,azul,1,3,57,30,30,1.0000,0.1404,1300,4,1296,0
347,924703773,vermelho,verde,reativa,vermelho,0,-3,19,120,110,1.0909,0.3333,339,11,328,0
347,924703773,vermelho,vermelho,reativa,vermelho,1,3,19,30,0,30.0000,0.0000,426,6,420,0
347,924703773,vermelho,azul,reativa,vermelho,0,-3,19,80,120,0.6667,0.0000,33,8,25,0
348,928223588,azul,verde,reativa,azul,0,-3,24,60,120,0.5000,0.0000,274,7,267,0
348,928223588,azul,vermelho,reativa,azul,0,-3,24,90,120,0.7500,0.0870,486,8,478,0
348,928223588,azul,azul,reativa,azul,1,3,24,180,90,2.0000,0.0833,400,19,381,0
349,1182005340,verde,verde,reativa,vermelho,0,-3,36,90,120,0.7500,0.0000,760,8,752,0
349,1182005340,verde,vermelho,reativa,vermelho,1,3,36,60,0,60.0000,0.0278,826,18,808,0
349,1182005340,verde,azul,reativa,vermelho,0,-3,36,90,120,0.7500,0.0000,632,8,624,0
350,86749997,vermelho,verde,reativa,empate,0,-1,100,0,0,0.0000,0.0000,1397,0,1397,0
350,86749997,vermelho,vermelho,reativa,empate,0,-1,100,0,0,0.0000,0.0200,1371,0,1371,0
350,86749997,vermelho,azul,reativa,empate,0,-1,100,0,0,0.0000,0.0000,1843,0,1843,0
351,2063477184,azul,verde,reativa,verde,1,3,25,30,0,30.0000,0.1250,527,2,525,0
351,2063477184,azul,vermelho,reativa,verde,0,-3,25,120,120,1.0000,0.0870,454,9,445,0
351,2063477184,azul,azul,reativa,verde,0,-3,25,90,120,0.7500,0.0000,171,6,165,0
352,1520633710,verde,verde,reativa,empate,0,-1,100,120,90,1.3333,0.0400,2246,11,2235,0
352,1520633710,verde,vermelho,reativa,empate,0,-1,100,0,0,0.0000,0.0100,2114,3,2111,0
352,1520633710,verde,azul,reativa,empate,0,-1,100,90,120,0.7500,0.0769,254,7,247,0
353,1518760950,vermelho,verde,reativa,empate,0,-1,100,0,0,0.0000,0.0505,2216,1,2215,0
353,1518760950,vermelho,vermelho,reativa,empate,0,-1,100,120,90,1.3333,0.0100,1875,11,1864,0
353,1518760950,vermelho,azul,reativa,empate,0,-1,100,90,120,0.7500,0.0000,460,7,453,0
354,1313076164,azul,verde,reativa,empate,0,-1,100,0,0,0.0000,0.0000,1671,1,1670,0
354,1313076164,azul,vermelho,reativa,empate,0,-1,100,120,90,1.3333,0.0101,1854,12,1842,0
354,1313076164,azul,azul,reativa,empate,0,-1,100,90,120,0.7500,0.0000,75,6,69,0
355,519671239,verde,verde,reativa,empate,0,-1,100,120,90,1.3333,0.0000,1301,59,1242,0
355,519671239,verde,vermelho,reativa,empate,0,-1,100,90,120,0.7500,0.0326,2016,18,1998,0
355,519671239,verde,azul,reativa,empate,0,-1,100,0,0,0.0000,0.0000,1792,51,1741,0
356,293897162,vermelho,verde,reativa,verde,1,3,64,30,30,1.0000,0.0952,1465,6,1459,0
356,293897162,vermelho,vermelho,reativa,verde,0,-3,64,90,120,0.7500,0.0189,1218,14,1204,0
356,293897162,vermelho,azul,reativa,verde,0,-3,64,150,120,1.2500,0.0476,1105,12,1093,0
357,432934820,azul,verde,reativa,empate,0,-1,100,90,120,0.7500,0.0000,137,7,130,0
357,432934820,azul,vermelho,reativa,empate,0,-1,100,120,90,1.3333,0.0000,1225,9,1216,0
357,432934820,azul,azul,reativa,empate,0,-1,100,0,0,0.0000,0.0100,1677,3,1674,0
358,1033327263,verde,verde,reativa,azul,0,-3,77,140,100,1.4000,0.1429,1649,11,1638,0
358,1033327263,verde,vermelho,reativa,azul,0,-3,77,40,120,0.3333,0.0833,192,10,182,0
358,1033327263,verde,azul,reativa,azul,1,3,77,60,20,3.0000,0.0649,1796,9,1787,0
359,137643404,vermelho,verde,reativa,verde,1,3,29,30,0,30.0000,0.0000,620,2,618,0
359,137643404,vermelho,vermelho,reativa,verde,0,-3,29,120,120,1.0000,0.0357,577,9,568,0
359,137643404,vermelho,azul,reativa,verde,0,-3,29,90,120,0.7500,0.0000,53,6,47,0
360,2017834313,azul,verde,reativa,empate,0,-1,100,0,0,0.0000,0.0606,2236,2,2234,0
360,2017834313,azul,vermelho,reativa,empate,0,-1,100,90,120,0.7500,0.0286,750,8,742,0
360,2017834313,azul,azul,reativa,empate,0,-1,100,120,90,1.3333,0.1800,2116,12,2104,0
361,1611829491,verde,verde,reativa,empate,0,-1,100,90,120,0.7500,0.0000,341,5,336,0
361,1611829491,verde,vermelho,reativa,empate,0,-1,100,120,90,1.3333,0.0500,1987,15,1972,0
361,1611829491,verde,azul,reativa,empate,0,-1,100,0,0,0.0000,0.0300,1969,5,1964,0
362,1288829251,vermelho,verde,reativa,verde,1,3,13,30,30,1.0000,0.1667,252,3,249,0
362,1288829251,vermelho,vermelho,reativa,verde,0,-3,13,90,120,0.7500,0.0000,175,6,169,0
362,1288829251,vermelho,azul,reativa,verde,0,-3,13,150,120,1.2500,0.0833,177,10,167,0
363,475521431,azul,verde,reativa,azul,0,-3,43,90,120,0.7500,0.0769,555,6,549,0
363,475521431,azul,vermelho,reativa,azul,0,-3,43,150,120,1.2500,0.0000,870,11,859,0
363,475521431,azul,azul,reativa,azul,1,3,43,30,30,1.0000,0.0233,988,4,984,0
364,1589776665,verde,verde,reativa,azul,0,-3,21,120,120,1.0000,0.0000,411,12,399,0
364,1589776665,verde,vermelho,reativa,azul,0,-3,21,90,120,0.7500,0.0000,286,12,274,0
364,1589776665,verde,azul,reativa,azul,1,3,21,30,0,30.0000,0.0476,492,19,473,0
365,1928754317,vermelho,verde,reativa,empate,0,-1,100,0,0,0.0000,0.0303,2259,1,2258,0
365,1928754317,vermelho,vermelho,reativa,empate,0,-1,100,90,120,0.7500,0.0000,153,6,147,0
365,1928754317,vermelho,azul,reativa,empate,0,-1,100,120,90,1.3333,0.0200,2000,9,1991,0
366,893603869,azul,verde,reativa,empate,0,-1,100,120,90,1.3333,0.0404,1630,11,1619,0
366,893603869,azul,vermelho,reativa,empate,0,-1,100,90,120,0.7500,0.1250,323,7,316,0
366,893603869,azul,azul,reativa,empate,0,-1,100,0,0,0.0000,0.0000,1893,1,1892,0
367,795826857,verde,verde,reativa,empate,0,-1,100,0,0,0.0000,0.0100,1876,0,1876,0
367,795826857,verde,vermelho,reativa,empate,0,-1,100,90,120,0.7500,0.0649,1752,11,1741,0
367,795826857,verde,azul,reativa,empate,0,-1,100,120,90,1.3333,0.0200,1897,13,1884,0
368,1170736711,vermelho,verde,reativa,empate,0,-1,100,0,0,0.0000,0.0000,1190,4,1186,0
368,1170736711,vermelho,vermelho,reativa,empate,0,-1,100,120,90,1.3333,0.0600,2318,10,2308,0
368,1170736711,vermelho,azul,reativa,empate,0,-1,100,90,120,0.7500,0.0909,716,6,710,0
369,1599605876,azul,verde,reativa,empate,0,-1,100,120,90,1.3333,0.0101,1656,14,1642,0
369,1599605876,azul,vermelho,reativa,empate,0,-1,100,90,120,0.7500,0.0938,599,7,592,0
369,1599605876,azul,azul,reativa,empate,0,-1,100,0,0,0.0000,0.0700,2351,4,2347,0
370,1800712511,verde,verde,reativa,empate,0,-1,100,90,120,0.7500,0.2727,170,6,164,0
370,1800712511,verde,vermelho,reativa,empate,0,-1,100,0,30,0.0000,0.0200,1820,1,1819,0
370,1800712511,verde,azul,reativa,empate,0,-1,100,150,90,1.6667,0.1400,2262,13,2249,0
371,645522509,vermelho,verde,reativa,vermelho,0,-3,50,150,120,1.2500,0.0612,1095,12,1083,0
371,645522509,vermelho,vermelho,reativa,vermelho,1,3,50,30,30,1.0000,0.0200,1116,2,1114,0
371,645522509,vermelho,azul,reativa,vermelho,0,-3,50,90,120,0.7500,0.0000,548,10,538,0
372,29313969,azul,verde,reativa,empate,0,-1,100,0,0,0.0000,0.0606,2288,3,2285,0
372,29313969,azul,vermelho,reativa,empate,0,-1,100,120,90,1.3333,0.0000,1628,9,1619,0
372,29313969,azul,azul,reativa,empate,0,-1,100,90,120,0.7500,0.0000,126,6,120,0
373,1970357873,verde,verde,reativa,verde,1,3,31,30,30,1.0000,0.0000,612,2,610,0
373,1970357873,verde,vermelho,reativa,verde,0,-3,31,90,120,0.7500,0.0625,313,6,307,0
373,1970357873,verde,azul,reativa,verde,0,-3,31,150,120,1.2500,0.0333,596,14,582,0
374,1241645600,vermelho,verde,reativa,verde,1,3,24,30,30,1.0000,0.0000,400,10,390,0
374,1241645600,vermelho,vermelho,reativa,verde,0,-3,24,150,120,1.2500,0.0000,460,11,449,0
374,1241645600,vermelho,azul,reativa,verde,0,-3,24,90,120,0.7500,0.2000,180,8,172,0
375,1353653477,azul,verde,reativa,verde,1,3,11,30,0,30.0000,0.0000,204,2,202,0
375,1353653477,azul,vermelho,reativa,verde,0,-3,11,90,120,0.7500,0.0000,78,6,72,0
375,1353653477,azul,azul,reativa,verde,0,-3,11,120,120,1.0000,0.0000,157,8,149,0
376,722060998,verde,verde,reativa,verde,1,3,27,30,30,1.0000,0.1481,650,5,645,0
376,722060998,verde,vermelho,reativa,verde,0,-3,27,90,120,0.7500,0.0526,406,7,399,0
376,722060998,verde,azul,reativa,verde,0,-3,27,150,120,1.2500,0.0000,524,12,512,0
377,946843648,vermelho,verde,reativa,azul,0,-3,33,90,120,0.7500,0.0667,291,7,284,0
377,946843648,vermelho,vermelho,reativa,azul,0,-3,33,120,120,1.0000,0.0303,566,12,554,0
377,946843648,vermelho,azul,reativa,azul,1,3,33,30,0,30.0000,0.0909,710,5,705,0
378,195273507,azul,verde,reativa,vermelho,0,-3,27,150,120,1.2500,0.0385,520,18,502,0
378,195273507,azul,vermelho,reativa,vermelho,1,3,27,90,60,1.5000,0.0769,534,13,521,0
378,195273507,azul,azul,reativa,vermelho,0,-3,27,60,120,0.5000,0.0909,458,6,452,0
379,741729714,verde,verde,reativa,empate,0,-1,100,120,90,1.3333,0.0000,1338,8,1330,0
379,741729714,verde,vermelho,reativa,empate,0,-1,100,0,0,0.0000,0.0200,1480,0,1480,0
379,741729714,verde,azul,reativa,empate,0,-1,100,90,120,0.7500,0.1333,280,6,274,0
380,1187661710,vermelho,verde,reativa,azul,0,-3,57,90,120,0.7500,0.4038,860,5,855,0
380,1187661710,vermelho,vermelho,reativa,azul,0,-3,57,120,120,1.0000,0.0000,1210,10,1200,0
380,1187661710,vermelho,azul,reativa,azul,1,3,57,30,0,30.0000,0.0175,976,2,974,0
381,394963098,azul,verde,reativa,empate,0,-1,100,120,90,1.3333,0.0202,1771,8,1763,0
381,394963098,azul,vermelho,reativa,empate,0,-1,100,0,0,0.0000,0.3232,1850,0,1850,0
381,394963098,azul,azul,reativa,empate,0,-1,100,90,120,0.7500,0.0000,151,8,143,0
382,2051369139,verde,verde,reativa,vermelho,0,-3,72,150,120,1.2500,0.0278,1225,12,1213,0
382,2051369139,verde,vermelho,reativa,vermelho,1,3,72,30,30,1.0000,0.0417,1582,6,1576,0
382,2051369139,verde,azul,reativa,vermelho,0,-3,72,90,120,0.7500,0.1136,799,14,785,0
383,1168745499,vermelho,verde,reativa,vermelho,0,-3,13,90,120,0.7500,0.0000,82,7,75,0
383,1168745499,vermelho,vermelho,reativa,vermelho,1,3,13,30,30,1.0000,0.0000,289,4,285,0
383,1168745499,vermelho,azul,reativa,vermelho,0,-3,13,150,120,1.2500,0.0000,184,10,174,0
384,2118575539,azul,verde,reativa,vermelho,0,-3,21,90,120,0.7500,0.0500,389,12,377,0
384,2118575539,azul,vermelho,reativa,vermelho,1,3,21,180,90,2.0000,0.1000,325,15,310,0
384,2118575539,azul,azul,reativa,vermelho,0,-3,21,60,120,0.5000,0.0000,352,9,343,0
385,441089282,verde,verde,reativa,empate,0,-1,100,90,120,0.7500,0.0455,447,5,442,0
385,441089282,verde,vermelho,reativa,empate,0,-1,100,120,90,1.3333,0.0300,2219,21,2198,0
385,441089282,verde,azul,reativa,empate,0,-1,100,0,0,0.0000,0.0200,2133,1,2132,0
386,1667855064,vermelho,verde,reativa,empate,0,-1,100,0,0,0.0000,0.3232,2073,0,2073,0
386,1667855064,vermelho,vermelho,reativa,empate,0,-1,100,0,0,0.0000,0.0000,1575,47,1528,0
386,1667855064,vermelho,azul,reativa,empate,0,-1,100,0,0,0.0000,0.0000,658,3,655,0
387,2017351961,azul,verde,reativa,verde,1,3,19,30,30,1.0000,0.0000,413,6,407,0
387,2017351961,azul,vermelho,reativa,verde,0,-3,19,90,120,0.7500,0.1429,106,7,99,0
387,2017351961,azul,azul,reativa,verde,0,-3,19,150,120,1.2500,0.0000,258,10,248,0
388,1950536216,verde,verde,reativa,empate,0,-1,100,120,90,1.3333,0.0500,2031,17,2014,0
388,1950536216,verde,vermelho,reativa,empate,0,-1,100,90,120,0.7500,0.1379,579,6,573,0
388,1950536216,verde,azul,reativa,empate,0,-1,100,0,0,0.0000,0.0100,2039,4,2035,0
389,60663468,vermelho,verde,reativa,empate,0,-1,100,40,120,0.3333,0.0556,1153,26,1127,0
389,60663468,vermelho,vermelho,reativa,empate,0,-1,100,120,40,3.0000,0.1500,2140,12,2128,0
389,60663468,vermelho,azul,reativa,empate,0,-1,100,0,0,0.0000,0.1200,2403,0,2403,0
390,1266052967,azul,verde,reativa,azul,0,-3,58,90,120,0.7500,0.0000,248,6,242,0
390,1266052967,azul,vermelho,reativa,azul,0,-3,58,150,120,1.2500,0.3158,838,14,824,0
390,1266052967,azul,azul,reativa,azul,1,3,58,30,30,1.0000,0.0517,1173,3,1170,0
391,553143731,verde,verde,reativa,verde,1,3,45,30,0,30.0000,0.0444,1068,4,1064,0
391,553143731,verde,vermelho,reativa,verde,0,-3,45,80,120,0.6667,0.0370,560,11,549,0
391,553143731,verde,azul,reativa,verde,0,-3,45,120,110,1.0909,0.2273,981,9,972,0
392,1136855950,vermelho,verde,reativa,vermelho,0,-3,18,90,120,0.7500,0.0000,171,6,165,0
392,1136855950,vermelho,vermelho,reativa,vermelho,1,3,18,30,30,1.0000,0.0556,409,3,406,0
392,1136855950,vermelho,azul,reativa,vermelho,0,-3,18,150,120,1.2500,0.0000,284,10,274,0
393,376447012,azul,verde,reativa,vermelho,0,-3,63,120,120,1.0000,0.0968,1267,10,1257,0
393,376447012,azul,vermelho,reativa,vermelho,1,3,63,30,0,30.0000,0.0806,1404,4,1400,0
393,376447012,azul,azul,reativa,vermelho,0,-3,63,90,120,0.7500,0.0000,234,9,225,0
394,1614578985,verde,verde,reativa,azul,0,-3,70,90,120,0.7500,0.0000,133,8,125,0
394,1614578985,verde,vermelho,reativa,azul,0,-3,70,150,120,1.2500,0.0429,1553,15,1538,0
394,1614578985,verde,azul,reativa,azul,1,3,70,30,30,1.0000,0.0429,1648,8,1640,0
395,865668011,vermelho,verde,reativa,empate,0,-1,100,0,0,0.0000,0.0404,2165,4,2161,0
395,865668011,vermelho,vermelho,reativa,empate,0,-1,100,120,90,1.3333,0.0000,1635,10,1625,0
395,865668011,vermelho,azul,reativa,empate,0,-1,100,90,120,0.7500,0.1429,106,7,99,0
396,923755655,azul,verde,reativa,vermelho,0,-3,20,90,120,0.7500,0.0000,76,6,70,0
396,923755655,azul,vermelho,reativa,vermelho,1,3,20,30,30,1.0000,0.1053,441,4,437,0
396,923755655,azul,azul,reativa,vermelho,0,-3,20,150,120,1.2500,0.0526,355,11,344,0
397,258776197,verde,verde,reativa,empate,0,-1,100,120,90,1.3333,0.0000,1801,36,1765,0
397,258776197,verde,vermelho,reativa,empate,0,-1,100,0,0,0.0000,0.0000,2154,28,2126,0
397,258776197,verde,azul,reativa,empate,0,-1,100,90,120,0.7500,0.0000,56,7,49,0
398,1620914435,vermelho,verde,reativa,vermelho,0,-3,53,150,120,1.2500,0.0962,1079,20,1059,0
398,1620914435,vermelho,vermelho,reativa,vermelho,1,3,53,30,30,1.0000,0.0000,1011,3,1008,0
398,1620914435,vermelho,azul,reativa,vermelho,0,-3,53,90,120,0.7500,0.0286,676,6,670,0
399,1741497087,azul,verde,reativa,empate,0,-1,100,0,0,0.0000,0.0101,1726,0,1726,0
399,1741497087,azul,vermelho,reativa,empate,0,-1,100,90,120,0.7500,0.0000,402,7,395,0
399,1741497087,azul,azul,reativa,empate,0,-1,100,120,90,1.3333,0.0200,1986,10,1976,0
400,558524762,verde,verde,reativa,azul,0,-3,42,120,120,1.0000,0.0714,935,17,918,0
400,558524762,verde,vermelho,reativa,azul,0,-3,42,90,120,0.7500,0.0000,81,6,75,0
400,558524762,verde,azul,reativa,azul,1,3,42,30,0,30.0000,0.1190,976,4,972,0
401,1039082064,vermelho,verde,reativa,vermelho,0,-3,62,120,120,1.0000,0.0656,1268,14,1254,0
401,1039082064,vermelho,vermelho,reativa,vermelho,1,3,62,30,0,30.0000,0.0000,1132,2,1130,0
401,1039082064,vermelho,azul,reativa,vermelho,0,-3,62,90,120,0.7500,0.0488,866,7,859,0
402,902252012,azul,verde,reativa,empate,0,-1,100,90,120,0.7500,0.0000,31,6,25,0
402,902252012,azul,vermelho,reativa,empate,0,-1,100,0,0,0.0000,0.0707,2238,1,2237,0
402,902252012,azul,azul,reativa,empate,0,-1,100,120,90,1.3333,0.0000,1740,9,1731,0
403,1638510092,verde,verde,reativa,empate,0,-1,100,120,90,1.3333,0.0300,1778,9,1769,0
403,1638510092,verde,vermelho,reativa,empate,0,-1,100,0,0,0.0000,0.0000,1273,0,1273,0
403,1638510092,verde,azul,reativa,empate,0,-1,100,90,120,0.7500,0.0000,258,7,251,0
404,697931922,vermelho,verde,reativa,verde,1,3,19,30,30,1.0000,0.0000,416,1,415,0
404,697931922,vermelho,vermelho,reativa,verde,0,-3,19,150,120,1.2500,0.0556,323,12,311,0
404,697931922,vermelho,azul,reativa,verde,0,-3,19,90,120,0.7500,0.0000,98,6,92,0
405,148352726,azul,verde,reativa,vermelho,0,-3,23,120,120,1.0000,0.0000,408,9,399,0
405,148352726,azul,vermelho,reativa,vermelho,1,3,23,30,0,30.0000,0.2727,512,3,509,0
405,148352726,azul,azul,reativa,vermelho,0,-3,23,90,120,0.7500,0.1000,407,7,400,0
406,1423957648,verde,verde,reativa,verde,1,3,30,30,0,30.0000,0.0333,668,3,665,0
406,1423957648,verde,vermelho,reativa,verde,0,-3,30,120,120,1.0000,0.0690,581,8,573,0
406,1423957648,verde,azul,reativa,verde,0,-3,30,90,120,0.7500,0.0625,321,7,314,0
407,1350537079,vermelho,verde,reativa,empate,0,-1,100,90,120,0.7500,0.0000,100,8,92,0
407,1350537079,vermelho,vermelho,reativa,empate,0,-1,100,120,90,1.3333,0.0000,1828,9,1819,0
407,1350537079,vermelho,azul,reativa,empate,0,-1,100,0,0,0.0000,0.0100,1664,0,1664,0
408,614268430,azul,verde,reativa,vermelho,0,-3,62,90,120,0.7500,0.0000,82,7,75,0
408,614268430,azul,vermelho,reativa,vermelho,1,3,62,30,0,30.0000,0.0328,1336,3,1333,0
408,614268430,azul,azul,reativa,vermelho,0,-3,62,120,120,1.0000,0.0000,1098,8,1090,0
409,1044670401,verde,verde,reativa,empate,0,-1,100,90,120,0.7500,0.0769,515,9,506,0
409,1044670401,verde,vermelho,reativa,empate,0,-1,100,120,90,1.3333,0.0000,1812,10,1802,0
409,1044670401,verde,azul,reativa,empate,0,-1,100,0,0,0.0000,0.0100,1989,1,1988,0
410,73927817,vermelho,verde,reativa,vermelho,0,-3,26,90,120,0.7500,0.1429,105,6,99,0
410,73927817,vermelho,vermelho,reativa,vermelho,1,3,26,30,0,30.0000,0.0000,563,5,558,0
410,73927817,vermelho,azul,reativa,vermelho,0,-3,26,120,120,1.0000,0.0400,515,8,507,0
411,1599316740,azul,verde,reativa,azul,0,-3,45,90,120,0.7500,0.4615,252,6,246,0
411,1599316740,azul,vermelho,reativa,azul,0,-3,45,150,120,1.2500,0.0909,922,12,910,0
411,1599316740,azul,azul,reativa,azul,1,3,45,30,30,1.0000,0.0444,1005,2,1003,0
412,728730537,verde,verde,reativa,verde,1,3,38,90,30,3.0000,0.0000,789,10,779,0
412,728730537,verde,vermelho,reativa,verde,0,-3,38,60,120,0.5000,0.0000,810,10,800,0
412,728730537,verde,azul,reativa,verde,0,-3,38,120,120,1.0000,0.0000,682,15,667,0
413,769613667,vermelho,verde,reativa,empate,0,-1,100,0,0,0.0000,0.0101,1560,13,1547,0
413,769613667,vermelho,vermelho,reativa,empate,0,-1,100,0,0,0.0000,0.0000,2215,11,2204,0
413,769613667,vermelho,azul,reativa,empate,0,-1,100,0,0,0.0000,0.0300,2059,2,2057,0
414,701710304,azul,verde,reativa,verde,1,3,16,30,30,1.0000,0.0000,315,4,311,0
414,701710304,azul,vermelho,reativa,verde,0,-3,16,90,120,0.7500,0.0000,144,5,139,0
414,701710304,azul,azul,reativa,verde,0,-3,16,150,120,1.2500,0.0667,250,12,238,0
415,2146003900,verde,verde,reativa,empate,0,-1,100,0,0,0.0000,0.0000,1764,0,1764,0
415,2146003900,verde,vermelho,reativa,empate,0,-1,100,120,90,1.3333,0.0200,1784,11,1773,0
415,2146003900,verde,azul,reativa,empate,0,-1,100,90,120,0.7500,0.0000,107,7,100,0
416,1585576561,vermelho,verde,reativa,vermelho,0,-3,10,150,120,1.2500,0.0000,110,11,99,0
416,1585576561,vermelho,vermelho,reativa,vermelho,1,3,10,30,30,1.0000,0.1000,220,2,218,0
416,1585576561,vermelho,azul,reativa,vermelho,0,-3,10,90,120,0.7500,0.0000,107,8,99,0
417,1048996951,azul,verde,reativa,azul,0,-3,24,90,120,0.7500,0.0588,320,9,311,0
417,1048996951,azul,vermelho,reativa,azul,0,-3,24,150,120,1.2500,0.0435,446,11,435,0
417,1048996951,azul,azul,reativa,azul,1,3,24,30,30,1.0000,0.0833,503,6,497,0
418,614909108,verde,verde,reativa,vermelho,0,-3,50,120,120,1.0000,0.0400,838,11,827,0
418,614909108,verde,vermelho,reativa,vermelho,1,3,50,30,0,30.0000,0.0400,1127,5,1122,0
418,614909108,verde,azul,reativa,vermelho,0,-3,50,90,120,0.7500,0.0227,975,9,966,0
419,1906067081,vermelho,verde,reativa,empate,0,-1,100,120,90,1.3333,0.0000,1880,11,1869,0
419,1906067081,vermelho,vermelho,reativa,empate,0,-1,100,90,120,0.7500,0.0000,419,6,413,0
419,1906067081,vermelho,azul,reativa,empate,0,-1,100,0,0,0.0000,0.0000,1772,0,1772,0
420,974694883,azul,verde,reativa,vermelho,0,-3,24,90,120,0.7500,0.1667,222,5,217,0
420,974694883,azul,vermelho,reativa,vermelho,1,3,24,30,30,1.0000,0.0435,470,4,466,0
420,974694883,azul,azul,reativa,vermelho,0,-3,24,150,120,1.2500,0.0435,443,13,430,0
421,277475170,verde,verde,reativa,vermelho,0,-3,11,120,120,1.0000,0.0000,180,8,172,0
421,277475170,verde,vermelho,reativa,vermelho,1,3,11,30,0,30.0000,0.0000,251,2,249,0
421,277475170,verde,azul,reativa,vermelho,0,-3,11,90,120,0.7500,0.0000,97,5,92,0
422,148424731,vermelho,verde,reativa,verde,1,3,73,30,0,30.0000,0.0556,1642,8,1634,0
422,148424731,vermelho,vermelho,reativa,verde,0,-3,73,90,120,0.7500,0.0000,194,5,189,0
422,148424731,vermelho,azul,reativa,verde,0,-3,73,120,120,1.0000,0.0139,1606,14,1592,0
423,604743709,azul,verde,reativa,empate,0,-1,100,0,0,0.0000,0.0101,1983,4,1979,0
423,604743709,azul,vermelho,reativa,empate,0,-1,100,90,120,0.7500,0.0000,130,6,124,0
423,604743709,azul,azul,reativa,empate,0,-1,100,120,90,1.3333,0.0200,1443,10,1433,0
424,838363468,verde,verde,reativa,empate,0,-1,100,120,90,1.3333,0.0000,1783,9,1774,0
424,838363468,verde,vermelho,reativa,empate,0,-1,100,0,0,0.0000,0.0000,1859,0,1859,0
424,838363468,verde,azul,reativa,empate,0,-1,100,90,120,0.7500,0.0227,865,10,855,0
425,1461119760,vermelho,verde,reativa,verde,1,3,26,30,30,1.0000,0.0400,578,6,572,0
425,1461119760,vermelho,vermelho,reativa,verde,0,-3,26,90,120,0.7500,0.0833,502,9,493,0
425,1461119760,vermelho,azul,reativa,verde,0,-3,26,150,120,1.2500,0.0000,424,14,410,0
426,2054000186,azul,verde,reativa,azul,0,-3,32,90,120,0.7500,0.0909,189,8,181,0
426,2054000186,azul,vermelho,reativa,azul,0,-3,32,150,120,1.2500,0.0323,645,12,633,0
426,2054000186,azul,azul,reativa,azul,1,3,32,30,30,1.0000,0.0625,733,4,729,0
427,1470480063,verde,verde,reativa,empate,0,-1,100,120,90,1.3333,0.0400,1728,8,1720,0
427,1470480063,verde,vermelho,reativa,empate,0,-1,100,0,0,0.0000,0.0000,1735,1,1734,0
427,1470480063,verde,azul,reativa,empate,0,-1,100,90,120,0.7500,0.0000,205,9,196,0
428,766136782,vermelho,verde,reativa,empate,0,-1,100,90,120,0.7500,0.0370,1225,11,1214,0
428,766136782,vermelho,vermelho,reativa,empate,0,-1,100,0,0,0.0000,0.0000,1800,2,1798,0
428,766136782,vermelho,azul,reativa,empate,0,-1,100,120,90,1.3333,0.0100,1755,8,1747,0
429,372718935,azul,verde,reativa,azul,0,-3,43,90,120,0.7500,0.0323,661,10,651,0
429,372718935,azul,vermelho,reativa,azul,0,-3,43,150,120,1.2500,0.0714,850,13,837,0
429,372718935,azul,azul,reativa,azul,1,3,43,30,30,1.0000,0.0930,994,2,992,0
430,2045200466,verde,verde,reativa,empate,0,-1,100,0,0,0.0000,0.0200,1782,0,1782,0
430,2045200466,verde,vermelho,reativa,empate,0,-1,100,120,90,1.3333,0.0000,1562,9,1553,0
430,2045200466,verde,azul,reativa,empate,0,-1,100,90,120,0.7500,0.0000,57,7,50,0
431,1900958049,vermelho,verde,reativa,verde,1,3,15,30,30,1.0000,0.0714,312,2,310,0
431,1900958049,vermelho,vermelho,reativa,verde,0,-3,15,150,120,1.2500,0.0714,214,11,203,0
431,1900958049,vermelho,azul,reativa,verde,0,-3,15,90,120,0.7500,0.0000,97,7,90,0
432,1317230616,azul,verde,reativa,azul,0,-3,11,90,120,0.7500,0.0000,180,5,175,0
432,1317230616,azul,vermelho,reativa,azul,0,-3,11,120,120,1.0000,0.0000,156,10,146,0
432,1317230616,azul,azul,reativa,azul,1,3,11,30,0,30.0000,0.0909,242,3,239,0
433,1343244560,verde,verde,reativa,azul,0,-3,100,90,120,0.7500,0.0758,1483,12,1471,0
433,1343244560,verde,vermelho,reativa,azul,0,-3,100,150,120,1.2500,0.6500,1663,13,1650,0
433,1343244560,verde,azul,reativa,azul,1,3,100,30,30,1.0000,0.0400,1796,6,1790,0
434,784401889,vermelho,verde,reativa,azul,0,-3,19,60,120,0.5000,0.0000,371,9,362,0
434,784401889,vermelho,vermelho,reativa,azul,0,-3,19,90,120,0.7500,0.0000,330,9,321,0
434,784401889,vermelho,azul,reativa,azul,1,3,19,180,90,2.0000,0.0526,293,15,278,0
435,1579403662,azul,verde,reativa,empate,0,-1,100,120,90,1.3333,0.0000,1798,13,1785,0
435,1579403662,azul,vermelho,reativa,empate,0,-1,100,90,120,0.7500,0.0877,1149,11,1138,0
435,1579403662,azul,azul,reativa,empate,0,-1,100,0,0,0.0000,0.0000,1648,10,1638,0
436,1577216255,verde,verde,reativa,verde,1,3,29,30,0,30.0000,0.1034,649,13,636,0
436,1577216255,verde,vermelho,reativa,verde,0,-3,29,90,120,0.7500,0.0000,413,5,408,0
436,1577216255,verde,azul,reativa,verde,0,-3,29,120,120,1.0000,0.0357,553,9,544,0
437,1215591661,vermelho,verde,reativa,vermelho,0,-3,71,150,120,1.2500,0.0286,1556,11,1545,0
437,1215591661,vermelho,vermelho,reativa,vermelho,1,3,71,30,30,1.0000,0.0282,1691,2,1689,0
437,1215591661,vermelho,azul,reativa,vermelho,0,-3,71,90,120,0.7500,0.0000,204,5,199,0
438,2129381150,azul,verde,reativa,verde,1,3,28,90,60,1.5000,0.0000,594,9,585,0
438,2129381150,azul,vermelho,reativa,verde,0,-3,28,90,120,0.7500,0.0000,505,10,495,0
438,2129381150,azul,azul,reativa,verde,0,-3,28,120,120,1.0000,0.0370,491,12,479,0
439,200211642,verde,verde,reativa,verde,1,3,56,30,30,1.0000,0.0357,1273,3,1270,0
439,200211642,verde,vermelho,reativa,verde,0,-3,56,90,120,0.7500,0.0323,588,7,581,0
439,200211642,verde,azul,reativa,verde,0,-3,56,150,120,1.2500,0.0000,1114,11,1103,0
440,739759482,vermelho,verde,reativa,vermelho,0,-3,12,120,120,1.0000,0.0000,151,11,140,0
440,739759482,vermelho,vermelho,reativa,vermelho,1,3,12,60,60,1.0000,0.0833,253,8,245,0
440,739759482,vermelho,azul,reativa,vermelho,0,-3,12,120,120,1.0000,0.0000,189,15,174,0
441,571873306,azul,verde,reativa,empate,0,-1,100,0,0,0.0000,0.9899,1651,2,1649,0
441,571873306,azul,vermelho,reativa,empate,0,-1,100,120,90,1.3333,0.0202,1596,12,1584,0
441,571873306,azul,azul,reativa,empate,0,-1,100,90,120,0.7500,0.0667,942,9,933,0
442,1141555388,verde,verde,reativa,empate,0,-1,100,90,120,0.7500,0.0526,371,5,366,0
442,1141555388,verde,vermelho,reativa,empate,0,-1,100,0,0,0.0000,0.0100,1879,2,1877,0
442,1141555388,verde,azul,reativa,empate,0,-1,100,120,90,1.3333,0.0600,2158,11,2147,0
443,1737235775,vermelho,verde,reativa,verde,1,3,88,30,0,30.0000,0.2989,1648,4,1644,0
443,1737235775,vermelho,vermelho,reativa,verde,0,-3,88,90,120,0.7500,0.0000,343,7,336,0
443,1737235775,vermelho,azul,reativa,verde,0,-3,88,120,120,1.0000,0.1034,1914,12,1902,0
444,1019163322,azul,verde,reativa,empate,0,-1,100,90,120,0.7500,0.0714,260,6,254,0
444,1019163322,azul,vermelho,reativa,empate,0,-1,100,0,0,0.0000,0.0404,1906,7,1899,0
444,1019163322,azul,azul,reativa,empate,0,-1,100,120,90,1.3333,0.0300,2246,19,2227,0
445,1477330786,verde,verde,reativa,azul,0,-3,23,60,120,0.5000,0.1500,428,8,420,0
445,1477330786,verde,vermelho,reativa,azul,0,-3,23,90,120,0.7500,0.0435,438,15,423,0
445,1477330786,verde,azul,reativa,azul,1,3,23,120,30,4.0000,0.0870,489,18,471,0
446,744905077,vermelho,verde,reativa,empate,0,-1,100,90,120,0.7500,0.0769,235,11,224,0
446,744905077,vermelho,vermelho,reativa,empate,0,-1,100,0,0,0.0000,0.0100,1679,0,1679,0
446,744905077,vermelho,azul,reativa,empate,0,-1,100,120,90,1.3333,0.0000,1708,8,1700,0
447,1994270146,azul,verde,reativa,empate,0,-1,100,0,0,0.0000,0.4343,1721,1,1720,0
447,1994270146,azul,vermelho,reativa,empate,0,-1,100,0,0,0.0000,0.0101,1864,1,1863,0
447,1994270146,azul,azul,reativa,empate,0,-1,100,0,0,0.0000,0.0100,1167,41,1126,0
448,164773497,verde,verde,reativa,empate,0,-1,100,0,0,0.0000,0.0000,1994,0,1994,0
448,164773497,verde,vermelho,reativa,empate,0,-1,100,90,120,0.7500,0.0250,859,10,849,0
448,164773497,verde,azul,reativa,empate,0,-1,100,120,90,1.3333,0.0100,1376,12,1364,0
449,1649528846,vermelho,verde,reativa,vermelho,0,-3,18,90,120,0.7500,0.0000,56,6,50,0
449,1649528846,vermelho,vermelho,reativa,vermelho,1,3,18,30,30,1.0000,0.0000,414,2,412,0
449,1649528846,vermelho,azul,reativa,vermelho,0,-3,18,150,120,1.2500,0.0000,302,10,292,0
450,8261800,azul,verde,reativa,azul,0,-3,10,90,120,0.7500,0.0000,156,6,150,0
450,8261800,azul,vermelho,reativa,azul,0,-3,10,120,120,1.0000,0.0000,129,8,121,0
450,8261800,azul,azul,reativa,azul,1,3,10,30,0,30.0000,0.1000,216,3,213,0
451,1520873105,verde,verde,reativa,verde,1,3,68,30,30,1.0000,0.0000,1249,1,1248,0
451,1520873105,verde,vermelho,reativa,verde,0,-3,68,90,120,0.7500,0.0000,106,6,100,0
451,1520873105,verde,azul,reativa,verde,0,-3,68,150,120,1.2500,0.0299,1445,11,1434,0
452,189695113,vermelho,verde,reativa,empate,0,-1,100,90,120,0.7500,0.0909,678,7,671,0
452,189695113,vermelho,vermelho,reativa,empate,0,-1,100,120,90,1.3333,0.0400,2032,10,2022,0
452,189695113,vermelho,azul,reativa,empate,0,-1,100,0,0,0.0000,0.0400,2171,3,2168,0
453,2050012462,azul,verde,reativa,vermelho,0,-3,42,90,120,0.7500,0.0000,107,7,100,0
453,2050012462,azul,vermelho,reativa,vermelho,1,3,42,30,0,30.0000,0.0244,865,7,858,0
453,2050012462,azul,azul,reativa,vermelho,0,-3,42,120,120,1.0000,0.0976,826,16,810,0
454,105099442,verde,verde,reativa,empate,0,-1,100,90,120,0.7500,0.0000,115,7,108,0
454,105099442,verde,vermelho,reativa,empate,0,-1,100,120,90,1.3333,0.0000,1881,9,1872,0
454,105099442,verde,azul,reativa,empate,0,-1,100,0,0,0.0000,0.0000,1943,0,1943,0
455,898790568,vermelho,verde,reativa,vermelho,0,-3,59,90,120,0.7500,0.0909,433,6,427,0
455,898790568,vermelho,vermelho,reativa,vermelho,1,3,59,30,0,30.0000,0.0508,1426,5,1421,0
455,898790568,vermelho,azul,reativa,vermelho,0,-3,59,120,120,1.0000,0.0517,1251,11,1240,0
456,2054871234,azul,verde,reativa,azul,0,-3,63,120,120,1.0000,0.0000,1391,17,1374,0
456,2054871234,azul,vermelho,reativa,azul,0,-3,63,90,120,0.7500,0.0000,675,8,667,0
456,2054871234,azul,azul,reativa,azul,1,3,63,30,0,30.0000,0.0000,1487,2,1485,0
457,567165131,verde,verde,reativa,verde,1,3,13,30,0,30.0000,0.0769,261,3,258,0
457,567165131,verde,vermelho,reativa,verde,0,-3,13,90,120,0.7500,0.0000,105,5,100,0
457,567165131,verde,azul,reativa,verde,0,-3,13,120,120,1.0000,0.0000,208,10,198,0
458,1506506545,vermelho,verde,reativa,azul,0,-3,64,90,120,0.7500,0.0833,831,16,815,0
458,1506506545,vermelho,vermelho,reativa,azul,0,-3,64,150,120,1.2500,0.0625,1308,11,1297,0
458,1506506545,vermelho,azul,reativa,azul,1,3,64,30,30,1.0000,0.0469,1307,3,1304,0
459,338695334,azul,verde,reativa,empate,0,-1,100,90,120,0.7500,0.0857,851,16,835,0
459,338695334,azul,vermelho,reativa,empate,0,-1,100,0,0,0.0000,0.0000,2176,7,2169,0
459,338695334,azul,azul,reativa,empate,0,-1,100,120,90,1.3333,0.0300,2311,11,2300,0
460,369462903,verde,verde,reativa,verde,1,3,19,90,30,3.0000,0.0526,369,10,359,0
460,369462903,verde,vermelho,reativa,verde,0,-3,19,60,120,0.5000,0.1875,351,7,344,0
460,369462903,verde,azul,reativa,verde,0,-3,19,120,120,1.0000,0.0000,329,14,315,0
461,1639586025,vermelho,verde,reativa,verde,1,3,34,30,30,1.0000,0.0606,725,2,723,0
461,1639586025,vermelho,vermelho,reativa,verde,0,-3,34,90,120,0.7500,0.0000,292,7,285,0
461,1639586025,vermelho,azul,reativa,verde,0,-3,34,150,120,1.2500,0.0303,634,17,617,0
462,1094686237,azul,verde,reativa,empate,0,-1,100,90,120,0.7500,0.2500,127,8,119,0
462,1094686237,azul,vermelho,reativa,empate,0,-1,100,120,90,1.3333,0.0202,2053,12,2041,0
462,1094686237,azul,azul,reativa,empate,0,-1,100,0,0,0.0000,0.0600,2156,2,2154,0
463,616728145,verde,verde,reativa,azul,0,-3,36,120,120,1.0000,0.0833,776,14,762,0
463,616728145,verde,vermelho,reativa,azul,0,-3,36,90,120,0.7500,0.0435,503,5,498,0
463,616728145,verde,azul,reativa,azul,1,3,36,30,0,30.0000,0.0000,685,4,681,0
464,1665972581,vermelho,verde,reativa,empate,0,-1,100,0,0,0.0000,0.0202,2010,2,2008,0
464,1665972581,vermelho,vermelho,reativa,empate,0,-1,100,90,120,0.7500,0.0500,427,6,421,0
464,1665972581,vermelho,azul,reativa,empate,0,-1,100,120,90,1.3333,0.0100,1712,11,1701,0
465,1342328242,azul,verde,reativa,azul,0,-3,35,90,120,0.7500,0.0000,309,9,300,0
465,1342328242,azul,vermelho,reativa,azul,0,-3,35,150,120,1.2500,0.0588,731,12,719,0
465,1342328242,azul,azul,reativa,azul,1,3,35,30,30,1.0000,0.0571,835,4,831,0
466,1649972298,verde,verde,reativa,verde,1,3,26,30,0,30.0000,0.1538,587,3,584,0
466,1649972298,verde,vermelho,reativa,verde,0,-3,26,120,110,1.0909,0.2000,482,10,472,0
466,1649972298,verde,azul,reativa,verde,0,-3,26,80,120,0.6667,0.0000,200,9,191,0
467,2086780469,vermelho,verde,reativa,verde,1,3,11,30,0,30.0000,0.1000,199,3,196,0
467,2086780469,vermelho,vermelho,reativa,verde,0,-3,11,120,120,1.0000,0.0000,143,9,134,0
467,2086780469,vermelho,azul,reativa,verde,0,-3,11,90,120,0.7500,0.0000,124,7,117,0
468,1112072917,azul,verde,reativa,empate,0,-1,100,90,120,0.7500,0.0000,276,5,271,0
468,1112072917,azul,vermelho,reativa,empate,0,-1,100,120,90,1.3333,0.0404,2143,9,2134,0
468,1112072917,azul,azul,reativa,empate,0,-1,100,0,0,0.0000,0.0000,1048,2,1046,0
469,223052448,verde,verde,reativa,empate,0,-1,100,0,0,0.0000,0.0000,1893,0,1893,0
469,223052448,verde,vermelho,reativa,empate,0,-1,100,120,90,1.3333,0.0000,1928,11,1917,0
469,223052448,verde,azul,reativa,empate,0,-1,100,90,120,0.7500,0.0000,75,7,68,0
470,1629194997,vermelho,verde,reativa,empate,0,-1,100,0,0,0.0000,0.0303,1919,3,1916,0
470,1629194997,vermelho,vermelho,reativa,empate,0,-1,100,120,90,1.3333,0.2200,1921,12,1909,0
470,1629194997,vermelho,azul,reativa,empate,0,-1,100,90,120,0.7500,0.0000,575,10,565,0
471,2020547047,azul,verde,reativa,azul,0,-3,62,150,120,1.2500,0.0000,926,12,914,0
471,2020547047,azul,vermelho,reativa,azul,0,-3,62,90,120,0.7500,0.0000,393,8,385,0
471,2020547047,azul,azul,reativa,azul,1,3,62,30,30,1.0000,0.0323,1448,5,1443,0
472,1561709938,verde,verde,reativa,empate,0,-1,100,120,90,1.3333,0.0200,1821,11,1810,0
472,1561709938,verde,vermelho,reativa,empate,0,-1,100,90,120,0.7500,0.0000,286,8,278,0
472,1561709938,verde,azul,reativa,empate,0,-1,100,0,0,0.0000,0.0000,1553,1,1552,0
473,34472910,vermelho,verde,reativa,azul,0,-3,66,90,120,0.7500,0.0508,1311,12,1299,0
473,34472910,vermelho,vermelho,reativa,azul,0,-3,66,120,120,1.0000,0.0606,1452,19,1433,0
473,34472910,vermelho,azul,reativa,azul,1,3,66,30,0,30.0000,0.0303,1319,6,1313,0
474,1889495832,azul,verde,reativa,azul,0,-3,25,90,120,0.7500,0.0526,266,8,258,0
474,1889495832,azul,vermelho,reativa,azul,0,-3,25,150,120,1.2500,0.0833,451,12,439,0
474,1889495832,azul,azul,reativa,azul,1,3,25,30,30,1.0000,0.0000,520,3,517,0
475,2075334735,verde,verde,reativa,vermelho,0,-3,55,120,120,1.0000,0.0727,1155,9,1146,0
475,2075334735,verde,vermelho,reativa,vermelho,1,3,55,30,0,30.0000,0.4000,1031,6,1025,0
475,2075334735,verde,azul,reativa,vermelho,0,-3,55,90,120,0.7500,0.0000,124,5,119,0
476,518344282,vermelho,verde,reativa,empate,0,-1,100,120,90,1.3333,0.0303,1883,10,1873,0
476,518344282,vermelho,vermelho,reativa,empate,0,-1,100,90,120,0.7500,0.0000,381,6,375,0
476,518344282,vermelho,azul,reativa,empate,0,-1,100,0,0,0.0000,0.0000,1993,4,1989,0
477,664865225,azul,verde,reativa,azul,0,-3,17,120,120,1.0000,0.1875,310,11,299,0
477,664865225,azul,vermelho,reativa,azul,0,-3,17,60,120,0.5000,0.0000,278,5,273,0
477,664865225,azul,azul,reativa,azul,1,3,17,120,60,2.0000,0.1176,341,18,323,0
478,1713655207,verde,verde,reativa,empate,0,-1,100,120,90,1.3333,0.0300,1852,8,1844,0
478,1713655207,verde,vermelho,reativa,empate,0,-1,100,90,120,0.7500,0.0000,57,7,50,0
478,1713655207,verde,azul,reativa,empate,0,-1,100,0,0,0.0000,0.0500,2032,0,2032,0
479,927898304,vermelho,verde,reativa,azul,0,-3,8,150,120,1.2500,0.0000,60,10,50,0
479,927898304,vermelho,vermelho,reativa,azul,0,-3,8,90,120,0.7500,0.0000,81,6,75,0
479,927898304,vermelho,azul,reativa,azul,1,3,8,30,30,1.0000,0.0000,162,2,160,0
480,512606905,azul,verde,reativa,empate,0,-1,100,0,0,0.0000,0.0000,1738,0,1738,0
480,512606905,azul,vermelho,reativa,empate,0,-1,100,0,0,0.0000,0.0101,1903,4,1899,0
480,512606905,azul,azul,reativa,empate,0,-1,100,0,0,0.0000,0.0000,1946,5,1941,0
481,741330521,verde,verde,reativa,vermelho,0,-3,35,90,120,0.7500,0.0000,326,9,317,0
481,741330521,verde,vermelho,reativa,vermelho,1,3,35,30,30,1.0000,0.0000,652,4,648,0
481,741330521,verde,azul,reativa,vermelho,0,-3,35,150,120,1.2500,0.0882,659,11,648,0
482,1245569230,vermelho,verde,reativa,empate,0,-1,100,120,90,1.3333,0.0404,2146,8,2138,0
482,1245569230,vermelho,vermelho,reativa,empate,0,-1,100,0,0,0.0000,0.0200,1862,1,1861,0
482,1245569230,vermelho,azul,reativa,empate,0,-1,100,90,120,0.7500,0.0000,55,7,48,0
483,1772636271,azul,verde,reativa,azul,0,-3,15,150,120,1.2500,0.0000,226,11,215,0
483,1772636271,azul,vermelho,reativa,azul,0,-3,15,90,120,0.7500,0.0000,107,7,100,0
483,1772636271,azul,azul,reativa,azul,1,3,15,30,30,1.0000,0.0000,331,1,330,0
484,439522726,verde,verde,reativa,empate,0,-1,100,0,0,0.0000,0.0100,2042,3,2039,0
484,439522726,verde,vermelho,reativa,empate,0,-1,100,120,90,1.3333,0.0300,1995,12,1983,0
484,439522726,verde,azul,reativa,empate,0,-1,100,90,120,0.7500,0.0833,232,7,225,0
485,1210558033,vermelho,verde,reativa,azul,0,-3,48,90,120,0.7500,0.0000,515,6,509,0
485,1210558033,vermelho,vermelho,reativa,azul,0,-3,48,120,120,1.0000,0.0625,1048,23,1025,0
485,1210558033,vermelho,azul,reativa,azul,1,3,48,30,0,30.0000,0.0208,1144,3,1141,0
486,1816776073,azul,verde,reativa,empate,0,-1,100,90,120,0.7500,0.0000,394,6,388,0
486,1816776073,azul,vermelho,reativa,empate,0,-1,100,120,90,1.3333,0.0303,1832,9,1823,0
486,1816776073,azul,azul,reativa,empate,0,-1,100,0,0,0.0000,0.0500,2236,4,2232,0
487,808127244,verde,verde,reativa,empate,0,-1,100,90,120,0.7500,0.0000,247,7,240,0
487,808127244,verde,vermelho,reativa,empate,0,-1,100,0,0,0.0000,0.0300,1760,1,1759,0
487,808127244,verde,azul,reativa,empate,0,-1,100,120,90,1.3333,0.0600,2305,9,2296,0
488,69747369,vermelho,verde,reativa,vermelho,0,-3,39,150,120,1.2500,0.0263,776,16,760,0
488,69747369,vermelho,vermelho,reativa,vermelho,1,3,39,30,30,1.0000,0.0769,855,5,850,0
488,69747369,vermelho,azul,reativa,vermelho,0,-3,39,90,120,0.7500,0.1250,329,6,323,0
489,1668374150,azul,verde,reativa,verde,1,3,98,30,30,1.0000,0.0722,2215,6,2209,0
489,1668374150,azul,vermelho,reativa,verde,0,-3,98,150,120,1.2500,0.0000,2107,14,2093,0
489,1668374150,azul,azul,reativa,verde,0,-3,98,90,120,0.7500,0.1429,274,6,268,0
490,1304348503,verde,verde,reativa,vermelho,0,-3,57,150,120,1.2500,0.0877,1235,10,1225,0
490,1304348503,verde,vermelho,reativa,vermelho,1,3,57,30,30,1.0000,0.0526,1299,2,1297,0
490,1304348503,verde,azul,reativa,vermelho,0,-3,57,90,120,0.7500,0.0000,79,6,73,0
491,133541920,vermelho,verde,reativa,verde,1,3,64,30,30,1.0000,0.0317,1431,3,1428,0
491,133541920,vermelho,vermelho,reativa,verde,0,-3,64,90,120,0.7500,0.0769,784,9,775,0
491,133541920,vermelho,azul,reativa,verde,0,-3,64,150,120,1.2500,0.0159,1282,14,1268,0
492,1603595673,azul,verde,reativa,verde,1,3,23,150,60,2.5000,0.0000,417,15,402,0
492,1603595673,azul,vermelho,reativa,verde,0,-3,23,120,120,1.0000,0.0000,392,18,374,0
492,1603595673,azul,azul,reativa,verde,0,-3,23,30,120,0.2500,0.0000,416,4,412,0
493,1118675268,verde,verde,reativa,vermelho,0,-3,52,120,120,1.0000,0.0385,1019,13,1006,0
493,1118675268,verde,vermelho,reativa,vermelho,1,3,52,30,0,30.0000,0.0385,1215,3,1212,0
493,1118675268,verde,azul,reativa,vermelho,0,-3,52,90,120,0.7500,0.0333,604,6,598,0
494,1097557813,vermelho,verde,reativa,verde,1,3,16,30,30,1.0000,0.0000,318,5,313,0
494,1097557813,vermelho,vermelho,reativa,verde,0,-3,16,150,120,1.2500,0.0000,240,11,229,0
494,1097557813,vermelho,azul,reativa,verde,0,-3,16,90,120,0.7500,0.0000,240,6,234,0
495,1791619833,azul,verde,reativa,verde,1,3,54,30,20,1.5000,0.0943,1172,2,1170,0
495,1791619833,azul,vermelho,reativa,verde,0,-3,54,140,120,1.1667,0.1154,1064,11,1053,0
495,1791619833,azul,azul,reativa,verde,0,-3,54,90,120,0.7500,0.0000,224,8,216,0
496,1967010406,verde,verde,reativa,empate,0,-1,100,0,0,0.0000,0.0300,1423,0,1423,0
496,1967010406,verde,vermelho,reativa,empate,0,-1,100,0,0,0.0000,0.0100,1677,0,1677,0
496,1967010406,verde,azul,reativa,empate,0,-1,100,0,0,0.0000,0.0000,1269,0,1269,0
497,717339568,vermelho,verde,reativa,azul,0,-3,14,120,120,1.0000,0.0769,206,10,196,0
497,717339568,vermelho,vermelho,reativa,azul,0,-3,14,90,120,0.7500,0.0000,226,8,218,0
497,717339568,vermelho,azul,reativa,azul,1,3,14,30,0,30.0000,0.0000,323,5,318,0
498,671962700,azul,verde,reativa,verde,1,3,16,150,90,1.6667,0.1333,260,10,250,0
498,671962700,azul,vermelho,reativa,verde,0,-3,16,120,120,1.0000,0.0000,251,8,243,0
498,671962700,azul,azul,reativa,verde,0,-3,16,60,120,0.5000,0.1250,155,5,150,0
499,718487412,verde,verde,reativa,empate,0,-1,100,90,120,0.7500,0.0000,249,6,243,0
499,718487412,verde,vermelho,reativa,empate,0,-1,100,120,90,1.3333,0.0400,2221,11,2210,0
499,718487412,verde,azul,reativa,empate,0,-1,100,0,0,0.0000,0.0300,2072,3,2069,0
500,244965602,vermelho,verde,reativa,empate,0,-1,100,90,120,0.7500,0.0455,461,9,452,0
500,244965602,vermelho,vermelho,reativa,empate,0,-1,100,0,0,0.0000,0.0000,1378,39,1339,0
500,244965602,vermelho,azul,reativa,empate,0,-1,100,120,90,1.3333,0.0100,1763,46,1717,0
501,689613760,azul,verde,reativa,azul,0,-3,62,120,120,1.0000,0.0328,1378,10,1368,0
501,689613760,azul,vermelho,reativa,azul,0,-3,62,90,120,0.7500,0.1875,313,6,307,0
501,689613760,azul,azul,reativa,azul,1,3,62,30,0,30.0000,0.0000,1022,3,1019,0
502,201796813,verde,verde,reativa,empate,0,-1,100,90,120,0.7500,0.0000,256,8,248,0
502,201796813,verde,vermelho,reativa,empate,0,-1,100,120,90,1.3333,0.0100,1964,10,1954,0
502,201796813,verde,azul,reativa,empate,0,-1,100,0,0,0.0000,0.0100,1766,1,1765,0
503,2095621178,vermelho,verde,reativa,verde,1,3,91,30,0,30.0000,0.0222,2079,3,2076,0
503,2095621178,vermelho,vermelho,reativa,verde,0,-3,91,120,120,1.0000,0.0000,1661,11,1650,0
503,2095621178,vermelho,azul,reativa,verde,0,-3,91,90,120,0.7500,0.1579,376,6,370,0
504,512691303,azul,verde,reativa,empate,0,-1,100,120,90,1.3333,0.0101,1725,8,1717,0
504,512691303,azul,vermelho,reativa,empate,0,-1,100,0,0,0.0000,0.0000,1709,0,1709,0
504,512691303,azul,azul,reativa,empate,0,-1,100,90,120,0.7500,0.0000,107,7,100,0
505,520339085,verde,verde,reativa,verde,1,3,69,30,0,30.0000,0.0725,1530,14,1516,0
505,520339085,verde,vermelho,reativa,verde,0,-3,69,90,120,0.7500,0.0513,830,9,821,0
505,520339085,verde,azul,reativa,verde,0,-3,69,120,120,1.0000,0.0294,1473,12,1461,0
506,319236723,vermelho,verde,reativa,vermelho,0,-3,97,120,120,1.0000,0.0417,1945,15,1930,0
506,319236723,vermelho,vermelho,reativa,vermelho,1,3,97,30,0,30.0000,0.0515,2236,9,2227,0
506,319236723,vermelho,azul,reativa,vermelho,0,-3,97,90,120,0.7500,0.0652,850,8,842,0
507,1680688708,azul,verde,reativa,empate,0,-1,100,90,120,0.7500,0.0370,523,6,517,0
507,1680688708,azul,vermelho,reativa,empate,0,-1,100,120,90,1.3333,0.0303,1999,9,1990,0
507,1680688708,azul,azul,reativa,empate,0,-1,100,0,0,0.0000,0.0600,2150,2,2148,0
508,887407502,verde,verde,reativa,azul,0,-3,41,90,120,0.7500,0.0000,440,5,435,0
508,887407502,verde,vermelho,reativa,azul,0,-3,41,150,120,1.2500,0.0488,807,12,795,0
508,887407502,verde,azul,reativa,azul,1,3,41,30,30,1.0000,0.0000,794,1,793,0
509,191222333,vermelho,verde,reativa,verde,1,3,19,30,30,1.0000,0.2222,421,2,419,0
509,191222333,vermelho,vermelho,reativa,verde,0,-3,19,150,120,1.2500,0.0000,333,10,323,0
509,191222333,vermelho,azul,reativa,verde,0,-3,19,90,120,0.7500,0.0833,181,7,174,0
510,608521437,azul,verde,reativa,verde,1,3,11,60,0,60.0000,0.1000,173,5,168,0
510,608521437,azul,vermelho,reativa,verde,0,-3,11,90,120,0.7500,0.1111,149,6,143,0
510,608521437,azul,azul,reativa,verde,0,-3,11,90,120,0.7500,0.0000,152,6,146,0
511,656961761,verde,verde,reativa,empate,0,-1,100,90,120,0.7500,0.0625,323,10,313,0
511,656961761,verde,vermelho,reativa,empate,0,-1,100,0,0,0.0000,0.4600,1489,0,1489,0
511,656961761,verde,azul,reativa,empate,0,-1,100,120,90,1.3333,0.0100,1639,8,1631,0
512,310149982,vermelho,verde,reativa,verde,1,3,28,30,0,30.0000,0.0000,632,3,629,0
512,310149982,vermelho,vermelho,reativa,verde,0,-3,28,120,120,1.0000,0.0000,562,11,551,0
512,310149982,vermelho,azul,reativa,verde,0,-3,28,90,120,0.7500,0.0556,372,6,366,0
513,1141277885,azul,verde,reativa,empate,0,-1,100,90,120,0.7500,0.0784,1157,13,1144,0
513,1141277885,azul,vermelho,reativa,empate,0,-1,100,120,90,1.3333,0.0000,1801,8,1793,0
513,1141277885,azul,azul,reativa,empate,0,-1,100,0,0,0.0000,0.0500,1964,9,1955,0
514,1226790344,verde,verde,reativa,azul,0,-3,27,120,120,1.0000,0.0741,565,9,556,0
514,1226790344,verde,vermelho,reativa,azul,0,-3,27,90,120,0.7500,0.0769,242,5,237,0
514,1226790344,verde,azul,reativa,azul,1,3,27,30,0,30.0000,0.0370,616,3,613,0
515,1535129199,vermelho,verde,reativa,vermelho,0,-3,14,60,120,0.5000,0.0000,187,5,182,0
515,1535129199,vermelho,vermelho,reativa,vermelho,1,3,14,120,30,4.0000,0.0000,264,14,250,0
515,1535129199,vermelho,azul,reativa,vermelho,0,-3,14,90,120,0.7500,0.0769,220,10,210,0
516,1150841547,azul,verde,reativa,vermelho,0,-3,74,90,120,0.7500,0.0909,980,11,969,0
516,1150841547,azul,vermelho,reativa,vermelho,1,3,74,30,0,30.0000,0.0959,1755,5,1750,0
516,1150841547,azul,azul,reativa,vermelho,0,-3,74,120,120,1.0000,0.0411,1673,12,1661,0
517,1165334641,verde,verde,reativa,azul,0,-3,10,120,120,1.0000,0.0000,141,11,130,0
517,1165334641,verde,vermelho,reativa,azul,0,-3,10,90,120,0.7500,0.0000,144,7,137,0
517,1165334641,verde,azul,reativa,azul,1,3,10,60,30,2.0000,0.1000,199,7,192,0
518,681806193,vermelho,verde,reativa,empate,0,-1,100,120,90,1.3333,0.0202,1964,26,1938,0
518,681806193,vermelho,vermelho,reativa,empate,0,-1,100,0,0,0.0000,0.8300,1854,11,1843,0
518,681806193,vermelho,azul,reativa,empate,0,-1,100,90,120,0.7500,0.0000,448,9,439,0
519,1279852028,azul,verde,reativa,verde,1,3,51,30,30,1.0000,0.0600,1094,3,1091,0
519,1279852028,azul,vermelho,reativa,verde,0,-3,51,90,120,0.7500,0.0588,755,10,745,0
519,1279852028,azul,azul,reativa,verde,0,-3,51,150,120,1.2500,0.0200,1077,12,1065,0
520,927686692,verde,verde,reativa,vermelho,0,-3,32,90,120,0.7500,0.1667,629,6,623,0
520,927686692,verde,vermelho,reativa,vermelho,1,3,32,60,30,2.0000,0.0000,583,8,575,0
520,927686692,verde,azul,reativa,vermelho,0,-3,32,120,120,1.0000,0.0000,625,10,615,0
521,1035302288,vermelho,verde,reativa,azul,0,-3,21,90,120,0.7500,0.0000,207,8,199,0
521,1035302288,vermelho,vermelho,reativa,azul,0,-3,21,120,120,1.0000,0.0000,414,8,406,0
521,1035302288,vermelho,azul,reativa,azul,1,3,21,30,0,30.0000,0.0952,501,6,495,0
522,984794711,azul,verde,reativa,azul,0,-3,72,90,120,0.7500,0.0250,806,7,799,0
522,984794711,azul,vermelho,reativa,azul,0,-3,72,120,120,1.0000,0.0141,1586,24,1562,0
522,984794711,azul,azul,reativa,azul,1,3,72,30,0,30.0000,0.0139,1297,14,1283,0
523,327484689,verde,verde,reativa,empate,0,-1,100,90,120,0.7500,0.0000,355,6,349,0
523,327484689,verde,vermelho,reativa,empate,0,-1,100,0,0,0.0000,0.0500,2004,3,2001,0
523,327484689,verde,azul,reativa,empate,0,-1,100,120,90,1.3333,0.0900,2094,11,2083,0
524,386297152,vermelho,verde,reativa,vermelho,0,-3,10,150,120,1.2500,0.0000,108,11,97,0
524,386297152,vermelho,vermelho,reativa,vermelho,1,3,10,30,30,1.0000,0.1000,224,2,222,0
524,386297152,vermelho,azul,reativa,vermelho,0,-3,10,90,120,0.7500,0.0000,68,7,61,0
525,349317291,azul,verde,reativa,vermelho,0,-3,20,90,120,0.7500,0.0000,50,6,44,0
525,349317291,azul,vermelho,reativa,vermelho,1,3,20,30,30,1.0000,0.0000,350,3,347,0
525,349317291,azul,azul,reativa,vermelho,0,-3,20,150,120,1.2500,0.0000,336,11,325,0
526,2000841264,verde,verde,reativa,empate,0,-1,100,120,90,1.3333,0.0200,2021,10,2011,0
526,2000841264,verde,vermelho,reativa,empate,0,-1,100,90,120,0.7500,0.0476,432,6,426,0
526,2000841264,verde,azul,reativa,empate,0,-1,100,0,0,0.0000,0.0200,1846,1,1845,0
527,1679114366,vermelho,verde,reativa,vermelho,0,-3,26,90,120,0.7500,0.0000,302,7,295,0
527,1679114366,vermelho,vermelho,reativa,vermelho,1,3,26,30,0,30.0000,0.0769,604,4,600,0
527,1679114366,vermelho,azul,reativa,vermelho,0,-3,26,120,120,1.0000,0.1200,522,10,512,0
528,54272465,azul,verde,reativa,empate,0,-1,100,0,0,0.0000,0.0000,1165,44,1121,0
528,54272465,azul,vermelho,reativa,empate,0,-1,100,0,0,0.0000,0.0101,1740,2,1738,0
528,54272465,azul,azul,reativa,empate,0,-1,100,0,0,0.0000,0.0000,1903,0,1903,0
529,2003592322,verde,verde,reativa,empate,0,-1,100,120,90,1.3333,0.0700,2314,24,2290,0
529,2003592322,verde,vermelho,reativa,empate,0,-1,100,90,120,0.7500,0.0357,626,10,616,0
529,2003592322,verde,azul,reativa,empate,0,-1,100,0,0,0.0000,0.0000,1184,9,1175,0
530,1331448970,vermelho,verde,reativa,empate,0,-1,100,90,120,0.7500,0.0000,225,7,218,0
530,1331448970,vermelho,vermelho,reativa,empate,0,-1,100,120,90,1.3333,0.0100,1755,8,1747,0
530,1331448970,vermelho,azul,reativa,empate,0,-1,100,0,0,0.0000,0.4300,1945,0,1945,0
531,482643454,azul,verde,reativa,azul,0,-3,17,120,120,1.0000,0.1250,313,13,300,0
531,482643454,azul,vermelho,reativa,azul,0,-3,17,90,120,0.7500,0.1333,300,6,294,0
531,482643454,azul,azul,reativa,azul,1,3,17,30,0,30.0000,0.0000,306,3,303,0
532,1779565378,verde,verde,reativa,azul,0,-3,82,90,120,0.7500,0.0000,419,8,411,0
532,1779565378,verde,vermelho,reativa,azul,0,-3,82,150,120,1.2500,0.1098,1859,12,1847,0
532,1779565378,verde,azul,reativa,azul,1,3,82,30,30,1.0000,0.0122,1581,2,1579,0
533,2054481438,vermelho,verde,reativa,azul,0,-3,27,150,120,1.2500,0.1538,536,11,525,0
533,2054481438,vermelho,vermelho,reativa,azul,0,-3,27,90,120,0.7500,0.0556,366,7,359,0
533,2054481438,vermelho,azul,reativa,azul,1,3,27,30,30,1.0000,0.1481,627,5,622,0
534,1078675238,azul,verde,reativa,vermelho,0,-3,58,90,120,0.7500,0.0714,257,8,249,0
534,1078675238,azul,vermelho,reativa,vermelho,1,3,58,30,30,1.0000,0.1228,1283,4,1279,0
534,1078675238,azul,azul,reativa,vermelho,0,-3,58,150,120,1.2500,0.0526,1252,12,1240,0
535,843908336,verde,verde,reativa,verde,1,3,45,30,0,30.0000,0.0222,1035,6,1029,0
535,843908336,verde,vermelho,reativa,verde,0,-3,45,90,120,0.7500,0.0000,330,11,319,0
535,843908336,verde,azul,reativa,verde,0,-3,45,120,120,1.0000,0.0455,820,11,809,0
536,681987113,vermelho,verde,reativa,verde,1,3,30,30,0,30.0000,0.0345,666,4,662,0
536,681987113,vermelho,vermelho,reativa,verde,0,-3,30,120,120,1.0000,0.0000,617,9,608,0
536,681987113,vermelho,azul,reativa,verde,0,-3,30,90,120,0.7500,0.1364,473,7,466,0
537,1423106760,azul,verde,reativa,vermelho,0,-3,33,120,120,1.0000,0.0000,597,8,589,0
537,1423106760,azul,vermelho,reativa,vermelho,1,3,33,30,0,30.0000,0.0000,566,3,563,0
537,1423106760,azul,azul,reativa,vermelho,0,-3,33,90,120,0.7500,0.0000,56,6,50,0
538,1079511724,verde,verde,reativa,empate,0,-1,100,120,90,1.3333,0.0300,1994,9,1985,0
538,1079511724,verde,vermelho,reativa,empate,0,-1,100,90,120,0.7500,0.0625,296,5,291,0
538,1079511724,verde,azul,reativa,empate,0,-1,100,0,0,0.0000,0.0100,1475,1,1474,0
539,419734749,vermelho,verde,reativa,azul,0,-3,47,120,120,1.0000,0.0217,947,9,938,0
539,419734749,vermelho,vermelho,reativa,azul,0,-3,47,90,120,0.7500,0.0000,106,6,100,0
539,419734749,vermelho,azul,reativa,azul,1,3,47,30,0,30.0000,0.0213,707,4,703,0
540,1655343181,azul,verde,reativa,azul,0,-3,56,120,120,1.0000,0.1273,1234,15,1219,0
540,1655343181,azul,vermelho,reativa,azul,0,-3,56,90,120,0.7500,0.3333,231,7,224,0
540,1655343181,azul,azul,reativa,azul,1,3,56,30,0,30.0000,0.0179,1008,8,1000,0
541,1499152475,verde,verde,reativa,verde,1,3,41,30,30,1.0000,0.0000,820,2,818,0
541,1499152475,verde,vermelho,reativa,verde,0,-3,41,150,120,1.2500,0.1250,812,15,797,0
541,1499152475,verde,azul,reativa,verde,0,-3,41,90,120,0.7500,0.0833,231,6,225,0
542,1832667766,vermelho,verde,reativa,azul,0,-3,10,90,120,0.7500,0.3333,153,6,147,0
542,1832667766,vermelho,vermelho,reativa,azul,0,-3,10,90,120,0.7500,0.0000,131,6,125,0
542,1832667766,vermelho,azul,reativa,azul,1,3,10,90,30,3.0000,0.0000,181,7,174,0
543,1264378068,azul,verde,reativa,verde,1,3,15,30,0,30.0000,0.2143,329,4,325,0
543,1264378068,azul,vermelho,reativa,verde,0,-3,15,90,120,0.7500,0.0000,179,6,173,0
543,1264378068,azul,azul,reativa,verde,0,-3,15,120,120,1.0000,0.0000,249,8,241,0
544,1308472688,verde,verde,reativa,verde,1,3,51,30,30,1.0000,0.0784,1109,2,1107,0
544,1308472688,verde,vermelho,reativa,verde,0,-3,51,150,120,1.2500,0.4200,775,12,763,0
544,1308472688,verde,azul,reativa,verde,0,-3,51,90,120,0.7500,0.1111,137,8,129,0
545,1643580531,vermelho,verde,reativa,empate,0,-1,100,0,0,0.0000,0.0202,1948,7,1941,0
545,1643580531,vermelho,vermelho,reativa,empate,0,-1,100,0,0,0.0000,0.0100,1651,4,1647,0
545,1643580531,vermelho,azul,reativa,empate,0,-1,100,0,0,0.0000,0.0100,1749,2,1747,0
546,639957133,azul,verde,reativa,azul,0,-3,99,120,120,1.0000,0.0408,2210,13,2197,0
546,639957133,azul,vermelho,reativa,azul,0,-3,99,90,120,0.7500,0.0476,927,5,922,0
546,639957133,azul,azul,reativa,azul,1,3,99,30,0,30.0000,0.0505,1863,7,1856,0
547,1965988595,verde,verde,reativa,verde,1,3,48,30,30,1.0000,0.0833,1031,3,1028,0
547,1965988595,verde,vermelho,reativa,verde,0,-3,48,90,120,0.7500,0.0000,310,5,305,0
547,1965988595,verde,azul,reativa,verde,0,-3,48,150,120,1.2500,0.0426,994,12,982,0
548,785624668,vermelho,verde,reativa,azul,0,-3,22,150,120,1.2500,0.0952,403,18,385,0
548,785624668,vermelho,vermelho,reativa,azul,0,-3,22,90,120,0.7500,0.0000,161,12,149,0
548,785624668,vermelho,azul,reativa,azul,1,3,22,30,30,1.0000,0.1364,522,2,520,0
549,474626655,azul,verde,reativa,vermelho,0,-3,44,120,120,1.0000,0.0000,922,11,911,0
549,474626655,azul,vermelho,reativa,vermelho,1,3,44,30,0,30.0000,0.0698,970,3,967,0
549,474626655,azul,azul,reativa,vermelho,0,-3,44,90,120,0.7500,0.0556,382,7,375,0
550,1347717309,verde,verde,reativa,azul,0,-3,29,150,120,1.2500,0.0000,509,11,498,0
550,1347717309,verde,vermelho,reativa,azul,0,-3,29,90,120,0.7500,0.0000,418,7,411,0
550,1347717309,verde,azul,reativa,azul,1,3,29,30,30,1.0000,0.0345,623,4,619,0
551,1940104168,vermelho,verde,reativa,empate,0,-1,100,120,90,1.3333,0.0404,1888,12,1876,0
551,1940104168,vermelho,vermelho,reativa,empate,0,-1,100,0,0,0.0000,0.0000,1837,1,1836,0
551,1940104168,vermelho,azul,reativa,empate,0,-1,100,90,120,0.7500,0.0625,1481,13,1468,0
552,1153931505,azul,verde,reativa,empate,0,-1,100,0,0,0.0000,0.0505,1981,4,1977,0
552,1153931505,azul,vermelho,reativa,empate,0,-1,100,90,120,0.7500,0.0833,222,8,214,0
552,1153931505,azul,azul,reativa,empate,0,-1,100,120,90,1.3333,0.0100,1733,11,1722,0
553,2144325616,verde,verde,reativa,verde,1,3,23,30,0,30.0000,0.0000,528,2,526,0
553,2144325616,verde,vermelho,reativa,verde,0,-3,23,90,120,0.7500,0.0000,174,6,168,0
553,2144325616,verde,azul,reativa,verde,0,-3,23,120,120,1.0000,0.0455,417,9,408,0
554,30024536,vermelho,verde,reativa,empate,0,-1,100,120,90,1.3333,0.0606,2159,13,2146,0
554,30024536,vermelho,vermelho,reativa,empate,0,-1,100,90,120,0.7500,0.0208,2120,10,2110,0
554,30024536,vermelho,azul,reativa,empate,0,-1,100,0,0,0.0000,0.0100,1790,8,1782,0
555,1910399178,azul,verde,reativa,vermelho,0,-3,24,90,120,0.7500,0.0000,280,5,275,0
555,1910399178,azul,vermelho,reativa,vermelho,1,3,24,30,30,1.0000,0.2174,474,2,472,0
555,1910399178,azul,azul,reativa,vermelho,0,-3,24,150,120,1.2500,0.0000,427,12,415,0
556,1783435411,verde,verde,reativa,vermelho,0,-3,39,90,120,0.7500,0.0000,82,7,75,0
556,1783435411,verde,vermelho,reativa,vermelho,1,3,39,30,0,30.0000,0.0769,874,2,872,0
556,1783435411,verde,azul,reativa,vermelho,0,-3,39,120,120,1.0000,0.0526,783,9,774,0
557,2033767092,vermelho,verde,reativa,azul,0,-3,20,150,120,1.2500,0.0526,361,12,349,0
557,2033767092,vermelho,vermelho,reativa,azul,0,-3,20,90,120,0.7500,0.0000,165,8,157,0
557,2033767092,vermelho,azul,reativa,azul,1,3,20,30,30,1.0000,0.0000,378,6,372,0
558,1903858974,azul,verde,reativa,vermelho,0,-3,15,90,120,0.7500,0.0000,159,8,151,0
558,1903858974,azul,vermelho,reativa,vermelho,1,3,15,90,30,3.0000,0.0000,250,12,238,0
558,1903858974,azul,azul,reativa,vermelho,0,-3,15,90,120,0.7500,0.0000,264,8,256,0
559,1761344236,verde,verde,reativa,vermelho,0,-3,23,150,120,1.2500,0.0435,433,16,417,0
559,1761344236,verde,vermelho,reativa,vermelho,1,3,23,30,30,1.0000,0.0870,527,2,525,0
559,1761344236,verde,azul,reativa,vermelho,0,-3,23,90,120,0.7500,0.0000,316,7,309,0
560,822547579,vermelho,verde,reativa,empate,0,-1,100,0,0,0.0000,0.0404,2264,5,2259,0
560,822547579,vermelho,vermelho,reativa,empate,0,-1,100,90,120,0.7500,0.0000,452,8,444,0
560,822547579,vermelho,azul,reativa,empate,0,-1,100,120,90,1.3333,0.0400,2007,14,1993,0
561,369036526,azul,verde,reativa,empate,0,-1,100,90,120,0.7500,0.1429,612,8,604,0
561,369036526,azul,vermelho,reativa,empate,0,-1,100,0,0,0.0000,0.0000,969,0,969,0
561,369036526,azul,azul,reativa,empate,0,-1,100,120,90,1.3333,0.1000,2329,9,2320,0
562,385294681,verde,verde,reativa,empate,0,-1,100,120,90,1.3333,0.0000,1920,13,1907,0
562,385294681,verde,vermelho,reativa,empate,0,-1,100,0,0,0.0000,0.0100,1931,0,1931,0
562,385294681,verde,azul,reativa,empate,0,-1,100,90,120,0.7500,0.0370,568,6,562,0
563,1351163531,vermelho,verde,reativa,azul,0,-3,34,150,120,1.2500,0.0303,620,16,604,0
563,1351163531,vermelho,vermelho,reativa,azul,0,-3,34,90,120,0.7500,0.0968,648,7,641,0
563,1351163531,vermelho,azul,reativa,azul,1,3,34,30,30,1.0000,0.0294,730,3,727,0
564,788961864,azul,verde,reativa,azul,0,-3,53,90,120,0.7500,0.0000,264,7,257,0
564,788961864,azul,vermelho,reativa,azul,0,-3,53,150,120,1.2500,0.0769,1109,12,1097,0
564,788961864,azul,azul,reativa,azul,1,3,53,30,30,1.0000,0.3208,970,3,967,0
565,503141246,verde,verde,reativa,azul,0,-3,45,90,120,0.7500,0.0682,965,8,957,0
565,503141246,verde,vermelho,reativa,azul,0,-3,45,120,120,1.0000,0.0444,971,15,956,0
565,503141246,verde,azul,reativa,azul,1,3,45,30,0,30.0000,0.0889,1027,2,1025,0
566,1238521743,vermelho,verde,reativa,empate,0,-1,100,90,120,0.7500,0.0571,795,10,785,0
566,1238521743,vermelho,vermelho,reativa,empate,0,-1,100,120,90,1.3333,0.3600,1852,10,1842,0
566,1238521743,vermelho,azul,reativa,empate,0,-1,100,0,0,0.0000,0.0000,1871,0,1871,0
567,885807520,azul,verde,reativa,vermelho,0,-3,11,80,120,0.6667,0.0000,83,8,75,0
567,885807520,azul,vermelho,reativa,vermelho,1,3,11,30,30,1.0000,0.0000,224,4,220,0
567,885807520,azul,azul,reativa,vermelho,0,-3,11,150,110,1.3636,0.5000,122,10,112,0
568,267902503,verde,verde,reativa,verde,1,3,33,30,0,30.0000,0.7273,575,7,568,0
568,267902503,verde,vermelho,reativa,verde,0,-3,33,120,120,1.0000,0.0625,589,10,579,0
568,267902503,verde,azul,reativa,verde,0,-3,33,90,120,0.7500,0.0000,53,6,47,0
569,1922683726,vermelho,verde,reativa,empate,0,-1,100,90,120,0.7500,0.0000,81,6,75,0
569,1922683726,vermelho,vermelho,reativa,empate,0,-1,100,0,0,0.0000,0.0200,1669,18,1651,0
569,1922683726,vermelho,azul,reativa,empate,0,-1,100,120,90,1.3333,0.0200,1861,26,1835,0
570,2065365347,azul,verde,reativa,vermelho,0,-3,12,80,120,0.6667,0.0000,105,8,97,0
570,2065365347,azul,vermelho,reativa,vermelho,1,3,12,30,0,30.0000,0.0000,229,2,227,0
570,2065365347,azul,azul,reativa,vermelho,0,-3,12,120,110,1.0909,0.4545,184,9,175,0
571,322353062,verde,verde,reativa,empate,0,-1,100,0,0,0.0000,0.0100,1508,0,1508,0
571,322353062,verde,vermelho,reativa,empate,0,-1,100,120,90,1.3333,0.3800,1702,12,1690,0
571,322353062,verde,azul,reativa,empate,0,-1,100,90,120,0.7500,0.0000,188,6,182,0
572,1785633287,vermelho,verde,reativa,vermelho,0,-3,27,90,120,0.7500,0.0000,57,7,50,0
572,1785633287,vermelho,vermelho,reativa,vermelho,1,3,27,30,0,30.0000,0.0370,625,5,620,0
572,1785633287,vermelho,azul,reativa,vermelho,0,-3,27,120,120,1.0000,0.0000,450,9,441,0
573,753257138,azul,verde,reativa,verde,1,3,25,30,0,30.0000,0.0000,541,2,539,0
573,753257138,azul,vermelho,reativa,verde,0,-3,25,90,120,0.7500,0.0000,204,6,198,0
573,753257138,azul,azul,reativa,verde,0,-3,25,120,120,1.0000,0.0000,478,8,470,0
574,1429681041,verde,verde,reativa,azul,0,-3,53,90,120,0.7500,0.0476,428,8,420,0
574,1429681041,verde,vermelho,reativa,azul,0,-3,53,120,120,1.0000,0.1321,1043,12,1031,0
574,1429681041,verde,azul,reativa,azul,1,3,53,30,0,30.0000,0.0000,900,10,890,0
575,599050119,vermelho,verde,reativa,vermelho,0,-3,20,120,120,1.0000,0.0526,361,9,352,0
575,599050119,vermelho,vermelho,reativa,vermelho,1,3,20,30,0,30.0000,0.0000,457,2,455,0
575,599050119,vermelho,azul,reativa,vermelho,0,-3,20,90,120,0.7500,0.0000,94,7,87,0
576,880987394,azul,verde,reativa,empate,0,-1,100,120,90,1.3333,0.0303,2014,10,2004,0
576,880987394,azul,vermelho,reativa,empate,0,-1,100,90,120,0.7500,0.0000,933,12,921,0
576,880987394,azul,azul,reativa,empate,0,-1,100,0,0,0.0000,0.0200,1652,2,1650,0
577,1671317880,verde,verde,reativa,empate,0,-1,100,0,0,0.0000,0.0200,1996,3,1993,0
577,1671317880,verde,vermelho,reativa,empate,0,-1,100,0,0,0.0000,0.0100,2006,1,2005,0
577,1671317880,verde,azul,reativa,empate,0,-1,100,0,0,0.0000,0.0100,2082,1,2081,0
578,1667218631,vermelho,verde,reativa,azul,0,-3,40,30,120,0.2500,0.0541,849,7,842,0
578,1667218631,vermelho,vermelho,reativa,azul,0,-3,40,150,120,1.2500,0.0000,816,23,793,0
578,1667218631,vermelho,azul,reativa,azul,1,3,40,150,90,1.6667,0.0750,838,20,818,0
579,1360865676,azul,verde,reativa,verde,1,3,49,30,0,30.0000,0.0208,934,3,931,0
579,1360865676,azul,vermelho,reativa,verde,0,-3,49,90,120,0.7500,0.1000,875,7,868,0
579,1360865676,azul,azul,reativa,verde,0,-3,49,120,120,1.0000,0.0833,1042,12,1030,0
580,969768113,verde,verde,reativa,azul,0,-3,70,120,120,1.0000,0.0286,1496,8,1488,0
580,969768113,verde,vermelho,reativa,azul,0,-3,70,90,120,0.7500,0.0000,510,6,504,0
580,969768113,verde,azul,reativa,azul,1,3,70,30,0,30.0000,0.0143,1613,7,1606,0
581,828045317,vermelho,verde,reativa,azul,0,-3,9,90,120,0.7500,0.0000,76,7,69,0
581,828045317,vermelho,vermelho,reativa,azul,0,-3,9,150,120,1.2500,0.0000,106,10,96,0
581,828045317,vermelho,azul,reativa,azul,1,3,9,30,30,1.0000,0.1111,195,3,192,0
582,1609858943,azul,verde,reativa,empate,0,-1,100,90,120,0.7500,0.0568,2042,12,2030,0
582,1609858943,azul,vermelho,reativa,empate,0,-1,100,120,90,1.3333,0.0505,2256,10,2246,0
582,1609858943,azul,azul,reativa,empate,0,-1,100,0,0,0.0000,0.0800,2147,0,2147,0
583,657787211,verde,verde,reativa,vermelho,0,-3,33,30,120,0.2500,0.0357,608,2,606,0
583,657787211,verde,vermelho,reativa,vermelho,1,3,33,150,90,1.6667,0.0000,566,15,551,0
583,657787211,verde,azul,reativa,vermelho,0,-3,33,150,120,1.2500,0.0938,629,14,615,0
584,1500741286,vermelho,verde,reativa,azul,0,-3,43,150,120,1.2500,0.0238,872,12,860,0
584,1500741286,vermelho,vermelho,reativa,azul,0,-3,43,90,120,0.7500,0.0000,555,6,549,0
584,1500741286,vermelho,azul,reativa,azul,1,3,43,30,30,1.0000,0.0233,993,9,984,0
585,1216752255,azul,verde,reativa,empate,0,-1,100,0,0,0.0000,0.0404,2074,28,2046,0
585,1216752255,azul,vermelho,reativa,empate,0,-1,100,120,90,1.3333,0.0000,1635,36,1599,0
585,1216752255,azul,azul,reativa,empate,0,-1,100,90,120,0.7500,0.0556,381,13,368,0
586,170355655,verde,verde,reativa,vermelho,0,-3,36,120,120,1.0000,0.0000,749,13,736,0
586,170355655,verde,vermelho,reativa,vermelho,1,3,36,30,0,30.0000,0.0278,706,3,703,0
586,170355655,verde,azul,reativa,vermelho,0,-3,36,90,120,0.7500,0.0588,354,13,341,0
587,522938142,vermelho,verde,reativa,empate,0,-1,100,0,0,0.0000,0.0000,1884,3,1881,0
587,522938142,vermelho,vermelho,reativa,empate,0,-1,100,90,120,0.7500,0.0000,146,8,138,0
587,522938142,vermelho,azul,reativa,empate,0,-1,100,120,90,1.3333,0.0200,2009,13,1996,0
588,1224265644,azul,verde,reativa,empate,0,-1,100,90,120,0.7500,0.0417,485,6,479,0
588,1224265644,azul,vermelho,reativa,empate,0,-1,100,120,90,1.3333,0.0101,1719,8,1711,0
588,1224265644,azul,azul,reativa,empate,0,-1,100,0,0,0.0000,0.0000,1853,0,1853,0
589,2071903378,verde,verde,reativa,azul,0,-3,64,120,120,1.0000,0.1094,1431,21,1410,0
589,2071903378,verde,vermelho,reativa,azul,0,-3,64,90,120,0.7500,0.0833,224,8,216,0
589,2071903378,verde,azul,reativa,azul,1,3,64,30,0,30.0000,0.0469,1457,3,1454,0
590,239551354,vermelho,verde,reativa,empate,0,-1,100,0,0,0.0000,0.0202,1816,31,1785,0
590,239551354,vermelho,vermelho,reativa,empate,0,-1,100,90,120,0.7500,0.7143,106,7,99,0
590,239551354,vermelho,azul,reativa,empate,0,-1,100,120,90,1.3333,0.0100,1711,8,1703,0
591,1331453486,azul,verde,reativa,empate,0,-1,100,90,120,0.7500,0.3333,76,7,69,0
591,1331453486,azul,vermelho,reativa,empate,0,-1,100,120,90,1.3333,0.0303,1739,8,1731,0
591,1331453486,azul,azul,reativa,empate,0,-1,100,0,0,0.0000,0.0500,2263,2,2261,0
592,700635290,verde,verde,reativa,verde,1,3,38,180,90,2.0000,0.0789,811,25,786,0
592,700635290,verde,vermelho,reativa,verde,0,-3,38,90,120,0.7500,0.0270,855,13,842,0
592,700635290,verde,azul,reativa,verde,0,-3,38,60,120,0.5000,0.0345,657,5,652,0
593,1793610634,vermelho,verde,reativa,verde,1,3,13,30,30,1.0000,0.0000,267,4,263,0
593,1793610634,vermelho,vermelho,reativa,verde,0,-3,13,90,120,0.7500,0.0000,195,7,188,0
593,1793610634,vermelho,azul,reativa,verde,0,-3,13,150,120,1.2500,0.1667,172,12,160,0
594,1428201362,azul,verde,reativa,vermelho,0,-3,15,90,120,0.7500,0.0000,102,5,97,0
594,1428201362,azul,vermelho,reativa,vermelho,1,3,15,30,30,1.0000,0.1429,317,3,314,0
594,1428201362,azul,azul,reativa,vermelho,0,-3,15,150,120,1.2500,0.0000,192,12,180,0
595,40425461,verde,verde,reativa,vermelho,0,-3,48,90,120,0.7500,0.0667,651,7,644,0
595,40425461,verde,vermelho,reativa,vermelho,1,3,48,30,30,1.0000,0.1042,1091,3,1088,0
595,40425461,verde,azul,reativa,vermelho,0,-3,48,150,120,1.2500,0.0000,766,10,756,0
596,1462276455,vermelho,verde,reativa,verde,1,3,21,120,60,2.0000,0.0000,395,9,386,0
596,1462276455,vermelho,vermelho,reativa,verde,0,-3,21,120,120,1.0000,0.0000,366,8,358,0
596,1462276455,vermelho,azul,reativa,verde,0,-3,21,60,120,0.5000,0.0000,321,6,315,0
597,2054249709,azul,verde,reativa,azul,0,-3,21,90,120,0.7500,0.0000,289,7,282,0
597,2054249709,azul,vermelho,reativa,azul,0,-3,21,120,120,1.0000,0.0000,389,8,381,0
597,2054249709,azul,azul,reativa,azul,1,3,21,30,0,30.0000,0.0952,472,8,464,0
598,630302914,verde,verde,reativa,empate,0,-1,100,0,0,0.0000,0.0400,1915,34,1881,0
598,630302914,verde,vermelho,reativa,empate,0,-1,100,0,0,0.0000,0.0100,1500,2,1498,0
598,630302914,verde,azul,reativa,empate,0,-1,100,0,0,0.0000,0.0300,1816,3,1813,0
599,1951134645,vermelho,verde,reativa,vermelho,0,-3,12,60,120,0.5000,0.0000,154,5,149,0
599,1951134645,vermelho,vermelho,reativa,vermelho,1,3,12,150,30,5.0000,0.0000,187,12,175,0
599,1951134645,vermelho,azul,reativa,vermelho,0,-3,12,60,120,0.5000,0.0000,183,3,180,0
600,1030142316,azul,verde,reativa,azul,0,-3,31,90,120,0.7500,0.0000,568,8,560,0
600,1030142316,azul,vermelho,reativa,azul,0,-3,31,120,120,1.0000,0.0333,633,9,624,0
600,1030142316,azul,azul,reativa,azul,1,3,31,30,0,30.0000,0.0323,722,4,718,0
601,1015889351,verde,verde,reativa,empate,0,-1,100,120,90,1.3333,0.0000,1793,9,1784,0
601,1015889351,verde,vermelho,reativa,empate,0,-1,100,0,0,0.0000,0.0000,1340,0,1340,0
601,1015889351,verde,azul,reativa,empate,0,-1,100,90,120,0.7500,0.0000,267,7,260,0
602,205782876,vermelho,verde,reativa,verde,1,3,53,30,0,30.0000,0.1154,1197,2,1195,0
602,205782876,vermelho,vermelho,reativa,verde,0,-3,53,120,120,1.0000,0.0385,1120,9,1111,0
602,205782876,vermelho,azul,reativa,verde,0,-3,53,90,120,0.7500,0.0000,80,6,74,0
603,1233340021,azul,verde,reativa,vermelho,0,-3,33,90,120,0.7500,0.0000,49,6,43,0
603,1233340021,azul,vermelho,reativa,vermelho,1,3,33,30,30,1.0000,0.0625,738,5,733,0
603,1233340021,azul,azul,reativa,vermelho,0,-3,33,150,120,1.2500,0.0000,554,10,544,0
604,2014491557,verde,verde,reativa,verde,1,3,26,70,90,0.7778,0.0000,574,6,568,0
604,2014491557,verde,vermelho,reativa,verde,0,-3,26,90,120,0.7500,0.0909,406,9,397,0
604,2014491557,verde,azul,reativa,verde,0,-3,26,150,100,1.5000,0.1200,511,17,494,0
605,1314928140,vermelho,verde,reativa,verde,1,3,29,30,0,30.0000,0.0714,539,3,536,0
605,1314928140,vermelho,vermelho,reativa,verde,0,-3,29,120,120,1.0000,0.1071,594,14,580,0
605,1314928140,vermelho,azul,reativa,verde,0,-3,29,90,120,0.7500,0.1250,310,8,302,0
606,1869575208,azul,verde,reativa,empate,0,-1,100,90,120,0.7500,0.0741,537,14,523,0
606,1869575208,azul,vermelho,reativa,empate,0,-1,100,120,90,1.3333,0.0303,2020,9,2011,0
606,1869575208,azul,azul,reativa,empate,0,-1,100,0,0,0.0000,0.0000,1903,8,1895,0
607,412083840,verde,verde,reativa,vermelho,0,-3,94,90,120,0.7500,0.0000,155,6,149,0
607,412083840,verde,vermelho,reativa,vermelho,1,3,94,30,0,30.0000,0.0638,1858,7,1851,0
607,412083840,verde,azul,reativa,vermelho,0,-3,94,120,120,1.0000,0.0430,2120,11,2109,0
608,1705502126,vermelho,verde,reativa,verde,1,3,43,30,0,30.0000,0.0000,777,5,772,0
608,1705502126,vermelho,vermelho,reativa,verde,0,-3,43,120,120,1.0000,0.0238,909,14,895,0
608,1705502126,vermelho,azul,reativa,verde,0,-3,43,90,120,0.7500,0.0000,459,7,452,0
609,360032754,azul,verde,reativa,vermelho,0,-3,29,120,120,1.0000,0.0000,528,9,519,0
609,360032754,azul,vermelho,reativa,vermelho,1,3,29,30,0,30.0000,0.0000,653,3,650,0
609,360032754,azul,azul,reativa,vermelho,0,-3,29,90,120,0.7500,0.0000,106,6,100,0
610,1703396810,verde,verde,reativa,verde,1,3,64,30,0,30.0000,0.0313,1199,7,1192,0
610,1703396810,verde,vermelho,reativa,verde,0,-3,64,120,120,1.0000,0.0794,1318,10,1308,0
610,1703396810,verde,azul,reativa,verde,0,-3,64,90,120,0.7500,0.0000,90,5,85,0
611,1813539174,vermelho,verde,reativa,azul,0,-3,87,90,120,0.7500,0.0000,207,8,199,0
611,1813539174,vermelho,vermelho,reativa,azul,0,-3,87,120,120,1.0000,0.0460,1798,9,1789,0
611,1813539174,vermelho,azul,reativa,azul,1,3,87,30,0,30.0000,0.0345,2075,14,2061,0
612,1326081846,azul,verde,reativa,verde,1,3,92,30,0,30.0000,0.0000,1059,2,1057,0
612,1326081846,azul,vermelho,reativa,verde,0,-3,92,90,120,0.7500,0.0000,56,6,50,0
612,1326081846,azul,azul,reativa,verde,0,-3,92,120,120,1.0000,0.0440,2069,9,2060,0
613,1251722137,verde,verde,reativa,verde,1,3,76,30,30,1.0000,0.0132,1352,3,1349,0
613,1251722137,verde,vermelho,reativa,verde,0,-3,76,150,120,1.2500,0.3467,1380,12,1368,0
613,1251722137,verde,azul,reativa,verde,0,-3,76,90,120,0.7500,0.0385,968,8,960,0
614,279383135,vermelho,verde,reativa,empate,0,-1,100,0,0,0.0000,0.0000,1892,0,1892,0
614,279383135,vermelho,vermelho,reativa,empate,0,-1,100,0,0,0.0000,0.0000,1246,0,1246,0
614,279383135,vermelho,azul,reativa,empate,0,-1,100,0,0,0.0000,0.0300,1973,0,1973,0
615,2053490072,azul,verde,reativa,azul,0,-3,84,150,120,1.2500,0.0964,1465,17,1448,0
615,2053490072,azul,vermelho,reativa,azul,0,-3,84,90,120,0.7500,0.1538,220,5,215,0
615,2053490072,azul,azul,reativa,azul,1,3,84,30,30,1.0000,0.0595,1972,7,1965,0
616,469087286,verde,verde,reativa,empate,0,-1,100,90,120,0.7500,0.0333,1911,12,1899,0
616,469087286,verde,vermelho,reativa,empate,0,-1,100,120,90,1.3333,0.0200,1725,9,1716,0
616,469087286,verde,azul,reativa,empate,0,-1,100,0,0,0.0000,0.0200,2372,7,2365,0
617,244808538,vermelho,verde,reativa,azul,0,-3,39,150,120,1.2500,0.0263,810,13,797,0
617,244808538,vermelho,vermelho,reativa,azul,0,-3,39,90,120,0.7500,0.0000,689,10,679,0
617,244808538,vermelho,azul,reativa,azul,1,3,39,30,30,1.0000,0.0256,855,3,852,0
618,1697912004,azul,verde,reativa,vermelho,0,-3,31,90,120,0.7500,0.0000,155,6,149,0
618,1697912004,azul,vermelho,reativa,vermelho,1,3,31,30,30,1.0000,0.0667,692,2,690,0
618,1697912004,azul,azul,reativa,vermelho,0,-3,31,150,120,1.2500,0.1000,631,15,616,0
619,1196957329,verde,verde,reativa,vermelho,0,-3,14,90,120,0.7500,0.0000,167,8,159,0
619,1196957329,verde,vermelho,reativa,vermelho,1,3,14,90,30,3.0000,0.0000,285,11,274,0
619,1196957329,verde,azul,reativa,vermelho,0,-3,14,90,120,0.7500,0.0000,228,6,222,0
620,279705624,vermelho,verde,reativa,empate,0,-1,100,60,120,0.5000,0.2500,309,7,302,0
620,279705624,vermelho,vermelho,reativa,empate,0,-1,100,120,60,2.0000,0.0800,1942,8,1934,0
620,279705624,vermelho,azul,reativa,empate,0,-1,100,0,0,0.0000,0.0000,1547,1,1546,0
621,440487415,azul,verde,reativa,verde,1,3,55,30,30,1.0000,0.0926,1298,11,1287,0
621,440487415,azul,vermelho,reativa,verde,0,-3,55,90,120,0.7500,0.0476,930,10,920,0
621,440487415,azul,azul,reativa,verde,0,-3,55,150,120,1.2500,0.0185,975,15,960,0
622,532420518,verde,verde,reativa,verde,1,3,9,60,0,60.0000,0.0000,174,6,168,0
622,532420518,verde,vermelho,reativa,verde,0,-3,9,90,120,0.7500,0.5714,101,7,94,0
622,532420518,verde,azul,reativa,verde,0,-3,9,90,120,0.7500,0.0000,131,10,121,0
623,1534020729,vermelho,verde,reativa,empate,0,-1,100,0,0,0.0000,0.0101,1985,2,1983,0
623,1534020729,vermelho,vermelho,reativa,empate,0,-1,100,90,120,0.7500,0.0435,504,8,496,0
623,1534020729,vermelho,azul,reativa,empate,0,-1,100,120,90,1.3333,0.0300,1697,17,1680,0
624,1330977352,azul,verde,reativa,verde,1,3,35,30,30,1.0000,0.0000,642,2,640,0
624,1330977352,azul,vermelho,reativa,verde,0,-3,35,150,120,1.2500,0.0303,690,15,675,0
624,1330977352,azul,azul,reativa,verde,0,-3,35,90,120,0.7500,0.0000,278,6,272,0
625,1339491093,verde,verde,reativa,vermelho,0,-3,56,150,120,1.2500,0.0714,1220,12,1208,0
625,1339491093,verde,vermelho,reativa,vermelho,1,3,56,30,30,1.0000,0.0714,1297,6,1291,0
625,1339491093,verde,azul,reativa,vermelho,0,-3,56,90,120,0.7500,0.0000,234,7,227,0
626,2136906327,vermelho,verde,reativa,empate,0,-1,100,120,90,1.3333,0.0101,1824,40,1784,0
626,2136906327,vermelho,vermelho,reativa,empate,0,-1,100,90,120,0.7500,0.0278,803,9,794,0
626,2136906327,vermelho,azul,reativa,empate,0,-1,100,0,0,0.0000,0.3200,2062,32,2030,0
627,523294266,azul,verde,reativa,empate,0,-1,100,120,90,1.3333,0.4040,914,9,905,0
627,523294266,azul,vermelho,reativa,empate,0,-1,100,0,0,0.0000,0.0000,1801,1,1800,0
627,523294266,azul,azul,reativa,empate,0,-1,100,90,120,0.7500,0.0000,231,8,223,0
628,1234858072,verde,verde,reativa,vermelho,0,-3,58,90,120,0.7500,0.0370,1174,11,1163,0
628,1234858072,verde,vermelho,reativa,vermelho,1,3,58,30,30,1.0000,0.0517,1266,11,1255,0
628,1234858072,verde,azul,reativa,vermelho,0,-3,58,150,120,1.2500,0.0702,1273,11,1262,0
629,130403733,vermelho,verde,reativa,vermelho,0,-3,13,120,120,1.0000,0.0833,207,10,197,0
629,130403733,vermelho,vermelho,reativa,vermelho,1,3,13,90,30,3.0000,0.0000,250,6,244,0
629,130403733,vermelho,azul,reativa,vermelho,0,-3,13,60,120,0.5000,0.0000,126,5,121,0
630,444026286,azul,verde,reativa,vermelho,0,-3,40,150,120,1.2500,0.0256,607,13,594,0
630,444026286,azul,vermelho,reativa,vermelho,1,3,40,30,30,1.0000,0.1026,894,4,890,0
630,444026286,azul,azul,reativa,vermelho,0,-3,40,90,120,0.7500,0.0769,245,10,235,0
631,1706054446,verde,verde,reativa,empate,0,-1,100,0,0,0.0000,0.0000,1493,0,1493,0
631,1706054446,verde,vermelho,reativa,empate,0,-1,100,90,120,0.7500,0.0732,940,9,931,0
631,1706054446,verde,azul,reativa,empate,0,-1,100,120,90,1.3333,0.0300,2181,16,2165,0
632,1251267710,vermelho,verde,reativa,empate,0,-1,100,120,90,1.3333,0.0000,1868,57,1811,0
632,1251267710,vermelho,vermelho,reativa,empate,0,-1,100,0,0,0.0000,0.9300,1984,50,1934,0
632,1251267710,vermelho,azul,reativa,empate,0,-1,100,90,120,0.7500,0.1351,822,17,805,0
633,1966057535,azul,verde,reativa,verde,1,3,15,120,90,1.3333,0.0714,245,9,236,0
633,1966057535,azul,vermelho,reativa,verde,0,-3,15,60,120,0.5000,0.0000,123,7,116,0
633,1966057535,azul,azul,reativa,verde,0,-3,15,150,120,1.2500,0.0000,234,11,223,0
634,1965943761,verde,verde,reativa,azul,0,-3,44,90,120,0.7500,0.0000,400,12,388,0
634,1965943761,verde,vermelho,reativa,azul,0,-3,44,150,120,1.2500,0.0227,870,13,857,0
634,1965943761,verde,azul,reativa,azul,1,3,44,30,30,1.0000,0.0682,970,8,962,0
635,768926301,vermelho,verde,reativa,vermelho,0,-3,60,150,110,1.3636,0.0508,1273,12,1261,0
635,768926301,vermelho,vermelho,reativa,vermelho,1,3,60,20,30,0.6667,0.1167,1337,3,1334,0
635,768926301,vermelho,azul,reativa,vermelho,0,-3,60,90,120,0.7500,0.1000,161,6,155,0
636,1881604470,azul,verde,reativa,empate,0,-1,100,90,120,0.7500,0.0400,474,5,469,0
636,1881604470,azul,vermelho,reativa,empate,0,-1,100,120,90,1.3333,0.0101,1718,10,1708,0
636,1881604470,azul,azul,reativa,empate,0,-1,100,0,0,0.0000,0.0100,1806,1,1805,0
637,1256005152,verde,verde,reativa,azul,0,-3,29,90,120,0.7500,0.0000,300,7,293,0
637,1256005152,verde,vermelho,reativa,azul,0,-3,29,120,120,1.0000,0.0690,605,8,597,0
637,1256005152,verde,azul,reativa,azul,1,3,29,30,0,30.0000,0.0345,631,8,623,0
638,866370088,vermelho,verde,reativa,empate,0,-1,100,120,90,1.3333,0.0505,2047,10,2037,0
638,866370088,vermelho,vermelho,reativa,empate,0,-1,100,90,120,0.7500,0.0000,275,8,267,0
638,866370088,vermelho,azul,reativa,empate,0,-1,100,0,0,0.0000,0.1800,1987,0,1987,0
639,453976170,azul,verde,reativa,empate,0,-1,100,90,120,0.7500,0.0000,78,7,71,0
639,453976170,azul,vermelho,reativa,empate,0,-1,100,120,90,1.3333,0.0606,2264,10,2254,0
639,453976170,azul,azul,reativa,empate,0,-1,100,0,0,0.0000,0.0000,1857,0,1857,0
640,960568082,verde,verde,reativa,vermelho,0,-3,10,150,120,1.2500,0.1000,133,12,121,0
640,960568082,verde,vermelho,reativa,vermelho,1,3,10,30,30,1.0000,0.1000,227,4,223,0
640,960568082,verde,azul,reativa,vermelho,0,-3,10,90,120,0.7500,0.1250,132,7,125,0
641,1262463845,vermelho,verde,reativa,empate,0,-1,100,0,0,0.0000,0.0101,1717,29,1688,0
641,1262463845,vermelho,vermelho,reativa,empate,0,-1,100,120,90,1.3333,0.0100,1901,13,1888,0
641,1262463845,vermelho,azul,reativa,empate,0,-1,100,90,120,0.7500,0.1000,169,8,161,0
642,1248811076,azul,verde,reativa,vermelho,0,-3,21,150,120,1.2500,0.2000,364,9,355,0
642,1248811076,azul,vermelho,reativa,vermelho,1,3,21,30,30,1.0000,0.0000,453,3,450,0
642,1248811076,azul,azul,reativa,vermelho,0,-3,21,90,120,0.7500,0.0588,354,6,348,0
643,1493478306,verde,verde,reativa,empate,0,-1,100,0,0,0.0000,0.0000,1388,1,1387,0
643,1493478306,verde,vermelho,reativa,empate,0,-1,100,120,90,1.3333,0.0300,2287,10,2277,0
643,1493478306,verde,azul,reativa,empate,0,-1,100,90,120,0.7500,0.0833,231,6,225,0
644,665279136,vermelho,verde,reativa,vermelho,0,-3,19,90,120,0.7500,0.0667,299,8,291,0
644,665279136,vermelho,vermelho,reativa,vermelho,1,3,19,30,0,30.0000,0.1053,449,4,445,0
644,665279136,vermelho,azul,reativa,vermelho,0,-3,19,120,120,1.0000,0.0000,293,8,285,0
645,218716618,azul,verde,reativa,vermelho,0,-3,43,90,120,0.7500,0.0500,368,5,363,0
645,218716618,azul,vermelho,reativa,vermelho,1,3,43,30,0,30.0000,0.0000,970,3,967,0
645,218716618,azul,azul,reativa,vermelho,0,-3,43,120,120,1.0000,0.0238,827,11,816,0
646,640258826,verde,verde,reativa,azul,0,-3,47,90,120,0.7500,0.0870,452,7,445,0
646,640258826,verde,vermelho,reativa,azul,0,-3,47,150,120,1.2500,0.0426,1033,15,1018,0
646,640258826,verde,azul,reativa,azul,1,3,47,30,30,1.0000,0.0213,925,1,924,0
647,1496625869,vermelho,verde,reativa,azul,0,-3,96,90,120,0.7500,0.1667,72,6,66,0
647,1496625869,vermelho,vermelho,reativa,azul,0,-3,96,120,120,1.0000,0.0208,2147,13,2134,0
647,1496625869,vermelho,azul,reativa,azul,1,3,96,30,0,30.0000,0.0000,1609,5,1604,0
648,129953772,azul,verde,reativa,azul,0,-3,38,90,120,0.7500,0.0455,443,8,435,0
648,129953772,azul,vermelho,reativa,azul,0,-3,38,150,120,1.2500,0.0270,776,11,765,0
648,129953772,azul,azul,reativa,azul,1,3,38,30,30,1.0000,0.0263,816,2,814,0
649,198795325,verde,verde,reativa,azul,0,-3,21,120,120,1.0000,0.0000,424,9,415,0
649,198795325,verde,vermelho,reativa,azul,0,-3,21,90,120,0.7500,0.0000,47,6,41,0
649,198795325,verde,azul,reativa,azul,1,3,21,30,0,30.0000,0.0476,429,3,426,0
650,1092198279,vermelho,verde,reativa,verde,1,3,49,30,0,30.0000,0.0417,1068,3,1065,0
650,1092198279,vermelho,vermelho,reativa,verde,0,-3,49,90,120,0.7500,0.0000,169,7,162,0
650,1092198279,vermelho,azul,reativa,verde,0,-3,49,120,120,1.0000,0.0000,1060,10,1050,0
651,779591759,azul,verde,reativa,empate,0,-1,100,0,0,0.0000,0.4343,1559,3,1556,0
651,779591759,azul,vermelho,reativa,empate,0,-1,100,120,90,1.3333,0.6566,1680,11,1669,0
651,779591759,azul,azul,reativa,empate,0,-1,100,90,120,0.7500,0.0769,226,7,219,0
652,1317852308,verde,verde,reativa,verde,1,3,61,30,30,1.0000,0.0492,1338,7,1331,0
652,1317852308,verde,vermelho,reativa,verde,0,-3,61,150,120,1.2500,0.0333,854,15,839,0
652,1317852308,verde,azul,reativa,verde,0,-3,61,90,120,0.7500,0.0000,198,5,193,0
653,1288168034,vermelho,verde,reativa,empate,0,-1,100,0,0,0.0000,0.0505,2057,5,2052,0
653,1288168034,vermelho,vermelho,reativa,empate,0,-1,100,120,90,1.3333,0.0600,1950,14,1936,0
653,1288168034,vermelho,azul,reativa,empate,0,-1,100,90,120,0.7500,0.0714,597,13,584,0
654,770170329,azul,verde,reativa,vermelho,0,-3,64,90,120,0.7500,0.0645,662,6,656,0
654,770170329,azul,vermelho,reativa,vermelho,1,3,64,30,30,1.0000,0.0317,1352,4,1348,0
654,770170329,azul,azul,reativa,vermelho,0,-3,64,150,120,1.2500,0.0794,1393,25,1368,0
655,1802537942,verde,verde,reativa,verde,1,3,29,30,0,30.0000,0.0345,637,2,635,0
655,1802537942,verde,vermelho,reativa,verde,0,-3,29,90,120,0.7500,0.0000,576,12,564,0
655,1802537942,verde,azul,reativa,verde,0,-3,29,120,120,1.0000,0.0357,593,10,583,0
656,714072783,vermelho,verde,reativa,empate,0,-1,100,0,0,0.0000,0.0606,2047,4,2043,0
656,714072783,vermelho,vermelho,reativa,empate,0,-1,100,120,90,1.3333,0.3000,1969,13,1956,0
656,714072783,vermelho,azul,reativa,empate,0,-1,100,90,120,0.7500,0.0000,721,7,714,0
657,1894773843,azul,verde,reativa,vermelho,0,-3,29,90,120,0.7500,0.0455,444,5,439,0
657,1894773843,azul,vermelho,reativa,vermelho,1,3,29,30,0,30.0000,0.0714,577,4,573,0
657,1894773843,azul,azul,reativa,vermelho,0,-3,29,120,120,1.0000,0.0000,572,8,564,0
658,1299649723,verde,verde,reativa,azul,0,-3,82,120,120,1.0000,0.0610,1829,13,1816,0
658,1299649723,verde,vermelho,reativa,azul,0,-3,82,90,120,0.7500,0.0303,711,8,703,0
658,1299649723,verde,azul,reativa,azul,1,3,82,30,0,30.0000,0.0610,1612,5,1607,0
659,951999122,vermelho,verde,reativa,azul,0,-3,31,60,120,0.5000,0.0667,613,5,608,0
659,951999122,vermelho,vermelho,reativa,azul,0,-3,31,90,120,0.7500,0.0345,620,11,609,0
659,951999122,vermelho,azul,reativa,azul,1,3,31,150,60,2.5000,0.0645,579,12,567,0
660,2094539556,azul,verde,reativa,vermelho,0,-3,61,120,120,1.0000,0.0500,1226,11,1215,0
660,2094539556,azul,vermelho,reativa,vermelho,1,3,61,30,0,30.0000,0.0667,1331,4,1327,0
660,2094539556,azul,azul,reativa,vermelho,0,-3,61,90,120,0.7500,0.0000,103,8,95,0
661,1988806916,verde,verde,reativa,vermelho,0,-3,23,90,120,0.7500,0.0000,458,7,451,0
661,1988806916,verde,vermelho,reativa,vermelho,1,3,23,30,0,30.0000,0.0000,507,4,503,0
661,1988806916,verde,azul,reativa,vermelho,0,-3,23,120,120,1.0000,0.0909,437,8,429,0
662,589686748,vermelho,verde,reativa,empate,0,-1,100,90,120,0.7500,0.0000,345,6,339,0
662,589686748,vermelho,vermelho,reativa,empate,0,-1,100,0,0,0.0000,0.5000,1698,8,1690,0
662,589686748,vermelho,azul,reativa,empate,0,-1,100,120,90,1.3333,0.0300,2164,18,2146,0
663,2020755370,azul,verde,reativa,vermelho,0,-3,30,150,120,1.2500,0.1379,547,14,533,0
663,2020755370,azul,vermelho,reativa,vermelho,1,3,30,30,30,1.0000,0.0345,702,3,699,0
663,2020755370,azul,azul,reativa,vermelho,0,-3,30,90,120,0.7500,0.0769,249,8,241,0
664,880251236,verde,verde,reativa,empate,0,-1,100,90,120,0.7500,0.0250,876,10,866,0
664,880251236,verde,vermelho,reativa,empate,0,-1,100,0,0,0.0000,0.1500,2263,16,2247,0
664,880251236,verde,azul,reativa,empate,0,-1,100,120,90,1.3333,0.0400,1893,9,1884,0
665,495973414,vermelho,verde,reativa,empate,0,-1,100,90,120,0.7500,0.0000,470,12,458,0
665,495973414,vermelho,vermelho,reativa,empate,0,-1,100,0,0,0.0000,0.3900,1582,8,1574,0
665,495973414,vermelho,azul,reativa,empate,0,-1,100,120,90,1.3333,0.0000,1922,50,1872,0
666,984970438,azul,verde,reativa,verde,1,3,19,30,30,1.0000,0.0556,407,1,406,0
666,984970438,azul,vermelho,reativa,verde,0,-3,19,150,120,1.2500,0.0000,306,10,296,0
666,984970438,azul,azul,reativa,verde,0,-3,19,90,120,0.7500,0.0000,72,6,66,0
667,220068118,verde,verde,reativa,vermelho,0,-3,44,150,120,1.2500,0.0000,696,12,684,0
667,220068118,verde,vermelho,reativa,vermelho,1,3,44,90,60,1.5000,0.0000,825,12,813,0
667,220068118,verde,azul,reativa,vermelho,0,-3,44,60,120,0.5000,0.0000,877,6,871,0
668,1454005916,vermelho,verde,reativa,vermelho,0,-3,52,90,120,0.7500,0.0000,334,9,325,0
668,1454005916,vermelho,vermelho,reativa,vermelho,1,3,52,30,0,30.0000,0.0385,1208,3,1205,0
668,1454005916,vermelho,azul,reativa,vermelho,0,-3,52,120,120,1.0000,0.0588,1155,11,1144,0
669,111536335,azul,verde,reativa,empate,0,-1,100,120,90,1.3333,0.0000,1410,8,1402,0
669,111536335,azul,vermelho,reativa,empate,0,-1,100,90,120,0.7500,0.0000,335,7,328,0
669,111536335,azul,azul,reativa,empate,0,-1,100,0,0,0.0000,0.0300,1946,1,1945,0
670,228923756,verde,verde,reativa,vermelho,0,-3,15,120,120,1.0000,0.0667,274,8,266,0
670,228923756,verde,vermelho,reativa,vermelho,1,3,15,30,0,30.0000,0.0000,353,3,350,0
670,228923756,verde,azul,reativa,vermelho,0,-3,15,90,120,0.7500,0.0000,166,6,160,0
671,1575262061,vermelho,verde,reativa,azul,0,-3,18,90,120,0.7500,0.0000,290,7,283,0
671,1575262061,vermelho,vermelho,reativa,azul,0,-3,18,150,120,1.2500,0.0556,312,11,301,0
671,1575262061,vermelho,azul,reativa,azul,1,3,18,90,90,1.0000,0.0000,342,9,333,0
672,1373973555,azul,verde,reativa,verde,1,3,97,30,0,30.0000,0.0417,2225,9,2216,0
672,1373973555,azul,vermelho,reativa,verde,0,-3,97,120,120,1.0000,0.0526,1976,16,1960,0
672,1373973555,azul,azul,reativa,verde,0,-3,97,90,120,0.7500,0.0571,553,10,543,0
673,192519457,verde,verde,reativa,verde,1,3,46,30,0,30.0000,0.0000,838,2,836,0
673,192519457,verde,vermelho,reativa,verde,0,-3,46,90,120,0.7500,0.1000,595,6,589,0
673,192519457,verde,azul,reativa,verde,0,-3,46,120,120,1.0000,0.0000,982,14,968,0
674,944968278,vermelho,verde,reativa,azul,0,-3,34,150,120,1.2500,0.0000,653,12,641,0
674,944968278,vermelho,vermelho,reativa,azul,0,-3,34,90,120,0.7500,0.0556,380,6,374,0
674,944968278,vermelho,azul,reativa,azul,1,3,34,30,30,1.0000,0.0294,776,5,771,0
675,2011085058,azul,verde,reativa,verde,1,3,36,30,0,30.0000,0.0571,803,2,801,0
675,2011085058,azul,vermelho,reativa,verde,0,-3,36,90,120,0.7500,0.0769,240,7,233,0
675,2011085058,azul,azul,reativa,verde,0,-3,36,120,120,1.0000,0.0286,699,11,688,0
676,88572083,verde,verde,reativa,azul,0,-3,13,120,120,1.0000,0.0000,233,8,225,0
676,88572083,verde,vermelho,reativa,azul,0,-3,13,90,120,0.7500,0.0000,56,6,50,0
676,88572083,verde,azul,reativa,azul,1,3,13,30,0,30.0000,0.1538,296,3,293,0
677,1970560963,vermelho,verde,reativa,verde,1,3,81,30,30,1.0000,0.0375,1659,7,1652,0
677,1970560963,vermelho,vermelho,reativa,verde,0,-3,81,150,120,1.2500,0.0375,1246,20,1226,0
677,1970560963,vermelho,azul,reativa,verde,0,-3,81,90,120,0.7500,0.0641,1787,17,1770,0
678,307584755,azul,verde,reativa,vermelho,0,-3,41,90,120,0.7500,0.1667,799,8,791,0
678,307584755,azul,vermelho,reativa,vermelho,1,3,41,30,0,30.0000,0.0250,851,5,846,0
678,307584755,azul,azul,reativa,vermelho,0,-3,41,120,120,1.0000,0.0750,859,9,850,0
679,1869256894,verde,verde,reativa,vermelho,0,-3,39,90,120,0.7500,0.0909,208,9,199,0
679,1869256894,verde,vermelho,reativa,vermelho,1,3,39,30,30,1.0000,0.0000,849,5,844,0
679,1869256894,verde,azul,reativa,vermelho,0,-3,39,150,120,1.2500,0.0000,657,12,645,0
680,79134275,vermelho,verde,reativa,vermelho,0,-3,69,90,120,0.7500,0.1667,224,5,219,0
680,79134275,vermelho,vermelho,reativa,vermelho,1,3,69,20,0,20.0000,0.0725,1415,5,1410,0
680,79134275,vermelho,azul,reativa,vermelho,0,-3,69,120,110,1.0909,0.0588,1539,11,1528,0
681,1664664159,azul,verde,reativa,azul,0,-3,19,150,120,1.2500,0.1111,308,14,294,0
681,1664664159,azul,vermelho,reativa,azul,0,-3,19,90,120,0.7500,0.1429,264,6,258,0
681,1664664159,azul,azul,reativa,azul,1,3,19,30,30,1.0000,0.0000,439,5,434,0
682,460515643,verde,verde,reativa,empate,0,-1,100,0,0,0.0000,0.0000,1565,1,1564,0
682,460515643,verde,vermelho,reativa,empate,0,-1,100,90,120,0.7500,0.1538,257,7,250,0
682,460515643,verde,azul,reativa,empate,0,-1,100,120,90,1.3333,0.0100,1767,9,1758,0
683,947373156,vermelho,verde,reativa,vermelho,0,-3,15,120,120,1.0000,0.0000,237,8,229,0
683,947373156,vermelho,vermelho,reativa,vermelho,1,3,15,90,60,1.5000,0.1333,280,12,268,0
683,947373156,vermelho,azul,reativa,vermelho,0,-3,15,90,120,0.7500,0.0000,235,11,224,0
684,2132834058,azul,verde,reativa,empate,0,-1,100,40,120,0.3333,0.0000,117,8,109,0
684,2132834058,azul,vermelho,reativa,empate,0,-1,100,120,40,3.0000,0.0606,1476,44,1432,0
684,2132834058,azul,azul,reativa,empate,0,-1,100,0,0,0.0000,0.0000,1848,35,1813,0
685,1519292891,verde,verde,reativa,empate,0,-1,100,0,0,0.0000,0.0300,1959,1,1958,0
685,1519292891,verde,vermelho,reativa,empate,0,-1,100,90,120,0.7500,0.0000,298,7,291,0
685,1519292891,verde,azul,reativa,empate,0,-1,100,120,90,1.3333,0.0200,2075,8,2067,0
686,1220596411,vermelho,verde,reativa,vermelho,0,-3,30,90,120,0.7500,0.0000,599,10,589,0
686,1220596411,vermelho,vermelho,reativa,vermelho,1,3,30,90,60,1.5000,0.0000,641,11,630,0
686,1220596411,vermelho,azul,reativa,vermelho,0,-3,30,120,120,1.0000,0.0000,537,13,524,0
687,1048016289,azul,verde,reativa,empate,0,-1,100,120,90,1.3333,0.0000,1629,8,1621,0
687,1048016289,azul,vermelho,reativa,empate,0,-1,100,90,120,0.7500,0.1200,548,10,538,0
687,1048016289,azul,azul,reativa,empate,0,-1,100,0,0,0.0000,0.0000,1278,0,1278,0
688,522013940,verde,verde,reativa,vermelho,0,-3,33,150,120,1.2500,0.0000,641,14,627,0
688,522013940,verde,vermelho,reativa,vermelho,1,3,33,30,30,1.0000,0.0303,594,2,592,0
688,522013940,verde,azul,reativa,vermelho,0,-3,33,90,120,0.7500,0.0000,155,7,148,0
689,1709267489,vermelho,verde,reativa,vermelho,0,-3,70,150,120,1.2500,0.0000,1114,11,1103,0
689,1709267489,vermelho,vermelho,reativa,vermelho,1,3,70,30,30,1.0000,0.0571,1515,5,1510,0
689,1709267489,vermelho,azul,reativa,vermelho,0,-3,70,90,120,0.7500,0.1250,112,6,106,0
690,1729243779,azul,verde,reativa,azul,0,-3,25,120,120,1.0000,0.0417,503,11,492,0
690,1729243779,azul,vermelho,reativa,azul,0,-3,25,90,120,0.7500,0.0769,230,6,224,0
690,1729243779,azul,azul,reativa,azul,1,3,25,30,0,30.0000,0.0400,466,2,464,0
691,1784580866,verde,verde,reativa,azul,0,-3,16,120,120,1.0000,0.0625,284,10,274,0
691,1784580866,verde,vermelho,reativa,azul,0,-3,16,90,120,0.7500,0.0000,219,8,211,0
691,1784580866,verde,azul,reativa,azul,1,3,16,90,60,1.5000,0.1250,304,8,296,0
692,1491450575,vermelho,verde,reativa,azul,0,-3,41,90,120,0.7500,0.0606,712,10,702,0
692,1491450575,vermelho,vermelho,reativa,azul,0,-3,41,150,120,1.2500,0.0000,578,11,567,0
692,1491450575,vermelho,azul,reativa,azul,1,3,41,30,30,1.0000,0.0488,928,5,923,0
693,1568923797,azul,verde,reativa,azul,0,-3,23,150,120,1.2500,0.0455,407,14,393,0
693,1568923797,azul,vermelho,reativa,azul,0,-3,23,90,120,0.7500,0.0000,280,15,265,0
693,1568923797,azul,azul,reativa,azul,1,3,23,30,30,1.0000,0.0000,515,4,511,0
694,362309885,verde,verde,reativa,verde,1,3,8,30,30,1.0000,0.0000,176,4,172,0
694,362309885,verde,vermelho,reativa,verde,0,-3,8,150,120,1.2500,0.0000,60,10,50,0
694,362309885,verde,azul,reativa,verde,0,-3,8,90,120,0.7500,0.0000,56,6,50,0
695,2101121314,vermelho,verde,reativa,vermelho,0,-3,22,150,120,1.2500,0.0000,394,10,384,0
695,2101121314,vermelho,vermelho,reativa,vermelho,1,3,22,30,30,1.0000,0.0909,512,4,508,0
695,2101121314,vermelho,azul,reativa,vermelho,0,-3,22,90,120,0.7500,0.0000,206,6,200,0
696,1869267578,azul,verde,reativa,azul,0,-3,21,90,120,0.7500,0.0000,190,7,183,0
696,1869267578,azul,vermelho,reativa,azul,0,-3,21,120,120,1.0000,0.0000,356,8,348,0
696,1869267578,azul,azul,reativa,azul,1,3,21,30,0,30.0000,0.0000,465,7,458,0
697,594861639,verde,verde,reativa,vermelho,0,-3,83,90,120,0.7500,0.0303,719,12,707,0
697,594861639,verde,vermelho,reativa,vermelho,1,3,83,30,30,1.0000,0.0361,1941,5,1936,0
697,594861639,verde,azul,reativa,vermelho,0,-3,83,150,120,1.2500,0.0488,1699,11,1688,0
698,562332132,vermelho,verde,reativa,azul,0,-3,15,90,120,0.7500,0.0000,131,6,125,0
698,562332132,vermelho,vermelho,reativa,azul,0,-3,15,150,120,1.2500,0.0667,253,11,242,0
698,562332132,vermelho,azul,reativa,azul,1,3,15,30,30,1.0000,0.0667,331,4,327,0
699,141045692,azul,verde,reativa,azul,0,-3,60,120,120,1.0000,0.0339,1271,15,1256,0
699,141045692,azul,vermelho,reativa,azul,0,-3,60,90,120,0.7500,0.0000,726,9,717,0
699,141045692,azul,azul,reativa,azul,1,3,60,30,0,30.0000,0.0333,1163,6,1157,0
700,893437542,verde,verde,reativa,azul,0,-3,31,120,120,1.0000,0.0000,366,12,354,0
700,893437542,verde,vermelho,reativa,azul,0,-3,31,150,120,1.2500,0.0645,641,13,628,0
700,893437542,verde,azul,reativa,azul,1,3,31,30,60,0.5000,0.0645,693,7,686,0
701,1356990828,vermelho,verde,reativa,empate,0,-1,100,120,90,1.3333,0.0707,2252,14,2238,0
701,1356990828,vermelho,vermelho,reativa,empate,0,-1,100,0,0,0.0000,0.0200,1746,5,1741,0
701,1356990828,vermelho,azul,reativa,empate,0,-1,100,90,120,0.7500,0.0000,80,7,73,0
702,758057594,azul,verde,reativa,verde,1,3,15,30,0,30.0000,0.0714,282,2,280,0
702,758057594,azul,vermelho,reativa,verde,0,-3,15,120,120,1.0000,0.0000,227,9,218,0
702,758057594,azul,azul,reativa,verde,0,-3,15,90,120,0.7500,0.0000,107,7,100,0
703,1224258741,verde,verde,reativa,vermelho,0,-3,57,150,120,1.2500,0.0526,1266,20,1246,0
703,1224258741,verde,vermelho,reativa,vermelho,1,3,57,30,30,1.0000,0.1404,1327,9,1318,0
703,1224258741,verde,azul,reativa,vermelho,0,-3,57,90,120,0.7500,0.0000,235,11,224,0
704,1738688665,vermelho,verde,reativa,empate,0,-1,100,120,90,1.3333,0.0303,2305,16,2289,0
704,1738688665,vermelho,vermelho,reativa,empate,0,-1,100,90,120,0.7500,0.0000,296,7,289,0
704,1738688665,vermelho,azul,reativa,empate,0,-1,100,0,0,0.0000,0.3200,1894,3,1891,0
705,284656161,azul,verde,reativa,empate,0,-1,100,60,120,0.5000,0.0556,370,11,359,0
705,284656161,azul,vermelho,reativa,empate,0,-1,100,120,60,2.0000,0.0707,1693,11,1682,0
705,284656161,azul,azul,reativa,empate,0,-1,100,0,0,0.0000,0.0400,1970,4,1966,0
706,1037174125,verde,verde,reativa,vermelho,0,-3,67,150,120,1.2500,0.1045,1198,11,1187,0
706,1037174125,verde,vermelho,reativa,vermelho,1,3,67,30,30,1.0000,0.0896,1501,4,1497,0
706,1037174125,verde,azul,reativa,vermelho,0,-3,67,90,120,0.7500,0.0000,105,6,99,0
707,1145925364,vermelho,verde,reativa,empate,0,-1,100,120,90,1.3333,0.0606,2064,13,2051,0
707,1145925364,vermelho,vermelho,reativa,empate,0,-1,100,90,120,0.7500,0.0000,287,5,282,0
707,1145925364,vermelho,azul,reativa,empate,0,-1,100,0,0,0.0000,0.0400,1998,0,1998,0
708,79466218,azul,verde,reativa,verde,1,3,18,30,30,1.0000,0.0000,401,3,398,0
708,79466218,azul,vermelho,reativa,verde,0,-3,18,150,120,1.2500,0.3125,247,10,237,0
708,79466218,azul,azul,reativa,verde,0,-3,18,90,120,0.7500,0.1000,181,6,175,0
709,508015536,verde,verde,reativa,empate,0,-1,100,90,120,0.7500,0.0000,515,6,509,0
709,508015536,verde,vermelho,reativa,empate,0,-1,100,0,0,0.0000,0.0000,1218,0,1218,0
709,508015536,verde,azul,reativa,empate,0,-1,100,120,90,1.3333,0.0100,1743,10,1733,0
710,302173163,vermelho,verde,reativa,azul,0,-3,21,90,120,0.7500,0.0000,133,8,125,0
710,302173163,vermelho,vermelho,reativa,azul,0,-3,21,150,120,1.2500,0.0476,358,14,344,0
710,302173163,vermelho,azul,reativa,azul,1,3,21,30,30,1.0000,0.0000,488,3,485,0
711,491820749,azul,verde,reativa,empate,0,-1,100,0,0,0.0000,0.0000,1787,2,1785,0
711,491820749,azul,vermelho,reativa,empate,0,-1,100,90,120,0.7500,0.0556,385,10,375,0
711,491820749,azul,azul,reativa,empate,0,-1,100,120,90,1.3333,0.0500,2258,12,2246,0
712,247657394,verde,verde,reativa,empate,0,-1,100,90,120,0.7500,0.0000,364,7,357,0
712,247657394,verde,vermelho,reativa,empate,0,-1,100,0,0,0.0000,0.0100,1747,1,1746,0
712,247657394,verde,azul,reativa,empate,0,-1,100,120,90,1.3333,0.0300,2232,9,2223,0
713,1776086572,vermelho,verde,reativa,empate,0,-1,100,0,0,0.0000,0.0000,1314,0,1314,0
713,1776086572,vermelho,vermelho,reativa,empate,0,-1,100,90,120,0.7500,0.1818,206,8,198,0
713,1776086572,vermelho,azul,reativa,empate,0,-1,100,120,90,1.3333,0.1500,2187,10,2177,0
714,1632761478,azul,verde,reativa,verde,1,3,24,30,30,1.0000,0.0000,365,2,363,0
714,1632761478,azul,vermelho,reativa,verde,0,-3,24,150,120,1.2500,0.0000,420,13,407,0
714,1632761478,azul,azul,reativa,verde,0,-3,24,90,120,0.7500,0.1111,145,6,139,0
715,231975991,verde,verde,reativa,verde,1,3,12,60,90,0.6667,0.1667,252,5,247,0
715,231975991,verde,vermelho,reativa,verde,0,-3,12,150,120,1.2500,0.0000,163,14,149,0
715,231975991,verde,azul,reativa,verde,0,-3,12,120,120,1.0000,0.2000,157,10,147,0
716,733326103,vermelho,verde,reativa,vermelho,0,-3,47,120,120,1.0000,0.0435,1010,8,1002,0
716,733326103,vermelho,vermelho,reativa,vermelho,1,3,47,30,0,30.0000,0.0000,906,3,903,0
716,733326103,vermelho,azul,reativa,vermelho,0,-3,47,90,120,0.7500,0.0000,503,5,498,0
717,1411364412,azul,verde,reativa,azul,0,-3,59,60,120,0.5000,0.1724,1206,15,1191,0
717,1411364412,azul,vermelho,reativa,azul,0,-3,59,90,120,0.7500,0.0536,1310,17,1293,0
717,1411364412,azul,azul,reativa,azul,1,3,59,180,90,2.0000,0.0678,1067,18,1049,0
718,1200314224,verde,verde,reativa,empate,0,-1,100,120,90,1.3333,0.0000,1603,13,1590,0
718,1200314224,verde,vermelho,reativa,empate,0,-1,100,90,120,0.7500,0.0000,398,5,393,0
718,1200314224,verde,azul,reativa,empate,0,-1,100,0,0,0.0000,0.0700,1835,2,1833,0
719,1259110644,vermelho,verde,reativa,azul,0,-3,35,90,120,0.7500,0.0000,185,6,179,0
719,1259110644,vermelho,vermelho,reativa,azul,0,-3,35,150,120,1.2500,0.0000,603,14,589,0
719,1259110644,vermelho,azul,reativa,azul,1,3,35,30,30,1.0000,0.0857,822,3,819,0
720,447719130,azul,verde,reativa,vermelho,0,-3,58,90,120,0.7500,0.0000,108,8,100,0
720,447719130,azul,vermelho,reativa,vermelho,1,3,58,30,30,1.0000,0.1053,1277,6,1271,0
720,447719130,azul,azul,reativa,vermelho,0,-3,58,150,120,1.2500,0.0175,1073,12,1061,0
721,1722184469,verde,verde,reativa,vermelho,0,-3,10,90,120,0.7500,0.0000,107,7,100,0
721,1722184469,verde,vermelho,reativa,vermelho,1,3,10,30,30,1.0000,0.0000,209,1,208,0
721,1722184469,verde,azul,reativa,vermelho,0,-3,10,150,120,1.2500,0.0000,108,10,98,0
722,327044082,vermelho,verde,reativa,empate,0,-1,100,120,90,1.3333,0.0404,1868,15,1853,0
722,327044082,vermelho,vermelho,reativa,empate,0,-1,100,90,120,0.7500,0.0417,458,7,451,0
722,327044082,vermelho,azul,reativa,empate,0,-1,100,0,0,0.0000,0.0600,1931,3,1928,0
723,592593125,azul,verde,reativa,empate,0,-1,100,120,90,1.3333,0.0404,1820,10,1810,0
723,592593125,azul,vermelho,reativa,empate,0,-1,100,0,0,0.0000,0.0101,1826,0,1826,0
723,592593125,azul,azul,reativa,empate,0,-1,100,90,120,0.7500,0.0000,80,6,74,0
724,580558835,verde,verde,reativa,azul,0,-3,11,120,120,1.0000,0.0000,164,7,157,0
724,580558835,verde,vermelho,reativa,azul,0,-3,11,60,120,0.5000,0.2500,136,6,130,0
724,580558835,verde,azul,reativa,azul,1,3,11,90,30,3.0000,0.0000,192,8,184,0
725,1641414582,vermelho,verde,reativa,empate,0,-1,100,90,120,0.7500,0.0417,528,7,521,0
725,1641414582,vermelho,vermelho,reativa,empate,0,-1,100,0,0,0.0000,0.0100,1738,0,1738,0
725,1641414582,vermelho,azul,reativa,empate,0,-1,100,120,90,1.3333,0.0000,1259,10,1249,0
726,1314131657,azul,verde,reativa,empate,0,-1,100,90,120,0.7500,0.0000,102,6,96,0
726,1314131657,azul,vermelho,reativa,empate,0,-1,100,0,0,0.0000,0.0202,2002,31,1971,0
726,1314131657,azul,azul,reativa,empate,0,-1,100,120,90,1.3333,0.0100,1394,40,1354,0
727,2077249961,verde,verde,reativa,azul,0,-3,11,90,120,0.7500,0.0000,80,5,75,0
727,2077249961,verde,vermelho,reativa,azul,0,-3,11,150,120,1.2500,0.0000,159,10,149,0
727,2077249961,verde,azul,reativa,azul,1,3,11,30,30,1.0000,0.0000,255,5,250,0
728,626421707,vermelho,verde,reativa,azul,0,-3,44,90,120,0.7500,0.0000,80,7,73,0
728,626421707,vermelho,vermelho,reativa,azul,0,-3,44,120,120,1.0000,0.0909,966,9,957,0
728,626421707,vermelho,azul,reativa,azul,1,3,44,30,0,30.0000,0.0455,966,3,963,0
729,1432468837,azul,verde,reativa,azul,0,-3,26,150,120,1.2500,0.0800,465,12,453,0
729,1432468837,azul,vermelho,reativa,azul,0,-3,26,90,120,0.7500,0.3333,225,7,218,0
729,1432468837,azul,azul,reativa,azul,1,3,26,30,30,1.0000,0.0385,587,5,582,0
730,2024764721,verde,verde,reativa,vermelho,0,-3,12,150,120,1.2500,0.0833,170,11,159,0
730,2024764721,verde,vermelho,reativa,vermelho,1,3,12,30,30,1.0000,0.0833,257,2,255,0
730,2024764721,verde,azul,reativa,vermelho,0,-3,12,90,120,0.7500,0.0000,107,7,100,0
731,1142105127,vermelho,verde,reativa,verde,1,3,18,150,90,1.6667,0.0000,276,16,260,0
731,1142105127,vermelho,vermelho,reativa,verde,0,-3,18,30,120,0.2500,0.1333,348,11,337,0
731,1142105127,vermelho,azul,reativa,verde,0,-3,18,150,120,1.2500,0.1176,297,15,282,0
732,356399633,azul,verde,reativa,azul,0,-3,10,150,120,1.2500,0.0000,116,16,100,0
732,356399633,azul,vermelho,reativa,azul,0,-3,10,30,120,0.2500,0.0000,144,5,139,0
732,356399633,azul,azul,reativa,azul,1,3,10,150,90,1.6667,0.0000,139,14,125,0
733,275188426,verde,verde,reativa,verde,1,3,39,30,30,1.0000,0.0513,844,4,840,0
733,275188426,verde,vermelho,reativa,verde,0,-3,39,150,120,1.2500,0.0526,778,9,769,0
733,275188426,verde,azul,reativa,verde,0,-3,39,90,120,0.7500,0.0645,675,8,667,0
734,1434154751,vermelho,verde,reativa,verde,1,3,50,30,0,30.0000,0.0816,1144,3,1141,0
734,1434154751,vermelho,vermelho,reativa,verde,0,-3,50,90,120,0.7500,0.0000,419,8,411,0
734,1434154751,vermelho,azul,reativa,verde,0,-3,50,120,120,1.0000,0.0000,901,9,892,0
735,1801140829,azul,verde,reativa,empate,0,-1,100,90,120,0.7500,0.0426,991,16,975,0
735,1801140829,azul,vermelho,reativa,empate,0,-1,100,120,90,1.3333,0.0202,2059,14,2045,0
735,1801140829,azul,azul,reativa,empate,0,-1,100,0,0,0.0000,0.0000,1823,6,1817,0
736,1993507864,verde,verde,reativa,empate,0,-1,100,90,120,0.7500,0.0851,1043,9,1034,0
736,1993507864,verde,vermelho,reativa,empate,0,-1,100,0,0,0.0000,0.0000,1893,6,1887,0
736,1993507864,verde,azul,reativa,empate,0,-1,100,120,90,1.3333,0.0200,1800,9,1791,0
737,2023364721,vermelho,verde,reativa,azul,0,-3,44,90,120,0.7500,0.0238,754,14,740,0
737,2023364721,vermelho,vermelho,reativa,azul,0,-3,44,120,120,1.0000,0.0227,986,11,975,0
737,2023364721,vermelho,azul,reativa,azul,1,3,44,30,0,30.0000,0.0455,1051,4,1047,0
738,134698184,azul,verde,reativa,vermelho,0,-3,44,150,120,1.2500,0.0233,869,11,858,0
738,134698184,azul,vermelho,reativa,vermelho,1,3,44,30,30,1.0000,0.0465,981,6,975,0
738,134698184,azul,azul,reativa,vermelho,0,-3,44,90,120,0.7500,0.0833,213,5,208,0
739,1583040395,verde,verde,reativa,empate,0,-1,100,120,90,1.3333,0.0000,1326,9,1317,0
739,1583040395,verde,vermelho,reativa,empate,0,-1,100,90,120,0.7500,0.0000,458,6,452,0
739,1583040395,verde,azul,reativa,empate,0,-1,100,0,0,0.0000,0.0000,1691,0,1691,0
740,1032295844,vermelho,verde,reativa,empate,0,-1,100,90,120,0.7500,0.0204,818,9,809,0
740,1032295844,vermelho,vermelho,reativa,empate,0,-1,100,0,0,0.0000,0.0200,2051,0,2051,0
740,1032295844,vermelho,azul,reativa,empate,0,-1,100,120,90,1.3333,0.4700,1688,16,1672,0
741,1889624383,azul,verde,reativa,verde,1,3,16,30,30,1.0000,0.0000,344,6,338,0
741,1889624383,azul,vermelho,reativa,verde,0,-3,16,150,120,1.2500,0.4286,226,16,210,0
741,1889624383,azul,azul,reativa,verde,0,-3,16,90,120,0.7500,0.0000,254,7,247,0
742,1838169115,verde,verde,reativa,empate,0,-1,100,90,120,0.7500,0.0000,640,7,633,0
742,1838169115,verde,vermelho,reativa,empate,0,-1,100,120,90,1.3333,0.0000,1025,11,1014,0
742,1838169115,verde,azul,reativa,empate,0,-1,100,0,0,0.0000,0.4200,1900,3,1897,0
743,532023419,vermelho,verde,reativa,verde,1,3,21,30,0,30.0000,0.1000,439,3,436,0
743,532023419,vermelho,vermelho,reativa,verde,0,-3,21,90,120,0.7500,0.0833,213,6,207,0
743,532023419,vermelho,azul,reativa,verde,0,-3,21,120,120,1.0000,0.3000,396,9,387,0
744,1693007723,azul,verde,reativa,empate,0,-1,100,120,90,1.3333,0.0000,1643,10,1633,0
744,1693007723,azul,vermelho,reativa,empate,0,-1,100,90,120,0.7500,0.0000,281,13,268,0
744,1693007723,azul,azul,reativa,empate,0,-1,100,0,0,0.0000,0.0100,1271,4,1267,0
745,685610348,verde,verde,reativa,verde,1,3,61,30,0,30.0000,0.0492,1421,4,1417,0
745,685610348,verde,vermelho,reativa,verde,0,-3,61,120,120,1.0000,0.0500,1264,10,1254,0
745,685610348,verde,azul,reativa,verde,0,-3,61,90,120,0.7500,0.0000,311,6,305,0
746,226624391,vermelho,verde,reativa,azul,0,-3,25,90,110,0.8182,0.2500,431,8,423,0
746,226624391,vermelho,vermelho,reativa,azul,0,-3,25,80,120,0.6667,0.0800,499,10,489,0
746,226624391,vermelho,azul,reativa,azul,1,3,25,60,0,60.0000,0.0800,561,6,555,0
747,104280143,azul,verde,reativa,empate,0,-1,100,90,120,0.7500,0.0000,748,9,739,0
747,104280143,azul,vermelho,reativa,empate,0,-1,100,0,0,0.0000,0.0000,1932,0,1932,0
747,104280143,azul,azul,reativa,empate,0,-1,100,120,90,1.3333,0.0000,1746,10,1736,0
748,5114185,verde,verde,reativa,empate,0,-1,100,0,0,0.0000,0.0000,1729,0,1729,0
748,5114185,verde,vermelho,reativa,empate,0,-1,100,120,90,1.3333,0.0100,1487,13,1474,0
748,5114185,verde,azul,reativa,empate,0,-1,100,90,120,0.7500,0.0645,652,9,643,0
749,2053688377,vermelho,verde,reativa,azul,0,-3,24,120,120,1.0000,0.1304,471,13,458,0
749,2053688377,vermelho,vermelho,reativa,azul,0,-3,24,30,120,0.2500,0.0000,473,3,470,0
749,2053688377,vermelho,azul,reativa,azul,1,3,24,150,60,2.5000,0.0833,455,17,438,0
750,1451533353,azul,verde,reativa,vermelho,0,-3,18,90,120,0.7500,0.0000,207,8,199,0
750,1451533353,azul,vermelho,reativa,vermelho,1,3,18,30,0,30.0000,0.0588,379,2,377,0
750,1451533353,azul,azul,reativa,vermelho,0,-3,18,120,120,1.0000,0.0000,315,10,305,0
751,1017531994,verde,verde,reativa,verde,1,3,36,30,30,1.0000,0.0556,776,3,773,0
751,1017531994,verde,vermelho,reativa,verde,0,-3,36,90,120,0.7500,0.0000,52,6,46,0
751,1017531994,verde,azul,reativa,verde,0,-3,36,150,120,1.2500,0.0571,709,10,699,0
752,40908190,vermelho,verde,reativa,empate,0,-1,100,0,0,0.0000,0.0202,1434,20,1414,0
752,40908190,vermelho,vermelho,reativa,empate,0,-1,100,90,120,0.7500,0.0000,337,8,329,0
752,40908190,vermelho,azul,reativa,empate,0,-1,100,120,90,1.3333,0.0200,2001,14,1987,0
753,1141767897,azul,verde,reativa,verde,1,3,34,30,30,1.0000,0.0606,671,3,668,0
753,1141767897,azul,vermelho,reativa,verde,0,-3,34,150,120,1.2500,0.0625,641,11,630,0
753,1141767897,azul,azul,reativa,verde,0,-3,34,90,120,0.7500,0.0385,525,8,517,0
754,1257839479,verde,verde,reativa,azul,0,-3,77,150,120,1.2500,0.0260,1688,13,1675,0
754,1257839479,verde,vermelho,reativa,azul,0,-3,77,90,120,0.7500,0.0417,521,11,510,0
754,1257839479,verde,azul,reativa,azul,1,3,77,30,30,1.0000,0.0649,1717,4,1713,0
755,1364339178,vermelho,verde,reativa,empate,0,-1,100,90,120,0.7500,0.1081,751,8,743,0
755,1364339178,vermelho,vermelho,reativa,empate,0,-1,100,120,90,1.3333,0.0100,1785,12,1773,0
755,1364339178,vermelho,azul,reativa,empate,0,-1,100,0,0,0.0000,0.0100,1861,3,1858,0
756,1135458689,azul,verde,reativa,vermelho,0,-3,47,90,120,0.7500,0.0455,433,6,427,0
756,1135458689,azul,vermelho,reativa,vermelho,1,3,47,30,30,1.0000,0.0652,1072,4,1068,0
756,1135458689,azul,azul,reativa,vermelho,0,-3,47,150,120,1.2500,0.0870,1011,12,999,0
757,1648737985,verde,verde,reativa,azul,0,-3,13,90,120,0.7500,0.0000,130,7,123,0
757,1648737985,verde,vermelho,reativa,azul,0,-3,13,150,120,1.2500,0.4615,203,11,192,0
757,1648737985,verde,azul,reativa,azul,1,3,13,30,30,1.0000,0.0000,275,4,271,0
758,487316115,vermelho,verde,reativa,verde,1,3,12,60,30,2.0000,0.0000,210,6,204,0
758,487316115,vermelho,vermelho,reativa,verde,0,-3,12,120,120,1.0000,0.0000,178,9,169,0
758,487316115,vermelho,azul,reativa,verde,0,-3,12,90,120,0.7500,0.0000,81,6,75,0
759,1847801574,azul,verde,reativa,verde,1,3,55,30,30,1.0000,0.0000,1146,2,1144,0
759,1847801574,azul,vermelho,reativa,verde,0,-3,55,90,120,0.7500,0.0000,131,6,125,0
759,1847801574,azul,azul,reativa,verde,0,-3,55,150,120,1.2500,0.0185,1179,11,1168,0
760,1643984056,verde,verde,reativa,azul,0,-3,25,150,120,1.2500,0.0400,467,17,450,0
760,1643984056,verde,vermelho,reativa,azul,0,-3,25,60,120,0.5000,0.1364,488,6,482,0
760,1643984056,verde,azul,reativa,azul,1,3,25,120,90,1.3333,0.0800,515,14,501,0
761,791159585,vermelho,verde,reativa,vermelho,0,-3,77,90,120,0.7500,0.1429,106,6,100,0
761,791159585,vermelho,vermelho,reativa,vermelho,1,3,77,30,30,1.0000,0.1299,1748,2,1746,0
761,791159585,vermelho,azul,reativa,vermelho,0,-3,77,150,120,1.2500,0.0263,1434,13,1421,0
762,1362632934,azul,verde,reativa,empate,0,-1,100,0,0,0.0000,0.0202,1994,3,1991,0
762,1362632934,azul,vermelho,reativa,empate,0,-1,100,120,90,1.3333,0.1313,2270,13,2257,0
762,1362632934,azul,azul,reativa,empate,0,-1,100,90,120,0.7500,0.3333,362,6,356,0
763,377733151,verde,verde,reativa,vermelho,0,-3,26,150,120,1.2500,0.0769,475,11,464,0
763,377733151,verde,vermelho,reativa,vermelho,1,3,26,30,30,1.0000,0.0000,560,3,557,0
763,377733151,verde,azul,reativa,vermelho,0,-3,26,90,120,0.7500,0.0000,389,10,379,0
764,1420768891,vermelho,verde,reativa,verde,1,3,9,150,90,1.6667,0.0000,91,16,75,0
764,1420768891,vermelho,vermelho,reativa,verde,0,-3,9,30,120,0.2500,0.0000,157,7,150,0
764,1420768891,vermelho,azul,reativa,verde,0,-3,9,150,120,1.2500,0.0000,89,14,75,0
765,2044870516,azul,verde,reativa,azul,0,-3,62,90,120,0.7500,0.1892,827,10,817,0
765,2044870516,azul,vermelho,reativa,azul,0,-3,62,150,120,1.2500,0.0328,1348,15,1333,0
765,2044870516,azul,azul,reativa,azul,1,3,62,30,30,1.0000,0.0000,1070,7,1063,0
766,1006327128,verde,verde,reativa,azul,0,-3,68,90,120,0.7500,0.0000,345,12,333,0
766,1006327128,verde,vermelho,reativa,azul,0,-3,68,120,120,1.0000,0.0588,1264,12,1252,0
766,1006327128,verde,azul,reativa,azul,1,3,68,30,0,30.0000,0.0441,1576,3,1573,0
767,336700548,vermelho,verde,reativa,verde,1,3,30,180,90,2.0000,0.0345,506,18,488,0
767,336700548,vermelho,vermelho,reativa,verde,0,-3,30,60,120,0.5000,0.0385,577,6,571,0
767,336700548,vermelho,azul,reativa,verde,0,-3,30,90,120,0.7500,0.0000,598,6,592,0
768,715912012,azul,verde,reativa,azul,0,-3,91,120,110,1.0909,0.1222,1995,12,1983,0
768,715912012,azul,vermelho,reativa,azul,0,-3,91,80,120,0.6667,0.0526,314,8,306,0
768,715912012,azul,azul,reativa,azul,1,3,91,30,0,30.0000,0.0110,1827,8,1819,0
769,481883728,verde,verde,reativa,azul,0,-3,52,120,120,1.0000,0.0000,1070,10,1060,0
769,481883728,verde,vermelho,reativa,azul,0,-3,52,90,120,0.7500,0.0000,115,8,107,0
769,481883728,verde,azul,reativa,azul,1,3,52,30,0,30.0000,0.1154,1235,4,1231,0
770,1614053631,vermelho,verde,reativa,vermelho,0,-3,8,90,120,0.7500,0.0000,82,7,75,0
770,1614053631,vermelho,vermelho,reativa,vermelho,1,3,8,30,0,30.0000,0.0000,171,3,168,0
770,1614053631,vermelho,azul,reativa,vermelho,0,-3,8,120,120,1.0000,0.1429,74,11,63,0
771,1276108841,azul,verde,reativa,azul,0,-3,15,60,120,0.5000,0.1667,106,6,100,0
771,1276108841,azul,vermelho,reativa,azul,0,-3,15,150,120,1.2500,0.1429,228,10,218,0
771,1276108841,azul,azul,reativa,azul,1,3,15,90,60,1.5000,0.1333,304,11,293,0
772,628933363,verde,verde,reativa,verde,1,3,73,90,0,90.0000,0.0548,1455,10,1445,0
772,628933363,verde,vermelho,reativa,verde,0,-3,73,60,120,0.5000,0.0278,1665,15,1650,0
772,628933363,verde,azul,reativa,verde,0,-3,73,90,120,0.7500,0.0000,81,6,75,0
773,266047734,vermelho,verde,reativa,verde,1,3,97,30,0,30.0000,0.0313,2143,7,2136,0
773,266047734,vermelho,vermelho,reativa,verde,0,-3,97,120,120,1.0000,0.0104,1630,13,1617,0
773,266047734,vermelho,azul,reativa,verde,0,-3,97,90,120,0.7500,0.0000,288,7,281,0
774,437958854,azul,verde,reativa,empate,0,-1,100,90,120,0.7500,0.0000,367,10,357,0
774,437958854,azul,vermelho,reativa,empate,0,-1,100,120,90,1.3333,0.0202,1866,12,1854,0
774,437958854,azul,azul,reativa,empate,0,-1,100,0,0,0.0000,0.0000,1761,2,1759,0
775,882820366,verde,verde,reativa,azul,0,-3,13,120,120,1.0000,0.0000,232,10,222,0
775,882820366,verde,vermelho,reativa,azul,0,-3,13,90,120,0.7500,0.0000,71,8,63,0
775,882820366,verde,azul,reativa,azul,1,3,13,30,0,30.0000,0.0769,272,2,270,0
776,2103879765,vermelho,verde,reativa,vermelho,0,-3,40,90,120,0.7500,0.0000,350,6,344,0
776,2103879765,vermelho,vermelho,reativa,vermelho,1,3,40,30,0,30.0000,0.0250,946,4,942,0
776,2103879765,vermelho,azul,reativa,vermelho,0,-3,40,120,120,1.0000,0.0000,878,9,869,0
777,1878469685,azul,verde,reativa,verde,1,3,9,30,30,1.0000,0.0000,179,4,175,0
777,1878469685,azul,vermelho,reativa,verde,0,-3,9,90,120,0.7500,0.0000,81,6,75,0
777,1878469685,azul,azul,reativa,verde,0,-3,9,150,120,1.2500,0.0000,85,10,75,0
778,260653707,verde,verde,reativa,empate,0,-1,100,90,120,0.7500,0.0000,323,7,316,0
778,260653707,verde,vermelho,reativa,empate,0,-1,100,120,90,1.3333,0.0600,2259,14,2245,0
778,260653707,verde,azul,reativa,empate,0,-1,100,0,0,0.0000,0.0000,1745,4,1741,0
779,2055886471,vermelho,verde,reativa,azul,0,-3,12,90,120,0.7500,0.0000,213,13,200,0
779,2055886471,vermelho,vermelho,reativa,azul,0,-3,12,90,120,0.7500,0.0000,233,8,225,0
779,2055886471,vermelho,azul,reativa,azul,1,3,12,60,0,60.0000,0.1667,261,15,246,0
780,181546477,azul,verde,reativa,vermelho,0,-3,18,60,120,0.5000,0.0000,302,7,295,0
780,181546477,azul,vermelho,reativa,vermelho,1,3,18,180,90,2.0000,0.1765,277,17,260,0
780,181546477,azul,azul,reativa,vermelho,0,-3,18,90,120,0.7500,0.0000,345,8,337,0
781,1696711507,verde,verde,reativa,empate,0,-1,100,120,90,1.3333,0.0100,1951,11,1940,0
781,1696711507,verde,vermelho,reativa,empate,0,-1,100,90,120,0.7500,0.0000,408,8,400,0
781,1696711507,verde,azul,reativa,empate,0,-1,100,0,0,0.0000,0.0000,1537,1,1536,0
782,1229825111,vermelho,verde,reativa,empate,0,-1,100,0,0,0.0000,0.0707,2221,3,2218,0
782,1229825111,vermelho,vermelho,reativa,empate,0,-1,100,120,90,1.3333,0.0300,2162,14,2148,0
782,1229825111,vermelho,azul,reativa,empate,0,-1,100,90,120,0.7500,0.0625,328,9,319,0
783,1997479060,azul,verde,reativa,empate,0,-1,100,90,120,0.7500,0.2222,324,7,317,0
783,1997479060,azul,vermelho,reativa,empate,0,-1,100,120,90,1.3333,0.0101,1682,11,1671,0
783,1997479060,azul,azul,reativa,empate,0,-1,100,0,0,0.0000,0.0000,1908,1,1907,0
784,443438607,verde,verde,reativa,azul,0,-3,49,90,120,0.7500,0.0000,151,6,145,0
784,443438607,verde,vermelho,reativa,azul,0,-3,49,120,120,1.0000,0.0612,1087,10,1077,0
784,443438607,verde,azul,reativa,azul,1,3,49,30,0,30.0000,0.0204,1154,4,1150,0
785,1255488848,vermelho,verde,reativa,azul,0,-3,67,120,120,1.0000,0.0152,1487,13,1474,0
785,1255488848,vermelho,vermelho,reativa,azul,0,-3,67,90,120,0.7500,0.0000,167,7,160,0
785,1255488848,vermelho,azul,reativa,azul,1,3,67,30,0,30.0000,0.0299,1530,2,1528,0
786,1713663468,azul,verde,reativa,vermelho,0,-3,81,150,120,1.2500,0.0875,1529,12,1517,0
786,1713663468,azul,vermelho,reativa,vermelho,1,3,81,30,30,1.0000,0.1125,1842,2,1840,0
786,1713663468,azul,azul,reativa,vermelho,0,-3,81,90,120,0.7500,0.0000,164,6,158,0
787,1326665035,verde,verde,reativa,azul,0,-3,74,90,120,0.7500,0.0000,845,9,836,0
787,1326665035,verde,vermelho,reativa,azul,0,-3,74,150,120,1.2500,0.0405,1431,21,1410,0
787,1326665035,verde,azul,reativa,azul,1,3,74,30,30,1.0000,0.0135,1732,3,1729,0
788,1485550945,vermelho,verde,reativa,empate,0,-1,100,90,120,0.7500,0.0000,107,7,100,0
788,1485550945,vermelho,vermelho,reativa,empate,0,-1,100,120,90,1.3333,0.2600,1863,9,1854,0
788,1485550945,vermelho,azul,reativa,empate,0,-1,100,0,0,0.0000,0.0400,2222,0,2222,0
789,255725471,azul,verde,reativa,empate,0,-1,100,0,0,0.0000,0.0101,1863,0,1863,0
789,255725471,azul,vermelho,reativa,empate,0,-1,100,120,90,1.3333,0.0000,1609,8,1601,0
789,255725471,azul,azul,reativa,empate,0,-1,100,90,120,0.7500,0.1000,359,10,349,0
790,388207685,verde,verde,reativa,azul,0,-3,16,90,120,0.7500,0.0000,127,6,121,0
790,388207685,verde,vermelho,reativa,azul,0,-3,16,120,120,1.0000,0.0000,286,8,278,0
790,388207685,verde,azul,reativa,azul,1,3,16,30,0,30.0000,0.0625,367,6,361,0
791,230858913,vermelho,verde,reativa,verde,1,3,98,30,30,1.0000,0.0206,1246,8,1238,0
791,230858913,vermelho,vermelho,reativa,verde,0,-3,98,90,120,0.7500,0.0000,448,5,443,0
791,230858913,vermelho,azul,reativa,verde,0,-3,98,150,120,1.2500,0.0309,2193,14,2179,0
792,497945140,azul,verde,reativa,empate,0,-1,100,90,120,0.7500,0.0690,581,6,575,0
792,497945140,azul,vermelho,reativa,empate,0,-1,100,0,0,0.0000,0.0000,586,10,576,0
792,497945140,azul,azul,reativa,empate,0,-1,100,120,90,1.3333,0.3000,1972,12,1960,0
793,1672875716,verde,verde,reativa,vermelho,0,-3,62,120,120,1.0000,0.0000,1133,12,1121,0
793,1672875716,verde,vermelho,reativa,vermelho,1,3,62,30,0,30.0000,0.0968,1372,4,1368,0
793,1672875716,verde,azul,reativa,vermelho,0,-3,62,90,120,0.7500,0.0000,741,6,735,0
794,1703592542,vermelho,verde,reativa,verde,1,3,35,30,0,30.0000,0.0000,635,7,628,0
794,1703592542,vermelho,vermelho,reativa,verde,0,-3,35,120,120,1.0000,0.0294,723,11,712,0
794,1703592542,vermelho,azul,reativa,verde,0,-3,35,90,120,0.7500,0.0000,131,6,125,0
795,524300311,azul,verde,reativa,vermelho,0,-3,70,120,120,1.0000,0.0290,1500,12,1488,0
795,524300311,azul,vermelho,reativa,vermelho,1,3,70,30,0,30.0000,0.0290,1445,10,1435,0
795,524300311,azul,azul,reativa,vermelho,0,-3,70,90,120,0.7500,0.0769,224,7,217,0
796,405532386,verde,verde,reativa,azul,0,-3,40,90,120,0.7500,0.1429,440,8,432,0
796,405532386,verde,vermelho,reativa,azul,0,-3,40,150,120,1.2500,0.0250,826,20,806,0
796,405532386,verde,azul,reativa,azul,1,3,40,30,30,1.0000,0.0500,856,3,853,0
797,1140362201,vermelho,verde,reativa,verde,1,3,19,30,0,30.0000,0.2222,403,3,400,0
797,1140362201,vermelho,vermelho,reativa,verde,0,-3,19,120,110,1.0909,0.3333,356,9,347,0
797,1140362201,vermelho,azul,reativa,verde,0,-3,19,80,120,0.6667,0.0000,58,8,50,0
798,2122964567,azul,verde,reativa,verde,1,3,33,30,30,1.0000,0.0000,476,4,472,0
798,2122964567,azul,vermelho,reativa,verde,0,-3,33,150,120,1.2500,0.0645,629,17,612,0
798,2122964567,azul,azul,reativa,verde,0,-3,33,90,120,0.7500,0.0714,249,6,243,0
799,1850462464,verde,verde,reativa,verde,1,3,41,30,0,30.0000,0.0244,745,5,740,0
799,1850462464,verde,vermelho,reativa,verde,0,-3,41,120,120,1.0000,0.0500,795,14,781,0
799,1850462464,verde,azul,reativa,verde,0,-3,41,90,120,0.7500,0.0000,530,6,524,0
800,1238786426,vermelho,verde,reativa,vermelho,0,-3,34,30,120,0.2500,0.0000,695,7,688,0
800,1238786426,vermelho,vermelho,reativa,vermelho,1,3,34,150,90,1.6667,0.0882,656,15,641,0
800,1238786426,vermelho,azul,reativa,vermelho,0,-3,34,150,120,1.2500,0.0000,669,17,652,0
801,777418731,azul,verde,reativa,verde,1,3,85,30,30,1.0000,0.2619,1701,4,1697,0
801,777418731,azul,vermelho,reativa,verde,0,-3,85,90,120,0.7500,0.0000,131,9,122,0
801,777418731,azul,azul,reativa,verde,0,-3,85,150,120,1.2500,0.0476,1893,14,1879,0
802,1650316423,verde,verde,reativa,empate,0,-1,100,0,0,0.0000,0.0100,1431,2,1429,0
802,1650316423,verde,vermelho,reativa,empate,0,-1,100,120,90,1.3333,0.0100,1784,13,1771,0
802,1650316423,verde,azul,reativa,empate,0,-1,100,90,120,0.7500,0.0000,256,5,251,0
803,1518169168,vermelho,verde,reativa,verde,1,3,38,90,30,3.0000,0.0811,784,12,772,0
803,1518169168,vermelho,vermelho,reativa,verde,0,-3,38,60,120,0.5000,0.1389,850,18,832,0
803,1518169168,vermelho,azul,reativa,verde,0,-3,38,120,120,1.0000,0.0541,758,10,748,0
804,664454653,azul,verde,reativa,vermelho,0,-3,21,60,120,0.5000,0.1111,374,6,368,0
804,664454653,azul,vermelho,reativa,vermelho,1,3,21,120,30,4.0000,0.0500,341,15,326,0
804,664454653,azul,azul,reativa,vermelho,0,-3,21,90,120,0.7500,0.1000,398,7,391,0
805,1222287018,verde,verde,reativa,azul,0,-3,36,90,120,0.7500,0.0000,145,7,138,0
805,1222287018,verde,vermelho,reativa,azul,0,-3,36,150,120,1.2500,0.1389,742,18,724,0
805,1222287018,verde,azul,reativa,azul,1,3,36,30,30,1.0000,0.1389,834,11,823,0
806,1050928200,vermelho,verde,reativa,empate,0,-1,100,120,90,1.3333,0.0000,1618,9,1609,0
806,1050928200,vermelho,vermelho,reativa,empate,0,-1,100,90,120,0.7500,0.0000,250,5,245,0
806,1050928200,vermelho,azul,reativa,empate,0,-1,100,0,0,0.0000,0.0200,1845,0,1845,0
807,1496432766,azul,verde,reativa,verde,1,3,14,60,90,0.6667,0.0769,264,8,256,0
807,1496432766,azul,vermelho,reativa,verde,0,-3,14,150,120,1.2500,0.0833,163,16,147,0
807,1496432766,azul,azul,reativa,verde,0,-3,14,120,120,1.0000,0.0000,211,12,199,0
808,1546097094,verde,verde,reativa,azul,0,-3,27,120,120,1.0000,0.0741,513,9,504,0
808,1546097094,verde,vermelho,reativa,azul,0,-3,27,90,120,0.7500,0.0000,31,6,25,0
808,1546097094,verde,azul,reativa,azul,1,3,27,30,0,30.0000,0.0370,596,2,594,0
809,153640283,vermelho,verde,reativa,empate,0,-1,100,90,120,0.7500,0.0909,420,9,411,0
809,153640283,vermelho,vermelho,reativa,empate,0,-1,100,120,90,1.3333,0.0200,1911,11,1900,0
809,153640283,vermelho,azul,reativa,empate,0,-1,100,0,0,0.0000,0.0500,2113,5,2108,0
810,1109067602,azul,verde,reativa,verde,1,3,17,120,60,2.0000,0.1250,281,13,268,0
810,1109067602,azul,vermelho,reativa,verde,0,-3,17,60,120,0.5000,0.2308,270,10,260,0
810,1109067602,azul,azul,reativa,verde,0,-3,17,120,120,1.0000,0.0000,294,9,285,0
811,1182380079,verde,verde,reativa,azul,0,-3,28,90,120,0.7500,0.0000,157,7,150,0
811,1182380079,verde,vermelho,reativa,azul,0,-3,28,120,120,1.0000,0.1429,611,11,600,0
811,1182380079,verde,azul,reativa,azul,1,3,28,30,0,30.0000,0.0714,646,6,640,0
812,995907090,vermelho,verde,reativa,verde,1,3,44,30,30,1.0000,0.0930,834,8,826,0
812,995907090,vermelho,vermelho,reativa,verde,0,-3,44,150,120,1.2500,0.0000,868,13,855,0
812,995907090,vermelho,azul,reativa,verde,0,-3,44,90,120,0.7500,0.0741,529,9,520,0
813,2009703295,azul,verde,reativa,azul,0,-3,55,90,120,0.7500,0.0000,332,7,325,0
813,2009703295,azul,vermelho,reativa,azul,0,-3,55,150,120,1.2500,0.0185,1168,11,1157,0
813,2009703295,azul,azul,reativa,azul,1,3,55,30,30,1.0000,0.0182,690,6,684,0
814,2108967014,verde,verde,reativa,empate,0,-1,100,120,90,1.3333,0.0300,1476,11,1465,0
814,2108967014,verde,vermelho,reativa,empate,0,-1,100,0,0,0.0000,0.4900,1675,0,1675,0
814,2108967014,verde,azul,reativa,empate,0,-1,100,90,120,0.7500,0.0000,485,6,479,0
815,484446759,vermelho,verde,reativa,empate,0,-1,100,120,90,1.3333,0.0101,1595,9,1586,0
815,484446759,vermelho,vermelho,reativa,empate,0,-1,100,90,120,0.7500,0.0430,2068,12,2056,0
815,484446759,vermelho,azul,reativa,empate,0,-1,100,0,0,0.0000,0.0000,1671,1,1670,0
816,780071506,azul,verde,reativa,verde,1,3,28,30,0,30.0000,0.0370,629,6,623,0
816,780071506,azul,vermelho,reativa,verde,0,-3,28,90,120,0.7500,0.0909,445,8,437,0
816,780071506,azul,azul,reativa,verde,0,-3,28,120,120,1.0000,0.0370,462,13,449,0
817,853399628,verde,verde,reativa,vermelho,0,-3,17,150,120,1.2500,0.0000,260,13,247,0
817,853399628,verde,vermelho,reativa,vermelho,1,3,17,30,30,1.0000,0.1765,387,2,385,0
817,853399628,verde,azul,reativa,vermelho,0,-3,17,90,120,0.7500,0.0000,78,7,71,0
818,1422126434,vermelho,verde,reativa,vermelho,0,-3,21,90,120,0.7500,0.0000,68,7,61,0
818,1422126434,vermelho,vermelho,reativa,vermelho,1,3,21,30,20,1.5000,0.0952,434,2,432,0
818,1422126434,vermelho,azul,reativa,vermelho,0,-3,21,140,120,1.1667,0.0000,346,16,330,0
819,1002835612,azul,verde,reativa,verde,1,3,26,30,0,30.0000,0.0000,557,4,553,0
819,1002835612,azul,vermelho,reativa,verde,0,-3,26,90,120,0.7500,0.0000,105,5,100,0
819,1002835612,azul,azul,reativa,verde,0,-3,26,120,120,1.0000,0.0400,498,10,488,0
820,1448939825,verde,verde,reativa,vermelho,0,-3,24,60,100,0.6000,0.1905,438,5,433,0
820,1448939825,verde,vermelho,reativa,vermelho,1,3,24,120,40,3.0000,0.3333,471,11,460,0
820,1448939825,verde,azul,reativa,vermelho,0,-3,24,80,120,0.6667,0.0870,464,9,455,0
821,379393432,vermelho,verde,reativa,vermelho,0,-3,35,90,120,0.7500,0.0000,83,8,75,0
821,379393432,vermelho,vermelho,reativa,vermelho,1,3,35,30,30,1.0000,0.0286,822,2,820,0
821,379393432,vermelho,azul,reativa,vermelho,0,-3,35,150,120,1.2500,0.0000,580,15,565,0
822,2107298103,azul,verde,reativa,vermelho,0,-3,34,90,120,0.7500,0.0476,440,5,435,0
822,2107298103,azul,vermelho,reativa,vermelho,1,3,34,30,0,30.0000,0.0000,779,2,777,0
822,2107298103,azul,azul,reativa,vermelho,0,-3,34,120,120,1.0000,0.0000,709,8,701,0
823,1528822464,verde,verde,reativa,empate,0,-1,100,0,0,0.0000,0.0300,2280,4,2276,0
823,1528822464,verde,vermelho,reativa,empate,0,-1,100,120,90,1.3333,0.0400,2100,13,2087,0
823,1528822464,verde,azul,reativa,empate,0,-1,100,90,120,0.7500,0.0345,1667,18,1649,0
824,1661114236,vermelho,verde,reativa,empate,0,-1,100,0,0,0.0000,0.0303,2029,0,2029,0
824,1661114236,vermelho,vermelho,reativa,empate,0,-1,100,120,90,1.3333,0.0300,1990,9,1981,0
824,1661114236,vermelho,azul,reativa,empate,0,-1,100,90,120,0.7500,0.0417,502,7,495,0
825,900874270,azul,verde,reativa,azul,0,-3,70,120,120,1.0000,0.0580,1559,8,1551,0
825,900874270,azul,vermelho,reativa,azul,0,-3,70,90,120,0.7500,0.0000,75,6,69,0
825,900874270,azul,azul,reativa,azul,1,3,70,30,0,30.0000,0.0429,1560,6,1554,0
826,1705519067,verde,verde,reativa,azul,0,-3,46,90,120,0.7500,0.0000,128,5,123,0
826,1705519067,verde,vermelho,reativa,azul,0,-3,46,150,120,1.2500,0.0217,756,10,746,0
826,1705519067,verde,azul,reativa,azul,1,3,46,30,30,1.0000,0.0870,975,3,972,0
827,1177791765,vermelho,verde,reativa,vermelho,0,-3,100,150,120,1.2500,0.0101,2097,13,2084,0
827,1177791765,vermelho,vermelho,reativa,vermelho,1,3,100,30,30,1.0000,0.0000,1796,6,1790,0
827,1177791765,vermelho,azul,reativa,vermelho,0,-3,100,90,120,0.7500,0.0938,682,10,672,0
828,704217637,azul,verde,reativa,empate,0,-1,100,0,0,0.0000,0.0202,2284,5,2279,0
828,704217637,azul,vermelho,reativa,empate,0,-1,100,120,90,1.3333,0.0101,1396,13,1383,0
828,704217637,azul,azul,reativa,empate,0,-1,100,90,120,0.7500,0.1667,80,5,75,0
829,770907264,verde,verde,reativa,azul,0,-3,11,90,120,0.7500,0.2857,107,7,100,0
829,770907264,verde,vermelho,reativa,azul,0,-3,11,150,120,1.2500,0.0000,144,11,133,0
829,770907264,verde,azul,reativa,azul,1,3,11,30,30,1.0000,0.0909,238,4,234,0
830,867905328,vermelho,verde,reativa,vermelho,0,-3,13,90,120,0.7500,0.0000,160,8,152,0
830,867905328,vermelho,vermelho,reativa,vermelho,1,3,13,90,60,1.5000,0.0000,246,12,234,0
830,867905328,vermelho,azul,reativa,vermelho,0,-3,13,120,120,1.0000,0.0000,212,13,199,0
831,1547102212,azul,verde,reativa,vermelho,0,-3,14,90,120,0.7500,0.6000,177,8,169,0
831,1547102212,azul,vermelho,reativa,vermelho,1,3,14,30,0,30.0000,0.0769,284,2,282,0
831,1547102212,azul,azul,reativa,vermelho,0,-3,14,120,120,1.0000,0.4615,226,10,216,0
832,1427051027,verde,verde,reativa,azul,0,-3,66,150,120,1.2500,0.0909,1435,13,1422,0
832,1427051027,verde,vermelho,reativa,azul,0,-3,66,90,120,0.7500,0.0400,394,8,386,0
832,1427051027,verde,azul,reativa,azul,1,3,66,30,30,1.0000,0.0303,1372,7,1365,0
833,347179498,vermelho,verde,reativa,vermelho,0,-3,16,30,120,0.2500,0.0000,308,9,299,0
833,347179498,vermelho,vermelho,reativa,vermelho,1,3,16,150,40,3.7500,0.4375,287,16,271,0
833,347179498,vermelho,azul,reativa,vermelho,0,-3,16,100,120,0.8333,0.0000,286,12,274,0
834,1886650417,azul,verde,reativa,azul,0,-3,41,150,120,1.2500,0.0750,786,18,768,0
834,1886650417,azul,vermelho,reativa,azul,0,-3,41,90,120,0.7500,0.0000,277,5,272,0
834,1886650417,azul,azul,reativa,azul,1,3,41,30,30,1.0000,0.0244,784,2,782,0
835,15777031,verde,verde,reativa,vermelho,0,-3,21,90,120,0.7500,0.0000,175,5,170,0
835,15777031,verde,vermelho,reativa,vermelho,1,3,21,30,30,1.0000,0.0000,486,4,482,0
835,15777031,verde,azul,reativa,vermelho,0,-3,21,150,120,1.2500,0.0000,309,15,294,0
836,1363852363,vermelho,verde,reativa,azul,0,-3,17,90,120,0.7500,0.0714,253,7,246,0
836,1363852363,vermelho,vermelho,reativa,azul,0,-3,17,120,120,1.0000,0.0588,323,13,310,0
836,1363852363,vermelho,azul,reativa,azul,1,3,17,30,0,30.0000,0.1176,368,6,362,0
837,1258731941,azul,verde,reativa,empate,0,-1,100,120,90,1.3333,0.0404,1842,10,1832,0
837,1258731941,azul,vermelho,reativa,empate,0,-1,100,90,120,0.7500,0.0455,395,6,389,0
837,1258731941,azul,azul,reativa,empate,0,-1,100,0,0,0.0000,0.0100,1670,1,1669,0
838,1494699440,verde,verde,reativa,vermelho,0,-3,31,150,120,1.2500,0.0645,569,10,559,0
838,1494699440,verde,vermelho,reativa,vermelho,1,3,31,30,30,1.0000,0.0000,724,2,722,0
838,1494699440,verde,azul,reativa,vermelho,0,-3,31,90,120,0.7500,0.0000,405,6,399,0
839,1628579981,vermelho,verde,reativa,verde,1,3,16,30,30,1.0000,0.0667,299,4,295,0
839,1628579981,vermelho,vermelho,reativa,verde,0,-3,16,150,120,1.2500,0.0000,261,11,250,0
839,1628579981,vermelho,azul,reativa,verde,0,-3,16,90,120,0.7500,0.0000,56,6,50,0
840,250397122,azul,verde,reativa,vermelho,0,-3,36,90,120,0.7500,0.0000,96,7,89,0
840,250397122,azul,vermelho,reativa,vermelho,1,3,36,30,0,30.0000,0.0000,571,4,567,0
840,250397122,azul,azul,reativa,vermelho,0,-3,36,120,120,1.0000,0.0571,699,12,687,0
841,881510746,verde,verde,reativa,empate,0,-1,100,0,0,0.0000,0.0000,1861,0,1861,0
841,881510746,verde,vermelho,reativa,empate,0,-1,100,90,120,0.7500,0.0000,496,7,489,0
841,881510746,verde,azul,reativa,empate,0,-1,100,120,90,1.3333,0.0200,2014,8,2006,0
842,1164238508,vermelho,verde,reativa,verde,1,3,8,90,60,1.5000,0.0000,108,8,100,0
842,1164238508,vermelho,vermelho,reativa,verde,0,-3,8,150,120,1.2500,0.0000,60,10,50,0
842,1164238508,vermelho,azul,reativa,verde,0,-3,8,60,120,0.5000,0.0000,54,4,50,0
843,1457461325,azul,verde,reativa,vermelho,0,-3,22,150,120,1.2500,0.0000,326,12,314,0
843,1457461325,azul,vermelho,reativa,vermelho,1,3,22,30,30,1.0000,0.0952,474,6,468,0
843,1457461325,azul,azul,reativa,vermelho,0,-3,22,90,120,0.7500,0.1500,399,7,392,0
844,1551343355,verde,verde,reativa,verde,1,3,15,90,30,3.0000,0.1333,311,14,297,0
844,1551343355,verde,vermelho,reativa,verde,0,-3,15,90,120,0.7500,0.0000,249,10,239,0
844,1551343355,verde,azul,reativa,verde,0,-3,15,90,120,0.7500,0.0000,251,7,244,0
845,2140318315,vermelho,verde,reativa,empate,0,-1,100,0,0,0.0000,0.0101,1853,2,1851,0
845,2140318315,vermelho,vermelho,reativa,empate,0,-1,100,90,120,0.7500,0.1034,564,8,556,0
845,2140318315,vermelho,azul,reativa,empate,0,-1,100,120,90,1.3333,0.0200,1940,10,1930,0
846,2014609842,azul,verde,reativa,vermelho,0,-3,10,90,120,0.7500,0.0000,82,7,75,0
846,2014609842,azul,vermelho,reativa,vermelho,1,3,10,30,0,30.0000,0.1111,167,3,164,0
846,2014609842,azul,azul,reativa,vermelho,0,-3,10,120,120,1.0000,0.0000,133,9,124,0
847,582212434,verde,verde,reativa,azul,0,-3,42,90,120,0.7500,0.0000,933,10,923,0
847,582212434,verde,vermelho,reativa,azul,0,-3,42,150,120,1.2500,0.0000,810,14,796,0
847,582212434,verde,azul,reativa,azul,1,3,42,30,30,1.0000,0.0476,962,5,957,0
848,2005396972,vermelho,verde,reativa,verde,1,3,58,30,0,30.0000,0.0000,1025,3,1022,0
848,2005396972,vermelho,vermelho,reativa,verde,0,-3,58,80,100,0.8000,0.2174,440,14,426,0
848,2005396972,vermelho,azul,reativa,verde,0,-3,58,100,110,0.9091,0.1930,1221,12,1209,0
849,396879593,azul,verde,reativa,azul,0,-3,13,120,120,1.0000,0.0000,204,8,196,0
849,396879593,azul,vermelho,reativa,azul,0,-3,13,90,120,0.7500,0.0000,128,6,122,0
849,396879593,azul,azul,reativa,azul,1,3,13,30,0,30.0000,0.0000,297,2,295,0
850,73218816,verde,verde,reativa,empate,0,-1,100,0,0,0.0000,0.0000,1828,8,1820,0
850,73218816,verde,vermelho,reativa,empate,0,-1,100,120,90,1.3333,0.0700,2080,25,2055,0
850,73218816,verde,azul,reativa,empate,0,-1,100,90,120,0.7500,0.0513,791,11,780,0
851,1734867821,vermelho,verde,reativa,vermelho,0,-3,44,120,120,1.0000,0.0000,874,15,859,0
851,1734867821,vermelho,vermelho,reativa,vermelho,1,3,44,30,0,30.0000,0.0227,914,4,910,0
851,1734867821,vermelho,azul,reativa,vermelho,0,-3,44,90,120,0.7500,0.0800,493,5,488,0
852,532289079,azul,verde,reativa,empate,0,-1,100,0,0,0.0000,0.0202,1451,74,1377,0
852,532289079,azul,vermelho,reativa,empate,0,-1,100,0,0,0.0000,0.0000,1933,74,1859,0
852,532289079,azul,azul,reativa,empate,0,-1,100,0,0,0.0000,0.0200,2082,35,2047,0
853,1631779701,verde,verde,reativa,verde,1,3,42,30,30,1.0000,0.0238,901,3,898,0
853,1631779701,verde,vermelho,reativa,verde,0,-3,42,90,120,0.7500,0.0833,190,6,184,0
853,1631779701,verde,azul,reativa,verde,0,-3,42,150,120,1.2500,0.0244,853,16,837,0
854,85258658,vermelho,verde,reativa,vermelho,0,-3,43,150,120,1.2500,0.0000,818,10,808,0
854,85258658,vermelho,vermelho,reativa,vermelho,1,3,43,30,30,1.0000,0.0698,878,6,872,0
854,85258658,vermelho,azul,reativa,vermelho,0,-3,43,90,120,0.7500,0.0667,281,6,275,0
855,942012666,azul,verde,reativa,verde,1,3,63,30,30,1.0000,0.0806,1436,2,1434,0
855,942012666,azul,vermelho,reativa,verde,0,-3,63,150,120,1.2500,0.1639,1147,14,1133,0
855,942012666,azul,azul,reativa,verde,0,-3,63,90,120,0.7500,0.1111,142,6,136,0
856,1074658908,verde,verde,reativa,vermelho,0,-3,25,90,120,0.7500,0.0000,164,9,155,0
856,1074658908,verde,vermelho,reativa,vermelho,1,3,25,30,30,1.0000,0.0800,502,8,494,0
856,1074658908,verde,azul,reativa,vermelho,0,-3,25,150,120,1.2500,0.0417,441,13,428,0
857,245171136,vermelho,verde,reativa,azul,0,-3,43,120,120,1.0000,0.0476,860,13,847,0
857,245171136,vermelho,vermelho,reativa,azul,0,-3,43,90,120,0.7500,0.0000,131,7,124,0
857,245171136,vermelho,azul,reativa,azul,1,3,43,30,0,30.0000,0.1628,980,5,975,0
858,2021010886,azul,verde,reativa,verde,1,3,10,30,30,1.0000,0.0000,205,5,200,0
858,2021010886,azul,vermelho,reativa,verde,0,-3,10,90,120,0.7500,0.0000,108,8,100,0
858,2021010886,azul,azul,reativa,verde,0,-3,10,150,120,1.2500,0.1111,114,14,100,0
859,329362190,verde,verde,reativa,empate,0,-1,100,0,0,0.0000,0.0100,1558,1,1557,0
859,329362190,verde,vermelho,reativa,empate,0,-1,100,90,120,0.7500,0.0435,498,7,491,0
859,329362190,verde,azul,reativa,empate,0,-1,100,120,90,1.3333,0.3000,1929,8,1921,0
860,820834749,vermelho,verde,reativa,verde,1,3,74,30,0,30.0000,0.0548,1694,3,1691,0
860,820834749,vermelho,vermelho,reativa,verde,0,-3,74,120,120,1.0000,0.0411,1432,11,1421,0
860,820834749,vermelho,azul,reativa,verde,0,-3,74,90,120,0.7500,0.1290,646,8,638,0
861,1440881829,azul,verde,reativa,azul,0,-3,9,150,120,1.2500,0.0000,75,10,65,0
861,1440881829,azul,vermelho,reativa,azul,0,-3,9,90,120,0.7500,0.0000,81,6,75,0
861,1440881829,azul,azul,reativa,azul,1,3,9,30,30,1.0000,0.0000,176,3,173,0
862,106408623,verde,verde,reativa,vermelho,0,-3,37,60,120,0.5000,0.0000,302,6,296,0
862,106408623,verde,vermelho,reativa,vermelho,1,3,37,60,60,1.0000,0.0000,614,9,605,0
862,106408623,verde,azul,reativa,vermelho,0,-3,37,180,120,1.5000,0.2222,747,14,733,0
863,1817240856,vermelho,verde,reativa,empate,0,-1,100,0,0,0.0000,0.0202,1620,1,1619,0
863,1817240856,vermelho,vermelho,reativa,empate,0,-1,100,120,30,4.0000,0.1000,1890,12,1878,0
863,1817240856,vermelho,azul,reativa,empate,0,-1,100,30,120,0.2500,0.1111,153,7,146,0
864,1768830967,azul,verde,reativa,verde,1,3,29,30,0,30.0000,0.0000,530,7,523,0
864,1768830967,azul,vermelho,reativa,verde,0,-3,29,120,120,1.0000,0.0000,473,10,463,0
864,1768830967,azul,azul,reativa,verde,0,-3,29,90,120,0.7500,0.0526,378,8,370,0
865,1437286984,verde,verde,reativa,vermelho,0,-3,45,120,120,1.0000,0.0667,919,14,905,0
865,1437286984,verde,vermelho,reativa,vermelho,1,3,45,30,0,30.0000,0.0000,796,3,793,0
865,1437286984,verde,azul,reativa,vermelho,0,-3,45,90,120,0.7500,0.0000,75,7,68,0
866,525821035,vermelho,verde,reativa,verde,1,3,48,30,30,1.0000,0.0213,1086,10,1076,0
866,525821035,vermelho,vermelho,reativa,verde,0,-3,48,150,120,1.2500,0.0213,996,15,981,0
866,525821035,vermelho,azul,reativa,verde,0,-3,48,90,120,0.7500,0.0500,791,8,783,0
867,797956592,azul,verde,reativa,empate,0,-1,100,90,120,0.7500,0.0533,1713,7,1706,0
867,797956592,azul,vermelho,reativa,empate,0,-1,100,0,0,0.0000,0.0303,2356,4,2352,0
867,797956592,azul,azul,reativa,empate,0,-1,100,120,90,1.3333,0.0300,2209,27,2182,0
868,895959840,verde,verde,reativa,vermelho,0,-3,20,150,120,1.2500,0.0500,384,10,374,0
868,895959840,verde,vermelho,reativa,vermelho,1,3,20,30,30,1.0000,0.1000,446,8,438,0
868,895959840,verde,azul,reativa,vermelho,0,-3,20,90,120,0.7500,0.5000,131,6,125,0
869,704269707,vermelho,verde,reativa,verde,1,3,95,30,0,30.0000,0.0106,2235,6,2229,0
869,704269707,vermelho,vermelho,reativa,verde,0,-3,95,120,120,1.0000,0.0106,1818,11,1807,0
869,704269707,vermelho,azul,reativa,verde,0,-3,95,90,120,0.7500,0.0000,558,7,551,0
870,1136894587,azul,verde,reativa,empate,0,-1,100,0,0,0.0000,0.0303,2191,1,2190,0
870,1136894587,azul,vermelho,reativa,empate,0,-1,100,30,120,0.2500,0.0435,501,6,495,0
870,1136894587,azul,azul,reativa,empate,0,-1,100,120,30,4.0000,0.0800,1898,11,1887,0
871,94009992,verde,verde,reativa,verde,1,3,15,30,0,30.0000,0.0000,263,2,261,0
871,94009992,verde,vermelho,reativa,verde,0,-3,15,120,120,1.0000,0.0000,244,8,236,0
871,94009992,verde,azul,reativa,verde,0,-3,15,90,120,0.7500,0.0000,154,5,149,0
872,323377721,vermelho,verde,reativa,vermelho,0,-3,35,60,120,0.5000,0.0370,494,6,488,0
872,323377721,vermelho,vermelho,reativa,vermelho,1,3,35,180,70,2.5714,0.1143,694,12,682,0
872,323377721,vermelho,azul,reativa,vermelho,0,-3,35,70,120,0.5833,0.0588,739,9,730,0
873,1854823995,azul,verde,reativa,vermelho,0,-3,61,90,120,0.7500,0.0000,290,6,284,0
873,1854823995,azul,vermelho,reativa,vermelho,1,3,61,30,30,1.0000,0.0167,1300,3,1297,0
873,1854823995,azul,azul,reativa,vermelho,0,-3,61,150,120,1.2500,0.0667,1250,12,1238,0
874,1320851921,verde,verde,reativa,verde,1,3,50,30,30,1.0000,0.0200,1156,3,1153,0
874,1320851921,verde,vermelho,reativa,verde,0,-3,50,150,120,1.2500,0.0612,1046,14,1032,0
874,1320851921,verde,azul,reativa,verde,0,-3,50,90,120,0.7500,0.0000,157,6,151,0
875,53599161,vermelho,verde,reativa,verde,1,3,46,30,30,1.0000,0.0667,961,1,960,0
875,53599161,vermelho,vermelho,reativa,verde,0,-3,46,90,120,0.7500,0.0000,130,8,122,0
875,53599161,vermelho,azul,reativa,verde,0,-3,46,150,120,1.2500,0.0889,933,12,921,0
876,1714789643,azul,verde,reativa,verde,1,3,40,30,30,1.0000,0.0513,883,2,881,0
876,1714789643,azul,vermelho,reativa,verde,0,-3,40,150,120,1.2500,0.0000,770,12,758,0
876,1714789643,azul,azul,reativa,verde,0,-3,40,90,120,0.7500,0.0000,189,7,182,0
877,2001167285,verde,verde,reativa,verde,1,3,10,30,0,30.0000,0.2000,211,3,208,0
877,2001167285,verde,vermelho,reativa,verde,0,-3,10,90,120,0.7500,0.0000,76,7,69,0
877,2001167285,verde,azul,reativa,verde,0,-3,10,120,120,1.0000,0.0000,120,9,111,0
878,236604881,vermelho,verde,reativa,verde,1,3,60,30,0,30.0000,0.0000,955,5,950,0
878,236604881,vermelho,vermelho,reativa,verde,0,-3,60,120,120,1.0000,0.0678,1328,15,1313,0
878,236604881,vermelho,azul,reativa,verde,0,-3,60,90,120,0.7500,0.0714,262,8,254,0
879,836176005,azul,verde,reativa,verde,1,3,50,30,30,1.0000,0.0612,1081,1,1080,0
879,836176005,azul,vermelho,reativa,verde,0,-3,50,90,120,0.7500,0.0000,82,7,75,0
879,836176005,azul,azul,reativa,verde,0,-3,50,150,120,1.2500,0.0612,1045,22,1023,0
880,1096791990,verde,verde,reativa,azul,0,-3,52,90,120,0.7500,0.0000,82,7,75,0
880,1096791990,verde,vermelho,reativa,azul,0,-3,52,150,120,1.2500,0.0192,1136,19,1117,0
880,1096791990,verde,azul,reativa,azul,1,3,52,30,30,1.0000,0.0577,1103,7,1096,0
881,1331799799,vermelho,verde,reativa,verde,1,3,42,30,0,30.0000,0.0244,846,4,842,0
881,1331799799,vermelho,vermelho,reativa,verde,0,-3,42,90,120,0.7500,0.0000,570,9,561,0
881,1331799799,vermelho,azul,reativa,verde,0,-3,42,120,120,1.0000,0.0244,886,9,877,0
882,237640937,azul,verde,reativa,verde,1,3,77,30,0,30.0000,0.0526,1706,4,1702,0
882,237640937,azul,vermelho,reativa,verde,0,-3,77,120,120,1.0000,0.0267,1644,11,1633,0
882,237640937,azul,azul,reativa,verde,0,-3,77,90,120,0.7500,0.0000,407,7,400,0
883,1455511300,verde,verde,reativa,empate,0,-1,100,120,90,1.3333,0.0500,2010,11,1999,0
883,1455511300,verde,vermelho,reativa,empate,0,-1,100,0,0,0.0000,0.0300,2210,3,2207,0
883,1455511300,verde,azul,reativa,empate,0,-1,100,90,120,0.7500,0.0294,514,9,505,0
884,1910967048,vermelho,verde,reativa,empate,0,-1,100,0,0,0.0000,0.0101,2349,6,2343,0
884,1910967048,vermelho,vermelho,reativa,empate,0,-1,100,90,120,0.7500,0.0000,358,9,349,0
884,1910967048,vermelho,azul,reativa,empate,0,-1,100,120,90,1.3333,0.0100,1915,19,1896,0
885,1277800770,azul,verde,reativa,vermelho,0,-3,35,90,120,0.7500,0.0000,279,7,272,0
885,1277800770,azul,vermelho,reativa,vermelho,1,3,35,30,0,30.0000,0.0882,753,3,750,0
885,1277800770,azul,azul,reativa,vermelho,0,-3,35,120,120,1.0000,0.0588,708,10,698,0
886,695659536,verde,verde,reativa,verde,1,3,32,30,30,1.0000,0.0000,642,8,634,0
886,695659536,verde,vermelho,reativa,verde,0,-3,32,90,120,0.7500,0.0000,75,7,68,0
886,695659536,verde,azul,reativa,verde,0,-3,32,150,120,1.2500,0.0323,606,11,595,0
887,2127157764,vermelho,verde,reativa,empate,0,-1,100,90,120,0.7500,0.1111,727,12,715,0
887,2127157764,vermelho,vermelho,reativa,empate,0,-1,100,0,0,0.0000,0.0000,2123,6,2117,0
887,2127157764,vermelho,azul,reativa,empate,0,-1,100,120,90,1.3333,0.0300,1961,15,1946,0
888,249328386,azul,verde,reativa,azul,0,-3,53,90,120,0.7500,0.0645,678,8,670,0
888,249328386,azul,vermelho,reativa,azul,0,-3,53,150,120,1.2500,0.0385,1145,10,1135,0
888,249328386,azul,azul,reativa,azul,1,3,53,30,30,1.0000,0.0377,1164,3,1161,0
889,832162818,verde,verde,reativa,empate,0,-1,100,90,120,0.7500,0.0000,105,7,98,0
889,832162818,verde,vermelho,reativa,empate,0,-1,100,0,0,0.0000,0.0400,1906,2,1904,0
889,832162818,verde,azul,reativa,empate,0,-1,100,120,90,1.3333,0.0000,1661,10,1651,0
890,649770543,vermelho,verde,reativa,verde,1,3,65,30,30,1.0000,0.0625,1262,2,1260,0
890,649770543,vermelho,vermelho,reativa,verde,0,-3,65,90,120,0.7500,0.0588,356,6,350,0
890,649770543,vermelho,azul,reativa,verde,0,-3,65,150,120,1.2500,0.0781,1432,13,1419,0
891,1075216718,azul,verde,reativa,empate,0,-1,100,0,0,0.0000,0.0404,2255,4,2251,0
891,1075216718,azul,vermelho,reativa,empate,0,-1,100,90,120,0.7500,0.0000,80,5,75,0
891,1075216718,azul,azul,reativa,empate,0,-1,100,120,90,1.3333,0.0100,1726,11,1715,0
892,1401413882,verde,verde,reativa,verde,1,3,41,30,0,30.0000,0.0488,820,4,816,0
892,1401413882,verde,vermelho,reativa,verde,0,-3,41,120,120,1.0000,0.0500,894,12,882,0
892,1401413882,verde,azul,reativa,verde,0,-3,41,90,120,0.7500,0.0286,776,10,766,0
893,1914617522,vermelho,verde,reativa,verde,1,3,28,180,90,2.0000,0.0000,497,18,479,0
893,1914617522,vermelho,vermelho,reativa,verde,0,-3,28,60,120,0.5000,0.0000,627,6,621,0
893,1914617522,vermelho,azul,reativa,verde,0,-3,28,90,120,0.7500,0.0800,548,15,533,0
894,1396172170,azul,verde,reativa,azul,0,-3,34,150,120,1.2500,0.0303,695,10,685,0
894,1396172170,azul,vermelho,reativa,azul,0,-3,34,90,120,0.7500,0.0000,432,5,427,0
894,1396172170,azul,azul,reativa,azul,1,3,34,30,30,1.0000,0.1765,774,3,771,0
895,147524269,verde,verde,reativa,empate,0,-1,100,0,0,0.0000,0.0800,2230,18,2212,0
895,147524269,verde,vermelho,reativa,empate,0,-1,100,120,90,1.3333,0.0500,1806,30,1776,0
895,147524269,verde,azul,reativa,empate,0,-1,100,90,120,0.7500,0.0000,558,10,548,0
896,88215447,vermelho,verde,reativa,azul,0,-3,20,90,120,0.7500,0.0000,62,6,56,0
896,88215447,vermelho,vermelho,reativa,azul,0,-3,20,120,120,1.0000,0.0000,397,11,386,0
896,88215447,vermelho,azul,reativa,azul,1,3,20,30,0,30.0000,0.0000,413,5,408,0
897,1935253783,azul,verde,reativa,vermelho,0,-3,73,120,120,1.0000,0.0972,1597,13,1584,0
897,1935253783,azul,vermelho,reativa,vermelho,1,3,73,30,0,30.0000,0.0417,1277,10,1267,0
897,1935253783,azul,azul,reativa,vermelho,0,-3,73,90,120,0.7500,0.1818,471,8,463,0
898,1096714693,verde,verde,reativa,verde,1,3,26,30,0,30.0000,0.0385,525,5,520,0
898,1096714693,verde,vermelho,reativa,verde,0,-3,26,90,120,0.7500,0.0000,123,6,117,0
898,1096714693,verde,azul,reativa,verde,0,-3,26,120,120,1.0000,0.1200,516,11,505,0
899,1895563606,vermelho,verde,reativa,vermelho,0,-3,19,150,120,1.2500,0.0000,330,17,313,0
899,1895563606,vermelho,vermelho,reativa,vermelho,1,3,19,60,90,0.6667,0.0000,414,17,397,0
899,1895563606,vermelho,azul,reativa,vermelho,0,-3,19,120,120,1.0000,0.0000,297,12,285,0
900,767593850,azul,verde,reativa,empate,0,-1,100,90,120,0.7500,0.0000,165,6,159,0
900,767593850,azul,vermelho,reativa,empate,0,-1,100,120,90,1.3333,0.0000,1280,53,1227,0
900,767593850,azul,azul,reativa,empate,0,-1,100,0,0,0.0000,0.0000,1448,2,1446,0
901,1987371659,verde,verde,reativa,empate,0,-1,100,0,0,0.0000,0.0000,1856,1,1855,0
901,1987371659,verde,vermelho,reativa,empate,0,-1,100,0,0,0.0000,0.0000,1869,7,1862,0
901,1987371659,verde,azul,reativa,empate,0,-1,100,0,0,0.0000,0.0600,2388,8,2380,0
902,27872805,vermelho,verde,reativa,vermelho,0,-3,29,150,110,1.3636,0.1786,549,11,538,0
902,27872805,vermelho,vermelho,reativa,vermelho,1,3,29,30,30,1.0000,0.0345,630,3,627,0
902,27872805,vermelho,azul,reativa,vermelho,0,-3,29,80,120,0.6667,0.0000,209,9,200,0
903,1123407133,azul,verde,reativa,verde,1,3,76,30,30,1.0000,0.0533,1719,10,1709,0
903,1123407133,azul,vermelho,reativa,verde,0,-3,76,150,120,1.2500,0.0270,1390,12,1378,0
903,1123407133,azul,azul,reativa,verde,0,-3,76,90,120,0.7500,0.0857,774,10,764,0
904,1876146646,verde,verde,reativa,azul,0,-3,28,120,120,1.0000,0.0714,599,9,590,0
904,1876146646,verde,vermelho,reativa,azul,0,-3,28,90,120,0.7500,0.0000,149,6,143,0
904,1876146646,verde,azul,reativa,azul,1,3,28,30,0,30.0000,0.0357,640,3,637,0
905,1941871429,vermelho,verde,reativa,empate,0,-1,100,120,90,1.3333,0.0303,2016,22,1994,0
905,1941871429,vermelho,vermelho,reativa,empate,0,-1,100,0,0,0.0000,0.0200,2292,5,2287,0
905,1941871429,vermelho,azul,reativa,empate,0,-1,100,90,120,0.7500,0.0182,1152,9,1143,0
906,562041356,azul,verde,reativa,vermelho,0,-3,29,90,120,0.7500,0.0000,247,9,238,0
906,562041356,azul,vermelho,reativa,vermelho,1,3,29,30,0,30.0000,0.1071,615,2,613,0
906,562041356,azul,azul,reativa,vermelho,0,-3,29,120,120,1.0000,0.0000,605,26,579,0
907,1137382925,verde,verde,reativa,vermelho,0,-3,65,90,120,0.7500,0.0000,55,6,49,0
907,1137382925,verde,vermelho,reativa,vermelho,1,3,65,30,30,1.0000,0.0769,1484,2,1482,0
907,1137382925,verde,azul,reativa,vermelho,0,-3,65,150,120,1.2500,0.0156,1360,10,1350,0
908,44253473,vermelho,verde,reativa,azul,0,-3,29,60,120,0.5000,0.0000,546,13,533,0
908,44253473,vermelho,vermelho,reativa,azul,0,-3,29,120,120,1.0000,0.0000,614,10,604,0
908,44253473,vermelho,azul,reativa,azul,1,3,29,120,60,2.0000,0.0000,552,11,541,0
909,1560650065,azul,verde,reativa,empate,0,-1,100,120,90,1.3333,0.0202,1810,12,1798,0
909,1560650065,azul,vermelho,reativa,empate,0,-1,100,0,0,0.0000,0.0202,1449,4,1445,0
909,1560650065,azul,azul,reativa,empate,0,-1,100,90,120,0.7500,0.0000,73,7,66,0
910,412950855,verde,verde,reativa,vermelho,0,-3,38,120,120,1.0000,0.0263,719,9,710,0
910,412950855,verde,vermelho,reativa,vermelho,1,3,38,30,0,30.0000,0.0263,884,4,880,0
910,412950855,verde,azul,reativa,vermelho,0,-3,38,90,120,0.7500,0.0000,184,6,178,0
911,607510251,vermelho,verde,reativa,verde,1,3,26,30,0,30.0000,0.0400,571,5,566,0
911,607510251,vermelho,vermelho,reativa,verde,0,-3,26,90,120,0.7500,0.0000,253,8,245,0
911,607510251,vermelho,azul,reativa,verde,0,-3,26,120,120,1.0000,0.0400,471,9,462,0
912,1238126236,azul,verde,reativa,azul,0,-3,36,210,120,1.7500,0.1714,692,19,673,0
912,1238126236,azul,vermelho,reativa,azul,0,-3,36,30,120,0.2500,0.0000,206,6,200,0
912,1238126236,azul,azul,reativa,azul,1,3,36,90,90,1.0000,0.0000,653,10,643,0
913,1121641946,verde,verde,reativa,empate,0,-1,100,0,0,0.0000,0.0200,2231,5,2226,0
913,1121641946,verde,vermelho,reativa,empate,0,-1,100,90,120,0.7500,0.0120,1497,13,1484,0
913,1121641946,verde,azul,reativa,empate,0,-1,100,120,90,1.3333,0.0300,2185,24,2161,0
914,420667202,vermelho,verde,reativa,empate,0,-1,100,120,90,1.3333,0.0707,2173,12,2161,0
914,420667202,vermelho,vermelho,reativa,empate,0,-1,100,90,120,0.7500,0.0000,702,11,691,0
914,420667202,vermelho,azul,reativa,empate,0,-1,100,0,0,0.0000,0.0200,2172,1,2171,0
915,1568625357,azul,verde,reativa,verde,1,3,33,30,0,30.0000,0.0000,731,4,727,0
915,1568625357,azul,vermelho,reativa,verde,0,-3,33,90,120,0.7500,0.0000,330,10,320,0
915,1568625357,azul,azul,reativa,verde,0,-3,33,120,120,1.0000,0.0000,505,9,496,0
916,988698174,verde,verde,reativa,verde,1,3,15,90,30,3.0000,0.0000,283,9,274,0
916,988698174,verde,vermelho,reativa,verde,0,-3,15,60,120,0.5000,0.0833,246,5,241,0
916,988698174,verde,azul,reativa,verde,0,-3,15,120,120,1.0000,0.0000,253,11,242,0
917,1920469873,vermelho,verde,reativa,verde,1,3,30,30,0,30.0000,0.0000,644,2,642,0
917,1920469873,vermelho,vermelho,reativa,verde,0,-3,30,90,120,0.7500,0.0000,82,7,75,0
917,1920469873,vermelho,azul,reativa,verde,0,-3,30,120,120,1.0000,0.0690,617,9,608,0
918,427165887,azul,verde,reativa,vermelho,0,-3,37,90,120,0.7500,0.0714,274,6,268,0
918,427165887,azul,vermelho,reativa,vermelho,1,3,37,30,0,30.0000,0.0000,854,2,852,0
918,427165887,azul,azul,reativa,vermelho,0,-3,37,120,120,1.0000,0.0278,733,10,723,0
919,1734036530,verde,verde,reativa,verde,1,3,29,30,30,1.0000,0.0690,684,13,671,0
919,1734036530,verde,vermelho,reativa,verde,0,-3,29,90,120,0.7500,0.1000,178,8,170,0
919,1734036530,verde,azul,reativa,verde,0,-3,29,150,120,1.2500,0.0000,501,12,489,0
920,1207230511,vermelho,verde,reativa,vermelho,0,-3,61,90,120,0.7500,0.0000,240,6,234,0
920,1207230511,vermelho,vermelho,reativa,vermelho,1,3,61,30,0,30.0000,0.0656,1412,5,1407,0
920,1207230511,vermelho,azul,reativa,vermelho,0,-3,61,120,120,1.0000,0.1500,1206,16,1190,0
921,107751489,azul,verde,reativa,verde,1,3,99,30,30,1.0000,0.0204,2094,11,2083,0
921,107751489,azul,vermelho,reativa,verde,0,-3,99,150,120,1.2500,0.0412,2020,16,2004,0
921,107751489,azul,azul,reativa,verde,0,-3,99,90,120,0.7500,0.0714,483,6,477,0
922,66732485,verde,verde,reativa,empate,0,-1,100,120,90,1.3333,0.0000,1703,32,1671,0
922,66732485,verde,vermelho,reativa,empate,0,-1,100,90,120,0.7500,0.0625,932,7,925,0
922,66732485,verde,azul,reativa,empate,0,-1,100,0,0,0.0000,0.0200,1692,29,1663,0
923,18312935,vermelho,verde,reativa,vermelho,0,-3,45,60,120,0.5000,0.1707,946,5,941,0
923,18312935,vermelho,vermelho,reativa,vermelho,1,3,45,120,30,4.0000,0.0889,866,19,847,0
923,18312935,vermelho,azul,reativa,vermelho,0,-3,45,90,120,0.7500,0.0455,826,12,814,0
924,1367906468,azul,verde,reativa,verde,1,3,70,30,30,1.0000,0.0725,1533,2,1531,0
924,1367906468,azul,vermelho,reativa,verde,0,-3,70,150,120,1.2500,0.0441,1526,11,1515,0
924,1367906468,azul,azul,reativa,verde,0,-3,70,90,120,0.7500,0.0000,207,8,199,0
925,1533422519,verde,verde,reativa,verde,1,3,10,30,30,1.0000,0.0000,229,4,225,0
925,1533422519,verde,vermelho,reativa,verde,0,-3,10,150,120,1.2500,0.1111,111,12,99,0
925,1533422519,verde,azul,reativa,verde,0,-3,10,90,120,0.7500,0.0000,107,7,100,0
926,372069853,vermelho,verde,reativa,azul,0,-3,18,60,120,0.5000,0.0000,175,8,167,0
926,372069853,vermelho,vermelho,reativa,azul,0,-3,18,120,120,1.0000,0.0000,352,9,343,0
926,372069853,vermelho,azul,reativa,azul,1,3,18,120,60,2.0000,0.1111,353,10,343,0
927,778134302,azul,verde,reativa,azul,0,-3,90,150,120,1.2500,0.1011,1920,19,1901,0
927,778134302,azul,vermelho,reativa,azul,0,-3,90,90,120,0.7500,0.0476,926,7,919,0
927,778134302,azul,azul,reativa,azul,1,3,90,30,30,1.0000,0.0222,2017,2,2015,0
928,1831905812,verde,verde,reativa,verde,1,3,82,60,0,60.0000,0.0244,1840,9,1831,0
928,1831905812,verde,vermelho,reativa,verde,0,-3,82,90,120,0.7500,0.0000,1112,10,1102,0
928,1831905812,verde,azul,reativa,verde,0,-3,82,90,120,0.7500,0.0000,1519,12,1507,0
929,991318533,vermelho,verde,reativa,empate,0,-1,100,90,120,0.7500,0.0000,136,5,131,0
929,991318533,vermelho,vermelho,reativa,empate,0,-1,100,120,90,1.3333,0.0300,1945,11,1934,0
929,991318533,vermelho,azul,reativa,empate,0,-1,100,0,0,0.0000,0.0200,1681,2,1679,0
930,1706283989,azul,verde,reativa,empate,0,-1,100,0,0,0.0000,0.0505,2216,0,2216,0
930,1706283989,azul,vermelho,reativa,empate,0,-1,100,120,90,1.3333,0.0000,1658,9,1649,0
930,1706283989,azul,azul,reativa,empate,0,-1,100,90,120,0.7500,0.0000,104,8,96,0
931,1594119628,verde,verde,reativa,azul,0,-3,68,120,120,1.0000,0.0441,1383,10,1373,0
931,1594119628,verde,vermelho,reativa,azul,0,-3,68,90,120,0.7500,0.1000,179,6,173,0
931,1594119628,verde,azul,reativa,azul,1,3,68,30,0,30.0000,0.0735,1559,4,1555,0
932,1114523884,vermelho,verde,reativa,azul,0,-3,29,120,120,1.0000,0.0000,590,16,574,0
932,1114523884,vermelho,vermelho,reativa,azul,0,-3,29,90,120,0.7500,0.0556,374,8,366,0
932,1114523884,vermelho,azul,reativa,azul,1,3,29,30,0,30.0000,0.0000,662,2,660,0
933,422079920,azul,verde,reativa,empate,0,-1,100,90,120,0.7500,0.1667,80,5,75,0
933,422079920,azul,vermelho,reativa,empate,0,-1,100,120,90,1.3333,0.0404,2104,12,2092,0
933,422079920,azul,azul,reativa,empate,0,-1,100,0,0,0.0000,0.0200,2264,3,2261,0
934,1042459231,verde,verde,reativa,vermelho,0,-3,18,180,120,1.5000,0.3889,312,22,290,0
934,1042459231,verde,vermelho,reativa,vermelho,1,3,18,90,60,1.5000,0.0556,343,9,334,0
934,1042459231,verde,azul,reativa,vermelho,0,-3,18,30,120,0.2500,0.0000,218,7,211,0
935,712723097,vermelho,verde,reativa,vermelho,0,-3,34,180,100,1.8000,0.2121,654,13,641,0
935,712723097,vermelho,vermelho,reativa,vermelho,1,3,34,60,60,1.0000,0.1176,749,7,742,0
935,712723097,vermelho,azul,reativa,vermelho,0,-3,34,40,120,0.3333,0.0769,490,15,475,0
936,1168590347,azul,verde,reativa,azul,0,-3,13,120,120,1.0000,0.0833,203,9,194,0
936,1168590347,azul,vermelho,reativa,azul,0,-3,13,90,120,0.7500,0.0000,79,7,72,0
936,1168590347,azul,azul,reativa,azul,1,3,13,30,0,30.0000,0.2308,280,2,278,0
937,1071684288,verde,verde,reativa,azul,0,-3,93,90,120,0.7500,0.1852,500,7,493,0
937,1071684288,verde,vermelho,reativa,azul,0,-3,93,120,120,1.0000,0.0538,1838,11,1827,0
937,1071684288,verde,azul,reativa,azul,1,3,93,30,0,30.0000,0.0968,2079,3,2076,0
938,538693465,vermelho,verde,reativa,empate,0,-1,100,0,0,0.0000,0.0101,1946,1,1945,0
938,538693465,vermelho,vermelho,reativa,empate,0,-1,100,90,120,0.7500,0.0244,838,7,831,0
938,538693465,vermelho,azul,reativa,empate,0,-1,100,120,90,1.3333,0.0500,2234,10,2224,0
939,1540251139,azul,verde,reativa,empate,0,-1,100,90,120,0.7500,0.0000,251,9,242,0
939,1540251139,azul,vermelho,reativa,empate,0,-1,100,120,90,1.3333,0.0000,1614,8,1606,0
939,1540251139,azul,azul,reativa,empate,0,-1,100,0,0,0.0000,0.0000,1116,0,1116,0
940,1431387882,verde,verde,reativa,empate,0,-1,100,0,0,0.0000,0.0100,1849,1,1848,0
940,1431387882,verde,vermelho,reativa,empate,0,-1,100,120,90,1.3333,0.0000,1839,9,1830,0
940,1431387882,verde,azul,reativa,empate,0,-1,100,90,120,0.7500,0.0000,214,7,207,0
941,1385593444,vermelho,verde,reativa,verde,1,3,24,30,0,30.0000,0.0000,510,2,508,0
941,1385593444,vermelho,vermelho,reativa,verde,0,-3,24,120,120,1.0000,0.0435,458,10,448,0
941,1385593444,vermelho,azul,reativa,verde,0,-3,24,90,120,0.7500,0.0000,189,8,181,0
942,602949509,azul,verde,reativa,azul,0,-3,89,120,120,1.0000,0.1023,1870,15,1855,0
942,602949509,azul,vermelho,reativa,azul,0,-3,89,90,120,0.7500,0.0122,1134,13,1121,0
942,602949509,azul,azul,reativa,azul,1,3,89,30,0,30.0000,0.1124,2082,11,2071,0
943,129881148,verde,verde,reativa,azul,0,-3,12,150,120,1.2500,0.0000,189,14,175,0
943,129881148,verde,vermelho,reativa,azul,0,-3,12,30,120,0.2500,0.2222,199,2,197,0
943,129881148,verde,azul,reativa,azul,1,3,12,150,90,1.6667,0.5000,169,14,155,0
944,988129515,vermelho,verde,reativa,vermelho,0,-3,84,90,120,0.7500,0.0612,1054,6,1048,0
944,988129515,vermelho,vermelho,reativa,vermelho,1,3,84,30,30,1.0000,0.0714,1727,6,1721,0
944,988129515,vermelho,azul,reativa,vermelho,0,-3,84,150,120,1.2500,0.0361,1540,13,1527,0
945,240535048,azul,verde,reativa,vermelho,0,-3,29,150,120,1.2500,0.0357,534,11,523,0
945,240535048,azul,vermelho,reativa,vermelho,1,3,29,30,30,1.0000,0.0714,585,4,581,0
945,240535048,azul,azul,reativa,vermelho,0,-3,29,90,120,0.7500,0.0000,106,6,100,0
946,1570706326,verde,verde,reativa,azul,0,-3,34,120,120,1.0000,0.0000,727,11,716,0
946,1570706326,verde,vermelho,reativa,azul,0,-3,34,90,120,0.7500,0.0000,474,7,467,0
946,1570706326,verde,azul,reativa,azul,1,3,34,30,0,30.0000,0.0000,627,3,624,0
947,507421364,vermelho,verde,reativa,azul,0,-3,88,120,120,1.0000,0.0230,1752,13,1739,0
947,507421364,vermelho,vermelho,reativa,azul,0,-3,88,90,120,0.7500,0.0000,191,5,186,0
947,507421364,vermelho,azul,reativa,azul,1,3,88,30,0,30.0000,0.0682,1973,2,1971,0
948,1685667609,azul,verde,reativa,vermelho,0,-3,17,60,120,0.5000,0.0769,269,3,266,0
948,1685667609,azul,vermelho,reativa,vermelho,1,3,17,90,60,1.5000,0.0000,326,9,317,0
948,1685667609,azul,azul,reativa,vermelho,0,-3,17,150,120,1.2500,0.0000,268,16,252,0
949,705769209,verde,verde,reativa,azul,0,-3,26,120,120,1.0000,0.0000,459,8,451,0
949,705769209,verde,vermelho,reativa,azul,0,-3,26,90,120,0.7500,0.0625,320,7,313,0
949,705769209,verde,azul,reativa,azul,1,3,26,30,0,30.0000,0.0769,596,4,592,0
950,504911631,vermelho,verde,reativa,azul,0,-3,89,150,120,1.2500,0.0227,1553,12,1541,0
950,504911631,vermelho,vermelho,reativa,azul,0,-3,89,90,120,0.7500,0.0500,414,9,405,0
950,504911631,vermelho,azul,reativa,azul,1,3,89,30,30,1.0000,0.0674,2079,3,2076,0
951,797430198,azul,verde,reativa,empate,0,-1,100,120,90,1.3333,0.0202,1701,18,1683,0
951,797430198,azul,vermelho,reativa,empate,0,-1,100,90,120,0.7500,0.0500,381,7,374,0
951,797430198,azul,azul,reativa,empate,0,-1,100,0,0,0.0000,0.0300,1908,7,1901,0
952,1256198830,verde,verde,reativa,azul,0,-3,9,150,120,1.2500,0.0000,110,10,100,0
952,1256198830,verde,vermelho,reativa,azul,0,-3,9,90,120,0.7500,0.0000,81,6,75,0
952,1256198830,verde,azul,reativa,azul,1,3,9,30,30,1.0000,0.1111,183,4,179,0
953,1625466238,vermelho,verde,reativa,verde,1,3,31,90,60,1.5000,0.0000,576,13,563,0
953,1625466238,vermelho,vermelho,reativa,verde,0,-3,31,60,120,0.5000,0.0385,551,11,540,0
953,1625466238,vermelho,azul,reativa,verde,0,-3,31,150,120,1.2500,0.0667,627,9,618,0
954,270764059,azul,verde,reativa,verde,1,3,18,90,30,3.0000,0.0000,306,9,297,0
954,270764059,azul,vermelho,reativa,verde,0,-3,18,60,120,0.5000,0.0667,327,13,314,0
954,270764059,azul,azul,reativa,verde,0,-3,18,120,120,1.0000,0.0000,317,8,309,0
955,466416347,verde,verde,reativa,azul,0,-3,23,120,120,1.0000,0.0435,469,9,460,0
955,466416347,verde,vermelho,reativa,azul,0,-3,23,90,120,0.7500,0.0000,156,6,150,0
955,466416347,verde,azul,reativa,azul,1,3,23,30,0,30.0000,0.3043,489,4,485,0
956,164930889,vermelho,verde,reativa,empate,0,-1,100,120,90,1.3333,0.4040,1683,9,1674,0
956,164930889,vermelho,vermelho,reativa,empate,0,-1,100,90,120,0.7500,0.0000,128,6,122,0
956,164930889,vermelho,azul,reativa,empate,0,-1,100,0,0,0.0000,0.0100,1799,5,1794,0
957,657063490,azul,verde,reativa,empate,0,-1,100,0,0,0.0000,0.0000,1610,1,1609,0
957,657063490,azul,vermelho,reativa,empate,0,-1,100,90,120,0.7500,0.1429,253,6,247,0
957,657063490,azul,azul,reativa,empate,0,-1,100,120,90,1.3333,0.3600,1989,11,1978,0
958,925743247,verde,verde,reativa,empate,0,-1,100,120,90,1.3333,0.0200,1947,10,1937,0
958,925743247,verde,vermelho,reativa,empate,0,-1,100,90,120,0.7500,0.0000,210,6,204,0
958,925743247,verde,azul,reativa,empate,0,-1,100,0,0,0.0000,0.0200,1748,0,1748,0
959,1712549161,vermelho,verde,reativa,empate,0,-1,100,120,90,1.3333,0.0000,1630,9,1621,0
959,1712549161,vermelho,vermelho,reativa,empate,0,-1,100,90,120,0.7500,0.0000,107,7,100,0
959,1712549161,vermelho,azul,reativa,empate,0,-1,100,0,0,0.0000,0.0300,1993,0,1993,0
960,1225043013,azul,verde,reativa,verde,1,3,16,30,0,30.0000,0.0667,349,4,345,0
960,1225043013,azul,vermelho,reativa,verde,0,-3,16,90,120,0.7500,0.0000,258,9,249,0
960,1225043013,azul,azul,reativa,verde,0,-3,16,120,120,1.0000,0.0667,274,9,265,0
961,941576731,verde,verde,reativa,empate,0,-1,100,0,0,0.0000,0.0000,1680,1,1679,0
961,941576731,verde,vermelho,reativa,empate,0,-1,100,120,90,1.3333,0.0100,1728,19,1709,0
961,941576731,verde,azul,reativa,empate,0,-1,100,90,120,0.7500,0.0000,246,11,235,0
962,1506476993,vermelho,verde,reativa,vermelho,0,-3,9,120,120,1.0000,0.0000,109,9,100,0
962,1506476993,vermelho,vermelho,reativa,vermelho,1,3,9,30,0,30.0000,0.0000,184,3,181,0
962,1506476993,vermelho,azul,reativa,vermelho,0,-3,9,90,120,0.7500,0.1429,101,7,94,0
963,1059674389,azul,verde,reativa,vermelho,0,-3,13,90,120,0.7500,0.0000,54,5,49,0
963,1059674389,azul,vermelho,reativa,vermelho,1,3,13,30,0,30.0000,0.0833,268,3,265,0
963,1059674389,azul,azul,reativa,vermelho,0,-3,13,120,120,1.0000,0.0000,204,8,196,0
964,629443526,verde,verde,reativa,azul,0,-3,27,90,120,0.7500,0.0476,444,14,430,0
964,629443526,verde,vermelho,reativa,azul,0,-3,27,120,120,1.0000,0.1852,519,10,509,0
964,629443526,verde,azul,reativa,azul,1,3,27,30,0,30.0000,0.0000,620,3,617,0
965,1269805790,vermelho,verde,reativa,empate,0,-1,100,0,0,0.0000,0.0202,2083,5,2078,0
965,1269805790,vermelho,vermelho,reativa,empate,0,-1,100,120,90,1.3333,0.0200,2260,10,2250,0
965,1269805790,vermelho,azul,reativa,empate,0,-1,100,90,120,0.7500,0.0000,79,7,72,0
966,1317036416,azul,verde,reativa,verde,1,3,58,120,90,1.3333,0.0351,1235,14,1221,0
966,1317036416,azul,vermelho,reativa,verde,0,-3,58,60,120,0.5000,0.0294,727,7,720,0
966,1317036416,azul,azul,reativa,verde,0,-3,58,150,120,1.2500,0.0877,1218,15,1203,0
967,558950948,verde,verde,reativa,empate,0,-1,100,120,90,1.3333,0.0000,1514,10,1504,0
967,558950948,verde,vermelho,reativa,empate,0,-1,100,0,0,0.0000,0.0000,1895,2,1893,0
967,558950948,verde,azul,reativa,empate,0,-1,100,90,120,0.7500,0.0500,368,7,361,0
968,136670000,vermelho,verde,reativa,empate,0,-1,100,0,0,0.0000,0.0000,1655,46,1609,0
968,136670000,vermelho,vermelho,reativa,empate,0,-1,100,120,90,1.3333,0.0000,1104,10,1094,0
968,136670000,vermelho,azul,reativa,empate,0,-1,100,90,120,0.7500,0.0000,270,13,257,0
969,127806416,azul,verde,reativa,azul,0,-3,96,120,120,1.0000,0.1053,2270,20,2250,0
969,127806416,azul,vermelho,reativa,azul,0,-3,96,90,120,0.7500,0.0571,794,5,789,0
969,127806416,azul,azul,reativa,azul,1,3,96,30,0,30.0000,0.0625,2269,5,2264,0
970,1770472552,verde,verde,reativa,empate,0,-1,100,120,90,1.3333,0.0400,1380,37,1343,0
970,1770472552,verde,vermelho,reativa,empate,0,-1,100,0,0,0.0000,0.0000,1800,3,1797,0
970,1770472552,verde,azul,reativa,empate,0,-1,100,90,120,0.7500,0.0000,105,6,99,0
971,1221341580,vermelho,verde,reativa,empate,0,-1,100,120,90,1.3333,0.0000,1973,9,1964,0
971,1221341580,vermelho,vermelho,reativa,empate,0,-1,100,0,0,0.0000,0.0800,2126,4,2122,0
971,1221341580,vermelho,azul,reativa,empate,0,-1,100,90,120,0.7500,0.0667,662,11,651,0
972,510847089,azul,verde,reativa,verde,1,3,10,30,0,30.0000,0.1111,192,4,188,0
972,510847089,azul,vermelho,reativa,verde,0,-3,10,80,120,0.6667,0.0000,108,8,100,0
972,510847089,azul,azul,reativa,verde,0,-3,10,120,110,1.0909,0.6667,109,8,101,0
973,1692598265,verde,verde,reativa,verde,1,3,10,60,30,2.0000,0.1000,204,5,199,0
973,1692598265,verde,vermelho,reativa,verde,0,-3,10,120,120,1.0000,0.0000,132,7,125,0
973,1692598265,verde,azul,reativa,verde,0,-3,10,90,120,0.7500,0.0000,81,6,75,0
974,248016053,vermelho,verde,reativa,vermelho,0,-3,52,90,120,0.7500,0.0000,31,6,25,0
974,248016053,vermelho,vermelho,reativa,vermelho,1,3,52,30,30,1.0000,0.0769,1142,2,1140,0
974,248016053,vermelho,azul,reativa,vermelho,0,-3,52,150,120,1.2500,0.0196,927,11,916,0
975,1909045985,azul,verde,reativa,empate,0,-1,100,90,120,0.7500,0.1250,130,7,123,0
975,1909045985,azul,vermelho,reativa,empate,0,-1,100,120,90,1.3333,0.0101,1630,11,1619,0
975,1909045985,azul,azul,reativa,empate,0,-1,100,0,0,0.0000,0.0000,1626,40,1586,0
976,887965518,verde,verde,reativa,vermelho,0,-3,19,90,120,0.7500,0.0000,105,5,100,0
976,887965518,verde,vermelho,reativa,vermelho,1,3,19,30,30,1.0000,0.0000,438,6,432,0
976,887965518,verde,azul,reativa,vermelho,0,-3,19,150,120,1.2500,0.1667,321,10,311,0
977,1357408905,vermelho,verde,reativa,vermelho,0,-3,14,150,120,1.2500,0.0000,184,12,172,0
977,1357408905,vermelho,vermelho,reativa,vermelho,1,3,14,70,90,0.7778,0.3571,270,9,261,0
977,1357408905,vermelho,azul,reativa,vermelho,0,-3,14,90,100,0.9000,0.5000,133,8,125,0
978,1611699638,azul,verde,reativa,verde,1,3,47,30,30,1.0000,0.0435,1073,5,1068,0
978,1611699638,azul,vermelho,reativa,verde,0,-3,47,150,120,1.2500,0.0667,881,20,861,0
978,1611699638,azul,azul,reativa,verde,0,-3,47,90,120,0.7500,0.0286,733,7,726,0
979,1463146029,verde,verde,reativa,empate,0,-1,100,90,120,0.7500,0.0270,761,5,756,0
979,1463146029,verde,vermelho,reativa,empate,0,-1,100,0,0,0.0000,0.0500,2065,3,2062,0
979,1463146029,verde,azul,reativa,empate,0,-1,100,120,90,1.3333,0.0700,2274,9,2265,0
980,1079783323,vermelho,verde,reativa,azul,0,-3,21,150,120,1.2500,0.3000,358,11,347,0
980,1079783323,vermelho,vermelho,reativa,azul,0,-3,21,60,120,0.5000,0.0000,69,6,63,0
980,1079783323,vermelho,azul,reativa,azul,1,3,21,60,30,2.0000,0.1429,442,6,436,0
981,645188196,azul,verde,reativa,verde,1,3,53,30,0,30.0000,0.0192,953,6,947,0
981,645188196,azul,vermelho,reativa,verde,0,-3,53,120,120,1.0000,0.0392,1095,12,1083,0
981,645188196,azul,azul,reativa,verde,0,-3,53,90,120,0.7500,0.0000,702,7,695,0
982,1071560322,verde,verde,reativa,azul,0,-3,23,30,120,0.2500,0.0000,449,11,438,0
982,1071560322,verde,vermelho,reativa,azul,0,-3,23,150,120,1.2500,0.0000,438,17,421,0
982,1071560322,verde,azul,reativa,azul,1,3,23,150,90,1.6667,0.1304,357,22,335,0
983,997181620,vermelho,verde,reativa,vermelho,0,-3,56,90,120,0.7500,0.0882,757,9,748,0
983,997181620,vermelho,vermelho,reativa,vermelho,1,3,56,30,0,30.0000,0.0000,1217,4,1213,0
983,997181620,vermelho,azul,reativa,vermelho,0,-3,56,120,120,1.0000,0.0545,856,9,847,0
984,1255515162,azul,verde,reativa,azul,0,-3,28,90,120,0.7500,0.0000,153,5,148,0
984,1255515162,azul,vermelho,reativa,azul,0,-3,28,150,120,1.2500,0.0741,554,11,543,0
984,1255515162,azul,azul,reativa,azul,1,3,28,30,30,1.0000,0.0000,531,3,528,0
985,836382915,verde,verde,reativa,empate,0,-1,100,0,0,0.0000,0.0000,1208,4,1204,0
985,836382915,verde,vermelho,reativa,empate,0,-1,100,90,120,0.7500,0.0000,131,8,123,0
985,836382915,verde,azul,reativa,empate,0,-1,100,120,90,1.3333,0.0200,1748,15,1733,0
986,347126365,vermelho,verde,reativa,azul,0,-3,74,120,120,1.0000,0.0548,1587,13,1574,0
986,347126365,vermelho,vermelho,reativa,azul,0,-3,74,90,120,0.7500,0.0000,82,7,75,0
986,347126365,vermelho,azul,reativa,azul,1,3,74,30,0,30.0000,0.0270,1431,5,1426,0
987,1469351021,azul,verde,reativa,vermelho,0,-3,17,120,120,1.0000,0.0625,286,9,277,0
987,1469351021,azul,vermelho,reativa,vermelho,1,3,17,30,0,30.0000,0.1875,339,2,337,0
987,1469351021,azul,azul,reativa,vermelho,0,-3,17,90,120,0.7500,0.0000,132,8,124,0
988,2100725222,verde,verde,reativa,empate,0,-1,100,0,0,0.0000,0.0000,1316,88,1228,0
988,2100725222,verde,vermelho,reativa,empate,0,-1,100,0,0,0.0000,0.0000,1297,52,1245,0
988,2100725222,verde,azul,reativa,empate,0,-1,100,0,0,0.0000,0.0000,1596,44,1552,0
989,2076863469,vermelho,verde,reativa,empate,0,-1,100,90,120,0.7500,0.0000,239,6,233,0
989,2076863469,vermelho,vermelho,reativa,empate,0,-1,100,120,90,1.3333,0.0300,2013,9,2004,0
989,2076863469,vermelho,azul,reativa,empate,0,-1,100,0,0,0.0000,0.0300,2382,0,2382,0
990,1297419198,azul,verde,reativa,empate,0,-1,100,120,90,1.3333,0.0303,1859,13,1846,0
990,1297419198,azul,vermelho,reativa,empate,0,-1,100,90,120,0.7500,0.0000,131,6,125,0
990,1297419198,azul,azul,reativa,empate,0,-1,100,0,0,0.0000,0.0000,1696,3,1693,0
991,656509197,verde,verde,reativa,vermelho,0,-3,26,120,120,1.0000,0.0769,534,8,526,0
991,656509197,verde,vermelho,reativa,vermelho,1,3,26,90,30,3.0000,0.0385,556,14,542,0
991,656509197,verde,azul,reativa,vermelho,0,-3,26,60,120,0.5000,0.0435,517,7,510,0
992,2086753255,vermelho,verde,reativa,empate,0,-1,100,120,90,1.3333,0.0202,1785,10,1775,0
992,2086753255,vermelho,vermelho,reativa,empate,0,-1,100,0,0,0.0000,0.8300,1605,2,1603,0
992,2086753255,vermelho,azul,reativa,empate,0,-1,100,90,120,0.7500,0.1395,919,8,911,0
993,1945909570,azul,verde,reativa,vermelho,0,-3,38,150,120,1.2500,0.0000,744,12,732,0
993,1945909570,azul,vermelho,reativa,vermelho,1,3,38,30,30,1.0000,0.0270,801,2,799,0
993,1945909570,azul,azul,reativa,vermelho,0,-3,38,90,120,0.7500,0.0000,258,8,250,0
994,66133690,verde,verde,reativa,azul,0,-3,12,120,120,1.0000,0.0833,214,14,200,0
994,66133690,verde,vermelho,reativa,azul,0,-3,12,90,120,0.7500,0.0000,199,8,191,0
994,66133690,verde,azul,reativa,azul,1,3,12,30,0,30.0000,0.0000,280,6,274,0
995,1178650548,vermelho,verde,reativa,empate,0,-1,100,90,120,0.7500,0.2353,352,7,345,0
995,1178650548,vermelho,vermelho,reativa,empate,0,-1,100,120,90,1.3333,0.0400,2078,12,2066,0
995,1178650548,vermelho,azul,reativa,empate,0,-1,100,0,0,0.0000,0.0100,1742,2,1740,0
996,1356342537,azul,verde,reativa,verde,1,3,87,30,30,1.0000,0.0698,1875,3,1872,0
996,1356342537,azul,vermelho,reativa,verde,0,-3,87,150,120,1.2500,0.0471,1874,11,1863,0
996,1356342537,azul,azul,reativa,verde,0,-3,87,90,120,0.7500,0.0000,306,8,298,0
997,1676657438,verde,verde,reativa,empate,0,-1,100,120,90,1.3333,0.0100,2100,12,2088,0
997,1676657438,verde,vermelho,reativa,empate,0,-1,100,90,120,0.7500,0.1250,497,6,491,0
997,1676657438,verde,azul,reativa,empate,0,-1,100,0,0,0.0000,0.0200,1953,3,1950,0
998,1714985209,vermelho,verde,reativa,vermelho,0,-3,37,120,120,1.0000,0.0278,789,10,779,0
998,1714985209,vermelho,vermelho,reativa,vermelho,1,3,37,30,0,30.0000,0.1622,823,3,820,0
998,1714985209,vermelho,azul,reativa,vermelho,0,-3,37,90,120,0.7500,0.0000,105,6,99,0
999,703915436,azul,verde,reativa,azul,0,-3,30,120,120,1.0000,0.0690,594,10,584,0
999,703915436,azul,vermelho,reativa,azul,0,-3,30,90,120,0.7500,0.0000,223,7,216,0
999,703915436,azul,azul,reativa,azul,1,3,30,30,0,30.0000,0.0667,675,3,672,0
1000,1215748322,verde,verde,reativa,empate,0,-1,100,120,90,1.3333,0.0100,1736,11,1725,0
1000,1215748322,verde,vermelho,reativa,empate,0,-1,100,0,0,0.0000,0.0600,2075,5,2070,0
1000,1215748322,verde,azul,reativa,empate,0,-1,100,90,120,0.7500,0.0000,450,7,443,0
