id_simulacao,seed,jogador_inicial,jogador,modelo_ia,vencedor,venceu,pontos,turnos,dano_causado,dano_recebido,damage_ratio,cover_usage,custo_total,custo_los,custo_nodos,custo_acoes
1,438557537,verde,verde,modelo_proposto,empate,0,-1,100,80,110,0.7273,0.2857,241,79,88,74
1,438557537,verde,vermelho,heuristica,empate,0,-1,100,110,80,1.3750,0.0200,2258,151,2008,99
1,438557537,verde,azul,reativa,empate,0,-1,100,0,0,0.0000,0.9500,2025,46,1979,0
2,1864560048,vermelho,verde,modelo_proposto,vermelho,0,-3,17,150,120,1.2500,0.0000,625,169,295,161
2,1864560048,vermelho,vermelho,heuristica,vermelho,1,3,17,60,60,1.0000,0.0000,554,97,377,80
2,1864560048,vermelho,azul,reativa,vermelho,0,-3,17,90,120,0.7500,0.0000,232,11,221,0
3,990947591,azul,verde,modelo_proposto,vermelho,0,-3,22,90,120,0.7500,0.1000,345,107,144,94
3,990947591,azul,vermelho,heuristica,vermelho,1,3,22,30,0,30.0000,0.1429,644,94,457,93
3,990947591,azul,azul,reativa,vermelho,0,-3,22,120,120,1.0000,0.0000,440,8,432,0
4,980411883,verde,verde,modelo_proposto,azul,0,-3,13,120,120,1.0000,0.0000,448,107,241,100
4,980411883,verde,vermelho,heuristica,azul,0,-3,13,90,120,0.7500,0.2000,457,104,253,100
4,980411883,verde,azul,reativa,azul,1,3,13,30,0,30.0000,0.1538,310,4,306,0
5,1364875354,vermelho,verde,modelo_proposto,verde,1,3,30,30,0,30.0000,0.0000,408,29,354,25
5,1364875354,vermelho,vermelho,heuristica,verde,0,-3,30,90,120,0.7500,0.0000,536,107,329,100
5,1364875354,vermelho,azul,reativa,verde,0,-3,30,120,120,1.0000,0.0345,619,10,609,0
6,1247406621,azul,verde,modelo_proposto,verde,1,3,13,30,0,30.0000,0.0000,60,2,58,0
6,1247406621,azul,vermelho,heuristica,verde,0,-3,13,120,120,1.0000,0.0000,487,108,279,100
6,1247406621,azul,azul,reativa,verde,0,-3,13,90,120,0.7500,0.0000,82,6,76,0
7,271024058,verde,verde,modelo_proposto,empate,0,-1,100,0,0,0.0000,0.0000,580,1,579,0
7,271024058,verde,vermelho,heuristica,empate,0,-1,100,0,0,0.0000,0.0000,1675,16,1635,24
7,271024058,verde,azul,reativa,empate,0,-1,100,0,0,0.0000,0.0100,2567,0,2567,0
8,131926194,vermelho,verde,modelo_proposto,vermelho,0,-3,18,90,120,0.7500,0.0000,241,83,83,75
8,131926194,vermelho,vermelho,heuristica,vermelho,1,3,18,30,0,30.0000,0.0000,463,29,402,32
8,131926194,vermelho,azul,reativa,vermelho,0,-3,18,120,120,1.0000,0.0000,321,8,313,0
9,920297219,azul,verde,modelo_proposto,vermelho,0,-3,20,90,120,0.7500,0.0000,249,80,98,71
9,920297219,azul,vermelho,heuristica,vermelho,1,3,20,30,30,1.0000,0.0526,514,40,433,41
9,920297219,azul,azul,reativa,vermelho,0,-3,20,150,120,1.2500,0.0526,353,8,345,0
10,820336507,verde,verde,modelo_proposto,verde,1,3,17,60,30,2.0000,0.0588,268,56,163,49
10,820336507,verde,vermelho,heuristica,verde,0,-3,17,60,120,0.5000,0.0000,285,46,191,48
10,820336507,verde,azul,reativa,verde,0,-3,17,150,120,1.2500,0.0625,263,10,253,0
11,1012562364,vermelho,verde,modelo_proposto,vermelho,0,-3,21,120,110,1.0909,0.0500,493,121,272,100
11,1012562364,vermelho,vermelho,heuristica,vermelho,1,3,21,20,0,20.0000,0.0952,330,31,276,23
11,1012562364,vermelho,azul,reativa,vermelho,0,-3,21,90,120,0.7500,0.0000,230,5,225,0
12,670066924,azul,verde,modelo_proposto,azul,0,-3,14,90,120,0.7500,0.1000,281,76,133,72
12,670066924,azul,vermelho,heuristica,azul,0,-3,14,150,120,1.2500,0.0000,577,129,327,121
12,670066924,azul,azul,reativa,azul,1,3,14,30,30,1.0000,0.0000,306,2,304,0
13,1549280937,verde,verde,modelo_proposto,vermelho,0,-3,14,120,120,1.0000,0.0000,411,112,200,99
13,1549280937,verde,vermelho,heuristica,vermelho,1,3,14,30,0,30.0000,0.0000,393,27,341,25
13,1549280937,verde,azul,reativa,vermelho,0,-3,14,90,120,0.7500,0.2222,129,4,125,0
14,1369586799,vermelho,verde,modelo_proposto,azul,0,-3,11,90,120,0.7500,0.0000,293,82,136,75
14,1369586799,vermelho,vermelho,heuristica,azul,0,-3,11,120,120,1.0000,0.0000,478,107,271,100
14,1369586799,vermelho,azul,reativa,azul,1,3,11,30,0,30.0000,0.0000,256,2,254,0
15,1040301634,azul,verde,modelo_proposto,azul,0,-3,18,80,120,0.6667,0.5333,526,131,270,125
15,1040301634,azul,vermelho,heuristica,azul,0,-3,18,150,110,1.3636,0.5294,890,237,428,225
15,1040301634,azul,azul,reativa,azul,1,3,18,30,30,1.0000,0.0000,424,6,418,0
16,1790057013,verde,verde,modelo_proposto,vermelho,0,-3,18,120,120,1.0000,0.0556,428,104,229,95
16,1790057013,verde,vermelho,heuristica,vermelho,1,3,18,30,0,30.0000,0.1111,472,26,422,24
16,1790057013,verde,azul,reativa,vermelho,0,-3,18,90,120,0.7500,0.0000,57,5,52,0
17,1690053831,vermelho,verde,modelo_proposto,vermelho,0,-3,24,60,120,0.5000,0.0714,351,77,198,76
17,1690053831,vermelho,vermelho,heuristica,vermelho,1,3,24,60,60,1.0000,0.0417,670,55,566,49
17,1690053831,vermelho,azul,reativa,vermelho,0,-3,24,180,120,1.5000,0.1304,366,16,350,0
18,1979693965,azul,verde,modelo_proposto,empate,0,-1,100,0,0,0.0000,0.0000,2075,49,2026,0
18,1979693965,azul,vermelho,heuristica,empate,0,-1,100,0,0,0.0000,0.0202,2570,0,2570,0
18,1979693965,azul,azul,reativa,empate,0,-1,100,0,0,0.0000,0.4800,1885,49,1836,0
19,932576662,verde,verde,modelo_proposto,vermelho,0,-3,28,60,120,0.5000,0.0000,268,79,114,75
19,932576662,verde,vermelho,heuristica,vermelho,1,3,28,60,60,1.0000,0.0357,695,67,564,64
19,932576662,verde,azul,reativa,vermelho,0,-3,28,180,120,1.5000,0.0000,523,11,512,0
20,855842988,vermelho,verde,modelo_proposto,azul,0,-3,25,90,120,0.7500,0.0000,254,78,101,75
20,855842988,vermelho,vermelho,heuristica,azul,0,-3,25,150,120,1.2500,0.0400,868,145,582,141
20,855842988,vermelho,azul,reativa,azul,1,3,25,30,30,1.0000,0.0400,576,2,574,0
21,1253956409,azul,verde,modelo_proposto,vermelho,0,-3,10,90,120,0.7500,0.1429,246,83,89,74
21,1253956409,azul,vermelho,heuristica,vermelho,1,3,10,30,0,30.0000,0.0000,301,47,209,45
21,1253956409,azul,azul,reativa,vermelho,0,-3,10,120,120,1.0000,0.0000,134,7,127,0
22,755744497,verde,verde,modelo_proposto,azul,0,-3,21,150,120,1.2500,0.0000,576,137,314,125
22,755744497,verde,vermelho,heuristica,azul,0,-3,21,90,120,0.7500,0.0000,525,96,329,100
22,755744497,verde,azul,reativa,azul,1,3,21,30,30,1.0000,0.0476,477,2,475,0
23,1237903098,vermelho,verde,modelo_proposto,verde,1,3,10,120,10,12.0000,0.2222,307,111,121,75
23,1237903098,vermelho,vermelho,heuristica,verde,0,-3,10,50,100,0.5000,0.3333,406,103,228,75
23,1237903098,vermelho,azul,reativa,verde,0,-3,10,40,100,0.4000,0.4286,123,4,119,0
24,1087965783,azul,verde,modelo_proposto,vermelho,0,-3,29,90,120,0.7500,0.0000,348,83,190,75
24,1087965783,azul,vermelho,heuristica,vermelho,1,3,29,30,30,1.0000,0.1071,715,17,682,16
24,1087965783,azul,azul,reativa,vermelho,0,-3,29,150,120,1.2500,0.0357,588,8,580,0
25,483723808,verde,verde,modelo_proposto,azul,0,-3,18,80,110,0.7273,0.4286,338,105,133,100
25,483723808,verde,vermelho,heuristica,azul,0,-3,18,110,110,1.0000,0.3333,734,149,435,150
25,483723808,verde,azul,reativa,azul,1,3,18,30,0,30.0000,0.1667,396,2,394,0
26,242242137,vermelho,verde,modelo_proposto,empate,0,-1,100,0,0,0.0000,0.0000,1566,17,1536,13
26,242242137,vermelho,vermelho,heuristica,empate,0,-1,100,120,90,1.3333,0.9000,1920,178,1624,118
26,242242137,vermelho,azul,reativa,empate,0,-1,100,90,120,0.7500,0.0000,197,6,191,0
27,221737212,azul,verde,modelo_proposto,vermelho,0,-3,23,90,120,0.7500,0.0000,352,115,134,103
27,221737212,azul,vermelho,heuristica,vermelho,1,3,23,30,30,1.0000,0.0000,564,18,530,16
27,221737212,azul,azul,reativa,vermelho,0,-3,23,150,120,1.2500,0.0909,398,12,386,0
28,418463804,verde,verde,modelo_proposto,verde,1,3,9,30,0,30.0000,0.1111,131,29,77,25
28,418463804,verde,vermelho,heuristica,verde,0,-3,9,90,120,0.7500,0.0000,292,79,139,74
28,418463804,verde,azul,reativa,verde,0,-3,9,120,120,1.0000,0.0000,107,8,99,0
29,435099202,vermelho,verde,modelo_proposto,vermelho,0,-3,19,150,120,1.2500,0.0000,428,114,214,100
29,435099202,vermelho,vermelho,heuristica,vermelho,1,3,19,30,30,1.0000,0.1053,495,27,443,25
29,435099202,vermelho,azul,reativa,vermelho,0,-3,19,90,120,0.7500,0.0000,57,5,52,0
30,283512082,azul,verde,modelo_proposto,verde,1,3,28,30,0,30.0000,0.0370,394,26,346,22
30,283512082,azul,vermelho,heuristica,verde,0,-3,28,120,120,1.0000,0.0000,852,133,595,124
30,283512082,azul,azul,reativa,verde,0,-3,28,90,120,0.7500,0.0000,169,5,164,0
31,1645911538,verde,verde,modelo_proposto,empate,0,-1,100,0,0,0.0000,0.0000,1610,49,1561,0
31,1645911538,verde,vermelho,heuristica,empate,0,-1,100,0,0,0.0000,0.0000,2587,0,2587,0
31,1645911538,verde,azul,reativa,empate,0,-1,100,0,0,0.0000,0.0000,2071,50,2021,0
32,1490846386,vermelho,verde,modelo_proposto,azul,0,-3,23,130,110,1.1818,0.2727,458,131,203,124
32,1490846386,vermelho,vermelho,heuristica,azul,0,-3,23,80,100,0.8000,0.6250,454,127,202,125
32,1490846386,vermelho,azul,reativa,azul,1,3,23,30,30,1.0000,0.0000,508,2,506,0
33,321403989,azul,verde,modelo_proposto,azul,0,-3,13,80,120,0.6667,0.1250,250,80,95,75
33,321403989,azul,vermelho,heuristica,azul,0,-3,13,150,110,1.3636,0.2500,590,155,286,149
33,321403989,azul,azul,reativa,azul,1,3,13,30,30,1.0000,0.0000,288,2,286,0
34,1070087091,verde,verde,modelo_proposto,vermelho,0,-3,36,90,120,0.7500,0.0000,420,106,223,91
34,1070087091,verde,vermelho,heuristica,vermelho,1,3,36,30,60,0.5000,0.0556,922,31,853,38
34,1070087091,verde,azul,reativa,vermelho,0,-3,36,180,120,1.5000,0.0000,702,11,691,0
35,749808370,vermelho,verde,modelo_proposto,vermelho,0,-3,39,90,120,0.7500,0.1000,376,98,182,96
35,749808370,vermelho,vermelho,heuristica,vermelho,1,3,39,30,30,1.0000,0.0256,1027,43,934,50
35,749808370,vermelho,azul,reativa,vermelho,0,-3,39,150,120,1.2500,0.0789,797,12,785,0
36,310441732,azul,verde,modelo_proposto,verde,1,3,13,30,0,30.0000,0.1667,69,3,66,0
36,310441732,azul,vermelho,heuristica,verde,0,-3,13,120,120,1.0000,0.0000,571,153,271,147
36,310441732,azul,azul,reativa,verde,0,-3,13,90,120,0.7500,0.0000,128,4,124,0
37,191956606,verde,verde,modelo_proposto,verde,1,3,16,30,0,30.0000,0.1875,168,27,118,23
37,191956606,verde,vermelho,heuristica,verde,0,-3,16,90,120,0.7500,0.0769,533,107,326,100
37,191956606,verde,azul,reativa,verde,0,-3,16,120,120,1.0000,0.0667,282,9,273,0
38,1692875068,vermelho,verde,modelo_proposto,azul,0,-3,20,90,120,0.7500,0.0000,262,79,108,75
38,1692875068,vermelho,vermelho,heuristica,azul,0,-3,20,120,120,1.0000,0.0500,766,138,487,141
38,1692875068,vermelho,azul,reativa,azul,1,3,20,30,0,30.0000,0.0000,454,2,452,0
39,724671784,azul,verde,modelo_proposto,azul,0,-3,16,120,110,1.0909,0.0667,375,106,171,98
39,724671784,azul,vermelho,heuristica,azul,0,-3,16,80,120,0.6667,0.1000,394,80,240,74
39,724671784,azul,azul,reativa,azul,1,3,16,30,0,30.0000,0.1250,382,2,380,0
40,270559481,verde,verde,modelo_proposto,azul,0,-3,20,120,120,1.0000,0.0500,520,109,312,99
40,270559481,verde,vermelho,heuristica,azul,0,-3,20,90,120,0.7500,0.0000,507,91,320,96
40,270559481,verde,azul,reativa,azul,1,3,20,30,0,30.0000,0.0000,488,4,484,0
41,1328649944,vermelho,verde,modelo_proposto,verde,1,3,12,30,0,30.0000,0.1818,141,31,86,24
41,1328649944,vermelho,vermelho,heuristica,verde,0,-3,12,100,120,0.8333,0.4545,534,148,252,134
41,1328649944,vermelho,azul,reativa,verde,0,-3,12,90,100,0.9000,1.0000,34,9,25,0
42,662329169,azul,verde,modelo_proposto,azul,0,-3,23,90,120,0.7500,0.0000,261,73,120,68
42,662329169,azul,vermelho,heuristica,azul,0,-3,23,120,120,1.0000,0.0909,754,118,524,112
42,662329169,azul,azul,reativa,azul,1,3,23,30,0,30.0000,0.0000,544,2,542,0
43,1702263910,verde,verde,modelo_proposto,verde,1,3,15,30,0,30.0000,0.1333,155,20,119,16
43,1702263910,verde,vermelho,heuristica,verde,0,-3,15,90,120,0.7500,0.0000,330,58,219,53
43,1702263910,verde,azul,reativa,verde,0,-3,15,120,120,1.0000,0.0000,223,8,215,0
44,814414449,vermelho,verde,modelo_proposto,vermelho,0,-3,21,150,120,1.2500,0.0500,444,131,199,114
44,814414449,vermelho,vermelho,heuristica,vermelho,1,3,21,30,30,1.0000,0.0476,567,27,515,25
44,814414449,vermelho,azul,reativa,vermelho,0,-3,21,90,120,0.7500,0.0000,146,5,141,0
45,764225697,azul,verde,modelo_proposto,vermelho,0,-3,17,90,120,0.7500,0.0000,274,85,114,75
45,764225697,azul,vermelho,heuristica,vermelho,1,3,17,30,0,30.0000,0.0625,479,44,385,50
45,764225697,azul,azul,reativa,vermelho,0,-3,17,120,120,1.0000,0.0000,304,7,297,0
46,464531721,verde,verde,modelo_proposto,azul,0,-3,20,150,120,1.2500,0.0000,429,123,193,113
46,464531721,verde,vermelho,heuristica,azul,0,-3,20,90,120,0.7500,0.0000,339,78,189,72
46,464531721,verde,azul,reativa,azul,1,3,20,30,30,1.0000,0.1000,449,3,446,0
47,1533946064,vermelho,verde,modelo_proposto,azul,0,-3,15,70,120,0.5833,0.3750,270,79,116,75
47,1533946064,vermelho,vermelho,heuristica,azul,0,-3,15,120,100,1.2000,0.2667,609,120,366,123
47,1533946064,vermelho,azul,reativa,azul,1,3,15,30,0,30.0000,0.0667,344,2,342,0
48,2021790431,azul,verde,modelo_proposto,verde,1,3,24,30,30,1.0000,0.0870,206,27,157,22
48,2021790431,azul,vermelho,heuristica,verde,0,-3,24,150,120,1.2500,0.0000,698,118,473,107
48,2021790431,azul,azul,reativa,verde,0,-3,24,90,120,0.7500,0.0000,195,5,190,0
49,1451556886,verde,verde,modelo_proposto,verde,1,3,17,30,30,1.0000,0.0588,128,25,80,23
49,1451556886,verde,vermelho,heuristica,verde,0,-3,17,150,120,1.2500,0.1875,683,155,384,144
49,1451556886,verde,azul,reativa,verde,0,-3,17,90,120,0.7500,0.0000,81,4,77,0
50,6009790,vermelho,verde,modelo_proposto,empate,0,-1,100,0,0,0.0000,0.0000,2077,49,2028,0
50,6009790,vermelho,vermelho,heuristica,empate,0,-1,100,0,0,0.0000,0.0000,1618,49,1569,0
50,6009790,vermelho,azul,reativa,empate,0,-1,100,0,0,0.0000,0.0000,2577,0,2577,0
51,188280745,azul,verde,modelo_proposto,azul,0,-3,21,120,110,1.0909,0.1000,561,129,314,118
51,188280745,azul,vermelho,heuristica,azul,0,-3,21,80,120,0.6667,0.1333,563,109,344,110
51,188280745,azul,azul,reativa,azul,1,3,21,30,0,30.0000,0.0000,517,2,515,0
52,349047791,verde,verde,modelo_proposto,vermelho,0,-3,25,90,120,0.7500,0.0000,418,100,218,100
52,349047791,verde,vermelho,heuristica,vermelho,1,3,25,30,0,30.0000,0.0000,669,29,608,32
52,349047791,verde,azul,reativa,vermelho,0,-3,25,120,120,1.0000,0.0000,491,7,484,0
53,1876708646,vermelho,verde,modelo_proposto,verde,1,3,19,30,30,1.0000,0.0556,174,28,121,25
53,1876708646,vermelho,vermelho,heuristica,verde,0,-3,19,90,120,0.7500,0.0000,510,107,303,100
53,1876708646,vermelho,azul,reativa,verde,0,-3,19,150,120,1.2500,0.0000,338,10,328,0
54,1152886018,azul,verde,modelo_proposto,empate,0,-1,100,120,90,1.3333,0.4444,2013,127,1819,67
54,1152886018,azul,vermelho,heuristica,empate,0,-1,100,90,120,0.7500,0.2222,324,71,191,62
54,1152886018,azul,azul,reativa,empate,0,-1,100,0,0,0.0000,0.0000,2005,46,1959,0
55,1069746520,verde,verde,modelo_proposto,vermelho,0,-3,30,90,120,0.7500,0.2727,388,101,191,96
55,1069746520,verde,vermelho,heuristica,vermelho,1,3,30,30,30,1.0000,0.0667,804,51,704,49
55,1069746520,verde,azul,reativa,vermelho,0,-3,30,150,120,1.2500,0.1034,569,10,559,0
56,1489974805,vermelho,verde,modelo_proposto,azul,0,-3,14,120,120,1.0000,0.1538,363,108,155,100
56,1489974805,vermelho,vermelho,heuristica,azul,0,-3,14,90,120,0.7500,0.0000,368,81,212,75
56,1489974805,vermelho,azul,reativa,azul,1,3,14,30,0,30.0000,0.0000,277,2,275,0
57,1198990478,azul,verde,modelo_proposto,azul,0,-3,18,90,120,0.7500,0.0000,241,77,90,74
57,1198990478,azul,vermelho,heuristica,azul,0,-3,18,120,120,1.0000,0.0000,610,101,413,96
57,1198990478,azul,azul,reativa,azul,1,3,18,30,0,30.0000,0.0000,421,2,419,0
58,1785076888,verde,verde,modelo_proposto,vermelho,0,-3,20,90,120,0.7500,0.0000,291,85,132,74
58,1785076888,verde,vermelho,heuristica,vermelho,1,3,20,30,30,1.0000,0.1500,556,27,504,25
58,1785076888,verde,azul,reativa,vermelho,0,-3,20,150,120,1.2500,0.0526,338,11,327,0
59,1812608420,vermelho,verde,modelo_proposto,empate,0,-1,100,120,90,1.3333,0.0000,1570,136,1355,79
59,1812608420,vermelho,vermelho,heuristica,empate,0,-1,100,0,0,0.0000,0.0000,1431,68,1340,23
59,1812608420,vermelho,azul,reativa,empate,0,-1,100,90,120,0.7500,0.0000,323,5,318,0
60,1494812099,azul,verde,modelo_proposto,verde,1,3,19,60,30,2.0000,0.1667,155,30,100,25
60,1494812099,azul,vermelho,heuristica,verde,0,-3,19,60,120,0.5000,0.0000,334,50,236,48
60,1494812099,azul,azul,reativa,verde,0,-3,19,150,120,1.2500,0.0000,296,9,287,0
61,624291629,verde,verde,modelo_proposto,azul,0,-3,16,150,100,1.5000,0.1875,436,132,184,120
61,624291629,verde,vermelho,heuristica,azul,0,-3,16,40,120,0.3333,0.2000,411,88,235,88
61,624291629,verde,azul,reativa,azul,1,3,16,60,30,2.0000,0.0625,343,4,339,0
62,1690688755,vermelho,verde,modelo_proposto,verde,1,3,15,30,0,30.0000,0.0714,151,29,97,25
62,1690688755,vermelho,vermelho,heuristica,verde,0,-3,15,120,120,1.0000,0.1429,626,151,334,141
62,1690688755,vermelho,azul,reativa,verde,0,-3,15,90,120,0.7500,0.1250,131,6,125,0
63,415855664,azul,verde,modelo_proposto,vermelho,0,-3,19,90,120,0.7500,0.0000,268,85,108,75
63,415855664,azul,vermelho,heuristica,vermelho,1,3,19,30,30,1.0000,0.0000,490,32,426,32
63,415855664,azul,azul,reativa,vermelho,0,-3,19,150,120,1.2500,0.0000,322,8,314,0
64,1239108435,verde,verde,modelo_proposto,vermelho,0,-3,20,60,120,0.5000,0.2500,292,90,117,85
64,1239108435,verde,vermelho,heuristica,vermelho,1,3,20,60,60,1.0000,0.1000,742,124,479,139
64,1239108435,verde,azul,reativa,vermelho,0,-3,20,180,120,1.5000,0.2632,313,14,299,0
65,1288729641,vermelho,verde,modelo_proposto,azul,0,-3,25,150,110,1.3636,0.1667,642,158,337,147
65,1288729641,vermelho,vermelho,heuristica,azul,0,-3,25,80,120,0.6667,0.0769,495,96,307,92
65,1288729641,vermelho,azul,reativa,azul,1,3,25,30,30,1.0000,0.0400,592,2,590,0
66,2109698062,azul,verde,modelo_proposto,vermelho,0,-3,17,120,120,1.0000,0.0000,414,103,221,90
66,2109698062,azul,vermelho,heuristica,vermelho,1,3,17,30,0,30.0000,0.0000,491,43,399,49
66,2109698062,azul,azul,reativa,vermelho,0,-3,17,90,120,0.7500,0.0000,177,5,172,0
67,1413126415,verde,verde,modelo_proposto,vermelho,0,-3,10,120,120,1.0000,0.0000,378,113,165,100
67,1413126415,verde,vermelho,heuristica,vermelho,1,3,10,30,0,30.0000,0.1000,304,27,252,25
67,1413126415,verde,azul,reativa,vermelho,0,-3,10,90,120,0.7500,0.0000,104,5,99,0
68,354615157,vermelho,verde,modelo_proposto,azul,0,-3,17,120,120,1.0000,0.0000,493,129,244,120
68,354615157,vermelho,vermelho,heuristica,azul,0,-3,17,90,120,0.7500,0.0000,506,92,317,97
68,354615157,vermelho,azul,reativa,azul,1,3,17,30,0,30.0000,0.0588,385,2,383,0
69,36093310,azul,verde,modelo_proposto,verde,1,3,12,30,0,30.0000,0.0000,112,27,61,24
69,36093310,azul,vermelho,heuristica,verde,0,-3,12,120,120,1.0000,0.2000,487,126,244,117
69,36093310,azul,azul,reativa,verde,0,-3,12,90,120,0.7500,0.1429,106,5,101,0
70,650929293,verde,verde,modelo_proposto,vermelho,0,-3,16,120,120,1.0000,0.0000,475,112,264,99
70,650929293,verde,vermelho,heuristica,vermelho,1,3,16,30,0,30.0000,0.0000,426,26,376,24
70,650929293,verde,azul,reativa,vermelho,0,-3,16,90,120,0.7500,0.0000,222,5,217,0
71,1174663146,vermelho,verde,modelo_proposto,vermelho,0,-3,46,90,100,0.9000,0.5000,241,80,86,75
71,1174663146,vermelho,vermelho,heuristica,vermelho,1,3,46,30,0,30.0000,0.1304,1110,18,1076,16
71,1174663146,vermelho,azul,reativa,vermelho,0,-3,46,100,120,0.8333,0.0667,893,7,886,0
72,6505178,azul,verde,modelo_proposto,verde,1,3,16,30,30,1.0000,0.0000,125,28,72,25
72,6505178,azul,vermelho,heuristica,verde,0,-3,16,150,110,1.3636,0.1429,605,135,345,125
72,6505178,azul,azul,reativa,verde,0,-3,16,80,120,0.6667,0.0000,107,6,101,0
73,478834776,verde,verde,modelo_proposto,azul,0,-3,12,120,120,1.0000,0.2500,395,107,188,100
73,478834776,verde,vermelho,heuristica,azul,0,-3,12,60,120,0.5000,0.2000,411,92,244,75
73,478834776,verde,azul,reativa,azul,1,3,12,90,30,3.0000,0.0833,234,10,224,0
74,466979635,vermelho,verde,modelo_proposto,verde,1,3,11,30,0,30.0000,0.0000,113,28,60,25
74,466979635,vermelho,vermelho,heuristica,verde,0,-3,11,120,120,1.0000,0.0000,461,108,253,100
74,466979635,vermelho,azul,reativa,verde,0,-3,11,90,120,0.7500,0.1667,81,5,76,0
75,1585602173,azul,verde,modelo_proposto,azul,0,-3,37,90,120,0.7500,0.1818,241,67,112,62
75,1585602173,azul,vermelho,heuristica,azul,0,-3,37,120,120,1.0000,0.0833,1052,116,827,109
75,1585602173,azul,azul,reativa,azul,1,3,37,30,0,30.0000,0.0541,865,4,861,0
76,137830156,verde,verde,modelo_proposto,verde,1,3,16,30,0,30.0000,0.1250,306,71,172,63
76,137830156,verde,vermelho,heuristica,verde,0,-3,16,120,120,1.0000,0.0000,553,116,331,106
76,137830156,verde,azul,reativa,verde,0,-3,16,90,120,0.7500,0.0000,106,4,102,0
77,295121870,vermelho,verde,modelo_proposto,azul,0,-3,16,60,120,0.5000,0.0000,280,76,132,72
77,295121870,vermelho,vermelho,heuristica,azul,0,-3,16,180,120,1.5000,0.0000,775,195,388,192
77,295121870,vermelho,azul,reativa,azul,1,3,16,60,60,1.0000,0.0625,341,4,337,0
78,1568756219,azul,verde,modelo_proposto,azul,0,-3,32,90,110,0.8182,0.0333,591,63,473,55
78,1568756219,azul,vermelho,heuristica,azul,0,-3,32,140,120,1.1667,0.0645,1026,172,719,135
78,1568756219,azul,azul,reativa,azul,1,3,32,30,30,1.0000,0.0000,492,15,477,0
79,863086835,verde,verde,modelo_proposto,verde,1,3,15,30,0,30.0000,0.1333,174,29,120,25
79,863086835,verde,vermelho,heuristica,verde,0,-3,15,100,100,1.0000,0.2857,591,128,343,120
79,863086835,verde,azul,reativa,verde,0,-3,15,70,100,0.7000,0.6667,157,4,153,0
80,881860485,vermelho,verde,modelo_proposto,vermelho,0,-3,16,120,120,1.0000,0.0000,314,83,159,72
80,881860485,vermelho,vermelho,heuristica,vermelho,1,3,16,30,0,30.0000,0.0625,499,49,400,50
80,881860485,vermelho,azul,reativa,vermelho,0,-3,16,90,120,0.7500,0.0000,78,5,73,0
81,866620601,azul,verde,modelo_proposto,empate,0,-1,100,0,0,0.0000,0.0101,607,0,607,0
81,866620601,azul,vermelho,heuristica,empate,0,-1,100,0,0,0.0000,0.0000,2057,49,2008,0
81,866620601,azul,azul,reativa,empate,0,-1,100,0,0,0.0000,0.0000,1944,47,1897,0
82,1809070958,verde,verde,modelo_proposto,azul,0,-3,10,90,110,0.8182,0.1111,324,154,98,72
82,1809070958,verde,vermelho,heuristica,azul,0,-3,10,110,120,0.9167,0.0000,579,197,236,146
82,1809070958,verde,azul,reativa,azul,1,3,10,60,30,2.0000,0.4000,211,9,202,0
83,389192010,vermelho,verde,modelo_proposto,azul,0,-3,29,110,120,0.9167,0.1429,486,105,283,98
83,389192010,vermelho,vermelho,heuristica,azul,0,-3,29,90,110,0.8182,0.0667,558,104,355,99
83,389192010,vermelho,azul,reativa,azul,1,3,29,30,0,30.0000,0.3448,669,2,667,0
84,500570754,azul,verde,modelo_proposto,azul,0,-3,16,90,120,0.7500,0.0000,216,63,96,57
84,500570754,azul,vermelho,heuristica,azul,0,-3,16,150,120,1.2500,0.0000,530,107,323,100
84,500570754,azul,azul,reativa,azul,1,3,16,30,30,1.0000,0.0000,356,3,353,0
85,1712353937,verde,verde,modelo_proposto,azul,0,-3,17,90,120,0.7500,0.0000,266,81,110,75
85,1712353937,verde,vermelho,heuristica,azul,0,-3,17,120,120,1.0000,0.0000,633,106,427,100
85,1712353937,verde,azul,reativa,azul,1,3,17,30,0,30.0000,0.1765,353,2,351,0
86,391319897,vermelho,verde,modelo_proposto,vermelho,0,-3,15,120,120,1.0000,0.0714,340,86,179,75
86,391319897,vermelho,vermelho,heuristica,vermelho,1,3,15,30,0,30.0000,0.1333,430,27,378,25
86,391319897,vermelho,azul,reativa,vermelho,0,-3,15,90,120,0.7500,0.0000,106,5,101,0
87,136589075,azul,verde,modelo_proposto,verde,1,3,11,60,30,2.0000,0.0000,275,59,166,50
87,136589075,azul,vermelho,heuristica,verde,0,-3,11,60,120,0.5000,0.0000,307,95,141,71
87,136589075,azul,azul,reativa,verde,0,-3,11,150,120,1.2500,0.0000,127,11,116,0
88,516443035,verde,verde,modelo_proposto,azul,0,-3,14,60,110,0.5455,0.6667,338,109,129,100
88,516443035,verde,vermelho,heuristica,azul,0,-3,14,140,120,1.1667,0.4286,630,149,340,141
88,516443035,verde,azul,reativa,azul,1,3,14,60,30,2.0000,0.1429,307,4,303,0
89,1231568109,vermelho,verde,modelo_proposto,azul,0,-3,15,90,120,0.7500,0.0000,262,79,108,75
89,1231568109,vermelho,vermelho,heuristica,azul,0,-3,15,120,120,1.0000,0.0000,630,122,383,125
89,1231568109,vermelho,azul,reativa,azul,1,3,15,30,0,30.0000,0.2000,353,4,349,0
90,234389638,azul,verde,modelo_proposto,verde,1,3,20,60,90,0.6667,0.1053,348,79,194,75
90,234389638,azul,vermelho,heuristica,verde,0,-3,20,60,120,0.5000,0.0000,291,76,143,72
90,234389638,azul,azul,reativa,verde,0,-3,20,210,120,1.7500,0.0000,306,13,293,0
91,1278363502,verde,verde,modelo_proposto,empate,0,-1,100,0,30,0.0000,0.0000,3629,911,1894,824
91,1278363502,verde,vermelho,heuristica,empate,0,-1,100,0,0,0.0000,0.0400,2560,0,2560,0
91,1278363502,verde,azul,reativa,empate,0,-1,100,30,0,30.0000,0.0000,2147,5,2142,0
92,2089492144,vermelho,verde,modelo_proposto,vermelho,0,-3,28,90,120,0.7500,0.0000,220,67,95,58
92,2089492144,vermelho,vermelho,heuristica,vermelho,1,3,28,30,0,30.0000,0.1429,618,40,535,43
92,2089492144,vermelho,azul,reativa,vermelho,0,-3,28,120,120,1.0000,0.0370,488,9,479,0
93,1010834375,azul,verde,modelo_proposto,empate,0,-1,100,0,0,0.0000,0.0000,2129,50,2079,0
93,1010834375,azul,vermelho,heuristica,empate,0,-1,100,0,0,0.0000,0.0000,2552,0,2552,0
93,1010834375,azul,azul,reativa,empate,0,-1,100,0,0,0.0000,0.0000,2051,48,2003,0
94,1010172138,verde,verde,modelo_proposto,vermelho,0,-3,10,150,120,1.2500,0.1000,380,114,166,100
94,1010172138,verde,vermelho,heuristica,vermelho,1,3,10,30,30,1.0000,0.3000,344,47,249,48
94,1010172138,verde,azul,reativa,vermelho,0,-3,10,90,120,0.7500,0.0000,31,5,26,0
95,1255584616,vermelho,verde,modelo_proposto,verde,1,3,22,30,60,0.5000,0.0952,223,50,127,46
95,1255584616,vermelho,vermelho,heuristica,verde,0,-3,22,90,120,0.7500,0.3846,549,123,310,116
95,1255584616,vermelho,azul,reativa,verde,0,-3,22,180,120,1.5000,0.0952,386,15,371,0
96,2041513302,azul,verde,modelo_proposto,azul,0,-3,35,90,120,0.7500,0.0000,264,80,109,75
96,2041513302,azul,vermelho,heuristica,azul,0,-3,35,150,120,1.2500,0.0000,1168,171,825,172
96,2041513302,azul,azul,reativa,azul,1,3,35,30,30,1.0000,0.0857,802,2,800,0
97,11523659,verde,verde,modelo_proposto,azul,0,-3,20,60,120,0.5000,0.0000,254,79,100,75
97,11523659,verde,vermelho,heuristica,azul,0,-3,20,180,120,1.5000,0.0500,771,147,487,137
97,11523659,verde,azul,reativa,azul,1,3,20,60,60,1.0000,0.0000,413,3,410,0
98,60279016,vermelho,verde,modelo_proposto,verde,1,3,35,120,90,1.3333,0.0000,840,168,580,92
98,60279016,vermelho,vermelho,heuristica,verde,0,-3,35,90,120,0.7500,0.0000,918,146,652,120
98,60279016,vermelho,azul,reativa,verde,0,-3,35,120,120,1.0000,0.0000,663,19,644,0
99,2035523298,azul,verde,modelo_proposto,verde,1,3,16,30,0,30.0000,0.2000,122,26,73,23
99,2035523298,azul,vermelho,heuristica,verde,0,-3,16,90,120,0.7500,0.0000,479,97,288,94
99,2035523298,azul,azul,reativa,verde,0,-3,16,120,120,1.0000,0.0000,283,7,276,0
100,778332920,verde,verde,modelo_proposto,azul,0,-3,22,90,120,0.7500,0.1111,224,71,87,66
100,778332920,verde,vermelho,heuristica,azul,0,-3,22,150,120,1.2500,0.0455,758,120,524,114
100,778332920,verde,azul,reativa,azul,1,3,22,30,30,1.0000,0.0000,404,2,402,0
101,681977055,vermelho,verde,modelo_proposto,vermelho,0,-3,23,130,120,1.0833,0.3182,705,191,343,171
101,681977055,vermelho,vermelho,heuristica,vermelho,1,3,23,60,30,2.0000,0.0000,709,78,559,72
101,681977055,vermelho,azul,reativa,vermelho,0,-3,23,60,100,0.6000,0.4667,283,7,276,0
102,937597042,azul,verde,modelo_proposto,vermelho,0,-3,16,120,120,1.0000,0.0000,459,135,201,123
102,937597042,azul,vermelho,heuristica,vermelho,1,3,16,30,0,30.0000,0.0000,469,69,350,50
102,937597042,azul,azul,reativa,vermelho,0,-3,16,90,120,0.7500,0.3077,236,4,232,0
103,528953857,verde,verde,modelo_proposto,vermelho,0,-3,13,120,120,1.0000,0.0000,363,108,162,93
103,528953857,verde,vermelho,heuristica,vermelho,1,3,13,30,0,30.0000,0.0769,432,49,333,50
103,528953857,verde,azul,reativa,vermelho,0,-3,13,90,120,0.7500,0.0000,159,4,155,0
104,1698552064,vermelho,verde,modelo_proposto,verde,1,3,24,30,0,30.0000,0.0435,242,28,190,24
104,1698552064,vermelho,vermelho,heuristica,verde,0,-3,24,110,120,0.9167,0.3478,853,191,486,176
104,1698552064,vermelho,azul,reativa,verde,0,-3,24,90,110,0.8182,0.5455,158,10,148,0
105,2028522531,azul,verde,modelo_proposto,azul,0,-3,29,90,120,0.7500,0.0000,306,83,147,76
105,2028522531,azul,vermelho,heuristica,azul,0,-3,29,150,120,1.2500,0.0714,882,132,628,122
105,2028522531,azul,azul,reativa,azul,1,3,29,30,30,1.0000,0.1379,610,3,607,0
106,2146725289,verde,verde,modelo_proposto,verde,1,3,10,30,0,30.0000,0.0000,292,112,120,60
106,2146725289,verde,vermelho,heuristica,verde,0,-3,10,120,120,1.0000,0.0000,563,188,225,150
106,2146725289,verde,azul,reativa,verde,0,-3,10,90,120,0.7500,0.0000,103,6,97,0
107,2048006628,vermelho,verde,modelo_proposto,verde,1,3,14,60,0,60.0000,0.0769,168,32,111,25
107,2048006628,vermelho,vermelho,heuristica,verde,0,-3,14,90,120,0.7500,0.1667,416,78,261,77
107,2048006628,vermelho,azul,reativa,verde,0,-3,14,90,120,0.7500,0.0000,227,6,221,0
108,2065734190,azul,verde,modelo_proposto,azul,0,-3,51,90,120,0.7500,0.0000,332,91,156,85
108,2065734190,azul,vermelho,heuristica,azul,0,-3,51,150,120,1.2500,0.0400,1423,134,1150,139
108,2065734190,azul,azul,reativa,azul,1,3,51,30,30,1.0000,0.0000,967,1,966,0
109,946904339,verde,verde,modelo_proposto,vermelho,0,-3,19,60,120,0.5000,0.0000,265,79,111,75
109,946904339,verde,vermelho,heuristica,vermelho,1,3,19,60,30,2.0000,0.0526,563,71,426,66
109,946904339,verde,azul,reativa,vermelho,0,-3,19,150,120,1.2500,0.0000,336,9,327,0
110,977405121,vermelho,verde,modelo_proposto,vermelho,0,-3,26,100,120,0.8333,0.4000,629,170,309,150
110,977405121,vermelho,vermelho,heuristica,vermelho,1,3,26,30,0,30.0000,0.0385,677,44,583,50
110,977405121,vermelho,azul,reativa,vermelho,0,-3,26,90,100,0.9000,0.4286,236,8,228,0
111,106871201,azul,verde,modelo_proposto,empate,0,-1,100,0,0,0.0000,0.0101,2157,49,2108,0
111,106871201,azul,vermelho,heuristica,empate,0,-1,100,0,0,0.0000,0.0000,1932,0,1932,0
111,106871201,azul,azul,reativa,empate,0,-1,100,0,0,0.0000,0.0000,2102,49,2053,0
112,524023377,verde,verde,modelo_proposto,verde,1,3,20,30,30,1.0000,0.1000,336,83,204,49
112,524023377,verde,vermelho,heuristica,verde,0,-3,20,90,120,0.7500,0.1429,478,83,317,78
112,524023377,verde,azul,reativa,verde,0,-3,20,150,120,1.2500,0.0526,343,9,334,0
113,2070036801,vermelho,verde,modelo_proposto,vermelho,0,-3,11,120,120,1.0000,0.0000,304,86,143,75
113,2070036801,vermelho,vermelho,heuristica,vermelho,1,3,11,30,0,30.0000,0.0000,302,27,250,25
113,2070036801,vermelho,azul,reativa,vermelho,0,-3,11,90,120,0.7500,0.1429,101,5,96,0
114,332326161,azul,verde,modelo_proposto,azul,0,-3,16,150,120,1.2500,0.0000,509,130,261,118
114,332326161,azul,vermelho,heuristica,azul,0,-3,16,90,120,0.7500,0.2500,354,78,201,75
114,332326161,azul,azul,reativa,azul,1,3,16,30,30,1.0000,0.0000,379,3,376,0
115,13274541,verde,verde,modelo_proposto,vermelho,0,-3,30,90,120,0.7500,0.0000,290,81,137,72
115,13274541,verde,vermelho,heuristica,vermelho,1,3,30,30,0,30.0000,0.1333,735,30,681,24
115,13274541,verde,azul,reativa,vermelho,0,-3,30,120,120,1.0000,0.0000,543,11,532,0
116,825241805,vermelho,verde,modelo_proposto,azul,0,-3,17,120,120,1.0000,0.0625,320,82,163,75
116,825241805,vermelho,vermelho,heuristica,azul,0,-3,17,90,120,0.7500,0.1429,329,79,175,75
116,825241805,vermelho,azul,reativa,azul,1,3,17,30,0,30.0000,0.0588,378,2,376,0
117,1573000952,azul,verde,modelo_proposto,empate,0,-1,100,0,0,0.0000,0.0000,1896,0,1896,0
117,1573000952,azul,vermelho,heuristica,empate,0,-1,100,90,120,0.7500,0.0000,512,100,317,95
117,1573000952,azul,azul,reativa,empate,0,-1,100,120,90,1.3333,0.0000,1684,6,1678,0
118,1749647013,verde,verde,modelo_proposto,verde,1,3,18,30,30,1.0000,0.0000,133,28,80,25
118,1749647013,verde,vermelho,heuristica,verde,0,-3,18,150,120,1.2500,0.0000,694,148,409,137
118,1749647013,verde,azul,reativa,verde,0,-3,18,90,120,0.7500,0.1250,130,5,125,0
119,974095307,vermelho,verde,modelo_proposto,vermelho,0,-3,14,120,120,1.0000,0.0000,388,113,175,100
119,974095307,vermelho,vermelho,heuristica,vermelho,1,3,14,30,0,30.0000,0.0000,384,24,338,22
119,974095307,vermelho,azul,reativa,vermelho,0,-3,14,90,120,0.7500,0.0000,55,4,51,0
120,1400113132,azul,verde,modelo_proposto,vermelho,0,-3,14,60,120,0.5000,0.0909,315,114,126,75
120,1400113132,azul,vermelho,heuristica,vermelho,1,3,14,90,60,1.5000,0.0769,602,151,326,125
120,1400113132,azul,azul,reativa,vermelho,0,-3,14,150,120,1.2500,0.0000,211,10,201,0
121,1403140035,verde,verde,modelo_proposto,azul,0,-3,12,150,120,1.2500,0.0000,524,190,211,123
121,1403140035,verde,vermelho,heuristica,azul,0,-3,12,30,120,0.2500,0.0000,198,29,144,25
121,1403140035,verde,azul,reativa,azul,1,3,12,150,90,1.6667,0.0000,179,13,166,0
122,1485886752,vermelho,verde,modelo_proposto,azul,0,-3,20,90,120,0.7500,0.0000,263,66,137,60
122,1485886752,vermelho,vermelho,heuristica,azul,0,-3,20,120,120,1.0000,0.0500,643,107,437,99
122,1485886752,vermelho,azul,reativa,azul,1,3,20,30,0,30.0000,0.0500,459,2,457,0
123,1433079639,azul,verde,modelo_proposto,vermelho,0,-3,13,120,120,1.0000,0.2500,366,113,153,100
123,1433079639,azul,vermelho,heuristica,vermelho,1,3,13,30,0,30.0000,0.0000,398,44,304,50
123,1433079639,azul,azul,reativa,vermelho,0,-3,13,90,120,0.7500,0.0000,119,5,114,0
124,1444017005,verde,verde,modelo_proposto,azul,0,-3,14,150,100,1.5000,0.4286,510,192,197,121
124,1444017005,verde,vermelho,heuristica,azul,0,-3,14,40,120,0.3333,0.1818,387,82,256,49
124,1444017005,verde,azul,reativa,azul,1,3,14,120,90,1.3333,0.0000,184,10,174,0
125,1120634029,vermelho,verde,modelo_proposto,azul,0,-3,22,90,120,0.7500,0.0000,252,80,97,75
125,1120634029,vermelho,vermelho,heuristica,azul,0,-3,22,120,120,1.0000,0.0455,758,105,553,100
125,1120634029,vermelho,azul,reativa,azul,1,3,22,30,0,30.0000,0.0909,514,2,512,0
126,1159629576,azul,verde,modelo_proposto,verde,1,3,25,30,0,30.0000,0.0417,225,29,171,25
126,1159629576,azul,vermelho,heuristica,verde,0,-3,25,120,120,1.0000,0.0870,799,135,539,125
126,1159629576,azul,azul,reativa,verde,0,-3,25,90,120,0.7500,0.0000,81,5,76,0
127,170520394,verde,verde,modelo_proposto,vermelho,0,-3,26,90,120,0.7500,0.1111,299,91,130,78
127,170520394,verde,vermelho,heuristica,vermelho,1,3,26,30,0,30.0000,0.0000,691,38,617,36
127,170520394,verde,azul,reativa,vermelho,0,-3,26,120,120,1.0000,0.0400,489,8,481,0
128,2032603470,vermelho,verde,modelo_proposto,empate,0,-1,100,90,120,0.7500,0.0000,249,78,96,75
128,2032603470,vermelho,vermelho,heuristica,empate,0,-1,100,120,90,1.3333,0.0100,2031,127,1779,125
128,2032603470,vermelho,azul,reativa,empate,0,-1,100,0,0,0.0000,0.0300,1797,0,1797,0
129,1569236234,azul,verde,modelo_proposto,azul,0,-3,23,90,120,0.7500,0.0909,280,81,124,75
129,1569236234,azul,vermelho,heuristica,azul,0,-3,23,120,120,1.0000,0.0000,746,104,543,99
129,1569236234,azul,azul,reativa,azul,1,3,23,30,0,30.0000,0.1739,552,2,550,0
130,411570783,verde,verde,modelo_proposto,vermelho,0,-3,15,190,120,1.5833,0.0667,644,190,282,172
130,411570783,verde,vermelho,heuristica,vermelho,1,3,15,30,70,0.4286,0.3333,482,71,342,69
130,411570783,verde,azul,reativa,vermelho,0,-3,15,90,120,0.7500,0.0000,31,5,26,0
131,562047796,vermelho,verde,modelo_proposto,empate,0,-1,100,0,0,0.0000,0.0202,1912,44,1868,0
131,562047796,vermelho,vermelho,heuristica,empate,0,-1,100,120,90,1.3333,0.0000,2010,119,1822,69
131,562047796,vermelho,azul,reativa,empate,0,-1,100,90,120,0.7500,0.0000,96,5,91,0
132,1448248165,azul,verde,modelo_proposto,vermelho,0,-3,32,120,120,1.0000,0.0000,547,116,331,100
132,1448248165,azul,vermelho,heuristica,vermelho,1,3,32,30,0,30.0000,0.0645,701,27,651,23
132,1448248165,azul,azul,reativa,vermelho,0,-3,32,90,120,0.7500,0.0000,159,5,154,0
133,1352011924,verde,verde,modelo_proposto,azul,0,-3,15,80,100,0.8000,0.4000,320,123,111,86
133,1352011924,verde,vermelho,heuristica,azul,0,-3,15,100,110,0.9091,0.2667,582,135,340,107
133,1352011924,verde,azul,reativa,azul,1,3,15,30,0,30.0000,0.2000,348,7,341,0
134,939551074,vermelho,verde,modelo_proposto,azul,0,-3,17,70,100,0.7000,0.2500,269,79,115,75
134,939551074,vermelho,vermelho,heuristica,azul,0,-3,17,100,100,1.0000,0.1765,689,138,410,141
134,939551074,vermelho,azul,reativa,azul,1,3,17,30,0,30.0000,0.0000,367,2,365,0
135,362752061,azul,verde,modelo_proposto,verde,1,3,14,60,0,60.0000,0.0000,261,81,133,47
135,362752061,azul,vermelho,heuristica,verde,0,-3,14,90,120,0.7500,0.0000,549,147,277,125
135,362752061,azul,azul,reativa,verde,0,-3,14,90,120,0.7500,0.0000,251,5,246,0
136,1970562540,verde,verde,modelo_proposto,vermelho,0,-3,30,90,120,0.7500,0.1875,453,117,225,111
136,1970562540,verde,vermelho,heuristica,vermelho,1,3,30,30,30,1.0000,0.1333,1026,162,689,175
136,1970562540,verde,azul,reativa,vermelho,0,-3,30,150,120,1.2500,0.1724,579,9,570,0
137,383708122,vermelho,verde,modelo_proposto,azul,0,-3,14,150,120,1.2500,0.0769,459,111,248,100
137,383708122,vermelho,vermelho,heuristica,azul,0,-3,14,90,120,0.7500,0.0000,441,98,274,69
137,383708122,vermelho,azul,reativa,azul,1,3,14,30,30,1.0000,0.0000,325,9,316,0
138,2075785334,azul,verde,modelo_proposto,vermelho,0,-3,12,140,110,1.2727,0.2727,490,132,233,125
138,2075785334,azul,vermelho,heuristica,vermelho,1,3,12,20,20,1.0000,0.1818,336,26,285,25
138,2075785334,azul,azul,reativa,vermelho,0,-3,12,90,120,0.7500,0.0000,57,5,52,0
139,794372141,verde,verde,modelo_proposto,azul,0,-3,16,150,120,1.2500,0.1250,547,174,255,118
139,794372141,verde,vermelho,heuristica,azul,0,-3,16,90,120,0.7500,0.1667,504,103,302,99
139,794372141,verde,azul,reativa,azul,1,3,16,30,30,1.0000,0.0000,371,6,365,0
140,1817101026,vermelho,verde,modelo_proposto,verde,1,3,12,30,30,1.0000,0.0000,111,27,59,25
140,1817101026,vermelho,vermelho,heuristica,verde,0,-3,12,90,120,0.7500,0.1111,360,84,197,79
140,1817101026,vermelho,azul,reativa,verde,0,-3,12,150,120,1.2500,0.0000,152,10,142,0
141,1461547978,azul,verde,modelo_proposto,vermelho,0,-3,14,60,120,0.5000,0.0000,196,69,80,47
141,1461547978,azul,vermelho,heuristica,vermelho,1,3,14,90,30,3.0000,0.0769,554,132,322,100
141,1461547978,azul,azul,reativa,vermelho,0,-3,14,120,120,1.0000,0.0769,232,7,225,0
142,1249674794,verde,verde,modelo_proposto,azul,0,-3,15,90,120,0.7500,0.0000,252,80,97,75
142,1249674794,verde,vermelho,heuristica,azul,0,-3,15,120,120,1.0000,0.0000,588,105,383,100
142,1249674794,verde,azul,reativa,azul,1,3,15,30,0,30.0000,0.0000,343,3,340,0
143,236336944,vermelho,verde,modelo_proposto,verde,1,3,23,30,30,1.0000,0.0909,218,19,183,16
143,236336944,vermelho,vermelho,heuristica,verde,0,-3,23,150,120,1.2500,0.1364,685,123,445,117
143,236336944,vermelho,azul,reativa,verde,0,-3,23,90,120,0.7500,0.0625,296,4,292,0
144,787490960,azul,verde,modelo_proposto,azul,0,-3,28,150,120,1.2500,0.0000,418,110,210,98
144,787490960,azul,vermelho,heuristica,azul,0,-3,28,90,120,0.7500,0.0000,287,77,137,73
144,787490960,azul,azul,reativa,azul,1,3,28,30,30,1.0000,0.0714,585,2,583,0
145,368094613,verde,verde,modelo_proposto,vermelho,0,-3,21,60,120,0.5000,0.0000,275,79,121,75
145,368094613,verde,vermelho,heuristica,vermelho,1,3,21,60,60,1.0000,0.0476,616,94,434,88
145,368094613,verde,azul,reativa,vermelho,0,-3,21,180,120,1.5000,0.0000,356,12,344,0
146,15368845,vermelho,verde,modelo_proposto,vermelho,0,-3,12,60,120,0.5000,0.1667,254,72,107,75
146,15368845,vermelho,vermelho,heuristica,vermelho,1,3,12,50,60,0.8333,0.2500,482,95,292,95
146,15368845,vermelho,azul,reativa,vermelho,0,-3,12,180,110,1.6364,0.1818,130,12,118,0
147,987658780,azul,verde,modelo_proposto,empate,0,-1,100,0,0,0.0000,0.0000,2192,49,2143,0
147,987658780,azul,vermelho,heuristica,empate,0,-1,100,0,0,0.0000,0.0000,2099,50,2049,0
147,987658780,azul,azul,reativa,empate,0,-1,100,0,0,0.0000,0.0000,2600,0,2600,0
148,1140005980,verde,verde,modelo_proposto,empate,0,-1,100,0,0,0.0000,0.0000,2085,50,2035,0
148,1140005980,verde,vermelho,heuristica,empate,0,-1,100,0,0,0.0000,0.0000,2053,49,2004,0
148,1140005980,verde,azul,reativa,empate,0,-1,100,0,0,0.0000,0.0000,2485,0,2485,0
149,2107689852,vermelho,verde,modelo_proposto,empate,0,-1,100,120,90,1.3333,0.0000,1293,150,1047,96
149,2107689852,vermelho,vermelho,heuristica,empate,0,-1,100,0,0,0.0000,0.0100,2295,1,2294,0
149,2107689852,vermelho,azul,reativa,empate,0,-1,100,90,120,0.7500,0.0000,219,4,215,0
150,1111585620,azul,verde,modelo_proposto,verde,1,3,38,30,0,30.0000,0.0541,286,29,232,25
150,1111585620,azul,vermelho,heuristica,verde,0,-3,38,100,110,0.9091,0.1667,1106,148,819,139
150,1111585620,azul,azul,reativa,verde,0,-3,38,80,100,0.8000,0.5000,173,5,168,0
151,323059078,verde,verde,modelo_proposto,azul,0,-3,17,150,120,1.2500,0.0000,525,127,298,100
151,323059078,verde,vermelho,heuristica,azul,0,-3,17,90,120,0.7500,0.0000,433,79,279,75
151,323059078,verde,azul,reativa,azul,1,3,17,30,30,1.0000,0.0588,400,3,397,0
152,1505993271,vermelho,verde,modelo_proposto,azul,0,-3,24,60,120,0.5000,0.0000,258,72,111,75
152,1505993271,vermelho,vermelho,heuristica,azul,0,-3,24,150,120,1.2500,0.0417,848,137,579,132
152,1505993271,vermelho,azul,reativa,azul,1,3,24,60,30,2.0000,0.0000,513,4,509,0
153,1332249844,azul,verde,modelo_proposto,azul,0,-3,28,120,110,1.0909,0.1852,763,161,454,148
153,1332249844,azul,vermelho,heuristica,azul,0,-3,28,50,120,0.4167,0.2857,555,102,353,100
153,1332249844,azul,azul,reativa,azul,1,3,28,60,0,60.0000,0.1429,651,5,646,0
154,486926662,verde,verde,modelo_proposto,azul,0,-3,11,90,120,0.7500,0.0000,230,72,89,69
154,486926662,verde,vermelho,heuristica,azul,0,-3,11,120,120,1.0000,0.0000,503,115,270,118
154,486926662,verde,azul,reativa,azul,1,3,11,30,0,30.0000,0.0000,236,2,234,0
155,228384987,vermelho,verde,modelo_proposto,empate,0,-1,100,50,100,0.5000,0.3000,281,86,120,75
155,228384987,vermelho,vermelho,heuristica,empate,0,-1,100,100,50,2.0000,0.4900,4774,1075,2499,1200
155,228384987,vermelho,azul,reativa,empate,0,-1,100,0,0,0.0000,0.0100,2554,0,2554,0
156,1338147426,azul,verde,modelo_proposto,azul,0,-3,15,150,120,1.2500,0.0000,445,119,219,107
156,1338147426,azul,vermelho,heuristica,azul,0,-3,15,90,120,0.7500,0.1667,338,99,145,94
156,1338147426,azul,azul,reativa,azul,1,3,15,30,30,1.0000,0.0000,330,2,328,0
157,1701265980,verde,verde,modelo_proposto,vermelho,0,-3,9,120,120,1.0000,0.2222,295,84,138,73
157,1701265980,verde,vermelho,heuristica,vermelho,1,3,9,30,0,30.0000,0.0000,272,27,220,25
157,1701265980,verde,azul,reativa,vermelho,0,-3,9,90,120,0.7500,0.0000,31,5,26,0
158,2035459300,vermelho,verde,modelo_proposto,verde,1,3,23,30,30,1.0000,0.0000,218,32,161,25
158,2035459300,vermelho,vermelho,heuristica,verde,0,-3,23,150,120,1.2500,0.1364,798,162,487,149
158,2035459300,vermelho,azul,reativa,verde,0,-3,23,90,120,0.7500,0.0000,131,5,126,0
159,1984052756,azul,verde,modelo_proposto,azul,0,-3,22,120,120,1.0000,0.0476,472,125,232,115
159,1984052756,azul,vermelho,heuristica,azul,0,-3,22,90,120,0.7500,0.0000,395,85,227,83
159,1984052756,azul,azul,reativa,azul,1,3,22,30,0,30.0000,0.2273,481,3,478,0
160,882379617,verde,verde,modelo_proposto,vermelho,0,-3,27,90,120,0.7500,0.0000,252,84,93,75
160,882379617,verde,vermelho,heuristica,vermelho,1,3,27,30,30,1.0000,0.0370,705,52,603,50
160,882379617,verde,azul,reativa,vermelho,0,-3,27,150,120,1.2500,0.0769,542,9,533,0
161,155837609,vermelho,verde,modelo_proposto,azul,0,-3,21,60,100,0.6000,0.7143,306,96,121,89
161,155837609,vermelho,vermelho,heuristica,azul,0,-3,21,130,120,1.0833,0.1905,771,133,514,124
161,155837609,vermelho,azul,reativa,azul,1,3,21,60,30,2.0000,0.0952,446,4,442,0
162,1949492245,azul,verde,modelo_proposto,vermelho,0,-3,19,90,120,0.7500,0.0000,334,103,140,91
162,1949492245,azul,vermelho,heuristica,vermelho,1,3,19,30,0,30.0000,0.0000,446,18,412,16
162,1949492245,azul,azul,reativa,vermelho,0,-3,19,120,120,1.0000,0.0000,342,7,335,0
163,1206746855,verde,verde,modelo_proposto,verde,1,3,17,150,60,2.5000,0.0000,518,182,197,139
163,1206746855,verde,vermelho,heuristica,verde,0,-3,17,60,120,0.5000,0.0000,395,46,306,43
163,1206746855,verde,azul,reativa,verde,0,-3,17,90,120,0.7500,0.1250,294,10,284,0
164,383512830,vermelho,verde,modelo_proposto,azul,0,-3,10,150,120,1.2500,0.0000,321,93,145,83
164,383512830,vermelho,vermelho,heuristica,azul,0,-3,10,90,120,0.7500,0.0000,295,76,147,72
164,383512830,vermelho,azul,reativa,azul,1,3,10,30,30,1.0000,0.0000,199,4,195,0
165,1238779790,azul,verde,modelo_proposto,verde,1,3,18,30,0,30.0000,0.0000,137,30,82,25
165,1238779790,azul,vermelho,heuristica,verde,0,-3,18,90,120,0.7500,0.0000,313,87,137,89
165,1238779790,azul,azul,reativa,verde,0,-3,18,120,120,1.0000,0.0000,327,7,320,0
166,457092375,verde,verde,modelo_proposto,verde,1,3,17,30,0,30.0000,0.1176,132,5,127,0
166,457092375,verde,vermelho,heuristica,verde,0,-3,17,80,110,0.7273,0.6000,641,144,357,140
166,457092375,verde,azul,reativa,verde,0,-3,17,110,110,1.0000,0.5000,281,10,271,0
167,1059044347,vermelho,verde,modelo_proposto,azul,0,-3,12,90,120,0.7500,0.0000,291,77,142,72
167,1059044347,vermelho,vermelho,heuristica,azul,0,-3,12,150,120,1.2500,0.0833,492,125,249,118
167,1059044347,vermelho,azul,reativa,azul,1,3,12,30,30,1.0000,0.0000,264,6,258,0
168,281457202,azul,verde,modelo_proposto,vermelho,0,-3,12,90,120,0.7500,0.0000,332,112,145,75
168,281457202,azul,vermelho,heuristica,vermelho,1,3,12,60,0,60.0000,0.0909,524,153,271,100
168,281457202,azul,azul,reativa,vermelho,0,-3,12,90,120,0.7500,0.0000,201,6,195,0
169,1239046820,verde,verde,modelo_proposto,azul,0,-3,13,120,120,1.0000,0.1538,362,108,156,98
169,1239046820,verde,vermelho,heuristica,azul,0,-3,13,90,120,0.7500,0.2222,377,77,227,73
169,1239046820,verde,azul,reativa,azul,1,3,13,30,0,30.0000,0.0000,302,2,300,0
170,461995623,vermelho,verde,modelo_proposto,verde,1,3,21,30,30,1.0000,0.1000,188,29,134,25
170,461995623,vermelho,vermelho,heuristica,verde,0,-3,21,150,120,1.2500,0.3000,739,150,450,139
170,461995623,vermelho,azul,reativa,verde,0,-3,21,90,120,0.7500,0.0000,113,5,108,0
171,1520527385,azul,verde,modelo_proposto,verde,1,3,19,40,90,0.4444,0.2778,276,73,139,64
171,1520527385,azul,vermelho,heuristica,verde,0,-3,19,150,110,1.3636,0.3529,805,234,394,177
171,1520527385,azul,azul,reativa,verde,0,-3,19,120,110,1.0909,0.4118,257,11,246,0
172,681314169,verde,verde,modelo_proposto,vermelho,0,-3,14,90,120,0.7500,0.0000,246,84,87,75
172,681314169,verde,vermelho,heuristica,vermelho,1,3,14,30,0,30.0000,0.0714,380,26,329,25
172,681314169,verde,azul,reativa,vermelho,0,-3,14,120,120,1.0000,0.0000,237,6,231,0
173,1151681641,vermelho,verde,modelo_proposto,vermelho,0,-3,14,100,100,1.0000,0.3077,424,128,183,113
173,1151681641,vermelho,vermelho,heuristica,vermelho,1,3,14,30,0,30.0000,0.0714,408,27,356,25
173,1151681641,vermelho,azul,reativa,vermelho,0,-3,14,70,100,0.7000,0.4444,141,6,135,0
174,915322822,azul,verde,modelo_proposto,vermelho,0,-3,29,90,120,0.7500,0.1667,423,110,213,100
174,915322822,azul,vermelho,heuristica,vermelho,1,3,29,30,30,1.0000,0.0357,650,17,617,16
174,915322822,azul,azul,reativa,vermelho,0,-3,29,150,120,1.2500,0.0714,585,8,577,0
175,1219387384,verde,verde,modelo_proposto,empate,0,-1,100,0,0,0.0000,0.0000,2130,50,2080,0
175,1219387384,verde,vermelho,heuristica,empate,0,-1,100,0,0,0.0000,0.0000,1871,51,1820,0
175,1219387384,verde,azul,reativa,empate,0,-1,100,0,0,0.0000,0.4900,1970,0,1970,0
176,669132441,vermelho,verde,modelo_proposto,verde,1,3,16,30,0,30.0000,0.2000,152,29,98,25
176,669132441,vermelho,vermelho,heuristica,verde,0,-3,16,90,120,0.7500,0.2308,487,81,331,75
176,669132441,vermelho,azul,reativa,verde,0,-3,16,120,120,1.0000,0.0000,252,6,246,0
177,1538008631,azul,verde,modelo_proposto,azul,0,-3,19,120,120,1.0000,0.1111,531,108,323,100
177,1538008631,azul,vermelho,heuristica,azul,0,-3,19,90,120,0.7500,0.2143,552,103,349,100
177,1538008631,azul,azul,reativa,azul,1,3,19,30,0,30.0000,0.0526,440,2,438,0
178,557466564,verde,verde,modelo_proposto,azul,0,-3,21,40,120,0.3333,0.2727,304,78,153,73
178,557466564,verde,vermelho,heuristica,azul,0,-3,21,150,100,1.5000,0.1429,774,136,505,133
178,557466564,verde,azul,reativa,azul,1,3,21,60,30,2.0000,0.0000,474,4,470,0
179,1498413934,vermelho,verde,modelo_proposto,azul,0,-3,13,90,100,0.9000,0.2000,296,119,102,75
179,1498413934,vermelho,vermelho,heuristica,azul,0,-3,13,100,120,0.8333,0.2308,641,166,325,150
179,1498413934,vermelho,azul,reativa,azul,1,3,13,30,0,30.0000,0.1538,296,2,294,0
180,542293507,azul,verde,modelo_proposto,azul,0,-3,17,90,110,0.8182,0.1818,318,105,142,71
180,542293507,azul,vermelho,heuristica,azul,0,-3,17,140,120,1.1667,0.3750,751,207,396,148
180,542293507,azul,azul,reativa,azul,1,3,17,30,30,1.0000,0.3529,401,7,394,0
181,1371703114,verde,verde,modelo_proposto,vermelho,0,-3,17,60,120,0.5000,0.0000,338,79,184,75
181,1371703114,verde,vermelho,heuristica,vermelho,1,3,17,60,60,1.0000,0.0000,494,54,390,50
181,1371703114,verde,azul,reativa,vermelho,0,-3,17,180,120,1.5000,0.0000,259,12,247,0
182,117727943,vermelho,verde,modelo_proposto,verde,1,3,14,30,0,30.0000,0.0000,142,28,90,24
182,117727943,vermelho,vermelho,heuristica,verde,0,-3,14,90,120,0.7500,0.0000,471,103,271,97
182,117727943,vermelho,azul,reativa,verde,0,-3,14,120,120,1.0000,0.0000,230,7,223,0
183,603806591,azul,verde,modelo_proposto,verde,1,3,21,30,30,1.0000,0.1000,235,27,183,25
183,603806591,azul,vermelho,heuristica,verde,0,-3,21,90,120,0.7500,0.0714,546,106,341,99
183,603806591,azul,azul,reativa,verde,0,-3,21,150,120,1.2500,0.1500,365,9,356,0
184,699897077,verde,verde,modelo_proposto,empate,0,-1,100,120,90,1.3333,0.0000,1850,143,1622,85
184,699897077,verde,vermelho,heuristica,empate,0,-1,100,90,120,0.7500,0.0000,466,79,321,66
184,699897077,verde,azul,reativa,empate,0,-1,100,0,0,0.0000,0.0000,1847,47,1800,0
185,519069263,vermelho,verde,modelo_proposto,verde,1,3,15,30,0,30.0000,0.0714,92,2,90,0
185,519069263,vermelho,vermelho,heuristica,verde,0,-3,15,80,110,0.7273,0.1667,539,123,297,119
185,519069263,vermelho,azul,reativa,verde,0,-3,15,110,110,1.0000,0.2857,260,8,252,0
186,1300684724,azul,verde,modelo_proposto,azul,0,-3,13,150,120,1.2500,0.5000,393,121,160,112
186,1300684724,azul,vermelho,heuristica,azul,0,-3,13,60,120,0.5000,0.6667,322,94,140,88
186,1300684724,azul,azul,reativa,azul,1,3,13,60,30,2.0000,0.0000,285,4,281,0
187,1520408512,verde,verde,modelo_proposto,azul,0,-3,45,90,110,0.8182,0.6250,343,108,135,100
187,1520408512,verde,vermelho,heuristica,azul,0,-3,45,110,120,0.9167,0.1778,1286,132,1029,125
187,1520408512,verde,azul,reativa,azul,1,3,45,30,0,30.0000,0.0222,1004,2,1002,0
188,1385646527,vermelho,verde,modelo_proposto,verde,1,3,13,30,30,1.0000,0.0000,114,26,63,25
188,1385646527,vermelho,vermelho,heuristica,verde,0,-3,13,150,120,1.2500,0.0000,610,157,303,150
188,1385646527,vermelho,azul,reativa,verde,0,-3,13,90,120,0.7500,0.0000,80,4,76,0
189,1017835355,azul,verde,modelo_proposto,empate,0,-1,100,0,0,0.0000,0.4949,1915,49,1866,0
189,1017835355,azul,vermelho,heuristica,empate,0,-1,100,0,0,0.0000,0.0000,1518,50,1468,0
189,1017835355,azul,azul,reativa,empate,0,-1,100,0,0,0.0000,0.4700,2438,0,2438,0
190,1799545139,verde,verde,modelo_proposto,azul,0,-3,12,150,120,1.2500,0.0000,443,132,190,121
190,1799545139,verde,vermelho,heuristica,azul,0,-3,12,90,120,0.7500,0.0000,279,79,126,74
190,1799545139,verde,azul,reativa,azul,1,3,12,30,30,1.0000,0.0000,252,3,249,0
191,129883519,vermelho,verde,modelo_proposto,vermelho,0,-3,17,120,110,1.0909,0.6875,521,167,207,147
191,129883519,vermelho,vermelho,heuristica,vermelho,1,3,17,40,10,4.0000,0.1176,501,42,420,39
191,129883519,vermelho,azul,reativa,vermelho,0,-3,17,70,110,0.6364,0.6667,165,8,157,0
192,1102580056,azul,verde,modelo_proposto,verde,1,3,15,30,30,1.0000,0.0000,120,27,68,25
192,1102580056,azul,vermelho,heuristica,verde,0,-3,15,80,100,0.8000,0.2857,300,71,165,64
192,1102580056,azul,azul,reativa,verde,0,-3,15,130,110,1.1818,0.3571,234,8,226,0
193,1554659575,verde,verde,modelo_proposto,azul,0,-3,12,90,120,0.7500,0.1250,250,80,95,75
193,1554659575,verde,vermelho,heuristica,azul,0,-3,12,120,120,1.0000,0.0000,550,122,303,125
193,1554659575,verde,azul,reativa,azul,1,3,12,30,0,30.0000,0.0000,271,3,268,0
194,1156300410,vermelho,verde,modelo_proposto,azul,0,-3,10,100,100,1.0000,0.3333,298,82,141,75
194,1156300410,vermelho,vermelho,heuristica,azul,0,-3,10,70,100,0.7000,0.4000,277,79,123,75
194,1156300410,vermelho,azul,reativa,azul,1,3,10,30,0,30.0000,0.2000,208,2,206,0
195,529621933,azul,verde,modelo_proposto,azul,0,-3,33,90,120,0.7500,0.0000,344,77,194,73
195,529621933,azul,vermelho,heuristica,azul,0,-3,33,120,120,1.0000,0.1250,976,99,783,94
195,529621933,azul,azul,reativa,azul,1,3,33,30,0,30.0000,0.0303,727,2,725,0
196,1734993955,verde,verde,modelo_proposto,empate,0,-1,100,0,0,0.0000,0.0000,2105,50,2055,0
196,1734993955,verde,vermelho,heuristica,empate,0,-1,100,0,0,0.0000,0.0000,2600,0,2600,0
196,1734993955,verde,azul,reativa,empate,0,-1,100,0,0,0.0000,0.0000,2012,49,1963,0
197,178452452,vermelho,verde,modelo_proposto,empate,0,-1,100,0,0,0.0000,0.0000,4255,1176,1998,1081
197,178452452,vermelho,vermelho,heuristica,empate,0,-1,100,0,0,0.0000,0.0200,2130,27,2078,25
197,178452452,vermelho,azul,reativa,empate,0,-1,100,0,0,0.0000,0.0100,2529,0,2529,0
198,521402375,azul,verde,modelo_proposto,vermelho,0,-3,26,150,120,1.2500,0.0400,453,110,249,94
198,521402375,azul,vermelho,heuristica,vermelho,1,3,26,30,30,1.0000,0.0400,616,25,568,23
198,521402375,azul,azul,reativa,vermelho,0,-3,26,90,120,0.7500,0.0000,81,5,76,0
199,105700785,verde,verde,modelo_proposto,verde,1,3,33,30,30,1.0000,0.0909,268,29,214,25
199,105700785,verde,vermelho,heuristica,verde,0,-3,33,90,120,0.7500,0.2632,570,92,393,85
199,105700785,verde,azul,reativa,verde,0,-3,33,150,120,1.2500,0.0625,648,8,640,0
200,2008931110,vermelho,verde,modelo_proposto,azul,0,-3,16,110,100,1.1000,0.2667,511,223,163,125
200,2008931110,vermelho,vermelho,heuristica,azul,0,-3,16,30,100,0.3000,0.1538,515,118,322,75
200,2008931110,vermelho,azul,reativa,azul,1,3,16,130,70,1.8571,0.1875,289,14,275,0
201,1342046878,azul,verde,modelo_proposto,azul,0,-3,22,180,120,1.5000,0.0000,596,157,297,142
201,1342046878,azul,vermelho,heuristica,azul,0,-3,22,60,120,0.5000,0.0000,384,75,240,69
201,1342046878,azul,azul,reativa,azul,1,3,22,60,60,1.0000,0.0000,383,4,379,0
202,953152536,verde,verde,modelo_proposto,azul,0,-3,24,80,110,0.7273,0.3750,217,68,85,64
202,953152536,verde,vermelho,heuristica,azul,0,-3,24,140,110,1.2727,0.2083,785,143,506,136
202,953152536,verde,azul,reativa,azul,1,3,24,30,30,1.0000,0.0833,574,3,571,0
203,1936411928,vermelho,verde,modelo_proposto,vermelho,0,-3,23,60,120,0.5000,0.0000,322,78,174,70
203,1936411928,vermelho,vermelho,heuristica,vermelho,1,3,23,60,30,2.0000,0.0435,579,45,496,38
203,1936411928,vermelho,azul,reativa,vermelho,0,-3,23,150,120,1.2500,0.0455,385,11,374,0
204,1166957166,azul,verde,modelo_proposto,vermelho,0,-3,17,90,120,0.7500,0.1111,350,112,138,100
204,1166957166,azul,vermelho,heuristica,vermelho,1,3,17,30,60,0.5000,0.0000,475,43,382,50
204,1166957166,azul,azul,reativa,vermelho,0,-3,17,180,120,1.5000,0.1875,263,10,253,0
205,1693299176,verde,verde,modelo_proposto,verde,1,3,29,30,0,30.0000,0.0690,271,30,216,25
205,1693299176,verde,vermelho,heuristica,verde,0,-3,29,120,120,1.0000,0.0714,962,158,657,147
205,1693299176,verde,azul,reativa,verde,0,-3,29,90,120,0.7500,0.0000,106,5,101,0
206,1869436229,vermelho,verde,modelo_proposto,vermelho,0,-3,18,120,120,1.0000,0.1176,449,113,236,100
206,1869436229,vermelho,vermelho,heuristica,vermelho,1,3,18,30,0,30.0000,0.1111,611,75,461,75
206,1869436229,vermelho,azul,reativa,vermelho,0,-3,18,90,120,0.7500,0.0909,199,4,195,0
207,145879472,azul,verde,modelo_proposto,empate,0,-1,100,90,120,0.7500,0.0000,410,119,184,107
207,145879472,azul,vermelho,heuristica,empate,0,-1,100,0,0,0.0000,0.0000,2073,76,1954,43
207,145879472,azul,azul,reativa,empate,0,-1,100,120,90,1.3333,0.0100,2015,50,1965,0
208,149114399,verde,verde,modelo_proposto,vermelho,0,-3,19,150,120,1.2500,0.0000,634,159,325,150
208,149114399,verde,vermelho,heuristica,vermelho,1,3,19,30,30,1.0000,0.0000,533,26,482,25
208,149114399,verde,azul,reativa,vermelho,0,-3,19,90,120,0.7500,0.0000,257,5,252,0
209,1683453032,vermelho,verde,modelo_proposto,empate,0,-1,100,0,0,0.0000,0.0000,608,0,608,0
209,1683453032,vermelho,vermelho,heuristica,empate,0,-1,100,0,0,0.0000,0.0100,1345,50,1295,0
209,1683453032,vermelho,azul,reativa,empate,0,-1,100,0,0,0.0000,0.0000,1816,50,1766,0
210,1180105192,azul,verde,modelo_proposto,vermelho,0,-3,25,120,120,1.0000,0.0000,568,123,331,114
210,1180105192,azul,vermelho,heuristica,vermelho,1,3,25,30,0,30.0000,0.0000,635,68,499,68
210,1180105192,azul,azul,reativa,vermelho,0,-3,25,90,120,0.7500,0.0000,173,7,166,0
211,706502710,verde,verde,modelo_proposto,azul,0,-3,15,90,120,0.7500,0.1250,248,78,95,75
211,706502710,verde,vermelho,heuristica,azul,0,-3,15,120,120,1.0000,0.1333,653,154,350,149
211,706502710,verde,azul,reativa,azul,1,3,15,30,0,30.0000,0.0667,330,2,328,0
212,1552000050,vermelho,verde,modelo_proposto,empate,0,-1,100,120,90,1.3333,0.0000,4476,1051,2300,1125
212,1552000050,vermelho,vermelho,heuristica,empate,0,-1,100,90,120,0.7500,0.0000,585,100,385,100
212,1552000050,vermelho,azul,reativa,empate,0,-1,100,0,0,0.0000,0.0300,2509,0,2509,0
213,1627387955,azul,verde,modelo_proposto,verde,1,3,14,30,0,30.0000,0.0000,62,2,60,0
213,1627387955,azul,vermelho,heuristica,verde,0,-3,14,90,120,0.7500,0.1250,283,59,171,53
213,1627387955,azul,azul,reativa,verde,0,-3,14,120,120,1.0000,0.1538,215,7,208,0
214,692168545,verde,verde,modelo_proposto,vermelho,0,-3,23,90,120,0.7500,0.0000,302,83,144,75
214,692168545,verde,vermelho,heuristica,vermelho,1,3,23,30,30,1.0000,0.0000,607,51,506,50
214,692168545,verde,azul,reativa,vermelho,0,-3,23,150,120,1.2500,0.0000,440,9,431,0
215,1117255669,vermelho,verde,modelo_proposto,verde,1,3,10,30,0,30.0000,0.2222,56,2,54,0
215,1117255669,vermelho,vermelho,heuristica,verde,0,-3,10,90,120,0.7500,0.0000,423,113,198,112
215,1117255669,vermelho,azul,reativa,verde,0,-3,10,120,120,1.0000,0.0000,121,7,114,0
216,1291571188,azul,verde,modelo_proposto,vermelho,0,-3,18,90,120,0.7500,0.0000,293,85,138,70
216,1291571188,azul,vermelho,heuristica,vermelho,1,3,18,120,90,1.3333,0.0000,536,105,334,97
216,1291571188,azul,azul,reativa,vermelho,0,-3,18,120,120,1.0000,0.0000,210,9,201,0
217,1835059891,verde,verde,modelo_proposto,verde,1,3,12,30,30,1.0000,0.0000,121,27,70,24
217,1835059891,verde,vermelho,heuristica,verde,0,-3,12,150,120,1.2500,0.0000,635,183,277,175
217,1835059891,verde,azul,reativa,verde,0,-3,12,90,120,0.7500,0.0000,56,5,51,0
218,770527005,vermelho,verde,modelo_proposto,azul,0,-3,24,30,100,0.3000,0.3750,274,85,114,75
218,770527005,vermelho,vermelho,heuristica,azul,0,-3,24,190,120,1.5833,0.2083,867,174,530,163
218,770527005,vermelho,azul,reativa,azul,1,3,24,90,90,1.0000,0.0417,481,4,477,0
219,1839775962,azul,verde,modelo_proposto,vermelho,0,-3,18,120,120,1.0000,0.0588,559,136,298,125
219,1839775962,azul,vermelho,heuristica,vermelho,1,3,18,30,0,30.0000,0.2353,515,52,413,50
219,1839775962,azul,azul,reativa,vermelho,0,-3,18,90,120,0.7500,0.0000,184,5,179,0
220,786723664,verde,verde,modelo_proposto,azul,0,-3,21,120,120,1.0000,0.0476,472,104,272,96
220,786723664,verde,vermelho,heuristica,azul,0,-3,21,90,120,0.7500,0.0000,472,90,289,93
220,786723664,verde,azul,reativa,azul,1,3,21,30,0,30.0000,0.0952,493,2,491,0
221,1984655043,vermelho,verde,modelo_proposto,empate,0,-1,100,120,90,1.3333,0.0000,1893,111,1684,98
221,1984655043,vermelho,vermelho,heuristica,empate,0,-1,100,0,0,0.0000,0.0100,1533,0,1533,0
221,1984655043,vermelho,azul,reativa,empate,0,-1,100,90,120,0.7500,0.0000,183,5,178,0
222,2038087983,azul,verde,modelo_proposto,vermelho,0,-3,26,120,120,1.0000,0.0400,523,140,258,125
222,2038087983,azul,vermelho,heuristica,vermelho,1,3,26,30,0,30.0000,0.0000,667,45,576,46
222,2038087983,azul,azul,reativa,vermelho,0,-3,26,90,120,0.7500,0.0000,106,5,101,0
223,24191029,verde,verde,modelo_proposto,azul,0,-3,20,60,120,0.5000,0.1667,262,80,107,75
223,24191029,verde,vermelho,heuristica,azul,0,-3,20,180,120,1.5000,0.0000,780,159,468,153
223,24191029,verde,azul,reativa,azul,1,3,20,60,60,1.0000,0.0000,428,2,426,0
224,1641540538,vermelho,verde,modelo_proposto,vermelho,0,-3,8,120,120,1.0000,0.0000,345,113,132,100
224,1641540538,vermelho,vermelho,heuristica,vermelho,1,3,8,30,0,30.0000,0.2500,244,27,192,25
224,1641540538,vermelho,azul,reativa,vermelho,0,-3,8,90,120,0.7500,0.0000,107,4,103,0
225,951702792,azul,verde,modelo_proposto,vermelho,0,-3,14,150,120,1.2500,0.0000,589,165,274,150
225,951702792,azul,vermelho,heuristica,vermelho,1,3,14,30,30,1.0000,0.0000,380,28,327,25
225,951702792,azul,azul,reativa,vermelho,0,-3,14,90,120,0.7500,0.0000,81,5,76,0
226,675296008,verde,verde,modelo_proposto,azul,0,-3,21,120,120,1.0000,0.0476,627,156,316,155
226,675296008,verde,vermelho,heuristica,azul,0,-3,21,90,120,0.7500,0.0000,307,90,132,85
226,675296008,verde,azul,reativa,azul,1,3,21,30,0,30.0000,0.0476,482,2,480,0
227,559324355,vermelho,verde,modelo_proposto,vermelho,0,-3,24,120,120,1.0000,0.0000,582,136,322,124
227,559324355,vermelho,vermelho,heuristica,vermelho,1,3,24,30,0,30.0000,0.0417,493,25,446,22
227,559324355,vermelho,azul,reativa,vermelho,0,-3,24,90,120,0.7500,0.0000,184,5,179,0
228,981530121,azul,verde,modelo_proposto,vermelho,0,-3,16,60,120,0.5000,0.0000,246,69,105,72
228,981530121,azul,vermelho,heuristica,vermelho,1,3,16,60,90,0.6667,0.1333,491,73,348,70
228,981530121,azul,azul,reativa,vermelho,0,-3,16,210,120,1.7500,0.1333,209,17,192,0
229,1656250677,verde,verde,modelo_proposto,verde,1,3,16,10,60,0.1667,0.3750,359,51,262,46
229,1656250677,verde,vermelho,heuristica,verde,0,-3,16,120,120,1.0000,0.4167,525,151,264,110
229,1656250677,verde,azul,reativa,verde,0,-3,16,150,100,1.5000,0.2667,248,13,235,0
230,207735304,vermelho,verde,modelo_proposto,verde,1,3,15,30,30,1.0000,0.0000,136,24,91,21
230,207735304,vermelho,vermelho,heuristica,verde,0,-3,15,90,120,0.7500,0.0000,477,129,223,125
230,207735304,vermelho,azul,reativa,verde,0,-3,15,150,120,1.2500,0.0000,226,8,218,0
231,989711541,azul,verde,modelo_proposto,vermelho,0,-3,23,120,120,1.0000,0.1364,781,183,423,175
231,989711541,azul,vermelho,heuristica,vermelho,1,3,23,30,0,30.0000,0.1818,584,27,532,25
231,989711541,azul,azul,reativa,vermelho,0,-3,23,90,120,0.7500,0.0000,287,5,282,0
232,1444584449,verde,verde,modelo_proposto,azul,0,-3,17,120,120,1.0000,0.1176,486,108,278,100
232,1444584449,verde,vermelho,heuristica,azul,0,-3,17,90,120,0.7500,0.0833,498,95,303,100
232,1444584449,verde,azul,reativa,azul,1,3,17,30,0,30.0000,0.0000,412,2,410,0
233,594435942,vermelho,verde,modelo_proposto,azul,0,-3,19,120,120,1.0000,0.0556,439,107,232,100
233,594435942,vermelho,vermelho,heuristica,azul,0,-3,19,90,120,0.7500,0.1111,433,105,228,100
233,594435942,vermelho,azul,reativa,azul,1,3,19,30,0,30.0000,0.0000,341,2,339,0
234,1488348715,azul,verde,modelo_proposto,verde,1,3,14,30,30,1.0000,0.2308,132,19,96,17
234,1488348715,azul,vermelho,heuristica,verde,0,-3,14,90,120,0.7500,0.0000,483,106,277,100
234,1488348715,azul,azul,reativa,verde,0,-3,14,150,120,1.2500,0.0000,212,8,204,0
235,15411380,verde,verde,modelo_proposto,vermelho,0,-3,17,120,120,1.0000,0.0000,354,93,182,79
235,15411380,verde,vermelho,heuristica,vermelho,1,3,17,30,0,30.0000,0.0000,507,44,413,50
235,15411380,verde,azul,reativa,vermelho,0,-3,17,90,120,0.7500,0.0000,211,5,206,0
236,893382118,vermelho,verde,modelo_proposto,verde,1,3,14,30,0,30.0000,0.1538,190,30,135,25
236,893382118,vermelho,vermelho,heuristica,verde,0,-3,14,120,120,1.0000,0.0000,539,108,331,100
236,893382118,vermelho,azul,reativa,verde,0,-3,14,90,120,0.7500,0.0000,109,6,103,0
237,829102571,azul,verde,modelo_proposto,vermelho,0,-3,19,120,120,1.0000,0.0556,409,114,195,100
237,829102571,azul,vermelho,heuristica,vermelho,1,3,19,30,0,30.0000,0.0000,510,45,422,43
237,829102571,azul,azul,reativa,vermelho,0,-3,19,90,120,0.7500,0.0000,107,6,101,0
238,1104959249,verde,verde,modelo_proposto,azul,0,-3,23,90,110,0.8182,0.0769,309,81,153,75
238,1104959249,verde,vermelho,heuristica,azul,0,-3,23,110,120,0.9167,0.1739,833,141,548,144
238,1104959249,verde,azul,reativa,azul,1,3,23,30,0,30.0000,0.0435,538,4,534,0
239,436567940,vermelho,verde,modelo_proposto,verde,1,3,10,30,0,30.0000,0.0000,219,33,161,25
239,436567940,vermelho,vermelho,heuristica,verde,0,-3,10,120,120,1.0000,0.0000,470,128,219,123
239,436567940,vermelho,azul,reativa,verde,0,-3,10,90,120,0.7500,0.0000,58,6,52,0
240,314003729,azul,verde,modelo_proposto,verde,1,3,16,60,0,60.0000,0.0000,247,84,114,49
240,314003729,azul,vermelho,heuristica,verde,0,-3,16,90,120,0.7500,0.0769,443,92,261,90
240,314003729,azul,azul,reativa,verde,0,-3,16,90,120,0.7500,0.0000,253,5,248,0
241,334422033,verde,verde,modelo_proposto,vermelho,0,-3,10,90,120,0.7500,0.1000,407,123,193,91
241,334422033,verde,vermelho,heuristica,vermelho,1,3,10,60,0,60.0000,0.0000,360,53,257,50
241,334422033,verde,azul,reativa,vermelho,0,-3,10,90,120,0.7500,0.0000,126,6,120,0
242,251380444,vermelho,verde,modelo_proposto,empate,0,-1,100,120,90,1.3333,0.0101,823,84,667,72
242,251380444,vermelho,vermelho,heuristica,empate,0,-1,100,0,0,0.0000,0.0000,1308,44,1264,0
242,251380444,vermelho,azul,reativa,empate,0,-1,100,90,120,0.7500,0.0000,82,5,77,0
243,1102806774,azul,verde,modelo_proposto,azul,0,-3,37,140,120,1.1667,0.0556,571,120,342,109
243,1102806774,azul,vermelho,heuristica,azul,0,-3,37,90,110,0.8182,0.2857,331,88,160,83
243,1102806774,azul,azul,reativa,azul,1,3,37,30,30,1.0000,0.0000,511,3,508,0
244,1761145918,verde,verde,modelo_proposto,vermelho,0,-3,48,120,120,1.0000,0.1042,889,190,526,173
244,1761145918,verde,vermelho,heuristica,vermelho,1,3,48,30,0,30.0000,0.0000,1003,43,911,49
244,1761145918,verde,azul,reativa,vermelho,0,-3,48,90,120,0.7500,0.4615,210,8,202,0
245,1986957636,vermelho,verde,modelo_proposto,vermelho,0,-3,19,120,120,1.0000,0.0000,412,105,220,87
245,1986957636,vermelho,vermelho,heuristica,vermelho,1,3,19,30,0,30.0000,0.0000,456,30,403,23
245,1986957636,vermelho,azul,reativa,vermelho,0,-3,19,90,120,0.7500,0.0000,278,6,272,0
246,1517405042,azul,verde,modelo_proposto,azul,0,-3,22,90,120,0.7500,0.0000,352,80,197,75
246,1517405042,azul,vermelho,heuristica,azul,0,-3,22,120,120,1.0000,0.0000,794,145,508,141
246,1517405042,azul,azul,reativa,azul,1,3,22,30,0,30.0000,0.0000,505,2,503,0
247,286550506,verde,verde,modelo_proposto,empate,0,-1,100,0,0,0.0000,0.9400,3751,992,1863,896
247,286550506,verde,vermelho,heuristica,empate,0,-1,100,0,0,0.0000,0.4700,2019,1,2018,0
247,286550506,verde,azul,reativa,empate,0,-1,100,0,0,0.0000,0.0200,2318,0,2318,0
248,137304799,vermelho,verde,modelo_proposto,azul,0,-3,12,90,120,0.7500,0.0000,242,79,89,74
248,137304799,vermelho,vermelho,heuristica,azul,0,-3,12,150,120,1.2500,0.1667,502,118,272,112
248,137304799,vermelho,azul,reativa,azul,1,3,12,30,30,1.0000,0.0000,271,2,269,0
249,705417887,azul,verde,modelo_proposto,verde,1,3,14,30,30,1.0000,0.0000,236,32,179,25
249,705417887,azul,vermelho,heuristica,verde,0,-3,14,90,120,0.7500,0.0000,506,128,278,100
249,705417887,azul,azul,reativa,verde,0,-3,14,150,120,1.2500,0.0000,214,12,202,0
250,726116545,verde,verde,modelo_proposto,azul,0,-3,15,60,100,0.6000,0.2308,212,56,107,49
250,726116545,verde,vermelho,heuristica,azul,0,-3,15,120,100,1.2000,0.3333,700,193,364,143
250,726116545,verde,azul,reativa,azul,1,3,15,100,80,1.2500,0.2667,269,14,255,0
251,1291141008,vermelho,verde,modelo_proposto,azul,0,-3,25,90,120,0.7500,0.0000,344,103,145,96
251,1291141008,vermelho,vermelho,heuristica,azul,0,-3,25,150,120,1.2500,0.0000,909,167,581,161
251,1291141008,vermelho,azul,reativa,azul,1,3,25,30,30,1.0000,0.0000,561,3,558,0
252,397193934,azul,verde,modelo_proposto,verde,1,3,19,90,60,1.5000,0.2778,620,194,301,125
252,397193934,azul,vermelho,heuristica,verde,0,-3,19,60,120,0.5000,0.0588,608,97,415,96
252,397193934,azul,azul,reativa,verde,0,-3,19,150,120,1.2500,0.2143,225,12,213,0
253,214387698,verde,verde,modelo_proposto,empate,0,-1,100,120,90,1.3333,0.0100,1440,88,1277,75
253,214387698,verde,vermelho,heuristica,empate,0,-1,100,0,0,0.0000,0.0000,1212,0,1212,0
253,214387698,verde,azul,reativa,empate,0,-1,100,90,120,0.7500,0.0000,152,5,147,0
254,2132358912,vermelho,verde,modelo_proposto,empate,0,-1,100,0,0,0.0000,0.0000,1955,50,1905,0
254,2132358912,vermelho,vermelho,heuristica,empate,0,-1,100,0,0,0.0000,0.0000,2060,49,2011,0
254,2132358912,vermelho,azul,reativa,empate,0,-1,100,0,0,0.0000,0.0100,2582,0,2582,0
255,58356795,azul,verde,modelo_proposto,empate,0,-1,100,0,0,0.0000,0.0101,2144,49,2095,0
255,58356795,azul,vermelho,heuristica,empate,0,-1,100,0,0,0.0000,0.0101,2409,0,2409,0
255,58356795,azul,azul,reativa,empate,0,-1,100,0,0,0.0000,0.0000,2064,50,2014,0
256,1589790228,verde,verde,modelo_proposto,verde,1,3,19,30,30,1.0000,0.1579,267,29,213,25
256,1589790228,verde,vermelho,heuristica,verde,0,-3,19,90,120,0.7500,0.0000,500,97,303,100
256,1589790228,verde,azul,reativa,verde,0,-3,19,150,120,1.2500,0.0000,339,10,329,0
257,435970243,vermelho,verde,modelo_proposto,empate,0,-1,100,60,120,0.5000,0.6429,469,136,208,125
257,435970243,vermelho,vermelho,heuristica,empate,0,-1,100,120,60,2.0000,0.0900,1900,187,1568,145
257,435970243,vermelho,azul,reativa,empate,0,-1,100,0,0,0.0000,0.0100,2183,40,2143,0
258,1527342900,azul,verde,modelo_proposto,vermelho,0,-3,15,90,120,0.7500,0.0000,387,102,189,96
258,1527342900,azul,vermelho,heuristica,vermelho,1,3,15,30,0,30.0000,0.0714,548,109,340,99
258,1527342900,azul,azul,reativa,vermelho,0,-3,15,120,120,1.0000,0.0000,251,7,244,0
259,1108040743,verde,verde,modelo_proposto,verde,1,3,26,30,30,1.0000,0.0385,205,17,172,16
259,1108040743,verde,vermelho,heuristica,verde,0,-3,26,150,120,1.2500,0.0800,946,169,611,166
259,1108040743,verde,azul,reativa,verde,0,-3,26,90,120,0.7500,0.1667,232,4,228,0
260,1006993171,vermelho,verde,modelo_proposto,vermelho,0,-3,22,90,120,0.7500,0.1667,252,83,96,73
260,1006993171,vermelho,vermelho,heuristica,vermelho,1,3,22,30,0,30.0000,0.0455,550,29,497,24
260,1006993171,vermelho,azul,reativa,vermelho,0,-3,22,120,120,1.0000,0.0476,374,9,365,0
261,275007496,azul,verde,modelo_proposto,verde,1,3,16,30,0,30.0000,0.0000,151,29,97,25
261,275007496,azul,vermelho,heuristica,verde,0,-3,16,90,120,0.7500,0.0000,494,102,295,97
261,275007496,azul,azul,reativa,verde,0,-3,16,120,120,1.0000,0.0000,281,7,274,0
262,1290417309,verde,verde,modelo_proposto,azul,0,-3,11,90,120,0.7500,0.0000,246,80,91,75
262,1290417309,verde,vermelho,heuristica,azul,0,-3,11,120,120,1.0000,0.0000,479,106,273,100
262,1290417309,verde,azul,reativa,azul,1,3,11,30,0,30.0000,0.0000,226,3,223,0
263,1970741504,vermelho,verde,modelo_proposto,azul,0,-3,11,90,120,0.7500,0.0000,269,79,115,75
263,1970741504,vermelho,vermelho,heuristica,azul,0,-3,11,120,120,1.0000,0.0909,523,122,276,125
263,1970741504,vermelho,azul,reativa,azul,1,3,11,30,0,30.0000,0.0909,248,2,246,0
264,432544778,azul,verde,modelo_proposto,azul,0,-3,23,90,100,0.9000,0.1111,190,60,76,54
264,432544778,azul,vermelho,heuristica,azul,0,-3,23,130,120,1.0833,0.1364,769,128,519,122
264,432544778,azul,azul,reativa,azul,1,3,23,30,30,1.0000,0.1304,503,2,501,0
265,1532962704,verde,verde,modelo_proposto,azul,0,-3,21,90,120,0.7500,0.0000,250,80,95,75
265,1532962704,verde,vermelho,heuristica,azul,0,-3,21,150,120,1.2500,0.0952,797,139,517,141
265,1532962704,verde,azul,reativa,azul,1,3,21,30,30,1.0000,0.0476,483,2,481,0
266,1798660105,vermelho,verde,modelo_proposto,vermelho,0,-3,24,150,120,1.2500,0.0000,754,178,413,163
266,1798660105,vermelho,vermelho,heuristica,vermelho,1,3,24,30,30,1.0000,0.0417,696,67,556,73
266,1798660105,vermelho,azul,reativa,vermelho,0,-3,24,90,120,0.7500,0.0000,298,4,294,0
267,358080245,azul,verde,modelo_proposto,verde,1,3,12,30,0,30.0000,0.0000,132,29,79,24
267,358080245,azul,vermelho,heuristica,verde,0,-3,12,120,120,1.0000,0.0000,397,92,224,81
267,358080245,azul,azul,reativa,verde,0,-3,12,90,120,0.7500,0.0000,97,4,93,0
268,1943115339,verde,verde,modelo_proposto,vermelho,0,-3,17,90,120,0.7500,0.0000,206,67,82,57
268,1943115339,verde,vermelho,heuristica,vermelho,1,3,17,30,60,0.5000,0.0000,646,139,390,117
268,1943115339,verde,azul,reativa,vermelho,0,-3,17,180,120,1.5000,0.0000,241,13,228,0
269,477278850,vermelho,verde,modelo_proposto,vermelho,0,-3,16,60,120,0.5000,0.2500,261,69,128,64
269,477278850,vermelho,vermelho,heuristica,vermelho,1,3,16,60,60,1.0000,0.0000,517,53,414,50
269,477278850,vermelho,azul,reativa,vermelho,0,-3,16,180,120,1.5000,0.3333,223,12,211,0
270,522803334,azul,verde,modelo_proposto,azul,0,-3,16,90,120,0.7500,0.0000,266,79,112,75
270,522803334,azul,vermelho,heuristica,azul,0,-3,16,120,120,1.0000,0.1333,605,118,366,121
270,522803334,azul,azul,reativa,azul,1,3,16,30,0,30.0000,0.1875,360,2,358,0
271,1159399617,verde,verde,modelo_proposto,empate,0,-1,100,0,0,0.0000,0.0000,1961,48,1913,0
271,1159399617,verde,vermelho,heuristica,empate,0,-1,100,0,0,0.0000,0.0000,1662,0,1662,0
271,1159399617,verde,azul,reativa,empate,0,-1,100,0,0,0.0000,0.0000,1676,50,1626,0
272,1955071387,vermelho,verde,modelo_proposto,empate,0,-1,100,120,90,1.3333,0.0101,1353,131,1102,120
272,1955071387,vermelho,vermelho,heuristica,empate,0,-1,100,90,120,0.7500,0.0000,355,104,151,100
272,1955071387,vermelho,azul,reativa,empate,0,-1,100,0,0,0.0000,0.0000,1636,1,1635,0
273,2082054462,azul,verde,modelo_proposto,vermelho,0,-3,21,150,120,1.2500,0.1000,673,169,354,150
273,2082054462,azul,vermelho,heuristica,vermelho,1,3,21,30,30,1.0000,0.0500,540,29,486,25
273,2082054462,azul,azul,reativa,vermelho,0,-3,21,90,120,0.7500,0.0769,259,5,254,0
274,616255602,verde,verde,modelo_proposto,verde,1,3,15,30,60,0.5000,0.0000,215,51,114,50
274,616255602,verde,vermelho,heuristica,verde,0,-3,15,90,120,0.7500,0.0000,343,79,192,72
274,616255602,verde,azul,reativa,verde,0,-3,15,180,120,1.5000,0.0000,202,11,191,0
275,330685898,vermelho,verde,modelo_proposto,azul,0,-3,14,150,100,1.5000,0.1538,432,135,175,122
275,330685898,vermelho,vermelho,heuristica,azul,0,-3,14,70,120,0.5833,0.3000,450,105,245,100
275,330685898,vermelho,azul,reativa,azul,1,3,14,30,30,1.0000,0.0000,295,2,293,0
276,293034207,azul,verde,modelo_proposto,verde,1,3,13,30,30,1.0000,0.0000,138,29,84,25
276,293034207,azul,vermelho,heuristica,verde,0,-3,13,150,120,1.2500,0.0000,578,160,270,148
276,293034207,azul,azul,reativa,verde,0,-3,13,90,120,0.7500,0.0000,82,6,76,0
277,1726906955,verde,verde,modelo_proposto,vermelho,0,-3,21,100,100,1.0000,0.2381,686,184,328,174
277,1726906955,verde,vermelho,heuristica,vermelho,1,3,21,30,0,30.0000,0.1429,540,28,487,25
277,1726906955,verde,azul,reativa,vermelho,0,-3,21,70,100,0.7000,0.5714,107,6,101,0
278,652899206,vermelho,verde,modelo_proposto,vermelho,0,-3,18,150,120,1.2500,0.3529,571,168,253,150
278,652899206,vermelho,vermelho,heuristica,vermelho,1,3,18,30,30,1.0000,0.3333,701,124,453,124
278,652899206,vermelho,azul,reativa,vermelho,0,-3,18,90,120,0.7500,0.0000,313,12,301,0
279,1775053101,azul,verde,modelo_proposto,vermelho,0,-3,24,60,100,0.6000,0.2222,272,79,118,75
279,1775053101,azul,vermelho,heuristica,vermelho,1,3,24,50,20,2.5000,0.1739,682,95,497,90
279,1775053101,azul,azul,reativa,vermelho,0,-3,24,120,110,1.0909,0.0870,454,10,444,0
280,1138206718,verde,verde,modelo_proposto,vermelho,0,-3,13,120,120,1.0000,0.0000,316,86,155,75
280,1138206718,verde,vermelho,heuristica,vermelho,1,3,13,30,0,30.0000,0.0000,334,19,298,17
280,1138206718,verde,azul,reativa,vermelho,0,-3,13,90,120,0.7500,0.0000,159,4,155,0
281,1154859730,vermelho,verde,modelo_proposto,verde,1,3,12,30,30,1.0000,0.0000,115,28,62,25
281,1154859730,vermelho,vermelho,heuristica,verde,0,-3,12,90,120,0.7500,0.2500,455,129,201,125
281,1154859730,vermelho,azul,reativa,verde,0,-3,12,150,120,1.2500,0.0000,156,8,148,0
282,1853518004,azul,verde,modelo_proposto,azul,0,-3,13,120,120,1.0000,0.0000,317,75,174,68
282,1853518004,azul,vermelho,heuristica,azul,0,-3,13,90,120,0.7500,0.0000,375,89,197,89
282,1853518004,azul,azul,reativa,azul,1,3,13,30,0,30.0000,0.0000,302,2,300,0
283,556386123,verde,verde,modelo_proposto,azul,0,-3,43,90,120,0.7500,0.0909,248,75,101,72
283,556386123,verde,vermelho,heuristica,azul,0,-3,43,120,120,1.0000,0.0465,1086,113,853,120
283,556386123,verde,azul,reativa,azul,1,3,43,30,0,30.0000,0.0465,936,3,933,0
284,884053951,vermelho,verde,modelo_proposto,vermelho,0,-3,26,90,120,0.7500,0.0000,273,84,114,75
284,884053951,vermelho,vermelho,heuristica,vermelho,1,3,26,30,0,30.0000,0.0769,712,44,618,50
284,884053951,vermelho,azul,reativa,vermelho,0,-3,26,120,120,1.0000,0.0000,538,6,532,0
285,1520719184,azul,verde,modelo_proposto,empate,0,-1,100,0,0,0.0000,0.0000,2023,45,1978,0
285,1520719184,azul,vermelho,heuristica,empate,0,-1,100,0,0,0.0000,0.0101,2064,60,1979,25
285,1520719184,azul,azul,reativa,empate,0,-1,100,0,0,0.0000,0.0000,2592,1,2591,0
286,1349709110,verde,verde,modelo_proposto,vermelho,0,-3,12,150,120,1.2500,0.0833,477,141,212,124
286,1349709110,verde,vermelho,heuristica,vermelho,1,3,12,30,30,1.0000,0.0000,324,27,273,24
286,1349709110,verde,azul,reativa,vermelho,0,-3,12,90,120,0.7500,0.0000,105,5,100,0
287,1449566124,vermelho,verde,modelo_proposto,verde,1,3,19,30,30,1.0000,0.0000,160,28,107,25
287,1449566124,vermelho,vermelho,heuristica,verde,0,-3,19,90,120,0.7500,0.0000,508,104,305,99
287,1449566124,vermelho,azul,reativa,verde,0,-3,19,150,120,1.2500,0.1111,336,9,327,0
288,546701403,azul,verde,modelo_proposto,verde,1,3,18,30,0,30.0000,0.0000,136,21,99,16
288,546701403,azul,vermelho,heuristica,verde,0,-3,18,120,120,1.0000,0.1875,549,118,319,112
288,546701403,azul,azul,reativa,verde,0,-3,18,90,120,0.7500,0.0714,187,3,184,0
289,1544369877,verde,verde,modelo_proposto,azul,0,-3,15,80,100,0.8000,0.3333,420,109,212,99
289,1544369877,verde,vermelho,heuristica,azul,0,-3,15,100,110,0.9091,0.4000,653,154,353,146
289,1544369877,verde,azul,reativa,azul,1,3,15,30,0,30.0000,0.0000,350,3,347,0
290,531010709,vermelho,verde,modelo_proposto,vermelho,0,-3,17,90,120,0.7500,0.6000,241,83,83,75
290,531010709,vermelho,vermelho,heuristica,vermelho,1,3,17,10,30,0.3333,0.2353,553,70,413,70
290,531010709,vermelho,azul,reativa,vermelho,0,-3,17,150,100,1.5000,0.1875,249,13,236,0
291,53123547,azul,verde,modelo_proposto,azul,0,-3,23,30,120,0.2500,0.2727,368,66,229,73
291,53123547,azul,vermelho,heuristica,azul,0,-3,23,60,120,0.5000,0.1364,731,96,535,100
291,53123547,azul,azul,reativa,azul,1,3,23,240,90,2.6667,0.1739,365,18,347,0
292,231262719,verde,verde,modelo_proposto,vermelho,0,-3,30,120,120,1.0000,0.1000,557,126,312,119
292,231262719,verde,vermelho,heuristica,vermelho,1,3,30,30,0,30.0000,0.2000,861,69,718,74
292,231262719,verde,azul,reativa,vermelho,0,-3,30,90,120,0.7500,0.0385,522,3,519,0
293,662711743,vermelho,verde,modelo_proposto,verde,1,3,16,90,60,1.5000,0.1333,346,111,163,72
293,662711743,vermelho,vermelho,heuristica,verde,0,-3,16,90,120,0.7500,0.0667,582,134,373,75
293,662711743,vermelho,azul,reativa,verde,0,-3,16,120,120,1.0000,0.0000,231,15,216,0
294,842140641,azul,verde,modelo_proposto,azul,0,-3,10,120,120,1.0000,0.0000,285,79,134,72
294,842140641,azul,vermelho,heuristica,azul,0,-3,10,90,120,0.7500,0.0000,251,72,111,68
294,842140641,azul,azul,reativa,azul,1,3,10,30,0,30.0000,0.0000,226,2,224,0
295,1252927648,verde,verde,modelo_proposto,azul,0,-3,13,120,120,1.0000,0.0769,310,82,153,75
295,1252927648,verde,vermelho,heuristica,azul,0,-3,13,90,120,0.7500,0.0000,334,79,180,75
295,1252927648,verde,azul,reativa,azul,1,3,13,30,0,30.0000,0.0000,300,2,298,0
296,488546147,vermelho,verde,modelo_proposto,azul,0,-3,11,90,120,0.7500,0.0000,208,67,79,62
296,488546147,vermelho,vermelho,heuristica,azul,0,-3,11,120,120,1.0000,0.0000,431,91,254,86
296,488546147,vermelho,azul,reativa,azul,1,3,11,30,0,30.0000,0.0000,253,6,247,0
297,1093134130,azul,verde,modelo_proposto,azul,0,-3,9,90,120,0.7500,0.0000,219,69,85,65
297,1093134130,azul,vermelho,heuristica,azul,0,-3,9,120,120,1.0000,0.0000,474,160,183,131
297,1093134130,azul,azul,reativa,azul,1,3,9,30,0,30.0000,0.0000,210,6,204,0
298,856898793,verde,verde,modelo_proposto,verde,1,3,11,30,20,1.5000,0.1818,133,29,79,25
298,856898793,verde,vermelho,heuristica,verde,0,-3,11,140,120,1.1667,0.0000,554,158,249,147
298,856898793,verde,azul,reativa,verde,0,-3,11,90,120,0.7500,0.0000,73,5,68,0
299,679112036,vermelho,verde,modelo_proposto,verde,1,3,19,30,30,1.0000,0.1111,186,30,131,25
299,679112036,vermelho,vermelho,heuristica,verde,0,-3,19,150,120,1.2500,0.2778,739,166,414,159
299,679112036,vermelho,azul,reativa,verde,0,-3,19,90,120,0.7500,0.0000,235,3,232,0
300,79218301,azul,verde,modelo_proposto,azul,0,-3,18,120,100,1.2000,0.1176,362,103,163,96
300,79218301,azul,vermelho,heuristica,azul,0,-3,18,70,120,0.5833,0.5714,347,94,159,94
300,79218301,azul,azul,reativa,azul,1,3,18,30,0,30.0000,0.0556,327,2,325,0
301,1425715911,verde,verde,modelo_proposto,verde,1,3,16,30,30,1.0000,0.0625,127,25,80,22
301,1425715911,verde,vermelho,heuristica,verde,0,-3,16,90,120,0.7500,0.0833,442,81,287,74
301,1425715911,verde,azul,reativa,verde,0,-3,16,150,120,1.2500,0.0000,236,9,227,0
302,324304472,vermelho,verde,modelo_proposto,verde,1,3,15,60,60,1.0000,0.0714,193,54,92,47
302,324304472,vermelho,vermelho,heuristica,verde,0,-3,15,60,120,0.5000,0.0000,433,96,246,91
302,324304472,vermelho,azul,reativa,verde,0,-3,15,180,120,1.5000,0.0000,200,11,189,0
303,1492864929,azul,verde,modelo_proposto,verde,1,3,14,30,0,30.0000,0.0769,183,7,176,0
303,1492864929,azul,vermelho,heuristica,verde,0,-3,14,120,120,1.0000,0.0000,625,173,302,150
303,1492864929,azul,azul,reativa,verde,0,-3,14,90,120,0.7500,0.0000,234,6,228,0
304,1121729027,verde,verde,modelo_proposto,vermelho,0,-3,28,90,120,0.7500,0.0556,453,102,254,97
304,1121729027,verde,vermelho,heuristica,vermelho,1,3,28,30,0,30.0000,0.0000,692,27,640,25
304,1121729027,verde,azul,reativa,vermelho,0,-3,28,120,120,1.0000,0.0000,576,7,569,0
305,329186859,vermelho,verde,modelo_proposto,empate,0,-1,100,120,90,1.3333,0.0505,1660,170,1377,113
305,329186859,vermelho,vermelho,heuristica,empate,0,-1,100,0,0,0.0000,0.0100,1946,1,1945,0
305,329186859,vermelho,azul,reativa,empate,0,-1,100,90,120,0.7500,0.1765,301,7,294,0
306,947366636,azul,verde,modelo_proposto,vermelho,0,-3,33,90,120,0.7500,0.0714,253,78,106,69
306,947366636,azul,vermelho,heuristica,vermelho,1,3,33,30,0,30.0000,0.0625,694,19,659,16
306,947366636,azul,azul,reativa,vermelho,0,-3,33,120,120,1.0000,0.0938,673,7,666,0
307,1818107138,verde,verde,modelo_proposto,azul,0,-3,27,120,110,1.0909,0.1111,500,121,264,115
307,1818107138,verde,vermelho,heuristica,azul,0,-3,27,80,120,0.6667,0.1250,358,95,170,93
307,1818107138,verde,azul,reativa,azul,1,3,27,30,0,30.0000,0.0370,638,3,635,0
308,635456449,vermelho,verde,modelo_proposto,empate,0,-1,100,0,0,0.0000,0.0000,2130,50,2080,0
308,635456449,vermelho,vermelho,heuristica,empate,0,-1,100,0,0,0.0000,0.0000,2062,50,2012,0
308,635456449,vermelho,azul,reativa,empate,0,-1,100,0,0,0.0000,0.0000,2596,0,2596,0
309,1609319578,azul,verde,modelo_proposto,verde,1,3,20,30,0,30.0000,0.0526,108,2,106,0
309,1609319578,azul,vermelho,heuristica,verde,0,-3,20,100,110,0.9091,0.4444,700,124,451,125
309,1609319578,azul,azul,reativa,verde,0,-3,20,80,100,0.8000,0.4000,279,7,272,0
310,391903060,verde,verde,modelo_proposto,verde,1,3,19,30,0,30.0000,0.0000,197,21,160,16
310,391903060,verde,vermelho,heuristica,verde,0,-3,19,120,120,1.0000,0.0556,589,99,400,90
310,391903060,verde,azul,reativa,verde,0,-3,19,90,120,0.7500,0.1429,276,4,272,0
311,369162837,vermelho,verde,modelo_proposto,vermelho,0,-3,16,60,120,0.5000,0.1000,389,165,130,94
311,369162837,vermelho,vermelho,heuristica,vermelho,1,3,16,90,60,1.5000,0.3125,619,124,399,96
311,369162837,vermelho,azul,reativa,vermelho,0,-3,16,150,120,1.2500,0.2667,260,11,249,0
312,40002021,azul,verde,modelo_proposto,azul,0,-3,16,50,120,0.4167,0.3000,308,89,142,77
312,40002021,azul,vermelho,heuristica,azul,0,-3,16,120,110,1.0909,0.0667,574,117,349,108
312,40002021,azul,azul,reativa,azul,1,3,16,90,30,3.0000,0.0000,321,13,308,0
313,349757038,verde,verde,modelo_proposto,azul,0,-3,16,90,120,0.7500,0.2222,259,76,113,70
313,349757038,verde,vermelho,heuristica,azul,0,-3,16,120,120,1.0000,0.0000,605,139,375,91
313,349757038,verde,azul,reativa,azul,1,3,16,30,0,30.0000,0.0000,356,6,350,0
314,1753032231,vermelho,verde,modelo_proposto,empate,0,-1,100,0,0,0.0000,0.0000,1985,48,1937,0
314,1753032231,vermelho,vermelho,heuristica,empate,0,-1,100,0,0,0.0000,0.0100,2593,0,2593,0
314,1753032231,vermelho,azul,reativa,empate,0,-1,100,0,0,0.0000,0.0000,2034,47,1987,0
315,1173196213,azul,verde,modelo_proposto,vermelho,0,-3,13,90,120,0.7500,0.0000,255,84,96,75
315,1173196213,azul,vermelho,heuristica,vermelho,1,3,13,30,0,30.0000,0.0000,390,44,296,50
315,1173196213,azul,azul,reativa,vermelho,0,-3,13,120,120,1.0000,0.0000,208,6,202,0
316,63142686,verde,verde,modelo_proposto,vermelho,0,-3,13,120,120,1.0000,0.0769,310,85,151,74
316,63142686,verde,vermelho,heuristica,vermelho,1,3,13,30,0,30.0000,0.0000,382,27,330,25
316,63142686,verde,azul,reativa,vermelho,0,-3,13,90,120,0.7500,0.0000,154,5,149,0
317,681300813,vermelho,verde,modelo_proposto,azul,0,-3,17,150,100,1.5000,0.2500,476,138,213,125
317,681300813,vermelho,vermelho,heuristica,azul,0,-3,17,70,120,0.5833,0.1818,466,99,268,99
317,681300813,vermelho,azul,reativa,azul,1,3,17,30,30,1.0000,0.0000,410,4,406,0
318,506974165,azul,verde,modelo_proposto,azul,0,-3,16,90,110,0.8182,0.1250,204,65,81,58
318,506974165,azul,vermelho,heuristica,azul,0,-3,16,140,120,1.1667,0.1333,595,131,340,124
318,506974165,azul,azul,reativa,azul,1,3,16,30,30,1.0000,0.0000,369,3,366,0
319,1573761150,verde,verde,modelo_proposto,azul,0,-3,23,90,120,0.7500,0.0000,266,81,110,75
319,1573761150,verde,vermelho,heuristica,azul,0,-3,23,150,120,1.2500,0.0435,837,152,537,148
319,1573761150,verde,azul,reativa,azul,1,3,23,30,30,1.0000,0.0870,486,1,485,0
320,1937942672,vermelho,verde,modelo_proposto,vermelho,0,-3,28,120,120,1.0000,0.0000,429,86,268,75
320,1937942672,vermelho,vermelho,heuristica,vermelho,1,3,28,30,0,30.0000,0.1429,682,26,631,25
320,1937942672,vermelho,azul,reativa,vermelho,0,-3,28,90,120,0.7500,0.0000,57,5,52,0
321,2043056792,azul,verde,modelo_proposto,vermelho,0,-3,28,180,120,1.5000,0.0370,575,159,280,136
321,2043056792,azul,vermelho,heuristica,vermelho,1,3,28,30,60,0.5000,0.1111,722,60,607,55
321,2043056792,azul,azul,reativa,vermelho,0,-3,28,90,120,0.7500,0.0000,180,4,176,0
322,1502885451,verde,verde,modelo_proposto,vermelho,0,-3,9,120,120,1.0000,0.0000,404,149,143,112
322,1502885451,verde,vermelho,heuristica,vermelho,1,3,9,90,60,1.5000,0.0000,474,145,229,100
322,1502885451,verde,azul,reativa,vermelho,0,-3,9,90,120,0.7500,0.0000,103,12,91,0
323,1638525914,vermelho,verde,modelo_proposto,azul,0,-3,16,90,120,0.7500,0.1667,242,80,87,75
323,1638525914,vermelho,vermelho,heuristica,azul,0,-3,16,150,120,1.2500,0.0000,649,131,393,125
323,1638525914,vermelho,azul,reativa,azul,1,3,16,30,30,1.0000,0.0625,356,2,354,0
324,1461675684,azul,verde,modelo_proposto,verde,1,3,9,30,0,30.0000,0.0000,127,29,73,25
324,1461675684,azul,vermelho,heuristica,verde,0,-3,9,120,120,1.0000,0.0000,380,107,174,99
324,1461675684,azul,azul,reativa,verde,0,-3,9,90,120,0.7500,0.0000,53,6,47,0
325,971720179,verde,verde,modelo_proposto,verde,1,3,12,30,30,1.0000,0.0833,156,27,104,25
325,971720179,verde,vermelho,heuristica,verde,0,-3,12,150,120,1.2500,0.0000,513,128,268,117
325,971720179,verde,azul,reativa,verde,0,-3,12,90,120,0.7500,0.0000,70,5,65,0
326,566942735,vermelho,verde,modelo_proposto,azul,0,-3,15,120,120,1.0000,0.1429,315,80,160,75
326,566942735,vermelho,vermelho,heuristica,azul,0,-3,15,90,120,0.7500,0.0000,376,101,175,100
326,566942735,vermelho,azul,reativa,azul,1,3,15,30,0,30.0000,0.0000,344,2,342,0
327,1508647464,azul,verde,modelo_proposto,vermelho,0,-3,14,60,120,0.5000,0.0000,266,79,112,75
327,1508647464,azul,vermelho,heuristica,vermelho,1,3,14,60,60,1.0000,0.0769,548,122,326,100
327,1508647464,azul,azul,reativa,vermelho,0,-3,14,180,120,1.5000,0.0000,190,12,178,0
328,603781327,verde,verde,modelo_proposto,azul,0,-3,20,90,120,0.7500,0.1250,281,79,129,73
328,603781327,verde,vermelho,heuristica,azul,0,-3,20,120,120,1.0000,0.1000,661,100,467,94
328,603781327,verde,azul,reativa,azul,1,3,20,30,0,30.0000,0.0000,362,5,357,0
329,1627862180,vermelho,verde,modelo_proposto,azul,0,-3,16,90,120,0.7500,0.0000,263,78,111,74
329,1627862180,vermelho,vermelho,heuristica,azul,0,-3,16,150,120,1.2500,0.0000,597,121,363,113
329,1627862180,vermelho,azul,reativa,azul,1,3,16,30,30,1.0000,0.0000,350,2,348,0
330,2108647050,azul,verde,modelo_proposto,azul,0,-3,30,120,120,1.0000,0.0690,651,110,441,100
330,2108647050,azul,vermelho,heuristica,azul,0,-3,30,90,120,0.7500,0.0000,631,99,432,100
330,2108647050,azul,azul,reativa,azul,1,3,30,30,0,30.0000,0.0000,708,2,706,0
331,71850044,verde,verde,modelo_proposto,azul,0,-3,16,90,120,0.7500,0.0000,267,81,111,75
331,71850044,verde,vermelho,heuristica,azul,0,-3,16,120,120,1.0000,0.0625,604,105,399,100
331,71850044,verde,azul,reativa,azul,1,3,16,30,0,30.0000,0.0625,390,2,388,0
332,87384019,vermelho,verde,modelo_proposto,azul,0,-3,21,150,120,1.2500,0.1000,509,128,260,121
332,87384019,vermelho,vermelho,heuristica,azul,0,-3,21,90,120,0.7500,0.0000,352,101,151,100
332,87384019,vermelho,azul,reativa,azul,1,3,21,30,30,1.0000,0.1429,482,3,479,0
333,456098441,azul,verde,modelo_proposto,verde,1,3,18,30,0,30.0000,0.1765,138,2,136,0
333,456098441,azul,vermelho,heuristica,verde,0,-3,18,90,120,0.7500,0.0000,499,100,305,94
333,456098441,azul,azul,reativa,verde,0,-3,18,120,120,1.0000,0.0000,331,9,322,0
334,325496467,verde,verde,modelo_proposto,azul,0,-3,10,80,110,0.7273,0.4444,372,111,161,100
334,325496467,verde,vermelho,heuristica,azul,0,-3,10,110,110,1.0000,0.5000,509,133,251,125
334,325496467,verde,azul,reativa,azul,1,3,10,30,0,30.0000,0.1000,200,5,195,0
335,1049597105,vermelho,verde,modelo_proposto,verde,1,3,13,30,0,30.0000,0.0833,69,2,67,0
335,1049597105,vermelho,vermelho,heuristica,verde,0,-3,13,90,120,0.7500,0.2000,393,89,216,88
335,1049597105,vermelho,azul,reativa,verde,0,-3,13,120,120,1.0000,0.0000,206,6,200,0
336,1667655431,azul,verde,modelo_proposto,verde,1,3,18,30,0,30.0000,0.1176,199,30,144,25
336,1667655431,azul,vermelho,heuristica,verde,0,-3,18,90,120,0.7500,0.0000,388,102,191,95
336,1667655431,azul,azul,reativa,verde,0,-3,18,120,120,1.0000,0.1176,309,9,300,0
337,970802006,verde,verde,modelo_proposto,azul,0,-3,10,90,100,0.9000,0.4000,533,218,165,150
337,970802006,verde,vermelho,heuristica,azul,0,-3,10,120,110,1.0909,0.4286,406,128,178,100
337,970802006,verde,azul,reativa,azul,1,3,10,40,40,1.0000,0.3000,209,7,202,0
338,1342970439,vermelho,verde,modelo_proposto,verde,1,3,12,60,60,1.0000,0.1818,304,82,147,75
338,1342970439,vermelho,vermelho,heuristica,verde,0,-3,12,60,120,0.5000,0.0000,296,70,151,75
338,1342970439,vermelho,azul,reativa,verde,0,-3,12,180,120,1.5000,0.1818,137,11,126,0
339,437208980,azul,verde,modelo_proposto,vermelho,0,-3,21,150,120,1.2500,0.1000,540,153,252,135
339,437208980,azul,vermelho,heuristica,vermelho,1,3,21,30,30,1.0000,0.0500,530,26,479,25
339,437208980,azul,azul,reativa,vermelho,0,-3,21,90,120,0.7500,0.0909,201,7,194,0
340,1192874511,verde,verde,modelo_proposto,vermelho,0,-3,22,90,120,0.7500,0.0000,326,83,168,75
340,1192874511,verde,vermelho,heuristica,vermelho,1,3,22,30,30,1.0000,0.0000,558,34,492,32
340,1192874511,verde,azul,reativa,vermelho,0,-3,22,150,120,1.2500,0.0952,392,8,384,0
341,766493470,vermelho,verde,modelo_proposto,empate,0,-1,100,0,0,0.0000,0.0000,1186,0,1186,0
341,766493470,vermelho,vermelho,heuristica,empate,0,-1,100,60,120,0.5000,0.0000,305,50,207,48
341,766493470,vermelho,azul,reativa,empate,0,-1,100,120,60,2.0000,0.0200,2287,8,2279,0
342,410536207,azul,verde,modelo_proposto,azul,0,-3,15,60,120,0.5000,0.0000,191,60,106,25
342,410536207,azul,vermelho,heuristica,azul,0,-3,15,90,120,0.7500,0.1429,626,149,352,125
342,410536207,azul,azul,reativa,azul,1,3,15,120,30,4.0000,0.0000,291,15,276,0
343,14153581,verde,verde,modelo_proposto,vermelho,0,-3,21,120,120,1.0000,0.0952,506,114,292,100
343,14153581,verde,vermelho,heuristica,vermelho,1,3,21,30,0,30.0000,0.0952,582,49,483,50
343,14153581,verde,azul,reativa,vermelho,0,-3,21,90,120,0.7500,0.0714,283,4,279,0
344,307708705,vermelho,verde,modelo_proposto,verde,1,3,27,90,90,1.0000,0.0769,428,61,320,47
344,307708705,vermelho,vermelho,heuristica,verde,0,-3,27,60,120,0.5000,0.1667,565,66,437,62
344,307708705,vermelho,azul,reativa,verde,0,-3,27,180,120,1.5000,0.0769,482,11,471,0
345,1409996403,azul,verde,modelo_proposto,verde,1,3,12,30,0,30.0000,0.0000,120,24,78,18
345,1409996403,azul,vermelho,heuristica,verde,0,-3,12,120,120,1.0000,0.1000,398,96,215,87
345,1409996403,azul,azul,reativa,verde,0,-3,12,90,120,0.7500,0.0000,53,5,48,0
346,1737144842,verde,verde,modelo_proposto,vermelho,0,-3,38,90,120,0.7500,0.0000,296,81,142,73
346,1737144842,verde,vermelho,heuristica,vermelho,1,3,38,30,30,1.0000,0.0526,1018,27,966,25
346,1737144842,verde,azul,reativa,vermelho,0,-3,38,150,120,1.2500,0.1081,768,10,758,0
347,924703773,vermelho,verde,modelo_proposto,vermelho,0,-3,18,90,110,0.8182,0.4000,319,106,119,94
347,924703773,vermelho,vermelho,heuristica,vermelho,1,3,18,30,60,0.5000,0.0000,496,28,436,32
347,924703773,vermelho,azul,reativa,vermelho,0,-3,18,170,120,1.4167,0.0588,271,10,261,0
348,928223588,azul,verde,modelo_proposto,vermelho,0,-3,16,90,120,0.7500,0.2143,545,154,266,125
348,928223588,azul,vermelho,heuristica,vermelho,1,3,16,30,0,30.0000,0.0000,551,109,354,88
348,928223588,azul,azul,reativa,vermelho,0,-3,16,120,120,1.0000,0.0667,273,9,264,0
349,1182005340,verde,verde,modelo_proposto,azul,0,-3,31,90,120,0.7500,0.0000,279,81,123,75
349,1182005340,verde,vermelho,heuristica,azul,0,-3,31,150,120,1.2500,0.0968,1041,148,752,141
349,1182005340,verde,azul,reativa,azul,1,3,31,30,30,1.0000,0.0968,706,2,704,0
350,86749997,vermelho,verde,modelo_proposto,verde,1,3,17,30,30,1.0000,0.0000,138,24,92,22
350,86749997,vermelho,vermelho,heuristica,verde,0,-3,17,150,120,1.2500,0.1250,652,145,373,134
350,86749997,vermelho,azul,reativa,verde,0,-3,17,90,120,0.7500,0.0000,106,5,101,0
351,2063477184,azul,verde,modelo_proposto,vermelho,0,-3,33,120,120,1.0000,0.0625,621,116,405,100
351,2063477184,azul,vermelho,heuristica,vermelho,1,3,33,30,0,30.0000,0.0313,868,83,706,79
351,2063477184,azul,azul,reativa,vermelho,0,-3,33,90,120,0.7500,0.1333,311,5,306,0
352,1520633710,verde,verde,modelo_proposto,vermelho,0,-3,15,60,120,0.5000,0.0000,302,84,169,49
352,1520633710,verde,vermelho,heuristica,vermelho,1,3,15,120,60,2.0000,0.0000,635,164,359,112
352,1520633710,verde,azul,reativa,vermelho,0,-3,15,120,120,1.0000,0.0000,244,7,237,0
353,1518760950,vermelho,verde,modelo_proposto,vermelho,0,-3,29,90,120,0.7500,0.0000,391,95,201,95
353,1518760950,vermelho,vermelho,heuristica,vermelho,1,3,29,30,30,1.0000,0.0000,649,19,614,16
353,1518760950,vermelho,azul,reativa,vermelho,0,-3,29,150,120,1.2500,0.0000,573,9,564,0
354,1313076164,azul,verde,modelo_proposto,verde,1,3,16,30,0,30.0000,0.0667,194,29,140,25
354,1313076164,azul,vermelho,heuristica,verde,0,-3,16,110,120,0.9167,0.5714,560,133,304,123
354,1313076164,azul,azul,reativa,verde,0,-3,16,90,110,0.8182,0.6667,120,5,115,0
355,519671239,verde,verde,modelo_proposto,verde,1,3,13,30,30,1.0000,0.0769,114,27,63,24
355,519671239,verde,vermelho,heuristica,verde,0,-3,13,150,120,1.2500,0.0000,504,123,269,112
355,519671239,verde,azul,reativa,verde,0,-3,13,90,120,0.7500,0.0000,102,5,97,0
356,293897162,vermelho,verde,modelo_proposto,vermelho,0,-3,19,120,120,1.0000,0.2222,491,138,229,124
356,293897162,vermelho,vermelho,heuristica,vermelho,1,3,19,30,0,30.0000,0.0000,499,27,447,25
356,293897162,vermelho,azul,reativa,vermelho,0,-3,19,90,120,0.7500,0.0833,221,4,217,0
357,432934820,azul,verde,modelo_proposto,azul,0,-3,15,150,120,1.2500,0.0000,379,103,179,97
357,432934820,azul,vermelho,heuristica,azul,0,-3,15,90,120,0.7500,0.0000,365,78,213,74
357,432934820,azul,azul,reativa,azul,1,3,15,30,30,1.0000,0.0667,345,2,343,0
358,1033327263,verde,verde,modelo_proposto,azul,0,-3,20,90,120,0.7500,0.0000,241,71,103,67
358,1033327263,verde,vermelho,heuristica,azul,0,-3,20,120,120,1.0000,0.0500,632,93,452,87
358,1033327263,verde,azul,reativa,azul,1,3,20,30,0,30.0000,0.0500,438,2,436,0
359,137643404,vermelho,verde,modelo_proposto,empate,0,-1,100,0,0,0.0000,0.0000,1363,0,1363,0
359,137643404,vermelho,vermelho,heuristica,empate,0,-1,100,90,120,0.7500,0.2727,372,76,224,72
359,137643404,vermelho,azul,reativa,empate,0,-1,100,120,90,1.3333,0.0300,1711,7,1704,0
360,2017834313,azul,verde,modelo_proposto,azul,0,-3,24,60,100,0.6000,0.6667,335,108,128,99
360,2017834313,azul,vermelho,heuristica,azul,0,-3,24,130,120,1.0833,0.2609,842,164,522,156
360,2017834313,azul,azul,reativa,azul,1,3,24,60,30,2.0000,0.0417,532,4,528,0
361,1611829491,verde,verde,modelo_proposto,verde,1,3,20,30,0,30.0000,0.0000,190,29,137,24
361,1611829491,verde,vermelho,heuristica,verde,0,-3,20,90,120,0.7500,0.2143,494,91,317,86
361,1611829491,verde,azul,reativa,verde,0,-3,20,120,120,1.0000,0.0526,354,9,345,0
362,1288829251,vermelho,verde,modelo_proposto,azul,0,-3,17,150,120,1.2500,0.1250,444,121,236,87
362,1288829251,vermelho,vermelho,heuristica,azul,0,-3,17,60,120,0.5000,0.0000,503,130,280,93
362,1288829251,vermelho,azul,reativa,azul,1,3,17,90,60,1.5000,0.0588,350,9,341,0
363,475521431,azul,verde,modelo_proposto,azul,0,-3,33,90,120,0.7500,0.0000,235,73,97,65
363,475521431,azul,vermelho,heuristica,azul,0,-3,33,120,120,1.0000,0.0000,944,98,756,90
363,475521431,azul,azul,reativa,azul,1,3,33,30,0,30.0000,0.0909,795,2,793,0
364,1589776665,verde,verde,modelo_proposto,vermelho,0,-3,29,90,120,0.7500,0.1333,480,112,268,100
364,1589776665,verde,vermelho,heuristica,vermelho,1,3,29,30,60,0.5000,0.0000,721,32,657,32
364,1589776665,verde,azul,reativa,vermelho,0,-3,29,180,120,1.5000,0.0714,562,11,551,0
365,1928754317,vermelho,verde,modelo_proposto,vermelho,0,-3,14,150,120,1.2500,0.0000,467,136,207,124
365,1928754317,vermelho,vermelho,heuristica,vermelho,1,3,14,30,30,1.0000,0.0000,382,23,337,22
365,1928754317,vermelho,azul,reativa,vermelho,0,-3,14,90,120,0.7500,0.0000,129,6,123,0
366,893603869,azul,verde,modelo_proposto,azul,0,-3,8,90,120,0.7500,0.0000,235,75,88,72
366,893603869,azul,vermelho,heuristica,azul,0,-3,8,90,120,0.7500,0.0000,299,78,147,74
366,893603869,azul,azul,reativa,azul,1,3,8,60,0,60.0000,0.0000,154,5,149,0
367,795826857,verde,verde,modelo_proposto,verde,1,3,22,30,30,1.0000,0.0455,253,20,216,17
367,795826857,verde,vermelho,heuristica,verde,0,-3,22,90,120,0.7500,0.1818,461,101,265,95
367,795826857,verde,azul,reativa,verde,0,-3,22,150,120,1.2500,0.0000,388,10,378,0
368,1170736711,vermelho,verde,modelo_proposto,azul,0,-3,15,90,120,0.7500,0.0833,306,78,155,73
368,1170736711,vermelho,vermelho,heuristica,azul,0,-3,15,120,120,1.0000,0.0000,600,125,356,119
368,1170736711,vermelho,azul,reativa,azul,1,3,15,30,0,30.0000,0.0000,364,3,361,0
369,1599605876,azul,verde,modelo_proposto,azul,0,-3,24,90,120,0.7500,0.0625,288,77,137,74
369,1599605876,azul,vermelho,heuristica,azul,0,-3,24,120,120,1.0000,0.0870,833,152,532,149
369,1599605876,azul,azul,reativa,azul,1,3,24,30,0,30.0000,0.0833,541,5,536,0
370,1800712511,verde,verde,modelo_proposto,vermelho,0,-3,18,120,120,1.0000,0.2778,332,100,146,86
370,1800712511,verde,vermelho,heuristica,vermelho,1,3,18,30,0,30.0000,0.1111,499,23,451,25
370,1800712511,verde,azul,reativa,vermelho,0,-3,18,90,120,0.7500,0.2222,126,5,121,0
371,645522509,vermelho,verde,modelo_proposto,verde,1,3,11,30,0,30.0000,0.1000,56,2,54,0
371,645522509,vermelho,vermelho,heuristica,verde,0,-3,11,90,120,0.7500,0.2500,393,106,187,100
371,645522509,vermelho,azul,reativa,verde,0,-3,11,120,120,1.0000,0.0000,157,6,151,0
372,29313969,azul,verde,modelo_proposto,verde,1,3,30,30,60,0.5000,0.1379,296,49,199,48
372,29313969,azul,vermelho,heuristica,verde,0,-3,30,90,120,0.7500,0.0000,327,58,216,53
372,29313969,azul,azul,reativa,verde,0,-3,30,180,120,1.5000,0.0690,490,11,479,0
373,1970357873,verde,verde,modelo_proposto,verde,1,3,35,30,30,1.0000,0.0000,282,28,229,25
373,1970357873,verde,vermelho,heuristica,verde,0,-3,35,150,120,1.2500,0.1176,1073,127,828,118
373,1970357873,verde,azul,reativa,verde,0,-3,35,90,120,0.7500,0.0000,106,5,101,0
374,1241645600,vermelho,verde,modelo_proposto,vermelho,0,-3,17,80,120,0.6667,0.3333,226,77,80,69
374,1241645600,vermelho,vermelho,heuristica,vermelho,1,3,17,30,0,30.0000,0.0588,454,18,420,16
374,1241645600,vermelho,azul,reativa,vermelho,0,-3,17,120,110,1.0909,0.4375,305,7,298,0
375,1353653477,azul,verde,modelo_proposto,azul,0,-3,24,120,100,1.2000,0.4783,823,256,378,189
375,1353653477,azul,vermelho,heuristica,azul,0,-3,24,30,100,0.3000,0.2500,424,75,299,50
375,1353653477,azul,azul,reativa,azul,1,3,24,130,80,1.6250,0.2917,481,10,471,0
376,722060998,verde,verde,modelo_proposto,azul,0,-3,19,150,110,1.3636,0.1053,557,148,269,140
376,722060998,verde,vermelho,heuristica,azul,0,-3,19,80,120,0.6667,0.2222,478,126,227,125
376,722060998,verde,azul,reativa,azul,1,3,19,30,30,1.0000,0.0000,439,1,438,0
377,946843648,vermelho,verde,modelo_proposto,vermelho,0,-3,48,60,120,0.5000,0.0000,272,79,118,75
377,946843648,vermelho,vermelho,heuristica,vermelho,1,3,48,60,60,1.0000,0.0000,1041,53,938,50
377,946843648,vermelho,azul,reativa,vermelho,0,-3,48,180,120,1.5000,0.1064,928,11,917,0
378,195273507,azul,verde,modelo_proposto,vermelho,0,-3,14,120,120,1.0000,0.0000,315,86,154,75
378,195273507,azul,vermelho,heuristica,vermelho,1,3,14,30,0,30.0000,0.0769,355,27,303,25
378,195273507,azul,azul,reativa,vermelho,0,-3,14,90,120,0.7500,0.0000,107,5,102,0
379,741729714,verde,verde,modelo_proposto,vermelho,0,-3,26,90,120,0.7500,0.0556,285,83,128,74
379,741729714,verde,vermelho,heuristica,vermelho,1,3,26,30,30,1.0000,0.0385,645,29,591,25
379,741729714,verde,azul,reativa,vermelho,0,-3,26,150,120,1.2500,0.0400,476,10,466,0
380,1187661710,vermelho,verde,modelo_proposto,vermelho,0,-3,30,90,120,0.7500,0.0000,249,82,94,73
380,1187661710,vermelho,vermelho,heuristica,vermelho,1,3,30,30,30,1.0000,0.0000,775,18,741,16
380,1187661710,vermelho,azul,reativa,vermelho,0,-3,30,150,120,1.2500,0.1034,574,8,566,0
381,394963098,azul,verde,modelo_proposto,vermelho,0,-3,11,90,120,0.7500,0.5000,475,167,158,150
381,394963098,azul,vermelho,heuristica,vermelho,1,3,11,30,0,30.0000,0.0000,471,119,252,100
381,394963098,azul,azul,reativa,vermelho,0,-3,11,120,120,1.0000,0.8000,112,10,102,0
382,2051369139,verde,verde,modelo_proposto,vermelho,0,-3,41,130,100,1.3000,0.1707,830,133,581,116
382,2051369139,verde,vermelho,heuristica,vermelho,1,3,41,40,30,1.3333,0.0244,947,44,864,39
382,2051369139,verde,azul,reativa,vermelho,0,-3,41,60,100,0.6000,0.4444,153,5,148,0
383,1168745499,vermelho,verde,modelo_proposto,vermelho,0,-3,33,90,120,0.7500,0.0000,244,83,86,75
383,1168745499,vermelho,vermelho,heuristica,vermelho,1,3,33,30,0,30.0000,0.1515,928,61,795,72
383,1168745499,vermelho,azul,reativa,vermelho,0,-3,33,120,120,1.0000,0.0000,721,8,713,0
384,2118575539,azul,verde,modelo_proposto,vermelho,0,-3,16,130,100,1.3000,0.4000,587,168,269,150
384,2118575539,azul,vermelho,heuristica,vermelho,1,3,16,30,30,1.0000,0.0000,390,25,342,23
384,2118575539,azul,azul,reativa,vermelho,0,-3,16,70,100,0.7000,0.0909,195,7,188,0
385,441089282,verde,verde,modelo_proposto,verde,1,3,18,30,30,1.0000,0.1667,236,27,184,25
385,441089282,verde,vermelho,heuristica,verde,0,-3,18,150,120,1.2500,0.0000,666,134,408,124
385,441089282,verde,azul,reativa,verde,0,-3,18,90,120,0.7500,0.0000,81,5,76,0
386,1667855064,vermelho,verde,modelo_proposto,vermelho,0,-3,27,30,120,0.2500,0.2500,247,62,119,66
386,1667855064,vermelho,vermelho,heuristica,vermelho,1,3,27,90,60,1.5000,0.0000,654,59,542,53
386,1667855064,vermelho,azul,reativa,vermelho,0,-3,27,180,120,1.5000,0.0000,497,11,486,0
387,2017351961,azul,verde,modelo_proposto,verde,1,3,12,30,30,1.0000,0.1818,139,27,87,25
387,2017351961,azul,vermelho,heuristica,verde,0,-3,12,150,100,1.5000,0.4000,531,147,239,145
387,2017351961,azul,azul,reativa,verde,0,-3,12,70,120,0.5833,0.0000,74,7,67,0
388,1950536216,verde,verde,modelo_proposto,empate,0,-1,100,0,0,0.0000,0.0100,1892,48,1844,0
388,1950536216,verde,vermelho,heuristica,empate,0,-1,100,0,0,0.0000,0.0200,2375,0,2375,0
388,1950536216,verde,azul,reativa,empate,0,-1,100,0,0,0.0000,0.0000,1952,47,1905,0
389,60663468,vermelho,verde,modelo_proposto,vermelho,0,-3,29,150,120,1.2500,0.1071,627,168,309,150
389,60663468,vermelho,vermelho,heuristica,vermelho,1,3,29,30,30,1.0000,0.0000,737,45,644,48
389,60663468,vermelho,azul,reativa,vermelho,0,-3,29,90,120,0.7500,0.0000,214,4,210,0
390,1266052967,azul,verde,modelo_proposto,azul,0,-3,12,120,120,1.0000,0.0909,343,103,144,96
390,1266052967,azul,vermelho,heuristica,azul,0,-3,12,90,120,0.7500,0.0000,376,96,184,96
390,1266052967,azul,azul,reativa,azul,1,3,12,30,0,30.0000,0.0000,234,2,232,0
391,553143731,verde,verde,modelo_proposto,empate,0,-1,100,0,0,0.0000,0.0000,4292,1176,2035,1081
391,553143731,verde,vermelho,heuristica,empate,0,-1,100,0,0,0.0000,0.0000,2153,0,2153,0
391,553143731,verde,azul,reativa,empate,0,-1,100,0,0,0.0000,0.0000,2448,2,2446,0
392,1136855950,vermelho,verde,modelo_proposto,azul,0,-3,25,90,120,0.7500,0.0000,310,79,156,75
392,1136855950,vermelho,vermelho,heuristica,azul,0,-3,25,150,120,1.2500,0.0400,982,182,626,174
392,1136855950,vermelho,azul,reativa,azul,1,3,25,30,30,1.0000,0.0400,565,2,563,0
393,376447012,azul,verde,modelo_proposto,vermelho,0,-3,31,60,120,0.5000,0.5000,262,79,108,75
393,376447012,azul,vermelho,heuristica,vermelho,1,3,31,60,30,2.0000,0.0333,822,69,684,69
393,376447012,azul,azul,reativa,vermelho,0,-3,31,150,120,1.2500,0.1667,600,9,591,0
394,1614578985,verde,verde,modelo_proposto,vermelho,0,-3,12,90,120,0.7500,0.0000,288,84,130,74
394,1614578985,verde,vermelho,heuristica,vermelho,1,3,12,30,0,30.0000,0.0833,395,52,295,48
394,1614578985,verde,azul,reativa,vermelho,0,-3,12,120,120,1.0000,0.0000,184,7,177,0
395,865668011,vermelho,verde,modelo_proposto,empate,0,-1,100,0,0,0.0000,0.0101,2150,50,2100,0
395,865668011,vermelho,vermelho,heuristica,empate,0,-1,100,0,0,0.0000,0.0000,2054,50,2004,0
395,865668011,vermelho,azul,reativa,empate,0,-1,100,0,0,0.0000,0.0100,2595,0,2595,0
396,923755655,azul,verde,modelo_proposto,vermelho,0,-3,21,150,100,1.5000,0.1000,558,139,297,122
396,923755655,azul,vermelho,heuristica,vermelho,1,3,21,10,30,0.3333,0.2500,536,25,489,22
396,923755655,azul,azul,reativa,vermelho,0,-3,21,90,120,0.7500,0.0909,209,5,204,0
397,258776197,verde,verde,modelo_proposto,empate,0,-1,100,0,0,0.0000,0.0000,2088,47,2041,0
397,258776197,verde,vermelho,heuristica,empate,0,-1,100,0,0,0.0000,0.0000,2579,0,2579,0
397,258776197,verde,azul,reativa,empate,0,-1,100,0,0,0.0000,0.0000,1775,49,1726,0
398,1620914435,vermelho,verde,modelo_proposto,azul,0,-3,28,90,120,0.7500,0.0000,241,73,100,68
398,1620914435,vermelho,vermelho,heuristica,azul,0,-3,28,150,120,1.2500,0.0357,916,188,549,179
398,1620914435,vermelho,azul,reativa,azul,1,3,28,30,30,1.0000,0.0000,561,1,560,0
399,1741497087,azul,verde,modelo_proposto,vermelho,0,-3,23,90,120,0.7500,0.2778,735,218,319,198
399,1741497087,azul,vermelho,heuristica,vermelho,1,3,23,30,30,1.0000,0.0909,620,44,526,50
399,1741497087,azul,azul,reativa,vermelho,0,-3,23,150,120,1.2500,0.4545,393,11,382,0
400,558524762,verde,verde,modelo_proposto,azul,0,-3,30,60,120,0.5000,0.1250,271,80,116,75
400,558524762,verde,vermelho,heuristica,azul,0,-3,30,150,120,1.2500,0.3000,1015,173,677,165
400,558524762,verde,azul,reativa,azul,1,3,30,60,30,2.0000,0.1667,658,6,652,0
401,1039082064,vermelho,verde,modelo_proposto,vermelho,0,-3,41,150,120,1.2500,0.0500,706,179,371,156
401,1039082064,vermelho,vermelho,heuristica,vermelho,1,3,41,30,30,1.0000,0.0244,814,19,778,17
401,1039082064,vermelho,azul,reativa,vermelho,0,-3,41,90,120,0.7500,0.1176,322,6,316,0
402,902252012,azul,verde,modelo_proposto,vermelho,0,-3,37,90,120,0.7500,0.0000,410,104,207,99
402,902252012,azul,vermelho,heuristica,vermelho,1,3,37,30,0,30.0000,0.0000,827,29,766,32
402,902252012,azul,azul,reativa,vermelho,0,-3,37,120,120,1.0000,0.0000,790,7,783,0
403,1638510092,verde,verde,modelo_proposto,vermelho,0,-3,33,110,110,1.0000,0.1515,387,85,229,73
403,1638510092,verde,vermelho,heuristica,vermelho,1,3,33,20,0,20.0000,0.0303,550,41,467,42
403,1638510092,verde,azul,reativa,vermelho,0,-3,33,90,110,0.8182,0.3077,204,5,199,0
404,697931922,vermelho,verde,modelo_proposto,verde,1,3,11,30,0,30.0000,0.0000,136,29,82,25
404,697931922,vermelho,vermelho,heuristica,verde,0,-3,11,90,120,0.7500,0.2222,407,96,218,93
404,697931922,vermelho,azul,reativa,verde,0,-3,11,120,120,1.0000,0.0000,150,8,142,0
405,148352726,azul,verde,modelo_proposto,vermelho,0,-3,35,60,120,0.5000,0.0000,301,76,157,68
405,148352726,azul,vermelho,heuristica,vermelho,1,3,35,60,60,1.0000,0.2353,963,71,823,69
405,148352726,azul,azul,reativa,vermelho,0,-3,35,180,120,1.5000,0.0882,683,10,673,0
406,1423957648,verde,verde,modelo_proposto,vermelho,0,-3,24,150,120,1.2500,0.0000,580,141,315,124
406,1423957648,verde,vermelho,heuristica,vermelho,1,3,24,30,30,1.0000,0.0833,632,39,549,44
406,1423957648,verde,azul,reativa,vermelho,0,-3,24,90,120,0.7500,0.0000,154,4,150,0
407,1350537079,vermelho,verde,modelo_proposto,azul,0,-3,44,150,110,1.3636,0.0465,642,152,346,144
407,1350537079,vermelho,vermelho,heuristica,azul,0,-3,44,80,120,0.6667,0.0000,380,104,176,100
407,1350537079,vermelho,azul,reativa,azul,1,3,44,30,30,1.0000,0.0227,786,2,784,0
408,614268430,azul,verde,modelo_proposto,vermelho,0,-3,14,90,120,0.7500,0.0000,440,136,181,123
408,614268430,azul,vermelho,heuristica,vermelho,1,3,14,30,30,1.0000,0.0000,427,56,309,62
408,614268430,azul,azul,reativa,vermelho,0,-3,14,150,120,1.2500,0.0000,204,10,194,0
409,1044670401,verde,verde,modelo_proposto,vermelho,0,-3,51,90,120,0.7500,0.1538,354,84,195,75
409,1044670401,verde,vermelho,heuristica,vermelho,1,3,51,30,0,30.0000,0.0000,1096,49,1001,46
409,1044670401,verde,azul,reativa,vermelho,0,-3,51,120,120,1.0000,0.0600,1086,7,1079,0
410,73927817,vermelho,verde,modelo_proposto,vermelho,0,-3,20,150,120,1.2500,0.0526,406,101,223,82
410,73927817,vermelho,vermelho,heuristica,vermelho,1,3,20,30,30,1.0000,0.0000,467,31,413,23
410,73927817,vermelho,azul,reativa,vermelho,0,-3,20,90,120,0.7500,0.0000,280,9,271,0
411,1599316740,azul,verde,modelo_proposto,azul,0,-3,22,90,120,0.7500,0.0667,244,69,110,65
411,1599316740,azul,vermelho,heuristica,azul,0,-3,22,120,120,1.0000,0.1429,732,115,508,109
411,1599316740,azul,azul,reativa,azul,1,3,22,30,0,30.0000,0.0455,463,2,461,0
412,728730537,verde,verde,modelo_proposto,azul,0,-3,14,190,120,1.5833,0.5000,682,216,266,200
412,728730537,verde,vermelho,heuristica,azul,0,-3,14,30,100,0.3000,0.8333,358,106,152,100
412,728730537,verde,azul,reativa,azul,1,3,14,90,90,1.0000,0.0000,268,7,261,0
413,769613667,vermelho,verde,modelo_proposto,verde,1,3,11,60,0,60.0000,0.0000,236,79,110,47
413,769613667,vermelho,vermelho,heuristica,verde,0,-3,11,90,120,0.7500,0.2222,473,121,227,125
413,769613667,vermelho,azul,reativa,verde,0,-3,11,90,120,0.7500,0.0000,187,11,176,0
414,701710304,azul,verde,modelo_proposto,vermelho,0,-3,17,140,110,1.2727,0.1250,516,136,263,117
414,701710304,azul,vermelho,heuristica,vermelho,1,3,17,30,30,1.0000,0.0000,426,27,374,25
414,701710304,azul,azul,reativa,vermelho,0,-3,17,80,110,0.7273,0.4444,161,7,154,0
415,2146003900,verde,verde,modelo_proposto,azul,0,-3,10,90,120,0.7500,0.1250,258,77,126,55
415,2146003900,verde,vermelho,heuristica,azul,0,-3,10,150,120,1.2500,0.0000,452,127,208,117
415,2146003900,verde,azul,reativa,azul,1,3,10,30,30,1.0000,0.0000,223,2,221,0
416,1585576561,vermelho,verde,modelo_proposto,vermelho,0,-3,18,90,120,0.7500,0.0000,302,83,144,75
416,1585576561,vermelho,vermelho,heuristica,vermelho,1,3,18,30,30,1.0000,0.0556,637,87,450,100
416,1585576561,vermelho,azul,reativa,vermelho,0,-3,18,150,120,1.2500,0.0000,313,8,305,0
417,1048996951,azul,verde,modelo_proposto,vermelho,0,-3,20,150,120,1.2500,0.1053,461,141,196,124
417,1048996951,azul,vermelho,heuristica,vermelho,1,3,20,30,30,1.0000,0.1053,567,43,475,49
417,1048996951,azul,azul,reativa,vermelho,0,-3,20,90,120,0.7500,0.1000,174,5,169,0
418,614909108,verde,verde,modelo_proposto,azul,0,-3,28,90,120,0.7500,0.0000,242,53,141,48
418,614909108,verde,vermelho,heuristica,azul,0,-3,28,150,120,1.2500,0.1071,973,171,641,161
418,614909108,verde,azul,reativa,azul,1,3,28,30,30,1.0000,0.1429,677,2,675,0
419,1906067081,vermelho,verde,modelo_proposto,empate,0,-1,100,120,90,1.3333,0.0505,1715,134,1456,125
419,1906067081,vermelho,vermelho,heuristica,empate,0,-1,100,90,120,0.7500,0.6250,447,133,191,123
419,1906067081,vermelho,azul,reativa,empate,0,-1,100,0,0,0.0000,0.0000,1793,0,1793,0
420,974694883,azul,verde,modelo_proposto,vermelho,0,-3,21,60,120,0.5000,0.0000,513,157,258,98
420,974694883,azul,vermelho,heuristica,vermelho,1,3,21,90,60,1.5000,0.3500,929,259,495,175
420,974694883,azul,azul,reativa,vermelho,0,-3,21,150,120,1.2500,0.0000,366,12,354,0
421,277475170,verde,verde,modelo_proposto,vermelho,0,-3,26,90,120,0.7500,0.0000,419,105,214,100
421,277475170,verde,vermelho,heuristica,vermelho,1,3,26,30,0,30.0000,0.0000,690,29,629,32
421,277475170,verde,azul,reativa,vermelho,0,-3,26,120,120,1.0000,0.0000,513,7,506,0
422,148424731,vermelho,verde,modelo_proposto,verde,1,3,21,30,0,30.0000,0.0000,123,3,120,0
422,148424731,vermelho,vermelho,heuristica,verde,0,-3,21,90,120,0.7500,0.0588,663,120,422,121
422,148424731,vermelho,azul,reativa,verde,0,-3,21,120,120,1.0000,0.1000,404,9,395,0
423,604743709,azul,verde,modelo_proposto,azul,0,-3,9,50,120,0.4167,0.4000,235,79,82,74
423,604743709,azul,vermelho,heuristica,azul,0,-3,9,140,110,1.2727,0.7500,459,131,203,125
423,604743709,azul,azul,reativa,azul,1,3,9,60,20,3.0000,0.3333,183,4,179,0
424,838363468,verde,verde,modelo_proposto,verde,1,3,21,30,0,30.0000,0.0952,202,28,150,24
424,838363468,verde,vermelho,heuristica,verde,0,-3,21,120,120,1.0000,0.2000,807,161,496,150
424,838363468,verde,azul,reativa,verde,0,-3,21,90,120,0.7500,0.2222,147,5,142,0
425,1461119760,vermelho,verde,modelo_proposto,vermelho,0,-3,21,90,120,0.7500,0.0000,360,84,201,75
425,1461119760,vermelho,vermelho,heuristica,vermelho,1,3,21,30,60,0.5000,0.0952,594,43,501,50
425,1461119760,vermelho,azul,reativa,vermelho,0,-3,21,180,120,1.5000,0.0000,333,10,323,0
426,2054000186,azul,verde,modelo_proposto,vermelho,0,-3,23,90,120,0.7500,0.0000,239,81,85,73
426,2054000186,azul,vermelho,heuristica,vermelho,1,3,23,30,0,30.0000,0.1364,551,18,517,16
426,2054000186,azul,azul,reativa,vermelho,0,-3,23,120,120,1.0000,0.0909,456,7,449,0
427,1470480063,verde,verde,modelo_proposto,verde,1,3,9,30,0,30.0000,0.1111,50,2,48,0
427,1470480063,verde,vermelho,heuristica,verde,0,-3,9,120,120,1.0000,0.2500,441,127,195,119
427,1470480063,verde,azul,reativa,verde,0,-3,9,90,120,0.7500,0.0000,82,6,76,0
428,766136782,vermelho,verde,modelo_proposto,vermelho,0,-3,29,120,120,1.0000,0.0000,818,183,460,175
428,766136782,vermelho,vermelho,heuristica,vermelho,1,3,29,30,0,30.0000,0.0000,790,27,738,25
428,766136782,vermelho,azul,reativa,vermelho,0,-3,29,90,120,0.7500,0.0526,360,4,356,0
429,372718935,azul,verde,modelo_proposto,azul,0,-3,16,120,120,1.0000,0.0000,452,107,246,99
429,372718935,azul,vermelho,heuristica,azul,0,-3,16,90,120,0.7500,0.1429,529,96,337,96
429,372718935,azul,azul,reativa,azul,1,3,16,30,0,30.0000,0.0625,341,4,337,0
430,2045200466,verde,verde,modelo_proposto,verde,1,3,11,30,30,1.0000,0.0000,113,28,60,25
430,2045200466,verde,vermelho,heuristica,verde,0,-3,11,90,120,0.7500,0.0000,348,98,150,100
430,2045200466,verde,azul,reativa,verde,0,-3,11,150,120,1.2500,0.0000,138,9,129,0
431,1900958049,vermelho,verde,modelo_proposto,verde,1,3,11,30,0,30.0000,0.0000,61,2,59,0
431,1900958049,vermelho,vermelho,heuristica,verde,0,-3,11,90,120,0.7500,0.2500,381,98,188,95
431,1900958049,vermelho,azul,reativa,verde,0,-3,11,120,120,1.0000,0.1000,148,6,142,0
432,1317230616,azul,verde,modelo_proposto,azul,0,-3,12,120,120,1.0000,0.0000,301,80,147,74
432,1317230616,azul,vermelho,heuristica,azul,0,-3,12,90,120,0.7500,0.0000,353,95,164,94
432,1317230616,azul,azul,reativa,azul,1,3,12,30,0,30.0000,0.0000,262,2,260,0
433,1343244560,verde,verde,modelo_proposto,empate,0,-1,100,60,120,0.5000,0.1250,265,79,111,75
433,1343244560,verde,vermelho,heuristica,empate,0,-1,100,0,0,0.0000,0.9900,1468,0,1468,0
433,1343244560,verde,azul,reativa,empate,0,-1,100,120,60,2.0000,0.0200,1571,7,1564,0
434,784401889,vermelho,verde,modelo_proposto,vermelho,0,-3,18,100,110,0.9091,0.4118,704,182,347,175
434,784401889,vermelho,vermelho,heuristica,vermelho,1,3,18,30,0,30.0000,0.0556,509,27,457,25
434,784401889,vermelho,azul,reativa,vermelho,0,-3,18,80,100,0.8000,0.3636,203,4,199,0
435,1579403662,azul,verde,modelo_proposto,azul,0,-3,27,90,120,0.7500,0.0000,1011,334,450,227
435,1579403662,azul,vermelho,heuristica,azul,0,-3,27,150,120,1.2500,0.0769,911,212,574,125
435,1579403662,azul,azul,reativa,azul,1,3,27,90,90,1.0000,0.0000,533,7,526,0
436,1577216255,verde,verde,modelo_proposto,azul,0,-3,20,150,120,1.2500,0.0500,476,126,235,115
436,1577216255,verde,vermelho,heuristica,azul,0,-3,20,90,120,0.7500,0.0000,398,75,252,71
436,1577216255,verde,azul,reativa,azul,1,3,20,30,30,1.0000,0.0500,429,3,426,0
437,1215591661,vermelho,verde,modelo_proposto,azul,0,-3,12,90,110,0.8182,0.4444,384,128,138,118
437,1215591661,vermelho,vermelho,heuristica,azul,0,-3,12,140,120,1.1667,0.3333,648,178,299,171
437,1215591661,vermelho,azul,reativa,azul,1,3,12,30,30,1.0000,0.0833,276,2,274,0
438,2129381150,azul,verde,modelo_proposto,verde,1,3,30,30,0,30.0000,0.1379,182,26,134,22
438,2129381150,azul,vermelho,heuristica,verde,0,-3,30,90,120,0.7500,0.0000,399,124,150,125
438,2129381150,azul,azul,reativa,verde,0,-3,30,120,120,1.0000,0.0000,537,7,530,0
439,200211642,verde,verde,modelo_proposto,vermelho,0,-3,40,90,120,0.7500,0.1538,416,104,213,99
439,200211642,verde,vermelho,heuristica,vermelho,1,3,40,30,0,30.0000,0.0250,904,49,809,46
439,200211642,verde,azul,reativa,vermelho,0,-3,40,120,120,1.0000,0.0256,855,9,846,0
440,739759482,vermelho,verde,modelo_proposto,azul,0,-3,27,90,120,0.7500,0.0000,304,79,152,73
440,739759482,vermelho,vermelho,heuristica,azul,0,-3,27,150,120,1.2500,0.1111,867,114,645,108
440,739759482,vermelho,azul,reativa,azul,1,3,27,30,30,1.0000,0.0370,650,2,648,0
441,571873306,azul,verde,modelo_proposto,azul,0,-3,13,150,120,1.2500,0.0833,382,108,174,100
441,571873306,azul,vermelho,heuristica,azul,0,-3,13,90,120,0.7500,0.1111,419,101,218,100
441,571873306,azul,azul,reativa,azul,1,3,13,30,30,1.0000,0.3077,287,3,284,0
442,1141555388,verde,verde,modelo_proposto,vermelho,0,-3,32,140,110,1.2727,0.1875,578,141,312,125
442,1141555388,verde,vermelho,heuristica,vermelho,1,3,32,30,30,1.0000,0.0313,740,37,663,40
442,1141555388,verde,azul,reativa,vermelho,0,-3,32,80,110,0.7273,0.3636,198,5,193,0
443,1737235775,vermelho,verde,modelo_proposto,empate,0,-1,100,120,90,1.3333,0.0101,2141,186,1821,134
443,1737235775,vermelho,vermelho,heuristica,empate,0,-1,100,90,120,0.7500,0.0000,392,77,243,72
443,1737235775,vermelho,azul,reativa,empate,0,-1,100,0,0,0.0000,0.0000,2060,43,2017,0
444,1019163322,azul,verde,modelo_proposto,empate,0,-1,100,90,120,0.7500,0.0000,238,62,117,59
444,1019163322,azul,vermelho,heuristica,empate,0,-1,100,120,90,1.3333,0.0000,1967,160,1702,105
444,1019163322,azul,azul,reativa,empate,0,-1,100,0,0,0.0000,0.0000,1883,7,1876,0
445,1477330786,verde,verde,modelo_proposto,azul,0,-3,17,90,120,0.7500,0.0909,343,68,211,64
445,1477330786,verde,vermelho,heuristica,azul,0,-3,17,120,120,1.0000,0.1176,564,92,386,86
445,1477330786,verde,azul,reativa,azul,1,3,17,30,0,30.0000,0.0588,418,2,416,0
446,744905077,vermelho,verde,modelo_proposto,vermelho,0,-3,23,120,120,1.0000,0.1364,537,111,329,97
446,744905077,vermelho,vermelho,heuristica,vermelho,1,3,23,30,0,30.0000,0.0435,545,49,446,50
446,744905077,vermelho,azul,reativa,vermelho,0,-3,23,90,120,0.7500,0.0769,250,4,246,0
447,1994270146,azul,verde,modelo_proposto,verde,1,3,10,30,0,30.0000,0.1111,54,2,52,0
447,1994270146,azul,vermelho,heuristica,verde,0,-3,10,90,120,0.7500,0.0000,305,76,172,57
447,1994270146,azul,azul,reativa,verde,0,-3,10,120,120,1.0000,0.0000,119,7,112,0
448,164773497,verde,verde,modelo_proposto,verde,1,3,10,30,0,30.0000,0.0000,107,28,55,24
448,164773497,verde,vermelho,heuristica,verde,0,-3,10,80,110,0.7273,0.5000,346,97,150,99
448,164773497,verde,azul,reativa,verde,0,-3,10,110,110,1.0000,0.6667,130,8,122,0
449,1649528846,vermelho,verde,modelo_proposto,vermelho,0,-3,20,90,120,0.7500,0.0000,399,96,207,96
449,1649528846,vermelho,vermelho,heuristica,vermelho,1,3,20,30,0,30.0000,0.1000,592,52,490,50
449,1649528846,vermelho,azul,reativa,vermelho,0,-3,20,120,120,1.0000,0.0000,376,8,368,0
450,8261800,azul,verde,modelo_proposto,azul,0,-3,18,90,110,0.8182,0.2500,512,189,203,120
450,8261800,azul,vermelho,heuristica,azul,0,-3,18,110,120,0.9167,0.3529,700,203,383,114
450,8261800,azul,azul,reativa,azul,1,3,18,120,90,1.3333,0.1111,312,15,297,0
451,1520873105,verde,verde,modelo_proposto,vermelho,0,-3,20,90,120,0.7500,0.0000,233,73,94,66
451,1520873105,verde,vermelho,heuristica,vermelho,1,3,20,30,30,1.0000,0.0000,523,18,489,16
451,1520873105,verde,azul,reativa,vermelho,0,-3,20,150,120,1.2500,0.1053,336,9,327,0
452,189695113,vermelho,verde,modelo_proposto,vermelho,0,-3,32,150,120,1.2500,0.0645,521,114,300,107
452,189695113,vermelho,vermelho,heuristica,vermelho,1,3,32,30,30,1.0000,0.0313,771,27,719,25
452,189695113,vermelho,azul,reativa,vermelho,0,-3,32,90,120,0.7500,0.0000,57,5,52,0
453,2050012462,azul,verde,modelo_proposto,vermelho,0,-3,28,150,120,1.2500,0.0000,576,141,310,125
453,2050012462,azul,vermelho,heuristica,vermelho,1,3,28,30,30,1.0000,0.0370,628,27,576,25
453,2050012462,azul,azul,reativa,vermelho,0,-3,28,90,120,0.7500,0.0000,80,4,76,0
454,105099442,verde,verde,modelo_proposto,azul,0,-3,12,150,120,1.2500,0.0000,478,134,221,123
454,105099442,verde,vermelho,heuristica,azul,0,-3,12,90,120,0.7500,0.0000,350,79,196,75
454,105099442,verde,azul,reativa,azul,1,3,12,30,30,1.0000,0.0000,266,2,264,0
455,898790568,vermelho,verde,modelo_proposto,verde,1,3,11,20,20,1.0000,0.2000,113,28,60,25
455,898790568,vermelho,vermelho,heuristica,verde,0,-3,11,140,110,1.2727,0.1000,514,135,254,125
455,898790568,vermelho,azul,reativa,verde,0,-3,11,90,120,0.7500,0.0000,56,5,51,0
456,2054871234,azul,verde,modelo_proposto,azul,0,-3,15,120,120,1.0000,0.0000,306,81,151,74
456,2054871234,azul,vermelho,heuristica,azul,0,-3,15,90,120,0.7500,0.0000,332,79,178,75
456,2054871234,azul,azul,reativa,azul,1,3,15,30,0,30.0000,0.0000,355,2,353,0
457,567165131,verde,verde,modelo_proposto,verde,1,3,19,60,60,1.0000,0.1053,218,56,112,50
457,567165131,verde,vermelho,heuristica,verde,0,-3,19,60,120,0.5000,0.0000,504,101,305,98
457,567165131,verde,azul,reativa,verde,0,-3,19,180,120,1.5000,0.0556,285,13,272,0
458,1506506545,vermelho,verde,modelo_proposto,vermelho,0,-3,12,60,120,0.5000,0.0000,317,109,135,73
458,1506506545,vermelho,vermelho,heuristica,vermelho,1,3,12,60,60,1.0000,0.2500,416,62,280,74
458,1506506545,vermelho,azul,reativa,vermelho,0,-3,12,180,120,1.5000,0.1818,130,12,118,0
459,338695334,azul,verde,modelo_proposto,empate,0,-1,100,0,0,0.0000,0.0101,1744,49,1695,0
459,338695334,azul,vermelho,heuristica,empate,0,-1,100,0,0,0.0000,0.0000,1997,49,1948,0
459,338695334,azul,azul,reativa,empate,0,-1,100,0,0,0.0000,0.0000,2187,0,2187,0
460,369462903,verde,verde,modelo_proposto,azul,0,-3,14,90,120,0.7500,0.0000,473,106,270,97
460,369462903,verde,vermelho,heuristica,azul,0,-3,14,150,120,1.2500,0.0000,606,131,351,124
460,369462903,verde,azul,reativa,azul,1,3,14,30,30,1.0000,0.0000,319,5,314,0
461,1639586025,vermelho,verde,modelo_proposto,vermelho,0,-3,22,60,120,0.5000,0.0000,441,79,320,42
461,1639586025,vermelho,vermelho,heuristica,vermelho,1,3,22,180,90,2.0000,0.0455,927,259,500,168
461,1639586025,vermelho,azul,reativa,vermelho,0,-3,22,90,120,0.7500,0.0476,403,15,388,0
462,1094686237,azul,verde,modelo_proposto,vermelho,0,-3,25,60,120,0.5000,0.1250,336,77,190,69
462,1094686237,azul,vermelho,heuristica,vermelho,1,3,25,60,30,2.0000,0.0000,659,53,556,50
462,1094686237,azul,azul,reativa,vermelho,0,-3,25,150,120,1.2500,0.1250,429,10,419,0
463,616728145,verde,verde,modelo_proposto,empate,0,-1,100,0,0,0.0000,0.0000,2088,47,2041,0
463,616728145,verde,vermelho,heuristica,empate,0,-1,100,0,0,0.0000,0.0100,2581,0,2581,0
463,616728145,verde,azul,reativa,empate,0,-1,100,0,0,0.0000,0.0000,1720,0,1720,0
464,1665972581,vermelho,verde,modelo_proposto,vermelho,0,-3,19,120,120,1.0000,0.0000,446,105,250,91
464,1665972581,vermelho,vermelho,heuristica,vermelho,1,3,19,30,0,30.0000,0.0000,499,28,446,25
464,1665972581,vermelho,azul,reativa,vermelho,0,-3,19,90,120,0.7500,0.0000,212,5,207,0
465,1342328242,azul,verde,modelo_proposto,vermelho,0,-3,21,90,120,0.7500,0.0000,271,85,111,75
465,1342328242,azul,vermelho,heuristica,vermelho,1,3,21,30,60,0.5000,0.1500,539,32,475,32
465,1342328242,azul,azul,reativa,vermelho,0,-3,21,180,120,1.5000,0.0000,344,11,333,0
466,1649972298,verde,verde,modelo_proposto,vermelho,0,-3,26,90,120,0.7500,0.0000,250,81,97,72
466,1649972298,verde,vermelho,heuristica,vermelho,1,3,26,30,0,30.0000,0.0000,679,41,597,41
466,1649972298,verde,azul,reativa,vermelho,0,-3,26,120,120,1.0000,0.0400,493,7,486,0
467,2086780469,vermelho,verde,modelo_proposto,vermelho,0,-3,12,60,120,0.5000,0.0000,252,77,102,73
467,2086780469,vermelho,vermelho,heuristica,vermelho,1,3,12,60,60,1.0000,0.0833,364,53,265,46
467,2086780469,vermelho,azul,reativa,vermelho,0,-3,12,180,120,1.5000,0.0000,140,13,127,0
468,1112072917,azul,verde,modelo_proposto,azul,0,-3,23,110,120,0.9167,0.2727,548,130,293,125
468,1112072917,azul,vermelho,heuristica,azul,0,-3,23,90,110,0.8182,0.2143,508,94,314,100
468,1112072917,azul,azul,reativa,azul,1,3,23,30,0,30.0000,0.0000,403,3,400,0
469,223052448,verde,verde,modelo_proposto,verde,1,3,14,90,60,1.5000,0.0714,281,84,122,75
469,223052448,verde,vermelho,heuristica,verde,0,-3,14,90,120,0.7500,0.0000,523,143,241,139
469,223052448,verde,azul,reativa,verde,0,-3,14,120,120,1.0000,0.0000,211,10,201,0
470,1629194997,vermelho,verde,modelo_proposto,azul,0,-3,24,90,120,0.7500,0.0000,255,77,105,73
470,1629194997,vermelho,vermelho,heuristica,azul,0,-3,24,150,120,1.2500,0.0417,781,119,551,111
470,1629194997,vermelho,azul,reativa,azul,1,3,24,30,30,1.0000,0.0833,444,2,442,0
471,2020547047,azul,verde,modelo_proposto,azul,0,-3,25,90,120,0.7500,0.0588,304,78,151,75
471,2020547047,azul,vermelho,heuristica,azul,0,-3,25,150,120,1.2500,0.0000,897,149,598,150
471,2020547047,azul,azul,reativa,azul,1,3,25,30,30,1.0000,0.0000,614,1,613,0
472,1561709938,verde,verde,modelo_proposto,vermelho,0,-3,16,90,120,0.7500,0.1111,226,73,89,64
472,1561709938,verde,vermelho,heuristica,vermelho,1,3,16,30,30,1.0000,0.0000,375,18,341,16
472,1561709938,verde,azul,reativa,vermelho,0,-3,16,150,120,1.2500,0.0000,249,11,238,0
473,34472910,vermelho,verde,modelo_proposto,verde,1,3,24,30,0,30.0000,0.0000,191,28,139,24
473,34472910,vermelho,vermelho,heuristica,verde,0,-3,24,90,120,0.7500,0.0000,485,103,285,97
473,34472910,vermelho,azul,reativa,verde,0,-3,24,120,120,1.0000,0.0435,483,9,474,0
474,1889495832,azul,verde,modelo_proposto,azul,0,-3,14,50,100,0.5000,0.6250,251,82,95,74
474,1889495832,azul,vermelho,heuristica,azul,0,-3,14,130,110,1.1818,0.6154,593,151,290,152
474,1889495832,azul,azul,reativa,azul,1,3,14,60,30,2.0000,0.0000,301,4,297,0
475,2075334735,verde,verde,modelo_proposto,vermelho,0,-3,13,80,120,0.6667,0.3077,388,87,226,75
475,2075334735,verde,vermelho,heuristica,vermelho,1,3,13,90,10,9.0000,0.3077,516,105,311,100
475,2075334735,verde,azul,reativa,vermelho,0,-3,13,60,100,0.6000,0.3000,200,7,193,0
476,518344282,vermelho,verde,modelo_proposto,verde,1,3,10,60,0,60.0000,0.0000,250,86,115,49
476,518344282,vermelho,vermelho,heuristica,verde,0,-3,10,90,120,0.7500,0.0000,400,103,200,97
476,518344282,vermelho,azul,reativa,verde,0,-3,10,90,120,0.7500,0.0000,158,6,152,0
477,664865225,azul,verde,modelo_proposto,verde,1,3,17,30,0,30.0000,0.0625,99,2,97,0
477,664865225,azul,vermelho,heuristica,verde,0,-3,17,90,120,0.7500,0.0833,516,123,278,115
477,664865225,azul,azul,reativa,verde,0,-3,17,120,120,1.0000,0.0625,303,7,296,0
478,1713655207,verde,verde,modelo_proposto,azul,0,-3,20,90,100,0.9000,0.5000,259,80,105,74
478,1713655207,verde,vermelho,heuristica,azul,0,-3,20,130,120,1.0833,0.2000,798,160,488,150
478,1713655207,verde,azul,reativa,azul,1,3,20,30,30,1.0000,0.0500,463,3,460,0
479,927898304,vermelho,verde,modelo_proposto,vermelho,0,-3,9,150,120,1.2500,0.1250,372,114,158,100
479,927898304,vermelho,vermelho,heuristica,vermelho,1,3,9,30,30,1.0000,0.0000,283,27,231,25
479,927898304,vermelho,azul,reativa,vermelho,0,-3,9,90,120,0.7500,0.0000,56,5,51,0
480,512606905,azul,verde,modelo_proposto,azul,0,-3,17,120,100,1.2000,0.4375,610,273,188,149
480,512606905,azul,vermelho,heuristica,azul,0,-3,17,120,100,1.2000,0.4667,834,286,374,174
480,512606905,azul,azul,reativa,azul,1,3,17,30,70,0.4286,0.3529,361,10,351,0
481,741330521,verde,verde,modelo_proposto,empate,0,-1,100,0,0,0.0000,0.0000,1647,72,1551,24
481,741330521,verde,vermelho,heuristica,empate,0,-1,100,0,0,0.0000,0.0000,2264,23,2217,24
481,741330521,verde,azul,reativa,empate,0,-1,100,0,0,0.0000,0.4500,2401,0,2401,0
482,1245569230,vermelho,verde,modelo_proposto,vermelho,0,-3,27,60,120,0.5000,0.0000,408,116,190,102
482,1245569230,vermelho,vermelho,heuristica,vermelho,1,3,27,60,90,0.6667,0.1481,738,68,599,71
482,1245569230,vermelho,azul,reativa,vermelho,0,-3,27,210,120,1.7500,0.0000,449,15,434,0
483,1772636271,azul,verde,modelo_proposto,azul,0,-3,22,120,120,1.0000,0.0000,599,137,339,123
483,1772636271,azul,vermelho,heuristica,azul,0,-3,22,90,120,0.7500,0.0000,681,121,437,123
483,1772636271,azul,azul,reativa,azul,1,3,22,30,0,30.0000,0.0455,492,2,490,0
484,439522726,verde,verde,modelo_proposto,vermelho,0,-3,23,90,120,0.7500,0.0000,417,100,217,100
484,439522726,verde,vermelho,heuristica,vermelho,1,3,23,30,0,30.0000,0.1304,621,40,541,40
484,439522726,verde,azul,reativa,vermelho,0,-3,23,120,120,1.0000,0.0000,465,7,458,0
485,1210558033,vermelho,verde,modelo_proposto,azul,0,-3,30,120,120,1.0000,0.1034,373,80,218,75
485,1210558033,vermelho,vermelho,heuristica,azul,0,-3,30,90,120,0.7500,0.0000,468,98,273,97
485,1210558033,vermelho,azul,reativa,azul,1,3,30,30,0,30.0000,0.0333,676,2,674,0
486,1816776073,azul,verde,modelo_proposto,verde,1,3,13,30,0,30.0000,0.0833,165,30,110,25
486,1816776073,azul,vermelho,heuristica,verde,0,-3,13,120,100,1.2000,0.2727,498,123,261,114
486,1816776073,azul,azul,reativa,verde,0,-3,13,70,120,0.5833,0.1429,98,7,91,0
487,808127244,verde,verde,modelo_proposto,azul,0,-3,12,90,120,0.7500,0.0000,250,80,95,75
487,808127244,verde,vermelho,heuristica,azul,0,-3,12,150,120,1.2500,0.0000,596,149,297,150
487,808127244,verde,azul,reativa,azul,1,3,12,30,30,1.0000,0.0000,276,3,273,0
488,69747369,vermelho,verde,modelo_proposto,empate,0,-1,100,110,90,1.2222,0.0505,1828,131,1614,83
488,69747369,vermelho,vermelho,heuristica,empate,0,-1,100,90,110,0.8182,0.8571,849,81,707,61
488,69747369,vermelho,azul,reativa,empate,0,-1,100,0,0,0.0000,0.0000,1994,46,1948,0
489,1668374150,azul,verde,modelo_proposto,vermelho,0,-3,13,120,100,1.2000,0.1667,400,111,193,96
489,1668374150,azul,vermelho,heuristica,vermelho,1,3,13,30,0,30.0000,0.0000,341,28,288,25
489,1668374150,azul,azul,reativa,vermelho,0,-3,13,70,120,0.5833,0.1429,101,6,95,0
490,1304348503,verde,verde,modelo_proposto,vermelho,0,-3,24,90,120,0.7500,0.0000,222,75,81,66
490,1304348503,verde,vermelho,heuristica,vermelho,1,3,24,30,0,30.0000,0.0417,691,46,601,44
490,1304348503,verde,azul,reativa,vermelho,0,-3,24,120,120,1.0000,0.0000,450,7,443,0
491,133541920,vermelho,verde,modelo_proposto,azul,0,-3,18,210,120,1.7500,0.1176,726,215,339,172
491,133541920,vermelho,vermelho,heuristica,azul,0,-3,18,30,120,0.2500,0.0833,438,94,276,68
491,133541920,vermelho,azul,reativa,azul,1,3,18,90,90,1.0000,0.0000,352,9,343,0
492,1603595673,azul,verde,modelo_proposto,vermelho,0,-3,18,60,120,0.5000,0.1429,253,77,103,73
492,1603595673,azul,vermelho,heuristica,vermelho,1,3,18,60,60,1.0000,0.0000,515,53,414,48
492,1603595673,azul,azul,reativa,vermelho,0,-3,18,180,120,1.5000,0.0000,286,12,274,0
493,1118675268,verde,verde,modelo_proposto,azul,0,-3,14,120,120,1.0000,0.0000,315,82,158,75
493,1118675268,verde,vermelho,heuristica,azul,0,-3,14,90,120,0.7500,0.0000,280,79,126,75
493,1118675268,verde,azul,reativa,azul,1,3,14,30,0,30.0000,0.0714,326,2,324,0
494,1097557813,vermelho,verde,modelo_proposto,vermelho,0,-3,21,30,120,0.2500,0.0000,494,118,270,106
494,1097557813,vermelho,vermelho,heuristica,vermelho,1,3,21,120,60,2.0000,0.0000,830,172,511,147
494,1097557813,vermelho,azul,reativa,vermelho,0,-3,21,150,120,1.2500,0.0000,323,11,312,0
495,1791619833,azul,verde,modelo_proposto,vermelho,0,-3,22,90,120,0.7500,0.1250,295,83,137,75
495,1791619833,azul,vermelho,heuristica,vermelho,1,3,22,10,60,0.1667,0.1429,622,71,480,71
495,1791619833,azul,azul,reativa,vermelho,0,-3,22,180,100,1.8000,0.1429,382,14,368,0
496,1967010406,verde,verde,modelo_proposto,vermelho,0,-3,21,120,120,1.0000,0.0476,407,99,224,84
496,1967010406,verde,vermelho,heuristica,vermelho,1,3,21,30,0,30.0000,0.0952,602,46,510,46
496,1967010406,verde,azul,reativa,vermelho,0,-3,21,90,120,0.7500,0.0000,219,4,215,0
497,717339568,vermelho,verde,modelo_proposto,empate,0,-1,100,0,0,0.0000,0.0000,4180,1155,1969,1056
497,717339568,vermelho,vermelho,heuristica,empate,0,-1,100,0,0,0.0000,0.0000,2447,0,2447,0
497,717339568,vermelho,azul,reativa,empate,0,-1,100,0,0,0.0000,0.0000,2346,2,2344,0
498,671962700,azul,verde,modelo_proposto,verde,1,3,17,60,60,1.0000,0.1875,199,52,97,50
498,671962700,azul,vermelho,heuristica,verde,0,-3,17,160,120,1.3333,0.4667,734,183,376,175
498,671962700,azul,azul,reativa,verde,0,-3,17,60,100,0.6000,0.7143,106,5,101,0
499,718487412,verde,verde,modelo_proposto,vermelho,0,-3,24,60,120,0.5000,0.1250,755,172,444,139
499,718487412,verde,vermelho,heuristica,vermelho,1,3,24,120,30,4.0000,0.3333,987,201,588,198
499,718487412,verde,azul,reativa,vermelho,0,-3,24,90,120,0.7500,0.0000,175,8,167,0
500,244965602,vermelho,verde,modelo_proposto,azul,0,-3,29,150,120,1.2500,0.1071,711,181,362,168
500,244965602,vermelho,vermelho,heuristica,azul,0,-3,29,90,120,0.7500,0.0000,281,79,127,75
500,244965602,vermelho,azul,reativa,azul,1,3,29,30,30,1.0000,0.0690,619,2,617,0
501,689613760,azul,verde,modelo_proposto,azul,0,-3,65,90,120,0.7500,0.0588,247,69,112,66
501,689613760,azul,vermelho,heuristica,azul,0,-3,65,150,120,1.2500,0.0625,1855,159,1533,163
501,689613760,azul,azul,reativa,azul,1,3,65,30,30,1.0000,0.0154,1116,1,1115,0
502,201796813,verde,verde,modelo_proposto,verde,1,3,13,20,10,2.0000,0.1538,256,85,122,49
502,201796813,verde,vermelho,heuristica,verde,0,-3,13,90,100,0.9000,0.4545,587,160,277,150
502,201796813,verde,azul,reativa,verde,0,-3,13,100,100,1.0000,0.6667,162,9,153,0
503,2095621178,vermelho,verde,modelo_proposto,empate,0,-1,100,0,30,0.0000,0.0000,1896,136,1638,122
503,2095621178,vermelho,vermelho,heuristica,empate,0,-1,100,120,90,1.3333,0.0000,2434,134,2175,125
503,2095621178,vermelho,azul,reativa,empate,0,-1,100,120,120,1.0000,0.0000,154,6,148,0
504,512691303,azul,verde,modelo_proposto,vermelho,0,-3,23,120,120,1.0000,0.0000,510,113,297,100
504,512691303,azul,vermelho,heuristica,vermelho,1,3,23,30,0,30.0000,0.0000,536,27,484,25
504,512691303,azul,azul,reativa,vermelho,0,-3,23,90,120,0.7500,0.0714,281,4,277,0
505,520339085,verde,verde,modelo_proposto,empate,0,-1,100,0,0,0.0000,0.0200,1937,45,1892,0
505,520339085,verde,vermelho,heuristica,empate,0,-1,100,90,120,0.7500,0.0000,354,75,210,69
505,520339085,verde,azul,reativa,empate,0,-1,100,120,90,1.3333,0.0000,1942,51,1891,0
506,319236723,vermelho,verde,modelo_proposto,verde,1,3,21,30,30,1.0000,0.0500,227,27,175,25
506,319236723,vermelho,vermelho,heuristica,verde,0,-3,21,150,120,1.2500,0.1000,780,169,453,158
506,319236723,vermelho,azul,reativa,verde,0,-3,21,90,120,0.7500,0.1818,194,5,189,0
507,1680688708,azul,verde,modelo_proposto,empate,0,-1,100,90,110,0.8182,0.2500,325,110,115,100
507,1680688708,azul,vermelho,heuristica,empate,0,-1,100,0,0,0.0000,0.9293,4590,990,2475,1125
507,1680688708,azul,azul,reativa,empate,0,-1,100,110,90,1.2222,0.0000,2493,6,2487,0
508,887407502,verde,verde,modelo_proposto,azul,0,-3,48,120,120,1.0000,0.0000,646,107,440,99
508,887407502,verde,vermelho,heuristica,azul,0,-3,48,90,120,0.7500,0.0000,487,92,298,97
508,887407502,verde,azul,reativa,azul,1,3,48,30,0,30.0000,0.0000,966,2,964,0
509,191222333,vermelho,verde,modelo_proposto,vermelho,0,-3,19,120,120,1.0000,0.2222,358,89,194,75
509,191222333,vermelho,vermelho,heuristica,vermelho,1,3,19,30,0,30.0000,0.0000,490,23,448,19
509,191222333,vermelho,azul,reativa,vermelho,0,-3,19,90,120,0.7500,0.3333,74,5,69,0
510,608521437,azul,verde,modelo_proposto,vermelho,0,-3,20,80,110,0.7273,0.2308,418,100,218,100
510,608521437,azul,vermelho,heuristica,vermelho,1,3,20,30,60,0.5000,0.0526,577,49,478,50
510,608521437,azul,azul,reativa,vermelho,0,-3,20,170,110,1.5455,0.4211,333,11,322,0
511,656961761,verde,verde,modelo_proposto,vermelho,0,-3,20,120,120,1.0000,0.0500,443,109,238,96
511,656961761,verde,vermelho,heuristica,vermelho,1,3,20,30,0,30.0000,0.0500,554,38,476,40
511,656961761,verde,azul,reativa,vermelho,0,-3,20,90,120,0.7500,0.0769,255,4,251,0
512,310149982,vermelho,verde,modelo_proposto,empate,0,-1,100,0,0,0.0000,0.0000,2093,49,2044,0
512,310149982,vermelho,vermelho,heuristica,empate,0,-1,100,0,0,0.0000,0.0000,2053,48,2005,0
512,310149982,vermelho,azul,reativa,empate,0,-1,100,0,0,0.0000,0.0100,2410,0,2410,0
513,1141277885,azul,verde,modelo_proposto,verde,1,3,24,30,30,1.0000,0.0000,171,28,118,25
513,1141277885,azul,vermelho,heuristica,verde,0,-3,24,90,120,0.7500,0.0000,574,83,413,78
513,1141277885,azul,azul,reativa,verde,0,-3,24,150,120,1.2500,0.0435,447,8,439,0
514,1226790344,verde,verde,modelo_proposto,vermelho,0,-3,10,150,100,1.5000,0.1000,374,110,164,100
514,1226790344,verde,vermelho,heuristica,vermelho,1,3,10,10,30,0.3333,0.1000,294,27,242,25
514,1226790344,verde,azul,reativa,vermelho,0,-3,10,90,120,0.7500,0.0000,82,5,77,0
515,1535129199,vermelho,verde,modelo_proposto,vermelho,0,-3,16,120,120,1.0000,0.0000,488,130,243,115
515,1535129199,vermelho,vermelho,heuristica,vermelho,1,3,16,30,0,30.0000,0.0000,531,63,395,73
515,1535129199,vermelho,azul,reativa,vermelho,0,-3,16,90,120,0.7500,0.0833,228,6,222,0
516,1150841547,azul,verde,modelo_proposto,verde,1,3,16,30,0,30.0000,0.0667,98,2,96,0
516,1150841547,azul,vermelho,heuristica,verde,0,-3,16,120,120,1.0000,0.0714,599,122,352,125
516,1150841547,azul,azul,reativa,verde,0,-3,16,90,120,0.7500,0.2500,234,3,231,0
517,1165334641,verde,verde,modelo_proposto,empate,0,-1,100,0,0,0.0000,0.0000,2065,49,2016,0
517,1165334641,verde,vermelho,heuristica,empate,0,-1,100,0,0,0.0000,0.0000,2021,49,1972,0
517,1165334641,verde,azul,reativa,empate,0,-1,100,0,0,0.0000,0.0100,2130,0,2130,0
518,681806193,vermelho,verde,modelo_proposto,vermelho,0,-3,12,120,120,1.0000,0.2727,470,140,206,124
518,681806193,vermelho,vermelho,heuristica,vermelho,1,3,12,30,0,30.0000,0.0833,310,22,269,19
518,681806193,vermelho,azul,reativa,vermelho,0,-3,12,90,120,0.7500,0.0000,80,4,76,0
519,1279852028,azul,verde,modelo_proposto,vermelho,0,-3,25,90,120,0.7500,0.0000,242,84,83,75
519,1279852028,azul,vermelho,heuristica,vermelho,1,3,25,30,60,0.5000,0.1250,628,32,564,32
519,1279852028,azul,azul,reativa,vermelho,0,-3,25,180,120,1.5000,0.0000,452,10,442,0
520,927686692,verde,verde,modelo_proposto,verde,1,3,31,30,0,30.0000,0.1935,264,31,208,25
520,927686692,verde,vermelho,heuristica,verde,0,-3,31,90,120,0.7500,0.0000,415,81,260,74
520,927686692,verde,azul,reativa,verde,0,-3,31,120,120,1.0000,0.0000,510,10,500,0
521,1035302288,vermelho,verde,modelo_proposto,azul,0,-3,17,90,120,0.7500,0.1538,346,103,150,93
521,1035302288,vermelho,vermelho,heuristica,azul,0,-3,17,150,120,1.2500,0.0588,741,164,414,163
521,1035302288,vermelho,azul,reativa,azul,1,3,17,30,30,1.0000,0.0588,410,2,408,0
522,984794711,azul,verde,modelo_proposto,verde,1,3,23,30,20,1.5000,0.0909,182,26,131,25
522,984794711,azul,vermelho,heuristica,verde,0,-3,23,140,120,1.1667,0.0952,907,202,506,199
522,984794711,azul,azul,reativa,verde,0,-3,23,90,120,0.7500,0.0909,200,5,195,0
523,327484689,verde,verde,modelo_proposto,empate,0,-1,100,0,0,0.0000,0.0000,1443,1,1442,0
523,327484689,verde,vermelho,heuristica,empate,0,-1,100,0,0,0.0000,0.0000,2454,0,2454,0
523,327484689,verde,azul,reativa,empate,0,-1,100,0,0,0.0000,0.0000,2505,2,2503,0
524,386297152,vermelho,verde,modelo_proposto,vermelho,0,-3,12,120,120,1.0000,0.0000,390,110,184,96
524,386297152,vermelho,vermelho,heuristica,vermelho,1,3,12,30,0,30.0000,0.0833,355,27,303,25
524,386297152,vermelho,azul,reativa,vermelho,0,-3,12,90,120,0.7500,0.0000,118,4,114,0
525,349317291,azul,verde,modelo_proposto,vermelho,0,-3,27,90,120,0.7500,0.0000,375,95,191,89
525,349317291,azul,vermelho,heuristica,vermelho,1,3,27,30,30,1.0000,0.0000,588,17,555,16
525,349317291,azul,azul,reativa,vermelho,0,-3,27,150,120,1.2500,0.0000,480,9,471,0
526,2000841264,verde,verde,modelo_proposto,azul,0,-3,23,90,110,0.8182,0.0769,345,81,189,75
526,2000841264,verde,vermelho,heuristica,azul,0,-3,23,110,120,0.9167,0.0870,883,170,548,165
526,2000841264,verde,azul,reativa,azul,1,3,23,30,0,30.0000,0.0435,540,2,538,0
527,1679114366,vermelho,verde,modelo_proposto,verde,1,3,17,150,90,1.6667,0.0625,411,142,170,99
527,1679114366,vermelho,vermelho,heuristica,verde,0,-3,17,60,120,0.5000,0.2308,530,116,323,91
527,1679114366,vermelho,azul,reativa,verde,0,-3,17,120,120,1.0000,0.1250,305,10,295,0
528,54272465,azul,verde,modelo_proposto,vermelho,0,-3,14,120,120,1.0000,0.0000,316,86,155,75
528,54272465,azul,vermelho,heuristica,vermelho,1,3,14,30,0,30.0000,0.1538,320,27,268,25
528,54272465,azul,azul,reativa,vermelho,0,-3,14,90,120,0.7500,0.0000,56,5,51,0
529,2003592322,verde,verde,modelo_proposto,azul,0,-3,26,120,120,1.0000,0.0000,519,108,311,100
529,2003592322,verde,vermelho,heuristica,azul,0,-3,26,90,120,0.7500,0.0000,523,101,322,100
529,2003592322,verde,azul,reativa,azul,1,3,26,30,0,30.0000,0.0000,365,2,363,0
530,1331448970,vermelho,verde,modelo_proposto,azul,0,-3,18,90,120,0.7500,0.0000,295,81,139,75
530,1331448970,vermelho,vermelho,heuristica,azul,0,-3,18,120,120,1.0000,0.0000,687,126,437,124
530,1331448970,vermelho,azul,reativa,azul,1,3,18,30,0,30.0000,0.0000,401,2,399,0
531,482643454,azul,verde,modelo_proposto,azul,0,-3,26,80,120,0.6667,0.5000,422,133,164,125
531,482643454,azul,vermelho,heuristica,azul,0,-3,26,120,110,1.0909,0.2800,987,197,593,197
531,482643454,azul,azul,reativa,azul,1,3,26,30,0,30.0000,0.0385,513,3,510,0
532,1779565378,verde,verde,modelo_proposto,azul,0,-3,16,90,120,0.7500,0.0000,254,78,101,75
532,1779565378,verde,vermelho,heuristica,azul,0,-3,16,150,120,1.2500,0.0000,660,131,404,125
532,1779565378,verde,azul,reativa,azul,1,3,16,30,30,1.0000,0.0625,348,2,346,0
533,2054481438,vermelho,verde,modelo_proposto,verde,1,3,35,30,0,30.0000,0.0882,338,30,283,25
533,2054481438,vermelho,vermelho,heuristica,verde,0,-3,35,120,120,1.0000,0.0294,1072,141,792,139
533,2054481438,vermelho,azul,reativa,verde,0,-3,35,90,120,0.7500,0.0000,157,6,151,0
534,1078675238,azul,verde,modelo_proposto,azul,0,-3,16,120,120,1.0000,0.0667,414,106,212,96
534,1078675238,azul,vermelho,heuristica,azul,0,-3,16,90,120,0.7500,0.0000,417,99,224,94
534,1078675238,azul,azul,reativa,azul,1,3,16,30,0,30.0000,0.0000,332,2,330,0
535,843908336,verde,verde,modelo_proposto,vermelho,0,-3,17,130,100,1.3000,0.3529,808,299,334,175
535,843908336,verde,vermelho,heuristica,vermelho,1,3,17,60,60,1.0000,0.1176,584,75,434,75
535,843908336,verde,azul,reativa,vermelho,0,-3,17,70,100,0.7000,0.3333,309,8,301,0
536,681987113,vermelho,verde,modelo_proposto,azul,0,-3,18,90,120,0.7500,0.0000,263,81,107,75
536,681987113,vermelho,vermelho,heuristica,azul,0,-3,18,150,120,1.2500,0.0000,804,173,456,175
536,681987113,vermelho,azul,reativa,azul,1,3,18,30,30,1.0000,0.2222,416,1,415,0
537,1423106760,azul,verde,modelo_proposto,vermelho,0,-3,14,150,120,1.2500,0.0000,446,135,192,119
537,1423106760,azul,vermelho,heuristica,vermelho,1,3,14,30,30,1.0000,0.0000,330,25,284,21
537,1423106760,azul,azul,reativa,vermelho,0,-3,14,90,120,0.7500,0.0000,57,5,52,0
538,1079511724,verde,verde,modelo_proposto,azul,0,-3,18,70,100,0.7000,0.2857,264,81,108,75
538,1079511724,verde,vermelho,heuristica,azul,0,-3,18,100,100,1.0000,0.1667,675,121,438,116
538,1079511724,verde,azul,reativa,azul,1,3,18,30,0,30.0000,0.0556,388,2,386,0
539,419734749,vermelho,verde,modelo_proposto,azul,0,-3,30,90,110,0.8182,0.0667,399,80,244,75
539,419734749,vermelho,vermelho,heuristica,azul,0,-3,30,110,120,0.9167,0.1000,986,128,733,125
539,419734749,vermelho,azul,reativa,azul,1,3,30,30,0,30.0000,0.0000,697,4,693,0
540,1655343181,azul,verde,modelo_proposto,azul,0,-3,16,90,120,0.7500,0.0769,349,80,194,75
540,1655343181,azul,vermelho,heuristica,azul,0,-3,16,120,120,1.0000,0.0667,624,132,367,125
540,1655343181,azul,azul,reativa,azul,1,3,16,30,0,30.0000,0.0625,366,2,364,0
541,1499152475,verde,verde,modelo_proposto,vermelho,0,-3,16,60,100,0.6000,0.2143,319,83,161,75
541,1499152475,verde,vermelho,heuristica,vermelho,1,3,16,110,90,1.2222,0.3750,938,312,401,225
541,1499152475,verde,azul,reativa,vermelho,0,-3,16,120,100,1.2000,0.3333,294,11,283,0
542,1832667766,vermelho,verde,modelo_proposto,verde,1,3,12,30,20,1.5000,0.2727,162,27,110,25
542,1832667766,vermelho,vermelho,heuristica,verde,0,-3,12,140,120,1.1667,0.1818,529,132,275,122
542,1832667766,vermelho,azul,reativa,verde,0,-3,12,90,120,0.7500,0.0000,82,6,76,0
543,1264378068,azul,verde,modelo_proposto,azul,0,-3,26,90,110,0.8182,0.0769,395,80,240,75
543,1264378068,azul,vermelho,heuristica,azul,0,-3,26,140,120,1.1667,0.1200,883,139,603,141
543,1264378068,azul,azul,reativa,azul,1,3,26,30,30,1.0000,0.0000,608,2,606,0
544,1308472688,verde,verde,modelo_proposto,verde,1,3,15,30,0,30.0000,0.0667,200,27,150,23
544,1308472688,verde,vermelho,heuristica,verde,0,-3,15,90,120,0.7500,0.0000,371,80,218,73
544,1308472688,verde,azul,reativa,verde,0,-3,15,120,120,1.0000,0.0000,228,8,220,0
545,1643580531,vermelho,verde,modelo_proposto,empate,0,-1,100,80,120,0.6667,0.2000,234,72,94,68
545,1643580531,vermelho,vermelho,heuristica,empate,0,-1,100,120,80,1.5000,0.0100,1891,101,1694,96
545,1643580531,vermelho,azul,reativa,empate,0,-1,100,0,0,0.0000,0.0100,1747,0,1747,0
546,639957133,azul,verde,modelo_proposto,vermelho,0,-3,15,120,120,1.0000,0.0000,473,139,211,123
546,639957133,azul,vermelho,heuristica,vermelho,1,3,15,30,0,30.0000,0.1429,390,27,338,25
546,639957133,azul,azul,reativa,vermelho,0,-3,15,90,120,0.7500,0.0000,180,5,175,0
547,1965988595,verde,verde,modelo_proposto,azul,0,-3,19,90,120,0.7500,0.0000,250,78,97,75
547,1965988595,verde,vermelho,heuristica,azul,0,-3,19,120,120,1.0000,0.0000,723,141,437,145
547,1965988595,verde,azul,reativa,azul,1,3,19,30,0,30.0000,0.0000,416,2,414,0
548,785624668,vermelho,verde,modelo_proposto,vermelho,0,-3,22,90,120,0.7500,0.1667,241,82,85,74
548,785624668,vermelho,vermelho,heuristica,vermelho,1,3,22,30,30,1.0000,0.0909,581,35,514,32
548,785624668,vermelho,azul,reativa,vermelho,0,-3,22,150,120,1.2500,0.1905,376,10,366,0
549,474626655,azul,verde,modelo_proposto,azul,0,-3,16,110,120,0.9167,0.2667,307,81,152,74
549,474626655,azul,vermelho,heuristica,azul,0,-3,16,90,110,0.8182,0.3000,384,78,232,74
549,474626655,azul,azul,reativa,azul,1,3,16,30,0,30.0000,0.1875,372,4,368,0
550,1347717309,verde,verde,modelo_proposto,azul,0,-3,17,90,120,0.7500,0.2222,222,70,87,65
550,1347717309,verde,vermelho,heuristica,azul,0,-3,17,150,120,1.2500,0.0000,646,119,415,112
550,1347717309,verde,azul,reativa,azul,1,3,17,30,30,1.0000,0.0000,381,1,380,0
551,1940104168,vermelho,verde,modelo_proposto,vermelho,0,-3,35,90,120,0.7500,0.0000,417,105,212,100
551,1940104168,vermelho,vermelho,heuristica,vermelho,1,3,35,30,60,0.5000,0.0000,861,43,768,50
551,1940104168,vermelho,azul,reativa,vermelho,0,-3,35,180,120,1.5000,0.0000,698,11,687,0
552,1153931505,azul,verde,modelo_proposto,azul,0,-3,23,90,120,0.7500,0.1250,301,81,146,74
552,1153931505,azul,vermelho,heuristica,azul,0,-3,23,150,120,1.2500,0.0909,715,130,459,126
552,1153931505,azul,azul,reativa,azul,1,3,23,30,30,1.0000,0.0435,488,1,487,0
553,2144325616,verde,verde,modelo_proposto,verde,1,3,13,30,0,30.0000,0.0000,72,2,70,0
553,2144325616,verde,vermelho,heuristica,verde,0,-3,13,120,120,1.0000,0.0000,533,125,289,119
553,2144325616,verde,azul,reativa,verde,0,-3,13,90,120,0.7500,0.0000,144,5,139,0
554,30024536,vermelho,verde,modelo_proposto,empate,0,-1,100,90,120,0.7500,0.1818,208,64,89,55
554,30024536,vermelho,vermelho,heuristica,empate,0,-1,100,0,0,0.0000,0.0100,2309,23,2286,0
554,30024536,vermelho,azul,reativa,empate,0,-1,100,120,90,1.3333,0.0100,1557,32,1525,0
555,1910399178,azul,verde,modelo_proposto,verde,1,3,12,30,30,1.0000,0.0000,114,27,63,24
555,1910399178,azul,vermelho,heuristica,verde,0,-3,12,90,120,0.7500,0.1667,302,81,146,75
555,1910399178,azul,azul,reativa,verde,0,-3,12,150,120,1.2500,0.0000,159,8,151,0
556,1783435411,verde,verde,modelo_proposto,vermelho,0,-3,30,90,120,0.7500,0.0000,408,99,210,99
556,1783435411,verde,vermelho,heuristica,vermelho,1,3,30,30,0,30.0000,0.1333,776,44,682,50
556,1783435411,verde,azul,reativa,vermelho,0,-3,30,120,120,1.0000,0.0000,627,7,620,0
557,2033767092,vermelho,verde,modelo_proposto,vermelho,0,-3,22,150,120,1.2500,0.0476,585,166,312,107
557,2033767092,vermelho,vermelho,heuristica,vermelho,1,3,22,30,30,1.0000,0.0000,510,17,477,16
557,2033767092,vermelho,azul,reativa,vermelho,0,-3,22,90,120,0.7500,0.0000,333,6,327,0
558,1903858974,azul,verde,modelo_proposto,verde,1,3,14,30,0,30.0000,0.0769,260,33,202,25
558,1903858974,azul,vermelho,heuristica,verde,0,-3,14,120,120,1.0000,0.0000,589,165,286,138
558,1903858974,azul,azul,reativa,verde,0,-3,14,90,120,0.7500,0.0833,229,7,222,0
559,1761344236,verde,verde,modelo_proposto,vermelho,0,-3,19,120,120,1.0000,0.0000,455,113,242,100
559,1761344236,verde,vermelho,heuristica,vermelho,1,3,19,30,0,30.0000,0.1053,507,24,461,22
559,1761344236,verde,azul,reativa,vermelho,0,-3,19,90,120,0.7500,0.0909,207,5,202,0
560,822547579,vermelho,verde,modelo_proposto,vermelho,0,-3,20,120,120,1.0000,0.0000,548,140,283,125
560,822547579,vermelho,vermelho,heuristica,vermelho,1,3,20,30,0,30.0000,0.0000,529,26,480,23
560,822547579,vermelho,azul,reativa,vermelho,0,-3,20,90,120,0.7500,0.0000,256,5,251,0
561,369036526,azul,verde,modelo_proposto,vermelho,0,-3,41,90,120,0.7500,0.0000,334,110,126,98
561,369036526,azul,vermelho,heuristica,vermelho,1,3,41,30,0,30.0000,0.0000,688,44,601,43
561,369036526,azul,azul,reativa,vermelho,0,-3,41,120,120,1.0000,0.0500,862,8,854,0
562,385294681,verde,verde,modelo_proposto,vermelho,0,-3,25,150,120,1.2500,0.0800,675,169,349,157
562,385294681,verde,vermelho,heuristica,vermelho,1,3,25,30,30,1.0000,0.0400,654,52,554,48
562,385294681,verde,azul,reativa,vermelho,0,-3,25,90,120,0.7500,0.0000,79,6,73,0
563,1351163531,vermelho,verde,modelo_proposto,azul,0,-3,17,120,120,1.0000,0.1250,482,108,274,100
563,1351163531,vermelho,vermelho,heuristica,azul,0,-3,17,90,120,0.7500,0.0769,521,95,326,100
563,1351163531,vermelho,azul,reativa,azul,1,3,17,30,0,30.0000,0.0000,417,2,415,0
564,788961864,azul,verde,modelo_proposto,vermelho,0,-3,24,120,120,1.0000,0.0435,459,112,249,98
564,788961864,azul,vermelho,heuristica,vermelho,1,3,24,30,0,30.0000,0.0000,696,67,560,69
564,788961864,azul,azul,reativa,vermelho,0,-3,24,90,120,0.7500,0.0000,81,5,76,0
565,503141246,verde,verde,modelo_proposto,azul,0,-3,48,90,120,0.7500,0.1111,257,74,113,70
565,503141246,verde,vermelho,heuristica,azul,0,-3,48,150,120,1.2500,0.0417,1404,136,1131,137
565,503141246,verde,azul,reativa,azul,1,3,48,30,30,1.0000,0.0833,1090,2,1088,0
566,1238521743,vermelho,verde,modelo_proposto,azul,0,-3,40,150,120,1.2500,0.0769,762,146,471,145
566,1238521743,vermelho,vermelho,heuristica,azul,0,-3,40,90,120,0.7500,0.0769,534,104,330,100
566,1238521743,vermelho,azul,reativa,azul,1,3,40,30,30,1.0000,0.0000,771,1,770,0
567,885807520,azul,verde,modelo_proposto,vermelho,0,-3,11,110,110,1.0000,0.3000,289,83,134,72
567,885807520,azul,vermelho,heuristica,vermelho,1,3,11,30,0,30.0000,0.0000,303,27,251,25
567,885807520,azul,azul,reativa,vermelho,0,-3,11,80,110,0.7273,0.7143,95,5,90,0
568,267902503,verde,verde,modelo_proposto,azul,0,-3,21,150,120,1.2500,0.2857,608,172,296,140
568,267902503,verde,vermelho,heuristica,azul,0,-3,21,60,120,0.5000,0.1333,625,155,355,115
568,267902503,verde,azul,reativa,azul,1,3,21,90,60,1.5000,0.1905,454,10,444,0
569,1922683726,vermelho,verde,modelo_proposto,vermelho,0,-3,22,90,120,0.7500,0.0000,249,84,90,75
569,1922683726,vermelho,vermelho,heuristica,vermelho,1,3,22,30,30,1.0000,0.0455,647,50,549,48
569,1922683726,vermelho,azul,reativa,vermelho,0,-3,22,150,120,1.2500,0.0476,408,9,399,0
570,2065365347,azul,verde,modelo_proposto,azul,0,-3,15,120,120,1.0000,0.0000,389,101,189,99
570,2065365347,azul,vermelho,heuristica,azul,0,-3,15,90,120,0.7500,0.0000,332,86,161,85
570,2065365347,azul,azul,reativa,azul,1,3,15,30,0,30.0000,0.0667,333,3,330,0
571,322353062,verde,verde,modelo_proposto,vermelho,0,-3,22,90,120,0.7500,0.0000,396,117,202,77
571,322353062,verde,vermelho,heuristica,vermelho,1,3,22,30,30,1.0000,0.0000,556,32,499,25
571,322353062,verde,azul,reativa,vermelho,0,-3,22,150,120,1.2500,0.0000,322,15,307,0
572,1785633287,vermelho,verde,modelo_proposto,vermelho,0,-3,31,90,120,0.7500,0.0000,362,88,186,88
572,1785633287,vermelho,vermelho,heuristica,vermelho,1,3,31,30,30,1.0000,0.0645,818,41,733,44
572,1785633287,vermelho,azul,reativa,vermelho,0,-3,31,150,120,1.2500,0.0000,630,9,621,0
573,753257138,azul,verde,modelo_proposto,vermelho,0,-3,15,90,120,0.7500,0.0000,321,102,145,74
573,753257138,azul,vermelho,heuristica,vermelho,1,3,15,30,0,30.0000,0.1429,560,110,350,100
573,753257138,azul,azul,reativa,vermelho,0,-3,15,120,120,1.0000,0.0000,230,6,224,0
574,1429681041,verde,verde,modelo_proposto,azul,0,-3,26,90,120,0.7500,0.0000,284,80,129,75
574,1429681041,verde,vermelho,heuristica,azul,0,-3,26,120,120,1.0000,0.0385,785,105,580,100
574,1429681041,verde,azul,reativa,azul,1,3,26,30,0,30.0000,0.0000,467,3,464,0
575,599050119,vermelho,verde,modelo_proposto,empate,0,-1,100,0,0,0.0000,0.0101,2057,49,2008,0
575,599050119,vermelho,vermelho,heuristica,empate,0,-1,100,0,0,0.0000,0.0000,2566,0,2566,0
575,599050119,vermelho,azul,reativa,empate,0,-1,100,0,0,0.0000,0.0000,2009,49,1960,0
576,880987394,azul,verde,modelo_proposto,azul,0,-3,24,90,120,0.7500,0.0833,375,107,169,99
576,880987394,azul,vermelho,heuristica,azul,0,-3,24,150,120,1.2500,0.0000,765,130,508,127
576,880987394,azul,azul,reativa,azul,1,3,24,30,30,1.0000,0.0000,544,1,543,0
577,1671317880,verde,verde,modelo_proposto,azul,0,-3,13,150,110,1.3636,0.3077,384,112,173,99
577,1671317880,verde,vermelho,heuristica,azul,0,-3,13,50,120,0.4167,0.3333,322,69,191,62
577,1671317880,verde,azul,reativa,azul,1,3,13,60,30,2.0000,0.0000,284,4,280,0
578,1667218631,vermelho,verde,modelo_proposto,verde,1,3,20,30,0,30.0000,0.0000,91,2,89,0
578,1667218631,vermelho,vermelho,heuristica,verde,0,-3,20,120,120,1.0000,0.0000,731,130,476,125
578,1667218631,vermelho,azul,reativa,verde,0,-3,20,90,120,0.7500,0.1176,331,4,327,0
579,1360865676,azul,verde,modelo_proposto,vermelho,0,-3,21,150,120,1.2500,0.0000,588,169,269,150
579,1360865676,azul,vermelho,heuristica,vermelho,1,3,21,30,30,1.0000,0.1500,519,21,480,18
579,1360865676,azul,azul,reativa,vermelho,0,-3,21,90,120,0.7500,0.1429,282,4,278,0
580,969768113,verde,verde,modelo_proposto,verde,1,3,13,90,30,3.0000,0.1538,243,58,135,50
580,969768113,verde,vermelho,heuristica,verde,0,-3,13,120,120,1.0000,0.0000,547,121,301,125
580,969768113,verde,azul,reativa,verde,0,-3,13,60,120,0.5000,0.0000,183,2,181,0
581,828045317,vermelho,verde,modelo_proposto,empate,0,-1,100,120,90,1.3333,0.0000,4365,1199,2050,1116
581,828045317,vermelho,vermelho,heuristica,empate,0,-1,100,90,120,0.7500,0.0000,377,105,172,100
581,828045317,vermelho,azul,reativa,empate,0,-1,100,0,0,0.0000,0.0000,2099,1,2098,0
582,1609858943,azul,verde,modelo_proposto,vermelho,0,-3,41,60,120,0.5000,0.3750,136,38,65,33
582,1609858943,azul,vermelho,heuristica,vermelho,1,3,41,50,30,1.6667,0.1000,1121,71,975,75
582,1609858943,azul,azul,reativa,vermelho,0,-3,41,150,110,1.3636,0.0750,766,8,758,0
583,657787211,verde,verde,modelo_proposto,verde,1,3,23,90,60,1.5000,0.1304,402,111,217,74
583,657787211,verde,vermelho,heuristica,verde,0,-3,23,150,120,1.2500,0.0000,718,155,441,122
583,657787211,verde,azul,reativa,verde,0,-3,23,60,120,0.5000,0.1176,361,5,356,0
584,1500741286,vermelho,verde,modelo_proposto,azul,0,-3,19,150,120,1.2500,0.0556,585,160,275,150
584,1500741286,vermelho,vermelho,heuristica,azul,0,-3,19,90,120,0.7500,0.0000,539,78,386,75
584,1500741286,vermelho,azul,reativa,azul,1,3,19,30,30,1.0000,0.1053,437,5,432,0
585,1216752255,azul,verde,modelo_proposto,verde,1,3,15,30,0,30.0000,0.0714,70,2,68,0
585,1216752255,azul,vermelho,heuristica,verde,0,-3,15,120,120,1.0000,0.0000,368,74,223,71
585,1216752255,azul,azul,reativa,verde,0,-3,15,90,120,0.7500,0.0000,143,5,138,0
586,170355655,verde,verde,modelo_proposto,azul,0,-3,11,90,120,0.7500,0.2500,259,76,112,71
586,170355655,verde,vermelho,heuristica,azul,0,-3,11,120,120,1.0000,0.0909,495,114,264,117
586,170355655,verde,azul,reativa,azul,1,3,11,30,0,30.0000,0.0000,258,2,256,0
587,522938142,vermelho,verde,modelo_proposto,empate,0,-1,100,120,90,1.3333,0.0000,4622,1092,2380,1150
587,522938142,vermelho,vermelho,heuristica,empate,0,-1,100,0,0,0.0000,0.0100,2589,25,2539,25
587,522938142,vermelho,azul,reativa,empate,0,-1,100,90,120,0.7500,0.0667,313,6,307,0
588,1224265644,azul,verde,modelo_proposto,azul,0,-3,31,90,120,0.7500,0.0769,251,76,104,71
588,1224265644,azul,vermelho,heuristica,azul,0,-3,31,150,120,1.2500,0.0667,1036,167,710,159
588,1224265644,azul,azul,reativa,azul,1,3,31,30,30,1.0000,0.0000,692,3,689,0
589,2071903378,verde,verde,modelo_proposto,azul,0,-3,15,90,120,0.7500,0.0000,263,81,107,75
589,2071903378,verde,vermelho,heuristica,azul,0,-3,15,150,120,1.2500,0.0667,599,122,362,115
589,2071903378,verde,azul,reativa,azul,1,3,15,30,30,1.0000,0.0667,322,2,320,0
590,239551354,vermelho,verde,modelo_proposto,verde,1,3,13,30,0,30.0000,0.0000,271,80,143,48
590,239551354,vermelho,vermelho,heuristica,verde,0,-3,13,120,120,1.0000,0.0000,544,124,297,123
590,239551354,vermelho,azul,reativa,verde,0,-3,13,90,120,0.7500,0.0000,134,4,130,0
591,1331453486,azul,verde,modelo_proposto,azul,0,-3,25,90,120,0.7500,0.0000,216,70,81,65
591,1331453486,azul,vermelho,heuristica,azul,0,-3,25,150,120,1.2500,0.0833,795,122,558,115
591,1331453486,azul,azul,reativa,azul,1,3,25,30,30,1.0000,0.0000,540,2,538,0
592,700635290,verde,verde,modelo_proposto,azul,0,-3,18,90,120,0.7500,0.0000,276,81,120,75
592,700635290,verde,vermelho,heuristica,azul,0,-3,18,150,120,1.2500,0.0556,711,133,453,125
592,700635290,verde,azul,reativa,azul,1,3,18,30,30,1.0000,0.0000,431,1,430,0
593,1793610634,vermelho,verde,modelo_proposto,verde,1,3,12,30,0,30.0000,0.0000,179,25,137,17
593,1793610634,vermelho,vermelho,heuristica,verde,0,-3,12,120,120,1.0000,0.1818,453,115,235,103
593,1793610634,vermelho,azul,reativa,verde,0,-3,12,90,120,0.7500,0.0000,117,6,111,0
594,1428201362,azul,verde,modelo_proposto,vermelho,0,-3,26,60,120,0.5000,0.0000,266,63,144,59
594,1428201362,azul,vermelho,heuristica,vermelho,1,3,26,60,30,2.0000,0.1600,667,36,599,32
594,1428201362,azul,azul,reativa,vermelho,0,-3,26,150,120,1.2500,0.0000,473,10,463,0
595,40425461,verde,verde,modelo_proposto,verde,1,3,13,30,0,30.0000,0.0769,125,29,71,25
595,40425461,verde,vermelho,heuristica,verde,0,-3,13,120,120,1.0000,0.0000,476,112,263,101
595,40425461,verde,azul,reativa,verde,0,-3,13,90,120,0.7500,0.0000,111,5,106,0
596,1462276455,vermelho,verde,modelo_proposto,azul,0,-3,18,120,120,1.0000,0.0000,539,160,261,118
596,1462276455,vermelho,vermelho,heuristica,azul,0,-3,18,60,120,0.5000,0.0000,528,144,314,70
596,1462276455,vermelho,azul,reativa,azul,1,3,18,150,90,1.6667,0.0000,332,11,321,0
597,2054249709,azul,verde,modelo_proposto,vermelho,0,-3,25,30,100,0.3000,0.6667,275,74,136,65
597,2054249709,azul,vermelho,heuristica,vermelho,1,3,25,90,60,1.5000,0.0417,730,79,578,73
597,2054249709,azul,azul,reativa,vermelho,0,-3,25,160,120,1.3333,0.3333,415,11,404,0
598,630302914,verde,verde,modelo_proposto,vermelho,0,-3,27,90,120,0.7500,0.0000,297,91,126,80
598,630302914,verde,vermelho,heuristica,vermelho,1,3,27,20,30,0.6667,0.0741,671,19,636,16
598,630302914,verde,azul,reativa,vermelho,0,-3,27,150,110,1.3636,0.1538,511,10,501,0
599,1951134645,vermelho,verde,modelo_proposto,azul,0,-3,29,80,100,0.8000,0.1818,334,106,128,100
599,1951134645,vermelho,vermelho,heuristica,azul,0,-3,29,130,110,1.1818,0.1724,1174,227,723,224
599,1951134645,vermelho,azul,reativa,azul,1,3,29,30,30,1.0000,0.0000,589,2,587,0
600,1030142316,azul,verde,modelo_proposto,vermelho,0,-3,16,140,120,1.1667,0.2000,610,216,269,125
600,1030142316,azul,vermelho,heuristica,vermelho,1,3,16,30,20,1.5000,0.1333,472,51,372,49
600,1030142316,azul,azul,reativa,vermelho,0,-3,16,90,120,0.7500,0.0000,229,7,222,0
601,1015889351,verde,verde,modelo_proposto,azul,0,-3,23,80,100,0.8000,0.2727,346,80,191,75
601,1015889351,verde,vermelho,heuristica,azul,0,-3,23,130,110,1.1818,0.2174,831,150,539,142
601,1015889351,verde,azul,reativa,azul,1,3,23,30,30,1.0000,0.0000,534,2,532,0
602,205782876,vermelho,verde,modelo_proposto,azul,0,-3,10,120,120,1.0000,0.0000,369,107,162,100
602,205782876,vermelho,vermelho,heuristica,azul,0,-3,10,90,120,0.7500,0.0000,355,105,150,100
602,205782876,vermelho,azul,reativa,azul,1,3,10,30,0,30.0000,0.0000,230,2,228,0
603,1233340021,azul,verde,modelo_proposto,vermelho,0,-3,19,90,120,0.7500,0.3333,420,110,212,98
603,1233340021,azul,vermelho,heuristica,vermelho,1,3,19,30,0,30.0000,0.1111,476,28,424,24
603,1233340021,azul,azul,reativa,vermelho,0,-3,19,120,120,1.0000,0.0000,345,8,337,0
604,2014491557,verde,verde,modelo_proposto,azul,0,-3,12,150,110,1.3636,0.1667,496,175,184,137
604,2014491557,verde,vermelho,heuristica,azul,0,-3,12,80,120,0.6667,0.0000,372,81,216,75
604,2014491557,verde,azul,reativa,azul,1,3,12,30,30,1.0000,0.0000,262,4,258,0
605,1314928140,vermelho,verde,modelo_proposto,azul,0,-3,16,100,120,0.8333,0.2667,450,109,242,99
605,1314928140,vermelho,vermelho,heuristica,azul,0,-3,16,90,100,0.9000,0.2727,473,104,270,99
605,1314928140,vermelho,azul,reativa,azul,1,3,16,30,0,30.0000,0.1250,364,2,362,0
606,1869575208,azul,verde,modelo_proposto,vermelho,0,-3,17,120,120,1.0000,0.0000,370,110,164,96
606,1869575208,azul,vermelho,heuristica,vermelho,1,3,17,30,0,30.0000,0.0625,441,27,389,25
606,1869575208,azul,azul,reativa,vermelho,0,-3,17,90,120,0.7500,0.0000,197,5,192,0
607,412083840,verde,verde,modelo_proposto,azul,0,-3,17,110,110,1.0000,0.1765,501,191,210,100
607,412083840,verde,vermelho,heuristica,azul,0,-3,17,60,120,0.5000,0.0833,433,72,294,67
607,412083840,verde,azul,reativa,azul,1,3,17,140,80,1.7500,0.4118,303,13,290,0
608,1705502126,vermelho,verde,modelo_proposto,verde,1,3,16,30,30,1.0000,0.0000,139,28,86,25
608,1705502126,vermelho,vermelho,heuristica,verde,0,-3,16,90,120,0.7500,0.0000,403,93,226,84
608,1705502126,vermelho,azul,reativa,verde,0,-3,16,150,120,1.2500,0.0000,238,9,229,0
609,360032754,azul,verde,modelo_proposto,vermelho,0,-3,31,120,120,1.0000,0.0333,447,87,285,75
609,360032754,azul,vermelho,heuristica,vermelho,1,3,31,30,0,30.0000,0.0000,808,43,717,48
609,360032754,azul,azul,reativa,vermelho,0,-3,31,90,120,0.7500,0.0000,107,6,101,0
610,1703396810,verde,verde,modelo_proposto,verde,1,3,20,30,30,1.0000,0.0000,336,27,284,25
610,1703396810,verde,vermelho,heuristica,verde,0,-3,20,150,120,1.2500,0.3158,733,151,436,146
610,1703396810,verde,azul,reativa,verde,0,-3,20,90,120,0.7500,0.0000,128,7,121,0
611,1813539174,vermelho,verde,modelo_proposto,azul,0,-3,20,150,120,1.2500,0.1053,678,239,271,168
611,1813539174,vermelho,vermelho,heuristica,azul,0,-3,20,30,120,0.2500,0.3077,403,83,242,78
611,1813539174,vermelho,azul,reativa,azul,1,3,20,150,90,1.6667,0.2000,327,11,316,0
612,1326081846,azul,verde,modelo_proposto,verde,1,3,35,60,60,1.0000,0.0588,566,56,460,50
612,1326081846,azul,vermelho,heuristica,verde,0,-3,35,60,120,0.5000,0.0000,531,59,410,62
612,1326081846,azul,azul,reativa,verde,0,-3,35,180,120,1.5000,0.0000,693,10,683,0
613,1251722137,verde,verde,modelo_proposto,verde,1,3,35,150,90,1.6667,0.0571,596,167,306,123
613,1251722137,verde,vermelho,heuristica,verde,0,-3,35,120,120,1.0000,0.0000,950,176,688,86
613,1251722137,verde,azul,reativa,verde,0,-3,35,60,120,0.5000,0.0000,528,18,510,0
614,279383135,vermelho,verde,modelo_proposto,empate,0,-1,100,120,90,1.3333,0.0303,1931,100,1743,88
614,279383135,vermelho,vermelho,heuristica,empate,0,-1,100,0,0,0.0000,0.0000,1246,0,1246,0
614,279383135,vermelho,azul,reativa,empate,0,-1,100,90,120,0.7500,0.0000,148,5,143,0
615,2053490072,azul,verde,modelo_proposto,verde,1,3,11,30,30,1.0000,0.1000,108,28,55,25
615,2053490072,azul,vermelho,heuristica,verde,0,-3,11,150,120,1.2500,0.0000,486,133,228,125
615,2053490072,azul,azul,reativa,verde,0,-3,11,90,120,0.7500,0.0000,58,6,52,0
616,469087286,verde,verde,modelo_proposto,verde,1,3,19,30,0,30.0000,0.0000,182,29,128,25
616,469087286,verde,vermelho,heuristica,verde,0,-3,19,90,120,0.7500,0.0667,672,146,376,150
616,469087286,verde,azul,reativa,verde,0,-3,19,120,120,1.0000,0.0000,345,7,338,0
617,244808538,vermelho,verde,modelo_proposto,verde,1,3,26,30,30,1.0000,0.0400,180,28,127,25
617,244808538,vermelho,vermelho,heuristica,verde,0,-3,26,90,120,0.7500,0.0667,458,59,346,53
617,244808538,vermelho,azul,reativa,verde,0,-3,26,150,120,1.2500,0.0800,477,9,468,0
618,1697912004,azul,verde,modelo_proposto,verde,1,3,16,30,0,30.0000,0.0667,156,28,103,25
618,1697912004,azul,vermelho,heuristica,verde,0,-3,16,90,120,0.7500,0.0833,485,91,297,97
618,1697912004,azul,azul,reativa,verde,0,-3,16,120,120,1.0000,0.1333,275,7,268,0
619,1196957329,verde,verde,modelo_proposto,vermelho,0,-3,11,150,120,1.2500,0.0000,509,143,232,134
619,1196957329,verde,vermelho,heuristica,vermelho,1,3,11,30,30,1.0000,0.0000,324,24,277,23
619,1196957329,verde,azul,reativa,vermelho,0,-3,11,90,120,0.7500,0.0000,55,4,51,0
620,279705624,vermelho,verde,modelo_proposto,vermelho,0,-3,20,90,120,0.7500,0.0000,223,76,81,66
620,279705624,vermelho,vermelho,heuristica,vermelho,1,3,20,30,0,30.0000,0.0000,531,29,470,32
620,279705624,vermelho,azul,reativa,vermelho,0,-3,20,120,120,1.0000,0.0526,362,8,354,0
621,440487415,azul,verde,modelo_proposto,verde,1,3,15,30,30,1.0000,0.3571,116,26,68,22
621,440487415,azul,vermelho,heuristica,verde,0,-3,15,150,120,1.2500,0.0000,627,158,322,147
621,440487415,azul,azul,reativa,verde,0,-3,15,90,120,0.7500,0.1429,107,6,101,0
622,532420518,verde,verde,modelo_proposto,azul,0,-3,9,90,120,0.7500,0.0000,237,77,88,72
622,532420518,verde,vermelho,heuristica,azul,0,-3,9,120,120,1.0000,0.0000,411,99,218,94
622,532420518,verde,azul,reativa,azul,1,3,9,30,0,30.0000,0.2222,202,2,200,0
623,1534020729,vermelho,verde,modelo_proposto,vermelho,0,-3,13,120,120,1.0000,0.0000,386,113,173,100
623,1534020729,vermelho,vermelho,heuristica,vermelho,1,3,13,30,0,30.0000,0.1538,380,27,328,25
623,1534020729,vermelho,azul,reativa,vermelho,0,-3,13,90,120,0.7500,0.0000,103,4,99,0
624,1330977352,azul,verde,modelo_proposto,empate,0,-1,100,0,0,0.0000,0.4848,3621,947,1819,855
624,1330977352,azul,vermelho,heuristica,empate,0,-1,100,0,0,0.0000,0.4747,2179,24,2135,20
624,1330977352,azul,azul,reativa,empate,0,-1,100,0,0,0.0000,0.0000,2366,0,2366,0
625,1339491093,verde,verde,modelo_proposto,vermelho,0,-3,17,90,120,0.7500,0.0000,253,83,96,74
625,1339491093,verde,vermelho,heuristica,vermelho,1,3,17,30,0,30.0000,0.0588,471,27,419,25
625,1339491093,verde,azul,reativa,vermelho,0,-3,17,120,120,1.0000,0.0000,294,7,287,0
626,2136906327,vermelho,verde,modelo_proposto,vermelho,0,-3,15,90,120,0.7500,0.1111,230,75,90,65
626,2136906327,vermelho,vermelho,heuristica,vermelho,1,3,15,30,0,30.0000,0.0667,416,21,377,18
626,2136906327,vermelho,azul,reativa,vermelho,0,-3,15,120,120,1.0000,0.0714,252,8,244,0
627,523294266,azul,verde,modelo_proposto,verde,1,3,14,30,0,30.0000,0.2308,72,2,70,0
627,523294266,azul,vermelho,heuristica,verde,0,-3,14,120,120,1.0000,0.0000,490,133,253,104
627,523294266,azul,azul,reativa,verde,0,-3,14,90,120,0.7500,0.0000,223,7,216,0
628,1234858072,verde,verde,modelo_proposto,empate,0,-1,100,0,0,0.0000,0.0000,1447,49,1398,0
628,1234858072,verde,vermelho,heuristica,empate,0,-1,100,0,0,0.0000,0.4600,2576,0,2576,0
628,1234858072,verde,azul,reativa,empate,0,-1,100,0,0,0.0000,0.0000,1974,49,1925,0
629,130403733,vermelho,verde,modelo_proposto,vermelho,0,-3,16,80,120,0.6667,0.2143,366,161,132,73
629,130403733,vermelho,vermelho,heuristica,vermelho,1,3,16,140,60,2.3333,0.0625,700,173,382,145
629,130403733,vermelho,azul,reativa,vermelho,0,-3,16,60,100,0.6000,0.2000,310,6,304,0
630,444026286,azul,verde,modelo_proposto,azul,0,-3,12,90,110,0.8182,0.2500,206,64,81,61
630,444026286,azul,vermelho,heuristica,azul,0,-3,12,110,120,0.9167,0.3636,467,111,247,109
630,444026286,azul,azul,reativa,azul,1,3,12,30,0,30.0000,0.0833,260,2,258,0
631,1706054446,verde,verde,modelo_proposto,verde,1,3,18,30,30,1.0000,0.1667,181,27,129,25
631,1706054446,verde,vermelho,heuristica,verde,0,-3,18,150,120,1.2500,0.1176,777,176,426,175
631,1706054446,verde,azul,reativa,verde,0,-3,18,90,120,0.7500,0.0000,229,3,226,0
632,1251267710,vermelho,verde,modelo_proposto,azul,0,-3,34,80,120,0.6667,0.1111,276,75,130,71
632,1251267710,vermelho,vermelho,heuristica,azul,0,-3,34,160,100,1.6000,0.6176,1061,167,728,166
632,1251267710,vermelho,azul,reativa,azul,1,3,34,20,40,0.5000,0.2059,760,4,756,0
633,1966057535,azul,verde,modelo_proposto,verde,1,3,16,60,60,1.0000,0.0000,310,74,171,65
633,1966057535,azul,vermelho,heuristica,verde,0,-3,16,120,120,1.0000,0.1667,597,168,286,143
633,1966057535,azul,azul,reativa,verde,0,-3,16,120,120,1.0000,0.0000,267,11,256,0
634,1965943761,verde,verde,modelo_proposto,vermelho,0,-3,23,90,120,0.7500,0.1429,450,105,245,100
634,1965943761,verde,vermelho,heuristica,vermelho,1,3,23,30,0,30.0000,0.1304,556,18,522,16
634,1965943761,verde,azul,reativa,vermelho,0,-3,23,120,120,1.0000,0.0000,456,7,449,0
635,768926301,vermelho,verde,modelo_proposto,empate,0,-1,100,0,0,0.0000,0.4747,2050,48,2002,0
635,768926301,vermelho,vermelho,heuristica,empate,0,-1,100,0,0,0.0000,0.0500,2491,0,2491,0
635,768926301,vermelho,azul,reativa,empate,0,-1,100,0,0,0.0000,0.0100,2066,47,2019,0
636,1881604470,azul,verde,modelo_proposto,azul,0,-3,16,90,120,0.7500,0.0000,246,80,91,75
636,1881604470,azul,vermelho,heuristica,azul,0,-3,16,140,110,1.2727,0.1333,682,153,379,150
636,1881604470,azul,azul,reativa,azul,1,3,16,20,20,1.0000,0.2500,346,1,345,0
637,1256005152,verde,verde,modelo_proposto,vermelho,0,-3,23,90,120,0.7500,0.0000,369,85,209,75
637,1256005152,verde,vermelho,heuristica,vermelho,1,3,23,30,0,30.0000,0.0435,622,35,549,38
637,1256005152,verde,azul,reativa,vermelho,0,-3,23,120,120,1.0000,0.0000,451,7,444,0
638,866370088,vermelho,verde,modelo_proposto,vermelho,0,-3,24,90,120,0.7500,0.3846,476,155,196,125
638,866370088,vermelho,vermelho,heuristica,vermelho,1,3,24,30,30,1.0000,0.1667,704,55,582,67
638,866370088,vermelho,azul,reativa,vermelho,0,-3,24,150,120,1.2500,0.1304,462,13,449,0
639,453976170,azul,verde,modelo_proposto,azul,0,-3,25,140,110,1.2727,0.5000,631,162,321,148
639,453976170,azul,vermelho,heuristica,azul,0,-3,25,40,100,0.4000,0.6667,587,154,287,146
639,453976170,azul,azul,reativa,azul,1,3,25,70,40,1.7500,0.1600,449,6,443,0
640,960568082,verde,verde,modelo_proposto,verde,1,3,15,30,0,30.0000,0.1333,157,29,103,25
640,960568082,verde,vermelho,heuristica,verde,0,-3,15,120,100,1.2000,0.5000,792,216,351,225
640,960568082,verde,azul,reativa,verde,0,-3,15,70,120,0.5833,0.5556,111,8,103,0
641,1262463845,vermelho,verde,modelo_proposto,vermelho,0,-3,14,90,120,0.7500,0.1429,343,110,133,100
641,1262463845,vermelho,vermelho,heuristica,vermelho,1,3,14,30,10,3.0000,0.2143,403,26,352,25
641,1262463845,vermelho,azul,reativa,vermelho,0,-3,14,130,120,1.0833,0.0000,214,9,205,0
642,1248811076,azul,verde,modelo_proposto,verde,1,3,28,30,30,1.0000,0.1852,167,28,114,25
642,1248811076,azul,vermelho,heuristica,verde,0,-3,28,150,120,1.2500,0.0000,938,159,629,150
642,1248811076,azul,azul,reativa,verde,0,-3,28,90,120,0.7500,0.0909,207,5,202,0
643,1493478306,verde,verde,modelo_proposto,azul,0,-3,13,110,110,1.0000,0.5385,448,132,193,123
643,1493478306,verde,vermelho,heuristica,azul,0,-3,13,80,110,0.7273,0.5000,445,125,198,122
643,1493478306,verde,azul,reativa,azul,1,3,13,30,0,30.0000,0.0769,306,2,304,0
644,665279136,vermelho,verde,modelo_proposto,azul,0,-3,24,70,100,0.7000,0.2500,270,81,114,75
644,665279136,vermelho,vermelho,heuristica,azul,0,-3,24,130,100,1.3000,0.2917,937,174,595,168
644,665279136,vermelho,azul,reativa,azul,1,3,24,30,30,1.0000,0.0000,503,2,501,0
645,218716618,azul,verde,modelo_proposto,verde,1,3,28,30,0,30.0000,0.1852,261,29,207,25
645,218716618,azul,vermelho,heuristica,verde,0,-3,28,120,120,1.0000,0.0000,842,108,638,96
645,218716618,azul,azul,reativa,verde,0,-3,28,90,120,0.7500,0.0000,122,5,117,0
646,640258826,verde,verde,modelo_proposto,vermelho,0,-3,17,60,120,0.5000,0.1250,268,79,114,75
646,640258826,verde,vermelho,heuristica,vermelho,1,3,17,60,30,2.0000,0.0000,722,145,427,150
646,640258826,verde,azul,reativa,vermelho,0,-3,17,150,120,1.2500,0.0000,287,8,279,0
647,1496625869,vermelho,verde,modelo_proposto,azul,0,-3,22,130,100,1.3000,0.2857,568,116,334,118
647,1496625869,vermelho,vermelho,heuristica,azul,0,-3,22,70,100,0.7000,0.2500,337,84,171,82
647,1496625869,vermelho,azul,reativa,azul,1,3,22,30,30,1.0000,0.0000,456,1,455,0
648,129953772,azul,verde,modelo_proposto,azul,0,-3,12,110,120,0.9167,0.5455,414,130,162,122
648,129953772,azul,vermelho,heuristica,azul,0,-3,12,90,110,0.8182,0.5714,422,128,173,121
648,129953772,azul,azul,reativa,azul,1,3,12,30,0,30.0000,0.0833,256,2,254,0
649,198795325,verde,verde,modelo_proposto,empate,0,-1,100,0,0,0.0000,0.0000,1670,69,1581,20
649,198795325,verde,vermelho,heuristica,empate,0,-1,100,0,0,0.0000,0.0000,1643,25,1595,23
649,198795325,verde,azul,reativa,empate,0,-1,100,0,0,0.0000,0.3500,2436,0,2436,0
650,1092198279,vermelho,verde,modelo_proposto,verde,1,3,13,20,30,0.6667,0.0833,183,29,129,25
650,1092198279,vermelho,vermelho,heuristica,verde,0,-3,13,150,110,1.3636,0.2500,547,135,288,124
650,1092198279,vermelho,azul,reativa,verde,0,-3,13,90,120,0.7500,0.1429,100,6,94,0
651,779591759,azul,verde,modelo_proposto,verde,1,3,18,30,0,30.0000,0.0000,179,29,125,25
651,779591759,azul,vermelho,heuristica,verde,0,-3,18,90,120,0.7500,0.0000,552,103,349,100
651,779591759,azul,azul,reativa,verde,0,-3,18,120,120,1.0000,0.0000,306,7,299,0
652,1317852308,verde,verde,modelo_proposto,vermelho,0,-3,25,180,100,1.8000,0.1200,524,125,295,104
652,1317852308,verde,vermelho,heuristica,vermelho,1,3,25,10,60,0.1667,0.4800,621,57,516,48
652,1317852308,verde,azul,reativa,vermelho,0,-3,25,90,120,0.7500,0.0000,324,10,314,0
653,1288168034,vermelho,verde,modelo_proposto,vermelho,0,-3,18,90,120,0.7500,0.0000,363,98,193,72
653,1288168034,vermelho,vermelho,heuristica,vermelho,1,3,18,60,30,2.0000,0.2222,699,144,417,138
653,1288168034,vermelho,azul,reativa,vermelho,0,-3,18,120,120,1.0000,0.0588,319,7,312,0
654,770170329,azul,verde,modelo_proposto,azul,0,-3,16,150,120,1.2500,0.0000,385,101,194,90
654,770170329,azul,vermelho,heuristica,azul,0,-3,16,60,120,0.5000,0.0000,240,66,111,63
654,770170329,azul,azul,reativa,azul,1,3,16,60,30,2.0000,0.0000,346,4,342,0
655,1802537942,verde,verde,modelo_proposto,azul,0,-3,21,90,120,0.7500,0.2353,551,200,229,122
655,1802537942,verde,vermelho,heuristica,azul,0,-3,21,120,120,1.0000,0.0476,810,197,468,145
655,1802537942,verde,azul,reativa,azul,1,3,21,60,30,2.0000,0.0476,481,9,472,0
656,714072783,vermelho,verde,modelo_proposto,vermelho,0,-3,10,100,100,1.0000,0.3333,297,85,138,74
656,714072783,vermelho,vermelho,heuristica,vermelho,1,3,10,20,0,20.0000,0.1000,378,70,236,72
656,714072783,vermelho,azul,reativa,vermelho,0,-3,10,80,100,0.8000,0.5000,127,5,122,0
657,1894773843,azul,verde,modelo_proposto,empate,0,-1,100,60,120,0.5000,0.0000,221,67,91,63
657,1894773843,azul,vermelho,heuristica,empate,0,-1,100,0,0,0.0000,0.0101,1744,66,1654,24
657,1894773843,azul,azul,reativa,empate,0,-1,100,120,60,2.0000,0.0000,1731,11,1720,0
658,1299649723,verde,verde,modelo_proposto,verde,1,3,23,30,30,1.0000,0.0435,234,28,181,25
658,1299649723,verde,vermelho,heuristica,verde,0,-3,23,150,100,1.5000,0.0909,818,152,523,143
658,1299649723,verde,azul,reativa,verde,0,-3,23,70,120,0.5833,0.0000,148,5,143,0
659,951999122,vermelho,verde,modelo_proposto,empate,0,-1,100,120,90,1.3333,0.0000,901,104,707,90
659,951999122,vermelho,vermelho,heuristica,empate,0,-1,100,0,0,0.0000,0.0000,1846,58,1765,23
659,951999122,vermelho,azul,reativa,empate,0,-1,100,90,120,0.7500,0.0667,310,6,304,0
660,2094539556,azul,verde,modelo_proposto,vermelho,0,-3,11,120,120,1.0000,0.0000,265,69,138,58
660,2094539556,azul,vermelho,heuristica,vermelho,1,3,11,30,0,30.0000,0.2000,301,25,253,23
660,2094539556,azul,azul,reativa,vermelho,0,-3,11,90,120,0.7500,0.0000,82,5,77,0
661,1988806916,verde,verde,modelo_proposto,empate,0,-1,100,0,0,0.0000,0.0000,1346,0,1346,0
661,1988806916,verde,vermelho,heuristica,empate,0,-1,100,60,120,0.5000,0.1500,708,125,466,117
661,1988806916,verde,azul,reativa,empate,0,-1,100,120,60,2.0000,0.3800,2048,8,2040,0
662,589686748,vermelho,verde,modelo_proposto,vermelho,0,-3,16,150,120,1.2500,0.1333,393,114,181,98
662,589686748,vermelho,vermelho,heuristica,vermelho,1,3,16,30,30,1.0000,0.0000,435,28,382,25
662,589686748,vermelho,azul,reativa,vermelho,0,-3,16,90,120,0.7500,0.0000,55,5,50,0
663,2020755370,azul,verde,modelo_proposto,vermelho,0,-3,19,140,110,1.2727,0.3333,376,98,193,85
663,2020755370,azul,vermelho,heuristica,vermelho,1,3,19,30,30,1.0000,0.0556,503,27,451,25
663,2020755370,azul,azul,reativa,vermelho,0,-3,19,80,110,0.7273,0.6667,81,5,76,0
664,880251236,verde,verde,modelo_proposto,azul,0,-3,22,30,100,0.3000,0.3182,398,111,190,97
664,880251236,verde,vermelho,heuristica,azul,0,-3,22,60,120,0.5000,0.0000,257,50,159,48
664,880251236,verde,azul,reativa,azul,1,3,22,220,90,2.4444,0.3182,297,16,281,0
665,495973414,vermelho,verde,modelo_proposto,azul,0,-3,15,150,120,1.2500,0.0000,493,125,250,118
665,495973414,vermelho,vermelho,heuristica,azul,0,-3,15,90,120,0.7500,0.0000,334,84,162,88
665,495973414,vermelho,azul,reativa,azul,1,3,15,30,30,1.0000,0.0000,354,2,352,0
666,984970438,azul,verde,modelo_proposto,vermelho,0,-3,18,90,120,0.7500,0.0000,301,85,141,75
666,984970438,azul,vermelho,heuristica,vermelho,1,3,18,30,30,1.0000,0.0588,562,65,426,71
666,984970438,azul,azul,reativa,vermelho,0,-3,18,150,120,1.2500,0.0000,301,10,291,0
667,220068118,verde,verde,modelo_proposto,vermelho,0,-3,31,80,110,0.7273,0.4615,408,111,197,100
667,220068118,verde,vermelho,heuristica,vermelho,1,3,31,30,60,0.5000,0.0645,875,67,735,73
667,220068118,verde,azul,reativa,vermelho,0,-3,31,170,110,1.5455,0.2333,573,14,559,0
668,1454005916,vermelho,verde,modelo_proposto,azul,0,-3,20,120,120,1.0000,0.1579,545,158,262,125
668,1454005916,vermelho,vermelho,heuristica,azul,0,-3,20,90,120,0.7500,0.0769,613,164,324,125
668,1454005916,vermelho,azul,reativa,azul,1,3,20,60,30,2.0000,0.0500,452,11,441,0
669,111536335,azul,verde,modelo_proposto,verde,1,3,18,30,30,1.0000,0.0588,129,26,80,23
669,111536335,azul,vermelho,heuristica,verde,0,-3,18,150,100,1.5000,0.1250,611,135,351,125
669,111536335,azul,azul,reativa,verde,0,-3,18,70,120,0.5833,0.0000,242,4,238,0
670,228923756,verde,verde,modelo_proposto,azul,0,-3,17,90,120,0.7500,0.0000,402,80,247,75
670,228923756,verde,vermelho,heuristica,azul,0,-3,17,120,120,1.0000,0.0000,672,119,428,125
670,228923756,verde,azul,reativa,azul,1,3,17,30,0,30.0000,0.0588,381,3,378,0
671,1575262061,vermelho,verde,modelo_proposto,empate,0,-1,100,90,120,0.7500,0.0000,285,80,132,73
671,1575262061,vermelho,vermelho,heuristica,empate,0,-1,100,0,30,0.0000,0.0400,2002,24,1955,23
671,1575262061,vermelho,azul,reativa,empate,0,-1,100,150,90,1.6667,0.4000,2298,10,2288,0
672,1373973555,azul,verde,modelo_proposto,verde,1,3,35,30,30,1.0000,0.1471,290,20,252,18
672,1373973555,azul,vermelho,heuristica,verde,0,-3,35,90,120,0.7500,0.1538,548,124,306,118
672,1373973555,azul,azul,reativa,verde,0,-3,35,150,120,1.2500,0.0588,694,11,683,0
673,192519457,verde,verde,modelo_proposto,azul,0,-3,16,120,120,1.0000,0.0000,375,137,163,75
673,192519457,verde,vermelho,heuristica,azul,0,-3,16,90,120,0.7500,0.0000,721,211,360,150
673,192519457,verde,azul,reativa,azul,1,3,16,30,0,30.0000,0.0000,373,4,369,0
674,944968278,vermelho,verde,modelo_proposto,verde,1,3,19,30,30,1.0000,0.0556,253,55,148,50
674,944968278,vermelho,vermelho,heuristica,verde,0,-3,19,90,120,0.7500,0.0000,430,129,176,125
674,944968278,vermelho,azul,reativa,verde,0,-3,19,150,120,1.2500,0.0556,339,9,330,0
675,2011085058,azul,verde,modelo_proposto,vermelho,0,-3,21,150,120,1.2500,0.0000,594,165,282,147
675,2011085058,azul,vermelho,heuristica,vermelho,1,3,21,30,30,1.0000,0.1500,548,50,450,48
675,2011085058,azul,azul,reativa,vermelho,0,-3,21,90,120,0.7500,0.0000,275,4,271,0
676,88572083,verde,verde,modelo_proposto,azul,0,-3,12,120,120,1.0000,0.0000,309,82,152,75
676,88572083,verde,vermelho,heuristica,azul,0,-3,12,90,120,0.7500,0.0000,280,79,126,75
676,88572083,verde,azul,reativa,azul,1,3,12,30,0,30.0000,0.1667,276,2,274,0
677,1970560963,vermelho,verde,modelo_proposto,verde,1,3,33,30,30,1.0000,0.0938,393,28,340,25
677,1970560963,vermelho,vermelho,heuristica,verde,0,-3,33,150,120,1.2500,0.1563,1126,180,774,172
677,1970560963,vermelho,azul,reativa,verde,0,-3,33,90,120,0.7500,0.1176,340,6,334,0
678,307584755,azul,verde,modelo_proposto,vermelho,0,-3,17,90,120,0.7500,0.0000,241,76,99,66
678,307584755,azul,vermelho,heuristica,vermelho,1,3,17,30,0,30.0000,0.0000,482,64,349,69
678,307584755,azul,azul,reativa,vermelho,0,-3,17,120,120,1.0000,0.0000,280,8,272,0
679,1869256894,verde,verde,modelo_proposto,empate,0,-1,100,0,0,0.0000,0.0000,1425,39,1386,0
679,1869256894,verde,vermelho,heuristica,empate,0,-1,100,120,90,1.3333,0.0200,1860,130,1614,116
679,1869256894,verde,azul,reativa,empate,0,-1,100,90,120,0.7500,0.0588,327,10,317,0
680,79134275,vermelho,verde,modelo_proposto,azul,0,-3,15,150,120,1.2500,0.0000,442,130,203,109
680,79134275,vermelho,vermelho,heuristica,azul,0,-3,15,90,120,0.7500,0.1111,368,86,200,82
680,79134275,vermelho,azul,reativa,azul,1,3,15,30,30,1.0000,0.0000,353,2,351,0
681,1664664159,azul,verde,modelo_proposto,azul,0,-3,18,120,120,1.0000,0.0000,377,98,189,90
681,1664664159,azul,vermelho,heuristica,azul,0,-3,18,90,120,0.7500,0.0000,306,79,152,75
681,1664664159,azul,azul,reativa,azul,1,3,18,30,0,30.0000,0.0000,415,2,413,0
682,460515643,verde,verde,modelo_proposto,vermelho,0,-3,23,60,120,0.5000,0.0000,320,84,162,74
682,460515643,verde,vermelho,heuristica,vermelho,1,3,23,60,60,1.0000,0.0870,613,36,545,32
682,460515643,verde,azul,reativa,vermelho,0,-3,23,180,120,1.5000,0.0000,409,11,398,0
683,947373156,vermelho,verde,modelo_proposto,azul,0,-3,16,120,120,1.0000,0.0667,317,82,160,75
683,947373156,vermelho,vermelho,heuristica,azul,0,-3,16,90,120,0.7500,0.0000,304,79,150,75
683,947373156,vermelho,azul,reativa,azul,1,3,16,30,0,30.0000,0.0000,376,2,374,0
684,2132834058,azul,verde,modelo_proposto,verde,1,3,13,30,30,1.0000,0.1667,128,25,81,22
684,2132834058,azul,vermelho,heuristica,verde,0,-3,13,150,120,1.2500,0.0000,559,154,262,143
684,2132834058,azul,azul,reativa,verde,0,-3,13,90,120,0.7500,0.0000,91,7,84,0
685,1519292891,verde,verde,modelo_proposto,azul,0,-3,16,110,120,0.9167,0.1250,504,132,249,123
685,1519292891,verde,vermelho,heuristica,azul,0,-3,16,90,110,0.8182,0.0833,474,97,281,96
685,1519292891,verde,azul,reativa,azul,1,3,16,30,0,30.0000,0.1875,361,2,359,0
686,1220596411,vermelho,verde,modelo_proposto,azul,0,-3,40,90,120,0.7500,0.2143,268,80,113,75
686,1220596411,vermelho,vermelho,heuristica,azul,0,-3,40,150,120,1.2500,0.0000,1233,122,996,115
686,1220596411,vermelho,azul,reativa,azul,1,3,40,30,30,1.0000,0.0250,922,2,920,0
687,1048016289,azul,verde,modelo_proposto,vermelho,0,-3,16,150,120,1.2500,0.1333,555,169,261,125
687,1048016289,azul,vermelho,heuristica,vermelho,1,3,16,30,30,1.0000,0.2000,481,49,382,50
687,1048016289,azul,azul,reativa,vermelho,0,-3,16,90,120,0.7500,0.1429,284,7,277,0
688,522013940,verde,verde,modelo_proposto,azul,0,-3,16,110,110,1.0000,0.1875,453,98,264,91
688,522013940,verde,vermelho,heuristica,azul,0,-3,16,80,110,0.7273,0.3077,516,99,323,94
688,522013940,verde,azul,reativa,azul,1,3,16,30,0,30.0000,0.0000,380,3,377,0
689,1709267489,vermelho,verde,modelo_proposto,azul,0,-3,21,120,120,1.0000,0.0000,468,110,258,100
689,1709267489,vermelho,vermelho,heuristica,azul,0,-3,21,90,120,0.7500,0.0000,511,79,357,75
689,1709267489,vermelho,azul,reativa,azul,1,3,21,30,0,30.0000,0.1429,489,4,485,0
690,1729243779,azul,verde,modelo_proposto,vermelho,0,-3,20,150,120,1.2500,0.4211,606,192,246,168
690,1729243779,azul,vermelho,heuristica,vermelho,1,3,20,30,30,1.0000,0.1579,553,52,451,50
690,1729243779,azul,azul,reativa,vermelho,0,-3,20,90,120,0.7500,0.5000,222,8,214,0
691,1784580866,verde,verde,modelo_proposto,azul,0,-3,13,110,120,0.9167,0.1538,351,83,193,75
691,1784580866,verde,vermelho,heuristica,azul,0,-3,13,90,110,0.8182,0.3333,307,80,152,75
691,1784580866,verde,azul,reativa,azul,1,3,13,30,0,30.0000,0.0000,287,3,284,0
692,1491450575,vermelho,verde,modelo_proposto,verde,1,3,16,20,0,20.0000,0.0667,171,30,116,25
692,1491450575,vermelho,vermelho,heuristica,verde,0,-3,16,90,120,0.7500,0.0000,377,102,176,99
692,1491450575,vermelho,azul,reativa,verde,0,-3,16,120,110,1.0909,0.1333,290,7,283,0
693,1568923797,azul,verde,modelo_proposto,azul,0,-3,16,90,120,0.7500,0.0000,268,78,116,74
693,1568923797,azul,vermelho,heuristica,azul,0,-3,16,120,120,1.0000,0.0000,599,122,357,120
693,1568923797,azul,azul,reativa,azul,1,3,16,30,0,30.0000,0.0625,375,2,373,0
694,362309885,verde,verde,modelo_proposto,vermelho,0,-3,12,90,120,0.7500,0.0000,409,104,207,98
694,362309885,verde,vermelho,heuristica,vermelho,1,3,12,30,0,30.0000,0.0000,375,37,295,43
694,362309885,verde,azul,reativa,vermelho,0,-3,12,120,120,1.0000,0.0000,183,7,176,0
695,2101121314,vermelho,verde,modelo_proposto,verde,1,3,12,60,0,60.0000,0.0909,212,80,85,47
695,2101121314,vermelho,vermelho,heuristica,verde,0,-3,12,90,120,0.7500,0.1000,477,124,253,100
695,2101121314,vermelho,azul,reativa,verde,0,-3,12,90,120,0.7500,0.0000,208,5,203,0
696,1869267578,azul,verde,modelo_proposto,vermelho,0,-3,16,90,120,0.7500,0.0833,430,119,189,122
696,1869267578,azul,vermelho,heuristica,vermelho,1,3,16,30,0,30.0000,0.1333,486,70,348,68
696,1869267578,azul,azul,reativa,vermelho,0,-3,16,120,120,1.0000,0.0000,276,9,267,0
697,594861639,verde,verde,modelo_proposto,empate,0,-1,100,0,0,0.0000,0.0000,2065,49,2016,0
697,594861639,verde,vermelho,heuristica,empate,0,-1,100,0,0,0.0000,0.0000,2022,49,1973,0
697,594861639,verde,azul,reativa,empate,0,-1,100,0,0,0.0000,0.0100,2593,0,2593,0
698,562332132,vermelho,verde,modelo_proposto,vermelho,0,-3,17,150,120,1.2500,0.0000,615,158,307,150
698,562332132,vermelho,vermelho,heuristica,vermelho,1,3,17,30,30,1.0000,0.2353,476,27,424,25
698,562332132,vermelho,azul,reativa,vermelho,0,-3,17,90,120,0.7500,0.0000,132,5,127,0
699,141045692,azul,verde,modelo_proposto,azul,0,-3,20,90,120,0.7500,0.0000,311,79,157,75
699,141045692,azul,vermelho,heuristica,azul,0,-3,20,120,120,1.0000,0.0000,726,132,470,124
699,141045692,azul,azul,reativa,azul,1,3,20,30,0,30.0000,0.0000,431,4,427,0
700,893437542,verde,verde,modelo_proposto,verde,1,3,15,30,0,30.0000,0.0000,148,29,94,25
700,893437542,verde,vermelho,heuristica,verde,0,-3,15,120,120,1.0000,0.0714,576,126,334,116
700,893437542,verde,azul,reativa,verde,0,-3,15,90,120,0.7500,0.0000,80,4,76,0
701,1356990828,vermelho,verde,modelo_proposto,empate,0,-1,100,120,90,1.3333,0.4040,3928,1087,1846,995
701,1356990828,vermelho,vermelho,heuristica,empate,0,-1,100,0,0,0.0000,0.0500,2145,24,2098,23
701,1356990828,vermelho,azul,reativa,empate,0,-1,100,90,120,0.7500,0.0000,54,5,49,0
702,758057594,azul,verde,modelo_proposto,verde,1,3,23,30,0,30.0000,0.1818,429,80,277,72
702,758057594,azul,vermelho,heuristica,verde,0,-3,23,90,120,0.7500,0.1667,358,106,152,100
702,758057594,azul,azul,reativa,verde,0,-3,23,120,120,1.0000,0.0000,453,7,446,0
703,1224258741,verde,verde,modelo_proposto,empate,0,-1,100,60,120,0.5000,0.8333,236,74,97,65
703,1224258741,verde,vermelho,heuristica,empate,0,-1,100,120,60,2.0000,0.0500,1586,146,1347,93
703,1224258741,verde,azul,reativa,empate,0,-1,100,0,0,0.0000,0.0000,1627,2,1625,0
704,1738688665,vermelho,verde,modelo_proposto,azul,0,-3,32,90,120,0.7500,0.0000,377,90,206,81
704,1738688665,vermelho,vermelho,heuristica,azul,0,-3,32,150,120,1.2500,0.0000,952,116,723,113
704,1738688665,vermelho,azul,reativa,azul,1,3,32,30,30,1.0000,0.0625,687,1,686,0
705,284656161,azul,verde,modelo_proposto,vermelho,0,-3,20,90,120,0.7500,0.0000,268,85,108,75
705,284656161,azul,vermelho,heuristica,vermelho,1,3,20,30,20,1.5000,0.2105,522,51,421,50
705,284656161,azul,azul,reativa,vermelho,0,-3,20,140,120,1.1667,0.1053,310,12,298,0
706,1037174125,verde,verde,modelo_proposto,azul,0,-3,10,90,120,0.7500,0.0000,242,80,87,75
706,1037174125,verde,vermelho,heuristica,azul,0,-3,10,120,120,1.0000,0.0000,458,105,253,100
706,1037174125,verde,azul,reativa,azul,1,3,10,30,0,30.0000,0.3000,229,3,226,0
707,1145925364,vermelho,verde,modelo_proposto,azul,0,-3,21,90,120,0.7500,0.0000,277,79,123,75
707,1145925364,vermelho,vermelho,heuristica,azul,0,-3,21,150,120,1.2500,0.0000,791,140,510,141
707,1145925364,vermelho,azul,reativa,azul,1,3,21,30,30,1.0000,0.0000,487,2,485,0
708,79466218,azul,verde,modelo_proposto,vermelho,0,-3,16,120,120,1.0000,0.3333,336,79,189,68
708,79466218,azul,vermelho,heuristica,vermelho,1,3,16,30,0,30.0000,0.1333,384,23,336,25
708,79466218,azul,azul,reativa,vermelho,0,-3,16,90,120,0.7500,0.0000,132,5,127,0
709,508015536,verde,verde,modelo_proposto,vermelho,0,-3,54,70,100,0.7000,0.1071,651,85,491,75
709,508015536,verde,vermelho,heuristica,vermelho,1,3,54,30,30,1.0000,0.0370,949,44,857,48
709,508015536,verde,azul,reativa,vermelho,0,-3,54,130,100,1.3000,0.1887,1081,8,1073,0
710,302173163,vermelho,verde,modelo_proposto,azul,0,-3,32,90,120,0.7500,0.0000,296,79,142,75
710,302173163,vermelho,vermelho,heuristica,azul,0,-3,32,120,120,1.0000,0.1563,1040,124,791,125
710,302173163,vermelho,azul,reativa,azul,1,3,32,30,0,30.0000,0.0313,746,4,742,0
711,491820749,azul,verde,modelo_proposto,azul,0,-3,21,90,120,0.7500,0.0000,267,81,111,75
711,491820749,azul,vermelho,heuristica,azul,0,-3,21,150,120,1.2500,0.0000,745,137,479,129
711,491820749,azul,azul,reativa,azul,1,3,21,30,30,1.0000,0.0000,483,2,481,0
712,247657394,verde,verde,modelo_proposto,azul,0,-3,15,150,120,1.2500,0.0000,387,106,181,100
712,247657394,verde,vermelho,heuristica,azul,0,-3,15,90,120,0.7500,0.0000,455,95,261,99
712,247657394,verde,azul,reativa,azul,1,3,15,30,30,1.0000,0.0667,357,3,354,0
713,1776086572,vermelho,verde,modelo_proposto,azul,0,-3,20,150,120,1.2500,0.1579,525,132,271,122
713,1776086572,vermelho,vermelho,heuristica,azul,0,-3,20,90,120,0.7500,0.0909,406,91,232,83
713,1776086572,vermelho,azul,reativa,azul,1,3,20,30,30,1.0000,0.0500,443,2,441,0
714,1632761478,azul,verde,modelo_proposto,azul,0,-3,20,90,120,0.7500,0.0769,264,78,111,75
714,1632761478,azul,vermelho,heuristica,azul,0,-3,20,150,120,1.2500,0.0000,727,133,469,125
714,1632761478,azul,azul,reativa,azul,1,3,20,30,30,1.0000,0.3000,463,1,462,0
715,231975991,verde,verde,modelo_proposto,vermelho,0,-3,13,90,120,0.7500,0.1818,422,134,189,99
715,231975991,verde,vermelho,heuristica,vermelho,1,3,13,60,0,60.0000,0.0769,572,145,327,100
715,231975991,verde,azul,reativa,vermelho,0,-3,13,90,120,0.7500,0.2500,232,5,227,0
716,733326103,vermelho,verde,modelo_proposto,azul,0,-3,10,90,120,0.7500,0.0000,241,80,86,75
716,733326103,vermelho,vermelho,heuristica,azul,0,-3,10,120,120,1.0000,0.0000,459,105,254,100
716,733326103,vermelho,azul,reativa,azul,1,3,10,30,0,30.0000,0.1000,228,2,226,0
717,1411364412,azul,verde,modelo_proposto,vermelho,0,-3,11,90,120,0.7500,0.0000,341,102,150,89
717,1411364412,azul,vermelho,heuristica,vermelho,1,3,11,30,0,30.0000,0.1000,304,26,253,25
717,1411364412,azul,azul,reativa,vermelho,0,-3,11,120,120,1.0000,0.0000,154,7,147,0
718,1200314224,verde,verde,modelo_proposto,vermelho,0,-3,35,90,120,0.7500,0.0000,271,81,119,71
718,1200314224,verde,vermelho,heuristica,vermelho,1,3,35,30,60,0.5000,0.0000,911,32,835,44
718,1200314224,verde,azul,reativa,vermelho,0,-3,35,180,120,1.5000,0.0588,671,11,660,0
719,1259110644,vermelho,verde,modelo_proposto,vermelho,0,-3,12,120,120,1.0000,0.0909,305,86,144,75
719,1259110644,vermelho,vermelho,heuristica,vermelho,1,3,12,30,0,30.0000,0.0000,357,27,305,25
719,1259110644,vermelho,azul,reativa,vermelho,0,-3,12,90,120,0.7500,0.0000,134,5,129,0
720,447719130,azul,verde,modelo_proposto,empate,0,-1,100,0,30,0.0000,0.0000,3832,1013,1899,920
720,447719130,azul,vermelho,heuristica,empate,0,-1,100,0,0,0.0000,0.0000,2523,0,2523,0
720,447719130,azul,azul,reativa,empate,0,-1,100,30,0,30.0000,0.0000,2013,4,2009,0
721,1722184469,verde,verde,modelo_proposto,vermelho,0,-3,21,90,120,0.7500,0.0000,274,85,114,75
721,1722184469,verde,vermelho,heuristica,vermelho,1,3,21,30,60,0.5000,0.0000,559,33,494,32
721,1722184469,verde,azul,reativa,vermelho,0,-3,21,180,120,1.5000,0.0000,341,11,330,0
722,327044082,vermelho,verde,modelo_proposto,verde,1,3,12,60,0,60.0000,0.2727,217,62,119,36
722,327044082,vermelho,vermelho,heuristica,verde,0,-3,12,90,120,0.7500,0.0000,518,149,273,96
722,327044082,vermelho,azul,reativa,verde,0,-3,12,90,120,0.7500,0.0000,188,11,177,0
723,592593125,azul,verde,modelo_proposto,vermelho,0,-3,16,120,120,1.0000,0.0667,456,115,241,100
723,592593125,azul,vermelho,heuristica,vermelho,1,3,16,30,0,30.0000,0.0667,427,28,375,24
723,592593125,azul,azul,reativa,vermelho,0,-3,16,90,120,0.7500,0.0000,131,5,126,0
724,580558835,verde,verde,modelo_proposto,azul,0,-3,16,150,120,1.2500,0.0625,415,107,209,99
724,580558835,verde,vermelho,heuristica,azul,0,-3,16,90,120,0.7500,0.2500,458,103,258,97
724,580558835,verde,azul,reativa,azul,1,3,16,30,30,1.0000,0.0000,358,6,352,0
725,1641414582,vermelho,verde,modelo_proposto,verde,1,3,13,30,0,30.0000,0.0833,87,2,85,0
725,1641414582,vermelho,vermelho,heuristica,verde,0,-3,13,100,100,1.0000,0.3333,508,108,300,100
725,1641414582,vermelho,azul,reativa,verde,0,-3,13,70,100,0.7000,0.5714,104,6,98,0
726,1314131657,azul,verde,modelo_proposto,empate,0,-1,100,0,0,0.0000,0.0000,1962,49,1913,0
726,1314131657,azul,vermelho,heuristica,empate,0,-1,100,0,0,0.0000,0.0202,2543,0,2543,0
726,1314131657,azul,azul,reativa,empate,0,-1,100,0,0,0.0000,0.0000,1346,49,1297,0
727,2077249961,verde,verde,modelo_proposto,azul,0,-3,11,120,120,1.0000,0.0000,376,107,169,100
727,2077249961,verde,vermelho,heuristica,azul,0,-3,11,90,120,0.7500,0.0000,355,105,150,100
727,2077249961,verde,azul,reativa,azul,1,3,11,30,0,30.0000,0.0000,257,2,255,0
728,626421707,vermelho,verde,modelo_proposto,azul,0,-3,23,90,120,0.7500,0.0000,262,79,108,75
728,626421707,vermelho,vermelho,heuristica,azul,0,-3,23,120,120,1.0000,0.0000,743,103,543,97
728,626421707,vermelho,azul,reativa,azul,1,3,23,30,0,30.0000,0.0870,522,2,520,0
729,1432468837,azul,verde,modelo_proposto,vermelho,0,-3,13,150,120,1.2500,0.0000,445,136,190,119
729,1432468837,azul,vermelho,heuristica,vermelho,1,3,13,30,30,1.0000,0.0000,376,45,289,42
729,1432468837,azul,azul,reativa,vermelho,0,-3,13,90,120,0.7500,0.0000,81,5,76,0
730,2024764721,verde,verde,modelo_proposto,azul,0,-3,19,120,120,1.0000,0.1053,581,215,269,97
730,2024764721,verde,vermelho,heuristica,azul,0,-3,19,90,120,0.7500,0.0556,731,178,430,123
730,2024764721,verde,azul,reativa,azul,1,3,19,30,0,30.0000,0.0000,411,8,403,0
731,1142105127,vermelho,verde,modelo_proposto,azul,0,-3,14,90,120,0.7500,0.0000,486,114,237,135
731,1142105127,vermelho,vermelho,heuristica,azul,0,-3,14,60,120,0.5000,0.0000,532,112,329,91
731,1142105127,vermelho,azul,reativa,azul,1,3,14,120,30,4.0000,0.0714,245,9,236,0
732,356399633,azul,verde,modelo_proposto,empate,0,-1,100,90,120,0.7500,0.3333,246,84,87,75
732,356399633,azul,vermelho,heuristica,empate,0,-1,100,0,0,0.0000,0.0000,1930,44,1886,0
732,356399633,azul,azul,reativa,empate,0,-1,100,120,90,1.3333,0.0000,1962,52,1910,0
733,275188426,verde,verde,modelo_proposto,azul,0,-3,12,150,120,1.2500,0.0000,443,134,187,122
733,275188426,verde,vermelho,heuristica,azul,0,-3,12,90,120,0.7500,0.0000,255,79,101,75
733,275188426,verde,azul,reativa,azul,1,3,12,30,30,1.0000,0.0000,277,4,273,0
734,1434154751,vermelho,verde,modelo_proposto,azul,0,-3,20,180,120,1.5000,0.0526,646,187,289,170
734,1434154751,vermelho,vermelho,heuristica,azul,0,-3,20,60,120,0.5000,0.1111,404,100,208,96
734,1434154751,vermelho,azul,reativa,azul,1,3,20,60,60,1.0000,0.0000,379,4,375,0
735,1801140829,azul,verde,modelo_proposto,azul,0,-3,20,90,120,0.7500,0.0000,565,134,336,95
735,1801140829,azul,vermelho,heuristica,azul,0,-3,20,90,120,0.7500,0.0000,468,103,297,68
735,1801140829,azul,azul,reativa,azul,1,3,20,120,60,2.0000,0.0000,371,12,359,0
736,1993507864,verde,verde,modelo_proposto,empate,0,-1,100,90,120,0.7500,0.0000,244,83,86,75
736,1993507864,verde,vermelho,heuristica,empate,0,-1,100,0,0,0.0000,0.0000,1892,0,1892,0
736,1993507864,verde,azul,reativa,empate,0,-1,100,120,90,1.3333,0.0000,1795,7,1788,0
737,2023364721,vermelho,verde,modelo_proposto,azul,0,-3,12,120,120,1.0000,0.1818,304,80,149,75
737,2023364721,vermelho,vermelho,heuristica,azul,0,-3,12,90,120,0.7500,0.0000,378,101,177,100
737,2023364721,vermelho,azul,reativa,azul,1,3,12,30,0,30.0000,0.0833,282,2,280,0
738,134698184,azul,verde,modelo_proposto,azul,0,-3,29,90,120,0.7500,0.0000,266,81,110,75
738,134698184,azul,vermelho,heuristica,azul,0,-3,29,150,120,1.2500,0.0000,958,132,701,125
738,134698184,azul,azul,reativa,azul,1,3,29,30,30,1.0000,0.0000,694,2,692,0
739,1583040395,verde,verde,modelo_proposto,verde,1,3,14,90,30,3.0000,0.0000,243,57,136,50
739,1583040395,verde,vermelho,heuristica,verde,0,-3,14,120,120,1.0000,0.0000,650,174,326,150
739,1583040395,verde,azul,reativa,verde,0,-3,14,60,120,0.5000,0.0000,209,5,204,0
740,1032295844,vermelho,verde,modelo_proposto,verde,1,3,16,30,30,1.0000,0.0667,129,28,76,25
740,1032295844,vermelho,vermelho,heuristica,verde,0,-3,16,80,100,0.8000,0.2500,509,108,301,100
740,1032295844,vermelho,azul,reativa,verde,0,-3,16,130,110,1.1818,0.3333,259,10,249,0
741,1889624383,azul,verde,modelo_proposto,vermelho,0,-3,17,60,120,0.5000,0.0000,298,77,149,72
741,1889624383,azul,vermelho,heuristica,vermelho,1,3,17,60,30,2.0000,0.0625,534,71,388,75
741,1889624383,azul,azul,reativa,vermelho,0,-3,17,150,120,1.2500,0.0000,286,10,276,0
742,1838169115,verde,verde,modelo_proposto,verde,1,3,12,30,0,30.0000,0.0000,107,3,104,0
742,1838169115,verde,vermelho,heuristica,verde,0,-3,12,90,120,0.7500,0.0000,335,90,192,53
742,1838169115,verde,azul,reativa,verde,0,-3,12,120,120,1.0000,0.0000,154,10,144,0
743,532023419,vermelho,verde,modelo_proposto,azul,0,-3,18,80,110,0.7273,0.2727,281,90,110,81
743,532023419,vermelho,vermelho,heuristica,azul,0,-3,18,110,110,1.0000,0.3333,626,122,386,118
743,532023419,vermelho,azul,reativa,azul,1,3,18,30,0,30.0000,0.0556,422,2,420,0
744,1693007723,azul,verde,modelo_proposto,verde,1,3,16,30,30,1.0000,0.0667,168,28,115,25
744,1693007723,azul,vermelho,heuristica,verde,0,-3,16,150,120,1.2500,0.0000,665,160,355,150
744,1693007723,azul,azul,reativa,verde,0,-3,16,90,120,0.7500,0.0000,182,4,178,0
745,685610348,verde,verde,modelo_proposto,verde,1,3,17,90,0,90.0000,0.0000,385,77,265,43
745,685610348,verde,vermelho,heuristica,verde,0,-3,17,30,120,0.2500,0.1875,493,62,365,66
745,685610348,verde,azul,reativa,verde,0,-3,17,120,120,1.0000,0.0000,300,10,290,0
746,226624391,vermelho,verde,modelo_proposto,vermelho,0,-3,22,100,110,0.9091,0.1905,546,134,296,116
746,226624391,vermelho,vermelho,heuristica,vermelho,1,3,22,30,0,30.0000,0.0000,611,44,522,45
746,226624391,vermelho,azul,reativa,vermelho,0,-3,22,80,100,0.8000,0.4286,269,4,265,0
747,104280143,azul,verde,modelo_proposto,empate,0,-1,100,90,120,0.7500,0.1538,265,79,112,74
747,104280143,azul,vermelho,heuristica,empate,0,-1,100,120,90,1.3333,0.0000,2186,101,1989,96
747,104280143,azul,azul,reativa,empate,0,-1,100,0,0,0.0000,0.0000,1755,0,1755,0
748,5114185,verde,verde,modelo_proposto,verde,1,3,18,30,0,30.0000,0.0000,146,2,144,0
748,5114185,verde,vermelho,heuristica,verde,0,-3,18,90,120,0.7500,0.0000,305,75,163,67
748,5114185,verde,azul,reativa,verde,0,-3,18,120,120,1.0000,0.0000,309,6,303,0
749,2053688377,vermelho,verde,modelo_proposto,verde,1,3,26,30,0,30.0000,0.0400,179,29,125,25
749,2053688377,vermelho,vermelho,heuristica,verde,0,-3,26,120,120,1.0000,0.0000,848,137,572,139
749,2053688377,vermelho,azul,reativa,verde,0,-3,26,90,120,0.7500,0.0000,108,6,102,0
750,1451533353,azul,verde,modelo_proposto,verde,1,3,13,30,30,1.0000,0.0000,235,55,130,50
750,1451533353,azul,vermelho,heuristica,verde,0,-3,13,90,120,0.7500,0.0000,358,80,204,74
750,1451533353,azul,azul,reativa,verde,0,-3,13,150,120,1.2500,0.0000,171,11,160,0
751,1017531994,verde,verde,modelo_proposto,verde,1,3,11,60,60,1.0000,0.0909,179,51,83,45
751,1017531994,verde,vermelho,heuristica,verde,0,-3,11,60,120,0.5000,0.0000,271,71,132,68
751,1017531994,verde,azul,reativa,verde,0,-3,11,180,120,1.5000,0.0000,106,12,94,0
752,40908190,vermelho,verde,modelo_proposto,vermelho,0,-3,43,120,110,1.0909,0.0476,863,124,621,118
752,40908190,vermelho,vermelho,heuristica,vermelho,1,3,43,20,0,20.0000,0.0698,1074,27,1022,25
752,40908190,vermelho,azul,reativa,vermelho,0,-3,43,90,120,0.7500,0.0000,81,4,77,0
753,1141767897,azul,verde,modelo_proposto,verde,1,3,21,30,30,1.0000,0.0000,160,28,107,25
753,1141767897,azul,vermelho,heuristica,verde,0,-3,21,150,120,1.2500,0.0000,723,142,444,137
753,1141767897,azul,azul,reativa,verde,0,-3,21,90,120,0.7500,0.0000,158,3,155,0
754,1257839479,verde,verde,modelo_proposto,vermelho,0,-3,14,120,120,1.0000,0.1667,435,140,195,100
754,1257839479,verde,vermelho,heuristica,vermelho,1,3,14,60,30,2.0000,0.2857,555,104,351,100
754,1257839479,verde,azul,reativa,vermelho,0,-3,14,90,120,0.7500,0.0000,249,9,240,0
755,1364339178,vermelho,verde,modelo_proposto,azul,0,-3,21,150,110,1.3636,0.1000,647,153,345,149
755,1364339178,vermelho,vermelho,heuristica,azul,0,-3,21,80,120,0.6667,0.1111,383,80,228,75
755,1364339178,vermelho,azul,reativa,azul,1,3,21,30,30,1.0000,0.0000,468,2,466,0
756,1135458689,azul,verde,modelo_proposto,vermelho,0,-3,15,120,120,1.0000,0.1429,567,151,274,142
756,1135458689,azul,vermelho,heuristica,vermelho,1,3,15,30,0,30.0000,0.1429,391,24,345,22
756,1135458689,azul,azul,reativa,vermelho,0,-3,15,90,120,0.7500,0.0000,184,4,180,0
757,1648737985,verde,verde,modelo_proposto,azul,0,-3,13,130,110,1.1818,0.3077,465,120,228,117
757,1648737985,verde,vermelho,heuristica,azul,0,-3,13,80,100,0.8000,0.4286,306,75,160,71
757,1648737985,verde,azul,reativa,azul,1,3,13,30,30,1.0000,0.1538,304,1,303,0
758,487316115,vermelho,verde,modelo_proposto,verde,1,3,13,120,60,2.0000,0.1667,500,167,234,99
758,487316115,vermelho,vermelho,heuristica,verde,0,-3,13,90,120,0.7500,0.0833,577,156,296,125
758,487316115,vermelho,azul,reativa,verde,0,-3,13,90,120,0.7500,0.1000,183,5,178,0
759,1847801574,azul,verde,modelo_proposto,empate,0,-1,100,0,0,0.0000,0.0202,1825,42,1783,0
759,1847801574,azul,vermelho,heuristica,empate,0,-1,100,120,90,1.3333,0.0000,1821,134,1597,90
759,1847801574,azul,azul,reativa,empate,0,-1,100,90,120,0.7500,0.0000,204,3,201,0
760,1643984056,verde,verde,modelo_proposto,empate,0,-1,100,0,0,0.0000,0.0100,2130,51,2079,0
760,1643984056,verde,vermelho,heuristica,empate,0,-1,100,0,0,0.0000,0.0300,2329,0,2329,0
760,1643984056,verde,azul,reativa,empate,0,-1,100,0,0,0.0000,0.0000,2059,49,2010,0
761,791159585,vermelho,verde,modelo_proposto,verde,1,3,23,30,30,1.0000,0.2273,194,28,141,25
761,791159585,vermelho,vermelho,heuristica,verde,0,-3,23,90,120,0.7500,0.1111,305,58,194,53
761,791159585,vermelho,azul,reativa,verde,0,-3,23,150,120,1.2500,0.0455,407,9,398,0
762,1362632934,azul,verde,modelo_proposto,verde,1,3,17,90,90,1.0000,0.0625,531,153,256,122
762,1362632934,azul,vermelho,heuristica,verde,0,-3,17,120,120,1.0000,0.0667,647,185,363,99
762,1362632934,azul,azul,reativa,verde,0,-3,17,120,120,1.0000,0.0000,257,10,247,0
763,377733151,verde,verde,modelo_proposto,azul,0,-3,27,150,120,1.2500,0.1111,507,121,275,111
763,377733151,verde,vermelho,heuristica,azul,0,-3,27,90,120,0.7500,0.0000,345,71,209,65
763,377733151,verde,azul,reativa,azul,1,3,27,30,30,1.0000,0.0000,575,3,572,0
764,1420768891,vermelho,verde,modelo_proposto,verde,1,3,10,30,0,30.0000,0.0000,106,28,55,23
764,1420768891,vermelho,vermelho,heuristica,verde,0,-3,10,90,120,0.7500,0.0000,455,129,201,125
764,1420768891,vermelho,azul,reativa,verde,0,-3,10,120,120,1.0000,0.0000,134,7,127,0
765,2044870516,azul,verde,modelo_proposto,vermelho,0,-3,14,90,120,0.7500,0.2222,257,84,98,75
765,2044870516,azul,vermelho,heuristica,vermelho,1,3,14,30,30,1.0000,0.1538,371,27,319,25
765,2044870516,azul,azul,reativa,vermelho,0,-3,14,150,120,1.2500,0.0769,203,8,195,0
766,1006327128,verde,verde,modelo_proposto,azul,0,-3,19,150,120,1.2500,0.0000,597,136,339,122
766,1006327128,verde,vermelho,heuristica,azul,0,-3,19,90,120,0.7500,0.0000,524,100,325,99
766,1006327128,verde,azul,reativa,azul,1,3,19,30,30,1.0000,0.0526,427,3,424,0
767,336700548,vermelho,verde,modelo_proposto,azul,0,-3,17,90,120,0.7500,0.0000,234,76,89,69
767,336700548,vermelho,vermelho,heuristica,azul,0,-3,17,120,120,1.0000,0.0588,664,129,412,123
767,336700548,vermelho,azul,reativa,azul,1,3,17,30,0,30.0000,0.0588,376,6,370,0
768,715912012,azul,verde,modelo_proposto,empate,0,-1,100,120,90,1.3333,0.0404,2022,142,1781,99
768,715912012,azul,vermelho,heuristica,empate,0,-1,100,90,120,0.7500,0.0000,402,103,201,98
768,715912012,azul,azul,reativa,empate,0,-1,100,0,0,0.0000,0.0100,2121,35,2086,0
769,481883728,verde,verde,modelo_proposto,azul,0,-3,12,150,120,1.2500,0.0000,378,118,151,109
769,481883728,verde,vermelho,heuristica,azul,0,-3,12,90,120,0.7500,0.0000,317,72,177,68
769,481883728,verde,azul,reativa,azul,1,3,12,30,30,1.0000,0.0833,279,2,277,0
770,1614053631,vermelho,verde,modelo_proposto,azul,0,-3,21,90,110,0.8182,0.1667,241,80,86,75
770,1614053631,vermelho,vermelho,heuristica,azul,0,-3,21,140,120,1.1667,0.0476,734,121,499,114
770,1614053631,vermelho,azul,reativa,azul,1,3,21,30,30,1.0000,0.0952,478,2,476,0
771,1276108841,azul,verde,modelo_proposto,vermelho,0,-3,8,90,120,0.7500,0.0000,243,83,86,74
771,1276108841,azul,vermelho,heuristica,vermelho,1,3,8,30,0,30.0000,0.2857,260,40,170,50
771,1276108841,azul,azul,reativa,vermelho,0,-3,8,120,120,1.0000,0.0000,69,7,62,0
772,628933363,verde,verde,modelo_proposto,verde,1,3,15,30,0,30.0000,0.0667,148,29,94,25
772,628933363,verde,vermelho,heuristica,verde,0,-3,15,120,120,1.0000,0.0000,470,93,287,90
772,628933363,verde,azul,reativa,verde,0,-3,15,90,120,0.7500,0.0909,182,3,179,0
773,266047734,vermelho,verde,modelo_proposto,azul,0,-3,16,120,110,1.0909,0.2667,422,104,221,97
773,266047734,vermelho,vermelho,heuristica,azul,0,-3,16,80,120,0.6667,0.1818,479,103,277,99
773,266047734,vermelho,azul,reativa,azul,1,3,16,30,0,30.0000,0.0000,367,2,365,0
774,437958854,azul,verde,modelo_proposto,vermelho,0,-3,18,140,120,1.1667,0.0588,714,177,362,175
774,437958854,azul,vermelho,heuristica,vermelho,1,3,18,30,20,1.5000,0.1176,463,27,411,25
774,437958854,azul,azul,reativa,vermelho,0,-3,18,90,120,0.7500,0.0000,182,4,178,0
775,882820366,verde,verde,modelo_proposto,azul,0,-3,19,110,120,0.9167,0.0526,434,97,247,90
775,882820366,verde,vermelho,heuristica,azul,0,-3,19,90,110,0.8182,0.1429,283,71,147,65
775,882820366,verde,azul,reativa,azul,1,3,19,30,0,30.0000,0.1053,436,3,433,0
776,2103879765,vermelho,verde,modelo_proposto,azul,0,-3,12,120,120,1.0000,0.0000,304,82,147,75
776,2103879765,vermelho,vermelho,heuristica,azul,0,-3,12,90,120,0.7500,0.0000,331,79,177,75
776,2103879765,vermelho,azul,reativa,azul,1,3,12,30,0,30.0000,0.0000,283,2,281,0
777,1878469685,azul,verde,modelo_proposto,verde,1,3,19,60,30,2.0000,0.0556,242,56,136,50
777,1878469685,azul,vermelho,heuristica,verde,0,-3,19,60,120,0.5000,0.0000,299,50,201,48
777,1878469685,azul,azul,reativa,verde,0,-3,19,150,120,1.2500,0.0000,300,8,292,0
778,260653707,verde,verde,modelo_proposto,azul,0,-3,20,70,100,0.7000,0.1667,262,80,107,75
778,260653707,verde,vermelho,heuristica,azul,0,-3,20,100,100,1.0000,0.2500,698,110,488,100
778,260653707,verde,azul,reativa,azul,1,3,20,30,0,30.0000,0.0500,375,3,372,0
779,2055886471,vermelho,verde,modelo_proposto,vermelho,0,-3,19,150,120,1.2500,0.0000,463,128,226,109
779,2055886471,vermelho,vermelho,heuristica,vermelho,1,3,19,30,30,1.0000,0.0000,536,26,485,25
779,2055886471,vermelho,azul,reativa,vermelho,0,-3,19,90,120,0.7500,0.0769,254,5,249,0
780,181546477,azul,verde,modelo_proposto,vermelho,0,-3,16,150,120,1.2500,0.0000,477,130,234,113
780,181546477,azul,vermelho,heuristica,vermelho,1,3,16,30,30,1.0000,0.0667,466,51,365,50
780,181546477,azul,azul,reativa,vermelho,0,-3,16,90,120,0.7500,0.0000,209,5,204,0
781,1696711507,verde,verde,modelo_proposto,azul,0,-3,19,120,120,1.0000,0.0526,328,82,171,75
781,1696711507,verde,vermelho,heuristica,azul,0,-3,19,90,120,0.7500,0.0000,306,79,152,75
781,1696711507,verde,azul,reativa,azul,1,3,19,30,0,30.0000,0.0000,386,2,384,0
782,1229825111,vermelho,verde,modelo_proposto,verde,1,3,20,30,60,0.5000,0.3158,251,51,150,50
782,1229825111,vermelho,vermelho,heuristica,verde,0,-3,20,90,120,0.7500,0.1538,500,97,307,96
782,1229825111,vermelho,azul,reativa,verde,0,-3,20,180,120,1.5000,0.0526,326,12,314,0
783,1997479060,azul,verde,modelo_proposto,vermelho,0,-3,22,100,110,0.9091,0.1905,620,137,363,120
783,1997479060,azul,vermelho,heuristica,vermelho,1,3,22,30,0,30.0000,0.0000,464,27,413,24
783,1997479060,azul,azul,reativa,vermelho,0,-3,22,80,100,0.8000,0.3333,232,5,227,0
784,443438607,verde,verde,modelo_proposto,verde,1,3,16,30,60,0.5000,0.0000,220,51,123,46
784,443438607,verde,vermelho,heuristica,verde,0,-3,16,80,120,0.6667,0.0000,291,79,141,71
784,443438607,verde,azul,reativa,verde,0,-3,16,180,110,1.6364,0.3333,241,12,229,0
785,1255488848,vermelho,verde,modelo_proposto,vermelho,0,-3,14,90,120,0.7500,0.0000,271,85,111,75
785,1255488848,vermelho,vermelho,heuristica,vermelho,1,3,14,30,60,0.5000,0.0714,399,37,320,42
785,1255488848,vermelho,azul,reativa,vermelho,0,-3,14,180,120,1.5000,0.1538,188,11,177,0
786,1713663468,azul,verde,modelo_proposto,vermelho,0,-3,26,90,120,0.7500,0.0000,210,70,80,60
786,1713663468,azul,vermelho,heuristica,vermelho,1,3,26,30,30,1.0000,0.3200,876,134,598,144
786,1713663468,azul,azul,reativa,vermelho,0,-3,26,150,120,1.2500,0.0400,481,9,472,0
787,1326665035,verde,verde,modelo_proposto,vermelho,0,-3,22,150,120,1.2500,0.0000,464,114,250,100
787,1326665035,verde,vermelho,heuristica,vermelho,1,3,22,30,30,1.0000,0.0909,546,44,460,42
787,1326665035,verde,azul,reativa,vermelho,0,-3,22,90,120,0.7500,0.0000,154,5,149,0
788,1485550945,vermelho,verde,modelo_proposto,azul,0,-3,13,150,120,1.2500,0.0000,381,109,172,100
788,1485550945,vermelho,vermelho,heuristica,azul,0,-3,13,90,120,0.7500,0.2500,397,96,201,100
788,1485550945,vermelho,azul,reativa,azul,1,3,13,30,30,1.0000,0.2308,280,2,278,0
789,255725471,azul,verde,modelo_proposto,azul,0,-3,18,120,120,1.0000,0.0588,355,79,202,74
789,255725471,azul,vermelho,heuristica,azul,0,-3,18,90,120,0.7500,0.0000,527,94,335,98
789,255725471,azul,azul,reativa,azul,1,3,18,30,0,30.0000,0.1667,350,3,347,0
790,388207685,verde,verde,modelo_proposto,verde,1,3,13,30,0,30.0000,0.0000,162,29,110,23
790,388207685,verde,vermelho,heuristica,verde,0,-3,13,120,120,1.0000,0.0833,423,89,255,79
790,388207685,verde,azul,reativa,verde,0,-3,13,90,120,0.7500,0.0000,98,4,94,0
791,230858913,vermelho,verde,modelo_proposto,verde,1,3,41,30,60,0.5000,0.1750,646,108,438,100
791,230858913,vermelho,vermelho,heuristica,verde,0,-3,41,90,120,0.7500,0.0000,649,138,378,133
791,230858913,vermelho,azul,reativa,verde,0,-3,41,180,120,1.5000,0.0500,795,13,782,0
792,497945140,azul,verde,modelo_proposto,empate,0,-1,100,0,0,0.0000,0.0202,1330,44,1286,0
792,497945140,azul,vermelho,heuristica,empate,0,-1,100,0,0,0.0000,0.0000,802,44,758,0
792,497945140,azul,azul,reativa,empate,0,-1,100,0,0,0.0000,0.4300,2555,0,2555,0
793,1672875716,verde,verde,modelo_proposto,azul,0,-3,16,90,120,0.7500,0.0000,212,65,88,59
793,1672875716,verde,vermelho,heuristica,azul,0,-3,16,120,120,1.0000,0.0000,520,89,347,84
793,1672875716,verde,azul,reativa,azul,1,3,16,30,0,30.0000,0.0625,383,2,381,0
794,1703592542,vermelho,verde,modelo_proposto,vermelho,0,-3,17,90,120,0.7500,0.0000,283,92,106,85
794,1703592542,vermelho,vermelho,heuristica,vermelho,1,3,17,30,30,1.0000,0.0588,422,17,390,15
794,1703592542,vermelho,azul,reativa,vermelho,0,-3,17,150,120,1.2500,0.0000,265,10,255,0
795,524300311,azul,verde,modelo_proposto,empate,0,-1,100,0,0,0.0000,0.0000,2009,47,1962,0
795,524300311,azul,vermelho,heuristica,empate,0,-1,100,0,0,0.0000,0.0101,2552,0,2552,0
795,524300311,azul,azul,reativa,empate,0,-1,100,0,0,0.0000,0.0100,2023,47,1976,0
796,405532386,verde,verde,modelo_proposto,azul,0,-3,12,120,120,1.0000,0.0000,291,87,124,80
796,405532386,verde,vermelho,heuristica,azul,0,-3,12,90,120,0.7500,0.0000,367,78,211,78
796,405532386,verde,azul,reativa,azul,1,3,12,30,0,30.0000,0.2500,269,2,267,0
797,1140362201,vermelho,verde,modelo_proposto,verde,1,3,12,80,30,2.6667,0.0909,214,58,109,47
797,1140362201,vermelho,vermelho,heuristica,verde,0,-3,12,50,100,0.5000,0.3333,403,103,226,74
797,1140362201,vermelho,azul,reativa,verde,0,-3,12,110,110,1.0000,0.3636,182,7,175,0
798,2122964567,azul,verde,modelo_proposto,verde,1,3,13,90,30,3.0000,0.2500,245,87,108,50
798,2122964567,azul,vermelho,heuristica,verde,0,-3,13,60,100,0.6000,0.4545,525,147,278,100
798,2122964567,azul,azul,reativa,verde,0,-3,13,100,120,0.8333,0.0909,185,8,177,0
799,1850462464,verde,verde,modelo_proposto,azul,0,-3,19,90,120,0.7500,0.0000,239,79,86,74
799,1850462464,verde,vermelho,heuristica,azul,0,-3,19,120,120,1.0000,0.0000,648,105,444,99
799,1850462464,verde,azul,reativa,azul,1,3,19,30,0,30.0000,0.0000,436,3,433,0
800,1238786426,vermelho,verde,modelo_proposto,verde,1,3,26,60,30,2.0000,0.0000,237,55,136,46
800,1238786426,vermelho,vermelho,heuristica,verde,0,-3,26,60,120,0.5000,0.0556,436,28,381,27
800,1238786426,vermelho,azul,reativa,verde,0,-3,26,150,120,1.2500,0.0000,396,10,386,0
801,777418731,azul,verde,modelo_proposto,empate,0,-1,100,0,30,0.0000,0.4141,1505,26,1456,23
801,777418731,azul,vermelho,heuristica,empate,0,-1,100,150,90,1.6667,0.0202,2414,112,2203,99
801,777418731,azul,azul,reativa,empate,0,-1,100,90,120,0.7500,0.0909,189,5,184,0
802,1650316423,verde,verde,modelo_proposto,verde,1,3,26,30,60,0.5000,0.1154,375,51,274,50
802,1650316423,verde,vermelho,heuristica,verde,0,-3,26,90,120,0.7500,0.1333,450,59,338,53
802,1650316423,verde,azul,reativa,verde,0,-3,26,180,120,1.5000,0.0400,435,11,424,0
803,1518169168,vermelho,verde,modelo_proposto,vermelho,0,-3,23,90,120,0.7500,0.2500,485,129,240,116
803,1518169168,vermelho,vermelho,heuristica,vermelho,1,3,23,30,30,1.0000,0.2174,734,82,563,89
803,1518169168,vermelho,azul,reativa,vermelho,0,-3,23,150,120,1.2500,0.0455,431,13,418,0
804,664454653,azul,verde,modelo_proposto,verde,1,3,14,30,30,1.0000,0.0769,142,28,89,25
804,664454653,azul,vermelho,heuristica,verde,0,-3,14,150,120,1.2500,0.2500,520,124,282,114
804,664454653,azul,azul,reativa,verde,0,-3,14,90,120,0.7500,0.0000,78,5,73,0
805,1222287018,verde,verde,modelo_proposto,azul,0,-3,16,90,120,0.7500,0.0000,329,78,177,74
805,1222287018,verde,vermelho,heuristica,azul,0,-3,16,120,120,1.0000,0.0000,555,100,361,94
805,1222287018,verde,azul,reativa,azul,1,3,16,30,0,30.0000,0.0000,340,4,336,0
806,1050928200,vermelho,verde,modelo_proposto,azul,0,-3,14,90,120,0.7500,0.0000,314,79,160,75
806,1050928200,vermelho,vermelho,heuristica,azul,0,-3,14,150,120,1.2500,0.1429,654,156,348,150
806,1050928200,vermelho,azul,reativa,azul,1,3,14,30,30,1.0000,0.0000,332,2,330,0
807,1496432766,azul,verde,modelo_proposto,verde,1,3,23,30,30,1.0000,0.0000,197,27,147,23
807,1496432766,azul,vermelho,heuristica,verde,0,-3,23,150,120,1.2500,0.0000,689,120,455,114
807,1496432766,azul,azul,reativa,verde,0,-3,23,90,120,0.7500,0.0000,207,3,204,0
808,1546097094,verde,verde,modelo_proposto,azul,0,-3,41,90,120,0.7500,0.0000,285,81,129,75
808,1546097094,verde,vermelho,heuristica,azul,0,-3,41,120,120,1.0000,0.0244,1167,105,962,100
808,1546097094,verde,azul,reativa,azul,1,3,41,30,0,30.0000,0.0244,929,2,927,0
809,153640283,vermelho,verde,modelo_proposto,empate,0,-1,100,60,60,1.0000,0.0000,4061,1130,1919,1012
809,153640283,vermelho,vermelho,heuristica,empate,0,-1,100,60,120,0.5000,0.0000,429,111,230,88
809,153640283,vermelho,azul,reativa,empate,0,-1,100,150,90,1.6667,0.0000,2329,11,2318,0
810,1109067602,azul,verde,modelo_proposto,vermelho,0,-3,20,130,110,1.1818,0.3158,505,131,260,114
810,1109067602,azul,vermelho,heuristica,vermelho,1,3,20,40,30,1.3333,0.7895,550,50,453,47
810,1109067602,azul,azul,reativa,vermelho,0,-3,20,70,100,0.7000,0.4000,172,6,166,0
811,1182380079,verde,verde,modelo_proposto,verde,1,3,16,30,0,30.0000,0.0625,121,2,119,0
811,1182380079,verde,vermelho,heuristica,verde,0,-3,16,120,120,1.0000,0.0000,426,66,301,59
811,1182380079,verde,azul,reativa,verde,0,-3,16,90,120,0.7500,0.0000,115,5,110,0
812,995907090,vermelho,verde,modelo_proposto,vermelho,0,-3,17,90,120,0.7500,0.2308,480,139,216,125
812,995907090,vermelho,vermelho,heuristica,vermelho,1,3,17,30,0,30.0000,0.0000,441,22,402,17
812,995907090,vermelho,azul,reativa,vermelho,0,-3,17,120,120,1.0000,0.1250,306,13,293,0
813,2009703295,azul,verde,modelo_proposto,empate,0,-1,100,0,0,0.0000,0.0000,4324,1203,2017,1104
813,2009703295,azul,vermelho,heuristica,empate,0,-1,100,0,0,0.0000,0.0000,2456,0,2456,0
813,2009703295,azul,azul,reativa,empate,0,-1,100,0,0,0.0000,0.0100,2436,1,2435,0
814,2108967014,verde,verde,modelo_proposto,verde,1,3,16,30,0,30.0000,0.0000,181,31,125,25
814,2108967014,verde,vermelho,heuristica,verde,0,-3,16,120,120,1.0000,0.0667,567,122,355,90
814,2108967014,verde,azul,reativa,verde,0,-3,16,90,120,0.7500,0.0000,221,6,215,0
815,484446759,vermelho,verde,modelo_proposto,vermelho,0,-3,11,90,120,0.7500,0.0000,224,72,90,62
815,484446759,vermelho,vermelho,heuristica,vermelho,1,3,11,30,30,1.0000,0.0909,302,27,252,23
815,484446759,vermelho,azul,reativa,vermelho,0,-3,11,150,120,1.2500,0.0000,123,9,114,0
816,780071506,azul,verde,modelo_proposto,empate,0,-1,100,0,0,0.0000,0.0000,2101,49,2052,0
816,780071506,azul,vermelho,heuristica,empate,0,-1,100,0,0,0.0000,0.0202,2511,0,2511,0
816,780071506,azul,azul,reativa,empate,0,-1,100,0,0,0.0000,0.0100,2065,50,2015,0
817,853399628,verde,verde,modelo_proposto,vermelho,0,-3,16,120,120,1.0000,0.0000,358,85,202,71
817,853399628,verde,vermelho,heuristica,vermelho,1,3,16,30,0,30.0000,0.0625,486,49,387,50
817,853399628,verde,azul,reativa,vermelho,0,-3,16,90,120,0.7500,0.0000,119,6,113,0
818,1422126434,vermelho,verde,modelo_proposto,azul,0,-3,26,90,120,0.7500,0.0526,774,228,343,203
818,1422126434,vermelho,vermelho,heuristica,azul,0,-3,26,120,120,1.0000,0.0000,910,173,613,124
818,1422126434,vermelho,azul,reativa,azul,1,3,26,120,90,1.3333,0.1154,494,10,484,0
819,1002835612,azul,verde,modelo_proposto,verde,1,3,14,30,60,0.5000,0.0000,234,51,133,50
819,1002835612,azul,vermelho,heuristica,verde,0,-3,14,90,120,0.7500,0.0000,328,82,171,75
819,1002835612,azul,azul,reativa,verde,0,-3,14,180,120,1.5000,0.0000,175,11,164,0
820,1448939825,verde,verde,modelo_proposto,verde,1,3,19,30,30,1.0000,0.0526,142,20,104,18
820,1448939825,verde,vermelho,heuristica,verde,0,-3,19,150,120,1.2500,0.0556,631,114,413,104
820,1448939825,verde,azul,reativa,verde,0,-3,19,90,120,0.7500,0.1250,125,6,119,0
821,379393432,vermelho,verde,modelo_proposto,vermelho,0,-3,34,90,120,0.7500,0.0000,1306,435,474,397
821,379393432,vermelho,vermelho,heuristica,vermelho,1,3,34,30,30,1.0000,0.0294,916,44,823,49
821,379393432,vermelho,azul,reativa,vermelho,0,-3,34,150,120,1.2500,0.0000,674,23,651,0
822,2107298103,azul,verde,modelo_proposto,verde,1,3,15,30,30,1.0000,0.0714,167,27,115,25
822,2107298103,azul,vermelho,heuristica,verde,0,-3,15,90,120,0.7500,0.2000,475,122,253,100
822,2107298103,azul,azul,reativa,verde,0,-3,15,150,120,1.2500,0.0714,231,7,224,0
823,1528822464,verde,verde,modelo_proposto,vermelho,0,-3,13,80,100,0.8000,0.3077,505,160,220,125
823,1528822464,verde,vermelho,heuristica,vermelho,1,3,13,130,20,6.5000,0.3846,618,184,309,125
823,1528822464,verde,azul,reativa,vermelho,0,-3,13,30,120,0.2500,0.0000,177,6,171,0
824,1661114236,vermelho,verde,modelo_proposto,vermelho,0,-3,38,150,120,1.2500,0.0270,537,110,331,96
824,1661114236,vermelho,vermelho,heuristica,vermelho,1,3,38,30,30,1.0000,0.0789,965,24,919,22
824,1661114236,vermelho,azul,reativa,vermelho,0,-3,38,90,120,0.7500,0.0000,130,5,125,0
825,900874270,azul,verde,modelo_proposto,empate,0,-1,100,0,0,0.0000,0.0000,2088,48,2040,0
825,900874270,azul,vermelho,heuristica,empate,0,-1,100,0,0,0.0000,0.0000,2034,49,1985,0
825,900874270,azul,azul,reativa,empate,0,-1,100,0,0,0.0000,0.0100,1871,0,1871,0
826,1705519067,verde,verde,modelo_proposto,azul,0,-3,25,120,120,1.0000,0.0400,437,90,267,80
826,1705519067,verde,vermelho,heuristica,azul,0,-3,25,90,120,0.7500,0.0769,465,106,259,100
826,1705519067,verde,azul,reativa,azul,1,3,25,30,0,30.0000,0.0800,565,2,563,0
827,1177791765,vermelho,verde,modelo_proposto,verde,1,3,15,30,30,1.0000,0.0000,243,55,138,50
827,1177791765,vermelho,vermelho,heuristica,verde,0,-3,15,90,120,0.7500,0.0000,476,98,278,100
827,1177791765,vermelho,azul,reativa,verde,0,-3,15,150,120,1.2500,0.0000,239,11,228,0
828,704217637,azul,verde,modelo_proposto,verde,1,3,21,30,0,30.0000,0.2000,204,30,151,23
828,704217637,azul,vermelho,heuristica,verde,0,-3,21,110,120,0.9167,0.4737,993,291,440,262
828,704217637,azul,azul,reativa,verde,0,-3,21,90,110,0.8182,0.4444,375,8,367,0
829,770907264,verde,verde,modelo_proposto,azul,0,-3,15,70,100,0.7000,0.4286,461,130,210,121
829,770907264,verde,vermelho,heuristica,azul,0,-3,15,100,100,1.0000,0.4000,613,121,368,124
829,770907264,verde,azul,reativa,azul,1,3,15,30,0,30.0000,0.0667,347,2,345,0
830,867905328,vermelho,verde,modelo_proposto,azul,0,-3,15,120,120,1.0000,0.0000,331,80,176,75
830,867905328,vermelho,vermelho,heuristica,azul,0,-3,15,90,120,0.7500,0.0000,410,96,214,100
830,867905328,vermelho,azul,reativa,azul,1,3,15,30,0,30.0000,0.0000,346,3,343,0
831,1547102212,azul,verde,modelo_proposto,vermelho,0,-3,14,90,120,0.7500,0.1429,261,83,105,73
831,1547102212,azul,vermelho,heuristica,vermelho,1,3,14,30,0,30.0000,0.0769,374,26,323,25
831,1547102212,azul,azul,reativa,vermelho,0,-3,14,120,120,1.0000,0.0000,230,6,224,0
832,1427051027,verde,verde,modelo_proposto,empate,0,-1,100,0,0,0.0000,0.4900,593,2,591,0
832,1427051027,verde,vermelho,heuristica,empate,0,-1,100,0,0,0.0000,0.0100,2584,0,2584,0
832,1427051027,verde,azul,reativa,empate,0,-1,100,0,0,0.0000,0.0000,1876,49,1827,0
833,347179498,vermelho,verde,modelo_proposto,vermelho,0,-3,15,150,120,1.2500,0.0000,540,161,235,144
833,347179498,vermelho,vermelho,heuristica,vermelho,1,3,15,30,30,1.0000,0.0000,374,18,340,16
833,347179498,vermelho,azul,reativa,vermelho,0,-3,15,90,120,0.7500,0.0000,106,4,102,0
834,1886650417,azul,verde,modelo_proposto,empate,0,-1,100,90,120,0.7500,0.0000,190,59,77,54
834,1886650417,azul,vermelho,heuristica,empate,0,-1,100,120,90,1.3333,0.0000,1928,75,1783,70
834,1886650417,azul,azul,reativa,empate,0,-1,100,0,0,0.0000,0.0100,1502,0,1502,0
835,15777031,verde,verde,modelo_proposto,empate,0,-1,100,0,0,0.0000,0.0000,2169,50,2119,0
835,15777031,verde,vermelho,heuristica,empate,0,-1,100,0,0,0.0000,0.0000,2311,0,2311,0
835,15777031,verde,azul,reativa,empate,0,-1,100,0,0,0.0000,0.0000,2063,51,2012,0
836,1363852363,vermelho,verde,modelo_proposto,vermelho,0,-3,23,120,120,1.0000,0.0000,406,96,227,83
836,1363852363,vermelho,vermelho,heuristica,vermelho,1,3,23,30,0,30.0000,0.2174,680,49,581,50
836,1363852363,vermelho,azul,reativa,vermelho,0,-3,23,90,120,0.7500,0.0909,203,5,198,0
837,1258731941,azul,verde,modelo_proposto,empate,0,-1,100,0,0,0.0000,0.0101,2055,48,2007,0
837,1258731941,azul,vermelho,heuristica,empate,0,-1,100,0,0,0.0000,0.0000,1988,47,1941,0
837,1258731941,azul,azul,reativa,empate,0,-1,100,0,0,0.0000,0.0000,2592,0,2592,0
838,1494699440,verde,verde,modelo_proposto,azul,0,-3,15,80,120,0.6667,0.0833,261,78,108,75
838,1494699440,verde,vermelho,heuristica,azul,0,-3,15,120,110,1.0909,0.2000,568,105,363,100
838,1494699440,verde,azul,reativa,azul,1,3,15,30,0,30.0000,0.0667,347,2,345,0
839,1628579981,vermelho,verde,modelo_proposto,verde,1,3,14,60,0,60.0000,0.0769,147,31,91,25
839,1628579981,vermelho,vermelho,heuristica,verde,0,-3,14,80,110,0.7273,0.2308,588,137,326,125
839,1628579981,vermelho,azul,reativa,verde,0,-3,14,80,110,0.7273,0.4167,235,7,228,0
840,250397122,azul,verde,modelo_proposto,empate,0,-1,100,0,0,0.0000,0.0000,2095,48,2047,0
840,250397122,azul,vermelho,heuristica,empate,0,-1,100,0,0,0.0000,0.0000,1600,0,1600,0
840,250397122,azul,azul,reativa,empate,0,-1,100,0,0,0.0000,0.0000,2025,50,1975,0
841,881510746,verde,verde,modelo_proposto,verde,1,3,22,30,0,30.0000,0.1364,404,30,349,25
841,881510746,verde,vermelho,heuristica,verde,0,-3,22,120,120,1.0000,0.0000,764,124,517,123
841,881510746,verde,azul,reativa,verde,0,-3,22,90,120,0.7500,0.0556,378,3,375,0
842,1164238508,vermelho,verde,modelo_proposto,vermelho,0,-3,10,120,120,1.0000,0.2222,302,86,141,75
842,1164238508,vermelho,vermelho,heuristica,vermelho,1,3,10,30,0,30.0000,0.4000,311,27,259,25
842,1164238508,vermelho,azul,reativa,vermelho,0,-3,10,90,120,0.7500,0.0000,57,5,52,0
843,1457461325,azul,verde,modelo_proposto,verde,1,3,78,60,30,2.0000,0.0000,2979,799,1450,730
843,1457461325,azul,vermelho,heuristica,verde,0,-3,78,60,120,0.5000,0.0000,309,50,211,48
843,1457461325,azul,azul,reativa,verde,0,-3,78,150,120,1.2500,0.0260,1744,15,1729,0
844,1551343355,verde,verde,modelo_proposto,vermelho,0,-3,21,90,120,0.7500,0.1538,412,96,226,90
844,1551343355,verde,vermelho,heuristica,vermelho,1,3,21,30,0,30.0000,0.0952,516,22,475,19
844,1551343355,verde,azul,reativa,vermelho,0,-3,21,120,120,1.0000,0.0000,387,8,379,0
845,2140318315,vermelho,verde,modelo_proposto,empate,0,-1,100,0,90,0.0000,0.0000,4279,1172,2026,1081
845,2140318315,vermelho,vermelho,heuristica,empate,0,-1,100,0,0,0.0000,0.0000,2103,0,2103,0
845,2140318315,vermelho,azul,reativa,empate,0,-1,100,90,0,90.0000,0.0000,2141,7,2134,0
846,2014609842,azul,verde,modelo_proposto,vermelho,0,-3,23,90,120,0.7500,0.0909,327,83,169,75
846,2014609842,azul,vermelho,heuristica,vermelho,1,3,23,30,30,1.0000,0.3636,560,27,508,25
846,2014609842,azul,azul,reativa,vermelho,0,-3,23,150,120,1.2500,0.0455,444,10,434,0
847,582212434,verde,verde,modelo_proposto,azul,0,-3,43,90,120,0.7500,0.0000,473,133,215,125
847,582212434,verde,vermelho,heuristica,azul,0,-3,43,150,120,1.2500,0.0000,1330,140,1049,141
847,582212434,verde,azul,reativa,azul,1,3,43,30,30,1.0000,0.0233,975,2,973,0
848,2005396972,vermelho,verde,modelo_proposto,azul,0,-3,15,160,120,1.3333,0.2857,526,140,262,124
848,2005396972,vermelho,vermelho,heuristica,azul,0,-3,15,30,100,0.3000,0.3333,369,77,217,75
848,2005396972,vermelho,azul,reativa,azul,1,3,15,90,60,1.5000,0.0000,312,5,307,0
849,396879593,azul,verde,modelo_proposto,verde,1,3,15,30,0,30.0000,0.0000,169,30,114,25
849,396879593,azul,vermelho,heuristica,verde,0,-3,15,90,120,0.7500,0.0000,411,102,214,95
849,396879593,azul,azul,reativa,verde,0,-3,15,120,120,1.0000,0.0000,259,6,253,0
850,73218816,verde,verde,modelo_proposto,azul,0,-3,26,60,100,0.6000,0.4286,218,57,111,50
850,73218816,verde,vermelho,heuristica,azul,0,-3,26,30,120,0.2500,0.2308,764,68,621,75
850,73218816,verde,azul,reativa,azul,1,3,26,220,90,2.4444,0.1154,467,16,451,0
851,1734867821,vermelho,verde,modelo_proposto,vermelho,0,-3,22,90,120,0.7500,0.0000,246,84,87,75
851,1734867821,vermelho,vermelho,heuristica,vermelho,1,3,22,30,30,1.0000,0.0455,626,48,528,50
851,1734867821,vermelho,azul,reativa,vermelho,0,-3,22,150,120,1.2500,0.0000,400,10,390,0
852,532289079,azul,verde,modelo_proposto,vermelho,0,-3,20,150,120,1.2500,0.1053,588,157,291,140
852,532289079,azul,vermelho,heuristica,vermelho,1,3,20,30,30,1.0000,0.0000,506,26,456,24
852,532289079,azul,azul,reativa,vermelho,0,-3,20,90,120,0.7500,0.0000,107,6,101,0
853,1631779701,verde,verde,modelo_proposto,verde,1,3,22,30,30,1.0000,0.0000,204,42,126,36
853,1631779701,verde,vermelho,heuristica,verde,0,-3,22,70,100,0.7000,0.2222,367,80,213,74
853,1631779701,verde,azul,reativa,verde,0,-3,22,130,100,1.3000,0.3333,376,12,364,0
854,85258658,vermelho,verde,modelo_proposto,verde,1,3,12,60,0,60.0000,0.0000,109,6,103,0
854,85258658,vermelho,vermelho,heuristica,verde,0,-3,12,90,120,0.7500,0.0000,471,128,257,86
854,85258658,vermelho,azul,reativa,verde,0,-3,12,90,120,0.7500,0.0909,206,6,200,0
855,942012666,azul,verde,modelo_proposto,azul,0,-3,25,120,120,1.0000,0.0833,545,214,207,124
855,942012666,azul,vermelho,heuristica,azul,0,-3,25,60,120,0.5000,0.0455,869,187,517,165
855,942012666,azul,azul,reativa,azul,1,3,25,90,30,3.0000,0.0400,541,7,534,0
856,1074658908,verde,verde,modelo_proposto,vermelho,0,-3,22,180,120,1.5000,0.0455,689,172,368,149
856,1074658908,verde,vermelho,heuristica,vermelho,1,3,22,30,60,0.5000,0.0000,583,43,499,41
856,1074658908,verde,azul,reativa,vermelho,0,-3,22,90,120,0.7500,0.0000,201,6,195,0
857,245171136,vermelho,verde,modelo_proposto,azul,0,-3,22,110,120,0.9167,0.0952,620,157,319,144
857,245171136,vermelho,vermelho,heuristica,azul,0,-3,22,90,110,0.8182,0.0833,489,104,287,98
857,245171136,vermelho,azul,reativa,azul,1,3,22,30,0,30.0000,0.0909,490,4,486,0
858,2021010886,azul,verde,modelo_proposto,vermelho,0,-3,8,90,120,0.7500,0.0000,267,106,86,75
858,2021010886,azul,vermelho,heuristica,vermelho,1,3,8,30,0,30.0000,0.0000,292,65,177,50
858,2021010886,azul,azul,reativa,vermelho,0,-3,8,120,120,1.0000,0.1429,84,7,77,0
859,329362190,verde,verde,modelo_proposto,azul,0,-3,16,90,120,0.7500,0.0000,275,76,127,72
859,329362190,verde,vermelho,heuristica,azul,0,-3,16,150,120,1.2500,0.0625,614,118,385,111
859,329362190,verde,azul,reativa,azul,1,3,16,30,30,1.0000,0.0000,382,2,380,0
860,820834749,vermelho,verde,modelo_proposto,vermelho,0,-3,16,60,120,0.5000,0.0000,271,79,117,75
860,820834749,vermelho,vermelho,heuristica,vermelho,1,3,16,60,90,0.6667,0.0000,578,104,377,97
860,820834749,vermelho,azul,reativa,vermelho,0,-3,16,210,120,1.7500,0.0000,210,13,197,0
861,1440881829,azul,verde,modelo_proposto,vermelho,0,-3,12,60,120,0.5000,0.0000,187,56,81,50
861,1440881829,azul,vermelho,heuristica,vermelho,1,3,12,90,30,3.0000,0.0000,508,147,248,113
861,1440881829,azul,azul,reativa,vermelho,0,-3,12,120,120,1.0000,0.0000,159,10,149,0
862,106408623,verde,verde,modelo_proposto,empate,0,-1,100,70,120,0.5833,0.3571,393,119,165,109
862,106408623,verde,vermelho,heuristica,empate,0,-1,100,120,70,1.7143,0.0700,3081,740,1649,692
862,106408623,verde,azul,reativa,empate,0,-1,100,0,0,0.0000,0.0300,1808,2,1806,0
863,1817240856,vermelho,verde,modelo_proposto,azul,0,-3,20,100,100,1.0000,0.3684,530,104,326,100
863,1817240856,vermelho,vermelho,heuristica,azul,0,-3,20,70,100,0.7000,0.3077,526,105,321,100
863,1817240856,vermelho,azul,reativa,azul,1,3,20,30,0,30.0000,0.0500,463,2,461,0
864,1768830967,azul,verde,modelo_proposto,azul,0,-3,15,150,120,1.2500,0.0000,395,121,163,111
864,1768830967,azul,vermelho,heuristica,azul,0,-3,15,90,120,0.7500,0.0000,345,91,163,91
864,1768830967,azul,azul,reativa,azul,1,3,15,30,30,1.0000,0.0667,325,1,324,0
865,1437286984,verde,verde,modelo_proposto,vermelho,0,-3,15,120,120,1.0000,0.0000,343,80,197,66
865,1437286984,verde,vermelho,heuristica,vermelho,1,3,15,30,0,30.0000,0.0000,390,23,348,19
865,1437286984,verde,azul,reativa,vermelho,0,-3,15,90,120,0.7500,0.0000,75,5,70,0
866,525821035,vermelho,verde,modelo_proposto,vermelho,0,-3,13,150,100,1.5000,0.0833,425,115,212,98
866,525821035,vermelho,vermelho,heuristica,vermelho,1,3,13,10,30,0.3333,0.0769,357,29,303,25
866,525821035,vermelho,azul,reativa,vermelho,0,-3,13,90,120,0.7500,0.0000,57,5,52,0
867,797956592,azul,verde,modelo_proposto,azul,0,-3,27,150,120,1.2500,0.0000,842,272,370,200
867,797956592,azul,vermelho,heuristica,azul,0,-3,27,90,120,0.7500,0.0588,682,158,424,100
867,797956592,azul,azul,reativa,azul,1,3,27,30,30,1.0000,0.0000,659,3,656,0
868,895959840,verde,verde,modelo_proposto,vermelho,0,-3,22,150,120,1.2500,0.0455,721,180,401,140
868,895959840,verde,vermelho,heuristica,vermelho,1,3,22,30,30,1.0000,0.0455,557,26,506,25
868,895959840,verde,azul,reativa,vermelho,0,-3,22,90,120,0.7500,0.0625,327,5,322,0
869,704269707,vermelho,verde,modelo_proposto,vermelho,0,-3,31,60,120,0.5000,0.0000,261,72,114,75
869,704269707,vermelho,vermelho,heuristica,vermelho,1,3,31,60,60,1.0000,0.0645,868,68,729,71
869,704269707,vermelho,azul,reativa,vermelho,0,-3,31,180,120,1.5000,0.0667,620,11,609,0
870,1136894587,azul,verde,modelo_proposto,vermelho,0,-3,34,150,120,1.2500,0.0909,803,194,434,175
870,1136894587,azul,vermelho,heuristica,vermelho,1,3,34,30,30,1.0000,0.0909,930,52,828,50
870,1136894587,azul,azul,reativa,vermelho,0,-3,34,90,120,0.7500,0.0000,317,4,313,0
871,94009992,verde,verde,modelo_proposto,azul,0,-3,25,150,120,1.2500,0.0000,487,107,283,97
871,94009992,verde,vermelho,heuristica,azul,0,-3,25,90,120,0.7500,0.0000,899,234,433,232
871,94009992,verde,azul,reativa,azul,1,3,25,30,30,1.0000,0.0000,573,2,571,0
872,323377721,vermelho,verde,modelo_proposto,vermelho,0,-3,31,100,110,0.9091,0.1333,465,102,276,87
872,323377721,vermelho,vermelho,heuristica,vermelho,1,3,31,30,0,30.0000,0.0000,850,52,748,50
872,323377721,vermelho,azul,reativa,vermelho,0,-3,31,80,100,0.8000,0.2273,451,3,448,0
873,1854823995,azul,verde,modelo_proposto,verde,1,3,22,30,30,1.0000,0.0476,170,28,117,25
873,1854823995,azul,vermelho,heuristica,verde,0,-3,22,150,120,1.2500,0.0000,747,133,491,123
873,1854823995,azul,azul,reativa,verde,0,-3,22,90,120,0.7500,0.0000,112,4,108,0
874,1320851921,verde,verde,modelo_proposto,vermelho,0,-3,12,130,110,1.1818,0.1667,386,114,172,100
874,1320851921,verde,vermelho,heuristica,vermelho,1,3,12,30,30,1.0000,0.0000,336,39,258,39
874,1320851921,verde,azul,reativa,vermelho,0,-3,12,80,100,0.8000,1.0000,31,5,26,0
875,53599161,vermelho,verde,modelo_proposto,verde,1,3,16,30,30,1.0000,0.0667,150,26,101,23
875,53599161,vermelho,vermelho,heuristica,verde,0,-3,16,90,120,0.7500,0.0000,500,118,288,94
875,53599161,vermelho,azul,reativa,verde,0,-3,16,150,120,1.2500,0.0000,246,11,235,0
876,1714789643,azul,verde,modelo_proposto,verde,1,3,27,30,30,1.0000,0.0000,201,18,167,16
876,1714789643,azul,vermelho,heuristica,verde,0,-3,27,150,120,1.2500,0.1200,875,151,584,140
876,1714789643,azul,azul,reativa,verde,0,-3,27,90,120,0.7500,0.0000,139,5,134,0
877,2001167285,verde,verde,modelo_proposto,verde,1,3,14,30,30,1.0000,0.0000,153,29,101,23
877,2001167285,verde,vermelho,heuristica,verde,0,-3,14,90,120,0.7500,0.0000,287,79,128,80
877,2001167285,verde,azul,reativa,verde,0,-3,14,150,120,1.2500,0.0000,178,11,167,0
878,236604881,vermelho,verde,modelo_proposto,verde,1,3,14,30,30,1.0000,0.0769,118,26,67,25
878,236604881,vermelho,vermelho,heuristica,verde,0,-3,14,150,120,1.2500,0.0769,639,161,328,150
878,236604881,vermelho,azul,reativa,verde,0,-3,14,90,120,0.7500,0.0000,132,6,126,0
879,836176005,azul,verde,modelo_proposto,verde,1,3,17,30,0,30.0000,0.0000,187,28,135,24
879,836176005,azul,vermelho,heuristica,verde,0,-3,17,120,120,1.0000,0.0000,565,120,335,110
879,836176005,azul,azul,reativa,verde,0,-3,17,90,120,0.7500,0.0000,194,5,189,0
880,1096791990,verde,verde,modelo_proposto,azul,0,-3,12,80,100,0.8000,0.2857,328,105,127,96
880,1096791990,verde,vermelho,heuristica,azul,0,-3,12,100,110,0.9091,0.3333,554,133,296,125
880,1096791990,verde,azul,reativa,azul,1,3,12,30,0,30.0000,0.0833,257,3,254,0
881,1331799799,vermelho,verde,modelo_proposto,azul,0,-3,29,90,120,0.7500,0.0000,227,66,102,59
881,1331799799,vermelho,vermelho,heuristica,azul,0,-3,29,150,120,1.2500,0.0345,889,108,682,99
881,1331799799,vermelho,azul,reativa,azul,1,3,29,30,30,1.0000,0.1034,696,2,694,0
882,237640937,azul,verde,modelo_proposto,vermelho,0,-3,14,90,120,0.7500,0.0000,241,83,83,75
882,237640937,azul,vermelho,heuristica,vermelho,1,3,14,30,30,1.0000,0.1538,548,128,302,118
882,237640937,azul,azul,reativa,vermelho,0,-3,14,150,120,1.2500,0.0000,212,9,203,0
883,1455511300,verde,verde,modelo_proposto,azul,0,-3,58,70,120,0.5833,0.4000,480,131,230,119
883,1455511300,verde,vermelho,heuristica,azul,0,-3,58,120,100,1.2000,0.1552,1566,130,1315,121
883,1455511300,verde,azul,reativa,azul,1,3,58,30,0,30.0000,0.0172,819,3,816,0
884,1910967048,vermelho,verde,modelo_proposto,vermelho,0,-3,21,60,120,0.5000,0.3333,203,61,85,57
884,1910967048,vermelho,vermelho,heuristica,vermelho,1,3,21,60,30,2.0000,0.0476,556,46,468,42
884,1910967048,vermelho,azul,reativa,vermelho,0,-3,21,150,120,1.2500,0.0000,352,12,340,0
885,1277800770,azul,verde,modelo_proposto,azul,0,-3,19,110,120,0.9167,0.1111,484,128,240,116
885,1277800770,azul,vermelho,heuristica,azul,0,-3,19,90,110,0.8182,0.2308,436,85,268,83
885,1277800770,azul,azul,reativa,azul,1,3,19,30,0,30.0000,0.1053,451,3,448,0
886,695659536,verde,verde,modelo_proposto,verde,1,3,11,30,30,1.0000,0.0909,137,28,84,25
886,695659536,verde,vermelho,heuristica,verde,0,-3,11,90,120,0.7500,0.0000,261,74,118,69
886,695659536,verde,azul,reativa,verde,0,-3,11,150,120,1.2500,0.0000,139,10,129,0
887,2127157764,vermelho,verde,modelo_proposto,verde,1,3,15,30,0,30.0000,0.2143,128,28,75,25
887,2127157764,vermelho,vermelho,heuristica,verde,0,-3,15,90,120,0.7500,0.0000,492,99,297,96
887,2127157764,vermelho,azul,reativa,verde,0,-3,15,120,120,1.0000,0.0000,255,7,248,0
888,249328386,azul,verde,modelo_proposto,verde,1,3,15,90,60,1.5000,0.0000,225,60,115,50
888,249328386,azul,vermelho,heuristica,verde,0,-3,15,60,120,0.5000,0.0000,450,97,278,75
888,249328386,azul,azul,reativa,verde,0,-3,15,150,120,1.2500,0.0000,238,10,228,0
889,832162818,verde,verde,modelo_proposto,vermelho,0,-3,26,30,120,0.2500,0.2222,256,70,120,66
889,832162818,verde,vermelho,heuristica,vermelho,1,3,26,90,60,1.5000,0.0769,737,75,593,69
889,832162818,verde,azul,reativa,vermelho,0,-3,26,180,120,1.5000,0.0400,441,12,429,0
890,649770543,vermelho,verde,modelo_proposto,vermelho,0,-3,19,90,120,0.7500,0.0769,271,84,112,75
890,649770543,vermelho,vermelho,heuristica,vermelho,1,3,19,30,60,0.5000,0.1053,606,58,475,73
890,649770543,vermelho,azul,reativa,vermelho,0,-3,19,180,120,1.5000,0.0556,306,13,293,0
891,1075216718,azul,verde,modelo_proposto,verde,1,3,22,30,30,1.0000,0.0000,139,26,90,23
891,1075216718,azul,vermelho,heuristica,verde,0,-3,22,150,110,1.3636,0.4500,901,213,488,200
891,1075216718,azul,azul,reativa,verde,0,-3,22,80,120,0.6667,0.3750,262,8,254,0
892,1401413882,verde,verde,modelo_proposto,empate,0,-1,100,0,0,0.0000,0.4900,4121,1132,1956,1033
892,1401413882,verde,vermelho,heuristica,empate,0,-1,100,0,0,0.0000,0.0100,2353,3,2350,0
892,1401413882,verde,azul,reativa,empate,0,-1,100,0,0,0.0000,0.0000,2176,0,2176,0
893,1914617522,vermelho,verde,modelo_proposto,vermelho,0,-3,14,90,120,0.7500,0.0000,288,84,129,75
893,1914617522,vermelho,vermelho,heuristica,vermelho,1,3,14,30,30,1.0000,0.0000,460,58,352,50
893,1914617522,vermelho,azul,reativa,vermelho,0,-3,14,150,120,1.2500,0.1538,195,7,188,0
894,1396172170,azul,verde,modelo_proposto,azul,0,-3,16,60,100,0.6000,0.0769,248,109,89,50
894,1396172170,azul,vermelho,heuristica,azul,0,-3,16,130,120,1.0833,0.2000,707,185,372,150
894,1396172170,azul,azul,reativa,azul,1,3,16,90,60,1.5000,0.1875,328,9,319,0
895,147524269,verde,verde,modelo_proposto,vermelho,0,-3,16,120,120,1.0000,0.1250,471,139,208,124
895,147524269,verde,vermelho,heuristica,vermelho,1,3,16,30,0,30.0000,0.3125,607,117,390,100
895,147524269,verde,azul,reativa,vermelho,0,-3,16,90,120,0.7500,0.0000,199,6,193,0
896,88215447,vermelho,verde,modelo_proposto,azul,0,-3,14,120,120,1.0000,0.0000,357,92,181,84
896,88215447,vermelho,vermelho,heuristica,azul,0,-3,14,90,120,0.7500,0.0000,350,66,222,62
896,88215447,vermelho,azul,reativa,azul,1,3,14,30,0,30.0000,0.0000,307,2,305,0
897,1935253783,azul,verde,modelo_proposto,verde,1,3,10,30,0,30.0000,0.1111,57,2,55,0
897,1935253783,azul,vermelho,heuristica,verde,0,-3,10,90,120,0.7500,0.1667,349,98,151,100
897,1935253783,azul,azul,reativa,verde,0,-3,10,120,120,1.0000,0.0000,134,6,128,0
898,1096714693,verde,verde,modelo_proposto,azul,0,-3,14,30,110,0.2727,0.2000,286,91,120,75
898,1096714693,verde,vermelho,heuristica,azul,0,-3,14,170,120,1.4167,0.0000,690,172,343,175
898,1096714693,verde,azul,reativa,azul,1,3,14,90,60,1.5000,0.0714,277,6,271,0
899,1895563606,vermelho,verde,modelo_proposto,vermelho,0,-3,22,60,120,0.5000,0.0000,254,72,107,75
899,1895563606,vermelho,vermelho,heuristica,vermelho,1,3,22,60,60,1.0000,0.0455,563,35,496,32
899,1895563606,vermelho,azul,reativa,vermelho,0,-3,22,180,120,1.5000,0.0476,386,11,375,0
900,767593850,azul,verde,modelo_proposto,empate,0,-1,100,0,0,0.0000,0.0000,1590,47,1543,0
900,767593850,azul,vermelho,heuristica,empate,0,-1,100,0,0,0.0000,0.0000,2458,0,2458,0
900,767593850,azul,azul,reativa,empate,0,-1,100,0,0,0.0000,0.0000,1795,2,1793,0
901,1987371659,verde,verde,modelo_proposto,azul,0,-3,37,150,120,1.2500,0.0811,845,139,569,137
901,1987371659,verde,vermelho,heuristica,azul,0,-3,37,90,120,0.7500,0.0000,578,85,406,87
901,1987371659,verde,azul,reativa,azul,1,3,37,30,30,1.0000,0.0541,826,1,825,0
902,27872805,vermelho,verde,modelo_proposto,verde,1,3,11,30,0,30.0000,0.0000,59,2,57,0
902,27872805,vermelho,vermelho,heuristica,verde,0,-3,11,120,120,1.0000,0.1000,462,108,254,100
902,27872805,vermelho,azul,reativa,verde,0,-3,11,90,120,0.7500,0.0000,57,6,51,0
903,1123407133,azul,verde,modelo_proposto,vermelho,0,-3,25,90,120,0.7500,0.1000,325,85,165,75
903,1123407133,azul,vermelho,heuristica,vermelho,1,3,25,30,0,30.0000,0.1250,608,24,562,22
903,1123407133,azul,azul,reativa,vermelho,0,-3,25,120,120,1.0000,0.0000,507,8,499,0
904,1876146646,verde,verde,modelo_proposto,vermelho,0,-3,22,90,120,0.7500,0.0000,245,82,89,74
904,1876146646,verde,vermelho,heuristica,vermelho,1,3,22,30,30,1.0000,0.0000,575,32,511,32
904,1876146646,verde,azul,reativa,vermelho,0,-3,22,150,120,1.2500,0.0000,388,9,379,0
905,1941871429,vermelho,verde,modelo_proposto,azul,0,-3,20,60,120,0.5000,0.0000,238,70,103,65
905,1941871429,vermelho,vermelho,heuristica,azul,0,-3,20,180,120,1.5000,0.0000,807,170,474,163
905,1941871429,vermelho,azul,reativa,azul,1,3,20,60,60,1.0000,0.0500,409,3,406,0
906,562041356,azul,verde,modelo_proposto,vermelho,0,-3,17,120,120,1.0000,0.1250,465,113,252,100
906,562041356,azul,vermelho,heuristica,vermelho,1,3,17,30,0,30.0000,0.0000,450,26,399,25
906,562041356,azul,azul,reativa,vermelho,0,-3,17,90,120,0.7500,0.1000,183,4,179,0
907,1137382925,verde,verde,modelo_proposto,vermelho,0,-3,19,90,120,0.7500,0.0000,238,82,82,74
907,1137382925,verde,vermelho,heuristica,vermelho,1,3,19,30,30,1.0000,0.2632,584,76,435,73
907,1137382925,verde,azul,reativa,vermelho,0,-3,19,150,120,1.2500,0.0556,330,12,318,0
908,44253473,vermelho,verde,modelo_proposto,azul,0,-3,14,90,120,0.7500,0.0000,238,80,83,75
908,44253473,vermelho,vermelho,heuristica,azul,0,-3,14,120,120,1.0000,0.0714,544,105,339,100
908,44253473,vermelho,azul,reativa,azul,1,3,14,30,0,30.0000,0.0000,297,2,295,0
909,1560650065,azul,verde,modelo_proposto,vermelho,0,-3,20,90,120,0.7500,0.0909,395,107,193,95
909,1560650065,azul,vermelho,heuristica,vermelho,1,3,20,30,30,1.0000,0.1053,455,17,422,16
909,1560650065,azul,azul,reativa,vermelho,0,-3,20,150,120,1.2500,0.0000,346,10,336,0
910,412950855,verde,verde,modelo_proposto,azul,0,-3,26,90,120,0.7500,0.0000,291,80,136,75
910,412950855,verde,vermelho,heuristica,azul,0,-3,26,120,120,1.0000,0.1538,844,105,639,100
910,412950855,verde,azul,reativa,azul,1,3,26,30,0,30.0000,0.0385,537,2,535,0
911,607510251,vermelho,verde,modelo_proposto,vermelho,0,-3,26,150,120,1.2500,0.0800,731,176,391,164
911,607510251,vermelho,vermelho,heuristica,vermelho,1,3,26,30,30,1.0000,0.0000,715,26,664,25
911,607510251,vermelho,azul,reativa,vermelho,0,-3,26,90,120,0.7500,0.0500,417,5,412,0
912,1238126236,azul,verde,modelo_proposto,vermelho,0,-3,12,120,120,1.0000,0.0000,308,86,147,75
912,1238126236,azul,vermelho,heuristica,vermelho,1,3,12,30,0,30.0000,0.0909,332,26,281,25
912,1238126236,azul,azul,reativa,vermelho,0,-3,12,90,120,0.7500,0.0000,107,5,102,0
913,1121641946,verde,verde,modelo_proposto,azul,0,-3,19,150,120,1.2500,0.0526,592,165,265,162
913,1121641946,verde,vermelho,heuristica,azul,0,-3,19,90,120,0.7500,0.0000,322,70,187,65
913,1121641946,verde,azul,reativa,azul,1,3,19,30,30,1.0000,0.0526,441,1,440,0
914,420667202,vermelho,verde,modelo_proposto,vermelho,0,-3,33,90,120,0.7500,0.3529,347,83,189,75
914,420667202,vermelho,vermelho,heuristica,vermelho,1,3,33,30,0,30.0000,0.0000,857,27,805,25
914,420667202,vermelho,azul,reativa,vermelho,0,-3,33,120,120,1.0000,0.0313,646,7,639,0
915,1568625357,azul,verde,modelo_proposto,vermelho,0,-3,15,60,120,0.5000,0.1111,261,76,113,72
915,1568625357,azul,vermelho,heuristica,vermelho,1,3,15,60,60,1.0000,0.0000,462,54,358,50
915,1568625357,azul,azul,reativa,vermelho,0,-3,15,180,120,1.5000,0.0000,214,11,203,0
916,988698174,verde,verde,modelo_proposto,azul,0,-3,21,120,120,1.0000,0.0476,474,107,262,105
916,988698174,verde,vermelho,heuristica,azul,0,-3,21,90,120,0.7500,0.0000,321,73,180,68
916,988698174,verde,azul,reativa,azul,1,3,21,30,0,30.0000,0.0952,494,4,490,0
917,1920469873,vermelho,verde,modelo_proposto,verde,1,3,30,30,30,1.0000,0.0345,209,26,160,23
917,1920469873,vermelho,vermelho,heuristica,verde,0,-3,30,90,120,0.7500,0.0000,455,129,201,125
917,1920469873,vermelho,azul,reativa,verde,0,-3,30,150,120,1.2500,0.0690,599,8,591,0
918,427165887,azul,verde,modelo_proposto,vermelho,0,-3,22,160,120,1.3333,0.3810,717,168,399,150
918,427165887,azul,vermelho,heuristica,vermelho,1,3,22,60,60,1.0000,0.0952,731,103,528,100
918,427165887,azul,azul,reativa,vermelho,0,-3,22,60,100,0.6000,0.5385,255,5,250,0
919,1734036530,verde,verde,modelo_proposto,vermelho,0,-3,26,90,120,0.7500,0.0000,253,83,96,74
919,1734036530,verde,vermelho,heuristica,vermelho,1,3,26,30,0,30.0000,0.0385,609,18,575,16
919,1734036530,verde,azul,reativa,vermelho,0,-3,26,120,120,1.0000,0.0400,478,6,472,0
920,1207230511,vermelho,verde,modelo_proposto,azul,0,-3,25,90,120,0.7500,0.0000,266,69,132,65
920,1207230511,vermelho,vermelho,heuristica,azul,0,-3,25,150,120,1.2500,0.0400,855,136,579,140
920,1207230511,vermelho,azul,reativa,azul,1,3,25,30,30,1.0000,0.0000,564,1,563,0
921,107751489,azul,verde,modelo_proposto,vermelho,0,-3,28,90,120,0.7500,0.0000,380,99,195,86
921,107751489,azul,vermelho,heuristica,vermelho,1,3,28,30,60,0.5000,0.0370,658,41,575,42
921,107751489,azul,azul,reativa,vermelho,0,-3,28,180,120,1.5000,0.0000,507,13,494,0
922,66732485,verde,verde,modelo_proposto,vermelho,0,-3,18,90,120,0.7500,0.0000,341,94,165,82
922,66732485,verde,vermelho,heuristica,vermelho,1,3,18,30,0,30.0000,0.1111,586,67,444,75
922,66732485,verde,azul,reativa,vermelho,0,-3,18,120,120,1.0000,0.0000,314,6,308,0
923,18312935,vermelho,verde,modelo_proposto,verde,1,3,36,30,0,30.0000,0.1429,258,28,205,25
923,18312935,vermelho,vermelho,heuristica,verde,0,-3,36,120,120,1.0000,0.2000,909,101,716,92
923,18312935,vermelho,azul,reativa,verde,0,-3,36,90,120,0.7500,0.0000,73,5,68,0
924,1367906468,azul,verde,modelo_proposto,vermelho,0,-3,19,90,120,0.7500,0.0000,268,85,108,75
924,1367906468,azul,vermelho,heuristica,vermelho,1,3,19,30,60,0.5000,0.1111,545,43,452,50
924,1367906468,azul,azul,reativa,vermelho,0,-3,19,180,120,1.5000,0.0000,307,11,296,0
925,1533422519,verde,verde,modelo_proposto,azul,0,-3,12,150,120,1.2500,0.0833,378,147,133,98
925,1533422519,verde,vermelho,heuristica,azul,0,-3,12,90,120,0.7500,0.1111,361,95,190,76
925,1533422519,verde,azul,reativa,azul,1,3,12,30,30,1.0000,0.0833,278,6,272,0
926,372069853,vermelho,verde,modelo_proposto,azul,0,-3,19,120,120,1.0000,0.1111,502,108,294,100
926,372069853,vermelho,vermelho,heuristica,azul,0,-3,19,90,120,0.7500,0.1429,529,97,335,97
926,372069853,vermelho,azul,reativa,azul,1,3,19,30,0,30.0000,0.0526,452,2,450,0
927,778134302,azul,verde,modelo_proposto,vermelho,0,-3,29,90,120,0.7500,0.1000,357,85,197,75
927,778134302,azul,vermelho,heuristica,vermelho,1,3,29,30,30,1.0000,0.1071,685,18,651,16
927,778134302,azul,azul,reativa,vermelho,0,-3,29,150,120,1.2500,0.0000,580,9,571,0
928,1831905812,verde,verde,modelo_proposto,azul,0,-3,12,150,120,1.2500,0.0000,381,103,184,94
928,1831905812,verde,vermelho,heuristica,azul,0,-3,12,90,120,0.7500,0.0000,352,101,151,100
928,1831905812,verde,azul,reativa,azul,1,3,12,30,30,1.0000,0.0000,253,3,250,0
929,991318533,vermelho,verde,modelo_proposto,azul,0,-3,27,90,120,0.7500,0.0000,226,66,98,62
929,991318533,vermelho,vermelho,heuristica,azul,0,-3,27,150,120,1.2500,0.0741,881,124,631,126
929,991318533,vermelho,azul,reativa,azul,1,3,27,30,30,1.0000,0.1111,602,2,600,0
930,1706283989,azul,verde,modelo_proposto,verde,1,3,14,30,0,30.0000,0.0000,91,2,89,0
930,1706283989,azul,vermelho,heuristica,verde,0,-3,14,120,120,1.0000,0.0000,552,133,295,124
930,1706283989,azul,azul,reativa,verde,0,-3,14,90,120,0.7500,0.0000,102,5,97,0
931,1594119628,verde,verde,modelo_proposto,verde,1,3,15,30,30,1.0000,0.1333,180,29,131,20
931,1594119628,verde,vermelho,heuristica,verde,0,-3,15,150,100,1.5000,0.3571,644,164,320,160
931,1594119628,verde,azul,reativa,verde,0,-3,15,70,120,0.5833,0.3333,218,7,211,0
932,1114523884,vermelho,verde,modelo_proposto,azul,0,-3,20,150,120,1.2500,0.0000,430,108,222,100
932,1114523884,vermelho,vermelho,heuristica,azul,0,-3,20,90,120,0.7500,0.0000,569,101,368,100
932,1114523884,vermelho,azul,reativa,azul,1,3,20,30,30,1.0000,0.0000,438,3,435,0
933,422079920,azul,verde,modelo_proposto,azul,0,-3,20,90,120,0.7500,0.0000,236,78,85,73
933,422079920,azul,vermelho,heuristica,azul,0,-3,20,150,120,1.2500,0.0526,703,133,447,123
933,422079920,azul,azul,reativa,azul,1,3,20,30,30,1.0000,0.0000,426,3,423,0
934,1042459231,verde,verde,modelo_proposto,azul,0,-3,12,70,100,0.7000,0.2857,261,80,107,74
934,1042459231,verde,vermelho,heuristica,azul,0,-3,12,100,100,1.0000,0.2500,499,103,298,98
934,1042459231,verde,azul,reativa,azul,1,3,12,30,0,30.0000,0.0000,280,2,278,0
935,712723097,vermelho,verde,modelo_proposto,vermelho,0,-3,19,90,120,0.7500,0.0000,259,79,111,69
935,712723097,vermelho,vermelho,heuristica,vermelho,1,3,19,20,30,0.6667,0.2632,534,48,436,50
935,712723097,vermelho,azul,reativa,vermelho,0,-3,19,150,110,1.3636,0.2778,308,10,298,0
936,1168590347,azul,verde,modelo_proposto,azul,0,-3,21,140,120,1.1667,0.3000,639,179,295,165
936,1168590347,azul,vermelho,heuristica,azul,0,-3,21,60,110,0.5455,0.3571,519,101,324,94
936,1168590347,azul,azul,reativa,azul,1,3,21,60,30,2.0000,0.0476,442,3,439,0
937,1071684288,verde,verde,modelo_proposto,azul,0,-3,20,80,120,0.6667,0.2857,268,83,110,75
937,1071684288,verde,vermelho,heuristica,azul,0,-3,20,120,110,1.0909,0.2000,704,107,497,100
937,1071684288,verde,azul,reativa,azul,1,3,20,30,0,30.0000,0.0000,441,2,439,0
938,538693465,vermelho,verde,modelo_proposto,verde,1,3,75,30,30,1.0000,0.0135,1400,29,1346,25
938,538693465,vermelho,vermelho,heuristica,verde,0,-3,75,90,120,0.7500,0.0833,705,95,516,94
938,538693465,vermelho,azul,reativa,verde,0,-3,75,150,120,1.2500,0.0676,1652,10,1642,0
939,1540251139,azul,verde,modelo_proposto,azul,0,-3,13,120,120,1.0000,0.0000,475,130,224,121
939,1540251139,azul,vermelho,heuristica,azul,0,-3,13,90,120,0.7500,0.0000,370,79,218,73
939,1540251139,azul,azul,reativa,azul,1,3,13,30,0,30.0000,0.0000,187,2,185,0
940,1431387882,verde,verde,modelo_proposto,vermelho,0,-3,16,90,120,0.7500,0.0000,276,93,97,86
940,1431387882,verde,vermelho,heuristica,vermelho,1,3,16,30,0,30.0000,0.0000,488,49,390,49
940,1431387882,verde,azul,reativa,vermelho,0,-3,16,120,120,1.0000,0.0000,283,8,275,0
941,1385593444,vermelho,verde,modelo_proposto,verde,1,3,19,30,30,1.0000,0.0556,161,28,108,25
941,1385593444,vermelho,vermelho,heuristica,verde,0,-3,19,90,120,0.7500,0.0000,342,79,191,72
941,1385593444,vermelho,azul,reativa,verde,0,-3,19,150,120,1.2500,0.0000,315,8,307,0
942,602949509,azul,verde,modelo_proposto,vermelho,0,-3,24,90,120,0.7500,0.0000,256,84,97,75
942,602949509,azul,vermelho,heuristica,vermelho,1,3,24,30,0,30.0000,0.0435,619,39,543,37
942,602949509,azul,azul,reativa,vermelho,0,-3,24,120,120,1.0000,0.1304,471,7,464,0
943,129881148,verde,verde,modelo_proposto,vermelho,0,-3,17,120,120,1.0000,0.0588,497,126,256,115
943,129881148,verde,vermelho,heuristica,vermelho,1,3,17,30,0,30.0000,0.1176,514,44,420,50
943,129881148,verde,azul,reativa,vermelho,0,-3,17,90,120,0.7500,0.1818,174,5,169,0
944,988129515,vermelho,verde,modelo_proposto,vermelho,0,-3,37,90,120,0.7500,0.1000,247,80,96,71
944,988129515,vermelho,vermelho,heuristica,vermelho,1,3,37,30,30,1.0000,0.0541,863,43,779,41
944,988129515,vermelho,azul,reativa,vermelho,0,-3,37,150,120,1.2500,0.1944,729,10,719,0
945,240535048,azul,verde,modelo_proposto,vermelho,0,-3,21,60,120,0.5000,0.2222,221,65,98,58
945,240535048,azul,vermelho,heuristica,vermelho,1,3,21,60,30,2.0000,0.2000,642,92,463,87
945,240535048,azul,azul,reativa,vermelho,0,-3,21,150,120,1.2500,0.1000,376,11,365,0
946,1570706326,verde,verde,modelo_proposto,azul,0,-3,13,150,120,1.2500,0.1538,510,150,222,138
946,1570706326,verde,vermelho,heuristica,azul,0,-3,13,90,120,0.7500,0.0000,288,83,127,78
946,1570706326,verde,azul,reativa,azul,1,3,13,30,30,1.0000,0.0769,302,2,300,0
947,507421364,vermelho,verde,modelo_proposto,azul,0,-3,37,140,120,1.1667,0.0000,611,129,364,118
947,507421364,vermelho,vermelho,heuristica,azul,0,-3,37,60,110,0.5455,0.2857,329,78,176,75
947,507421364,vermelho,azul,reativa,azul,1,3,37,60,30,2.0000,0.0270,821,6,815,0
948,1685667609,azul,verde,modelo_proposto,azul,0,-3,22,90,100,0.9000,0.2000,279,80,124,75
948,1685667609,azul,vermelho,heuristica,azul,0,-3,22,100,120,0.8333,0.2381,740,134,481,125
948,1685667609,azul,azul,reativa,azul,1,3,22,30,0,30.0000,0.0000,475,5,470,0
949,705769209,verde,verde,modelo_proposto,azul,0,-3,20,140,100,1.4000,0.2500,705,177,365,163
949,705769209,verde,vermelho,heuristica,azul,0,-3,20,70,120,0.5833,0.2667,563,95,369,99
949,705769209,verde,azul,reativa,azul,1,3,20,30,20,1.5000,0.3500,474,1,473,0
950,504911631,vermelho,verde,modelo_proposto,azul,0,-3,12,150,120,1.2500,0.0000,437,125,199,113
950,504911631,vermelho,vermelho,heuristica,azul,0,-3,12,90,120,0.7500,0.1429,304,74,161,69
950,504911631,vermelho,azul,reativa,azul,1,3,12,30,30,1.0000,0.0000,285,3,282,0
951,797430198,azul,verde,modelo_proposto,vermelho,0,-3,13,90,120,0.7500,0.0909,258,77,114,67
951,797430198,azul,vermelho,heuristica,vermelho,1,3,13,60,0,60.0000,0.2500,485,105,305,75
951,797430198,azul,azul,reativa,vermelho,0,-3,13,90,120,0.7500,0.1667,229,7,222,0
952,1256198830,verde,verde,modelo_proposto,azul,0,-3,9,120,120,1.0000,0.0000,297,82,140,75
952,1256198830,verde,vermelho,heuristica,azul,0,-3,9,90,120,0.7500,0.0000,277,78,125,74
952,1256198830,verde,azul,reativa,azul,1,3,9,30,0,30.0000,0.0000,188,2,186,0
953,1625466238,vermelho,verde,modelo_proposto,azul,0,-3,20,120,120,1.0000,0.0526,457,127,213,117
953,1625466238,vermelho,vermelho,heuristica,azul,0,-3,20,90,120,0.7500,0.0000,342,71,205,66
953,1625466238,vermelho,azul,reativa,azul,1,3,20,30,0,30.0000,0.0500,480,2,478,0
954,270764059,azul,verde,modelo_proposto,verde,1,3,25,30,0,30.0000,0.0000,467,29,413,25
954,270764059,azul,vermelho,heuristica,verde,0,-3,25,120,120,1.0000,0.0435,726,116,498,112
954,270764059,azul,azul,reativa,verde,0,-3,25,90,120,0.7500,0.0000,233,3,230,0
955,466416347,verde,verde,modelo_proposto,azul,0,-3,15,150,120,1.2500,0.2000,488,135,228,125
955,466416347,verde,vermelho,heuristica,azul,0,-3,15,90,120,0.7500,0.1000,458,104,254,100
955,466416347,verde,azul,reativa,azul,1,3,15,30,30,1.0000,0.2667,315,3,312,0
956,164930889,vermelho,verde,modelo_proposto,azul,0,-3,12,100,120,0.8333,0.2727,278,79,127,72
956,164930889,vermelho,vermelho,heuristica,azul,0,-3,12,90,100,0.9000,0.3750,363,89,186,88
956,164930889,vermelho,azul,reativa,azul,1,3,12,30,0,30.0000,0.1667,286,2,284,0
957,657063490,azul,verde,modelo_proposto,verde,1,3,27,30,30,1.0000,0.0000,451,28,398,25
957,657063490,azul,vermelho,heuristica,verde,0,-3,27,90,120,0.7500,0.1667,415,87,243,85
957,657063490,azul,azul,reativa,verde,0,-3,27,150,120,1.2500,0.0769,493,8,485,0
958,925743247,verde,verde,modelo_proposto,vermelho,0,-3,24,80,110,0.7273,0.5000,325,110,119,96
958,925743247,verde,vermelho,heuristica,vermelho,1,3,24,30,30,1.0000,0.3750,825,150,541,134
958,925743247,verde,azul,reativa,vermelho,0,-3,24,140,110,1.2727,0.3478,420,13,407,0
959,1712549161,vermelho,verde,modelo_proposto,azul,0,-3,24,120,120,1.0000,0.0000,520,110,313,97
959,1712549161,vermelho,vermelho,heuristica,azul,0,-3,24,90,120,0.7500,0.0714,541,98,346,97
959,1712549161,vermelho,azul,reativa,azul,1,3,24,30,0,30.0000,0.0833,529,4,525,0
960,1225043013,azul,verde,modelo_proposto,vermelho,0,-3,15,120,120,1.0000,0.0000,367,106,168,93
960,1225043013,azul,vermelho,heuristica,vermelho,1,3,15,30,0,30.0000,0.0000,412,27,360,25
960,1225043013,azul,azul,reativa,vermelho,0,-3,15,90,120,0.7500,0.2000,171,4,167,0
961,941576731,verde,verde,modelo_proposto,verde,1,3,14,140,90,1.5556,0.3571,537,220,193,124
961,941576731,verde,vermelho,heuristica,verde,0,-3,14,70,100,0.7000,0.4167,554,158,297,99
961,941576731,verde,azul,reativa,verde,0,-3,14,100,120,0.8333,0.6154,204,11,193,0
962,1506476993,vermelho,verde,modelo_proposto,vermelho,0,-3,16,90,120,0.7500,0.0833,384,101,195,88
962,1506476993,vermelho,vermelho,heuristica,vermelho,1,3,16,30,0,30.0000,0.0000,424,26,374,24
962,1506476993,vermelho,azul,reativa,vermelho,0,-3,16,120,120,1.0000,0.0667,276,10,266,0
963,1059674389,azul,verde,modelo_proposto,vermelho,0,-3,14,150,120,1.2500,0.0000,496,140,232,124
963,1059674389,azul,vermelho,heuristica,vermelho,1,3,14,30,30,1.0000,0.0769,357,25,309,23
963,1059674389,azul,azul,reativa,vermelho,0,-3,14,90,120,0.7500,0.0000,150,5,145,0
964,629443526,verde,verde,modelo_proposto,verde,1,3,13,30,0,30.0000,0.0000,66,2,64,0
964,629443526,verde,vermelho,heuristica,verde,0,-3,13,120,120,1.0000,0.0000,407,88,234,85
964,629443526,verde,azul,reativa,verde,0,-3,13,90,120,0.7500,0.0000,137,4,133,0
965,1269805790,vermelho,verde,modelo_proposto,vermelho,0,-3,30,90,120,0.7500,0.0435,607,177,301,129
965,1269805790,vermelho,vermelho,heuristica,vermelho,1,3,30,30,90,0.3333,0.0000,651,87,484,80
965,1269805790,vermelho,azul,reativa,vermelho,0,-3,30,210,120,1.7500,0.0000,512,17,495,0
966,1317036416,azul,verde,modelo_proposto,azul,0,-3,20,90,120,0.7500,0.0769,388,95,204,89
966,1317036416,azul,vermelho,heuristica,azul,0,-3,20,120,120,1.0000,0.0526,670,123,432,115
966,1317036416,azul,azul,reativa,azul,1,3,20,30,0,30.0000,0.1000,450,4,446,0
967,558950948,verde,verde,modelo_proposto,vermelho,0,-3,9,90,120,0.7500,0.0000,232,88,94,50
967,558950948,verde,vermelho,heuristica,vermelho,1,3,9,120,60,2.0000,0.0000,557,210,223,124
967,558950948,verde,azul,reativa,vermelho,0,-3,9,90,120,0.7500,0.0000,133,12,121,0
968,136670000,vermelho,verde,modelo_proposto,azul,0,-3,12,90,100,0.9000,0.4444,356,121,127,108
968,136670000,vermelho,vermelho,heuristica,azul,0,-3,12,100,120,0.8333,0.5000,575,157,265,153
968,136670000,vermelho,azul,reativa,azul,1,3,12,30,0,30.0000,0.0000,284,3,281,0
969,127806416,azul,verde,modelo_proposto,vermelho,0,-3,35,90,120,0.7500,0.0909,320,78,173,69
969,127806416,azul,vermelho,heuristica,vermelho,1,3,35,30,30,1.0000,0.0000,890,34,824,32
969,127806416,azul,azul,reativa,vermelho,0,-3,35,150,120,1.2500,0.0588,672,7,665,0
970,1770472552,verde,verde,modelo_proposto,vermelho,0,-3,29,120,120,1.0000,0.3103,742,185,389,168
970,1770472552,verde,vermelho,heuristica,vermelho,1,3,29,30,0,30.0000,0.0000,676,27,624,25
970,1770472552,verde,azul,reativa,vermelho,0,-3,29,90,120,0.7500,0.4615,199,8,191,0
971,1221341580,vermelho,verde,modelo_proposto,empate,0,-1,100,0,0,0.0000,0.0000,1575,40,1535,0
971,1221341580,vermelho,vermelho,heuristica,empate,0,-1,100,120,90,1.3333,0.0600,2501,225,2101,175
971,1221341580,vermelho,azul,reativa,empate,0,-1,100,90,120,0.7500,0.7500,84,7,77,0
972,510847089,azul,verde,modelo_proposto,vermelho,0,-3,14,90,100,0.9000,0.1429,242,79,89,74
972,510847089,azul,vermelho,heuristica,vermelho,1,3,14,30,0,30.0000,0.0000,371,26,322,23
972,510847089,azul,azul,reativa,vermelho,0,-3,14,100,120,0.8333,0.0000,200,8,192,0
973,1692598265,verde,verde,modelo_proposto,vermelho,0,-3,16,100,120,0.8333,0.3750,494,152,210,132
973,1692598265,verde,vermelho,heuristica,vermelho,1,3,16,30,0,30.0000,0.0000,452,27,400,25
973,1692598265,verde,azul,reativa,vermelho,0,-3,16,90,100,0.9000,0.6000,125,7,118,0
974,248016053,vermelho,verde,modelo_proposto,vermelho,0,-3,16,150,120,1.2500,0.0000,515,141,249,125
974,248016053,vermelho,vermelho,heuristica,vermelho,1,3,16,30,30,1.0000,0.0625,427,26,377,24
974,248016053,vermelho,azul,reativa,vermelho,0,-3,16,90,120,0.7500,0.0000,182,4,178,0
975,1909045985,azul,verde,modelo_proposto,azul,0,-3,30,120,120,1.0000,0.0690,523,107,316,100
975,1909045985,azul,vermelho,heuristica,azul,0,-3,30,90,120,0.7500,0.0000,482,105,277,100
975,1909045985,azul,azul,reativa,azul,1,3,30,30,0,30.0000,0.0000,492,2,490,0
976,887965518,verde,verde,modelo_proposto,vermelho,0,-3,22,90,120,0.7500,0.0833,330,83,172,75
976,887965518,verde,vermelho,heuristica,vermelho,1,3,22,30,30,1.0000,0.0000,541,17,508,16
976,887965518,verde,azul,reativa,vermelho,0,-3,22,150,120,1.2500,0.0476,405,8,397,0
977,1357408905,vermelho,verde,modelo_proposto,azul,0,-3,26,110,110,1.0000,0.1000,559,162,277,120
977,1357408905,vermelho,vermelho,heuristica,azul,0,-3,26,50,100,0.5000,0.3462,932,205,564,163
977,1357408905,vermelho,azul,reativa,azul,1,3,26,140,90,1.5556,0.1538,454,19,435,0
978,1611699638,azul,verde,modelo_proposto,vermelho,0,-3,15,90,120,0.7500,0.0769,488,132,236,120
978,1611699638,azul,vermelho,heuristica,vermelho,1,3,15,30,0,30.0000,0.1429,508,89,347,72
978,1611699638,azul,azul,reativa,vermelho,0,-3,15,120,120,1.0000,0.0714,255,6,249,0
979,1463146029,verde,verde,modelo_proposto,azul,0,-3,13,90,120,0.7500,0.0000,233,72,92,69
979,1463146029,verde,vermelho,heuristica,azul,0,-3,13,150,120,1.2500,0.0769,600,144,315,141
979,1463146029,verde,azul,reativa,azul,1,3,13,30,30,1.0000,0.0000,308,2,306,0
980,1079783323,vermelho,verde,modelo_proposto,azul,0,-3,13,150,120,1.2500,0.0833,347,100,157,90
980,1079783323,vermelho,vermelho,heuristica,azul,0,-3,13,90,120,0.7500,0.0000,257,67,127,63
980,1079783323,vermelho,azul,reativa,azul,1,3,13,30,30,1.0000,0.1538,274,2,272,0
981,645188196,azul,verde,modelo_proposto,vermelho,0,-3,19,150,120,1.2500,0.1111,548,142,281,125
981,645188196,azul,vermelho,heuristica,vermelho,1,3,19,30,30,1.0000,0.0000,458,26,408,24
981,645188196,azul,azul,reativa,vermelho,0,-3,19,90,120,0.7500,0.0000,208,4,204,0
982,1071560322,verde,verde,modelo_proposto,vermelho,0,-3,16,150,120,1.2500,0.0000,477,137,221,119
982,1071560322,verde,vermelho,heuristica,vermelho,1,3,16,30,30,1.0000,0.0625,473,44,379,50
982,1071560322,verde,azul,reativa,vermelho,0,-3,16,90,120,0.7500,0.0000,189,6,183,0
983,997181620,vermelho,verde,modelo_proposto,azul,0,-3,18,150,120,1.2500,0.0000,487,130,239,118
983,997181620,vermelho,vermelho,heuristica,azul,0,-3,18,90,120,0.7500,0.0000,380,104,176,100
983,997181620,vermelho,azul,reativa,azul,1,3,18,30,30,1.0000,0.1667,388,3,385,0
984,1255515162,azul,verde,modelo_proposto,azul,0,-3,32,70,100,0.7000,0.4545,257,66,129,62
984,1255515162,azul,vermelho,heuristica,azul,0,-3,32,130,100,1.3000,0.3871,1032,163,713,156
984,1255515162,azul,azul,reativa,azul,1,3,32,30,30,1.0000,0.0938,640,4,636,0
985,836382915,verde,verde,modelo_proposto,empate,0,-1,100,0,0,0.0000,0.0000,1396,0,1396,0
985,836382915,verde,vermelho,heuristica,empate,0,-1,100,100,70,1.4286,0.0700,2265,133,2009,123
985,836382915,verde,azul,reativa,empate,0,-1,100,70,100,0.7000,0.1250,126,9,117,0
986,347126365,vermelho,verde,modelo_proposto,azul,0,-3,12,120,120,1.0000,0.0909,304,80,149,75
986,347126365,vermelho,vermelho,heuristica,azul,0,-3,12,90,120,0.7500,0.0000,372,96,176,100
986,347126365,vermelho,azul,reativa,azul,1,3,12,30,0,30.0000,0.0000,278,2,276,0
987,1469351021,azul,verde,modelo_proposto,vermelho,0,-3,20,120,120,1.0000,0.0526,523,122,281,120
987,1469351021,azul,vermelho,heuristica,vermelho,1,3,20,30,0,30.0000,0.1579,494,27,442,25
987,1469351021,azul,azul,reativa,vermelho,0,-3,20,90,120,0.7500,0.0000,109,5,104,0
988,2100725222,verde,verde,modelo_proposto,empate,0,-1,100,0,0,0.0000,0.0000,1466,49,1417,0
988,2100725222,verde,vermelho,heuristica,empate,0,-1,100,0,0,0.0000,0.0000,1395,51,1344,0
988,2100725222,verde,azul,reativa,empate,0,-1,100,0,0,0.0000,0.0000,2537,0,2537,0
989,2076863469,vermelho,verde,modelo_proposto,azul,0,-3,17,80,120,0.6667,0.1667,285,81,129,75
989,2076863469,vermelho,vermelho,heuristica,azul,0,-3,17,150,110,1.3636,0.1765,649,122,412,115
989,2076863469,vermelho,azul,reativa,azul,1,3,17,30,30,1.0000,0.0000,365,2,363,0
990,1297419198,azul,verde,modelo_proposto,azul,0,-3,17,90,120,0.7500,0.0000,260,81,104,75
990,1297419198,azul,vermelho,heuristica,azul,0,-3,17,120,120,1.0000,0.0625,602,105,397,100
990,1297419198,azul,azul,reativa,azul,1,3,17,30,0,30.0000,0.0000,391,2,389,0
991,656509197,verde,verde,modelo_proposto,vermelho,0,-3,24,150,110,1.3636,0.1250,836,213,426,197
991,656509197,verde,vermelho,heuristica,vermelho,1,3,24,20,30,0.6667,0.1667,602,27,550,25
991,656509197,verde,azul,reativa,vermelho,0,-3,24,90,120,0.7500,0.0000,246,5,241,0
992,2086753255,vermelho,verde,modelo_proposto,vermelho,0,-3,24,60,120,0.5000,0.0833,341,79,190,72
992,2086753255,vermelho,vermelho,heuristica,vermelho,1,3,24,60,30,2.0000,0.0000,639,35,572,32
992,2086753255,vermelho,azul,reativa,vermelho,0,-3,24,150,120,1.2500,0.0435,458,9,449,0
993,1945909570,azul,verde,modelo_proposto,vermelho,0,-3,32,130,100,1.3000,0.1935,991,292,501,198
993,1945909570,azul,vermelho,heuristica,vermelho,1,3,32,30,30,1.0000,0.0645,950,100,750,100
993,1945909570,azul,azul,reativa,vermelho,0,-3,32,70,100,0.7000,0.3889,341,13,328,0
994,66133690,verde,verde,modelo_proposto,azul,0,-3,33,60,120,0.5000,0.0000,243,77,94,72
994,66133690,verde,vermelho,heuristica,azul,0,-3,33,150,120,1.2500,0.0303,1026,117,799,110
994,66133690,verde,azul,reativa,azul,1,3,33,60,30,2.0000,0.0000,785,4,781,0
995,1178650548,vermelho,verde,modelo_proposto,verde,1,3,22,30,0,30.0000,0.2381,305,56,199,50
995,1178650548,vermelho,vermelho,heuristica,verde,0,-3,22,90,120,0.7500,0.0000,511,83,353,75
995,1178650548,vermelho,azul,reativa,verde,0,-3,22,120,120,1.0000,0.0952,421,9,412,0
996,1356342537,azul,verde,modelo_proposto,verde,1,3,23,30,60,0.5000,0.0000,343,66,213,64
996,1356342537,azul,vermelho,heuristica,verde,0,-3,23,90,120,0.7500,0.0000,447,91,265,91
996,1356342537,azul,azul,reativa,verde,0,-3,23,180,120,1.5000,0.0909,399,12,387,0
997,1676657438,verde,verde,modelo_proposto,vermelho,0,-3,36,60,120,0.5000,0.1250,261,72,114,75
997,1676657438,verde,vermelho,heuristica,vermelho,1,3,36,60,10,6.0000,0.1944,1051,115,826,110
997,1676657438,verde,azul,reativa,vermelho,0,-3,36,130,120,1.0833,0.2286,738,9,729,0
998,1714985209,vermelho,verde,modelo_proposto,vermelho,0,-3,14,90,120,0.7500,0.0000,309,83,151,75
998,1714985209,vermelho,vermelho,heuristica,vermelho,1,3,14,30,0,30.0000,0.0000,376,26,325,25
998,1714985209,vermelho,azul,reativa,vermelho,0,-3,14,120,120,1.0000,0.0000,211,8,203,0
999,703915436,azul,verde,modelo_proposto,vermelho,0,-3,17,150,120,1.2500,0.0000,457,136,202,119
999,703915436,azul,vermelho,heuristica,vermelho,1,3,17,30,30,1.0000,0.0000,443,40,362,41
999,703915436,azul,azul,reativa,vermelho,0,-3,17,90,120,0.7500,0.0000,132,6,126,0
1000,1215748322,verde,verde,modelo_proposto,azul,0,-3,32,70,110,0.6364,0.7000,489,156,185,148
1000,1215748322,verde,vermelho,heuristica,azul,0,-3,32,110,100,1.1000,0.3125,1162,196,777,189
1000,1215748322,verde,azul,reativa,azul,1,3,32,30,0,30.0000,0.0313,750,2,748,0
