id_simulacao,seed,jogador_inicial,jogador,modelo_ia,vencedor,venceu,pontos,turnos,dano_causado,dano_recebido,damage_ratio,cover_usage,custo_total,custo_los,custo_nodos,custo_acoes
1,438557537,verde,verde,heuristica,azul,0,-3,59,180,120,1.5000,0.0339,1480,143,1204,133
1,438557537,verde,vermelho,heuristica,azul,0,-3,59,60,120,0.5000,0.0909,428,78,275,75
1,438557537,verde,azul,heuristica,azul,1,3,59,60,60,1.0000,0.0847,1472,58,1359,55
2,1864560048,vermelho,verde,heuristica,verde,1,3,30,30,0,30.0000,0.0690,791,64,658,69
2,1864560048,vermelho,vermelho,heuristica,verde,0,-3,30,120,120,1.0000,0.0000,832,101,636,95
2,1864560048,vermelho,azul,heuristica,verde,0,-3,30,90,120,0.7500,0.0000,468,109,242,117
3,990947591,azul,verde,heuristica,verde,1,3,38,10,60,0.1667,0.0541,1084,90,897,97
3,990947591,azul,vermelho,heuristica,verde,0,-3,38,180,100,1.8000,0.1944,1288,234,837,217
3,990947591,azul,azul,heuristica,verde,0,-3,38,90,120,0.7500,0.2000,698,119,461,118
4,980411883,verde,verde,heuristica,azul,0,-3,34,120,120,1.0000,0.0882,1129,150,818,161
4,980411883,verde,vermelho,heuristica,azul,0,-3,34,90,120,0.7500,0.0000,377,65,250,62
4,980411883,verde,azul,heuristica,azul,1,3,34,30,0,30.0000,0.1471,932,43,839,50
5,1364875354,vermelho,verde,heuristica,empate,0,-1,100,0,0,0.0000,0.0000,1317,0,1317,0
5,1364875354,vermelho,vermelho,heuristica,empate,0,-1,100,30,100,0.3000,0.1923,950,154,646,150
5,1364875354,vermelho,azul,heuristica,empate,0,-1,100,100,30,3.3333,0.0400,2713,171,2368,174
6,1247406621,azul,verde,heuristica,verde,1,3,22,30,30,1.0000,0.0476,626,53,523,50
6,1247406621,azul,vermelho,heuristica,verde,0,-3,22,150,120,1.2500,0.0000,784,148,488,148
6,1247406621,azul,azul,heuristica,verde,0,-3,22,90,120,0.7500,0.1429,371,96,175,100
7,271024058,verde,verde,heuristica,verde,1,3,41,30,30,1.0000,0.0244,842,37,765,40
7,271024058,verde,vermelho,heuristica,verde,0,-3,41,150,120,1.2500,0.0000,1330,214,908,208
7,271024058,verde,azul,heuristica,verde,0,-3,41,90,120,0.7500,0.1111,793,92,614,87
8,131926194,vermelho,verde,heuristica,empate,0,-1,100,80,120,0.6667,0.0200,1121,85,948,88
8,131926194,vermelho,vermelho,heuristica,empate,0,-1,100,0,30,0.0000,0.0100,1997,149,1705,143
8,131926194,vermelho,azul,heuristica,empate,0,-1,100,150,80,1.8750,0.0400,2800,246,2313,241
9,920297219,azul,verde,heuristica,verde,1,3,44,160,70,2.2857,0.1163,1355,234,905,216
9,920297219,azul,vermelho,heuristica,verde,0,-3,44,130,120,1.0833,0.1143,1359,287,851,221
9,920297219,azul,azul,heuristica,verde,0,-3,44,0,100,0.0000,0.2558,1437,203,1020,214
10,820336507,verde,verde,heuristica,empate,0,-1,100,90,120,0.7500,0.1765,554,88,382,84
10,820336507,verde,vermelho,heuristica,empate,0,-1,100,0,0,0.0000,0.0600,2169,36,2091,42
10,820336507,verde,azul,heuristica,empate,0,-1,100,120,90,1.3333,0.0800,2533,113,2309,111
11,1012562364,vermelho,verde,heuristica,empate,0,-1,100,90,120,0.7500,0.0000,487,92,306,89
11,1012562364,vermelho,vermelho,heuristica,empate,0,-1,100,0,0,0.0000,0.0000,878,47,831,0
11,1012562364,vermelho,azul,heuristica,empate,0,-1,100,120,90,1.3333,0.0500,1995,145,1751,99
12,670066924,azul,verde,heuristica,empate,0,-1,100,90,120,0.7500,0.0548,1781,90,1600,91
12,670066924,azul,vermelho,heuristica,empate,0,-1,100,0,0,0.0000,0.0303,2173,0,2173,0
12,670066924,azul,azul,heuristica,empate,0,-1,100,120,90,1.3333,0.1100,2695,218,2232,245
13,1549280937,verde,verde,heuristica,empate,0,-1,100,90,110,0.8182,0.0476,674,105,469,100
13,1549280937,verde,vermelho,heuristica,empate,0,-1,100,140,90,1.5556,0.0400,2151,162,1822,167
13,1549280937,verde,azul,heuristica,empate,0,-1,100,0,30,0.0000,0.0200,1858,21,1818,19
14,1369586799,vermelho,verde,heuristica,empate,0,-1,100,120,60,2.0000,0.0303,2517,109,2309,99
14,1369586799,vermelho,vermelho,heuristica,empate,0,-1,100,60,120,0.5000,0.0000,742,90,572,80
14,1369586799,vermelho,azul,heuristica,empate,0,-1,100,0,0,0.0000,0.0000,1822,27,1779,16
15,1040301634,azul,verde,heuristica,vermelho,0,-3,64,150,120,1.2500,0.0159,1692,174,1351,167
15,1040301634,azul,vermelho,heuristica,vermelho,1,3,64,30,30,1.0000,0.0000,1543,132,1294,117
15,1040301634,azul,azul,heuristica,vermelho,0,-3,64,90,120,0.7500,0.0000,1305,95,1119,91
16,1790057013,verde,verde,heuristica,verde,1,3,49,30,0,30.0000,0.0408,1237,27,1186,24
16,1790057013,verde,vermelho,heuristica,verde,0,-3,49,120,120,1.0000,0.1458,1412,127,1160,125
16,1790057013,verde,azul,heuristica,verde,0,-3,49,90,120,0.7500,0.0690,1033,156,702,175
17,1690053831,vermelho,verde,heuristica,verde,1,3,35,30,10,3.0000,0.2059,844,49,747,48
17,1690053831,vermelho,vermelho,heuristica,verde,0,-3,35,130,110,1.1818,0.2647,970,135,711,124
17,1690053831,vermelho,azul,heuristica,verde,0,-3,35,80,120,0.6667,0.0714,465,74,320,71
18,1979693965,azul,verde,heuristica,vermelho,0,-3,31,90,100,0.9000,0.3333,324,72,183,69
18,1979693965,azul,vermelho,heuristica,vermelho,1,3,31,30,30,1.0000,0.2000,913,89,729,95
18,1979693965,azul,azul,heuristica,vermelho,0,-3,31,130,120,1.0833,0.2000,1017,149,708,160
19,932576662,verde,verde,heuristica,empate,0,-1,100,120,90,1.3333,0.0400,2200,122,1959,119
19,932576662,verde,vermelho,heuristica,empate,0,-1,100,0,0,0.0000,0.0100,1690,0,1690,0
19,932576662,verde,azul,heuristica,empate,0,-1,100,90,120,0.7500,0.0000,464,100,268,96
20,855842988,vermelho,verde,heuristica,azul,0,-3,24,60,120,0.5000,0.0000,317,75,171,71
20,855842988,vermelho,vermelho,heuristica,azul,0,-3,24,210,120,1.7500,0.1250,913,200,520,193
20,855842988,vermelho,azul,heuristica,azul,1,3,24,60,90,0.6667,0.0833,713,77,562,74
21,1253956409,azul,verde,heuristica,azul,0,-3,28,90,120,0.7500,0.0000,719,154,454,111
21,1253956409,azul,vermelho,heuristica,azul,0,-3,28,120,120,1.0000,0.0000,878,139,620,119
21,1253956409,azul,azul,heuristica,azul,1,3,28,60,30,2.0000,0.1071,878,143,603,132
22,755744497,verde,verde,heuristica,empate,0,-1,100,80,120,0.6667,0.1481,845,117,607,121
22,755744497,verde,vermelho,heuristica,empate,0,-1,100,0,0,0.0000,0.0700,2379,0,2379,0
22,755744497,verde,azul,heuristica,empate,0,-1,100,120,80,1.5000,0.0800,2279,190,1893,196
23,1237903098,vermelho,verde,heuristica,verde,1,3,62,30,0,30.0000,0.0000,1178,19,1143,16
23,1237903098,vermelho,vermelho,heuristica,verde,0,-3,62,110,120,0.9167,0.0492,1671,122,1432,117
23,1237903098,vermelho,azul,heuristica,verde,0,-3,62,90,110,0.8182,0.0833,462,104,259,99
24,1087965783,azul,verde,heuristica,empate,0,-1,100,120,90,1.3333,0.0000,1801,114,1579,108
24,1087965783,azul,vermelho,heuristica,empate,0,-1,100,0,0,0.0000,0.0303,2039,3,2036,0
24,1087965783,azul,azul,heuristica,empate,0,-1,100,90,120,0.7500,0.0000,371,96,175,100
25,483723808,verde,verde,heuristica,azul,0,-3,91,130,100,1.3000,0.0330,1816,126,1562,128
25,483723808,verde,vermelho,heuristica,azul,0,-3,91,70,100,0.7000,0.6000,328,103,125,100
25,483723808,verde,azul,heuristica,azul,1,3,91,30,30,1.0000,0.0440,2126,27,2075,24
26,242242137,vermelho,verde,heuristica,verde,1,3,20,30,30,1.0000,0.0526,427,18,393,16
26,242242137,vermelho,vermelho,heuristica,verde,0,-3,20,150,120,1.2500,0.1053,766,158,459,149
26,242242137,vermelho,azul,heuristica,verde,0,-3,20,90,120,0.7500,0.0909,446,116,235,95
27,221737212,azul,verde,heuristica,empate,0,-1,100,120,90,1.3333,0.0404,2499,117,2261,121
27,221737212,azul,vermelho,heuristica,empate,0,-1,100,0,0,0.0000,0.0909,2401,64,2262,75
27,221737212,azul,azul,heuristica,empate,0,-1,100,90,120,0.7500,0.0435,792,120,548,124
28,418463804,verde,verde,heuristica,vermelho,0,-3,15,120,120,1.0000,0.0667,680,183,373,124
28,418463804,verde,vermelho,heuristica,vermelho,1,3,15,30,0,30.0000,0.1333,626,169,335,122
28,418463804,verde,azul,heuristica,vermelho,0,-3,15,90,120,0.7500,0.0833,497,124,279,94
29,435099202,vermelho,verde,heuristica,azul,0,-3,44,160,100,1.6000,0.0930,1405,180,1043,182
29,435099202,vermelho,vermelho,heuristica,azul,0,-3,44,40,100,0.4000,0.2333,984,143,696,145
29,435099202,vermelho,azul,heuristica,azul,1,3,44,60,60,1.0000,0.0000,882,42,800,40
30,283512082,azul,verde,heuristica,empate,0,-1,100,80,80,1.0000,0.0202,1955,125,1741,89
30,283512082,azul,vermelho,heuristica,empate,0,-1,100,30,30,1.0000,0.0000,1929,75,1783,71
30,283512082,azul,azul,heuristica,empate,0,-1,100,110,110,1.0000,0.0333,1009,151,707,151
31,1645911538,verde,verde,heuristica,verde,1,3,41,30,60,0.5000,0.0000,682,79,543,60
31,1645911538,verde,vermelho,heuristica,verde,0,-3,41,180,120,1.5000,0.0000,1198,176,862,160
31,1645911538,verde,azul,heuristica,verde,0,-3,41,90,120,0.7500,0.0000,375,80,222,73
32,1490846386,vermelho,verde,heuristica,verde,1,3,46,30,0,30.0000,0.0222,874,20,837,17
32,1490846386,vermelho,vermelho,heuristica,verde,0,-3,46,90,100,0.9000,0.1034,732,102,539,91
32,1490846386,vermelho,azul,heuristica,verde,0,-3,46,100,120,0.8333,0.1333,1259,124,1010,125
33,321403989,azul,verde,heuristica,verde,1,3,40,30,30,1.0000,0.0769,979,43,896,40
33,321403989,azul,vermelho,heuristica,verde,0,-3,40,150,100,1.5000,0.2105,1352,243,912,197
33,321403989,azul,azul,heuristica,verde,0,-3,40,70,120,0.5833,0.1176,622,119,406,97
34,1070087091,verde,verde,heuristica,azul,0,-3,26,90,110,0.8182,0.0476,743,110,509,124
34,1070087091,verde,vermelho,heuristica,azul,0,-3,26,140,120,1.1667,0.0769,876,133,619,124
34,1070087091,verde,azul,heuristica,azul,1,3,26,30,30,1.0000,0.0385,658,26,609,23
35,749808370,vermelho,verde,heuristica,azul,0,-3,40,150,120,1.2500,0.1026,1453,275,883,295
35,749808370,vermelho,vermelho,heuristica,azul,0,-3,40,90,120,0.7500,0.0000,964,77,813,74
35,749808370,vermelho,azul,heuristica,azul,1,3,40,30,30,1.0000,0.1000,1098,71,952,75
36,310441732,azul,verde,heuristica,verde,1,3,37,30,0,30.0000,0.0278,864,21,827,16
36,310441732,azul,vermelho,heuristica,verde,0,-3,37,90,120,0.7500,0.0000,655,101,454,100
36,310441732,azul,azul,heuristica,verde,0,-3,37,120,120,1.0000,0.0556,1045,107,840,98
37,191956606,verde,verde,heuristica,azul,0,-3,21,80,100,0.8000,0.1875,546,102,349,95
37,191956606,verde,vermelho,heuristica,azul,0,-3,21,100,110,0.9091,0.2857,706,117,471,118
37,191956606,verde,azul,heuristica,azul,1,3,21,30,0,30.0000,0.1905,566,41,478,47
38,1692875068,vermelho,verde,heuristica,empate,0,-1,100,90,100,0.9000,0.2500,353,78,200,75
38,1692875068,vermelho,vermelho,heuristica,empate,0,-1,100,100,90,1.1111,0.0200,2225,179,1910,136
38,1692875068,vermelho,azul,heuristica,empate,0,-1,100,0,0,0.0000,0.0100,1842,43,1799,0
39,724671784,azul,verde,heuristica,azul,0,-3,16,90,110,0.8182,0.2222,343,72,204,67
39,724671784,azul,vermelho,heuristica,azul,0,-3,16,110,120,0.9167,0.2667,601,124,360,117
39,724671784,azul,azul,heuristica,azul,1,3,16,30,0,30.0000,0.1250,452,27,400,25
40,270559481,verde,verde,heuristica,empate,0,-1,100,110,90,1.2222,0.0600,2686,174,2362,150
40,270559481,verde,vermelho,heuristica,empate,0,-1,100,90,110,0.8182,0.0667,765,190,375,200
40,270559481,verde,azul,heuristica,empate,0,-1,100,0,0,0.0000,0.0400,2574,85,2374,115
41,1328649944,vermelho,verde,heuristica,vermelho,0,-3,16,60,120,0.5000,0.0833,443,76,293,74
41,1328649944,vermelho,vermelho,heuristica,vermelho,1,3,16,60,30,2.0000,0.0625,582,125,351,106
41,1328649944,vermelho,azul,heuristica,vermelho,0,-3,16,150,120,1.2500,0.1333,675,158,367,150
42,662329169,azul,verde,heuristica,empate,0,-1,100,0,0,0.0000,0.0101,1953,1,1952,0
42,662329169,azul,vermelho,heuristica,empate,0,-1,100,120,90,1.3333,0.0202,2231,103,2033,95
42,662329169,azul,azul,heuristica,empate,0,-1,100,90,120,0.7500,0.0000,1095,73,955,67
43,1702263910,verde,verde,heuristica,verde,1,3,27,20,0,20.0000,0.0741,724,43,633,48
43,1702263910,verde,vermelho,heuristica,verde,0,-3,27,120,110,1.0909,0.0385,821,103,620,98
43,1702263910,verde,azul,heuristica,verde,0,-3,27,90,120,0.7500,0.0000,447,99,249,99
44,814414449,vermelho,verde,heuristica,azul,0,-3,63,150,120,1.2500,0.0645,1900,217,1468,215
44,814414449,vermelho,vermelho,heuristica,azul,0,-3,63,90,120,0.7500,0.0769,464,74,319,71
44,814414449,vermelho,azul,heuristica,azul,1,3,63,30,30,1.0000,0.0000,1018,69,885,64
45,764225697,azul,verde,heuristica,azul,0,-3,27,180,120,1.5000,0.0000,1047,236,600,211
45,764225697,azul,vermelho,heuristica,azul,0,-3,27,60,120,0.5000,0.1053,611,80,456,75
45,764225697,azul,azul,heuristica,azul,1,3,27,60,60,1.0000,0.0370,900,125,650,125
46,464531721,verde,verde,heuristica,empate,0,-1,100,120,90,1.3333,0.0600,2640,137,2362,141
46,464531721,verde,vermelho,heuristica,empate,0,-1,100,90,120,0.7500,0.0000,306,74,163,69
46,464531721,verde,azul,heuristica,empate,0,-1,100,0,0,0.0000,0.0700,2419,26,2368,25
47,1533946064,vermelho,verde,heuristica,verde,1,3,19,30,30,1.0000,0.0000,397,26,350,21
47,1533946064,vermelho,vermelho,heuristica,verde,0,-3,19,80,100,0.8000,0.3636,503,134,269,100
47,1533946064,vermelho,azul,heuristica,verde,0,-3,19,130,110,1.1818,0.3333,895,253,442,200
48,2021790431,azul,verde,heuristica,empate,0,-1,100,0,0,0.0000,0.0404,1902,33,1869,0
48,2021790431,azul,vermelho,heuristica,empate,0,-1,100,0,0,0.0000,0.0505,2135,0,2135,0
48,2021790431,azul,azul,heuristica,empate,0,-1,100,0,0,0.0000,0.0000,1426,34,1392,0
49,1451556886,verde,verde,heuristica,verde,1,3,58,30,30,1.0000,0.0345,1567,89,1384,94
49,1451556886,verde,vermelho,heuristica,verde,0,-3,58,90,120,0.7500,0.0000,289,78,138,73
49,1451556886,verde,azul,heuristica,verde,0,-3,58,150,120,1.2500,0.0877,1686,157,1379,150
50,6009790,vermelho,verde,heuristica,empate,0,-1,100,0,0,0.0000,0.0101,1380,7,1373,0
50,6009790,vermelho,vermelho,heuristica,empate,0,-1,100,120,80,1.5000,0.0300,2227,105,2030,92
50,6009790,vermelho,azul,heuristica,empate,0,-1,100,80,120,0.6667,0.0645,799,82,645,72
51,188280745,azul,verde,heuristica,empate,0,-1,100,120,90,1.3333,0.0101,1973,98,1784,91
51,188280745,azul,vermelho,heuristica,empate,0,-1,100,90,120,0.7500,0.0000,399,97,208,94
51,188280745,azul,azul,heuristica,empate,0,-1,100,0,0,0.0000,0.4300,4631,1061,2495,1075
52,349047791,verde,verde,heuristica,verde,1,3,54,60,30,2.0000,0.3148,1349,81,1186,82
52,349047791,verde,vermelho,heuristica,verde,0,-3,54,150,120,1.2500,0.0189,1628,185,1268,175
52,349047791,verde,azul,heuristica,verde,0,-3,54,60,120,0.5000,0.0000,533,108,302,123
53,1876708646,vermelho,verde,heuristica,empate,0,-1,100,0,0,0.0000,0.0404,2095,14,2065,16
53,1876708646,vermelho,vermelho,heuristica,empate,0,-1,100,120,90,1.3333,0.0000,2465,246,1948,271
53,1876708646,vermelho,azul,heuristica,empate,0,-1,100,90,120,0.7500,0.0000,563,72,422,69
54,1152886018,azul,verde,heuristica,empate,0,-1,100,0,0,0.0000,0.0000,1514,32,1454,28
54,1152886018,azul,vermelho,heuristica,empate,0,-1,100,90,120,0.7500,0.1111,769,85,603,81
54,1152886018,azul,azul,heuristica,empate,0,-1,100,120,90,1.3333,0.0500,2548,129,2299,120
55,1069746520,verde,verde,heuristica,empate,0,-1,100,180,90,2.0000,0.0000,2193,162,1882,149
55,1069746520,verde,vermelho,heuristica,empate,0,-1,100,0,60,0.0000,0.0200,2094,56,1979,59
55,1069746520,verde,azul,heuristica,empate,0,-1,100,90,120,0.7500,0.0417,680,68,551,61
56,1489974805,vermelho,verde,heuristica,empate,0,-1,100,0,0,0.0000,0.0303,1841,109,1714,18
56,1489974805,vermelho,vermelho,heuristica,empate,0,-1,100,0,0,0.0000,0.8800,3256,743,1775,738
56,1489974805,vermelho,azul,heuristica,empate,0,-1,100,0,0,0.0000,0.0200,1996,81,1877,38
57,1198990478,azul,verde,heuristica,azul,0,-3,50,90,120,0.7500,0.0625,956,121,712,123
57,1198990478,azul,vermelho,heuristica,azul,0,-3,50,180,120,1.5000,0.1020,1560,198,1166,196
57,1198990478,azul,azul,heuristica,azul,1,3,50,30,60,0.5000,0.1000,1379,93,1191,95
58,1785076888,verde,verde,heuristica,azul,0,-3,97,90,120,0.7500,0.0714,542,105,337,100
58,1785076888,verde,vermelho,heuristica,azul,0,-3,97,150,120,1.2500,0.0515,2566,170,2225,171
58,1785076888,verde,azul,heuristica,azul,1,3,97,30,30,1.0000,0.0103,1846,20,1807,19
59,1812608420,vermelho,verde,heuristica,azul,0,-3,62,140,110,1.2727,0.0984,1833,193,1445,195
59,1812608420,vermelho,vermelho,heuristica,azul,0,-3,62,80,110,0.7273,0.1667,1234,207,840,187
59,1812608420,vermelho,azul,heuristica,azul,1,3,62,30,30,1.0000,0.0000,1135,34,1062,39
60,1494812099,azul,verde,heuristica,empate,0,-1,100,120,80,1.5000,0.0606,2003,110,1777,116
60,1494812099,azul,vermelho,heuristica,empate,0,-1,100,0,0,0.0000,0.0404,2098,0,2098,0
60,1494812099,azul,azul,heuristica,empate,0,-1,100,80,120,0.6667,0.0556,584,78,432,74
61,624291629,verde,verde,heuristica,vermelho,0,-3,39,80,100,0.8000,0.2000,800,150,500,150
61,624291629,verde,vermelho,heuristica,vermelho,1,3,39,20,30,0.6667,0.0769,1078,125,819,134
61,624291629,verde,azul,heuristica,vermelho,0,-3,39,130,100,1.3000,0.2105,1237,158,929,150
62,1690688755,vermelho,verde,heuristica,empate,0,-1,100,120,90,1.3333,0.0101,1573,101,1378,94
62,1690688755,vermelho,vermelho,heuristica,empate,0,-1,100,90,120,0.7500,0.0000,470,51,372,47
62,1690688755,vermelho,azul,heuristica,empate,0,-1,100,0,0,0.0000,0.0600,1882,25,1833,24
63,415855664,azul,verde,heuristica,empate,0,-1,100,120,90,1.3333,0.0202,2616,129,2362,125
63,415855664,azul,vermelho,heuristica,empate,0,-1,100,0,0,0.0000,0.0000,1149,9,1140,0
63,415855664,azul,azul,heuristica,empate,0,-1,100,90,120,0.7500,0.0000,380,105,175,100
64,1239108435,verde,verde,heuristica,empate,0,-1,100,110,80,1.3750,0.0300,2095,112,1879,104
64,1239108435,verde,vermelho,heuristica,empate,0,-1,100,80,110,0.7273,0.3810,706,111,474,121
64,1239108435,verde,azul,heuristica,empate,0,-1,100,0,0,0.0000,0.0700,2282,0,2282,0
65,1288729641,vermelho,verde,heuristica,vermelho,0,-3,97,90,110,0.8182,0.1143,1126,162,807,157
65,1288729641,vermelho,vermelho,heuristica,vermelho,1,3,97,30,0,30.0000,0.0619,2346,111,2112,123
65,1288729641,vermelho,azul,heuristica,vermelho,0,-3,97,110,120,0.9167,0.0833,2583,172,2245,166
66,2109698062,azul,verde,heuristica,verde,1,3,30,30,0,30.0000,0.0690,779,41,688,50
66,2109698062,azul,vermelho,heuristica,verde,0,-3,30,120,120,1.0000,0.0000,943,129,689,125
66,2109698062,azul,azul,heuristica,verde,0,-3,30,90,120,0.7500,0.0000,856,121,610,125
67,1413126415,verde,verde,heuristica,vermelho,0,-3,98,60,120,0.5000,0.0333,714,70,578,66
67,1413126415,verde,vermelho,heuristica,vermelho,1,3,98,60,30,2.0000,0.1633,2431,108,2211,112
67,1413126415,verde,azul,heuristica,vermelho,0,-3,98,150,120,1.2500,0.1237,2855,233,2349,273
68,354615157,vermelho,verde,heuristica,azul,0,-3,71,60,120,0.5000,0.0000,302,78,149,75
68,354615157,vermelho,vermelho,heuristica,azul,0,-3,71,150,120,1.2500,0.0282,1920,188,1545,187
68,354615157,vermelho,azul,heuristica,azul,1,3,71,60,30,2.0000,0.0423,1767,72,1620,75
69,36093310,azul,verde,heuristica,verde,1,3,13,30,30,1.0000,0.0000,344,35,268,41
69,36093310,azul,vermelho,heuristica,verde,0,-3,13,80,110,0.7273,0.1667,291,77,142,72
69,36093310,azul,azul,heuristica,verde,0,-3,13,140,110,1.2727,0.2500,571,146,287,138
70,650929293,verde,verde,heuristica,vermelho,0,-3,18,60,120,0.5000,0.0769,443,89,267,87
70,650929293,verde,vermelho,heuristica,vermelho,1,3,18,60,60,1.0000,0.0000,572,79,418,75
70,650929293,verde,azul,heuristica,vermelho,0,-3,18,180,120,1.5000,0.0588,805,203,408,194
71,1174663146,vermelho,verde,heuristica,vermelho,0,-3,33,170,120,1.4167,0.1875,1196,210,786,200
71,1174663146,vermelho,vermelho,heuristica,vermelho,1,3,33,60,60,1.0000,0.1515,870,51,771,48
71,1174663146,vermelho,azul,heuristica,vermelho,0,-3,33,60,110,0.5455,0.4000,506,131,250,125
72,6505178,azul,verde,heuristica,verde,1,3,44,30,0,30.0000,0.0233,1047,27,995,25
72,6505178,azul,vermelho,heuristica,verde,0,-3,44,120,120,1.0000,0.0714,1298,134,1023,141
72,6505178,azul,azul,heuristica,verde,0,-3,44,90,120,0.7500,0.0000,379,104,175,100
73,478834776,verde,verde,heuristica,azul,0,-3,65,100,110,0.9091,0.1846,1648,143,1374,131
73,478834776,verde,vermelho,heuristica,azul,0,-3,65,80,100,0.8000,0.4286,357,108,162,87
73,478834776,verde,azul,heuristica,azul,1,3,65,30,0,30.0000,0.0154,982,15,954,13
74,466979635,vermelho,verde,heuristica,verde,1,3,94,30,30,1.0000,0.0860,2413,124,2166,123
74,466979635,vermelho,vermelho,heuristica,verde,0,-3,94,90,120,0.7500,0.0526,659,110,441,108
74,466979635,vermelho,azul,heuristica,verde,0,-3,94,150,120,1.2500,0.0753,2624,244,2107,273
75,1585602173,azul,verde,heuristica,empate,0,-1,100,90,120,0.7500,0.0000,415,98,219,98
75,1585602173,azul,vermelho,heuristica,empate,0,-1,100,120,90,1.3333,0.0000,2135,103,1934,98
75,1585602173,azul,azul,heuristica,empate,0,-1,100,0,0,0.0000,0.0500,2190,0,2190,0
76,137830156,verde,verde,heuristica,empate,0,-1,100,120,60,2.0000,0.0200,2144,106,1938,100
76,137830156,verde,vermelho,heuristica,empate,0,-1,100,0,0,0.0000,0.0100,2144,21,2123,0
76,137830156,verde,azul,heuristica,empate,0,-1,100,60,120,0.5000,0.0000,452,102,251,99
77,295121870,vermelho,verde,heuristica,azul,0,-3,30,150,120,1.2500,0.0345,852,124,612,116
77,295121870,vermelho,vermelho,heuristica,azul,0,-3,30,90,120,0.7500,0.0000,426,79,272,75
77,295121870,vermelho,azul,heuristica,azul,1,3,30,30,30,1.0000,0.0333,724,27,673,24
78,1568756219,azul,verde,heuristica,empate,0,-1,100,0,0,0.0000,0.0202,1970,0,1970,0
78,1568756219,azul,vermelho,heuristica,empate,0,-1,100,0,0,0.0000,0.0000,1691,0,1691,0
78,1568756219,azul,azul,heuristica,empate,0,-1,100,0,0,0.0000,0.0300,1771,0,1771,0
79,863086835,verde,verde,heuristica,empate,0,-1,100,110,60,1.8333,0.0500,1479,101,1283,95
79,863086835,verde,vermelho,heuristica,empate,0,-1,100,60,110,0.5455,0.1250,728,118,497,113
79,863086835,verde,azul,heuristica,empate,0,-1,100,0,0,0.0000,0.0200,1975,0,1975,0
80,881860485,vermelho,verde,heuristica,vermelho,0,-3,32,140,110,1.2727,0.0645,809,111,595,103
80,881860485,vermelho,vermelho,heuristica,vermelho,1,3,32,30,30,1.0000,0.0313,812,26,764,22
80,881860485,vermelho,azul,heuristica,vermelho,0,-3,32,80,110,0.7273,0.1111,418,102,219,97
81,866620601,azul,verde,heuristica,empate,0,-1,100,0,0,0.0000,0.0000,1892,0,1892,0
81,866620601,azul,vermelho,heuristica,empate,0,-1,100,120,60,2.0000,0.0101,1640,101,1443,96
81,866620601,azul,azul,heuristica,empate,0,-1,100,60,120,0.5000,0.0000,285,77,134,74
82,1809070958,verde,verde,heuristica,vermelho,0,-3,35,150,120,1.2500,0.1429,1131,157,824,150
82,1809070958,verde,vermelho,heuristica,vermelho,1,3,35,30,30,1.0000,0.0000,931,71,789,71
82,1809070958,verde,azul,heuristica,vermelho,0,-3,35,90,120,0.7500,0.3333,344,96,148,100
83,389192010,vermelho,verde,heuristica,azul,0,-3,68,120,120,1.0000,0.1493,1884,147,1587,150
83,389192010,vermelho,vermelho,heuristica,azul,0,-3,68,90,120,0.7500,0.0000,472,103,269,100
83,389192010,vermelho,azul,heuristica,azul,1,3,68,30,0,30.0000,0.1765,1763,80,1583,100
84,500570754,azul,verde,heuristica,azul,0,-3,18,90,120,0.7500,0.0000,491,117,278,96
84,500570754,azul,vermelho,heuristica,azul,0,-3,18,150,120,1.2500,0.0000,690,174,382,134
84,500570754,azul,azul,heuristica,azul,1,3,18,30,30,1.0000,0.0000,539,77,393,69
85,1712353937,verde,verde,heuristica,verde,1,3,37,60,60,1.0000,0.0541,1064,89,877,98
85,1712353937,verde,vermelho,heuristica,verde,0,-3,37,180,120,1.5000,0.0000,1224,199,838,187
85,1712353937,verde,azul,heuristica,verde,0,-3,37,60,120,0.5000,0.1429,722,138,467,117
86,391319897,vermelho,verde,heuristica,vermelho,0,-3,26,90,120,0.7500,0.0556,774,213,422,139
86,391319897,vermelho,vermelho,heuristica,vermelho,1,3,26,60,60,1.0000,0.0769,819,107,621,91
86,391319897,vermelho,azul,heuristica,vermelho,0,-3,26,150,120,1.2500,0.0800,1027,218,597,212
87,136589075,azul,verde,heuristica,azul,0,-3,61,120,120,1.0000,0.1167,1591,132,1326,133
87,136589075,azul,vermelho,heuristica,azul,0,-3,61,90,120,0.7500,0.0000,399,104,197,98
87,136589075,azul,azul,heuristica,azul,1,3,61,30,0,30.0000,0.1311,1376,21,1339,16
88,516443035,verde,verde,heuristica,azul,0,-3,6,110,110,1.0000,0.6667,407,132,150,125
88,516443035,verde,vermelho,heuristica,azul,0,-3,6,80,110,0.7273,0.6000,331,106,125,100
88,516443035,verde,azul,heuristica,azul,1,3,6,30,0,30.0000,0.0000,278,78,150,50
89,1231568109,vermelho,verde,heuristica,azul,0,-3,66,90,120,0.7500,0.0000,350,100,150,100
89,1231568109,vermelho,vermelho,heuristica,azul,0,-3,66,130,120,1.0833,0.0455,1811,142,1529,140
89,1231568109,vermelho,azul,heuristica,azul,1,3,66,30,10,3.0000,0.0758,1918,173,1550,195
90,234389638,azul,verde,heuristica,empate,0,-1,100,0,0,0.0000,0.0404,1397,3,1394,0
90,234389638,azul,vermelho,heuristica,empate,0,-1,100,120,60,2.0000,0.0101,2240,179,1874,187
90,234389638,azul,azul,heuristica,empate,0,-1,100,60,120,0.5000,0.0494,2075,151,1780,144
91,1278363502,verde,verde,heuristica,verde,1,3,21,60,30,2.0000,0.0476,694,117,451,126
91,1278363502,verde,vermelho,heuristica,verde,0,-3,21,60,110,0.5455,0.3846,452,72,311,69
91,1278363502,verde,azul,heuristica,verde,0,-3,21,140,120,1.1667,0.1000,839,186,480,173
92,2089492144,vermelho,verde,heuristica,empate,0,-1,100,80,100,0.8000,0.2667,562,103,354,105
92,2089492144,vermelho,vermelho,heuristica,empate,0,-1,100,100,80,1.2500,0.0500,1828,80,1674,74
92,2089492144,vermelho,azul,heuristica,empate,0,-1,100,0,0,0.0000,0.0000,1360,0,1360,0
93,1010834375,azul,verde,heuristica,azul,0,-3,39,90,110,0.8182,0.0870,729,105,524,100
93,1010834375,azul,vermelho,heuristica,azul,0,-3,39,140,120,1.1667,0.0789,1294,190,911,193
93,1010834375,azul,azul,heuristica,azul,1,3,39,30,30,1.0000,0.1026,1060,73,914,73
94,1010172138,verde,verde,heuristica,vermelho,0,-3,16,90,120,0.7500,0.0000,351,101,150,100
94,1010172138,verde,vermelho,heuristica,vermelho,1,3,16,30,30,1.0000,0.3125,576,77,399,100
94,1010172138,verde,azul,heuristica,vermelho,0,-3,16,150,120,1.2500,0.0000,632,132,375,125
95,1255584616,vermelho,verde,heuristica,verde,1,3,65,30,30,1.0000,0.1875,1852,177,1504,171
95,1255584616,vermelho,vermelho,heuristica,verde,0,-3,65,150,120,1.2500,0.0313,1602,141,1327,134
95,1255584616,vermelho,azul,heuristica,verde,0,-3,65,90,120,0.7500,0.0000,500,78,347,75
96,2041513302,azul,verde,heuristica,vermelho,0,-3,43,90,120,0.7500,0.1000,622,90,447,85
96,2041513302,azul,vermelho,heuristica,vermelho,1,3,43,30,30,1.0000,0.0714,1152,71,1006,75
96,2041513302,azul,azul,heuristica,vermelho,0,-3,43,150,120,1.2500,0.0714,1208,135,944,129
97,11523659,verde,verde,heuristica,empate,0,-1,100,90,120,0.7500,0.0000,688,96,504,88
97,11523659,verde,vermelho,heuristica,empate,0,-1,100,120,90,1.3333,0.0200,1953,103,1764,86
97,11523659,verde,azul,heuristica,empate,0,-1,100,0,0,0.0000,0.0000,1184,9,1175,0
98,60279016,vermelho,verde,heuristica,azul,0,-3,58,140,110,1.2727,0.1404,1718,170,1378,170
98,60279016,vermelho,vermelho,heuristica,azul,0,-3,58,80,110,0.7273,0.2222,665,128,412,125
98,60279016,vermelho,azul,heuristica,azul,1,3,58,30,30,1.0000,0.0690,1375,20,1338,17
99,2035523298,azul,verde,heuristica,azul,0,-3,72,150,120,1.2500,0.0141,1558,117,1333,108
99,2035523298,azul,vermelho,heuristica,azul,0,-3,72,90,120,0.7500,0.1538,468,79,315,74
99,2035523298,azul,azul,heuristica,azul,1,3,72,30,30,1.0000,0.0278,1758,49,1659,50
100,778332920,verde,verde,heuristica,empate,0,-1,100,0,0,0.0000,0.0000,1824,60,1748,16
100,778332920,verde,vermelho,heuristica,empate,0,-1,100,0,0,0.0000,0.0000,2329,507,1362,460
100,778332920,verde,azul,heuristica,empate,0,-1,100,0,0,0.0000,0.0000,1650,0,1650,0
101,681977055,vermelho,verde,heuristica,vermelho,0,-3,35,90,110,0.8182,0.3333,530,125,282,123
101,681977055,vermelho,vermelho,heuristica,vermelho,1,3,35,30,30,1.0000,0.0000,503,12,480,11
101,681977055,vermelho,azul,heuristica,vermelho,0,-3,35,140,120,1.1667,0.1471,1161,173,805,183
102,937597042,azul,verde,heuristica,vermelho,0,-3,13,120,120,1.0000,0.0000,474,100,280,94
102,937597042,azul,vermelho,heuristica,vermelho,1,3,13,90,30,3.0000,0.0000,504,124,282,98
102,937597042,azul,azul,heuristica,vermelho,0,-3,13,60,120,0.5000,0.1000,397,74,248,75
103,528953857,verde,verde,heuristica,verde,1,3,67,30,0,30.0000,0.0448,1627,79,1461,87
103,528953857,verde,vermelho,heuristica,verde,0,-3,67,120,120,1.0000,0.0455,1585,129,1331,125
103,528953857,verde,azul,heuristica,verde,0,-3,67,90,120,0.7500,0.0000,429,104,225,100
104,1698552064,vermelho,verde,heuristica,vermelho,0,-3,33,120,120,1.0000,0.0000,941,103,741,97
104,1698552064,vermelho,vermelho,heuristica,vermelho,1,3,33,30,0,30.0000,0.0303,814,27,762,25
104,1698552064,vermelho,azul,heuristica,vermelho,0,-3,33,90,120,0.7500,0.0323,877,77,727,73
105,2028522531,azul,verde,heuristica,verde,1,3,41,60,40,1.5000,0.2000,1078,187,738,153
105,2028522531,azul,vermelho,heuristica,verde,0,-3,41,60,120,0.5000,0.1200,742,94,578,70
105,2028522531,azul,azul,heuristica,verde,0,-3,41,160,120,1.3333,0.2250,1269,209,871,189
106,2146725289,verde,verde,heuristica,azul,0,-3,30,120,120,1.0000,0.0000,1012,171,675,166
106,2146725289,verde,vermelho,heuristica,azul,0,-3,30,90,120,0.7500,0.0370,1209,295,623,291
106,2146725289,verde,azul,heuristica,azul,1,3,30,30,0,30.0000,0.0333,863,83,662,118
107,2048006628,vermelho,verde,heuristica,vermelho,0,-3,16,70,120,0.5833,0.1667,556,145,287,124
107,2048006628,vermelho,vermelho,heuristica,vermelho,1,3,16,40,30,1.3333,0.5625,675,142,388,145
107,2048006628,vermelho,azul,heuristica,vermelho,0,-3,16,150,110,1.3636,0.6000,789,223,367,199
108,2065734190,azul,verde,heuristica,empate,0,-1,100,0,0,0.0000,0.4545,1256,1,1255,0
108,2065734190,azul,vermelho,heuristica,empate,0,-1,100,0,0,0.0000,0.0000,1668,40,1628,0
108,2065734190,azul,azul,heuristica,empate,0,-1,100,0,0,0.0000,0.0000,1723,2,1721,0
109,946904339,verde,verde,heuristica,empate,0,-1,100,120,90,1.3333,0.0200,2075,154,1766,155
109,946904339,verde,vermelho,heuristica,empate,0,-1,100,90,120,0.7500,0.0769,696,78,544,74
109,946904339,verde,azul,heuristica,empate,0,-1,100,0,0,0.0000,0.0200,1852,9,1821,22
110,977405121,vermelho,verde,heuristica,vermelho,0,-3,30,160,120,1.3333,0.1724,1058,183,701,174
110,977405121,vermelho,vermelho,heuristica,vermelho,1,3,30,90,60,1.5000,0.0333,859,89,674,96
110,977405121,vermelho,azul,heuristica,vermelho,0,-3,30,30,100,0.3000,0.4286,372,97,175,100
111,106871201,azul,verde,heuristica,vermelho,0,-3,41,150,120,1.2500,0.1000,1236,132,980,124
111,106871201,azul,vermelho,heuristica,vermelho,1,3,41,30,30,1.0000,0.0000,874,39,791,44
111,106871201,azul,azul,heuristica,vermelho,0,-3,41,90,120,0.7500,0.1667,294,79,140,75
112,524023377,verde,verde,heuristica,empate,0,-1,100,120,90,1.3333,0.0000,1793,142,1516,135
112,524023377,verde,vermelho,heuristica,empate,0,-1,100,0,0,0.0000,0.0500,2220,27,2168,25
112,524023377,verde,azul,heuristica,empate,0,-1,100,90,120,0.7500,0.0000,597,104,393,100
113,2070036801,vermelho,verde,heuristica,empate,0,-1,100,0,30,0.0000,0.0909,2744,238,2266,240
113,2070036801,vermelho,vermelho,heuristica,empate,0,-1,100,120,60,2.0000,0.0400,2689,145,2395,149
113,2070036801,vermelho,azul,heuristica,empate,0,-1,100,90,120,0.7500,0.2222,695,125,445,125
114,332326161,azul,verde,heuristica,azul,0,-3,14,90,120,0.7500,0.0000,448,123,216,109
114,332326161,azul,vermelho,heuristica,azul,0,-3,14,150,120,1.2500,0.1538,568,145,307,116
114,332326161,azul,azul,heuristica,azul,1,3,14,30,30,1.0000,0.0000,511,90,348,73
115,13274541,verde,verde,heuristica,empate,0,-1,100,90,120,0.7500,0.0435,1225,72,1087,66
115,13274541,verde,vermelho,heuristica,empate,0,-1,100,120,90,1.3333,0.0200,2135,96,1953,86
115,13274541,verde,azul,heuristica,empate,0,-1,100,0,0,0.0000,0.0100,2263,20,2222,21
116,825241805,vermelho,verde,heuristica,azul,0,-3,39,90,120,0.7500,0.0909,1029,136,774,119
116,825241805,vermelho,vermelho,heuristica,azul,0,-3,39,120,120,1.0000,0.0256,1315,194,947,174
116,825241805,vermelho,azul,heuristica,azul,1,3,39,30,0,30.0000,0.0256,1050,76,884,90
117,1573000952,azul,verde,heuristica,empate,0,-1,100,120,60,2.0000,0.0606,2935,292,2329,314
117,1573000952,azul,vermelho,heuristica,empate,0,-1,100,60,120,0.5000,0.0317,1678,105,1473,100
117,1573000952,azul,azul,heuristica,empate,0,-1,100,0,0,0.0000,0.0000,1661,0,1661,0
118,1749647013,verde,verde,heuristica,verde,1,3,56,50,30,1.6667,0.0536,1198,71,1062,65
118,1749647013,verde,vermelho,heuristica,verde,0,-3,56,150,100,1.5000,0.1455,1574,157,1269,148
118,1749647013,verde,azul,heuristica,verde,0,-3,56,50,120,0.4167,0.2000,499,125,249,125
119,974095307,vermelho,verde,heuristica,empate,0,-1,100,90,120,0.7500,0.0000,318,95,124,99
119,974095307,vermelho,vermelho,heuristica,empate,0,-1,100,0,0,0.0000,0.0000,1863,0,1863,0
119,974095307,vermelho,azul,heuristica,empate,0,-1,100,120,90,1.3333,0.0300,1715,105,1510,100
120,1400113132,azul,verde,heuristica,verde,1,3,15,30,60,0.5000,0.0714,426,43,333,50
120,1400113132,azul,vermelho,heuristica,verde,0,-3,15,180,120,1.5000,0.2308,678,180,323,175
120,1400113132,azul,azul,heuristica,verde,0,-3,15,90,120,0.7500,0.0000,410,110,200,100
121,1403140035,verde,verde,heuristica,verde,1,3,29,30,30,1.0000,0.0345,718,47,621,50
121,1403140035,verde,vermelho,heuristica,verde,0,-3,29,150,120,1.2500,0.0357,920,148,632,140
121,1403140035,verde,azul,heuristica,verde,0,-3,29,90,120,0.7500,0.0000,280,74,137,69
122,1485886752,vermelho,verde,heuristica,empate,0,-1,100,90,110,0.8182,0.0556,977,78,826,73
122,1485886752,vermelho,vermelho,heuristica,empate,0,-1,100,110,90,1.2222,0.0000,1885,95,1703,87
122,1485886752,vermelho,azul,heuristica,empate,0,-1,100,0,0,0.0000,0.0200,1914,32,1836,46
123,1433079639,azul,verde,heuristica,azul,0,-3,45,120,120,1.0000,0.0227,1025,95,842,88
123,1433079639,azul,vermelho,heuristica,azul,0,-3,45,90,120,0.7500,0.0556,997,73,857,67
123,1433079639,azul,azul,heuristica,azul,1,3,45,30,0,30.0000,0.0667,1105,71,959,75
124,1444017005,verde,verde,heuristica,empate,0,-1,100,120,60,2.0000,0.0100,2194,117,1968,109
124,1444017005,verde,vermelho,heuristica,empate,0,-1,100,0,0,0.0000,0.0400,2223,10,2213,0
124,1444017005,verde,azul,heuristica,empate,0,-1,100,60,120,0.5000,0.0000,598,74,454,70
125,1120634029,vermelho,verde,heuristica,vermelho,0,-3,46,90,120,0.7500,0.0455,679,104,475,100
125,1120634029,vermelho,vermelho,heuristica,vermelho,1,3,46,30,0,30.0000,0.0217,906,15,878,13
125,1120634029,vermelho,azul,heuristica,vermelho,0,-3,46,120,120,1.0000,0.0444,1359,130,1105,124
126,1159629576,azul,verde,heuristica,verde,1,3,83,60,60,1.0000,0.0854,2025,53,1922,50
126,1159629576,azul,vermelho,heuristica,verde,0,-3,83,180,120,1.5000,0.0370,2263,202,1847,214
126,1159629576,azul,azul,heuristica,verde,0,-3,83,60,120,0.5000,0.0000,277,78,124,75
127,170520394,verde,verde,heuristica,verde,1,3,61,30,0,30.0000,0.0984,1339,39,1264,36
127,170520394,verde,vermelho,heuristica,verde,0,-3,61,120,120,1.0000,0.0833,1551,104,1347,100
127,170520394,verde,azul,heuristica,verde,0,-3,61,90,120,0.7500,0.0417,1206,87,1037,82
128,2032603470,vermelho,verde,heuristica,empate,0,-1,100,90,120,0.7500,0.0000,655,81,507,67
128,2032603470,vermelho,vermelho,heuristica,empate,0,-1,100,0,0,0.0000,0.0000,1720,7,1713,0
128,2032603470,vermelho,azul,heuristica,empate,0,-1,100,120,90,1.3333,0.0300,2134,137,1858,139
129,1569236234,azul,verde,heuristica,empate,0,-1,100,90,120,0.7500,0.0000,499,104,295,100
129,1569236234,azul,vermelho,heuristica,empate,0,-1,100,120,90,1.3333,0.0000,1968,130,1713,125
129,1569236234,azul,azul,heuristica,empate,0,-1,100,0,0,0.0000,0.0600,2135,2,2133,0
130,411570783,verde,verde,heuristica,vermelho,0,-3,12,90,120,0.7500,0.0000,344,98,148,98
130,411570783,verde,vermelho,heuristica,vermelho,1,3,12,30,0,30.0000,0.0000,352,27,300,25
130,411570783,verde,azul,heuristica,vermelho,0,-3,12,120,120,1.0000,0.0000,571,148,274,149
131,562047796,vermelho,verde,heuristica,empate,0,-1,100,70,120,0.5833,0.1000,842,104,642,96
131,562047796,vermelho,vermelho,heuristica,empate,0,-1,100,120,70,1.7143,0.0500,2609,144,2327,138
131,562047796,vermelho,azul,heuristica,empate,0,-1,100,0,0,0.0000,0.0200,1332,3,1329,0
132,1448248165,azul,verde,heuristica,empate,0,-1,100,120,90,1.3333,0.0707,2585,163,2260,162
132,1448248165,azul,vermelho,heuristica,empate,0,-1,100,0,0,0.0000,0.0202,1850,2,1848,0
132,1448248165,azul,azul,heuristica,empate,0,-1,100,90,120,0.7500,0.0000,689,66,560,63
133,1352011924,verde,verde,heuristica,verde,1,3,53,30,30,1.0000,0.0566,1323,69,1179,75
133,1352011924,verde,vermelho,heuristica,verde,0,-3,53,90,120,0.7500,0.0571,1160,150,841,169
133,1352011924,verde,azul,heuristica,verde,0,-3,53,150,120,1.2500,0.0769,1611,208,1191,212
134,939551074,vermelho,verde,heuristica,azul,0,-3,29,130,120,1.0833,0.1429,1022,189,636,197
134,939551074,vermelho,vermelho,heuristica,azul,0,-3,29,90,100,0.9000,0.1250,338,76,189,73
134,939551074,vermelho,azul,heuristica,azul,1,3,29,30,30,1.0000,0.1034,766,52,664,50
135,362752061,azul,verde,heuristica,verde,1,3,82,30,0,30.0000,0.0370,1927,29,1873,25
135,362752061,azul,vermelho,heuristica,verde,0,-3,82,120,120,1.0000,0.3750,1903,145,1612,146
135,362752061,azul,azul,heuristica,verde,0,-3,82,90,120,0.7500,0.0000,420,104,216,100
136,1970562540,verde,verde,heuristica,verde,1,3,54,180,90,2.0000,0.0370,1796,247,1293,256
136,1970562540,verde,vermelho,heuristica,verde,0,-3,54,90,120,0.7500,0.0769,1285,188,901,196
136,1970562540,verde,azul,heuristica,verde,0,-3,54,60,120,0.5000,0.0755,1317,95,1129,93
137,383708122,vermelho,verde,heuristica,azul,0,-3,37,150,100,1.5000,0.0833,1095,143,813,139
137,383708122,vermelho,vermelho,heuristica,azul,0,-3,37,90,120,0.7500,0.0357,866,104,663,99
137,383708122,vermelho,azul,heuristica,azul,1,3,37,10,30,0.3333,0.0811,1001,63,871,67
138,2075785334,azul,verde,heuristica,empate,0,-1,100,0,0,0.0000,0.0101,1816,53,1738,25
138,2075785334,azul,vermelho,heuristica,empate,0,-1,100,90,120,0.7500,0.0690,910,96,714,100
138,2075785334,azul,azul,heuristica,empate,0,-1,100,120,90,1.3333,0.3400,2336,160,2051,125
139,794372141,verde,verde,heuristica,vermelho,0,-3,67,120,120,1.0000,0.3284,1573,120,1336,117
139,794372141,verde,vermelho,heuristica,vermelho,1,3,67,30,0,30.0000,0.0896,1673,52,1571,50
139,794372141,verde,azul,heuristica,vermelho,0,-3,67,90,120,0.7500,0.0000,350,103,148,99
140,1817101026,vermelho,verde,heuristica,empate,0,-1,100,60,120,0.5000,0.0000,377,77,225,75
140,1817101026,vermelho,vermelho,heuristica,empate,0,-1,100,0,0,0.0000,0.0000,1778,0,1778,0
140,1817101026,vermelho,azul,heuristica,empate,0,-1,100,120,60,2.0000,0.0400,2111,106,1905,100
141,1461547978,azul,verde,heuristica,vermelho,0,-3,25,150,120,1.2500,0.0000,1021,235,571,215
141,1461547978,azul,vermelho,heuristica,vermelho,1,3,25,30,30,1.0000,0.0417,724,65,584,75
141,1461547978,azul,azul,heuristica,vermelho,0,-3,25,90,120,0.7500,0.0476,700,118,486,96
142,1249674794,verde,verde,heuristica,vermelho,0,-3,79,100,120,0.8333,0.0886,2102,127,1852,123
142,1249674794,verde,vermelho,heuristica,vermelho,1,3,79,30,0,30.0000,0.1139,1957,53,1854,50
142,1249674794,verde,azul,heuristica,vermelho,0,-3,79,90,100,0.9000,0.1579,660,100,461,99
143,236336944,vermelho,verde,heuristica,vermelho,0,-3,32,90,120,0.7500,0.0400,744,80,589,75
143,236336944,vermelho,vermelho,heuristica,vermelho,1,3,32,30,30,1.0000,0.0625,878,71,738,69
143,236336944,vermelho,azul,heuristica,vermelho,0,-3,32,150,120,1.2500,0.0323,1075,184,710,181
144,787490960,azul,verde,heuristica,empate,0,-1,100,90,120,0.7500,0.1250,392,95,198,99
144,787490960,azul,vermelho,heuristica,empate,0,-1,100,120,90,1.3333,0.0303,2028,128,1775,125
144,787490960,azul,azul,heuristica,empate,0,-1,100,0,0,0.0000,0.0000,1616,1,1615,0
145,368094613,verde,verde,heuristica,vermelho,0,-3,15,90,120,0.7500,0.0000,488,94,303,91
145,368094613,verde,vermelho,heuristica,vermelho,1,3,15,30,30,1.0000,0.0000,400,50,304,46
145,368094613,verde,azul,heuristica,vermelho,0,-3,15,150,120,1.2500,0.0000,621,143,335,143
146,15368845,vermelho,verde,heuristica,empate,0,-1,100,50,120,0.4167,0.1250,384,91,193,100
146,15368845,vermelho,vermelho,heuristica,empate,0,-1,100,0,0,0.0000,0.0000,1924,0,1924,0
146,15368845,vermelho,azul,heuristica,empate,0,-1,100,120,50,2.4000,0.0500,2201,105,1996,100
147,987658780,azul,verde,heuristica,empate,0,-1,100,90,110,0.8182,0.0541,991,77,843,71
147,987658780,azul,vermelho,heuristica,empate,0,-1,100,0,0,0.0000,0.0101,1836,5,1831,0
147,987658780,azul,azul,heuristica,empate,0,-1,100,110,90,1.2222,0.0800,2291,99,2101,91
148,1140005980,verde,verde,heuristica,empate,0,-1,100,120,90,1.3333,0.0100,2183,118,1950,115
148,1140005980,verde,vermelho,heuristica,empate,0,-1,100,0,0,0.0000,0.0000,1012,14,990,8
148,1140005980,verde,azul,heuristica,empate,0,-1,100,90,120,0.7500,0.0000,685,87,513,85
149,2107689852,vermelho,verde,heuristica,empate,0,-1,100,0,0,0.0000,0.0000,1665,1,1664,0
149,2107689852,vermelho,vermelho,heuristica,empate,0,-1,100,120,90,1.3333,0.0300,1890,91,1713,86
149,2107689852,vermelho,azul,heuristica,empate,0,-1,100,90,120,0.7500,0.0000,770,146,478,146
150,1111585620,azul,verde,heuristica,verde,1,3,45,30,30,1.0000,0.0455,1080,27,1029,24
150,1111585620,azul,vermelho,heuristica,verde,0,-3,45,150,120,1.2500,0.0465,1145,137,871,137
150,1111585620,azul,azul,heuristica,verde,0,-3,45,90,120,0.7500,0.0000,816,197,430,189
151,323059078,verde,verde,heuristica,azul,0,-3,24,150,120,1.2500,0.0833,862,152,561,149
151,323059078,verde,vermelho,heuristica,azul,0,-3,24,90,120,0.7500,0.0000,404,104,200,100
151,323059078,verde,azul,heuristica,azul,1,3,24,30,30,1.0000,0.0417,806,106,575,125
152,1505993271,vermelho,verde,heuristica,azul,0,-3,26,90,120,0.7500,0.0000,370,95,175,100
152,1505993271,vermelho,vermelho,heuristica,azul,0,-3,26,180,120,1.5000,0.1154,1043,200,643,200
152,1505993271,vermelho,azul,heuristica,azul,1,3,26,30,60,0.5000,0.0385,731,52,629,50
153,1332249844,azul,verde,heuristica,azul,0,-3,25,120,120,1.0000,0.0000,834,129,581,124
153,1332249844,azul,vermelho,heuristica,azul,0,-3,25,90,120,0.7500,0.0000,515,94,327,94
153,1332249844,azul,azul,heuristica,azul,1,3,25,30,0,30.0000,0.2000,713,44,619,50
154,486926662,verde,verde,heuristica,verde,1,3,76,30,0,30.0000,0.0789,1803,27,1752,24
154,486926662,verde,vermelho,heuristica,verde,0,-3,76,120,120,1.0000,0.0133,1645,165,1319,161
154,486926662,verde,azul,heuristica,verde,0,-3,76,90,120,0.7500,0.1429,562,118,328,116
155,228384987,vermelho,verde,heuristica,verde,1,3,52,30,0,30.0000,0.0392,1202,23,1158,21
155,228384987,vermelho,vermelho,heuristica,verde,0,-3,52,120,120,1.0000,0.0588,1732,278,1143,311
155,228384987,vermelho,azul,heuristica,verde,0,-3,52,90,120,0.7500,0.0323,1141,194,725,222
156,1338147426,azul,verde,heuristica,azul,0,-3,75,150,120,1.2500,0.0811,2048,168,1720,160
156,1338147426,azul,vermelho,heuristica,azul,0,-3,75,90,120,0.7500,0.2000,311,96,120,95
156,1338147426,azul,azul,heuristica,azul,1,3,75,30,30,1.0000,0.0267,1603,18,1569,16
157,1701265980,verde,verde,heuristica,verde,1,3,34,90,90,1.0000,0.0882,1075,132,819,124
157,1701265980,verde,vermelho,heuristica,verde,0,-3,34,60,120,0.5000,0.0000,673,104,467,102
157,1701265980,verde,azul,heuristica,verde,0,-3,34,180,120,1.5000,0.0000,1154,194,766,194
158,2035459300,vermelho,verde,heuristica,empate,0,-1,100,0,0,0.0000,0.0202,1932,1,1931,0
158,2035459300,vermelho,vermelho,heuristica,empate,0,-1,100,90,120,0.7500,0.0455,673,111,457,105
158,2035459300,vermelho,azul,heuristica,empate,0,-1,100,120,90,1.3333,0.0000,2030,100,1840,90
159,1984052756,azul,verde,heuristica,azul,0,-3,33,150,120,1.2500,0.0313,1043,172,708,163
159,1984052756,azul,vermelho,heuristica,azul,0,-3,33,90,120,0.7500,0.0000,491,101,315,75
159,1984052756,azul,azul,heuristica,azul,1,3,33,30,30,1.0000,0.1515,871,87,719,65
160,882379617,verde,verde,heuristica,vermelho,0,-3,89,90,120,0.7500,0.0962,1603,163,1265,175
160,882379617,verde,vermelho,heuristica,vermelho,1,3,89,30,30,1.0000,0.0112,2302,115,2064,123
160,882379617,verde,azul,heuristica,vermelho,0,-3,89,150,120,1.2500,0.0909,2501,181,2127,193
161,155837609,vermelho,verde,heuristica,verde,1,3,51,60,60,1.0000,0.0600,1319,53,1216,50
161,155837609,vermelho,vermelho,heuristica,verde,0,-3,51,60,100,0.6000,0.0645,900,76,752,72
161,155837609,vermelho,azul,heuristica,verde,0,-3,51,160,120,1.3333,0.2400,1570,184,1191,195
162,1949492245,azul,verde,heuristica,empate,0,-1,100,0,0,0.0000,0.0101,2358,23,2311,24
162,1949492245,azul,vermelho,heuristica,empate,0,-1,100,90,120,0.7500,0.0000,497,104,293,100
162,1949492245,azul,azul,heuristica,empate,0,-1,100,120,90,1.3333,0.0000,2012,164,1692,156
163,1206746855,verde,verde,heuristica,empate,0,-1,100,60,120,0.5000,0.0968,782,77,634,71
163,1206746855,verde,vermelho,heuristica,empate,0,-1,100,120,60,2.0000,0.0000,1556,97,1371,88
163,1206746855,verde,azul,heuristica,empate,0,-1,100,0,0,0.0000,0.0400,1830,3,1827,0
164,383512830,vermelho,verde,heuristica,verde,1,3,11,30,0,30.0000,0.1000,317,50,221,46
164,383512830,vermelho,vermelho,heuristica,verde,0,-3,11,90,120,0.7500,0.0000,362,88,193,81
164,383512830,vermelho,azul,heuristica,verde,0,-3,11,120,120,1.0000,0.0000,449,114,218,117
165,1238779790,azul,verde,heuristica,empate,0,-1,100,0,0,0.0000,0.0000,1685,0,1685,0
165,1238779790,azul,vermelho,heuristica,empate,0,-1,100,0,0,0.0000,0.0000,1599,18,1557,24
165,1238779790,azul,azul,heuristica,empate,0,-1,100,0,0,0.0000,0.0100,1823,1,1822,0
166,457092375,verde,verde,heuristica,empate,0,-1,100,120,90,1.3333,0.2400,2179,91,2003,85
166,457092375,verde,vermelho,heuristica,empate,0,-1,100,0,0,0.0000,0.0000,1948,0,1948,0
166,457092375,verde,azul,heuristica,empate,0,-1,100,90,120,0.7500,0.1765,621,106,402,113
167,1059044347,vermelho,verde,heuristica,vermelho,0,-3,21,120,120,1.0000,0.0000,738,130,484,124
167,1059044347,vermelho,vermelho,heuristica,vermelho,1,3,21,30,0,30.0000,0.0952,576,43,489,44
167,1059044347,vermelho,azul,heuristica,vermelho,0,-3,21,90,120,0.7500,0.0000,460,78,307,75
168,281457202,azul,verde,heuristica,azul,0,-3,19,90,120,0.7500,0.0000,500,125,275,100
168,281457202,azul,vermelho,heuristica,azul,0,-3,19,150,120,1.2500,0.1667,849,199,450,200
168,281457202,azul,azul,heuristica,azul,1,3,19,30,30,1.0000,0.0000,735,141,469,125
169,1239046820,verde,verde,heuristica,vermelho,0,-3,38,80,120,0.6667,0.2500,485,101,291,93
169,1239046820,verde,vermelho,heuristica,vermelho,1,3,38,30,0,30.0000,0.0526,944,23,900,21
169,1239046820,verde,azul,heuristica,vermelho,0,-3,38,120,110,1.0909,0.2432,1108,134,842,132
170,461995623,vermelho,verde,heuristica,vermelho,0,-3,40,60,120,0.5000,0.0455,649,69,509,71
170,461995623,vermelho,vermelho,heuristica,vermelho,1,3,40,60,30,2.0000,0.0750,1025,52,925,48
170,461995623,vermelho,azul,heuristica,vermelho,0,-3,40,150,120,1.2500,0.0513,1214,167,877,170
171,1520527385,azul,verde,heuristica,empate,0,-1,100,120,90,1.3333,0.0202,2201,122,1988,91
171,1520527385,azul,vermelho,heuristica,empate,0,-1,100,90,120,0.7500,0.0000,715,140,431,144
171,1520527385,azul,azul,heuristica,empate,0,-1,100,0,0,0.0000,0.0000,1942,1,1941,0
172,681314169,verde,verde,heuristica,vermelho,0,-3,73,140,100,1.4000,0.0548,2171,212,1759,200
172,681314169,verde,vermelho,heuristica,vermelho,1,3,73,30,30,1.0000,0.1233,1928,100,1714,114
172,681314169,verde,azul,heuristica,vermelho,0,-3,73,70,110,0.6364,0.3125,626,123,382,121
173,1151681641,vermelho,verde,heuristica,empate,0,-1,100,80,120,0.6667,0.0952,646,79,492,75
173,1151681641,vermelho,vermelho,heuristica,empate,0,-1,100,150,80,1.8750,0.1300,2620,201,2233,186
173,1151681641,vermelho,azul,heuristica,empate,0,-1,100,0,30,0.0000,0.0000,989,32,925,32
174,915322822,azul,verde,heuristica,vermelho,0,-3,22,120,120,1.0000,0.1429,877,179,523,175
174,915322822,azul,vermelho,heuristica,vermelho,1,3,22,30,0,30.0000,0.0476,634,68,492,74
174,915322822,azul,azul,heuristica,vermelho,0,-3,22,90,120,0.7500,0.1111,378,78,225,75
175,1219387384,verde,verde,heuristica,empate,0,-1,100,90,110,0.8182,0.0909,735,109,514,112
175,1219387384,verde,vermelho,heuristica,empate,0,-1,100,110,90,1.2222,0.0400,2210,138,1936,136
175,1219387384,verde,azul,heuristica,empate,0,-1,100,0,0,0.0000,0.0100,2098,56,1967,75
176,669132441,vermelho,verde,heuristica,verde,1,3,83,30,20,1.5000,0.0366,1982,157,1713,112
176,669132441,vermelho,vermelho,heuristica,verde,0,-3,83,140,110,1.2727,0.0366,2081,252,1592,237
176,669132441,vermelho,azul,heuristica,verde,0,-3,83,80,120,0.6667,0.0250,2069,103,1870,96
177,1538008631,azul,verde,heuristica,vermelho,0,-3,31,100,120,0.8333,0.1667,1082,165,746,171
177,1538008631,azul,vermelho,heuristica,vermelho,1,3,31,30,0,30.0000,0.0000,817,49,719,49
177,1538008631,azul,azul,heuristica,vermelho,0,-3,31,90,100,0.9000,0.0357,788,74,643,71
178,557466564,verde,verde,heuristica,azul,0,-3,23,150,120,1.2500,0.1304,843,183,483,177
178,557466564,verde,vermelho,heuristica,azul,0,-3,23,90,120,0.7500,0.0000,573,106,367,100
178,557466564,verde,azul,heuristica,azul,1,3,23,30,30,1.0000,0.0870,677,60,551,66
179,1498413934,vermelho,verde,heuristica,azul,0,-3,14,80,110,0.7273,0.0833,504,122,282,100
179,1498413934,vermelho,vermelho,heuristica,azul,0,-3,14,80,110,0.7273,0.2143,558,116,344,98
179,1498413934,vermelho,azul,heuristica,azul,1,3,14,60,0,60.0000,0.0000,567,141,327,99
180,542293507,azul,verde,heuristica,vermelho,0,-3,63,120,120,1.0000,0.1290,2014,275,1460,279
180,542293507,azul,vermelho,heuristica,vermelho,1,3,63,30,0,30.0000,0.0806,1554,69,1419,66
180,542293507,azul,azul,heuristica,vermelho,0,-3,63,90,120,0.7500,0.0943,1493,149,1202,142
181,1371703114,verde,verde,heuristica,empate,0,-1,100,0,0,0.0000,0.0000,1957,1,1956,0
181,1371703114,verde,vermelho,heuristica,empate,0,-1,100,90,120,0.7500,0.0800,896,184,538,174
181,1371703114,verde,azul,heuristica,empate,0,-1,100,120,90,1.3333,0.1000,2700,143,2412,145
182,117727943,vermelho,verde,heuristica,empate,0,-1,100,90,120,0.7500,0.0435,1211,73,1069,69
182,117727943,vermelho,vermelho,heuristica,empate,0,-1,100,120,90,1.3333,0.0100,2288,140,2007,141
182,117727943,vermelho,azul,heuristica,empate,0,-1,100,0,0,0.0000,0.0000,1267,19,1226,22
183,603806591,azul,verde,heuristica,empate,0,-1,100,0,0,0.0000,0.0606,2098,95,1914,89
183,603806591,azul,vermelho,heuristica,empate,0,-1,100,90,120,0.7500,0.0000,861,101,675,85
183,603806591,azul,azul,heuristica,empate,0,-1,100,120,90,1.3333,0.0200,2328,153,2002,173
184,699897077,verde,verde,heuristica,vermelho,0,-3,56,150,120,1.2500,0.0357,1538,148,1252,138
184,699897077,verde,vermelho,heuristica,vermelho,1,3,56,30,30,1.0000,0.0000,735,25,700,10
184,699897077,verde,azul,heuristica,vermelho,0,-3,56,90,120,0.7500,0.0000,609,105,413,91
185,519069263,vermelho,verde,heuristica,empate,0,-1,100,90,120,0.7500,0.0938,1233,221,763,249
185,519069263,vermelho,vermelho,heuristica,empate,0,-1,100,0,0,0.0000,0.0100,2078,0,2078,0
185,519069263,vermelho,azul,heuristica,empate,0,-1,100,120,90,1.3333,0.0300,2132,142,1841,149
186,1300684724,azul,verde,heuristica,vermelho,0,-3,36,180,100,1.8000,0.0286,1170,159,861,150
186,1300684724,azul,vermelho,heuristica,vermelho,1,3,36,40,60,0.6667,0.2286,963,75,816,72
186,1300684724,azul,azul,heuristica,vermelho,0,-3,36,60,120,0.5000,0.0000,304,79,150,75
187,1520408512,verde,verde,heuristica,azul,0,-3,43,90,100,0.9000,0.5714,376,103,174,99
187,1520408512,verde,vermelho,heuristica,azul,0,-3,43,130,120,1.0833,0.1395,1251,146,961,144
187,1520408512,verde,azul,heuristica,azul,1,3,43,30,30,1.0000,0.0233,1056,44,969,43
188,1385646527,vermelho,verde,heuristica,verde,1,3,33,30,30,1.0000,0.0313,967,129,704,134
188,1385646527,vermelho,vermelho,heuristica,verde,0,-3,33,150,120,1.2500,0.0625,1081,156,760,165
188,1385646527,vermelho,azul,heuristica,verde,0,-3,33,90,120,0.7500,0.1000,768,143,500,125
189,1017835355,azul,verde,heuristica,azul,0,-3,85,140,110,1.2727,0.0595,1999,164,1674,161
189,1017835355,azul,vermelho,heuristica,azul,0,-3,85,140,110,1.2727,0.1538,959,192,599,168
189,1017835355,azul,azul,heuristica,azul,1,3,85,30,90,0.3333,0.0353,2146,88,1961,97
190,1799545139,verde,verde,heuristica,empate,0,-1,100,120,90,1.3333,0.0000,2143,99,1951,93
190,1799545139,verde,vermelho,heuristica,empate,0,-1,100,90,120,0.7500,0.0000,324,88,143,93
190,1799545139,verde,azul,heuristica,empate,0,-1,100,0,0,0.0000,0.0000,1599,0,1599,0
191,129883519,vermelho,verde,heuristica,empate,0,-1,100,130,40,3.2500,0.1313,2870,272,2335,263
191,129883519,vermelho,vermelho,heuristica,empate,0,-1,100,10,110,0.0909,0.1154,1383,155,1117,111
191,129883519,vermelho,azul,heuristica,empate,0,-1,100,60,50,1.2000,0.1600,2359,207,2010,142
192,1102580056,azul,verde,heuristica,vermelho,0,-3,21,120,120,1.0000,0.0500,746,131,490,125
192,1102580056,azul,vermelho,heuristica,vermelho,1,3,21,90,60,1.5000,0.1000,682,103,482,97
192,1102580056,azul,azul,heuristica,vermelho,0,-3,21,90,120,0.7500,0.1333,564,120,326,118
193,1554659575,verde,verde,heuristica,verde,1,3,32,30,30,1.0000,0.0000,737,27,686,24
193,1554659575,verde,vermelho,heuristica,verde,0,-3,32,90,110,0.8182,0.2222,354,72,214,68
193,1554659575,verde,azul,heuristica,verde,0,-3,32,140,120,1.1667,0.0968,1004,145,722,137
194,1156300410,vermelho,verde,heuristica,azul,0,-3,14,80,110,0.7273,0.5000,471,127,247,97
194,1156300410,vermelho,vermelho,heuristica,azul,0,-3,14,140,110,1.2727,0.5000,736,205,340,191
194,1156300410,vermelho,azul,heuristica,azul,1,3,14,90,90,1.0000,0.3571,745,240,319,186
195,529621933,azul,verde,heuristica,empate,0,-1,100,90,120,0.7500,0.0417,759,92,572,95
195,529621933,azul,vermelho,heuristica,empate,0,-1,100,0,0,0.0000,0.0404,2158,22,2098,38
195,529621933,azul,azul,heuristica,empate,0,-1,100,120,90,1.3333,0.0300,2308,99,2115,94
196,1734993955,verde,verde,heuristica,azul,0,-3,45,70,110,0.6364,0.2500,537,80,382,75
196,1734993955,verde,vermelho,heuristica,azul,0,-3,45,190,100,1.9000,0.1778,1601,249,1104,248
196,1734993955,verde,azul,heuristica,azul,1,3,45,30,80,0.3750,0.1556,1294,117,1055,122
197,178452452,vermelho,verde,heuristica,empate,0,-1,100,0,0,0.0000,0.0606,2332,160,2012,160
197,178452452,vermelho,vermelho,heuristica,empate,0,-1,100,90,120,0.7500,0.2609,1523,225,1063,235
197,178452452,vermelho,azul,heuristica,empate,0,-1,100,120,90,1.3333,0.0400,2430,235,1990,205
198,521402375,azul,verde,heuristica,vermelho,0,-3,100,90,120,0.7500,0.1429,365,96,171,98
198,521402375,azul,vermelho,heuristica,vermelho,1,3,100,30,30,1.0000,0.0404,2427,43,2341,43
198,521402375,azul,azul,heuristica,vermelho,0,-3,100,150,120,1.2500,0.0000,2079,128,1834,117
199,105700785,verde,verde,heuristica,empate,0,-1,100,0,0,0.0000,0.0400,2095,0,2095,0
199,105700785,verde,vermelho,heuristica,empate,0,-1,100,100,90,1.1111,0.0100,1786,209,1402,175
199,105700785,verde,azul,heuristica,empate,0,-1,100,90,100,0.9000,0.3333,368,118,150,100
200,2008931110,vermelho,verde,heuristica,verde,1,3,19,30,0,30.0000,0.0000,449,46,359,44
200,2008931110,vermelho,vermelho,heuristica,verde,0,-3,19,90,120,0.7500,0.0000,368,96,172,100
200,2008931110,vermelho,azul,heuristica,verde,0,-3,19,120,120,1.0000,0.1111,686,128,433,125
201,1342046878,azul,verde,heuristica,azul,0,-3,34,90,120,0.7500,0.0000,549,72,412,65
201,1342046878,azul,vermelho,heuristica,azul,0,-3,34,150,120,1.2500,0.0000,1246,211,811,224
201,1342046878,azul,azul,heuristica,azul,1,3,34,30,30,1.0000,0.0000,842,55,737,50
202,953152536,verde,verde,heuristica,empate,0,-1,100,60,120,0.5000,0.0000,305,70,167,68
202,953152536,verde,vermelho,heuristica,empate,0,-1,100,120,60,2.0000,0.0100,2130,102,1935,93
202,953152536,verde,azul,heuristica,empate,0,-1,100,0,0,0.0000,0.0600,2255,1,2254,0
203,1936411928,vermelho,verde,heuristica,verde,1,3,53,90,90,1.0000,0.0577,1474,275,996,203
203,1936411928,vermelho,vermelho,heuristica,verde,0,-3,53,180,120,1.5000,0.0000,1265,175,951,139
203,1936411928,vermelho,azul,heuristica,verde,0,-3,53,60,120,0.5000,0.1042,1279,103,1105,71
204,1166957166,azul,verde,heuristica,empate,0,-1,100,110,60,1.8333,0.0404,2632,184,2252,196
204,1166957166,azul,vermelho,heuristica,empate,0,-1,100,60,110,0.5455,0.0357,711,66,584,61
204,1166957166,azul,azul,heuristica,empate,0,-1,100,0,0,0.0000,0.0000,1022,5,1017,0
205,1693299176,verde,verde,heuristica,empate,0,-1,100,90,120,0.7500,0.0455,735,109,514,112
205,1693299176,verde,vermelho,heuristica,empate,0,-1,100,0,0,0.0000,0.0400,2015,15,1983,17
205,1693299176,verde,azul,heuristica,empate,0,-1,100,120,90,1.3333,0.0900,2314,83,2154,77
206,1869436229,vermelho,verde,heuristica,azul,0,-3,27,60,120,0.5000,0.0000,468,95,274,99
206,1869436229,vermelho,vermelho,heuristica,azul,0,-3,27,150,120,1.2500,0.0741,903,128,655,120
206,1869436229,vermelho,azul,heuristica,azul,1,3,27,60,30,2.0000,0.0370,544,39,470,35
207,145879472,azul,verde,heuristica,verde,1,3,37,30,0,30.0000,0.0833,884,27,832,25
207,145879472,azul,vermelho,heuristica,verde,0,-3,37,110,110,1.0000,0.1143,1110,131,854,125
207,145879472,azul,azul,heuristica,verde,0,-3,37,80,110,0.7273,0.1515,996,104,793,99
208,149114399,verde,verde,heuristica,vermelho,0,-3,99,90,120,0.7500,0.0238,930,69,795,66
208,149114399,verde,vermelho,heuristica,vermelho,1,3,99,30,0,30.0000,0.0101,2430,87,2243,100
208,149114399,verde,azul,heuristica,vermelho,0,-3,99,120,120,1.0000,0.0408,2698,232,2224,242
209,1683453032,vermelho,verde,heuristica,empate,0,-1,100,0,0,0.0000,0.0202,1850,53,1772,25
209,1683453032,vermelho,vermelho,heuristica,empate,0,-1,100,0,0,0.0000,0.0200,1183,49,1134,0
209,1683453032,vermelho,azul,heuristica,empate,0,-1,100,0,0,0.0000,0.0000,1308,76,1232,0
210,1180105192,azul,verde,heuristica,vermelho,0,-3,21,90,120,0.7500,0.0000,297,68,165,64
210,1180105192,azul,vermelho,heuristica,vermelho,1,3,21,30,60,0.5000,0.0500,462,41,384,37
210,1180105192,azul,azul,heuristica,vermelho,0,-3,21,180,120,1.5000,0.0500,704,137,439,128
211,706502710,verde,verde,heuristica,vermelho,0,-3,54,90,120,0.7500,0.1364,740,122,499,119
211,706502710,verde,vermelho,heuristica,vermelho,1,3,54,30,0,30.0000,0.0370,1262,94,1072,96
211,706502710,verde,azul,heuristica,vermelho,0,-3,54,120,120,1.0000,0.0943,1539,123,1295,121
212,1552000050,vermelho,verde,heuristica,empate,0,-1,100,80,110,0.7273,0.0909,471,100,272,99
212,1552000050,vermelho,vermelho,heuristica,empate,0,-1,100,110,80,1.3750,0.0800,2412,176,2092,144
212,1552000050,vermelho,azul,heuristica,empate,0,-1,100,0,0,0.0000,0.0200,2180,82,2048,50
213,1627387955,azul,verde,heuristica,vermelho,0,-3,38,90,120,0.7500,0.0000,773,89,600,84
213,1627387955,azul,vermelho,heuristica,vermelho,1,3,38,120,60,2.0000,0.0541,1260,242,798,220
213,1627387955,azul,azul,heuristica,vermelho,0,-3,38,90,120,0.7500,0.0000,789,101,595,93
214,692168545,verde,verde,heuristica,empate,0,-1,100,90,120,0.7500,0.0000,371,96,175,100
214,692168545,verde,vermelho,heuristica,empate,0,-1,100,0,0,0.0000,0.0200,2256,0,2256,0
214,692168545,verde,azul,heuristica,empate,0,-1,100,120,90,1.3333,0.0100,1941,105,1736,100
215,1117255669,vermelho,verde,heuristica,azul,0,-3,36,130,100,1.3000,0.0286,1146,156,831,159
215,1117255669,vermelho,vermelho,heuristica,azul,0,-3,36,90,120,0.7500,0.0000,574,112,347,115
215,1117255669,vermelho,azul,heuristica,azul,1,3,36,10,10,1.0000,0.0833,961,54,857,50
216,1291571188,azul,verde,heuristica,empate,0,-1,100,0,0,0.0000,0.0202,1941,4,1937,0
216,1291571188,azul,vermelho,heuristica,empate,0,-1,100,90,120,0.7500,0.0000,1420,96,1236,88
216,1291571188,azul,azul,heuristica,empate,0,-1,100,120,90,1.3333,0.1000,2656,192,2271,193
217,1835059891,verde,verde,heuristica,verde,1,3,28,30,0,30.0000,0.0000,674,21,635,18
217,1835059891,verde,vermelho,heuristica,verde,0,-3,28,120,120,1.0000,0.1111,906,117,664,125
217,1835059891,verde,azul,heuristica,verde,0,-3,28,90,120,0.7500,0.0000,329,104,125,100
218,770527005,vermelho,verde,heuristica,vermelho,0,-3,24,180,120,1.5000,0.0435,900,191,522,187
218,770527005,vermelho,vermelho,heuristica,vermelho,1,3,24,60,60,1.0000,0.0417,804,111,568,125
218,770527005,vermelho,azul,heuristica,vermelho,0,-3,24,60,120,0.5000,0.0000,488,79,336,73
219,1839775962,azul,verde,heuristica,vermelho,0,-3,14,120,120,1.0000,0.0000,524,106,318,100
219,1839775962,azul,vermelho,heuristica,vermelho,1,3,14,30,0,30.0000,0.0769,344,20,305,19
219,1839775962,azul,azul,heuristica,vermelho,0,-3,14,90,120,0.7500,0.0000,371,96,175,100
220,786723664,verde,verde,heuristica,azul,0,-3,58,90,120,0.7500,0.0000,423,96,237,90
220,786723664,verde,vermelho,heuristica,azul,0,-3,58,120,120,1.0000,0.0345,1630,136,1360,134
220,786723664,verde,azul,heuristica,azul,1,3,58,30,0,30.0000,0.0517,1483,53,1380,50
221,1984655043,vermelho,verde,heuristica,empate,0,-1,100,120,60,2.0000,0.0000,2053,104,1850,99
221,1984655043,vermelho,vermelho,heuristica,empate,0,-1,100,0,0,0.0000,0.0100,1533,0,1533,0
221,1984655043,vermelho,azul,heuristica,empate,0,-1,100,60,120,0.5000,0.0000,303,78,150,75
222,2038087983,azul,verde,heuristica,empate,0,-1,100,110,80,1.3750,0.0505,2103,147,1807,149
222,2038087983,azul,vermelho,heuristica,empate,0,-1,100,0,0,0.0000,0.0303,1872,1,1871,0
222,2038087983,azul,azul,heuristica,empate,0,-1,100,80,110,0.7273,0.5000,452,127,200,125
223,24191029,verde,verde,heuristica,verde,1,3,63,30,30,1.0000,0.1270,1704,139,1428,137
223,24191029,verde,vermelho,heuristica,verde,0,-3,63,150,120,1.2500,0.0484,1671,183,1296,192
223,24191029,verde,azul,heuristica,verde,0,-3,63,90,120,0.7500,0.0351,1299,82,1135,82
224,1641540538,vermelho,verde,heuristica,vermelho,0,-3,27,150,120,1.2500,0.0385,1020,189,633,198
224,1641540538,vermelho,vermelho,heuristica,vermelho,1,3,27,30,30,1.0000,0.0741,712,27,660,25
224,1641540538,vermelho,azul,heuristica,vermelho,0,-3,27,90,120,0.7500,0.0000,478,103,275,100
225,951702792,azul,verde,heuristica,vermelho,0,-3,18,110,120,0.9167,0.1765,694,136,415,143
225,951702792,azul,vermelho,heuristica,vermelho,1,3,18,30,0,30.0000,0.2353,649,127,401,121
225,951702792,azul,azul,heuristica,vermelho,0,-3,18,90,110,0.8182,0.1667,338,96,146,96
226,675296008,verde,verde,heuristica,verde,1,3,35,30,60,0.5000,0.0000,908,52,806,50
226,675296008,verde,vermelho,heuristica,verde,0,-3,35,90,120,0.7500,0.0000,1061,181,723,157
226,675296008,verde,azul,heuristica,verde,0,-3,35,180,120,1.5000,0.0588,1160,195,817,148
227,559324355,vermelho,verde,heuristica,vermelho,0,-3,36,120,120,1.0000,0.0286,1257,220,816,221
227,559324355,vermelho,vermelho,heuristica,vermelho,1,3,36,30,0,30.0000,0.0556,791,28,738,25
227,559324355,vermelho,azul,heuristica,vermelho,0,-3,36,90,120,0.7500,0.0000,371,96,175,100
228,981530121,azul,verde,heuristica,azul,0,-3,30,110,120,0.9167,0.0690,784,93,604,87
228,981530121,azul,vermelho,heuristica,azul,0,-3,30,90,110,0.8182,0.2857,296,72,157,67
228,981530121,azul,azul,heuristica,azul,1,3,30,30,0,30.0000,0.1667,868,84,694,90
229,1656250677,verde,verde,heuristica,empate,0,-1,100,0,0,0.0000,0.0800,2163,41,2099,23
229,1656250677,verde,vermelho,heuristica,empate,0,-1,100,60,120,0.5000,0.4667,633,149,340,144
229,1656250677,verde,azul,heuristica,empate,0,-1,100,120,60,2.0000,0.1500,2384,217,1942,225
230,207735304,vermelho,verde,heuristica,empate,0,-1,100,120,90,1.3333,0.0202,2157,126,1888,143
230,207735304,vermelho,vermelho,heuristica,empate,0,-1,100,0,0,0.0000,0.0100,1936,24,1887,25
230,207735304,vermelho,azul,heuristica,empate,0,-1,100,90,120,0.7500,0.0400,841,144,562,135
231,989711541,azul,verde,heuristica,vermelho,0,-3,53,90,120,0.7500,0.0000,548,71,410,67
231,989711541,azul,vermelho,heuristica,vermelho,1,3,53,30,30,1.0000,0.1346,1354,111,1130,113
231,989711541,azul,azul,heuristica,vermelho,0,-3,53,150,120,1.2500,0.0192,1631,216,1194,221
232,1444584449,verde,verde,heuristica,empate,0,-1,100,90,120,0.7500,0.0000,549,99,350,100
232,1444584449,verde,vermelho,heuristica,empate,0,-1,100,0,0,0.0000,0.0000,1822,0,1822,0
232,1444584449,verde,azul,heuristica,empate,0,-1,100,120,90,1.3333,0.0200,2142,105,1937,100
233,594435942,vermelho,verde,heuristica,vermelho,0,-3,78,120,110,1.0909,0.0779,1994,153,1681,160
233,594435942,vermelho,vermelho,heuristica,vermelho,1,3,78,30,0,30.0000,0.0256,2227,218,1762,247
233,594435942,vermelho,azul,heuristica,vermelho,0,-3,78,80,120,0.6667,0.0263,869,66,741,62
234,1488348715,azul,verde,heuristica,empate,0,-1,100,0,0,0.0000,0.0606,2279,50,2179,50
234,1488348715,azul,vermelho,heuristica,empate,0,-1,100,0,0,0.0000,0.0202,2365,56,2238,71
234,1488348715,azul,azul,heuristica,empate,0,-1,100,0,0,0.0000,0.1100,2614,147,2276,191
235,15411380,verde,verde,heuristica,empate,0,-1,100,0,0,0.0000,0.0000,1866,50,1816,0
235,15411380,verde,vermelho,heuristica,empate,0,-1,100,0,0,0.0000,0.0300,1991,24,1942,25
235,15411380,verde,azul,heuristica,empate,0,-1,100,0,0,0.0000,0.0000,1417,67,1335,15
236,893382118,vermelho,verde,heuristica,verde,1,3,23,90,50,1.8000,0.1818,655,90,495,70
236,893382118,vermelho,vermelho,heuristica,verde,0,-3,23,140,120,1.1667,0.0909,819,131,541,147
236,893382118,vermelho,azul,heuristica,verde,0,-3,23,60,120,0.5000,0.3333,484,132,212,140
237,829102571,azul,verde,heuristica,vermelho,0,-3,61,60,120,0.5000,0.0000,702,95,511,96
237,829102571,azul,vermelho,heuristica,vermelho,1,3,61,130,90,1.4444,0.1000,1629,119,1398,112
237,829102571,azul,azul,heuristica,vermelho,0,-3,61,120,100,1.2000,0.0667,1604,121,1368,115
238,1104959249,verde,verde,heuristica,azul,0,-3,12,90,120,0.7500,0.0000,434,100,239,95
238,1104959249,verde,vermelho,heuristica,azul,0,-3,12,120,120,1.0000,0.1667,485,100,291,94
238,1104959249,verde,azul,heuristica,azul,1,3,12,30,0,30.0000,0.0833,345,27,293,25
239,436567940,vermelho,verde,heuristica,vermelho,0,-3,29,120,120,1.0000,0.0714,873,106,667,100
239,436567940,vermelho,vermelho,heuristica,vermelho,1,3,29,30,0,30.0000,0.0000,661,51,561,49
239,436567940,vermelho,azul,heuristica,vermelho,0,-3,29,90,120,0.7500,0.0000,351,101,150,100
240,314003729,azul,verde,heuristica,azul,0,-3,28,90,110,0.8182,0.0667,571,100,371,100
240,314003729,azul,vermelho,heuristica,azul,0,-3,28,110,120,0.9167,0.0741,843,121,601,121
240,314003729,azul,azul,heuristica,azul,1,3,28,30,0,30.0000,0.1071,642,39,569,34
241,334422033,verde,verde,heuristica,azul,0,-3,47,80,120,0.6667,0.1538,490,86,314,90
241,334422033,verde,vermelho,heuristica,azul,0,-3,47,150,110,1.3636,0.0213,1458,177,1116,165
241,334422033,verde,azul,heuristica,azul,1,3,47,30,30,1.0000,0.0638,1265,75,1115,75
242,251380444,vermelho,verde,heuristica,empate,0,-1,100,120,90,1.3333,0.0000,1734,104,1531,99
242,251380444,vermelho,vermelho,heuristica,empate,0,-1,100,0,0,0.0000,0.0400,1974,2,1972,0
242,251380444,vermelho,azul,heuristica,empate,0,-1,100,90,120,0.7500,0.0000,370,95,175,100
243,1102806774,azul,verde,heuristica,empate,0,-1,100,80,100,0.8000,0.1774,2098,280,1518,300
243,1102806774,azul,vermelho,heuristica,empate,0,-1,100,100,80,1.2500,0.0909,2394,149,2101,144
243,1102806774,azul,azul,heuristica,empate,0,-1,100,0,0,0.0000,0.0000,1205,0,1205,0
244,1761145918,verde,verde,heuristica,empate,0,-1,100,120,90,1.3333,0.1000,2615,132,2355,128
244,1761145918,verde,vermelho,heuristica,empate,0,-1,100,0,0,0.0000,0.0000,1674,1,1673,0
244,1761145918,verde,azul,heuristica,empate,0,-1,100,90,120,0.7500,0.5441,1680,133,1416,131
245,1986957636,vermelho,verde,heuristica,verde,1,3,31,30,0,30.0000,0.1000,848,70,703,75
245,1986957636,vermelho,vermelho,heuristica,verde,0,-3,31,90,120,0.7500,0.1000,434,92,245,97
245,1986957636,vermelho,azul,heuristica,verde,0,-3,31,120,120,1.0000,0.1333,1021,167,688,166
246,1517405042,azul,verde,heuristica,empate,0,-1,100,90,120,0.7500,0.0000,455,79,301,75
246,1517405042,azul,vermelho,heuristica,empate,0,-1,100,120,90,1.3333,0.0404,2483,171,2162,150
246,1517405042,azul,azul,heuristica,empate,0,-1,100,0,0,0.0000,0.0700,1609,137,1340,132
247,286550506,verde,verde,heuristica,empate,0,-1,100,0,0,0.0000,0.6400,3917,702,2416,799
247,286550506,verde,vermelho,heuristica,empate,0,-1,100,0,0,0.0000,0.0100,1782,2,1780,0
247,286550506,verde,azul,heuristica,empate,0,-1,100,0,0,0.0000,0.0300,1786,4,1782,0
248,137304799,vermelho,verde,heuristica,verde,1,3,20,30,30,1.0000,0.1579,606,70,463,73
248,137304799,vermelho,vermelho,heuristica,verde,0,-3,20,70,120,0.5833,0.1538,417,66,292,59
248,137304799,vermelho,azul,heuristica,verde,0,-3,20,150,100,1.5000,0.1579,586,107,383,96
249,705417887,azul,verde,heuristica,empate,0,-1,100,90,120,0.7500,0.0641,2017,188,1627,202
249,705417887,azul,vermelho,heuristica,empate,0,-1,100,0,0,0.0000,0.0606,2265,43,2181,41
249,705417887,azul,azul,heuristica,empate,0,-1,100,120,90,1.3333,0.0600,2677,154,2361,162
250,726116545,verde,verde,heuristica,empate,0,-1,100,120,90,1.3333,0.0000,2074,109,1861,104
250,726116545,verde,vermelho,heuristica,empate,0,-1,100,0,0,0.0000,0.0000,1578,0,1578,0
250,726116545,verde,azul,heuristica,empate,0,-1,100,90,120,0.7500,0.1000,361,74,218,69
251,1291141008,vermelho,verde,heuristica,vermelho,0,-3,69,50,120,0.4167,0.1429,761,124,512,125
251,1291141008,vermelho,vermelho,heuristica,vermelho,1,3,69,60,60,1.0000,0.0145,1710,129,1448,133
251,1291141008,vermelho,azul,heuristica,vermelho,0,-3,69,180,110,1.6364,0.0735,1966,208,1548,210
252,397193934,azul,verde,heuristica,empate,0,-1,100,0,0,0.0000,0.0606,2093,30,2047,16
252,397193934,azul,vermelho,heuristica,empate,0,-1,100,90,120,0.7500,0.0000,367,92,182,93
252,397193934,azul,azul,heuristica,empate,0,-1,100,120,90,1.3333,0.2000,2315,144,2036,135
253,214387698,verde,verde,heuristica,azul,0,-3,24,60,120,0.5000,0.1053,598,74,454,70
253,214387698,verde,vermelho,heuristica,azul,0,-3,24,180,120,1.5000,0.0000,704,177,376,151
253,214387698,verde,azul,heuristica,azul,1,3,24,60,60,1.0000,0.0417,664,49,568,47
254,2132358912,vermelho,verde,heuristica,empate,0,-1,100,120,60,2.0000,0.0303,2276,209,1862,205
254,2132358912,vermelho,vermelho,heuristica,empate,0,-1,100,0,0,0.0000,0.0200,1824,5,1819,0
254,2132358912,vermelho,azul,heuristica,empate,0,-1,100,60,120,0.5000,0.0417,729,78,576,75
255,58356795,azul,verde,heuristica,vermelho,0,-3,97,90,100,0.9000,0.5000,290,78,140,72
255,58356795,azul,vermelho,heuristica,vermelho,1,3,97,30,30,1.0000,0.0833,2154,82,1988,84
255,58356795,azul,azul,heuristica,vermelho,0,-3,97,130,120,1.0833,0.1146,2478,145,2200,133
256,1589790228,verde,verde,heuristica,empate,0,-1,100,90,110,0.8182,0.2727,378,76,230,72
256,1589790228,verde,vermelho,heuristica,empate,0,-1,100,0,0,0.0000,0.0600,2418,66,2287,65
256,1589790228,verde,azul,heuristica,empate,0,-1,100,110,90,1.2222,0.1300,2387,97,2200,90
257,435970243,vermelho,verde,heuristica,empate,0,-1,100,90,120,0.7500,0.2000,484,136,227,121
257,435970243,vermelho,vermelho,heuristica,empate,0,-1,100,0,0,0.0000,0.0200,2105,5,2100,0
257,435970243,vermelho,azul,heuristica,empate,0,-1,100,120,90,1.3333,0.0400,2356,230,1928,198
258,1527342900,azul,verde,heuristica,empate,0,-1,100,120,90,1.3333,0.7778,2042,98,1851,93
258,1527342900,azul,vermelho,heuristica,empate,0,-1,100,0,0,0.0000,0.0000,1881,0,1881,0
258,1527342900,azul,azul,heuristica,empate,0,-1,100,90,120,0.7500,0.0000,319,100,122,97
259,1108040743,verde,verde,heuristica,empate,0,-1,100,120,90,1.3333,0.0100,2006,122,1775,109
259,1108040743,verde,vermelho,heuristica,empate,0,-1,100,0,0,0.0000,0.0900,2431,20,2386,25
259,1108040743,verde,azul,heuristica,empate,0,-1,100,90,120,0.7500,0.0847,1509,147,1219,143
260,1006993171,vermelho,verde,heuristica,azul,0,-3,31,90,120,0.7500,0.0714,518,103,308,107
260,1006993171,vermelho,vermelho,heuristica,azul,0,-3,31,150,120,1.2500,0.0323,980,141,702,137
260,1006993171,vermelho,azul,heuristica,azul,1,3,31,30,30,1.0000,0.0645,762,67,633,62
261,275007496,azul,verde,heuristica,empate,0,-1,100,0,0,0.0000,0.0808,2306,1,2305,0
261,275007496,azul,vermelho,heuristica,empate,0,-1,100,90,120,0.7500,0.0000,319,101,121,97
261,275007496,azul,azul,heuristica,empate,0,-1,100,120,90,1.3333,0.0600,2468,118,2225,125
262,1290417309,verde,verde,heuristica,verde,1,3,62,30,30,1.0000,0.0000,1557,63,1419,75
262,1290417309,verde,vermelho,heuristica,verde,0,-3,62,90,120,0.7500,0.0435,715,93,533,89
262,1290417309,verde,azul,heuristica,verde,0,-3,62,150,120,1.2500,0.0164,1687,165,1356,166
263,1970741504,vermelho,verde,heuristica,empate,0,-1,100,80,120,0.6667,0.1250,425,120,190,115
263,1970741504,vermelho,vermelho,heuristica,empate,0,-1,100,0,0,0.0000,0.7300,3214,647,1955,612
263,1970741504,vermelho,azul,heuristica,empate,0,-1,100,120,80,1.5000,0.7600,2175,142,1943,90
264,432544778,azul,verde,heuristica,vermelho,0,-3,33,150,120,1.2500,0.0000,1046,174,707,165
264,432544778,azul,vermelho,heuristica,vermelho,1,3,33,30,30,1.0000,0.0000,911,82,755,74
264,432544778,azul,azul,heuristica,vermelho,0,-3,33,90,120,0.7500,0.1429,854,98,657,99
265,1532962704,verde,verde,heuristica,verde,1,3,42,30,30,1.0000,0.0476,986,41,901,44
265,1532962704,verde,vermelho,heuristica,verde,0,-3,42,80,100,0.8000,0.1304,752,93,561,98
265,1532962704,verde,azul,heuristica,verde,0,-3,42,130,110,1.1818,0.1220,1327,168,991,168
266,1798660105,vermelho,verde,heuristica,verde,1,3,55,30,0,30.0000,0.0741,1269,40,1193,36
266,1798660105,vermelho,vermelho,heuristica,verde,0,-3,55,90,120,0.7500,0.0667,878,101,676,101
266,1798660105,vermelho,azul,heuristica,verde,0,-3,55,120,120,1.0000,0.0370,1407,89,1236,82
267,358080245,azul,verde,heuristica,verde,1,3,72,30,60,0.5000,0.0704,1767,81,1612,74
267,358080245,azul,vermelho,heuristica,verde,0,-3,72,180,120,1.5000,0.0429,1996,220,1563,213
267,358080245,azul,azul,heuristica,verde,0,-3,72,90,120,0.7500,0.0357,931,135,651,145
268,1943115339,verde,verde,heuristica,empate,0,-1,100,0,0,0.0000,0.0000,1907,5,1902,0
268,1943115339,verde,vermelho,heuristica,empate,0,-1,100,120,90,1.3333,0.0300,2506,178,2150,178
268,1943115339,verde,azul,heuristica,empate,0,-1,100,90,120,0.7500,0.0147,1701,118,1475,108
269,477278850,vermelho,verde,heuristica,empate,0,-1,100,90,120,0.7500,0.0455,1190,125,923,142
269,477278850,vermelho,vermelho,heuristica,empate,0,-1,100,0,0,0.0000,0.0500,2250,4,2246,0
269,477278850,vermelho,azul,heuristica,empate,0,-1,100,120,90,1.3333,0.0300,2147,126,1903,118
270,522803334,azul,verde,heuristica,vermelho,0,-3,24,110,120,0.9167,0.1304,741,108,518,115
270,522803334,azul,vermelho,heuristica,vermelho,1,3,24,90,20,4.5000,0.0435,834,140,550,144
270,522803334,azul,azul,heuristica,vermelho,0,-3,24,60,120,0.5000,0.1429,775,117,515,143
271,1159399617,verde,verde,heuristica,empate,0,-1,100,120,60,2.0000,0.0000,1901,96,1717,88
271,1159399617,verde,vermelho,heuristica,empate,0,-1,100,0,0,0.0000,0.0000,1662,0,1662,0
271,1159399617,verde,azul,heuristica,empate,0,-1,100,60,120,0.5000,0.0000,331,73,191,67
272,1955071387,vermelho,verde,heuristica,empate,0,-1,100,120,90,1.3333,0.0303,2650,128,2397,125
272,1955071387,vermelho,vermelho,heuristica,empate,0,-1,100,90,120,0.7500,0.0000,376,101,175,100
272,1955071387,vermelho,azul,heuristica,empate,0,-1,100,0,0,0.0000,0.0000,1669,0,1669,0
273,2082054462,azul,verde,heuristica,azul,0,-3,36,60,120,0.5000,0.0000,671,69,535,67
273,2082054462,azul,vermelho,heuristica,azul,0,-3,36,180,120,1.5000,0.0000,1113,168,786,159
273,2082054462,azul,azul,heuristica,azul,1,3,36,60,60,1.0000,0.0556,1002,87,824,91
274,616255602,verde,verde,heuristica,vermelho,0,-3,52,120,120,1.0000,0.0000,1126,123,887,116
274,616255602,verde,vermelho,heuristica,vermelho,1,3,52,30,0,30.0000,0.0192,1178,23,1138,17
274,616255602,verde,azul,heuristica,vermelho,0,-3,52,90,120,0.7500,0.0784,1272,69,1146,57
275,330685898,vermelho,verde,heuristica,empate,0,-1,100,120,90,1.3333,0.0303,2492,193,2153,146
275,330685898,vermelho,vermelho,heuristica,empate,0,-1,100,90,120,0.7500,0.0294,962,120,735,107
275,330685898,vermelho,azul,heuristica,empate,0,-1,100,0,0,0.0000,0.0300,2177,31,2121,25
276,293034207,azul,verde,heuristica,verde,1,3,85,60,30,2.0000,0.0714,2228,108,1995,125
276,293034207,azul,vermelho,heuristica,verde,0,-3,85,60,120,0.5000,0.0000,299,78,146,75
276,293034207,azul,azul,heuristica,verde,0,-3,85,150,120,1.2500,0.0000,1759,123,1520,116
277,1726906955,verde,verde,heuristica,verde,1,3,31,30,0,30.0000,0.0000,804,29,750,25
277,1726906955,verde,vermelho,heuristica,verde,0,-3,31,90,100,0.9000,0.2857,524,98,332,94
277,1726906955,verde,azul,heuristica,verde,0,-3,31,100,120,0.8333,0.1000,966,123,722,121
278,652899206,vermelho,verde,heuristica,verde,1,3,40,90,90,1.0000,0.0513,935,69,792,74
278,652899206,vermelho,vermelho,heuristica,verde,0,-3,40,210,110,1.9091,0.1282,1300,191,900,209
278,652899206,vermelho,azul,heuristica,verde,0,-3,40,20,120,0.1667,0.2500,352,79,198,75
279,1775053101,azul,verde,heuristica,vermelho,0,-3,21,90,120,0.7500,0.0000,390,94,198,98
279,1775053101,azul,vermelho,heuristica,vermelho,1,3,21,30,30,1.0000,0.0500,539,51,440,48
279,1775053101,azul,azul,heuristica,vermelho,0,-3,21,150,120,1.2500,0.0000,706,126,462,118
280,1138206718,verde,verde,heuristica,empate,0,-1,100,120,60,2.0000,0.1400,2814,204,2385,225
280,1138206718,verde,vermelho,heuristica,empate,0,-1,100,60,120,0.5000,0.0741,1587,126,1311,150
280,1138206718,verde,azul,heuristica,empate,0,-1,100,0,0,0.0000,0.0400,2312,115,2091,106
281,1154859730,vermelho,verde,heuristica,empate,0,-1,100,0,0,0.0000,0.0202,1826,58,1736,32
281,1154859730,vermelho,vermelho,heuristica,empate,0,-1,100,110,50,2.2000,0.1200,2369,181,2038,150
281,1154859730,vermelho,azul,heuristica,empate,0,-1,100,50,110,0.4545,0.1786,992,151,691,150
282,1853518004,azul,verde,heuristica,vermelho,0,-3,72,90,110,0.8182,0.0294,1481,70,1348,63
282,1853518004,azul,vermelho,heuristica,vermelho,1,3,72,30,30,1.0000,0.0141,1432,53,1316,63
282,1853518004,azul,azul,heuristica,vermelho,0,-3,72,140,120,1.1667,0.0282,1853,115,1635,103
283,556386123,verde,verde,heuristica,vermelho,0,-3,92,90,120,0.7500,0.0303,959,86,787,86
283,556386123,verde,vermelho,heuristica,vermelho,1,3,92,30,60,0.5000,0.0109,1691,60,1577,54
283,556386123,verde,azul,heuristica,vermelho,0,-3,92,180,120,1.5000,0.0549,2336,156,2027,153
284,884053951,vermelho,verde,heuristica,vermelho,0,-3,78,80,110,0.7273,0.2857,598,131,342,125
284,884053951,vermelho,vermelho,heuristica,vermelho,1,3,78,30,0,30.0000,0.1282,1884,26,1833,25
284,884053951,vermelho,azul,heuristica,vermelho,0,-3,78,110,110,1.0000,0.1169,2190,172,1843,175
285,1520719184,azul,verde,heuristica,empate,0,-1,100,0,0,0.0000,0.0000,1982,0,1982,0
285,1520719184,azul,vermelho,heuristica,empate,0,-1,100,0,0,0.0000,0.0202,1954,14,1915,25
285,1520719184,azul,azul,heuristica,empate,0,-1,100,0,0,0.0000,0.0200,1912,17,1872,23
286,1349709110,verde,verde,heuristica,empate,0,-1,100,0,0,0.0000,0.0200,1962,2,1960,0
286,1349709110,verde,vermelho,heuristica,empate,0,-1,100,120,90,1.3333,0.0200,2488,191,2093,204
286,1349709110,verde,azul,heuristica,empate,0,-1,100,90,120,0.7500,0.0820,1602,105,1399,98
287,1449566124,vermelho,verde,heuristica,verde,1,3,60,30,30,1.0000,0.0000,902,16,872,14
287,1449566124,vermelho,vermelho,heuristica,verde,0,-3,60,90,120,0.7500,0.0000,379,100,181,98
287,1449566124,vermelho,azul,heuristica,verde,0,-3,60,150,120,1.2500,0.0678,1735,194,1348,193
288,546701403,azul,verde,heuristica,empate,0,-1,100,90,110,0.8182,0.0833,453,78,300,75
288,546701403,azul,vermelho,heuristica,empate,0,-1,100,0,0,0.0000,0.0101,1732,28,1679,25
288,546701403,azul,azul,heuristica,empate,0,-1,100,110,90,1.2222,0.0800,2677,132,2420,125
289,1544369877,verde,verde,heuristica,verde,1,3,39,60,60,1.0000,0.1538,1327,204,914,209
289,1544369877,verde,vermelho,heuristica,verde,0,-3,39,150,120,1.2500,0.0270,1061,112,845,104
289,1544369877,verde,azul,heuristica,verde,0,-3,39,90,120,0.7500,0.0000,1129,104,913,112
290,531010709,vermelho,verde,heuristica,vermelho,0,-3,12,120,120,1.0000,0.0000,518,151,254,113
290,531010709,vermelho,vermelho,heuristica,vermelho,1,3,12,90,30,3.0000,0.0000,449,122,239,88
290,531010709,vermelho,azul,heuristica,vermelho,0,-3,12,60,120,0.5000,0.0000,400,92,215,93
291,53123547,azul,verde,heuristica,vermelho,0,-3,21,120,110,1.0909,0.3000,743,127,495,121
291,53123547,azul,vermelho,heuristica,vermelho,1,3,21,30,0,30.0000,0.0000,527,27,475,25
291,53123547,azul,azul,heuristica,vermelho,0,-3,21,80,120,0.6667,0.1667,302,82,134,86
292,231262719,verde,verde,heuristica,vermelho,0,-3,65,90,120,0.7500,0.0833,682,77,533,72
292,231262719,verde,vermelho,heuristica,vermelho,1,3,65,30,30,1.0000,0.0462,1583,44,1489,50
292,231262719,verde,azul,heuristica,vermelho,0,-3,65,150,120,1.2500,0.0938,1843,204,1443,196
293,662711743,vermelho,verde,heuristica,empate,0,-1,100,90,120,0.7500,0.0909,453,108,241,104
293,662711743,vermelho,vermelho,heuristica,empate,0,-1,100,0,0,0.0000,0.0100,1860,0,1860,0
293,662711743,vermelho,azul,heuristica,empate,0,-1,100,120,90,1.3333,0.0200,2012,123,1766,123
294,842140641,azul,verde,heuristica,empate,0,-1,100,90,120,0.7500,0.0667,1013,161,685,167
294,842140641,azul,vermelho,heuristica,empate,0,-1,100,120,90,1.3333,0.0202,1990,109,1781,100
294,842140641,azul,azul,heuristica,empate,0,-1,100,0,0,0.0000,0.0100,1950,1,1949,0
295,1252927648,verde,verde,heuristica,empate,0,-1,100,0,0,0.0000,0.0400,2141,92,1974,75
295,1252927648,verde,vermelho,heuristica,empate,0,-1,100,120,90,1.3333,0.0000,1822,162,1533,127
295,1252927648,verde,azul,heuristica,empate,0,-1,100,90,120,0.7500,0.0000,613,67,485,61
296,488546147,vermelho,verde,heuristica,empate,0,-1,100,90,120,0.7500,0.0769,517,105,315,97
296,488546147,vermelho,vermelho,heuristica,empate,0,-1,100,120,90,1.3333,0.0100,2166,122,1928,116
296,488546147,vermelho,azul,heuristica,empate,0,-1,100,0,0,0.0000,0.0100,1582,1,1581,0
297,1093134130,azul,verde,heuristica,verde,1,3,50,30,30,1.0000,0.0408,1080,19,1043,18
297,1093134130,azul,vermelho,heuristica,verde,0,-3,50,140,120,1.1667,0.1250,1533,218,1078,237
297,1093134130,azul,azul,heuristica,verde,0,-3,50,90,110,0.8182,0.2500,404,104,200,100
298,856898793,verde,verde,heuristica,verde,1,3,39,30,0,30.0000,0.0256,1129,164,796,169
298,856898793,verde,vermelho,heuristica,verde,0,-3,39,90,120,0.7500,0.0667,930,117,691,122
298,856898793,verde,azul,heuristica,verde,0,-3,39,120,120,1.0000,0.0263,1135,137,860,138
299,679112036,vermelho,verde,heuristica,verde,1,3,57,90,60,1.5000,0.0536,1544,99,1351,94
299,679112036,vermelho,vermelho,heuristica,verde,0,-3,57,120,120,1.0000,0.0357,1921,302,1354,265
299,679112036,vermelho,azul,heuristica,verde,0,-3,57,90,120,0.7500,0.0333,907,183,593,131
300,79218301,azul,verde,heuristica,vermelho,0,-3,25,110,100,1.1000,0.2500,797,132,541,124
300,79218301,azul,vermelho,heuristica,vermelho,1,3,25,30,0,30.0000,0.0417,616,39,539,38
300,79218301,azul,azul,heuristica,vermelho,0,-3,25,70,110,0.6364,0.2778,598,119,364,115
301,1425715911,verde,verde,heuristica,verde,1,3,73,30,30,1.0000,0.0137,1727,129,1481,117
301,1425715911,verde,vermelho,heuristica,verde,0,-3,73,90,120,0.7500,0.0769,1148,138,861,149
301,1425715911,verde,azul,heuristica,verde,0,-3,73,150,120,1.2500,0.0278,2007,175,1661,171
302,324304472,vermelho,verde,heuristica,verde,1,3,33,30,30,1.0000,0.0000,696,18,662,16
302,324304472,vermelho,vermelho,heuristica,verde,0,-3,33,90,120,0.7500,0.0000,474,101,275,98
302,324304472,vermelho,azul,heuristica,verde,0,-3,33,150,120,1.2500,0.0625,1140,220,686,234
303,1492864929,azul,verde,heuristica,azul,0,-3,20,120,120,1.0000,0.2105,801,178,450,173
303,1492864929,azul,vermelho,heuristica,azul,0,-3,20,90,120,0.7500,0.0000,426,103,224,99
303,1492864929,azul,azul,heuristica,azul,1,3,20,30,0,30.0000,0.0000,585,71,439,75
304,1121729027,verde,verde,heuristica,verde,1,3,20,30,0,30.0000,0.0500,540,27,488,25
304,1121729027,verde,vermelho,heuristica,verde,0,-3,20,90,120,0.7500,0.0000,532,92,353,87
304,1121729027,verde,azul,heuristica,verde,0,-3,20,120,120,1.0000,0.0000,645,100,451,94
305,329186859,vermelho,verde,heuristica,azul,0,-3,12,60,100,0.6000,0.5000,386,87,230,69
305,329186859,vermelho,vermelho,heuristica,azul,0,-3,12,70,120,0.5833,0.3333,501,130,276,95
305,329186859,vermelho,azul,heuristica,azul,1,3,12,90,0,90.0000,0.2500,486,127,267,92
306,947366636,azul,verde,heuristica,empate,0,-1,100,0,0,0.0000,0.0808,2214,5,2209,0
306,947366636,azul,vermelho,heuristica,empate,0,-1,100,0,0,0.0000,0.0202,1873,0,1873,0
306,947366636,azul,azul,heuristica,empate,0,-1,100,0,0,0.0000,0.0600,2215,89,2031,95
307,1818107138,verde,verde,heuristica,azul,0,-3,15,80,110,0.7273,0.1000,491,120,246,125
307,1818107138,verde,vermelho,heuristica,azul,0,-3,15,110,110,1.0000,0.2667,603,128,350,125
307,1818107138,verde,azul,heuristica,azul,1,3,15,30,0,30.0000,0.1333,468,43,375,50
308,635456449,vermelho,verde,heuristica,vermelho,0,-3,45,90,120,0.7500,0.1333,978,138,692,148
308,635456449,vermelho,vermelho,heuristica,vermelho,1,3,45,30,0,30.0000,0.0222,1040,28,988,24
308,635456449,vermelho,azul,heuristica,vermelho,0,-3,45,120,120,1.0000,0.0000,1185,135,922,128
309,1609319578,azul,verde,heuristica,azul,0,-3,32,140,120,1.1667,0.0645,1090,167,752,171
309,1609319578,azul,vermelho,heuristica,azul,0,-3,32,90,120,0.7500,0.1600,959,174,598,187
309,1609319578,azul,azul,heuristica,azul,1,3,32,30,20,1.5000,0.1875,1158,216,771,171
310,391903060,verde,verde,heuristica,azul,0,-3,53,150,120,1.2500,0.0943,1550,153,1253,144
310,391903060,verde,vermelho,heuristica,azul,0,-3,53,90,120,0.7500,0.0833,457,96,267,94
310,391903060,verde,azul,heuristica,azul,1,3,53,30,30,1.0000,0.0755,1321,43,1230,48
311,369162837,vermelho,verde,heuristica,verde,1,3,80,30,0,30.0000,0.0506,1888,43,1796,49
311,369162837,vermelho,vermelho,heuristica,verde,0,-3,80,80,120,0.6667,0.1667,347,99,149,99
311,369162837,vermelho,azul,heuristica,verde,0,-3,80,120,110,1.0909,0.0886,2198,148,1875,175
312,40002021,azul,verde,heuristica,verde,1,3,28,30,30,1.0000,0.0741,660,21,621,18
312,40002021,azul,vermelho,heuristica,verde,0,-3,28,150,120,1.2500,0.0385,885,152,590,143
312,40002021,azul,azul,heuristica,verde,0,-3,28,90,120,0.7500,0.0000,372,91,190,91
313,349757038,verde,verde,heuristica,empate,0,-1,100,120,90,1.3333,0.0500,2812,210,2377,225
313,349757038,verde,vermelho,heuristica,empate,0,-1,100,0,0,0.0000,0.0600,2273,65,2134,74
313,349757038,verde,azul,heuristica,empate,0,-1,100,90,120,0.7500,0.0000,586,95,400,91
314,1753032231,vermelho,verde,heuristica,empate,0,-1,100,0,0,0.0000,0.0101,1881,1,1880,0
314,1753032231,vermelho,vermelho,heuristica,empate,0,-1,100,90,120,0.7500,0.0323,737,77,586,74
314,1753032231,vermelho,azul,heuristica,empate,0,-1,100,120,90,1.3333,0.0000,2199,178,1825,196
315,1173196213,azul,verde,heuristica,azul,0,-3,71,150,120,1.2500,0.0571,2074,204,1672,198
315,1173196213,azul,vermelho,heuristica,azul,0,-3,71,90,120,0.7500,0.0000,639,122,392,125
315,1173196213,azul,azul,heuristica,azul,1,3,71,30,30,1.0000,0.0704,1674,68,1542,64
316,63142686,verde,verde,heuristica,verde,1,3,84,30,0,30.0000,0.0238,2124,84,1940,100
316,63142686,verde,vermelho,heuristica,verde,0,-3,84,90,120,0.7500,0.0000,425,104,221,100
316,63142686,verde,azul,heuristica,verde,0,-3,84,120,120,1.0000,0.0120,1993,123,1745,125
317,681300813,vermelho,verde,heuristica,empate,0,-1,100,90,120,0.7500,0.0714,606,150,334,122
317,681300813,vermelho,vermelho,heuristica,empate,0,-1,100,120,90,1.3333,0.0200,2619,125,2376,118
317,681300813,vermelho,azul,heuristica,empate,0,-1,100,0,0,0.0000,0.0100,2124,24,2077,23
318,506974165,azul,verde,heuristica,verde,1,3,33,30,30,1.0000,0.0625,783,27,731,25
318,506974165,azul,vermelho,heuristica,verde,0,-3,33,150,120,1.2500,0.0000,870,143,579,148
318,506974165,azul,azul,heuristica,verde,0,-3,33,90,120,0.7500,0.0000,392,100,196,96
319,1573761150,verde,verde,heuristica,azul,0,-3,14,60,120,0.5000,0.2500,403,103,200,100
319,1573761150,verde,vermelho,heuristica,azul,0,-3,14,180,120,1.5000,0.2143,701,176,350,175
319,1573761150,verde,azul,heuristica,azul,1,3,14,60,60,1.0000,0.0714,467,76,318,73
320,1937942672,vermelho,verde,heuristica,verde,1,3,100,30,0,30.0000,0.0707,2361,38,2279,44
320,1937942672,vermelho,vermelho,heuristica,verde,0,-3,100,70,110,0.6364,0.2667,794,71,657,66
320,1937942672,vermelho,azul,heuristica,verde,0,-3,100,110,100,1.1000,0.0606,2047,119,1816,112
321,2043056792,azul,verde,heuristica,verde,1,3,33,30,30,1.0000,0.1250,962,104,760,98
321,2043056792,azul,vermelho,heuristica,verde,0,-3,33,120,120,1.0000,0.0476,823,198,501,124
321,2043056792,azul,azul,heuristica,verde,0,-3,33,120,120,1.0000,0.0625,1067,161,765,141
322,1502885451,verde,verde,heuristica,empate,0,-1,100,0,0,0.0000,0.0700,2232,39,2151,42
322,1502885451,verde,vermelho,heuristica,empate,0,-1,100,90,120,0.7500,0.0000,1008,102,808,98
322,1502885451,verde,azul,heuristica,empate,0,-1,100,120,90,1.3333,0.0800,2519,142,2239,138
323,1638525914,vermelho,verde,heuristica,verde,1,3,45,30,0,30.0000,0.0455,1102,27,1050,25
323,1638525914,vermelho,vermelho,heuristica,verde,0,-3,45,90,120,0.7500,0.0625,567,104,365,98
323,1638525914,vermelho,azul,heuristica,verde,0,-3,45,120,120,1.0000,0.0000,1312,175,966,171
324,1461675684,azul,verde,heuristica,verde,1,3,13,30,0,30.0000,0.0833,389,43,296,50
324,1461675684,azul,vermelho,heuristica,verde,0,-3,13,120,120,1.0000,0.0000,480,106,274,100
324,1461675684,azul,azul,heuristica,verde,0,-3,13,90,120,0.7500,0.0000,330,91,144,95
325,971720179,verde,verde,heuristica,azul,0,-3,57,120,120,1.0000,0.0351,1270,108,1064,98
325,971720179,verde,vermelho,heuristica,azul,0,-3,57,90,120,0.7500,0.0000,577,123,338,116
325,971720179,verde,azul,heuristica,azul,1,3,57,30,0,30.0000,0.0702,1498,66,1368,64
326,566942735,vermelho,verde,heuristica,empate,0,-1,100,0,0,0.0000,0.0202,1954,18,1911,25
326,566942735,vermelho,vermelho,heuristica,empate,0,-1,100,90,110,0.8182,0.2941,608,100,408,100
326,566942735,vermelho,azul,heuristica,empate,0,-1,100,110,90,1.2222,0.0400,2084,130,1830,124
327,1508647464,azul,verde,heuristica,verde,1,3,39,30,30,1.0000,0.0526,928,20,891,17
327,1508647464,azul,vermelho,heuristica,verde,0,-3,39,90,100,0.9000,0.1200,815,95,620,100
327,1508647464,azul,azul,heuristica,verde,0,-3,39,130,120,1.0833,0.1579,1275,173,928,174
328,603781327,verde,verde,heuristica,vermelho,0,-3,26,60,120,0.5000,0.0769,482,99,289,94
328,603781327,verde,vermelho,heuristica,vermelho,1,3,26,60,30,2.0000,0.0000,694,60,570,64
328,603781327,verde,azul,heuristica,vermelho,0,-3,26,150,120,1.2500,0.0400,813,169,484,160
329,1627862180,vermelho,verde,heuristica,empate,0,-1,100,90,100,0.9000,0.0556,1838,200,1430,208
329,1627862180,vermelho,vermelho,heuristica,empate,0,-1,100,0,0,0.0000,0.3700,1971,53,1860,58
329,1627862180,vermelho,azul,heuristica,empate,0,-1,100,100,90,1.1111,0.0800,2583,148,2291,144
330,2108647050,azul,verde,heuristica,empate,0,-1,100,50,60,0.8333,0.0505,2129,42,2047,40
330,2108647050,azul,vermelho,heuristica,empate,0,-1,100,60,60,1.0000,0.0404,2259,43,2177,39
330,2108647050,azul,azul,heuristica,empate,0,-1,100,120,110,1.0909,0.1017,1837,226,1360,251
331,71850044,verde,verde,heuristica,azul,0,-3,50,80,120,0.6667,0.2857,371,96,175,100
331,71850044,verde,vermelho,heuristica,azul,0,-3,50,120,110,1.0909,0.1600,1359,106,1153,100
331,71850044,verde,azul,heuristica,azul,1,3,50,30,0,30.0000,0.0800,1567,168,1228,171
332,87384019,vermelho,verde,heuristica,empate,0,-1,100,120,90,1.3333,0.0202,2216,149,1950,117
332,87384019,vermelho,vermelho,heuristica,empate,0,-1,100,90,120,0.7500,0.0000,400,73,258,69
332,87384019,vermelho,azul,heuristica,empate,0,-1,100,0,0,0.0000,0.0300,2207,86,2057,64
333,456098441,azul,verde,heuristica,empate,0,-1,100,110,80,1.3750,0.1212,2596,191,2206,199
333,456098441,azul,vermelho,heuristica,empate,0,-1,100,0,0,0.0000,0.0909,2285,0,2285,0
333,456098441,azul,azul,heuristica,empate,0,-1,100,80,110,0.7273,0.1154,834,100,635,99
334,325496467,verde,verde,heuristica,empate,0,-1,100,80,110,0.7273,0.3333,446,122,202,122
334,325496467,verde,vermelho,heuristica,empate,0,-1,100,0,0,0.0000,0.0100,2004,35,1969,0
334,325496467,verde,azul,heuristica,empate,0,-1,100,110,80,1.3750,0.0700,2156,166,1867,123
335,1049597105,vermelho,verde,heuristica,empate,0,-1,100,50,110,0.4545,0.1579,758,137,472,149
335,1049597105,vermelho,vermelho,heuristica,empate,0,-1,100,110,50,2.2000,0.1400,2474,131,2216,127
335,1049597105,vermelho,azul,heuristica,empate,0,-1,100,0,0,0.0000,0.0300,2448,83,2273,92
336,1667655431,azul,verde,heuristica,vermelho,0,-3,21,80,120,0.6667,0.1333,564,103,364,97
336,1667655431,azul,vermelho,heuristica,vermelho,1,3,21,40,40,1.0000,0.1500,566,56,460,50
336,1667655431,azul,azul,heuristica,vermelho,0,-3,21,160,120,1.3333,0.4000,852,197,462,193
337,970802006,verde,verde,heuristica,empate,0,-1,100,100,80,1.2500,0.0800,2336,157,2014,165
337,970802006,verde,vermelho,heuristica,empate,0,-1,100,30,30,1.0000,0.1700,2433,90,2268,75
337,970802006,verde,azul,heuristica,empate,0,-1,100,80,100,0.8000,0.4167,581,156,300,125
338,1342970439,vermelho,verde,heuristica,empate,0,-1,100,80,110,0.7273,0.2667,981,130,726,125
338,1342970439,vermelho,vermelho,heuristica,empate,0,-1,100,110,80,1.3750,0.2200,2755,187,2349,219
338,1342970439,vermelho,azul,heuristica,empate,0,-1,100,0,0,0.0000,0.1200,2443,79,2289,75
339,437208980,azul,verde,heuristica,verde,1,3,56,60,60,1.0000,0.0182,1203,40,1125,38
339,437208980,azul,vermelho,heuristica,verde,0,-3,56,180,120,1.5000,0.0556,1706,210,1282,214
339,437208980,azul,azul,heuristica,verde,0,-3,56,60,120,0.5000,0.0800,873,166,540,167
340,1192874511,verde,verde,heuristica,vermelho,0,-3,24,120,120,1.0000,0.0833,805,121,567,117
340,1192874511,verde,vermelho,heuristica,vermelho,1,3,24,30,0,30.0000,0.0833,637,41,546,50
340,1192874511,verde,azul,heuristica,vermelho,0,-3,24,90,120,0.7500,0.0000,319,87,149,83
341,766493470,vermelho,verde,heuristica,empate,0,-1,100,0,30,0.0000,0.0202,1834,34,1750,50
341,766493470,vermelho,vermelho,heuristica,empate,0,-1,100,30,0,30.0000,0.0200,1419,64,1330,25
341,766493470,vermelho,azul,heuristica,empate,0,-1,100,0,0,0.0000,0.0000,1699,39,1660,0
342,410536207,azul,verde,heuristica,verde,1,3,59,30,0,30.0000,0.0690,1418,51,1296,71
342,410536207,azul,vermelho,heuristica,verde,0,-3,59,90,120,0.7500,0.1429,368,95,174,99
342,410536207,azul,azul,heuristica,verde,0,-3,59,120,120,1.0000,0.0345,1594,105,1390,99
343,14153581,verde,verde,heuristica,vermelho,0,-3,50,80,110,0.7273,0.1429,371,96,175,100
343,14153581,verde,vermelho,heuristica,vermelho,1,3,50,30,60,0.5000,0.0600,1208,78,1043,87
343,14153581,verde,azul,heuristica,vermelho,0,-3,50,170,110,1.5455,0.0408,1476,160,1166,150
344,307708705,vermelho,verde,heuristica,azul,0,-3,77,120,120,1.0000,0.0000,1828,106,1623,99
344,307708705,vermelho,vermelho,heuristica,azul,0,-3,77,90,120,0.7500,0.0769,504,94,313,97
344,307708705,vermelho,azul,heuristica,azul,1,3,77,30,0,30.0000,0.0519,2112,129,1837,146
345,1409996403,azul,verde,heuristica,vermelho,0,-3,36,140,110,1.2727,0.2286,1245,203,844,198
345,1409996403,azul,vermelho,heuristica,vermelho,1,3,36,30,30,1.0000,0.0000,818,19,782,17
345,1409996403,azul,azul,heuristica,vermelho,0,-3,36,80,110,0.7273,0.1000,400,78,247,75
346,1737144842,verde,verde,heuristica,azul,0,-3,33,150,120,1.2500,0.0000,865,133,606,126
346,1737144842,verde,vermelho,heuristica,azul,0,-3,33,60,120,0.5000,0.0000,352,77,200,75
346,1737144842,verde,azul,heuristica,azul,1,3,33,60,30,2.0000,0.1818,971,81,802,88
347,924703773,vermelho,verde,heuristica,empate,0,-1,100,110,90,1.2222,0.0808,2319,139,2042,138
347,924703773,vermelho,vermelho,heuristica,empate,0,-1,100,0,0,0.0000,0.0300,2237,71,2075,91
347,924703773,vermelho,azul,heuristica,empate,0,-1,100,90,110,0.8182,0.1220,1298,181,947,170
348,928223588,azul,verde,heuristica,verde,1,3,18,60,0,60.0000,0.0000,599,88,412,99
348,928223588,azul,vermelho,heuristica,verde,0,-3,18,90,120,0.7500,0.0625,597,140,363,94
348,928223588,azul,azul,heuristica,verde,0,-3,18,90,120,0.7500,0.0000,531,114,323,94
349,1182005340,verde,verde,heuristica,azul,0,-3,25,60,120,0.5000,0.0000,427,77,275,75
349,1182005340,verde,vermelho,heuristica,azul,0,-3,25,180,120,1.5000,0.1200,1004,197,607,200
349,1182005340,verde,azul,heuristica,azul,1,3,25,60,60,1.0000,0.0000,592,46,502,44
350,86749997,vermelho,verde,heuristica,empate,0,-1,100,0,0,0.0000,0.0000,1397,0,1397,0
350,86749997,vermelho,vermelho,heuristica,empate,0,-1,100,0,0,0.0000,0.0200,1371,0,1371,0
350,86749997,vermelho,azul,heuristica,empate,0,-1,100,0,0,0.0000,0.0000,1843,0,1843,0
351,2063477184,azul,verde,heuristica,verde,1,3,35,30,30,1.0000,0.0882,1047,141,771,135
351,2063477184,azul,vermelho,heuristica,verde,0,-3,35,150,110,1.3636,0.0909,1039,147,755,137
351,2063477184,azul,azul,heuristica,verde,0,-3,35,80,120,0.6667,0.0000,503,117,268,118
352,1520633710,verde,verde,heuristica,verde,1,3,34,30,0,30.0000,0.0294,892,41,803,48
352,1520633710,verde,vermelho,heuristica,verde,0,-3,34,80,120,0.6667,0.0345,945,142,653,150
352,1520633710,verde,azul,heuristica,verde,0,-3,34,120,110,1.0909,0.0909,1013,106,807,100
353,1518760950,vermelho,verde,heuristica,empate,0,-1,100,120,60,2.0000,0.0606,2417,102,2215,100
353,1518760950,vermelho,vermelho,heuristica,empate,0,-1,100,0,0,0.0000,0.0000,1914,0,1914,0
353,1518760950,vermelho,azul,heuristica,empate,0,-1,100,60,120,0.5000,0.1333,503,62,366,75
354,1313076164,azul,verde,heuristica,empate,0,-1,100,0,0,0.0000,0.0000,1671,1,1670,0
354,1313076164,azul,vermelho,heuristica,empate,0,-1,100,120,80,1.5000,0.0505,2140,113,1922,105
354,1313076164,azul,azul,heuristica,empate,0,-1,100,80,120,0.6667,0.3750,288,63,166,59
355,519671239,verde,verde,heuristica,empate,0,-1,100,110,80,1.3750,0.0400,1670,179,1373,118
355,519671239,verde,vermelho,heuristica,empate,0,-1,100,80,110,0.7273,0.0632,2296,100,2111,85
355,519671239,verde,azul,heuristica,empate,0,-1,100,0,0,0.0000,0.0000,1819,62,1741,16
356,293897162,vermelho,verde,heuristica,vermelho,0,-3,48,80,110,0.7273,0.3571,606,132,349,125
356,293897162,vermelho,vermelho,heuristica,vermelho,1,3,48,30,0,30.0000,0.0208,1208,27,1156,25
356,293897162,vermelho,azul,heuristica,vermelho,0,-3,48,110,110,1.0000,0.1915,1246,146,959,141
357,432934820,azul,verde,heuristica,azul,0,-3,47,150,120,1.2500,0.0435,1363,148,1066,149
357,432934820,azul,vermelho,heuristica,azul,0,-3,47,90,120,0.7500,0.0000,298,64,175,59
357,432934820,azul,azul,heuristica,azul,1,3,47,30,30,1.0000,0.0213,932,15,904,13
358,1033327263,verde,verde,heuristica,azul,0,-3,57,150,120,1.2500,0.0702,1477,171,1123,183
358,1033327263,verde,vermelho,heuristica,azul,0,-3,57,90,120,0.7500,0.1667,319,93,138,88
358,1033327263,verde,azul,heuristica,azul,1,3,57,30,30,1.0000,0.0351,1474,53,1371,50
359,137643404,vermelho,verde,heuristica,verde,1,3,60,30,30,1.0000,0.0339,1429,32,1372,25
359,137643404,vermelho,vermelho,heuristica,verde,0,-3,60,70,100,0.7000,0.2857,335,89,158,88
359,137643404,vermelho,azul,heuristica,verde,0,-3,60,130,100,1.3000,0.0847,1357,134,1099,124
360,2017834313,azul,verde,heuristica,azul,0,-3,53,160,120,1.3333,0.1346,1641,200,1243,198
360,2017834313,azul,vermelho,heuristica,azul,0,-3,53,60,100,0.6000,0.5000,353,105,149,99
360,2017834313,azul,azul,heuristica,azul,1,3,53,60,60,1.0000,0.1132,1422,78,1269,75
361,1611829491,verde,verde,heuristica,empate,0,-1,100,120,70,1.7143,0.1400,2605,173,2267,165
361,1611829491,verde,vermelho,heuristica,empate,0,-1,100,70,120,0.5833,0.1143,1100,157,778,165
361,1611829491,verde,azul,heuristica,empate,0,-1,100,0,0,0.0000,0.0500,1940,76,1779,85
362,1288829251,vermelho,verde,heuristica,empate,0,-1,100,0,0,0.0000,0.0303,2121,1,2120,0
362,1288829251,vermelho,vermelho,heuristica,empate,0,-1,100,120,90,1.3333,0.0200,2849,280,2281,288
362,1288829251,vermelho,azul,heuristica,empate,0,-1,100,90,120,0.7500,0.0909,459,94,266,99
363,475521431,azul,verde,heuristica,verde,1,3,76,60,90,0.6667,0.0267,1514,66,1387,61
363,475521431,azul,vermelho,heuristica,verde,0,-3,76,60,120,0.5000,0.0000,416,67,286,63
363,475521431,azul,azul,heuristica,verde,0,-3,76,210,120,1.7500,0.0267,2073,172,1740,161
364,1589776665,verde,verde,heuristica,empate,0,-1,100,90,120,0.7500,0.0000,535,73,394,68
364,1589776665,verde,vermelho,heuristica,empate,0,-1,100,120,90,1.3333,0.0200,2273,143,1982,148
364,1589776665,verde,azul,heuristica,empate,0,-1,100,0,0,0.0000,0.0800,2555,105,2336,114
365,1928754317,vermelho,verde,heuristica,empate,0,-1,100,0,0,0.0000,0.0303,2259,1,2258,0
365,1928754317,vermelho,vermelho,heuristica,empate,0,-1,100,90,120,0.7500,0.0000,426,104,222,100
365,1928754317,vermelho,azul,heuristica,empate,0,-1,100,120,90,1.3333,0.0200,2314,106,2108,100
366,893603869,azul,verde,heuristica,verde,1,3,30,30,50,0.6000,0.2069,942,115,702,125
366,893603869,azul,vermelho,heuristica,verde,0,-3,30,90,120,0.7500,0.1250,394,100,194,100
366,893603869,azul,azul,heuristica,verde,0,-3,30,170,120,1.4167,0.0345,1031,158,699,174
367,795826857,verde,verde,heuristica,empate,0,-1,100,0,0,0.0000,0.0100,1876,0,1876,0
367,795826857,verde,vermelho,heuristica,empate,0,-1,100,90,120,0.7500,0.1304,1347,123,1100,124
367,795826857,verde,azul,heuristica,empate,0,-1,100,120,90,1.3333,0.0200,1924,105,1723,96
368,1170736711,vermelho,verde,heuristica,empate,0,-1,100,0,0,0.0000,0.0000,1211,25,1186,0
368,1170736711,vermelho,vermelho,heuristica,empate,0,-1,100,60,120,0.5000,0.0303,978,79,824,75
368,1170736711,vermelho,azul,heuristica,empate,0,-1,100,120,60,2.0000,0.0400,2199,110,1989,100
369,1599605876,azul,verde,heuristica,azul,0,-3,45,90,120,0.7500,0.0400,750,85,583,82
369,1599605876,azul,vermelho,heuristica,azul,0,-3,45,150,120,1.2500,0.1136,1202,118,973,111
369,1599605876,azul,azul,heuristica,azul,1,3,45,30,30,1.0000,0.0889,1144,44,1058,42
370,1800712511,verde,verde,heuristica,empate,0,-1,100,90,120,0.7500,0.5000,483,86,319,78
370,1800712511,verde,vermelho,heuristica,empate,0,-1,100,0,0,0.0000,0.0300,1506,22,1459,25
370,1800712511,verde,azul,heuristica,empate,0,-1,100,120,90,1.3333,0.1900,2431,94,2252,85
371,645522509,vermelho,verde,heuristica,verde,1,3,28,30,30,1.0000,0.0000,767,48,669,50
371,645522509,vermelho,vermelho,heuristica,verde,0,-3,28,90,120,0.7500,0.0500,599,76,451,72
371,645522509,vermelho,azul,heuristica,verde,0,-3,28,150,120,1.2500,0.0000,950,155,645,150
372,29313969,azul,verde,heuristica,empate,0,-1,100,0,0,0.0000,0.0606,2296,2,2294,0
372,29313969,azul,vermelho,heuristica,empate,0,-1,100,120,90,1.3333,0.0101,1936,110,1725,101
372,29313969,azul,azul,heuristica,empate,0,-1,100,90,120,0.7500,0.0000,371,68,240,63
373,1970357873,verde,verde,heuristica,verde,1,3,57,30,0,30.0000,0.0351,1322,29,1268,25
373,1970357873,verde,vermelho,heuristica,verde,0,-3,57,110,120,0.9167,0.0536,1494,122,1256,116
373,1970357873,verde,azul,heuristica,verde,0,-3,57,90,110,0.8182,0.1429,376,103,174,99
374,1241645600,vermelho,verde,heuristica,empate,0,-1,100,0,0,0.0000,0.0000,1702,48,1639,15
374,1241645600,vermelho,vermelho,heuristica,empate,0,-1,100,120,90,1.3333,0.0000,2142,167,1850,125
374,1241645600,vermelho,azul,heuristica,empate,0,-1,100,90,120,0.7500,0.1818,474,102,272,100
375,1353653477,azul,verde,heuristica,vermelho,0,-3,17,140,120,1.1667,0.3125,632,135,362,135
375,1353653477,azul,vermelho,heuristica,vermelho,1,3,17,30,30,1.0000,0.1875,476,52,374,50
375,1353653477,azul,azul,heuristica,vermelho,0,-3,17,90,110,0.8182,0.2308,563,124,317,122
376,722060998,verde,verde,heuristica,azul,0,-3,21,60,100,0.6000,0.5000,346,96,150,100
376,722060998,verde,vermelho,heuristica,azul,0,-3,21,160,120,1.3333,0.1905,830,157,524,149
376,722060998,verde,azul,heuristica,azul,1,3,21,60,60,1.0000,0.0000,615,53,512,50
377,946843648,vermelho,verde,heuristica,azul,0,-3,29,90,120,0.7500,0.0000,465,80,310,75
377,946843648,vermelho,vermelho,heuristica,azul,0,-3,29,120,120,1.0000,0.0000,721,95,538,88
377,946843648,vermelho,azul,heuristica,azul,1,3,29,30,0,30.0000,0.1034,684,26,633,25
378,195273507,azul,verde,heuristica,empate,0,-1,100,0,0,0.0000,0.0404,2187,98,1993,96
378,195273507,azul,vermelho,heuristica,empate,0,-1,100,0,0,0.0000,0.0606,2202,39,2117,46
378,195273507,azul,azul,heuristica,empate,0,-1,100,0,0,0.0000,0.0200,1144,1,1143,0
379,741729714,verde,verde,heuristica,vermelho,0,-3,78,90,120,0.7500,0.0000,648,108,438,102
379,741729714,verde,vermelho,heuristica,vermelho,1,3,78,30,0,30.0000,0.0256,1347,61,1233,53
379,741729714,verde,azul,heuristica,vermelho,0,-3,78,120,120,1.0000,0.0909,1997,149,1710,138
380,1187661710,vermelho,verde,heuristica,empate,0,-1,100,90,120,0.7500,0.4074,1089,69,954,66
380,1187661710,vermelho,vermelho,heuristica,empate,0,-1,100,120,90,1.3333,0.0100,2581,149,2282,150
380,1187661710,vermelho,azul,heuristica,empate,0,-1,100,0,0,0.0000,0.0100,1551,37,1484,30
381,394963098,azul,verde,heuristica,empate,0,-1,100,120,60,2.0000,0.0202,2119,127,1867,125
381,394963098,azul,vermelho,heuristica,empate,0,-1,100,0,0,0.0000,0.3232,1850,0,1850,0
381,394963098,azul,azul,heuristica,empate,0,-1,100,60,120,0.5000,0.0571,943,94,756,93
382,2051369139,verde,verde,heuristica,empate,0,-1,100,0,0,0.0000,0.0100,1692,0,1692,0
382,2051369139,verde,vermelho,heuristica,empate,0,-1,100,90,120,0.7500,0.0000,925,104,722,99
382,2051369139,verde,azul,heuristica,empate,0,-1,100,120,90,1.3333,0.0000,1962,112,1744,106
383,1168745499,vermelho,verde,heuristica,vermelho,0,-3,35,160,110,1.4545,0.1471,1191,209,782,200
383,1168745499,vermelho,vermelho,heuristica,vermelho,1,3,35,50,50,1.0000,0.1143,1079,119,838,122
383,1168745499,vermelho,azul,heuristica,vermelho,0,-3,35,60,110,0.5455,0.1667,302,78,149,75
384,2118575539,azul,verde,heuristica,vermelho,0,-3,46,90,120,0.7500,0.0294,1015,135,753,127
384,2118575539,azul,vermelho,heuristica,vermelho,1,3,46,30,30,1.0000,0.0889,1112,28,1059,25
384,2118575539,azul,azul,heuristica,vermelho,0,-3,46,150,120,1.2500,0.0000,1381,178,1018,185
385,441089282,verde,verde,heuristica,verde,1,3,24,30,30,1.0000,0.0417,603,34,534,35
385,441089282,verde,vermelho,heuristica,verde,0,-3,24,150,120,1.2500,0.0870,865,157,558,150
385,441089282,verde,azul,heuristica,verde,0,-3,24,90,120,0.7500,0.0000,354,104,150,100
386,1667855064,vermelho,verde,heuristica,empate,0,-1,100,0,0,0.0000,0.3232,2073,0,2073,0
386,1667855064,vermelho,vermelho,heuristica,empate,0,-1,100,0,0,0.0000,0.0000,1575,47,1528,0
386,1667855064,vermelho,azul,heuristica,empate,0,-1,100,0,0,0.0000,0.0000,658,3,655,0
387,2017351961,azul,verde,heuristica,empate,0,-1,100,120,90,1.3333,0.0101,2172,151,1871,150
387,2017351961,azul,vermelho,heuristica,empate,0,-1,100,0,0,0.0000,0.0101,1339,1,1338,0
387,2017351961,azul,azul,heuristica,empate,0,-1,100,90,120,0.7500,0.0455,648,108,433,107
388,1950536216,verde,verde,heuristica,azul,0,-3,43,90,120,0.7500,0.0476,607,86,436,85
388,1950536216,verde,vermelho,heuristica,azul,0,-3,43,150,120,1.2500,0.0465,1220,148,923,149
388,1950536216,verde,azul,heuristica,azul,1,3,43,30,30,1.0000,0.0000,834,18,800,16
389,60663468,vermelho,verde,heuristica,empate,0,-1,100,90,120,0.7500,0.0000,750,94,558,98
389,60663468,vermelho,vermelho,heuristica,empate,0,-1,100,120,90,1.3333,0.0700,2441,105,2236,100
389,60663468,vermelho,azul,heuristica,empate,0,-1,100,0,0,0.0000,0.1000,2438,14,2399,25
390,1266052967,azul,verde,heuristica,azul,0,-3,23,120,120,1.0000,0.0909,766,130,511,125
390,1266052967,azul,vermelho,heuristica,azul,0,-3,23,90,120,0.7500,0.0000,382,100,186,96
390,1266052967,azul,azul,heuristica,azul,1,3,23,30,0,30.0000,0.0870,638,44,544,50
391,553143731,verde,verde,heuristica,vermelho,0,-3,72,120,120,1.0000,0.0278,1932,130,1677,125
391,553143731,verde,vermelho,heuristica,vermelho,1,3,72,60,0,60.0000,0.0694,1988,136,1702,150
391,553143731,verde,azul,heuristica,vermelho,0,-3,72,60,120,0.5000,0.1316,1142,105,937,100
392,1136855950,vermelho,verde,heuristica,verde,1,3,39,120,60,2.0000,0.1053,1275,212,879,184
392,1136855950,vermelho,vermelho,heuristica,verde,0,-3,39,90,120,0.7500,0.0500,627,77,478,72
392,1136855950,vermelho,azul,heuristica,verde,0,-3,39,90,120,0.7500,0.0789,1291,177,882,232
393,376447012,azul,verde,heuristica,azul,0,-3,52,150,120,1.2500,0.0588,1431,188,1066,177
393,376447012,azul,vermelho,heuristica,azul,0,-3,52,90,120,0.7500,0.0000,420,101,222,97
393,376447012,azul,azul,heuristica,azul,1,3,52,30,30,1.0000,0.0577,1135,36,1059,40
394,1614578985,verde,verde,heuristica,azul,0,-3,34,110,110,1.0000,0.2353,1249,203,846,200
394,1614578985,verde,vermelho,heuristica,azul,0,-3,34,80,110,0.7273,0.2143,974,147,677,150
394,1614578985,verde,azul,heuristica,azul,1,3,34,30,0,30.0000,0.1765,1076,155,782,139
395,865668011,vermelho,verde,heuristica,empate,0,-1,100,0,0,0.0000,0.0505,2263,32,2206,25
395,865668011,vermelho,vermelho,heuristica,empate,0,-1,100,120,90,1.3333,0.0400,2424,117,2202,105
395,865668011,vermelho,azul,heuristica,empate,0,-1,100,90,120,0.7500,0.1333,501,102,298,101
396,923755655,azul,verde,heuristica,empate,0,-1,100,90,100,0.9000,0.3750,453,133,195,125
396,923755655,azul,vermelho,heuristica,empate,0,-1,100,0,0,0.0000,0.0707,2101,0,2101,0
396,923755655,azul,azul,heuristica,empate,0,-1,100,100,90,1.1111,0.0800,2505,194,2114,197
397,258776197,verde,verde,heuristica,empate,0,-1,100,90,120,0.7500,0.0000,337,93,147,97
397,258776197,verde,vermelho,heuristica,empate,0,-1,100,0,0,0.0000,0.0000,2126,0,2126,0
397,258776197,verde,azul,heuristica,empate,0,-1,100,120,90,1.3333,0.0200,2463,140,2177,146
398,1620914435,vermelho,verde,heuristica,azul,0,-3,24,150,110,1.3636,0.2174,833,148,537,148
398,1620914435,vermelho,vermelho,heuristica,azul,0,-3,24,80,120,0.6667,0.1818,418,81,262,75
398,1620914435,vermelho,azul,heuristica,azul,1,3,24,30,30,1.0000,0.0000,573,43,488,42
399,1741497087,azul,verde,heuristica,empate,0,-1,100,0,0,0.0000,0.0101,1726,0,1726,0
399,1741497087,azul,vermelho,heuristica,empate,0,-1,100,120,90,1.3333,0.0909,2435,120,2194,121
399,1741497087,azul,azul,heuristica,empate,0,-1,100,90,120,0.7500,0.1111,568,76,420,72
400,558524762,verde,verde,heuristica,azul,0,-3,17,120,120,1.0000,0.0000,721,146,425,150
400,558524762,verde,vermelho,heuristica,azul,0,-3,17,90,120,0.7500,0.0000,304,79,150,75
400,558524762,verde,azul,heuristica,azul,1,3,17,30,0,30.0000,0.1765,449,27,397,25
401,1039082064,vermelho,verde,heuristica,empate,0,-1,100,120,90,1.3333,0.0101,2078,121,1838,119
401,1039082064,vermelho,vermelho,heuristica,empate,0,-1,100,0,0,0.0000,0.0000,1854,0,1854,0
401,1039082064,vermelho,azul,heuristica,empate,0,-1,100,90,120,0.7500,0.0800,731,78,579,74
402,902252012,azul,verde,heuristica,vermelho,0,-3,37,150,120,1.2500,0.0556,1149,148,851,150
402,902252012,azul,vermelho,heuristica,vermelho,1,3,37,30,30,1.0000,0.0556,891,54,787,50
402,902252012,azul,azul,heuristica,vermelho,0,-3,37,90,120,0.7500,0.0000,350,100,150,100
403,1638510092,verde,verde,heuristica,empate,0,-1,100,0,0,0.0000,0.4600,2038,69,1945,24
403,1638510092,verde,vermelho,heuristica,empate,0,-1,100,0,0,0.0000,0.0000,1273,0,1273,0
403,1638510092,verde,azul,heuristica,empate,0,-1,100,0,0,0.0000,0.0000,1951,45,1906,0
404,697931922,vermelho,verde,heuristica,empate,0,-1,100,30,0,30.0000,0.0303,2425,52,2323,50
404,697931922,vermelho,vermelho,heuristica,empate,0,-1,100,90,120,0.7500,0.1299,2140,147,1822,171
404,697931922,vermelho,azul,heuristica,empate,0,-1,100,90,90,1.0000,0.0300,2107,103,1907,97
405,148352726,azul,verde,heuristica,vermelho,0,-3,20,90,120,0.7500,0.0000,567,104,363,100
405,148352726,azul,vermelho,heuristica,vermelho,1,3,20,30,0,30.0000,0.2632,511,27,459,25
405,148352726,azul,azul,heuristica,vermelho,0,-3,20,120,120,1.0000,0.1053,653,105,450,98
406,1423957648,verde,verde,heuristica,vermelho,0,-3,16,90,120,0.7500,0.0000,320,101,122,97
406,1423957648,verde,vermelho,heuristica,vermelho,1,3,16,30,0,30.0000,0.1250,414,21,373,20
406,1423957648,verde,azul,heuristica,vermelho,0,-3,16,120,120,1.0000,0.1333,608,126,362,120
407,1350537079,vermelho,verde,heuristica,empate,0,-1,100,0,0,0.0000,0.3838,2002,17,1966,19
407,1350537079,vermelho,vermelho,heuristica,empate,0,-1,100,0,0,0.0000,0.0000,1955,27,1903,25
407,1350537079,vermelho,azul,heuristica,empate,0,-1,100,0,0,0.0000,0.0100,1666,2,1664,0
408,614268430,azul,verde,heuristica,vermelho,0,-3,62,90,120,0.7500,0.0000,371,99,173,99
408,614268430,azul,vermelho,heuristica,vermelho,1,3,62,30,0,30.0000,0.0328,1405,26,1356,23
408,614268430,azul,azul,heuristica,vermelho,0,-3,62,120,120,1.0000,0.0000,1380,99,1187,94
409,1044670401,verde,verde,heuristica,empate,0,-1,100,90,120,0.7500,0.1200,749,102,551,96
409,1044670401,verde,vermelho,heuristica,empate,0,-1,100,120,90,1.3333,0.0000,2104,111,1889,104
409,1044670401,verde,azul,heuristica,empate,0,-1,100,0,0,0.0000,0.0200,2034,22,1991,21
410,73927817,vermelho,verde,heuristica,vermelho,0,-3,15,150,120,1.2500,0.0714,705,206,349,150
410,73927817,vermelho,vermelho,heuristica,vermelho,1,3,15,30,30,1.0000,0.0667,570,118,354,98
410,73927817,vermelho,azul,heuristica,vermelho,0,-3,15,90,120,0.7500,0.0000,533,174,235,124
411,1599316740,azul,verde,heuristica,empate,0,-1,100,90,120,0.7500,0.0727,1587,137,1305,145
411,1599316740,azul,vermelho,heuristica,empate,0,-1,100,0,0,0.0000,0.0202,2584,134,2302,148
411,1599316740,azul,azul,heuristica,empate,0,-1,100,120,90,1.3333,0.0300,2649,160,2315,174
412,728730537,verde,verde,heuristica,empate,0,-1,100,0,0,0.0000,0.0400,2323,23,2275,25
412,728730537,verde,vermelho,heuristica,empate,0,-1,100,60,120,0.5000,0.0000,590,80,435,75
412,728730537,verde,azul,heuristica,empate,0,-1,100,120,60,2.0000,0.0000,1449,140,1176,133
413,769613667,vermelho,verde,heuristica,empate,0,-1,100,0,0,0.0000,0.0000,1616,33,1535,48
413,769613667,vermelho,vermelho,heuristica,empate,0,-1,100,60,120,0.5000,0.0345,839,105,634,100
413,769613667,vermelho,azul,heuristica,empate,0,-1,100,120,60,2.0000,0.0300,2303,105,2097,101
414,701710304,azul,verde,heuristica,verde,1,3,24,30,0,30.0000,0.0000,619,59,494,66
414,701710304,azul,vermelho,heuristica,verde,0,-3,24,90,120,0.7500,0.0000,395,78,257,60
414,701710304,azul,azul,heuristica,verde,0,-3,24,120,120,1.0000,0.3043,907,185,523,199
415,2146003900,verde,verde,heuristica,empate,0,-1,100,0,0,0.0000,0.0000,1817,26,1768,23
415,2146003900,verde,vermelho,heuristica,empate,0,-1,100,90,110,0.8182,0.1429,309,73,168,68
415,2146003900,verde,azul,heuristica,empate,0,-1,100,110,90,1.2222,0.0100,1949,105,1745,99
416,1585576561,vermelho,verde,heuristica,vermelho,0,-3,13,120,120,1.0000,0.0000,584,149,292,143
416,1585576561,vermelho,vermelho,heuristica,vermelho,1,3,13,30,0,30.0000,0.0769,425,51,324,50
416,1585576561,vermelho,azul,heuristica,vermelho,0,-3,13,90,120,0.7500,0.0000,346,89,163,94
417,1048996951,azul,verde,heuristica,vermelho,0,-3,19,150,120,1.2500,0.0556,719,158,411,150
417,1048996951,azul,vermelho,heuristica,vermelho,1,3,19,30,30,1.0000,0.0556,565,72,443,50
417,1048996951,azul,azul,heuristica,vermelho,0,-3,19,90,120,0.7500,0.2000,493,90,309,94
418,614909108,verde,verde,heuristica,verde,1,3,44,30,0,30.0000,0.0455,805,20,768,17
418,614909108,verde,vermelho,heuristica,verde,0,-3,44,90,120,0.7500,0.0455,688,106,477,105
418,614909108,verde,azul,heuristica,verde,0,-3,44,120,120,1.0000,0.0233,1187,97,1003,87
419,1906067081,vermelho,verde,heuristica,verde,1,3,44,30,0,30.0000,0.0465,1158,109,954,95
419,1906067081,vermelho,vermelho,heuristica,verde,0,-3,44,120,120,1.0000,0.0233,1255,123,1014,118
419,1906067081,vermelho,azul,heuristica,verde,0,-3,44,90,120,0.7500,0.0000,957,67,828,62
420,974694883,azul,verde,heuristica,vermelho,0,-3,26,60,120,0.5000,0.1429,494,77,342,75
420,974694883,azul,vermelho,heuristica,vermelho,1,3,26,60,30,2.0000,0.0400,644,53,541,50
420,974694883,azul,azul,heuristica,vermelho,0,-3,26,150,120,1.2500,0.0000,1000,195,605,200
421,277475170,verde,verde,heuristica,azul,0,-3,17,90,120,0.7500,0.0000,578,150,320,108
421,277475170,verde,vermelho,heuristica,azul,0,-3,17,120,120,1.0000,0.0000,636,138,388,110
421,277475170,verde,azul,heuristica,azul,1,3,17,120,90,1.3333,0.0000,594,142,344,108
422,148424731,vermelho,verde,heuristica,verde,1,3,78,30,0,30.0000,0.0649,1894,53,1775,66
422,148424731,vermelho,vermelho,heuristica,verde,0,-3,78,90,120,0.7500,0.0000,578,75,432,71
422,148424731,vermelho,azul,heuristica,verde,0,-3,78,120,120,1.0000,0.0260,2103,154,1794,155
423,604743709,azul,verde,heuristica,empate,0,-1,100,90,120,0.7500,0.0000,344,95,149,100
423,604743709,azul,vermelho,heuristica,empate,0,-1,100,0,0,0.0000,0.0707,2490,17,2448,25
423,604743709,azul,azul,heuristica,empate,0,-1,100,120,90,1.3333,0.0000,1752,105,1547,100
424,838363468,verde,verde,heuristica,empate,0,-1,100,120,90,1.3333,0.0200,2150,126,1896,128
424,838363468,verde,vermelho,heuristica,empate,0,-1,100,0,0,0.0000,0.0000,1859,0,1859,0
424,838363468,verde,azul,heuristica,empate,0,-1,100,90,120,0.7500,0.0714,1234,146,934,154
425,1461119760,vermelho,verde,heuristica,verde,1,3,29,30,0,30.0000,0.0357,884,105,680,99
425,1461119760,vermelho,vermelho,heuristica,verde,0,-3,29,120,120,1.0000,0.0714,832,92,654,86
425,1461119760,vermelho,azul,heuristica,verde,0,-3,29,90,120,0.7500,0.0000,710,103,506,101
426,2054000186,azul,verde,heuristica,azul,0,-3,22,150,120,1.2500,0.0476,803,150,505,148
426,2054000186,azul,vermelho,heuristica,azul,0,-3,22,90,120,0.7500,0.0909,478,104,274,100
426,2054000186,azul,azul,heuristica,azul,1,3,22,30,30,1.0000,0.0455,565,23,520,22
427,1470480063,verde,verde,heuristica,empate,0,-1,100,90,120,0.7500,0.0000,429,123,216,90
427,1470480063,verde,vermelho,heuristica,empate,0,-1,100,120,90,1.3333,0.0100,2349,142,2090,117
427,1470480063,verde,azul,heuristica,empate,0,-1,100,0,0,0.0000,0.0200,1909,42,1842,25
428,766136782,vermelho,verde,heuristica,empate,0,-1,100,120,90,1.3333,0.1111,2426,171,2082,173
428,766136782,vermelho,vermelho,heuristica,empate,0,-1,100,0,0,0.0000,0.0000,1800,2,1798,0
428,766136782,vermelho,azul,heuristica,empate,0,-1,100,90,120,0.7500,0.0345,1212,70,1076,66
429,372718935,azul,verde,heuristica,azul,0,-3,44,60,120,0.5000,0.4286,340,93,161,86
429,372718935,azul,vermelho,heuristica,azul,0,-3,44,180,120,1.5000,0.1860,1300,179,951,170
429,372718935,azul,azul,heuristica,azul,1,3,44,60,60,1.0000,0.1136,1197,80,1042,75
430,2045200466,verde,verde,heuristica,empate,0,-1,100,0,0,0.0000,0.0200,1784,2,1782,0
430,2045200466,verde,vermelho,heuristica,empate,0,-1,100,120,90,1.3333,0.0100,1864,183,1488,193
430,2045200466,verde,azul,heuristica,empate,0,-1,100,90,120,0.7500,0.0000,345,68,212,65
431,1900958049,vermelho,verde,heuristica,verde,1,3,22,30,30,1.0000,0.0952,561,26,510,25
431,1900958049,vermelho,vermelho,heuristica,verde,0,-3,22,130,110,1.1818,0.3333,900,203,490,207
431,1900958049,vermelho,azul,heuristica,verde,0,-3,22,80,100,0.8000,0.3000,400,92,222,86
432,1317230616,azul,verde,heuristica,azul,0,-3,35,60,120,0.5000,0.0000,452,77,300,75
432,1317230616,azul,vermelho,heuristica,azul,0,-3,35,180,120,1.5000,0.0294,1212,198,821,193
432,1317230616,azul,azul,heuristica,azul,1,3,35,60,60,1.0000,0.0000,949,72,807,70
433,1343244560,verde,verde,heuristica,empate,0,-1,100,70,100,0.7000,0.5000,425,90,240,95
433,1343244560,verde,vermelho,heuristica,empate,0,-1,100,0,0,0.0000,0.9900,1468,0,1468,0
433,1343244560,verde,azul,heuristica,empate,0,-1,100,100,70,1.4286,0.0500,1841,101,1646,94
434,784401889,vermelho,verde,heuristica,vermelho,0,-3,27,110,110,1.0000,0.2692,910,144,622,144
434,784401889,vermelho,vermelho,heuristica,vermelho,1,3,27,30,0,30.0000,0.0000,669,56,561,52
434,784401889,vermelho,azul,heuristica,vermelho,0,-3,27,80,110,0.7273,0.2222,405,101,210,94
435,1579403662,azul,verde,heuristica,empate,0,-1,100,90,120,0.7500,0.0000,1374,110,1163,101
435,1579403662,azul,vermelho,heuristica,empate,0,-1,100,120,90,1.3333,0.0505,2108,102,1907,99
435,1579403662,azul,azul,heuristica,empate,0,-1,100,0,0,0.0000,0.0000,1647,9,1638,0
436,1577216255,verde,verde,heuristica,empate,0,-1,100,0,0,0.0000,0.0800,2364,57,2242,65
436,1577216255,verde,vermelho,heuristica,empate,0,-1,100,90,120,0.7500,0.0000,667,67,536,64
436,1577216255,verde,azul,heuristica,empate,0,-1,100,120,90,1.3333,0.1000,2539,160,2209,170
437,1215591661,vermelho,verde,heuristica,empate,0,-1,100,70,110,0.6364,0.2222,752,160,422,170
437,1215591661,vermelho,vermelho,heuristica,empate,0,-1,100,0,0,0.0000,0.0300,2466,53,2345,68
437,1215591661,vermelho,azul,heuristica,empate,0,-1,100,110,70,1.5714,0.0500,2549,119,2320,110
438,2129381150,azul,verde,heuristica,verde,1,3,36,90,90,1.0000,0.1143,1250,225,837,188
438,2129381150,azul,vermelho,heuristica,verde,0,-3,36,150,120,1.2500,0.0294,1263,264,780,219
438,2129381150,azul,azul,heuristica,verde,0,-3,36,90,120,0.7500,0.1212,984,143,719,122
439,200211642,verde,verde,heuristica,empate,0,-1,100,40,90,0.4444,0.0500,2516,113,2296,107
439,200211642,verde,vermelho,heuristica,empate,0,-1,100,60,30,2.0000,0.0400,2332,97,2141,94
439,200211642,verde,azul,heuristica,empate,0,-1,100,120,100,1.2000,0.1053,1256,192,880,184
440,739759482,vermelho,verde,heuristica,empate,0,-1,100,120,80,1.5000,0.1010,2038,255,1593,190
440,739759482,vermelho,vermelho,heuristica,empate,0,-1,100,20,100,0.2000,0.3333,413,121,220,72
440,739759482,vermelho,azul,heuristica,empate,0,-1,100,120,80,1.5000,0.1800,2779,239,2333,207
441,571873306,azul,verde,heuristica,empate,0,-1,100,0,0,0.0000,0.9899,1651,2,1649,0
441,571873306,azul,vermelho,heuristica,empate,0,-1,100,120,60,2.0000,0.0303,1896,114,1676,106
441,571873306,azul,azul,heuristica,empate,0,-1,100,60,120,0.5000,0.0682,1119,72,982,65
442,1141555388,verde,verde,heuristica,empate,0,-1,100,0,0,0.0000,0.0400,1986,2,1984,0
442,1141555388,verde,vermelho,heuristica,empate,0,-1,100,90,120,0.7500,0.0313,865,95,678,92
442,1141555388,verde,azul,heuristica,empate,0,-1,100,120,90,1.3333,0.0400,2532,159,2211,162
443,1737235775,vermelho,verde,heuristica,verde,1,3,90,30,0,30.0000,0.2921,1735,21,1697,17
443,1737235775,vermelho,vermelho,heuristica,verde,0,-3,90,90,120,0.7500,0.0000,632,96,436,100
443,1737235775,vermelho,azul,heuristica,verde,0,-3,90,120,120,1.0000,0.0562,2261,109,2052,100
444,1019163322,azul,verde,heuristica,vermelho,0,-3,24,90,120,0.7500,0.0667,510,87,337,86
444,1019163322,azul,vermelho,heuristica,vermelho,1,3,24,30,0,30.0000,0.0435,578,27,526,25
444,1019163322,azul,azul,heuristica,vermelho,0,-3,24,120,120,1.0000,0.0000,735,113,514,108
445,1477330786,verde,verde,heuristica,azul,0,-3,22,60,100,0.6000,0.3333,543,101,345,97
445,1477330786,verde,vermelho,heuristica,azul,0,-3,22,130,120,1.0833,0.1818,674,114,454,106
445,1477330786,verde,azul,heuristica,azul,1,3,22,60,30,2.0000,0.1818,841,154,528,159
446,744905077,vermelho,verde,heuristica,azul,0,-3,79,150,120,1.2500,0.0641,2140,180,1778,182
446,744905077,vermelho,vermelho,heuristica,azul,0,-3,79,90,120,0.7500,0.0600,1278,133,1009,136
446,744905077,vermelho,azul,heuristica,azul,1,3,79,30,30,1.0000,0.0000,1457,39,1381,37
447,1994270146,azul,verde,heuristica,vermelho,0,-3,52,120,120,1.0000,0.1143,1112,146,825,141
447,1994270146,azul,vermelho,heuristica,vermelho,1,3,52,150,60,2.5000,0.0196,1224,115,1008,101
447,1994270146,azul,azul,heuristica,vermelho,0,-3,52,30,120,0.2500,0.0000,908,77,760,71
448,164773497,verde,verde,heuristica,empate,0,-1,100,0,0,0.0000,0.0000,1994,0,1994,0
448,164773497,verde,vermelho,heuristica,empate,0,-1,100,0,0,0.0000,0.1800,3218,370,2423,425
448,164773497,verde,azul,heuristica,empate,0,-1,100,0,0,0.0000,0.0300,1513,35,1440,38
449,1649528846,vermelho,verde,heuristica,vermelho,0,-3,30,120,120,1.0000,0.0000,939,127,687,125
449,1649528846,vermelho,vermelho,heuristica,vermelho,1,3,30,30,0,30.0000,0.0667,787,27,735,25
449,1649528846,vermelho,azul,heuristica,vermelho,0,-3,30,90,120,0.7500,0.0000,360,94,169,97
450,8261800,azul,verde,heuristica,azul,0,-3,24,90,120,0.7500,0.0000,420,90,240,90
450,8261800,azul,vermelho,heuristica,azul,0,-3,24,130,120,1.0833,0.0870,999,223,561,215
450,8261800,azul,azul,heuristica,azul,1,3,24,30,10,3.0000,0.1667,593,21,553,19
451,1520873105,verde,verde,heuristica,verde,1,3,66,30,0,30.0000,0.0000,1265,19,1229,17
451,1520873105,verde,vermelho,heuristica,verde,0,-3,66,90,120,0.7500,0.0000,379,104,175,100
451,1520873105,verde,azul,heuristica,verde,0,-3,66,120,120,1.0000,0.0462,1754,121,1509,124
452,189695113,vermelho,verde,heuristica,empate,0,-1,100,90,120,0.7500,0.0476,683,92,496,95
452,189695113,vermelho,vermelho,heuristica,empate,0,-1,100,0,0,0.0000,0.0500,2152,16,2111,25
452,189695113,vermelho,azul,heuristica,empate,0,-1,100,120,90,1.3333,0.0800,2712,180,2339,193
453,2050012462,azul,verde,heuristica,empate,0,-1,100,0,0,0.0000,0.0202,1323,22,1282,19
453,2050012462,azul,vermelho,heuristica,empate,0,-1,100,0,0,0.0000,0.0202,2138,118,1903,117
453,2050012462,azul,azul,heuristica,empate,0,-1,100,0,0,0.0000,0.0500,1695,23,1647,25
454,105099442,verde,verde,heuristica,empate,0,-1,100,90,120,0.7500,0.0645,883,81,727,75
454,105099442,verde,vermelho,heuristica,empate,0,-1,100,120,90,1.3333,0.0000,2140,127,1896,117
454,105099442,verde,azul,heuristica,empate,0,-1,100,0,0,0.0000,0.0000,1943,0,1943,0
455,898790568,vermelho,verde,heuristica,verde,1,3,40,30,0,30.0000,0.0513,925,49,828,48
455,898790568,vermelho,vermelho,heuristica,verde,0,-3,40,120,120,1.0000,0.0769,1177,105,972,100
455,898790568,vermelho,azul,heuristica,verde,0,-3,40,90,120,0.7500,0.0000,329,104,125,100
456,2054871234,azul,verde,heuristica,empate,0,-1,100,90,120,0.7500,0.0000,970,98,773,99
456,2054871234,azul,vermelho,heuristica,empate,0,-1,100,120,90,1.3333,0.0303,2533,106,2328,99
456,2054871234,azul,azul,heuristica,empate,0,-1,100,0,0,0.0000,0.0000,2355,47,2258,50
457,567165131,verde,verde,heuristica,empate,0,-1,100,0,0,0.0000,0.0100,1782,0,1782,0
457,567165131,verde,vermelho,heuristica,empate,0,-1,100,120,90,1.3333,0.0100,2086,121,1841,124
457,567165131,verde,azul,heuristica,empate,0,-1,100,90,120,0.7500,0.0000,474,129,220,125
458,1506506545,vermelho,verde,heuristica,empate,0,-1,100,120,90,1.3333,0.0303,2314,120,2075,119
458,1506506545,vermelho,vermelho,heuristica,empate,0,-1,100,90,120,0.7500,0.1026,1043,96,847,100
458,1506506545,vermelho,azul,heuristica,empate,0,-1,100,0,0,0.0000,0.0300,1968,16,1927,25
459,338695334,azul,verde,heuristica,vermelho,0,-3,77,120,120,1.0000,0.0395,1275,124,1042,109
459,338695334,azul,vermelho,heuristica,vermelho,1,3,77,60,0,60.0000,0.0000,1808,60,1698,50
459,338695334,azul,azul,heuristica,vermelho,0,-3,77,60,120,0.5000,0.0145,1838,100,1640,98
460,369462903,verde,verde,heuristica,empate,0,-1,100,0,0,0.0000,0.0100,1899,2,1897,0
460,369462903,verde,vermelho,heuristica,empate,0,-1,100,120,90,1.3333,0.0400,1872,145,1578,149
460,369462903,verde,azul,heuristica,empate,0,-1,100,90,120,0.7500,0.0000,551,91,362,98
461,1639586025,vermelho,verde,heuristica,verde,1,3,22,30,0,30.0000,0.0952,514,28,461,25
461,1639586025,vermelho,vermelho,heuristica,verde,0,-3,22,90,120,0.7500,0.0000,546,93,359,94
461,1639586025,vermelho,azul,heuristica,verde,0,-3,22,120,120,1.0000,0.0952,785,142,499,144
462,1094686237,azul,verde,heuristica,azul,0,-3,48,180,120,1.5000,0.1489,1423,172,1082,169
462,1094686237,azul,vermelho,heuristica,azul,0,-3,48,60,120,0.5000,0.0000,353,78,200,75
462,1094686237,azul,azul,heuristica,azul,1,3,48,60,60,1.0000,0.0625,1225,65,1098,62
463,616728145,verde,verde,heuristica,azul,0,-3,39,150,120,1.2500,0.0769,1336,198,940,198
463,616728145,verde,vermelho,heuristica,azul,0,-3,39,90,120,0.7500,0.0370,773,69,638,66
463,616728145,verde,azul,heuristica,azul,1,3,39,30,30,1.0000,0.0000,798,21,759,18
464,1665972581,vermelho,verde,heuristica,vermelho,0,-3,62,90,120,0.7500,0.0000,377,63,254,60
464,1665972581,vermelho,vermelho,heuristica,vermelho,1,3,62,30,30,1.0000,0.0161,1532,56,1428,48
464,1665972581,vermelho,azul,heuristica,vermelho,0,-3,62,150,120,1.2500,0.0000,1480,178,1131,171
465,1342328242,azul,verde,heuristica,vermelho,0,-3,26,150,120,1.2500,0.0000,1078,229,624,225
465,1342328242,azul,vermelho,heuristica,vermelho,1,3,26,30,30,1.0000,0.0400,725,50,625,50
465,1342328242,azul,azul,heuristica,vermelho,0,-3,26,90,120,0.7500,0.0000,430,105,225,100
466,1649972298,verde,verde,heuristica,empate,0,-1,100,90,100,0.9000,0.1250,397,99,199,99
466,1649972298,verde,vermelho,heuristica,empate,0,-1,100,100,90,1.1111,0.0400,1967,103,1766,98
466,1649972298,verde,azul,heuristica,empate,0,-1,100,0,0,0.0000,0.0500,2066,22,2019,25
467,2086780469,vermelho,verde,heuristica,verde,1,3,15,60,90,0.6667,0.0714,497,104,319,74
467,2086780469,vermelho,vermelho,heuristica,verde,0,-3,15,120,110,1.0909,0.2857,612,171,302,139
467,2086780469,vermelho,azul,heuristica,verde,0,-3,15,140,120,1.1667,0.3077,616,191,271,154
468,1112072917,azul,verde,heuristica,empate,0,-1,100,80,120,0.6667,0.0625,549,78,396,75
468,1112072917,azul,vermelho,heuristica,empate,0,-1,100,120,80,1.5000,0.0606,2484,124,2235,125
468,1112072917,azul,azul,heuristica,empate,0,-1,100,0,0,0.0000,0.0000,1048,2,1046,0
469,223052448,verde,verde,heuristica,empate,0,-1,100,0,0,0.0000,0.0000,1893,0,1893,0
469,223052448,verde,vermelho,heuristica,empate,0,-1,100,0,0,0.0000,0.0000,2035,22,1990,23
469,223052448,verde,azul,heuristica,empate,0,-1,100,0,0,0.0000,0.0100,1704,1,1703,0
470,1629194997,vermelho,verde,heuristica,empate,0,-1,100,0,0,0.0000,0.0303,1919,3,1916,0
470,1629194997,vermelho,vermelho,heuristica,empate,0,-1,100,120,90,1.3333,0.2200,2173,97,1988,88
470,1629194997,vermelho,azul,heuristica,empate,0,-1,100,90,120,0.7500,0.0000,716,52,621,43
471,2020547047,azul,verde,heuristica,empate,0,-1,100,90,120,0.7500,0.0000,1192,76,1050,66
471,2020547047,azul,vermelho,heuristica,empate,0,-1,100,0,0,0.0000,0.0101,1595,30,1543,22
471,2020547047,azul,azul,heuristica,empate,0,-1,100,120,90,1.3333,0.0200,2358,141,2104,113
472,1561709938,verde,verde,heuristica,empate,0,-1,100,90,100,0.9000,0.1875,555,96,359,100
472,1561709938,verde,vermelho,heuristica,empate,0,-1,100,100,90,1.1111,0.0200,2299,187,1937,175
472,1561709938,verde,azul,heuristica,empate,0,-1,100,0,0,0.0000,0.0000,1481,1,1480,0
473,34472910,vermelho,verde,heuristica,verde,1,3,30,60,30,2.0000,0.0690,813,73,666,74
473,34472910,vermelho,vermelho,heuristica,verde,0,-3,30,150,120,1.2500,0.0690,1002,156,698,148
473,34472910,vermelho,azul,heuristica,verde,0,-3,30,60,120,0.5000,0.0000,304,79,150,75
474,1889495832,azul,verde,heuristica,azul,0,-3,26,90,120,0.7500,0.0952,464,64,341,59
474,1889495832,azul,vermelho,heuristica,azul,0,-3,26,120,120,1.0000,0.0400,952,179,593,180
474,1889495832,azul,azul,heuristica,azul,1,3,26,30,0,30.0000,0.0000,619,27,567,25
475,2075334735,verde,verde,heuristica,vermelho,0,-3,50,120,120,1.0000,0.0800,1557,213,1135,209
475,2075334735,verde,vermelho,heuristica,vermelho,1,3,50,30,0,30.0000,0.4800,977,23,933,21
475,2075334735,verde,azul,heuristica,vermelho,0,-3,50,90,120,0.7500,0.0000,406,70,270,66
476,518344282,vermelho,verde,heuristica,empate,0,-1,100,0,0,0.0000,0.0303,1872,0,1872,0
476,518344282,vermelho,vermelho,heuristica,empate,0,-1,100,50,110,0.4545,0.2857,378,103,175,100
476,518344282,vermelho,azul,heuristica,empate,0,-1,100,110,50,2.2000,0.0400,2212,105,2007,100
477,664865225,azul,verde,heuristica,azul,0,-3,35,10,100,0.1000,0.3333,793,60,664,69
477,664865225,azul,vermelho,heuristica,azul,0,-3,35,110,110,1.0000,0.2353,1302,240,842,220
477,664865225,azul,azul,heuristica,azul,1,3,35,130,40,3.2500,0.2000,1245,198,850,197
478,1713655207,verde,verde,heuristica,empate,0,-1,100,100,90,1.1111,0.0700,2134,102,1936,96
478,1713655207,verde,vermelho,heuristica,empate,0,-1,100,90,100,0.9000,0.3333,344,97,147,100
478,1713655207,verde,azul,heuristica,empate,0,-1,100,0,0,0.0000,0.0500,2032,0,2032,0
479,927898304,vermelho,verde,heuristica,azul,0,-3,13,180,120,1.5000,0.0000,588,154,290,144
479,927898304,vermelho,vermelho,heuristica,azul,0,-3,13,90,120,0.7500,0.0000,305,80,150,75
479,927898304,vermelho,azul,heuristica,azul,1,3,13,30,60,0.5000,0.0000,377,46,288,43
480,512606905,azul,verde,heuristica,empate,0,-1,100,0,0,0.0000,0.0000,1738,0,1738,0
480,512606905,azul,vermelho,heuristica,empate,0,-1,100,50,100,0.5000,0.2857,373,100,174,99
480,512606905,azul,azul,heuristica,empate,0,-1,100,100,50,2.0000,0.0400,2179,110,1969,100
481,741330521,verde,verde,heuristica,azul,0,-3,32,90,120,0.7500,0.0000,353,87,177,89
481,741330521,verde,vermelho,heuristica,azul,0,-3,32,150,120,1.2500,0.0000,896,121,661,114
481,741330521,verde,azul,heuristica,azul,1,3,32,30,30,1.0000,0.0938,860,66,723,71
482,1245569230,vermelho,verde,heuristica,empate,0,-1,100,120,90,1.3333,0.0404,2386,87,2217,82
482,1245569230,vermelho,vermelho,heuristica,empate,0,-1,100,0,0,0.0000,0.0200,1861,0,1861,0
482,1245569230,vermelho,azul,heuristica,empate,0,-1,100,90,120,0.7500,0.0000,230,64,107,59
483,1772636271,azul,verde,heuristica,azul,0,-3,12,90,110,0.8182,0.1111,420,105,215,100
483,1772636271,azul,vermelho,heuristica,azul,0,-3,12,110,120,0.9167,0.1818,527,127,275,125
483,1772636271,azul,azul,heuristica,azul,1,3,12,30,0,30.0000,0.0833,320,15,280,25
484,439522726,verde,verde,heuristica,vermelho,0,-3,29,120,120,1.0000,0.1034,1050,153,722,175
484,439522726,verde,vermelho,heuristica,vermelho,1,3,29,30,0,30.0000,0.0345,844,55,714,75
484,439522726,verde,azul,heuristica,vermelho,0,-3,29,90,120,0.7500,0.0000,379,104,175,100
485,1210558033,vermelho,verde,heuristica,azul,0,-3,41,90,120,0.7500,0.0000,619,124,371,124
485,1210558033,vermelho,vermelho,heuristica,azul,0,-3,41,150,120,1.2500,0.0488,1194,138,918,138
485,1210558033,vermelho,azul,heuristica,azul,1,3,41,30,30,1.0000,0.0244,1143,69,999,75
486,1816776073,azul,verde,heuristica,empate,0,-1,100,0,0,0.0000,0.0505,2328,0,2328,0
486,1816776073,azul,vermelho,heuristica,empate,0,-1,100,120,60,2.0000,0.0303,2301,158,1980,163
486,1816776073,azul,azul,heuristica,empate,0,-1,100,60,120,0.5000,0.1852,816,92,626,98
487,808127244,verde,verde,heuristica,verde,1,3,14,30,0,30.0000,0.1429,520,105,340,75
487,808127244,verde,vermelho,heuristica,verde,0,-3,14,120,120,1.0000,0.0000,577,127,325,125
487,808127244,verde,azul,heuristica,verde,0,-3,14,90,120,0.7500,0.0000,452,104,249,99
488,69747369,vermelho,verde,heuristica,azul,0,-3,93,80,120,0.6667,0.1091,1676,238,1195,243
488,69747369,vermelho,vermelho,heuristica,azul,0,-3,93,190,110,1.7273,0.1290,2512,212,2093,207
488,69747369,vermelho,azul,heuristica,azul,1,3,93,30,70,0.4286,0.1183,2521,114,2282,125
489,1668374150,azul,verde,heuristica,verde,1,3,27,30,0,30.0000,0.1154,801,92,609,100
489,1668374150,azul,vermelho,heuristica,verde,0,-3,27,90,120,0.7500,0.0000,628,121,385,122
489,1668374150,azul,azul,heuristica,verde,0,-3,27,120,120,1.0000,0.0769,707,91,532,84
490,1304348503,verde,verde,heuristica,vermelho,0,-3,58,90,120,0.7500,0.0000,378,105,173,100
490,1304348503,verde,vermelho,heuristica,vermelho,1,3,58,30,0,30.0000,0.0517,1597,116,1358,123
490,1304348503,verde,azul,heuristica,vermelho,0,-3,58,120,120,1.0000,0.0526,1488,106,1283,99
491,133541920,vermelho,verde,heuristica,verde,1,3,47,60,0,60.0000,0.0652,1187,74,1045,68
491,133541920,vermelho,vermelho,heuristica,verde,0,-3,47,120,110,1.0909,0.1957,1278,141,995,142
491,133541920,vermelho,azul,heuristica,verde,0,-3,47,50,120,0.4167,0.2353,596,102,399,95
492,1603595673,azul,verde,heuristica,vermelho,0,-3,23,100,120,0.8333,0.1364,784,132,527,125
492,1603595673,azul,vermelho,heuristica,vermelho,1,3,23,90,30,3.0000,0.0909,710,141,482,87
492,1603595673,azul,azul,heuristica,vermelho,0,-3,23,60,100,0.6000,0.0476,564,60,436,68
493,1118675268,verde,verde,heuristica,vermelho,0,-3,42,90,110,0.8182,0.3636,463,101,265,97
493,1118675268,verde,vermelho,heuristica,vermelho,1,3,42,30,0,30.0000,0.0238,1159,69,1016,74
493,1118675268,verde,azul,heuristica,vermelho,0,-3,42,110,120,0.9167,0.0976,1116,116,879,121
494,1097557813,vermelho,verde,heuristica,empate,0,-1,100,120,60,2.0000,0.0000,1834,96,1648,90
494,1097557813,vermelho,vermelho,heuristica,empate,0,-1,100,0,0,0.0000,0.0000,1854,0,1854,0
494,1097557813,vermelho,azul,heuristica,empate,0,-1,100,60,120,0.5000,0.0000,337,79,184,74
495,1791619833,azul,verde,heuristica,empate,0,-1,100,0,0,0.0000,0.0303,1954,0,1954,0
495,1791619833,azul,vermelho,heuristica,empate,0,-1,100,90,110,0.8182,0.0769,559,126,312,121
495,1791619833,azul,azul,heuristica,empate,0,-1,100,110,90,1.2222,0.0300,1685,122,1438,125
496,1967010406,verde,verde,heuristica,empate,0,-1,100,0,0,0.0000,0.0300,1423,0,1423,0
496,1967010406,verde,vermelho,heuristica,empate,0,-1,100,0,0,0.0000,0.0100,1677,0,1677,0
496,1967010406,verde,azul,heuristica,empate,0,-1,100,0,0,0.0000,0.0000,1269,0,1269,0
497,717339568,vermelho,verde,heuristica,azul,0,-3,38,90,120,0.7500,0.0667,528,107,329,92
497,717339568,vermelho,vermelho,heuristica,azul,0,-3,38,120,120,1.0000,0.0263,1162,129,914,119
497,717339568,vermelho,azul,heuristica,azul,1,3,38,30,0,30.0000,0.0263,961,26,910,25
498,671962700,azul,verde,heuristica,verde,1,3,36,30,90,0.3333,0.1429,1057,103,854,100
498,671962700,azul,vermelho,heuristica,verde,0,-3,36,200,100,2.0000,0.2059,1357,281,809,267
498,671962700,azul,azul,heuristica,verde,0,-3,36,70,110,0.6364,0.3636,501,111,270,120
499,718487412,verde,verde,heuristica,azul,0,-3,42,180,120,1.5000,0.0952,1416,204,1013,199
499,718487412,verde,vermelho,heuristica,azul,0,-3,42,90,120,0.7500,0.0000,506,105,301,100
499,718487412,verde,azul,heuristica,azul,1,3,42,30,60,0.5000,0.1429,1170,88,991,91
500,244965602,vermelho,verde,heuristica,empate,0,-1,100,60,120,0.5000,0.1000,400,78,248,74
500,244965602,vermelho,vermelho,heuristica,empate,0,-1,100,120,60,2.0000,0.0000,1511,129,1299,83
500,244965602,vermelho,azul,heuristica,empate,0,-1,100,0,0,0.0000,0.0100,1800,39,1761,0
501,689613760,azul,verde,heuristica,empate,0,-1,100,120,90,1.3333,0.0404,2618,122,2373,123
501,689613760,azul,vermelho,heuristica,empate,0,-1,100,90,120,0.7500,0.1579,653,102,453,98
501,689613760,azul,azul,heuristica,empate,0,-1,100,0,0,0.0000,0.0100,1806,57,1691,58
502,201796813,verde,verde,heuristica,empate,0,-1,100,0,0,0.0000,0.0200,2101,25,2051,25
502,201796813,verde,vermelho,heuristica,empate,0,-1,100,80,120,0.6667,0.2000,329,104,125,100
502,201796813,verde,azul,heuristica,empate,0,-1,100,120,80,1.5000,0.0200,2016,106,1810,100
503,2095621178,vermelho,verde,heuristica,azul,0,-3,17,90,120,0.7500,0.0769,455,79,301,75
503,2095621178,vermelho,vermelho,heuristica,azul,0,-3,17,120,120,1.0000,0.0000,608,106,402,100
503,2095621178,vermelho,azul,heuristica,azul,1,3,17,30,0,30.0000,0.1765,447,27,395,25
504,512691303,azul,verde,heuristica,empate,0,-1,100,0,30,0.0000,0.0202,1858,24,1809,25
504,512691303,azul,vermelho,heuristica,empate,0,-1,100,0,0,0.0000,0.0000,1709,0,1709,0
504,512691303,azul,azul,heuristica,empate,0,-1,100,30,0,30.0000,0.0200,1990,48,1892,50
505,520339085,verde,verde,heuristica,azul,0,-3,41,60,110,0.5455,0.1818,653,80,498,75
505,520339085,verde,vermelho,heuristica,azul,0,-3,41,160,120,1.3333,0.1463,1351,202,949,200
505,520339085,verde,azul,heuristica,azul,1,3,41,60,50,1.2000,0.1463,1134,102,932,100
506,319236723,vermelho,verde,heuristica,empate,0,-1,100,90,90,1.0000,0.0404,2257,157,1948,152
506,319236723,vermelho,vermelho,heuristica,empate,0,-1,100,90,120,0.7500,0.0444,1329,144,1063,122
506,319236723,vermelho,azul,heuristica,empate,0,-1,100,30,0,30.0000,0.0600,2041,111,1809,121
507,1680688708,azul,verde,heuristica,empate,0,-1,100,100,40,2.5000,0.0404,2279,143,1986,150
507,1680688708,azul,vermelho,heuristica,empate,0,-1,100,0,0,0.0000,0.0303,2033,1,2032,0
507,1680688708,azul,azul,heuristica,empate,0,-1,100,40,100,0.4000,0.1200,841,125,591,125
508,887407502,verde,verde,heuristica,azul,0,-3,43,150,120,1.2500,0.0000,1345,161,1026,158
508,887407502,verde,vermelho,heuristica,azul,0,-3,43,90,120,0.7500,0.1379,966,146,670,150
508,887407502,verde,azul,heuristica,azul,1,3,43,30,30,1.0000,0.0000,895,22,852,21
509,191222333,vermelho,verde,heuristica,verde,1,3,20,30,30,1.0000,0.2105,611,69,468,74
509,191222333,vermelho,vermelho,heuristica,verde,0,-3,20,70,110,0.6364,0.1765,647,125,422,100
509,191222333,vermelho,azul,heuristica,verde,0,-3,20,140,100,1.4000,0.3158,829,209,421,199
510,608521437,azul,verde,heuristica,verde,1,3,48,30,30,1.0000,0.0213,888,18,854,16
510,608521437,azul,vermelho,heuristica,verde,0,-3,48,150,120,1.2500,0.0652,1469,178,1117,174
510,608521437,azul,azul,heuristica,verde,0,-3,48,90,120,0.7500,0.0000,425,104,221,100
511,656961761,verde,verde,heuristica,empate,0,-1,100,120,90,1.3333,0.0400,2148,139,1864,145
511,656961761,verde,vermelho,heuristica,empate,0,-1,100,0,0,0.0000,0.4600,1489,0,1489,0
511,656961761,verde,azul,heuristica,empate,0,-1,100,90,120,0.7500,0.0625,449,65,323,61
512,310149982,vermelho,verde,heuristica,empate,0,-1,100,120,70,1.7143,0.0505,2580,127,2328,125
512,310149982,vermelho,vermelho,heuristica,empate,0,-1,100,0,0,0.0000,0.0200,2140,127,1863,150
512,310149982,vermelho,azul,heuristica,empate,0,-1,100,70,120,0.5833,0.0645,956,107,749,100
513,1141277885,azul,verde,heuristica,empate,0,-1,100,30,120,0.2500,0.2000,583,114,353,116
513,1141277885,azul,vermelho,heuristica,empate,0,-1,100,0,0,0.0000,0.0000,1867,0,1867,0
513,1141277885,azul,azul,heuristica,empate,0,-1,100,120,30,4.0000,0.0800,2107,114,1888,105
514,1226790344,verde,verde,heuristica,empate,0,-1,100,60,120,0.5000,0.0833,1042,86,865,91
514,1226790344,verde,vermelho,heuristica,empate,0,-1,100,120,90,1.3333,0.0600,2673,144,2381,148
514,1226790344,verde,azul,heuristica,empate,0,-1,100,30,0,30.0000,0.0800,2365,51,2254,60
515,1535129199,vermelho,verde,heuristica,empate,0,-1,100,90,110,0.8182,0.0909,367,65,242,60
515,1535129199,vermelho,vermelho,heuristica,empate,0,-1,100,0,0,0.0000,0.0400,2196,91,2005,100
515,1535129199,vermelho,azul,heuristica,empate,0,-1,100,110,90,1.2222,0.0300,1891,87,1726,78
516,1150841547,azul,verde,heuristica,vermelho,0,-3,26,120,120,1.0000,0.0000,841,127,589,125
516,1150841547,azul,vermelho,heuristica,vermelho,1,3,26,30,0,30.0000,0.2000,716,41,625,50
516,1150841547,azul,azul,heuristica,vermelho,0,-3,26,90,120,0.7500,0.1333,528,78,375,75
517,1165334641,verde,verde,heuristica,azul,0,-3,10,120,110,1.0909,0.1000,418,100,224,94
517,1165334641,verde,vermelho,heuristica,azul,0,-3,10,60,120,0.5000,0.0000,289,54,186,49
517,1165334641,verde,azul,heuristica,azul,1,3,10,80,30,2.6667,0.3000,424,107,242,75
518,681806193,vermelho,verde,heuristica,verde,1,3,18,30,30,1.0000,0.1765,592,118,401,73
518,681806193,vermelho,vermelho,heuristica,verde,0,-3,18,150,120,1.2500,0.0000,756,184,422,150
518,681806193,vermelho,azul,heuristica,verde,0,-3,18,90,120,0.7500,0.0000,448,89,270,89
519,1279852028,azul,verde,heuristica,verde,1,3,73,40,0,40.0000,0.0556,1769,54,1665,50
519,1279852028,azul,vermelho,heuristica,verde,0,-3,73,60,120,0.5000,0.0968,901,79,747,75
519,1279852028,azul,azul,heuristica,verde,0,-3,73,120,100,1.2000,0.0417,2131,185,1746,200
520,927686692,verde,verde,heuristica,verde,1,3,30,30,30,1.0000,0.1667,750,27,698,25
520,927686692,verde,vermelho,heuristica,verde,0,-3,30,150,120,1.2500,0.0000,945,196,559,190
520,927686692,verde,azul,heuristica,verde,0,-3,30,90,120,0.7500,0.0000,674,100,479,95
521,1035302288,vermelho,verde,heuristica,vermelho,0,-3,14,90,120,0.7500,0.0000,420,96,224,100
521,1035302288,vermelho,vermelho,heuristica,vermelho,1,3,14,30,0,30.0000,0.0000,558,126,332,100
521,1035302288,vermelho,azul,heuristica,vermelho,0,-3,14,120,120,1.0000,0.2308,602,152,325,125
522,984794711,azul,verde,heuristica,empate,0,-1,100,0,0,0.0000,0.0505,2265,25,2215,25
522,984794711,azul,vermelho,heuristica,empate,0,-1,100,100,80,1.2500,0.0606,2512,163,2187,162
522,984794711,azul,azul,heuristica,empate,0,-1,100,80,100,0.8000,0.0612,1120,114,902,104
523,327484689,verde,verde,heuristica,empate,0,-1,100,120,90,1.3333,0.0700,2440,91,2263,86
523,327484689,verde,vermelho,heuristica,empate,0,-1,100,0,0,0.0000,0.0000,1519,0,1519,0
523,327484689,verde,azul,heuristica,empate,0,-1,100,90,120,0.7500,0.1111,550,87,381,82
524,386297152,vermelho,verde,heuristica,vermelho,0,-3,77,90,120,0.7500,0.0000,344,103,144,97
524,386297152,vermelho,vermelho,heuristica,vermelho,1,3,77,30,30,1.0000,0.0779,1963,47,1870,46
524,386297152,vermelho,azul,heuristica,vermelho,0,-3,77,150,120,1.2500,0.0395,1919,195,1529,195
525,349317291,azul,verde,heuristica,empate,0,-1,100,120,90,1.3333,0.0202,2344,107,2140,97
525,349317291,azul,vermelho,heuristica,empate,0,-1,100,0,0,0.0000,0.0000,1757,54,1647,56
525,349317291,azul,azul,heuristica,empate,0,-1,100,90,120,0.7500,0.0000,349,94,161,94
526,2000841264,verde,verde,heuristica,azul,0,-3,48,60,120,0.5000,0.0000,730,103,527,100
526,2000841264,verde,vermelho,heuristica,azul,0,-3,48,150,110,1.3636,0.0833,1404,129,1155,120
526,2000841264,verde,azul,heuristica,azul,1,3,48,50,30,1.6667,0.0625,1072,42,992,38
527,1679114366,vermelho,verde,heuristica,verde,1,3,54,50,90,0.5556,0.2264,1586,170,1242,174
527,1679114366,vermelho,vermelho,heuristica,verde,0,-3,54,190,100,1.9000,0.2264,1731,235,1267,229
527,1679114366,vermelho,azul,heuristica,verde,0,-3,54,50,100,0.5000,0.5714,433,133,175,125
528,54272465,azul,verde,heuristica,empate,0,-1,100,0,0,0.0000,0.0000,1165,44,1121,0
528,54272465,azul,vermelho,heuristica,empate,0,-1,100,0,0,0.0000,0.0101,1740,2,1738,0
528,54272465,azul,azul,heuristica,empate,0,-1,100,0,0,0.0000,0.0000,1903,0,1903,0
529,2003592322,verde,verde,heuristica,empate,0,-1,100,120,90,1.3333,0.0500,2410,161,2089,160
529,2003592322,verde,vermelho,heuristica,empate,0,-1,100,90,120,0.7500,0.2182,1336,87,1161,88
529,2003592322,verde,azul,heuristica,empate,0,-1,100,0,0,0.0000,0.0000,1184,9,1175,0
530,1331448970,vermelho,verde,heuristica,empate,0,-1,100,90,120,0.7500,0.0000,584,141,293,150
530,1331448970,vermelho,vermelho,heuristica,empate,0,-1,100,120,90,1.3333,0.0000,2051,105,1846,100
530,1331448970,vermelho,azul,heuristica,empate,0,-1,100,0,0,0.0000,0.4300,1945,0,1945,0
531,482643454,azul,verde,heuristica,empate,0,-1,100,80,100,0.8000,0.5000,456,131,200,125
531,482643454,azul,vermelho,heuristica,empate,0,-1,100,100,80,1.2500,0.0909,2728,177,2379,172
531,482643454,azul,azul,heuristica,empate,0,-1,100,0,0,0.0000,0.0100,1945,19,1907,19
532,1779565378,verde,verde,heuristica,azul,0,-3,96,90,120,0.7500,0.0000,463,100,263,100
532,1779565378,verde,vermelho,heuristica,azul,0,-3,96,150,120,1.2500,0.1354,2768,234,2292,242
532,1779565378,verde,azul,heuristica,azul,1,3,96,30,30,1.0000,0.0208,1860,19,1825,16
533,2054481438,vermelho,verde,heuristica,verde,1,3,23,80,30,2.6667,0.3636,955,205,550,200
533,2054481438,vermelho,vermelho,heuristica,verde,0,-3,23,120,100,1.2000,0.2273,862,178,534,150
533,2054481438,vermelho,azul,heuristica,verde,0,-3,23,50,120,0.4167,0.1765,660,140,395,125
534,1078675238,azul,verde,heuristica,azul,0,-3,14,150,110,1.3636,0.1538,582,146,298,138
534,1078675238,azul,vermelho,heuristica,azul,0,-3,14,90,120,0.7500,0.0000,287,77,138,72
534,1078675238,azul,azul,heuristica,azul,1,3,14,20,30,0.6667,0.0714,427,40,337,50
535,843908336,verde,verde,heuristica,azul,0,-3,41,60,120,0.5000,0.0000,511,89,323,99
535,843908336,verde,vermelho,heuristica,azul,0,-3,41,180,120,1.5000,0.0000,1332,179,979,174
535,843908336,verde,azul,heuristica,azul,1,3,41,60,60,1.0000,0.0000,976,90,794,92
536,681987113,vermelho,verde,heuristica,verde,1,3,38,30,0,30.0000,0.0270,984,48,886,50
536,681987113,vermelho,vermelho,heuristica,verde,0,-3,38,90,100,0.9000,0.0909,737,104,533,100
536,681987113,vermelho,azul,heuristica,verde,0,-3,38,100,120,0.8333,0.1622,1059,107,852,100
537,1423106760,azul,verde,heuristica,vermelho,0,-3,37,120,120,1.0000,0.0000,958,105,753,100
537,1423106760,azul,vermelho,heuristica,vermelho,1,3,37,30,0,30.0000,0.0000,777,56,663,58
537,1423106760,azul,azul,heuristica,vermelho,0,-3,37,90,120,0.7500,0.0000,279,79,125,75
538,1079511724,verde,verde,heuristica,empate,0,-1,100,0,0,0.0000,0.0100,1954,38,1874,42
538,1079511724,verde,vermelho,heuristica,empate,0,-1,100,0,0,0.0000,0.0100,1771,3,1768,0
538,1079511724,verde,azul,heuristica,empate,0,-1,100,0,0,0.0000,0.0300,1773,0,1773,0
539,419734749,vermelho,verde,heuristica,verde,1,3,25,30,60,0.5000,0.0000,797,98,599,100
539,419734749,vermelho,vermelho,heuristica,verde,0,-3,25,70,100,0.7000,0.2778,638,102,441,95
539,419734749,vermelho,azul,heuristica,verde,0,-3,25,160,100,1.6000,0.2500,845,169,518,158
540,1655343181,azul,verde,heuristica,verde,1,3,85,30,0,30.0000,0.0238,2097,78,1948,71
540,1655343181,azul,vermelho,heuristica,verde,0,-3,85,90,120,0.7500,0.0741,1035,185,652,198
540,1655343181,azul,azul,heuristica,verde,0,-3,85,120,120,1.0000,0.0833,2294,238,1818,238
541,1499152475,verde,verde,heuristica,verde,1,3,35,60,30,2.0000,0.0000,860,71,718,71
541,1499152475,verde,vermelho,heuristica,verde,0,-3,35,150,120,1.2500,0.1471,1103,169,763,171
541,1499152475,verde,azul,heuristica,verde,0,-3,35,60,120,0.5000,0.2000,552,98,360,94
542,1832667766,vermelho,verde,heuristica,azul,0,-3,60,90,120,0.7500,0.1250,351,79,197,75
542,1832667766,vermelho,vermelho,heuristica,azul,0,-3,60,170,100,1.7000,0.0500,1589,190,1221,178
542,1832667766,vermelho,azul,heuristica,azul,1,3,60,10,50,0.2000,0.1167,1625,107,1396,122
543,1264378068,azul,verde,heuristica,vermelho,0,-3,34,30,110,0.2727,0.4000,495,120,250,125
543,1264378068,azul,vermelho,heuristica,vermelho,1,3,34,230,90,2.5556,0.1818,1316,249,818,249
543,1264378068,azul,azul,heuristica,vermelho,0,-3,34,60,120,0.5000,0.2121,1097,157,793,147
544,1308472688,verde,verde,heuristica,vermelho,0,-3,77,130,120,1.0833,0.1169,2140,191,1759,190
544,1308472688,verde,vermelho,heuristica,vermelho,1,3,77,30,30,1.0000,0.4416,1528,90,1351,87
544,1308472688,verde,azul,heuristica,vermelho,0,-3,77,90,100,0.9000,0.0508,1200,86,1027,87
545,1643580531,vermelho,verde,heuristica,empate,0,-1,100,0,0,0.0000,0.0202,1948,7,1941,0
545,1643580531,vermelho,vermelho,heuristica,empate,0,-1,100,0,0,0.0000,0.0100,1651,4,1647,0
545,1643580531,vermelho,azul,heuristica,empate,0,-1,100,0,0,0.0000,0.0100,1749,2,1747,0
546,639957133,azul,verde,heuristica,empate,0,-1,100,60,120,0.5000,0.1111,628,94,435,99
546,639957133,azul,vermelho,heuristica,empate,0,-1,100,0,0,0.0000,0.0202,2107,0,2107,0
546,639957133,azul,azul,heuristica,empate,0,-1,100,120,60,2.0000,0.0300,2109,106,1903,100
547,1965988595,verde,verde,heuristica,empate,0,-1,100,0,0,0.0000,0.0300,2139,42,2055,42
547,1965988595,verde,vermelho,heuristica,empate,0,-1,100,120,60,2.0000,0.0400,2330,102,2139,89
547,1965988595,verde,azul,heuristica,empate,0,-1,100,60,120,0.5000,0.0000,716,110,490,116
548,785624668,vermelho,verde,heuristica,vermelho,0,-3,12,120,120,1.0000,0.0909,505,122,258,125
548,785624668,vermelho,vermelho,heuristica,vermelho,1,3,12,30,0,30.0000,0.0000,465,91,299,75
548,785624668,vermelho,azul,heuristica,vermelho,0,-3,12,90,120,0.7500,0.2500,416,121,195,100
549,474626655,azul,verde,heuristica,verde,1,3,18,30,0,30.0000,0.0000,420,21,380,19
549,474626655,azul,vermelho,heuristica,verde,0,-3,18,90,120,0.7500,0.0833,504,104,300,100
549,474626655,azul,azul,heuristica,verde,0,-3,18,120,120,1.0000,0.0588,677,127,425,125
550,1347717309,verde,verde,heuristica,empate,0,-1,100,90,120,0.7500,0.0000,522,49,429,44
550,1347717309,verde,vermelho,heuristica,empate,0,-1,100,120,90,1.3333,0.3700,1925,81,1774,70
550,1347717309,verde,azul,heuristica,empate,0,-1,100,0,0,0.0000,0.0500,2409,45,2315,49
551,1940104168,vermelho,verde,heuristica,vermelho,0,-3,63,120,120,1.0000,0.0161,1721,107,1493,121
551,1940104168,vermelho,vermelho,heuristica,vermelho,1,3,63,30,0,30.0000,0.0159,1392,30,1333,29
551,1940104168,vermelho,azul,heuristica,vermelho,0,-3,63,90,120,0.7500,0.0000,353,103,150,100
552,1153931505,azul,verde,heuristica,azul,0,-3,41,90,120,0.7500,0.1250,336,74,192,70
552,1153931505,azul,vermelho,heuristica,azul,0,-3,41,180,120,1.5000,0.1000,1233,169,904,160
552,1153931505,azul,azul,heuristica,azul,1,3,41,30,60,0.5000,0.0000,975,53,863,59
553,2144325616,verde,verde,heuristica,verde,1,3,64,30,30,1.0000,0.0000,1335,20,1296,19
553,2144325616,verde,vermelho,heuristica,verde,0,-3,64,150,120,1.2500,0.0159,1683,204,1273,206
553,2144325616,verde,azul,heuristica,verde,0,-3,64,90,120,0.7500,0.0000,317,78,166,73
554,30024536,vermelho,verde,heuristica,empate,0,-1,100,100,60,1.6667,0.0808,2493,122,2253,118
554,30024536,vermelho,vermelho,heuristica,empate,0,-1,100,60,100,0.6000,0.0313,2327,85,2155,87
554,30024536,vermelho,azul,heuristica,empate,0,-1,100,0,0,0.0000,0.0100,1790,8,1782,0
555,1910399178,azul,verde,heuristica,azul,0,-3,58,130,120,1.0833,0.2105,1757,196,1364,197
555,1910399178,azul,vermelho,heuristica,azul,0,-3,58,70,110,0.6364,0.2593,787,94,595,98
555,1910399178,azul,azul,heuristica,azul,1,3,58,50,20,2.5000,0.1034,1678,140,1374,164
556,1783435411,verde,verde,heuristica,empate,0,-1,100,150,90,1.6667,0.0000,1847,125,1606,116
556,1783435411,verde,vermelho,heuristica,empate,0,-1,100,0,30,0.0000,0.0400,2810,542,1765,503
556,1783435411,verde,azul,heuristica,empate,0,-1,100,90,120,0.7500,0.0000,349,101,148,100
557,2033767092,vermelho,verde,heuristica,azul,0,-3,22,180,120,1.5000,0.0476,882,183,524,175
557,2033767092,vermelho,vermelho,heuristica,azul,0,-3,22,90,120,0.7500,0.0000,464,104,260,100
557,2033767092,vermelho,azul,heuristica,azul,1,3,22,30,60,0.5000,0.0000,501,39,425,37
558,1903858974,azul,verde,heuristica,vermelho,0,-3,12,90,120,0.7500,0.0000,331,64,209,58
558,1903858974,azul,vermelho,heuristica,vermelho,1,3,12,60,0,60.0000,0.0000,347,59,233,55
558,1903858974,azul,azul,heuristica,vermelho,0,-3,12,90,120,0.7500,0.0000,395,69,262,64
559,1761344236,verde,verde,heuristica,vermelho,0,-3,26,90,120,0.7500,0.0000,375,104,171,100
559,1761344236,verde,vermelho,heuristica,vermelho,1,3,26,30,30,1.0000,0.0769,726,52,624,50
559,1761344236,verde,azul,heuristica,vermelho,0,-3,26,150,120,1.2500,0.0400,888,150,588,150
560,822547579,vermelho,verde,heuristica,verde,1,3,57,30,60,0.5000,0.0714,1418,73,1274,71
560,822547579,vermelho,vermelho,heuristica,verde,0,-3,57,180,120,1.5000,0.0893,1679,178,1329,172
560,822547579,vermelho,azul,heuristica,verde,0,-3,57,90,120,0.7500,0.0000,929,169,585,175
561,369036526,azul,verde,heuristica,empate,0,-1,100,120,70,1.7143,0.0909,2803,229,2327,247
561,369036526,azul,vermelho,heuristica,empate,0,-1,100,0,0,0.0000,0.0000,970,1,969,0
561,369036526,azul,azul,heuristica,empate,0,-1,100,70,120,0.5833,0.0784,1478,130,1223,125
562,385294681,verde,verde,heuristica,vermelho,0,-3,53,150,120,1.2500,0.0189,1536,144,1253,139
562,385294681,verde,vermelho,heuristica,vermelho,1,3,53,30,30,1.0000,0.0189,1071,18,1036,17
562,385294681,verde,azul,heuristica,vermelho,0,-3,53,90,120,0.7500,0.0000,332,96,140,96
563,1351163531,vermelho,verde,heuristica,azul,0,-3,68,150,120,1.2500,0.0149,1554,151,1262,141
563,1351163531,vermelho,vermelho,heuristica,azul,0,-3,68,90,120,0.7500,0.1200,783,116,551,116
563,1351163531,vermelho,azul,heuristica,azul,1,3,68,30,30,1.0000,0.0294,1645,46,1550,49
564,788961864,azul,verde,heuristica,vermelho,0,-3,19,180,120,1.5000,0.0556,696,147,409,140
564,788961864,azul,vermelho,heuristica,vermelho,1,3,19,60,60,1.0000,0.0000,648,100,449,99
564,788961864,azul,azul,heuristica,vermelho,0,-3,19,60,120,0.5000,0.1429,540,100,340,100
565,503141246,verde,verde,heuristica,empate,0,-1,100,90,120,0.7500,0.2381,655,97,462,96
565,503141246,verde,vermelho,heuristica,empate,0,-1,100,120,90,1.3333,0.0700,2915,334,2252,329
565,503141246,verde,azul,heuristica,empate,0,-1,100,0,0,0.0000,0.0900,2384,1,2383,0
566,1238521743,vermelho,verde,heuristica,empate,0,-1,100,120,50,2.4000,0.2020,2346,128,2093,125
566,1238521743,vermelho,vermelho,heuristica,empate,0,-1,100,50,120,0.4167,0.2857,329,79,175,75
566,1238521743,vermelho,azul,heuristica,empate,0,-1,100,0,0,0.0000,0.0000,1871,0,1871,0
567,885807520,azul,verde,heuristica,vermelho,0,-3,18,170,120,1.4167,0.3529,776,209,380,187
567,885807520,azul,vermelho,heuristica,vermelho,1,3,18,60,60,1.0000,0.0588,592,87,407,98
567,885807520,azul,azul,heuristica,vermelho,0,-3,18,60,110,0.5455,0.5000,446,114,233,99
568,267902503,verde,verde,heuristica,empate,0,-1,100,0,0,0.0000,0.9600,1561,0,1561,0
568,267902503,verde,vermelho,heuristica,empate,0,-1,100,70,120,0.5833,0.2857,376,101,175,100
568,267902503,verde,azul,heuristica,empate,0,-1,100,120,70,1.7143,0.0400,2151,149,1902,100
569,1922683726,vermelho,verde,heuristica,empate,0,-1,100,90,120,0.7500,0.0000,395,95,200,100
569,1922683726,vermelho,vermelho,heuristica,empate,0,-1,100,0,0,0.0000,0.0200,1667,16,1651,0
569,1922683726,vermelho,azul,heuristica,empate,0,-1,100,120,90,1.3333,0.0200,2240,148,1967,125
570,2065365347,azul,verde,heuristica,empate,0,-1,100,90,120,0.7500,0.1429,326,79,172,75
570,2065365347,azul,vermelho,heuristica,empate,0,-1,100,0,0,0.0000,0.0101,1915,1,1914,0
570,2065365347,azul,azul,heuristica,empate,0,-1,100,120,90,1.3333,0.0300,2526,196,2109,221
571,322353062,verde,verde,heuristica,empate,0,-1,100,0,0,0.0000,0.0100,1508,0,1508,0
571,322353062,verde,vermelho,heuristica,empate,0,-1,100,120,90,1.3333,0.3700,2112,149,1821,142
571,322353062,verde,azul,heuristica,empate,0,-1,100,90,120,0.7500,0.0000,557,94,373,90
572,1785633287,vermelho,verde,heuristica,empate,0,-1,100,120,120,1.0000,0.0000,621,102,423,96
572,1785633287,vermelho,vermelho,heuristica,empate,0,-1,100,120,90,1.3333,0.0000,2265,122,2022,121
572,1785633287,vermelho,azul,heuristica,empate,0,-1,100,0,30,0.0000,0.0000,2111,73,1956,82
573,753257138,azul,verde,heuristica,empate,0,-1,100,0,0,0.0000,0.0303,2104,11,2093,0
573,753257138,azul,vermelho,heuristica,empate,0,-1,100,110,50,2.2000,0.1717,2454,166,2139,149
573,753257138,azul,azul,heuristica,empate,0,-1,100,50,110,0.4545,0.3333,482,101,285,96
574,1429681041,verde,verde,heuristica,vermelho,0,-3,37,150,120,1.2500,0.1081,1086,159,827,100
574,1429681041,verde,vermelho,heuristica,vermelho,1,3,37,30,30,1.0000,0.1081,1006,115,783,108
574,1429681041,verde,azul,heuristica,vermelho,0,-3,37,90,120,0.7500,0.0313,723,77,573,73
575,599050119,vermelho,verde,heuristica,vermelho,0,-3,47,120,110,1.0909,0.0435,1333,122,1095,116
575,599050119,vermelho,vermelho,heuristica,vermelho,1,3,47,30,0,30.0000,0.0426,1240,62,1104,74
575,599050119,vermelho,azul,heuristica,vermelho,0,-3,47,80,120,0.6667,0.1429,305,76,158,71
576,880987394,azul,verde,heuristica,empate,0,-1,100,120,80,1.5000,0.0303,3856,887,2052,917
576,880987394,azul,vermelho,heuristica,empate,0,-1,100,0,0,0.0000,0.0000,1524,23,1476,25
576,880987394,azul,azul,heuristica,empate,0,-1,100,80,120,0.6667,0.0435,679,96,491,92
577,1671317880,verde,verde,heuristica,verde,1,3,32,30,60,0.5000,0.0938,944,92,752,100
577,1671317880,verde,vermelho,heuristica,verde,0,-3,32,180,120,1.5000,0.0323,1117,184,758,175
577,1671317880,verde,azul,heuristica,verde,0,-3,32,90,120,0.7500,0.0000,517,95,322,100
578,1667218631,vermelho,verde,heuristica,azul,0,-3,61,90,120,0.7500,0.0667,1554,91,1365,98
578,1667218631,vermelho,vermelho,heuristica,azul,0,-3,61,90,120,0.7500,0.0000,954,106,774,74
578,1667218631,vermelho,azul,heuristica,azul,1,3,61,60,0,60.0000,0.0656,1855,204,1420,231
579,1360865676,azul,verde,heuristica,empate,0,-1,100,120,60,2.0000,0.0303,2135,152,1833,150
579,1360865676,azul,vermelho,heuristica,empate,0,-1,100,0,0,0.0000,0.0404,1877,0,1877,0
579,1360865676,azul,azul,heuristica,empate,0,-1,100,60,120,0.5000,0.1818,803,130,548,125
580,969768113,verde,verde,heuristica,vermelho,0,-3,64,90,110,0.8182,0.1167,1836,210,1404,222
580,969768113,verde,vermelho,heuristica,vermelho,1,3,64,30,0,30.0000,0.0781,1800,138,1518,144
580,969768113,verde,azul,heuristica,vermelho,0,-3,64,110,120,0.9167,0.0952,1943,233,1514,196
581,828045317,vermelho,verde,heuristica,azul,0,-3,18,120,120,1.0000,0.0000,742,175,398,169
581,828045317,vermelho,vermelho,heuristica,azul,0,-3,18,150,120,1.2500,0.0000,580,198,239,143
581,828045317,vermelho,azul,heuristica,azul,1,3,18,60,90,0.6667,0.0556,750,193,434,123
582,1609858943,azul,verde,heuristica,empate,0,-1,100,120,60,2.0000,0.0707,2572,123,2336,113
582,1609858943,azul,vermelho,heuristica,empate,0,-1,100,60,120,0.5000,0.0714,500,77,348,75
582,1609858943,azul,azul,heuristica,empate,0,-1,100,0,0,0.0000,0.0800,2149,2,2147,0
583,657787211,verde,verde,heuristica,empate,0,-1,100,90,120,0.7500,0.0870,755,132,529,94
583,657787211,verde,vermelho,heuristica,empate,0,-1,100,120,90,1.3333,0.0200,2007,148,1727,132
583,657787211,verde,azul,heuristica,empate,0,-1,100,0,0,0.0000,0.0300,1536,27,1484,25
584,1500741286,vermelho,verde,heuristica,vermelho,0,-3,74,50,100,0.5000,0.0889,1209,93,1026,90
584,1500741286,vermelho,vermelho,heuristica,vermelho,1,3,74,60,30,2.0000,0.0000,1774,56,1668,50
584,1500741286,vermelho,azul,heuristica,vermelho,0,-3,74,130,110,1.1818,0.1233,2140,202,1746,192
585,1216752255,azul,verde,heuristica,verde,1,3,33,30,0,30.0000,0.0625,994,137,716,141
585,1216752255,azul,vermelho,heuristica,verde,0,-3,33,90,120,0.7500,0.0000,489,79,335,75
585,1216752255,azul,azul,heuristica,verde,0,-3,33,120,120,1.0000,0.0313,1013,133,745,135
586,170355655,verde,verde,heuristica,empate,0,-1,100,90,120,0.7500,0.0952,763,144,482,137
586,170355655,verde,vermelho,heuristica,empate,0,-1,100,0,0,0.0000,0.0100,1853,25,1803,25
586,170355655,verde,azul,heuristica,empate,0,-1,100,120,90,1.3333,0.0000,1368,100,1177,91
587,522938142,vermelho,verde,heuristica,empate,0,-1,100,0,0,0.0000,0.0000,1885,4,1881,0
587,522938142,vermelho,vermelho,heuristica,empate,0,-1,100,70,120,0.5833,0.0526,665,102,463,100
587,522938142,vermelho,azul,heuristica,empate,0,-1,100,120,70,1.7143,0.0400,2341,130,2089,122
588,1224265644,azul,verde,heuristica,empate,0,-1,100,0,0,0.0000,0.3030,3769,675,2419,675
588,1224265644,azul,vermelho,heuristica,empate,0,-1,100,0,0,0.0000,0.0101,1811,17,1777,17
588,1224265644,azul,azul,heuristica,empate,0,-1,100,0,0,0.0000,0.0000,1853,0,1853,0
589,2071903378,verde,verde,heuristica,empate,0,-1,100,120,120,1.0000,0.1795,1299,181,923,195
589,2071903378,verde,vermelho,heuristica,empate,0,-1,100,60,60,1.0000,0.1000,2605,96,2410,99
589,2071903378,verde,azul,heuristica,empate,0,-1,100,60,60,1.0000,0.0600,2300,77,2152,71
590,239551354,vermelho,verde,heuristica,verde,1,3,34,60,20,3.0000,0.1212,957,78,804,75
590,239551354,vermelho,vermelho,heuristica,verde,0,-3,34,120,110,1.0909,0.3636,1087,157,780,150
590,239551354,vermelho,azul,heuristica,verde,0,-3,34,50,100,0.5000,0.5000,304,79,150,75
591,1331453486,azul,verde,heuristica,vermelho,0,-3,41,150,120,1.2500,0.0750,1396,224,924,248
591,1331453486,azul,vermelho,heuristica,vermelho,1,3,41,30,30,1.0000,0.0000,845,17,812,16
591,1331453486,azul,azul,heuristica,vermelho,0,-3,41,90,120,0.7500,0.0000,576,104,372,100
592,700635290,verde,verde,heuristica,vermelho,0,-3,46,80,120,0.6667,0.0857,1104,132,835,137
592,700635290,verde,vermelho,heuristica,vermelho,1,3,46,30,0,30.0000,0.0000,1224,69,1080,75
592,700635290,verde,azul,heuristica,vermelho,0,-3,46,120,110,1.0909,0.0444,1504,214,1051,239
593,1793610634,vermelho,verde,heuristica,azul,0,-3,27,70,120,0.5833,0.1250,742,140,488,114
593,1793610634,vermelho,vermelho,heuristica,azul,0,-3,27,150,100,1.5000,0.1852,902,151,600,151
593,1793610634,vermelho,azul,heuristica,azul,1,3,27,30,30,1.0000,0.2222,871,121,632,118
594,1428201362,azul,verde,heuristica,vermelho,0,-3,14,80,100,0.8000,0.3333,352,88,200,64
594,1428201362,azul,vermelho,heuristica,vermelho,1,3,14,60,0,60.0000,0.2308,513,126,314,73
594,1428201362,azul,azul,heuristica,vermelho,0,-3,14,70,110,0.6364,0.2308,480,112,258,110
595,40425461,verde,verde,heuristica,vermelho,0,-3,49,120,120,1.0000,0.0612,1389,118,1147,124
595,40425461,verde,vermelho,heuristica,vermelho,1,3,49,30,0,30.0000,0.1020,1237,49,1138,50
595,40425461,verde,azul,heuristica,vermelho,0,-3,49,90,120,0.7500,0.0000,751,88,576,87
596,1462276455,vermelho,verde,heuristica,vermelho,0,-3,22,90,120,0.7500,0.0000,505,109,276,120
596,1462276455,vermelho,vermelho,heuristica,vermelho,1,3,22,30,0,30.0000,0.2273,657,74,493,90
596,1462276455,vermelho,azul,heuristica,vermelho,0,-3,22,120,120,1.0000,0.0476,739,106,511,122
597,2054249709,azul,verde,heuristica,azul,0,-3,20,90,120,0.7500,0.0000,580,100,381,99
597,2054249709,azul,vermelho,heuristica,azul,0,-3,20,150,120,1.2500,0.0000,711,131,456,124
597,2054249709,azul,azul,heuristica,azul,1,3,20,30,30,1.0000,0.2000,718,115,461,142
598,630302914,verde,verde,heuristica,empate,0,-1,100,80,110,0.7273,0.3125,574,115,346,113
598,630302914,verde,vermelho,heuristica,empate,0,-1,100,0,0,0.0000,0.0100,1498,0,1498,0
598,630302914,verde,azul,heuristica,empate,0,-1,100,110,80,1.3750,0.0700,2135,144,1844,147
599,1951134645,vermelho,verde,heuristica,empate,0,-1,100,120,90,1.3333,0.0000,2166,144,1911,111
599,1951134645,vermelho,vermelho,heuristica,empate,0,-1,100,0,0,0.0000,0.0100,2396,126,2171,99
599,1951134645,vermelho,azul,heuristica,empate,0,-1,100,90,120,0.7500,0.0000,464,85,299,80
600,1030142316,azul,verde,heuristica,empate,0,-1,100,0,0,0.0000,0.0303,2164,36,2078,50
600,1030142316,azul,vermelho,heuristica,empate,0,-1,100,80,120,0.6667,0.1053,1102,103,899,100
600,1030142316,azul,azul,heuristica,empate,0,-1,100,120,80,1.5000,0.0400,2189,119,1951,119
601,1015889351,verde,verde,heuristica,verde,1,3,58,20,30,0.6667,0.0172,1173,37,1102,34
601,1015889351,verde,vermelho,heuristica,verde,0,-3,58,90,120,0.7500,0.0000,642,61,523,58
601,1015889351,verde,azul,heuristica,verde,0,-3,58,150,110,1.3636,0.0526,1862,251,1350,261
602,205782876,vermelho,verde,heuristica,verde,1,3,23,30,30,1.0000,0.1364,558,22,515,21
602,205782876,vermelho,vermelho,heuristica,verde,0,-3,23,90,120,0.7500,0.0000,384,98,188,98
602,205782876,vermelho,azul,heuristica,verde,0,-3,23,150,120,1.2500,0.1364,983,225,539,219
603,1233340021,azul,verde,heuristica,verde,1,3,56,30,0,30.0000,0.0182,1317,94,1137,86
603,1233340021,azul,vermelho,heuristica,verde,0,-3,56,120,120,1.0000,0.1111,1615,153,1292,170
603,1233340021,azul,azul,heuristica,verde,0,-3,56,90,120,0.7500,0.0000,896,107,701,88
604,2014491557,verde,verde,heuristica,vermelho,0,-3,26,150,120,1.2500,0.0385,950,176,649,125
604,2014491557,verde,vermelho,heuristica,vermelho,1,3,26,90,60,1.5000,0.0769,905,208,572,125
604,2014491557,verde,azul,heuristica,vermelho,0,-3,26,60,120,0.5000,0.0000,801,120,557,124
605,1314928140,vermelho,verde,heuristica,empate,0,-1,100,0,0,0.0000,0.0202,1686,2,1684,0
605,1314928140,vermelho,vermelho,heuristica,empate,0,-1,100,100,60,1.6667,0.4100,4287,922,2355,1010
605,1314928140,vermelho,azul,heuristica,empate,0,-1,100,60,100,0.6000,0.2500,732,130,477,125
606,1869575208,azul,verde,heuristica,vermelho,0,-3,27,150,120,1.2500,0.0000,832,136,567,129
606,1869575208,azul,vermelho,heuristica,vermelho,1,3,27,30,30,1.0000,0.0769,759,71,613,75
606,1869575208,azul,azul,heuristica,vermelho,0,-3,27,90,120,0.7500,0.0000,354,62,235,57
607,412083840,verde,verde,heuristica,vermelho,0,-3,100,180,120,1.5000,0.0400,2846,237,2365,244
607,412083840,verde,vermelho,heuristica,vermelho,1,3,100,60,60,1.0000,0.0700,2203,73,2053,77
607,412083840,verde,azul,heuristica,vermelho,0,-3,100,60,120,0.5000,0.2000,435,95,242,98
608,1705502126,vermelho,verde,heuristica,verde,1,3,50,30,0,30.0000,0.0000,1012,46,924,42
608,1705502126,vermelho,vermelho,heuristica,verde,0,-3,50,120,120,1.0000,0.0204,1472,167,1152,153
608,1705502126,vermelho,azul,heuristica,verde,0,-3,50,90,120,0.7500,0.0000,478,98,285,95
609,360032754,azul,verde,heuristica,empate,0,-1,100,120,90,1.3333,0.3333,4163,887,2366,910
609,360032754,azul,vermelho,heuristica,empate,0,-1,100,0,0,0.0000,0.3333,2033,0,2033,0
609,360032754,azul,azul,heuristica,empate,0,-1,100,90,120,0.7500,0.0000,569,106,350,113
610,1703396810,verde,verde,heuristica,vermelho,0,-3,15,140,120,1.1667,0.2667,615,160,319,136
610,1703396810,verde,vermelho,heuristica,vermelho,1,3,15,60,30,2.0000,0.1333,512,84,339,89
610,1703396810,verde,azul,heuristica,vermelho,0,-3,15,60,110,0.5455,0.1000,421,110,218,93
611,1813539174,vermelho,verde,heuristica,vermelho,0,-3,76,90,110,0.8182,0.0625,641,125,395,121
611,1813539174,vermelho,vermelho,heuristica,vermelho,1,3,76,30,0,30.0000,0.1184,2120,184,1723,213
611,1813539174,vermelho,azul,heuristica,vermelho,0,-3,76,110,120,0.9167,0.0533,2041,125,1796,120
612,1326081846,azul,verde,heuristica,empate,0,-1,100,0,0,0.0000,0.0000,1164,0,1164,0
612,1326081846,azul,vermelho,heuristica,empate,0,-1,100,120,90,1.3333,0.0000,2152,105,1947,100
612,1326081846,azul,azul,heuristica,empate,0,-1,100,90,120,0.7500,0.0000,617,118,374,125
613,1251722137,verde,verde,heuristica,empate,0,-1,100,0,0,0.0000,0.0100,1774,1,1773,0
613,1251722137,verde,vermelho,heuristica,empate,0,-1,100,0,0,0.0000,0.2300,2034,49,1941,44
613,1251722137,verde,azul,heuristica,empate,0,-1,100,0,0,0.0000,0.0800,2095,41,2006,48
614,279383135,vermelho,verde,heuristica,empate,0,-1,100,0,0,0.0000,0.0000,1892,0,1892,0
614,279383135,vermelho,vermelho,heuristica,empate,0,-1,100,0,0,0.0000,0.0000,1246,0,1246,0
614,279383135,vermelho,azul,heuristica,empate,0,-1,100,0,0,0.0000,0.0300,1973,0,1973,0
615,2053490072,azul,verde,heuristica,azul,0,-3,56,90,110,0.8182,0.2308,576,127,324,125
615,2053490072,azul,vermelho,heuristica,azul,0,-3,56,110,120,0.9167,0.1091,1364,162,1049,153
615,2053490072,azul,azul,heuristica,azul,1,3,56,30,0,30.0000,0.0536,1537,88,1350,99
616,469087286,verde,verde,heuristica,empate,0,-1,100,80,120,0.6667,0.1136,1168,125,919,124
616,469087286,verde,vermelho,heuristica,empate,0,-1,100,0,0,0.0000,0.0200,1783,1,1782,0
616,469087286,verde,azul,heuristica,empate,0,-1,100,120,80,1.5000,0.0800,2608,128,2358,122
617,244808538,vermelho,verde,heuristica,empate,0,-1,100,120,90,1.3333,0.0101,2043,126,1819,98
617,244808538,vermelho,vermelho,heuristica,empate,0,-1,100,90,120,0.7500,0.0000,745,94,562,89
617,244808538,vermelho,azul,heuristica,empate,0,-1,100,0,0,0.0000,0.0100,2195,66,2082,47
618,1697912004,azul,verde,heuristica,vermelho,0,-3,32,80,120,0.6667,0.2000,409,90,232,87
618,1697912004,azul,vermelho,heuristica,vermelho,1,3,32,30,30,1.0000,0.0645,883,68,740,75
618,1697912004,azul,azul,heuristica,vermelho,0,-3,32,150,110,1.3636,0.1613,1128,188,755,185
619,1196957329,verde,verde,heuristica,verde,1,3,36,30,0,30.0000,0.0000,905,59,773,73
619,1196957329,verde,vermelho,heuristica,verde,0,-3,36,120,120,1.0000,0.0571,1085,167,798,120
619,1196957329,verde,azul,heuristica,verde,0,-3,36,90,120,0.7500,0.0000,422,121,203,98
620,279705624,vermelho,verde,heuristica,azul,0,-3,49,140,120,1.1667,0.0833,1489,188,1115,186
620,279705624,vermelho,vermelho,heuristica,azul,0,-3,49,60,110,0.5455,0.1250,554,79,400,75
620,279705624,vermelho,azul,heuristica,azul,1,3,49,60,30,2.0000,0.0000,864,33,804,27
621,440487415,azul,verde,heuristica,vermelho,0,-3,67,90,120,0.7500,0.0455,673,78,524,71
621,440487415,azul,vermelho,heuristica,vermelho,1,3,67,30,30,1.0000,0.0606,1699,78,1548,73
621,440487415,azul,azul,heuristica,vermelho,0,-3,67,150,120,1.2500,0.0303,1703,165,1367,171
622,532420518,verde,verde,heuristica,empate,0,-1,100,90,60,1.5000,0.0600,2523,150,2278,95
622,532420518,verde,vermelho,heuristica,empate,0,-1,100,60,120,0.5000,0.4545,516,129,250,137
622,532420518,verde,azul,heuristica,empate,0,-1,100,30,0,30.0000,0.0300,2136,26,2087,23
623,1534020729,vermelho,verde,heuristica,vermelho,0,-3,32,90,120,0.7500,0.0000,354,104,150,100
623,1534020729,vermelho,vermelho,heuristica,vermelho,1,3,32,30,0,30.0000,0.0625,877,47,784,46
623,1534020729,vermelho,azul,heuristica,vermelho,0,-3,32,120,120,1.0000,0.2258,1176,216,743,217
624,1330977352,azul,verde,heuristica,empate,0,-1,100,0,30,0.0000,0.0303,1873,20,1836,17
624,1330977352,azul,vermelho,heuristica,empate,0,-1,100,90,120,0.7500,0.0000,676,148,383,145
624,1330977352,azul,azul,heuristica,empate,0,-1,100,150,90,1.6667,0.1000,2577,123,2342,112
625,1339491093,verde,verde,heuristica,vermelho,0,-3,51,150,120,1.2500,0.0784,1436,153,1134,149
625,1339491093,verde,vermelho,heuristica,vermelho,1,3,51,30,30,1.0000,0.0784,1303,53,1200,50
625,1339491093,verde,azul,heuristica,vermelho,0,-3,51,90,120,0.7500,0.0000,527,100,327,100
626,2136906327,vermelho,verde,heuristica,empate,0,-1,100,0,0,0.0000,0.0202,1928,47,1856,25
626,2136906327,vermelho,vermelho,heuristica,empate,0,-1,100,90,120,0.7500,0.0250,1297,161,965,171
626,2136906327,vermelho,azul,heuristica,empate,0,-1,100,120,90,1.3333,0.2200,2492,187,2119,186
627,523294266,azul,verde,heuristica,vermelho,0,-3,45,90,120,0.7500,0.1765,573,95,387,91
627,523294266,azul,vermelho,heuristica,vermelho,1,3,45,30,30,1.0000,0.0000,892,17,859,16
627,523294266,azul,azul,heuristica,vermelho,0,-3,45,150,120,1.2500,0.0455,1561,244,1055,262
628,1234858072,verde,verde,heuristica,azul,0,-3,98,90,120,0.7500,0.0449,2228,130,1953,145
628,1234858072,verde,vermelho,heuristica,azul,0,-3,98,120,120,1.0000,0.0408,2411,141,2129,141
628,1234858072,verde,azul,heuristica,azul,1,3,98,30,0,30.0000,0.0816,2396,29,2342,25
629,130403733,vermelho,verde,heuristica,vermelho,0,-3,16,120,120,1.0000,0.1333,584,114,358,112
629,130403733,vermelho,vermelho,heuristica,vermelho,1,3,16,30,0,30.0000,0.0625,540,73,392,75
629,130403733,vermelho,azul,heuristica,vermelho,0,-3,16,90,120,0.7500,0.0000,478,111,253,114
630,444026286,azul,verde,heuristica,vermelho,0,-3,40,100,110,0.9091,0.2308,1057,161,743,153
630,444026286,azul,vermelho,heuristica,vermelho,1,3,40,60,0,60.0000,0.1026,1022,57,915,50
630,444026286,azul,azul,heuristica,vermelho,0,-3,40,50,100,0.5000,0.3077,519,113,295,111
631,1706054446,verde,verde,heuristica,empate,0,-1,100,0,0,0.0000,0.0000,1518,25,1493,0
631,1706054446,verde,vermelho,heuristica,empate,0,-1,100,90,120,0.7500,0.2796,1979,149,1699,131
631,1706054446,verde,azul,heuristica,empate,0,-1,100,120,90,1.3333,0.0300,2528,146,2237,145
632,1251267710,vermelho,verde,heuristica,empate,0,-1,100,40,30,1.3333,0.0707,2355,114,2145,96
632,1251267710,vermelho,vermelho,heuristica,empate,0,-1,100,60,0,60.0000,0.3700,2371,82,2226,63
632,1251267710,vermelho,azul,heuristica,empate,0,-1,100,30,100,0.3000,0.1852,1611,182,1237,192
633,1966057535,azul,verde,heuristica,azul,0,-3,9,60,110,0.5455,0.2857,428,146,165,117
633,1966057535,azul,vermelho,heuristica,azul,0,-3,9,80,120,0.6667,0.2500,373,107,181,85
633,1966057535,azul,azul,heuristica,azul,1,3,9,110,20,5.5000,0.3333,507,157,225,125
634,1965943761,verde,verde,heuristica,vermelho,0,-3,18,60,120,0.5000,0.0000,541,90,362,89
634,1965943761,verde,vermelho,heuristica,vermelho,1,3,18,60,30,2.0000,0.1111,576,93,392,91
634,1965943761,verde,azul,heuristica,vermelho,0,-3,18,150,120,1.2500,0.1176,655,131,401,123
635,768926301,vermelho,verde,heuristica,empate,0,-1,100,90,120,0.7500,0.0000,440,94,248,98
635,768926301,vermelho,vermelho,heuristica,empate,0,-1,100,0,0,0.0000,0.1600,2371,40,2281,50
635,768926301,vermelho,azul,heuristica,empate,0,-1,100,120,90,1.3333,0.0900,2587,129,2318,140
636,1881604470,azul,verde,heuristica,empate,0,-1,100,110,90,1.2222,0.0303,2085,96,1898,91
636,1881604470,azul,vermelho,heuristica,empate,0,-1,100,90,110,0.8182,0.0870,730,104,528,98
636,1881604470,azul,azul,heuristica,empate,0,-1,100,0,0,0.0000,0.0100,1860,22,1813,25
637,1256005152,verde,verde,heuristica,azul,0,-3,37,210,110,1.9091,0.1351,1274,199,868,207
637,1256005152,verde,vermelho,heuristica,azul,0,-3,37,60,120,0.5000,0.0741,825,92,644,89
637,1256005152,verde,azul,heuristica,azul,1,3,37,50,90,0.5556,0.0811,1068,114,838,116
638,866370088,vermelho,verde,heuristica,verde,1,3,30,30,30,1.0000,0.1034,850,78,697,75
638,866370088,vermelho,vermelho,heuristica,verde,0,-3,30,90,110,0.8182,0.1053,642,90,455,97
638,866370088,vermelho,azul,heuristica,verde,0,-3,30,140,120,1.1667,0.0690,983,152,684,147
639,453976170,azul,verde,heuristica,empate,0,-1,100,50,100,0.5000,0.1786,644,81,486,77
639,453976170,azul,vermelho,heuristica,empate,0,-1,100,100,50,2.0000,0.1111,2643,177,2292,174
639,453976170,azul,azul,heuristica,empate,0,-1,100,0,0,0.0000,0.0000,1857,0,1857,0
640,960568082,verde,verde,heuristica,azul,0,-3,86,30,120,0.2500,0.0000,380,59,246,75
640,960568082,verde,vermelho,heuristica,azul,0,-3,86,160,100,1.6000,0.0581,2508,222,2042,244
640,960568082,verde,azul,heuristica,azul,1,3,86,100,70,1.4286,0.1163,2445,281,1886,278
641,1262463845,vermelho,verde,heuristica,empate,0,-1,100,110,30,3.6667,0.0505,2014,148,1749,117
641,1262463845,vermelho,vermelho,heuristica,empate,0,-1,100,0,0,0.0000,0.0300,2144,41,2053,50
641,1262463845,vermelho,azul,heuristica,empate,0,-1,100,30,110,0.2727,0.4545,462,112,246,104
642,1248811076,azul,verde,heuristica,empate,0,-1,100,60,100,0.6000,0.3158,705,127,455,123
642,1248811076,azul,vermelho,heuristica,empate,0,-1,100,0,0,0.0000,0.0303,2023,0,2023,0
642,1248811076,azul,azul,heuristica,empate,0,-1,100,100,60,1.6667,0.0200,2248,106,2042,100
643,1493478306,verde,verde,heuristica,empate,0,-1,100,120,90,1.3333,0.0000,1585,83,1425,77
643,1493478306,verde,vermelho,heuristica,empate,0,-1,100,0,0,0.0000,0.0600,2507,97,2315,95
643,1493478306,verde,azul,heuristica,empate,0,-1,100,90,120,0.7500,0.0543,2523,180,2161,182
644,665279136,vermelho,verde,heuristica,vermelho,0,-3,20,180,120,1.5000,0.1053,858,227,461,170
644,665279136,vermelho,vermelho,heuristica,vermelho,1,3,20,30,60,0.5000,0.2000,722,124,498,100
644,665279136,vermelho,azul,heuristica,vermelho,0,-3,20,90,120,0.7500,0.0000,484,84,334,66
645,218716618,azul,verde,heuristica,vermelho,0,-3,46,80,110,0.7273,0.1364,610,72,469,69
645,218716618,azul,vermelho,heuristica,vermelho,1,3,46,30,0,30.0000,0.0000,1216,77,1065,74
645,218716618,azul,azul,heuristica,vermelho,0,-3,46,110,110,1.0000,0.0667,1441,222,998,221
646,640258826,verde,verde,heuristica,empate,0,-1,100,120,90,1.3333,0.0200,2137,105,1932,100
646,640258826,verde,vermelho,heuristica,empate,0,-1,100,90,120,0.7500,0.0000,399,100,199,100
646,640258826,verde,azul,heuristica,empate,0,-1,100,0,0,0.0000,0.0100,1923,0,1923,0
647,1496625869,vermelho,verde,heuristica,empate,0,-1,100,120,90,1.3333,0.0303,2081,99,1893,89
647,1496625869,vermelho,vermelho,heuristica,empate,0,-1,100,90,120,0.7500,0.0000,414,103,211,100
647,1496625869,vermelho,azul,heuristica,empate,0,-1,100,0,0,0.0000,0.0000,1683,0,1683,0
648,129953772,azul,verde,heuristica,azul,0,-3,35,90,120,0.7500,0.1667,288,76,140,72
648,129953772,azul,vermelho,heuristica,azul,0,-3,35,120,120,1.0000,0.0588,1065,120,822,123
648,129953772,azul,azul,heuristica,azul,1,3,35,30,0,30.0000,0.0286,866,52,764,50
649,198795325,verde,verde,heuristica,vermelho,0,-3,90,70,100,0.7000,0.0435,796,115,560,121
649,198795325,verde,vermelho,heuristica,vermelho,1,3,90,30,0,30.0000,0.0444,1966,42,1882,42
649,198795325,verde,azul,heuristica,vermelho,0,-3,90,100,100,1.0000,0.0674,2221,125,1980,116
650,1092198279,vermelho,verde,heuristica,verde,1,3,69,30,0,30.0000,0.0441,1531,16,1502,13
650,1092198279,vermelho,vermelho,heuristica,verde,0,-3,69,120,120,1.0000,0.0294,1859,155,1566,138
650,1092198279,vermelho,azul,heuristica,verde,0,-3,69,90,120,0.7500,0.0000,1260,102,1062,96
651,779591759,azul,verde,heuristica,empate,0,-1,100,110,60,1.8333,0.0606,1999,101,1796,102
651,779591759,azul,vermelho,heuristica,empate,0,-1,100,60,110,0.5455,0.2857,654,97,465,92
651,779591759,azul,azul,heuristica,empate,0,-1,100,0,0,0.0000,0.0200,1992,52,1890,50
652,1317852308,verde,verde,heuristica,empate,0,-1,100,0,0,0.0000,0.2400,2122,60,2013,49
652,1317852308,verde,vermelho,heuristica,empate,0,-1,100,0,0,0.0000,0.0200,1512,69,1393,50
652,1317852308,verde,azul,heuristica,empate,0,-1,100,0,0,0.0000,0.0200,2093,4,2089,0
653,1288168034,vermelho,verde,heuristica,empate,0,-1,100,0,0,0.0000,0.0505,2093,19,2055,19
653,1288168034,vermelho,vermelho,heuristica,empate,0,-1,100,110,90,1.2222,0.0600,2449,133,2166,150
653,1288168034,vermelho,azul,heuristica,empate,0,-1,100,90,110,0.8182,0.1667,631,104,427,100
654,770170329,azul,verde,heuristica,vermelho,0,-3,45,150,120,1.2500,0.0909,1340,143,1051,146
654,770170329,azul,vermelho,heuristica,vermelho,1,3,45,30,30,1.0000,0.0455,1192,70,1047,75
654,770170329,azul,azul,heuristica,vermelho,0,-3,45,90,120,0.7500,0.0000,567,104,363,100
655,1802537942,verde,verde,heuristica,vermelho,0,-3,45,90,120,0.7500,0.0345,780,68,650,62
655,1802537942,verde,vermelho,heuristica,vermelho,1,3,45,30,30,1.0000,0.0444,1339,136,1035,168
655,1802537942,verde,azul,heuristica,vermelho,0,-3,45,150,120,1.2500,0.0455,1242,114,1022,106
656,714072783,vermelho,verde,heuristica,azul,0,-3,48,120,100,1.2000,0.1702,1376,159,1061,156
656,714072783,vermelho,vermelho,heuristica,azul,0,-3,48,50,120,0.4167,0.1957,1282,118,1045,119
656,714072783,vermelho,azul,heuristica,azul,1,3,48,80,30,2.6667,0.1042,1331,146,1047,138
657,1894773843,azul,verde,heuristica,vermelho,0,-3,28,70,120,0.5833,0.1200,818,129,589,100
657,1894773843,azul,vermelho,heuristica,vermelho,1,3,28,60,10,6.0000,0.1481,948,180,624,144
657,1894773843,azul,azul,heuristica,vermelho,0,-3,28,100,100,1.0000,0.2222,1037,223,640,174
658,1299649723,verde,verde,heuristica,empate,0,-1,100,90,120,0.7500,0.0588,1003,105,798,100
658,1299649723,verde,vermelho,heuristica,empate,0,-1,100,120,90,1.3333,0.0300,2054,124,1812,118
658,1299649723,verde,azul,heuristica,empate,0,-1,100,0,0,0.0000,0.0500,1998,23,1950,25
659,951999122,vermelho,verde,heuristica,vermelho,0,-3,33,100,100,1.0000,0.1875,1039,168,701,170
659,951999122,vermelho,vermelho,heuristica,vermelho,1,3,33,60,0,60.0000,0.0000,917,73,773,71
659,951999122,vermelho,azul,heuristica,vermelho,0,-3,33,40,100,0.4000,0.2069,860,142,598,120
660,2094539556,azul,verde,heuristica,vermelho,0,-3,22,120,120,1.0000,0.0000,702,113,482,107
660,2094539556,azul,vermelho,heuristica,vermelho,1,3,22,30,0,30.0000,0.1429,556,45,467,44
660,2094539556,azul,azul,heuristica,vermelho,0,-3,22,90,120,0.7500,0.0000,339,88,160,91
661,1988806916,verde,verde,heuristica,empate,0,-1,100,120,80,1.5000,0.0300,2258,125,2027,106
661,1988806916,verde,vermelho,heuristica,empate,0,-1,100,0,0,0.0000,0.0200,2115,16,2099,0
661,1988806916,verde,azul,heuristica,empate,0,-1,100,80,120,0.6667,0.2083,776,114,557,105
662,589686748,vermelho,verde,heuristica,vermelho,0,-3,30,40,100,0.4000,0.2222,854,101,638,115
662,589686748,vermelho,vermelho,heuristica,vermelho,1,3,30,60,0,60.0000,0.0333,835,75,698,62
662,589686748,vermelho,azul,heuristica,vermelho,0,-3,30,100,100,1.0000,0.1379,1043,156,717,170
663,2020755370,azul,verde,heuristica,vermelho,0,-3,20,90,120,0.7500,0.2308,486,103,275,108
663,2020755370,azul,vermelho,heuristica,vermelho,1,3,20,30,30,1.0000,0.0526,525,26,474,25
663,2020755370,azul,azul,heuristica,vermelho,0,-3,20,150,120,1.2500,0.0526,712,134,443,135
664,880251236,verde,verde,heuristica,empate,0,-1,100,90,120,0.7500,0.0233,1215,112,995,108
664,880251236,verde,vermelho,heuristica,empate,0,-1,100,0,0,0.0000,0.8400,1766,57,1652,57
664,880251236,verde,azul,heuristica,empate,0,-1,100,120,90,1.3333,0.0500,2212,116,1989,107
665,495973414,vermelho,verde,heuristica,azul,0,-3,23,150,120,1.2500,0.0000,802,147,516,139
665,495973414,vermelho,vermelho,heuristica,azul,0,-3,23,90,120,0.7500,0.0000,323,93,140,90
665,495973414,vermelho,azul,heuristica,azul,1,3,23,30,30,1.0000,0.0435,617,44,528,45
666,984970438,azul,verde,heuristica,azul,0,-3,23,120,120,1.0000,0.0909,757,121,520,116
666,984970438,azul,vermelho,heuristica,azul,0,-3,23,90,120,0.7500,0.0000,819,178,449,192
666,984970438,azul,azul,heuristica,azul,1,3,23,60,30,2.0000,0.0435,678,78,534,66
667,220068118,verde,verde,heuristica,empate,0,-1,100,120,90,1.3333,0.0100,1859,95,1674,90
667,220068118,verde,vermelho,heuristica,empate,0,-1,100,0,0,0.0000,0.0000,1703,0,1703,0
667,220068118,verde,azul,heuristica,empate,0,-1,100,90,120,0.7500,0.1667,764,179,412,173
668,1454005916,vermelho,verde,heuristica,vermelho,0,-3,41,150,120,1.2500,0.2000,717,167,375,175
668,1454005916,vermelho,vermelho,heuristica,vermelho,1,3,41,30,60,0.5000,0.0732,1278,151,977,150
668,1454005916,vermelho,azul,heuristica,vermelho,0,-3,41,120,120,1.0000,0.1250,1356,170,986,200
669,111536335,azul,verde,heuristica,empate,0,-1,100,120,90,1.3333,0.0000,1604,69,1472,63
669,111536335,azul,vermelho,heuristica,empate,0,-1,100,90,120,0.7500,0.0000,551,72,403,76
669,111536335,azul,azul,heuristica,empate,0,-1,100,0,0,0.0000,0.0300,1946,1,1945,0
670,228923756,verde,verde,heuristica,vermelho,0,-3,25,110,120,0.9167,0.1600,810,105,581,124
670,228923756,verde,vermelho,heuristica,vermelho,1,3,25,30,0,30.0000,0.0400,762,66,622,74
670,228923756,verde,azul,heuristica,vermelho,0,-3,25,90,110,0.8182,0.1000,389,79,235,75
671,1575262061,vermelho,verde,heuristica,vermelho,0,-3,16,80,120,0.6667,0.0000,384,75,237,72
671,1575262061,vermelho,vermelho,heuristica,vermelho,1,3,16,30,0,30.0000,0.0625,445,41,363,41
671,1575262061,vermelho,azul,heuristica,vermelho,0,-3,16,120,110,1.0909,0.0667,597,129,345,123
672,1373973555,azul,verde,heuristica,empate,0,-1,100,30,0,30.0000,0.0404,2477,66,2342,69
672,1373973555,azul,vermelho,heuristica,empate,0,-1,100,90,120,0.7500,0.0882,1097,164,794,139
672,1373973555,azul,azul,heuristica,empate,0,-1,100,90,90,1.0000,0.0800,2300,82,2135,83
673,192519457,verde,verde,heuristica,empate,0,-1,100,0,0,0.0000,0.0000,1748,4,1744,0
673,192519457,verde,vermelho,heuristica,empate,0,-1,100,120,90,1.3333,0.0500,2487,105,2287,95
673,192519457,verde,azul,heuristica,empate,0,-1,100,90,120,0.7500,0.0000,444,78,293,73
674,944968278,vermelho,verde,heuristica,empate,0,-1,100,120,90,1.3333,0.0000,2503,247,2016,240
674,944968278,vermelho,vermelho,heuristica,empate,0,-1,100,90,120,0.7500,0.0435,703,80,545,78
674,944968278,vermelho,azul,heuristica,empate,0,-1,100,0,0,0.0000,0.0400,2393,29,2339,25
675,2011085058,azul,verde,heuristica,verde,1,3,36,30,0,30.0000,0.0571,878,27,826,25
675,2011085058,azul,vermelho,heuristica,verde,0,-3,36,80,120,0.6667,0.1538,409,62,290,57
675,2011085058,azul,azul,heuristica,verde,0,-3,36,120,110,1.0909,0.0286,966,102,766,98
676,88572083,verde,verde,heuristica,azul,0,-3,90,90,120,0.7500,0.1429,375,100,175,100
676,88572083,verde,vermelho,heuristica,azul,0,-3,90,150,120,1.2500,0.0333,2260,174,1926,160
676,88572083,verde,azul,heuristica,azul,1,3,90,30,30,1.0000,0.0444,1544,17,1514,13
677,1970560963,vermelho,verde,heuristica,empate,0,-1,100,90,120,0.7500,0.0833,756,102,555,99
677,1970560963,vermelho,vermelho,heuristica,empate,0,-1,100,0,0,0.0000,0.0200,1881,112,1654,115
677,1970560963,vermelho,azul,heuristica,empate,0,-1,100,120,90,1.3333,0.0600,2534,108,2329,97
678,307584755,azul,verde,heuristica,vermelho,0,-3,60,110,110,1.0000,0.1695,1746,163,1416,167
678,307584755,azul,vermelho,heuristica,vermelho,1,3,60,30,0,30.0000,0.0508,1426,50,1327,49
678,307584755,azul,azul,heuristica,vermelho,0,-3,60,80,110,0.7273,0.1667,1295,153,995,147
679,1869256894,verde,verde,heuristica,vermelho,0,-3,35,90,120,0.7500,0.1111,371,77,222,72
679,1869256894,verde,vermelho,heuristica,vermelho,1,3,35,30,0,30.0000,0.0000,821,25,772,24
679,1869256894,verde,azul,heuristica,vermelho,0,-3,35,120,120,1.0000,0.0294,892,102,694,96
680,79134275,vermelho,verde,heuristica,azul,0,-3,72,90,120,0.7500,0.0909,604,63,481,60
680,79134275,vermelho,vermelho,heuristica,azul,0,-3,72,150,120,1.2500,0.0833,1708,114,1481,113
680,79134275,vermelho,azul,heuristica,azul,1,3,72,30,30,1.0000,0.0694,1844,68,1706,70
681,1664664159,azul,verde,heuristica,azul,0,-3,19,120,120,1.0000,0.1111,661,135,410,116
681,1664664159,azul,vermelho,heuristica,azul,0,-3,19,90,120,0.7500,0.1333,562,124,348,90
681,1664664159,azul,azul,heuristica,azul,1,3,19,30,0,30.0000,0.0000,554,44,460,50
682,460515643,verde,verde,heuristica,vermelho,0,-3,13,120,120,1.0000,0.0000,587,145,296,146
682,460515643,verde,vermelho,heuristica,vermelho,1,3,13,30,0,30.0000,0.1538,422,51,323,48
682,460515643,verde,azul,heuristica,vermelho,0,-3,13,90,120,0.7500,0.0000,391,95,197,99
683,947373156,vermelho,verde,heuristica,empate,0,-1,100,120,90,1.3333,0.0404,2482,105,2278,99
683,947373156,vermelho,vermelho,heuristica,empate,0,-1,100,0,0,0.0000,0.1200,2778,213,2344,221
683,947373156,vermelho,azul,heuristica,empate,0,-1,100,90,120,0.7500,0.0000,529,105,324,100
684,2132834058,azul,verde,heuristica,empate,0,-1,100,90,110,0.8182,0.1000,424,100,226,98
684,2132834058,azul,vermelho,heuristica,empate,0,-1,100,110,90,1.2222,0.0404,1793,140,1553,100
684,2132834058,azul,azul,heuristica,empate,0,-1,100,0,0,0.0000,0.0000,1847,34,1813,0
685,1519292891,verde,verde,heuristica,verde,1,3,31,30,0,30.0000,0.0323,792,66,663,63
685,1519292891,verde,vermelho,heuristica,verde,0,-3,31,90,120,0.7500,0.0000,617,103,403,111
685,1519292891,verde,azul,heuristica,verde,0,-3,31,120,120,1.0000,0.1000,1012,158,698,156
686,1220596411,vermelho,verde,heuristica,vermelho,0,-3,29,120,120,1.0000,0.0000,927,124,682,121
686,1220596411,vermelho,vermelho,heuristica,vermelho,1,3,29,90,30,3.0000,0.0345,933,153,680,100
686,1220596411,vermelho,azul,heuristica,vermelho,0,-3,29,60,120,0.5000,0.0000,708,67,573,68
687,1048016289,azul,verde,heuristica,empate,0,-1,100,90,110,0.8182,0.0400,636,63,513,60
687,1048016289,azul,vermelho,heuristica,empate,0,-1,100,110,90,1.2222,0.0808,2603,141,2325,137
687,1048016289,azul,azul,heuristica,empate,0,-1,100,0,0,0.0000,0.0000,1280,2,1278,0
688,522013940,verde,verde,heuristica,vermelho,0,-3,60,90,100,0.9000,0.1364,769,121,528,120
688,522013940,verde,vermelho,heuristica,vermelho,1,3,60,30,30,1.0000,0.0333,1145,42,1064,39
688,522013940,verde,azul,heuristica,vermelho,0,-3,60,130,120,1.0833,0.1186,1697,160,1388,149
689,1709267489,vermelho,verde,heuristica,vermelho,0,-3,14,60,110,0.5455,0.2500,395,95,200,100
689,1709267489,vermelho,vermelho,heuristica,vermelho,1,3,14,60,30,2.0000,0.0000,451,54,347,50
689,1709267489,vermelho,azul,heuristica,vermelho,0,-3,14,140,120,1.1667,0.1538,606,150,306,150
690,1729243779,azul,verde,heuristica,empate,0,-1,100,90,120,0.7500,0.0000,546,96,350,100
690,1729243779,azul,vermelho,heuristica,empate,0,-1,100,120,90,1.3333,0.0202,2053,104,1850,99
690,1729243779,azul,azul,heuristica,empate,0,-1,100,0,0,0.0000,0.0100,1832,0,1832,0
691,1784580866,verde,verde,heuristica,azul,0,-3,13,90,120,0.7500,0.0000,345,90,162,93
691,1784580866,verde,vermelho,heuristica,azul,0,-3,13,150,120,1.2500,0.0769,564,128,314,122
691,1784580866,verde,azul,heuristica,azul,1,3,13,30,30,1.0000,0.1538,340,27,288,25
692,1491450575,vermelho,verde,heuristica,vermelho,0,-3,30,120,120,1.0000,0.0345,921,130,667,124
692,1491450575,vermelho,vermelho,heuristica,vermelho,1,3,30,30,0,30.0000,0.0333,570,39,495,36
692,1491450575,vermelho,azul,heuristica,vermelho,0,-3,30,90,120,0.7500,0.1111,639,101,438,100
693,1568923797,azul,verde,heuristica,azul,0,-3,22,150,120,1.2500,0.0476,732,136,465,131
693,1568923797,azul,vermelho,heuristica,azul,0,-3,22,90,120,0.7500,0.0000,320,93,138,89
693,1568923797,azul,azul,heuristica,azul,1,3,22,30,30,1.0000,0.0455,605,45,514,46
694,362309885,verde,verde,heuristica,verde,1,3,10,30,0,30.0000,0.0000,339,44,245,50
694,362309885,verde,vermelho,heuristica,verde,0,-3,10,120,120,1.0000,0.0000,498,177,206,115
694,362309885,verde,azul,heuristica,verde,0,-3,10,90,120,0.7500,0.0000,346,96,150,100
695,2101121314,vermelho,verde,heuristica,empate,0,-1,100,90,100,0.9000,0.1111,954,142,664,148
695,2101121314,vermelho,vermelho,heuristica,empate,0,-1,100,100,90,1.1111,0.0700,2275,156,1969,150
695,2101121314,vermelho,azul,heuristica,empate,0,-1,100,0,0,0.0000,0.0200,1748,47,1653,48
696,1869267578,azul,verde,heuristica,empate,0,-1,100,60,120,0.5000,0.0417,565,82,407,76
696,1869267578,azul,vermelho,heuristica,empate,0,-1,100,120,90,1.3333,0.0000,1726,128,1484,114
696,1869267578,azul,azul,heuristica,empate,0,-1,100,30,0,30.0000,0.0100,2563,105,2339,119
697,594861639,verde,verde,heuristica,azul,0,-3,54,140,110,1.2727,0.0741,1545,151,1244,150
697,594861639,verde,vermelho,heuristica,azul,0,-3,54,50,110,0.4545,0.0556,560,80,405,75
697,594861639,verde,azul,heuristica,azul,1,3,54,60,30,2.0000,0.0741,1434,70,1289,75
698,562332132,vermelho,verde,heuristica,azul,0,-3,14,90,120,0.7500,0.0000,409,92,221,96
698,562332132,vermelho,vermelho,heuristica,azul,0,-3,14,120,120,1.0000,0.0714,555,121,319,115
698,562332132,vermelho,azul,heuristica,azul,1,3,14,30,0,30.0000,0.0714,429,52,327,50
699,141045692,azul,verde,heuristica,empate,0,-1,100,0,0,0.0000,0.0505,2298,1,2297,0
699,141045692,azul,vermelho,heuristica,empate,0,-1,100,60,100,0.6000,0.1111,597,93,405,99
699,141045692,azul,azul,heuristica,empate,0,-1,100,100,60,1.6667,0.0400,2390,137,2086,167
700,893437542,verde,verde,heuristica,vermelho,0,-3,29,150,120,1.2500,0.0000,939,194,586,159
700,893437542,verde,vermelho,heuristica,vermelho,1,3,29,30,30,1.0000,0.0690,753,31,697,25
700,893437542,verde,azul,heuristica,vermelho,0,-3,29,90,120,0.7500,0.0833,733,93,553,87
701,1356990828,vermelho,verde,heuristica,vermelho,0,-3,56,90,120,0.7500,0.0000,350,101,149,100
701,1356990828,vermelho,vermelho,heuristica,vermelho,1,3,56,30,30,1.0000,0.0357,1100,38,1025,37
701,1356990828,vermelho,azul,heuristica,vermelho,0,-3,56,150,120,1.2500,0.0727,1522,128,1275,119
702,758057594,azul,verde,heuristica,empate,0,-1,100,0,0,0.0000,0.4040,1777,22,1730,25
702,758057594,azul,vermelho,heuristica,empate,0,-1,100,120,90,1.3333,0.0303,2161,146,1875,140
702,758057594,azul,azul,heuristica,empate,0,-1,100,90,120,0.7500,0.0000,484,117,246,121
703,1224258741,verde,verde,heuristica,vermelho,0,-3,29,150,120,1.2500,0.1379,1075,200,702,173
703,1224258741,verde,vermelho,heuristica,vermelho,1,3,29,30,30,1.0000,0.0345,1000,141,710,149
703,1224258741,verde,azul,heuristica,vermelho,0,-3,29,90,120,0.7500,0.1000,453,104,249,100
704,1738688665,vermelho,verde,heuristica,empate,0,-1,100,50,120,0.4167,0.1333,582,123,341,118
704,1738688665,vermelho,vermelho,heuristica,empate,0,-1,100,120,50,2.4000,0.0400,1961,105,1757,99
704,1738688665,vermelho,azul,heuristica,empate,0,-1,100,0,0,0.0000,0.3100,1891,0,1891,0
705,284656161,azul,verde,heuristica,verde,1,3,19,30,30,1.0000,0.0556,647,116,431,100
705,284656161,azul,vermelho,heuristica,verde,0,-3,19,150,120,1.2500,0.0588,594,131,360,103
705,284656161,azul,azul,heuristica,verde,0,-3,19,90,120,0.7500,0.1250,493,78,354,61
706,1037174125,verde,verde,heuristica,vermelho,0,-3,92,80,110,0.7273,0.1148,1474,140,1195,139
706,1037174125,verde,vermelho,heuristica,vermelho,1,3,92,110,30,3.6667,0.0978,2363,131,2110,122
706,1037174125,verde,azul,heuristica,vermelho,0,-3,92,60,110,0.5455,0.2418,2169,126,1906,137
707,1145925364,vermelho,verde,heuristica,vermelho,0,-3,61,90,120,0.7500,0.3333,2230,494,1234,502
707,1145925364,vermelho,vermelho,heuristica,vermelho,1,3,61,220,90,2.4444,0.0328,1751,323,1176,252
707,1145925364,vermelho,azul,heuristica,vermelho,0,-3,61,0,100,0.0000,0.1500,1613,134,1344,135
708,79466218,azul,verde,heuristica,vermelho,0,-3,21,50,100,0.5000,0.1000,694,96,498,100
708,79466218,azul,vermelho,heuristica,vermelho,1,3,21,200,90,2.2222,0.4000,844,200,457,187
708,79466218,azul,azul,heuristica,vermelho,0,-3,21,40,100,0.4000,0.5000,454,104,250,100
709,508015536,verde,verde,heuristica,empate,0,-1,100,90,120,0.7500,0.0000,765,68,632,65
709,508015536,verde,vermelho,heuristica,empate,0,-1,100,0,0,0.0000,0.0000,1218,0,1218,0
709,508015536,verde,azul,heuristica,empate,0,-1,100,120,90,1.3333,0.0100,2166,165,1836,165
710,302173163,vermelho,verde,heuristica,azul,0,-3,20,90,120,0.7500,0.0000,395,95,200,100
710,302173163,vermelho,vermelho,heuristica,azul,0,-3,20,150,120,1.2500,0.0500,660,124,420,116
710,302173163,vermelho,azul,heuristica,azul,1,3,20,30,30,1.0000,0.0000,536,27,485,24
711,491820749,azul,verde,heuristica,azul,0,-3,95,90,120,0.7500,0.0000,476,126,225,125
711,491820749,azul,vermelho,heuristica,azul,0,-3,95,120,120,1.0000,0.0426,2143,106,1937,100
711,491820749,azul,azul,heuristica,azul,1,3,95,30,0,30.0000,0.0526,2330,52,2228,50
712,247657394,verde,verde,heuristica,vermelho,0,-3,59,120,120,1.0000,0.0339,1859,206,1435,218
712,247657394,verde,vermelho,heuristica,vermelho,1,3,59,30,0,30.0000,0.0169,1268,19,1234,15
712,247657394,verde,azul,heuristica,vermelho,0,-3,59,90,120,0.7500,0.0000,1129,187,731,211
713,1776086572,vermelho,verde,heuristica,empate,0,-1,100,0,0,0.0000,0.0000,1314,0,1314,0
713,1776086572,vermelho,vermelho,heuristica,empate,0,-1,100,30,0,30.0000,0.0300,1791,28,1738,25
713,1776086572,vermelho,azul,heuristica,empate,0,-1,100,0,30,0.0000,0.0000,1722,39,1637,46
714,1632761478,azul,verde,heuristica,vermelho,0,-3,51,120,110,1.0909,0.0600,1293,95,1097,101
714,1632761478,azul,vermelho,heuristica,vermelho,1,3,51,30,0,30.0000,0.0200,1179,77,1018,84
714,1632761478,azul,azul,heuristica,vermelho,0,-3,51,80,120,0.6667,0.1429,445,64,322,59
715,231975991,verde,verde,heuristica,vermelho,0,-3,15,60,100,0.6000,0.1667,446,77,295,74
715,231975991,verde,vermelho,heuristica,vermelho,1,3,15,40,30,1.3333,0.2000,594,128,351,115
715,231975991,verde,azul,heuristica,vermelho,0,-3,15,130,100,1.3000,0.5714,742,200,342,200
716,733326103,vermelho,verde,heuristica,verde,1,3,46,30,30,1.0000,0.0444,1342,131,1086,125
716,733326103,vermelho,vermelho,heuristica,verde,0,-3,46,90,120,0.7500,0.0385,734,112,533,89
716,733326103,vermelho,azul,heuristica,verde,0,-3,46,150,120,1.2500,0.0000,1413,147,1116,150
717,1411364412,azul,verde,heuristica,azul,0,-3,63,90,120,0.7500,0.1250,939,197,536,206
717,1411364412,azul,vermelho,heuristica,azul,0,-3,63,130,100,1.3000,0.1129,1846,196,1464,186
717,1411364412,azul,azul,heuristica,azul,1,3,63,10,10,1.0000,0.1746,1371,67,1234,70
718,1200314224,verde,verde,heuristica,empate,0,-1,100,0,0,0.0000,0.0200,1840,88,1655,97
718,1200314224,verde,vermelho,heuristica,empate,0,-1,100,0,0,0.0000,0.0100,1957,43,1873,41
718,1200314224,verde,azul,heuristica,empate,0,-1,100,0,0,0.0000,0.0700,1835,2,1833,0
719,1259110644,vermelho,verde,heuristica,azul,0,-3,64,120,120,1.0000,0.0635,1732,125,1483,124
719,1259110644,vermelho,vermelho,heuristica,azul,0,-3,64,90,120,0.7500,0.0000,425,79,271,75
719,1259110644,vermelho,azul,heuristica,azul,1,3,64,30,0,30.0000,0.0469,1402,20,1366,16
720,447719130,azul,verde,heuristica,verde,1,3,56,90,90,1.0000,0.0909,1666,192,1243,231
720,447719130,azul,vermelho,heuristica,verde,0,-3,56,180,120,1.5000,0.0926,1528,178,1209,141
720,447719130,azul,azul,heuristica,verde,0,-3,56,60,120,0.5000,0.1667,526,138,275,113
721,1722184469,verde,verde,heuristica,empate,0,-1,100,180,90,2.0000,0.0100,2569,287,2015,267
721,1722184469,verde,vermelho,heuristica,empate,0,-1,100,90,120,0.7500,0.0732,1219,133,963,123
721,1722184469,verde,azul,heuristica,empate,0,-1,100,0,60,0.0000,0.1400,2788,249,2283,256
722,327044082,vermelho,verde,heuristica,verde,1,3,19,30,0,30.0000,0.2222,636,104,413,119
722,327044082,vermelho,vermelho,heuristica,verde,0,-3,19,120,120,1.0000,0.0000,786,198,426,162
722,327044082,vermelho,azul,heuristica,verde,0,-3,19,90,120,0.7500,0.2143,643,145,349,149
723,592593125,azul,verde,heuristica,empate,0,-1,100,90,120,0.7500,0.0000,375,100,175,100
723,592593125,azul,vermelho,heuristica,empate,0,-1,100,0,0,0.0000,0.0101,1830,4,1826,0
723,592593125,azul,azul,heuristica,empate,0,-1,100,120,90,1.3333,0.0300,2241,105,2036,100
724,580558835,verde,verde,heuristica,vermelho,0,-3,12,120,120,1.0000,0.0000,488,107,281,100
724,580558835,verde,vermelho,heuristica,vermelho,1,3,12,90,30,3.0000,0.2500,477,124,257,96
724,580558835,verde,azul,heuristica,vermelho,0,-3,12,60,120,0.5000,0.0000,410,101,234,75
725,1641414582,vermelho,verde,heuristica,empate,0,-1,100,90,60,1.5000,0.0101,2082,74,1944,64
725,1641414582,vermelho,vermelho,heuristica,empate,0,-1,100,0,0,0.0000,0.0100,1738,0,1738,0
725,1641414582,vermelho,azul,heuristica,empate,0,-1,100,60,90,0.6667,0.0000,1461,79,1311,71
726,1314131657,azul,verde,heuristica,empate,0,-1,100,120,90,1.3333,0.0101,2793,206,2387,200
726,1314131657,azul,vermelho,heuristica,empate,0,-1,100,90,120,0.7500,0.0800,776,79,622,75
726,1314131657,azul,azul,heuristica,empate,0,-1,100,0,0,0.0000,0.0100,1432,17,1400,15
727,2077249961,verde,verde,heuristica,verde,1,3,52,30,20,1.5000,0.0577,921,40,848,33
727,2077249961,verde,vermelho,heuristica,verde,0,-3,52,90,100,0.9000,0.5926,630,68,486,76
727,2077249961,verde,azul,heuristica,verde,0,-3,52,120,120,1.0000,0.1765,1472,159,1162,151
728,626421707,vermelho,verde,heuristica,empate,0,-1,100,0,0,0.0000,0.0000,1826,5,1821,0
728,626421707,vermelho,vermelho,heuristica,empate,0,-1,100,0,0,0.0000,0.0400,2039,22,1995,22
728,626421707,vermelho,azul,heuristica,empate,0,-1,100,0,0,0.0000,0.0100,2186,90,1983,113
729,1432468837,azul,verde,heuristica,azul,0,-3,24,120,100,1.2000,0.1739,763,107,556,100
729,1432468837,azul,vermelho,heuristica,azul,0,-3,24,70,120,0.5833,0.1538,499,97,307,95
729,1432468837,azul,azul,heuristica,azul,1,3,24,30,0,30.0000,0.0417,693,67,557,69
730,2024764721,verde,verde,heuristica,vermelho,0,-3,54,90,120,0.7500,0.1429,309,77,160,72
730,2024764721,verde,vermelho,heuristica,vermelho,1,3,54,30,0,30.0000,0.0741,1274,21,1234,19
730,2024764721,verde,azul,heuristica,vermelho,0,-3,54,120,120,1.0000,0.0189,1438,139,1158,141
731,1142105127,vermelho,verde,heuristica,verde,1,3,17,30,30,1.0000,0.0000,460,52,358,50
731,1142105127,vermelho,vermelho,heuristica,verde,0,-3,17,90,100,0.9000,0.3333,414,103,212,99
731,1142105127,vermelho,azul,heuristica,verde,0,-3,17,130,120,1.0833,0.1250,672,154,371,147
732,356399633,azul,verde,heuristica,verde,1,3,11,80,50,1.6000,0.1000,479,129,250,100
732,356399633,azul,vermelho,heuristica,verde,0,-3,11,60,100,0.6000,0.1429,343,104,164,75
732,356399633,azul,azul,heuristica,verde,0,-3,11,130,120,1.0833,0.2000,507,132,250,125
733,275188426,verde,verde,heuristica,empate,0,-1,100,0,0,0.0000,0.0200,2023,1,2022,0
733,275188426,verde,vermelho,heuristica,empate,0,-1,100,120,90,1.3333,0.0100,2598,106,2392,100
733,275188426,verde,azul,heuristica,empate,0,-1,100,90,120,0.7500,0.2500,403,103,200,100
734,1434154751,vermelho,verde,heuristica,verde,1,3,53,30,0,30.0000,0.0962,1378,65,1239,74
734,1434154751,vermelho,vermelho,heuristica,verde,0,-3,53,90,120,0.7500,0.0000,657,95,474,88
734,1434154751,vermelho,azul,heuristica,verde,0,-3,53,120,120,1.0000,0.0000,1238,95,1054,89
735,1801140829,azul,verde,heuristica,azul,0,-3,35,150,120,1.2500,0.0000,1149,191,775,183
735,1801140829,azul,vermelho,heuristica,azul,0,-3,35,90,120,0.7500,0.0870,672,77,521,74
735,1801140829,azul,azul,heuristica,azul,1,3,35,30,30,1.0000,0.0000,691,22,649,20
736,1993507864,verde,verde,heuristica,vermelho,0,-3,38,120,120,1.0000,0.1053,1182,129,928,125
736,1993507864,verde,vermelho,heuristica,vermelho,1,3,38,30,0,30.0000,0.0000,761,26,714,21
736,1993507864,verde,azul,heuristica,vermelho,0,-3,38,90,120,0.7500,0.0000,425,100,229,96
737,2023364721,vermelho,verde,heuristica,vermelho,0,-3,33,120,120,1.0000,0.0313,898,118,666,114
737,2023364721,vermelho,vermelho,heuristica,vermelho,1,3,33,30,0,30.0000,0.0303,856,25,809,22
737,2023364721,vermelho,azul,heuristica,vermelho,0,-3,33,90,120,0.7500,0.0000,514,103,313,98
738,134698184,azul,verde,heuristica,empate,0,-1,100,120,90,1.3333,0.0404,2596,198,2198,200
738,134698184,azul,vermelho,heuristica,empate,0,-1,100,0,0,0.0000,0.0606,2330,18,2291,21
738,134698184,azul,azul,heuristica,empate,0,-1,100,90,120,0.7500,0.0667,512,79,358,75
739,1583040395,verde,verde,heuristica,empate,0,-1,100,120,90,1.3333,0.0000,1656,118,1426,112
739,1583040395,verde,vermelho,heuristica,empate,0,-1,100,90,120,0.7500,0.0000,701,94,517,90
739,1583040395,verde,azul,heuristica,empate,0,-1,100,0,0,0.0000,0.0000,1691,0,1691,0
740,1032295844,vermelho,verde,heuristica,empate,0,-1,100,60,60,1.0000,0.0101,2010,66,1877,67
740,1032295844,vermelho,vermelho,heuristica,empate,0,-1,100,60,70,0.8571,0.0600,2293,105,2088,100
740,1032295844,vermelho,azul,heuristica,empate,0,-1,100,130,120,1.0833,0.1111,1604,174,1259,171
741,1889624383,azul,verde,heuristica,verde,1,3,27,30,0,30.0000,0.0000,901,121,631,149
741,1889624383,azul,vermelho,heuristica,verde,0,-3,27,110,120,0.9167,0.1600,955,195,610,150
741,1889624383,azul,azul,heuristica,verde,0,-3,27,90,110,0.8182,0.0625,730,183,397,150
742,1838169115,verde,verde,heuristica,vermelho,0,-3,84,90,120,0.7500,0.0000,1053,107,846,100
742,1838169115,verde,vermelho,heuristica,vermelho,1,3,84,30,30,1.0000,0.0000,1599,60,1482,57
742,1838169115,verde,azul,heuristica,vermelho,0,-3,84,150,120,1.2500,0.1084,2159,147,1871,141
743,532023419,vermelho,verde,heuristica,verde,1,3,23,30,30,1.0000,0.0909,553,27,503,23
743,532023419,vermelho,vermelho,heuristica,verde,0,-3,23,80,110,0.7273,0.3333,557,104,355,98
743,532023419,vermelho,azul,heuristica,verde,0,-3,23,140,110,1.2727,0.2727,918,200,526,192
744,1693007723,azul,verde,heuristica,empate,0,-1,100,90,120,0.7500,0.0000,485,58,374,53
744,1693007723,azul,vermelho,heuristica,empate,0,-1,100,120,90,1.3333,0.0000,1849,123,1653,73
744,1693007723,azul,azul,heuristica,empate,0,-1,100,0,0,0.0000,0.0100,1315,48,1267,0
745,685610348,verde,verde,heuristica,empate,0,-1,100,0,0,0.0000,0.0300,2145,1,2144,0
745,685610348,verde,vermelho,heuristica,empate,0,-1,100,120,90,1.3333,0.0100,1889,102,1691,96
745,685610348,verde,azul,heuristica,empate,0,-1,100,90,120,0.7500,0.0000,519,74,375,70
746,226624391,vermelho,verde,heuristica,vermelho,0,-3,23,100,120,0.8333,0.3182,800,127,548,125
746,226624391,vermelho,vermelho,heuristica,vermelho,1,3,23,30,0,30.0000,0.0435,632,44,538,50
746,226624391,vermelho,azul,heuristica,vermelho,0,-3,23,90,100,0.9000,0.1667,627,95,432,100
747,104280143,azul,verde,heuristica,azul,0,-3,50,60,120,0.5000,0.0244,1231,123,984,124
747,104280143,azul,vermelho,heuristica,azul,0,-3,50,150,120,1.2500,0.0000,1398,124,1158,116
747,104280143,azul,azul,heuristica,azul,1,3,50,60,30,2.0000,0.0000,1182,118,944,120
748,5114185,verde,verde,heuristica,empate,0,-1,100,0,0,0.0000,0.0000,1729,0,1729,0
748,5114185,verde,vermelho,heuristica,empate,0,-1,100,120,90,1.3333,0.0100,1751,102,1553,96
748,5114185,verde,azul,heuristica,empate,0,-1,100,90,120,0.7500,0.0000,264,76,116,72
749,2053688377,vermelho,verde,heuristica,azul,0,-3,25,90,120,0.7500,0.1429,686,91,501,94
749,2053688377,vermelho,vermelho,heuristica,azul,0,-3,25,120,120,1.0000,0.0000,827,131,573,123
749,2053688377,vermelho,azul,heuristica,azul,1,3,25,30,0,30.0000,0.1200,703,59,575,69
750,1451533353,azul,verde,heuristica,azul,0,-3,27,60,120,0.5000,0.0417,757,96,586,75
750,1451533353,azul,vermelho,heuristica,azul,0,-3,27,120,120,1.0000,0.0385,873,151,597,125
750,1451533353,azul,azul,heuristica,azul,1,3,27,150,90,1.6667,0.0000,1102,252,633,217
751,1017531994,verde,verde,heuristica,verde,1,3,37,30,0,30.0000,0.0541,906,48,812,46
751,1017531994,verde,vermelho,heuristica,verde,0,-3,37,90,120,0.7500,0.0000,428,65,302,61
751,1017531994,verde,azul,heuristica,verde,0,-3,37,120,120,1.0000,0.0833,1240,205,827,208
752,40908190,vermelho,verde,heuristica,empate,0,-1,100,0,0,0.0000,0.0101,1485,40,1420,25
752,40908190,vermelho,vermelho,heuristica,empate,0,-1,100,80,110,0.7273,0.2778,675,121,429,125
752,40908190,vermelho,azul,heuristica,empate,0,-1,100,110,80,1.3750,0.0600,2348,136,2087,125
753,1141767897,azul,verde,heuristica,verde,1,3,31,20,0,20.0000,0.0667,673,27,621,25
753,1141767897,azul,vermelho,heuristica,verde,0,-3,31,80,120,0.6667,0.1200,780,100,580,100
753,1141767897,azul,azul,heuristica,verde,0,-3,31,120,100,1.2000,0.1000,938,121,692,125
754,1257839479,verde,verde,heuristica,vermelho,0,-3,44,140,120,1.1667,0.1136,1324,151,1032,141
754,1257839479,verde,vermelho,heuristica,vermelho,1,3,44,30,30,1.0000,0.1591,1314,116,1073,125
754,1257839479,verde,azul,heuristica,vermelho,0,-3,44,90,110,0.8182,0.1111,1050,104,846,100
755,1364339178,vermelho,verde,heuristica,empate,0,-1,100,90,120,0.7500,0.1395,1172,107,965,100
755,1364339178,vermelho,vermelho,heuristica,empate,0,-1,100,120,90,1.3333,0.0200,2208,153,1889,166
755,1364339178,vermelho,azul,heuristica,empate,0,-1,100,0,0,0.0000,0.0200,1997,57,1880,60
756,1135458689,azul,verde,heuristica,verde,1,3,24,60,60,1.0000,0.0435,666,71,523,72
756,1135458689,azul,vermelho,heuristica,verde,0,-3,24,40,100,0.4000,0.2500,563,95,377,91
756,1135458689,azul,azul,heuristica,verde,0,-3,24,160,100,1.6000,0.1304,920,182,566,172
757,1648737985,verde,verde,heuristica,azul,0,-3,19,90,120,0.7500,0.0000,416,96,220,100
757,1648737985,verde,vermelho,heuristica,azul,0,-3,19,150,120,1.2500,0.1579,760,156,456,148
757,1648737985,verde,azul,heuristica,azul,1,3,19,30,30,1.0000,0.1053,568,65,433,70
758,487316115,vermelho,verde,heuristica,verde,1,3,19,60,60,1.0000,0.2778,669,120,425,124
758,487316115,vermelho,vermelho,heuristica,verde,0,-3,19,170,120,1.4167,0.1667,846,202,444,200
758,487316115,vermelho,azul,heuristica,verde,0,-3,19,60,110,0.5455,0.2857,377,102,175,100
759,1847801574,azul,verde,heuristica,verde,1,3,67,30,30,1.0000,0.0303,1507,62,1385,60
759,1847801574,azul,vermelho,heuristica,verde,0,-3,67,90,120,0.7500,0.0000,442,94,249,99
759,1847801574,azul,azul,heuristica,verde,0,-3,67,150,120,1.2500,0.0303,2010,225,1555,230
760,1643984056,verde,verde,heuristica,vermelho,0,-3,23,120,120,1.0000,0.1739,724,116,500,108
760,1643984056,verde,vermelho,heuristica,vermelho,1,3,23,30,30,1.0000,0.2609,785,110,575,100
760,1643984056,verde,azul,heuristica,vermelho,0,-3,23,120,120,1.0000,0.2222,790,192,427,171
761,791159585,vermelho,verde,heuristica,vermelho,0,-3,74,90,100,0.9000,0.4167,609,159,300,150
761,791159585,vermelho,vermelho,heuristica,vermelho,1,3,74,30,0,30.0000,0.1351,1847,68,1710,69
761,791159585,vermelho,azul,heuristica,vermelho,0,-3,74,100,120,0.8333,0.1507,1836,174,1487,175
762,1362632934,azul,verde,heuristica,verde,1,3,41,30,0,30.0000,0.0750,892,29,842,21
762,1362632934,azul,vermelho,heuristica,verde,0,-3,41,90,100,0.9000,0.2381,869,173,523,173
762,1362632934,azul,azul,heuristica,verde,0,-3,41,100,120,0.8333,0.2500,1213,164,895,154
763,377733151,verde,verde,heuristica,vermelho,0,-3,36,90,120,0.7500,0.1364,694,105,490,99
763,377733151,verde,vermelho,heuristica,vermelho,1,3,36,30,30,1.0000,0.0000,878,53,775,50
763,377733151,verde,azul,heuristica,vermelho,0,-3,36,150,120,1.2500,0.0286,1053,149,762,142
764,1420768891,vermelho,verde,heuristica,azul,0,-3,13,120,120,1.0000,0.0000,510,150,247,113
764,1420768891,vermelho,vermelho,heuristica,azul,0,-3,13,90,120,0.7500,0.0000,595,155,315,125
764,1420768891,vermelho,azul,heuristica,azul,1,3,13,120,90,1.3333,0.0000,700,206,322,172
765,2044870516,azul,verde,heuristica,azul,0,-3,58,90,100,0.9000,0.1000,428,99,233,96
765,2044870516,azul,vermelho,heuristica,azul,0,-3,58,130,120,1.0833,0.0526,1726,197,1339,190
765,2044870516,azul,azul,heuristica,azul,1,3,58,30,30,1.0000,0.0000,1077,41,1000,36
766,1006327128,verde,verde,heuristica,azul,0,-3,40,90,120,0.7500,0.0000,370,95,175,100
766,1006327128,verde,vermelho,heuristica,azul,0,-3,40,120,120,1.0000,0.0500,1041,106,835,100
766,1006327128,verde,azul,heuristica,azul,1,3,40,30,0,30.0000,0.0250,1054,57,926,71
767,336700548,vermelho,verde,heuristica,vermelho,0,-3,30,90,120,0.7500,0.0345,845,131,619,95
767,336700548,vermelho,vermelho,heuristica,vermelho,1,3,30,120,90,1.3333,0.0333,1040,200,699,141
767,336700548,vermelho,azul,heuristica,vermelho,0,-3,30,120,120,1.0000,0.0000,866,166,611,89
768,715912012,azul,verde,heuristica,verde,1,3,58,30,0,30.0000,0.0877,1350,28,1297,25
768,715912012,azul,vermelho,heuristica,verde,0,-3,58,120,120,1.0000,0.0893,1554,142,1273,139
768,715912012,azul,azul,heuristica,verde,0,-3,58,90,120,0.7500,0.0238,1092,100,900,92
769,481883728,verde,verde,heuristica,azul,0,-3,12,90,120,0.7500,0.0000,411,101,211,99
769,481883728,verde,vermelho,heuristica,azul,0,-3,12,150,120,1.2500,0.0000,537,132,281,124
769,481883728,verde,azul,heuristica,azul,1,3,12,30,30,1.0000,0.0833,402,52,300,50
770,1614053631,vermelho,verde,heuristica,azul,0,-3,17,120,120,1.0000,0.0000,626,124,366,136
770,1614053631,vermelho,vermelho,heuristica,azul,0,-3,17,90,120,0.7500,0.0000,393,101,218,74
770,1614053631,vermelho,azul,heuristica,azul,1,3,17,30,0,30.0000,0.1176,604,105,405,94
771,1276108841,azul,verde,heuristica,vermelho,0,-3,9,100,120,0.8333,0.1250,496,148,199,149
771,1276108841,azul,vermelho,heuristica,vermelho,1,3,9,30,0,30.0000,0.2500,373,105,193,75
771,1276108841,azul,azul,heuristica,vermelho,0,-3,9,90,100,0.9000,0.3750,517,201,193,123
772,628933363,verde,verde,heuristica,verde,1,3,21,30,30,1.0000,0.0952,557,25,508,24
772,628933363,verde,vermelho,heuristica,verde,0,-3,21,90,120,0.7500,0.0000,398,100,199,99
772,628933363,verde,azul,heuristica,verde,0,-3,21,150,120,1.2500,0.0500,1068,295,477,296
773,266047734,vermelho,verde,heuristica,empate,0,-1,100,0,0,0.0000,0.0404,2241,51,2140,50
773,266047734,vermelho,vermelho,heuristica,empate,0,-1,100,30,30,1.0000,0.0100,1900,90,1752,58
773,266047734,vermelho,azul,heuristica,empate,0,-1,100,30,30,1.0000,0.0000,2187,138,1934,115
774,437958854,azul,verde,heuristica,empate,0,-1,100,120,90,1.3333,0.0303,1954,93,1775,86
774,437958854,azul,vermelho,heuristica,empate,0,-1,100,90,120,0.7500,0.0588,548,84,377,87
774,437958854,azul,azul,heuristica,empate,0,-1,100,0,0,0.0000,0.0000,1760,1,1759,0
775,882820366,verde,verde,heuristica,azul,0,-3,28,70,120,0.5833,0.0800,853,123,611,119
775,882820366,verde,vermelho,heuristica,azul,0,-3,28,120,100,1.2000,0.0714,851,180,490,181
775,882820366,verde,azul,heuristica,azul,1,3,28,30,0,30.0000,0.1786,730,32,649,49
776,2103879765,vermelho,verde,heuristica,vermelho,0,-3,37,130,120,1.0833,0.0556,1194,157,888,149
776,2103879765,vermelho,vermelho,heuristica,vermelho,1,3,37,30,30,1.0000,0.0000,1004,65,873,66
776,2103879765,vermelho,azul,heuristica,vermelho,0,-3,37,90,100,0.9000,0.0556,649,101,448,100
777,1878469685,azul,verde,heuristica,verde,1,3,15,30,0,30.0000,0.0714,533,83,350,100
777,1878469685,azul,vermelho,heuristica,verde,0,-3,15,90,120,0.7500,0.0000,400,100,200,100
777,1878469685,azul,azul,heuristica,verde,0,-3,15,120,120,1.0000,0.0000,605,130,350,125
778,260653707,verde,verde,heuristica,empate,0,-1,100,0,0,0.0000,0.0000,1776,17,1734,25
778,260653707,verde,vermelho,heuristica,empate,0,-1,100,0,0,0.0000,0.0200,1738,44,1650,44
778,260653707,verde,azul,heuristica,empate,0,-1,100,0,0,0.0000,0.0000,1687,0,1687,0
779,2055886471,vermelho,verde,heuristica,azul,0,-3,31,120,120,1.0000,0.0667,1007,139,743,125
779,2055886471,vermelho,vermelho,heuristica,azul,0,-3,31,90,120,0.7500,0.0000,401,101,200,100
779,2055886471,vermelho,azul,heuristica,azul,1,3,31,30,0,30.0000,0.1935,761,23,717,21
780,181546477,azul,verde,heuristica,empate,0,-1,100,90,120,0.7500,0.0000,452,93,266,93
780,181546477,azul,vermelho,heuristica,empate,0,-1,100,0,0,0.0000,0.0303,1895,2,1893,0
780,181546477,azul,azul,heuristica,empate,0,-1,100,120,90,1.3333,0.0100,1999,92,1820,87
781,1696711507,verde,verde,heuristica,azul,0,-3,31,90,120,0.7500,0.0000,378,103,175,100
781,1696711507,verde,vermelho,heuristica,azul,0,-3,31,150,120,1.2500,0.0323,1045,145,759,141
781,1696711507,verde,azul,heuristica,azul,1,3,31,30,30,1.0000,0.0000,624,28,570,26
782,1229825111,vermelho,verde,heuristica,empate,0,-1,100,100,40,2.5000,0.1616,2635,143,2346,146
782,1229825111,vermelho,vermelho,heuristica,empate,0,-1,100,0,0,0.0000,0.0000,2010,24,1961,25
782,1229825111,vermelho,azul,heuristica,empate,0,-1,100,40,100,0.4000,0.1429,1115,221,675,219
783,1997479060,azul,verde,heuristica,empate,0,-1,100,0,100,0.0000,0.2105,620,103,417,100
783,1997479060,azul,vermelho,heuristica,empate,0,-1,100,100,0,100.0000,0.0202,2029,136,1762,131
783,1997479060,azul,azul,heuristica,empate,0,-1,100,0,0,0.0000,0.0000,1908,1,1907,0
784,443438607,verde,verde,heuristica,verde,1,3,77,30,0,30.0000,0.0000,1572,198,1178,196
784,443438607,verde,vermelho,heuristica,verde,0,-3,77,120,120,1.0000,0.0395,2089,120,1850,119
784,443438607,verde,azul,heuristica,verde,0,-3,77,90,120,0.7500,0.0286,987,79,833,75
785,1255488848,vermelho,verde,heuristica,verde,1,3,17,150,90,1.6667,0.1250,678,176,345,157
785,1255488848,vermelho,vermelho,heuristica,verde,0,-3,17,90,120,0.7500,0.2500,612,152,337,123
785,1255488848,vermelho,azul,heuristica,verde,0,-3,17,90,120,0.7500,0.1333,621,153,359,109
786,1713663468,azul,verde,heuristica,empate,0,-1,100,120,90,1.3333,0.1212,2320,101,2125,94
786,1713663468,azul,vermelho,heuristica,empate,0,-1,100,0,0,0.0000,0.1313,2325,14,2291,20
786,1713663468,azul,azul,heuristica,empate,0,-1,100,90,120,0.7500,0.0000,315,71,177,67
787,1326665035,verde,verde,heuristica,verde,1,3,30,30,0,30.0000,0.0000,790,28,737,25
787,1326665035,verde,vermelho,heuristica,verde,0,-3,30,90,120,0.7500,0.0417,681,92,500,89
787,1326665035,verde,azul,heuristica,verde,0,-3,30,120,120,1.0000,0.0000,912,130,658,124
788,1485550945,vermelho,verde,heuristica,azul,0,-3,14,120,110,1.0909,0.0769,577,127,325,125
788,1485550945,vermelho,vermelho,heuristica,azul,0,-3,14,90,120,0.7500,0.2500,401,101,200,100
788,1485550945,vermelho,azul,heuristica,azul,1,3,14,20,0,20.0000,0.0714,393,26,343,24
789,255725471,azul,verde,heuristica,empate,0,-1,100,0,30,0.0000,0.0404,1942,43,1880,19
789,255725471,azul,vermelho,heuristica,empate,0,-1,100,90,110,0.8182,0.0455,536,65,409,62
789,255725471,azul,azul,heuristica,empate,0,-1,100,140,90,1.5556,0.0800,2404,219,1969,216
790,388207685,verde,verde,heuristica,azul,0,-3,20,90,110,0.8182,0.1250,299,62,179,58
790,388207685,verde,vermelho,heuristica,azul,0,-3,20,140,120,1.1667,0.0500,681,114,460,107
790,388207685,verde,azul,heuristica,azul,1,3,20,30,30,1.0000,0.1000,669,83,486,100
791,230858913,vermelho,verde,heuristica,empate,0,-1,100,0,0,0.0000,0.0202,1280,6,1274,0
791,230858913,vermelho,vermelho,heuristica,empate,0,-1,100,90,120,0.7500,0.0303,869,63,746,60
791,230858913,vermelho,azul,heuristica,empate,0,-1,100,120,90,1.3333,0.0400,2692,170,2359,163
792,497945140,azul,verde,heuristica,empate,0,-1,100,80,120,0.6667,0.1034,783,72,643,68
792,497945140,azul,vermelho,heuristica,empate,0,-1,100,0,0,0.0000,0.0000,584,8,576,0
792,497945140,azul,azul,heuristica,empate,0,-1,100,120,80,1.5000,0.3000,2281,109,2073,99
793,1672875716,verde,verde,heuristica,empate,0,-1,100,0,0,0.0000,0.0100,1859,69,1730,60
793,1672875716,verde,vermelho,heuristica,empate,0,-1,100,60,120,0.5000,0.1628,1166,95,976,95
793,1672875716,verde,azul,heuristica,empate,0,-1,100,120,60,2.0000,0.0300,2265,104,2065,96
794,1703592542,vermelho,verde,heuristica,verde,1,3,39,60,90,0.6667,0.0000,827,65,699,63
794,1703592542,vermelho,vermelho,heuristica,verde,0,-3,39,60,120,0.5000,0.1000,431,98,237,96
794,1703592542,vermelho,azul,heuristica,verde,0,-3,39,210,120,1.7500,0.0263,1289,183,932,174
795,524300311,azul,verde,heuristica,azul,0,-3,70,150,120,1.2500,0.0580,1996,212,1578,206
795,524300311,azul,vermelho,heuristica,azul,0,-3,70,90,120,0.7500,0.0278,882,66,755,61
795,524300311,azul,azul,heuristica,azul,1,3,70,30,30,1.0000,0.0286,1413,67,1282,64
796,405532386,verde,verde,heuristica,azul,0,-3,71,60,120,0.5000,0.2157,1481,168,1147,166
796,405532386,verde,vermelho,heuristica,azul,0,-3,71,180,120,1.5000,0.0845,2057,226,1602,229
796,405532386,verde,azul,heuristica,azul,1,3,71,60,60,1.0000,0.0845,1754,111,1531,112
797,1140362201,vermelho,verde,heuristica,empate,0,-1,100,0,0,0.0000,0.0606,2138,63,2008,67
797,1140362201,vermelho,vermelho,heuristica,empate,0,-1,100,90,100,0.9000,0.3333,301,78,149,74
797,1140362201,vermelho,azul,heuristica,empate,0,-1,100,100,90,1.1111,0.0200,1845,104,1642,99
798,2122964567,azul,verde,heuristica,verde,1,3,26,30,30,1.0000,0.0000,418,17,388,13
798,2122964567,azul,vermelho,heuristica,verde,0,-3,26,150,120,1.2500,0.0417,821,137,558,126
798,2122964567,azul,azul,heuristica,verde,0,-3,26,90,120,0.7500,0.1000,345,67,215,63
799,1850462464,verde,verde,heuristica,empate,0,-1,100,120,90,1.3333,0.0100,2012,92,1834,86
799,1850462464,verde,vermelho,heuristica,empate,0,-1,100,90,120,0.7500,0.1667,307,89,132,86
799,1850462464,verde,azul,heuristica,empate,0,-1,100,0,0,0.0000,0.0000,1746,1,1745,0
800,1238786426,vermelho,verde,heuristica,vermelho,0,-3,45,120,120,1.0000,0.0227,1276,118,1034,124
800,1238786426,vermelho,vermelho,heuristica,vermelho,1,3,45,30,0,30.0000,0.0889,1055,25,1006,24
800,1238786426,vermelho,azul,heuristica,vermelho,0,-3,45,90,120,0.7500,0.0000,613,105,408,100
801,777418731,azul,verde,heuristica,empate,0,-1,100,0,0,0.0000,0.2929,2041,56,1985,0
801,777418731,azul,vermelho,heuristica,empate,0,-1,100,0,0,0.0000,0.0101,1855,76,1730,49
801,777418731,azul,azul,heuristica,empate,0,-1,100,0,0,0.0000,0.0200,1923,53,1845,25
802,1650316423,verde,verde,heuristica,empate,0,-1,100,120,90,1.3333,0.0100,1718,111,1509,98
802,1650316423,verde,vermelho,heuristica,empate,0,-1,100,0,0,0.0000,0.0100,1903,23,1862,18
802,1650316423,verde,azul,heuristica,empate,0,-1,100,90,120,0.7500,0.0000,673,104,472,97
803,1518169168,vermelho,verde,heuristica,verde,1,3,72,60,30,2.0000,0.0704,1738,65,1609,64
803,1518169168,vermelho,vermelho,heuristica,verde,0,-3,72,60,120,0.5000,0.2000,753,76,603,74
803,1518169168,vermelho,azul,heuristica,verde,0,-3,72,150,120,1.2500,0.0845,1932,156,1615,161
804,664454653,azul,verde,heuristica,verde,1,3,28,90,60,1.5000,0.1481,962,207,596,159
804,664454653,azul,vermelho,heuristica,verde,0,-3,28,150,120,1.2500,0.0417,859,185,512,162
804,664454653,azul,azul,heuristica,verde,0,-3,28,60,120,0.5000,0.1481,894,142,630,122
805,1222287018,verde,verde,heuristica,empate,0,-1,100,90,120,0.7500,0.0000,424,92,237,95
805,1222287018,verde,vermelho,heuristica,empate,0,-1,100,120,90,1.3333,0.0100,2013,128,1763,122
805,1222287018,verde,azul,heuristica,empate,0,-1,100,0,0,0.0000,0.8600,1750,1,1749,0
806,1050928200,vermelho,verde,heuristica,empate,0,-1,100,120,60,2.0000,0.0000,1863,104,1660,99
806,1050928200,vermelho,vermelho,heuristica,empate,0,-1,100,60,120,0.5000,0.0000,377,77,225,75
806,1050928200,vermelho,azul,heuristica,empate,0,-1,100,0,0,0.0000,0.0200,1845,0,1845,0
807,1496432766,azul,verde,heuristica,azul,0,-3,77,160,110,1.4545,0.1053,1968,127,1701,140
807,1496432766,azul,vermelho,heuristica,azul,0,-3,77,50,100,0.5000,0.5455,369,75,225,69
807,1496432766,azul,azul,heuristica,azul,1,3,77,60,60,1.0000,0.0649,1942,87,1764,91
808,1546097094,verde,verde,heuristica,azul,0,-3,28,120,120,1.0000,0.0714,861,119,621,121
808,1546097094,verde,vermelho,heuristica,azul,0,-3,28,90,120,0.7500,0.0000,254,79,100,75
808,1546097094,verde,azul,heuristica,azul,1,3,28,30,0,30.0000,0.0357,659,17,626,16
809,153640283,vermelho,verde,heuristica,empate,0,-1,100,30,0,30.0000,0.0404,2037,90,1899,48
809,153640283,vermelho,vermelho,heuristica,empate,0,-1,100,0,0,0.0000,0.0200,2064,33,1982,49
809,153640283,vermelho,azul,heuristica,empate,0,-1,100,0,30,0.0000,0.0000,1998,64,1911,23
810,1109067602,azul,verde,heuristica,empate,0,-1,100,90,120,0.7500,0.1600,767,99,568,100
810,1109067602,azul,vermelho,heuristica,empate,0,-1,100,180,90,2.0000,0.0404,2341,187,1980,174
810,1109067602,azul,azul,heuristica,empate,0,-1,100,0,60,0.0000,0.0000,1871,61,1751,59
811,1182380079,verde,verde,heuristica,azul,0,-3,36,150,120,1.2500,0.0833,1244,183,886,175
811,1182380079,verde,vermelho,heuristica,azul,0,-3,36,60,120,0.5000,0.1250,353,78,200,75
811,1182380079,verde,azul,heuristica,azul,1,3,36,60,30,2.0000,0.1111,1098,108,865,125
812,995907090,vermelho,verde,heuristica,empate,0,-1,100,0,0,0.0000,0.0303,1366,20,1332,14
812,995907090,vermelho,vermelho,heuristica,empate,0,-1,100,90,100,0.9000,0.0714,798,83,633,82
812,995907090,vermelho,azul,heuristica,empate,0,-1,100,100,90,1.1111,0.0600,2167,109,1948,110
813,2009703295,azul,verde,heuristica,azul,0,-3,51,150,120,1.2500,0.0800,1462,134,1204,124
813,2009703295,azul,vermelho,heuristica,azul,0,-3,51,60,120,0.5000,0.0000,631,101,430,100
813,2009703295,azul,azul,heuristica,azul,1,3,51,60,30,2.0000,0.0196,742,44,660,38
814,2108967014,verde,verde,heuristica,empate,0,-1,100,0,0,0.0000,0.0300,2149,82,2021,46
814,2108967014,verde,vermelho,heuristica,empate,0,-1,100,0,0,0.0000,0.4900,1675,0,1675,0
814,2108967014,verde,azul,heuristica,empate,0,-1,100,0,0,0.0000,0.0000,1941,39,1902,0
815,484446759,vermelho,verde,heuristica,empate,0,-1,100,30,100,0.3000,0.0444,1649,69,1517,63
815,484446759,vermelho,vermelho,heuristica,empate,0,-1,100,100,30,3.3333,0.0900,2475,100,2284,91
815,484446759,vermelho,azul,heuristica,empate,0,-1,100,0,0,0.0000,0.0000,1671,1,1670,0
816,780071506,azul,verde,heuristica,azul,0,-3,28,90,120,0.7500,0.0741,946,175,652,119
816,780071506,azul,vermelho,heuristica,azul,0,-3,28,90,120,0.7500,0.0769,843,167,584,92
816,780071506,azul,azul,heuristica,azul,1,3,28,150,90,1.6667,0.0357,936,228,556,152
817,853399628,verde,verde,heuristica,empate,0,-1,100,120,90,1.3333,0.0000,1959,112,1744,103
817,853399628,verde,vermelho,heuristica,empate,0,-1,100,0,0,0.0000,0.0400,1837,18,1794,25
817,853399628,verde,azul,heuristica,empate,0,-1,100,90,120,0.7500,0.0000,333,68,201,64
818,1422126434,vermelho,verde,heuristica,empate,0,-1,100,120,90,1.3333,0.0606,2575,145,2283,147
818,1422126434,vermelho,vermelho,heuristica,empate,0,-1,100,0,0,0.0000,0.0400,2488,74,2315,99
818,1422126434,vermelho,azul,heuristica,empate,0,-1,100,90,120,0.7500,0.0000,373,100,174,99
819,1002835612,azul,verde,heuristica,azul,0,-3,27,120,120,1.0000,0.0000,772,95,588,89
819,1002835612,azul,vermelho,heuristica,azul,0,-3,27,90,120,0.7500,0.0000,677,82,540,55
819,1002835612,azul,azul,heuristica,azul,1,3,27,30,0,30.0000,0.0370,852,150,603,99
820,1448939825,verde,verde,heuristica,azul,0,-3,40,100,120,0.8333,0.0750,990,90,817,83
820,1448939825,verde,vermelho,heuristica,azul,0,-3,40,90,100,0.9000,0.1429,605,64,483,58
820,1448939825,verde,azul,heuristica,azul,1,3,40,30,0,30.0000,0.0750,1021,41,937,43
821,379393432,vermelho,verde,heuristica,vermelho,0,-3,46,150,120,1.2500,0.0222,1584,227,1108,249
821,379393432,vermelho,vermelho,heuristica,vermelho,1,3,46,30,30,1.0000,0.0435,1159,25,1112,22
821,379393432,vermelho,azul,heuristica,vermelho,0,-3,46,90,120,0.7500,0.0000,622,96,434,92
822,2107298103,azul,verde,heuristica,empate,0,-1,100,0,0,0.0000,0.0101,2035,17,1999,19
822,2107298103,azul,vermelho,heuristica,empate,0,-1,100,90,120,0.7500,0.0000,1055,79,901,75
822,2107298103,azul,azul,heuristica,empate,0,-1,100,120,90,1.3333,0.0100,2494,142,2210,142
823,1528822464,verde,verde,heuristica,azul,0,-3,26,0,100,0.0000,0.3077,998,189,609,200
823,1528822464,verde,vermelho,heuristica,azul,0,-3,26,90,120,0.7500,0.0000,307,78,155,74
823,1528822464,verde,azul,heuristica,azul,1,3,26,220,90,2.4444,0.1538,1049,225,612,212
824,1661114236,vermelho,verde,heuristica,empate,0,-1,100,0,0,0.0000,0.0303,2029,0,2029,0
824,1661114236,vermelho,vermelho,heuristica,empate,0,-1,100,70,100,0.7000,0.2400,811,101,610,100
824,1661114236,vermelho,azul,heuristica,empate,0,-1,100,100,70,1.4286,0.3600,2287,106,2081,100
825,900874270,azul,verde,heuristica,azul,0,-3,80,90,120,0.7500,0.0000,396,96,200,100
825,900874270,azul,vermelho,heuristica,azul,0,-3,80,150,120,1.2500,0.0506,2090,123,1852,115
825,900874270,azul,azul,heuristica,azul,1,3,80,30,30,1.0000,0.0500,1986,106,1766,114
826,1705519067,verde,verde,heuristica,vermelho,0,-3,60,90,120,0.7500,0.0000,729,68,596,65
826,1705519067,verde,vermelho,heuristica,vermelho,1,3,60,30,30,1.0000,0.0167,1107,30,1043,34
826,1705519067,verde,azul,heuristica,vermelho,0,-3,60,150,120,1.2500,0.0847,1756,233,1293,230
827,1177791765,vermelho,verde,heuristica,verde,1,3,99,30,0,30.0000,0.0102,2484,140,2196,148
827,1177791765,vermelho,vermelho,heuristica,verde,0,-3,99,90,120,0.7500,0.0000,346,96,150,100
827,1177791765,vermelho,azul,heuristica,verde,0,-3,99,120,120,1.0000,0.0306,2281,105,2076,100
828,704217637,azul,verde,heuristica,verde,1,3,20,30,30,1.0000,0.0000,497,26,447,24
828,704217637,azul,vermelho,heuristica,verde,0,-3,20,80,100,0.8000,0.5000,442,121,198,123
828,704217637,azul,azul,heuristica,verde,0,-3,20,130,110,1.1818,0.3158,727,147,442,138
829,770907264,verde,verde,heuristica,empate,0,-1,100,180,90,2.0000,0.1000,2787,266,2247,274
829,770907264,verde,vermelho,heuristica,empate,0,-1,100,60,120,0.5000,0.1667,796,123,552,121
829,770907264,verde,azul,heuristica,empate,0,-1,100,30,60,0.5000,0.0900,2473,88,2297,88
830,867905328,vermelho,verde,heuristica,azul,0,-3,66,90,120,0.7500,0.0000,449,118,238,93
830,867905328,vermelho,vermelho,heuristica,azul,0,-3,66,120,120,1.0000,0.0000,1879,146,1587,146
830,867905328,vermelho,azul,heuristica,azul,1,3,66,30,0,30.0000,0.0152,1692,111,1484,97
831,1547102212,azul,verde,heuristica,vermelho,0,-3,22,110,110,1.0000,0.1429,770,122,523,125
831,1547102212,azul,vermelho,heuristica,vermelho,1,3,22,30,0,30.0000,0.0952,648,66,507,75
831,1547102212,azul,azul,heuristica,vermelho,0,-3,22,80,110,0.7273,0.2500,405,105,200,100
832,1427051027,verde,verde,heuristica,empate,0,-1,100,90,120,0.7500,0.0435,743,93,556,94
832,1427051027,verde,vermelho,heuristica,empate,0,-1,100,0,0,0.0000,0.0100,1674,1,1673,0
832,1427051027,verde,azul,heuristica,empate,0,-1,100,120,90,1.3333,0.0200,2125,108,1918,99
833,347179498,vermelho,verde,heuristica,vermelho,0,-3,38,90,120,0.7500,0.0000,354,104,150,100
833,347179498,vermelho,vermelho,heuristica,vermelho,1,3,38,30,30,1.0000,0.1053,997,52,896,49
833,347179498,vermelho,azul,heuristica,vermelho,0,-3,38,150,120,1.2500,0.0270,1197,150,901,146
834,1886650417,azul,verde,heuristica,empate,0,-1,100,60,120,0.5000,0.4000,599,130,326,143
834,1886650417,azul,vermelho,heuristica,empate,0,-1,100,120,60,2.0000,0.0303,1986,104,1784,98
834,1886650417,azul,azul,heuristica,empate,0,-1,100,0,0,0.0000,0.0100,1502,0,1502,0
835,15777031,verde,verde,heuristica,empate,0,-1,100,60,120,0.5000,0.0000,392,81,234,77
835,15777031,verde,vermelho,heuristica,empate,0,-1,100,0,0,0.0000,0.0000,1850,58,1742,50
835,15777031,verde,azul,heuristica,empate,0,-1,100,120,60,2.0000,0.0000,1950,119,1719,112
836,1363852363,vermelho,verde,heuristica,azul,0,-3,22,120,120,1.0000,0.0476,708,122,468,118
836,1363852363,vermelho,vermelho,heuristica,azul,0,-3,22,90,120,0.7500,0.0625,636,141,376,119
836,1363852363,vermelho,azul,heuristica,azul,1,3,22,30,0,30.0000,0.1364,703,99,508,96
837,1258731941,azul,verde,heuristica,empate,0,-1,100,90,120,0.7500,0.0000,420,88,249,83
837,1258731941,azul,vermelho,heuristica,empate,0,-1,100,0,0,0.0000,0.0101,1709,0,1709,0
837,1258731941,azul,azul,heuristica,empate,0,-1,100,120,90,1.3333,0.0100,2209,125,1964,120
838,1494699440,verde,verde,heuristica,vermelho,0,-3,34,90,110,0.8182,0.1429,637,104,434,99
838,1494699440,verde,vermelho,heuristica,vermelho,1,3,34,30,0,30.0000,0.0000,916,48,819,49
838,1494699440,verde,azul,heuristica,vermelho,0,-3,34,110,120,0.9167,0.0303,1104,150,806,148
839,1628579981,vermelho,verde,heuristica,verde,1,3,46,30,0,30.0000,0.0889,1146,52,1044,50
839,1628579981,vermelho,vermelho,heuristica,verde,0,-3,46,90,120,0.7500,0.0000,368,95,174,99
839,1628579981,vermelho,azul,heuristica,verde,0,-3,46,120,120,1.0000,0.1111,1414,148,1116,150
840,250397122,azul,verde,heuristica,azul,0,-3,23,90,120,0.7500,0.0000,552,73,415,64
840,250397122,azul,vermelho,heuristica,azul,0,-3,23,120,120,1.0000,0.0000,602,118,392,92
840,250397122,azul,azul,heuristica,azul,1,3,23,30,0,30.0000,0.0435,792,152,486,154
841,881510746,verde,verde,heuristica,empate,0,-1,100,60,120,0.5000,0.0000,1079,75,933,71
841,881510746,verde,vermelho,heuristica,empate,0,-1,100,120,60,2.0000,0.0500,2680,143,2387,150
841,881510746,verde,azul,heuristica,empate,0,-1,100,0,0,0.0000,0.0400,2428,104,2206,118
842,1164238508,vermelho,verde,heuristica,vermelho,0,-3,92,90,120,0.7500,0.0000,351,101,150,100
842,1164238508,vermelho,vermelho,heuristica,vermelho,1,3,92,30,30,1.0000,0.0543,2469,121,2198,150
842,1164238508,vermelho,azul,heuristica,vermelho,0,-3,92,150,120,1.2500,0.0549,2520,181,2167,172
843,1457461325,azul,verde,heuristica,empate,0,-1,100,120,90,1.3333,0.0202,2073,125,1809,139
843,1457461325,azul,vermelho,heuristica,empate,0,-1,100,0,0,0.0000,0.0303,1521,58,1427,36
843,1457461325,azul,azul,heuristica,empate,0,-1,100,90,120,0.7500,0.1667,560,69,425,66
844,1551343355,verde,verde,heuristica,verde,1,3,17,30,30,1.0000,0.1765,625,102,423,100
844,1551343355,verde,vermelho,heuristica,verde,0,-3,17,90,120,0.7500,0.0000,571,150,322,99
844,1551343355,verde,azul,heuristica,verde,0,-3,17,150,120,1.2500,0.0000,683,149,389,145
845,2140318315,vermelho,verde,heuristica,empate,0,-1,100,0,0,0.0000,0.0101,1853,2,1851,0
845,2140318315,vermelho,vermelho,heuristica,empate,0,-1,100,120,90,1.3333,0.0300,2205,118,1976,111
845,2140318315,vermelho,azul,heuristica,empate,0,-1,100,90,120,0.7500,0.0000,763,68,633,62
846,2014609842,azul,verde,heuristica,empate,0,-1,100,120,90,1.3333,0.0202,2347,105,2142,100
846,2014609842,azul,vermelho,heuristica,empate,0,-1,100,0,0,0.0000,0.0303,1723,52,1625,46
846,2014609842,azul,azul,heuristica,empate,0,-1,100,90,120,0.7500,0.0000,370,96,174,100
847,582212434,verde,verde,heuristica,vermelho,0,-3,73,90,120,0.7500,0.0000,876,148,578,150
847,582212434,verde,vermelho,heuristica,vermelho,1,3,73,30,30,1.0000,0.0274,1784,79,1614,91
847,582212434,verde,azul,heuristica,vermelho,0,-3,73,150,120,1.2500,0.0556,1932,130,1680,122
848,2005396972,vermelho,verde,heuristica,azul,0,-3,74,90,120,0.7500,0.0000,1511,100,1309,102
848,2005396972,vermelho,vermelho,heuristica,azul,0,-3,74,120,120,1.0000,0.0405,1989,186,1608,195
848,2005396972,vermelho,azul,heuristica,azul,1,3,74,30,0,30.0000,0.0676,1913,92,1721,100
849,396879593,azul,verde,heuristica,vermelho,0,-3,20,130,100,1.3000,0.2632,905,223,459,223
849,396879593,azul,vermelho,heuristica,vermelho,1,3,20,60,30,2.0000,0.2632,625,89,446,90
849,396879593,azul,azul,heuristica,vermelho,0,-3,20,40,100,0.4000,0.1875,614,121,394,99
850,73218816,verde,verde,heuristica,vermelho,0,-3,14,60,100,0.6000,0.4286,381,106,175,100
850,73218816,verde,vermelho,heuristica,vermelho,1,3,14,60,30,2.0000,0.1429,398,45,313,40
850,73218816,verde,azul,heuristica,vermelho,0,-3,14,130,120,1.0833,0.4615,626,156,322,148
851,1734867821,vermelho,verde,heuristica,vermelho,0,-3,43,100,120,0.8333,0.0714,1210,154,895,161
851,1734867821,vermelho,vermelho,heuristica,vermelho,1,3,43,30,0,30.0000,0.0465,1086,80,917,89
851,1734867821,vermelho,azul,heuristica,vermelho,0,-3,43,90,100,0.9000,0.1481,730,71,592,67
852,532289079,azul,verde,heuristica,empate,0,-1,100,120,90,1.3333,0.0101,1686,163,1399,124
852,532289079,azul,vermelho,heuristica,empate,0,-1,100,0,0,0.0000,0.0000,1901,42,1859,0
852,532289079,azul,azul,heuristica,empate,0,-1,100,90,120,0.7500,0.0000,375,100,175,100
853,1631779701,verde,verde,heuristica,empate,0,-1,100,0,0,0.0000,0.0500,2566,124,2298,144
853,1631779701,verde,vermelho,heuristica,empate,0,-1,100,90,120,0.7500,0.0385,804,105,599,100
853,1631779701,verde,azul,heuristica,empate,0,-1,100,120,90,1.3333,0.0200,2775,204,2338,233
854,85258658,vermelho,verde,heuristica,vermelho,0,-3,52,60,120,0.5000,0.0000,583,102,381,100
854,85258658,vermelho,vermelho,heuristica,vermelho,1,3,52,60,60,1.0000,0.0577,1145,57,1034,54
854,85258658,vermelho,azul,heuristica,vermelho,0,-3,52,180,120,1.5000,0.0392,1498,162,1177,159
855,942012666,azul,verde,heuristica,verde,1,3,74,30,70,0.4286,0.1507,2017,151,1700,166
855,942012666,azul,vermelho,heuristica,verde,0,-3,74,90,120,0.7500,0.1000,446,96,250,100
855,942012666,azul,azul,heuristica,verde,0,-3,74,190,120,1.5833,0.1096,1868,182,1511,175
856,1074658908,verde,verde,heuristica,empate,0,-1,100,90,120,0.7500,0.0000,379,72,239,68
856,1074658908,verde,vermelho,heuristica,empate,0,-1,100,0,0,0.0000,0.4600,1753,14,1717,22
856,1074658908,verde,azul,heuristica,empate,0,-1,100,120,90,1.3333,0.0000,2062,123,1820,119
857,245171136,vermelho,verde,heuristica,azul,0,-3,17,150,110,1.3636,0.0625,809,226,370,213
857,245171136,vermelho,vermelho,heuristica,azul,0,-3,17,80,120,0.6667,0.0769,477,80,322,75
857,245171136,vermelho,azul,heuristica,azul,1,3,17,30,30,1.0000,0.0588,429,24,382,23
858,2021010886,azul,verde,heuristica,verde,1,3,13,60,30,2.0000,0.0000,555,155,300,100
858,2021010886,azul,vermelho,heuristica,verde,0,-3,13,120,120,1.0000,0.0000,610,195,270,145
858,2021010886,azul,azul,heuristica,verde,0,-3,13,90,120,0.7500,0.1250,420,124,198,98
859,329362190,verde,verde,heuristica,empate,0,-1,100,0,0,0.0000,0.0100,1561,4,1557,0
859,329362190,verde,vermelho,heuristica,empate,0,-1,100,120,90,1.3333,0.0200,2524,109,2315,100
859,329362190,verde,azul,heuristica,empate,0,-1,100,90,120,0.7500,0.0000,704,79,550,75
860,820834749,vermelho,verde,heuristica,vermelho,0,-3,36,150,120,1.2500,0.0571,1083,145,791,147
860,820834749,vermelho,vermelho,heuristica,vermelho,1,3,36,30,30,1.0000,0.0278,919,53,816,50
860,820834749,vermelho,azul,heuristica,vermelho,0,-3,36,90,120,0.7500,0.0000,734,104,530,100
861,1440881829,azul,verde,heuristica,azul,0,-3,75,90,120,0.7500,0.0000,380,99,187,94
861,1440881829,azul,vermelho,heuristica,azul,0,-3,75,120,120,1.0000,0.0541,2035,132,1756,147
861,1440881829,azul,azul,heuristica,azul,1,3,75,30,0,30.0000,0.0800,1899,69,1755,75
862,106408623,verde,verde,heuristica,vermelho,0,-3,31,150,110,1.3636,0.0645,1068,165,740,163
862,106408623,verde,vermelho,heuristica,vermelho,1,3,31,60,30,2.0000,0.0000,608,45,523,40
862,106408623,verde,azul,heuristica,vermelho,0,-3,31,50,120,0.4167,0.0625,595,102,394,99
863,1817240856,vermelho,verde,heuristica,empate,0,-1,100,0,0,0.0000,0.0202,1623,4,1619,0
863,1817240856,vermelho,vermelho,heuristica,empate,0,-1,100,90,120,0.7500,0.2045,1421,200,1029,192
863,1817240856,vermelho,azul,heuristica,empate,0,-1,100,120,90,1.3333,0.0700,2601,150,2312,139
864,1768830967,azul,verde,heuristica,verde,1,3,61,30,0,30.0000,0.0000,1213,65,1090,58
864,1768830967,azul,vermelho,heuristica,verde,0,-3,61,120,120,1.0000,0.0339,1563,141,1281,141
864,1768830967,azul,azul,heuristica,verde,0,-3,61,90,120,0.7500,0.0526,592,78,442,72
865,1437286984,verde,verde,heuristica,vermelho,0,-3,49,150,120,1.2500,0.0408,1542,225,1115,202
865,1437286984,verde,vermelho,heuristica,vermelho,1,3,49,30,30,1.0000,0.0000,963,50,878,35
865,1437286984,verde,azul,heuristica,vermelho,0,-3,49,90,120,0.7500,0.0698,1157,150,903,104
866,525821035,vermelho,verde,heuristica,vermelho,0,-3,19,90,120,0.7500,0.2000,328,103,125,100
866,525821035,vermelho,vermelho,heuristica,vermelho,1,3,19,30,30,1.0000,0.1053,571,66,439,66
866,525821035,vermelho,azul,heuristica,vermelho,0,-3,19,150,120,1.2500,0.2222,740,159,431,150
867,797956592,azul,verde,heuristica,empate,0,-1,100,0,0,0.0000,0.0000,1744,17,1702,25
867,797956592,azul,vermelho,heuristica,empate,0,-1,100,0,0,0.0000,0.0202,3427,497,2430,500
867,797956592,azul,azul,heuristica,empate,0,-1,100,0,0,0.0000,0.0400,2060,24,2011,25
868,895959840,verde,verde,heuristica,azul,0,-3,51,120,120,1.0000,0.1071,984,170,691,123
868,895959840,verde,vermelho,heuristica,azul,0,-3,51,90,120,0.7500,0.0196,1591,203,1216,172
868,895959840,verde,azul,heuristica,azul,1,3,51,60,30,2.0000,0.1569,1531,144,1240,147
869,704269707,vermelho,verde,heuristica,vermelho,0,-3,30,150,120,1.2500,0.0000,1024,154,720,150
869,704269707,vermelho,vermelho,heuristica,vermelho,1,3,30,60,30,2.0000,0.0667,858,77,706,75
869,704269707,vermelho,azul,heuristica,vermelho,0,-3,30,60,120,0.5000,0.0000,325,79,171,75
870,1136894587,azul,verde,heuristica,empate,0,-1,100,0,0,0.0000,0.0303,2171,0,2171,0
870,1136894587,azul,vermelho,heuristica,empate,0,-1,100,90,120,0.7500,0.0000,548,78,396,74
870,1136894587,azul,azul,heuristica,empate,0,-1,100,120,90,1.3333,0.0300,2110,106,1904,100
871,94009992,verde,verde,heuristica,azul,0,-3,69,120,120,1.0000,0.0290,1830,150,1531,149
871,94009992,verde,vermelho,heuristica,azul,0,-3,69,90,120,0.7500,0.0000,1241,89,1061,91
871,94009992,verde,azul,heuristica,azul,1,3,69,30,0,30.0000,0.0145,1398,64,1269,65
872,323377721,vermelho,verde,heuristica,azul,0,-3,36,180,120,1.5000,0.0571,1101,185,725,191
872,323377721,vermelho,vermelho,heuristica,azul,0,-3,36,60,120,0.5000,0.0000,899,89,710,100
872,323377721,vermelho,azul,heuristica,azul,1,3,36,60,60,1.0000,0.0556,1046,103,846,97
873,1854823995,azul,verde,heuristica,vermelho,0,-3,60,90,110,0.8182,0.0667,480,68,348,64
873,1854823995,azul,vermelho,heuristica,vermelho,1,3,60,30,30,1.0000,0.0339,1385,48,1280,57
873,1854823995,azul,azul,heuristica,vermelho,0,-3,60,140,120,1.1667,0.0847,1524,112,1308,104
874,1320851921,verde,verde,heuristica,empate,0,-1,100,90,120,0.7500,0.0000,883,100,683,100
874,1320851921,verde,vermelho,heuristica,empate,0,-1,100,0,0,0.0000,0.0000,1712,26,1662,24
874,1320851921,verde,azul,heuristica,empate,0,-1,100,120,90,1.3333,0.0400,2262,186,1876,200
875,53599161,vermelho,verde,heuristica,vermelho,0,-3,69,90,120,0.7500,0.0698,1070,60,953,57
875,53599161,vermelho,vermelho,heuristica,vermelho,1,3,69,30,0,30.0000,0.0290,1712,67,1563,82
875,53599161,vermelho,azul,heuristica,vermelho,0,-3,69,120,120,1.0000,0.0588,1534,81,1379,74
876,1714789643,azul,verde,heuristica,empate,0,-1,100,0,0,0.0000,0.0303,2453,39,2365,49
876,1714789643,azul,vermelho,heuristica,empate,0,-1,100,120,90,1.3333,0.0101,2264,113,2046,105
876,1714789643,azul,azul,heuristica,empate,0,-1,100,90,120,0.7500,0.0000,480,104,279,97
877,2001167285,verde,verde,heuristica,empate,0,-1,100,0,0,0.0000,0.0200,2002,36,1966,0
877,2001167285,verde,vermelho,heuristica,empate,0,-1,100,90,120,0.7500,0.0000,288,77,140,71
877,2001167285,verde,azul,heuristica,empate,0,-1,100,120,90,1.3333,0.0300,2300,170,1995,135
878,236604881,vermelho,verde,heuristica,verde,1,3,43,20,20,1.0000,0.0952,917,47,828,42
878,236604881,vermelho,vermelho,heuristica,verde,0,-3,43,140,110,1.2727,0.0952,1634,320,1018,296
878,236604881,vermelho,azul,heuristica,verde,0,-3,43,90,120,0.7500,0.0385,648,70,515,63
879,836176005,azul,verde,heuristica,empate,0,-1,100,90,120,0.7500,0.0244,1372,218,932,222
879,836176005,azul,vermelho,heuristica,empate,0,-1,100,120,90,1.3333,0.0202,2500,105,2299,96
879,836176005,azul,azul,heuristica,empate,0,-1,100,0,0,0.0000,0.0300,2102,36,2024,42
880,1096791990,verde,verde,heuristica,azul,0,-3,56,120,120,1.0000,0.0000,1567,107,1360,100
880,1096791990,verde,vermelho,heuristica,azul,0,-3,56,90,120,0.7500,0.0000,349,101,148,100
880,1096791990,verde,azul,heuristica,azul,1,3,56,30,0,30.0000,0.0714,1203,20,1166,17
881,1331799799,vermelho,verde,heuristica,azul,0,-3,33,150,120,1.2500,0.0000,994,139,720,135
881,1331799799,vermelho,vermelho,heuristica,azul,0,-3,33,90,120,0.7500,0.0000,825,110,607,108
881,1331799799,vermelho,azul,heuristica,azul,1,3,33,30,30,1.0000,0.0606,1022,112,785,125
882,237640937,azul,verde,heuristica,azul,0,-3,40,90,120,0.7500,0.0513,1140,95,946,99
882,237640937,azul,vermelho,heuristica,azul,0,-3,40,120,120,1.0000,0.0000,1075,96,889,90
882,237640937,azul,azul,heuristica,azul,1,3,40,30,0,30.0000,0.0000,1059,81,874,104
883,1455511300,verde,verde,heuristica,empate,0,-1,100,110,60,1.8333,0.0800,2340,136,2078,126
883,1455511300,verde,vermelho,heuristica,empate,0,-1,100,0,0,0.0000,0.0300,2211,4,2207,0
883,1455511300,verde,azul,heuristica,empate,0,-1,100,60,110,0.5455,0.1250,889,112,675,102
884,1910967048,vermelho,verde,heuristica,vermelho,0,-3,23,90,120,0.7500,0.0000,797,196,453,148
884,1910967048,vermelho,vermelho,heuristica,vermelho,1,3,23,150,90,1.6667,0.0000,906,220,520,166
884,1910967048,vermelho,azul,heuristica,vermelho,0,-3,23,90,120,0.7500,0.0455,724,144,486,94
885,1277800770,azul,verde,heuristica,vermelho,0,-3,96,60,120,0.5000,0.0667,857,97,663,97
885,1277800770,azul,vermelho,heuristica,vermelho,1,3,96,50,30,1.6667,0.0947,2341,51,2242,48
885,1277800770,azul,azul,heuristica,vermelho,0,-3,96,150,110,1.3636,0.0737,2412,230,1926,256
886,695659536,verde,verde,heuristica,empate,0,-1,100,0,0,0.0000,0.0000,1875,32,1804,39
886,695659536,verde,vermelho,heuristica,empate,0,-1,100,60,120,0.5000,0.0000,321,78,168,75
886,695659536,verde,azul,heuristica,empate,0,-1,100,120,60,2.0000,0.0100,2214,128,1961,125
887,2127157764,vermelho,verde,heuristica,empate,0,-1,100,120,90,1.3333,0.0404,2068,143,1828,97
887,2127157764,vermelho,vermelho,heuristica,empate,0,-1,100,0,0,0.0000,0.0000,1906,24,1857,25
887,2127157764,vermelho,azul,heuristica,empate,0,-1,100,90,120,0.7500,0.1071,841,133,620,88
888,249328386,azul,verde,heuristica,vermelho,0,-3,50,120,120,1.0000,0.0816,1452,143,1170,139
888,249328386,azul,vermelho,heuristica,vermelho,1,3,50,30,0,30.0000,0.0408,1230,26,1180,24
888,249328386,azul,azul,heuristica,vermelho,0,-3,50,90,120,0.7500,0.0435,725,79,572,74
889,832162818,verde,verde,heuristica,empate,0,-1,100,120,60,2.0000,0.0100,2093,101,1896,96
889,832162818,verde,vermelho,heuristica,empate,0,-1,100,0,0,0.0000,0.0400,1904,0,1904,0
889,832162818,verde,azul,heuristica,empate,0,-1,100,60,120,0.5000,0.0000,293,77,142,74
890,649770543,vermelho,verde,heuristica,azul,0,-3,80,90,120,0.7500,0.1143,876,66,748,62
890,649770543,vermelho,vermelho,heuristica,azul,0,-3,80,150,120,1.2500,0.0625,2168,178,1815,175
890,649770543,vermelho,azul,heuristica,azul,1,3,80,30,30,1.0000,0.1125,2067,87,1887,93
891,1075216718,azul,verde,heuristica,azul,0,-3,34,90,120,0.7500,0.0000,537,99,344,94
891,1075216718,azul,vermelho,heuristica,azul,0,-3,34,120,120,1.0000,0.0303,1068,123,803,142
891,1075216718,azul,azul,heuristica,azul,1,3,34,30,0,30.0000,0.0882,1062,102,839,121
892,1401413882,verde,verde,heuristica,azul,0,-3,18,120,120,1.0000,0.0556,715,176,419,120
892,1401413882,verde,vermelho,heuristica,azul,0,-3,18,60,120,0.5000,0.1333,476,53,374,49
892,1401413882,verde,azul,heuristica,azul,1,3,18,150,90,1.6667,0.0556,827,206,446,175
893,1914617522,vermelho,verde,heuristica,azul,0,-3,23,120,120,1.0000,0.0000,736,132,504,100
893,1914617522,vermelho,vermelho,heuristica,azul,0,-3,23,90,120,0.7500,0.0000,753,132,546,75
893,1914617522,vermelho,azul,heuristica,azul,1,3,23,120,90,1.3333,0.2609,944,210,559,175
894,1396172170,azul,verde,heuristica,azul,0,-3,71,120,110,1.0909,0.0857,2076,198,1691,187
894,1396172170,azul,vermelho,heuristica,azul,0,-3,71,80,120,0.6667,0.0476,655,78,502,75
894,1396172170,azul,azul,heuristica,azul,1,3,71,30,0,30.0000,0.1127,1650,40,1569,41
895,147524269,verde,verde,heuristica,vermelho,0,-3,29,90,120,0.7500,0.0625,523,79,369,75
895,147524269,verde,vermelho,heuristica,vermelho,1,3,29,30,30,1.0000,0.1724,764,74,612,78
895,147524269,verde,azul,heuristica,vermelho,0,-3,29,150,120,1.2500,0.0357,900,137,638,125
896,88215447,vermelho,verde,heuristica,verde,1,3,61,30,0,30.0000,0.0500,1463,70,1319,74
896,88215447,vermelho,vermelho,heuristica,verde,0,-3,61,90,120,0.7500,0.0000,558,136,284,138
896,88215447,vermelho,azul,heuristica,verde,0,-3,61,120,120,1.0000,0.0000,1337,121,1103,113
897,1935253783,azul,verde,heuristica,vermelho,0,-3,63,150,100,1.5000,0.1129,1740,134,1482,124
897,1935253783,azul,vermelho,heuristica,vermelho,1,3,63,10,30,0.3333,0.0323,1149,47,1062,40
897,1935253783,azul,azul,heuristica,vermelho,0,-3,63,90,120,0.7500,0.1739,798,110,563,125
898,1096714693,verde,verde,heuristica,azul,0,-3,14,80,120,0.6667,0.0769,571,158,316,97
898,1096714693,verde,vermelho,heuristica,azul,0,-3,14,150,110,1.3636,0.1429,635,204,314,117
898,1096714693,verde,azul,heuristica,azul,1,3,14,30,30,1.0000,0.0714,709,215,344,150
899,1895563606,vermelho,verde,heuristica,azul,0,-3,84,90,120,0.7500,0.0000,401,105,197,99
899,1895563606,vermelho,vermelho,heuristica,azul,0,-3,84,120,120,1.0000,0.0000,1926,182,1561,183
899,1895563606,vermelho,azul,heuristica,azul,1,3,84,30,0,30.0000,0.0714,1830,27,1778,25
900,767593850,azul,verde,heuristica,verde,1,3,38,30,0,30.0000,0.0000,672,49,585,38
900,767593850,azul,vermelho,heuristica,verde,0,-3,38,90,120,0.7500,0.0000,962,199,584,179
900,767593850,azul,azul,heuristica,verde,0,-3,38,120,120,1.0000,0.0270,1073,114,846,113
901,1987371659,verde,verde,heuristica,empate,0,-1,100,0,0,0.0000,0.0000,1856,1,1855,0
901,1987371659,verde,vermelho,heuristica,empate,0,-1,100,0,0,0.0000,0.0000,1869,7,1862,0
901,1987371659,verde,azul,heuristica,empate,0,-1,100,0,0,0.0000,0.0600,2388,8,2380,0
902,27872805,vermelho,verde,heuristica,empate,0,-1,100,0,0,0.0000,0.0303,1941,17,1899,25
902,27872805,vermelho,vermelho,heuristica,empate,0,-1,100,120,90,1.3333,0.0400,2481,106,2275,100
902,27872805,vermelho,azul,heuristica,empate,0,-1,100,90,120,0.7500,0.0000,351,101,150,100
903,1123407133,azul,verde,heuristica,verde,1,3,49,30,30,1.0000,0.0208,1032,44,942,46
903,1123407133,azul,vermelho,heuristica,verde,0,-3,49,90,120,0.7500,0.0857,884,73,742,69
903,1123407133,azul,azul,heuristica,verde,0,-3,49,150,120,1.2500,0.1042,1476,172,1138,166
904,1876146646,verde,verde,heuristica,verde,1,3,32,30,0,30.0000,0.0938,881,52,779,50
904,1876146646,verde,vermelho,heuristica,verde,0,-3,32,90,120,0.7500,0.0000,722,98,530,94
904,1876146646,verde,azul,heuristica,verde,0,-3,32,120,120,1.0000,0.0323,923,103,714,106
905,1941871429,vermelho,verde,heuristica,empate,0,-1,100,80,120,0.6667,0.0222,986,71,849,66
905,1941871429,vermelho,vermelho,heuristica,empate,0,-1,100,0,0,0.0000,0.0400,2327,0,2327,0
905,1941871429,vermelho,azul,heuristica,empate,0,-1,100,120,80,1.5000,0.0800,2768,230,2301,237
906,562041356,azul,verde,heuristica,azul,0,-3,47,110,120,0.9167,0.0435,1393,158,1075,160
906,562041356,azul,vermelho,heuristica,azul,0,-3,47,90,110,0.8182,0.0938,863,76,709,78
906,562041356,azul,azul,heuristica,azul,1,3,47,30,0,30.0000,0.0213,1275,62,1138,75
907,1137382925,verde,verde,heuristica,vermelho,0,-3,65,90,120,0.7500,0.0000,278,79,124,75
907,1137382925,verde,vermelho,heuristica,vermelho,1,3,65,30,30,1.0000,0.0923,1600,43,1507,50
907,1137382925,verde,azul,heuristica,vermelho,0,-3,65,150,120,1.2500,0.0156,1729,130,1475,124
908,44253473,vermelho,verde,heuristica,verde,1,3,22,60,50,1.2000,0.0476,684,95,500,89
908,44253473,vermelho,vermelho,heuristica,verde,0,-3,22,160,120,1.3333,0.0952,837,190,490,157
908,44253473,vermelho,azul,heuristica,verde,0,-3,22,60,110,0.5455,0.0556,504,66,376,62
909,1560650065,azul,verde,heuristica,empate,0,-1,100,90,0,90.0000,0.0202,2109,116,1884,109
909,1560650065,azul,vermelho,heuristica,empate,0,-1,100,60,60,1.0000,0.0202,1648,97,1487,64
909,1560650065,azul,azul,heuristica,empate,0,-1,100,30,120,0.2500,0.1163,1218,193,845,180
910,412950855,verde,verde,heuristica,empate,0,-1,100,120,90,1.3333,0.0200,1977,188,1585,204
910,412950855,verde,vermelho,heuristica,empate,0,-1,100,0,0,0.0000,0.0200,2147,3,2144,0
910,412950855,verde,azul,heuristica,empate,0,-1,100,90,120,0.7500,0.0000,469,63,346,60
911,607510251,vermelho,verde,heuristica,azul,0,-3,27,110,120,0.9167,0.0769,862,125,615,122
911,607510251,vermelho,vermelho,heuristica,azul,0,-3,27,120,110,1.0909,0.1818,725,134,462,129
911,607510251,vermelho,azul,heuristica,azul,1,3,27,90,90,1.0000,0.0741,797,102,600,95
912,1238126236,azul,verde,heuristica,empate,0,-1,100,0,0,0.0000,0.0000,1332,24,1284,24
912,1238126236,azul,vermelho,heuristica,empate,0,-1,100,90,100,0.9000,0.1364,1328,145,1049,134
912,1238126236,azul,azul,heuristica,empate,0,-1,100,100,90,1.1111,0.1200,2599,194,2217,188
913,1121641946,verde,verde,heuristica,vermelho,0,-3,26,60,120,0.5000,0.0526,609,95,420,94
913,1121641946,verde,vermelho,heuristica,vermelho,1,3,26,60,50,1.2000,0.2308,880,118,637,125
913,1121641946,verde,azul,heuristica,vermelho,0,-3,26,170,120,1.4167,0.0800,926,173,586,167
914,420667202,vermelho,verde,heuristica,azul,0,-3,51,90,120,0.7500,0.0857,1100,141,811,148
914,420667202,vermelho,vermelho,heuristica,azul,0,-3,51,120,120,1.0000,0.0196,1454,122,1213,119
914,420667202,vermelho,azul,heuristica,azul,1,3,51,30,0,30.0000,0.0392,1245,26,1194,25
915,1568625357,azul,verde,heuristica,verde,1,3,40,30,0,30.0000,0.0000,985,26,934,25
915,1568625357,azul,vermelho,heuristica,verde,0,-3,40,120,120,1.0000,0.0263,1114,118,870,126
915,1568625357,azul,azul,heuristica,verde,0,-3,40,90,120,0.7500,0.0000,426,57,316,53
916,988698174,verde,verde,heuristica,verde,1,3,15,110,20,5.5000,0.2000,608,159,349,100
916,988698174,verde,vermelho,heuristica,verde,0,-3,15,80,120,0.6667,0.2143,548,107,341,100
916,988698174,verde,azul,heuristica,verde,0,-3,15,60,110,0.5455,0.0909,418,101,267,50
917,1920469873,vermelho,verde,heuristica,azul,0,-3,29,120,120,1.0000,0.0000,946,155,641,150
917,1920469873,vermelho,vermelho,heuristica,azul,0,-3,29,90,120,0.7500,0.0588,672,122,425,125
917,1920469873,vermelho,azul,heuristica,azul,1,3,29,30,0,30.0000,0.0690,809,53,706,50
918,427165887,azul,verde,heuristica,azul,0,-3,46,130,120,1.0833,0.0444,1503,223,1091,189
918,427165887,azul,vermelho,heuristica,azul,0,-3,46,20,100,0.2000,0.0244,1086,74,968,44
918,427165887,azul,azul,heuristica,azul,1,3,46,160,90,1.7778,0.1304,1737,346,1068,323
919,1734036530,verde,verde,heuristica,empate,0,-1,100,0,0,0.0000,0.0500,2342,4,2338,0
919,1734036530,verde,vermelho,heuristica,empate,0,-1,100,90,120,0.7500,0.0323,818,69,687,62
919,1734036530,verde,azul,heuristica,empate,0,-1,100,120,90,1.3333,0.1700,2092,139,1816,137
920,1207230511,vermelho,verde,heuristica,empate,0,-1,100,80,110,0.7273,0.2857,460,80,307,73
920,1207230511,vermelho,vermelho,heuristica,empate,0,-1,100,0,0,0.0000,0.0200,2051,20,2006,25
920,1207230511,vermelho,azul,heuristica,empate,0,-1,100,110,80,1.3750,0.0700,2016,140,1763,113
921,107751489,azul,verde,heuristica,vermelho,0,-3,26,70,120,0.5833,0.1250,699,155,395,149
921,107751489,azul,vermelho,heuristica,vermelho,1,3,26,30,0,30.0000,0.0400,595,34,527,34
921,107751489,azul,azul,heuristica,vermelho,0,-3,26,120,100,1.2000,0.2800,785,139,507,139
922,66732485,verde,verde,heuristica,vermelho,0,-3,48,120,120,1.0000,0.0000,1025,122,787,116
922,66732485,verde,vermelho,heuristica,vermelho,1,3,48,60,0,60.0000,0.0625,1130,62,998,70
922,66732485,verde,azul,heuristica,vermelho,0,-3,48,60,120,0.5000,0.0000,278,79,124,75
923,18312935,vermelho,verde,heuristica,empate,0,-1,100,0,0,0.0000,0.0808,2264,7,2257,0
923,18312935,vermelho,vermelho,heuristica,empate,0,-1,100,0,0,0.0000,0.0400,2015,71,1849,95
923,18312935,vermelho,azul,heuristica,empate,0,-1,100,0,0,0.0000,0.0100,1878,23,1838,17
924,1367906468,azul,verde,heuristica,verde,1,3,75,60,30,2.0000,0.0676,1822,79,1668,75
924,1367906468,azul,vermelho,heuristica,verde,0,-3,75,140,120,1.1667,0.0685,2150,197,1759,194
924,1367906468,azul,azul,heuristica,verde,0,-3,75,60,110,0.5455,0.1667,590,141,299,150
925,1533422519,verde,verde,heuristica,azul,0,-3,20,40,100,0.4000,0.2500,742,117,500,125
925,1533422519,verde,vermelho,heuristica,azul,0,-3,20,40,100,0.4000,0.2857,327,78,174,75
925,1533422519,verde,azul,heuristica,azul,1,3,20,200,80,2.5000,0.2000,1021,262,488,271
926,372069853,vermelho,verde,heuristica,azul,0,-3,30,110,110,1.0000,0.1724,1241,252,716,273
926,372069853,vermelho,vermelho,heuristica,azul,0,-3,30,10,100,0.1000,0.1250,721,69,577,75
926,372069853,vermelho,azul,heuristica,azul,1,3,30,180,90,2.0000,0.4000,1454,362,742,350
927,778134302,azul,verde,heuristica,azul,0,-3,73,150,110,1.3636,0.1111,1801,109,1592,100
927,778134302,azul,vermelho,heuristica,azul,0,-3,73,80,120,0.6667,0.0714,1095,62,976,57
927,778134302,azul,azul,heuristica,azul,1,3,73,30,30,1.0000,0.0274,1725,42,1640,43
928,1831905812,verde,verde,heuristica,empate,0,-1,100,0,0,0.0000,0.0200,2132,0,2132,0
928,1831905812,verde,vermelho,heuristica,empate,0,-1,100,120,90,1.3333,0.0000,1712,125,1468,119
928,1831905812,verde,azul,heuristica,empate,0,-1,100,90,120,0.7500,0.0000,675,129,424,122
929,991318533,vermelho,verde,heuristica,empate,0,-1,100,90,120,0.7500,0.0000,390,71,251,68
929,991318533,vermelho,vermelho,heuristica,empate,0,-1,100,120,90,1.3333,0.0500,2343,141,2055,147
929,991318533,vermelho,azul,heuristica,empate,0,-1,100,0,0,0.0000,0.0200,1679,0,1679,0
930,1706283989,azul,verde,heuristica,empate,0,-1,100,0,0,0.0000,0.0505,2216,0,2216,0
930,1706283989,azul,vermelho,heuristica,empate,0,-1,100,120,90,1.3333,0.0000,1982,118,1752,112
930,1706283989,azul,azul,heuristica,empate,0,-1,100,90,120,0.7500,0.0000,403,95,212,96
931,1594119628,verde,verde,heuristica,empate,0,-1,100,120,90,1.3333,0.0400,2336,119,2085,132
931,1594119628,verde,vermelho,heuristica,empate,0,-1,100,90,120,0.7500,0.1000,375,70,239,66
931,1594119628,verde,azul,heuristica,empate,0,-1,100,0,0,0.0000,0.0600,2102,1,2101,0
932,1114523884,vermelho,verde,heuristica,verde,1,3,85,90,60,1.5000,0.0238,2073,84,1917,72
932,1114523884,vermelho,vermelho,heuristica,verde,0,-3,85,150,120,1.2500,0.0595,2152,163,1822,167
932,1114523884,vermelho,azul,heuristica,verde,0,-3,85,60,120,0.5000,0.0238,1022,85,847,90
933,422079920,azul,verde,heuristica,empate,0,-1,100,90,120,0.7500,0.1250,587,94,394,99
933,422079920,azul,vermelho,heuristica,empate,0,-1,100,0,0,0.0000,0.0303,2071,57,1964,50
933,422079920,azul,azul,heuristica,empate,0,-1,100,120,90,1.3333,0.0200,2472,108,2265,99
934,1042459231,verde,verde,heuristica,azul,0,-3,14,90,120,0.7500,0.3000,499,131,244,124
934,1042459231,verde,vermelho,heuristica,azul,0,-3,14,150,110,1.3636,0.0714,659,163,329,167
934,1042459231,verde,azul,heuristica,azul,1,3,14,20,30,0.6667,0.1429,409,38,327,44
935,712723097,vermelho,verde,heuristica,vermelho,0,-3,18,90,110,0.8182,0.2353,667,156,414,97
935,712723097,vermelho,vermelho,heuristica,vermelho,1,3,18,140,80,1.7500,0.3333,679,132,423,124
935,712723097,vermelho,azul,heuristica,vermelho,0,-3,18,70,110,0.6364,0.3125,546,113,322,111
936,1168590347,azul,verde,heuristica,empate,0,-1,100,120,90,1.3333,0.0505,2169,169,1831,169
936,1168590347,azul,vermelho,heuristica,empate,0,-1,100,0,0,0.0000,0.0404,2048,6,2042,0
936,1168590347,azul,azul,heuristica,empate,0,-1,100,90,120,0.7500,0.1000,386,80,231,75
937,1071684288,verde,verde,heuristica,verde,1,3,19,30,0,30.0000,0.0526,461,43,368,50
937,1071684288,verde,vermelho,heuristica,verde,0,-3,19,120,120,1.0000,0.1667,732,143,442,147
937,1071684288,verde,azul,heuristica,verde,0,-3,19,90,120,0.7500,0.0000,520,77,369,74
938,538693465,vermelho,verde,heuristica,empate,0,-1,100,0,0,0.0000,0.0000,1933,20,1913,0
938,538693465,vermelho,vermelho,heuristica,empate,0,-1,100,120,90,1.3333,0.0100,2228,94,2067,67
938,538693465,vermelho,azul,heuristica,empate,0,-1,100,90,120,0.7500,0.0698,1155,92,972,91
939,1540251139,azul,verde,heuristica,empate,0,-1,100,60,110,0.5455,0.0893,1557,170,1208,179
939,1540251139,azul,vermelho,heuristica,empate,0,-1,100,0,0,0.0000,0.0808,2381,104,2157,120
939,1540251139,azul,azul,heuristica,empate,0,-1,100,110,60,1.8333,0.0600,2207,140,1929,138
940,1431387882,verde,verde,heuristica,empate,0,-1,100,120,90,1.3333,0.0200,2092,104,1882,106
940,1431387882,verde,vermelho,heuristica,empate,0,-1,100,0,0,0.0000,0.0000,1897,0,1897,0
940,1431387882,verde,azul,heuristica,empate,0,-1,100,90,120,0.7500,0.0800,793,106,582,105
941,1385593444,vermelho,verde,heuristica,empate,0,-1,100,0,0,0.0000,0.0000,1813,1,1812,0
941,1385593444,vermelho,vermelho,heuristica,empate,0,-1,100,90,120,0.7500,0.0714,479,78,320,81
941,1385593444,vermelho,azul,heuristica,empate,0,-1,100,120,90,1.3333,0.3800,1892,76,1748,68
942,602949509,azul,verde,heuristica,vermelho,0,-3,82,160,120,1.3333,0.0988,2056,142,1785,129
942,602949509,azul,vermelho,heuristica,vermelho,1,3,82,60,60,1.0000,0.0123,1212,33,1150,29
942,602949509,azul,azul,heuristica,vermelho,0,-3,82,60,100,0.6000,0.5714,322,78,169,75
943,129881148,verde,verde,heuristica,azul,0,-3,16,120,120,1.0000,0.0000,765,198,396,171
943,129881148,verde,vermelho,heuristica,azul,0,-3,16,90,120,0.7500,0.1667,514,125,293,96
943,129881148,verde,azul,heuristica,azul,1,3,16,30,0,30.0000,0.1250,526,91,363,72
944,988129515,vermelho,verde,heuristica,empate,0,-1,100,80,70,1.1429,0.0808,2381,105,2177,99
944,988129515,vermelho,vermelho,heuristica,empate,0,-1,100,0,0,0.0000,0.0600,2026,6,2020,0
944,988129515,vermelho,azul,heuristica,empate,0,-1,100,70,80,0.8750,0.1000,2383,185,2022,176
945,240535048,azul,verde,heuristica,empate,0,-1,100,120,90,1.3333,0.0101,2230,130,1975,125
945,240535048,azul,vermelho,heuristica,empate,0,-1,100,0,0,0.0000,0.0505,1920,0,1920,0
945,240535048,azul,azul,heuristica,empate,0,-1,100,90,120,0.7500,0.0000,420,95,225,100
946,1570706326,verde,verde,heuristica,azul,0,-3,37,120,120,1.0000,0.0000,1037,92,861,84
946,1570706326,verde,vermelho,heuristica,azul,0,-3,37,90,120,0.7500,0.0000,713,93,533,87
946,1570706326,verde,azul,heuristica,azul,1,3,37,30,0,30.0000,0.0000,789,41,707,41
947,507421364,vermelho,verde,heuristica,verde,1,3,72,30,0,30.0000,0.0141,2024,211,1611,202
947,507421364,vermelho,vermelho,heuristica,verde,0,-3,72,100,120,0.8333,0.0845,1801,115,1576,110
947,507421364,vermelho,azul,heuristica,verde,0,-3,72,90,100,0.9000,0.0800,764,89,583,92
948,1685667609,azul,verde,heuristica,verde,1,3,52,30,0,30.0000,0.0196,1240,74,1074,92
948,1685667609,azul,vermelho,heuristica,verde,0,-3,52,80,120,0.6667,0.0000,565,121,320,124
948,1685667609,azul,azul,heuristica,verde,0,-3,52,120,110,1.0909,0.0980,1524,179,1157,188
949,705769209,verde,verde,heuristica,empate,0,-1,100,120,90,1.3333,0.0700,2499,129,2235,135
949,705769209,verde,vermelho,heuristica,empate,0,-1,100,90,120,0.7500,0.0588,597,92,409,96
949,705769209,verde,azul,heuristica,empate,0,-1,100,0,0,0.0000,0.0200,2394,26,2346,22
950,504911631,vermelho,verde,heuristica,azul,0,-3,55,90,120,0.7500,0.1000,682,121,445,116
950,504911631,vermelho,vermelho,heuristica,azul,0,-3,55,150,120,1.2500,0.0545,1446,182,1075,189
950,504911631,vermelho,azul,heuristica,azul,1,3,55,30,30,1.0000,0.0545,1322,27,1272,23
951,797430198,azul,verde,heuristica,vermelho,0,-3,37,150,120,1.2500,0.0000,1079,161,761,157
951,797430198,azul,vermelho,heuristica,vermelho,1,3,37,30,30,1.0000,0.0556,927,94,737,96
951,797430198,azul,azul,heuristica,vermelho,0,-3,37,90,120,0.7500,0.1739,816,129,564,123
952,1256198830,verde,verde,heuristica,azul,0,-3,11,120,100,1.2000,0.3636,555,155,275,125
952,1256198830,verde,vermelho,heuristica,azul,0,-3,11,70,120,0.5833,0.1429,371,96,175,100
952,1256198830,verde,azul,heuristica,azul,1,3,11,30,0,30.0000,0.0909,357,64,249,44
953,1625466238,vermelho,verde,heuristica,verde,1,3,28,60,0,60.0000,0.0000,686,72,559,55
953,1625466238,vermelho,vermelho,heuristica,verde,0,-3,28,120,120,1.0000,0.0370,870,131,614,125
953,1625466238,vermelho,azul,heuristica,verde,0,-3,28,60,120,0.5000,0.0833,745,77,593,75
954,270764059,azul,verde,heuristica,verde,1,3,45,120,60,2.0000,0.0000,1050,138,784,128
954,270764059,azul,vermelho,heuristica,verde,0,-3,45,90,120,0.7500,0.1163,1210,97,1020,93
954,270764059,azul,azul,heuristica,verde,0,-3,45,90,120,0.7500,0.3095,1922,430,1044,448
955,466416347,verde,verde,heuristica,azul,0,-3,13,120,120,1.0000,0.0769,628,166,316,146
955,466416347,verde,vermelho,heuristica,azul,0,-3,13,90,120,0.7500,0.0000,394,77,246,71
955,466416347,verde,azul,heuristica,azul,1,3,13,30,0,30.0000,0.3077,337,27,286,24
956,164930889,vermelho,verde,heuristica,empate,0,-1,100,120,90,1.3333,0.4040,1974,106,1769,99
956,164930889,vermelho,vermelho,heuristica,empate,0,-1,100,90,120,0.7500,0.0000,366,94,197,75
956,164930889,vermelho,azul,heuristica,empate,0,-1,100,0,0,0.0000,0.0300,1854,21,1812,21
957,657063490,azul,verde,heuristica,empate,0,-1,100,0,0,0.0000,0.0000,1609,0,1609,0
957,657063490,azul,vermelho,heuristica,empate,0,-1,100,110,80,1.3750,0.0303,2181,116,1949,116
957,657063490,azul,azul,heuristica,empate,0,-1,100,80,110,0.7273,0.4000,443,95,248,100
958,925743247,verde,verde,heuristica,empate,0,-1,100,120,90,1.3333,0.0300,2239,95,2056,88
958,925743247,verde,vermelho,heuristica,empate,0,-1,100,90,120,0.7500,0.0000,424,76,276,72
958,925743247,verde,azul,heuristica,empate,0,-1,100,0,0,0.0000,0.0200,1751,3,1748,0
959,1712549161,vermelho,verde,heuristica,azul,0,-3,81,90,120,0.7500,0.0000,394,106,188,100
959,1712549161,vermelho,vermelho,heuristica,azul,0,-3,81,150,120,1.2500,0.0247,2097,155,1792,150
959,1712549161,vermelho,azul,heuristica,azul,1,3,81,30,30,1.0000,0.0370,1692,21,1652,19
960,1225043013,azul,verde,heuristica,empate,0,-1,100,120,90,1.3333,0.0202,2596,231,2104,261
960,1225043013,azul,vermelho,heuristica,empate,0,-1,100,90,120,0.7500,0.0000,471,121,262,88
960,1225043013,azul,azul,heuristica,empate,0,-1,100,0,0,0.0000,0.0400,2312,45,2192,75
961,941576731,verde,verde,heuristica,empate,0,-1,100,0,0,0.0000,0.0000,1680,1,1679,0
961,941576731,verde,vermelho,heuristica,empate,0,-1,100,90,120,0.7500,0.1667,543,129,292,122
961,941576731,verde,azul,heuristica,empate,0,-1,100,120,90,1.3333,0.0200,2131,166,1800,165
962,1506476993,vermelho,verde,heuristica,vermelho,0,-3,76,150,120,1.2500,0.0667,2086,193,1704,189
962,1506476993,vermelho,vermelho,heuristica,vermelho,1,3,76,30,30,1.0000,0.1053,2042,158,1734,150
962,1506476993,vermelho,azul,heuristica,vermelho,0,-3,76,90,120,0.7500,0.2500,534,122,290,122
963,1059674389,azul,verde,heuristica,vermelho,0,-3,25,150,120,1.2500,0.0000,773,136,511,126
963,1059674389,azul,vermelho,heuristica,vermelho,1,3,25,30,30,1.0000,0.0833,639,43,547,49
963,1059674389,azul,azul,heuristica,vermelho,0,-3,25,90,120,0.7500,0.1500,667,112,447,108
964,629443526,verde,verde,heuristica,azul,0,-3,32,100,110,0.9091,0.0938,880,103,673,104
964,629443526,verde,vermelho,heuristica,azul,0,-3,32,80,100,0.8000,0.2500,522,115,287,120
964,629443526,verde,azul,heuristica,azul,1,3,32,30,0,30.0000,0.0938,801,27,749,25
965,1269805790,vermelho,verde,heuristica,verde,1,3,58,30,0,30.0000,0.0175,1183,23,1139,21
965,1269805790,vermelho,vermelho,heuristica,verde,0,-3,58,90,120,0.7500,0.0000,526,79,372,75
965,1269805790,vermelho,azul,heuristica,verde,0,-3,58,120,120,1.0000,0.0351,1727,204,1302,221
966,1317036416,azul,verde,heuristica,vermelho,0,-3,83,80,110,0.7273,0.1538,1329,237,901,191
966,1317036416,azul,vermelho,heuristica,vermelho,1,3,83,30,30,1.0000,0.0366,1959,34,1902,23
966,1317036416,azul,azul,heuristica,vermelho,0,-3,83,140,110,1.2727,0.0854,2035,182,1680,173
967,558950948,verde,verde,heuristica,azul,0,-3,32,90,120,0.7500,0.0000,760,127,537,96
967,558950948,verde,vermelho,heuristica,azul,0,-3,32,120,120,1.0000,0.0000,1001,176,700,125
967,558950948,verde,azul,heuristica,azul,1,3,32,90,60,1.5000,0.0313,984,167,695,122
968,136670000,vermelho,verde,heuristica,empate,0,-1,100,0,0,0.0000,0.0000,1701,92,1609,0
968,136670000,vermelho,vermelho,heuristica,empate,0,-1,100,30,0,30.0000,0.4300,3423,800,1870,753
968,136670000,vermelho,azul,heuristica,empate,0,-1,100,0,30,0.0000,0.0100,1982,91,1849,42
969,127806416,azul,verde,heuristica,vermelho,0,-3,45,120,120,1.0000,0.0455,1434,194,1090,150
969,127806416,azul,vermelho,heuristica,vermelho,1,3,45,120,60,2.0000,0.0682,1399,185,1089,125
969,127806416,azul,azul,heuristica,vermelho,0,-3,45,60,120,0.5000,0.0465,1227,101,1051,75
970,1770472552,verde,verde,heuristica,vermelho,0,-3,27,130,120,1.0833,0.1481,925,130,672,123
970,1770472552,verde,vermelho,heuristica,vermelho,1,3,27,30,30,1.0000,0.0000,672,51,571,50
970,1770472552,verde,azul,heuristica,vermelho,0,-3,27,90,100,0.9000,0.2500,380,91,194,95
971,1221341580,vermelho,verde,heuristica,verde,1,3,25,40,60,0.6667,0.0417,711,79,557,75
971,1221341580,vermelho,vermelho,heuristica,verde,0,-3,25,60,110,0.5455,0.4444,481,131,225,125
971,1221341580,vermelho,azul,heuristica,verde,0,-3,25,170,100,1.7000,0.2500,1045,227,593,225
972,510847089,azul,verde,heuristica,verde,1,3,50,30,0,30.0000,0.3265,1267,117,1033,117
972,510847089,azul,vermelho,heuristica,verde,0,-3,50,120,110,1.0909,0.0625,1356,212,960,184
972,510847089,azul,azul,heuristica,verde,0,-3,50,80,120,0.6667,0.1304,1211,97,1024,90
973,1692598265,verde,verde,heuristica,empate,0,-1,100,0,0,0.0000,0.0500,2497,115,2262,120
973,1692598265,verde,vermelho,heuristica,empate,0,-1,100,0,0,0.0000,0.0900,2682,196,2266,220
973,1692598265,verde,azul,heuristica,empate,0,-1,100,0,0,0.0000,0.0300,2199,38,2121,40
974,248016053,vermelho,verde,heuristica,empate,0,-1,100,0,0,0.0000,0.0303,2063,24,2014,25
974,248016053,vermelho,vermelho,heuristica,empate,0,-1,100,120,60,2.0000,0.0400,2174,92,1996,86
974,248016053,vermelho,azul,heuristica,empate,0,-1,100,60,120,0.5000,0.0208,1153,94,968,91
975,1909045985,azul,verde,heuristica,empate,0,-1,100,110,60,1.8333,0.0808,2111,99,1918,94
975,1909045985,azul,vermelho,heuristica,empate,0,-1,100,60,110,0.5455,0.1429,327,79,173,75
975,1909045985,azul,azul,heuristica,empate,0,-1,100,0,0,0.0000,0.0000,1586,0,1586,0
976,887965518,verde,verde,heuristica,vermelho,0,-3,15,150,120,1.2500,0.0667,632,132,375,125
976,887965518,verde,vermelho,heuristica,vermelho,1,3,15,30,30,1.0000,0.1333,582,111,371,100
976,887965518,verde,azul,heuristica,vermelho,0,-3,15,90,120,0.7500,0.1000,437,90,247,100
977,1357408905,vermelho,verde,heuristica,vermelho,0,-3,17,180,120,1.5000,0.0000,674,171,338,165
977,1357408905,vermelho,vermelho,heuristica,vermelho,1,3,17,30,60,0.5000,0.1765,688,136,405,147
977,1357408905,vermelho,azul,heuristica,vermelho,0,-3,17,90,120,0.7500,0.1667,551,128,299,124
978,1611699638,azul,verde,heuristica,vermelho,0,-3,46,120,120,1.0000,0.0444,1283,108,1075,100
978,1611699638,azul,vermelho,heuristica,vermelho,1,3,46,30,0,30.0000,0.0444,924,36,856,32
978,1611699638,azul,azul,heuristica,vermelho,0,-3,46,90,120,0.7500,0.0000,320,78,168,74
979,1463146029,verde,verde,heuristica,empate,0,-1,100,80,60,1.3333,0.0600,2413,80,2254,79
979,1463146029,verde,vermelho,heuristica,empate,0,-1,100,30,60,0.5000,0.0500,2199,70,2063,66
979,1463146029,verde,azul,heuristica,empate,0,-1,100,120,110,1.0909,0.0761,2528,183,2144,201
980,1079783323,vermelho,verde,heuristica,verde,1,3,26,30,0,30.0000,0.1200,823,118,585,120
980,1079783323,vermelho,vermelho,heuristica,verde,0,-3,26,90,120,0.7500,0.0000,464,49,371,44
980,1079783323,vermelho,azul,heuristica,verde,0,-3,26,120,120,1.0000,0.1200,730,98,539,93
981,645188196,azul,verde,heuristica,verde,1,3,65,30,30,1.0000,0.0313,1475,103,1260,112
981,645188196,azul,vermelho,heuristica,verde,0,-3,65,140,120,1.1667,0.0635,1792,187,1422,183
981,645188196,azul,azul,heuristica,verde,0,-3,65,90,110,0.8182,0.0526,1030,82,867,81
982,1071560322,verde,verde,heuristica,empate,0,-1,100,0,0,0.0000,0.0600,2311,124,2097,90
982,1071560322,verde,vermelho,heuristica,empate,0,-1,100,120,90,1.3333,0.0300,2864,281,2283,300
982,1071560322,verde,azul,heuristica,empate,0,-1,100,90,120,0.7500,0.1071,665,102,507,56
983,997181620,vermelho,verde,heuristica,azul,0,-3,18,140,120,1.1667,0.1176,763,170,418,175
983,997181620,vermelho,vermelho,heuristica,azul,0,-3,18,90,120,0.7500,0.0000,401,101,200,100
983,997181620,vermelho,azul,heuristica,azul,1,3,18,30,20,1.5000,0.2222,519,53,416,50
984,1255515162,azul,verde,heuristica,verde,1,3,61,90,90,1.0000,0.0833,2026,292,1426,308
984,1255515162,azul,vermelho,heuristica,verde,0,-3,61,90,120,0.7500,0.1389,1381,273,883,225
984,1255515162,azul,azul,heuristica,verde,0,-3,61,150,120,1.2500,0.0667,1595,155,1297,143
985,836382915,verde,verde,heuristica,empate,0,-1,100,0,0,0.0000,0.0000,1204,0,1204,0
985,836382915,verde,vermelho,heuristica,empate,0,-1,100,120,60,2.0000,0.0600,2231,116,1996,119
985,836382915,verde,azul,heuristica,empate,0,-1,100,60,120,0.5000,0.5000,405,107,199,99
986,347126365,vermelho,verde,heuristica,empate,0,-1,100,60,120,0.5000,0.0000,278,78,125,75
986,347126365,vermelho,vermelho,heuristica,empate,0,-1,100,120,60,2.0000,0.0600,2378,105,2173,100
986,347126365,vermelho,azul,heuristica,empate,0,-1,100,0,0,0.0000,0.0100,1888,0,1888,0
987,1469351021,azul,verde,heuristica,vermelho,0,-3,31,90,120,0.7500,0.0909,374,70,240,64
987,1469351021,azul,vermelho,heuristica,vermelho,1,3,31,30,60,0.5000,0.0333,855,71,711,73
987,1469351021,azul,azul,heuristica,vermelho,0,-3,31,180,120,1.5000,0.1333,1142,207,706,229
988,2100725222,verde,verde,heuristica,empate,0,-1,100,0,0,0.0000,0.0000,1316,88,1228,0
988,2100725222,verde,vermelho,heuristica,empate,0,-1,100,0,0,0.0000,0.0000,1297,52,1245,0
988,2100725222,verde,azul,heuristica,empate,0,-1,100,0,0,0.0000,0.0000,1596,44,1552,0
989,2076863469,vermelho,verde,heuristica,azul,0,-3,88,150,120,1.2500,0.0000,1947,126,1706,115
989,2076863469,vermelho,vermelho,heuristica,azul,0,-3,88,90,120,0.7500,0.1429,531,95,341,95
989,2076863469,vermelho,azul,heuristica,azul,1,3,88,30,30,1.0000,0.0227,2199,49,2103,47
990,1297419198,azul,verde,heuristica,azul,0,-3,57,90,100,0.9000,0.2000,329,104,125,100
990,1297419198,azul,vermelho,heuristica,azul,0,-3,57,100,120,0.8333,0.0893,1563,109,1354,100
990,1297419198,azul,azul,heuristica,azul,1,3,57,30,0,30.0000,0.0175,1085,20,1049,16
991,656509197,verde,verde,heuristica,verde,1,3,75,60,30,2.0000,0.0267,1519,46,1433,40
991,656509197,verde,vermelho,heuristica,verde,0,-3,75,150,120,1.2500,0.0676,1952,153,1660,139
991,656509197,verde,azul,heuristica,verde,0,-3,75,60,120,0.5000,0.0000,543,77,392,74
992,2086753255,vermelho,verde,heuristica,vermelho,0,-3,15,150,100,1.5000,0.2857,656,156,350,150
992,2086753255,vermelho,vermelho,heuristica,vermelho,1,3,15,30,30,1.0000,0.0000,417,24,370,23
992,2086753255,vermelho,azul,heuristica,vermelho,0,-3,15,70,120,0.5833,0.1250,404,104,200,100
993,1945909570,azul,verde,heuristica,verde,1,3,18,150,90,1.6667,0.0000,727,187,415,125
993,1945909570,azul,vermelho,heuristica,verde,0,-3,18,120,120,1.0000,0.1250,908,285,399,224
993,1945909570,azul,azul,heuristica,verde,0,-3,18,60,120,0.5000,0.1333,571,99,373,99
994,66133690,verde,verde,heuristica,azul,0,-3,15,90,110,0.8182,0.1667,503,103,300,100
994,66133690,verde,vermelho,heuristica,azul,0,-3,15,110,120,0.9167,0.2000,622,130,367,125
994,66133690,verde,azul,heuristica,azul,1,3,15,30,0,30.0000,0.0667,539,77,364,98
995,1178650548,vermelho,verde,heuristica,azul,0,-3,34,80,120,0.6667,0.1304,805,116,567,122
995,1178650548,vermelho,vermelho,heuristica,azul,0,-3,34,150,110,1.3636,0.0882,1126,191,742,193
995,1178650548,vermelho,azul,heuristica,azul,1,3,34,30,30,1.0000,0.0882,942,106,720,116
996,1356342537,azul,verde,heuristica,verde,1,3,83,60,60,1.0000,0.0732,1957,94,1763,100
996,1356342537,azul,vermelho,heuristica,verde,0,-3,83,60,120,0.5000,0.0000,421,75,275,71
996,1356342537,azul,azul,heuristica,verde,0,-3,83,180,120,1.5000,0.0732,2227,156,1923,148
997,1676657438,verde,verde,heuristica,vermelho,0,-3,34,120,110,1.0909,0.0294,1046,158,721,167
997,1676657438,verde,vermelho,heuristica,vermelho,1,3,34,20,0,20.0000,0.1176,856,27,804,25
997,1676657438,verde,azul,heuristica,vermelho,0,-3,34,90,120,0.7500,0.0000,807,79,653,75
998,1714985209,vermelho,verde,heuristica,verde,1,3,64,30,0,30.0000,0.0476,1640,52,1538,50
998,1714985209,vermelho,vermelho,heuristica,verde,0,-3,64,120,120,1.0000,0.0794,1687,187,1321,179
998,1714985209,vermelho,azul,heuristica,verde,0,-3,64,90,120,0.7500,0.0000,489,68,356,65
999,703915436,azul,verde,heuristica,verde,1,3,18,30,60,0.5000,0.0000,573,88,395,90
999,703915436,azul,vermelho,heuristica,verde,0,-3,18,90,120,0.7500,0.0000,433,94,240,99
999,703915436,azul,azul,heuristica,verde,0,-3,18,180,120,1.5000,0.0000,701,153,403,145
1000,1215748322,verde,verde,heuristica,empate,0,-1,100,120,90,1.3333,0.0000,1965,96,1779,90
1000,1215748322,verde,vermelho,heuristica,empate,0,-1,100,0,0,0.0000,0.0600,2117,18,2074,25
1000,1215748322,verde,azul,heuristica,empate,0,-1,100,90,120,0.7500,0.0000,620,79,467,74
