id_simulacao,seed,jogador_inicial,jogador,modelo_ia,vencedor,venceu,pontos,turnos,dano_causado,dano_recebido,damage_ratio,cover_usage,custo_total,custo_los,custo_nodos,custo_acoes
1,438557537,verde,verde,aleatoria,empate,0,-1,100,0,30,0.0000,0.0000,2284,12,2272,0
1,438557537,verde,vermelho,reativa,empate,0,-1,100,150,60,2.5000,0.0100,2069,20,2049,0
1,438557537,verde,azul,heuristica,empate,0,-1,100,60,120,0.5000,0.0741,1466,102,1264,100
2,1864560048,vermelho,verde,aleatoria,empate,0,-1,100,0,0,0.0000,0.0000,2173,0,2173,0
2,1864560048,vermelho,vermelho,reativa,empate,0,-1,100,120,90,1.3333,0.0000,1848,6,1842,0
2,1864560048,vermelho,azul,heuristica,empate,0,-1,100,90,120,0.7500,0.0000,433,96,243,94
3,990947591,azul,verde,aleatoria,empate,0,-1,100,0,60,0.0000,0.0202,2204,5,2199,0
3,990947591,azul,vermelho,reativa,empate,0,-1,100,90,120,0.7500,0.0500,394,10,384,0
3,990947591,azul,azul,heuristica,empate,0,-1,100,180,90,2.0000,0.1100,2566,303,2042,221
4,980411883,verde,verde,aleatoria,empate,0,-1,100,0,30,0.0000,0.0500,2497,19,2478,0
4,980411883,verde,vermelho,reativa,empate,0,-1,100,90,120,0.7500,0.0270,1568,18,1550,0
4,980411883,verde,azul,heuristica,empate,0,-1,100,150,90,1.6667,0.0900,2715,212,2304,199
5,1364875354,vermelho,verde,aleatoria,empate,0,-1,100,0,0,0.0000,0.0808,2328,9,2319,0
5,1364875354,vermelho,vermelho,reativa,empate,0,-1,100,120,90,1.3333,0.0800,2331,9,2322,0
5,1364875354,vermelho,azul,heuristica,empate,0,-1,100,90,120,0.7500,0.0000,470,129,216,125
6,1247406621,azul,verde,aleatoria,vermelho,0,-3,63,0,120,0.0000,0.0161,1150,12,1138,0
6,1247406621,azul,vermelho,reativa,vermelho,1,3,63,180,90,2.0000,0.0323,1230,22,1208,0
6,1247406621,azul,azul,heuristica,vermelho,0,-3,63,150,120,1.2500,0.0333,1904,298,1410,196
7,271024058,verde,verde,aleatoria,vermelho,0,-3,24,0,120,0.0000,0.0000,501,8,493,0
7,271024058,verde,vermelho,reativa,vermelho,1,3,24,120,90,1.3333,0.0000,486,14,472,0
7,271024058,verde,azul,heuristica,vermelho,0,-3,24,210,120,1.7500,0.1304,1012,281,536,195
8,131926194,vermelho,verde,aleatoria,azul,0,-3,18,0,120,0.0000,0.0000,320,9,311,0
8,131926194,vermelho,vermelho,reativa,azul,0,-3,18,120,120,1.0000,0.0000,330,12,318,0
8,131926194,vermelho,azul,heuristica,azul,1,3,18,210,90,2.3333,0.0000,1002,304,449,249
9,920297219,azul,verde,aleatoria,empate,0,-1,100,30,90,0.3333,0.0909,2443,16,2427,0
9,920297219,azul,vermelho,reativa,empate,0,-1,100,210,60,3.5000,0.0303,2245,23,2222,0
9,920297219,azul,azul,heuristica,empate,0,-1,100,30,120,0.2500,0.0612,1467,152,1171,144
10,820336507,verde,verde,aleatoria,empate,0,-1,100,0,40,0.0000,0.1700,2401,20,2381,0
10,820336507,verde,vermelho,reativa,empate,0,-1,100,0,0,0.0000,0.0500,2112,8,2104,0
10,820336507,verde,azul,heuristica,empate,0,-1,100,40,0,40.0000,0.0900,2679,176,2310,193
11,1012562364,vermelho,verde,aleatoria,vermelho,0,-3,33,0,120,0.0000,0.0000,404,6,398,0
11,1012562364,vermelho,vermelho,reativa,vermelho,1,3,33,120,60,2.0000,0.0000,322,14,308,0
11,1012562364,vermelho,azul,heuristica,vermelho,0,-3,33,180,120,1.5000,0.0938,1230,240,765,225
12,670066924,azul,verde,aleatoria,empate,0,-1,100,0,30,0.0000,0.0404,2381,6,2375,0
12,670066924,azul,vermelho,reativa,empate,0,-1,100,30,0,30.0000,0.0303,2202,6,2196,0
12,670066924,azul,azul,heuristica,empate,0,-1,100,0,0,0.0000,0.3100,2128,37,2044,47
13,1549280937,verde,verde,aleatoria,azul,0,-3,22,30,120,0.2500,0.3125,381,7,374,0
13,1549280937,verde,vermelho,reativa,azul,0,-3,22,150,120,1.2500,0.0455,412,14,398,0
13,1549280937,verde,azul,heuristica,azul,1,3,22,120,60,2.0000,0.3182,801,150,512,139
14,1369586799,vermelho,verde,aleatoria,empate,0,-1,100,0,0,0.0000,0.0000,2288,4,2284,0
14,1369586799,vermelho,vermelho,reativa,empate,0,-1,100,0,0,0.0000,0.0000,1932,47,1885,0
14,1369586799,vermelho,azul,heuristica,empate,0,-1,100,0,0,0.0000,0.0000,1761,44,1717,0
15,1040301634,azul,verde,aleatoria,verde,1,3,35,30,30,1.0000,0.0882,846,1,845,0
15,1040301634,azul,vermelho,reativa,verde,0,-3,35,90,120,0.7500,0.0769,236,5,231,0
15,1040301634,azul,azul,heuristica,verde,0,-3,35,150,120,1.2500,0.0588,1257,218,817,222
16,1790057013,verde,verde,aleatoria,empate,0,-1,100,0,0,0.0000,0.0000,2403,0,2403,0
16,1790057013,verde,vermelho,reativa,empate,0,-1,100,120,90,1.3333,0.0700,1822,6,1816,0
16,1790057013,verde,azul,heuristica,empate,0,-1,100,90,120,0.7500,0.0455,660,79,509,72
17,1690053831,vermelho,verde,aleatoria,empate,0,-1,100,0,0,0.0000,0.0000,2226,0,2226,0
17,1690053831,vermelho,vermelho,reativa,empate,0,-1,100,90,120,0.7500,0.0714,251,6,245,0
17,1690053831,vermelho,azul,heuristica,empate,0,-1,100,120,90,1.3333,0.0200,1893,106,1689,98
18,1979693965,azul,verde,aleatoria,empate,0,-1,100,0,60,0.0000,0.0303,2229,13,2216,0
18,1979693965,azul,vermelho,reativa,empate,0,-1,100,90,120,0.7500,0.3333,298,9,289,0
18,1979693965,azul,azul,heuristica,empate,0,-1,100,180,90,2.0000,0.0800,2722,298,2124,300
19,932576662,verde,verde,aleatoria,empate,0,-1,100,0,0,0.0000,0.0000,2471,0,2471,0
19,932576662,verde,vermelho,reativa,empate,0,-1,100,0,0,0.0000,0.0100,1691,1,1690,0
19,932576662,verde,azul,heuristica,empate,0,-1,100,0,0,0.0000,0.0000,1707,2,1705,0
20,855842988,vermelho,verde,aleatoria,azul,0,-3,30,0,120,0.0000,0.1379,717,9,708,0
20,855842988,vermelho,vermelho,reativa,azul,0,-3,30,120,120,1.0000,0.0000,289,13,276,0
20,855842988,vermelho,azul,heuristica,azul,1,3,30,210,90,2.3333,0.1000,1318,336,714,268
21,1253956409,azul,verde,aleatoria,azul,0,-3,82,0,100,0.0000,0.0494,1677,16,1661,0
21,1253956409,azul,vermelho,reativa,azul,0,-3,82,90,120,0.7500,0.0000,485,9,476,0
21,1253956409,azul,azul,heuristica,azul,1,3,82,220,90,2.4444,0.0732,2392,295,1817,280
22,755744497,verde,verde,aleatoria,azul,0,-3,24,30,120,0.2500,0.0000,282,7,275,0
22,755744497,verde,vermelho,reativa,azul,0,-3,24,180,120,1.5000,0.0000,441,17,424,0
22,755744497,verde,azul,heuristica,azul,1,3,24,90,60,1.5000,0.5000,727,118,496,113
23,1237903098,vermelho,verde,aleatoria,empate,0,-1,100,0,90,0.0000,0.0000,2398,22,2376,0
23,1237903098,vermelho,vermelho,reativa,empate,0,-1,100,30,0,30.0000,0.0800,2337,11,2326,0
23,1237903098,vermelho,azul,heuristica,empate,0,-1,100,60,0,60.0000,0.0300,1887,146,1600,141
24,1087965783,azul,verde,aleatoria,vermelho,0,-3,85,60,120,0.5000,0.0000,280,5,275,0
24,1087965783,azul,vermelho,reativa,vermelho,1,3,85,60,60,1.0000,0.0357,1767,3,1764,0
24,1087965783,azul,azul,heuristica,vermelho,0,-3,85,180,120,1.5000,0.0238,2382,266,1841,275
25,483723808,verde,verde,aleatoria,azul,0,-3,17,0,120,0.0000,0.0769,297,3,294,0
25,483723808,verde,vermelho,reativa,azul,0,-3,17,210,120,1.7500,0.0000,260,15,245,0
25,483723808,verde,azul,heuristica,azul,1,3,17,120,90,1.3333,0.1176,685,139,407,139
26,242242137,vermelho,verde,aleatoria,azul,0,-3,43,0,120,0.0000,0.0476,1014,10,1004,0
26,242242137,vermelho,vermelho,reativa,azul,0,-3,43,120,120,1.0000,0.0000,344,9,335,0
26,242242137,vermelho,azul,heuristica,azul,1,3,43,210,90,2.3333,0.0465,1438,224,998,216
27,221737212,azul,verde,aleatoria,empate,0,-1,100,30,120,0.2500,0.1368,2234,11,2223,0
27,221737212,azul,vermelho,reativa,empate,0,-1,100,120,30,4.0000,0.0808,2207,17,2190,0
27,221737212,azul,azul,heuristica,empate,0,-1,100,0,0,0.0000,0.0100,2108,69,1969,70
28,418463804,verde,verde,aleatoria,empate,0,-1,100,0,110,0.0000,0.0351,1435,12,1423,0
28,418463804,verde,vermelho,reativa,empate,0,-1,100,30,0,30.0000,0.0800,2341,11,2330,0
28,418463804,verde,azul,heuristica,empate,0,-1,100,110,30,3.6667,0.0400,2677,162,2347,168
29,435099202,vermelho,verde,aleatoria,empate,0,-1,100,0,0,0.0000,0.0505,2329,0,2329,0
29,435099202,vermelho,vermelho,reativa,empate,0,-1,100,120,60,2.0000,0.0500,2312,7,2305,0
29,435099202,vermelho,azul,heuristica,empate,0,-1,100,60,120,0.5000,0.0000,1232,95,1045,92
30,283512082,azul,verde,aleatoria,azul,0,-3,55,0,120,0.0000,0.0370,1293,10,1283,0
30,283512082,azul,vermelho,reativa,azul,0,-3,55,90,120,0.7500,0.0000,79,5,74,0
30,283512082,azul,azul,heuristica,azul,1,3,55,240,90,2.6667,0.0182,1837,291,1275,271
31,1645911538,verde,verde,aleatoria,empate,0,-1,100,0,0,0.0000,0.0800,2368,3,2365,0
31,1645911538,verde,vermelho,reativa,empate,0,-1,100,90,120,0.7500,0.0000,136,5,131,0
31,1645911538,verde,azul,heuristica,empate,0,-1,100,120,90,1.3333,0.0200,2483,135,2224,124
32,1490846386,vermelho,verde,aleatoria,verde,1,3,16,60,90,0.6667,0.0000,365,10,355,0
32,1490846386,vermelho,vermelho,reativa,verde,0,-3,16,150,120,1.2500,0.0000,211,15,196,0
32,1490846386,vermelho,azul,heuristica,verde,0,-3,16,120,120,1.0000,0.0000,666,179,363,124
33,321403989,azul,verde,aleatoria,empate,0,-1,100,0,120,0.0000,0.0476,508,5,503,0
33,321403989,azul,vermelho,reativa,empate,0,-1,100,120,0,120.0000,0.0606,2205,15,2190,0
33,321403989,azul,azul,heuristica,empate,0,-1,100,0,0,0.0000,0.0000,1506,2,1504,0
34,1070087091,verde,verde,aleatoria,azul,0,-3,72,0,120,0.0000,0.0278,1632,15,1617,0
34,1070087091,verde,vermelho,reativa,azul,0,-3,72,90,120,0.7500,0.0714,921,8,913,0
34,1070087091,verde,azul,heuristica,azul,1,3,72,240,90,2.6667,0.0833,2427,368,1670,389
35,749808370,vermelho,verde,aleatoria,empate,0,-1,100,0,100,0.0000,0.4545,274,5,269,0
35,749808370,vermelho,vermelho,reativa,empate,0,-1,100,0,0,0.0000,0.0000,1942,0,1942,0
35,749808370,vermelho,azul,heuristica,empate,0,-1,100,100,0,100.0000,0.0700,2213,150,1913,150
36,310441732,azul,verde,aleatoria,empate,0,-1,100,0,0,0.0000,0.1818,2220,1,2219,0
36,310441732,azul,vermelho,reativa,empate,0,-1,100,120,90,1.3333,0.0606,2282,6,2276,0
36,310441732,azul,azul,heuristica,empate,0,-1,100,90,120,0.7500,0.0526,584,76,438,70
37,191956606,verde,verde,aleatoria,vermelho,0,-3,83,0,120,0.0000,0.0000,1320,13,1307,0
37,191956606,verde,vermelho,reativa,vermelho,1,3,83,240,90,2.6667,0.0482,1608,23,1585,0
37,191956606,verde,azul,heuristica,vermelho,0,-3,83,90,120,0.7500,0.0854,1779,88,1601,90
38,1692875068,vermelho,verde,aleatoria,empate,0,-1,100,0,0,0.0000,0.0000,2369,0,2369,0
38,1692875068,vermelho,vermelho,reativa,empate,0,-1,100,90,120,0.7500,0.0000,252,6,246,0
38,1692875068,vermelho,azul,heuristica,empate,0,-1,100,120,90,1.3333,0.0100,2046,122,1811,113
39,724671784,azul,verde,aleatoria,empate,0,-1,100,0,90,0.0000,0.0303,2316,21,2295,0
39,724671784,azul,vermelho,reativa,empate,0,-1,100,200,80,2.5000,0.1313,2056,29,2027,0
39,724671784,azul,azul,heuristica,empate,0,-1,100,80,110,0.7273,0.2727,1338,298,790,250
40,270559481,verde,verde,aleatoria,empate,0,-1,100,0,120,0.0000,0.0282,1593,9,1584,0
40,270559481,verde,vermelho,reativa,empate,0,-1,100,160,90,1.7778,0.0400,1983,22,1961,0
40,270559481,verde,azul,heuristica,empate,0,-1,100,120,70,1.7143,0.0600,2998,320,2378,300
41,1328649944,vermelho,verde,aleatoria,empate,0,-1,100,0,30,0.0000,0.0000,2238,4,2234,0
41,1328649944,vermelho,vermelho,reativa,empate,0,-1,100,90,120,0.7500,0.0000,53,4,49,0
41,1328649944,vermelho,azul,heuristica,empate,0,-1,100,150,90,1.6667,0.0300,2232,130,1982,120
42,662329169,azul,verde,aleatoria,empate,0,-1,100,0,0,0.0000,0.1515,2321,3,2318,0
42,662329169,azul,vermelho,reativa,empate,0,-1,100,120,90,1.3333,0.0202,2031,13,2018,0
42,662329169,azul,azul,heuristica,empate,0,-1,100,90,120,0.7500,0.0000,1287,74,1148,65
43,1702263910,verde,verde,aleatoria,empate,0,-1,100,0,0,0.0000,0.1100,2367,2,2365,0
43,1702263910,verde,vermelho,reativa,empate,0,-1,100,120,90,1.3333,0.0100,1479,6,1473,0
43,1702263910,verde,azul,heuristica,empate,0,-1,100,90,120,0.7500,0.0000,446,100,248,98
44,814414449,vermelho,verde,aleatoria,empate,0,-1,100,0,0,0.0000,0.1212,2399,10,2389,0
44,814414449,vermelho,vermelho,reativa,empate,0,-1,100,90,120,0.7500,0.0225,1960,8,1952,0
44,814414449,vermelho,azul,heuristica,empate,0,-1,100,120,90,1.3333,0.0000,1758,156,1464,138
45,764225697,azul,verde,aleatoria,empate,0,-1,100,30,120,0.2500,0.0000,817,9,808,0
45,764225697,azul,vermelho,reativa,empate,0,-1,100,0,0,0.0000,0.0303,2200,2,2198,0
45,764225697,azul,azul,heuristica,empate,0,-1,100,120,30,4.0000,0.0300,2830,255,2325,250
46,464531721,verde,verde,aleatoria,azul,0,-3,46,0,120,0.0000,0.0000,774,12,762,0
46,464531721,verde,vermelho,reativa,azul,0,-3,46,120,120,1.0000,0.0217,957,11,946,0
46,464531721,verde,azul,heuristica,azul,1,3,46,210,90,2.3333,0.0652,1487,205,1085,197
47,1533946064,vermelho,verde,aleatoria,empate,0,-1,100,0,30,0.0000,0.0202,2211,9,2202,0
47,1533946064,vermelho,vermelho,reativa,empate,0,-1,100,90,120,0.7500,0.1818,200,6,194,0
47,1533946064,vermelho,azul,heuristica,empate,0,-1,100,150,90,1.6667,0.0600,2692,241,2202,249
48,2021790431,azul,verde,aleatoria,empate,0,-1,100,0,120,0.0000,0.0000,1110,8,1102,0
48,2021790431,azul,vermelho,reativa,empate,0,-1,100,120,0,120.0000,0.0606,2113,10,2103,0
48,2021790431,azul,azul,heuristica,empate,0,-1,100,0,0,0.0000,0.0000,1392,0,1392,0
49,1451556886,verde,verde,aleatoria,empate,0,-1,100,0,0,0.0000,0.0100,2358,3,2355,0
49,1451556886,verde,vermelho,reativa,empate,0,-1,100,90,120,0.7500,0.0000,70,5,65,0
49,1451556886,verde,azul,heuristica,empate,0,-1,100,120,90,1.3333,0.0500,2604,106,2404,94
50,6009790,vermelho,verde,aleatoria,vermelho,0,-3,44,0,120,0.0000,0.0000,798,9,789,0
50,6009790,vermelho,vermelho,reativa,vermelho,1,3,44,230,80,2.8750,0.1591,843,28,815,0
50,6009790,vermelho,azul,heuristica,vermelho,0,-3,44,80,110,0.7273,0.1163,1175,141,900,134
51,188280745,azul,verde,aleatoria,azul,0,-3,41,0,120,0.0000,0.0000,1010,20,990,0
51,188280745,azul,vermelho,reativa,azul,0,-3,41,120,120,1.0000,0.0833,780,15,765,0
51,188280745,azul,azul,heuristica,azul,1,3,41,210,90,2.3333,0.0000,1705,366,1014,325
52,349047791,verde,verde,aleatoria,empate,0,-1,100,0,60,0.0000,0.1300,2395,6,2389,0
52,349047791,verde,vermelho,reativa,empate,0,-1,100,90,120,0.7500,0.0000,424,6,418,0
52,349047791,verde,azul,heuristica,empate,0,-1,100,180,90,2.0000,0.0200,2675,235,2192,248
53,1876708646,vermelho,verde,aleatoria,empate,0,-1,100,0,30,0.0000,0.0606,2330,17,2313,0
53,1876708646,vermelho,vermelho,reativa,empate,0,-1,100,60,0,60.0000,0.0200,1961,19,1942,0
53,1876708646,vermelho,azul,heuristica,empate,0,-1,100,0,30,0.0000,0.0100,2010,22,1964,24
54,1152886018,azul,verde,aleatoria,empate,0,-1,100,0,80,0.0000,0.1414,2416,24,2392,0
54,1152886018,azul,vermelho,reativa,empate,0,-1,100,150,90,1.6667,0.0808,2187,17,2170,0
54,1152886018,azul,azul,heuristica,empate,0,-1,100,140,120,1.1667,0.1795,1326,190,937,199
55,1069746520,verde,verde,aleatoria,vermelho,0,-3,37,0,120,0.0000,0.0000,279,5,274,0
55,1069746520,verde,vermelho,reativa,vermelho,1,3,37,120,30,4.0000,0.0000,754,13,741,0
55,1069746520,verde,azul,heuristica,vermelho,0,-3,37,150,120,1.2500,0.0278,1231,193,843,195
56,1489974805,vermelho,verde,aleatoria,empate,0,-1,100,0,0,0.0000,0.0202,2267,0,2267,0
56,1489974805,vermelho,vermelho,reativa,empate,0,-1,100,120,90,1.3333,0.7300,1788,8,1780,0
56,1489974805,vermelho,azul,heuristica,empate,0,-1,100,90,120,0.7500,0.0882,1087,173,746,168
57,1198990478,azul,verde,aleatoria,empate,0,-1,100,0,30,0.0000,0.0202,2244,17,2227,0
57,1198990478,azul,vermelho,reativa,empate,0,-1,100,30,0,30.0000,0.0909,2254,10,2244,0
57,1198990478,azul,azul,heuristica,empate,0,-1,100,0,0,0.0000,0.1000,2702,169,2358,175
58,1785076888,verde,verde,aleatoria,azul,0,-3,38,0,120,0.0000,0.0000,528,5,523,0
58,1785076888,verde,vermelho,reativa,azul,0,-3,38,90,120,0.7500,0.1316,804,5,799,0
58,1785076888,verde,azul,heuristica,azul,1,3,38,240,90,2.6667,0.0789,1478,290,907,281
59,1812608420,vermelho,verde,aleatoria,empate,0,-1,100,0,0,0.0000,0.0505,2167,0,2167,0
59,1812608420,vermelho,vermelho,reativa,empate,0,-1,100,0,0,0.0000,0.0300,2116,3,2113,0
59,1812608420,vermelho,azul,heuristica,empate,0,-1,100,0,0,0.0000,0.0000,1440,2,1438,0
60,1494812099,azul,verde,aleatoria,azul,0,-3,72,0,120,0.0000,0.0845,1491,11,1480,0
60,1494812099,azul,vermelho,reativa,azul,0,-3,72,90,120,0.7500,0.0488,845,10,835,0
60,1494812099,azul,azul,heuristica,azul,1,3,72,240,90,2.6667,0.0278,2126,270,1605,251
61,624291629,verde,verde,aleatoria,azul,0,-3,19,0,120,0.0000,0.1538,297,7,290,0
61,624291629,verde,vermelho,reativa,azul,0,-3,19,210,120,1.7500,0.0526,290,15,275,0
61,624291629,verde,azul,heuristica,azul,1,3,19,120,90,1.3333,0.0526,671,107,464,100
62,1690688755,vermelho,verde,aleatoria,empate,0,-1,100,30,120,0.2500,0.0133,1787,25,1762,0
62,1690688755,vermelho,vermelho,reativa,empate,0,-1,100,30,0,30.0000,0.0000,1364,19,1345,0
62,1690688755,vermelho,azul,heuristica,empate,0,-1,100,90,30,3.0000,0.0700,2304,184,1930,190
63,415855664,azul,verde,aleatoria,empate,0,-1,100,0,60,0.0000,0.0606,2377,6,2371,0
63,415855664,azul,vermelho,reativa,empate,0,-1,100,150,60,2.5000,0.0202,1850,12,1838,0
63,415855664,azul,azul,heuristica,empate,0,-1,100,90,120,0.7500,0.0909,934,98,749,87
64,1239108435,verde,verde,aleatoria,empate,0,-1,100,0,60,0.0000,0.0400,2182,15,2167,0
64,1239108435,verde,vermelho,reativa,empate,0,-1,100,30,0,30.0000,0.0400,2133,10,2123,0
64,1239108435,verde,azul,heuristica,empate,0,-1,100,30,0,30.0000,0.0700,2408,80,2250,78
65,1288729641,vermelho,verde,aleatoria,empate,0,-1,100,0,90,0.0000,0.0404,2378,13,2365,0
65,1288729641,vermelho,vermelho,reativa,empate,0,-1,100,120,0,120.0000,0.0400,2114,12,2102,0
65,1288729641,vermelho,azul,heuristica,empate,0,-1,100,0,30,0.0000,0.0300,2073,45,1978,50
66,2109698062,azul,verde,aleatoria,azul,0,-3,80,30,110,0.2727,0.3333,533,8,525,0
66,2109698062,azul,vermelho,reativa,azul,0,-3,80,120,120,1.0000,0.0633,1767,15,1752,0
66,2109698062,azul,azul,heuristica,azul,1,3,80,140,60,2.3333,0.0250,2448,256,1950,242
67,1413126415,verde,verde,aleatoria,empate,0,-1,100,0,120,0.0000,0.0000,512,6,506,0
67,1413126415,verde,vermelho,reativa,empate,0,-1,100,120,0,120.0000,0.1700,2147,13,2134,0
67,1413126415,verde,azul,heuristica,empate,0,-1,100,0,0,0.0000,0.0900,2321,21,2275,25
68,354615157,vermelho,verde,aleatoria,azul,0,-3,43,0,120,0.0000,0.0000,1024,9,1015,0
68,354615157,vermelho,vermelho,reativa,azul,0,-3,43,150,120,1.2500,0.0000,429,15,414,0
68,354615157,vermelho,azul,heuristica,azul,1,3,43,180,90,2.0000,0.0930,1512,274,1002,236
69,36093310,azul,verde,aleatoria,empate,0,-1,100,0,60,0.0000,0.0606,2195,3,2192,0
69,36093310,azul,vermelho,reativa,empate,0,-1,100,90,120,0.7500,0.0000,75,5,70,0
69,36093310,azul,azul,heuristica,empate,0,-1,100,180,90,2.0000,0.0300,2477,251,1969,257
70,650929293,verde,verde,aleatoria,empate,0,-1,100,0,120,0.0000,0.0132,1776,23,1753,0
70,650929293,verde,vermelho,reativa,empate,0,-1,100,90,0,90.0000,0.0100,1873,18,1855,0
70,650929293,verde,azul,heuristica,empate,0,-1,100,30,0,30.0000,0.0700,2678,194,2294,190
71,1174663146,vermelho,verde,aleatoria,empate,0,-1,100,0,120,0.0000,0.0000,768,11,757,0
71,1174663146,vermelho,vermelho,reativa,empate,0,-1,100,0,0,0.0000,0.0500,1782,29,1753,0
71,1174663146,vermelho,azul,heuristica,empate,0,-1,100,120,0,120.0000,0.0300,2323,184,1964,175
72,6505178,azul,verde,aleatoria,azul,0,-3,82,0,120,0.0000,0.1111,1927,10,1917,0
72,6505178,azul,vermelho,reativa,azul,0,-3,82,180,120,1.5000,0.0789,804,17,787,0
72,6505178,azul,azul,heuristica,azul,1,3,82,150,90,1.6667,0.0244,2219,238,1747,234
73,478834776,verde,verde,aleatoria,empate,0,-1,100,0,120,0.0000,0.0000,2157,29,2128,0
73,478834776,verde,vermelho,reativa,empate,0,-1,100,60,0,60.0000,0.0500,2311,15,2296,0
73,478834776,verde,azul,heuristica,empate,0,-1,100,60,0,60.0000,0.0200,1918,206,1550,162
74,466979635,vermelho,verde,aleatoria,empate,0,-1,100,0,30,0.0000,0.1818,2265,8,2257,0
74,466979635,vermelho,vermelho,reativa,empate,0,-1,100,80,120,0.6667,0.0526,385,4,381,0
74,466979635,vermelho,azul,heuristica,empate,0,-1,100,150,80,1.8750,0.1600,2790,379,2054,357
75,1585602173,azul,verde,aleatoria,empate,0,-1,100,0,120,0.0000,0.2857,348,3,345,0
75,1585602173,azul,vermelho,reativa,empate,0,-1,100,120,0,120.0000,0.0000,1867,11,1856,0
75,1585602173,azul,azul,heuristica,empate,0,-1,100,0,0,0.0000,0.0500,2190,0,2190,0
76,137830156,verde,verde,aleatoria,azul,0,-3,48,0,120,0.0000,0.0000,1060,10,1050,0
76,137830156,verde,vermelho,reativa,azul,0,-3,48,180,120,1.5000,0.0208,983,15,968,0
76,137830156,verde,azul,heuristica,azul,1,3,48,150,90,1.6667,0.0208,1594,231,1138,225
77,295121870,vermelho,verde,aleatoria,vermelho,0,-3,82,30,120,0.2500,0.0864,1916,7,1909,0
77,295121870,vermelho,vermelho,reativa,vermelho,1,3,82,240,90,2.6667,0.0000,1719,23,1696,0
77,295121870,vermelho,azul,heuristica,vermelho,0,-3,82,60,120,0.5000,0.0417,640,70,505,65
78,1568756219,azul,verde,aleatoria,empate,0,-1,100,0,0,0.0000,0.0505,2192,21,2171,0
78,1568756219,azul,vermelho,reativa,empate,0,-1,100,0,0,0.0000,0.0000,1693,2,1691,0
78,1568756219,azul,azul,heuristica,empate,0,-1,100,0,0,0.0000,0.0300,1879,58,1773,48
79,863086835,verde,verde,aleatoria,azul,0,-3,63,0,120,0.0000,0.1111,1588,13,1575,0
79,863086835,verde,vermelho,reativa,azul,0,-3,63,80,100,0.8000,0.3333,228,11,217,0
79,863086835,verde,azul,heuristica,azul,1,3,63,220,80,2.7500,0.1587,2321,438,1498,385
80,881860485,vermelho,verde,aleatoria,vermelho,0,-3,34,30,120,0.2500,0.0000,403,6,397,0
80,881860485,vermelho,vermelho,reativa,vermelho,1,3,34,90,90,1.0000,0.0294,748,6,742,0
80,881860485,vermelho,azul,heuristica,vermelho,0,-3,34,210,120,1.7500,0.0303,1159,234,705,220
81,866620601,azul,verde,aleatoria,empate,0,-1,100,0,0,0.0000,0.0505,2313,0,2313,0
81,866620601,azul,vermelho,reativa,empate,0,-1,100,60,0,60.0000,0.0303,1395,7,1388,0
81,866620601,azul,azul,heuristica,empate,0,-1,100,0,60,0.0000,0.0600,2161,124,1898,139
82,1809070958,verde,verde,aleatoria,vermelho,0,-3,27,0,120,0.0000,0.0370,671,9,662,0
82,1809070958,verde,vermelho,reativa,vermelho,1,3,27,150,90,1.6667,0.0370,558,15,543,0
82,1809070958,verde,azul,heuristica,vermelho,0,-3,27,180,120,1.5000,0.0588,756,183,423,150
83,389192010,vermelho,verde,aleatoria,azul,0,-3,55,30,120,0.2500,0.0741,1239,8,1231,0
83,389192010,vermelho,vermelho,reativa,azul,0,-3,55,60,110,0.5455,0.1389,756,7,749,0
83,389192010,vermelho,azul,heuristica,azul,1,3,55,230,90,2.5556,0.3273,1961,351,1273,337
84,500570754,azul,verde,aleatoria,empate,0,-1,100,0,120,0.0000,0.0000,1087,7,1080,0
84,500570754,azul,vermelho,reativa,empate,0,-1,100,0,0,0.0000,0.0202,2126,4,2122,0
84,500570754,azul,azul,heuristica,empate,0,-1,100,120,0,120.0000,0.0500,2566,186,2195,185
85,1712353937,verde,verde,aleatoria,empate,0,-1,100,0,0,0.0000,0.0400,2169,0,2169,0
85,1712353937,verde,vermelho,reativa,empate,0,-1,100,120,90,1.3333,0.0000,1679,6,1673,0
85,1712353937,verde,azul,heuristica,empate,0,-1,100,90,120,0.7500,0.0408,1228,69,1097,62
86,391319897,vermelho,verde,aleatoria,azul,0,-3,51,0,100,0.0000,0.3529,429,5,424,0
86,391319897,vermelho,vermelho,reativa,azul,0,-3,51,90,120,0.7500,0.0392,1041,5,1036,0
86,391319897,vermelho,azul,heuristica,azul,1,3,51,220,90,2.4444,0.1569,1865,313,1233,319
87,136589075,azul,verde,aleatoria,empate,0,-1,100,0,120,0.0000,0.1400,1151,14,1137,0
87,136589075,azul,vermelho,reativa,empate,0,-1,100,60,0,60.0000,0.0000,1887,6,1881,0
87,136589075,azul,azul,heuristica,empate,0,-1,100,60,0,60.0000,0.1200,2492,210,2062,220
88,516443035,verde,verde,aleatoria,empate,0,-1,100,0,90,0.0000,0.0000,2335,15,2320,0
88,516443035,verde,vermelho,reativa,empate,0,-1,100,210,90,2.3333,0.0000,1677,16,1661,0
88,516443035,verde,azul,heuristica,empate,0,-1,100,90,120,0.7500,0.0000,817,237,406,174
89,1231568109,vermelho,verde,aleatoria,azul,0,-3,16,0,120,0.0000,0.0000,276,6,270,0
89,1231568109,vermelho,vermelho,reativa,azul,0,-3,16,180,120,1.5000,0.0000,263,15,248,0
89,1231568109,vermelho,azul,heuristica,azul,1,3,16,150,90,1.6667,0.1250,894,308,393,193
90,234389638,azul,verde,aleatoria,empate,0,-1,100,0,120,0.0000,0.0235,2064,25,2039,0
90,234389638,azul,vermelho,reativa,empate,0,-1,100,60,0,60.0000,0.0202,1742,18,1724,0
90,234389638,azul,azul,heuristica,empate,0,-1,100,60,0,60.0000,0.0500,2640,249,2152,239
91,1278363502,verde,verde,aleatoria,empate,0,-1,100,0,0,0.0000,0.0000,2301,0,2301,0
91,1278363502,verde,vermelho,reativa,empate,0,-1,100,90,120,0.7500,0.2857,268,5,263,0
91,1278363502,verde,azul,heuristica,empate,0,-1,100,120,90,1.3333,0.0000,2098,175,1750,173
92,2089492144,vermelho,verde,aleatoria,empate,0,-1,100,0,0,0.0000,0.0606,2338,0,2338,0
92,2089492144,vermelho,vermelho,reativa,empate,0,-1,100,0,0,0.0000,0.0000,1644,0,1644,0
92,2089492144,vermelho,azul,heuristica,empate,0,-1,100,0,0,0.0000,0.0000,1360,0,1360,0
93,1010834375,azul,verde,aleatoria,empate,0,-1,100,0,90,0.0000,0.0101,2195,12,2183,0
93,1010834375,azul,vermelho,reativa,empate,0,-1,100,80,100,0.8000,0.0976,913,12,901,0
93,1010834375,azul,azul,heuristica,empate,0,-1,100,190,80,2.3750,0.1100,2751,219,2333,199
94,1010172138,verde,verde,aleatoria,azul,0,-3,30,60,120,0.5000,0.0000,495,8,487,0
94,1010172138,verde,vermelho,reativa,azul,0,-3,30,120,120,1.0000,0.1000,638,8,630,0
94,1010172138,verde,azul,heuristica,azul,1,3,30,90,30,3.0000,0.1000,1248,253,747,248
95,1255584616,vermelho,verde,aleatoria,empate,0,-1,100,0,0,0.0000,0.1313,2292,3,2289,0
95,1255584616,vermelho,vermelho,reativa,empate,0,-1,100,120,90,1.3333,0.0300,1841,12,1829,0
95,1255584616,vermelho,azul,heuristica,empate,0,-1,100,90,120,0.7500,0.0000,523,99,333,91
96,2041513302,azul,verde,aleatoria,empate,0,-1,100,0,90,0.0000,0.0606,2346,6,2340,0
96,2041513302,azul,vermelho,reativa,empate,0,-1,100,120,120,1.0000,0.0889,984,10,974,0
96,2041513302,azul,azul,heuristica,empate,0,-1,100,180,90,2.0000,0.0700,2861,241,2376,244
97,11523659,verde,verde,aleatoria,empate,0,-1,100,0,0,0.0000,0.1000,2329,5,2324,0
97,11523659,verde,vermelho,reativa,empate,0,-1,100,0,0,0.0000,0.0100,1325,47,1278,0
97,11523659,verde,azul,heuristica,empate,0,-1,100,0,0,0.0000,0.0000,1224,49,1175,0
98,60279016,vermelho,verde,aleatoria,azul,0,-3,45,0,120,0.0000,0.0000,602,7,595,0
98,60279016,vermelho,vermelho,reativa,azul,0,-3,45,140,100,1.4000,0.1111,928,10,918,0
98,60279016,vermelho,azul,heuristica,azul,1,3,45,160,80,2.0000,0.0889,1480,225,1037,218
99,2035523298,azul,verde,aleatoria,vermelho,0,-3,85,0,120,0.0000,0.0000,480,7,473,0
99,2035523298,azul,vermelho,reativa,vermelho,1,3,85,240,90,2.6667,0.0714,1827,17,1810,0
99,2035523298,azul,azul,heuristica,vermelho,0,-3,85,90,120,0.7500,0.0357,2312,177,1941,194
100,778332920,verde,verde,aleatoria,empate,0,-1,100,0,0,0.0000,0.0400,2352,17,2335,0
100,778332920,verde,vermelho,reativa,empate,0,-1,100,0,0,0.0000,0.0000,1180,0,1180,0
100,778332920,verde,azul,heuristica,empate,0,-1,100,0,0,0.0000,0.0000,1654,4,1650,0
101,681977055,vermelho,verde,aleatoria,empate,0,-1,100,0,60,0.0000,0.0808,2258,16,2242,0
101,681977055,vermelho,vermelho,reativa,empate,0,-1,100,60,30,2.0000,0.0200,1484,30,1454,0
101,681977055,vermelho,azul,heuristica,empate,0,-1,100,90,60,1.5000,0.0600,2384,236,1938,210
102,937597042,azul,verde,aleatoria,vermelho,0,-3,35,0,120,0.0000,0.0000,604,8,596,0
102,937597042,azul,vermelho,reativa,vermelho,1,3,35,220,60,3.6667,0.1471,622,21,601,0
102,937597042,azul,azul,heuristica,vermelho,0,-3,35,60,100,0.6000,0.3824,682,58,572,52
103,528953857,verde,verde,aleatoria,empate,0,-1,100,0,0,0.0000,0.0300,2245,3,2242,0
103,528953857,verde,vermelho,reativa,empate,0,-1,100,90,120,0.7500,0.1000,180,6,174,0
103,528953857,verde,azul,heuristica,empate,0,-1,100,120,90,1.3333,0.0700,2296,131,2040,125
104,1698552064,vermelho,verde,aleatoria,vermelho,0,-3,89,0,120,0.0000,0.0000,2013,14,1999,0
104,1698552064,vermelho,vermelho,reativa,vermelho,1,3,89,240,90,2.6667,0.0449,1939,23,1916,0
104,1698552064,vermelho,azul,heuristica,vermelho,0,-3,89,90,120,0.7500,0.0500,1156,106,951,99
105,2028522531,azul,verde,aleatoria,empate,0,-1,100,0,30,0.0000,0.0202,2140,6,2134,0
105,2028522531,azul,vermelho,reativa,empate,0,-1,100,150,90,1.6667,0.0505,2171,10,2161,0
105,2028522531,azul,azul,heuristica,empate,0,-1,100,90,120,0.7500,0.2069,818,88,646,84
106,2146725289,verde,verde,aleatoria,vermelho,0,-3,84,0,110,0.0000,0.0833,1928,15,1913,0
106,2146725289,verde,vermelho,reativa,vermelho,1,3,84,230,90,2.5556,0.0357,1829,20,1809,0
106,2146725289,verde,azul,heuristica,vermelho,0,-3,84,90,120,0.7500,0.0000,438,121,195,122
107,2048006628,vermelho,verde,aleatoria,empate,0,-1,100,0,0,0.0000,0.0000,2389,0,2389,0
107,2048006628,vermelho,vermelho,reativa,empate,0,-1,100,0,0,0.0000,0.0400,1796,1,1795,0
107,2048006628,vermelho,azul,heuristica,empate,0,-1,100,0,0,0.0000,0.0100,2015,18,1972,25
108,2065734190,azul,verde,aleatoria,empate,0,-1,100,0,60,0.0000,0.0505,2299,7,2292,0
108,2065734190,azul,vermelho,reativa,empate,0,-1,100,60,0,60.0000,0.0000,1787,15,1772,0
108,2065734190,azul,azul,heuristica,empate,0,-1,100,0,0,0.0000,0.0000,1721,0,1721,0
109,946904339,verde,verde,aleatoria,empate,0,-1,100,0,0,0.0000,0.0700,2414,13,2401,0
109,946904339,verde,vermelho,reativa,empate,0,-1,100,0,0,0.0000,0.0500,1933,6,1927,0
109,946904339,verde,azul,heuristica,empate,0,-1,100,0,0,0.0000,0.0200,1852,9,1821,22
110,977405121,vermelho,verde,aleatoria,vermelho,0,-3,26,30,120,0.2500,0.0000,526,13,513,0
110,977405121,vermelho,vermelho,reativa,vermelho,1,3,26,120,90,1.3333,0.0385,492,14,478,0
110,977405121,vermelho,azul,heuristica,vermelho,0,-3,26,180,120,1.5000,0.0000,1071,245,612,214
111,106871201,azul,verde,aleatoria,empate,0,-1,100,0,60,0.0000,0.0505,2376,4,2372,0
111,106871201,azul,vermelho,reativa,empate,0,-1,100,0,0,0.0000,0.0000,1932,0,1932,0
111,106871201,azul,azul,heuristica,empate,0,-1,100,60,0,60.0000,0.0100,1812,50,1712,50
112,524023377,verde,verde,aleatoria,empate,0,-1,100,0,0,0.0000,0.0700,2372,6,2366,0
112,524023377,verde,vermelho,reativa,empate,0,-1,100,90,120,0.7500,0.0395,1619,8,1611,0
112,524023377,verde,azul,heuristica,empate,0,-1,100,120,90,1.3333,0.0200,2346,128,2074,144
113,2070036801,vermelho,verde,aleatoria,empate,0,-1,100,0,90,0.0000,0.0202,2414,11,2403,0
113,2070036801,vermelho,vermelho,reativa,empate,0,-1,100,210,90,2.3333,0.0400,2237,15,2222,0
113,2070036801,vermelho,azul,heuristica,empate,0,-1,100,90,120,0.7500,0.3333,973,228,520,225
114,332326161,azul,verde,aleatoria,vermelho,0,-3,86,0,120,0.0000,0.0588,2009,6,2003,0
114,332326161,azul,vermelho,reativa,vermelho,1,3,86,240,90,2.6667,0.0471,1659,18,1641,0
114,332326161,azul,azul,heuristica,vermelho,0,-3,86,90,120,0.7500,0.0000,498,98,300,100
115,13274541,verde,verde,aleatoria,empate,0,-1,100,0,120,0.0000,0.0000,1399,7,1392,0
115,13274541,verde,vermelho,reativa,empate,0,-1,100,0,0,0.0000,0.0200,1932,0,1932,0
115,13274541,verde,azul,heuristica,empate,0,-1,100,120,0,120.0000,0.0300,2824,269,2268,287
116,825241805,vermelho,verde,aleatoria,empate,0,-1,100,0,0,0.0000,0.0101,2188,1,2187,0
116,825241805,vermelho,vermelho,reativa,empate,0,-1,100,30,30,1.0000,0.0600,2330,5,2325,0
116,825241805,vermelho,azul,heuristica,empate,0,-1,100,30,30,1.0000,0.0400,2778,203,2345,230
117,1573000952,azul,verde,aleatoria,empate,0,-1,100,0,0,0.0000,0.0505,2347,4,2343,0
117,1573000952,azul,vermelho,reativa,empate,0,-1,100,120,90,1.3333,0.0303,2195,10,2185,0
117,1573000952,azul,azul,heuristica,empate,0,-1,100,90,120,0.7500,0.0000,485,82,327,76
118,1749647013,verde,verde,aleatoria,vermelho,0,-3,54,0,120,0.0000,0.0000,1293,8,1285,0
118,1749647013,verde,vermelho,reativa,vermelho,1,3,54,220,70,3.1429,0.1852,1082,29,1053,0
118,1749647013,verde,azul,heuristica,vermelho,0,-3,54,70,100,0.7000,0.4545,876,181,520,175
119,974095307,vermelho,verde,aleatoria,empate,0,-1,100,0,120,0.0000,0.0000,255,6,249,0
119,974095307,vermelho,vermelho,reativa,empate,0,-1,100,0,0,0.0000,0.0000,1863,0,1863,0
119,974095307,vermelho,azul,heuristica,empate,0,-1,100,120,0,120.0000,0.0200,1870,169,1526,175
120,1400113132,azul,verde,aleatoria,empate,0,-1,100,0,120,0.0000,0.0244,914,11,903,0
120,1400113132,azul,vermelho,reativa,empate,0,-1,100,0,0,0.0000,0.0101,2207,9,2198,0
120,1400113132,azul,azul,heuristica,empate,0,-1,100,120,0,120.0000,0.0500,2530,226,2065,239
121,1403140035,verde,verde,aleatoria,empate,0,-1,100,0,120,0.0000,0.0732,1012,5,1007,0
121,1403140035,verde,vermelho,reativa,empate,0,-1,100,180,0,180.0000,0.0400,2065,18,2047,0
121,1403140035,verde,azul,heuristica,empate,0,-1,100,0,60,0.0000,0.0200,1991,46,1898,47
122,1485886752,vermelho,verde,aleatoria,empate,0,-1,100,30,120,0.2500,0.0000,753,10,743,0
122,1485886752,vermelho,vermelho,reativa,empate,0,-1,100,0,0,0.0000,0.0000,1671,0,1671,0
122,1485886752,vermelho,azul,heuristica,empate,0,-1,100,120,30,4.0000,0.0300,2304,204,1907,193
123,1433079639,azul,verde,aleatoria,empate,0,-1,100,0,120,0.0000,0.0000,1687,11,1676,0
123,1433079639,azul,vermelho,reativa,empate,0,-1,100,60,0,60.0000,0.0505,2245,12,2233,0
123,1433079639,azul,azul,heuristica,empate,0,-1,100,60,0,60.0000,0.0600,2470,137,2194,139
124,1444017005,verde,verde,aleatoria,empate,0,-1,100,30,120,0.2500,0.0727,1328,12,1316,0
124,1444017005,verde,vermelho,reativa,empate,0,-1,100,120,30,4.0000,0.0300,2199,20,2179,0
124,1444017005,verde,azul,heuristica,empate,0,-1,100,0,0,0.0000,0.0000,1416,14,1387,15
125,1120634029,vermelho,verde,aleatoria,empate,0,-1,100,0,120,0.0000,0.0213,1094,9,1085,0
125,1120634029,vermelho,vermelho,reativa,empate,0,-1,100,60,0,60.0000,0.0400,2205,8,2197,0
125,1120634029,vermelho,azul,heuristica,empate,0,-1,100,90,30,3.0000,0.0900,2593,143,2286,164
126,1159629576,azul,verde,aleatoria,verde,1,3,87,30,0,30.0000,0.0000,1996,4,1992,0
126,1159629576,azul,vermelho,reativa,verde,0,-3,87,120,120,1.0000,0.0353,1668,16,1652,0
126,1159629576,azul,azul,heuristica,verde,0,-3,87,90,120,0.7500,0.0714,481,86,315,80
127,170520394,verde,verde,aleatoria,empate,0,-1,100,0,120,0.0000,0.0769,297,4,293,0
127,170520394,verde,vermelho,reativa,empate,0,-1,100,0,0,0.0000,0.0700,2191,3,2188,0
127,170520394,verde,azul,heuristica,empate,0,-1,100,120,0,120.0000,0.0500,2399,162,2079,158
128,2032603470,vermelho,verde,aleatoria,empate,0,-1,100,0,0,0.0000,0.0000,2295,11,2284,0
128,2032603470,vermelho,vermelho,reativa,empate,0,-1,100,90,120,0.7500,0.0000,1474,14,1460,0
128,2032603470,vermelho,azul,heuristica,empate,0,-1,100,120,90,1.3333,0.0300,2313,196,1936,181
129,1569236234,azul,verde,aleatoria,empate,0,-1,100,0,120,0.0000,0.0000,1550,10,1540,0
129,1569236234,azul,vermelho,reativa,empate,0,-1,100,0,0,0.0000,0.0000,1647,1,1646,0
129,1569236234,azul,azul,heuristica,empate,0,-1,100,120,0,120.0000,0.0800,2724,272,2188,264
130,411570783,verde,verde,aleatoria,empate,0,-1,100,0,120,0.0000,0.0000,125,7,118,0
130,411570783,verde,vermelho,reativa,empate,0,-1,100,0,0,0.0000,0.0400,2018,2,2016,0
130,411570783,verde,azul,heuristica,empate,0,-1,100,120,0,120.0000,0.0500,2326,160,1996,170
131,562047796,vermelho,verde,aleatoria,azul,0,-3,33,0,120,0.0000,0.0625,759,13,746,0
131,562047796,vermelho,vermelho,reativa,azul,0,-3,33,120,120,1.0000,0.0000,551,10,541,0
131,562047796,vermelho,azul,heuristica,azul,1,3,33,210,90,2.3333,0.0909,1405,350,786,269
132,1448248165,azul,verde,aleatoria,empate,0,-1,100,0,120,0.0000,0.0333,1422,7,1415,0
132,1448248165,azul,vermelho,reativa,empate,0,-1,100,120,0,120.0000,0.0202,1671,10,1661,0
132,1448248165,azul,azul,heuristica,empate,0,-1,100,0,0,0.0000,0.0000,1751,0,1751,0
133,1352011924,verde,verde,aleatoria,azul,0,-3,15,0,120,0.0000,0.0000,223,6,217,0
133,1352011924,verde,vermelho,reativa,azul,0,-3,15,210,120,1.7500,0.0000,206,14,192,0
133,1352011924,verde,azul,heuristica,azul,1,3,15,120,90,1.3333,0.0667,606,130,354,122
134,939551074,vermelho,verde,aleatoria,azul,0,-3,71,30,120,0.2500,0.0857,1748,20,1728,0
134,939551074,vermelho,vermelho,reativa,azul,0,-3,71,120,120,1.0000,0.1053,373,13,360,0
134,939551074,vermelho,azul,heuristica,azul,1,3,71,150,60,2.5000,0.0141,2292,332,1664,296
135,362752061,azul,verde,aleatoria,empate,0,-1,100,0,0,0.0000,0.0606,2310,0,2310,0
135,362752061,azul,vermelho,reativa,empate,0,-1,100,90,120,0.7500,0.0000,180,5,175,0
135,362752061,azul,azul,heuristica,empate,0,-1,100,120,90,1.3333,0.0000,2038,130,1783,125
136,1970562540,verde,verde,aleatoria,vermelho,0,-3,21,0,120,0.0000,0.2500,408,8,400,0
136,1970562540,verde,vermelho,reativa,vermelho,1,3,21,150,60,2.5000,0.0000,346,9,337,0
136,1970562540,verde,azul,heuristica,vermelho,0,-3,21,150,120,1.2500,0.1000,858,183,477,198
137,383708122,vermelho,verde,aleatoria,empate,0,-1,100,0,120,0.0000,0.0000,676,4,672,0
137,383708122,vermelho,vermelho,reativa,empate,0,-1,100,120,0,120.0000,0.0500,2213,13,2200,0
137,383708122,vermelho,azul,heuristica,empate,0,-1,100,0,0,0.0000,0.0500,2417,70,2276,71
138,2075785334,azul,verde,aleatoria,vermelho,0,-3,35,0,120,0.0000,0.1471,855,8,847,0
138,2075785334,azul,vermelho,reativa,vermelho,1,3,35,180,90,2.0000,0.0294,705,16,689,0
138,2075785334,azul,azul,heuristica,vermelho,0,-3,35,150,120,1.2500,0.1667,1182,237,726,219
139,794372141,verde,verde,aleatoria,vermelho,0,-3,17,0,120,0.0000,0.0000,372,9,363,0
139,794372141,verde,vermelho,reativa,vermelho,1,3,17,120,90,1.3333,0.0000,319,12,307,0
139,794372141,verde,azul,heuristica,vermelho,0,-3,17,210,120,1.7500,0.0000,933,341,377,215
140,1817101026,vermelho,verde,aleatoria,empate,0,-1,100,0,60,0.0000,0.0404,2404,4,2400,0
140,1817101026,vermelho,vermelho,reativa,empate,0,-1,100,0,0,0.0000,0.0000,1778,0,1778,0
140,1817101026,vermelho,azul,heuristica,empate,0,-1,100,60,0,60.0000,0.0300,2124,92,1932,100
141,1461547978,azul,verde,aleatoria,empate,0,-1,100,0,120,0.0000,0.0556,454,4,450,0
141,1461547978,azul,vermelho,reativa,empate,0,-1,100,120,0,120.0000,0.0303,2198,17,2181,0
141,1461547978,azul,azul,heuristica,empate,0,-1,100,0,0,0.0000,0.0100,1895,24,1855,16
142,1249674794,verde,verde,aleatoria,vermelho,0,-3,76,0,120,0.0000,0.0000,697,6,691,0
142,1249674794,verde,vermelho,reativa,vermelho,1,3,76,120,60,2.0000,0.0789,1687,6,1681,0
142,1249674794,verde,azul,heuristica,vermelho,0,-3,76,180,120,1.5000,0.0800,2231,225,1789,217
143,236336944,vermelho,verde,aleatoria,empate,0,-1,100,0,120,0.0000,0.0323,1466,9,1457,0
143,236336944,vermelho,vermelho,reativa,empate,0,-1,100,60,0,60.0000,0.0300,1982,12,1970,0
143,236336944,vermelho,azul,heuristica,empate,0,-1,100,60,0,60.0000,0.1100,2706,222,2257,227
144,787490960,azul,verde,aleatoria,empate,0,-1,100,0,90,0.0000,0.3030,2359,14,2345,0
144,787490960,azul,vermelho,reativa,empate,0,-1,100,210,60,3.5000,0.1414,2214,20,2194,0
144,787490960,azul,azul,heuristica,empate,0,-1,100,60,120,0.5000,0.0741,658,46,565,47
145,368094613,verde,verde,aleatoria,azul,0,-3,85,0,120,0.0000,0.0313,1520,18,1502,0
145,368094613,verde,vermelho,reativa,azul,0,-3,85,210,120,1.7500,0.0824,1781,23,1758,0
145,368094613,verde,azul,heuristica,azul,1,3,85,120,90,1.3333,0.0118,1694,97,1509,88
146,15368845,vermelho,verde,aleatoria,empate,0,-1,100,0,90,0.0000,0.0505,2285,7,2278,0
146,15368845,vermelho,vermelho,reativa,empate,0,-1,100,0,0,0.0000,0.0000,1924,0,1924,0
146,15368845,vermelho,azul,heuristica,empate,0,-1,100,90,0,90.0000,0.0200,2192,105,1988,99
147,987658780,azul,verde,aleatoria,empate,0,-1,100,0,0,0.0000,0.0101,2307,0,2307,0
147,987658780,azul,vermelho,reativa,empate,0,-1,100,0,0,0.0000,0.0101,1831,0,1831,0
147,987658780,azul,azul,heuristica,empate,0,-1,100,0,0,0.0000,0.0000,1819,0,1819,0
148,1140005980,verde,verde,aleatoria,empate,0,-1,100,0,0,0.0000,0.0300,2338,5,2333,0
148,1140005980,verde,vermelho,reativa,empate,0,-1,100,30,0,30.0000,0.0000,987,11,976,0
148,1140005980,verde,azul,heuristica,empate,0,-1,100,0,30,0.0000,0.6600,3088,646,1827,615
149,2107689852,vermelho,verde,aleatoria,empate,0,-1,100,0,120,0.0000,0.0000,1295,16,1279,0
149,2107689852,vermelho,vermelho,reativa,empate,0,-1,100,120,0,120.0000,0.0400,2298,16,2282,0
149,2107689852,vermelho,azul,heuristica,empate,0,-1,100,30,30,1.0000,0.0400,2533,104,2301,128
150,1111585620,azul,verde,aleatoria,empate,0,-1,100,0,0,0.0000,0.0000,2181,0,2181,0
150,1111585620,azul,vermelho,reativa,empate,0,-1,100,0,0,0.0000,0.0202,1734,6,1728,0
150,1111585620,azul,azul,heuristica,empate,0,-1,100,0,0,0.0000,0.0600,2057,4,2053,0
151,323059078,verde,verde,aleatoria,azul,0,-3,32,0,120,0.0000,0.0000,797,9,788,0
151,323059078,verde,vermelho,reativa,azul,0,-3,32,90,120,0.7500,0.0435,498,5,493,0
151,323059078,verde,azul,heuristica,azul,1,3,32,240,90,2.6667,0.0625,1368,296,772,300
152,1505993271,vermelho,verde,aleatoria,empate,0,-1,100,30,90,0.3333,0.0808,2323,9,2314,0
152,1505993271,vermelho,vermelho,reativa,empate,0,-1,100,150,120,1.2500,0.0233,943,17,926,0
152,1505993271,vermelho,azul,heuristica,empate,0,-1,100,90,60,1.5000,0.0100,2188,139,1913,136
153,1332249844,azul,verde,aleatoria,empate,0,-1,100,0,0,0.0000,0.0000,2147,4,2143,0
153,1332249844,azul,vermelho,reativa,empate,0,-1,100,90,120,0.7500,0.0000,712,4,708,0
153,1332249844,azul,azul,heuristica,empate,0,-1,100,120,90,1.3333,0.0500,2602,187,2212,203
154,486926662,verde,verde,aleatoria,empate,0,-1,100,0,120,0.0000,0.0423,1708,8,1700,0
154,486926662,verde,vermelho,reativa,empate,0,-1,100,30,0,30.0000,0.0300,1613,5,1608,0
154,486926662,verde,azul,heuristica,empate,0,-1,100,120,30,4.0000,0.0700,2728,234,2256,238
155,228384987,vermelho,verde,aleatoria,azul,0,-3,42,0,120,0.0000,0.0000,388,4,384,0
155,228384987,vermelho,vermelho,reativa,azul,0,-3,42,90,120,0.7500,0.0476,771,10,761,0
155,228384987,vermelho,azul,heuristica,azul,1,3,42,240,90,2.6667,0.0714,1488,261,984,243
156,1338147426,azul,verde,aleatoria,azul,0,-3,55,0,120,0.0000,0.0185,1187,12,1175,0
156,1338147426,azul,vermelho,reativa,azul,0,-3,55,120,120,1.0000,0.0769,235,12,223,0
156,1338147426,azul,azul,heuristica,azul,1,3,55,210,90,2.3333,0.1091,1856,354,1181,321
157,1701265980,verde,verde,aleatoria,azul,0,-3,46,0,120,0.0000,0.0000,260,4,256,0
157,1701265980,verde,vermelho,reativa,azul,0,-3,46,210,120,1.7500,0.0217,951,15,936,0
157,1701265980,verde,azul,heuristica,azul,1,3,46,120,90,1.3333,0.0000,1345,133,1087,125
158,2035459300,vermelho,verde,aleatoria,vermelho,0,-3,35,0,120,0.0000,0.0500,424,7,417,0
158,2035459300,vermelho,vermelho,reativa,vermelho,1,3,35,120,90,1.3333,0.0286,600,8,592,0
158,2035459300,vermelho,azul,heuristica,vermelho,0,-3,35,210,120,1.7500,0.0588,1192,218,769,205
159,1984052756,azul,verde,aleatoria,empate,0,-1,100,0,0,0.0000,0.0202,2294,0,2294,0
159,1984052756,azul,vermelho,reativa,empate,0,-1,100,100,60,1.6667,0.0404,1624,8,1616,0
159,1984052756,azul,azul,heuristica,empate,0,-1,100,60,100,0.6000,0.4615,906,149,609,148
160,882379617,verde,verde,aleatoria,azul,0,-3,77,0,110,0.0000,0.2597,1840,11,1829,0
160,882379617,verde,vermelho,reativa,azul,0,-3,77,150,120,1.2500,0.0143,1536,18,1518,0
160,882379617,verde,azul,heuristica,azul,1,3,77,170,90,1.8889,0.0909,2298,224,1832,242
161,155837609,vermelho,verde,aleatoria,azul,0,-3,35,0,120,0.0000,0.0667,743,11,732,0
161,155837609,vermelho,vermelho,reativa,azul,0,-3,35,120,100,1.2000,0.1143,744,14,730,0
161,155837609,vermelho,azul,heuristica,azul,1,3,35,160,60,2.6667,0.2571,1251,255,829,167
162,1949492245,azul,verde,aleatoria,azul,0,-3,16,30,120,0.2500,0.0000,386,11,375,0
162,1949492245,azul,vermelho,reativa,azul,0,-3,16,150,120,1.2500,0.0000,203,16,187,0
162,1949492245,azul,azul,heuristica,azul,1,3,16,120,60,2.0000,0.0000,717,179,392,146
163,1206746855,verde,verde,aleatoria,empate,0,-1,100,0,120,0.0000,0.0000,450,6,444,0
163,1206746855,verde,vermelho,reativa,empate,0,-1,100,0,0,0.0000,0.0000,1289,2,1287,0
163,1206746855,verde,azul,heuristica,empate,0,-1,100,120,0,120.0000,0.0600,2187,137,1913,137
164,383512830,vermelho,verde,aleatoria,vermelho,0,-3,74,0,120,0.0000,0.0000,595,18,577,0
164,383512830,vermelho,vermelho,reativa,vermelho,1,3,74,240,90,2.6667,0.0270,1521,25,1496,0
164,383512830,vermelho,azul,heuristica,vermelho,0,-3,74,90,120,0.7500,0.0137,1749,116,1525,108
165,1238779790,azul,verde,aleatoria,empate,0,-1,100,0,0,0.0000,0.1010,2261,1,2260,0
165,1238779790,azul,vermelho,reativa,empate,0,-1,100,120,90,1.3333,0.0000,1559,12,1547,0
165,1238779790,azul,azul,heuristica,empate,0,-1,100,90,120,0.7500,0.1667,429,80,274,75
166,457092375,verde,verde,aleatoria,empate,0,-1,100,0,0,0.0000,0.0800,2422,0,2422,0
166,457092375,verde,vermelho,reativa,empate,0,-1,100,0,0,0.0000,0.0000,1948,0,1948,0
166,457092375,verde,azul,heuristica,empate,0,-1,100,0,0,0.0000,0.0300,2005,17,1964,24
167,1059044347,vermelho,verde,aleatoria,vermelho,0,-3,29,0,120,0.0000,0.0000,570,10,560,0
167,1059044347,vermelho,vermelho,reativa,vermelho,1,3,29,120,90,1.3333,0.0690,610,8,602,0
167,1059044347,vermelho,azul,heuristica,vermelho,0,-3,29,210,120,1.7500,0.0357,1250,301,674,275
168,281457202,azul,verde,aleatoria,empate,0,-1,100,0,120,0.0000,0.0000,658,8,650,0
168,281457202,azul,vermelho,reativa,empate,0,-1,100,120,0,120.0000,0.0101,2264,14,2250,0
168,281457202,azul,azul,heuristica,empate,0,-1,100,0,0,0.0000,0.0400,2455,39,2366,50
169,1239046820,verde,verde,aleatoria,verde,1,3,68,30,30,1.0000,0.0441,1680,11,1669,0
169,1239046820,verde,vermelho,reativa,verde,0,-3,68,150,120,1.2500,0.0597,1466,16,1450,0
169,1239046820,verde,azul,heuristica,verde,0,-3,68,90,120,0.7500,0.1250,773,109,550,114
170,461995623,vermelho,verde,aleatoria,empate,0,-1,100,0,60,0.0000,0.0000,2292,18,2274,0
170,461995623,vermelho,vermelho,reativa,empate,0,-1,100,90,120,0.7500,0.0789,816,10,806,0
170,461995623,vermelho,azul,heuristica,empate,0,-1,100,180,90,2.0000,0.0000,2504,242,2073,189
171,1520527385,azul,verde,aleatoria,empate,0,-1,100,0,0,0.0000,0.0909,2380,5,2375,0
171,1520527385,azul,vermelho,reativa,empate,0,-1,100,0,0,0.0000,0.0000,1723,2,1721,0
171,1520527385,azul,azul,heuristica,empate,0,-1,100,0,0,0.0000,0.0000,1999,27,1948,24
172,681314169,verde,verde,aleatoria,vermelho,0,-3,40,0,120,0.0000,0.0286,888,14,874,0
172,681314169,verde,vermelho,reativa,vermelho,1,3,40,150,80,1.8750,0.1000,833,18,815,0
172,681314169,verde,azul,heuristica,vermelho,0,-3,40,170,120,1.4167,0.1538,1473,287,936,250
173,1151681641,vermelho,verde,aleatoria,vermelho,0,-3,16,0,120,0.0000,0.0000,269,6,263,0
173,1151681641,vermelho,vermelho,reativa,vermelho,1,3,16,120,90,1.3333,0.2500,309,10,299,0
173,1151681641,vermelho,azul,heuristica,vermelho,0,-3,16,210,120,1.7500,0.0000,789,269,309,211
174,915322822,azul,verde,aleatoria,empate,0,-1,100,0,0,0.0000,0.1212,2329,0,2329,0
174,915322822,azul,vermelho,reativa,empate,0,-1,100,0,0,0.0000,0.0000,1922,46,1876,0
174,915322822,azul,azul,heuristica,empate,0,-1,100,0,0,0.0000,0.0000,1641,45,1596,0
175,1219387384,verde,verde,aleatoria,azul,0,-3,94,0,100,0.0000,0.0426,2225,12,2213,0
175,1219387384,verde,vermelho,reativa,azul,0,-3,94,90,120,0.7500,0.1111,587,14,573,0
175,1219387384,verde,azul,heuristica,azul,1,3,94,220,90,2.4444,0.0638,2935,365,2205,365
176,669132441,vermelho,verde,aleatoria,azul,0,-3,52,0,120,0.0000,0.0784,1235,10,1225,0
176,669132441,vermelho,vermelho,reativa,azul,0,-3,52,90,120,0.7500,0.0233,866,11,855,0
176,669132441,vermelho,azul,heuristica,azul,1,3,52,240,90,2.6667,0.0192,1630,219,1209,202
177,1538008631,azul,verde,aleatoria,azul,0,-3,86,0,120,0.0000,0.0192,1246,22,1224,0
177,1538008631,azul,vermelho,reativa,azul,0,-3,86,210,120,1.7500,0.0118,1882,21,1861,0
177,1538008631,azul,azul,heuristica,azul,1,3,86,120,90,1.3333,0.0233,2059,141,1767,151
178,557466564,verde,verde,aleatoria,empate,0,-1,100,0,0,0.0000,0.0600,2292,4,2288,0
178,557466564,verde,vermelho,reativa,empate,0,-1,100,90,120,0.7500,0.0000,746,6,740,0
178,557466564,verde,azul,heuristica,empate,0,-1,100,120,90,1.3333,0.0400,2456,127,2210,119
179,1498413934,vermelho,verde,aleatoria,azul,0,-3,72,0,120,0.0000,0.0323,773,5,768,0
179,1498413934,vermelho,vermelho,reativa,azul,0,-3,72,90,120,0.7500,0.0694,1655,8,1647,0
179,1498413934,vermelho,azul,heuristica,azul,1,3,72,240,90,2.6667,0.0833,2459,385,1703,371
180,542293507,azul,verde,aleatoria,empate,0,-1,100,0,120,0.0000,0.0417,1763,31,1732,0
180,542293507,azul,vermelho,reativa,empate,0,-1,100,150,90,1.6667,0.1818,2168,26,2142,0
180,542293507,azul,azul,heuristica,empate,0,-1,100,150,90,1.6667,0.1800,2984,383,2263,338
181,1371703114,verde,verde,aleatoria,empate,0,-1,100,0,0,0.0000,0.0300,2449,13,2436,0
181,1371703114,verde,vermelho,reativa,empate,0,-1,100,0,0,0.0000,0.0000,1815,41,1774,0
181,1371703114,verde,azul,heuristica,empate,0,-1,100,0,0,0.0000,0.0100,1871,87,1759,25
182,117727943,vermelho,verde,aleatoria,empate,0,-1,100,0,0,0.0000,0.0909,2378,2,2376,0
182,117727943,vermelho,vermelho,reativa,empate,0,-1,100,0,0,0.0000,0.0000,1484,51,1433,0
182,117727943,vermelho,azul,heuristica,empate,0,-1,100,0,0,0.0000,0.0000,1308,60,1226,22
183,603806591,azul,verde,aleatoria,verde,1,3,33,30,90,0.3333,0.0938,709,5,704,0
183,603806591,azul,vermelho,reativa,verde,0,-3,33,90,120,0.7500,0.0000,103,6,97,0
183,603806591,azul,azul,heuristica,verde,0,-3,33,210,120,1.7500,0.0938,1041,182,692,167
184,699897077,verde,verde,aleatoria,empate,0,-1,100,0,0,0.0000,0.0200,2413,0,2413,0
184,699897077,verde,vermelho,reativa,empate,0,-1,100,0,0,0.0000,0.0000,1256,50,1206,0
184,699897077,verde,azul,heuristica,empate,0,-1,100,0,0,0.0000,0.0000,1709,49,1660,0
185,519069263,vermelho,verde,aleatoria,empate,0,-1,100,0,120,0.0000,0.2500,400,8,392,0
185,519069263,vermelho,vermelho,reativa,empate,0,-1,100,30,0,30.0000,0.0200,2056,4,2052,0
185,519069263,vermelho,azul,heuristica,empate,0,-1,100,120,30,4.0000,0.0500,2161,171,1827,163
186,1300684724,azul,verde,aleatoria,empate,0,-1,100,0,60,0.0000,0.0000,2411,14,2397,0
186,1300684724,azul,vermelho,reativa,empate,0,-1,100,120,60,2.0000,0.0909,2240,12,2228,0
186,1300684724,azul,azul,heuristica,empate,0,-1,100,120,120,1.0000,0.0870,1196,325,572,299
187,1520408512,verde,verde,aleatoria,empate,0,-1,100,0,120,0.0000,0.0000,790,10,780,0
187,1520408512,verde,vermelho,reativa,empate,0,-1,100,0,0,0.0000,0.0500,2110,3,2107,0
187,1520408512,verde,azul,heuristica,empate,0,-1,100,120,0,120.0000,0.0300,2579,187,2195,197
188,1385646527,vermelho,verde,aleatoria,vermelho,0,-3,99,0,120,0.0000,0.0267,1681,11,1670,0
188,1385646527,vermelho,vermelho,reativa,vermelho,1,3,99,120,90,1.3333,0.0404,2049,11,2038,0
188,1385646527,vermelho,azul,heuristica,vermelho,0,-3,99,210,120,1.7500,0.0510,2993,382,2222,389
189,1017835355,azul,verde,aleatoria,empate,0,-1,100,30,30,1.0000,0.0606,2085,17,2068,0
189,1017835355,azul,vermelho,reativa,empate,0,-1,100,60,120,0.5000,0.0313,677,15,662,0
189,1017835355,azul,azul,heuristica,empate,0,-1,100,150,90,1.6667,0.0800,2752,229,2294,229
190,1799545139,verde,verde,aleatoria,empate,0,-1,100,0,60,0.0000,0.0400,2501,4,2497,0
190,1799545139,verde,vermelho,reativa,empate,0,-1,100,150,120,1.2500,0.0645,609,17,592,0
190,1799545139,verde,azul,heuristica,empate,0,-1,100,120,90,1.3333,0.0000,1739,72,1603,64
191,129883519,vermelho,verde,aleatoria,empate,0,-1,100,0,0,0.0000,0.0808,2151,1,2150,0
191,129883519,vermelho,vermelho,reativa,empate,0,-1,100,120,90,1.3333,0.0100,1913,10,1903,0
191,129883519,vermelho,azul,heuristica,empate,0,-1,100,90,120,0.7500,0.2857,990,189,614,187
192,1102580056,azul,verde,aleatoria,empate,0,-1,100,0,0,0.0000,0.0000,2278,4,2274,0
192,1102580056,azul,vermelho,reativa,empate,0,-1,100,120,60,2.0000,0.0303,1960,12,1948,0
192,1102580056,azul,azul,heuristica,empate,0,-1,100,60,120,0.5000,0.2000,451,116,222,113
193,1554659575,verde,verde,aleatoria,empate,0,-1,100,0,90,0.0000,0.0400,2342,5,2337,0
193,1554659575,verde,vermelho,reativa,empate,0,-1,100,80,100,0.8000,0.4444,150,4,146,0
193,1554659575,verde,azul,heuristica,empate,0,-1,100,190,80,2.3750,0.1000,2618,191,2250,177
194,1156300410,vermelho,verde,aleatoria,empate,0,-1,100,0,0,0.0000,0.1212,2299,0,2299,0
194,1156300410,vermelho,vermelho,reativa,empate,0,-1,100,0,0,0.0000,0.0300,1448,1,1447,0
194,1156300410,vermelho,azul,heuristica,empate,0,-1,100,0,0,0.0000,0.0200,1603,24,1555,24
195,529621933,azul,verde,aleatoria,empate,0,-1,100,0,110,0.0000,0.0200,1145,5,1140,0
195,529621933,azul,vermelho,reativa,empate,0,-1,100,110,0,110.0000,0.0707,2198,14,2184,0
195,529621933,azul,azul,heuristica,empate,0,-1,100,0,0,0.0000,0.0300,2086,2,2084,0
196,1734993955,verde,verde,aleatoria,empate,0,-1,100,0,120,0.0000,0.0000,265,6,259,0
196,1734993955,verde,vermelho,reativa,empate,0,-1,100,0,0,0.0000,0.0200,1959,1,1958,0
196,1734993955,verde,azul,heuristica,empate,0,-1,100,120,0,120.0000,0.0400,2539,151,2248,140
197,178452452,vermelho,verde,aleatoria,vermelho,0,-3,53,0,120,0.0000,0.0000,1231,7,1224,0
197,178452452,vermelho,vermelho,reativa,vermelho,1,3,53,230,80,2.8750,0.1321,1070,25,1045,0
197,178452452,vermelho,azul,heuristica,vermelho,0,-3,53,80,110,0.7273,0.3333,646,159,331,156
198,521402375,azul,verde,aleatoria,azul,0,-3,54,0,120,0.0000,0.0000,1301,16,1285,0
198,521402375,azul,vermelho,reativa,azul,0,-3,54,90,120,0.7500,0.0213,1037,6,1031,0
198,521402375,azul,azul,heuristica,azul,1,3,54,240,90,2.6667,0.0185,1637,308,1091,238
199,105700785,verde,verde,aleatoria,azul,0,-3,63,0,120,0.0000,0.1270,1516,9,1507,0
199,105700785,verde,vermelho,reativa,azul,0,-3,63,180,120,1.5000,0.0357,561,16,545,0
199,105700785,verde,azul,heuristica,azul,1,3,63,150,90,1.6667,0.0317,1657,169,1323,165
200,2008931110,vermelho,verde,aleatoria,empate,0,-1,100,0,0,0.0000,0.0000,2306,1,2305,0
200,2008931110,vermelho,vermelho,reativa,empate,0,-1,100,0,0,0.0000,0.0200,1646,2,1644,0
200,2008931110,vermelho,azul,heuristica,empate,0,-1,100,0,0,0.0000,0.0200,1825,26,1774,25
201,1342046878,azul,verde,aleatoria,empate,0,-1,100,0,0,0.0000,0.0808,2266,4,2262,0
201,1342046878,azul,vermelho,reativa,empate,0,-1,100,90,120,0.7500,0.0000,674,9,665,0
201,1342046878,azul,azul,heuristica,empate,0,-1,100,120,90,1.3333,0.0100,2161,109,1952,100
202,953152536,verde,verde,aleatoria,empate,0,-1,100,0,120,0.0000,0.0000,769,7,762,0
202,953152536,verde,vermelho,reativa,empate,0,-1,100,30,0,30.0000,0.0100,1938,9,1929,0
202,953152536,verde,azul,heuristica,empate,0,-1,100,90,0,90.0000,0.0600,2449,103,2250,96
203,1936411928,vermelho,verde,aleatoria,azul,0,-3,47,0,120,0.0000,0.0000,460,4,456,0
203,1936411928,vermelho,vermelho,reativa,azul,0,-3,47,210,120,1.7500,0.0000,791,14,777,0
203,1936411928,vermelho,azul,heuristica,azul,1,3,47,120,90,1.3333,0.1064,1358,133,1100,125
204,1166957166,azul,verde,aleatoria,empate,0,-1,100,0,0,0.0000,0.0707,2360,0,2360,0
204,1166957166,azul,vermelho,reativa,empate,0,-1,100,0,0,0.0000,0.0000,1561,2,1559,0
204,1166957166,azul,azul,heuristica,empate,0,-1,100,0,0,0.0000,0.0000,1018,1,1017,0
205,1693299176,verde,verde,aleatoria,empate,0,-1,100,0,0,0.0000,0.0400,2325,0,2325,0
205,1693299176,verde,vermelho,reativa,empate,0,-1,100,0,0,0.0000,0.0100,1917,1,1916,0
205,1693299176,verde,azul,heuristica,empate,0,-1,100,0,0,0.0000,0.3800,3583,594,2268,721
206,1869436229,vermelho,verde,aleatoria,empate,0,-1,100,0,0,0.0000,0.0202,2212,2,2210,0
206,1869436229,vermelho,vermelho,reativa,empate,0,-1,100,120,90,1.3333,0.0900,2280,12,2268,0
206,1869436229,vermelho,azul,heuristica,empate,0,-1,100,90,120,0.7500,0.0357,672,88,505,79
207,145879472,azul,verde,aleatoria,empate,0,-1,100,0,10,0.0000,0.0909,2364,6,2358,0
207,145879472,azul,vermelho,reativa,empate,0,-1,100,90,120,0.7500,0.0000,741,7,734,0
207,145879472,azul,azul,heuristica,empate,0,-1,100,130,90,1.4444,0.1200,2780,229,2334,217
208,149114399,verde,verde,aleatoria,empate,0,-1,100,0,30,0.0000,0.0000,2116,7,2109,0
208,149114399,verde,vermelho,reativa,empate,0,-1,100,150,90,1.6667,0.0100,2111,17,2094,0
208,149114399,verde,azul,heuristica,empate,0,-1,100,90,120,0.7500,0.0435,1139,73,998,68
209,1683453032,vermelho,verde,aleatoria,empate,0,-1,100,0,0,0.0000,0.0808,2365,0,2365,0
209,1683453032,vermelho,vermelho,reativa,empate,0,-1,100,0,0,0.0000,0.0200,1181,47,1134,0
209,1683453032,vermelho,azul,heuristica,empate,0,-1,100,0,0,0.0000,0.0000,1404,80,1284,40
210,1180105192,azul,verde,aleatoria,empate,0,-1,100,0,0,0.0000,0.0000,2290,18,2272,0
210,1180105192,azul,vermelho,reativa,empate,0,-1,100,70,110,0.6364,0.1765,295,7,288,0
210,1180105192,azul,azul,heuristica,empate,0,-1,100,110,70,1.5714,0.0700,2288,172,1976,140
211,706502710,verde,verde,aleatoria,azul,0,-3,34,0,120,0.0000,0.0588,747,4,743,0
211,706502710,verde,vermelho,reativa,azul,0,-3,34,80,100,0.8000,0.5000,173,6,167,0
211,706502710,verde,azul,heuristica,azul,1,3,34,220,80,2.7500,0.1471,1326,247,836,243
212,1552000050,vermelho,verde,aleatoria,empate,0,-1,100,0,90,0.0000,0.0000,2374,22,2352,0
212,1552000050,vermelho,vermelho,reativa,empate,0,-1,100,180,120,1.5000,0.0667,1561,28,1533,0
212,1552000050,vermelho,azul,heuristica,empate,0,-1,100,120,90,1.3333,0.0100,2202,107,2013,82
213,1627387955,azul,verde,aleatoria,vermelho,0,-3,77,0,120,0.0000,0.0000,996,21,975,0
213,1627387955,azul,vermelho,reativa,vermelho,1,3,77,240,90,2.6667,0.0395,1562,33,1529,0
213,1627387955,azul,azul,heuristica,vermelho,0,-3,77,90,120,0.7500,0.0000,1207,89,1036,82
214,692168545,verde,verde,aleatoria,empate,0,-1,100,0,90,0.0000,0.0400,2505,7,2498,0
214,692168545,verde,vermelho,reativa,empate,0,-1,100,0,0,0.0000,0.0200,2256,0,2256,0
214,692168545,verde,azul,heuristica,empate,0,-1,100,90,0,90.0000,0.0100,1996,124,1747,125
215,1117255669,vermelho,verde,aleatoria,empate,0,-1,100,0,120,0.0000,0.0000,854,5,849,0
215,1117255669,vermelho,vermelho,reativa,empate,0,-1,100,30,0,30.0000,0.0100,2019,8,2011,0
215,1117255669,vermelho,azul,heuristica,empate,0,-1,100,120,30,4.0000,0.0500,2769,273,2238,258
216,1291571188,azul,verde,aleatoria,empate,0,-1,100,0,120,0.0000,0.0149,1647,24,1623,0
216,1291571188,azul,vermelho,reativa,empate,0,-1,100,90,0,90.0000,0.0000,1764,23,1741,0
216,1291571188,azul,azul,heuristica,empate,0,-1,100,30,0,30.0000,0.0700,2499,175,2150,174
217,1835059891,verde,verde,aleatoria,verde,1,3,11,30,0,30.0000,0.1818,262,4,258,0
217,1835059891,verde,vermelho,reativa,verde,0,-3,11,120,120,1.0000,0.0000,157,7,150,0
217,1835059891,verde,azul,heuristica,verde,0,-3,11,90,120,0.7500,0.0000,405,105,200,100
218,770527005,vermelho,verde,aleatoria,azul,0,-3,31,0,120,0.0000,0.0000,701,10,691,0
218,770527005,vermelho,vermelho,reativa,azul,0,-3,31,90,120,0.7500,0.0000,519,10,509,0
218,770527005,vermelho,azul,heuristica,azul,1,3,31,240,90,2.6667,0.0323,1224,280,721,223
219,1839775962,azul,verde,aleatoria,vermelho,0,-3,73,0,120,0.0000,0.0000,205,5,200,0
219,1839775962,azul,vermelho,reativa,vermelho,1,3,73,120,90,1.3333,0.0417,1619,6,1613,0
219,1839775962,azul,azul,heuristica,vermelho,0,-3,73,210,120,1.7500,0.0278,2214,233,1732,249
220,786723664,verde,verde,aleatoria,empate,0,-1,100,0,90,0.0000,0.0200,1944,10,1934,0
220,786723664,verde,vermelho,reativa,empate,0,-1,100,210,60,3.5000,0.0400,2243,19,2224,0
220,786723664,verde,azul,heuristica,empate,0,-1,100,60,120,0.5000,0.0385,1399,80,1244,75
221,1984655043,vermelho,verde,aleatoria,vermelho,0,-3,63,0,120,0.0000,0.0000,304,5,299,0
221,1984655043,vermelho,vermelho,reativa,vermelho,1,3,63,120,60,2.0000,0.0635,1279,11,1268,0
221,1984655043,vermelho,azul,heuristica,vermelho,0,-3,63,180,120,1.5000,0.0484,1720,228,1274,218
222,2038087983,azul,verde,aleatoria,empate,0,-1,100,0,120,0.0000,0.0000,218,4,214,0
222,2038087983,azul,vermelho,reativa,empate,0,-1,100,0,0,0.0000,0.0303,1913,34,1879,0
222,2038087983,azul,azul,heuristica,empate,0,-1,100,120,0,120.0000,0.0200,3440,717,2039,684
223,24191029,verde,verde,aleatoria,empate,0,-1,100,0,90,0.0000,0.1700,2487,16,2471,0
223,24191029,verde,vermelho,reativa,empate,0,-1,100,90,120,0.7500,0.0870,483,12,471,0
223,24191029,verde,azul,heuristica,empate,0,-1,100,210,90,2.3333,0.0600,2654,362,1993,299
224,1641540538,vermelho,verde,aleatoria,azul,0,-3,73,0,120,0.0000,0.0000,180,5,175,0
224,1641540538,vermelho,vermelho,reativa,azul,0,-3,73,90,120,0.7500,0.0685,1641,7,1634,0
224,1641540538,vermelho,azul,heuristica,azul,1,3,73,240,90,2.6667,0.0411,1635,223,1205,207
225,951702792,azul,verde,aleatoria,vermelho,0,-3,38,0,120,0.0000,0.2778,444,9,435,0
225,951702792,azul,vermelho,reativa,vermelho,1,3,38,150,60,2.5000,0.0000,731,17,714,0
225,951702792,azul,azul,heuristica,vermelho,0,-3,38,150,120,1.2500,0.1351,1499,335,887,277
226,675296008,verde,verde,aleatoria,empate,0,-1,100,0,90,0.0000,0.0300,2356,18,2338,0
226,675296008,verde,vermelho,reativa,empate,0,-1,100,90,120,0.7500,0.0278,1659,13,1646,0
226,675296008,verde,azul,heuristica,empate,0,-1,100,210,90,2.3333,0.0600,3047,424,2187,436
227,559324355,vermelho,verde,aleatoria,empate,0,-1,100,0,120,0.0000,0.0000,277,5,272,0
227,559324355,vermelho,vermelho,reativa,empate,0,-1,100,0,0,0.0000,0.0300,2068,0,2068,0
227,559324355,vermelho,azul,heuristica,empate,0,-1,100,120,0,120.0000,0.0500,2345,175,1995,175
228,981530121,azul,verde,aleatoria,verde,1,3,21,30,30,1.0000,0.0000,496,9,487,0
228,981530121,azul,vermelho,reativa,verde,0,-3,21,90,120,0.7500,0.0667,285,10,275,0
228,981530121,azul,azul,heuristica,verde,0,-3,21,150,120,1.2500,0.1500,975,278,479,218
229,1656250677,verde,verde,aleatoria,empate,0,-1,100,30,60,0.5000,0.1300,2425,22,2403,0
229,1656250677,verde,vermelho,reativa,empate,0,-1,100,60,30,2.0000,0.0700,1937,32,1905,0
229,1656250677,verde,azul,heuristica,empate,0,-1,100,0,0,0.0000,0.0300,1867,40,1803,24
230,207735304,vermelho,verde,aleatoria,empate,0,-1,100,0,60,0.0000,0.1111,2362,20,2342,0
230,207735304,vermelho,vermelho,reativa,empate,0,-1,100,0,0,0.0000,0.0200,1878,4,1874,0
230,207735304,vermelho,azul,heuristica,empate,0,-1,100,60,0,60.0000,0.0500,2467,141,2206,120
231,989711541,azul,verde,aleatoria,vermelho,0,-3,97,0,110,0.0000,0.1354,2314,12,2302,0
231,989711541,azul,vermelho,reativa,vermelho,1,3,97,160,50,3.2000,0.1458,1781,16,1765,0
231,989711541,azul,azul,heuristica,vermelho,0,-3,97,100,100,1.0000,0.1124,2399,242,1930,227
232,1444584449,verde,verde,aleatoria,empate,0,-1,100,0,90,0.0000,0.0100,2448,14,2434,0
232,1444584449,verde,vermelho,reativa,empate,0,-1,100,0,0,0.0000,0.0000,922,19,903,0
232,1444584449,verde,azul,heuristica,empate,0,-1,100,90,0,90.0000,0.0200,2145,102,1943,100
233,594435942,vermelho,verde,aleatoria,empate,0,-1,100,0,60,0.0000,0.1212,2437,14,2423,0
233,594435942,vermelho,vermelho,reativa,empate,0,-1,100,60,0,60.0000,0.0200,2220,12,2208,0
233,594435942,vermelho,azul,heuristica,empate,0,-1,100,0,0,0.0000,0.0000,1735,14,1721,0
234,1488348715,azul,verde,aleatoria,azul,0,-3,93,0,120,0.0000,0.0761,2301,9,2292,0
234,1488348715,azul,vermelho,reativa,azul,0,-3,93,90,120,0.7500,0.0000,80,6,74,0
234,1488348715,azul,azul,heuristica,azul,1,3,93,240,90,2.6667,0.0860,2920,362,2192,366
235,15411380,verde,verde,aleatoria,empate,0,-1,100,0,0,0.0000,0.0900,2171,0,2171,0
235,15411380,verde,vermelho,reativa,empate,0,-1,100,120,90,1.3333,0.0300,1886,7,1879,0
235,15411380,verde,azul,heuristica,empate,0,-1,100,90,120,0.7500,0.0000,434,65,309,60
236,893382118,vermelho,verde,aleatoria,vermelho,0,-3,66,0,120,0.0000,0.0000,862,12,850,0
236,893382118,vermelho,vermelho,reativa,vermelho,1,3,66,180,90,2.0000,0.0152,1481,15,1466,0
236,893382118,vermelho,azul,heuristica,vermelho,0,-3,66,150,120,1.2500,0.0462,2158,377,1499,282
237,829102571,azul,verde,aleatoria,azul,0,-3,90,30,120,0.2500,0.0000,703,15,688,0
237,829102571,azul,vermelho,reativa,azul,0,-3,90,210,120,1.7500,0.0449,1886,17,1869,0
237,829102571,azul,azul,heuristica,azul,1,3,90,90,90,1.0000,0.0889,2464,199,2036,229
238,1104959249,verde,verde,aleatoria,empate,0,-1,100,0,0,0.0000,0.0300,2242,9,2233,0
238,1104959249,verde,vermelho,reativa,empate,0,-1,100,90,120,0.7500,0.1176,344,7,337,0
238,1104959249,verde,azul,heuristica,empate,0,-1,100,120,90,1.3333,0.0100,2309,201,2010,98
239,436567940,vermelho,verde,aleatoria,empate,0,-1,100,0,120,0.0000,0.0000,992,14,978,0
239,436567940,vermelho,vermelho,reativa,empate,0,-1,100,0,0,0.0000,0.0500,2220,7,2213,0
239,436567940,vermelho,azul,heuristica,empate,0,-1,100,120,0,120.0000,0.2300,1902,198,1479,225
240,314003729,azul,verde,aleatoria,empate,0,-1,100,0,120,0.0000,0.0000,1985,20,1965,0
240,314003729,azul,vermelho,reativa,empate,0,-1,100,0,0,0.0000,0.3535,1932,1,1931,0
240,314003729,azul,azul,heuristica,empate,0,-1,100,120,0,120.0000,0.0200,2292,169,1969,154
241,334422033,verde,verde,aleatoria,azul,0,-3,22,0,120,0.0000,0.0000,449,10,439,0
241,334422033,verde,vermelho,reativa,azul,0,-3,22,180,120,1.5000,0.0000,390,14,376,0
241,334422033,verde,azul,heuristica,azul,1,3,22,150,90,1.6667,0.0455,907,204,529,174
242,251380444,vermelho,verde,aleatoria,vermelho,0,-3,36,30,120,0.2500,0.0294,812,15,797,0
242,251380444,vermelho,vermelho,reativa,vermelho,1,3,36,120,0,120.0000,0.0278,771,22,749,0
242,251380444,vermelho,azul,heuristica,vermelho,0,-3,36,90,120,0.7500,0.0000,1214,220,827,167
243,1102806774,azul,verde,aleatoria,empate,0,-1,100,0,0,0.0000,0.0404,2344,8,2336,0
243,1102806774,azul,vermelho,reativa,empate,0,-1,100,0,0,0.0000,0.0404,2118,3,2115,0
243,1102806774,azul,azul,heuristica,empate,0,-1,100,0,0,0.0000,0.0000,1205,0,1205,0
244,1761145918,verde,verde,aleatoria,empate,0,-1,100,0,120,0.0000,0.0000,1993,23,1970,0
244,1761145918,verde,vermelho,reativa,empate,0,-1,100,90,0,90.0000,0.0000,1668,12,1656,0
244,1761145918,verde,azul,heuristica,empate,0,-1,100,30,0,30.0000,0.7100,2000,34,1920,46
245,1986957636,vermelho,verde,aleatoria,empate,0,-1,100,0,30,0.0000,0.0303,2349,10,2339,0
245,1986957636,vermelho,vermelho,reativa,empate,0,-1,100,150,90,1.6667,0.0200,1865,16,1849,0
245,1986957636,vermelho,azul,heuristica,empate,0,-1,100,90,120,0.7500,0.0000,470,97,274,99
246,1517405042,azul,verde,aleatoria,azul,0,-3,42,30,120,0.2500,0.0000,989,15,974,0
246,1517405042,azul,vermelho,reativa,azul,0,-3,42,150,120,1.2500,0.0244,903,20,883,0
246,1517405042,azul,azul,heuristica,azul,1,3,42,120,60,2.0000,0.0714,1239,246,832,161
247,286550506,verde,verde,aleatoria,empate,0,-1,100,0,120,0.0000,0.0800,1198,13,1185,0
247,286550506,verde,vermelho,reativa,empate,0,-1,100,60,0,60.0000,0.7900,1911,47,1864,0
247,286550506,verde,azul,heuristica,empate,0,-1,100,60,0,60.0000,0.0600,1997,109,1822,66
248,137304799,vermelho,verde,aleatoria,empate,0,-1,100,0,0,0.0000,0.0606,2263,0,2263,0
248,137304799,vermelho,vermelho,reativa,empate,0,-1,100,90,120,0.7500,0.0667,281,6,275,0
248,137304799,vermelho,azul,heuristica,empate,0,-1,100,120,90,1.3333,0.0300,1954,113,1738,103
249,705417887,azul,verde,aleatoria,empate,0,-1,100,0,120,0.0000,0.0000,656,4,652,0
249,705417887,azul,vermelho,reativa,empate,0,-1,100,0,0,0.0000,0.0505,2176,0,2176,0
249,705417887,azul,azul,heuristica,empate,0,-1,100,120,0,120.0000,0.0500,2629,140,2352,137
250,726116545,verde,verde,aleatoria,vermelho,0,-3,28,0,120,0.0000,0.0000,446,4,442,0
250,726116545,verde,vermelho,reativa,vermelho,1,3,28,150,90,1.6667,0.0000,565,10,555,0
250,726116545,verde,azul,heuristica,vermelho,0,-3,28,180,120,1.5000,0.0370,1091,222,645,224
251,1291141008,vermelho,verde,aleatoria,empate,0,-1,100,0,30,0.0000,0.0808,2249,8,2241,0
251,1291141008,vermelho,vermelho,reativa,empate,0,-1,100,30,0,30.0000,0.0000,1917,40,1877,0
251,1291141008,vermelho,azul,heuristica,empate,0,-1,100,0,0,0.0000,0.0100,3371,632,2125,614
252,397193934,azul,verde,aleatoria,azul,0,-3,60,0,120,0.0000,0.0000,738,4,734,0
252,397193934,azul,vermelho,reativa,azul,0,-3,60,210,120,1.7500,0.0339,1204,18,1186,0
252,397193934,azul,azul,heuristica,azul,1,3,60,120,90,1.3333,0.0167,1684,163,1333,188
253,214387698,verde,verde,aleatoria,empate,0,-1,100,0,80,0.0000,0.1300,2446,19,2427,0
253,214387698,verde,vermelho,reativa,empate,0,-1,100,170,60,2.8333,0.0400,1349,27,1322,0
253,214387698,verde,azul,heuristica,empate,0,-1,100,90,120,0.7500,0.1556,1519,225,1072,222
254,2132358912,vermelho,verde,aleatoria,verde,1,3,32,30,60,0.5000,0.1290,705,12,693,0
254,2132358912,vermelho,vermelho,reativa,verde,0,-3,32,90,120,0.7500,0.0769,556,7,549,0
254,2132358912,vermelho,azul,heuristica,verde,0,-3,32,180,120,1.5000,0.2258,1317,307,742,268
255,58356795,azul,verde,aleatoria,empate,0,-1,100,0,120,0.0000,0.0000,632,9,623,0
255,58356795,azul,vermelho,reativa,empate,0,-1,100,60,0,60.0000,0.0707,2049,6,2043,0
255,58356795,azul,azul,heuristica,empate,0,-1,100,60,0,60.0000,0.0400,3082,391,2299,392
256,1589790228,verde,verde,aleatoria,empate,0,-1,100,0,120,0.0000,0.0000,1679,13,1666,0
256,1589790228,verde,vermelho,reativa,empate,0,-1,100,30,0,30.0000,0.0200,2260,6,2254,0
256,1589790228,verde,azul,heuristica,empate,0,-1,100,90,0,90.0000,0.0900,2514,167,2184,163
257,435970243,vermelho,verde,aleatoria,azul,0,-3,23,30,120,0.2500,0.0000,560,12,548,0
257,435970243,vermelho,vermelho,reativa,azul,0,-3,23,180,120,1.5000,0.0000,312,17,295,0
257,435970243,vermelho,azul,heuristica,azul,1,3,23,120,90,1.3333,0.0435,936,213,552,171
258,1527342900,azul,verde,aleatoria,empate,0,-1,100,30,120,0.2500,0.0769,314,6,308,0
258,1527342900,azul,vermelho,reativa,empate,0,-1,100,0,0,0.0000,0.0000,1881,0,1881,0
258,1527342900,azul,azul,heuristica,empate,0,-1,100,120,30,4.0000,0.0000,2242,163,1910,169
259,1108040743,verde,verde,aleatoria,azul,0,-3,62,0,120,0.0000,0.0484,1494,11,1483,0
259,1108040743,verde,vermelho,reativa,azul,0,-3,62,180,120,1.5000,0.0244,871,15,856,0
259,1108040743,verde,azul,heuristica,azul,1,3,62,150,90,1.6667,0.0806,1758,196,1362,200
260,1006993171,vermelho,verde,aleatoria,empate,0,-1,100,0,60,0.0000,0.0202,1967,15,1952,0
260,1006993171,vermelho,vermelho,reativa,empate,0,-1,100,30,0,30.0000,0.0400,2018,11,2007,0
260,1006993171,vermelho,azul,heuristica,empate,0,-1,100,60,30,2.0000,0.0900,2220,186,1840,194
261,275007496,azul,verde,aleatoria,empate,0,-1,100,0,0,0.0000,0.0606,2243,0,2243,0
261,275007496,azul,vermelho,reativa,empate,0,-1,100,90,120,0.7500,0.0000,52,6,46,0
261,275007496,azul,azul,heuristica,empate,0,-1,100,120,90,1.3333,0.0000,1943,108,1735,100
262,1290417309,verde,verde,aleatoria,empate,0,-1,100,30,90,0.3333,0.0200,2321,20,2301,0
262,1290417309,verde,vermelho,reativa,empate,0,-1,100,180,90,2.0000,0.0100,1513,22,1491,0
262,1290417309,verde,azul,heuristica,empate,0,-1,100,90,120,0.7500,0.0000,1040,182,664,194
263,1970741504,vermelho,verde,aleatoria,empate,0,-1,100,0,120,0.0000,0.0667,385,10,375,0
263,1970741504,vermelho,vermelho,reativa,empate,0,-1,100,60,0,60.0000,0.0600,2023,27,1996,0
263,1970741504,vermelho,azul,heuristica,empate,0,-1,100,90,30,3.0000,0.6100,2375,187,2041,147
264,432544778,azul,verde,aleatoria,empate,0,-1,100,0,0,0.0000,0.0606,2414,3,2411,0
264,432544778,azul,vermelho,reativa,empate,0,-1,100,90,120,0.7500,0.0250,852,7,845,0
264,432544778,azul,azul,heuristica,empate,0,-1,100,120,90,1.3333,0.0500,2490,148,2198,144
265,1532962704,verde,verde,aleatoria,empate,0,-1,100,0,120,0.0000,0.2885,1102,9,1093,0
265,1532962704,verde,vermelho,reativa,empate,0,-1,100,70,30,2.3333,0.0800,2213,11,2202,0
265,1532962704,verde,azul,heuristica,empate,0,-1,100,120,40,3.0000,0.0600,2843,260,2323,260
266,1798660105,vermelho,verde,aleatoria,empate,0,-1,100,0,60,0.0000,0.0707,2402,5,2397,0
266,1798660105,vermelho,vermelho,reativa,empate,0,-1,100,80,110,0.7273,0.0741,544,5,539,0
266,1798660105,vermelho,azul,heuristica,empate,0,-1,100,170,80,2.1250,0.0700,2495,193,2118,184
267,358080245,azul,verde,aleatoria,vermelho,0,-3,48,0,120,0.0000,0.0426,1085,11,1074,0
267,358080245,azul,vermelho,reativa,vermelho,1,3,48,240,90,2.6667,0.0000,892,27,865,0
267,358080245,azul,azul,heuristica,vermelho,0,-3,48,90,120,0.7500,0.0000,553,118,317,118
268,1943115339,verde,verde,aleatoria,empate,0,-1,100,0,0,0.0000,0.0000,2344,0,2344,0
268,1943115339,verde,vermelho,reativa,empate,0,-1,100,120,90,1.3333,0.0300,1884,8,1876,0
268,1943115339,verde,azul,heuristica,empate,0,-1,100,90,120,0.7500,0.1538,839,106,633,100
269,477278850,vermelho,verde,aleatoria,empate,0,-1,100,0,120,0.0000,0.0000,601,4,597,0
269,477278850,vermelho,vermelho,reativa,empate,0,-1,100,0,0,0.0000,0.0500,2250,4,2246,0
269,477278850,vermelho,azul,heuristica,empate,0,-1,100,120,0,120.0000,0.0300,2250,167,1926,157
270,522803334,azul,verde,aleatoria,empate,0,-1,100,0,120,0.0000,0.0492,1469,21,1448,0
270,522803334,azul,vermelho,reativa,empate,0,-1,100,120,0,120.0000,0.0202,2094,17,2077,0
270,522803334,azul,azul,heuristica,empate,0,-1,100,0,0,0.0000,0.0100,1967,81,1799,87
271,1159399617,verde,verde,aleatoria,empate,0,-1,100,0,30,0.0000,0.0000,2206,1,2205,0
271,1159399617,verde,vermelho,reativa,empate,0,-1,100,30,0,30.0000,0.0000,1686,40,1646,0
271,1159399617,verde,azul,heuristica,empate,0,-1,100,30,30,1.0000,0.0000,3261,709,1877,675
272,1955071387,vermelho,verde,aleatoria,empate,0,-1,100,0,120,0.0000,0.0513,1941,12,1929,0
272,1955071387,vermelho,vermelho,reativa,empate,0,-1,100,120,0,120.0000,0.0100,2300,22,2278,0
272,1955071387,vermelho,azul,heuristica,empate,0,-1,100,0,0,0.0000,0.0300,1979,72,1818,89
273,2082054462,azul,verde,aleatoria,vermelho,0,-3,96,0,120,0.0000,0.0000,653,7,646,0
273,2082054462,azul,vermelho,reativa,vermelho,1,3,96,120,90,1.3333,0.2842,1859,9,1850,0
273,2082054462,azul,azul,heuristica,vermelho,0,-3,96,210,120,1.7500,0.0316,2779,300,2173,306
274,616255602,verde,verde,aleatoria,empate,0,-1,100,0,110,0.0000,0.0889,1136,17,1119,0
274,616255602,verde,vermelho,reativa,empate,0,-1,100,120,60,2.0000,0.0000,1937,20,1917,0
274,616255602,verde,azul,heuristica,empate,0,-1,100,140,90,1.5556,0.1300,2829,335,2205,289
275,330685898,vermelho,verde,aleatoria,empate,0,-1,100,0,0,0.0000,0.1010,2377,0,2377,0
275,330685898,vermelho,vermelho,reativa,empate,0,-1,100,120,60,2.0000,0.0100,1675,7,1668,0
275,330685898,vermelho,azul,heuristica,empate,0,-1,100,60,120,0.5000,0.1000,341,62,218,61
276,293034207,azul,verde,aleatoria,azul,0,-3,22,0,120,0.0000,0.0000,482,4,478,0
276,293034207,azul,vermelho,reativa,azul,0,-3,22,90,120,0.7500,0.0000,101,5,96,0
276,293034207,azul,azul,heuristica,azul,1,3,22,240,90,2.6667,0.0909,1044,256,541,247
277,1726906955,verde,verde,aleatoria,empate,0,-1,100,0,0,0.0000,0.0400,1758,0,1758,0
277,1726906955,verde,vermelho,reativa,empate,0,-1,100,90,120,0.7500,0.0667,626,7,619,0
277,1726906955,verde,azul,heuristica,empate,0,-1,100,120,90,1.3333,0.0100,2184,134,1925,125
278,652899206,vermelho,verde,aleatoria,empate,0,-1,100,0,0,0.0000,0.0404,2202,0,2202,0
278,652899206,vermelho,vermelho,reativa,empate,0,-1,100,50,120,0.4167,0.0000,152,5,147,0
278,652899206,vermelho,azul,heuristica,empate,0,-1,100,120,50,2.4000,0.0600,2295,108,2087,100
279,1775053101,azul,verde,aleatoria,azul,0,-3,64,0,120,0.0000,0.0588,404,6,398,0
279,1775053101,azul,vermelho,reativa,azul,0,-3,64,90,120,0.7500,0.0635,1405,5,1400,0
279,1775053101,azul,azul,heuristica,azul,1,3,64,240,90,2.6667,0.0469,2029,284,1480,265
280,1138206718,verde,verde,aleatoria,vermelho,0,-3,60,0,120,0.0000,0.0000,629,10,619,0
280,1138206718,verde,vermelho,reativa,vermelho,1,3,60,180,90,2.0000,0.0333,1302,16,1286,0
280,1138206718,verde,azul,heuristica,vermelho,0,-3,60,150,120,1.2500,0.0169,1868,254,1346,268
281,1154859730,vermelho,verde,aleatoria,azul,0,-3,34,0,120,0.0000,0.0606,806,11,795,0
281,1154859730,vermelho,vermelho,reativa,azul,0,-3,34,150,120,1.2500,0.0323,602,14,588,0
281,1154859730,vermelho,azul,heuristica,azul,1,3,34,180,90,2.0000,0.1176,1471,355,842,274
282,1853518004,azul,verde,aleatoria,empate,0,-1,100,0,30,0.0000,0.1111,2186,3,2183,0
282,1853518004,azul,vermelho,reativa,empate,0,-1,100,120,60,2.0000,0.0000,1826,10,1816,0
282,1853518004,azul,azul,heuristica,empate,0,-1,100,90,120,0.7500,0.0000,1881,122,1647,112
283,556386123,verde,verde,aleatoria,azul,0,-3,63,0,120,0.0000,0.0159,1555,16,1539,0
283,556386123,verde,vermelho,reativa,azul,0,-3,63,120,120,1.0000,0.0465,870,16,854,0
283,556386123,verde,azul,heuristica,azul,1,3,63,210,90,2.3333,0.0952,2078,305,1449,324
284,884053951,vermelho,verde,aleatoria,empate,0,-1,100,0,120,0.0000,0.0395,1775,14,1761,0
284,884053951,vermelho,vermelho,reativa,empate,0,-1,100,0,0,0.0000,0.1000,2257,3,2254,0
284,884053951,vermelho,azul,heuristica,empate,0,-1,100,120,0,120.0000,0.0700,3056,329,2374,353
285,1520719184,azul,verde,aleatoria,empate,0,-1,100,0,120,0.0000,0.1579,1303,11,1292,0
285,1520719184,azul,vermelho,reativa,empate,0,-1,100,60,30,2.0000,0.0404,1982,13,1969,0
285,1520719184,azul,azul,heuristica,empate,0,-1,100,150,60,2.5000,0.1200,2655,308,2044,303
286,1349709110,verde,verde,aleatoria,azul,0,-3,82,0,120,0.0000,0.0000,1912,4,1908,0
286,1349709110,verde,vermelho,reativa,azul,0,-3,82,90,120,0.7500,0.0435,768,15,753,0
286,1349709110,verde,azul,heuristica,azul,1,3,82,240,90,2.6667,0.0366,2594,338,1900,356
287,1449566124,vermelho,verde,aleatoria,empate,0,-1,100,0,60,0.0000,0.0101,2205,5,2200,0
287,1449566124,vermelho,vermelho,reativa,empate,0,-1,100,90,120,0.7500,0.0000,90,5,85,0
287,1449566124,vermelho,azul,heuristica,empate,0,-1,100,180,90,2.0000,0.0700,2734,198,2337,199
288,546701403,azul,verde,aleatoria,empate,0,-1,100,30,120,0.2500,0.0000,630,8,622,0
288,546701403,azul,vermelho,reativa,empate,0,-1,100,30,0,30.0000,0.0101,1651,6,1645,0
288,546701403,azul,azul,heuristica,empate,0,-1,100,120,60,2.0000,0.0700,2714,169,2380,165
289,1544369877,verde,verde,aleatoria,empate,0,-1,100,0,120,0.0000,0.0000,613,7,606,0
289,1544369877,verde,vermelho,reativa,empate,0,-1,100,0,0,0.0000,0.0100,2206,4,2202,0
289,1544369877,verde,azul,heuristica,empate,0,-1,100,120,0,120.0000,0.0900,2673,185,2299,189
290,531010709,vermelho,verde,aleatoria,vermelho,0,-3,30,0,120,0.0000,0.0000,621,12,609,0
290,531010709,vermelho,vermelho,reativa,vermelho,1,3,30,150,90,1.6667,0.1667,619,18,601,0
290,531010709,vermelho,azul,heuristica,vermelho,0,-3,30,180,120,1.5000,0.1379,1229,306,661,262
291,53123547,azul,verde,aleatoria,empate,0,-1,100,0,120,0.0000,0.0588,822,10,812,0
291,53123547,azul,vermelho,reativa,empate,0,-1,100,60,0,60.0000,0.0505,2189,12,2177,0
291,53123547,azul,azul,heuristica,empate,0,-1,100,60,0,60.0000,0.0700,2554,104,2353,97
292,231262719,verde,verde,aleatoria,vermelho,0,-3,88,0,120,0.0000,0.0341,2163,7,2156,0
292,231262719,verde,vermelho,reativa,vermelho,1,3,88,240,90,2.6667,0.0568,1851,34,1817,0
292,231262719,verde,azul,heuristica,vermelho,0,-3,88,90,120,0.7500,0.1111,1149,67,1020,62
293,662711743,vermelho,verde,aleatoria,empate,0,-1,100,0,120,0.0000,0.1364,530,7,523,0
293,662711743,vermelho,vermelho,reativa,empate,0,-1,100,60,0,60.0000,0.0100,1862,6,1856,0
293,662711743,vermelho,azul,heuristica,empate,0,-1,100,90,30,3.0000,0.0400,2101,136,1835,130
294,842140641,azul,verde,aleatoria,empate,0,-1,100,30,120,0.2500,0.0000,886,14,872,0
294,842140641,azul,vermelho,reativa,empate,0,-1,100,0,0,0.0000,0.0101,1695,1,1694,0
294,842140641,azul,azul,heuristica,empate,0,-1,100,120,30,4.0000,0.0200,2380,186,2012,182
295,1252927648,verde,verde,aleatoria,vermelho,0,-3,32,30,120,0.2500,0.0000,596,4,592,0
295,1252927648,verde,vermelho,reativa,vermelho,1,3,32,240,90,2.6667,0.0313,590,19,571,0
295,1252927648,verde,azul,heuristica,vermelho,0,-3,32,60,120,0.5000,0.0000,975,122,728,125
296,488546147,vermelho,verde,aleatoria,empate,0,-1,100,0,90,0.0000,0.0000,2321,8,2313,0
296,488546147,vermelho,vermelho,reativa,empate,0,-1,100,30,0,30.0000,0.0100,1878,6,1872,0
296,488546147,vermelho,azul,heuristica,empate,0,-1,100,60,0,60.0000,0.0100,1760,71,1615,74
297,1093134130,azul,verde,aleatoria,empate,0,-1,100,0,0,0.0000,0.0404,2469,4,2465,0
297,1093134130,azul,vermelho,reativa,empate,0,-1,100,90,120,0.7500,0.0000,80,5,75,0
297,1093134130,azul,azul,heuristica,empate,0,-1,100,120,90,1.3333,0.0200,2216,146,1920,150
298,856898793,verde,verde,aleatoria,azul,0,-3,79,0,120,0.0000,0.0000,1922,12,1910,0
298,856898793,verde,vermelho,reativa,azul,0,-3,79,90,120,0.7500,0.0606,699,10,689,0
298,856898793,verde,azul,heuristica,azul,1,3,79,240,90,2.6667,0.0506,2673,376,1898,399
299,679112036,vermelho,verde,aleatoria,empate,0,-1,100,0,60,0.0000,0.1111,2366,9,2357,0
299,679112036,vermelho,vermelho,reativa,empate,0,-1,100,180,90,2.0000,0.0500,2231,16,2215,0
299,679112036,vermelho,azul,heuristica,empate,0,-1,100,90,120,0.7500,0.0000,914,117,687,110
300,79218301,azul,verde,aleatoria,empate,0,-1,100,0,120,0.0000,0.1163,2073,11,2062,0
300,79218301,azul,vermelho,reativa,empate,0,-1,100,150,30,5.0000,0.0808,2203,22,2181,0
300,79218301,azul,azul,heuristica,empate,0,-1,100,30,30,1.0000,0.0200,1875,55,1765,55
301,1425715911,verde,verde,aleatoria,vermelho,0,-3,77,0,110,0.0000,0.1000,1012,13,999,0
301,1425715911,verde,vermelho,reativa,vermelho,1,3,77,120,90,1.3333,0.0130,1634,10,1624,0
301,1425715911,verde,azul,heuristica,vermelho,0,-3,77,200,120,1.6667,0.0263,2421,360,1699,362
302,324304472,vermelho,verde,aleatoria,empate,0,-1,100,0,0,0.0000,0.0505,2103,0,2103,0
302,324304472,vermelho,vermelho,reativa,empate,0,-1,100,90,120,0.7500,0.0000,102,5,97,0
302,324304472,vermelho,azul,heuristica,empate,0,-1,100,120,90,1.3333,0.0000,2023,94,1843,86
303,1492864929,azul,verde,aleatoria,vermelho,0,-3,34,0,120,0.0000,0.0000,399,5,394,0
303,1492864929,azul,vermelho,reativa,vermelho,1,3,34,240,60,4.0000,0.0000,636,17,619,0
303,1492864929,azul,azul,heuristica,vermelho,0,-3,34,60,120,0.5000,0.0303,967,103,764,100
304,1121729027,verde,verde,aleatoria,azul,0,-3,75,0,120,0.0000,0.1333,1836,14,1822,0
304,1121729027,verde,vermelho,reativa,azul,0,-3,75,90,120,0.7500,0.0000,231,6,225,0
304,1121729027,verde,azul,heuristica,azul,1,3,75,240,90,2.6667,0.0400,2412,331,1745,336
305,329186859,vermelho,verde,aleatoria,verde,1,3,29,30,30,1.0000,0.0000,675,6,669,0
305,329186859,vermelho,vermelho,reativa,verde,0,-3,29,90,120,0.7500,0.0625,309,7,302,0
305,329186859,vermelho,azul,heuristica,verde,0,-3,29,150,120,1.2500,0.0714,1059,196,665,198
306,947366636,azul,verde,aleatoria,empate,0,-1,100,0,120,0.0000,0.0000,1194,19,1175,0
306,947366636,azul,vermelho,reativa,empate,0,-1,100,0,0,0.0000,0.0202,1873,0,1873,0
306,947366636,azul,azul,heuristica,empate,0,-1,100,120,0,120.0000,0.0600,2504,221,2055,228
307,1818107138,verde,verde,aleatoria,azul,0,-3,64,0,120,0.0000,0.0313,1351,6,1345,0
307,1818107138,verde,vermelho,reativa,azul,0,-3,64,90,120,0.7500,0.0000,255,5,250,0
307,1818107138,verde,azul,heuristica,azul,1,3,64,240,90,2.6667,0.0469,1969,214,1558,197
308,635456449,vermelho,verde,aleatoria,empate,0,-1,100,0,120,0.0000,0.0000,720,10,710,0
308,635456449,vermelho,vermelho,reativa,empate,0,-1,100,60,0,60.0000,0.0200,2117,13,2104,0
308,635456449,vermelho,azul,heuristica,empate,0,-1,100,90,30,3.0000,0.0200,2324,188,1957,179
309,1609319578,azul,verde,aleatoria,verde,1,3,53,30,60,0.5000,0.0000,1204,3,1201,0
309,1609319578,azul,vermelho,reativa,verde,0,-3,53,90,120,0.7500,0.1818,203,6,197,0
309,1609319578,azul,azul,heuristica,verde,0,-3,53,180,120,1.5000,0.1154,1584,198,1197,189
310,391903060,verde,verde,aleatoria,empate,0,-1,100,0,0,0.0000,0.0400,2229,12,2217,0
310,391903060,verde,vermelho,reativa,empate,0,-1,100,0,0,0.0000,0.0200,1703,4,1699,0
310,391903060,verde,azul,heuristica,empate,0,-1,100,0,0,0.0000,0.0800,2463,66,2326,71
311,369162837,vermelho,verde,aleatoria,empate,0,-1,100,0,0,0.0000,0.0000,2133,6,2127,0
311,369162837,vermelho,vermelho,reativa,empate,0,-1,100,50,0,50.0000,0.0400,1972,8,1964,0
311,369162837,vermelho,azul,heuristica,empate,0,-1,100,0,50,0.0000,0.0500,2267,43,2178,46
312,40002021,azul,verde,aleatoria,empate,0,-1,100,0,90,0.0000,0.0101,2448,14,2434,0
312,40002021,azul,vermelho,reativa,empate,0,-1,100,210,60,3.5000,0.0505,2048,17,2031,0
312,40002021,azul,azul,heuristica,empate,0,-1,100,60,120,0.5000,0.0000,395,95,208,92
313,349757038,verde,verde,aleatoria,azul,0,-3,72,0,120,0.0000,0.1944,1695,12,1683,0
313,349757038,verde,vermelho,reativa,azul,0,-3,72,90,120,0.7500,0.0000,101,6,95,0
313,349757038,verde,azul,heuristica,azul,1,3,72,240,90,2.6667,0.0556,2224,258,1730,236
314,1753032231,vermelho,verde,aleatoria,empate,0,-1,100,0,0,0.0000,0.0505,2301,1,2300,0
314,1753032231,vermelho,vermelho,reativa,empate,0,-1,100,0,0,0.0000,0.0100,1606,45,1561,0
314,1753032231,vermelho,azul,heuristica,empate,0,-1,100,0,0,0.0000,0.0000,1772,44,1728,0
315,1173196213,azul,verde,aleatoria,vermelho,0,-3,54,0,110,0.0000,0.1818,763,6,757,0
315,1173196213,azul,vermelho,reativa,vermelho,1,3,54,120,90,1.3333,0.0755,1049,10,1039,0
315,1173196213,azul,azul,heuristica,vermelho,0,-3,54,200,120,1.6667,0.1321,1776,288,1211,277
316,63142686,verde,verde,aleatoria,empate,0,-1,100,0,30,0.0000,0.0300,2452,9,2443,0
316,63142686,verde,vermelho,reativa,empate,0,-1,100,150,90,1.6667,0.0500,2285,16,2269,0
316,63142686,verde,azul,heuristica,empate,0,-1,100,90,120,0.7500,0.0000,857,132,581,144
317,681300813,vermelho,verde,aleatoria,empate,0,-1,100,0,30,0.0000,0.0808,2365,13,2352,0
317,681300813,vermelho,vermelho,reativa,empate,0,-1,100,90,120,0.7500,0.0000,357,7,350,0
317,681300813,vermelho,azul,heuristica,empate,0,-1,100,150,90,1.6667,0.0600,2794,303,2218,273
318,506974165,azul,verde,aleatoria,azul,0,-3,45,0,120,0.0000,0.0000,898,4,894,0
318,506974165,azul,vermelho,reativa,azul,0,-3,45,90,120,0.7500,0.0000,98,5,93,0
318,506974165,azul,azul,heuristica,azul,1,3,45,240,90,2.6667,0.0889,1689,319,1064,306
319,1573761150,verde,verde,aleatoria,azul,0,-3,49,0,120,0.0000,0.0000,1170,16,1154,0
319,1573761150,verde,vermelho,reativa,azul,0,-3,49,90,120,0.7500,0.0000,255,7,248,0
319,1573761150,verde,azul,heuristica,azul,1,3,49,240,90,2.6667,0.0204,1695,302,1131,262
320,1937942672,vermelho,verde,aleatoria,empate,0,-1,100,0,0,0.0000,0.0000,2283,13,2270,0
320,1937942672,vermelho,vermelho,reativa,empate,0,-1,100,90,100,0.9000,0.2857,550,4,546,0
320,1937942672,vermelho,azul,heuristica,empate,0,-1,100,100,90,1.1111,0.0500,2036,111,1835,90
321,2043056792,azul,verde,aleatoria,empate,0,-1,100,0,60,0.0000,0.0808,2182,8,2174,0
321,2043056792,azul,vermelho,reativa,empate,0,-1,100,150,90,1.6667,0.0202,2030,19,2011,0
321,2043056792,azul,azul,heuristica,empate,0,-1,100,120,120,1.0000,0.0000,753,131,525,97
322,1502885451,verde,verde,aleatoria,empate,0,-1,100,30,120,0.2500,0.0227,988,12,976,0
322,1502885451,verde,vermelho,reativa,empate,0,-1,100,120,30,4.0000,0.0100,1971,12,1959,0
322,1502885451,verde,azul,heuristica,empate,0,-1,100,0,0,0.0000,0.0000,1930,27,1880,23
323,1638525914,vermelho,verde,aleatoria,azul,0,-3,84,0,120,0.0000,0.0120,2050,9,2041,0
323,1638525914,vermelho,vermelho,reativa,azul,0,-3,84,90,120,0.7500,0.0769,236,5,231,0
323,1638525914,vermelho,azul,heuristica,azul,1,3,84,240,90,2.6667,0.0238,2587,319,1943,325
324,1461675684,azul,verde,aleatoria,empate,0,-1,100,0,90,0.0000,0.0303,2347,10,2337,0
324,1461675684,azul,vermelho,reativa,empate,0,-1,100,210,90,2.3333,0.0303,2203,28,2175,0
324,1461675684,azul,azul,heuristica,empate,0,-1,100,90,120,0.7500,0.0000,699,137,416,146
325,971720179,verde,verde,aleatoria,vermelho,0,-3,34,0,120,0.0000,0.0000,723,6,717,0
325,971720179,verde,vermelho,reativa,vermelho,1,3,34,150,60,2.5000,0.0000,707,15,692,0
325,971720179,verde,azul,heuristica,vermelho,0,-3,34,150,120,1.2500,0.1212,1246,249,801,196
326,566942735,vermelho,verde,aleatoria,azul,0,-3,16,0,120,0.0000,0.0000,278,7,271,0
326,566942735,vermelho,vermelho,reativa,azul,0,-3,16,180,120,1.5000,0.2500,260,15,245,0
326,566942735,vermelho,azul,heuristica,azul,1,3,16,150,90,1.6667,0.0000,648,134,389,125
327,1508647464,azul,verde,aleatoria,empate,0,-1,100,0,90,0.0000,0.1010,2260,15,2245,0
327,1508647464,azul,vermelho,reativa,empate,0,-1,100,30,0,30.0000,0.0404,2332,7,2325,0
327,1508647464,azul,azul,heuristica,empate,0,-1,100,90,30,3.0000,0.0500,2914,248,2395,271
328,603781327,verde,verde,aleatoria,verde,1,3,76,30,90,0.3333,0.0658,1842,13,1829,0
328,603781327,verde,vermelho,reativa,verde,0,-3,76,210,120,1.7500,0.0267,1494,30,1464,0
328,603781327,verde,azul,heuristica,verde,0,-3,76,90,120,0.7500,0.0400,768,130,515,123
329,1627862180,vermelho,verde,aleatoria,empate,0,-1,100,30,120,0.2500,0.0476,498,5,493,0
329,1627862180,vermelho,vermelho,reativa,empate,0,-1,100,120,30,4.0000,0.0400,1837,12,1825,0
329,1627862180,vermelho,azul,heuristica,empate,0,-1,100,0,0,0.0000,0.0500,2318,20,2282,16
330,2108647050,azul,verde,aleatoria,azul,0,-3,71,0,120,0.0000,0.0286,1727,15,1712,0
330,2108647050,azul,vermelho,reativa,azul,0,-3,71,120,120,1.0000,0.0746,1492,19,1473,0
330,2108647050,azul,azul,heuristica,azul,1,3,71,210,90,2.3333,0.1690,2553,450,1704,399
331,71850044,verde,verde,aleatoria,empate,0,-1,100,0,120,0.0000,0.0500,1400,15,1385,0
331,71850044,verde,vermelho,reativa,empate,0,-1,100,30,0,30.0000,0.0600,2251,9,2242,0
331,71850044,verde,azul,heuristica,empate,0,-1,100,90,0,90.0000,0.0500,2863,243,2370,250
332,87384019,vermelho,verde,aleatoria,empate,0,-1,100,0,100,0.0000,0.0638,2282,21,2261,0
332,87384019,vermelho,vermelho,reativa,empate,0,-1,100,100,0,100.0000,0.0300,2069,28,2041,0
332,87384019,vermelho,azul,heuristica,empate,0,-1,100,0,0,0.0000,0.0100,2112,26,2062,24
333,456098441,azul,verde,aleatoria,azul,0,-3,70,0,120,0.0000,0.0303,781,5,776,0
333,456098441,azul,vermelho,reativa,azul,0,-3,70,210,120,1.7500,0.0725,1482,17,1465,0
333,456098441,azul,azul,heuristica,azul,1,3,70,120,90,1.3333,0.0714,1931,124,1682,125
334,325496467,verde,verde,aleatoria,empate,0,-1,100,0,90,0.0000,0.0100,2306,18,2288,0
334,325496467,verde,vermelho,reativa,empate,0,-1,100,160,80,2.0000,0.1000,2090,30,2060,0
334,325496467,verde,azul,heuristica,empate,0,-1,100,110,100,1.1000,0.0909,1801,173,1476,152
335,1049597105,vermelho,verde,aleatoria,empate,0,-1,100,0,120,0.0000,0.0000,2143,14,2129,0
335,1049597105,vermelho,vermelho,reativa,empate,0,-1,100,30,30,1.0000,0.0900,2220,4,2216,0
335,1049597105,vermelho,azul,heuristica,empate,0,-1,100,150,30,5.0000,0.0500,2974,354,2265,355
336,1667655431,azul,verde,aleatoria,empate,0,-1,100,0,0,0.0000,0.0202,2220,1,2219,0
336,1667655431,azul,vermelho,reativa,empate,0,-1,100,30,30,1.0000,0.0202,1977,34,1943,0
336,1667655431,azul,azul,heuristica,empate,0,-1,100,30,30,1.0000,0.3800,3954,865,2240,849
337,970802006,verde,verde,aleatoria,empate,0,-1,100,0,60,0.0000,0.0600,2489,8,2481,0
337,970802006,verde,vermelho,reativa,empate,0,-1,100,170,80,2.1250,0.1900,2129,17,2112,0
337,970802006,verde,azul,heuristica,empate,0,-1,100,80,110,0.7273,0.5000,524,149,250,125
338,1342970439,vermelho,verde,aleatoria,empate,0,-1,100,30,120,0.2500,0.0000,631,9,622,0
338,1342970439,vermelho,vermelho,reativa,empate,0,-1,100,150,30,5.0000,0.1100,2247,19,2228,0
338,1342970439,vermelho,azul,heuristica,empate,0,-1,100,0,30,0.0000,0.1200,2432,67,2290,75
339,437208980,azul,verde,aleatoria,empate,0,-1,100,0,120,0.0000,0.0000,967,6,961,0
339,437208980,azul,vermelho,reativa,empate,0,-1,100,120,0,120.0000,0.0707,2222,16,2206,0
339,437208980,azul,azul,heuristica,empate,0,-1,100,0,0,0.0000,0.0400,2374,184,2007,183
340,1192874511,verde,verde,aleatoria,vermelho,0,-3,78,0,120,0.0000,0.0897,1929,25,1904,0
340,1192874511,verde,vermelho,reativa,vermelho,1,3,78,210,90,2.3333,0.1026,1693,26,1667,0
340,1192874511,verde,azul,heuristica,vermelho,0,-3,78,120,120,1.0000,0.0444,1432,216,969,247
341,766493470,vermelho,verde,aleatoria,empate,0,-1,100,0,120,0.0000,0.0000,278,5,273,0
341,766493470,vermelho,vermelho,reativa,empate,0,-1,100,120,0,120.0000,0.0200,1348,48,1300,0
341,766493470,vermelho,azul,heuristica,empate,0,-1,100,0,0,0.0000,0.0000,1699,39,1660,0
342,410536207,azul,verde,aleatoria,empate,0,-1,100,0,0,0.0000,0.0606,2299,3,2296,0
342,410536207,azul,vermelho,reativa,empate,0,-1,100,120,90,1.3333,0.0000,1715,9,1706,0
342,410536207,azul,azul,heuristica,empate,0,-1,100,90,120,0.7500,0.0667,538,88,360,90
343,14153581,verde,verde,aleatoria,vermelho,0,-3,62,0,120,0.0000,0.0000,1155,7,1148,0
343,14153581,verde,vermelho,reativa,vermelho,1,3,62,180,90,2.0000,0.0645,1342,15,1327,0
343,14153581,verde,azul,heuristica,vermelho,0,-3,62,150,120,1.2500,0.0328,1956,256,1454,246
344,307708705,vermelho,verde,aleatoria,empate,0,-1,100,0,120,0.0000,0.0469,1513,6,1507,0
344,307708705,vermelho,vermelho,reativa,empate,0,-1,100,30,0,30.0000,0.0900,2335,5,2330,0
344,307708705,vermelho,azul,heuristica,empate,0,-1,100,120,30,4.0000,0.0800,2699,172,2353,174
345,1409996403,azul,verde,aleatoria,vermelho,0,-3,83,0,120,0.0000,0.0600,1242,6,1236,0
345,1409996403,azul,vermelho,reativa,vermelho,1,3,83,210,60,3.5000,0.0244,1561,20,1541,0
345,1409996403,azul,azul,heuristica,vermelho,0,-3,83,90,120,0.7500,0.0976,2270,153,1967,150
346,1737144842,verde,verde,aleatoria,empate,0,-1,100,0,60,0.0000,0.0400,2286,9,2277,0
346,1737144842,verde,vermelho,reativa,empate,0,-1,100,150,60,2.5000,0.0800,2183,16,2167,0
346,1737144842,verde,azul,heuristica,empate,0,-1,100,90,120,0.7500,0.1605,2387,196,1993,198
347,924703773,vermelho,verde,aleatoria,vermelho,0,-3,80,0,120,0.0000,0.0253,1693,27,1666,0
347,924703773,vermelho,vermelho,reativa,vermelho,1,3,80,240,90,2.6667,0.0375,1634,25,1609,0
347,924703773,vermelho,azul,heuristica,vermelho,0,-3,80,90,120,0.7500,0.0217,1148,152,839,157
348,928223588,azul,verde,aleatoria,verde,1,3,24,30,90,0.3333,0.0000,558,6,552,0
348,928223588,azul,vermelho,reativa,verde,0,-3,24,120,120,1.0000,0.1176,312,10,302,0
348,928223588,azul,azul,heuristica,verde,0,-3,24,180,120,1.5000,0.0435,1004,285,499,220
349,1182005340,verde,verde,aleatoria,empate,0,-1,100,0,60,0.0000,0.1900,2451,7,2444,0
349,1182005340,verde,vermelho,reativa,empate,0,-1,100,180,90,2.0000,0.0300,1778,17,1761,0
349,1182005340,verde,azul,heuristica,empate,0,-1,100,90,120,0.7500,0.0000,716,66,590,60
350,86749997,vermelho,verde,aleatoria,empate,0,-1,100,0,0,0.0000,0.0303,2448,13,2435,0
350,86749997,vermelho,vermelho,reativa,empate,0,-1,100,0,0,0.0000,0.0200,1380,9,1371,0
350,86749997,vermelho,azul,heuristica,empate,0,-1,100,0,0,0.0000,0.0000,1843,0,1843,0
351,2063477184,azul,verde,aleatoria,empate,0,-1,100,0,0,0.0000,0.0606,2433,4,2429,0
351,2063477184,azul,vermelho,reativa,empate,0,-1,100,120,90,1.3333,0.0303,1857,15,1842,0
351,2063477184,azul,azul,heuristica,empate,0,-1,100,90,120,0.7500,0.0455,762,121,520,121
352,1520633710,verde,verde,aleatoria,vermelho,0,-3,32,0,120,0.0000,0.0000,683,8,675,0
352,1520633710,verde,vermelho,reativa,vermelho,1,3,32,120,90,1.3333,0.0625,641,13,628,0
352,1520633710,verde,azul,heuristica,vermelho,0,-3,32,210,120,1.7500,0.0968,1252,263,766,223
353,1518760950,vermelho,verde,aleatoria,empate,0,-1,100,0,60,0.0000,0.0202,2120,3,2117,0
353,1518760950,vermelho,vermelho,reativa,empate,0,-1,100,120,90,1.3333,0.0100,1891,13,1878,0
353,1518760950,vermelho,azul,heuristica,empate,0,-1,100,150,120,1.2500,0.0429,2167,273,1608,286
354,1313076164,azul,verde,aleatoria,vermelho,0,-3,54,0,120,0.0000,0.0000,1302,11,1291,0
354,1313076164,azul,vermelho,reativa,vermelho,1,3,54,220,80,2.7500,0.0755,985,23,962,0
354,1313076164,azul,azul,heuristica,vermelho,0,-3,54,80,100,0.8000,0.4286,333,92,155,86
355,519671239,verde,verde,aleatoria,empate,0,-1,100,0,0,0.0000,0.0000,2284,3,2281,0
355,519671239,verde,vermelho,reativa,empate,0,-1,100,0,0,0.0000,0.0300,2163,12,2151,0
355,519671239,verde,azul,heuristica,empate,0,-1,100,0,0,0.0000,0.0000,1777,20,1741,16
356,293897162,vermelho,verde,aleatoria,empate,0,-1,100,0,120,0.0000,0.0750,893,8,885,0
356,293897162,vermelho,vermelho,reativa,empate,0,-1,100,0,0,0.0000,0.0600,2319,6,2313,0
356,293897162,vermelho,azul,heuristica,empate,0,-1,100,120,0,120.0000,0.1200,2578,188,2204,186
357,432934820,azul,verde,aleatoria,empate,0,-1,100,0,0,0.0000,0.0000,2293,20,2273,0
357,432934820,azul,vermelho,reativa,empate,0,-1,100,0,0,0.0000,0.0000,1281,17,1264,0
357,432934820,azul,azul,heuristica,empate,0,-1,100,0,0,0.0000,0.0100,1683,9,1674,0
358,1033327263,verde,verde,aleatoria,empate,0,-1,100,0,120,0.0000,0.0000,1918,10,1908,0
358,1033327263,verde,vermelho,reativa,empate,0,-1,100,180,60,3.0000,0.0400,1692,23,1669,0
358,1033327263,verde,azul,heuristica,empate,0,-1,100,60,60,1.0000,0.0600,2539,120,2291,128
359,137643404,vermelho,verde,aleatoria,vermelho,0,-3,78,0,100,0.0000,0.1299,1885,8,1877,0
359,137643404,vermelho,vermelho,reativa,vermelho,1,3,78,220,60,3.6667,0.0385,1666,20,1646,0
359,137643404,vermelho,azul,heuristica,vermelho,0,-3,78,60,120,0.5000,0.1667,266,68,132,66
360,2017834313,azul,verde,aleatoria,azul,0,-3,51,0,120,0.0000,0.0000,844,11,833,0
360,2017834313,azul,vermelho,reativa,azul,0,-3,51,150,120,1.2500,0.0400,1053,14,1039,0
360,2017834313,azul,azul,heuristica,azul,1,3,51,180,90,2.0000,0.0392,1729,262,1219,248
361,1611829491,verde,verde,aleatoria,empate,0,-1,100,0,60,0.0000,0.0400,2470,18,2452,0
361,1611829491,verde,vermelho,reativa,empate,0,-1,100,90,120,0.7500,0.0714,917,12,905,0
361,1611829491,verde,azul,heuristica,empate,0,-1,100,180,90,2.0000,0.1200,2815,349,2151,315
362,1288829251,vermelho,verde,aleatoria,empate,0,-1,100,0,90,0.0000,0.0808,2389,13,2376,0
362,1288829251,vermelho,vermelho,reativa,empate,0,-1,100,210,90,2.3333,0.0200,2132,18,2114,0
362,1288829251,vermelho,azul,heuristica,empate,0,-1,100,90,120,0.7500,0.0909,464,97,267,100
363,475521431,azul,verde,aleatoria,azul,0,-3,42,0,120,0.0000,0.0000,1034,17,1017,0
363,475521431,azul,vermelho,reativa,azul,0,-3,42,150,120,1.2500,0.0000,297,11,286,0
363,475521431,azul,azul,heuristica,azul,1,3,42,180,90,2.0000,0.0476,1330,193,946,191
364,1589776665,verde,verde,aleatoria,empate,0,-1,100,0,90,0.0000,0.1000,2414,6,2408,0
364,1589776665,verde,vermelho,reativa,empate,0,-1,100,120,90,1.3333,0.0000,1362,10,1352,0
364,1589776665,verde,azul,heuristica,empate,0,-1,100,180,120,1.5000,0.0250,1404,250,917,237
365,1928754317,vermelho,verde,aleatoria,empate,0,-1,100,0,90,0.0000,0.0202,2283,15,2268,0
365,1928754317,vermelho,vermelho,reativa,empate,0,-1,100,90,120,0.7500,0.0000,203,6,197,0
365,1928754317,vermelho,azul,heuristica,empate,0,-1,100,210,90,2.3333,0.0300,2797,290,2213,294
366,893603869,azul,verde,aleatoria,azul,0,-3,44,0,120,0.0000,0.0000,1026,11,1015,0
366,893603869,azul,vermelho,reativa,azul,0,-3,44,90,120,0.7500,0.0000,100,6,94,0
366,893603869,azul,azul,heuristica,azul,1,3,44,240,90,2.6667,0.0455,1453,248,972,233
367,795826857,verde,verde,aleatoria,empate,0,-1,100,0,120,0.0000,0.0000,542,3,539,0
367,795826857,verde,vermelho,reativa,empate,0,-1,100,120,0,120.0000,0.0600,2287,15,2272,0
367,795826857,verde,azul,heuristica,empate,0,-1,100,0,0,0.0000,0.0300,2468,234,1999,235
368,1170736711,vermelho,verde,aleatoria,empate,0,-1,100,0,0,0.0000,0.0303,2324,2,2322,0
368,1170736711,vermelho,vermelho,reativa,empate,0,-1,100,90,120,0.7500,0.0294,780,6,774,0
368,1170736711,vermelho,azul,heuristica,empate,0,-1,100,120,90,1.3333,0.0300,2238,136,1977,125
369,1599605876,azul,verde,aleatoria,empate,0,-1,100,0,30,0.0000,0.0000,2068,2,2066,0
369,1599605876,azul,vermelho,reativa,empate,0,-1,100,0,0,0.0000,0.0303,1698,0,1698,0
369,1599605876,azul,azul,heuristica,empate,0,-1,100,30,0,30.0000,0.0700,2444,45,2350,49
370,1800712511,verde,verde,aleatoria,empate,0,-1,100,0,120,0.0000,0.0000,2151,7,2144,0
370,1800712511,verde,vermelho,reativa,empate,0,-1,100,0,0,0.0000,0.0300,1857,2,1855,0
370,1800712511,verde,azul,heuristica,empate,0,-1,100,120,0,120.0000,0.1000,2679,164,2344,171
371,645522509,vermelho,verde,aleatoria,azul,0,-3,28,0,120,0.0000,0.0000,315,5,310,0
371,645522509,vermelho,vermelho,reativa,azul,0,-3,28,90,120,0.7500,0.0357,570,7,563,0
371,645522509,vermelho,azul,heuristica,azul,1,3,28,240,90,2.6667,0.0357,1114,247,640,227
372,29313969,azul,verde,aleatoria,empate,0,-1,100,0,0,0.0000,0.0808,2349,11,2338,0
372,29313969,azul,vermelho,reativa,empate,0,-1,100,30,0,30.0000,0.0101,1723,7,1716,0
372,29313969,azul,azul,heuristica,empate,0,-1,100,0,30,0.0000,0.0000,1997,89,1808,100
373,1970357873,verde,verde,aleatoria,empate,0,-1,100,0,90,0.0000,0.1600,2360,11,2349,0
373,1970357873,verde,vermelho,reativa,empate,0,-1,100,80,110,0.7273,0.5000,129,4,125,0
373,1970357873,verde,azul,heuristica,empate,0,-1,100,200,80,2.5000,0.0700,2498,282,1955,261
374,1241645600,vermelho,verde,aleatoria,empate,0,-1,100,0,0,0.0000,0.0000,2123,6,2117,0
374,1241645600,vermelho,vermelho,reativa,empate,0,-1,100,120,90,1.3333,0.0000,1803,10,1793,0
374,1241645600,vermelho,azul,heuristica,empate,0,-1,100,90,120,0.7500,0.1818,476,104,272,100
375,1353653477,azul,verde,aleatoria,empate,0,-1,100,0,0,0.0000,0.1616,2303,2,2301,0
375,1353653477,azul,vermelho,reativa,empate,0,-1,100,0,0,0.0000,0.0707,1806,0,1806,0
375,1353653477,azul,azul,heuristica,empate,0,-1,100,0,0,0.0000,0.0200,1932,49,1833,50
376,722060998,verde,verde,aleatoria,vermelho,0,-3,46,0,120,0.0000,0.0435,1063,11,1052,0
376,722060998,verde,vermelho,reativa,vermelho,1,3,46,240,90,2.6667,0.0000,939,20,919,0
376,722060998,verde,azul,heuristica,vermelho,0,-3,46,90,120,0.7500,0.0000,690,80,536,74
377,946843648,vermelho,verde,aleatoria,azul,0,-3,56,0,120,0.0000,0.0000,1376,5,1371,0
377,946843648,vermelho,vermelho,reativa,azul,0,-3,56,90,120,0.7500,0.0000,512,5,507,0
377,946843648,vermelho,azul,heuristica,azul,1,3,56,240,90,2.6667,0.1071,1715,238,1254,223
378,195273507,azul,verde,aleatoria,empate,0,-1,100,30,90,0.3333,0.0101,2398,16,2382,0
378,195273507,azul,vermelho,reativa,empate,0,-1,100,60,0,60.0000,0.0404,2205,14,2191,0
378,195273507,azul,azul,heuristica,empate,0,-1,100,90,90,1.0000,0.0300,2407,261,1934,212
379,741729714,verde,verde,aleatoria,empate,0,-1,100,0,0,0.0000,0.0000,2115,10,2105,0
379,741729714,verde,vermelho,reativa,empate,0,-1,100,0,0,0.0000,0.0200,1522,2,1520,0
379,741729714,verde,azul,heuristica,empate,0,-1,100,0,0,0.0000,0.0300,1957,22,1910,25
380,1187661710,vermelho,verde,aleatoria,empate,0,-1,100,0,80,0.0000,0.0909,2169,12,2157,0
380,1187661710,vermelho,vermelho,reativa,empate,0,-1,100,110,0,110.0000,0.0100,2171,15,2156,0
380,1187661710,vermelho,azul,heuristica,empate,0,-1,100,0,30,0.0000,0.0100,1592,46,1505,41
381,394963098,azul,verde,aleatoria,empate,0,-1,100,0,60,0.0000,0.0404,2380,17,2363,0
381,394963098,azul,vermelho,reativa,empate,0,-1,100,0,0,0.0000,0.3232,1850,0,1850,0
381,394963098,azul,azul,heuristica,empate,0,-1,100,60,0,60.0000,0.0500,2500,225,2056,219
382,2051369139,verde,verde,aleatoria,azul,0,-3,35,0,120,0.0000,0.0667,369,6,363,0
382,2051369139,verde,vermelho,reativa,azul,0,-3,35,90,120,0.7500,0.0000,653,5,648,0
382,2051369139,verde,azul,heuristica,azul,1,3,35,240,90,2.6667,0.0000,1354,311,749,294
383,1168745499,vermelho,verde,aleatoria,vermelho,0,-3,34,0,120,0.0000,0.0000,818,8,810,0
383,1168745499,vermelho,vermelho,reativa,vermelho,1,3,34,230,90,2.5556,0.1176,653,21,632,0
383,1168745499,vermelho,azul,heuristica,vermelho,0,-3,34,90,110,0.8182,0.2000,445,98,247,100
384,2118575539,azul,verde,aleatoria,empate,0,-1,100,0,120,0.0000,0.0106,2269,13,2256,0
384,2118575539,azul,vermelho,reativa,empate,0,-1,100,60,0,60.0000,0.0404,2021,7,2014,0
384,2118575539,azul,azul,heuristica,empate,0,-1,100,60,0,60.0000,0.0500,2523,107,2298,118
385,441089282,verde,verde,aleatoria,azul,0,-3,32,0,120,0.0000,0.0357,667,11,656,0
385,441089282,verde,vermelho,reativa,azul,0,-3,32,180,120,1.5000,0.0313,625,16,609,0
385,441089282,verde,azul,heuristica,azul,1,3,32,150,90,1.6667,0.0625,1131,192,770,169
386,1667855064,vermelho,verde,aleatoria,empate,0,-1,100,0,0,0.0000,0.0606,2347,0,2347,0
386,1667855064,vermelho,vermelho,reativa,empate,0,-1,100,0,0,0.0000,0.0000,1575,47,1528,0
386,1667855064,vermelho,azul,heuristica,empate,0,-1,100,0,0,0.0000,0.0000,658,3,655,0
387,2017351961,azul,verde,aleatoria,empate,0,-1,100,0,0,0.0000,0.0202,1981,5,1976,0
387,2017351961,azul,vermelho,reativa,empate,0,-1,100,0,0,0.0000,0.0101,1344,6,1338,0
387,2017351961,azul,azul,heuristica,empate,0,-1,100,0,0,0.0000,0.0100,1748,25,1699,24
388,1950536216,verde,verde,aleatoria,empate,0,-1,100,0,60,0.0000,0.0500,2421,5,2416,0
388,1950536216,verde,vermelho,reativa,empate,0,-1,100,180,60,3.0000,0.0300,2096,19,2077,0
388,1950536216,verde,azul,heuristica,empate,0,-1,100,60,120,0.5000,0.0000,936,77,788,71
389,60663468,vermelho,verde,aleatoria,vermelho,0,-3,36,30,120,0.2500,0.0000,667,10,657,0
389,60663468,vermelho,vermelho,reativa,vermelho,1,3,36,70,60,1.1667,0.0556,750,6,744,0
389,60663468,vermelho,azul,heuristica,vermelho,0,-3,36,180,100,1.8000,0.2857,1639,399,837,403
390,1266052967,azul,verde,aleatoria,empate,0,-1,100,0,0,0.0000,0.2121,2120,3,2117,0
390,1266052967,azul,vermelho,reativa,empate,0,-1,100,90,120,0.7500,0.4237,766,9,757,0
390,1266052967,azul,azul,heuristica,empate,0,-1,100,120,90,1.3333,0.0500,2345,99,2158,88
391,553143731,verde,verde,aleatoria,vermelho,0,-3,32,0,120,0.0000,0.0000,805,8,797,0
391,553143731,verde,vermelho,reativa,vermelho,1,3,32,240,90,2.6667,0.0313,594,20,574,0
391,553143731,verde,azul,heuristica,vermelho,0,-3,32,90,120,0.7500,0.1000,947,132,740,75
392,1136855950,vermelho,verde,aleatoria,empate,0,-1,100,0,90,0.0000,0.1717,2428,17,2411,0
392,1136855950,vermelho,vermelho,reativa,empate,0,-1,100,90,120,0.7500,0.0500,410,4,406,0
392,1136855950,vermelho,azul,heuristica,empate,0,-1,100,210,90,2.3333,0.0800,3085,376,2319,390
393,376447012,azul,verde,aleatoria,empate,0,-1,100,0,0,0.0000,0.0808,2331,0,2331,0
393,376447012,azul,vermelho,reativa,empate,0,-1,100,120,60,2.0000,0.0303,2063,7,2056,0
393,376447012,azul,azul,heuristica,empate,0,-1,100,60,120,0.5000,0.0882,930,64,794,72
394,1614578985,verde,verde,aleatoria,vermelho,0,-3,37,0,120,0.0000,0.0000,381,5,376,0
394,1614578985,verde,vermelho,reativa,vermelho,1,3,37,210,90,2.3333,0.0541,756,17,739,0
394,1614578985,verde,azul,heuristica,vermelho,0,-3,37,120,120,1.0000,0.1111,1211,163,877,171
395,865668011,vermelho,verde,aleatoria,empate,0,-1,100,0,0,0.0000,0.0606,2371,0,2371,0
395,865668011,vermelho,vermelho,reativa,empate,0,-1,100,0,0,0.0000,0.0100,1694,3,1691,0
395,865668011,vermelho,azul,heuristica,empate,0,-1,100,0,0,0.0000,0.0300,3242,747,1742,753
396,923755655,azul,verde,aleatoria,empate,0,-1,100,0,120,0.0000,0.2632,464,6,458,0
396,923755655,azul,vermelho,reativa,empate,0,-1,100,0,0,0.0000,0.0707,2101,0,2101,0
396,923755655,azul,azul,heuristica,empate,0,-1,100,120,0,120.0000,0.0300,2477,187,2105,185
397,258776197,verde,verde,aleatoria,azul,0,-3,18,0,120,0.0000,0.0000,281,8,273,0
397,258776197,verde,vermelho,reativa,azul,0,-3,18,90,120,0.7500,0.0000,367,4,363,0
397,258776197,verde,azul,heuristica,azul,1,3,18,240,90,2.6667,0.0000,861,240,397,224
398,1620914435,vermelho,verde,aleatoria,empate,0,-1,100,0,120,0.0000,0.0000,629,8,621,0
398,1620914435,vermelho,vermelho,reativa,empate,0,-1,100,0,0,0.0000,0.0000,1850,2,1848,0
398,1620914435,vermelho,azul,heuristica,empate,0,-1,100,120,0,120.0000,0.0100,2160,117,1935,108
399,1741497087,azul,verde,aleatoria,vermelho,0,-3,94,0,120,0.0000,0.0000,486,11,475,0
399,1741497087,azul,vermelho,reativa,vermelho,1,3,94,210,90,2.3333,0.0753,1911,20,1891,0
399,1741497087,azul,azul,heuristica,vermelho,0,-3,94,120,120,1.0000,0.0753,2490,272,2009,209
400,558524762,verde,verde,aleatoria,vermelho,0,-3,36,0,120,0.0000,0.1765,839,14,825,0
400,558524762,verde,vermelho,reativa,vermelho,1,3,36,180,90,2.0000,0.1111,713,19,694,0
400,558524762,verde,azul,heuristica,vermelho,0,-3,36,150,120,1.2500,0.1143,1165,217,788,160
401,1039082064,vermelho,verde,aleatoria,empate,0,-1,100,0,60,0.0000,0.0202,2145,14,2131,0
401,1039082064,vermelho,vermelho,reativa,empate,0,-1,100,0,0,0.0000,0.0000,1864,10,1854,0
401,1039082064,vermelho,azul,heuristica,empate,0,-1,100,60,0,60.0000,0.0400,2237,150,1954,133
402,902252012,azul,verde,aleatoria,empate,0,-1,100,0,120,0.0000,0.0000,405,5,400,0
402,902252012,azul,vermelho,reativa,empate,0,-1,100,0,0,0.0000,0.0707,2238,1,2237,0
402,902252012,azul,azul,heuristica,empate,0,-1,100,120,0,120.0000,0.0100,2206,182,1849,175
403,1638510092,verde,verde,aleatoria,empate,0,-1,100,0,0,0.0000,0.0000,2251,1,2250,0
403,1638510092,verde,vermelho,reativa,empate,0,-1,100,0,0,0.0000,0.0000,1273,0,1273,0
403,1638510092,verde,azul,heuristica,empate,0,-1,100,0,0,0.0000,0.0000,1906,0,1906,0
404,697931922,vermelho,verde,aleatoria,empate,0,-1,100,0,30,0.0000,0.0505,2294,6,2288,0
404,697931922,vermelho,vermelho,reativa,empate,0,-1,100,150,60,2.5000,0.0300,2301,15,2286,0
404,697931922,vermelho,azul,heuristica,empate,0,-1,100,60,120,0.5000,0.0000,319,70,179,70
405,148352726,azul,verde,aleatoria,verde,1,3,52,30,30,1.0000,0.0000,1176,4,1172,0
405,148352726,azul,vermelho,reativa,verde,0,-3,52,90,120,0.7500,0.2381,438,4,434,0
405,148352726,azul,azul,heuristica,verde,0,-3,52,150,120,1.2500,0.0588,1303,135,1043,125
406,1423957648,verde,verde,aleatoria,vermelho,0,-3,19,30,120,0.2500,0.0000,203,5,198,0
406,1423957648,verde,vermelho,reativa,vermelho,1,3,19,90,30,3.0000,0.1053,379,6,373,0
406,1423957648,verde,azul,heuristica,vermelho,0,-3,19,150,120,1.2500,0.0000,754,166,425,163
407,1350537079,vermelho,verde,aleatoria,empate,0,-1,100,0,60,0.0000,0.0000,2331,21,2310,0
407,1350537079,vermelho,vermelho,reativa,empate,0,-1,100,60,0,60.0000,0.0000,2014,17,1997,0
407,1350537079,vermelho,azul,heuristica,empate,0,-1,100,0,0,0.0000,0.0100,1664,0,1664,0
408,614268430,azul,verde,aleatoria,empate,0,-1,100,0,60,0.0000,0.0505,2262,21,2241,0
408,614268430,azul,vermelho,reativa,empate,0,-1,100,120,90,1.3333,0.0202,1975,14,1961,0
408,614268430,azul,azul,heuristica,empate,0,-1,100,150,120,1.2500,0.0000,1712,163,1398,151
409,1044670401,verde,verde,aleatoria,empate,0,-1,100,0,30,0.0000,0.0400,2427,8,2419,0
409,1044670401,verde,vermelho,reativa,empate,0,-1,100,0,0,0.0000,0.0000,1860,0,1860,0
409,1044670401,verde,azul,heuristica,empate,0,-1,100,30,0,30.0000,0.0100,2323,133,2043,147
410,73927817,vermelho,verde,aleatoria,vermelho,0,-3,55,0,120,0.0000,0.0909,539,6,533,0
410,73927817,vermelho,vermelho,reativa,vermelho,1,3,55,120,60,2.0000,0.0727,1190,10,1180,0
410,73927817,vermelho,azul,heuristica,vermelho,0,-3,55,180,120,1.5000,0.2407,1537,210,1131,196
411,1599316740,azul,verde,aleatoria,azul,0,-3,93,0,120,0.0000,0.1685,2240,32,2208,0
411,1599316740,azul,vermelho,reativa,azul,0,-3,93,150,120,1.2500,0.0109,2051,22,2029,0
411,1599316740,azul,azul,heuristica,azul,1,3,93,180,90,2.0000,0.0645,2631,261,2145,225
412,728730537,verde,verde,aleatoria,empate,0,-1,100,0,30,0.0000,0.0000,2374,5,2369,0
412,728730537,verde,vermelho,reativa,empate,0,-1,100,90,120,0.7500,0.0000,393,8,385,0
412,728730537,verde,azul,heuristica,empate,0,-1,100,150,90,1.6667,0.0200,2351,223,1896,232
413,769613667,vermelho,verde,aleatoria,empate,0,-1,100,0,0,0.0000,0.0000,2084,3,2081,0
413,769613667,vermelho,vermelho,reativa,empate,0,-1,100,120,30,4.0000,0.0100,2153,16,2137,0
413,769613667,vermelho,azul,heuristica,empate,0,-1,100,30,120,0.2500,0.0270,965,67,830,68
414,701710304,azul,verde,aleatoria,empate,0,-1,100,0,120,0.0000,0.0000,156,6,150,0
414,701710304,azul,vermelho,reativa,empate,0,-1,100,0,0,0.0000,0.0000,1884,43,1841,0
414,701710304,azul,azul,heuristica,empate,0,-1,100,120,0,120.0000,0.0100,2286,202,1935,149
415,2146003900,verde,verde,aleatoria,empate,0,-1,100,0,0,0.0000,0.0700,2260,1,2259,0
415,2146003900,verde,vermelho,reativa,empate,0,-1,100,90,120,0.7500,0.0000,106,6,100,0
415,2146003900,verde,azul,heuristica,empate,0,-1,100,120,90,1.3333,0.0100,1901,99,1710,92
416,1585576561,vermelho,verde,aleatoria,azul,0,-3,36,0,120,0.0000,0.0000,872,12,860,0
416,1585576561,vermelho,vermelho,reativa,azul,0,-3,36,150,120,1.2500,0.0500,381,13,368,0
416,1585576561,vermelho,azul,heuristica,azul,1,3,36,180,90,2.0000,0.0278,1499,335,889,275
417,1048996951,azul,verde,aleatoria,empate,0,-1,100,0,0,0.0000,0.0101,2169,0,2169,0
417,1048996951,azul,vermelho,reativa,empate,0,-1,100,120,60,2.0000,0.0606,2227,9,2218,0
417,1048996951,azul,azul,heuristica,empate,0,-1,100,60,120,0.5000,0.1250,762,112,532,118
418,614909108,verde,verde,aleatoria,azul,0,-3,59,0,120,0.0000,0.0508,1334,9,1325,0
418,614909108,verde,vermelho,reativa,azul,0,-3,59,90,120,0.7500,0.0500,387,5,382,0
418,614909108,verde,azul,heuristica,azul,1,3,59,240,90,2.6667,0.0847,1944,297,1359,288
419,1906067081,vermelho,verde,aleatoria,vermelho,0,-3,47,0,120,0.0000,0.0000,403,5,398,0
419,1906067081,vermelho,vermelho,reativa,vermelho,1,3,47,240,60,4.0000,0.0000,990,28,962,0
419,1906067081,vermelho,azul,heuristica,vermelho,0,-3,47,60,120,0.5000,0.0000,1297,115,1068,114
420,974694883,azul,verde,aleatoria,azul,0,-3,36,0,120,0.0000,0.0286,815,11,804,0
420,974694883,azul,vermelho,reativa,azul,0,-3,36,120,120,1.0000,0.0357,520,13,507,0
420,974694883,azul,azul,heuristica,azul,1,3,36,210,90,2.3333,0.0000,1369,297,845,227
421,277475170,verde,verde,aleatoria,empate,0,-1,100,0,30,0.0000,0.0600,2295,6,2289,0
421,277475170,verde,vermelho,reativa,empate,0,-1,100,90,120,0.7500,0.0000,254,5,249,0
421,277475170,verde,azul,heuristica,empate,0,-1,100,150,90,1.6667,0.0000,2445,246,1951,248
422,148424731,vermelho,verde,aleatoria,azul,0,-3,51,0,120,0.0000,0.0000,1184,18,1166,0
422,148424731,vermelho,vermelho,reativa,azul,0,-3,51,90,120,0.7500,0.0000,343,7,336,0
422,148424731,vermelho,azul,heuristica,azul,1,3,51,240,90,2.6667,0.0000,1841,335,1197,309
423,604743709,azul,verde,aleatoria,vermelho,0,-3,12,30,120,0.2500,0.0000,130,5,125,0
423,604743709,azul,vermelho,reativa,vermelho,1,3,12,120,90,1.3333,0.0000,182,8,174,0
423,604743709,azul,azul,heuristica,vermelho,0,-3,12,180,120,1.5000,0.0909,634,184,275,175
424,838363468,verde,verde,aleatoria,empate,0,-1,100,0,0,0.0000,0.0000,2280,2,2278,0
424,838363468,verde,vermelho,reativa,empate,0,-1,100,0,0,0.0000,0.0000,1859,0,1859,0
424,838363468,verde,azul,heuristica,empate,0,-1,100,0,0,0.0000,0.0100,1854,2,1852,0
425,1461119760,vermelho,verde,aleatoria,empate,0,-1,100,0,0,0.0000,0.2323,2194,18,2176,0
425,1461119760,vermelho,vermelho,reativa,empate,0,-1,100,120,90,1.3333,0.0200,1763,22,1741,0
425,1461119760,vermelho,azul,heuristica,empate,0,-1,100,90,120,0.7500,0.0000,678,97,488,93
426,2054000186,azul,verde,aleatoria,azul,0,-3,32,0,120,0.0000,0.1250,502,5,497,0
426,2054000186,azul,vermelho,reativa,azul,0,-3,32,210,120,1.7500,0.0323,559,14,545,0
426,2054000186,azul,azul,heuristica,azul,1,3,32,120,90,1.3333,0.0625,1061,143,762,156
427,1470480063,verde,verde,aleatoria,azul,0,-3,49,0,120,0.0000,0.0000,837,17,820,0
427,1470480063,verde,vermelho,reativa,azul,0,-3,49,210,120,1.7500,0.0408,1040,23,1017,0
427,1470480063,verde,azul,heuristica,azul,1,3,49,120,90,1.3333,0.0612,1462,168,1125,169
428,766136782,vermelho,verde,aleatoria,empate,0,-1,100,0,0,0.0000,0.0808,2188,0,2188,0
428,766136782,vermelho,vermelho,reativa,empate,0,-1,100,0,0,0.0000,0.0000,1798,0,1798,0
428,766136782,vermelho,azul,heuristica,empate,0,-1,100,0,0,0.0000,0.0100,1819,0,1819,0
429,372718935,azul,verde,aleatoria,azul,0,-3,53,0,100,0.0000,0.1154,1266,9,1257,0
429,372718935,azul,vermelho,reativa,azul,0,-3,53,130,120,1.0833,0.1515,681,12,669,0
429,372718935,azul,azul,heuristica,azul,1,3,53,180,90,2.0000,0.0566,1582,176,1245,161
430,2045200466,verde,verde,aleatoria,empate,0,-1,100,0,0,0.0000,0.0200,2397,0,2397,0
430,2045200466,verde,vermelho,reativa,empate,0,-1,100,90,120,0.7500,0.0000,55,6,49,0
430,2045200466,verde,azul,heuristica,empate,0,-1,100,120,90,1.3333,0.0200,1759,108,1551,100
431,1900958049,vermelho,verde,aleatoria,empate,0,-1,100,0,0,0.0000,0.0000,2309,0,2309,0
431,1900958049,vermelho,vermelho,reativa,empate,0,-1,100,90,120,0.7500,0.1429,95,5,90,0
431,1900958049,vermelho,azul,heuristica,empate,0,-1,100,120,90,1.3333,0.0000,2042,98,1854,90
432,1317230616,azul,verde,aleatoria,empate,0,-1,100,0,120,0.0000,0.0000,1216,12,1204,0
432,1317230616,azul,vermelho,reativa,empate,0,-1,100,0,0,0.0000,0.0606,2380,3,2377,0
432,1317230616,azul,azul,heuristica,empate,0,-1,100,120,0,120.0000,0.0400,2768,225,2298,245
433,1343244560,verde,verde,aleatoria,empate,0,-1,100,30,120,0.2500,0.0000,302,3,299,0
433,1343244560,verde,vermelho,reativa,empate,0,-1,100,0,0,0.0000,0.9900,1468,0,1468,0
433,1343244560,verde,azul,heuristica,empate,0,-1,100,120,30,4.0000,0.0300,1910,120,1678,112
434,784401889,vermelho,verde,aleatoria,empate,0,-1,100,0,0,0.0000,0.0000,2283,15,2268,0
434,784401889,vermelho,vermelho,reativa,empate,0,-1,100,0,0,0.0000,0.0000,1509,0,1509,0
434,784401889,vermelho,azul,heuristica,empate,0,-1,100,0,0,0.0000,0.0100,1259,18,1241,0
435,1579403662,azul,verde,aleatoria,empate,0,-1,100,0,120,0.0000,0.0000,146,5,141,0
435,1579403662,azul,vermelho,reativa,empate,0,-1,100,0,0,0.0000,0.0505,1906,4,1902,0
435,1579403662,azul,azul,heuristica,empate,0,-1,100,120,0,120.0000,0.0000,1885,112,1674,99
436,1577216255,verde,verde,aleatoria,empate,0,-1,100,0,0,0.0000,0.1100,2383,12,2371,0
436,1577216255,verde,vermelho,reativa,empate,0,-1,100,90,120,0.7500,0.0000,456,9,447,0
436,1577216255,verde,azul,heuristica,empate,0,-1,100,120,90,1.3333,0.1100,2645,200,2239,206
437,1215591661,vermelho,verde,aleatoria,empate,0,-1,100,30,120,0.2500,0.0000,1888,43,1845,0
437,1215591661,vermelho,vermelho,reativa,empate,0,-1,100,120,30,4.0000,0.0300,2335,28,2307,0
437,1215591661,vermelho,azul,heuristica,empate,0,-1,100,0,0,0.0000,0.0400,2421,55,2300,66
438,2129381150,azul,verde,aleatoria,empate,0,-1,100,0,60,0.0000,0.0505,2406,10,2396,0
438,2129381150,azul,vermelho,reativa,empate,0,-1,100,60,0,60.0000,0.0404,2178,8,2170,0
438,2129381150,azul,azul,heuristica,empate,0,-1,100,0,0,0.0000,0.0200,1696,23,1653,20
439,200211642,verde,verde,aleatoria,empate,0,-1,100,0,60,0.0000,0.1300,2338,8,2330,0
439,200211642,verde,vermelho,reativa,empate,0,-1,100,120,60,2.0000,0.0100,1576,9,1567,0
439,200211642,verde,azul,heuristica,empate,0,-1,100,120,120,1.0000,0.0930,1350,195,963,192
440,739759482,vermelho,verde,aleatoria,azul,0,-3,33,30,120,0.2500,0.0000,745,9,736,0
440,739759482,vermelho,vermelho,reativa,azul,0,-3,33,120,120,1.0000,0.0606,726,17,709,0
440,739759482,vermelho,azul,heuristica,azul,1,3,33,180,90,2.0000,0.0303,1358,318,794,246
441,571873306,azul,verde,aleatoria,empate,0,-1,100,0,90,0.0000,0.0101,2343,5,2338,0
441,571873306,azul,vermelho,reativa,empate,0,-1,100,210,90,2.3333,0.0303,1589,22,1567,0
441,571873306,azul,azul,heuristica,empate,0,-1,100,90,120,0.7500,0.0667,1099,60,986,53
442,1141555388,verde,verde,aleatoria,vermelho,0,-3,57,0,120,0.0000,0.0000,1329,13,1316,0
442,1141555388,verde,vermelho,reativa,vermelho,1,3,57,180,60,3.0000,0.0175,1126,20,1106,0
442,1141555388,verde,azul,heuristica,vermelho,0,-3,57,120,120,1.0000,0.0606,1032,177,707,148
443,1737235775,vermelho,verde,aleatoria,azul,0,-3,90,0,120,0.0000,0.0112,2155,12,2143,0
443,1737235775,vermelho,vermelho,reativa,azul,0,-3,90,90,120,0.7500,0.0571,1615,13,1602,0
443,1737235775,vermelho,azul,heuristica,azul,1,3,90,240,90,2.6667,0.2556,2543,311,1916,316
444,1019163322,azul,verde,aleatoria,empate,0,-1,100,0,40,0.0000,0.0202,2388,8,2380,0
444,1019163322,azul,vermelho,reativa,empate,0,-1,100,0,0,0.0000,0.0404,1913,6,1907,0
444,1019163322,azul,azul,heuristica,empate,0,-1,100,40,0,40.0000,0.0100,2523,97,2326,100
445,1477330786,verde,verde,aleatoria,vermelho,0,-3,31,30,120,0.2500,0.0000,330,5,325,0
445,1477330786,verde,vermelho,reativa,vermelho,1,3,31,90,90,1.0000,0.0968,530,5,525,0
445,1477330786,verde,azul,heuristica,vermelho,0,-3,31,210,120,1.7500,0.2000,1167,228,721,218
446,744905077,vermelho,verde,aleatoria,empate,0,-1,100,0,0,0.0000,0.0101,2393,3,2390,0
446,744905077,vermelho,vermelho,reativa,empate,0,-1,100,0,0,0.0000,0.0100,1679,0,1679,0
446,744905077,vermelho,azul,heuristica,empate,0,-1,100,0,0,0.0000,0.0000,1720,2,1718,0
447,1994270146,azul,verde,aleatoria,empate,0,-1,100,0,120,0.0000,0.0923,1552,20,1532,0
447,1994270146,azul,vermelho,reativa,empate,0,-1,100,0,0,0.0000,0.0101,1864,1,1863,0
447,1994270146,azul,azul,heuristica,empate,0,-1,100,120,0,120.0000,0.0100,1521,135,1261,125
448,164773497,verde,verde,aleatoria,azul,0,-3,63,0,120,0.0000,0.0476,1495,11,1484,0
448,164773497,verde,vermelho,reativa,azul,0,-3,63,120,120,1.0000,0.0169,1285,15,1270,0
448,164773497,verde,azul,heuristica,azul,1,3,63,210,90,2.3333,0.0476,1915,327,1325,263
449,1649528846,vermelho,verde,aleatoria,vermelho,0,-3,20,0,120,0.0000,0.0000,271,7,264,0
449,1649528846,vermelho,vermelho,reativa,vermelho,1,3,20,120,90,1.3333,0.0000,393,6,387,0
449,1649528846,vermelho,azul,heuristica,vermelho,0,-3,20,210,120,1.7500,0.0526,865,210,460,195
450,8261800,azul,verde,aleatoria,empate,0,-1,100,0,0,0.0000,0.0707,2188,3,2185,0
450,8261800,azul,vermelho,reativa,empate,0,-1,100,90,120,0.7500,0.0250,915,8,907,0
450,8261800,azul,azul,heuristica,empate,0,-1,100,120,90,1.3333,0.0600,2653,134,2395,124
451,1520873105,verde,verde,aleatoria,empate,0,-1,100,0,90,0.0000,0.0300,2497,7,2490,0
451,1520873105,verde,vermelho,reativa,empate,0,-1,100,90,120,0.7500,0.0000,104,4,100,0
451,1520873105,verde,azul,heuristica,empate,0,-1,100,210,90,2.3333,0.0300,2769,232,2316,221
452,189695113,vermelho,verde,aleatoria,empate,0,-1,100,0,30,0.0000,0.0707,2354,20,2334,0
452,189695113,vermelho,vermelho,reativa,empate,0,-1,100,90,120,0.7500,0.0857,1532,15,1517,0
452,189695113,vermelho,azul,heuristica,empate,0,-1,100,150,90,1.6667,0.1700,2682,225,2225,232
453,2050012462,azul,verde,aleatoria,empate,0,-1,100,0,30,0.0000,0.1313,2376,12,2364,0
453,2050012462,azul,vermelho,reativa,empate,0,-1,100,150,60,2.5000,0.0303,2107,15,2092,0
453,2050012462,azul,azul,heuristica,empate,0,-1,100,60,120,0.5000,0.1875,978,142,694,142
454,105099442,verde,verde,aleatoria,empate,0,-1,100,0,90,0.0000,0.0500,2318,11,2307,0
454,105099442,verde,vermelho,reativa,empate,0,-1,100,90,0,90.0000,0.0000,2000,13,1987,0
454,105099442,verde,azul,heuristica,empate,0,-1,100,0,0,0.0000,0.0000,1943,0,1943,0
455,898790568,vermelho,verde,aleatoria,vermelho,0,-3,93,0,120,0.0000,0.0256,939,10,929,0
455,898790568,vermelho,vermelho,reativa,vermelho,1,3,93,180,90,2.0000,0.0430,2143,17,2126,0
455,898790568,vermelho,azul,heuristica,vermelho,0,-3,93,150,120,1.2500,0.0870,2798,317,2181,300
456,2054871234,azul,verde,aleatoria,empate,0,-1,100,0,120,0.0000,0.0000,1026,17,1009,0
456,2054871234,azul,vermelho,reativa,empate,0,-1,100,30,0,30.0000,0.0404,2301,15,2286,0
456,2054871234,azul,azul,heuristica,empate,0,-1,100,90,0,90.0000,0.0100,2560,162,2242,156
457,567165131,verde,verde,aleatoria,empate,0,-1,100,0,120,0.0000,0.0115,2005,9,1996,0
457,567165131,verde,vermelho,reativa,empate,0,-1,100,0,0,0.0000,0.0000,1732,1,1731,0
457,567165131,verde,azul,heuristica,empate,0,-1,100,120,0,120.0000,0.0600,2529,252,2031,246
458,1506506545,vermelho,verde,aleatoria,empate,0,-1,100,0,60,0.0000,0.0101,2174,9,2165,0
458,1506506545,vermelho,vermelho,reativa,empate,0,-1,100,150,60,2.5000,0.0600,2129,14,2115,0
458,1506506545,vermelho,azul,heuristica,empate,0,-1,100,90,120,0.7500,0.1346,1643,196,1229,218
459,338695334,azul,verde,aleatoria,empate,0,-1,100,0,120,0.0000,0.0476,2021,15,2006,0
459,338695334,azul,vermelho,reativa,empate,0,-1,100,60,0,60.0000,0.0000,2147,9,2138,0
459,338695334,azul,azul,heuristica,empate,0,-1,100,90,30,3.0000,0.0300,2625,116,2388,121
460,369462903,verde,verde,aleatoria,azul,0,-3,11,30,120,0.2500,0.0000,232,7,225,0
460,369462903,verde,vermelho,reativa,azul,0,-3,11,90,120,0.7500,0.2727,201,7,194,0
460,369462903,verde,azul,heuristica,azul,1,3,11,180,60,3.0000,0.0000,665,230,263,172
461,1639586025,vermelho,verde,aleatoria,empate,0,-1,100,0,0,0.0000,0.0000,2211,10,2201,0
461,1639586025,vermelho,vermelho,reativa,empate,0,-1,100,120,60,2.0000,0.0400,2243,9,2234,0
461,1639586025,vermelho,azul,heuristica,empate,0,-1,100,60,120,0.5000,0.0714,535,96,339,100
462,1094686237,azul,verde,aleatoria,empate,0,-1,100,0,0,0.0000,0.0000,2275,0,2275,0
462,1094686237,azul,vermelho,reativa,empate,0,-1,100,120,90,1.3333,0.0101,2021,7,2014,0
462,1094686237,azul,azul,heuristica,empate,0,-1,100,90,120,0.7500,0.0000,445,89,273,83
463,616728145,verde,verde,aleatoria,empate,0,-1,100,0,0,0.0000,0.0200,2384,7,2377,0
463,616728145,verde,vermelho,reativa,empate,0,-1,100,0,0,0.0000,0.0100,1998,3,1995,0
463,616728145,verde,azul,heuristica,empate,0,-1,100,0,0,0.0000,0.0000,1950,0,1950,0
464,1665972581,vermelho,verde,aleatoria,empate,0,-1,100,0,90,0.0000,0.0505,2273,16,2257,0
464,1665972581,vermelho,vermelho,reativa,empate,0,-1,100,210,90,2.3333,0.0200,2174,22,2152,0
464,1665972581,vermelho,azul,heuristica,empate,0,-1,100,90,120,0.7500,0.0000,1120,98,933,89
465,1342328242,azul,verde,aleatoria,empate,0,-1,100,0,120,0.0000,0.0833,1280,6,1274,0
465,1342328242,azul,vermelho,reativa,empate,0,-1,100,30,30,1.0000,0.0404,1993,10,1983,0
465,1342328242,azul,azul,heuristica,empate,0,-1,100,150,30,5.0000,0.0500,2462,167,2130,165
466,1649972298,verde,verde,aleatoria,empate,0,-1,100,0,120,0.0000,0.0714,693,13,680,0
466,1649972298,verde,vermelho,reativa,empate,0,-1,100,120,0,120.0000,0.0100,1743,18,1725,0
466,1649972298,verde,azul,heuristica,empate,0,-1,100,0,0,0.0000,0.0000,1377,29,1324,24
467,2086780469,vermelho,verde,aleatoria,empate,0,-1,100,0,0,0.0000,0.0303,2346,5,2341,0
467,2086780469,vermelho,vermelho,reativa,empate,0,-1,100,120,90,1.3333,0.0000,1398,8,1390,0
467,2086780469,vermelho,azul,heuristica,empate,0,-1,100,90,120,0.7500,0.1111,346,81,191,74
468,1112072917,azul,verde,aleatoria,empate,0,-1,100,30,120,0.2500,0.1134,2225,12,2213,0
468,1112072917,azul,vermelho,reativa,empate,0,-1,100,120,30,4.0000,0.0505,2246,14,2232,0
468,1112072917,azul,azul,heuristica,empate,0,-1,100,0,0,0.0000,0.0000,1049,3,1046,0
469,223052448,verde,verde,aleatoria,empate,0,-1,100,0,0,0.0000,0.0100,2346,3,2343,0
469,223052448,verde,vermelho,reativa,empate,0,-1,100,120,60,2.0000,0.0000,1945,12,1933,0
469,223052448,verde,azul,heuristica,empate,0,-1,100,60,120,0.5000,0.0000,325,83,165,77
470,1629194997,vermelho,verde,aleatoria,empate,0,-1,100,0,10,0.0000,0.0303,2327,7,2320,0
470,1629194997,vermelho,vermelho,reativa,empate,0,-1,100,10,0,10.0000,0.2700,1946,9,1937,0
470,1629194997,vermelho,azul,heuristica,empate,0,-1,100,0,0,0.0000,0.0000,1270,2,1268,0
471,2020547047,azul,verde,aleatoria,vermelho,0,-3,37,0,120,0.0000,0.0000,686,9,677,0
471,2020547047,azul,vermelho,reativa,vermelho,1,3,37,240,60,4.0000,0.0000,612,22,590,0
471,2020547047,azul,azul,heuristica,vermelho,0,-3,37,60,120,0.5000,0.0278,1176,189,833,154
472,1561709938,verde,verde,aleatoria,empate,0,-1,100,0,0,0.0000,0.0100,2299,3,2296,0
472,1561709938,verde,vermelho,reativa,empate,0,-1,100,0,0,0.0000,0.0500,1997,6,1991,0
472,1561709938,verde,azul,heuristica,empate,0,-1,100,0,0,0.0000,0.0000,1814,16,1784,14
473,34472910,vermelho,verde,aleatoria,empate,0,-1,100,0,0,0.0000,0.0000,2120,0,2120,0
473,34472910,vermelho,vermelho,reativa,empate,0,-1,100,90,120,0.7500,0.0000,113,6,107,0
473,34472910,vermelho,azul,heuristica,empate,0,-1,100,120,90,1.3333,0.0100,2232,134,1973,125
474,1889495832,azul,verde,aleatoria,empate,0,-1,100,60,120,0.5000,0.0357,676,17,659,0
474,1889495832,azul,vermelho,reativa,empate,0,-1,100,30,30,1.0000,0.0101,1801,7,1794,0
474,1889495832,azul,azul,heuristica,empate,0,-1,100,90,30,3.0000,0.0200,2203,112,1978,113
475,2075334735,verde,verde,aleatoria,empate,0,-1,100,0,0,0.0000,0.0400,2353,4,2349,0
475,2075334735,verde,vermelho,reativa,empate,0,-1,100,0,0,0.0000,0.4900,1858,0,1858,0
475,2075334735,verde,azul,heuristica,empate,0,-1,100,0,0,0.0000,0.0000,1738,4,1734,0
476,518344282,vermelho,verde,aleatoria,empate,0,-1,100,0,0,0.0000,0.0000,2306,0,2306,0
476,518344282,vermelho,vermelho,reativa,empate,0,-1,100,100,60,1.6667,0.0700,2200,7,2193,0
476,518344282,vermelho,azul,heuristica,empate,0,-1,100,60,100,0.6000,0.4444,430,105,225,100
477,664865225,azul,verde,aleatoria,vermelho,0,-3,74,0,120,0.0000,0.0227,963,11,952,0
477,664865225,azul,vermelho,reativa,vermelho,1,3,74,130,90,1.4444,0.0137,1550,14,1536,0
477,664865225,azul,azul,heuristica,vermelho,0,-3,74,180,100,1.8000,0.1370,2401,311,1752,338
478,1713655207,verde,verde,aleatoria,empate,0,-1,100,0,100,0.0000,0.1176,782,10,772,0
478,1713655207,verde,vermelho,reativa,empate,0,-1,100,30,0,30.0000,0.1100,2302,4,2298,0
478,1713655207,verde,azul,heuristica,empate,0,-1,100,100,30,3.3333,0.1200,2381,134,2104,143
479,927898304,vermelho,verde,aleatoria,azul,0,-3,31,0,120,0.0000,0.0400,597,12,585,0
479,927898304,vermelho,vermelho,reativa,azul,0,-3,31,210,120,1.7500,0.0323,612,23,589,0
479,927898304,vermelho,azul,heuristica,azul,1,3,31,120,90,1.3333,0.0000,929,150,642,137
480,512606905,azul,verde,aleatoria,empate,0,-1,100,0,0,0.0000,0.0303,2339,1,2338,0
480,512606905,azul,vermelho,reativa,empate,0,-1,100,50,120,0.4167,0.6667,108,8,100,0
480,512606905,azul,azul,heuristica,empate,0,-1,100,120,50,2.4000,0.0800,2346,190,1982,174
481,741330521,verde,verde,aleatoria,empate,0,-1,100,30,60,0.5000,0.0000,2330,19,2311,0
481,741330521,verde,vermelho,reativa,empate,0,-1,100,90,0,90.0000,0.0500,2072,16,2056,0
481,741330521,verde,azul,heuristica,empate,0,-1,100,0,60,0.0000,0.0500,2330,127,2116,87
482,1245569230,vermelho,verde,aleatoria,empate,0,-1,100,0,0,0.0000,0.0303,2390,0,2390,0
482,1245569230,vermelho,vermelho,reativa,empate,0,-1,100,0,0,0.0000,0.0200,1864,3,1861,0
482,1245569230,vermelho,azul,heuristica,empate,0,-1,100,0,0,0.0000,0.0200,1692,47,1645,0
483,1772636271,azul,verde,aleatoria,empate,0,-1,100,0,0,0.0000,0.0000,2191,7,2184,0
483,1772636271,azul,vermelho,reativa,empate,0,-1,100,80,100,0.8000,0.3077,560,6,554,0
483,1772636271,azul,azul,heuristica,empate,0,-1,100,100,80,1.2500,0.0700,2294,151,1993,150
484,439522726,verde,verde,aleatoria,empate,0,-1,100,0,0,0.0000,0.0200,2356,5,2351,0
484,439522726,verde,vermelho,reativa,empate,0,-1,100,120,90,1.3333,0.0100,1955,12,1943,0
484,439522726,verde,azul,heuristica,empate,0,-1,100,90,120,0.7500,0.1591,1317,136,1033,148
485,1210558033,vermelho,verde,aleatoria,empate,0,-1,100,0,120,0.0000,0.0938,810,11,799,0
485,1210558033,vermelho,vermelho,reativa,empate,0,-1,100,90,0,90.0000,0.0200,1950,12,1938,0
485,1210558033,vermelho,azul,heuristica,empate,0,-1,100,30,0,30.0000,0.0300,2564,72,2417,75
486,1816776073,azul,verde,aleatoria,empate,0,-1,100,0,120,0.0000,0.0000,812,14,798,0
486,1816776073,azul,vermelho,reativa,empate,0,-1,100,0,0,0.0000,0.0202,1854,1,1853,0
486,1816776073,azul,azul,heuristica,empate,0,-1,100,120,0,120.0000,0.0600,2882,247,2393,242
487,808127244,verde,verde,aleatoria,empate,0,-1,100,0,120,0.0000,0.0000,734,5,729,0
487,808127244,verde,vermelho,reativa,empate,0,-1,100,0,0,0.0000,0.0300,1760,1,1759,0
487,808127244,verde,azul,heuristica,empate,0,-1,100,120,0,120.0000,0.0400,2705,158,2399,148
488,69747369,vermelho,verde,aleatoria,azul,0,-3,33,0,120,0.0000,0.0333,746,7,739,0
488,69747369,vermelho,vermelho,reativa,azul,0,-3,33,150,120,1.2500,0.0909,628,15,613,0
488,69747369,vermelho,azul,heuristica,azul,1,3,33,180,90,2.0000,0.0909,1369,331,780,258
489,1668374150,azul,verde,aleatoria,vermelho,0,-3,42,30,110,0.2727,0.1250,205,5,200,0
489,1668374150,azul,vermelho,reativa,vermelho,1,3,42,90,60,1.5000,0.0244,884,5,879,0
489,1668374150,azul,azul,heuristica,vermelho,0,-3,42,170,120,1.4167,0.1220,1581,319,946,316
490,1304348503,verde,verde,aleatoria,verde,1,3,32,30,60,0.5000,0.0000,740,11,729,0
490,1304348503,verde,vermelho,reativa,verde,0,-3,32,150,120,1.2500,0.0000,636,19,617,0
490,1304348503,verde,azul,heuristica,verde,0,-3,32,120,120,1.0000,0.0000,880,238,418,224
491,133541920,vermelho,verde,aleatoria,empate,0,-1,100,0,0,0.0000,0.0707,2369,6,2363,0
491,133541920,vermelho,vermelho,reativa,empate,0,-1,100,30,0,30.0000,0.0700,2078,7,2071,0
491,133541920,vermelho,azul,heuristica,empate,0,-1,100,0,30,0.0000,0.0200,2074,103,1866,105
492,1603595673,azul,verde,aleatoria,empate,0,-1,100,0,90,0.0000,0.0505,2347,15,2332,0
492,1603595673,azul,vermelho,reativa,empate,0,-1,100,120,90,1.3333,0.0000,1630,8,1622,0
492,1603595673,azul,azul,heuristica,empate,0,-1,100,180,120,1.5000,0.0370,977,193,601,183
493,1118675268,verde,verde,aleatoria,vermelho,0,-3,46,0,120,0.0000,0.0606,813,9,804,0
493,1118675268,verde,vermelho,reativa,vermelho,1,3,46,120,90,1.3333,0.0217,1027,10,1017,0
493,1118675268,verde,azul,heuristica,vermelho,0,-3,46,210,120,1.7500,0.0667,1425,215,1006,204
494,1097557813,vermelho,verde,aleatoria,empate,0,-1,100,60,120,0.5000,0.0189,1181,28,1153,0
494,1097557813,vermelho,vermelho,reativa,empate,0,-1,100,120,60,2.0000,0.0000,1841,27,1814,0
494,1097557813,vermelho,azul,heuristica,empate,0,-1,100,0,0,0.0000,0.7900,1558,2,1556,0
495,1791619833,azul,verde,aleatoria,verde,1,3,26,30,90,0.3333,0.0000,618,4,614,0
495,1791619833,azul,vermelho,reativa,verde,0,-3,26,90,120,0.7500,0.0000,195,4,191,0
495,1791619833,azul,azul,heuristica,verde,0,-3,26,210,120,1.7500,0.0000,1192,306,597,289
496,1967010406,verde,verde,aleatoria,empate,0,-1,100,60,120,0.5000,0.1538,333,8,325,0
496,1967010406,verde,vermelho,reativa,empate,0,-1,100,0,0,0.0000,0.0100,1677,0,1677,0
496,1967010406,verde,azul,heuristica,empate,0,-1,100,120,60,2.0000,0.0100,1716,165,1393,158
497,717339568,vermelho,verde,aleatoria,azul,0,-3,42,0,120,0.0000,0.0000,503,5,498,0
497,717339568,vermelho,vermelho,reativa,azul,0,-3,42,210,120,1.7500,0.0000,865,16,849,0
497,717339568,vermelho,azul,heuristica,azul,1,3,42,120,90,1.3333,0.0238,1262,131,1008,123
498,671962700,azul,verde,aleatoria,empate,0,-1,100,0,0,0.0000,0.1212,2139,0,2139,0
498,671962700,azul,vermelho,reativa,empate,0,-1,100,120,60,2.0000,0.0000,1844,7,1837,0
498,671962700,azul,azul,heuristica,empate,0,-1,100,60,120,0.5000,0.0833,735,77,585,73
499,718487412,verde,verde,aleatoria,empate,0,-1,100,0,110,0.0000,0.0313,768,6,762,0
499,718487412,verde,vermelho,reativa,empate,0,-1,100,0,0,0.0000,0.0500,2324,10,2314,0
499,718487412,verde,azul,heuristica,empate,0,-1,100,110,0,110.0000,0.0900,2744,184,2386,174
500,244965602,vermelho,verde,aleatoria,empate,0,-1,100,0,120,0.0000,0.1395,1052,11,1041,0
500,244965602,vermelho,vermelho,reativa,empate,0,-1,100,120,0,120.0000,0.0000,1883,14,1869,0
500,244965602,vermelho,azul,heuristica,empate,0,-1,100,0,0,0.0000,0.0100,1764,3,1761,0
501,689613760,azul,verde,aleatoria,azul,0,-3,85,30,120,0.2500,0.0000,784,6,778,0
501,689613760,azul,vermelho,reativa,azul,0,-3,85,210,120,1.7500,0.0595,1827,17,1810,0
501,689613760,azul,azul,heuristica,azul,1,3,85,90,90,1.0000,0.0000,1538,62,1420,56
502,201796813,verde,verde,aleatoria,empate,0,-1,100,0,0,0.0000,0.0000,2372,0,2372,0
502,201796813,verde,vermelho,reativa,empate,0,-1,100,80,110,0.7273,0.2857,106,6,100,0
502,201796813,verde,azul,heuristica,empate,0,-1,100,110,80,1.3750,0.0500,2078,134,1819,125
503,2095621178,vermelho,verde,aleatoria,azul,0,-3,20,0,120,0.0000,0.0000,405,5,400,0
503,2095621178,vermelho,vermelho,reativa,azul,0,-3,20,90,120,0.7500,0.0000,407,7,400,0
503,2095621178,vermelho,azul,heuristica,azul,1,3,20,240,90,2.6667,0.1500,973,280,473,220
504,512691303,azul,verde,aleatoria,empate,0,-1,100,0,120,0.0000,0.0000,404,4,400,0
504,512691303,azul,vermelho,reativa,empate,0,-1,100,0,0,0.0000,0.0000,1709,0,1709,0
504,512691303,azul,azul,heuristica,empate,0,-1,100,120,0,120.0000,0.0200,2401,197,2006,198
505,520339085,verde,verde,aleatoria,empate,0,-1,100,0,60,0.0000,0.0800,2256,9,2247,0
505,520339085,verde,vermelho,reativa,empate,0,-1,100,90,120,0.7500,0.0000,482,9,473,0
505,520339085,verde,azul,heuristica,empate,0,-1,100,180,90,2.0000,0.1000,2770,252,2272,246
506,319236723,vermelho,verde,aleatoria,empate,0,-1,100,0,120,0.0000,0.0303,2195,4,2191,0
506,319236723,vermelho,vermelho,reativa,empate,0,-1,100,0,0,0.0000,0.0300,2128,1,2127,0
506,319236723,vermelho,azul,heuristica,empate,0,-1,100,120,0,120.0000,0.1300,2992,319,2351,322
507,1680688708,azul,verde,aleatoria,empate,0,-1,100,0,60,0.0000,0.0202,2300,4,2296,0
507,1680688708,azul,vermelho,reativa,empate,0,-1,100,90,120,0.7500,0.0577,1109,6,1103,0
507,1680688708,azul,azul,heuristica,empate,0,-1,100,180,90,2.0000,0.0900,2561,187,2184,190
508,887407502,verde,verde,aleatoria,empate,0,-1,100,0,90,0.0000,0.0000,2347,15,2332,0
508,887407502,verde,vermelho,reativa,empate,0,-1,100,210,90,2.3333,0.0600,2143,24,2119,0
508,887407502,verde,azul,heuristica,empate,0,-1,100,90,120,0.7500,0.0000,1046,75,901,70
509,191222333,vermelho,verde,aleatoria,vermelho,0,-3,18,0,120,0.0000,0.0000,351,6,345,0
509,191222333,vermelho,vermelho,reativa,vermelho,1,3,18,120,60,2.0000,0.0000,353,12,341,0
509,191222333,vermelho,azul,heuristica,vermelho,0,-3,18,180,120,1.5000,0.0588,840,272,359,209
510,608521437,azul,verde,aleatoria,empate,0,-1,100,0,0,0.0000,0.0000,2201,0,2201,0
510,608521437,azul,vermelho,reativa,empate,0,-1,100,90,120,0.7500,0.1111,148,5,143,0
510,608521437,azul,azul,heuristica,empate,0,-1,100,120,90,1.3333,0.0000,2014,133,1756,125
511,656961761,verde,verde,aleatoria,empate,0,-1,100,0,0,0.0000,0.0000,2340,3,2337,0
511,656961761,verde,vermelho,reativa,empate,0,-1,100,0,0,0.0000,0.4600,1494,5,1489,0
511,656961761,verde,azul,heuristica,empate,0,-1,100,0,0,0.0000,0.0100,1697,0,1697,0
512,310149982,vermelho,verde,aleatoria,empate,0,-1,100,0,120,0.0000,0.0909,1332,8,1324,0
512,310149982,vermelho,vermelho,reativa,empate,0,-1,100,120,0,120.0000,0.0600,2295,12,2283,0
512,310149982,vermelho,azul,heuristica,empate,0,-1,100,30,30,1.0000,0.0500,2606,92,2414,100
513,1141277885,azul,verde,aleatoria,empate,0,-1,100,0,0,0.0000,0.0000,2373,1,2372,0
513,1141277885,azul,vermelho,reativa,empate,0,-1,100,0,0,0.0000,0.0000,1867,0,1867,0
513,1141277885,azul,azul,heuristica,empate,0,-1,100,0,0,0.0000,0.0300,1868,2,1866,0
514,1226790344,verde,verde,aleatoria,azul,0,-3,60,0,120,0.0000,0.0370,671,5,666,0
514,1226790344,verde,vermelho,reativa,azul,0,-3,60,90,120,0.7500,0.0833,1369,5,1364,0
514,1226790344,verde,azul,heuristica,azul,1,3,60,240,90,2.6667,0.0667,1982,286,1395,301
515,1535129199,vermelho,verde,aleatoria,empate,0,-1,100,0,60,0.0000,0.0000,2347,13,2334,0
515,1535129199,vermelho,vermelho,reativa,empate,0,-1,100,180,90,2.0000,0.0600,2184,21,2163,0
515,1535129199,vermelho,azul,heuristica,empate,0,-1,100,90,120,0.7500,0.0510,2025,109,1805,111
516,1150841547,azul,verde,aleatoria,empate,0,-1,100,0,0,0.0000,0.0101,2056,4,2052,0
516,1150841547,azul,vermelho,reativa,empate,0,-1,100,90,120,0.7500,0.1724,653,5,648,0
516,1150841547,azul,azul,heuristica,empate,0,-1,100,120,90,1.3333,0.0400,2499,169,2167,163
517,1165334641,verde,verde,aleatoria,empate,0,-1,100,0,60,0.0000,0.0000,2305,16,2289,0
517,1165334641,verde,vermelho,reativa,empate,0,-1,100,30,30,1.0000,0.0600,2257,12,2245,0
517,1165334641,verde,azul,heuristica,empate,0,-1,100,90,30,3.0000,0.0900,2860,258,2318,284
518,681806193,vermelho,verde,aleatoria,empate,0,-1,100,0,90,0.0000,0.1515,2343,13,2330,0
518,681806193,vermelho,vermelho,reativa,empate,0,-1,100,0,0,0.0000,0.0200,2034,4,2030,0
518,681806193,vermelho,azul,heuristica,empate,0,-1,100,90,0,90.0000,0.2800,2447,205,2042,200
519,1279852028,azul,verde,aleatoria,empate,0,-1,100,0,30,0.0000,0.0404,2454,12,2442,0
519,1279852028,azul,vermelho,reativa,empate,0,-1,100,80,110,0.7273,0.1321,1217,11,1206,0
519,1279852028,azul,azul,heuristica,empate,0,-1,100,140,80,1.7500,0.1100,2933,308,2338,287
520,927686692,verde,verde,aleatoria,vermelho,0,-3,38,0,120,0.0000,0.0000,428,5,423,0
520,927686692,verde,vermelho,reativa,vermelho,1,3,38,120,90,1.3333,0.0000,501,9,492,0
520,927686692,verde,azul,heuristica,vermelho,0,-3,38,210,120,1.7500,0.0000,1384,262,850,272
521,1035302288,vermelho,verde,aleatoria,empate,0,-1,100,0,30,0.0000,0.0505,2430,15,2415,0
521,1035302288,vermelho,vermelho,reativa,empate,0,-1,100,90,120,0.7500,0.0000,233,7,226,0
521,1035302288,vermelho,azul,heuristica,empate,0,-1,100,150,90,1.6667,0.0300,2612,279,2041,292
522,984794711,azul,verde,aleatoria,empate,0,-1,100,0,90,0.0000,0.0101,2461,11,2450,0
522,984794711,azul,vermelho,reativa,empate,0,-1,100,200,80,2.5000,0.0707,1970,25,1945,0
522,984794711,azul,azul,heuristica,empate,0,-1,100,80,110,0.7273,0.1373,1293,167,971,155
523,327484689,verde,verde,aleatoria,empate,0,-1,100,0,120,0.0000,0.0000,1024,9,1015,0
523,327484689,verde,vermelho,reativa,empate,0,-1,100,90,0,90.0000,0.0400,1967,9,1958,0
523,327484689,verde,azul,heuristica,empate,0,-1,100,30,0,30.0000,0.0300,1996,104,1782,110
524,386297152,vermelho,verde,aleatoria,empate,0,-1,100,0,80,0.0000,0.1717,2379,16,2363,0
524,386297152,vermelho,vermelho,reativa,empate,0,-1,100,80,30,2.6667,0.0900,2351,21,2330,0
524,386297152,vermelho,azul,heuristica,empate,0,-1,100,60,30,2.0000,0.0300,2345,188,1973,184
525,349317291,azul,verde,aleatoria,empate,0,-1,100,0,120,0.0000,0.0750,1003,8,995,0
525,349317291,azul,vermelho,reativa,empate,0,-1,100,0,0,0.0000,0.0000,1565,4,1561,0
525,349317291,azul,azul,heuristica,empate,0,-1,100,120,0,120.0000,0.0400,2560,250,2048,262
526,2000841264,verde,verde,aleatoria,azul,0,-3,44,0,120,0.0000,0.0000,171,4,167,0
526,2000841264,verde,vermelho,reativa,azul,0,-3,44,90,120,0.7500,0.0682,995,5,990,0
526,2000841264,verde,azul,heuristica,azul,1,3,44,240,90,2.6667,0.0455,1384,213,976,195
527,1679114366,vermelho,verde,aleatoria,empate,0,-1,100,0,30,0.0000,0.0000,2391,12,2379,0
527,1679114366,vermelho,vermelho,reativa,empate,0,-1,100,80,110,0.7273,0.6000,157,7,150,0
527,1679114366,vermelho,azul,heuristica,empate,0,-1,100,140,80,1.7500,0.1000,2686,302,2096,288
528,54272465,azul,verde,aleatoria,empate,0,-1,100,0,120,0.0000,0.0000,521,12,509,0
528,54272465,azul,vermelho,reativa,empate,0,-1,100,0,0,0.0000,0.0101,1739,1,1738,0
528,54272465,azul,azul,heuristica,empate,0,-1,100,120,0,120.0000,0.0000,2400,175,2052,173
529,2003592322,verde,verde,aleatoria,empate,0,-1,100,0,120,0.0000,0.0000,1254,16,1238,0
529,2003592322,verde,vermelho,reativa,empate,0,-1,100,120,0,120.0000,0.3500,1861,18,1843,0
529,2003592322,verde,azul,heuristica,empate,0,-1,100,0,0,0.0000,0.0000,1178,3,1175,0
530,1331448970,vermelho,verde,aleatoria,empate,0,-1,100,30,120,0.2500,0.0000,620,11,609,0
530,1331448970,vermelho,vermelho,reativa,empate,0,-1,100,120,30,4.0000,0.0000,1924,12,1912,0
530,1331448970,vermelho,azul,heuristica,empate,0,-1,100,0,0,0.0000,0.4300,1946,1,1945,0
531,482643454,azul,verde,aleatoria,vermelho,0,-3,20,0,120,0.0000,0.0000,448,9,439,0
531,482643454,azul,vermelho,reativa,vermelho,1,3,20,150,90,1.6667,0.0526,359,16,343,0
531,482643454,azul,azul,heuristica,vermelho,0,-3,20,180,120,1.5000,0.0000,857,282,401,174
532,1779565378,verde,verde,aleatoria,verde,1,3,22,30,90,0.3333,0.0000,512,5,507,0
532,1779565378,verde,vermelho,reativa,verde,0,-3,22,90,120,0.7500,0.0000,315,3,312,0
532,1779565378,verde,azul,heuristica,verde,0,-3,22,210,120,1.7500,0.0476,849,195,487,167
533,2054481438,vermelho,verde,aleatoria,empate,0,-1,100,0,120,0.0000,0.1023,2214,14,2200,0
533,2054481438,vermelho,vermelho,reativa,empate,0,-1,100,0,0,0.0000,0.0100,1951,0,1951,0
533,2054481438,vermelho,azul,heuristica,empate,0,-1,100,120,0,120.0000,0.3800,2912,319,2250,343
534,1078675238,azul,verde,aleatoria,vermelho,0,-3,25,0,120,0.0000,0.0952,491,9,482,0
534,1078675238,azul,vermelho,reativa,vermelho,1,3,25,180,90,2.0000,0.0833,411,17,394,0
534,1078675238,azul,azul,heuristica,vermelho,0,-3,25,150,120,1.2500,0.0000,903,196,567,140
535,843908336,verde,verde,aleatoria,empate,0,-1,100,0,0,0.0000,0.0200,2414,2,2412,0
535,843908336,verde,vermelho,reativa,empate,0,-1,100,120,90,1.3333,0.0000,2106,12,2094,0
535,843908336,verde,azul,heuristica,empate,0,-1,100,90,120,0.7500,0.0000,593,114,374,105
536,681987113,vermelho,verde,aleatoria,azul,0,-3,15,0,120,0.0000,0.0000,232,7,225,0
536,681987113,vermelho,vermelho,reativa,azul,0,-3,15,180,120,1.5000,0.0000,240,15,225,0
536,681987113,vermelho,azul,heuristica,azul,1,3,15,150,90,1.6667,0.2000,706,184,372,150
537,1423106760,azul,verde,aleatoria,empate,0,-1,100,0,120,0.0000,0.0667,750,8,742,0
537,1423106760,azul,vermelho,reativa,empate,0,-1,100,0,0,0.0000,0.0000,1688,3,1685,0
537,1423106760,azul,azul,heuristica,empate,0,-1,100,120,0,120.0000,0.0600,2647,150,2347,150
538,1079511724,verde,verde,aleatoria,azul,0,-3,52,0,120,0.0000,0.0000,587,8,579,0
538,1079511724,verde,vermelho,reativa,azul,0,-3,52,90,120,0.7500,0.0192,981,7,974,0
538,1079511724,verde,azul,heuristica,azul,1,3,52,240,90,2.6667,0.0769,1853,313,1229,311
539,419734749,vermelho,verde,aleatoria,empate,0,-1,100,0,0,0.0000,0.0101,2298,0,2298,0
539,419734749,vermelho,vermelho,reativa,empate,0,-1,100,120,90,1.3333,0.0200,1935,11,1924,0
539,419734749,vermelho,azul,heuristica,empate,0,-1,100,90,120,0.7500,0.1905,640,95,459,86
540,1655343181,azul,verde,aleatoria,empate,0,-1,100,0,120,0.0000,0.0625,1998,22,1976,0
540,1655343181,azul,vermelho,reativa,empate,0,-1,100,90,0,90.0000,0.0101,1850,16,1834,0
540,1655343181,azul,azul,heuristica,empate,0,-1,100,30,0,30.0000,0.0500,2108,114,1885,109
541,1499152475,verde,verde,aleatoria,empate,0,-1,100,0,30,0.0000,0.1000,2118,12,2106,0
541,1499152475,verde,vermelho,reativa,empate,0,-1,100,90,120,0.7500,0.1111,156,6,150,0
541,1499152475,verde,azul,heuristica,empate,0,-1,100,150,90,1.6667,0.0400,2801,226,2356,219
542,1832667766,vermelho,verde,aleatoria,empate,0,-1,100,0,120,0.0000,0.0000,503,10,493,0
542,1832667766,vermelho,vermelho,reativa,empate,0,-1,100,90,0,90.0000,0.0000,1945,15,1930,0
542,1832667766,vermelho,azul,heuristica,empate,0,-1,100,30,0,30.0000,0.0600,2361,86,2181,94
543,1264378068,azul,verde,aleatoria,empate,0,-1,100,0,0,0.0000,0.1212,2420,12,2408,0
543,1264378068,azul,vermelho,reativa,empate,0,-1,100,120,90,1.3333,0.0606,2319,13,2306,0
543,1264378068,azul,azul,heuristica,empate,0,-1,100,90,120,0.7500,0.0952,789,137,503,149
544,1308472688,verde,verde,aleatoria,empate,0,-1,100,0,0,0.0000,0.0000,2164,0,2164,0
544,1308472688,verde,vermelho,reativa,empate,0,-1,100,0,0,0.0000,0.5000,1638,2,1636,0
544,1308472688,verde,azul,heuristica,empate,0,-1,100,0,0,0.0000,0.0100,1735,19,1691,25
545,1643580531,vermelho,verde,aleatoria,empate,0,-1,100,0,90,0.0000,0.1010,2138,19,2119,0
545,1643580531,vermelho,vermelho,reativa,empate,0,-1,100,90,0,90.0000,0.0100,1618,19,1599,0
545,1643580531,vermelho,azul,heuristica,empate,0,-1,100,0,0,0.0000,0.0100,1747,0,1747,0
546,639957133,azul,verde,aleatoria,azul,0,-3,19,0,120,0.0000,0.0000,331,6,325,0
546,639957133,azul,vermelho,reativa,azul,0,-3,19,150,120,1.2500,0.1111,319,11,308,0
546,639957133,azul,azul,heuristica,azul,1,3,19,180,90,2.0000,0.0526,973,289,462,222
547,1965988595,verde,verde,aleatoria,empate,0,-1,100,0,0,0.0000,0.0100,2237,0,2237,0
547,1965988595,verde,vermelho,reativa,empate,0,-1,100,90,120,0.7500,0.0000,440,5,435,0
547,1965988595,verde,azul,heuristica,empate,0,-1,100,120,90,1.3333,0.0200,2158,166,1825,167
548,785624668,vermelho,verde,aleatoria,empate,0,-1,100,0,20,0.0000,0.1111,2307,12,2295,0
548,785624668,vermelho,vermelho,reativa,empate,0,-1,100,140,90,1.5556,0.0600,2208,15,2193,0
548,785624668,vermelho,azul,heuristica,empate,0,-1,100,90,120,0.7500,0.1111,424,103,221,100
549,474626655,azul,verde,aleatoria,azul,0,-3,47,0,120,0.0000,0.0652,1117,9,1108,0
549,474626655,azul,vermelho,reativa,azul,0,-3,47,90,120,0.7500,0.0909,206,6,200,0
549,474626655,azul,azul,heuristica,azul,1,3,47,240,90,2.6667,0.0851,1717,308,1111,298
550,1347717309,verde,verde,aleatoria,empate,0,-1,100,0,0,0.0000,0.0300,2404,2,2402,0
550,1347717309,verde,vermelho,reativa,empate,0,-1,100,0,0,0.0000,0.4000,1773,6,1767,0
550,1347717309,verde,azul,heuristica,empate,0,-1,100,0,0,0.0000,0.0600,2308,6,2302,0
551,1940104168,vermelho,verde,aleatoria,empate,0,-1,100,0,120,0.0000,0.0000,177,5,172,0
551,1940104168,vermelho,vermelho,reativa,empate,0,-1,100,0,0,0.0000,0.0000,1860,2,1858,0
551,1940104168,vermelho,azul,heuristica,empate,0,-1,100,120,0,120.0000,0.0200,2806,226,2357,223
552,1153931505,azul,verde,aleatoria,azul,0,-3,26,0,120,0.0000,0.0000,433,13,420,0
552,1153931505,azul,vermelho,reativa,azul,0,-3,26,120,120,1.0000,0.1200,504,9,495,0
552,1153931505,azul,azul,heuristica,azul,1,3,26,210,90,2.3333,0.1154,1111,267,605,239
553,2144325616,verde,verde,aleatoria,azul,0,-3,63,0,120,0.0000,0.1270,1486,12,1474,0
553,2144325616,verde,vermelho,reativa,azul,0,-3,63,90,120,0.7500,0.0000,172,4,168,0
553,2144325616,verde,azul,heuristica,azul,1,3,63,240,90,2.6667,0.0952,2120,330,1476,314
554,30024536,vermelho,verde,aleatoria,empate,0,-1,100,0,30,0.0000,0.0808,2265,2,2263,0
554,30024536,vermelho,vermelho,reativa,empate,0,-1,100,30,0,30.0000,0.0200,2132,5,2127,0
554,30024536,vermelho,azul,heuristica,empate,0,-1,100,0,0,0.0000,0.0100,1782,0,1782,0
555,1910399178,azul,verde,aleatoria,azul,0,-3,70,0,120,0.0000,0.0000,1686,14,1672,0
555,1910399178,azul,vermelho,reativa,azul,0,-3,70,70,120,0.5833,0.1000,353,6,347,0
555,1910399178,azul,azul,heuristica,azul,1,3,70,240,70,3.4286,0.1286,2195,269,1668,258
556,1783435411,verde,verde,aleatoria,azul,0,-3,46,0,120,0.0000,0.0000,635,9,626,0
556,1783435411,verde,vermelho,reativa,azul,0,-3,46,80,120,0.6667,0.0870,986,4,982,0
556,1783435411,verde,azul,heuristica,azul,1,3,46,240,80,3.0000,0.1522,1771,330,1107,334
557,2033767092,vermelho,verde,aleatoria,empate,0,-1,100,0,110,0.0000,0.0286,1744,28,1716,0
557,2033767092,vermelho,vermelho,reativa,empate,0,-1,100,110,0,110.0000,0.2200,2086,33,2053,0
557,2033767092,vermelho,azul,heuristica,empate,0,-1,100,0,0,0.0000,0.0000,1696,28,1668,0
558,1903858974,azul,verde,aleatoria,empate,0,-1,100,0,30,0.0000,0.0000,2159,5,2154,0
558,1903858974,azul,vermelho,reativa,empate,0,-1,100,150,60,2.5000,0.0404,1939,17,1922,0
558,1903858974,azul,azul,heuristica,empate,0,-1,100,60,120,0.5000,0.0870,1919,155,1614,150
559,1761344236,verde,verde,aleatoria,vermelho,0,-3,19,0,120,0.0000,0.0000,326,4,322,0
559,1761344236,verde,vermelho,reativa,vermelho,1,3,19,150,90,1.6667,0.1053,343,8,335,0
559,1761344236,verde,azul,heuristica,vermelho,0,-3,19,180,120,1.5000,0.1111,834,202,439,193
560,822547579,vermelho,verde,aleatoria,vermelho,0,-3,84,0,120,0.0000,0.0120,1940,20,1920,0
560,822547579,vermelho,vermelho,reativa,vermelho,1,3,84,180,60,3.0000,0.0833,1858,16,1842,0
560,822547579,vermelho,azul,heuristica,vermelho,0,-3,84,120,120,1.0000,0.0159,2043,296,1445,302
561,369036526,azul,verde,aleatoria,empate,0,-1,100,0,40,0.0000,0.1010,2283,11,2272,0
561,369036526,azul,vermelho,reativa,empate,0,-1,100,0,0,0.0000,0.0000,969,0,969,0
561,369036526,azul,azul,heuristica,empate,0,-1,100,40,0,40.0000,0.0700,2855,208,2426,221
562,385294681,verde,verde,aleatoria,empate,0,-1,100,0,120,0.0000,0.0758,1482,9,1473,0
562,385294681,verde,vermelho,reativa,empate,0,-1,100,0,0,0.0000,0.0100,1931,0,1931,0
562,385294681,verde,azul,heuristica,empate,0,-1,100,120,0,120.0000,0.0500,2518,266,1972,280
563,1351163531,vermelho,verde,aleatoria,vermelho,0,-3,93,0,120,0.0000,0.0541,933,15,918,0
563,1351163531,vermelho,vermelho,reativa,vermelho,1,3,93,210,90,2.3333,0.0645,1886,16,1870,0
563,1351163531,vermelho,azul,heuristica,vermelho,0,-3,93,120,120,1.0000,0.0543,2407,149,2110,148
564,788961864,azul,verde,aleatoria,empate,0,-1,100,0,30,0.0000,0.0202,1792,16,1776,0
564,788961864,azul,vermelho,reativa,empate,0,-1,100,150,90,1.6667,0.0606,1921,38,1883,0
564,788961864,azul,azul,heuristica,empate,0,-1,100,90,120,0.7500,0.1923,941,196,548,197
565,503141246,verde,verde,aleatoria,empate,0,-1,100,0,0,0.0000,0.0600,2462,7,2455,0
565,503141246,verde,vermelho,reativa,empate,0,-1,100,90,120,0.7500,0.0238,912,4,908,0
565,503141246,verde,azul,heuristica,empate,0,-1,100,120,90,1.3333,0.0800,2869,266,2356,247
566,1238521743,vermelho,verde,aleatoria,empate,0,-1,100,30,100,0.3000,0.1304,1111,12,1099,0
566,1238521743,vermelho,vermelho,reativa,empate,0,-1,100,100,30,3.3333,0.2300,1993,18,1975,0
566,1238521743,vermelho,azul,heuristica,empate,0,-1,100,0,0,0.0000,0.0000,1871,0,1871,0
567,885807520,azul,verde,aleatoria,vermelho,0,-3,94,0,120,0.0000,0.0000,2226,12,2214,0
567,885807520,azul,vermelho,reativa,vermelho,1,3,94,240,30,8.0000,0.0215,2033,22,2011,0
567,885807520,azul,azul,heuristica,vermelho,0,-3,94,30,120,0.2500,0.0333,1181,72,1029,80
568,267902503,verde,verde,aleatoria,empate,0,-1,100,0,0,0.0000,0.1400,2393,6,2387,0
568,267902503,verde,vermelho,reativa,empate,0,-1,100,60,30,2.0000,0.0200,1720,6,1714,0
568,267902503,verde,azul,heuristica,empate,0,-1,100,30,60,0.5000,0.0100,2056,67,1922,67
569,1922683726,vermelho,verde,aleatoria,empate,0,-1,100,0,120,0.0000,0.0000,506,6,500,0
569,1922683726,vermelho,vermelho,reativa,empate,0,-1,100,0,0,0.0000,0.0200,1660,9,1651,0
569,1922683726,vermelho,azul,heuristica,empate,0,-1,100,120,0,120.0000,0.0400,2432,190,2066,176
570,2065365347,azul,verde,aleatoria,azul,0,-3,33,0,120,0.0000,0.0000,323,6,317,0
570,2065365347,azul,vermelho,reativa,azul,0,-3,33,90,120,0.7500,0.0000,682,6,676,0
570,2065365347,azul,azul,heuristica,azul,1,3,33,240,90,2.6667,0.0303,1197,238,742,217
571,322353062,verde,verde,aleatoria,empate,0,-1,100,0,0,0.0000,0.1600,2142,0,2142,0
571,322353062,verde,vermelho,reativa,empate,0,-1,100,30,0,30.0000,0.4000,1742,4,1738,0
571,322353062,verde,azul,heuristica,empate,0,-1,100,0,30,0.0000,0.0000,1854,50,1755,49
572,1785633287,vermelho,verde,aleatoria,vermelho,0,-3,76,30,120,0.2500,0.0000,426,5,421,0
572,1785633287,vermelho,vermelho,reativa,vermelho,1,3,76,90,30,3.0000,0.0526,1749,14,1735,0
572,1785633287,vermelho,azul,heuristica,vermelho,0,-3,76,150,120,1.2500,0.0133,1965,303,1393,269
573,753257138,azul,verde,aleatoria,empate,0,-1,100,0,120,0.0000,0.0769,656,6,650,0
573,753257138,azul,vermelho,reativa,empate,0,-1,100,0,0,0.0000,0.1818,2095,2,2093,0
573,753257138,azul,azul,heuristica,empate,0,-1,100,120,0,120.0000,0.0300,2523,219,2082,222
574,1429681041,verde,verde,aleatoria,empate,0,-1,100,0,120,0.0000,0.1000,748,12,736,0
574,1429681041,verde,vermelho,reativa,empate,0,-1,100,120,90,1.3333,0.1400,1964,36,1928,0
574,1429681041,verde,azul,heuristica,empate,0,-1,100,180,90,2.0000,0.0700,2153,228,1724,201
575,599050119,vermelho,verde,aleatoria,vermelho,0,-3,74,0,120,0.0000,0.0685,1757,7,1750,0
575,599050119,vermelho,vermelho,reativa,vermelho,1,3,74,240,90,2.6667,0.0405,1575,18,1557,0
575,599050119,vermelho,azul,heuristica,vermelho,0,-3,74,90,120,0.7500,0.1176,596,101,400,95
576,880987394,azul,verde,aleatoria,empate,0,-1,100,0,120,0.0000,0.0238,1614,10,1604,0
576,880987394,azul,vermelho,reativa,empate,0,-1,100,0,0,0.0000,0.0000,1459,1,1458,0
576,880987394,azul,azul,heuristica,empate,0,-1,100,120,0,120.0000,0.0100,2171,182,1817,172
577,1671317880,verde,verde,aleatoria,empate,0,-1,100,0,30,0.0000,0.0600,2356,17,2339,0
577,1671317880,verde,vermelho,reativa,empate,0,-1,100,0,0,0.0000,0.0200,2060,5,2055,0
577,1671317880,verde,azul,heuristica,empate,0,-1,100,30,0,30.0000,0.0100,2353,102,2151,100
578,1667218631,vermelho,verde,aleatoria,empate,0,-1,100,0,120,0.0000,0.0000,600,5,595,0
578,1667218631,vermelho,vermelho,reativa,empate,0,-1,100,150,30,5.0000,0.0200,2205,13,2192,0
578,1667218631,vermelho,azul,heuristica,empate,0,-1,100,30,30,1.0000,0.0800,2601,145,2297,159
579,1360865676,azul,verde,aleatoria,vermelho,0,-3,65,0,120,0.0000,0.0000,1441,13,1428,0
579,1360865676,azul,vermelho,reativa,vermelho,1,3,65,240,90,2.6667,0.0625,1259,20,1239,0
579,1360865676,azul,azul,heuristica,vermelho,0,-3,65,90,120,0.7500,0.0714,853,104,652,97
580,969768113,verde,verde,aleatoria,azul,0,-3,94,0,120,0.0000,0.0526,948,8,940,0
580,969768113,verde,vermelho,reativa,azul,0,-3,94,210,120,1.7500,0.0426,2010,21,1989,0
580,969768113,verde,azul,heuristica,azul,1,3,94,120,90,1.3333,0.1489,2282,119,2049,114
581,828045317,vermelho,verde,aleatoria,azul,0,-3,22,0,120,0.0000,0.0000,323,6,317,0
581,828045317,vermelho,vermelho,reativa,azul,0,-3,22,210,120,1.7500,0.0000,379,17,362,0
581,828045317,vermelho,azul,heuristica,azul,1,3,22,120,90,1.3333,0.0909,1002,260,528,214
582,1609858943,azul,verde,aleatoria,empate,0,-1,100,0,120,0.0000,0.0952,1014,7,1007,0
582,1609858943,azul,vermelho,reativa,empate,0,-1,100,0,0,0.0000,0.0202,2126,1,2125,0
582,1609858943,azul,azul,heuristica,empate,0,-1,100,120,0,120.0000,0.0800,2467,163,2152,152
583,657787211,verde,verde,aleatoria,empate,0,-1,100,0,0,0.0000,0.0000,2315,0,2315,0
583,657787211,verde,vermelho,reativa,empate,0,-1,100,0,0,0.0000,0.0000,1671,1,1670,0
583,657787211,verde,azul,heuristica,empate,0,-1,100,0,0,0.0000,0.0500,1430,44,1336,50
584,1500741286,vermelho,verde,aleatoria,empate,0,-1,100,0,60,0.0000,0.0000,2267,10,2257,0
584,1500741286,vermelho,vermelho,reativa,empate,0,-1,100,60,0,60.0000,0.0000,2165,10,2155,0
584,1500741286,vermelho,azul,heuristica,empate,0,-1,100,0,0,0.0000,0.0700,2420,22,2376,22
585,1216752255,azul,verde,aleatoria,vermelho,0,-3,53,0,120,0.0000,0.0000,784,14,770,0
585,1216752255,azul,vermelho,reativa,vermelho,1,3,53,120,90,1.3333,0.0000,1007,7,1000,0
585,1216752255,azul,azul,heuristica,vermelho,0,-3,53,210,120,1.7500,0.0577,1679,268,1139,272
586,170355655,verde,verde,aleatoria,empate,0,-1,100,0,60,0.0000,0.0500,2460,9,2451,0
586,170355655,verde,vermelho,reativa,empate,0,-1,100,60,0,60.0000,0.0400,1857,10,1847,0
586,170355655,verde,azul,heuristica,empate,0,-1,100,0,0,0.0000,0.0000,1761,0,1761,0
587,522938142,vermelho,verde,aleatoria,vermelho,0,-3,79,0,120,0.0000,0.0256,1919,11,1908,0
587,522938142,vermelho,vermelho,reativa,vermelho,1,3,79,240,60,4.0000,0.0506,1726,25,1701,0
587,522938142,vermelho,azul,heuristica,vermelho,0,-3,79,60,120,0.5000,0.0000,672,112,440,120
588,1224265644,azul,verde,aleatoria,empate,0,-1,100,0,120,0.0000,0.0000,819,8,811,0
588,1224265644,azul,vermelho,reativa,empate,0,-1,100,0,0,0.0000,0.0101,1718,0,1718,0
588,1224265644,azul,azul,heuristica,empate,0,-1,100,120,0,120.0000,0.0000,2500,243,2007,250
589,2071903378,verde,verde,aleatoria,empate,0,-1,100,0,120,0.0000,0.1136,1066,12,1054,0
589,2071903378,verde,vermelho,reativa,empate,0,-1,100,90,0,90.0000,0.0700,2330,11,2319,0
589,2071903378,verde,azul,heuristica,empate,0,-1,100,30,0,30.0000,0.0300,2184,27,2134,23
590,239551354,vermelho,verde,aleatoria,azul,0,-3,41,0,120,0.0000,0.0000,969,7,962,0
590,239551354,vermelho,vermelho,reativa,azul,0,-3,41,90,120,0.7500,0.7778,106,7,99,0
590,239551354,vermelho,azul,heuristica,azul,1,3,41,240,90,2.6667,0.1707,1718,361,992,365
591,1331453486,azul,verde,aleatoria,empate,0,-1,100,0,120,0.0000,0.0361,2038,8,2030,0
591,1331453486,azul,vermelho,reativa,empate,0,-1,100,0,0,0.0000,0.0000,1757,1,1756,0
591,1331453486,azul,azul,heuristica,empate,0,-1,100,120,0,120.0000,0.0600,2762,234,2294,234
592,700635290,verde,verde,aleatoria,empate,0,-1,100,0,0,0.0000,0.1000,2342,2,2340,0
592,700635290,verde,vermelho,reativa,empate,0,-1,100,120,90,1.3333,0.0500,2307,13,2294,0
592,700635290,verde,azul,heuristica,empate,0,-1,100,90,120,0.7500,0.0189,1535,142,1270,123
593,1793610634,vermelho,verde,aleatoria,azul,0,-3,59,30,120,0.2500,0.0345,1380,10,1370,0
593,1793610634,vermelho,vermelho,reativa,azul,0,-3,59,150,120,1.2500,0.0909,682,14,668,0
593,1793610634,vermelho,azul,heuristica,azul,1,3,59,120,60,2.0000,0.2881,1688,218,1237,233
594,1428201362,azul,verde,aleatoria,vermelho,0,-3,17,0,120,0.0000,0.0000,173,4,169,0
594,1428201362,azul,vermelho,reativa,vermelho,1,3,17,120,90,1.3333,0.0625,297,6,291,0
594,1428201362,azul,azul,heuristica,vermelho,0,-3,17,210,120,1.7500,0.1250,637,172,308,157
595,40425461,verde,verde,aleatoria,empate,0,-1,100,0,0,0.0000,0.0100,2353,2,2351,0
595,40425461,verde,vermelho,reativa,empate,0,-1,100,90,120,0.7500,0.1000,1093,5,1088,0
595,40425461,verde,azul,heuristica,empate,0,-1,100,120,90,1.3333,0.0000,1907,102,1711,94
596,1462276455,vermelho,verde,aleatoria,empate,0,-1,100,30,120,0.2500,0.0000,592,6,586,0
596,1462276455,vermelho,vermelho,reativa,empate,0,-1,100,0,0,0.0000,0.0000,1999,32,1967,0
596,1462276455,vermelho,azul,heuristica,empate,0,-1,100,120,30,4.0000,0.0000,2236,170,1906,160
597,2054249709,azul,verde,aleatoria,empate,0,-1,100,0,120,0.0000,0.0000,1076,15,1061,0
597,2054249709,azul,vermelho,reativa,empate,0,-1,100,30,0,30.0000,0.0707,2186,10,2176,0
597,2054249709,azul,azul,heuristica,empate,0,-1,100,90,0,90.0000,0.0800,2705,191,2324,190
598,630302914,verde,verde,aleatoria,azul,0,-3,71,30,120,0.2500,0.0000,1218,14,1204,0
598,630302914,verde,vermelho,reativa,azul,0,-3,71,120,120,1.0000,0.0141,1390,15,1375,0
598,630302914,verde,azul,heuristica,azul,1,3,71,180,90,2.0000,0.0563,2220,314,1589,317
599,1951134645,vermelho,verde,aleatoria,azul,0,-3,64,0,120,0.0000,0.2333,759,9,750,0
599,1951134645,vermelho,vermelho,reativa,azul,0,-3,64,210,120,1.7500,0.0625,1437,20,1417,0
599,1951134645,vermelho,azul,heuristica,azul,1,3,64,120,90,1.3333,0.0000,1531,148,1248,135
600,1030142316,azul,verde,aleatoria,empate,0,-1,100,0,90,0.0000,0.0707,2160,10,2150,0
600,1030142316,azul,vermelho,reativa,empate,0,-1,100,180,120,1.5000,0.0588,960,19,941,0
600,1030142316,azul,azul,heuristica,empate,0,-1,100,120,90,1.3333,0.0100,2414,179,2068,167
601,1015889351,verde,verde,aleatoria,vermelho,0,-3,75,0,120,0.0000,0.0000,583,8,575,0
601,1015889351,verde,vermelho,reativa,vermelho,1,3,75,120,90,1.3333,0.0000,1081,6,1075,0
601,1015889351,verde,azul,heuristica,vermelho,0,-3,75,210,120,1.7500,0.0135,2549,361,1649,539
602,205782876,vermelho,verde,aleatoria,azul,0,-3,12,0,120,0.0000,0.0000,257,7,250,0
602,205782876,vermelho,vermelho,reativa,azul,0,-3,12,180,120,1.5000,0.0000,161,13,148,0
602,205782876,vermelho,azul,heuristica,azul,1,3,12,150,90,1.6667,0.0000,718,269,299,150
603,1233340021,azul,verde,aleatoria,empate,0,-1,100,0,0,0.0000,0.0000,2280,4,2276,0
603,1233340021,azul,vermelho,reativa,empate,0,-1,100,90,120,0.7500,0.0513,844,7,837,0
603,1233340021,azul,azul,heuristica,empate,0,-1,100,120,90,1.3333,0.0200,2097,155,1795,147
604,2014491557,verde,verde,aleatoria,empate,0,-1,100,0,30,0.0000,0.1200,2245,2,2243,0
604,2014491557,verde,vermelho,reativa,empate,0,-1,100,120,120,1.0000,0.0339,922,11,911,0
604,2014491557,verde,azul,heuristica,empate,0,-1,100,120,90,1.3333,0.0600,1910,65,1792,53
605,1314928140,vermelho,verde,aleatoria,vermelho,0,-3,51,0,120,0.0000,0.0400,1182,10,1172,0
605,1314928140,vermelho,vermelho,reativa,vermelho,1,3,51,240,90,2.6667,0.0588,1008,19,989,0
605,1314928140,vermelho,azul,heuristica,vermelho,0,-3,51,90,120,0.7500,0.2000,548,104,345,99
606,1869575208,azul,verde,aleatoria,empate,0,-1,100,0,0,0.0000,0.0202,2409,6,2403,0
606,1869575208,azul,vermelho,reativa,empate,0,-1,100,70,100,0.7000,0.1613,687,8,679,0
606,1869575208,azul,azul,heuristica,empate,0,-1,100,100,70,1.4286,0.0400,2199,171,1868,160
607,412083840,verde,verde,aleatoria,empate,0,-1,100,0,120,0.0000,0.0000,894,10,884,0
607,412083840,verde,vermelho,reativa,empate,0,-1,100,120,0,120.0000,0.0600,1911,17,1894,0
607,412083840,verde,azul,heuristica,empate,0,-1,100,30,30,1.0000,0.0500,2497,135,2233,129
608,1705502126,vermelho,verde,aleatoria,empate,0,-1,100,0,90,0.0000,0.0303,2280,9,2271,0
608,1705502126,vermelho,vermelho,reativa,empate,0,-1,100,210,90,2.3333,0.0100,1740,15,1725,0
608,1705502126,vermelho,azul,heuristica,empate,0,-1,100,90,120,0.7500,0.0000,354,86,188,80
609,360032754,azul,verde,aleatoria,vermelho,0,-3,53,30,110,0.2727,0.1379,738,13,725,0
609,360032754,azul,vermelho,reativa,vermelho,1,3,53,80,80,1.0000,0.1346,1154,9,1145,0
609,360032754,azul,azul,heuristica,vermelho,0,-3,53,190,110,1.7273,0.1923,1966,353,1288,325
610,1703396810,verde,verde,aleatoria,empate,0,-1,100,0,60,0.0000,0.0200,2344,12,2332,0
610,1703396810,verde,vermelho,reativa,empate,0,-1,100,170,50,3.4000,0.1400,2165,21,2144,0
610,1703396810,verde,azul,heuristica,empate,0,-1,100,50,110,0.4545,0.2727,457,119,247,91
611,1813539174,vermelho,verde,aleatoria,empate,0,-1,100,0,90,0.0000,0.0404,2441,7,2434,0
611,1813539174,vermelho,vermelho,reativa,empate,0,-1,100,210,60,3.5000,0.0500,1997,19,1978,0
611,1813539174,vermelho,azul,heuristica,empate,0,-1,100,60,120,0.5000,0.0000,332,83,172,77
612,1326081846,azul,verde,aleatoria,empate,0,-1,100,0,0,0.0000,0.0404,2351,0,2351,0
612,1326081846,azul,vermelho,reativa,empate,0,-1,100,120,90,1.3333,0.0000,1916,8,1908,0
612,1326081846,azul,azul,heuristica,empate,0,-1,100,90,120,0.7500,0.0882,1131,139,842,150
613,1251722137,verde,verde,aleatoria,empate,0,-1,100,0,0,0.0000,0.1400,2309,0,2309,0
613,1251722137,verde,vermelho,reativa,empate,0,-1,100,120,90,1.3333,0.4200,1814,12,1802,0
613,1251722137,verde,azul,heuristica,empate,0,-1,100,90,120,0.7500,0.1017,1427,117,1190,120
614,279383135,vermelho,verde,aleatoria,empate,0,-1,100,0,0,0.0000,0.0808,2410,0,2410,0
614,279383135,vermelho,vermelho,reativa,empate,0,-1,100,0,0,0.0000,0.0000,1246,0,1246,0
614,279383135,vermelho,azul,heuristica,empate,0,-1,100,0,0,0.0000,0.0300,1973,0,1973,0
615,2053490072,azul,verde,aleatoria,empate,0,-1,100,0,120,0.0000,0.0000,764,16,748,0
615,2053490072,azul,vermelho,reativa,empate,0,-1,100,150,30,5.0000,0.0606,2240,16,2224,0
615,2053490072,azul,azul,heuristica,empate,0,-1,100,30,30,1.0000,0.0400,2687,129,2408,150
616,469087286,verde,verde,aleatoria,empate,0,-1,100,0,0,0.0000,0.0500,2283,0,2283,0
616,469087286,verde,vermelho,reativa,empate,0,-1,100,30,60,0.5000,0.0200,1769,3,1766,0
616,469087286,verde,azul,heuristica,empate,0,-1,100,60,30,2.0000,0.0300,2538,88,2359,91
617,244808538,vermelho,verde,aleatoria,vermelho,0,-3,46,30,120,0.2500,0.0435,514,9,505,0
617,244808538,vermelho,vermelho,reativa,vermelho,1,3,46,90,90,1.0000,0.0000,1033,6,1027,0
617,244808538,vermelho,azul,heuristica,vermelho,0,-3,46,210,120,1.7500,0.0667,1336,180,989,167
618,1697912004,azul,verde,aleatoria,azul,0,-3,28,0,120,0.0000,0.0000,507,7,500,0
618,1697912004,azul,vermelho,reativa,azul,0,-3,28,120,120,1.0000,0.0000,552,11,541,0
618,1697912004,azul,azul,heuristica,azul,1,3,28,210,90,2.3333,0.2500,1320,326,695,299
619,1196957329,verde,verde,aleatoria,empate,0,-1,100,0,120,0.0000,0.0000,1117,6,1111,0
619,1196957329,verde,vermelho,reativa,empate,0,-1,100,0,0,0.0000,0.0300,2127,1,2126,0
619,1196957329,verde,azul,heuristica,empate,0,-1,100,120,0,120.0000,0.0200,2520,213,2086,221
620,279705624,vermelho,verde,aleatoria,empate,0,-1,100,30,120,0.2500,0.0526,443,8,435,0
620,279705624,vermelho,vermelho,reativa,empate,0,-1,100,0,0,0.0000,0.0300,1989,0,1989,0
620,279705624,vermelho,azul,heuristica,empate,0,-1,100,120,30,4.0000,0.0300,1964,151,1660,153
621,440487415,azul,verde,aleatoria,empate,0,-1,100,0,0,0.0000,0.0808,2246,3,2243,0
621,440487415,azul,vermelho,reativa,empate,0,-1,100,90,120,0.7500,0.0513,883,8,875,0
621,440487415,azul,azul,heuristica,empate,0,-1,100,120,90,1.3333,0.0200,2172,143,1895,134
622,532420518,verde,verde,aleatoria,azul,0,-3,47,0,120,0.0000,0.0000,853,5,848,0
622,532420518,verde,vermelho,reativa,azul,0,-3,47,90,120,0.7500,0.0213,682,6,676,0
622,532420518,verde,azul,heuristica,azul,1,3,47,240,90,2.6667,0.0638,1634,284,1071,279
623,1534020729,vermelho,verde,aleatoria,vermelho,0,-3,76,0,120,0.0000,0.0000,1854,12,1842,0
623,1534020729,vermelho,vermelho,reativa,vermelho,1,3,76,240,60,4.0000,0.0132,1648,22,1626,0
623,1534020729,vermelho,azul,heuristica,vermelho,0,-3,76,60,120,0.5000,0.0000,479,100,282,97
624,1330977352,azul,verde,aleatoria,empate,0,-1,100,0,90,0.0000,0.1212,2392,14,2378,0
624,1330977352,azul,vermelho,reativa,empate,0,-1,100,210,60,3.5000,0.0707,2211,24,2187,0
624,1330977352,azul,azul,heuristica,empate,0,-1,100,60,120,0.5000,0.0000,517,70,372,75
625,1339491093,verde,verde,aleatoria,empate,0,-1,100,0,60,0.0000,0.0500,2051,6,2045,0
625,1339491093,verde,vermelho,reativa,empate,0,-1,100,90,120,0.7500,0.1395,1926,9,1917,0
625,1339491093,verde,azul,heuristica,empate,0,-1,100,180,90,2.0000,0.1500,3167,442,2291,434
626,2136906327,vermelho,verde,aleatoria,vermelho,0,-3,34,0,120,0.0000,0.0400,620,5,615,0
626,2136906327,vermelho,vermelho,reativa,vermelho,1,3,34,150,90,1.6667,0.0000,676,8,668,0
626,2136906327,vermelho,azul,heuristica,vermelho,0,-3,34,180,120,1.5000,0.0606,1244,251,775,218
627,523294266,azul,verde,aleatoria,empate,0,-1,100,0,0,0.0000,0.0404,2346,1,2345,0
627,523294266,azul,vermelho,reativa,empate,0,-1,100,90,120,0.7500,0.0222,851,5,846,0
627,523294266,azul,azul,heuristica,empate,0,-1,100,120,90,1.3333,0.0100,2447,228,1989,230
628,1234858072,verde,verde,aleatoria,empate,0,-1,100,0,90,0.0000,0.0000,2264,13,2251,0
628,1234858072,verde,vermelho,reativa,empate,0,-1,100,0,0,0.0000,0.0200,2057,3,2054,0
628,1234858072,verde,azul,heuristica,empate,0,-1,100,90,0,90.0000,0.0800,2600,111,2377,112
629,130403733,vermelho,verde,aleatoria,empate,0,-1,100,0,120,0.0000,0.1842,911,14,897,0
629,130403733,vermelho,vermelho,reativa,empate,0,-1,100,60,0,60.0000,0.0500,2235,19,2216,0
629,130403733,vermelho,azul,heuristica,empate,0,-1,100,90,30,3.0000,0.0900,2566,154,2266,146
630,444026286,azul,verde,aleatoria,vermelho,0,-3,30,0,100,0.0000,0.2593,652,12,640,0
630,444026286,azul,vermelho,reativa,vermelho,1,3,30,120,90,1.3333,0.0690,624,15,609,0
630,444026286,azul,azul,heuristica,vermelho,0,-3,30,190,120,1.5833,0.2069,1149,292,627,230
631,1706054446,verde,verde,aleatoria,empate,0,-1,100,0,120,0.0000,0.0000,523,5,518,0
631,1706054446,verde,vermelho,reativa,empate,0,-1,100,0,0,0.0000,0.3200,1698,1,1697,0
631,1706054446,verde,azul,heuristica,empate,0,-1,100,120,0,120.0000,0.0300,2483,140,2205,138
632,1251267710,vermelho,verde,aleatoria,empate,0,-1,100,0,120,0.0000,0.0286,837,9,828,0
632,1251267710,vermelho,vermelho,reativa,empate,0,-1,100,0,0,0.0000,0.9300,1969,35,1934,0
632,1251267710,vermelho,azul,heuristica,empate,0,-1,100,120,0,120.0000,0.0600,2385,178,2067,140
633,1966057535,azul,verde,aleatoria,azul,0,-3,24,0,120,0.0000,0.0870,585,10,575,0
633,1966057535,azul,vermelho,reativa,azul,0,-3,24,90,120,0.7500,0.0000,231,8,223,0
633,1966057535,azul,azul,heuristica,azul,1,3,24,240,90,2.6667,0.0417,1176,301,600,275
634,1965943761,verde,verde,aleatoria,empate,0,-1,100,0,0,0.0000,0.0200,2364,4,2360,0
634,1965943761,verde,vermelho,reativa,empate,0,-1,100,90,120,0.7500,0.0789,784,9,775,0
634,1965943761,verde,azul,heuristica,empate,0,-1,100,120,90,1.3333,0.0300,2042,98,1861,83
635,768926301,vermelho,verde,aleatoria,azul,0,-3,57,30,120,0.2500,0.0000,1358,12,1346,0
635,768926301,vermelho,vermelho,reativa,azul,0,-3,57,180,120,1.5000,0.0962,1042,19,1023,0
635,768926301,vermelho,azul,heuristica,azul,1,3,57,120,90,1.3333,0.0175,1664,228,1261,175
636,1881604470,azul,verde,aleatoria,empate,0,-1,100,0,30,0.0000,0.0303,2378,9,2369,0
636,1881604470,azul,vermelho,reativa,empate,0,-1,100,30,0,30.0000,0.0101,1782,8,1774,0
636,1881604470,azul,azul,heuristica,empate,0,-1,100,0,0,0.0000,0.0100,1791,1,1790,0
637,1256005152,verde,verde,aleatoria,azul,0,-3,73,0,100,0.0000,0.1370,1788,16,1772,0
637,1256005152,verde,vermelho,reativa,azul,0,-3,73,90,120,0.7500,0.0333,639,5,634,0
637,1256005152,verde,azul,heuristica,azul,1,3,73,220,90,2.4444,0.0548,2325,331,1674,320
638,866370088,vermelho,verde,aleatoria,azul,0,-3,24,0,120,0.0000,0.2500,503,8,495,0
638,866370088,vermelho,vermelho,reativa,azul,0,-3,24,150,120,1.2500,0.0417,481,14,467,0
638,866370088,vermelho,azul,heuristica,azul,1,3,24,180,90,2.0000,0.1667,1099,256,594,249
639,453976170,azul,verde,aleatoria,empate,0,-1,100,0,120,0.0000,0.0682,1009,5,1004,0
639,453976170,azul,vermelho,reativa,empate,0,-1,100,120,0,120.0000,0.0404,2250,14,2236,0
639,453976170,azul,azul,heuristica,empate,0,-1,100,0,0,0.0000,0.0000,1857,0,1857,0
640,960568082,verde,verde,aleatoria,vermelho,0,-3,65,30,120,0.2500,0.0208,1080,9,1071,0
640,960568082,verde,vermelho,reativa,vermelho,1,3,65,90,90,1.0000,0.0154,1502,10,1492,0
640,960568082,verde,azul,heuristica,vermelho,0,-3,65,210,120,1.7500,0.1094,1870,233,1404,233
641,1262463845,vermelho,verde,aleatoria,empate,0,-1,100,0,0,0.0000,0.0303,2420,0,2420,0
641,1262463845,vermelho,vermelho,reativa,empate,0,-1,100,90,120,0.7500,0.0000,228,5,223,0
641,1262463845,vermelho,azul,heuristica,empate,0,-1,100,120,90,1.3333,0.0100,1775,124,1538,113
642,1248811076,azul,verde,aleatoria,empate,0,-1,100,0,0,0.0000,0.0303,2306,3,2303,0
642,1248811076,azul,vermelho,reativa,empate,0,-1,100,90,120,0.7500,0.0303,707,5,702,0
642,1248811076,azul,azul,heuristica,empate,0,-1,100,120,90,1.3333,0.0100,2210,108,2003,99
643,1493478306,verde,verde,aleatoria,empate,0,-1,100,0,30,0.0000,0.0000,2341,3,2338,0
643,1493478306,verde,vermelho,reativa,empate,0,-1,100,150,90,1.6667,0.0400,2271,13,2258,0
643,1493478306,verde,azul,heuristica,empate,0,-1,100,90,120,0.7500,0.0769,528,103,325,100
644,665279136,vermelho,verde,aleatoria,empate,0,-1,100,30,30,1.0000,0.0303,2363,13,2350,0
644,665279136,vermelho,vermelho,reativa,empate,0,-1,100,60,30,2.0000,0.0500,1811,12,1799,0
644,665279136,vermelho,azul,heuristica,empate,0,-1,100,0,30,0.0000,0.0300,2051,65,1919,67
645,218716618,azul,verde,aleatoria,empate,0,-1,100,0,60,0.0000,0.1212,2420,13,2407,0
645,218716618,azul,vermelho,reativa,empate,0,-1,100,180,90,2.0000,0.0404,2200,16,2184,0
645,218716618,azul,azul,heuristica,empate,0,-1,100,90,120,0.7500,0.0000,539,128,287,124
646,640258826,verde,verde,aleatoria,vermelho,0,-3,92,0,120,0.0000,0.0000,2173,9,2164,0
646,640258826,verde,vermelho,reativa,vermelho,1,3,92,240,90,2.6667,0.0543,1933,20,1913,0
646,640258826,verde,azul,heuristica,vermelho,0,-3,92,90,120,0.7500,0.0294,858,74,715,69
647,1496625869,vermelho,verde,aleatoria,empate,0,-1,100,0,60,0.0000,0.0606,2222,11,2211,0
647,1496625869,vermelho,vermelho,reativa,empate,0,-1,100,180,90,2.0000,0.0300,2184,22,2162,0
647,1496625869,vermelho,azul,heuristica,empate,0,-1,100,90,120,0.7500,0.0000,1740,80,1589,71
648,129953772,azul,verde,aleatoria,empate,0,-1,100,0,30,0.0000,0.0202,2388,15,2373,0
648,129953772,azul,vermelho,reativa,empate,0,-1,100,150,60,2.5000,0.0505,2226,14,2212,0
648,129953772,azul,azul,heuristica,empate,0,-1,100,60,120,0.5000,0.3000,361,80,202,79
649,198795325,verde,verde,aleatoria,azul,0,-3,86,0,120,0.0000,0.0233,1998,11,1987,0
649,198795325,verde,vermelho,reativa,azul,0,-3,86,150,120,1.2500,0.0278,713,14,699,0
649,198795325,verde,azul,heuristica,azul,1,3,86,180,90,2.0000,0.0233,2590,326,1966,298
650,1092198279,vermelho,verde,aleatoria,vermelho,0,-3,46,30,120,0.2500,0.0000,532,5,527,0
650,1092198279,vermelho,vermelho,reativa,vermelho,1,3,46,90,30,3.0000,0.0217,1028,17,1011,0
650,1092198279,vermelho,azul,heuristica,vermelho,0,-3,46,150,120,1.2500,0.0000,1523,227,1073,223
651,779591759,azul,verde,aleatoria,empate,0,-1,100,0,70,0.0000,0.1717,2113,25,2088,0
651,779591759,azul,vermelho,reativa,empate,0,-1,100,70,0,70.0000,0.6768,1701,9,1692,0
651,779591759,azul,azul,heuristica,empate,0,-1,100,0,0,0.0000,0.0200,2015,115,1792,108
652,1317852308,verde,verde,aleatoria,empate,0,-1,100,0,0,0.0000,0.0500,2426,5,2421,0
652,1317852308,verde,vermelho,reativa,empate,0,-1,100,120,90,1.3333,0.0200,1286,9,1277,0
652,1317852308,verde,azul,heuristica,empate,0,-1,100,90,120,0.7500,0.0000,408,75,263,70
653,1288168034,vermelho,verde,aleatoria,empate,0,-1,100,0,120,0.0000,0.0000,310,5,305,0
653,1288168034,vermelho,vermelho,reativa,empate,0,-1,100,0,0,0.0000,0.0400,1949,0,1949,0
653,1288168034,vermelho,azul,heuristica,empate,0,-1,100,120,0,120.0000,0.0300,2310,123,2072,115
654,770170329,azul,verde,aleatoria,empate,0,-1,100,0,30,0.0000,0.0202,2384,8,2376,0
654,770170329,azul,vermelho,reativa,empate,0,-1,100,150,90,1.6667,0.0404,1992,19,1973,0
654,770170329,azul,azul,heuristica,empate,0,-1,100,90,120,0.7500,0.1042,1276,72,1137,67
655,1802537942,verde,verde,aleatoria,empate,0,-1,100,0,0,0.0000,0.0200,2435,8,2427,0
655,1802537942,verde,vermelho,reativa,empate,0,-1,100,90,120,0.7500,0.0000,524,10,514,0
655,1802537942,verde,azul,heuristica,empate,0,-1,100,120,90,1.3333,0.0100,2147,142,1880,125
656,714072783,vermelho,verde,aleatoria,empate,0,-1,100,0,120,0.0000,0.2857,513,4,509,0
656,714072783,vermelho,vermelho,reativa,empate,0,-1,100,120,0,120.0000,0.2800,2033,16,2017,0
656,714072783,vermelho,azul,heuristica,empate,0,-1,100,0,0,0.0000,0.0000,1981,17,1947,17
657,1894773843,azul,verde,aleatoria,vermelho,0,-3,78,0,120,0.0000,0.1351,849,5,844,0
657,1894773843,azul,vermelho,reativa,vermelho,1,3,78,150,90,1.6667,0.0649,1487,14,1473,0
657,1894773843,azul,azul,heuristica,vermelho,0,-3,78,180,120,1.5000,0.0909,2144,218,1712,214
658,1299649723,verde,verde,aleatoria,empate,0,-1,100,0,60,0.0000,0.0300,2492,8,2484,0
658,1299649723,verde,vermelho,reativa,empate,0,-1,100,180,60,3.0000,0.0300,1873,18,1855,0
658,1299649723,verde,azul,heuristica,empate,0,-1,100,60,120,0.5000,0.0882,1777,121,1525,131
659,951999122,vermelho,verde,aleatoria,vermelho,0,-3,52,0,120,0.0000,0.0000,600,4,596,0
659,951999122,vermelho,vermelho,reativa,vermelho,1,3,52,240,90,2.6667,0.0192,1054,19,1035,0
659,951999122,vermelho,azul,heuristica,vermelho,0,-3,52,90,120,0.7500,0.0196,1091,71,954,66
660,2094539556,azul,verde,aleatoria,empate,0,-1,100,0,30,0.0000,0.0404,2305,24,2281,0
660,2094539556,azul,vermelho,reativa,empate,0,-1,100,0,0,0.0000,0.0404,2033,31,2002,0
660,2094539556,azul,azul,heuristica,empate,0,-1,100,30,0,30.0000,0.0000,1601,105,1431,65
661,1988806916,verde,verde,aleatoria,empate,0,-1,100,30,120,0.2500,0.0781,1468,22,1446,0
661,1988806916,verde,vermelho,reativa,empate,0,-1,100,90,30,3.0000,0.0200,1917,30,1887,0
661,1988806916,verde,azul,heuristica,empate,0,-1,100,30,0,30.0000,0.0500,1769,84,1612,73
662,589686748,vermelho,verde,aleatoria,verde,1,3,38,30,60,0.5000,0.0000,867,17,850,0
662,589686748,vermelho,vermelho,reativa,verde,0,-3,38,90,120,0.7500,0.0000,633,7,626,0
662,589686748,vermelho,azul,heuristica,verde,0,-3,38,180,120,1.5000,0.0000,1349,256,896,197
663,2020755370,azul,verde,aleatoria,azul,0,-3,74,0,120,0.0000,0.0274,1718,8,1710,0
663,2020755370,azul,vermelho,reativa,azul,0,-3,74,90,120,0.7500,0.0476,453,4,449,0
663,2020755370,azul,azul,heuristica,azul,1,3,74,240,90,2.6667,0.0811,2424,360,1697,367
664,880251236,verde,verde,aleatoria,empate,0,-1,100,0,120,0.0000,0.1111,836,5,831,0
664,880251236,verde,vermelho,reativa,empate,0,-1,100,0,0,0.0000,0.9900,1524,3,1521,0
664,880251236,verde,azul,heuristica,empate,0,-1,100,120,0,120.0000,0.0400,2214,125,1977,112
665,495973414,vermelho,verde,aleatoria,empate,0,-1,100,0,120,0.0000,0.0000,1406,33,1373,0
665,495973414,vermelho,vermelho,reativa,empate,0,-1,100,120,0,120.0000,0.0000,1686,49,1637,0
665,495973414,vermelho,azul,heuristica,empate,0,-1,100,0,0,0.0000,0.0000,2003,55,1948,0
666,984970438,azul,verde,aleatoria,azul,0,-3,16,0,120,0.0000,0.0000,319,7,312,0
666,984970438,azul,vermelho,reativa,azul,0,-3,16,150,120,1.2500,0.0000,260,14,246,0
666,984970438,azul,azul,heuristica,azul,1,3,16,180,90,2.0000,0.0625,882,276,386,220
667,220068118,verde,verde,aleatoria,empate,0,-1,100,0,60,0.0000,0.0900,2355,7,2348,0
667,220068118,verde,vermelho,reativa,empate,0,-1,100,150,90,1.6667,0.0000,1664,16,1648,0
667,220068118,verde,azul,heuristica,empate,0,-1,100,120,120,1.0000,0.0263,1232,161,900,171
668,1454005916,vermelho,verde,aleatoria,vermelho,0,-3,56,0,120,0.0000,0.0000,978,5,973,0
668,1454005916,vermelho,vermelho,reativa,vermelho,1,3,56,120,90,1.3333,0.0357,1217,6,1211,0
668,1454005916,vermelho,azul,heuristica,vermelho,0,-3,56,210,120,1.7500,0.1091,1917,276,1343,298
669,111536335,azul,verde,aleatoria,empate,0,-1,100,0,0,0.0000,0.0303,2218,18,2200,0
669,111536335,azul,vermelho,reativa,empate,0,-1,100,0,0,0.0000,0.0404,1771,1,1770,0
669,111536335,azul,azul,heuristica,empate,0,-1,100,0,0,0.0000,0.0300,2192,84,2009,99
670,228923756,verde,verde,aleatoria,azul,0,-3,68,0,120,0.0000,0.0000,323,4,319,0
670,228923756,verde,vermelho,reativa,azul,0,-3,68,210,120,1.7500,0.0588,1408,15,1393,0
670,228923756,verde,azul,heuristica,azul,1,3,68,120,90,1.3333,0.0882,1802,129,1547,126
671,1575262061,vermelho,verde,aleatoria,empate,0,-1,100,0,0,0.0000,0.0909,2279,5,2274,0
671,1575262061,vermelho,vermelho,reativa,empate,0,-1,100,90,120,0.7500,0.0588,322,5,317,0
671,1575262061,vermelho,azul,heuristica,empate,0,-1,100,120,90,1.3333,0.0500,2718,216,2266,236
672,1373973555,azul,verde,aleatoria,vermelho,0,-3,56,30,120,0.2500,0.0000,1349,22,1327,0
672,1373973555,azul,vermelho,reativa,vermelho,1,3,56,180,60,3.0000,0.0364,1174,24,1150,0
672,1373973555,azul,azul,heuristica,vermelho,0,-3,56,90,120,0.7500,0.1000,571,76,423,72
673,192519457,verde,verde,aleatoria,vermelho,0,-3,66,0,120,0.0000,0.0222,1023,8,1015,0
673,192519457,verde,vermelho,reativa,vermelho,1,3,66,120,60,2.0000,0.0606,1432,8,1424,0
673,192519457,verde,azul,heuristica,vermelho,0,-3,66,180,120,1.5000,0.0154,2122,284,1564,274
674,944968278,vermelho,verde,aleatoria,empate,0,-1,100,0,0,0.0000,0.0505,2150,1,2149,0
674,944968278,vermelho,vermelho,reativa,empate,0,-1,100,120,60,2.0000,0.0500,1979,13,1966,0
674,944968278,vermelho,azul,heuristica,empate,0,-1,100,60,120,0.5000,0.0750,1195,121,949,125
675,2011085058,azul,verde,aleatoria,azul,0,-3,32,0,120,0.0000,0.0000,781,6,775,0
675,2011085058,azul,vermelho,reativa,azul,0,-3,32,90,120,0.7500,0.0769,238,5,233,0
675,2011085058,azul,azul,heuristica,azul,1,3,32,240,90,2.6667,0.0313,1132,223,688,221
676,88572083,verde,verde,aleatoria,empate,0,-1,100,0,120,0.0000,0.0000,998,16,982,0
676,88572083,verde,vermelho,reativa,empate,0,-1,100,180,30,6.0000,0.0600,2055,25,2030,0
676,88572083,verde,azul,heuristica,empate,0,-1,100,30,60,0.5000,0.0700,1751,53,1657,41
677,1970560963,vermelho,verde,aleatoria,empate,0,-1,100,0,0,0.0000,0.1515,2357,15,2342,0
677,1970560963,vermelho,vermelho,reativa,empate,0,-1,100,120,90,1.3333,0.0200,1502,17,1485,0
677,1970560963,vermelho,azul,heuristica,empate,0,-1,100,90,120,0.7500,0.0882,1806,102,1604,100
678,307584755,azul,verde,aleatoria,empate,0,-1,100,0,120,0.0000,0.0000,1553,21,1532,0
678,307584755,azul,vermelho,reativa,empate,0,-1,100,30,0,30.0000,0.0404,2259,11,2248,0
678,307584755,azul,azul,heuristica,empate,0,-1,100,90,0,90.0000,0.1200,2535,168,2215,152
679,1869256894,verde,verde,aleatoria,empate,0,-1,100,0,0,0.0000,0.0600,2183,1,2182,0
679,1869256894,verde,vermelho,reativa,empate,0,-1,100,120,90,1.3333,0.0300,2199,9,2190,0
679,1869256894,verde,azul,heuristica,empate,0,-1,100,90,120,0.7500,0.0000,934,78,785,71
680,79134275,vermelho,verde,aleatoria,empate,0,-1,100,0,120,0.0000,0.0000,730,9,721,0
680,79134275,vermelho,vermelho,reativa,empate,0,-1,100,30,0,30.0000,0.0500,1943,15,1928,0
680,79134275,vermelho,azul,heuristica,empate,0,-1,100,120,30,4.0000,0.0300,2945,396,2172,377
681,1664664159,azul,verde,aleatoria,empate,0,-1,100,0,0,0.0000,0.0707,2369,9,2360,0
681,1664664159,azul,vermelho,reativa,empate,0,-1,100,90,120,0.7500,0.1250,313,5,308,0
681,1664664159,azul,azul,heuristica,empate,0,-1,100,120,90,1.3333,0.0000,2216,116,2000,100
682,460515643,verde,verde,aleatoria,empate,0,-1,100,0,120,0.0000,0.0278,801,15,786,0
682,460515643,verde,vermelho,reativa,empate,0,-1,100,120,0,120.0000,0.0300,1811,19,1792,0
682,460515643,verde,azul,heuristica,empate,0,-1,100,0,0,0.0000,0.0200,1867,28,1816,23
683,947373156,vermelho,verde,aleatoria,empate,0,-1,100,0,100,0.0000,0.1639,1463,8,1455,0
683,947373156,vermelho,vermelho,reativa,empate,0,-1,100,0,0,0.0000,0.1200,2351,10,2341,0
683,947373156,vermelho,azul,heuristica,empate,0,-1,100,100,0,100.0000,0.0300,2636,212,2209,215
684,2132834058,azul,verde,aleatoria,empate,0,-1,100,0,60,0.0000,0.0404,2273,15,2258,0
684,2132834058,azul,vermelho,reativa,empate,0,-1,100,60,0,60.0000,0.0202,1574,41,1533,0
684,2132834058,azul,azul,heuristica,empate,0,-1,100,0,0,0.0000,0.0000,1845,32,1813,0
685,1519292891,verde,verde,aleatoria,empate,0,-1,100,0,90,0.0000,0.0200,2350,10,2340,0
685,1519292891,verde,vermelho,reativa,empate,0,-1,100,210,60,3.5000,0.0300,2138,20,2118,0
685,1519292891,verde,azul,heuristica,empate,0,-1,100,60,120,0.5000,0.0667,493,73,348,72
686,1220596411,vermelho,verde,aleatoria,azul,0,-3,41,0,120,0.0000,0.0250,984,6,978,0
686,1220596411,vermelho,vermelho,reativa,azul,0,-3,41,90,120,0.7500,0.0000,610,5,605,0
686,1220596411,vermelho,azul,heuristica,azul,1,3,41,240,90,2.6667,0.0244,1377,253,891,233
687,1048016289,azul,verde,aleatoria,empate,0,-1,100,0,0,0.0000,0.0808,2291,2,2289,0
687,1048016289,azul,vermelho,reativa,empate,0,-1,100,0,0,0.0000,0.0202,1807,5,1802,0
687,1048016289,azul,azul,heuristica,empate,0,-1,100,0,0,0.0000,0.0000,1278,0,1278,0
688,522013940,verde,verde,aleatoria,azul,0,-3,61,0,100,0.0000,0.0465,892,16,876,0
688,522013940,verde,vermelho,reativa,azul,0,-3,61,190,120,1.5833,0.0164,1079,27,1052,0
688,522013940,verde,azul,heuristica,azul,1,3,61,120,90,1.3333,0.0656,1829,239,1357,233
689,1709267489,vermelho,verde,aleatoria,empate,0,-1,100,30,90,0.3333,0.0303,2346,17,2329,0
689,1709267489,vermelho,vermelho,reativa,empate,0,-1,100,150,120,1.2500,0.0353,1787,18,1769,0
689,1709267489,vermelho,azul,heuristica,empate,0,-1,100,90,60,1.5000,0.0500,2126,97,1938,91
690,1729243779,azul,verde,aleatoria,empate,0,-1,100,30,120,0.2500,0.1139,1919,18,1901,0
690,1729243779,azul,vermelho,reativa,empate,0,-1,100,90,30,3.0000,0.0707,1845,12,1833,0
690,1729243779,azul,azul,heuristica,empate,0,-1,100,30,0,30.0000,0.0400,2089,51,1994,44
691,1784580866,verde,verde,aleatoria,vermelho,0,-3,63,0,120,0.0000,0.0000,474,7,467,0
691,1784580866,verde,vermelho,reativa,vermelho,1,3,63,150,90,1.6667,0.0635,1328,9,1319,0
691,1784580866,verde,azul,heuristica,vermelho,0,-3,63,180,120,1.5000,0.1290,1984,253,1485,246
692,1491450575,vermelho,verde,aleatoria,empate,0,-1,100,0,0,0.0000,0.0000,2298,2,2296,0
692,1491450575,vermelho,vermelho,reativa,empate,0,-1,100,120,90,1.3333,0.0000,1440,9,1431,0
692,1491450575,vermelho,azul,heuristica,empate,0,-1,100,90,120,0.7500,0.0465,1175,99,984,92
693,1568923797,azul,verde,aleatoria,empate,0,-1,100,0,90,0.0000,0.0000,2311,41,2270,0
693,1568923797,azul,vermelho,reativa,empate,0,-1,100,90,0,90.0000,0.0101,2002,15,1987,0
693,1568923797,azul,azul,heuristica,empate,0,-1,100,0,0,0.0000,0.0100,1760,27,1710,23
694,362309885,verde,verde,aleatoria,empate,0,-1,100,0,30,0.0000,0.0500,2274,9,2265,0
694,362309885,verde,vermelho,reativa,empate,0,-1,100,150,90,1.6667,0.0400,1822,13,1809,0
694,362309885,verde,azul,heuristica,empate,0,-1,100,90,120,0.7500,0.0000,348,98,150,100
695,2101121314,vermelho,verde,aleatoria,empate,0,-1,100,0,0,0.0000,0.0303,2438,2,2436,0
695,2101121314,vermelho,vermelho,reativa,empate,0,-1,100,110,80,1.3750,0.0700,1875,9,1866,0
695,2101121314,vermelho,azul,heuristica,empate,0,-1,100,80,110,0.7273,0.2222,521,152,222,147
696,1869267578,azul,verde,aleatoria,azul,0,-3,67,30,120,0.2500,0.0577,1298,17,1281,0
696,1869267578,azul,vermelho,reativa,azul,0,-3,67,180,120,1.5000,0.0455,1429,27,1402,0
696,1869267578,azul,azul,heuristica,azul,1,3,67,90,60,1.5000,0.3433,1582,190,1235,157
697,594861639,verde,verde,aleatoria,empate,0,-1,100,0,0,0.0000,0.0100,2280,11,2269,0
697,594861639,verde,vermelho,reativa,empate,0,-1,100,30,0,30.0000,0.0500,2344,5,2339,0
697,594861639,verde,azul,heuristica,empate,0,-1,100,0,30,0.0000,0.0600,2130,90,1955,85
698,562332132,vermelho,verde,aleatoria,vermelho,0,-3,15,60,120,0.5000,0.0000,281,6,275,0
698,562332132,vermelho,vermelho,reativa,vermelho,1,3,15,60,30,2.0000,0.1333,323,6,317,0
698,562332132,vermelho,azul,heuristica,vermelho,0,-3,15,150,120,1.2500,0.0000,770,218,337,215
699,141045692,azul,verde,aleatoria,vermelho,0,-3,35,0,120,0.0000,0.0000,825,14,811,0
699,141045692,azul,vermelho,reativa,vermelho,1,3,35,240,90,2.6667,0.0588,619,24,595,0
699,141045692,azul,azul,heuristica,vermelho,0,-3,35,90,120,0.7500,0.0909,1353,354,760,239
700,893437542,verde,verde,aleatoria,verde,1,3,29,30,30,1.0000,0.1034,705,4,701,0
700,893437542,verde,vermelho,reativa,verde,0,-3,29,90,120,0.7500,0.0435,489,5,484,0
700,893437542,verde,azul,heuristica,verde,0,-3,29,150,120,1.2500,0.1429,1038,195,651,192
701,1356990828,vermelho,verde,aleatoria,vermelho,0,-3,68,0,120,0.0000,0.0370,687,13,674,0
701,1356990828,vermelho,vermelho,reativa,vermelho,1,3,68,110,90,1.2222,0.0441,1167,14,1153,0
701,1356990828,vermelho,azul,heuristica,vermelho,0,-3,68,210,110,1.9091,0.1493,2261,357,1552,352
702,758057594,azul,verde,aleatoria,empate,0,-1,100,0,0,0.0000,0.1212,2322,1,2321,0
702,758057594,azul,vermelho,reativa,empate,0,-1,100,90,120,0.7500,0.0000,130,5,125,0
702,758057594,azul,azul,heuristica,empate,0,-1,100,120,90,1.3333,0.0100,2259,124,2011,124
703,1224258741,verde,verde,aleatoria,empate,0,-1,100,30,60,0.5000,0.1100,2428,11,2417,0
703,1224258741,verde,vermelho,reativa,empate,0,-1,100,180,90,2.0000,0.1300,2138,22,2116,0
703,1224258741,verde,azul,heuristica,empate,0,-1,100,60,120,0.5000,0.0649,2046,100,1847,99
704,1738688665,vermelho,verde,aleatoria,empate,0,-1,100,0,60,0.0000,0.0101,2119,23,2096,0
704,1738688665,vermelho,vermelho,reativa,empate,0,-1,100,0,0,0.0000,0.0000,1759,25,1734,0
704,1738688665,vermelho,azul,heuristica,empate,0,-1,100,60,0,60.0000,0.3000,2012,56,1908,48
705,284656161,azul,verde,aleatoria,empate,0,-1,100,0,120,0.0000,0.1277,1183,8,1175,0
705,284656161,azul,vermelho,reativa,empate,0,-1,100,0,0,0.0000,0.0505,1702,1,1701,0
705,284656161,azul,azul,heuristica,empate,0,-1,100,120,0,120.0000,0.0700,2481,209,2057,215
706,1037174125,verde,verde,aleatoria,empate,0,-1,100,0,120,0.0000,0.0000,345,5,340,0
706,1037174125,verde,vermelho,reativa,empate,0,-1,100,0,0,0.0000,0.0800,2309,6,2303,0
706,1037174125,verde,azul,heuristica,empate,0,-1,100,120,0,120.0000,0.4000,2124,139,1861,124
707,1145925364,vermelho,verde,aleatoria,empate,0,-1,100,0,30,0.0000,0.0000,2334,7,2327,0
707,1145925364,vermelho,vermelho,reativa,empate,0,-1,100,110,80,1.3750,0.0600,1744,9,1735,0
707,1145925364,vermelho,azul,heuristica,empate,0,-1,100,110,110,1.0000,0.1558,2351,294,1768,289
708,79466218,azul,verde,aleatoria,empate,0,-1,100,0,30,0.0000,0.0202,2306,7,2299,0
708,79466218,azul,vermelho,reativa,empate,0,-1,100,120,100,1.2000,0.2222,979,18,961,0
708,79466218,azul,azul,heuristica,empate,0,-1,100,100,90,1.1111,0.1400,2857,265,2326,266
709,508015536,verde,verde,aleatoria,empate,0,-1,100,0,120,0.0000,0.0698,980,8,972,0
709,508015536,verde,vermelho,reativa,empate,0,-1,100,0,0,0.0000,0.0000,1218,0,1218,0
709,508015536,verde,azul,heuristica,empate,0,-1,100,120,0,120.0000,0.0600,2418,231,1941,246
710,302173163,vermelho,verde,aleatoria,verde,1,3,61,30,60,0.5000,0.0000,1301,15,1286,0
710,302173163,vermelho,vermelho,reativa,verde,0,-3,61,90,120,0.7500,0.0500,396,7,389,0
710,302173163,vermelho,azul,heuristica,verde,0,-3,61,180,120,1.5000,0.0500,1803,178,1436,189
711,491820749,azul,verde,aleatoria,empate,0,-1,100,0,120,0.0000,0.0000,1192,17,1175,0
711,491820749,azul,vermelho,reativa,empate,0,-1,100,180,60,3.0000,0.0404,1964,16,1948,0
711,491820749,azul,azul,heuristica,empate,0,-1,100,90,90,1.0000,0.0500,2621,161,2307,153
712,247657394,verde,verde,aleatoria,empate,0,-1,100,0,0,0.0000,0.0700,2429,2,2427,0
712,247657394,verde,vermelho,reativa,empate,0,-1,100,90,120,0.7500,0.0000,1118,10,1108,0
712,247657394,verde,azul,heuristica,empate,0,-1,100,120,90,1.3333,0.0200,2641,166,2297,178
713,1776086572,vermelho,verde,aleatoria,empate,0,-1,100,0,0,0.0000,0.0404,2233,0,2233,0
713,1776086572,vermelho,vermelho,reativa,empate,0,-1,100,120,90,1.3333,0.0300,1721,8,1713,0
713,1776086572,vermelho,azul,heuristica,empate,0,-1,100,90,120,0.7500,0.1176,1193,211,750,232
714,1632761478,azul,verde,aleatoria,vermelho,0,-3,64,0,120,0.0000,0.0000,1480,6,1474,0
714,1632761478,azul,vermelho,reativa,vermelho,1,3,64,240,90,2.6667,0.0159,1080,20,1060,0
714,1632761478,azul,azul,heuristica,vermelho,0,-3,64,90,120,0.7500,0.1111,364,79,212,73
715,231975991,verde,verde,aleatoria,empate,0,-1,100,0,90,0.0000,0.1600,2358,12,2346,0
715,231975991,verde,vermelho,reativa,empate,0,-1,100,90,120,0.7500,0.0769,258,9,249,0
715,231975991,verde,azul,heuristica,empate,0,-1,100,210,90,2.3333,0.1500,3053,379,2358,316
716,733326103,vermelho,verde,aleatoria,empate,0,-1,100,0,60,0.0000,0.0707,2389,9,2380,0
716,733326103,vermelho,vermelho,reativa,empate,0,-1,100,90,120,0.7500,0.0000,730,4,726,0
716,733326103,vermelho,azul,heuristica,empate,0,-1,100,180,90,2.0000,0.0500,3148,364,2428,356
717,1411364412,azul,verde,aleatoria,vermelho,0,-3,47,0,120,0.0000,0.0000,976,16,960,0
717,1411364412,azul,vermelho,reativa,vermelho,1,3,47,120,90,1.3333,0.0435,1030,10,1020,0
717,1411364412,azul,azul,heuristica,vermelho,0,-3,47,210,120,1.7500,0.1304,1442,236,979,227
718,1200314224,verde,verde,aleatoria,empate,0,-1,100,30,120,0.2500,0.0357,2021,9,2012,0
718,1200314224,verde,vermelho,reativa,empate,0,-1,100,120,30,4.0000,0.0000,1973,12,1961,0
718,1200314224,verde,azul,heuristica,empate,0,-1,100,0,0,0.0000,0.0700,1833,0,1833,0
719,1259110644,vermelho,verde,aleatoria,vermelho,0,-3,47,0,120,0.0000,0.1053,472,10,462,0
719,1259110644,vermelho,vermelho,reativa,vermelho,1,3,47,240,90,2.6667,0.1064,938,29,909,0
719,1259110644,vermelho,azul,heuristica,vermelho,0,-3,47,90,120,0.7500,0.1087,1283,96,1097,90
720,447719130,azul,verde,aleatoria,vermelho,0,-3,33,0,120,0.0000,0.0000,279,4,275,0
720,447719130,azul,vermelho,reativa,vermelho,1,3,33,150,90,1.6667,0.0313,668,15,653,0
720,447719130,azul,azul,heuristica,vermelho,0,-3,33,180,120,1.5000,0.0625,1277,263,770,244
721,1722184469,verde,verde,aleatoria,empate,0,-1,100,0,110,0.0000,0.0909,1292,10,1282,0
721,1722184469,verde,vermelho,reativa,empate,0,-1,100,0,0,0.0000,0.0300,2005,4,2001,0
721,1722184469,verde,azul,heuristica,empate,0,-1,100,110,0,110.0000,0.0700,3469,543,2378,548
722,327044082,vermelho,verde,aleatoria,empate,0,-1,100,0,0,0.0000,0.0303,2140,0,2140,0
722,327044082,vermelho,vermelho,reativa,empate,0,-1,100,90,120,0.7500,0.0250,721,6,715,0
722,327044082,vermelho,azul,heuristica,empate,0,-1,100,120,90,1.3333,0.0300,2167,116,1939,112
723,592593125,azul,verde,aleatoria,azul,0,-3,40,0,120,0.0000,0.0000,432,7,425,0
723,592593125,azul,vermelho,reativa,azul,0,-3,40,180,120,1.5000,0.0256,790,11,779,0
723,592593125,azul,azul,heuristica,azul,1,3,40,150,90,1.6667,0.0750,1315,170,970,175
724,580558835,verde,verde,aleatoria,verde,1,3,62,30,20,1.5000,0.1935,1320,5,1315,0
724,580558835,verde,vermelho,reativa,verde,0,-3,62,140,120,1.1667,0.0492,1100,13,1087,0
724,580558835,verde,azul,heuristica,verde,0,-3,62,90,120,0.7500,0.1250,869,147,572,150
725,1641414582,vermelho,verde,aleatoria,empate,0,-1,100,0,0,0.0000,0.0606,2383,0,2383,0
725,1641414582,vermelho,vermelho,reativa,empate,0,-1,100,0,0,0.0000,0.0100,1738,0,1738,0
725,1641414582,vermelho,azul,heuristica,empate,0,-1,100,0,0,0.0000,0.0000,1271,0,1271,0
726,1314131657,azul,verde,aleatoria,empate,0,-1,100,0,30,0.0000,0.0101,2389,34,2355,0
726,1314131657,azul,vermelho,reativa,empate,0,-1,100,30,0,30.0000,0.0202,2162,35,2127,0
726,1314131657,azul,azul,heuristica,empate,0,-1,100,0,0,0.0000,0.0300,1730,125,1508,97
727,2077249961,verde,verde,aleatoria,empate,0,-1,100,0,120,0.0000,0.0435,592,17,575,0
727,2077249961,verde,vermelho,reativa,empate,0,-1,100,90,0,90.0000,0.7200,1523,14,1509,0
727,2077249961,verde,azul,heuristica,empate,0,-1,100,30,0,30.0000,0.7300,4328,880,2476,972
728,626421707,vermelho,verde,aleatoria,azul,0,-3,56,0,120,0.0000,0.0000,292,6,286,0
728,626421707,vermelho,vermelho,reativa,azul,0,-3,56,210,120,1.7500,0.1071,1186,22,1164,0
728,626421707,vermelho,azul,heuristica,azul,1,3,56,120,90,1.3333,0.0893,1616,168,1278,170
729,1432468837,azul,verde,aleatoria,azul,0,-3,44,0,120,0.0000,0.0370,637,4,633,0
729,1432468837,azul,vermelho,reativa,azul,0,-3,44,210,120,1.7500,0.0233,868,14,854,0
729,1432468837,azul,azul,heuristica,azul,1,3,44,120,90,1.3333,0.0682,1243,109,1034,100
730,2024764721,verde,verde,aleatoria,empate,0,-1,100,0,120,0.0000,0.0167,1405,16,1389,0
730,2024764721,verde,vermelho,reativa,empate,0,-1,100,30,0,30.0000,0.0400,2076,6,2070,0
730,2024764721,verde,azul,heuristica,empate,0,-1,100,90,0,90.0000,0.0500,2769,217,2331,221
731,1142105127,vermelho,verde,aleatoria,empate,0,-1,100,0,120,0.0000,0.0000,1132,20,1112,0
731,1142105127,vermelho,vermelho,reativa,empate,0,-1,100,150,0,150.0000,0.0700,2320,33,2287,0
731,1142105127,vermelho,azul,heuristica,empate,0,-1,100,0,30,0.0000,0.1000,2402,40,2314,48
732,356399633,azul,verde,aleatoria,azul,0,-3,93,0,120,0.0000,0.1087,2299,10,2289,0
732,356399633,azul,vermelho,reativa,azul,0,-3,93,90,120,0.7500,0.0000,119,5,114,0
732,356399633,azul,azul,heuristica,azul,1,3,93,240,90,2.6667,0.1183,2685,278,2135,272
733,275188426,verde,verde,aleatoria,empate,0,-1,100,0,30,0.0000,0.0700,2079,8,2071,0
733,275188426,verde,vermelho,reativa,empate,0,-1,100,150,90,1.6667,0.0200,2276,11,2265,0
733,275188426,verde,azul,heuristica,empate,0,-1,100,90,120,0.7500,0.4000,506,131,250,125
734,1434154751,vermelho,verde,aleatoria,empate,0,-1,100,30,120,0.2500,0.0000,536,19,517,0
734,1434154751,vermelho,vermelho,reativa,empate,0,-1,100,60,30,2.0000,0.0500,2276,18,2258,0
734,1434154751,vermelho,azul,heuristica,empate,0,-1,100,120,60,2.0000,0.0400,2588,199,2202,187
735,1801140829,azul,verde,aleatoria,empate,0,-1,100,0,30,0.0000,0.1313,2334,20,2314,0
735,1801140829,azul,vermelho,reativa,empate,0,-1,100,60,0,60.0000,0.0202,1921,17,1904,0
735,1801140829,azul,azul,heuristica,empate,0,-1,100,0,30,0.0000,0.0300,2115,24,2071,20
736,1993507864,verde,verde,aleatoria,empate,0,-1,100,30,110,0.2727,0.0256,1879,20,1859,0
736,1993507864,verde,vermelho,reativa,empate,0,-1,100,0,0,0.0000,0.0000,1892,0,1892,0
736,1993507864,verde,azul,heuristica,empate,0,-1,100,110,30,3.6667,0.0300,2291,180,1934,177
737,2023364721,vermelho,verde,aleatoria,empate,0,-1,100,30,60,0.5000,0.1818,2384,17,2367,0
737,2023364721,vermelho,vermelho,reativa,empate,0,-1,100,90,60,1.5000,0.0100,1897,16,1881,0
737,2023364721,vermelho,azul,heuristica,empate,0,-1,100,120,120,1.0000,0.0926,1579,146,1298,135
738,134698184,azul,verde,aleatoria,empate,0,-1,100,0,120,0.0000,0.0400,622,9,613,0
738,134698184,azul,vermelho,reativa,empate,0,-1,100,0,30,0.0000,0.0404,2314,11,2303,0
738,134698184,azul,azul,heuristica,empate,0,-1,100,150,0,150.0000,0.0700,2946,313,2360,273
739,1583040395,verde,verde,aleatoria,empate,0,-1,100,30,120,0.2500,0.0000,1121,12,1109,0
739,1583040395,verde,vermelho,reativa,empate,0,-1,100,120,30,4.0000,0.0200,2213,18,2195,0
739,1583040395,verde,azul,heuristica,empate,0,-1,100,0,0,0.0000,0.0300,1853,45,1765,43
740,1032295844,vermelho,verde,aleatoria,empate,0,-1,100,0,80,0.0000,0.0606,2446,14,2432,0
740,1032295844,vermelho,vermelho,reativa,empate,0,-1,100,120,120,1.0000,0.0909,730,10,720,0
740,1032295844,vermelho,azul,heuristica,empate,0,-1,100,140,60,2.3333,0.4200,2313,266,1887,160
741,1889624383,azul,verde,aleatoria,vermelho,0,-3,42,0,120,0.0000,0.0488,983,5,978,0
741,1889624383,azul,vermelho,reativa,vermelho,1,3,42,210,90,2.3333,0.0732,844,15,829,0
741,1889624383,azul,azul,heuristica,vermelho,0,-3,42,120,120,1.0000,0.0000,698,152,396,150
742,1838169115,verde,verde,aleatoria,empate,0,-1,100,0,120,0.0000,0.0000,629,6,623,0
742,1838169115,verde,vermelho,reativa,empate,0,-1,100,0,0,0.0000,0.0000,1181,3,1178,0
742,1838169115,verde,azul,heuristica,empate,0,-1,100,120,0,120.0000,0.0300,2567,156,2264,147
743,532023419,vermelho,verde,aleatoria,empate,0,-1,100,0,20,0.0000,0.1010,2188,10,2178,0
743,532023419,vermelho,vermelho,reativa,empate,0,-1,100,110,120,0.9167,0.0952,413,10,403,0
743,532023419,vermelho,azul,heuristica,empate,0,-1,100,120,90,1.3333,0.0300,2111,247,1641,223
744,1693007723,azul,verde,aleatoria,empate,0,-1,100,0,0,0.0000,0.0303,2399,11,2388,0
744,1693007723,azul,vermelho,reativa,empate,0,-1,100,0,0,0.0000,0.0000,1675,47,1628,0
744,1693007723,azul,azul,heuristica,empate,0,-1,100,0,0,0.0000,0.0100,1318,51,1267,0
745,685610348,verde,verde,aleatoria,vermelho,0,-3,20,0,120,0.0000,0.0000,439,12,427,0
745,685610348,verde,vermelho,reativa,vermelho,1,3,20,150,90,1.6667,0.1000,381,11,370,0
745,685610348,verde,azul,heuristica,vermelho,0,-3,20,180,120,1.5000,0.0526,917,262,447,208
746,226624391,vermelho,verde,aleatoria,azul,0,-3,45,0,120,0.0000,0.0682,1082,11,1071,0
746,226624391,vermelho,vermelho,reativa,azul,0,-3,45,120,120,1.0000,0.0000,379,7,372,0
746,226624391,vermelho,azul,heuristica,azul,1,3,45,210,90,2.3333,0.2000,1739,326,1093,320
747,104280143,azul,verde,aleatoria,empate,0,-1,100,0,120,0.0000,0.0000,1277,8,1269,0
747,104280143,azul,vermelho,reativa,empate,0,-1,100,120,0,120.0000,0.0000,1992,11,1981,0
747,104280143,azul,azul,heuristica,empate,0,-1,100,0,0,0.0000,0.0000,1755,0,1755,0
748,5114185,verde,verde,aleatoria,empate,0,-1,100,0,0,0.0000,0.0000,2395,9,2386,0
748,5114185,verde,vermelho,reativa,empate,0,-1,100,120,90,1.3333,0.0100,1452,10,1442,0
748,5114185,verde,azul,heuristica,empate,0,-1,100,90,120,0.7500,0.0541,1028,80,866,82
749,2053688377,vermelho,verde,aleatoria,azul,0,-3,58,0,100,0.0000,0.0545,1240,9,1231,0
749,2053688377,vermelho,vermelho,reativa,azul,0,-3,58,80,100,0.8000,0.0690,1237,19,1218,0
749,2053688377,vermelho,azul,heuristica,azul,1,3,58,170,50,3.4000,0.2586,1981,333,1385,263
750,1451533353,azul,verde,aleatoria,empate,0,-1,100,0,0,0.0000,0.1111,2279,3,2276,0
750,1451533353,azul,vermelho,reativa,empate,0,-1,100,120,90,1.3333,0.0505,2265,17,2248,0
750,1451533353,azul,azul,heuristica,empate,0,-1,100,90,120,0.7500,0.0125,1763,103,1555,105
751,1017531994,verde,verde,aleatoria,empate,0,-1,100,0,0,0.0000,0.0200,2376,3,2373,0
751,1017531994,verde,vermelho,reativa,empate,0,-1,100,90,120,0.7500,0.0000,286,10,276,0
751,1017531994,verde,azul,heuristica,empate,0,-1,100,120,90,1.3333,0.0300,2280,197,1890,193
752,40908190,vermelho,verde,aleatoria,empate,0,-1,100,0,120,0.0000,0.0000,963,6,957,0
752,40908190,vermelho,vermelho,reativa,empate,0,-1,100,90,90,1.0000,0.0300,2053,14,2039,0
752,40908190,vermelho,azul,heuristica,empate,0,-1,100,210,90,2.3333,0.1300,3212,493,2246,473
753,1141767897,azul,verde,aleatoria,vermelho,0,-3,29,0,120,0.0000,0.0000,534,4,530,0
753,1141767897,azul,vermelho,reativa,vermelho,1,3,29,120,60,2.0000,0.0714,564,9,555,0
753,1141767897,azul,azul,heuristica,vermelho,0,-3,29,180,120,1.5000,0.0000,1160,263,647,250
754,1257839479,verde,verde,aleatoria,empate,0,-1,100,0,60,0.0000,0.0000,2340,11,2329,0
754,1257839479,verde,vermelho,reativa,empate,0,-1,100,30,0,30.0000,0.0300,2145,10,2135,0
754,1257839479,verde,azul,heuristica,empate,0,-1,100,30,0,30.0000,0.0400,2695,192,2279,224
755,1364339178,vermelho,verde,aleatoria,empate,0,-1,100,30,120,0.2500,0.0000,246,7,239,0
755,1364339178,vermelho,vermelho,reativa,empate,0,-1,100,120,30,4.0000,0.0200,1834,10,1824,0
755,1364339178,vermelho,azul,heuristica,empate,0,-1,100,0,0,0.0000,0.0000,1677,0,1677,0
756,1135458689,azul,verde,aleatoria,vermelho,0,-3,25,0,120,0.0000,0.0556,442,8,434,0
756,1135458689,azul,vermelho,reativa,vermelho,1,3,25,150,60,2.5000,0.1667,454,13,441,0
756,1135458689,azul,azul,heuristica,vermelho,0,-3,25,150,120,1.2500,0.2917,1015,229,590,196
757,1648737985,verde,verde,aleatoria,vermelho,0,-3,90,0,120,0.0000,0.0000,2180,25,2155,0
757,1648737985,verde,vermelho,reativa,vermelho,1,3,90,240,90,2.6667,0.0444,1977,27,1950,0
757,1648737985,verde,azul,heuristica,vermelho,0,-3,90,90,120,0.7500,0.0000,757,125,516,116
758,487316115,vermelho,verde,aleatoria,azul,0,-3,41,0,120,0.0000,0.0000,898,13,885,0
758,487316115,vermelho,vermelho,reativa,azul,0,-3,41,90,120,0.7500,0.0000,681,13,668,0
758,487316115,vermelho,azul,heuristica,azul,1,3,41,240,90,2.6667,0.0244,1570,332,1002,236
759,1847801574,azul,verde,aleatoria,empate,0,-1,100,0,0,0.0000,0.0707,2231,4,2227,0
759,1847801574,azul,vermelho,reativa,empate,0,-1,100,120,90,1.3333,0.0404,2223,8,2215,0
759,1847801574,azul,azul,heuristica,empate,0,-1,100,90,120,0.7500,0.0000,442,100,245,97
760,1643984056,verde,verde,aleatoria,empate,0,-1,100,0,120,0.0000,0.0000,401,5,396,0
760,1643984056,verde,vermelho,reativa,empate,0,-1,100,30,0,30.0000,0.0500,2029,4,2025,0
760,1643984056,verde,azul,heuristica,empate,0,-1,100,120,30,4.0000,0.3700,2587,238,2100,249
761,791159585,vermelho,verde,aleatoria,azul,0,-3,91,30,120,0.2500,0.2885,1289,9,1280,0
761,791159585,vermelho,vermelho,reativa,azul,0,-3,91,150,120,1.2500,0.1429,2038,19,2019,0
761,791159585,vermelho,azul,heuristica,azul,1,3,91,120,60,2.0000,0.1099,2087,169,1759,159
762,1362632934,azul,verde,aleatoria,vermelho,0,-3,93,0,120,0.0000,0.0109,2225,9,2216,0
762,1362632934,azul,vermelho,reativa,vermelho,1,3,93,220,90,2.4444,0.0761,2045,29,2016,0
762,1362632934,azul,azul,heuristica,vermelho,0,-3,93,90,100,0.9000,0.2778,562,72,423,67
763,377733151,verde,verde,aleatoria,empate,0,-1,100,0,0,0.0000,0.1300,2411,4,2407,0
763,377733151,verde,vermelho,reativa,empate,0,-1,100,0,0,0.0000,0.0000,1868,6,1862,0
763,377733151,verde,azul,heuristica,empate,0,-1,100,0,0,0.0000,0.0000,2036,47,1970,19
764,1420768891,vermelho,verde,aleatoria,azul,0,-3,20,30,120,0.2500,0.0625,385,10,375,0
764,1420768891,vermelho,vermelho,reativa,azul,0,-3,20,190,120,1.5833,0.0500,340,18,322,0
764,1420768891,vermelho,azul,heuristica,azul,1,3,20,90,70,1.2857,0.1000,743,122,478,143
765,2044870516,azul,verde,aleatoria,vermelho,0,-3,19,0,110,0.0000,0.2143,355,5,350,0
765,2044870516,azul,vermelho,reativa,vermelho,1,3,19,150,90,1.6667,0.1667,321,11,310,0
765,2044870516,azul,azul,heuristica,vermelho,0,-3,19,170,120,1.4167,0.1667,880,239,441,200
766,1006327128,verde,verde,aleatoria,empate,0,-1,100,0,60,0.0000,0.0100,2465,33,2432,0
766,1006327128,verde,vermelho,reativa,empate,0,-1,100,160,40,4.0000,0.0700,1676,39,1637,0
766,1006327128,verde,azul,heuristica,empate,0,-1,100,40,100,0.4000,0.2759,868,127,608,133
767,336700548,vermelho,verde,aleatoria,azul,0,-3,63,0,120,0.0000,0.0000,400,6,394,0
767,336700548,vermelho,vermelho,reativa,azul,0,-3,63,210,120,1.7500,0.0159,1277,18,1259,0
767,336700548,vermelho,azul,heuristica,azul,1,3,63,120,90,1.3333,0.0317,1646,151,1350,145
768,715912012,azul,verde,aleatoria,azul,0,-3,85,0,120,0.0000,0.1071,1988,17,1971,0
768,715912012,azul,vermelho,reativa,azul,0,-3,85,160,100,1.6000,0.1500,1249,22,1227,0
768,715912012,azul,azul,heuristica,azul,1,3,85,130,70,1.8571,0.1412,2314,193,1930,191
769,481883728,verde,verde,aleatoria,empate,0,-1,100,0,60,0.0000,0.0000,2293,12,2281,0
769,481883728,verde,vermelho,reativa,empate,0,-1,100,100,110,0.9091,0.1509,1092,15,1077,0
769,481883728,verde,azul,heuristica,empate,0,-1,100,110,40,2.7500,0.1300,2876,234,2406,236
770,1614053631,vermelho,verde,aleatoria,azul,0,-3,14,30,120,0.2500,0.0000,225,7,218,0
770,1614053631,vermelho,vermelho,reativa,azul,0,-3,14,210,120,1.7500,0.0000,186,17,169,0
770,1614053631,vermelho,azul,heuristica,azul,1,3,14,90,90,1.0000,0.0714,662,182,334,146
771,1276108841,azul,verde,aleatoria,empate,0,-1,100,30,120,0.2500,0.0750,1752,19,1733,0
771,1276108841,azul,vermelho,reativa,empate,0,-1,100,40,60,0.6667,0.0808,2236,11,2225,0
771,1276108841,azul,azul,heuristica,empate,0,-1,100,180,70,2.5714,0.0500,3112,392,2401,319
772,628933363,verde,verde,aleatoria,azul,0,-3,38,0,120,0.0000,0.0000,883,6,877,0
772,628933363,verde,vermelho,reativa,azul,0,-3,38,90,120,0.7500,0.0000,105,5,100,0
772,628933363,verde,azul,heuristica,azul,1,3,38,240,90,2.6667,0.0263,1229,230,791,208
773,266047734,vermelho,verde,aleatoria,verde,1,3,22,30,30,1.0000,0.0952,499,11,488,0
773,266047734,vermelho,vermelho,reativa,verde,0,-3,22,120,120,1.0000,0.2222,330,10,320,0
773,266047734,vermelho,azul,heuristica,verde,0,-3,22,120,120,1.0000,0.0000,654,130,449,75
774,437958854,azul,verde,aleatoria,vermelho,0,-3,40,0,120,0.0000,0.0000,486,12,474,0
774,437958854,azul,vermelho,reativa,vermelho,1,3,40,180,60,3.0000,0.0000,785,25,760,0
774,437958854,azul,azul,heuristica,vermelho,0,-3,40,120,120,1.0000,0.0513,1470,292,934,244
775,882820366,verde,verde,aleatoria,vermelho,0,-3,57,30,120,0.2500,0.0435,1118,12,1106,0
775,882820366,verde,vermelho,reativa,vermelho,1,3,57,120,90,1.3333,0.0351,1208,9,1199,0
775,882820366,verde,azul,heuristica,vermelho,0,-3,57,180,120,1.5000,0.1607,1809,289,1232,288
776,2103879765,vermelho,verde,aleatoria,empate,0,-1,100,0,120,0.0000,0.1875,1503,9,1494,0
776,2103879765,vermelho,vermelho,reativa,empate,0,-1,100,150,0,150.0000,0.0400,2337,17,2320,0
776,2103879765,vermelho,azul,heuristica,empate,0,-1,100,0,30,0.0000,0.0300,2495,40,2405,50
777,1878469685,azul,verde,aleatoria,empate,0,-1,100,0,30,0.0000,0.0000,2133,3,2130,0
777,1878469685,azul,vermelho,reativa,empate,0,-1,100,150,90,1.6667,0.0707,2234,13,2221,0
777,1878469685,azul,azul,heuristica,empate,0,-1,100,90,120,0.7500,0.1250,403,103,200,100
778,260653707,verde,verde,aleatoria,empate,0,-1,100,0,60,0.0000,0.0000,2090,9,2081,0
778,260653707,verde,vermelho,reativa,empate,0,-1,100,130,120,1.0833,0.0556,2019,14,2005,0
778,260653707,verde,azul,heuristica,empate,0,-1,100,120,70,1.7143,0.0300,1982,132,1724,126
779,2055886471,vermelho,verde,aleatoria,empate,0,-1,100,0,60,0.0000,0.0707,2350,9,2341,0
779,2055886471,vermelho,vermelho,reativa,empate,0,-1,100,90,120,0.7500,0.0000,155,5,150,0
779,2055886471,vermelho,azul,heuristica,empate,0,-1,100,180,90,2.0000,0.0600,2675,237,2202,236
780,181546477,azul,verde,aleatoria,azul,0,-3,25,0,120,0.0000,0.0000,528,5,523,0
780,181546477,azul,vermelho,reativa,azul,0,-3,25,120,120,1.0000,0.1250,489,15,474,0
780,181546477,azul,azul,heuristica,azul,1,3,25,210,90,2.3333,0.0000,1147,284,614,249
781,1696711507,verde,verde,aleatoria,empate,0,-1,100,0,90,0.0000,0.0500,2237,6,2231,0
781,1696711507,verde,vermelho,reativa,empate,0,-1,100,90,0,90.0000,0.0200,1436,14,1422,0
781,1696711507,verde,azul,heuristica,empate,0,-1,100,0,0,0.0000,0.0000,1666,8,1645,13
782,1229825111,vermelho,verde,aleatoria,empate,0,-1,100,30,120,0.2500,0.0357,1244,16,1228,0
782,1229825111,vermelho,vermelho,reativa,empate,0,-1,100,30,0,30.0000,0.0200,2161,16,2145,0
782,1229825111,vermelho,azul,heuristica,empate,0,-1,100,90,30,3.0000,0.1900,3021,136,2376,509
783,1997479060,azul,verde,aleatoria,empate,0,-1,100,30,120,0.2500,0.0930,1030,13,1017,0
783,1997479060,azul,vermelho,reativa,empate,0,-1,100,0,0,0.0000,0.0000,1666,2,1664,0
783,1997479060,azul,azul,heuristica,empate,0,-1,100,120,30,4.0000,0.0600,2570,265,2049,256
784,443438607,verde,verde,aleatoria,empate,0,-1,100,30,120,0.2500,0.0000,1514,12,1502,0
784,443438607,verde,vermelho,reativa,empate,0,-1,100,120,30,4.0000,0.0300,2326,16,2310,0
784,443438607,verde,azul,heuristica,empate,0,-1,100,0,0,0.0000,0.0400,2452,39,2363,50
785,1255488848,vermelho,verde,aleatoria,vermelho,0,-3,17,0,120,0.0000,0.0833,306,7,299,0
785,1255488848,vermelho,vermelho,reativa,vermelho,1,3,17,180,90,2.0000,0.0588,256,13,243,0
785,1255488848,vermelho,azul,heuristica,vermelho,0,-3,17,150,120,1.2500,0.0625,760,210,400,150
786,1713663468,azul,verde,aleatoria,empate,0,-1,100,0,90,0.0000,0.0101,2234,17,2217,0
786,1713663468,azul,vermelho,reativa,empate,0,-1,100,90,0,90.0000,0.0808,2264,18,2246,0
786,1713663468,azul,azul,heuristica,empate,0,-1,100,0,0,0.0000,0.0200,2336,22,2289,25
787,1326665035,verde,verde,aleatoria,empate,0,-1,100,0,120,0.0000,0.1667,758,8,750,0
787,1326665035,verde,vermelho,reativa,empate,0,-1,100,0,0,0.0000,0.0100,1759,3,1756,0
787,1326665035,verde,azul,heuristica,empate,0,-1,100,120,0,120.0000,0.0100,2197,152,1898,147
788,1485550945,vermelho,verde,aleatoria,empate,0,-1,100,0,0,0.0000,0.0404,2132,2,2130,0
788,1485550945,vermelho,vermelho,reativa,empate,0,-1,100,0,0,0.0000,0.2600,1969,5,1964,0
788,1485550945,vermelho,azul,heuristica,empate,0,-1,100,0,0,0.0000,0.0400,2222,0,2222,0
789,255725471,azul,verde,aleatoria,empate,0,-1,100,0,0,0.0000,0.0303,2271,3,2268,0
789,255725471,azul,vermelho,reativa,empate,0,-1,100,120,90,1.3333,0.0000,1620,9,1611,0
789,255725471,azul,azul,heuristica,empate,0,-1,100,90,120,0.7500,0.1667,752,133,491,128
790,388207685,verde,verde,aleatoria,azul,0,-3,27,0,120,0.0000,0.0000,640,9,631,0
790,388207685,verde,vermelho,reativa,azul,0,-3,27,150,120,1.2500,0.0000,404,11,393,0
790,388207685,verde,azul,heuristica,azul,1,3,27,180,90,2.0000,0.0000,1063,213,654,196
791,230858913,vermelho,verde,aleatoria,azul,0,-3,52,0,120,0.0000,0.0000,691,11,680,0
791,230858913,vermelho,vermelho,reativa,azul,0,-3,52,90,120,0.7500,0.0192,1138,8,1130,0
791,230858913,vermelho,azul,heuristica,azul,1,3,52,240,90,2.6667,0.0962,1998,442,1218,338
792,497945140,azul,verde,aleatoria,empate,0,-1,100,0,120,0.0000,0.0000,521,6,515,0
792,497945140,azul,vermelho,reativa,empate,0,-1,100,0,0,0.0000,0.0000,581,5,576,0
792,497945140,azul,azul,heuristica,empate,0,-1,100,120,0,120.0000,0.3000,2227,96,2047,84
793,1672875716,verde,verde,aleatoria,azul,0,-3,20,0,120,0.0000,0.0000,467,10,457,0
793,1672875716,verde,vermelho,reativa,azul,0,-3,20,120,120,1.0000,0.0588,303,12,291,0
793,1672875716,verde,azul,heuristica,azul,1,3,20,210,90,2.3333,0.0000,751,191,414,146
794,1703592542,vermelho,verde,aleatoria,empate,0,-1,100,0,120,0.0000,0.0000,1278,15,1263,0
794,1703592542,vermelho,vermelho,reativa,empate,0,-1,100,150,0,150.0000,0.0300,1987,20,1967,0
794,1703592542,vermelho,azul,heuristica,empate,0,-1,100,0,30,0.0000,0.0300,2307,109,2075,123
795,524300311,azul,verde,aleatoria,empate,0,-1,100,0,0,0.0000,0.0303,2220,8,2212,0
795,524300311,azul,vermelho,reativa,empate,0,-1,100,0,0,0.0000,0.0101,1882,0,1882,0
795,524300311,azul,azul,heuristica,empate,0,-1,100,0,0,0.0000,0.0100,1704,8,1696,0
796,405532386,verde,verde,aleatoria,empate,0,-1,100,0,0,0.0000,0.0300,2434,4,2430,0
796,405532386,verde,vermelho,reativa,empate,0,-1,100,90,120,0.7500,0.0000,545,6,539,0
796,405532386,verde,azul,heuristica,empate,0,-1,100,120,90,1.3333,0.0700,2273,129,2023,121
797,1140362201,vermelho,verde,aleatoria,empate,0,-1,100,0,10,0.0000,0.0808,2093,5,2088,0
797,1140362201,vermelho,vermelho,reativa,empate,0,-1,100,80,100,0.8000,0.6667,81,6,75,0
797,1140362201,vermelho,azul,heuristica,empate,0,-1,100,110,80,1.3750,0.1000,2073,170,1743,160
798,2122964567,azul,verde,aleatoria,vermelho,0,-3,39,0,120,0.0000,0.0000,843,7,836,0
798,2122964567,azul,vermelho,reativa,vermelho,1,3,39,240,60,4.0000,0.0263,702,21,681,0
798,2122964567,azul,azul,heuristica,vermelho,0,-3,39,60,120,0.5000,0.0667,466,70,330,66
799,1850462464,verde,verde,aleatoria,azul,0,-3,29,0,120,0.0000,0.0000,734,13,721,0
799,1850462464,verde,vermelho,reativa,azul,0,-3,29,120,120,1.0000,0.1000,392,12,380,0
799,1850462464,verde,azul,heuristica,azul,1,3,29,210,90,2.3333,0.0000,1181,247,709,225
800,1238786426,vermelho,verde,aleatoria,empate,0,-1,100,0,60,0.0000,0.0202,2426,15,2411,0
800,1238786426,vermelho,vermelho,reativa,empate,0,-1,100,120,90,1.3333,0.0400,2174,16,2158,0
800,1238786426,vermelho,azul,heuristica,empate,0,-1,100,150,120,1.2500,0.0385,2281,243,1796,242
801,777418731,azul,verde,aleatoria,empate,0,-1,100,0,60,0.0000,0.0101,2412,14,2398,0
801,777418731,azul,vermelho,reativa,empate,0,-1,100,90,120,0.7500,0.0000,128,6,122,0
801,777418731,azul,azul,heuristica,empate,0,-1,100,180,90,2.0000,0.0700,2753,220,2316,217
802,1650316423,verde,verde,aleatoria,empate,0,-1,100,0,0,0.0000,0.0800,2241,2,2239,0
802,1650316423,verde,vermelho,reativa,empate,0,-1,100,120,60,2.0000,0.0100,1757,12,1745,0
802,1650316423,verde,azul,heuristica,empate,0,-1,100,60,120,0.5000,0.0000,582,88,403,91
803,1518169168,vermelho,verde,aleatoria,empate,0,-1,100,0,120,0.0000,0.1053,920,6,914,0
803,1518169168,vermelho,vermelho,reativa,empate,0,-1,100,90,0,90.0000,0.0600,2032,11,2021,0
803,1518169168,vermelho,azul,heuristica,empate,0,-1,100,60,30,2.0000,0.0500,2983,372,2245,366
804,664454653,azul,verde,aleatoria,empate,0,-1,100,0,90,0.0000,0.0000,2220,13,2207,0
804,664454653,azul,vermelho,reativa,empate,0,-1,100,120,90,1.3333,0.0303,2171,17,2154,0
804,664454653,azul,azul,heuristica,empate,0,-1,100,180,120,1.5000,0.0870,1550,268,1068,214
805,1222287018,verde,verde,aleatoria,empate,0,-1,100,0,0,0.0000,0.0000,2287,2,2285,0
805,1222287018,verde,vermelho,reativa,empate,0,-1,100,80,110,0.7273,0.2333,609,5,604,0
805,1222287018,verde,azul,heuristica,empate,0,-1,100,110,80,1.3750,0.8000,2153,161,1840,152
806,1050928200,vermelho,verde,aleatoria,empate,0,-1,100,0,0,0.0000,0.0808,2380,4,2376,0
806,1050928200,vermelho,vermelho,reativa,empate,0,-1,100,120,90,1.3333,0.0100,1634,8,1626,0
806,1050928200,vermelho,azul,heuristica,empate,0,-1,100,90,120,0.7500,0.1282,1165,134,900,131
807,1496432766,azul,verde,aleatoria,azul,0,-3,44,0,120,0.0000,0.0000,842,13,829,0
807,1496432766,azul,vermelho,reativa,azul,0,-3,44,180,120,1.5000,0.0233,850,17,833,0
807,1496432766,azul,azul,heuristica,azul,1,3,44,150,90,1.6667,0.0682,1459,207,1057,195
808,1546097094,verde,verde,aleatoria,empate,0,-1,100,0,120,0.0000,0.2105,477,4,473,0
808,1546097094,verde,vermelho,reativa,empate,0,-1,100,120,0,120.0000,0.0600,2093,12,2081,0
808,1546097094,verde,azul,heuristica,empate,0,-1,100,0,0,0.0000,0.0100,1580,0,1580,0
809,153640283,vermelho,verde,aleatoria,empate,0,-1,100,0,60,0.0000,0.0303,2197,4,2193,0
809,153640283,vermelho,vermelho,reativa,empate,0,-1,100,60,0,60.0000,0.0300,1959,15,1944,0
809,153640283,vermelho,azul,heuristica,empate,0,-1,100,0,0,0.0000,0.0200,1868,47,1771,50
810,1109067602,azul,verde,aleatoria,vermelho,0,-3,40,0,120,0.0000,0.0000,401,6,395,0
810,1109067602,azul,vermelho,reativa,vermelho,1,3,40,120,90,1.3333,0.1026,845,11,834,0
810,1109067602,azul,azul,heuristica,vermelho,0,-3,40,210,120,1.7500,0.0513,1221,203,823,195
811,1182380079,verde,verde,aleatoria,vermelho,0,-3,57,0,120,0.0000,0.0385,661,11,650,0
811,1182380079,verde,vermelho,reativa,vermelho,1,3,57,100,60,1.6667,0.1404,1200,11,1189,0
811,1182380079,verde,azul,heuristica,vermelho,0,-3,57,180,100,1.8000,0.1250,1821,274,1276,271
812,995907090,vermelho,verde,aleatoria,empate,0,-1,100,0,0,0.0000,0.0909,2298,3,2295,0
812,995907090,vermelho,vermelho,reativa,empate,0,-1,100,30,30,1.0000,0.4600,2048,6,2042,0
812,995907090,vermelho,azul,heuristica,empate,0,-1,100,30,30,1.0000,0.0200,2092,44,2007,41
813,2009703295,azul,verde,aleatoria,empate,0,-1,100,0,0,0.0000,0.0404,2370,13,2357,0
813,2009703295,azul,vermelho,reativa,empate,0,-1,100,90,120,0.7500,0.0208,1072,5,1067,0
813,2009703295,azul,azul,heuristica,empate,0,-1,100,120,90,1.3333,0.0100,1510,113,1309,88
814,2108967014,verde,verde,aleatoria,empate,0,-1,100,0,0,0.0000,0.0200,2164,0,2164,0
814,2108967014,verde,vermelho,reativa,empate,0,-1,100,0,0,0.0000,0.4900,1675,0,1675,0
814,2108967014,verde,azul,heuristica,empate,0,-1,100,0,0,0.0000,0.0000,1902,0,1902,0
815,484446759,vermelho,verde,aleatoria,empate,0,-1,100,0,90,0.0000,0.0707,2408,24,2384,0
815,484446759,vermelho,vermelho,reativa,empate,0,-1,100,120,30,4.0000,0.0600,2297,27,2270,0
815,484446759,vermelho,azul,heuristica,empate,0,-1,100,30,30,1.0000,0.0100,1709,88,1538,83
816,780071506,azul,verde,aleatoria,empate,0,-1,100,0,60,0.0000,0.0808,2385,5,2380,0
816,780071506,azul,vermelho,reativa,empate,0,-1,100,90,120,0.7500,0.0909,442,5,437,0
816,780071506,azul,azul,heuristica,empate,0,-1,100,180,90,2.0000,0.0400,2301,224,1861,216
817,853399628,verde,verde,aleatoria,azul,0,-3,46,0,120,0.0000,0.0000,218,4,214,0
817,853399628,verde,vermelho,reativa,azul,0,-3,46,90,120,0.7500,0.0652,839,4,835,0
817,853399628,verde,azul,heuristica,azul,1,3,46,240,90,2.6667,0.1087,1517,251,1031,235
818,1422126434,vermelho,verde,aleatoria,empate,0,-1,100,0,120,0.0000,0.0000,254,7,247,0
818,1422126434,vermelho,vermelho,reativa,empate,0,-1,100,0,0,0.0000,0.0300,2274,2,2272,0
818,1422126434,vermelho,azul,heuristica,empate,0,-1,100,120,0,120.0000,0.0100,2286,105,2084,97
819,1002835612,azul,verde,aleatoria,vermelho,0,-3,84,30,120,0.2500,0.0000,588,13,575,0
819,1002835612,azul,vermelho,reativa,vermelho,1,3,84,90,60,1.5000,0.0361,1914,9,1905,0
819,1002835612,azul,azul,heuristica,vermelho,0,-3,84,180,120,1.5000,0.0602,2312,209,1889,214
820,1448939825,verde,verde,aleatoria,verde,1,3,30,30,30,1.0000,0.0333,748,4,744,0
820,1448939825,verde,vermelho,reativa,verde,0,-3,30,90,120,0.7500,0.1250,504,9,495,0
820,1448939825,verde,azul,heuristica,verde,0,-3,30,150,120,1.2500,0.1379,1162,245,699,218
821,379393432,vermelho,verde,aleatoria,vermelho,0,-3,62,30,120,0.2500,0.0000,414,7,407,0
821,379393432,vermelho,vermelho,reativa,vermelho,1,3,62,90,90,1.0000,0.0323,1432,6,1426,0
821,379393432,vermelho,azul,heuristica,vermelho,0,-3,62,210,120,1.7500,0.0000,1864,291,1289,284
822,2107298103,azul,verde,aleatoria,vermelho,0,-3,70,0,120,0.0000,0.0000,1082,15,1067,0
822,2107298103,azul,vermelho,reativa,vermelho,1,3,70,180,90,2.0000,0.0290,1517,13,1504,0
822,2107298103,azul,azul,heuristica,vermelho,0,-3,70,150,120,1.2500,0.0290,2356,334,1672,350
823,1528822464,verde,verde,aleatoria,empate,0,-1,100,0,90,0.0000,0.0500,2431,8,2423,0
823,1528822464,verde,vermelho,reativa,empate,0,-1,100,90,120,0.7500,0.0000,86,5,81,0
823,1528822464,verde,azul,heuristica,empate,0,-1,100,210,90,2.3333,0.0300,2675,216,2247,212
824,1661114236,vermelho,verde,aleatoria,empate,0,-1,100,0,60,0.0000,0.0101,2389,6,2383,0
824,1661114236,vermelho,vermelho,reativa,empate,0,-1,100,90,120,0.7500,0.1250,515,5,510,0
824,1661114236,vermelho,azul,heuristica,empate,0,-1,100,180,90,2.0000,0.2700,2475,166,2147,162
825,900874270,azul,verde,aleatoria,empate,0,-1,100,0,120,0.0000,0.0118,2065,11,2054,0
825,900874270,azul,vermelho,reativa,empate,0,-1,100,120,0,120.0000,0.0404,2214,14,2200,0
825,900874270,azul,azul,heuristica,empate,0,-1,100,0,0,0.0000,0.0500,2592,193,2209,190
826,1705519067,verde,verde,aleatoria,empate,0,-1,100,30,120,0.2500,0.0652,1125,18,1107,0
826,1705519067,verde,vermelho,reativa,empate,0,-1,100,120,30,4.0000,0.0200,1636,17,1619,0
826,1705519067,verde,azul,heuristica,empate,0,-1,100,0,0,0.0000,0.0500,2003,46,1919,38
827,1177791765,vermelho,verde,aleatoria,azul,0,-3,84,0,120,0.0000,0.0241,2045,9,2036,0
827,1177791765,vermelho,vermelho,reativa,azul,0,-3,84,90,120,0.7500,0.0000,82,7,75,0
827,1177791765,vermelho,azul,heuristica,azul,1,3,84,240,90,2.6667,0.0476,2436,295,1861,280
828,704217637,azul,verde,aleatoria,empate,0,-1,100,0,120,0.0000,0.0750,966,4,962,0
828,704217637,azul,vermelho,reativa,empate,0,-1,100,30,0,30.0000,0.0000,1299,11,1288,0
828,704217637,azul,azul,heuristica,empate,0,-1,100,120,30,4.0000,0.0600,2550,139,2267,144
829,770907264,verde,verde,aleatoria,azul,0,-3,31,30,120,0.2500,0.0000,353,11,342,0
829,770907264,verde,vermelho,reativa,azul,0,-3,31,150,120,1.2500,0.0968,653,17,636,0
829,770907264,verde,azul,heuristica,azul,1,3,31,120,60,2.0000,0.0968,1141,255,737,149
830,867905328,vermelho,verde,aleatoria,vermelho,0,-3,23,0,120,0.0000,0.0909,520,16,504,0
830,867905328,vermelho,vermelho,reativa,vermelho,1,3,23,240,90,2.6667,0.0000,372,18,354,0
830,867905328,vermelho,azul,heuristica,vermelho,0,-3,23,90,120,0.7500,0.0000,688,134,457,97
831,1547102212,azul,verde,aleatoria,empate,0,-1,100,30,90,0.3333,0.0404,2347,15,2332,0
831,1547102212,azul,vermelho,reativa,empate,0,-1,100,30,0,30.0000,0.0202,1839,5,1834,0
831,1547102212,azul,azul,heuristica,empate,0,-1,100,90,60,1.5000,0.0700,2461,217,2017,227
832,1427051027,verde,verde,aleatoria,empate,0,-1,100,0,120,0.0000,0.0000,400,5,395,0
832,1427051027,verde,vermelho,reativa,empate,0,-1,100,0,0,0.0000,0.0100,1674,1,1673,0
832,1427051027,verde,azul,heuristica,empate,0,-1,100,120,0,120.0000,0.0300,2270,157,1956,157
833,347179498,vermelho,verde,aleatoria,azul,0,-3,64,0,120,0.0000,0.0000,803,12,791,0
833,347179498,vermelho,vermelho,reativa,azul,0,-3,64,90,120,0.7500,0.0469,1462,12,1450,0
833,347179498,vermelho,azul,heuristica,azul,1,3,64,240,90,2.6667,0.0000,2136,339,1469,328
834,1886650417,azul,verde,aleatoria,empate,0,-1,100,0,120,0.0000,0.0588,383,4,379,0
834,1886650417,azul,vermelho,reativa,empate,0,-1,100,0,0,0.0000,0.0000,1763,0,1763,0
834,1886650417,azul,azul,heuristica,empate,0,-1,100,120,0,120.0000,0.0000,1731,103,1533,95
835,15777031,verde,verde,aleatoria,azul,0,-3,18,0,120,0.0000,0.0000,244,7,237,0
835,15777031,verde,vermelho,reativa,azul,0,-3,18,90,120,0.7500,0.0000,370,5,365,0
835,15777031,verde,azul,heuristica,azul,1,3,18,240,90,2.6667,0.1111,847,227,422,198
836,1363852363,vermelho,verde,aleatoria,empate,0,-1,100,0,60,0.0000,0.0000,2202,21,2181,0
836,1363852363,vermelho,vermelho,reativa,empate,0,-1,100,120,120,1.0000,0.0145,1461,19,1442,0
836,1363852363,vermelho,azul,heuristica,empate,0,-1,100,150,90,1.6667,0.0400,2649,229,2185,235
837,1258731941,azul,verde,aleatoria,empate,0,-1,100,0,120,0.0000,0.0345,1292,12,1280,0
837,1258731941,azul,vermelho,reativa,empate,0,-1,100,120,0,120.0000,0.0202,1738,12,1726,0
837,1258731941,azul,azul,heuristica,empate,0,-1,100,0,0,0.0000,0.0000,1936,0,1936,0
838,1494699440,verde,verde,aleatoria,empate,0,-1,100,0,30,0.0000,0.0400,2105,8,2097,0
838,1494699440,verde,vermelho,reativa,empate,0,-1,100,120,90,1.3333,0.0500,2236,13,2223,0
838,1494699440,verde,azul,heuristica,empate,0,-1,100,120,120,1.0000,0.0746,1825,175,1480,170
839,1628579981,vermelho,verde,aleatoria,empate,0,-1,100,0,120,0.0000,0.0000,910,4,906,0
839,1628579981,vermelho,vermelho,reativa,empate,0,-1,100,150,0,150.0000,0.0300,2149,16,2133,0
839,1628579981,vermelho,azul,heuristica,empate,0,-1,100,0,30,0.0000,0.0400,2483,42,2391,50
840,250397122,azul,verde,aleatoria,vermelho,0,-3,45,0,120,0.0000,0.0417,607,7,600,0
840,250397122,azul,vermelho,reativa,vermelho,1,3,45,120,90,1.3333,0.0000,671,8,663,0
840,250397122,azul,azul,heuristica,vermelho,0,-3,45,210,120,1.7500,0.0682,1436,223,1003,210
841,881510746,verde,verde,aleatoria,empate,0,-1,100,30,60,0.5000,0.0700,2401,10,2391,0
841,881510746,verde,vermelho,reativa,empate,0,-1,100,0,0,0.0000,0.0500,2386,2,2384,0
841,881510746,verde,azul,heuristica,empate,0,-1,100,60,30,2.0000,0.0500,2774,247,2275,252
842,1164238508,vermelho,verde,aleatoria,vermelho,0,-3,52,0,120,0.0000,0.0000,384,9,375,0
842,1164238508,vermelho,vermelho,reativa,vermelho,1,3,52,160,60,2.6667,0.1154,1149,18,1131,0
842,1164238508,vermelho,azul,heuristica,vermelho,0,-3,52,120,100,1.2000,0.1176,1526,165,1213,148
843,1457461325,azul,verde,aleatoria,empate,0,-1,100,0,30,0.0000,0.0404,2439,19,2420,0
843,1457461325,azul,vermelho,reativa,empate,0,-1,100,120,90,1.3333,0.0404,1800,16,1784,0
843,1457461325,azul,azul,heuristica,empate,0,-1,100,120,120,1.0000,0.1519,2325,241,1844,240
844,1551343355,verde,verde,aleatoria,empate,0,-1,100,0,90,0.0000,0.1500,2391,7,2384,0
844,1551343355,verde,vermelho,reativa,empate,0,-1,100,90,120,0.7500,0.0556,349,6,343,0
844,1551343355,verde,azul,heuristica,empate,0,-1,100,210,90,2.3333,0.0400,2759,303,2158,298
845,2140318315,vermelho,verde,aleatoria,azul,0,-3,30,0,120,0.0000,0.1538,310,8,302,0
845,2140318315,vermelho,vermelho,reativa,azul,0,-3,30,210,120,1.7500,0.1667,548,18,530,0
845,2140318315,vermelho,azul,heuristica,azul,1,3,30,120,90,1.3333,0.0000,802,77,656,69
846,2014609842,azul,verde,aleatoria,vermelho,0,-3,39,0,110,0.0000,0.2500,515,15,500,0
846,2014609842,azul,vermelho,reativa,vermelho,1,3,39,180,90,2.0000,0.1579,683,16,667,0
846,2014609842,azul,azul,heuristica,vermelho,0,-3,39,140,120,1.1667,0.3158,1484,337,889,258
847,582212434,verde,verde,aleatoria,azul,0,-3,51,30,120,0.2500,0.0000,369,6,363,0
847,582212434,verde,vermelho,reativa,azul,0,-3,51,180,120,1.5000,0.0000,1030,20,1010,0
847,582212434,verde,azul,heuristica,azul,1,3,51,90,60,1.5000,0.0392,1473,132,1198,143
848,2005396972,vermelho,verde,aleatoria,empate,0,-1,100,0,0,0.0000,0.1313,2247,0,2247,0
848,2005396972,vermelho,vermelho,reativa,empate,0,-1,100,80,100,0.8000,0.1818,436,10,426,0
848,2005396972,vermelho,azul,heuristica,empate,0,-1,100,100,80,1.2500,0.1200,2549,108,2341,100
849,396879593,azul,verde,aleatoria,empate,0,-1,100,0,110,0.0000,0.0455,1020,4,1016,0
849,396879593,azul,vermelho,reativa,empate,0,-1,100,0,0,0.0000,0.0101,1891,0,1891,0
849,396879593,azul,azul,heuristica,empate,0,-1,100,110,0,110.0000,0.0300,2501,233,2047,221
850,73218816,verde,verde,aleatoria,vermelho,0,-3,54,0,100,0.0000,0.0870,1124,10,1114,0
850,73218816,verde,vermelho,reativa,vermelho,1,3,54,160,90,1.7778,0.1667,1165,22,1143,0
850,73218816,verde,azul,heuristica,vermelho,0,-3,54,130,100,1.3000,0.1887,1727,267,1212,248
851,1734867821,vermelho,verde,aleatoria,azul,0,-3,47,0,120,0.0000,0.0541,881,10,871,0
851,1734867821,vermelho,vermelho,reativa,azul,0,-3,47,70,120,0.5833,0.0213,915,8,907,0
851,1734867821,vermelho,azul,heuristica,azul,1,3,47,240,70,3.4286,0.1489,1613,269,1078,266
852,532289079,azul,verde,aleatoria,empate,0,-1,100,0,120,0.0000,0.0000,382,7,375,0
852,532289079,azul,vermelho,reativa,empate,0,-1,100,0,0,0.0000,0.0000,1886,27,1859,0
852,532289079,azul,azul,heuristica,empate,0,-1,100,120,0,120.0000,0.0500,2551,236,2115,200
853,1631779701,verde,verde,aleatoria,empate,0,-1,100,0,0,0.0000,0.0600,2151,0,2151,0
853,1631779701,verde,vermelho,reativa,empate,0,-1,100,120,60,2.0000,0.0500,2260,8,2252,0
853,1631779701,verde,azul,heuristica,empate,0,-1,100,60,120,0.5000,0.0400,828,144,526,158
854,85258658,vermelho,verde,aleatoria,azul,0,-3,61,0,120,0.0000,0.0833,1466,9,1457,0
854,85258658,vermelho,vermelho,reativa,azul,0,-3,61,140,100,1.4000,0.1522,856,14,842,0
854,85258658,vermelho,azul,heuristica,azul,1,3,61,160,80,2.0000,0.2131,2399,512,1439,448
855,942012666,azul,verde,aleatoria,vermelho,0,-3,52,0,120,0.0000,0.1064,1075,11,1064,0
855,942012666,azul,vermelho,reativa,vermelho,1,3,52,210,90,2.3333,0.1176,1001,18,983,0
855,942012666,azul,azul,heuristica,vermelho,0,-3,52,120,120,1.0000,0.0784,1488,169,1166,153
856,1074658908,verde,verde,aleatoria,azul,0,-3,45,0,120,0.0000,0.0000,444,9,435,0
856,1074658908,verde,vermelho,reativa,azul,0,-3,45,150,120,1.2500,0.0222,830,17,813,0
856,1074658908,verde,azul,heuristica,azul,1,3,45,180,90,2.0000,0.0000,1459,252,973,234
857,245171136,vermelho,verde,aleatoria,vermelho,0,-3,48,0,120,0.0000,0.0000,1106,23,1083,0
857,245171136,vermelho,vermelho,reativa,vermelho,1,3,48,210,90,2.3333,0.0208,1019,34,985,0
857,245171136,vermelho,azul,heuristica,vermelho,0,-3,48,120,120,1.0000,0.1277,1590,306,1073,211
858,2021010886,azul,verde,aleatoria,empate,0,-1,100,0,120,0.0000,0.0000,1191,16,1175,0
858,2021010886,azul,vermelho,reativa,empate,0,-1,100,60,0,60.0000,0.0505,2295,8,2287,0
858,2021010886,azul,azul,heuristica,empate,0,-1,100,90,30,3.0000,0.0600,2873,238,2371,264
859,329362190,verde,verde,aleatoria,empate,0,-1,100,0,0,0.0000,0.0200,2352,0,2352,0
859,329362190,verde,vermelho,reativa,empate,0,-1,100,90,120,0.7500,0.0435,495,4,491,0
859,329362190,verde,azul,heuristica,empate,0,-1,100,120,90,1.3333,0.3000,2229,108,2021,100
860,820834749,vermelho,verde,aleatoria,vermelho,0,-3,35,0,120,0.0000,0.0625,741,10,731,0
860,820834749,vermelho,vermelho,reativa,vermelho,1,3,35,150,80,1.8750,0.1714,684,17,667,0
860,820834749,vermelho,azul,heuristica,vermelho,0,-3,35,170,120,1.4167,0.0588,1178,238,790,150
861,1440881829,azul,verde,aleatoria,azul,0,-3,79,0,120,0.0000,0.0513,1856,14,1842,0
861,1440881829,azul,vermelho,reativa,azul,0,-3,79,120,120,1.0000,0.0513,841,8,833,0
861,1440881829,azul,azul,heuristica,azul,1,3,79,210,90,2.3333,0.0506,2400,289,1831,280
862,106408623,verde,verde,aleatoria,empate,0,-1,100,0,0,0.0000,0.0400,2284,0,2284,0
862,106408623,verde,vermelho,reativa,empate,0,-1,100,90,120,0.7500,0.0000,428,9,419,0
862,106408623,verde,azul,heuristica,empate,0,-1,100,120,90,1.3333,0.0400,2279,110,2069,100
863,1817240856,vermelho,verde,aleatoria,vermelho,0,-3,46,0,120,0.0000,0.0222,1033,12,1021,0
863,1817240856,vermelho,vermelho,reativa,vermelho,1,3,46,240,30,8.0000,0.1957,893,23,870,0
863,1817240856,vermelho,azul,heuristica,vermelho,0,-3,46,30,120,0.2500,0.1667,882,93,699,90
864,1768830967,azul,verde,aleatoria,empate,0,-1,100,0,120,0.0000,0.0606,1352,16,1336,0
864,1768830967,azul,vermelho,reativa,empate,0,-1,100,30,0,30.0000,0.0505,2066,8,2058,0
864,1768830967,azul,azul,heuristica,empate,0,-1,100,120,30,4.0000,0.1300,2389,225,1944,220
865,1437286984,verde,verde,aleatoria,empate,0,-1,100,0,0,0.0000,0.0800,2361,0,2361,0
865,1437286984,verde,vermelho,reativa,empate,0,-1,100,0,0,0.0000,0.0000,1760,43,1717,0
865,1437286984,verde,azul,heuristica,empate,0,-1,100,0,0,0.0000,0.0200,1933,45,1888,0
866,525821035,vermelho,verde,aleatoria,vermelho,0,-3,33,0,120,0.0000,0.0313,740,11,729,0
866,525821035,vermelho,vermelho,reativa,vermelho,1,3,33,180,90,2.0000,0.1212,647,19,628,0
866,525821035,vermelho,azul,heuristica,vermelho,0,-3,33,150,120,1.2500,0.3043,1204,306,573,325
867,797956592,azul,verde,aleatoria,empate,0,-1,100,0,0,0.0000,0.1010,2137,4,2133,0
867,797956592,azul,vermelho,reativa,empate,0,-1,100,60,30,2.0000,0.0505,2330,10,2320,0
867,797956592,azul,azul,heuristica,empate,0,-1,100,30,60,0.5000,0.0800,2407,118,2167,122
868,895959840,verde,verde,aleatoria,empate,0,-1,100,0,90,0.0000,0.0800,2392,24,2368,0
868,895959840,verde,vermelho,reativa,empate,0,-1,100,120,120,1.0000,0.0545,1232,17,1215,0
868,895959840,verde,azul,heuristica,empate,0,-1,100,180,90,2.0000,0.1400,3228,421,2400,407
869,704269707,vermelho,verde,aleatoria,azul,0,-3,25,0,120,0.0000,0.0000,460,7,453,0
869,704269707,vermelho,vermelho,reativa,azul,0,-3,25,120,120,1.0000,0.0400,486,9,477,0
869,704269707,vermelho,azul,heuristica,azul,1,3,25,210,90,2.3333,0.0000,934,204,552,178
870,1136894587,azul,verde,aleatoria,azul,0,-3,33,0,120,0.0000,0.0000,803,4,799,0
870,1136894587,azul,vermelho,reativa,azul,0,-3,33,90,120,0.7500,0.0000,327,5,322,0
870,1136894587,azul,azul,heuristica,azul,1,3,33,240,90,2.6667,0.0606,1226,240,762,224
871,94009992,verde,verde,aleatoria,empate,0,-1,100,0,0,0.0000,0.0800,2220,6,2214,0
871,94009992,verde,vermelho,reativa,empate,0,-1,100,120,90,1.3333,0.0500,1846,12,1834,0
871,94009992,verde,azul,heuristica,empate,0,-1,100,90,120,0.7500,0.0000,621,76,468,77
872,323377721,vermelho,verde,aleatoria,verde,1,3,90,30,90,0.3333,0.0337,1955,12,1943,0
872,323377721,vermelho,vermelho,reativa,verde,0,-3,90,90,120,0.7500,0.0000,665,5,660,0
872,323377721,vermelho,azul,heuristica,verde,0,-3,90,210,120,1.7500,0.0562,2622,323,1982,317
873,1854823995,azul,verde,aleatoria,azul,0,-3,67,0,120,0.0000,0.0000,691,4,687,0
873,1854823995,azul,vermelho,reativa,azul,0,-3,67,90,120,0.7500,0.0152,1334,7,1327,0
873,1854823995,azul,azul,heuristica,azul,1,3,67,240,90,2.6667,0.0597,1921,216,1493,212
874,1320851921,verde,verde,aleatoria,empate,0,-1,100,0,60,0.0000,0.0200,2300,6,2294,0
874,1320851921,verde,vermelho,reativa,empate,0,-1,100,180,60,3.0000,0.0200,2230,20,2210,0
874,1320851921,verde,azul,heuristica,empate,0,-1,100,60,120,0.5000,0.0000,365,67,233,65
875,53599161,vermelho,verde,aleatoria,vermelho,0,-3,83,30,120,0.2500,0.1098,1947,14,1933,0
875,53599161,vermelho,vermelho,reativa,vermelho,1,3,83,240,90,2.6667,0.0361,1754,23,1731,0
875,53599161,vermelho,azul,heuristica,vermelho,0,-3,83,60,120,0.5000,0.0000,374,89,201,84
876,1714789643,azul,verde,aleatoria,empate,0,-1,100,0,0,0.0000,0.0505,2174,1,2173,0
876,1714789643,azul,vermelho,reativa,empate,0,-1,100,120,90,1.3333,0.0101,1981,10,1971,0
876,1714789643,azul,azul,heuristica,empate,0,-1,100,90,120,0.7500,0.0000,378,70,245,63
877,2001167285,verde,verde,aleatoria,empate,0,-1,100,0,30,0.0000,0.1200,2360,3,2357,0
877,2001167285,verde,vermelho,reativa,empate,0,-1,100,90,120,0.7500,0.0000,120,7,113,0
877,2001167285,verde,azul,heuristica,empate,0,-1,100,150,90,1.6667,0.0400,2384,139,2119,126
878,236604881,vermelho,verde,aleatoria,empate,0,-1,100,0,60,0.0000,0.0000,2150,6,2144,0
878,236604881,vermelho,vermelho,reativa,empate,0,-1,100,180,90,2.0000,0.0800,2281,18,2263,0
878,236604881,vermelho,azul,heuristica,empate,0,-1,100,90,120,0.7500,0.0714,457,71,320,66
879,836176005,azul,verde,aleatoria,empate,0,-1,100,0,120,0.0000,0.0870,1031,13,1018,0
879,836176005,azul,vermelho,reativa,empate,0,-1,100,30,0,30.0000,0.0000,1948,9,1939,0
879,836176005,azul,azul,heuristica,empate,0,-1,100,120,30,4.0000,0.2400,3958,857,2288,813
880,1096791990,verde,verde,aleatoria,empate,0,-1,100,0,30,0.0000,0.0100,2174,3,2171,0
880,1096791990,verde,vermelho,reativa,empate,0,-1,100,60,0,60.0000,0.0300,2089,14,2075,0
880,1096791990,verde,azul,heuristica,empate,0,-1,100,0,30,0.0000,0.0300,2066,38,1986,42
881,1331799799,vermelho,verde,aleatoria,vermelho,0,-3,55,0,120,0.0000,0.0000,1204,11,1193,0
881,1331799799,vermelho,vermelho,reativa,vermelho,1,3,55,150,90,1.6667,0.0727,1128,14,1114,0
881,1331799799,vermelho,azul,heuristica,vermelho,0,-3,55,180,120,1.5000,0.1667,1956,410,1167,379
882,237640937,azul,verde,aleatoria,empate,0,-1,100,0,30,0.0000,0.0707,2487,21,2466,0
882,237640937,azul,vermelho,reativa,empate,0,-1,100,30,0,30.0000,0.0202,2302,14,2288,0
882,237640937,azul,azul,heuristica,empate,0,-1,100,0,0,0.0000,0.0000,2048,64,1896,88
883,1455511300,verde,verde,aleatoria,empate,0,-1,100,0,60,0.0000,0.0000,2245,20,2225,0
883,1455511300,verde,vermelho,reativa,empate,0,-1,100,90,0,90.0000,0.0300,2199,15,2184,0
883,1455511300,verde,azul,heuristica,empate,0,-1,100,0,30,0.0000,0.0200,1354,33,1308,13
884,1910967048,vermelho,verde,aleatoria,azul,0,-3,79,0,120,0.0000,0.0513,1875,13,1862,0
884,1910967048,vermelho,vermelho,reativa,azul,0,-3,79,90,120,0.7500,0.0000,1022,5,1017,0
884,1910967048,vermelho,azul,heuristica,azul,1,3,79,240,90,2.6667,0.0127,2240,305,1631,304
885,1277800770,azul,verde,aleatoria,vermelho,0,-3,22,30,120,0.2500,0.4375,393,9,384,0
885,1277800770,azul,vermelho,reativa,vermelho,1,3,22,240,60,4.0000,0.1905,314,20,294,0
885,1277800770,azul,azul,heuristica,vermelho,0,-3,22,30,120,0.2500,0.0952,761,106,510,145
886,695659536,verde,verde,aleatoria,azul,0,-3,61,0,120,0.0000,0.0000,1409,6,1403,0
886,695659536,verde,vermelho,reativa,azul,0,-3,61,90,120,0.7500,0.1000,427,9,418,0
886,695659536,verde,azul,heuristica,azul,1,3,61,240,90,2.6667,0.0328,2209,378,1459,372
887,2127157764,vermelho,verde,aleatoria,empate,0,-1,100,0,120,0.0000,0.0000,509,5,504,0
887,2127157764,vermelho,vermelho,reativa,empate,0,-1,100,0,0,0.0000,0.0000,1840,1,1839,0
887,2127157764,vermelho,azul,heuristica,empate,0,-1,100,120,0,120.0000,0.0300,2162,110,1952,100
888,249328386,azul,verde,aleatoria,empate,0,-1,100,0,90,0.0000,0.0000,2389,12,2377,0
888,249328386,azul,vermelho,reativa,empate,0,-1,100,90,0,90.0000,0.0101,2074,34,2040,0
888,249328386,azul,azul,heuristica,empate,0,-1,100,0,0,0.0000,0.0200,2038,20,2018,0
889,832162818,verde,verde,aleatoria,empate,0,-1,100,0,0,0.0000,0.0000,2385,3,2382,0
889,832162818,verde,vermelho,reativa,empate,0,-1,100,120,90,1.3333,0.0400,1873,9,1864,0
889,832162818,verde,azul,heuristica,empate,0,-1,100,90,120,0.7500,0.0667,482,85,310,87
890,649770543,vermelho,verde,aleatoria,azul,0,-3,28,0,120,0.0000,0.2222,656,9,647,0
890,649770543,vermelho,vermelho,reativa,azul,0,-3,28,180,120,1.5000,0.1111,532,19,513,0
890,649770543,vermelho,azul,heuristica,azul,1,3,28,150,90,1.6667,0.0357,1167,276,691,200
891,1075216718,azul,verde,aleatoria,empate,0,-1,100,0,60,0.0000,0.1515,2282,14,2268,0
891,1075216718,azul,vermelho,reativa,empate,0,-1,100,180,60,3.0000,0.0808,2174,18,2156,0
891,1075216718,azul,azul,heuristica,empate,0,-1,100,60,120,0.5000,0.1778,1506,231,1036,239
892,1401413882,verde,verde,aleatoria,azul,0,-3,80,0,120,0.0000,0.0125,1861,23,1838,0
892,1401413882,verde,vermelho,reativa,azul,0,-3,80,90,120,0.7500,0.1250,329,4,325,0
892,1401413882,verde,azul,heuristica,azul,1,3,80,240,90,2.6667,0.0375,2831,476,1852,503
893,1914617522,vermelho,verde,aleatoria,azul,0,-3,28,0,120,0.0000,0.0000,663,12,651,0
893,1914617522,vermelho,vermelho,reativa,azul,0,-3,28,90,120,0.7500,0.0526,411,11,400,0
893,1914617522,vermelho,azul,heuristica,azul,1,3,28,240,90,2.6667,0.1429,1289,307,683,299
894,1396172170,azul,verde,aleatoria,vermelho,0,-3,60,0,120,0.0000,0.0000,1367,29,1338,0
894,1396172170,azul,vermelho,reativa,vermelho,1,3,60,240,60,4.0000,0.0339,1182,29,1153,0
894,1396172170,azul,azul,heuristica,vermelho,0,-3,60,60,120,0.5000,0.1538,1562,249,1072,241
895,147524269,verde,verde,aleatoria,verde,1,3,76,30,30,1.0000,0.0789,1852,6,1846,0
895,147524269,verde,vermelho,reativa,verde,0,-3,76,150,120,1.2500,0.0667,1380,17,1363,0
895,147524269,verde,azul,heuristica,verde,0,-3,76,90,120,0.7500,0.0690,817,92,643,82
896,88215447,vermelho,verde,aleatoria,azul,0,-3,35,0,120,0.0000,0.0000,850,16,834,0
896,88215447,vermelho,vermelho,reativa,azul,0,-3,35,120,120,1.0000,0.0000,253,10,243,0
896,88215447,vermelho,azul,heuristica,azul,1,3,35,210,90,2.3333,0.0000,1178,226,763,189
897,1935253783,azul,verde,aleatoria,azul,0,-3,63,0,100,0.0000,0.0667,671,10,661,0
897,1935253783,azul,vermelho,reativa,azul,0,-3,63,190,120,1.5833,0.0645,1118,20,1098,0
897,1935253783,azul,azul,heuristica,azul,1,3,63,120,90,1.3333,0.0952,1738,168,1401,169
898,1096714693,verde,verde,aleatoria,vermelho,0,-3,89,0,120,0.0000,0.0225,2176,6,2170,0
898,1096714693,verde,vermelho,reativa,vermelho,1,3,89,240,90,2.6667,0.0112,1608,20,1588,0
898,1096714693,verde,azul,heuristica,vermelho,0,-3,89,90,120,0.7500,0.0714,558,109,333,116
899,1895563606,vermelho,verde,aleatoria,empate,0,-1,100,0,30,0.0000,0.0909,2364,22,2342,0
899,1895563606,vermelho,vermelho,reativa,empate,0,-1,100,90,120,0.7500,0.0000,225,7,218,0
899,1895563606,vermelho,azul,heuristica,empate,0,-1,100,150,90,1.6667,0.0400,2536,208,2123,205
900,767593850,azul,verde,aleatoria,empate,0,-1,100,0,30,0.0000,0.0303,2171,5,2166,0
900,767593850,azul,vermelho,reativa,empate,0,-1,100,90,120,0.7500,0.0000,531,8,523,0
900,767593850,azul,azul,heuristica,empate,0,-1,100,150,90,1.6667,0.0300,2730,232,2280,218
901,1987371659,verde,verde,aleatoria,empate,0,-1,100,0,20,0.0000,0.0500,2406,7,2399,0
901,1987371659,verde,vermelho,reativa,empate,0,-1,100,0,0,0.0000,0.0000,1872,10,1862,0
901,1987371659,verde,azul,heuristica,empate,0,-1,100,20,0,20.0000,0.1000,2520,74,2374,72
902,27872805,vermelho,verde,aleatoria,empate,0,-1,100,0,90,0.0000,0.1212,2405,5,2400,0
902,27872805,vermelho,vermelho,reativa,empate,0,-1,100,210,90,2.3333,0.0500,2164,18,2146,0
902,27872805,vermelho,azul,heuristica,empate,0,-1,100,90,120,0.7500,0.0149,1679,176,1328,175
903,1123407133,azul,verde,aleatoria,azul,0,-3,36,0,120,0.0000,0.2500,203,3,200,0
903,1123407133,azul,vermelho,reativa,azul,0,-3,36,90,120,0.7500,0.0571,677,4,673,0
903,1123407133,azul,azul,heuristica,azul,1,3,36,240,90,2.6667,0.0833,1282,225,849,208
904,1876146646,verde,verde,aleatoria,azul,0,-3,27,0,120,0.0000,0.0000,635,9,626,0
904,1876146646,verde,vermelho,reativa,azul,0,-3,27,90,120,0.7500,0.0000,472,10,462,0
904,1876146646,verde,azul,heuristica,azul,1,3,27,240,90,2.6667,0.0370,1135,305,605,225
905,1941871429,vermelho,verde,aleatoria,vermelho,0,-3,71,0,120,0.0000,0.0000,1275,13,1262,0
905,1941871429,vermelho,vermelho,reativa,vermelho,1,3,71,150,90,1.6667,0.0282,1546,17,1529,0
905,1941871429,vermelho,azul,heuristica,vermelho,0,-3,71,180,120,1.5000,0.0429,2327,362,1588,377
906,562041356,azul,verde,aleatoria,vermelho,0,-3,49,30,120,0.2500,0.0000,335,6,329,0
906,562041356,azul,vermelho,reativa,vermelho,1,3,49,90,90,1.0000,0.0417,1030,6,1024,0
906,562041356,azul,azul,heuristica,vermelho,0,-3,49,210,120,1.7500,0.0625,1710,277,1140,293
907,1137382925,verde,verde,aleatoria,azul,0,-3,74,0,120,0.0000,0.0000,951,7,944,0
907,1137382925,verde,vermelho,reativa,azul,0,-3,74,210,120,1.7500,0.0676,1592,21,1571,0
907,1137382925,verde,azul,heuristica,azul,1,3,74,120,90,1.3333,0.0405,2026,155,1721,150
908,44253473,vermelho,verde,aleatoria,empate,0,-1,100,0,0,0.0000,0.0303,2388,0,2388,0
908,44253473,vermelho,vermelho,reativa,empate,0,-1,100,90,120,0.7500,0.0000,365,5,360,0
908,44253473,vermelho,azul,heuristica,empate,0,-1,100,120,90,1.3333,0.0100,2119,120,1888,111
909,1560650065,azul,verde,aleatoria,empate,0,-1,100,0,120,0.0000,0.0000,1162,8,1154,0
909,1560650065,azul,vermelho,reativa,empate,0,-1,100,60,60,1.0000,0.0202,1396,7,1389,0
909,1560650065,azul,azul,heuristica,empate,0,-1,100,180,60,3.0000,0.1100,2930,439,2064,427
910,412950855,verde,verde,aleatoria,empate,0,-1,100,0,120,0.0000,0.1538,572,6,566,0
910,412950855,verde,vermelho,reativa,empate,0,-1,100,120,0,120.0000,0.0200,2138,16,2122,0
910,412950855,verde,azul,heuristica,empate,0,-1,100,0,0,0.0000,0.0000,1853,18,1818,17
911,607510251,vermelho,verde,aleatoria,empate,0,-1,100,0,30,0.0000,0.0404,2211,5,2206,0
911,607510251,vermelho,vermelho,reativa,empate,0,-1,100,90,120,0.7500,0.0000,250,5,245,0
911,607510251,vermelho,azul,heuristica,empate,0,-1,100,150,90,1.6667,0.0500,2425,132,2173,120
912,1238126236,azul,verde,aleatoria,empate,0,-1,100,0,90,0.0000,0.0404,2379,16,2363,0
912,1238126236,azul,vermelho,reativa,empate,0,-1,100,190,90,2.1111,0.0202,2228,22,2206,0
912,1238126236,azul,azul,heuristica,empate,0,-1,100,90,100,0.9000,0.1000,1310,139,1036,135
913,1121641946,verde,verde,aleatoria,azul,0,-3,59,0,120,0.0000,0.0508,1460,6,1454,0
913,1121641946,verde,vermelho,reativa,azul,0,-3,59,160,110,1.4545,0.1591,953,16,937,0
913,1121641946,verde,azul,heuristica,azul,1,3,59,140,70,2.0000,0.1525,1738,178,1391,169
914,420667202,vermelho,verde,aleatoria,empate,0,-1,100,0,30,0.0000,0.1414,2250,4,2246,0
914,420667202,vermelho,vermelho,reativa,empate,0,-1,100,90,120,0.7500,0.0000,1381,18,1363,0
914,420667202,vermelho,azul,heuristica,empate,0,-1,100,150,90,1.6667,0.0400,2835,316,2271,248
915,1568625357,azul,verde,aleatoria,empate,0,-1,100,0,0,0.0000,0.1313,2194,24,2170,0
915,1568625357,azul,vermelho,reativa,empate,0,-1,100,90,120,0.7500,0.0526,381,8,373,0
915,1568625357,azul,azul,heuristica,empate,0,-1,100,120,90,1.3333,0.0400,2429,259,1938,232
916,988698174,verde,verde,aleatoria,empate,0,-1,100,0,50,0.0000,0.0700,2313,7,2306,0
916,988698174,verde,vermelho,reativa,empate,0,-1,100,90,120,0.7500,0.0769,245,4,241,0
916,988698174,verde,azul,heuristica,empate,0,-1,100,170,90,1.8889,0.0500,2790,256,2284,250
917,1920469873,vermelho,verde,aleatoria,vermelho,0,-3,75,0,120,0.0000,0.0250,948,10,938,0
917,1920469873,vermelho,vermelho,reativa,vermelho,1,3,75,180,90,2.0000,0.0667,1706,29,1677,0
917,1920469873,vermelho,azul,heuristica,vermelho,0,-3,75,150,120,1.2500,0.0541,2338,286,1758,294
918,427165887,azul,verde,aleatoria,empate,0,-1,100,30,120,0.2500,0.1096,1838,29,1809,0
918,427165887,azul,vermelho,reativa,empate,0,-1,100,60,30,2.0000,0.0202,2336,18,2318,0
918,427165887,azul,azul,heuristica,empate,0,-1,100,120,60,2.0000,0.1000,3335,545,2295,495
919,1734036530,verde,verde,aleatoria,verde,1,3,87,30,30,1.0000,0.0115,2169,10,2159,0
919,1734036530,verde,vermelho,reativa,verde,0,-3,87,150,120,1.2500,0.0698,1841,15,1826,0
919,1734036530,verde,azul,heuristica,verde,0,-3,87,90,120,0.7500,0.4848,829,118,592,119
920,1207230511,vermelho,verde,aleatoria,empate,0,-1,100,0,30,0.0000,0.1414,2309,18,2291,0
920,1207230511,vermelho,vermelho,reativa,empate,0,-1,100,120,90,1.3333,0.0400,2265,14,2251,0
920,1207230511,vermelho,azul,heuristica,empate,0,-1,100,120,120,1.0000,0.1212,1004,178,680,146
921,107751489,azul,verde,aleatoria,empate,0,-1,100,0,0,0.0000,0.0000,2240,7,2233,0
921,107751489,azul,vermelho,reativa,empate,0,-1,100,120,60,2.0000,0.0505,2113,11,2102,0
921,107751489,azul,azul,heuristica,empate,0,-1,100,60,120,0.5000,0.0769,595,48,499,48
922,66732485,verde,verde,aleatoria,empate,0,-1,100,0,120,0.0000,0.0526,461,11,450,0
922,66732485,verde,vermelho,reativa,empate,0,-1,100,60,30,2.0000,0.0600,2025,11,2014,0
922,66732485,verde,azul,heuristica,empate,0,-1,100,150,60,2.5000,0.0500,2164,206,1772,186
923,18312935,vermelho,verde,aleatoria,empate,0,-1,100,0,60,0.0000,0.0808,2292,10,2282,0
923,18312935,vermelho,vermelho,reativa,empate,0,-1,100,0,0,0.0000,0.0500,1743,4,1739,0
923,18312935,vermelho,azul,heuristica,empate,0,-1,100,60,0,60.0000,0.0100,2016,72,1870,74
924,1367906468,azul,verde,aleatoria,vermelho,0,-3,87,0,120,0.0000,0.0581,2172,24,2148,0
924,1367906468,azul,vermelho,reativa,vermelho,1,3,87,200,90,2.2222,0.0698,1941,25,1916,0
924,1367906468,azul,azul,heuristica,vermelho,0,-3,87,120,110,1.0909,0.2500,703,197,368,138
925,1533422519,verde,verde,aleatoria,azul,0,-3,72,0,120,0.0000,0.0000,1750,9,1741,0
925,1533422519,verde,vermelho,reativa,azul,0,-3,72,120,120,1.0000,0.0233,972,10,962,0
925,1533422519,verde,azul,heuristica,azul,1,3,72,210,90,2.3333,0.0972,2755,507,1721,527
926,372069853,vermelho,verde,aleatoria,empate,0,-1,100,0,100,0.0000,0.0833,306,6,300,0
926,372069853,vermelho,vermelho,reativa,empate,0,-1,100,90,90,1.0000,0.0700,2318,15,2303,0
926,372069853,vermelho,azul,heuristica,empate,0,-1,100,190,90,2.1111,0.1600,2998,357,2391,250
927,778134302,azul,verde,aleatoria,empate,0,-1,100,0,60,0.0000,0.0000,2398,20,2378,0
927,778134302,azul,vermelho,reativa,empate,0,-1,100,180,90,2.0000,0.0404,2165,19,2146,0
927,778134302,azul,azul,heuristica,empate,0,-1,100,90,120,0.7500,0.0000,618,123,375,120
928,1831905812,verde,verde,aleatoria,azul,0,-3,60,0,120,0.0000,0.0500,1461,23,1438,0
928,1831905812,verde,vermelho,reativa,azul,0,-3,60,90,120,0.7500,0.0000,315,7,308,0
928,1831905812,verde,azul,heuristica,azul,1,3,60,240,90,2.6667,0.0000,1860,347,1234,279
929,991318533,vermelho,verde,aleatoria,empate,0,-1,100,0,120,0.0000,0.0421,2199,17,2182,0
929,991318533,vermelho,vermelho,reativa,empate,0,-1,100,60,0,60.0000,0.0500,2021,9,2012,0
929,991318533,vermelho,azul,heuristica,empate,0,-1,100,60,0,60.0000,0.0500,2279,144,1980,155
930,1706283989,azul,verde,aleatoria,azul,0,-3,30,0,120,0.0000,0.1724,709,7,702,0
930,1706283989,azul,vermelho,reativa,azul,0,-3,30,90,120,0.7500,0.0000,102,4,98,0
930,1706283989,azul,azul,heuristica,azul,1,3,30,240,90,2.6667,0.0667,1232,262,701,269
931,1594119628,verde,verde,aleatoria,vermelho,0,-3,25,0,120,0.0000,0.0000,528,4,524,0
931,1594119628,verde,vermelho,reativa,vermelho,1,3,25,150,90,1.6667,0.1200,508,14,494,0
931,1594119628,verde,azul,heuristica,vermelho,0,-3,25,180,120,1.5000,0.0417,959,215,594,150
932,1114523884,vermelho,verde,aleatoria,azul,0,-3,26,30,120,0.2500,0.2778,460,10,450,0
932,1114523884,vermelho,vermelho,reativa,azul,0,-3,26,200,120,1.6667,0.0769,486,18,468,0
932,1114523884,vermelho,azul,heuristica,azul,1,3,26,90,80,1.1250,0.0769,815,136,571,108
933,422079920,azul,verde,aleatoria,empate,0,-1,100,30,120,0.2500,0.1786,703,13,690,0
933,422079920,azul,vermelho,reativa,empate,0,-1,100,30,0,30.0000,0.0202,1932,3,1929,0
933,422079920,azul,azul,heuristica,empate,0,-1,100,90,30,3.0000,0.0200,2410,185,2025,200
934,1042459231,verde,verde,aleatoria,azul,0,-3,23,0,120,0.0000,0.0000,449,8,441,0
934,1042459231,verde,vermelho,reativa,azul,0,-3,23,150,120,1.2500,0.0000,425,11,414,0
934,1042459231,verde,azul,heuristica,azul,1,3,23,180,90,2.0000,0.1739,1021,282,536,203
935,712723097,vermelho,verde,aleatoria,empate,0,-1,100,0,0,0.0000,0.0000,2399,3,2396,0
935,712723097,vermelho,vermelho,reativa,empate,0,-1,100,90,120,0.7500,0.1529,1867,11,1856,0
935,712723097,vermelho,azul,heuristica,empate,0,-1,100,120,90,1.3333,0.1100,2051,131,1801,119
936,1168590347,azul,verde,aleatoria,empate,0,-1,100,0,100,0.0000,0.0385,1216,27,1189,0
936,1168590347,azul,vermelho,reativa,empate,0,-1,100,100,0,100.0000,0.0606,2009,24,1985,0
936,1168590347,azul,azul,heuristica,empate,0,-1,100,0,0,0.0000,0.5500,2204,168,1867,169
937,1071684288,verde,verde,aleatoria,empate,0,-1,100,0,120,0.0000,0.0395,1896,12,1884,0
937,1071684288,verde,vermelho,reativa,empate,0,-1,100,0,0,0.0000,0.0300,1966,2,1964,0
937,1071684288,verde,azul,heuristica,empate,0,-1,100,120,0,120.0000,0.1400,2771,211,2335,225
938,538693465,vermelho,verde,aleatoria,empate,0,-1,100,0,0,0.0000,0.0000,2267,0,2267,0
938,538693465,vermelho,vermelho,reativa,empate,0,-1,100,90,120,0.7500,0.0233,870,5,865,0
938,538693465,vermelho,azul,heuristica,empate,0,-1,100,120,90,1.3333,0.0500,2663,183,2297,183
939,1540251139,azul,verde,aleatoria,empate,0,-1,100,0,90,0.0000,0.0404,2418,27,2391,0
939,1540251139,azul,vermelho,reativa,empate,0,-1,100,60,0,60.0000,0.0000,1707,19,1688,0
939,1540251139,azul,azul,heuristica,empate,0,-1,100,60,30,2.0000,0.0000,1817,254,1418,145
940,1431387882,verde,verde,aleatoria,azul,0,-3,36,0,120,0.0000,0.0000,245,7,238,0
940,1431387882,verde,vermelho,reativa,azul,0,-3,36,90,120,0.7500,0.0000,728,13,715,0
940,1431387882,verde,azul,heuristica,azul,1,3,36,240,90,2.6667,0.0278,1320,248,838,234
941,1385593444,vermelho,verde,aleatoria,empate,0,-1,100,0,0,0.0000,0.0707,2421,7,2414,0
941,1385593444,vermelho,vermelho,reativa,empate,0,-1,100,90,120,0.7500,0.0833,226,6,220,0
941,1385593444,vermelho,azul,heuristica,empate,0,-1,100,120,90,1.3333,0.0000,1516,93,1344,79
942,602949509,azul,verde,aleatoria,empate,0,-1,100,0,120,0.0000,0.0000,426,5,421,0
942,602949509,azul,vermelho,reativa,empate,0,-1,100,0,0,0.0000,0.0101,1359,8,1351,0
942,602949509,azul,azul,heuristica,empate,0,-1,100,120,0,120.0000,0.0700,2562,122,2328,112
943,129881148,verde,verde,aleatoria,empate,0,-1,100,0,120,0.0000,0.0000,780,7,773,0
943,129881148,verde,vermelho,reativa,empate,0,-1,100,0,0,0.0000,0.0200,1907,1,1906,0
943,129881148,verde,azul,heuristica,empate,0,-1,100,120,0,120.0000,0.0600,2698,338,2047,313
944,988129515,vermelho,verde,aleatoria,empate,0,-1,100,0,120,0.0000,0.0508,1316,9,1307,0
944,988129515,vermelho,vermelho,reativa,empate,0,-1,100,0,0,0.0000,0.0600,2010,6,2004,0
944,988129515,vermelho,azul,heuristica,empate,0,-1,100,120,0,120.0000,0.0500,2406,186,2042,178
945,240535048,azul,verde,aleatoria,empate,0,-1,100,0,0,0.0000,0.1010,2360,7,2353,0
945,240535048,azul,vermelho,reativa,empate,0,-1,100,90,120,0.7500,0.0820,1296,11,1285,0
945,240535048,azul,azul,heuristica,empate,0,-1,100,120,90,1.3333,0.0000,1869,121,1638,110
946,1570706326,verde,verde,aleatoria,empate,0,-1,100,0,60,0.0000,0.0400,2337,10,2327,0
946,1570706326,verde,vermelho,reativa,empate,0,-1,100,130,60,2.1667,0.0300,1879,14,1865,0
946,1570706326,verde,azul,heuristica,empate,0,-1,100,90,100,0.9000,0.3077,545,132,306,107
947,507421364,vermelho,verde,aleatoria,azul,0,-3,33,0,120,0.0000,0.0000,701,15,686,0
947,507421364,vermelho,vermelho,reativa,azul,0,-3,33,90,120,0.7500,0.0909,710,6,704,0
947,507421364,vermelho,azul,heuristica,azul,1,3,33,240,90,2.6667,0.1515,1460,347,796,317
948,1685667609,azul,verde,aleatoria,empate,0,-1,100,30,120,0.2500,0.1064,1114,17,1097,0
948,1685667609,azul,vermelho,reativa,empate,0,-1,100,90,0,90.0000,0.0707,2161,20,2141,0
948,1685667609,azul,azul,heuristica,empate,0,-1,100,60,60,1.0000,0.0600,2731,215,2297,219
949,705769209,verde,verde,aleatoria,empate,0,-1,100,30,120,0.2500,0.0769,329,5,324,0
949,705769209,verde,vermelho,reativa,empate,0,-1,100,150,30,5.0000,0.0300,2038,17,2021,0
949,705769209,verde,azul,heuristica,empate,0,-1,100,0,30,0.0000,0.0200,2829,286,2249,294
950,504911631,vermelho,verde,aleatoria,empate,0,-1,100,0,30,0.0000,0.0202,2275,4,2271,0
950,504911631,vermelho,vermelho,reativa,empate,0,-1,100,150,60,2.5000,0.0200,1765,14,1751,0
950,504911631,vermelho,azul,heuristica,empate,0,-1,100,60,120,0.5000,0.0492,1576,80,1421,75
951,797430198,azul,verde,aleatoria,azul,0,-3,77,0,120,0.0000,0.1556,1090,13,1077,0
951,797430198,azul,vermelho,reativa,azul,0,-3,77,150,120,1.2500,0.0526,1571,14,1557,0
951,797430198,azul,azul,heuristica,azul,1,3,77,180,90,2.0000,0.2078,2657,465,1788,404
952,1256198830,verde,verde,aleatoria,azul,0,-3,31,0,120,0.0000,0.0000,759,11,748,0
952,1256198830,verde,vermelho,reativa,azul,0,-3,31,90,120,0.7500,0.0500,431,13,418,0
952,1256198830,verde,azul,heuristica,azul,1,3,31,240,90,2.6667,0.1613,1551,434,749,368
953,1625466238,vermelho,verde,aleatoria,azul,0,-3,72,0,120,0.0000,0.0806,1388,12,1376,0
953,1625466238,vermelho,vermelho,reativa,azul,0,-3,72,180,120,1.5000,0.0139,1320,19,1301,0
953,1625466238,vermelho,azul,heuristica,azul,1,3,72,150,90,1.6667,0.3472,2130,281,1576,273
954,270764059,azul,verde,aleatoria,empate,0,-1,100,0,30,0.0000,0.1010,2326,1,2325,0
954,270764059,azul,vermelho,reativa,empate,0,-1,100,80,110,0.7273,0.2222,798,4,794,0
954,270764059,azul,azul,heuristica,empate,0,-1,100,140,80,1.7500,0.0400,2406,239,1919,248
955,466416347,verde,verde,aleatoria,verde,1,3,51,30,90,0.3333,0.0196,1131,6,1125,0
955,466416347,verde,vermelho,reativa,verde,0,-3,51,70,120,0.5833,0.1429,270,5,265,0
955,466416347,verde,azul,heuristica,verde,0,-3,51,210,100,2.1000,0.1600,1434,172,1105,157
956,164930889,vermelho,verde,aleatoria,verde,1,3,69,30,90,0.3333,0.2941,1593,14,1579,0
956,164930889,vermelho,vermelho,reativa,verde,0,-3,69,210,120,1.7500,0.0735,1440,22,1418,0
956,164930889,vermelho,azul,heuristica,verde,0,-3,69,90,120,0.7500,0.0833,486,102,289,95
957,657063490,azul,verde,aleatoria,empate,0,-1,100,0,0,0.0000,0.0000,2342,0,2342,0
957,657063490,azul,vermelho,reativa,empate,0,-1,100,90,120,0.7500,0.1000,162,5,157,0
957,657063490,azul,azul,heuristica,empate,0,-1,100,120,90,1.3333,0.3800,2300,124,2052,124
958,925743247,verde,verde,aleatoria,empate,0,-1,100,0,0,0.0000,0.0500,2249,0,2249,0
958,925743247,verde,vermelho,reativa,empate,0,-1,100,0,0,0.0000,0.0000,1862,6,1856,0
958,925743247,verde,azul,heuristica,empate,0,-1,100,0,0,0.0000,0.0200,1751,3,1748,0
959,1712549161,vermelho,verde,aleatoria,empate,0,-1,100,0,0,0.0000,0.0000,2313,0,2313,0
959,1712549161,vermelho,vermelho,reativa,empate,0,-1,100,90,120,0.7500,0.0263,1597,5,1592,0
959,1712549161,vermelho,azul,heuristica,empate,0,-1,100,120,90,1.3333,0.0400,2313,100,2121,92
960,1225043013,azul,verde,aleatoria,vermelho,0,-3,21,0,100,0.0000,0.4615,332,8,324,0
960,1225043013,azul,vermelho,reativa,vermelho,1,3,21,100,90,1.1111,0.0000,407,8,399,0
960,1225043013,azul,azul,heuristica,vermelho,0,-3,21,190,100,1.9000,0.4500,963,246,479,238
961,941576731,verde,verde,aleatoria,empate,0,-1,100,0,0,0.0000,0.0200,2124,0,2124,0
961,941576731,verde,vermelho,reativa,empate,0,-1,100,90,120,0.7500,0.0000,126,6,120,0
961,941576731,verde,azul,heuristica,empate,0,-1,100,120,90,1.3333,0.0100,2017,120,1777,120
962,1506476993,vermelho,verde,aleatoria,vermelho,0,-3,74,0,120,0.0000,0.1136,1054,7,1047,0
962,1506476993,vermelho,vermelho,reativa,vermelho,1,3,74,240,60,4.0000,0.0405,1536,23,1513,0
962,1506476993,vermelho,azul,heuristica,vermelho,0,-3,74,60,120,0.5000,0.0411,1608,109,1386,113
963,1059674389,azul,verde,aleatoria,empate,0,-1,100,0,120,0.0000,0.0488,1903,11,1892,0
963,1059674389,azul,vermelho,reativa,empate,0,-1,100,0,0,0.0000,0.0303,1912,12,1900,0
963,1059674389,azul,azul,heuristica,empate,0,-1,100,120,0,120.0000,0.0600,2703,272,2172,259
964,629443526,verde,verde,aleatoria,azul,0,-3,36,0,120,0.0000,0.0476,495,9,486,0
964,629443526,verde,vermelho,reativa,azul,0,-3,36,210,120,1.7500,0.1944,647,13,634,0
964,629443526,verde,azul,heuristica,azul,1,3,36,120,90,1.3333,0.1389,1092,142,818,132
965,1269805790,vermelho,verde,aleatoria,empate,0,-1,100,0,0,0.0000,0.0000,1845,0,1845,0
965,1269805790,vermelho,vermelho,reativa,empate,0,-1,100,90,120,0.7500,0.0000,302,5,297,0
965,1269805790,vermelho,azul,heuristica,empate,0,-1,100,120,90,1.3333,0.0300,2580,167,2239,174
966,1317036416,azul,verde,aleatoria,empate,0,-1,100,0,90,0.0000,0.0303,2292,15,2277,0
966,1317036416,azul,vermelho,reativa,empate,0,-1,100,90,0,90.0000,0.0404,2260,24,2236,0
966,1317036416,azul,azul,heuristica,empate,0,-1,100,0,0,0.0000,0.0600,2040,60,1925,55
967,558950948,verde,verde,aleatoria,empate,0,-1,100,30,60,0.5000,0.0800,2398,4,2394,0
967,558950948,verde,vermelho,reativa,empate,0,-1,100,0,0,0.0000,0.0000,1894,1,1893,0
967,558950948,verde,azul,heuristica,empate,0,-1,100,60,30,2.0000,0.0300,2168,166,1827,175
968,136670000,vermelho,verde,aleatoria,empate,0,-1,100,0,30,0.0000,0.0505,2352,14,2338,0
968,136670000,vermelho,vermelho,reativa,empate,0,-1,100,120,110,1.0909,0.1220,778,16,762,0
968,136670000,vermelho,azul,heuristica,empate,0,-1,100,110,90,1.2222,0.0700,2324,183,1965,176
969,127806416,azul,verde,aleatoria,empate,0,-1,100,30,90,0.3333,0.0101,2312,24,2288,0
969,127806416,azul,vermelho,reativa,empate,0,-1,100,150,90,1.6667,0.0808,2282,15,2267,0
969,127806416,azul,azul,heuristica,empate,0,-1,100,120,120,1.0000,0.1067,2361,282,1830,249
970,1770472552,verde,verde,aleatoria,empate,0,-1,100,0,120,0.0000,0.0714,707,7,700,0
970,1770472552,verde,vermelho,reativa,empate,0,-1,100,0,0,0.0000,0.0500,2121,2,2119,0
970,1770472552,verde,azul,heuristica,empate,0,-1,100,120,0,120.0000,0.0100,2135,147,1863,125
971,1221341580,vermelho,verde,aleatoria,azul,0,-3,69,0,120,0.0000,0.0147,1657,6,1651,0
971,1221341580,vermelho,vermelho,reativa,azul,0,-3,69,30,120,0.2500,0.0000,79,4,75,0
971,1221341580,vermelho,azul,heuristica,azul,1,3,69,240,30,8.0000,0.1594,2488,394,1660,434
972,510847089,azul,verde,aleatoria,empate,0,-1,100,0,0,0.0000,0.0303,2286,2,2284,0
972,510847089,azul,vermelho,reativa,empate,0,-1,100,110,60,1.8333,0.0202,2054,14,2040,0
972,510847089,azul,azul,heuristica,empate,0,-1,100,60,110,0.5455,0.0682,1117,65,993,59
973,1692598265,verde,verde,aleatoria,empate,0,-1,100,0,0,0.0000,0.0000,2016,0,2016,0
973,1692598265,verde,vermelho,reativa,empate,0,-1,100,120,60,2.0000,0.0500,2119,19,2100,0
973,1692598265,verde,azul,heuristica,empate,0,-1,100,60,120,0.5000,0.0412,2373,114,2153,106
974,248016053,vermelho,verde,aleatoria,azul,0,-3,51,0,120,0.0000,0.0000,580,5,575,0
974,248016053,vermelho,vermelho,reativa,azul,0,-3,51,120,120,1.0000,0.0588,1076,9,1067,0
974,248016053,vermelho,azul,heuristica,azul,1,3,51,210,90,2.3333,0.0196,1498,225,1046,227
975,1909045985,azul,verde,aleatoria,empate,0,-1,100,0,0,0.0000,0.1212,2422,0,2422,0
975,1909045985,azul,vermelho,reativa,empate,0,-1,100,0,0,0.0000,0.0101,1699,46,1653,0
975,1909045985,azul,azul,heuristica,empate,0,-1,100,0,0,0.0000,0.0000,1586,0,1586,0
976,887965518,verde,verde,aleatoria,vermelho,0,-3,15,0,120,0.0000,0.0000,283,8,275,0
976,887965518,verde,vermelho,reativa,vermelho,1,3,15,120,90,1.3333,0.0000,279,9,270,0
976,887965518,verde,azul,heuristica,vermelho,0,-3,15,210,120,1.7500,0.0714,782,235,347,200
977,1357408905,vermelho,verde,aleatoria,azul,0,-3,71,0,120,0.0000,0.0714,1605,14,1591,0
977,1357408905,vermelho,vermelho,reativa,azul,0,-3,71,90,120,0.7500,0.1250,514,11,503,0
977,1357408905,vermelho,azul,heuristica,azul,1,3,71,240,90,2.6667,0.0563,2378,424,1616,338
978,1611699638,azul,verde,aleatoria,empate,0,-1,100,0,60,0.0000,0.0404,2449,9,2440,0
978,1611699638,azul,vermelho,reativa,empate,0,-1,100,0,0,0.0000,0.0000,1685,33,1652,0
978,1611699638,azul,azul,heuristica,empate,0,-1,100,60,0,60.0000,0.3200,3821,759,2324,738
979,1463146029,verde,verde,aleatoria,empate,0,-1,100,0,120,0.0000,0.0000,402,7,395,0
979,1463146029,verde,vermelho,reativa,empate,0,-1,100,90,0,90.0000,0.0400,1995,10,1985,0
979,1463146029,verde,azul,heuristica,empate,0,-1,100,30,0,30.0000,0.0600,2553,97,2356,100
980,1079783323,vermelho,verde,aleatoria,azul,0,-3,27,0,110,0.0000,0.1250,183,4,179,0
980,1079783323,vermelho,vermelho,reativa,azul,0,-3,27,200,120,1.6667,0.0370,369,13,356,0
980,1079783323,vermelho,azul,heuristica,azul,1,3,27,120,90,1.3333,0.1481,900,148,594,158
981,645188196,azul,verde,aleatoria,empate,0,-1,100,0,90,0.0000,0.0202,2321,4,2317,0
981,645188196,azul,vermelho,reativa,empate,0,-1,100,90,120,0.7500,0.0435,458,5,453,0
981,645188196,azul,azul,heuristica,empate,0,-1,100,210,90,2.3333,0.0400,2338,233,1884,221
982,1071560322,verde,verde,aleatoria,empate,0,-1,100,0,100,0.0000,0.1351,935,11,924,0
982,1071560322,verde,vermelho,reativa,empate,0,-1,100,130,30,4.3333,0.0800,2214,13,2201,0
982,1071560322,verde,azul,heuristica,empate,0,-1,100,30,30,1.0000,0.0300,1832,47,1744,41
983,997181620,vermelho,verde,aleatoria,azul,0,-3,99,30,120,0.2500,0.1531,2423,28,2395,0
983,997181620,vermelho,vermelho,reativa,azul,0,-3,99,180,120,1.5000,0.0133,1581,19,1562,0
983,997181620,vermelho,azul,heuristica,azul,1,3,99,120,90,1.3333,0.0404,1949,136,1710,103
984,1255515162,azul,verde,aleatoria,empate,0,-1,100,0,0,0.0000,0.0101,2413,2,2411,0
984,1255515162,azul,vermelho,reativa,empate,0,-1,100,90,120,0.7500,0.0690,642,8,634,0
984,1255515162,azul,azul,heuristica,empate,0,-1,100,120,90,1.3333,0.0000,2112,102,1916,94
985,836382915,verde,verde,aleatoria,empate,0,-1,100,0,120,0.0000,0.0000,1722,7,1715,0
985,836382915,verde,vermelho,reativa,empate,0,-1,100,0,0,0.0000,0.0100,1972,2,1970,0
985,836382915,verde,azul,heuristica,empate,0,-1,100,120,0,120.0000,0.1300,3076,428,2223,425
986,347126365,vermelho,verde,aleatoria,empate,0,-1,100,30,120,0.2500,0.0270,912,11,901,0
986,347126365,vermelho,vermelho,reativa,empate,0,-1,100,120,30,4.0000,0.0600,2289,13,2276,0
986,347126365,vermelho,azul,heuristica,empate,0,-1,100,0,0,0.0000,0.0100,1888,0,1888,0
987,1469351021,azul,verde,aleatoria,vermelho,0,-3,20,0,120,0.0000,0.0000,224,7,217,0
987,1469351021,azul,vermelho,reativa,vermelho,1,3,20,100,70,1.4286,0.2632,343,6,337,0
987,1469351021,azul,azul,heuristica,vermelho,0,-3,20,190,100,1.9000,0.1579,969,251,471,247
988,2100725222,verde,verde,aleatoria,empate,0,-1,100,0,0,0.0000,0.1700,2491,23,2468,0
988,2100725222,verde,vermelho,reativa,empate,0,-1,100,0,0,0.0000,0.0000,1260,15,1245,0
988,2100725222,verde,azul,heuristica,empate,0,-1,100,0,0,0.0000,0.0000,1562,10,1552,0
989,2076863469,vermelho,verde,aleatoria,azul,0,-3,66,0,120,0.0000,0.0000,435,11,424,0
989,2076863469,vermelho,vermelho,reativa,azul,0,-3,66,90,120,0.7500,0.0606,1389,5,1384,0
989,2076863469,vermelho,azul,heuristica,azul,1,3,66,240,90,2.6667,0.0152,2305,368,1557,380
990,1297419198,azul,verde,aleatoria,azul,0,-3,60,0,120,0.0000,0.0000,492,9,483,0
990,1297419198,azul,vermelho,reativa,azul,0,-3,60,90,120,0.7500,0.0339,1363,11,1352,0
990,1297419198,azul,azul,heuristica,azul,1,3,60,240,90,2.6667,0.0333,1664,244,1192,228
991,656509197,verde,verde,aleatoria,empate,0,-1,100,30,120,0.2500,0.0000,378,5,373,0
991,656509197,verde,vermelho,reativa,empate,0,-1,100,0,0,0.0000,0.0800,2274,4,2270,0
991,656509197,verde,azul,heuristica,empate,0,-1,100,120,30,4.0000,0.0700,2639,216,2193,230
992,2086753255,vermelho,verde,aleatoria,empate,0,-1,100,0,60,0.0000,0.0202,2282,6,2276,0
992,2086753255,vermelho,vermelho,reativa,empate,0,-1,100,30,0,30.0000,0.6800,1738,6,1732,0
992,2086753255,vermelho,azul,heuristica,empate,0,-1,100,60,30,2.0000,0.0700,2655,147,2359,149
993,1945909570,azul,verde,aleatoria,azul,0,-3,50,0,110,0.0000,0.2245,1213,13,1200,0
993,1945909570,azul,vermelho,reativa,azul,0,-3,50,90,120,0.7500,0.0000,81,6,75,0
993,1945909570,azul,azul,heuristica,azul,1,3,50,230,90,2.5556,0.0200,1763,332,1100,331
994,66133690,verde,verde,aleatoria,empate,0,-1,100,0,60,0.0000,0.0000,2299,12,2287,0
994,66133690,verde,vermelho,reativa,empate,0,-1,100,120,120,1.0000,0.0000,250,11,239,0
994,66133690,verde,azul,heuristica,empate,0,-1,100,150,90,1.6667,0.0300,2607,227,2211,169
995,1178650548,vermelho,verde,aleatoria,empate,0,-1,100,30,120,0.2500,0.0698,1057,10,1047,0
995,1178650548,vermelho,vermelho,reativa,empate,0,-1,100,60,30,2.0000,0.0300,2218,15,2203,0
995,1178650548,vermelho,azul,heuristica,empate,0,-1,100,120,60,2.0000,0.0300,2445,251,1964,230
996,1356342537,azul,verde,aleatoria,azul,0,-3,54,30,120,0.2500,0.1250,611,11,600,0
996,1356342537,azul,vermelho,reativa,azul,0,-3,54,180,120,1.5000,0.0189,1125,17,1108,0
996,1356342537,azul,azul,heuristica,azul,1,3,54,90,60,1.5000,0.0370,1613,167,1273,173
997,1676657438,verde,verde,aleatoria,azul,0,-3,46,0,120,0.0000,0.0000,411,5,406,0
997,1676657438,verde,vermelho,reativa,azul,0,-3,46,210,120,1.7500,0.0870,942,14,928,0
997,1676657438,verde,azul,heuristica,azul,1,3,46,120,90,1.3333,0.0435,1291,121,1047,123
998,1714985209,vermelho,verde,aleatoria,azul,0,-3,24,0,120,0.0000,0.0000,374,7,367,0
998,1714985209,vermelho,vermelho,reativa,azul,0,-3,24,150,120,1.2500,0.0417,462,12,450,0
998,1714985209,vermelho,azul,heuristica,azul,1,3,24,180,90,2.0000,0.0000,915,214,540,161
999,703915436,azul,verde,aleatoria,empate,0,-1,100,0,0,0.0000,0.0101,2220,10,2210,0
999,703915436,azul,vermelho,reativa,empate,0,-1,100,90,120,0.7500,0.0000,221,5,216,0
999,703915436,azul,azul,heuristica,empate,0,-1,100,120,90,1.3333,0.0400,2513,210,2090,213
1000,1215748322,verde,verde,aleatoria,vermelho,0,-3,45,0,120,0.0000,0.0732,1008,14,994,0
1000,1215748322,verde,vermelho,reativa,vermelho,1,3,45,210,90,2.3333,0.1111,902,18,884,0
1000,1215748322,verde,azul,heuristica,vermelho,0,-3,45,120,120,1.0000,0.0227,1362,172,1050,140
