id_simulacao,seed,jogador_inicial,jogador,modelo_ia,vencedor,venceu,pontos,turnos,dano_causado,dano_recebido,damage_ratio,cover_usage,custo_total,custo_los,custo_nodos,custo_acoes
1,438557537,verde,verde,modelo_proposto,azul,0,-3,15,60,120,0.5000,0.0769,316,77,169,70
1,438557537,verde,vermelho,reativa,azul,0,-3,15,180,120,1.5000,0.1333,235,15,220,0
1,438557537,verde,azul,reativa,azul,1,3,15,60,60,1.0000,0.2000,297,10,287,0
2,1864560048,vermelho,verde,modelo_proposto,vermelho,0,-3,15,60,120,0.5000,0.0000,471,97,277,97
2,1864560048,vermelho,vermelho,reativa,vermelho,1,3,15,120,60,2.0000,0.0000,265,13,252,0
2,1864560048,vermelho,azul,reativa,vermelho,0,-3,15,120,120,1.0000,0.0000,207,11,196,0
3,990947591,azul,verde,modelo_proposto,vermelho,0,-3,18,90,120,0.7500,0.1000,345,107,144,94
3,990947591,azul,vermelho,reativa,vermelho,1,3,18,30,0,30.0000,0.1765,345,3,342,0
3,990947591,azul,azul,reativa,vermelho,0,-3,18,120,120,1.0000,0.0000,336,8,328,0
4,980411883,verde,verde,modelo_proposto,azul,0,-3,35,90,120,0.7500,0.1111,395,112,183,100
4,980411883,verde,vermelho,reativa,azul,0,-3,35,150,120,1.2500,0.0571,727,8,719,0
4,980411883,verde,azul,reativa,azul,1,3,35,30,30,1.0000,0.1429,847,2,845,0
5,1364875354,vermelho,verde,modelo_proposto,verde,1,3,32,30,0,30.0000,0.0000,438,29,385,24
5,1364875354,vermelho,vermelho,reativa,verde,0,-3,32,120,120,1.0000,0.0645,684,9,675,0
5,1364875354,vermelho,azul,reativa,verde,0,-3,32,90,120,0.7500,0.0000,99,7,92,0
6,1247406621,azul,verde,modelo_proposto,empate,0,-1,100,0,60,0.0000,0.4343,4119,1145,1917,1057
6,1247406621,azul,vermelho,reativa,empate,0,-1,100,90,120,0.7500,0.0000,83,7,76,0
6,1247406621,azul,azul,reativa,empate,0,-1,100,180,90,2.0000,0.0000,2064,14,2050,0
7,271024058,verde,verde,modelo_proposto,azul,0,-3,24,150,120,1.2500,0.0000,679,167,363,149
7,271024058,verde,vermelho,reativa,azul,0,-3,24,90,120,0.7500,0.0000,247,4,243,0
7,271024058,verde,azul,reativa,azul,1,3,24,30,30,1.0000,0.0833,537,3,534,0
8,131926194,vermelho,verde,modelo_proposto,vermelho,0,-3,16,90,120,0.7500,0.0000,241,83,83,75
8,131926194,vermelho,vermelho,reativa,vermelho,1,3,16,30,0,30.0000,0.0000,351,2,349,0
8,131926194,vermelho,azul,reativa,vermelho,0,-3,16,120,120,1.0000,0.0000,279,8,271,0
9,920297219,azul,verde,modelo_proposto,azul,0,-3,23,90,120,0.7500,0.0000,262,80,113,69
9,920297219,azul,vermelho,reativa,azul,0,-3,23,150,120,1.2500,0.0000,409,11,398,0
9,920297219,azul,azul,reativa,azul,1,3,23,30,30,1.0000,0.0435,525,3,522,0
10,820336507,verde,verde,modelo_proposto,verde,1,3,18,30,30,1.0000,0.0556,217,52,119,46
10,820336507,verde,vermelho,reativa,verde,0,-3,18,90,120,0.7500,0.0000,125,6,119,0
10,820336507,verde,azul,reativa,verde,0,-3,18,150,120,1.2500,0.0588,270,11,259,0
11,1012562364,vermelho,verde,modelo_proposto,vermelho,0,-3,21,120,120,1.0000,0.0500,493,121,272,100
11,1012562364,vermelho,vermelho,reativa,vermelho,1,3,21,30,0,30.0000,0.0952,261,8,253,0
11,1012562364,vermelho,azul,reativa,vermelho,0,-3,21,90,120,0.7500,0.0000,230,5,225,0
12,670066924,azul,verde,modelo_proposto,azul,0,-3,24,90,120,0.7500,0.1000,276,77,130,69
12,670066924,azul,vermelho,reativa,azul,0,-3,24,120,120,1.0000,0.0000,477,6,471,0
12,670066924,azul,azul,reativa,azul,1,3,24,30,0,30.0000,0.0000,549,2,547,0
13,1549280937,verde,verde,modelo_proposto,vermelho,0,-3,14,120,120,1.0000,0.0000,411,112,200,99
13,1549280937,verde,vermelho,reativa,vermelho,1,3,14,30,0,30.0000,0.0000,318,2,316,0
13,1549280937,verde,azul,reativa,vermelho,0,-3,14,90,120,0.7500,0.2222,129,4,125,0
14,1369586799,vermelho,verde,modelo_proposto,azul,0,-3,25,90,120,0.7500,0.0000,289,82,134,73
14,1369586799,vermelho,vermelho,reativa,azul,0,-3,25,120,120,1.0000,0.0400,515,8,507,0
14,1369586799,vermelho,azul,reativa,azul,1,3,25,30,0,30.0000,0.0400,575,2,573,0
15,1040301634,azul,verde,modelo_proposto,azul,0,-3,17,120,120,1.0000,0.1250,623,168,305,150
15,1040301634,azul,vermelho,reativa,azul,0,-3,17,90,120,0.7500,0.0000,107,5,102,0
15,1040301634,azul,azul,reativa,azul,1,3,17,30,0,30.0000,0.0000,386,3,383,0
16,1790057013,verde,verde,modelo_proposto,vermelho,0,-3,18,120,120,1.0000,0.0556,428,104,229,95
16,1790057013,verde,vermelho,reativa,vermelho,1,3,18,30,0,30.0000,0.1111,400,2,398,0
16,1790057013,verde,azul,reativa,vermelho,0,-3,18,90,120,0.7500,0.0000,57,5,52,0
17,1690053831,vermelho,verde,modelo_proposto,vermelho,0,-3,24,60,120,0.5000,0.0714,351,77,198,76
17,1690053831,vermelho,vermelho,reativa,vermelho,1,3,24,60,60,1.0000,0.0000,523,6,517,0
17,1690053831,vermelho,azul,reativa,vermelho,0,-3,24,180,120,1.5000,0.1304,366,16,350,0
18,1979693965,azul,verde,modelo_proposto,empate,0,-1,100,0,0,0.0000,0.0000,2075,49,2026,0
18,1979693965,azul,vermelho,reativa,empate,0,-1,100,0,0,0.0000,0.0202,2570,0,2570,0
18,1979693965,azul,azul,reativa,empate,0,-1,100,0,0,0.0000,0.4800,1885,49,1836,0
19,932576662,verde,verde,modelo_proposto,vermelho,0,-3,30,60,120,0.5000,0.0000,268,79,114,75
19,932576662,verde,vermelho,reativa,vermelho,1,3,30,60,30,2.0000,0.0333,576,5,571,0
19,932576662,verde,azul,reativa,vermelho,0,-3,30,150,120,1.2500,0.0000,604,9,595,0
20,855842988,vermelho,verde,modelo_proposto,azul,0,-3,18,60,120,0.5000,0.0000,272,79,118,75
20,855842988,vermelho,vermelho,reativa,azul,0,-3,18,180,120,1.5000,0.0000,284,11,273,0
20,855842988,vermelho,azul,reativa,azul,1,3,18,60,60,1.0000,0.0556,373,4,369,0
21,1253956409,azul,verde,modelo_proposto,vermelho,0,-3,12,90,120,0.7500,0.1429,246,83,89,74
21,1253956409,azul,vermelho,reativa,vermelho,1,3,12,30,30,1.0000,0.0000,237,3,234,0
21,1253956409,azul,azul,reativa,vermelho,0,-3,12,150,120,1.2500,0.0000,160,8,152,0
22,755744497,verde,verde,modelo_proposto,azul,0,-3,17,90,120,0.7500,0.0714,445,103,242,100
22,755744497,verde,vermelho,reativa,azul,0,-3,17,120,120,1.0000,0.0000,337,6,331,0
22,755744497,verde,azul,reativa,azul,1,3,17,30,0,30.0000,0.1176,393,2,391,0
23,1237903098,vermelho,verde,modelo_proposto,verde,1,3,10,120,30,4.0000,0.2222,255,84,121,50
23,1237903098,vermelho,vermelho,reativa,verde,0,-3,10,90,120,0.7500,0.0000,163,10,153,0
23,1237903098,vermelho,azul,reativa,verde,0,-3,10,60,120,0.5000,0.4286,124,5,119,0
24,1087965783,azul,verde,modelo_proposto,vermelho,0,-3,29,90,120,0.7500,0.0000,348,83,190,75
24,1087965783,azul,vermelho,reativa,vermelho,1,3,29,30,30,1.0000,0.1071,668,2,666,0
24,1087965783,azul,azul,reativa,vermelho,0,-3,29,150,120,1.2500,0.0357,588,8,580,0
25,483723808,verde,verde,modelo_proposto,azul,0,-3,19,40,100,0.4000,0.3077,439,99,240,100
25,483723808,verde,vermelho,reativa,azul,0,-3,19,160,100,1.6000,0.3158,343,12,331,0
25,483723808,verde,azul,reativa,azul,1,3,19,60,60,1.0000,0.0526,360,5,355,0
26,242242137,vermelho,verde,modelo_proposto,empate,0,-1,100,60,120,0.5000,0.0000,435,120,211,104
26,242242137,vermelho,vermelho,reativa,empate,0,-1,100,30,0,30.0000,0.9800,1616,55,1561,0
26,242242137,vermelho,azul,reativa,empate,0,-1,100,90,60,1.5000,0.0000,1614,10,1604,0
27,221737212,azul,verde,modelo_proposto,vermelho,0,-3,23,90,120,0.7500,0.0000,352,115,134,103
27,221737212,azul,vermelho,reativa,vermelho,1,3,23,30,30,1.0000,0.0000,516,2,514,0
27,221737212,azul,azul,reativa,vermelho,0,-3,23,150,120,1.2500,0.0909,398,12,386,0
28,418463804,verde,verde,modelo_proposto,verde,1,3,11,30,30,1.0000,0.0000,149,29,95,25
28,418463804,verde,vermelho,reativa,verde,0,-3,11,90,120,0.7500,0.0000,71,6,65,0
28,418463804,verde,azul,reativa,verde,0,-3,11,150,120,1.2500,0.0000,137,10,127,0
29,435099202,vermelho,verde,modelo_proposto,vermelho,0,-3,19,150,120,1.2500,0.0000,428,114,214,100
29,435099202,vermelho,vermelho,reativa,vermelho,1,3,19,30,30,1.0000,0.1053,420,2,418,0
29,435099202,vermelho,azul,reativa,vermelho,0,-3,19,90,120,0.7500,0.0000,57,5,52,0
30,283512082,azul,verde,modelo_proposto,verde,1,3,28,30,0,30.0000,0.0370,394,26,346,22
30,283512082,azul,vermelho,reativa,verde,0,-3,28,120,120,1.0000,0.0000,507,10,497,0
30,283512082,azul,azul,reativa,verde,0,-3,28,90,120,0.7500,0.0000,170,6,164,0
31,1645911538,verde,verde,modelo_proposto,empate,0,-1,100,0,0,0.0000,0.0000,1610,49,1561,0
31,1645911538,verde,vermelho,reativa,empate,0,-1,100,0,0,0.0000,0.0000,2587,0,2587,0
31,1645911538,verde,azul,reativa,empate,0,-1,100,0,0,0.0000,0.0000,2071,50,2021,0
32,1490846386,vermelho,verde,modelo_proposto,azul,0,-3,26,60,120,0.5000,0.0000,262,80,107,75
32,1490846386,vermelho,vermelho,reativa,azul,0,-3,26,180,120,1.5000,0.0769,487,11,476,0
32,1490846386,vermelho,azul,reativa,azul,1,3,26,60,60,1.0000,0.0000,576,4,572,0
33,321403989,azul,verde,modelo_proposto,azul,0,-3,21,90,120,0.7500,0.1250,253,83,95,75
33,321403989,azul,vermelho,reativa,azul,0,-3,21,150,120,1.2500,0.0000,356,11,345,0
33,321403989,azul,azul,reativa,azul,1,3,21,30,30,1.0000,0.0476,471,2,469,0
34,1070087091,verde,verde,modelo_proposto,vermelho,0,-3,34,90,120,0.7500,0.0000,420,106,223,91
34,1070087091,verde,vermelho,reativa,vermelho,1,3,34,30,30,1.0000,0.0588,793,2,791,0
34,1070087091,verde,azul,reativa,vermelho,0,-3,34,150,120,1.2500,0.0000,675,9,666,0
35,749808370,vermelho,verde,modelo_proposto,vermelho,0,-3,33,90,120,0.7500,0.1000,376,98,182,96
35,749808370,vermelho,vermelho,reativa,vermelho,1,3,33,30,30,1.0000,0.0000,767,2,765,0
35,749808370,vermelho,azul,reativa,vermelho,0,-3,33,150,120,1.2500,0.0938,647,10,637,0
36,310441732,azul,verde,modelo_proposto,verde,1,3,14,30,30,1.0000,0.1538,161,28,109,24
36,310441732,azul,vermelho,reativa,verde,0,-3,14,150,120,1.2500,0.0000,182,10,172,0
36,310441732,azul,azul,reativa,verde,0,-3,14,90,120,0.7500,0.0000,58,7,51,0
37,191956606,verde,verde,modelo_proposto,verde,1,3,12,30,0,30.0000,0.0833,82,2,80,0
37,191956606,verde,vermelho,reativa,verde,0,-3,12,120,120,1.0000,0.0000,181,8,173,0
37,191956606,verde,azul,reativa,verde,0,-3,12,90,120,0.7500,0.0000,55,7,48,0
38,1692875068,vermelho,verde,modelo_proposto,azul,0,-3,14,120,120,1.0000,0.1538,414,115,199,100
38,1692875068,vermelho,vermelho,reativa,azul,0,-3,14,90,120,0.7500,0.1429,105,5,100,0
38,1692875068,vermelho,azul,reativa,azul,1,3,14,30,0,30.0000,0.0000,325,4,321,0
39,724671784,azul,verde,modelo_proposto,azul,0,-3,21,120,110,1.0909,0.1000,486,128,237,121
39,724671784,azul,vermelho,reativa,azul,0,-3,21,90,120,0.7500,0.1000,172,6,166,0
39,724671784,azul,azul,reativa,azul,1,3,21,20,0,20.0000,0.0952,497,3,494,0
40,270559481,verde,verde,modelo_proposto,azul,0,-3,32,90,120,0.7500,0.0000,321,84,163,74
40,270559481,verde,vermelho,reativa,azul,0,-3,32,150,120,1.2500,0.0000,677,9,668,0
40,270559481,verde,azul,reativa,azul,1,3,32,30,30,1.0000,0.0313,773,2,771,0
41,1328649944,vermelho,verde,modelo_proposto,verde,1,3,14,90,90,1.0000,0.0769,308,85,148,75
41,1328649944,vermelho,vermelho,reativa,verde,0,-3,14,30,120,0.2500,0.0000,57,7,50,0
41,1328649944,vermelho,azul,reativa,verde,0,-3,14,210,120,1.7500,0.3846,156,14,142,0
42,662329169,azul,verde,modelo_proposto,azul,0,-3,21,90,120,0.7500,0.0000,260,84,101,75
42,662329169,azul,vermelho,reativa,azul,0,-3,21,150,120,1.2500,0.0500,372,7,365,0
42,662329169,azul,azul,reativa,azul,1,3,21,30,30,1.0000,0.0000,491,2,489,0
43,1702263910,verde,verde,modelo_proposto,verde,1,3,16,30,30,1.0000,0.1250,131,27,79,25
43,1702263910,verde,vermelho,reativa,verde,0,-3,16,90,120,0.7500,0.0000,172,6,166,0
43,1702263910,verde,azul,reativa,verde,0,-3,16,150,120,1.2500,0.0000,228,10,218,0
44,814414449,vermelho,verde,modelo_proposto,vermelho,0,-3,21,150,120,1.2500,0.0500,444,131,199,114
44,814414449,vermelho,vermelho,reativa,vermelho,1,3,21,30,30,1.0000,0.0476,492,2,490,0
44,814414449,vermelho,azul,reativa,vermelho,0,-3,21,90,120,0.7500,0.0000,146,5,141,0
45,764225697,azul,verde,modelo_proposto,vermelho,0,-3,14,90,120,0.7500,0.0000,274,85,114,75
45,764225697,azul,vermelho,reativa,vermelho,1,3,14,30,0,30.0000,0.0769,287,2,285,0
45,764225697,azul,azul,reativa,vermelho,0,-3,14,120,120,1.0000,0.0000,226,7,219,0
46,464531721,verde,verde,modelo_proposto,azul,0,-3,22,90,120,0.7500,0.0000,314,101,125,88
46,464531721,verde,vermelho,reativa,azul,0,-3,22,120,120,1.0000,0.0000,420,10,410,0
46,464531721,verde,azul,reativa,azul,1,3,22,30,0,30.0000,0.0909,496,2,494,0
47,1533946064,vermelho,verde,modelo_proposto,azul,0,-3,14,50,120,0.4167,0.2727,364,100,190,74
47,1533946064,vermelho,vermelho,reativa,azul,0,-3,14,150,110,1.3636,0.3571,233,11,222,0
47,1533946064,vermelho,azul,reativa,azul,1,3,14,90,60,1.5000,0.0714,273,12,261,0
48,2021790431,azul,verde,modelo_proposto,verde,1,3,22,30,30,1.0000,0.0952,160,18,126,16
48,2021790431,azul,vermelho,reativa,verde,0,-3,22,150,120,1.2500,0.0000,345,12,333,0
48,2021790431,azul,azul,reativa,verde,0,-3,22,90,120,0.7500,0.0000,196,6,190,0
49,1451556886,verde,verde,modelo_proposto,verde,1,3,14,30,60,0.5000,0.1429,213,52,111,50
49,1451556886,verde,vermelho,reativa,verde,0,-3,14,180,120,1.5000,0.1538,179,14,165,0
49,1451556886,verde,azul,reativa,verde,0,-3,14,90,120,0.7500,0.0000,84,7,77,0
50,6009790,vermelho,verde,modelo_proposto,empate,0,-1,100,0,0,0.0000,0.0000,2077,49,2028,0
50,6009790,vermelho,vermelho,reativa,empate,0,-1,100,0,0,0.0000,0.0000,1618,49,1569,0
50,6009790,vermelho,azul,reativa,empate,0,-1,100,0,0,0.0000,0.0000,2577,0,2577,0
51,188280745,azul,verde,modelo_proposto,azul,0,-3,11,120,110,1.0909,0.2000,375,112,164,99
51,188280745,azul,vermelho,reativa,azul,0,-3,11,80,120,0.6667,0.0000,69,5,64,0
51,188280745,azul,azul,reativa,azul,1,3,11,30,0,30.0000,0.1818,259,2,257,0
52,349047791,verde,verde,modelo_proposto,vermelho,0,-3,23,90,120,0.7500,0.0000,418,100,218,100
52,349047791,verde,vermelho,reativa,vermelho,1,3,23,30,0,30.0000,0.0000,557,2,555,0
52,349047791,verde,azul,reativa,vermelho,0,-3,23,120,120,1.0000,0.0000,456,7,449,0
53,1876708646,vermelho,verde,modelo_proposto,verde,1,3,25,30,30,1.0000,0.1250,428,81,272,75
53,1876708646,vermelho,vermelho,reativa,verde,0,-3,25,90,120,0.7500,0.0000,235,7,228,0
53,1876708646,vermelho,azul,reativa,verde,0,-3,25,150,120,1.2500,0.0833,497,14,483,0
54,1152886018,azul,verde,modelo_proposto,empate,0,-1,100,110,80,1.3750,0.4848,1965,116,1793,56
54,1152886018,azul,vermelho,reativa,empate,0,-1,100,80,110,0.7273,0.5556,138,9,129,0
54,1152886018,azul,azul,reativa,empate,0,-1,100,0,0,0.0000,0.0000,1782,4,1778,0
55,1069746520,verde,verde,modelo_proposto,vermelho,0,-3,26,90,120,0.7500,0.2727,388,101,191,96
55,1069746520,verde,vermelho,reativa,vermelho,1,3,26,30,30,1.0000,0.0000,583,2,581,0
55,1069746520,verde,azul,reativa,vermelho,0,-3,26,150,120,1.2500,0.0400,468,9,459,0
56,1489974805,vermelho,verde,modelo_proposto,azul,0,-3,17,120,120,1.0000,0.1250,372,112,162,98
56,1489974805,vermelho,vermelho,reativa,azul,0,-3,17,90,120,0.7500,0.0000,143,6,137,0
56,1489974805,vermelho,azul,reativa,azul,1,3,17,30,0,30.0000,0.0000,339,2,337,0
57,1198990478,azul,verde,modelo_proposto,azul,0,-3,21,90,120,0.7500,0.0000,214,72,79,63
57,1198990478,azul,vermelho,reativa,azul,0,-3,21,120,120,1.0000,0.0500,387,5,382,0
57,1198990478,azul,azul,reativa,azul,1,3,21,30,0,30.0000,0.0000,486,2,484,0
58,1785076888,verde,verde,modelo_proposto,vermelho,0,-3,20,90,120,0.7500,0.0000,291,85,132,74
58,1785076888,verde,vermelho,reativa,vermelho,1,3,20,30,30,1.0000,0.1500,481,2,479,0
58,1785076888,verde,azul,reativa,vermelho,0,-3,20,150,120,1.2500,0.0526,338,11,327,0
59,1812608420,vermelho,verde,modelo_proposto,azul,0,-3,19,90,120,0.7500,0.0000,295,90,145,60
59,1812608420,vermelho,vermelho,reativa,azul,0,-3,19,150,120,1.2500,0.0000,348,11,337,0
59,1812608420,vermelho,azul,reativa,azul,1,3,19,30,30,1.0000,0.0000,431,5,426,0
60,1494812099,azul,verde,modelo_proposto,verde,1,3,23,30,30,1.0000,0.1818,187,27,135,25
60,1494812099,azul,vermelho,reativa,verde,0,-3,23,90,120,0.7500,0.0000,173,6,167,0
60,1494812099,azul,azul,reativa,verde,0,-3,23,150,120,1.2500,0.0455,383,11,372,0
61,624291629,verde,verde,modelo_proposto,azul,0,-3,12,90,120,0.7500,0.1250,212,71,80,61
61,624291629,verde,vermelho,reativa,azul,0,-3,12,150,120,1.2500,0.0000,157,8,149,0
61,624291629,verde,azul,reativa,azul,1,3,12,30,30,1.0000,0.0000,274,2,272,0
62,1690688755,vermelho,verde,modelo_proposto,verde,1,3,12,30,30,1.0000,0.0909,114,27,62,25
62,1690688755,vermelho,vermelho,reativa,verde,0,-3,12,90,120,0.7500,0.0000,83,7,76,0
62,1690688755,vermelho,azul,reativa,verde,0,-3,12,150,120,1.2500,0.0909,156,10,146,0
63,415855664,azul,verde,modelo_proposto,vermelho,0,-3,17,90,120,0.7500,0.0000,268,85,108,75
63,415855664,azul,vermelho,reativa,vermelho,1,3,17,30,0,30.0000,0.0000,380,2,378,0
63,415855664,azul,azul,reativa,vermelho,0,-3,17,120,120,1.0000,0.0000,303,6,297,0
64,1239108435,verde,verde,modelo_proposto,vermelho,0,-3,17,30,120,0.2500,0.0000,148,40,70,38
64,1239108435,verde,vermelho,reativa,vermelho,1,3,17,120,60,2.0000,0.0000,328,10,318,0
64,1239108435,verde,azul,reativa,vermelho,0,-3,17,150,120,1.2500,0.0000,281,12,269,0
65,1288729641,vermelho,verde,modelo_proposto,azul,0,-3,80,90,120,0.7500,0.2500,376,104,180,92
65,1288729641,vermelho,vermelho,reativa,azul,0,-3,80,120,120,1.0000,0.0250,1686,6,1680,0
65,1288729641,vermelho,azul,reativa,azul,1,3,80,30,0,30.0000,0.0500,1674,2,1672,0
66,2109698062,azul,verde,modelo_proposto,vermelho,0,-3,14,120,120,1.0000,0.0000,402,103,209,90
66,2109698062,azul,vermelho,reativa,vermelho,1,3,14,30,0,30.0000,0.0000,302,2,300,0
66,2109698062,azul,azul,reativa,vermelho,0,-3,14,90,120,0.7500,0.0000,177,5,172,0
67,1413126415,verde,verde,modelo_proposto,vermelho,0,-3,10,120,120,1.0000,0.0000,378,113,165,100
67,1413126415,verde,vermelho,reativa,vermelho,1,3,10,30,0,30.0000,0.1000,229,2,227,0
67,1413126415,verde,azul,reativa,vermelho,0,-3,10,90,120,0.7500,0.0000,104,5,99,0
68,354615157,vermelho,verde,modelo_proposto,azul,0,-3,14,120,120,1.0000,0.0000,386,112,175,99
68,354615157,vermelho,vermelho,reativa,azul,0,-3,14,90,120,0.7500,0.0000,130,5,125,0
68,354615157,vermelho,azul,reativa,azul,1,3,14,30,0,30.0000,0.0714,312,2,310,0
69,36093310,azul,verde,modelo_proposto,verde,1,3,13,30,30,1.0000,0.0000,117,27,66,24
69,36093310,azul,vermelho,reativa,verde,0,-3,13,150,120,1.2500,0.0000,158,11,147,0
69,36093310,azul,azul,reativa,verde,0,-3,13,90,120,0.7500,0.1429,108,7,101,0
70,650929293,verde,verde,modelo_proposto,vermelho,0,-3,16,120,120,1.0000,0.0000,475,112,264,99
70,650929293,verde,vermelho,reativa,vermelho,1,3,16,30,0,30.0000,0.0000,354,2,352,0
70,650929293,verde,azul,reativa,vermelho,0,-3,16,90,120,0.7500,0.0000,222,5,217,0
71,1174663146,vermelho,verde,modelo_proposto,vermelho,0,-3,46,90,100,0.9000,0.5000,241,80,86,75
71,1174663146,vermelho,vermelho,reativa,vermelho,1,3,46,30,0,30.0000,0.1304,1062,2,1060,0
71,1174663146,vermelho,azul,reativa,vermelho,0,-3,46,100,120,0.8333,0.0667,893,7,886,0
72,6505178,azul,verde,modelo_proposto,verde,1,3,14,120,30,4.0000,0.0000,320,115,130,75
72,6505178,azul,vermelho,reativa,verde,0,-3,14,90,120,0.7500,0.0833,241,12,229,0
72,6505178,azul,azul,reativa,verde,0,-3,14,60,120,0.5000,0.0000,234,6,228,0
73,478834776,verde,verde,modelo_proposto,azul,0,-3,10,90,120,0.7500,0.5714,265,85,105,75
73,478834776,verde,vermelho,reativa,azul,0,-3,10,150,120,1.2500,0.1000,135,8,127,0
73,478834776,verde,azul,reativa,azul,1,3,10,30,30,1.0000,0.1000,229,2,227,0
74,466979635,vermelho,verde,modelo_proposto,verde,1,3,12,90,60,1.5000,0.0909,259,61,148,50
74,466979635,vermelho,vermelho,reativa,verde,0,-3,12,60,120,0.5000,0.0000,183,5,178,0
74,466979635,vermelho,azul,reativa,verde,0,-3,12,150,120,1.2500,0.0909,165,13,152,0
75,1585602173,azul,verde,modelo_proposto,azul,0,-3,33,90,120,0.7500,0.1818,263,77,118,68
75,1585602173,azul,vermelho,reativa,azul,0,-3,33,150,120,1.2500,0.0000,642,8,634,0
75,1585602173,azul,azul,reativa,azul,1,3,33,30,30,1.0000,0.0303,772,4,768,0
76,137830156,verde,verde,modelo_proposto,empate,0,-1,100,60,90,0.6667,0.0000,3855,1059,1833,963
76,137830156,verde,vermelho,reativa,empate,0,-1,100,60,120,0.5000,0.0000,77,5,72,0
76,137830156,verde,azul,reativa,empate,0,-1,100,180,90,2.0000,0.0000,2089,14,2075,0
77,295121870,vermelho,verde,modelo_proposto,azul,0,-3,17,90,120,0.7500,0.0000,406,99,208,99
77,295121870,vermelho,vermelho,reativa,azul,0,-3,17,150,120,1.2500,0.0000,310,9,301,0
77,295121870,vermelho,azul,reativa,azul,1,3,17,30,30,1.0000,0.2353,391,2,389,0
78,1568756219,azul,verde,modelo_proposto,azul,0,-3,35,120,120,1.0000,0.0000,766,109,570,87
78,1568756219,azul,vermelho,reativa,azul,0,-3,35,90,120,0.7500,0.0333,641,7,634,0
78,1568756219,azul,azul,reativa,azul,1,3,35,30,0,30.0000,0.0000,512,14,498,0
79,863086835,verde,verde,modelo_proposto,verde,1,3,13,30,30,1.0000,0.0769,121,27,70,24
79,863086835,verde,vermelho,reativa,verde,0,-3,13,150,120,1.2500,0.4167,182,14,168,0
79,863086835,verde,azul,reativa,verde,0,-3,13,90,120,0.7500,0.6667,161,8,153,0
80,881860485,vermelho,verde,modelo_proposto,vermelho,0,-3,14,120,120,1.0000,0.0000,306,83,151,72
80,881860485,vermelho,vermelho,reativa,vermelho,1,3,14,30,0,30.0000,0.0000,327,2,325,0
80,881860485,vermelho,azul,reativa,vermelho,0,-3,14,90,120,0.7500,0.0000,78,5,73,0
81,866620601,azul,verde,modelo_proposto,empate,0,-1,100,0,0,0.0000,0.0101,607,0,607,0
81,866620601,azul,vermelho,reativa,empate,0,-1,100,0,0,0.0000,0.0000,2057,49,2008,0
81,866620601,azul,azul,reativa,empate,0,-1,100,0,0,0.0000,0.0000,1944,47,1897,0
82,1809070958,verde,verde,modelo_proposto,azul,0,-3,12,120,120,1.0000,0.0000,526,216,187,123
82,1809070958,verde,vermelho,reativa,azul,0,-3,12,120,120,1.0000,0.0000,179,10,169,0
82,1809070958,verde,azul,reativa,azul,1,3,12,60,60,1.0000,0.0833,260,8,252,0
83,389192010,vermelho,verde,modelo_proposto,azul,0,-3,30,150,120,1.2500,0.0690,655,152,362,141
83,389192010,vermelho,vermelho,reativa,azul,0,-3,30,90,120,0.7500,0.0000,286,5,281,0
83,389192010,vermelho,azul,reativa,azul,1,3,30,30,30,1.0000,0.2667,694,1,693,0
84,500570754,azul,verde,modelo_proposto,azul,0,-3,14,90,120,0.7500,0.0000,220,67,96,57
84,500570754,azul,vermelho,reativa,azul,0,-3,14,120,120,1.0000,0.0000,205,7,198,0
84,500570754,azul,azul,reativa,azul,1,3,14,30,0,30.0000,0.0000,307,4,303,0
85,1712353937,verde,verde,modelo_proposto,azul,0,-3,15,90,120,0.7500,0.0000,351,83,193,75
85,1712353937,verde,vermelho,reativa,azul,0,-3,15,120,120,1.0000,0.0000,287,6,281,0
85,1712353937,verde,azul,reativa,azul,1,3,15,30,0,30.0000,0.1333,305,3,302,0
86,391319897,vermelho,verde,modelo_proposto,vermelho,0,-3,15,120,120,1.0000,0.0714,340,86,179,75
86,391319897,vermelho,vermelho,reativa,vermelho,1,3,15,30,0,30.0000,0.1333,355,2,353,0
86,391319897,vermelho,azul,reativa,vermelho,0,-3,15,90,120,0.7500,0.0000,106,5,101,0
87,136589075,azul,verde,modelo_proposto,verde,1,3,10,30,0,30.0000,0.0000,193,29,139,25
87,136589075,azul,vermelho,reativa,verde,0,-3,10,90,120,0.7500,0.0000,57,6,51,0
87,136589075,azul,azul,reativa,verde,0,-3,10,120,120,1.0000,0.0000,123,10,113,0
88,516443035,verde,verde,modelo_proposto,azul,0,-3,10,120,120,1.0000,0.2000,379,113,166,100
88,516443035,verde,vermelho,reativa,azul,0,-3,10,90,120,0.7500,0.0000,56,5,51,0
88,516443035,verde,azul,reativa,azul,1,3,10,30,0,30.0000,0.1000,235,2,233,0
89,1231568109,vermelho,verde,modelo_proposto,azul,0,-3,30,90,120,0.7500,0.0000,408,100,208,100
89,1231568109,vermelho,vermelho,reativa,azul,0,-3,30,120,120,1.0000,0.0000,653,7,646,0
89,1231568109,vermelho,azul,reativa,azul,1,3,30,30,0,30.0000,0.0333,710,2,708,0
90,234389638,azul,verde,modelo_proposto,verde,1,3,17,30,30,1.0000,0.0625,174,28,121,25
90,234389638,azul,vermelho,reativa,verde,0,-3,17,90,120,0.7500,0.0000,58,6,52,0
90,234389638,azul,azul,reativa,verde,0,-3,17,150,120,1.2500,0.0000,278,10,268,0
91,1278363502,verde,verde,modelo_proposto,empate,0,-1,100,0,30,0.0000,0.0000,3629,911,1894,824
91,1278363502,verde,vermelho,reativa,empate,0,-1,100,0,0,0.0000,0.0400,2560,0,2560,0
91,1278363502,verde,azul,reativa,empate,0,-1,100,30,0,30.0000,0.0000,2147,5,2142,0
92,2089492144,vermelho,verde,modelo_proposto,vermelho,0,-3,30,90,120,0.7500,0.0000,220,67,95,58
92,2089492144,vermelho,vermelho,reativa,vermelho,1,3,30,30,30,1.0000,0.0667,548,4,544,0
92,2089492144,vermelho,azul,reativa,vermelho,0,-3,30,150,120,1.2500,0.1034,504,10,494,0
93,1010834375,azul,verde,modelo_proposto,empate,0,-1,100,0,0,0.0000,0.0000,2129,50,2079,0
93,1010834375,azul,vermelho,reativa,empate,0,-1,100,0,0,0.0000,0.0000,2552,0,2552,0
93,1010834375,azul,azul,reativa,empate,0,-1,100,0,0,0.0000,0.0000,2051,48,2003,0
94,1010172138,verde,verde,modelo_proposto,vermelho,0,-3,8,120,120,1.0000,0.1250,298,86,137,75
94,1010172138,verde,vermelho,reativa,vermelho,1,3,8,30,0,30.0000,0.2500,178,2,176,0
94,1010172138,verde,azul,reativa,vermelho,0,-3,8,90,120,0.7500,0.0000,31,5,26,0
95,1255584616,vermelho,verde,modelo_proposto,verde,1,3,21,120,30,4.0000,0.1000,306,93,152,61
95,1255584616,vermelho,vermelho,reativa,verde,0,-3,21,90,120,0.7500,0.0500,415,11,404,0
95,1255584616,vermelho,azul,reativa,verde,0,-3,21,60,120,0.5000,0.0556,390,6,384,0
96,2041513302,azul,verde,modelo_proposto,azul,0,-3,36,60,120,0.5000,0.0000,269,72,122,75
96,2041513302,azul,vermelho,reativa,azul,0,-3,36,150,120,1.2500,0.1143,740,9,731,0
96,2041513302,azul,azul,reativa,azul,1,3,36,60,30,2.0000,0.0833,809,5,804,0
97,11523659,verde,verde,modelo_proposto,verde,1,3,14,120,30,4.0000,0.0000,313,84,179,50
97,11523659,verde,vermelho,reativa,verde,0,-3,14,60,120,0.5000,0.0833,260,8,252,0
97,11523659,verde,azul,reativa,verde,0,-3,14,90,120,0.7500,0.0000,243,8,235,0
98,60279016,vermelho,verde,modelo_proposto,empate,0,-1,100,0,0,0.0000,0.0000,2076,49,2027,0
98,60279016,vermelho,vermelho,reativa,empate,0,-1,100,120,90,1.3333,0.0000,2004,47,1957,0
98,60279016,vermelho,azul,reativa,empate,0,-1,100,90,120,0.7500,0.0000,407,15,392,0
99,2035523298,azul,verde,modelo_proposto,verde,1,3,14,30,0,30.0000,0.1538,69,2,67,0
99,2035523298,azul,vermelho,reativa,verde,0,-3,14,90,120,0.7500,0.0000,75,6,69,0
99,2035523298,azul,azul,reativa,verde,0,-3,14,120,120,1.0000,0.0000,236,8,228,0
100,778332920,verde,verde,modelo_proposto,empate,0,-1,100,90,120,0.7500,0.1111,246,81,93,72
100,778332920,verde,vermelho,reativa,empate,0,-1,100,120,90,1.3333,0.0000,1212,6,1206,0
100,778332920,verde,azul,reativa,empate,0,-1,100,0,0,0.0000,0.0000,1650,0,1650,0
101,681977055,vermelho,verde,modelo_proposto,vermelho,0,-3,20,100,120,0.8333,0.4211,629,166,314,149
101,681977055,vermelho,vermelho,reativa,vermelho,1,3,20,60,0,60.0000,0.0000,448,5,443,0
101,681977055,vermelho,azul,reativa,vermelho,0,-3,20,60,100,0.6000,0.4667,283,7,276,0
102,937597042,azul,verde,modelo_proposto,vermelho,0,-3,14,120,120,1.0000,0.0000,364,113,152,99
102,937597042,azul,vermelho,reativa,vermelho,1,3,14,30,0,30.0000,0.0000,288,6,282,0
102,937597042,azul,azul,reativa,vermelho,0,-3,14,90,120,0.7500,0.3077,237,5,232,0
103,528953857,verde,verde,modelo_proposto,vermelho,0,-3,11,120,120,1.0000,0.0000,355,108,154,93
103,528953857,verde,vermelho,reativa,vermelho,1,3,11,30,0,30.0000,0.0909,260,2,258,0
103,528953857,verde,azul,reativa,vermelho,0,-3,11,90,120,0.7500,0.0000,159,4,155,0
104,1698552064,vermelho,verde,modelo_proposto,verde,1,3,26,30,0,30.0000,0.0400,131,3,128,0
104,1698552064,vermelho,vermelho,reativa,verde,0,-3,26,120,120,1.0000,0.0400,514,10,504,0
104,1698552064,vermelho,azul,reativa,verde,0,-3,26,90,120,0.7500,0.0000,109,8,101,0
105,2028522531,azul,verde,modelo_proposto,azul,0,-3,18,90,120,0.7500,0.0667,359,116,163,80
105,2028522531,azul,vermelho,reativa,azul,0,-3,18,120,120,1.0000,0.1176,332,10,322,0
105,2028522531,azul,azul,reativa,azul,1,3,18,90,60,1.5000,0.0556,378,8,370,0
106,2146725289,verde,verde,modelo_proposto,verde,1,3,10,30,0,30.0000,0.0000,249,90,120,39
106,2146725289,verde,vermelho,reativa,verde,0,-3,10,120,120,1.0000,0.0000,140,15,125,0
106,2146725289,verde,azul,reativa,verde,0,-3,10,90,120,0.7500,0.0000,105,8,97,0
107,2048006628,vermelho,verde,modelo_proposto,verde,1,3,15,30,0,30.0000,0.0714,159,21,122,16
107,2048006628,vermelho,vermelho,reativa,verde,0,-3,15,120,120,1.0000,0.0714,217,8,209,0
107,2048006628,vermelho,azul,reativa,verde,0,-3,15,90,120,0.7500,0.0000,151,6,145,0
108,2065734190,azul,verde,modelo_proposto,azul,0,-3,49,90,120,0.7500,0.0000,356,85,196,75
108,2065734190,azul,vermelho,reativa,azul,0,-3,49,120,120,1.0000,0.0000,1029,6,1023,0
108,2065734190,azul,azul,reativa,azul,1,3,49,30,0,30.0000,0.0000,943,2,941,0
109,946904339,verde,verde,modelo_proposto,vermelho,0,-3,19,60,120,0.5000,0.0000,265,79,111,75
109,946904339,verde,vermelho,reativa,vermelho,1,3,19,60,30,2.0000,0.0000,382,5,377,0
109,946904339,verde,azul,reativa,vermelho,0,-3,19,150,120,1.2500,0.0000,337,10,327,0
110,977405121,vermelho,verde,modelo_proposto,vermelho,0,-3,29,100,120,0.8333,0.3571,802,188,441,173
110,977405121,vermelho,vermelho,reativa,vermelho,1,3,29,30,0,30.0000,0.0345,637,4,633,0
110,977405121,vermelho,azul,reativa,vermelho,0,-3,29,90,100,0.9000,0.4286,236,8,228,0
111,106871201,azul,verde,modelo_proposto,empate,0,-1,100,0,0,0.0000,0.0101,2157,49,2108,0
111,106871201,azul,vermelho,reativa,empate,0,-1,100,0,0,0.0000,0.0000,1932,0,1932,0
111,106871201,azul,azul,reativa,empate,0,-1,100,0,0,0.0000,0.0000,2102,49,2053,0
112,524023377,verde,verde,modelo_proposto,verde,1,3,10,30,0,30.0000,0.1000,56,2,54,0
112,524023377,verde,vermelho,reativa,verde,0,-3,10,120,120,1.0000,0.0000,136,8,128,0
112,524023377,verde,azul,reativa,verde,0,-3,10,90,120,0.7500,0.0000,57,6,51,0
113,2070036801,vermelho,verde,modelo_proposto,vermelho,0,-3,11,120,120,1.0000,0.0000,304,86,143,75
113,2070036801,vermelho,vermelho,reativa,vermelho,1,3,11,30,0,30.0000,0.0000,227,2,225,0
113,2070036801,vermelho,azul,reativa,vermelho,0,-3,11,90,120,0.7500,0.1429,101,5,96,0
114,332326161,azul,verde,modelo_proposto,azul,0,-3,16,150,120,1.2500,0.0000,526,142,260,124
114,332326161,azul,vermelho,reativa,azul,0,-3,16,90,120,0.7500,0.1250,129,3,126,0
114,332326161,azul,azul,reativa,azul,1,3,16,30,30,1.0000,0.0000,379,4,375,0
115,13274541,verde,verde,modelo_proposto,vermelho,0,-3,30,90,120,0.7500,0.0000,290,81,137,72
115,13274541,verde,vermelho,reativa,vermelho,1,3,30,30,0,30.0000,0.1333,663,6,657,0
115,13274541,verde,azul,reativa,vermelho,0,-3,30,120,120,1.0000,0.0000,543,11,532,0
116,825241805,vermelho,verde,modelo_proposto,azul,0,-3,17,120,120,1.0000,0.0625,324,86,163,75
116,825241805,vermelho,vermelho,reativa,azul,0,-3,17,90,120,0.7500,0.0000,105,5,100,0
116,825241805,vermelho,azul,reativa,azul,1,3,17,30,0,30.0000,0.0588,378,2,376,0
117,1573000952,azul,verde,modelo_proposto,empate,0,-1,100,0,0,0.0000,0.0000,1896,0,1896,0
117,1573000952,azul,vermelho,reativa,empate,0,-1,100,90,120,0.7500,0.0000,253,6,247,0
117,1573000952,azul,azul,reativa,empate,0,-1,100,120,90,1.3333,0.0000,1684,9,1675,0
118,1749647013,verde,verde,modelo_proposto,verde,1,3,21,30,60,0.5000,0.0000,237,51,136,50
118,1749647013,verde,vermelho,reativa,verde,0,-3,21,90,120,0.7500,0.0833,228,7,221,0
118,1749647013,verde,azul,reativa,verde,0,-3,21,180,120,1.5000,0.0500,359,14,345,0
119,974095307,vermelho,verde,modelo_proposto,vermelho,0,-3,14,120,120,1.0000,0.0000,388,113,175,100
119,974095307,vermelho,vermelho,reativa,vermelho,1,3,14,30,0,30.0000,0.0000,318,2,316,0
119,974095307,vermelho,azul,reativa,vermelho,0,-3,14,90,120,0.7500,0.0000,55,4,51,0
120,1400113132,azul,verde,modelo_proposto,verde,1,3,16,30,0,30.0000,0.1333,273,30,218,25
120,1400113132,azul,vermelho,reativa,verde,0,-3,16,90,120,0.7500,0.0000,81,6,75,0
120,1400113132,azul,azul,reativa,verde,0,-3,16,120,120,1.0000,0.0000,289,11,278,0
121,1403140035,verde,verde,modelo_proposto,azul,0,-3,9,120,120,1.0000,0.1111,396,164,135,97
121,1403140035,verde,vermelho,reativa,azul,0,-3,9,30,120,0.2500,0.0000,123,4,119,0
121,1403140035,verde,azul,reativa,azul,1,3,9,150,60,2.5000,0.0000,104,12,92,0
122,1485886752,vermelho,verde,modelo_proposto,azul,0,-3,23,90,120,0.7500,0.0000,328,96,147,85
122,1485886752,vermelho,vermelho,reativa,azul,0,-3,23,150,120,1.2500,0.0000,399,11,388,0
122,1485886752,vermelho,azul,reativa,azul,1,3,23,30,30,1.0000,0.0435,541,2,539,0
123,1433079639,azul,verde,modelo_proposto,vermelho,0,-3,11,120,120,1.0000,0.2000,358,113,145,100
123,1433079639,azul,vermelho,reativa,vermelho,1,3,11,30,0,30.0000,0.0000,232,3,229,0
123,1433079639,azul,azul,reativa,vermelho,0,-3,11,90,120,0.7500,0.0000,119,5,114,0
124,1444017005,verde,verde,modelo_proposto,vermelho,0,-3,16,120,120,1.0000,0.3077,425,161,170,94
124,1444017005,verde,vermelho,reativa,vermelho,1,3,16,40,30,1.3333,0.1875,328,6,322,0
124,1444017005,verde,azul,reativa,vermelho,0,-3,16,90,100,0.9000,0.1333,231,9,222,0
125,1120634029,vermelho,verde,modelo_proposto,azul,0,-3,24,80,110,0.7273,0.1111,256,84,97,75
125,1120634029,vermelho,vermelho,reativa,azul,0,-3,24,110,110,1.0000,0.2083,511,6,505,0
125,1120634029,vermelho,azul,reativa,azul,1,3,24,30,0,30.0000,0.0833,566,2,564,0
126,1159629576,azul,verde,modelo_proposto,verde,1,3,22,30,30,1.0000,0.0000,194,28,141,25
126,1159629576,azul,vermelho,reativa,verde,0,-3,22,90,120,0.7500,0.0000,58,7,51,0
126,1159629576,azul,azul,reativa,verde,0,-3,22,150,120,1.2500,0.0476,395,10,385,0
127,170520394,verde,verde,modelo_proposto,vermelho,0,-3,23,90,120,0.7500,0.1111,299,91,130,78
127,170520394,verde,vermelho,reativa,vermelho,1,3,23,30,0,30.0000,0.0000,544,2,542,0
127,170520394,verde,azul,reativa,vermelho,0,-3,23,120,120,1.0000,0.0455,414,7,407,0
128,2032603470,vermelho,verde,modelo_proposto,empate,0,-1,100,60,120,0.5000,0.0000,267,79,113,75
128,2032603470,vermelho,vermelho,reativa,empate,0,-1,100,120,60,2.0000,0.0000,1673,7,1666,0
128,2032603470,vermelho,azul,reativa,empate,0,-1,100,0,0,0.0000,0.0300,1797,0,1797,0
129,1569236234,azul,verde,modelo_proposto,azul,0,-3,23,90,120,0.7500,0.0909,281,84,123,74
129,1569236234,azul,vermelho,reativa,azul,0,-3,23,120,120,1.0000,0.0000,447,6,441,0
129,1569236234,azul,azul,reativa,azul,1,3,23,30,0,30.0000,0.1739,551,2,549,0
130,411570783,verde,verde,modelo_proposto,vermelho,0,-3,13,150,120,1.2500,0.0000,488,134,232,122
130,411570783,verde,vermelho,reativa,vermelho,1,3,13,30,30,1.0000,0.1538,275,2,273,0
130,411570783,verde,azul,reativa,vermelho,0,-3,13,90,120,0.7500,0.0000,31,5,26,0
131,562047796,vermelho,verde,modelo_proposto,empate,0,-1,100,0,0,0.0000,0.0202,1911,43,1868,0
131,562047796,vermelho,vermelho,reativa,empate,0,-1,100,120,90,1.3333,0.0000,1800,52,1748,0
131,562047796,vermelho,azul,reativa,empate,0,-1,100,90,120,0.7500,0.0000,97,6,91,0
132,1448248165,azul,verde,modelo_proposto,vermelho,0,-3,32,120,120,1.0000,0.0000,547,116,331,100
132,1448248165,azul,vermelho,reativa,vermelho,1,3,32,30,0,30.0000,0.0645,632,4,628,0
132,1448248165,azul,azul,reativa,vermelho,0,-3,32,90,120,0.7500,0.0000,159,5,154,0
133,1352011924,verde,verde,modelo_proposto,azul,0,-3,13,90,120,0.7500,0.0000,223,76,79,68
133,1352011924,verde,vermelho,reativa,azul,0,-3,13,120,120,1.0000,0.0000,229,7,222,0
133,1352011924,verde,azul,reativa,azul,1,3,13,30,0,30.0000,0.0769,287,2,285,0
134,939551074,vermelho,verde,modelo_proposto,azul,0,-3,14,60,120,0.5000,0.0769,427,108,219,100
134,939551074,vermelho,vermelho,reativa,azul,0,-3,14,90,120,0.7500,0.0000,260,6,254,0
134,939551074,vermelho,azul,reativa,azul,1,3,14,90,0,90.0000,0.0000,261,9,252,0
135,362752061,azul,verde,modelo_proposto,verde,1,3,13,30,0,30.0000,0.0833,75,2,73,0
135,362752061,azul,vermelho,reativa,verde,0,-3,13,120,120,1.0000,0.0000,186,9,177,0
135,362752061,azul,azul,reativa,verde,0,-3,13,90,120,0.7500,0.0000,123,6,117,0
136,1970562540,verde,verde,modelo_proposto,vermelho,0,-3,19,90,120,0.7500,0.1875,453,117,225,111
136,1970562540,verde,vermelho,reativa,vermelho,1,3,19,30,0,30.0000,0.0000,391,2,389,0
136,1970562540,verde,azul,reativa,vermelho,0,-3,19,120,120,1.0000,0.1111,317,7,310,0
137,383708122,vermelho,verde,modelo_proposto,azul,0,-3,13,120,120,1.0000,0.0833,367,81,217,69
137,383708122,vermelho,vermelho,reativa,azul,0,-3,13,90,120,0.7500,0.0000,212,7,205,0
137,383708122,vermelho,azul,reativa,azul,1,3,13,30,0,30.0000,0.0769,293,6,287,0
138,2075785334,azul,verde,modelo_proposto,vermelho,0,-3,12,140,120,1.1667,0.2727,490,132,233,125
138,2075785334,azul,vermelho,reativa,vermelho,1,3,12,30,20,1.5000,0.1818,261,1,260,0
138,2075785334,azul,azul,reativa,vermelho,0,-3,12,90,120,0.7500,0.0000,57,5,52,0
139,794372141,verde,verde,modelo_proposto,azul,0,-3,16,120,120,1.0000,0.1250,648,184,315,149
139,794372141,verde,vermelho,reativa,azul,0,-3,16,90,120,0.7500,0.0833,235,6,229,0
139,794372141,verde,azul,reativa,azul,1,3,16,60,30,2.0000,0.0000,343,6,337,0
140,1817101026,vermelho,verde,modelo_proposto,verde,1,3,12,30,0,30.0000,0.0000,60,2,58,0
140,1817101026,vermelho,vermelho,reativa,verde,0,-3,12,120,120,1.0000,0.0000,172,8,164,0
140,1817101026,vermelho,azul,reativa,verde,0,-3,12,90,120,0.7500,0.0000,102,7,95,0
141,1461547978,azul,verde,modelo_proposto,vermelho,0,-3,15,60,120,0.5000,0.0000,196,69,80,47
141,1461547978,azul,vermelho,reativa,vermelho,1,3,15,90,60,1.5000,0.0714,281,9,272,0
141,1461547978,azul,azul,reativa,vermelho,0,-3,15,150,120,1.2500,0.0714,235,10,225,0
142,1249674794,verde,verde,modelo_proposto,azul,0,-3,16,90,120,0.7500,0.0000,256,84,97,75
142,1249674794,verde,vermelho,reativa,azul,0,-3,16,120,120,1.0000,0.0000,315,6,309,0
142,1249674794,verde,azul,reativa,azul,1,3,16,30,0,30.0000,0.0000,366,3,363,0
143,236336944,vermelho,verde,modelo_proposto,verde,1,3,21,30,30,1.0000,0.0500,246,27,195,24
143,236336944,vermelho,vermelho,reativa,verde,0,-3,21,150,120,1.2500,0.0000,329,11,318,0
143,236336944,vermelho,azul,reativa,verde,0,-3,21,90,120,0.7500,0.0000,173,6,167,0
144,787490960,azul,verde,modelo_proposto,azul,0,-3,26,120,120,1.0000,0.0000,343,84,186,73
144,787490960,azul,vermelho,reativa,azul,0,-3,26,90,120,0.7500,0.0000,69,5,64,0
144,787490960,azul,azul,reativa,azul,1,3,26,30,0,30.0000,0.0385,552,2,550,0
145,368094613,verde,verde,modelo_proposto,vermelho,0,-3,18,60,120,0.5000,0.0000,275,79,121,75
145,368094613,verde,vermelho,reativa,vermelho,1,3,18,60,60,1.0000,0.0000,333,6,327,0
145,368094613,verde,azul,reativa,vermelho,0,-3,18,180,120,1.5000,0.0000,284,13,271,0
146,15368845,vermelho,verde,modelo_proposto,vermelho,0,-3,9,60,120,0.5000,0.1667,254,72,107,75
146,15368845,vermelho,vermelho,reativa,vermelho,1,3,9,60,30,2.0000,0.3333,184,6,178,0
146,15368845,vermelho,azul,reativa,vermelho,0,-3,9,150,120,1.2500,0.0000,87,12,75,0
147,987658780,azul,verde,modelo_proposto,empate,0,-1,100,0,0,0.0000,0.0000,2192,49,2143,0
147,987658780,azul,vermelho,reativa,empate,0,-1,100,0,0,0.0000,0.0000,2099,50,2049,0
147,987658780,azul,azul,reativa,empate,0,-1,100,0,0,0.0000,0.0000,2600,0,2600,0
148,1140005980,verde,verde,modelo_proposto,empate,0,-1,100,0,0,0.0000,0.0000,2085,50,2035,0
148,1140005980,verde,vermelho,reativa,empate,0,-1,100,0,0,0.0000,0.0000,2053,49,2004,0
148,1140005980,verde,azul,reativa,empate,0,-1,100,0,0,0.0000,0.0000,2485,0,2485,0
149,2107689852,vermelho,verde,modelo_proposto,empate,0,-1,100,120,90,1.3333,0.0000,1293,150,1047,96
149,2107689852,vermelho,vermelho,reativa,empate,0,-1,100,0,0,0.0000,0.0100,2295,1,2294,0
149,2107689852,vermelho,azul,reativa,empate,0,-1,100,90,120,0.7500,0.0000,219,4,215,0
150,1111585620,azul,verde,modelo_proposto,verde,1,3,21,30,30,1.0000,0.0000,165,28,112,25
150,1111585620,azul,vermelho,reativa,verde,0,-3,21,150,120,1.2500,0.1053,364,12,352,0
150,1111585620,azul,azul,reativa,verde,0,-3,21,90,120,0.7500,0.1538,254,7,247,0
151,323059078,verde,verde,modelo_proposto,azul,0,-3,16,150,120,1.2500,0.0000,529,156,273,100
151,323059078,verde,vermelho,reativa,azul,0,-3,16,90,120,0.7500,0.0000,208,4,204,0
151,323059078,verde,azul,reativa,azul,1,3,16,30,30,1.0000,0.0625,373,2,371,0
152,1505993271,vermelho,verde,modelo_proposto,azul,0,-3,26,90,120,0.7500,0.1667,244,83,86,75
152,1505993271,vermelho,vermelho,reativa,azul,0,-3,26,150,120,1.2500,0.0385,540,9,531,0
152,1505993271,vermelho,azul,reativa,azul,1,3,26,30,30,1.0000,0.0000,591,2,589,0
153,1332249844,azul,verde,modelo_proposto,azul,0,-3,19,120,120,1.0000,0.0000,451,113,238,100
153,1332249844,azul,vermelho,reativa,azul,0,-3,19,90,120,0.7500,0.0833,232,4,228,0
153,1332249844,azul,azul,reativa,azul,1,3,19,30,0,30.0000,0.0000,415,3,412,0
154,486926662,verde,verde,modelo_proposto,azul,0,-3,21,60,120,0.5000,0.0000,255,72,108,75
154,486926662,verde,vermelho,reativa,azul,0,-3,21,180,120,1.5000,0.0000,384,11,373,0
154,486926662,verde,azul,reativa,azul,1,3,21,60,60,1.0000,0.0000,443,4,439,0
155,228384987,vermelho,verde,modelo_proposto,azul,0,-3,23,90,120,0.7500,0.0000,273,82,118,73
155,228384987,vermelho,vermelho,reativa,azul,0,-3,23,150,120,1.2500,0.0435,433,8,425,0
155,228384987,vermelho,azul,reativa,azul,1,3,23,30,30,1.0000,0.0870,492,2,490,0
156,1338147426,azul,verde,modelo_proposto,azul,0,-3,14,150,120,1.2500,0.0000,435,121,210,104
156,1338147426,azul,vermelho,reativa,azul,0,-3,14,90,120,0.7500,0.1667,81,5,76,0
156,1338147426,azul,azul,reativa,azul,1,3,14,30,30,1.0000,0.0000,312,3,309,0
157,1701265980,verde,verde,modelo_proposto,vermelho,0,-3,9,120,120,1.0000,0.2222,295,84,138,73
157,1701265980,verde,vermelho,reativa,vermelho,1,3,9,30,0,30.0000,0.0000,197,2,195,0
157,1701265980,verde,azul,reativa,vermelho,0,-3,9,90,120,0.7500,0.0000,31,5,26,0
158,2035459300,vermelho,verde,modelo_proposto,verde,1,3,25,30,30,1.0000,0.0417,213,27,161,25
158,2035459300,vermelho,vermelho,reativa,verde,0,-3,25,150,120,1.2500,0.0000,428,11,417,0
158,2035459300,vermelho,azul,reativa,verde,0,-3,25,90,120,0.7500,0.0000,108,7,101,0
159,1984052756,azul,verde,modelo_proposto,azul,0,-3,20,90,120,0.7500,0.0909,255,81,102,72
159,1984052756,azul,vermelho,reativa,azul,0,-3,20,120,120,1.0000,0.0000,331,6,325,0
159,1984052756,azul,azul,reativa,azul,1,3,20,30,0,30.0000,0.1000,451,2,449,0
160,882379617,verde,verde,modelo_proposto,vermelho,0,-3,22,90,120,0.7500,0.0000,252,84,93,75
160,882379617,verde,vermelho,reativa,vermelho,1,3,22,30,30,1.0000,0.0000,454,2,452,0
160,882379617,verde,azul,reativa,vermelho,0,-3,22,150,120,1.2500,0.0476,414,8,406,0
161,155837609,vermelho,verde,modelo_proposto,azul,0,-3,27,80,110,0.7273,0.5714,236,78,88,70
161,155837609,vermelho,vermelho,reativa,azul,0,-3,27,140,110,1.2727,0.3333,538,10,528,0
161,155837609,vermelho,azul,reativa,azul,1,3,27,30,30,1.0000,0.0741,619,2,617,0
162,1949492245,azul,verde,modelo_proposto,vermelho,0,-3,19,90,120,0.7500,0.0000,334,103,140,91
162,1949492245,azul,vermelho,reativa,vermelho,1,3,19,30,0,30.0000,0.0000,398,2,396,0
162,1949492245,azul,azul,reativa,vermelho,0,-3,19,120,120,1.0000,0.0000,342,7,335,0
163,1206746855,verde,verde,modelo_proposto,azul,0,-3,15,120,120,1.0000,0.0000,370,126,153,91
163,1206746855,verde,vermelho,reativa,azul,0,-3,15,90,120,0.7500,0.0000,220,4,216,0
163,1206746855,verde,azul,reativa,azul,1,3,15,30,0,30.0000,0.1333,314,5,309,0
164,383512830,vermelho,verde,modelo_proposto,azul,0,-3,10,150,120,1.2500,0.0000,444,140,181,123
164,383512830,vermelho,vermelho,reativa,azul,0,-3,10,90,120,0.7500,0.0000,80,5,75,0
164,383512830,vermelho,azul,reativa,azul,1,3,10,30,30,1.0000,0.0000,199,5,194,0
165,1238779790,azul,verde,modelo_proposto,verde,1,3,14,30,30,1.0000,0.0000,169,45,80,44
165,1238779790,azul,vermelho,reativa,verde,0,-3,14,90,120,0.7500,0.0000,80,8,72,0
165,1238779790,azul,azul,reativa,verde,0,-3,14,150,120,1.2500,0.0000,215,12,203,0
166,457092375,verde,verde,modelo_proposto,verde,1,3,14,30,0,30.0000,0.0714,88,4,84,0
166,457092375,verde,vermelho,reativa,verde,0,-3,14,90,120,0.7500,0.0000,92,8,84,0
166,457092375,verde,azul,reativa,verde,0,-3,14,120,120,1.0000,0.1538,219,11,208,0
167,1059044347,vermelho,verde,modelo_proposto,azul,0,-3,14,90,120,0.7500,0.0000,300,84,143,73
167,1059044347,vermelho,vermelho,reativa,azul,0,-3,14,120,120,1.0000,0.0000,205,7,198,0
167,1059044347,vermelho,azul,reativa,azul,1,3,14,30,0,30.0000,0.0000,313,6,307,0
168,281457202,azul,verde,modelo_proposto,verde,1,3,13,20,0,20.0000,0.3333,265,53,166,46
168,281457202,azul,vermelho,reativa,verde,0,-3,13,120,110,1.0909,0.1818,175,9,166,0
168,281457202,azul,azul,reativa,verde,0,-3,13,90,120,0.7500,0.0000,55,7,48,0
169,1239046820,verde,verde,modelo_proposto,azul,0,-3,13,120,120,1.0000,0.1538,357,109,153,95
169,1239046820,verde,vermelho,reativa,azul,0,-3,13,90,120,0.7500,0.2222,159,5,154,0
169,1239046820,verde,azul,reativa,azul,1,3,13,30,0,30.0000,0.0000,302,2,300,0
170,461995623,vermelho,verde,modelo_proposto,verde,1,3,11,30,30,1.0000,0.1000,104,24,55,25
170,461995623,vermelho,vermelho,reativa,verde,0,-3,11,90,120,0.7500,0.5556,145,7,138,0
170,461995623,vermelho,azul,reativa,verde,0,-3,11,150,120,1.2500,0.0000,119,11,108,0
171,1520527385,azul,verde,modelo_proposto,verde,1,3,20,50,20,2.5000,0.2632,348,84,191,73
171,1520527385,azul,vermelho,reativa,verde,0,-3,20,60,120,0.5000,0.0000,198,7,191,0
171,1520527385,azul,azul,reativa,verde,0,-3,20,140,110,1.2727,0.4211,326,11,315,0
172,681314169,verde,verde,modelo_proposto,vermelho,0,-3,14,90,120,0.7500,0.0000,246,84,87,75
172,681314169,verde,vermelho,reativa,vermelho,1,3,14,30,0,30.0000,0.0000,306,2,304,0
172,681314169,verde,azul,reativa,vermelho,0,-3,14,120,120,1.0000,0.0000,237,6,231,0
173,1151681641,vermelho,verde,modelo_proposto,vermelho,0,-3,14,100,100,1.0000,0.3077,424,128,183,113
173,1151681641,vermelho,vermelho,reativa,vermelho,1,3,14,30,0,30.0000,0.0714,333,2,331,0
173,1151681641,vermelho,azul,reativa,vermelho,0,-3,14,70,100,0.7000,0.4444,141,6,135,0
174,915322822,azul,verde,modelo_proposto,vermelho,0,-3,29,90,120,0.7500,0.1667,423,110,213,100
174,915322822,azul,vermelho,reativa,vermelho,1,3,29,30,30,1.0000,0.0357,603,2,601,0
174,915322822,azul,azul,reativa,vermelho,0,-3,29,150,120,1.2500,0.0714,585,8,577,0
175,1219387384,verde,verde,modelo_proposto,empate,0,-1,100,0,0,0.0000,0.0000,2130,50,2080,0
175,1219387384,verde,vermelho,reativa,empate,0,-1,100,0,0,0.0000,0.0000,1871,51,1820,0
175,1219387384,verde,azul,reativa,empate,0,-1,100,0,0,0.0000,0.4900,1970,0,1970,0
176,669132441,vermelho,verde,modelo_proposto,verde,1,3,15,70,60,1.1667,0.2857,224,60,114,50
176,669132441,vermelho,vermelho,reativa,verde,0,-3,15,60,100,0.6000,0.2500,260,4,256,0
176,669132441,vermelho,azul,reativa,verde,0,-3,15,150,120,1.2500,0.0000,208,13,195,0
177,1538008631,azul,verde,modelo_proposto,empate,0,-1,100,120,90,1.3333,0.0000,1302,154,1048,100
177,1538008631,azul,vermelho,reativa,empate,0,-1,100,90,120,0.7500,0.1538,258,4,254,0
177,1538008631,azul,azul,reativa,empate,0,-1,100,0,0,0.0000,0.0100,1480,42,1438,0
178,557466564,verde,verde,modelo_proposto,azul,0,-3,26,90,120,0.7500,0.1111,282,83,126,73
178,557466564,verde,vermelho,reativa,azul,0,-3,26,150,120,1.2500,0.0385,527,8,519,0
178,557466564,verde,azul,reativa,azul,1,3,26,30,30,1.0000,0.0000,616,2,614,0
179,1498413934,vermelho,verde,modelo_proposto,azul,0,-3,14,90,120,0.7500,0.1250,249,80,94,75
179,1498413934,vermelho,vermelho,reativa,azul,0,-3,14,150,120,1.2500,0.1429,239,8,231,0
179,1498413934,vermelho,azul,reativa,azul,1,3,14,30,30,1.0000,0.0000,317,2,315,0
180,542293507,azul,verde,modelo_proposto,verde,1,3,16,120,60,2.0000,0.0667,475,165,216,94
180,542293507,azul,vermelho,reativa,verde,0,-3,16,60,120,0.5000,0.1667,259,9,250,0
180,542293507,azul,azul,reativa,verde,0,-3,16,120,120,1.0000,0.2000,286,9,277,0
181,1371703114,verde,verde,modelo_proposto,vermelho,0,-3,17,60,120,0.5000,0.0000,338,79,184,75
181,1371703114,verde,vermelho,reativa,vermelho,1,3,17,60,60,1.0000,0.0000,344,4,340,0
181,1371703114,verde,azul,reativa,vermelho,0,-3,17,180,120,1.5000,0.0000,259,12,247,0
182,117727943,vermelho,verde,modelo_proposto,verde,1,3,14,30,0,30.0000,0.0769,193,49,100,44
182,117727943,vermelho,vermelho,reativa,verde,0,-3,14,120,120,1.0000,0.0000,222,9,213,0
182,117727943,vermelho,azul,reativa,verde,0,-3,14,90,120,0.7500,0.0000,55,7,48,0
183,603806591,azul,verde,modelo_proposto,verde,1,3,18,30,30,1.0000,0.1176,143,24,98,21
183,603806591,azul,vermelho,reativa,verde,0,-3,18,150,120,1.2500,0.1250,284,10,274,0
183,603806591,azul,azul,reativa,verde,0,-3,18,90,120,0.7500,0.0000,100,7,93,0
184,699897077,verde,verde,modelo_proposto,azul,0,-3,24,90,120,0.7500,0.0000,494,151,258,85
184,699897077,verde,vermelho,reativa,azul,0,-3,24,120,120,1.0000,0.0000,361,14,347,0
184,699897077,verde,azul,reativa,azul,1,3,24,90,60,1.5000,0.0000,421,17,404,0
185,519069263,vermelho,verde,modelo_proposto,verde,1,3,18,30,30,1.0000,0.0000,155,28,102,25
185,519069263,vermelho,vermelho,reativa,verde,0,-3,18,150,120,1.2500,0.0000,315,10,305,0
185,519069263,vermelho,azul,reativa,verde,0,-3,18,90,120,0.7500,0.0000,32,6,26,0
186,1300684724,azul,verde,modelo_proposto,azul,0,-3,10,70,120,0.5833,0.1667,240,82,85,73
186,1300684724,azul,vermelho,reativa,azul,0,-3,10,120,100,1.2000,0.6667,133,8,125,0
186,1300684724,azul,azul,reativa,azul,1,3,10,30,0,30.0000,0.0000,232,2,230,0
187,1520408512,verde,verde,modelo_proposto,azul,0,-3,30,120,120,1.0000,0.0667,508,85,349,74
187,1520408512,verde,vermelho,reativa,azul,0,-3,30,90,120,0.7500,0.0000,77,5,72,0
187,1520408512,verde,azul,reativa,azul,1,3,30,30,0,30.0000,0.0333,642,2,640,0
188,1385646527,vermelho,verde,modelo_proposto,verde,1,3,13,30,0,30.0000,0.1667,114,28,61,25
188,1385646527,vermelho,vermelho,reativa,verde,0,-3,13,90,120,0.7500,0.0000,185,6,179,0
188,1385646527,vermelho,azul,reativa,verde,0,-3,13,120,120,1.0000,0.0000,207,9,198,0
189,1017835355,azul,verde,modelo_proposto,empate,0,-1,100,0,0,0.0000,0.4949,1915,49,1866,0
189,1017835355,azul,vermelho,reativa,empate,0,-1,100,0,0,0.0000,0.0000,1518,50,1468,0
189,1017835355,azul,azul,reativa,empate,0,-1,100,0,0,0.0000,0.4700,2438,0,2438,0
190,1799545139,verde,verde,modelo_proposto,azul,0,-3,29,120,120,1.0000,0.0345,355,83,200,72
190,1799545139,verde,vermelho,reativa,azul,0,-3,29,90,120,0.7500,0.0000,58,6,52,0
190,1799545139,verde,azul,reativa,azul,1,3,29,30,0,30.0000,0.0000,495,2,493,0
191,129883519,vermelho,verde,modelo_proposto,vermelho,0,-3,17,140,110,1.2727,0.6875,521,167,207,147
191,129883519,vermelho,vermelho,reativa,vermelho,1,3,17,40,30,1.3333,0.0000,385,4,381,0
191,129883519,vermelho,azul,reativa,vermelho,0,-3,17,70,110,0.6364,0.6667,165,8,157,0
192,1102580056,azul,verde,modelo_proposto,verde,1,3,17,30,40,0.7500,0.1250,183,40,105,38
192,1102580056,azul,vermelho,reativa,verde,0,-3,17,80,100,0.8000,0.6250,110,9,101,0
192,1102580056,azul,azul,reativa,verde,0,-3,17,140,110,1.2727,0.5000,229,16,213,0
193,1554659575,verde,verde,modelo_proposto,azul,0,-3,12,60,120,0.5000,0.5000,256,74,107,75
193,1554659575,verde,vermelho,reativa,azul,0,-3,12,150,120,1.2500,0.0000,188,9,179,0
193,1554659575,verde,azul,reativa,azul,1,3,12,60,30,2.0000,0.0000,246,5,241,0
194,1156300410,vermelho,verde,modelo_proposto,azul,0,-3,10,110,110,1.0000,0.3333,355,114,141,100
194,1156300410,vermelho,vermelho,reativa,azul,0,-3,10,80,110,0.7273,0.8333,54,6,48,0
194,1156300410,vermelho,azul,reativa,azul,1,3,10,30,0,30.0000,0.2000,208,2,206,0
195,529621933,azul,verde,modelo_proposto,azul,0,-3,27,80,110,0.7273,0.1000,320,73,184,63
195,529621933,azul,vermelho,reativa,azul,0,-3,27,110,110,1.0000,0.2692,543,7,536,0
195,529621933,azul,azul,reativa,azul,1,3,27,30,0,30.0000,0.0370,582,3,579,0
196,1734993955,verde,verde,modelo_proposto,empate,0,-1,100,0,0,0.0000,0.0000,2105,50,2055,0
196,1734993955,verde,vermelho,reativa,empate,0,-1,100,0,0,0.0000,0.0000,2600,0,2600,0
196,1734993955,verde,azul,reativa,empate,0,-1,100,0,0,0.0000,0.0000,2012,49,1963,0
197,178452452,vermelho,verde,modelo_proposto,azul,0,-3,20,60,120,0.5000,0.1429,244,76,98,70
197,178452452,vermelho,vermelho,reativa,azul,0,-3,20,150,120,1.2500,0.1000,366,9,357,0
197,178452452,vermelho,azul,reativa,azul,1,3,20,60,30,2.0000,0.0000,358,4,354,0
198,521402375,azul,verde,modelo_proposto,vermelho,0,-3,26,150,120,1.2500,0.0400,453,110,249,94
198,521402375,azul,vermelho,reativa,vermelho,1,3,26,30,30,1.0000,0.0400,547,2,545,0
198,521402375,azul,azul,reativa,vermelho,0,-3,26,90,120,0.7500,0.0000,81,5,76,0
199,105700785,verde,verde,modelo_proposto,verde,1,3,28,30,60,0.5000,0.0357,276,51,175,50
199,105700785,verde,vermelho,reativa,verde,0,-3,28,90,120,0.7500,0.4167,220,6,214,0
199,105700785,verde,azul,reativa,verde,0,-3,28,180,120,1.5000,0.0370,512,12,500,0
200,2008931110,vermelho,verde,modelo_proposto,verde,1,3,13,60,0,60.0000,0.1667,139,25,98,16
200,2008931110,vermelho,vermelho,reativa,verde,0,-3,13,90,120,0.7500,0.0000,234,8,226,0
200,2008931110,vermelho,azul,reativa,verde,0,-3,13,90,120,0.7500,0.0000,240,12,228,0
201,1342046878,azul,verde,modelo_proposto,azul,0,-3,19,120,120,1.0000,0.0556,328,86,168,74
201,1342046878,azul,vermelho,reativa,azul,0,-3,19,90,120,0.7500,0.0000,159,5,154,0
201,1342046878,azul,azul,reativa,azul,1,3,19,30,0,30.0000,0.0000,329,2,327,0
202,953152536,verde,verde,modelo_proposto,azul,0,-3,21,90,120,0.7500,0.5000,190,63,74,53
202,953152536,verde,vermelho,reativa,azul,0,-3,21,150,120,1.2500,0.1905,342,10,332,0
202,953152536,verde,azul,reativa,azul,1,3,21,30,30,1.0000,0.1429,500,1,499,0
203,1936411928,vermelho,verde,modelo_proposto,vermelho,0,-3,23,60,120,0.5000,0.0000,322,78,174,70
203,1936411928,vermelho,vermelho,reativa,vermelho,1,3,23,60,30,2.0000,0.0435,465,7,458,0
203,1936411928,vermelho,azul,reativa,vermelho,0,-3,23,150,120,1.2500,0.0455,385,11,374,0
204,1166957166,azul,verde,modelo_proposto,vermelho,0,-3,15,90,120,0.7500,0.1111,350,112,138,100
204,1166957166,azul,vermelho,reativa,vermelho,1,3,15,30,30,1.0000,0.0000,312,2,310,0
204,1166957166,azul,azul,reativa,vermelho,0,-3,15,150,120,1.2500,0.2143,236,8,228,0
205,1693299176,verde,verde,modelo_proposto,verde,1,3,27,30,30,1.0000,0.0741,195,25,147,23
205,1693299176,verde,vermelho,reativa,verde,0,-3,27,150,120,1.2500,0.0385,495,13,482,0
205,1693299176,verde,azul,reativa,verde,0,-3,27,90,120,0.7500,0.0000,109,8,101,0
206,1869436229,vermelho,verde,modelo_proposto,vermelho,0,-3,15,120,120,1.0000,0.1429,437,113,224,100
206,1869436229,vermelho,vermelho,reativa,vermelho,1,3,15,30,0,30.0000,0.0000,363,2,361,0
206,1869436229,vermelho,azul,reativa,vermelho,0,-3,15,90,120,0.7500,0.0909,199,4,195,0
207,145879472,azul,verde,modelo_proposto,vermelho,0,-3,30,90,120,0.7500,0.0000,536,155,240,141
207,145879472,azul,vermelho,reativa,vermelho,1,3,30,30,30,1.0000,0.0345,710,2,708,0
207,145879472,azul,azul,reativa,vermelho,0,-3,30,150,120,1.2500,0.0345,562,14,548,0
208,149114399,verde,verde,modelo_proposto,vermelho,0,-3,19,150,120,1.2500,0.0000,634,159,325,150
208,149114399,verde,vermelho,reativa,vermelho,1,3,19,30,30,1.0000,0.0000,458,1,457,0
208,149114399,verde,azul,reativa,vermelho,0,-3,19,90,120,0.7500,0.0000,257,5,252,0
209,1683453032,vermelho,verde,modelo_proposto,empate,0,-1,100,0,0,0.0000,0.0000,608,0,608,0
209,1683453032,vermelho,vermelho,reativa,empate,0,-1,100,0,0,0.0000,0.0100,1345,50,1295,0
209,1683453032,vermelho,azul,reativa,empate,0,-1,100,0,0,0.0000,0.0000,1816,50,1766,0
210,1180105192,azul,verde,modelo_proposto,vermelho,0,-3,20,120,120,1.0000,0.0000,507,123,270,114
210,1180105192,azul,vermelho,reativa,vermelho,1,3,20,30,0,30.0000,0.0000,382,4,378,0
210,1180105192,azul,azul,reativa,vermelho,0,-3,20,90,120,0.7500,0.0000,173,7,166,0
211,706502710,verde,verde,modelo_proposto,azul,0,-3,19,60,120,0.5000,0.4286,266,79,112,75
211,706502710,verde,vermelho,reativa,azul,0,-3,19,150,120,1.2500,0.1579,344,9,335,0
211,706502710,verde,azul,reativa,azul,1,3,19,60,30,2.0000,0.1053,407,5,402,0
212,1552000050,vermelho,verde,modelo_proposto,azul,0,-3,36,70,100,0.7000,0.2500,434,110,226,98
212,1552000050,vermelho,vermelho,reativa,azul,0,-3,36,100,100,1.0000,0.1389,746,7,739,0
212,1552000050,vermelho,azul,reativa,azul,1,3,36,30,0,30.0000,0.0556,813,2,811,0
213,1627387955,azul,verde,modelo_proposto,verde,1,3,17,30,0,30.0000,0.0000,195,28,143,24
213,1627387955,azul,vermelho,reativa,verde,0,-3,17,90,120,0.7500,0.0000,124,6,118,0
213,1627387955,azul,azul,reativa,verde,0,-3,17,120,120,1.0000,0.0625,280,9,271,0
214,692168545,verde,verde,modelo_proposto,vermelho,0,-3,23,90,120,0.7500,0.0000,302,83,144,75
214,692168545,verde,vermelho,reativa,vermelho,1,3,23,30,30,1.0000,0.0000,483,2,481,0
214,692168545,verde,azul,reativa,vermelho,0,-3,23,150,120,1.2500,0.0000,440,9,431,0
215,1117255669,vermelho,verde,modelo_proposto,verde,1,3,9,30,0,30.0000,0.2500,51,2,49,0
215,1117255669,vermelho,vermelho,reativa,verde,0,-3,9,120,120,1.0000,0.0000,98,8,90,0
215,1117255669,vermelho,azul,reativa,verde,0,-3,9,90,120,0.7500,0.0000,32,6,26,0
216,1291571188,azul,verde,modelo_proposto,verde,1,3,14,30,0,30.0000,0.0769,166,29,112,25
216,1291571188,azul,vermelho,reativa,verde,0,-3,14,120,120,1.0000,0.0833,189,10,179,0
216,1291571188,azul,azul,reativa,verde,0,-3,14,90,120,0.7500,0.0000,95,7,88,0
217,1835059891,verde,verde,modelo_proposto,azul,0,-3,11,90,120,0.7500,0.0000,305,133,98,74
217,1835059891,verde,vermelho,reativa,azul,0,-3,11,150,120,1.2500,0.0000,162,10,152,0
217,1835059891,verde,azul,reativa,azul,1,3,11,30,30,1.0000,0.0000,259,2,257,0
218,770527005,vermelho,verde,modelo_proposto,azul,0,-3,18,120,120,1.0000,0.1765,487,115,273,99
218,770527005,vermelho,vermelho,reativa,azul,0,-3,18,90,120,0.7500,0.0714,276,6,270,0
218,770527005,vermelho,azul,reativa,azul,1,3,18,30,0,30.0000,0.0000,402,2,400,0
219,1839775962,azul,verde,modelo_proposto,vermelho,0,-3,15,120,120,1.0000,0.0714,436,113,223,100
219,1839775962,azul,vermelho,reativa,vermelho,1,3,15,30,0,30.0000,0.1429,315,2,313,0
219,1839775962,azul,azul,reativa,vermelho,0,-3,15,90,120,0.7500,0.0000,184,5,179,0
220,786723664,verde,verde,modelo_proposto,azul,0,-3,27,90,120,0.7500,0.0000,325,85,165,75
220,786723664,verde,vermelho,reativa,azul,0,-3,27,120,120,1.0000,0.0370,571,6,565,0
220,786723664,verde,azul,reativa,azul,1,3,27,30,0,30.0000,0.0741,644,2,642,0
221,1984655043,vermelho,verde,modelo_proposto,empate,0,-1,100,120,90,1.3333,0.0000,1893,111,1684,98
221,1984655043,vermelho,vermelho,reativa,empate,0,-1,100,0,0,0.0000,0.0100,1533,0,1533,0
221,1984655043,vermelho,azul,reativa,empate,0,-1,100,90,120,0.7500,0.0000,183,5,178,0
222,2038087983,azul,verde,modelo_proposto,vermelho,0,-3,33,150,120,1.2500,0.0625,715,167,398,150
222,2038087983,azul,vermelho,reativa,vermelho,1,3,33,30,30,1.0000,0.0000,727,3,724,0
222,2038087983,azul,azul,reativa,vermelho,0,-3,33,90,120,0.7500,0.0000,106,5,101,0
223,24191029,verde,verde,modelo_proposto,azul,0,-3,16,120,120,1.0000,0.0000,487,114,273,100
223,24191029,verde,vermelho,reativa,azul,0,-3,16,90,120,0.7500,0.0000,209,4,205,0
223,24191029,verde,azul,reativa,azul,1,3,16,30,0,30.0000,0.0000,384,2,382,0
224,1641540538,vermelho,verde,modelo_proposto,vermelho,0,-3,10,120,120,1.0000,0.0000,374,113,161,100
224,1641540538,vermelho,vermelho,reativa,vermelho,1,3,10,30,0,30.0000,0.2000,220,3,217,0
224,1641540538,vermelho,azul,reativa,vermelho,0,-3,10,90,120,0.7500,0.0000,107,4,103,0
225,951702792,azul,verde,modelo_proposto,vermelho,0,-3,14,150,120,1.2500,0.0000,589,165,274,150
225,951702792,azul,vermelho,reativa,vermelho,1,3,14,30,30,1.0000,0.0000,305,3,302,0
225,951702792,azul,azul,reativa,vermelho,0,-3,14,90,120,0.7500,0.0000,81,5,76,0
226,675296008,verde,verde,modelo_proposto,azul,0,-3,21,120,120,1.0000,0.0476,626,168,297,161
226,675296008,verde,vermelho,reativa,azul,0,-3,21,90,120,0.7500,0.0000,76,5,71,0
226,675296008,verde,azul,reativa,azul,1,3,21,30,0,30.0000,0.0476,482,2,480,0
227,559324355,vermelho,verde,modelo_proposto,vermelho,0,-3,25,150,120,1.2500,0.0417,660,164,347,149
227,559324355,vermelho,vermelho,reativa,vermelho,1,3,25,30,30,1.0000,0.0400,449,3,446,0
227,559324355,vermelho,azul,reativa,vermelho,0,-3,25,90,120,0.7500,0.0000,184,5,179,0
228,981530121,azul,verde,modelo_proposto,vermelho,0,-3,14,60,120,0.5000,0.0000,246,69,105,72
228,981530121,azul,vermelho,reativa,vermelho,1,3,14,60,60,1.0000,0.0769,261,4,257,0
228,981530121,azul,azul,reativa,vermelho,0,-3,14,180,120,1.5000,0.1538,181,14,167,0
229,1656250677,verde,verde,modelo_proposto,azul,0,-3,17,130,120,1.0833,0.4706,933,357,356,220
229,1656250677,verde,vermelho,reativa,azul,0,-3,17,90,100,0.9000,0.6667,160,10,150,0
229,1656250677,verde,azul,reativa,azul,1,3,17,30,30,1.0000,0.1176,385,5,380,0
230,207735304,vermelho,verde,modelo_proposto,verde,1,3,13,30,0,30.0000,0.0000,139,28,86,25
230,207735304,vermelho,vermelho,reativa,verde,0,-3,13,90,120,0.7500,0.0000,105,7,98,0
230,207735304,vermelho,azul,reativa,verde,0,-3,13,120,120,1.0000,0.0000,199,8,191,0
231,989711541,azul,verde,modelo_proposto,vermelho,0,-3,23,120,120,1.0000,0.1364,781,183,423,175
231,989711541,azul,vermelho,reativa,vermelho,1,3,23,30,0,30.0000,0.1818,509,2,507,0
231,989711541,azul,azul,reativa,vermelho,0,-3,23,90,120,0.7500,0.0000,287,5,282,0
232,1444584449,verde,verde,modelo_proposto,azul,0,-3,9,90,120,0.7500,0.0000,268,85,108,75
232,1444584449,verde,vermelho,reativa,azul,0,-3,9,150,120,1.2500,0.0000,111,9,102,0
232,1444584449,verde,azul,reativa,azul,1,3,9,30,30,1.0000,0.0000,209,2,207,0
233,594435942,vermelho,verde,modelo_proposto,empate,0,-1,100,120,90,1.3333,0.0303,4372,1033,2239,1100
233,594435942,vermelho,vermelho,reativa,empate,0,-1,100,90,120,0.7500,0.1111,158,5,153,0
233,594435942,vermelho,azul,reativa,empate,0,-1,100,0,0,0.0000,0.0000,2476,0,2476,0
234,1488348715,azul,verde,modelo_proposto,verde,1,3,19,30,30,1.0000,0.1111,198,29,144,25
234,1488348715,azul,vermelho,reativa,verde,0,-3,19,90,120,0.7500,0.0000,209,7,202,0
234,1488348715,azul,azul,reativa,verde,0,-3,19,150,120,1.2500,0.0000,345,12,333,0
235,15411380,verde,verde,modelo_proposto,vermelho,0,-3,14,120,120,1.0000,0.0000,342,93,170,79
235,15411380,verde,vermelho,reativa,vermelho,1,3,14,30,0,30.0000,0.0000,315,2,313,0
235,15411380,verde,azul,reativa,vermelho,0,-3,14,90,120,0.7500,0.0000,211,5,206,0
236,893382118,vermelho,verde,modelo_proposto,vermelho,0,-3,16,150,120,1.2500,0.1333,468,163,206,99
236,893382118,vermelho,vermelho,reativa,vermelho,1,3,16,30,30,1.0000,0.0000,388,3,385,0
236,893382118,vermelho,azul,reativa,vermelho,0,-3,16,90,120,0.7500,0.0000,236,7,229,0
237,829102571,azul,verde,modelo_proposto,vermelho,0,-3,14,120,120,1.0000,0.0769,388,113,175,100
237,829102571,azul,vermelho,reativa,vermelho,1,3,14,30,0,30.0000,0.0000,290,2,288,0
237,829102571,azul,azul,reativa,vermelho,0,-3,14,90,120,0.7500,0.0000,107,6,101,0
238,1104959249,verde,verde,modelo_proposto,azul,0,-3,13,90,120,0.7500,0.0000,332,85,172,75
238,1104959249,verde,vermelho,reativa,azul,0,-3,13,90,120,0.7500,0.1667,223,6,217,0
238,1104959249,verde,azul,reativa,azul,1,3,13,60,0,60.0000,0.0769,275,5,270,0
239,436567940,vermelho,verde,modelo_proposto,verde,1,3,9,30,30,1.0000,0.0000,169,29,115,25
239,436567940,vermelho,vermelho,reativa,verde,0,-3,9,150,120,1.2500,0.0000,86,10,76,0
239,436567940,vermelho,azul,reativa,verde,0,-3,9,90,120,0.7500,0.0000,58,6,52,0
240,314003729,azul,verde,modelo_proposto,verde,1,3,15,30,0,30.0000,0.0000,143,29,89,25
240,314003729,azul,vermelho,reativa,verde,0,-3,15,120,120,1.0000,0.0000,193,9,184,0
240,314003729,azul,azul,reativa,verde,0,-3,15,90,120,0.7500,0.0000,123,6,117,0
241,334422033,verde,verde,modelo_proposto,vermelho,0,-3,10,90,120,0.7500,0.1000,407,123,193,91
241,334422033,verde,vermelho,reativa,vermelho,1,3,10,60,0,60.0000,0.0000,211,4,207,0
241,334422033,verde,azul,reativa,vermelho,0,-3,10,90,120,0.7500,0.0000,126,6,120,0
242,251380444,vermelho,verde,modelo_proposto,empate,0,-1,100,120,90,1.3333,0.0101,823,84,667,72
242,251380444,vermelho,vermelho,reativa,empate,0,-1,100,0,0,0.0000,0.0000,1308,44,1264,0
242,251380444,vermelho,azul,reativa,empate,0,-1,100,90,120,0.7500,0.0000,82,5,77,0
243,1102806774,azul,verde,modelo_proposto,azul,0,-3,41,120,120,1.0000,0.0500,563,109,358,96
243,1102806774,azul,vermelho,reativa,azul,0,-3,41,90,120,0.7500,0.0909,199,4,195,0
243,1102806774,azul,azul,reativa,azul,1,3,41,30,0,30.0000,0.0000,589,3,586,0
244,1761145918,verde,verde,modelo_proposto,vermelho,0,-3,46,150,120,1.2500,0.1087,954,220,537,197
244,1761145918,verde,vermelho,reativa,vermelho,1,3,46,30,30,1.0000,0.0000,839,2,837,0
244,1761145918,verde,azul,reativa,vermelho,0,-3,46,90,120,0.7500,0.4615,210,8,202,0
245,1986957636,vermelho,verde,modelo_proposto,vermelho,0,-3,19,120,120,1.0000,0.0000,412,105,220,87
245,1986957636,vermelho,vermelho,reativa,vermelho,1,3,19,30,0,30.0000,0.0000,387,7,380,0
245,1986957636,vermelho,azul,reativa,vermelho,0,-3,19,90,120,0.7500,0.0000,278,6,272,0
246,1517405042,azul,verde,modelo_proposto,azul,0,-3,36,60,120,0.5000,0.0000,350,82,193,75
246,1517405042,azul,vermelho,reativa,azul,0,-3,36,180,120,1.5000,0.0286,741,11,730,0
246,1517405042,azul,azul,reativa,azul,1,3,36,60,60,1.0000,0.0556,845,4,841,0
247,286550506,verde,verde,modelo_proposto,empate,0,-1,100,0,0,0.0000,0.9400,3751,992,1863,896
247,286550506,verde,vermelho,reativa,empate,0,-1,100,0,0,0.0000,0.4700,2019,1,2018,0
247,286550506,verde,azul,reativa,empate,0,-1,100,0,0,0.0000,0.0200,2318,0,2318,0
248,137304799,vermelho,verde,modelo_proposto,azul,0,-3,20,90,120,0.7500,0.0000,249,84,90,75
248,137304799,vermelho,vermelho,reativa,azul,0,-3,20,150,120,1.2500,0.0500,383,8,375,0
248,137304799,vermelho,azul,reativa,azul,1,3,20,30,30,1.0000,0.0000,475,2,473,0
249,705417887,azul,verde,modelo_proposto,verde,1,3,13,30,0,30.0000,0.0000,167,29,113,25
249,705417887,azul,vermelho,reativa,verde,0,-3,13,120,120,1.0000,0.0000,186,10,176,0
249,705417887,azul,azul,reativa,verde,0,-3,13,90,120,0.7500,0.0000,83,7,76,0
250,726116545,verde,verde,modelo_proposto,verde,1,3,22,60,80,0.7500,0.3182,576,135,296,145
250,726116545,verde,vermelho,reativa,verde,0,-3,22,170,120,1.4167,0.3333,373,13,360,0
250,726116545,verde,azul,reativa,verde,0,-3,22,90,120,0.7500,0.0833,193,13,180,0
251,1291141008,vermelho,verde,modelo_proposto,azul,0,-3,25,120,120,1.0000,0.0417,421,112,210,99
251,1291141008,vermelho,vermelho,reativa,azul,0,-3,25,90,120,0.7500,0.0000,93,4,89,0
251,1291141008,vermelho,azul,reativa,azul,1,3,25,30,0,30.0000,0.0400,529,2,527,0
252,397193934,azul,verde,modelo_proposto,verde,1,3,20,30,0,30.0000,0.1579,201,29,148,24
252,397193934,azul,vermelho,reativa,verde,0,-3,20,120,120,1.0000,0.0000,315,10,305,0
252,397193934,azul,azul,reativa,verde,0,-3,20,90,120,0.7500,0.0000,229,6,223,0
253,214387698,verde,verde,modelo_proposto,empate,0,-1,100,120,90,1.3333,0.0100,1440,88,1277,75
253,214387698,verde,vermelho,reativa,empate,0,-1,100,0,0,0.0000,0.0000,1212,0,1212,0
253,214387698,verde,azul,reativa,empate,0,-1,100,90,120,0.7500,0.0000,152,5,147,0
254,2132358912,vermelho,verde,modelo_proposto,empate,0,-1,100,0,0,0.0000,0.0000,1955,50,1905,0
254,2132358912,vermelho,vermelho,reativa,empate,0,-1,100,0,0,0.0000,0.0000,2060,49,2011,0
254,2132358912,vermelho,azul,reativa,empate,0,-1,100,0,0,0.0000,0.0100,2582,0,2582,0
255,58356795,azul,verde,modelo_proposto,empate,0,-1,100,0,0,0.0000,0.0101,2144,49,2095,0
255,58356795,azul,vermelho,reativa,empate,0,-1,100,0,0,0.0000,0.0101,2409,0,2409,0
255,58356795,azul,azul,reativa,empate,0,-1,100,0,0,0.0000,0.0000,2064,50,2014,0
256,1589790228,verde,verde,modelo_proposto,verde,1,3,14,30,0,30.0000,0.3571,176,30,121,25
256,1589790228,verde,vermelho,reativa,verde,0,-3,14,120,120,1.0000,0.0000,240,11,229,0
256,1589790228,verde,azul,reativa,verde,0,-3,14,90,120,0.7500,0.0000,185,7,178,0
257,435970243,vermelho,verde,modelo_proposto,azul,0,-3,17,90,120,0.7500,0.1667,262,83,106,73
257,435970243,vermelho,vermelho,reativa,azul,0,-3,17,120,120,1.0000,0.1176,328,6,322,0
257,435970243,vermelho,azul,reativa,azul,1,3,17,30,0,30.0000,0.1176,390,2,388,0
258,1527342900,azul,verde,modelo_proposto,vermelho,0,-3,14,90,120,0.7500,0.0000,533,150,262,121
258,1527342900,azul,vermelho,reativa,vermelho,1,3,14,150,60,2.5000,0.0000,205,15,190,0
258,1527342900,azul,azul,reativa,vermelho,0,-3,14,60,120,0.5000,0.0000,174,6,168,0
259,1108040743,verde,verde,modelo_proposto,verde,1,3,26,30,30,1.0000,0.0385,204,18,170,16
259,1108040743,verde,vermelho,reativa,verde,0,-3,26,150,120,1.2500,0.0400,483,11,472,0
259,1108040743,verde,azul,reativa,verde,0,-3,26,90,120,0.7500,0.0588,352,6,346,0
260,1006993171,vermelho,verde,modelo_proposto,vermelho,0,-3,22,90,120,0.7500,0.1667,252,83,96,73
260,1006993171,vermelho,vermelho,reativa,vermelho,1,3,22,30,0,30.0000,0.0455,478,5,473,0
260,1006993171,vermelho,azul,reativa,vermelho,0,-3,22,120,120,1.0000,0.0476,374,9,365,0
261,275007496,azul,verde,modelo_proposto,verde,1,3,16,30,30,1.0000,0.1333,128,28,75,25
261,275007496,azul,vermelho,reativa,verde,0,-3,16,90,120,0.7500,0.0000,180,6,174,0
261,275007496,azul,azul,reativa,verde,0,-3,16,150,120,1.2500,0.0000,266,11,255,0
262,1290417309,verde,verde,modelo_proposto,azul,0,-3,14,90,120,0.7500,0.0000,250,84,91,75
262,1290417309,verde,vermelho,reativa,azul,0,-3,14,150,120,1.2500,0.0000,230,9,221,0
262,1290417309,verde,azul,reativa,azul,1,3,14,30,30,1.0000,0.0000,306,2,304,0
263,1970741504,vermelho,verde,modelo_proposto,azul,0,-3,16,90,120,0.7500,0.0000,413,100,213,100
263,1970741504,vermelho,vermelho,reativa,azul,0,-3,16,150,120,1.2500,0.0000,287,9,278,0
263,1970741504,vermelho,azul,reativa,azul,1,3,16,30,30,1.0000,0.0000,359,2,357,0
264,432544778,azul,verde,modelo_proposto,azul,0,-3,22,90,120,0.7500,0.0000,254,78,110,66
264,432544778,azul,vermelho,reativa,azul,0,-3,22,120,120,1.0000,0.0000,358,8,350,0
264,432544778,azul,azul,reativa,azul,1,3,22,30,0,30.0000,0.1364,493,2,491,0
265,1532962704,verde,verde,modelo_proposto,azul,0,-3,19,60,120,0.5000,0.0000,255,72,108,75
265,1532962704,verde,vermelho,reativa,azul,0,-3,19,150,120,1.2500,0.0000,354,9,345,0
265,1532962704,verde,azul,reativa,azul,1,3,19,60,30,2.0000,0.0526,415,6,409,0
266,1798660105,vermelho,verde,modelo_proposto,vermelho,0,-3,19,150,120,1.2500,0.0000,600,159,299,142
266,1798660105,vermelho,vermelho,reativa,vermelho,1,3,19,30,30,1.0000,0.0000,425,4,421,0
266,1798660105,vermelho,azul,reativa,vermelho,0,-3,19,90,120,0.7500,0.0000,298,4,294,0
267,358080245,azul,verde,modelo_proposto,verde,1,3,12,30,30,1.0000,0.0000,99,22,58,19
267,358080245,azul,vermelho,reativa,verde,0,-3,12,90,120,0.7500,0.0000,106,8,98,0
267,358080245,azul,azul,reativa,verde,0,-3,12,150,120,1.2500,0.0000,151,11,140,0
268,1943115339,verde,verde,modelo_proposto,vermelho,0,-3,11,90,120,0.7500,0.0000,295,89,128,78
268,1943115339,verde,vermelho,reativa,vermelho,1,3,11,90,30,3.0000,0.0000,187,10,177,0
268,1943115339,verde,azul,reativa,vermelho,0,-3,11,90,120,0.7500,0.0000,137,12,125,0
269,477278850,vermelho,verde,modelo_proposto,vermelho,0,-3,16,60,120,0.5000,0.2500,261,69,128,64
269,477278850,vermelho,vermelho,reativa,vermelho,1,3,16,60,60,1.0000,0.0000,368,4,364,0
269,477278850,vermelho,azul,reativa,vermelho,0,-3,16,180,120,1.5000,0.3333,223,12,211,0
270,522803334,azul,verde,modelo_proposto,azul,0,-3,11,90,120,0.7500,0.0000,326,85,166,75
270,522803334,azul,vermelho,reativa,azul,0,-3,11,120,120,1.0000,0.0000,157,8,149,0
270,522803334,azul,azul,reativa,azul,1,3,11,30,0,30.0000,0.2727,256,4,252,0
271,1159399617,verde,verde,modelo_proposto,empate,0,-1,100,0,0,0.0000,0.0000,1961,48,1913,0
271,1159399617,verde,vermelho,reativa,empate,0,-1,100,0,0,0.0000,0.0000,1662,0,1662,0
271,1159399617,verde,azul,reativa,empate,0,-1,100,0,0,0.0000,0.0000,1676,50,1626,0
272,1955071387,vermelho,verde,modelo_proposto,empate,0,-1,100,120,90,1.3333,0.0000,1350,137,1093,120
272,1955071387,vermelho,vermelho,reativa,empate,0,-1,100,90,120,0.7500,0.0000,80,4,76,0
272,1955071387,vermelho,azul,reativa,empate,0,-1,100,0,0,0.0000,0.0000,1633,1,1632,0
273,2082054462,azul,verde,modelo_proposto,vermelho,0,-3,21,150,120,1.2500,0.1000,673,169,354,150
273,2082054462,azul,vermelho,reativa,vermelho,1,3,21,30,30,1.0000,0.0500,465,4,461,0
273,2082054462,azul,azul,reativa,vermelho,0,-3,21,90,120,0.7500,0.0769,259,5,254,0
274,616255602,verde,verde,modelo_proposto,empate,0,-1,100,0,30,0.0000,0.0000,1827,43,1736,48
274,616255602,verde,vermelho,reativa,empate,0,-1,100,90,120,0.7500,0.0000,127,7,120,0
274,616255602,verde,azul,reativa,empate,0,-1,100,150,90,1.6667,0.0000,2456,13,2443,0
275,330685898,vermelho,verde,modelo_proposto,azul,0,-3,21,90,120,0.7500,0.1429,250,84,91,75
275,330685898,vermelho,vermelho,reativa,azul,0,-3,21,120,120,1.0000,0.0000,421,7,414,0
275,330685898,vermelho,azul,reativa,azul,1,3,21,30,0,30.0000,0.0476,469,3,466,0
276,293034207,azul,verde,modelo_proposto,verde,1,3,14,30,30,1.0000,0.0000,157,28,104,25
276,293034207,azul,vermelho,reativa,verde,0,-3,14,150,120,1.2500,0.1667,186,13,173,0
276,293034207,azul,azul,reativa,verde,0,-3,14,90,120,0.7500,0.0000,84,8,76,0
277,1726906955,verde,verde,modelo_proposto,vermelho,0,-3,25,100,110,0.9091,0.3200,867,238,405,224
277,1726906955,verde,vermelho,reativa,vermelho,1,3,25,30,0,30.0000,0.1200,566,3,563,0
277,1726906955,verde,azul,reativa,vermelho,0,-3,25,80,100,0.8000,0.6000,184,6,178,0
278,652899206,vermelho,verde,modelo_proposto,azul,0,-3,17,60,120,0.5000,0.0909,378,109,169,100
278,652899206,vermelho,vermelho,reativa,azul,0,-3,17,150,120,1.2500,0.1176,303,9,294,0
278,652899206,vermelho,azul,reativa,azul,1,3,17,60,30,2.0000,0.2353,382,5,377,0
279,1775053101,azul,verde,modelo_proposto,vermelho,0,-3,20,60,100,0.6000,0.2222,272,79,118,75
279,1775053101,azul,vermelho,reativa,vermelho,1,3,20,60,20,3.0000,0.1579,364,4,360,0
279,1775053101,azul,azul,reativa,vermelho,0,-3,20,120,120,1.0000,0.0000,358,9,349,0
280,1138206718,verde,verde,modelo_proposto,vermelho,0,-3,13,120,120,1.0000,0.0000,316,86,155,75
280,1138206718,verde,vermelho,reativa,vermelho,1,3,13,30,0,30.0000,0.0000,283,2,281,0
280,1138206718,verde,azul,reativa,vermelho,0,-3,13,90,120,0.7500,0.0000,159,4,155,0
281,1154859730,vermelho,verde,modelo_proposto,verde,1,3,16,30,30,1.0000,0.0000,127,28,74,25
281,1154859730,vermelho,vermelho,reativa,verde,0,-3,16,90,120,0.7500,0.1667,83,7,76,0
281,1154859730,vermelho,azul,reativa,verde,0,-3,16,150,120,1.2500,0.0000,248,10,238,0
282,1853518004,azul,verde,modelo_proposto,azul,0,-3,31,30,120,0.2500,0.0588,517,118,286,113
282,1853518004,azul,vermelho,reativa,azul,0,-3,31,180,120,1.5000,0.0333,536,14,522,0
282,1853518004,azul,azul,reativa,azul,1,3,31,90,60,1.5000,0.0000,695,6,689,0
283,556386123,verde,verde,modelo_proposto,vermelho,0,-3,55,30,120,0.2500,0.0408,1782,482,866,434
283,556386123,verde,vermelho,reativa,vermelho,1,3,55,150,60,2.5000,0.0000,1137,12,1125,0
283,556386123,verde,azul,reativa,vermelho,0,-3,55,120,120,1.0000,0.0556,1144,13,1131,0
284,884053951,vermelho,verde,modelo_proposto,vermelho,0,-3,23,90,120,0.7500,0.0000,273,84,114,75
284,884053951,vermelho,vermelho,reativa,vermelho,1,3,23,30,0,30.0000,0.0870,520,2,518,0
284,884053951,vermelho,azul,reativa,vermelho,0,-3,23,120,120,1.0000,0.0000,463,6,457,0
285,1520719184,azul,verde,modelo_proposto,verde,1,3,18,90,90,1.0000,0.0000,533,160,229,144
285,1520719184,azul,vermelho,reativa,verde,0,-3,18,120,120,1.0000,0.0000,287,14,273,0
285,1520719184,azul,azul,reativa,verde,0,-3,18,120,120,1.0000,0.0000,213,14,199,0
286,1349709110,verde,verde,modelo_proposto,vermelho,0,-3,12,150,120,1.2500,0.0833,477,141,212,124
286,1349709110,verde,vermelho,reativa,vermelho,1,3,12,30,30,1.0000,0.0000,252,3,249,0
286,1349709110,verde,azul,reativa,vermelho,0,-3,12,90,120,0.7500,0.0000,105,5,100,0
287,1449566124,vermelho,verde,modelo_proposto,verde,1,3,15,30,30,1.0000,0.0714,145,27,94,24
287,1449566124,vermelho,vermelho,reativa,verde,0,-3,15,150,120,1.2500,0.0000,216,11,205,0
287,1449566124,vermelho,azul,reativa,verde,0,-3,15,90,120,0.7500,0.0000,108,7,101,0
288,546701403,azul,verde,modelo_proposto,verde,1,3,16,30,20,1.5000,0.0667,141,24,94,23
288,546701403,azul,vermelho,reativa,verde,0,-3,16,140,120,1.1667,0.2143,206,13,193,0
288,546701403,azul,azul,reativa,verde,0,-3,16,90,120,0.7500,0.1000,112,6,106,0
289,1544369877,verde,verde,modelo_proposto,azul,0,-3,16,90,120,0.7500,0.2308,568,162,258,148
289,1544369877,verde,vermelho,reativa,azul,0,-3,16,120,100,1.2000,0.0625,297,6,291,0
289,1544369877,verde,azul,reativa,azul,1,3,16,10,0,10.0000,0.0000,382,2,380,0
290,531010709,vermelho,verde,modelo_proposto,vermelho,0,-3,7,90,120,0.7500,0.5000,266,83,108,75
290,531010709,vermelho,vermelho,reativa,vermelho,1,3,7,60,0,60.0000,0.0000,130,5,125,0
290,531010709,vermelho,azul,reativa,vermelho,0,-3,7,90,120,0.7500,0.0000,60,8,52,0
291,53123547,azul,verde,modelo_proposto,vermelho,0,-3,20,30,120,0.2500,0.2727,368,66,229,73
291,53123547,azul,vermelho,reativa,vermelho,1,3,20,90,90,1.0000,0.0000,391,6,385,0
291,53123547,azul,azul,reativa,vermelho,0,-3,20,210,120,1.7500,0.0526,289,16,273,0
292,231262719,verde,verde,modelo_proposto,vermelho,0,-3,30,150,120,1.2500,0.0667,608,161,304,143
292,231262719,verde,vermelho,reativa,vermelho,1,3,30,30,30,1.0000,0.2000,695,3,692,0
292,231262719,verde,azul,reativa,vermelho,0,-3,30,90,120,0.7500,0.0385,522,3,519,0
293,662711743,vermelho,verde,modelo_proposto,verde,1,3,16,90,30,3.0000,0.1333,355,114,166,75
293,662711743,vermelho,vermelho,reativa,verde,0,-3,16,60,120,0.5000,0.0714,307,9,298,0
293,662711743,vermelho,azul,reativa,verde,0,-3,16,120,120,1.0000,0.0000,231,15,216,0
294,842140641,azul,verde,modelo_proposto,azul,0,-3,15,60,120,0.5000,0.0000,290,81,138,71
294,842140641,azul,vermelho,reativa,azul,0,-3,15,150,120,1.2500,0.0000,211,9,202,0
294,842140641,azul,azul,reativa,azul,1,3,15,60,30,2.0000,0.0000,323,4,319,0
295,1252927648,verde,verde,modelo_proposto,azul,0,-3,14,150,120,1.2500,0.0714,498,132,241,125
295,1252927648,verde,vermelho,reativa,azul,0,-3,14,90,120,0.7500,0.0000,110,5,105,0
295,1252927648,verde,azul,reativa,azul,1,3,14,30,30,1.0000,0.0000,321,1,320,0
296,488546147,vermelho,verde,modelo_proposto,azul,0,-3,9,90,120,0.7500,0.0000,236,91,81,64
296,488546147,vermelho,vermelho,reativa,azul,0,-3,9,150,120,1.2500,0.0000,112,8,104,0
296,488546147,vermelho,azul,reativa,azul,1,3,9,30,30,1.0000,0.0000,205,4,201,0
297,1093134130,azul,verde,modelo_proposto,azul,0,-3,10,60,120,0.5000,0.0000,274,94,108,72
297,1093134130,azul,vermelho,reativa,azul,0,-3,10,180,120,1.5000,0.0000,88,12,76,0
297,1093134130,azul,azul,reativa,azul,1,3,10,60,60,1.0000,0.0000,211,5,206,0
298,856898793,verde,verde,modelo_proposto,verde,1,3,15,30,20,1.5000,0.2000,189,27,137,25
298,856898793,verde,vermelho,reativa,verde,0,-3,15,90,120,0.7500,0.0000,84,7,77,0
298,856898793,verde,azul,reativa,verde,0,-3,15,140,120,1.1667,0.1429,232,12,220,0
299,679112036,vermelho,verde,modelo_proposto,verde,1,3,19,90,60,1.5000,0.1111,378,96,199,83
299,679112036,vermelho,vermelho,reativa,verde,0,-3,19,180,120,1.5000,0.2778,240,11,229,0
299,679112036,vermelho,azul,reativa,verde,0,-3,19,30,120,0.2500,0.0000,82,6,76,0
300,79218301,azul,verde,modelo_proposto,azul,0,-3,29,60,120,0.5000,0.3000,289,73,148,68
300,79218301,azul,vermelho,reativa,azul,0,-3,29,180,120,1.5000,0.0714,517,11,506,0
300,79218301,azul,azul,reativa,azul,1,3,29,60,60,1.0000,0.0345,516,4,512,0
301,1425715911,verde,verde,modelo_proposto,verde,1,3,15,30,0,30.0000,0.0667,137,5,132,0
301,1425715911,verde,vermelho,reativa,verde,0,-3,15,90,120,0.7500,0.0833,219,6,213,0
301,1425715911,verde,azul,reativa,verde,0,-3,15,120,120,1.0000,0.0000,234,8,226,0
302,324304472,vermelho,verde,modelo_proposto,verde,1,3,14,30,30,1.0000,0.3077,146,27,96,23
302,324304472,vermelho,vermelho,reativa,verde,0,-3,14,150,120,1.2500,0.0000,198,11,187,0
302,324304472,vermelho,azul,reativa,verde,0,-3,14,90,120,0.7500,0.0000,179,7,172,0
303,1492864929,azul,verde,modelo_proposto,verde,1,3,12,30,30,1.0000,0.0909,116,28,63,25
303,1492864929,azul,vermelho,reativa,verde,0,-3,12,150,120,1.2500,0.0000,139,11,128,0
303,1492864929,azul,azul,reativa,verde,0,-3,12,90,120,0.7500,0.0000,82,7,75,0
304,1121729027,verde,verde,modelo_proposto,vermelho,0,-3,28,90,120,0.7500,0.0556,453,102,254,97
304,1121729027,verde,vermelho,reativa,vermelho,1,3,28,30,0,30.0000,0.0000,617,2,615,0
304,1121729027,verde,azul,reativa,vermelho,0,-3,28,120,120,1.0000,0.0000,576,7,569,0
305,329186859,vermelho,verde,modelo_proposto,empate,0,-1,100,120,90,1.3333,0.0505,1660,170,1377,113
305,329186859,vermelho,vermelho,reativa,empate,0,-1,100,0,0,0.0000,0.0100,1946,1,1945,0
305,329186859,vermelho,azul,reativa,empate,0,-1,100,90,120,0.7500,0.1765,301,7,294,0
306,947366636,azul,verde,modelo_proposto,vermelho,0,-3,33,90,120,0.7500,0.0714,253,78,106,69
306,947366636,azul,vermelho,reativa,vermelho,1,3,33,30,0,30.0000,0.0625,646,3,643,0
306,947366636,azul,azul,reativa,vermelho,0,-3,33,120,120,1.0000,0.0938,673,7,666,0
307,1818107138,verde,verde,modelo_proposto,azul,0,-3,16,120,120,1.0000,0.0000,446,114,232,100
307,1818107138,verde,vermelho,reativa,azul,0,-3,16,90,120,0.7500,0.0000,171,4,167,0
307,1818107138,verde,azul,reativa,azul,1,3,16,30,0,30.0000,0.0625,379,2,377,0
308,635456449,vermelho,verde,modelo_proposto,empate,0,-1,100,0,0,0.0000,0.0000,2130,50,2080,0
308,635456449,vermelho,vermelho,reativa,empate,0,-1,100,0,0,0.0000,0.0000,2062,50,2012,0
308,635456449,vermelho,azul,reativa,empate,0,-1,100,0,0,0.0000,0.0000,2596,0,2596,0
309,1609319578,azul,verde,modelo_proposto,verde,1,3,25,30,60,0.5000,0.0000,346,66,216,64
309,1609319578,azul,vermelho,reativa,verde,0,-3,25,180,120,1.5000,0.0435,422,14,408,0
309,1609319578,azul,azul,reativa,verde,0,-3,25,90,120,0.7500,0.1250,127,7,120,0
310,391903060,verde,verde,modelo_proposto,verde,1,3,18,30,0,30.0000,0.0000,159,20,123,16
310,391903060,verde,vermelho,reativa,verde,0,-3,18,120,120,1.0000,0.0588,322,12,310,0
310,391903060,verde,azul,reativa,verde,0,-3,18,90,120,0.7500,0.1429,279,7,272,0
311,369162837,vermelho,verde,modelo_proposto,verde,1,3,11,30,0,30.0000,0.1000,163,23,123,17
311,369162837,vermelho,vermelho,reativa,verde,0,-3,11,80,120,0.6667,0.0000,34,8,26,0
311,369162837,vermelho,azul,reativa,verde,0,-3,11,120,110,1.0909,0.5000,160,8,152,0
312,40002021,azul,verde,modelo_proposto,azul,0,-3,10,90,120,0.7500,0.1250,278,105,105,68
312,40002021,azul,vermelho,reativa,azul,0,-3,10,150,120,1.2500,0.0000,110,8,102,0
312,40002021,azul,azul,reativa,azul,1,3,10,30,30,1.0000,0.0000,226,5,221,0
313,349757038,verde,verde,modelo_proposto,azul,0,-3,17,90,120,0.7500,0.1176,552,146,286,120
313,349757038,verde,vermelho,reativa,azul,0,-3,17,60,120,0.5000,0.0000,126,5,121,0
313,349757038,verde,azul,reativa,azul,1,3,17,120,30,4.0000,0.0000,324,10,314,0
314,1753032231,vermelho,verde,modelo_proposto,empate,0,-1,100,0,0,0.0000,0.0000,1985,48,1937,0
314,1753032231,vermelho,vermelho,reativa,empate,0,-1,100,0,0,0.0000,0.0100,2593,0,2593,0
314,1753032231,vermelho,azul,reativa,empate,0,-1,100,0,0,0.0000,0.0000,2034,47,1987,0
315,1173196213,azul,verde,modelo_proposto,vermelho,0,-3,14,90,120,0.7500,0.0000,255,84,96,75
315,1173196213,azul,vermelho,reativa,vermelho,1,3,14,30,0,30.0000,0.0000,303,5,298,0
315,1173196213,azul,azul,reativa,vermelho,0,-3,14,120,120,1.0000,0.0000,234,6,228,0
316,63142686,verde,verde,modelo_proposto,vermelho,0,-3,13,120,120,1.0000,0.0769,310,85,151,74
316,63142686,verde,vermelho,reativa,vermelho,1,3,13,30,0,30.0000,0.0000,307,2,305,0
316,63142686,verde,azul,reativa,vermelho,0,-3,13,90,120,0.7500,0.0000,154,5,149,0
317,681300813,vermelho,verde,modelo_proposto,azul,0,-3,13,60,120,0.5000,0.1429,265,79,111,75
317,681300813,vermelho,vermelho,reativa,azul,0,-3,13,150,120,1.2500,0.0769,213,10,203,0
317,681300813,vermelho,azul,reativa,azul,1,3,13,60,30,2.0000,0.0000,281,5,276,0
318,506974165,azul,verde,modelo_proposto,azul,0,-3,11,60,120,0.5000,0.0000,180,54,80,46
318,506974165,azul,vermelho,reativa,azul,0,-3,11,180,120,1.5000,0.0000,99,12,87,0
318,506974165,azul,azul,reativa,azul,1,3,11,60,60,1.0000,0.0000,229,5,224,0
319,1573761150,verde,verde,modelo_proposto,azul,0,-3,15,90,120,0.7500,0.0000,351,83,193,75
319,1573761150,verde,vermelho,reativa,azul,0,-3,15,150,120,1.2500,0.0000,263,8,255,0
319,1573761150,verde,azul,reativa,azul,1,3,15,30,30,1.0000,0.0000,340,2,338,0
320,1937942672,vermelho,verde,modelo_proposto,vermelho,0,-3,28,120,120,1.0000,0.0000,429,86,268,75
320,1937942672,vermelho,vermelho,reativa,vermelho,1,3,28,30,0,30.0000,0.1429,608,2,606,0
320,1937942672,vermelho,azul,reativa,vermelho,0,-3,28,90,120,0.7500,0.0000,57,5,52,0
321,2043056792,azul,verde,modelo_proposto,vermelho,0,-3,24,150,120,1.2500,0.0000,492,139,233,120
321,2043056792,azul,vermelho,reativa,vermelho,1,3,24,30,30,1.0000,0.0435,514,3,511,0
321,2043056792,azul,azul,reativa,vermelho,0,-3,24,90,120,0.7500,0.0000,180,4,176,0
322,1502885451,verde,verde,modelo_proposto,vermelho,0,-3,10,90,120,0.7500,0.0000,384,115,162,107
322,1502885451,verde,vermelho,reativa,vermelho,1,3,10,150,60,2.5000,0.0000,141,12,129,0
322,1502885451,verde,azul,reativa,vermelho,0,-3,10,60,120,0.5000,0.0000,76,8,68,0
323,1638525914,vermelho,verde,modelo_proposto,azul,0,-3,26,90,120,0.7500,0.1667,246,84,87,75
323,1638525914,vermelho,vermelho,reativa,azul,0,-3,26,150,120,1.2500,0.0000,537,8,529,0
323,1638525914,vermelho,azul,reativa,azul,1,3,26,30,30,1.0000,0.0769,602,2,600,0
324,1461675684,azul,verde,modelo_proposto,verde,1,3,10,30,30,1.0000,0.0000,109,28,56,25
324,1461675684,azul,vermelho,reativa,verde,0,-3,10,90,120,0.7500,0.0000,58,7,51,0
324,1461675684,azul,azul,reativa,verde,0,-3,10,150,120,1.2500,0.0000,109,12,97,0
325,971720179,verde,verde,modelo_proposto,verde,1,3,11,20,30,0.6667,0.1818,107,25,60,22
325,971720179,verde,vermelho,reativa,verde,0,-3,11,150,110,1.3636,0.2000,137,12,125,0
325,971720179,verde,azul,reativa,verde,0,-3,11,90,120,0.7500,0.0000,73,8,65,0
326,566942735,vermelho,verde,modelo_proposto,azul,0,-3,20,60,120,0.5000,0.3333,234,71,94,69
326,566942735,vermelho,vermelho,reativa,azul,0,-3,20,180,120,1.5000,0.1000,343,12,331,0
326,566942735,vermelho,azul,reativa,azul,1,3,20,60,60,1.0000,0.0000,440,4,436,0
327,1508647464,azul,verde,modelo_proposto,vermelho,0,-3,12,60,120,0.5000,0.0000,293,106,112,75
327,1508647464,azul,vermelho,reativa,vermelho,1,3,12,60,60,1.0000,0.0000,234,8,226,0
327,1508647464,azul,azul,reativa,vermelho,0,-3,12,180,120,1.5000,0.0000,139,11,128,0
328,603781327,verde,verde,modelo_proposto,azul,0,-3,13,150,120,1.2500,0.2308,397,106,200,91
328,603781327,verde,vermelho,reativa,azul,0,-3,13,90,120,0.7500,0.0000,79,5,74,0
328,603781327,verde,azul,reativa,azul,1,3,13,30,30,1.0000,0.0769,260,3,257,0
329,1627862180,vermelho,verde,modelo_proposto,azul,0,-3,13,100,120,0.8333,0.2500,391,114,192,85
329,1627862180,vermelho,vermelho,reativa,azul,0,-3,13,40,100,0.4000,0.3000,198,9,189,0
329,1627862180,vermelho,azul,reativa,azul,1,3,13,140,60,2.3333,0.0000,186,15,171,0
330,2108647050,azul,verde,modelo_proposto,azul,0,-3,39,120,120,1.0000,0.0526,802,114,588,100
330,2108647050,azul,vermelho,reativa,azul,0,-3,39,90,120,0.7500,0.0000,363,5,358,0
330,2108647050,azul,azul,reativa,azul,1,3,39,30,0,30.0000,0.0513,921,2,919,0
331,71850044,verde,verde,modelo_proposto,azul,0,-3,16,150,120,1.2500,0.0625,677,187,315,175
331,71850044,verde,vermelho,reativa,azul,0,-3,16,90,120,0.7500,0.0000,105,4,101,0
331,71850044,verde,azul,reativa,azul,1,3,16,30,30,1.0000,0.0625,389,1,388,0
332,87384019,vermelho,verde,modelo_proposto,azul,0,-3,19,90,120,0.7500,0.0000,388,101,191,96
332,87384019,vermelho,vermelho,reativa,azul,0,-3,19,150,120,1.2500,0.0000,342,9,333,0
332,87384019,vermelho,azul,reativa,azul,1,3,19,30,30,1.0000,0.1579,429,2,427,0
333,456098441,azul,verde,modelo_proposto,verde,1,3,17,30,30,1.0000,0.0625,175,26,126,23
333,456098441,azul,vermelho,reativa,verde,0,-3,17,150,120,1.2500,0.0000,258,11,247,0
333,456098441,azul,azul,reativa,verde,0,-3,17,90,120,0.7500,0.0000,208,6,202,0
334,325496467,verde,verde,modelo_proposto,azul,0,-3,21,90,120,0.7500,0.0000,296,85,136,75
334,325496467,verde,vermelho,reativa,azul,0,-3,21,150,120,1.2500,0.0000,395,8,387,0
334,325496467,verde,azul,reativa,azul,1,3,21,30,30,1.0000,0.1429,460,2,458,0
335,1049597105,vermelho,verde,modelo_proposto,verde,1,3,20,30,90,0.3333,0.0526,340,90,168,82
335,1049597105,vermelho,vermelho,reativa,verde,0,-3,20,90,120,0.7500,0.1000,150,8,142,0
335,1049597105,vermelho,azul,reativa,verde,0,-3,20,210,120,1.7500,0.0000,301,17,284,0
336,1667655431,azul,verde,modelo_proposto,verde,1,3,19,20,0,20.0000,0.1667,276,72,140,64
336,1667655431,azul,vermelho,reativa,verde,0,-3,19,120,110,1.0909,0.1176,322,12,310,0
336,1667655431,azul,azul,reativa,verde,0,-3,19,90,120,0.7500,0.1429,100,7,93,0
337,970802006,verde,verde,modelo_proposto,vermelho,0,-3,12,40,100,0.4000,0.1250,320,130,115,75
337,970802006,verde,vermelho,reativa,vermelho,1,3,12,220,90,2.4444,0.6667,118,15,103,0
337,970802006,verde,azul,reativa,vermelho,0,-3,12,50,120,0.4167,0.0909,166,13,153,0
338,1342970439,vermelho,verde,modelo_proposto,verde,1,3,17,30,30,1.0000,0.0625,162,28,110,24
338,1342970439,vermelho,vermelho,reativa,verde,0,-3,17,90,120,0.7500,0.0000,57,6,51,0
338,1342970439,vermelho,azul,reativa,verde,0,-3,17,150,120,1.2500,0.3125,292,10,282,0
339,437208980,azul,verde,modelo_proposto,vermelho,0,-3,21,150,120,1.2500,0.1000,540,153,252,135
339,437208980,azul,vermelho,reativa,vermelho,1,3,21,30,30,1.0000,0.0500,455,1,454,0
339,437208980,azul,azul,reativa,vermelho,0,-3,21,90,120,0.7500,0.0909,201,7,194,0
340,1192874511,verde,verde,modelo_proposto,vermelho,0,-3,20,90,120,0.7500,0.0000,326,83,168,75
340,1192874511,verde,vermelho,reativa,vermelho,1,3,20,30,0,30.0000,0.0000,446,2,444,0
340,1192874511,verde,azul,reativa,vermelho,0,-3,20,120,120,1.0000,0.1053,373,6,367,0
341,766493470,vermelho,verde,modelo_proposto,verde,1,3,19,30,30,1.0000,0.0000,144,18,111,15
341,766493470,vermelho,vermelho,reativa,verde,0,-3,19,90,120,0.7500,0.0000,144,6,138,0
341,766493470,vermelho,azul,reativa,verde,0,-3,19,150,120,1.2500,0.0000,290,10,280,0
342,410536207,azul,verde,modelo_proposto,verde,1,3,13,30,30,1.0000,0.0833,185,29,131,25
342,410536207,azul,vermelho,reativa,verde,0,-3,13,150,120,1.2500,0.0000,162,10,152,0
342,410536207,azul,azul,reativa,verde,0,-3,13,90,120,0.7500,0.0000,81,6,75,0
343,14153581,verde,verde,modelo_proposto,vermelho,0,-3,19,120,120,1.0000,0.1053,498,114,284,100
343,14153581,verde,vermelho,reativa,vermelho,1,3,19,30,0,30.0000,0.0526,410,2,408,0
343,14153581,verde,azul,reativa,vermelho,0,-3,19,90,120,0.7500,0.0714,283,4,279,0
344,307708705,vermelho,verde,modelo_proposto,verde,1,3,20,30,0,30.0000,0.1053,177,3,174,0
344,307708705,vermelho,vermelho,reativa,verde,0,-3,20,90,120,0.7500,0.2105,411,7,404,0
344,307708705,vermelho,azul,reativa,verde,0,-3,20,120,120,1.0000,0.1053,391,11,380,0
345,1409996403,azul,verde,modelo_proposto,verde,1,3,13,30,30,1.0000,0.1667,126,23,85,18
345,1409996403,azul,vermelho,reativa,verde,0,-3,13,90,120,0.7500,0.0000,58,7,51,0
345,1409996403,azul,azul,reativa,verde,0,-3,13,150,120,1.2500,0.0000,161,14,147,0
346,1737144842,verde,verde,modelo_proposto,vermelho,0,-3,38,90,120,0.7500,0.0000,296,81,142,73
346,1737144842,verde,vermelho,reativa,vermelho,1,3,38,30,30,1.0000,0.0526,943,2,941,0
346,1737144842,verde,azul,reativa,vermelho,0,-3,38,150,120,1.2500,0.1081,768,10,758,0
347,924703773,vermelho,verde,modelo_proposto,vermelho,0,-3,16,90,110,0.8182,0.4000,319,106,119,94
347,924703773,vermelho,vermelho,reativa,vermelho,1,3,16,30,30,1.0000,0.0000,382,2,380,0
347,924703773,vermelho,azul,reativa,vermelho,0,-3,16,140,120,1.1667,0.0667,253,8,245,0
348,928223588,azul,verde,modelo_proposto,azul,0,-3,19,120,120,1.0000,0.1667,678,162,366,150
348,928223588,azul,vermelho,reativa,azul,0,-3,19,30,120,0.2500,0.0000,241,5,236,0
348,928223588,azul,azul,reativa,azul,1,3,19,150,60,2.5000,0.1053,354,13,341,0
349,1182005340,verde,verde,modelo_proposto,azul,0,-3,18,120,100,1.2000,0.1667,448,113,235,100
349,1182005340,verde,vermelho,reativa,azul,0,-3,18,70,120,0.5833,0.0714,268,7,261,0
349,1182005340,verde,azul,reativa,azul,1,3,18,30,0,30.0000,0.0000,410,2,408,0
350,86749997,vermelho,verde,modelo_proposto,verde,1,3,16,30,30,1.0000,0.0667,127,27,75,25
350,86749997,vermelho,vermelho,reativa,verde,0,-3,16,150,120,1.2500,0.0000,253,12,241,0
350,86749997,vermelho,azul,reativa,verde,0,-3,16,90,120,0.7500,0.0000,152,7,145,0
351,2063477184,azul,verde,modelo_proposto,vermelho,0,-3,23,120,120,1.0000,0.0909,574,114,360,100
351,2063477184,azul,vermelho,reativa,vermelho,1,3,23,30,0,30.0000,0.0455,489,2,487,0
351,2063477184,azul,azul,reativa,vermelho,0,-3,23,90,120,0.7500,0.1333,311,5,306,0
352,1520633710,verde,verde,modelo_proposto,verde,1,3,15,90,0,90.0000,0.0000,382,130,186,66
352,1520633710,verde,vermelho,reativa,verde,0,-3,15,60,120,0.5000,0.0000,281,9,272,0
352,1520633710,verde,azul,reativa,verde,0,-3,15,90,120,0.7500,0.0000,267,8,259,0
353,1518760950,vermelho,verde,modelo_proposto,vermelho,0,-3,29,90,120,0.7500,0.0000,391,95,201,95
353,1518760950,vermelho,vermelho,reativa,vermelho,1,3,29,30,30,1.0000,0.0000,601,3,598,0
353,1518760950,vermelho,azul,reativa,vermelho,0,-3,29,150,120,1.2500,0.0000,573,9,564,0
354,1313076164,azul,verde,modelo_proposto,verde,1,3,16,30,30,1.0000,0.1333,168,28,115,25
354,1313076164,azul,vermelho,reativa,verde,0,-3,16,150,120,1.2500,0.2857,210,10,200,0
354,1313076164,azul,azul,reativa,verde,0,-3,16,90,120,0.7500,0.0000,77,6,71,0
355,519671239,verde,verde,modelo_proposto,verde,1,3,13,30,30,1.0000,0.0769,113,26,63,24
355,519671239,verde,vermelho,reativa,verde,0,-3,13,150,120,1.2500,0.0000,169,12,157,0
355,519671239,verde,azul,reativa,verde,0,-3,13,90,120,0.7500,0.0000,104,7,97,0
356,293897162,vermelho,verde,modelo_proposto,vermelho,0,-3,19,120,120,1.0000,0.2222,491,138,229,124
356,293897162,vermelho,vermelho,reativa,vermelho,1,3,19,30,0,30.0000,0.0000,424,2,422,0
356,293897162,vermelho,azul,reativa,vermelho,0,-3,19,90,120,0.7500,0.0833,221,4,217,0
357,432934820,azul,verde,modelo_proposto,azul,0,-3,20,120,120,1.0000,0.0000,418,110,213,95
357,432934820,azul,vermelho,reativa,azul,0,-3,20,90,120,0.7500,0.0000,143,4,139,0
357,432934820,azul,azul,reativa,azul,1,3,20,30,0,30.0000,0.0500,463,3,460,0
358,1033327263,verde,verde,modelo_proposto,azul,0,-3,24,50,120,0.4167,0.0000,267,79,119,69
358,1033327263,verde,vermelho,reativa,azul,0,-3,24,180,110,1.6364,0.1667,423,14,409,0
358,1033327263,verde,azul,reativa,azul,1,3,24,60,60,1.0000,0.0417,518,4,514,0
359,137643404,vermelho,verde,modelo_proposto,verde,1,3,34,30,30,1.0000,0.0000,468,28,415,25
359,137643404,vermelho,vermelho,reativa,verde,0,-3,34,150,120,1.2500,0.0303,679,10,669,0
359,137643404,vermelho,azul,reativa,verde,0,-3,34,90,120,0.7500,0.0000,54,6,48,0
360,2017834313,azul,verde,modelo_proposto,azul,0,-3,18,150,120,1.2500,0.0588,488,137,231,120
360,2017834313,azul,vermelho,reativa,azul,0,-3,18,90,120,0.7500,0.0000,56,5,51,0
360,2017834313,azul,azul,reativa,azul,1,3,18,30,30,1.0000,0.0000,418,2,416,0
361,1611829491,verde,verde,modelo_proposto,verde,1,3,17,30,30,1.0000,0.0000,136,28,83,25
361,1611829491,verde,vermelho,reativa,verde,0,-3,17,90,120,0.7500,0.1667,215,6,209,0
361,1611829491,verde,azul,reativa,verde,0,-3,17,150,120,1.2500,0.0625,259,12,247,0
362,1288829251,vermelho,verde,modelo_proposto,verde,1,3,19,30,30,1.0000,0.1111,290,29,236,25
362,1288829251,vermelho,vermelho,reativa,verde,0,-3,19,90,120,0.7500,0.0000,176,6,170,0
362,1288829251,vermelho,azul,reativa,verde,0,-3,19,150,120,1.2500,0.1111,327,12,315,0
363,475521431,azul,verde,modelo_proposto,azul,0,-3,12,60,120,0.5000,0.0000,189,49,98,42
363,475521431,azul,vermelho,reativa,azul,0,-3,12,90,120,0.7500,0.0000,148,7,141,0
363,475521431,azul,azul,reativa,azul,1,3,12,90,0,90.0000,0.0000,242,8,234,0
364,1589776665,verde,verde,modelo_proposto,vermelho,0,-3,27,90,120,0.7500,0.1333,480,112,268,100
364,1589776665,verde,vermelho,reativa,vermelho,1,3,27,30,30,1.0000,0.0000,606,2,604,0
364,1589776665,verde,azul,reativa,vermelho,0,-3,27,150,120,1.2500,0.0769,544,9,535,0
365,1928754317,vermelho,verde,modelo_proposto,empate,0,-1,100,0,0,0.0000,0.0000,4334,1201,2029,1104
365,1928754317,vermelho,vermelho,reativa,empate,0,-1,100,0,0,0.0000,0.0000,1832,0,1832,0
365,1928754317,vermelho,azul,reativa,empate,0,-1,100,0,0,0.0000,0.0000,2406,3,2403,0
366,893603869,azul,verde,modelo_proposto,azul,0,-3,11,90,120,0.7500,0.0000,250,84,91,75
366,893603869,azul,vermelho,reativa,azul,0,-3,11,120,120,1.0000,0.0000,154,5,149,0
366,893603869,azul,azul,reativa,azul,1,3,11,30,0,30.0000,0.0909,253,4,249,0
367,795826857,verde,verde,modelo_proposto,verde,1,3,20,30,30,1.0000,0.0500,212,20,175,17
367,795826857,verde,vermelho,reativa,verde,0,-3,20,150,120,1.2500,0.0526,345,10,335,0
367,795826857,verde,azul,reativa,verde,0,-3,20,90,120,0.7500,0.0000,71,6,65,0
368,1170736711,vermelho,verde,modelo_proposto,azul,0,-3,14,120,120,1.0000,0.0000,349,102,158,89
368,1170736711,vermelho,vermelho,reativa,azul,0,-3,14,90,120,0.7500,0.0000,156,4,152,0
368,1170736711,vermelho,azul,reativa,azul,1,3,14,30,0,30.0000,0.0000,338,2,336,0
369,1599605876,azul,verde,modelo_proposto,azul,0,-3,19,60,120,0.5000,0.0667,294,76,147,71
369,1599605876,azul,vermelho,reativa,azul,0,-3,19,150,120,1.2500,0.1111,322,9,313,0
369,1599605876,azul,azul,reativa,azul,1,3,19,60,30,2.0000,0.0526,401,4,397,0
370,1800712511,verde,verde,modelo_proposto,vermelho,0,-3,23,150,120,1.2500,0.2609,545,154,256,135
370,1800712511,verde,vermelho,reativa,vermelho,1,3,23,30,30,1.0000,0.1304,556,3,553,0
370,1800712511,verde,azul,reativa,vermelho,0,-3,23,90,120,0.7500,0.2222,126,5,121,0
371,645522509,vermelho,verde,modelo_proposto,verde,1,3,15,30,30,1.0000,0.0714,127,28,74,25
371,645522509,vermelho,vermelho,reativa,verde,0,-3,15,150,120,1.2500,0.0714,229,10,219,0
371,645522509,vermelho,azul,reativa,verde,0,-3,15,90,120,0.7500,0.0000,80,6,74,0
372,29313969,azul,verde,modelo_proposto,verde,1,3,30,30,60,0.5000,0.1379,296,49,199,48
372,29313969,azul,vermelho,reativa,verde,0,-3,30,90,120,0.7500,0.0000,169,6,163,0
372,29313969,azul,azul,reativa,verde,0,-3,30,180,120,1.5000,0.0690,491,12,479,0
373,1970357873,verde,verde,modelo_proposto,verde,1,3,38,30,30,1.0000,0.0000,319,27,267,25
373,1970357873,verde,vermelho,reativa,verde,0,-3,38,90,120,0.7500,0.0909,206,7,199,0
373,1970357873,verde,azul,reativa,verde,0,-3,38,150,120,1.2500,0.0541,792,11,781,0
374,1241645600,vermelho,verde,modelo_proposto,vermelho,0,-3,17,80,120,0.6667,0.3333,226,77,80,69
374,1241645600,vermelho,vermelho,reativa,vermelho,1,3,17,30,0,30.0000,0.0588,406,2,404,0
374,1241645600,vermelho,azul,reativa,vermelho,0,-3,17,120,110,1.0909,0.4375,305,7,298,0
375,1353653477,azul,verde,modelo_proposto,verde,1,3,12,30,0,30.0000,0.0909,114,27,63,24
375,1353653477,azul,vermelho,reativa,verde,0,-3,12,90,120,0.7500,0.0000,79,6,73,0
375,1353653477,azul,azul,reativa,verde,0,-3,12,120,120,1.0000,0.0909,184,8,176,0
376,722060998,verde,verde,modelo_proposto,azul,0,-3,27,90,120,0.7500,0.5000,268,85,108,75
376,722060998,verde,vermelho,reativa,azul,0,-3,27,150,120,1.2500,0.0370,557,9,548,0
376,722060998,verde,azul,reativa,azul,1,3,27,30,30,1.0000,0.0000,633,3,630,0
377,946843648,vermelho,verde,modelo_proposto,vermelho,0,-3,48,60,120,0.5000,0.0000,272,79,118,75
377,946843648,vermelho,vermelho,reativa,vermelho,1,3,48,60,60,1.0000,0.0000,891,3,888,0
377,946843648,vermelho,azul,reativa,vermelho,0,-3,48,180,120,1.5000,0.1064,929,12,917,0
378,195273507,azul,verde,modelo_proposto,vermelho,0,-3,21,90,120,0.7500,0.0000,293,83,135,75
378,195273507,azul,vermelho,reativa,vermelho,1,3,21,30,0,30.0000,0.0500,444,3,441,0
378,195273507,azul,azul,reativa,vermelho,0,-3,21,120,120,1.0000,0.1000,384,8,376,0
379,741729714,verde,verde,modelo_proposto,vermelho,0,-3,26,90,120,0.7500,0.0556,285,83,128,74
379,741729714,verde,vermelho,reativa,vermelho,1,3,26,30,30,1.0000,0.0385,570,4,566,0
379,741729714,verde,azul,reativa,vermelho,0,-3,26,150,120,1.2500,0.0400,476,10,466,0
380,1187661710,vermelho,verde,modelo_proposto,vermelho,0,-3,30,90,120,0.7500,0.0000,249,82,94,73
380,1187661710,vermelho,vermelho,reativa,vermelho,1,3,30,30,30,1.0000,0.0000,727,2,725,0
380,1187661710,vermelho,azul,reativa,vermelho,0,-3,30,150,120,1.2500,0.1034,574,8,566,0
381,394963098,azul,verde,modelo_proposto,vermelho,0,-3,18,50,100,0.5000,0.6471,729,193,361,175
381,394963098,azul,vermelho,reativa,vermelho,1,3,18,150,60,2.5000,0.2353,319,12,307,0
381,394963098,azul,azul,reativa,vermelho,0,-3,18,70,110,0.6364,0.8333,84,7,77,0
382,2051369139,verde,verde,modelo_proposto,vermelho,0,-3,44,100,120,0.8333,0.1591,889,131,642,116
382,2051369139,verde,vermelho,reativa,vermelho,1,3,44,60,0,60.0000,0.0227,896,7,889,0
382,2051369139,verde,azul,reativa,vermelho,0,-3,44,60,100,0.6000,0.4444,153,5,148,0
383,1168745499,vermelho,verde,modelo_proposto,vermelho,0,-3,23,90,120,0.7500,0.0000,1041,358,357,326
383,1168745499,vermelho,vermelho,reativa,vermelho,1,3,23,30,30,1.0000,0.0435,539,3,536,0
383,1168745499,vermelho,azul,reativa,vermelho,0,-3,23,150,120,1.2500,0.0000,389,20,369,0
384,2118575539,azul,verde,modelo_proposto,vermelho,0,-3,17,120,120,1.0000,0.1875,538,140,273,125
384,2118575539,azul,vermelho,reativa,vermelho,1,3,17,30,0,30.0000,0.0000,327,3,324,0
384,2118575539,azul,azul,reativa,vermelho,0,-3,17,90,120,0.7500,0.0000,219,5,214,0
385,441089282,verde,verde,modelo_proposto,verde,1,3,21,30,60,0.5000,0.0952,237,47,142,48
385,441089282,verde,vermelho,reativa,verde,0,-3,21,90,120,0.7500,0.0000,185,6,179,0
385,441089282,verde,azul,reativa,verde,0,-3,21,180,120,1.5000,0.0500,351,14,337,0
386,1667855064,vermelho,verde,modelo_proposto,vermelho,0,-3,27,30,120,0.2500,0.2500,247,62,119,66
386,1667855064,vermelho,vermelho,reativa,vermelho,1,3,27,90,60,1.5000,0.0000,495,6,489,0
386,1667855064,vermelho,azul,reativa,vermelho,0,-3,27,180,120,1.5000,0.0000,498,12,486,0
387,2017351961,azul,verde,modelo_proposto,azul,0,-3,13,90,120,0.7500,0.2500,370,120,158,92
387,2017351961,azul,vermelho,reativa,azul,0,-3,13,90,120,0.7500,0.0000,156,7,149,0
387,2017351961,azul,azul,reativa,azul,1,3,13,90,30,3.0000,0.0000,252,10,242,0
388,1950536216,verde,verde,modelo_proposto,empate,0,-1,100,0,0,0.0000,0.0100,1892,48,1844,0
388,1950536216,verde,vermelho,reativa,empate,0,-1,100,0,0,0.0000,0.0200,2375,0,2375,0
388,1950536216,verde,azul,reativa,empate,0,-1,100,0,0,0.0000,0.0000,1952,47,1905,0
389,60663468,vermelho,verde,modelo_proposto,vermelho,0,-3,26,150,120,1.2500,0.1200,596,161,289,146
389,60663468,vermelho,vermelho,reativa,vermelho,1,3,26,30,30,1.0000,0.0000,549,3,546,0
389,60663468,vermelho,azul,reativa,vermelho,0,-3,26,90,120,0.7500,0.0000,214,4,210,0
390,1266052967,azul,verde,modelo_proposto,azul,0,-3,15,90,120,0.7500,0.1250,260,83,104,73
390,1266052967,azul,vermelho,reativa,azul,0,-3,15,120,120,1.0000,0.0000,239,6,233,0
390,1266052967,azul,azul,reativa,azul,1,3,15,30,0,30.0000,0.0000,288,2,286,0
391,553143731,verde,verde,modelo_proposto,vermelho,0,-3,26,120,100,1.2000,0.1923,980,278,451,251
391,553143731,verde,vermelho,reativa,vermelho,1,3,26,30,0,30.0000,0.0000,583,2,581,0
391,553143731,verde,azul,reativa,vermelho,0,-3,26,70,120,0.5833,0.0000,455,9,446,0
392,1136855950,vermelho,verde,modelo_proposto,azul,0,-3,46,90,120,0.7500,0.0000,1174,351,500,323
392,1136855950,vermelho,vermelho,reativa,azul,0,-3,46,120,120,1.0000,0.0217,1060,8,1052,0
392,1136855950,vermelho,azul,reativa,azul,1,3,46,30,0,30.0000,0.0217,1072,2,1070,0
393,376447012,azul,verde,modelo_proposto,vermelho,0,-3,24,60,120,0.5000,0.5000,262,79,108,75
393,376447012,azul,vermelho,reativa,vermelho,1,3,24,60,30,2.0000,0.0000,521,4,517,0
393,376447012,azul,azul,reativa,vermelho,0,-3,24,150,120,1.2500,0.1304,456,9,447,0
394,1614578985,verde,verde,modelo_proposto,vermelho,0,-3,20,90,120,0.7500,0.0000,750,255,321,174
394,1614578985,verde,vermelho,reativa,vermelho,1,3,20,30,30,1.0000,0.0500,475,3,472,0
394,1614578985,verde,azul,reativa,vermelho,0,-3,20,150,120,1.2500,0.0000,345,10,335,0
395,865668011,vermelho,verde,modelo_proposto,empate,0,-1,100,0,0,0.0000,0.0101,2150,50,2100,0
395,865668011,vermelho,vermelho,reativa,empate,0,-1,100,0,0,0.0000,0.0000,2054,50,2004,0
395,865668011,vermelho,azul,reativa,empate,0,-1,100,0,0,0.0000,0.0100,2595,0,2595,0
396,923755655,azul,verde,modelo_proposto,vermelho,0,-3,25,120,120,1.0000,0.1250,676,162,370,144
396,923755655,azul,vermelho,reativa,vermelho,1,3,25,30,0,30.0000,0.1667,560,4,556,0
396,923755655,azul,azul,reativa,vermelho,0,-3,25,90,120,0.7500,0.0909,209,5,204,0
397,258776197,verde,verde,modelo_proposto,empate,0,-1,100,0,0,0.0000,0.0000,2088,47,2041,0
397,258776197,verde,vermelho,reativa,empate,0,-1,100,0,0,0.0000,0.0000,2579,0,2579,0
397,258776197,verde,azul,reativa,empate,0,-1,100,0,0,0.0000,0.0000,1775,49,1726,0
398,1620914435,vermelho,verde,modelo_proposto,azul,0,-3,29,60,120,0.5000,0.0000,1149,341,522,286
398,1620914435,vermelho,vermelho,reativa,azul,0,-3,29,120,120,1.0000,0.0000,592,12,580,0
398,1620914435,vermelho,azul,reativa,azul,1,3,29,90,30,3.0000,0.0000,558,12,546,0
399,1741497087,azul,verde,modelo_proposto,vermelho,0,-3,23,90,120,0.7500,0.2778,738,219,320,199
399,1741497087,azul,vermelho,reativa,vermelho,1,3,23,30,0,30.0000,0.0000,487,2,485,0
399,1741497087,azul,azul,reativa,vermelho,0,-3,23,120,120,1.0000,0.4091,407,9,398,0
400,558524762,verde,verde,modelo_proposto,azul,0,-3,24,120,120,1.0000,0.1250,610,141,344,125
400,558524762,verde,vermelho,reativa,azul,0,-3,24,90,120,0.7500,0.0667,311,5,306,0
400,558524762,verde,azul,reativa,azul,1,3,24,30,0,30.0000,0.2500,538,3,535,0
401,1039082064,vermelho,verde,modelo_proposto,vermelho,0,-3,41,150,120,1.2500,0.0500,706,179,371,156
401,1039082064,vermelho,vermelho,reativa,vermelho,1,3,41,30,30,1.0000,0.0244,763,2,761,0
401,1039082064,vermelho,azul,reativa,vermelho,0,-3,41,90,120,0.7500,0.1176,322,6,316,0
402,902252012,azul,verde,modelo_proposto,vermelho,0,-3,35,90,120,0.7500,0.0000,410,104,207,99
402,902252012,azul,vermelho,reativa,vermelho,1,3,35,30,0,30.0000,0.0000,715,2,713,0
402,902252012,azul,azul,reativa,vermelho,0,-3,35,120,120,1.0000,0.0000,747,7,740,0
403,1638510092,verde,verde,modelo_proposto,vermelho,0,-3,32,110,120,0.9167,0.1250,379,84,222,73
403,1638510092,verde,vermelho,reativa,vermelho,1,3,32,30,0,30.0000,0.0000,427,2,425,0
403,1638510092,verde,azul,reativa,vermelho,0,-3,32,90,110,0.8182,0.3077,204,5,199,0
404,697931922,vermelho,verde,modelo_proposto,verde,1,3,9,30,0,30.0000,0.0000,48,2,46,0
404,697931922,vermelho,vermelho,reativa,verde,0,-3,9,120,120,1.0000,0.1250,108,8,100,0
404,697931922,vermelho,azul,reativa,verde,0,-3,9,90,120,0.7500,0.0000,101,6,95,0
405,148352726,azul,verde,modelo_proposto,vermelho,0,-3,25,60,120,0.5000,0.0000,301,76,157,68
405,148352726,azul,vermelho,reativa,vermelho,1,3,25,60,30,2.0000,0.3333,532,4,528,0
405,148352726,azul,azul,reativa,vermelho,0,-3,25,150,120,1.2500,0.0833,462,8,454,0
406,1423957648,verde,verde,modelo_proposto,vermelho,0,-3,24,150,120,1.2500,0.0000,580,141,315,124
406,1423957648,verde,vermelho,reativa,vermelho,1,3,24,30,30,1.0000,0.0833,531,4,527,0
406,1423957648,verde,azul,reativa,vermelho,0,-3,24,90,120,0.7500,0.0000,154,4,150,0
407,1350537079,vermelho,verde,modelo_proposto,azul,0,-3,46,150,120,1.2500,0.0222,631,158,329,144
407,1350537079,vermelho,vermelho,reativa,azul,0,-3,46,90,120,0.7500,0.0000,105,4,101,0
407,1350537079,vermelho,azul,reativa,azul,1,3,46,30,30,1.0000,0.0217,818,2,816,0
408,614268430,azul,verde,modelo_proposto,vermelho,0,-3,23,30,120,0.2500,0.0625,565,131,317,117
408,614268430,azul,vermelho,reativa,vermelho,1,3,23,90,90,1.0000,0.0455,466,10,456,0
408,614268430,azul,azul,reativa,vermelho,0,-3,23,210,120,1.7500,0.0000,387,16,371,0
409,1044670401,verde,verde,modelo_proposto,vermelho,0,-3,47,90,120,0.7500,0.1538,354,84,195,75
409,1044670401,verde,vermelho,reativa,vermelho,1,3,47,30,0,30.0000,0.0000,898,2,896,0
409,1044670401,verde,azul,reativa,vermelho,0,-3,47,120,120,1.0000,0.0652,989,6,983,0
410,73927817,vermelho,verde,modelo_proposto,vermelho,0,-3,20,150,120,1.2500,0.0526,406,101,223,82
410,73927817,vermelho,vermelho,reativa,vermelho,1,3,20,30,30,1.0000,0.0000,398,8,390,0
410,73927817,vermelho,azul,reativa,vermelho,0,-3,20,90,120,0.7500,0.0000,280,9,271,0
411,1599316740,azul,verde,modelo_proposto,azul,0,-3,23,60,120,0.5000,0.0625,280,68,152,60
411,1599316740,azul,vermelho,reativa,azul,0,-3,23,150,120,1.2500,0.0909,410,7,403,0
411,1599316740,azul,azul,reativa,azul,1,3,23,60,30,2.0000,0.0435,465,4,461,0
412,728730537,verde,verde,modelo_proposto,azul,0,-3,14,130,100,1.3000,0.7857,883,321,287,275
412,728730537,verde,vermelho,reativa,azul,0,-3,14,80,120,0.6667,0.8889,87,10,77,0
412,728730537,verde,azul,reativa,azul,1,3,14,50,40,1.2500,0.3571,267,9,258,0
413,769613667,vermelho,verde,modelo_proposto,verde,1,3,12,30,0,30.0000,0.0909,108,4,104,0
413,769613667,vermelho,vermelho,reativa,verde,0,-3,12,120,120,1.0000,0.0000,192,13,179,0
413,769613667,vermelho,azul,reativa,verde,0,-3,12,90,120,0.7500,0.0000,184,6,178,0
414,701710304,azul,verde,modelo_proposto,vermelho,0,-3,17,140,110,1.2727,0.1250,516,136,263,117
414,701710304,azul,vermelho,reativa,vermelho,1,3,17,30,30,1.0000,0.0000,351,2,349,0
414,701710304,azul,azul,reativa,vermelho,0,-3,17,80,110,0.7273,0.4444,161,7,154,0
415,2146003900,verde,verde,modelo_proposto,azul,0,-3,12,90,120,0.7500,0.1250,207,54,112,41
415,2146003900,verde,vermelho,reativa,azul,0,-3,12,150,120,1.2500,0.0000,153,11,142,0
415,2146003900,verde,azul,reativa,azul,1,3,12,30,30,1.0000,0.0000,274,5,269,0
416,1585576561,vermelho,verde,modelo_proposto,vermelho,0,-3,13,90,120,0.7500,0.0000,328,109,144,75
416,1585576561,vermelho,vermelho,reativa,vermelho,1,3,13,30,30,1.0000,0.0769,305,5,300,0
416,1585576561,vermelho,azul,reativa,vermelho,0,-3,13,150,120,1.2500,0.0000,185,9,176,0
417,1048996951,azul,verde,modelo_proposto,vermelho,0,-3,18,120,120,1.0000,0.1176,379,113,167,99
417,1048996951,azul,vermelho,reativa,vermelho,1,3,18,30,0,30.0000,0.1176,403,2,401,0
417,1048996951,azul,azul,reativa,vermelho,0,-3,18,90,120,0.7500,0.1000,174,5,169,0
418,614909108,verde,verde,modelo_proposto,azul,0,-3,25,150,120,1.2500,0.1200,525,134,266,125
418,614909108,verde,vermelho,reativa,azul,0,-3,25,90,120,0.7500,0.0000,175,4,171,0
418,614909108,verde,azul,reativa,azul,1,3,25,30,30,1.0000,0.0800,599,2,597,0
419,1906067081,vermelho,verde,modelo_proposto,azul,0,-3,15,90,120,0.7500,0.2857,278,79,128,71
419,1906067081,vermelho,vermelho,reativa,azul,0,-3,15,120,120,1.0000,0.2000,268,8,260,0
419,1906067081,vermelho,azul,reativa,azul,1,3,15,30,0,30.0000,0.0667,351,2,349,0
420,974694883,azul,verde,modelo_proposto,vermelho,0,-3,13,30,120,0.2500,0.0000,307,59,181,67
420,974694883,azul,vermelho,reativa,vermelho,1,3,13,120,0,120.0000,0.0833,205,10,195,0
420,974694883,azul,azul,reativa,vermelho,0,-3,13,90,120,0.7500,0.0000,219,11,208,0
421,277475170,verde,verde,modelo_proposto,vermelho,0,-3,23,90,120,0.7500,0.0000,419,105,214,100
421,277475170,verde,vermelho,reativa,vermelho,1,3,23,30,0,30.0000,0.0000,559,2,557,0
421,277475170,verde,azul,reativa,vermelho,0,-3,23,120,120,1.0000,0.0000,453,7,446,0
422,148424731,vermelho,verde,modelo_proposto,verde,1,3,13,30,30,1.0000,0.0000,117,28,64,25
422,148424731,vermelho,vermelho,reativa,verde,0,-3,13,150,120,1.2500,0.0833,187,11,176,0
422,148424731,vermelho,azul,reativa,verde,0,-3,13,90,120,0.7500,0.0000,83,7,76,0
423,604743709,azul,verde,modelo_proposto,verde,1,3,13,50,60,0.8333,0.5000,493,134,235,124
423,604743709,azul,vermelho,reativa,verde,0,-3,13,120,110,1.0909,0.6250,110,9,101,0
423,604743709,azul,azul,reativa,verde,0,-3,13,120,120,1.0000,0.0000,212,9,203,0
424,838363468,verde,verde,modelo_proposto,verde,1,3,17,30,30,1.0000,0.0000,134,28,81,25
424,838363468,verde,vermelho,reativa,verde,0,-3,17,150,120,1.2500,0.1250,289,13,276,0
424,838363468,verde,azul,reativa,verde,0,-3,17,90,120,0.7500,0.1818,202,8,194,0
425,1461119760,vermelho,verde,modelo_proposto,vermelho,0,-3,19,90,120,0.7500,0.0000,360,84,201,75
425,1461119760,vermelho,vermelho,reativa,vermelho,1,3,19,30,30,1.0000,0.1053,428,2,426,0
425,1461119760,vermelho,azul,reativa,vermelho,0,-3,19,150,120,1.2500,0.0000,306,8,298,0
426,2054000186,azul,verde,modelo_proposto,vermelho,0,-3,23,90,120,0.7500,0.0000,239,81,85,73
426,2054000186,azul,vermelho,reativa,vermelho,1,3,23,30,0,30.0000,0.1364,503,2,501,0
426,2054000186,azul,azul,reativa,vermelho,0,-3,23,120,120,1.0000,0.0909,456,7,449,0
427,1470480063,verde,verde,modelo_proposto,vermelho,0,-3,12,90,120,0.7500,0.0909,355,110,176,69
427,1470480063,verde,vermelho,reativa,vermelho,1,3,12,30,0,30.0000,0.0000,253,5,248,0
427,1470480063,verde,azul,reativa,vermelho,0,-3,12,120,120,1.0000,0.0000,180,12,168,0
428,766136782,vermelho,verde,modelo_proposto,vermelho,0,-3,28,150,120,1.2500,0.0000,794,184,435,175
428,766136782,vermelho,vermelho,reativa,vermelho,1,3,28,30,30,1.0000,0.0000,688,1,687,0
428,766136782,vermelho,azul,reativa,vermelho,0,-3,28,90,120,0.7500,0.0526,360,4,356,0
429,372718935,azul,verde,modelo_proposto,azul,0,-3,14,120,120,1.0000,0.0000,412,114,198,100
429,372718935,azul,vermelho,reativa,azul,0,-3,14,90,120,0.7500,0.1667,223,4,219,0
429,372718935,azul,azul,reativa,azul,1,3,14,30,0,30.0000,0.0714,289,2,287,0
430,2045200466,verde,verde,modelo_proposto,verde,1,3,12,30,60,0.5000,0.0000,182,46,92,44
430,2045200466,verde,vermelho,reativa,verde,0,-3,12,180,120,1.5000,0.0000,139,14,125,0
430,2045200466,verde,azul,reativa,verde,0,-3,12,90,120,0.7500,0.0000,58,7,51,0
431,1900958049,vermelho,verde,modelo_proposto,verde,1,3,13,30,30,1.0000,0.0000,120,28,67,25
431,1900958049,vermelho,vermelho,reativa,verde,0,-3,13,150,120,1.2500,0.0833,169,11,158,0
431,1900958049,vermelho,azul,reativa,verde,0,-3,13,90,120,0.7500,0.0000,98,7,91,0
432,1317230616,azul,verde,modelo_proposto,azul,0,-3,22,60,120,0.5000,0.0000,335,70,199,66
432,1317230616,azul,vermelho,reativa,azul,0,-3,22,150,120,1.2500,0.0000,401,11,390,0
432,1317230616,azul,azul,reativa,azul,1,3,22,60,30,2.0000,0.0000,484,4,480,0
433,1343244560,verde,verde,modelo_proposto,empate,0,-1,100,60,120,0.5000,0.1250,265,79,111,75
433,1343244560,verde,vermelho,reativa,empate,0,-1,100,0,0,0.0000,0.9900,1468,0,1468,0
433,1343244560,verde,azul,reativa,empate,0,-1,100,120,60,2.0000,0.0200,1571,7,1564,0
434,784401889,vermelho,verde,modelo_proposto,vermelho,0,-3,18,100,110,0.9091,0.4118,704,182,347,175
434,784401889,vermelho,vermelho,reativa,vermelho,1,3,18,30,0,30.0000,0.0000,434,2,432,0
434,784401889,vermelho,azul,reativa,vermelho,0,-3,18,80,100,0.8000,0.3636,203,4,199,0
435,1579403662,azul,verde,modelo_proposto,azul,0,-3,28,150,120,1.2500,0.0000,1142,365,500,277
435,1579403662,azul,vermelho,reativa,azul,0,-3,28,90,120,0.7500,0.0400,481,7,474,0
435,1579403662,azul,azul,reativa,azul,1,3,28,90,90,1.0000,0.0000,560,9,551,0
436,1577216255,verde,verde,modelo_proposto,azul,0,-3,26,120,120,1.0000,0.0000,492,114,278,100
436,1577216255,verde,vermelho,reativa,azul,0,-3,26,90,120,0.7500,0.0000,185,4,181,0
436,1577216255,verde,azul,reativa,azul,1,3,26,30,0,30.0000,0.0769,566,3,563,0
437,1215591661,vermelho,verde,modelo_proposto,empate,0,-1,100,0,30,0.0000,0.0000,4045,1102,1935,1008
437,1215591661,vermelho,vermelho,reativa,empate,0,-1,100,30,0,30.0000,0.0000,2340,5,2335,0
437,1215591661,vermelho,azul,reativa,empate,0,-1,100,0,0,0.0000,0.0000,2494,0,2494,0
438,2129381150,azul,verde,modelo_proposto,verde,1,3,29,30,30,1.0000,0.0714,224,27,172,25
438,2129381150,azul,vermelho,reativa,verde,0,-3,29,90,120,0.7500,0.0000,58,8,50,0
438,2129381150,azul,azul,reativa,verde,0,-3,29,150,120,1.2500,0.0357,495,12,483,0
439,200211642,verde,verde,modelo_proposto,vermelho,0,-3,38,90,120,0.7500,0.0769,416,104,213,99
439,200211642,verde,vermelho,reativa,vermelho,1,3,38,30,0,30.0000,0.0263,753,3,750,0
439,200211642,verde,azul,reativa,vermelho,0,-3,38,120,120,1.0000,0.0000,819,9,810,0
440,739759482,vermelho,verde,modelo_proposto,azul,0,-3,19,120,120,1.0000,0.0556,511,139,247,125
440,739759482,vermelho,vermelho,reativa,azul,0,-3,19,90,120,0.7500,0.1333,311,4,307,0
440,739759482,vermelho,azul,reativa,azul,1,3,19,30,0,30.0000,0.0000,451,3,448,0
441,571873306,azul,verde,modelo_proposto,verde,1,3,19,30,60,0.5000,0.0556,431,75,281,75
441,571873306,azul,vermelho,reativa,verde,0,-3,19,120,120,1.0000,0.0909,181,11,170,0
441,571873306,azul,azul,reativa,verde,0,-3,19,150,120,1.2500,0.1111,327,14,313,0
442,1141555388,verde,verde,modelo_proposto,vermelho,0,-3,31,140,110,1.2727,0.1935,574,141,308,125
442,1141555388,verde,vermelho,reativa,vermelho,1,3,31,30,30,1.0000,0.0323,618,3,615,0
442,1141555388,verde,azul,reativa,vermelho,0,-3,31,80,110,0.7273,0.3636,198,5,193,0
443,1737235775,vermelho,verde,modelo_proposto,azul,0,-3,17,120,120,1.0000,0.1250,341,85,182,74
443,1737235775,vermelho,vermelho,reativa,azul,0,-3,17,90,120,0.7500,0.0000,133,5,128,0
443,1737235775,vermelho,azul,reativa,azul,1,3,17,30,0,30.0000,0.0000,395,2,393,0
444,1019163322,azul,verde,modelo_proposto,verde,1,3,15,30,0,30.0000,0.1429,132,26,84,22
444,1019163322,azul,vermelho,reativa,verde,0,-3,15,120,120,1.0000,0.0000,222,9,213,0
444,1019163322,azul,azul,reativa,verde,0,-3,15,90,120,0.7500,0.0000,55,7,48,0
445,1477330786,verde,verde,modelo_proposto,azul,0,-3,18,90,120,0.7500,0.0909,349,74,211,64
445,1477330786,verde,vermelho,reativa,azul,0,-3,18,120,120,1.0000,0.1111,329,7,322,0
445,1477330786,verde,azul,reativa,azul,1,3,18,30,0,30.0000,0.0556,439,2,437,0
446,744905077,vermelho,verde,modelo_proposto,vermelho,0,-3,21,120,120,1.0000,0.1000,529,111,321,97
446,744905077,vermelho,vermelho,reativa,vermelho,1,3,21,30,0,30.0000,0.0476,375,2,373,0
446,744905077,vermelho,azul,reativa,vermelho,0,-3,21,90,120,0.7500,0.0769,251,5,246,0
447,1994270146,azul,verde,modelo_proposto,verde,1,3,17,30,0,30.0000,0.1875,197,30,142,25
447,1994270146,azul,vermelho,reativa,verde,0,-3,17,90,120,0.7500,0.0000,122,7,115,0
447,1994270146,azul,azul,reativa,verde,0,-3,17,120,120,1.0000,0.0000,292,10,282,0
448,164773497,verde,verde,modelo_proposto,verde,1,3,14,30,60,0.5000,0.0000,208,49,111,48
448,164773497,verde,vermelho,reativa,verde,0,-3,14,80,120,0.6667,0.0000,60,9,51,0
448,164773497,verde,azul,reativa,verde,0,-3,14,180,110,1.6364,0.5385,190,13,177,0
449,1649528846,vermelho,verde,modelo_proposto,vermelho,0,-3,19,90,120,0.7500,0.0000,399,96,207,96
449,1649528846,vermelho,vermelho,reativa,vermelho,1,3,19,30,0,30.0000,0.1053,442,2,440,0
449,1649528846,vermelho,azul,reativa,vermelho,0,-3,19,120,120,1.0000,0.0000,350,7,343,0
450,8261800,azul,verde,modelo_proposto,vermelho,0,-3,21,30,120,0.2500,0.1500,498,133,269,96
450,8261800,azul,vermelho,reativa,vermelho,1,3,21,180,90,2.0000,0.2000,335,17,318,0
450,8261800,azul,azul,reativa,vermelho,0,-3,21,120,120,1.0000,0.0000,287,13,274,0
451,1520873105,verde,verde,modelo_proposto,vermelho,0,-3,28,90,120,0.7500,0.0000,218,68,89,61
451,1520873105,verde,vermelho,reativa,vermelho,1,3,28,30,30,1.0000,0.0000,679,2,677,0
451,1520873105,verde,azul,reativa,vermelho,0,-3,28,150,120,1.2500,0.0370,541,9,532,0
452,189695113,vermelho,verde,modelo_proposto,vermelho,0,-3,32,150,120,1.2500,0.0645,525,114,304,107
452,189695113,vermelho,vermelho,reativa,vermelho,1,3,32,30,30,1.0000,0.0313,696,2,694,0
452,189695113,vermelho,azul,reativa,vermelho,0,-3,32,90,120,0.7500,0.0000,57,5,52,0
453,2050012462,azul,verde,modelo_proposto,vermelho,0,-3,28,150,120,1.2500,0.0000,576,141,310,125
453,2050012462,azul,vermelho,reativa,vermelho,1,3,28,30,30,1.0000,0.0370,553,2,551,0
453,2050012462,azul,azul,reativa,vermelho,0,-3,28,90,120,0.7500,0.0000,80,4,76,0
454,105099442,verde,verde,modelo_proposto,azul,0,-3,11,120,120,1.0000,0.0000,404,112,195,97
454,105099442,verde,vermelho,reativa,azul,0,-3,11,90,120,0.7500,0.0000,125,4,121,0
454,105099442,verde,azul,reativa,azul,1,3,11,30,0,30.0000,0.0000,251,4,247,0
455,898790568,vermelho,verde,modelo_proposto,verde,1,3,14,30,30,1.0000,0.0769,126,28,73,25
455,898790568,vermelho,vermelho,reativa,verde,0,-3,14,90,120,0.7500,0.0000,160,6,154,0
455,898790568,vermelho,azul,reativa,verde,0,-3,14,150,120,1.2500,0.0000,215,11,204,0
456,2054871234,azul,verde,modelo_proposto,azul,0,-3,26,120,120,1.0000,0.0000,650,156,344,150
456,2054871234,azul,vermelho,reativa,azul,0,-3,26,90,120,0.7500,0.0000,108,5,103,0
456,2054871234,azul,azul,reativa,azul,1,3,26,30,0,30.0000,0.0000,605,3,602,0
457,567165131,verde,verde,modelo_proposto,verde,1,3,13,30,30,1.0000,0.1538,145,28,92,25
457,567165131,verde,vermelho,reativa,verde,0,-3,13,150,120,1.2500,0.0000,190,11,179,0
457,567165131,verde,azul,reativa,verde,0,-3,13,90,120,0.7500,0.0000,81,7,74,0
458,1506506545,vermelho,verde,modelo_proposto,verde,1,3,12,10,30,0.3333,0.2727,408,135,149,124
458,1506506545,vermelho,vermelho,reativa,verde,0,-3,12,90,120,0.7500,0.4545,209,11,198,0
458,1506506545,vermelho,azul,reativa,verde,0,-3,12,150,100,1.5000,0.6364,160,13,147,0
459,338695334,azul,verde,modelo_proposto,empate,0,-1,100,0,0,0.0000,0.0101,1744,49,1695,0
459,338695334,azul,vermelho,reativa,empate,0,-1,100,0,0,0.0000,0.0000,1997,49,1948,0
459,338695334,azul,azul,reativa,empate,0,-1,100,0,0,0.0000,0.0000,2187,0,2187,0
460,369462903,verde,verde,modelo_proposto,azul,0,-3,19,90,120,0.7500,0.0000,506,123,289,94
460,369462903,verde,vermelho,reativa,azul,0,-3,19,150,120,1.2500,0.0000,361,10,351,0
460,369462903,verde,azul,reativa,azul,1,3,19,30,30,1.0000,0.0000,444,5,439,0
461,1639586025,vermelho,verde,modelo_proposto,empate,0,-1,100,90,120,0.7500,0.0000,511,111,331,69
461,1639586025,vermelho,vermelho,reativa,empate,0,-1,100,0,0,0.0000,0.0000,2049,45,2004,0
461,1639586025,vermelho,azul,reativa,empate,0,-1,100,120,90,1.3333,0.0100,1961,54,1907,0
462,1094686237,azul,verde,modelo_proposto,vermelho,0,-3,25,60,120,0.5000,0.1250,336,77,190,69
462,1094686237,azul,vermelho,reativa,vermelho,1,3,25,60,30,2.0000,0.0000,510,4,506,0
462,1094686237,azul,azul,reativa,vermelho,0,-3,25,150,120,1.2500,0.1250,429,10,419,0
463,616728145,verde,verde,modelo_proposto,empate,0,-1,100,0,0,0.0000,0.0000,2088,47,2041,0
463,616728145,verde,vermelho,reativa,empate,0,-1,100,0,0,0.0000,0.0100,2581,0,2581,0
463,616728145,verde,azul,reativa,empate,0,-1,100,0,0,0.0000,0.0000,1720,0,1720,0
464,1665972581,vermelho,verde,modelo_proposto,vermelho,0,-3,19,120,120,1.0000,0.0000,446,105,250,91
464,1665972581,vermelho,vermelho,reativa,vermelho,1,3,19,30,0,30.0000,0.0000,424,3,421,0
464,1665972581,vermelho,azul,reativa,vermelho,0,-3,19,90,120,0.7500,0.0000,212,5,207,0
465,1342328242,azul,verde,modelo_proposto,vermelho,0,-3,19,90,120,0.7500,0.0000,271,85,111,75
465,1342328242,azul,vermelho,reativa,vermelho,1,3,19,30,30,1.0000,0.1667,424,2,422,0
465,1342328242,azul,azul,reativa,vermelho,0,-3,19,150,120,1.2500,0.0000,326,9,317,0
466,1649972298,verde,verde,modelo_proposto,azul,0,-3,13,90,120,0.7500,0.0000,381,106,200,75
466,1649972298,verde,vermelho,reativa,azul,0,-3,13,60,120,0.5000,0.0000,192,6,186,0
466,1649972298,verde,azul,reativa,azul,1,3,13,180,90,2.0000,0.0000,168,15,153,0
467,2086780469,vermelho,verde,modelo_proposto,vermelho,0,-3,12,60,120,0.5000,0.0000,252,77,102,73
467,2086780469,vermelho,vermelho,reativa,vermelho,1,3,12,60,60,1.0000,0.0833,226,7,219,0
467,2086780469,vermelho,azul,reativa,vermelho,0,-3,12,180,120,1.5000,0.0000,140,13,127,0
468,1112072917,azul,verde,modelo_proposto,azul,0,-3,29,90,120,0.7500,0.3571,295,83,138,74
468,1112072917,azul,vermelho,reativa,azul,0,-3,29,150,120,1.2500,0.0714,553,10,543,0
468,1112072917,azul,azul,reativa,azul,1,3,29,30,30,1.0000,0.0000,516,3,513,0
469,223052448,verde,verde,modelo_proposto,verde,1,3,13,30,30,1.0000,0.0000,190,29,136,25
469,223052448,verde,vermelho,reativa,verde,0,-3,13,150,120,1.2500,0.0000,166,11,155,0
469,223052448,verde,azul,reativa,verde,0,-3,13,90,120,0.7500,0.0000,76,7,69,0
470,1629194997,vermelho,verde,modelo_proposto,azul,0,-3,17,90,120,0.7500,0.0000,247,77,101,69
470,1629194997,vermelho,vermelho,reativa,azul,0,-3,17,150,120,1.2500,0.0588,298,9,289,0
470,1629194997,vermelho,azul,reativa,azul,1,3,17,30,30,1.0000,0.1176,341,2,339,0
471,2020547047,azul,verde,modelo_proposto,azul,0,-3,37,90,120,0.7500,0.0588,310,84,151,75
471,2020547047,azul,vermelho,reativa,azul,0,-3,37,120,120,1.0000,0.0278,797,5,792,0
471,2020547047,azul,azul,reativa,azul,1,3,37,30,0,30.0000,0.0000,928,2,926,0
472,1561709938,verde,verde,modelo_proposto,vermelho,0,-3,16,90,120,0.7500,0.1111,226,73,89,64
472,1561709938,verde,vermelho,reativa,vermelho,1,3,16,30,30,1.0000,0.0000,327,2,325,0
472,1561709938,verde,azul,reativa,vermelho,0,-3,16,150,120,1.2500,0.0000,249,11,238,0
473,34472910,vermelho,verde,modelo_proposto,verde,1,3,24,30,0,30.0000,0.0000,191,28,139,24
473,34472910,vermelho,vermelho,reativa,verde,0,-3,24,90,120,0.7500,0.0000,216,6,210,0
473,34472910,vermelho,azul,reativa,verde,0,-3,24,120,120,1.0000,0.0435,484,9,475,0
474,1889495832,azul,verde,modelo_proposto,azul,0,-3,17,70,100,0.7000,0.5000,528,149,223,156
474,1889495832,azul,vermelho,reativa,azul,0,-3,17,100,100,1.0000,0.5625,278,6,272,0
474,1889495832,azul,azul,reativa,azul,1,3,17,30,0,30.0000,0.0000,404,2,402,0
475,2075334735,verde,verde,modelo_proposto,azul,0,-3,13,150,120,1.2500,0.0000,545,194,226,125
475,2075334735,verde,vermelho,reativa,azul,0,-3,13,90,120,0.7500,0.0909,193,8,185,0
475,2075334735,verde,azul,reativa,azul,1,3,13,90,90,1.0000,0.1538,251,6,245,0
476,518344282,vermelho,verde,modelo_proposto,azul,0,-3,10,60,120,0.5000,0.0000,237,72,101,64
476,518344282,vermelho,vermelho,reativa,azul,0,-3,10,150,120,1.2500,0.0000,137,10,127,0
476,518344282,vermelho,azul,reativa,azul,1,3,10,60,30,2.0000,0.0000,210,6,204,0
477,664865225,azul,verde,modelo_proposto,verde,1,3,17,30,30,1.0000,0.1250,149,27,97,25
477,664865225,azul,vermelho,reativa,verde,0,-3,17,150,120,1.2500,0.0000,259,11,248,0
477,664865225,azul,azul,reativa,verde,0,-3,17,90,120,0.7500,0.1000,181,7,174,0
478,1713655207,verde,verde,modelo_proposto,azul,0,-3,28,90,120,0.7500,0.0909,346,83,188,75
478,1713655207,verde,vermelho,reativa,azul,0,-3,28,150,120,1.2500,0.1071,582,8,574,0
478,1713655207,verde,azul,reativa,azul,1,3,28,30,30,1.0000,0.0714,659,2,657,0
479,927898304,vermelho,verde,modelo_proposto,vermelho,0,-3,9,150,120,1.2500,0.1250,372,114,158,100
479,927898304,vermelho,vermelho,reativa,vermelho,1,3,9,30,30,1.0000,0.0000,208,2,206,0
479,927898304,vermelho,azul,reativa,vermelho,0,-3,9,90,120,0.7500,0.0000,56,5,51,0
480,512606905,azul,verde,modelo_proposto,azul,0,-3,17,90,120,0.7500,0.0714,313,129,116,68
480,512606905,azul,vermelho,reativa,azul,0,-3,17,150,120,1.2500,0.0625,287,9,278,0
480,512606905,azul,azul,reativa,azul,1,3,17,30,30,1.0000,0.0588,400,3,397,0
481,741330521,verde,verde,modelo_proposto,azul,0,-3,34,90,120,0.7500,0.0000,267,83,111,73
481,741330521,verde,vermelho,reativa,azul,0,-3,34,120,120,1.0000,0.0000,657,6,651,0
481,741330521,verde,azul,reativa,azul,1,3,34,30,0,30.0000,0.0882,693,2,691,0
482,1245569230,vermelho,verde,modelo_proposto,vermelho,0,-3,18,120,120,1.0000,0.0000,443,115,228,100
482,1245569230,vermelho,vermelho,reativa,vermelho,1,3,18,30,0,30.0000,0.1111,374,2,372,0
482,1245569230,vermelho,azul,reativa,vermelho,0,-3,18,90,120,0.7500,0.0000,119,6,113,0
483,1772636271,azul,verde,modelo_proposto,azul,0,-3,21,150,120,1.2500,0.0500,733,187,371,175
483,1772636271,azul,vermelho,reativa,azul,0,-3,21,90,120,0.7500,0.0000,208,5,203,0
483,1772636271,azul,azul,reativa,azul,1,3,21,30,30,1.0000,0.0476,488,1,487,0
484,439522726,verde,verde,modelo_proposto,vermelho,0,-3,22,90,120,0.7500,0.0000,417,100,217,100
484,439522726,verde,vermelho,reativa,vermelho,1,3,22,30,30,1.0000,0.1364,497,3,494,0
484,439522726,verde,azul,reativa,vermelho,0,-3,22,150,120,1.2500,0.0000,416,9,407,0
485,1210558033,vermelho,verde,modelo_proposto,azul,0,-3,18,90,120,0.7500,0.0667,416,101,219,96
485,1210558033,vermelho,vermelho,reativa,azul,0,-3,18,120,110,1.0909,0.0556,352,7,345,0
485,1210558033,vermelho,azul,reativa,azul,1,3,18,20,0,20.0000,0.0000,349,2,347,0
486,1816776073,azul,verde,modelo_proposto,vermelho,0,-3,15,150,120,1.2500,0.0714,488,209,157,122
486,1816776073,azul,vermelho,reativa,vermelho,1,3,15,60,90,0.6667,0.1429,292,8,284,0
486,1816776073,azul,azul,reativa,vermelho,0,-3,15,120,120,1.0000,0.1538,228,10,218,0
487,808127244,verde,verde,modelo_proposto,azul,0,-3,11,60,120,0.5000,0.0000,250,71,106,73
487,808127244,verde,vermelho,reativa,azul,0,-3,11,150,120,1.2500,0.0000,162,10,152,0
487,808127244,verde,azul,reativa,azul,1,3,11,60,30,2.0000,0.0000,228,5,223,0
488,69747369,vermelho,verde,modelo_proposto,empate,0,-1,100,100,80,1.2500,0.7071,1823,126,1620,77
488,69747369,vermelho,vermelho,reativa,empate,0,-1,100,80,100,0.8000,0.9143,666,20,646,0
488,69747369,vermelho,azul,reativa,empate,0,-1,100,0,0,0.0000,0.0000,1991,46,1945,0
489,1668374150,azul,verde,modelo_proposto,vermelho,0,-3,13,120,100,1.2000,0.1667,400,111,193,96
489,1668374150,azul,vermelho,reativa,vermelho,1,3,13,30,0,30.0000,0.0000,266,3,263,0
489,1668374150,azul,azul,reativa,vermelho,0,-3,13,70,120,0.5833,0.1429,101,6,95,0
490,1304348503,verde,verde,modelo_proposto,vermelho,0,-3,22,90,120,0.7500,0.0000,222,75,81,66
490,1304348503,verde,vermelho,reativa,vermelho,1,3,22,30,0,30.0000,0.0000,536,2,534,0
490,1304348503,verde,azul,reativa,vermelho,0,-3,22,120,120,1.0000,0.0000,408,6,402,0
491,133541920,vermelho,verde,modelo_proposto,azul,0,-3,14,120,120,1.0000,0.1000,427,159,173,95
491,133541920,vermelho,vermelho,reativa,azul,0,-3,14,120,120,1.0000,0.0714,255,8,247,0
491,133541920,vermelho,azul,reativa,azul,1,3,14,60,60,1.0000,0.0000,296,11,285,0
492,1603595673,azul,verde,modelo_proposto,vermelho,0,-3,18,60,120,0.5000,0.1429,253,77,103,73
492,1603595673,azul,vermelho,reativa,vermelho,1,3,18,60,60,1.0000,0.0000,371,5,366,0
492,1603595673,azul,azul,reativa,vermelho,0,-3,18,180,120,1.5000,0.0000,287,13,274,0
493,1118675268,verde,verde,modelo_proposto,azul,0,-3,13,100,110,0.9091,0.3077,432,113,219,100
493,1118675268,verde,vermelho,reativa,azul,0,-3,13,80,100,0.8000,0.4444,159,6,153,0
493,1118675268,verde,azul,reativa,azul,1,3,13,30,0,30.0000,0.0769,300,2,298,0
494,1097557813,vermelho,verde,modelo_proposto,vermelho,0,-3,21,60,120,0.5000,0.0000,495,119,270,106
494,1097557813,vermelho,vermelho,reativa,vermelho,1,3,21,120,90,1.3333,0.0000,425,11,414,0
494,1097557813,vermelho,azul,reativa,vermelho,0,-3,21,150,120,1.2500,0.0000,333,12,321,0
495,1791619833,azul,verde,modelo_proposto,vermelho,0,-3,15,90,120,0.7500,0.1250,295,83,137,75
495,1791619833,azul,vermelho,reativa,vermelho,1,3,15,10,30,0.3333,0.0000,290,3,287,0
495,1791619833,azul,azul,reativa,vermelho,0,-3,15,150,100,1.5000,0.1429,226,10,216,0
496,1967010406,verde,verde,modelo_proposto,vermelho,0,-3,17,120,120,1.0000,0.0588,389,98,207,84
496,1967010406,verde,vermelho,reativa,vermelho,1,3,17,30,0,30.0000,0.0588,412,2,410,0
496,1967010406,verde,azul,reativa,vermelho,0,-3,17,90,120,0.7500,0.0000,219,4,215,0
497,717339568,vermelho,verde,modelo_proposto,empate,0,-1,100,0,0,0.0000,0.0000,4180,1155,1969,1056
497,717339568,vermelho,vermelho,reativa,empate,0,-1,100,0,0,0.0000,0.0000,2447,0,2447,0
497,717339568,vermelho,azul,reativa,empate,0,-1,100,0,0,0.0000,0.0000,2346,2,2344,0
498,671962700,azul,verde,modelo_proposto,verde,1,3,15,30,30,1.0000,0.3571,193,54,89,50
498,671962700,azul,vermelho,reativa,verde,0,-3,15,80,100,0.8000,0.6250,107,9,98,0
498,671962700,azul,azul,reativa,verde,0,-3,15,130,110,1.1818,0.5714,217,14,203,0
499,718487412,verde,verde,modelo_proposto,verde,1,3,11,150,60,2.5000,0.0909,552,241,189,122
499,718487412,verde,vermelho,reativa,verde,0,-3,11,60,120,0.5000,0.1000,192,9,183,0
499,718487412,verde,azul,reativa,verde,0,-3,11,90,120,0.7500,0.0000,152,8,144,0
500,244965602,vermelho,verde,modelo_proposto,azul,0,-3,25,120,120,1.0000,0.0417,414,86,253,75
500,244965602,vermelho,vermelho,reativa,azul,0,-3,25,90,120,0.7500,0.0000,57,5,52,0
500,244965602,vermelho,azul,reativa,azul,1,3,25,30,0,30.0000,0.0800,515,4,511,0
501,689613760,azul,verde,modelo_proposto,azul,0,-3,63,60,120,0.5000,0.0625,292,79,138,75
501,689613760,azul,vermelho,reativa,azul,0,-3,63,180,120,1.5000,0.0645,1356,11,1345,0
501,689613760,azul,azul,reativa,azul,1,3,63,60,60,1.0000,0.0159,1043,4,1039,0
502,201796813,verde,verde,modelo_proposto,verde,1,3,12,30,30,1.0000,0.0000,121,28,68,25
502,201796813,verde,vermelho,reativa,verde,0,-3,12,150,120,1.2500,0.0909,165,13,152,0
502,201796813,verde,azul,reativa,verde,0,-3,12,90,120,0.7500,0.1250,134,6,128,0
503,2095621178,vermelho,verde,modelo_proposto,verde,1,3,19,30,30,1.0000,0.0000,477,106,273,98
503,2095621178,vermelho,vermelho,reativa,verde,0,-3,19,120,120,1.0000,0.0000,369,14,355,0
503,2095621178,vermelho,azul,reativa,verde,0,-3,19,120,120,1.0000,0.0000,281,9,272,0
504,512691303,azul,verde,modelo_proposto,vermelho,0,-3,23,120,120,1.0000,0.0000,510,113,297,100
504,512691303,azul,vermelho,reativa,vermelho,1,3,23,30,0,30.0000,0.0000,461,2,459,0
504,512691303,azul,azul,reativa,vermelho,0,-3,23,90,120,0.7500,0.0714,281,4,277,0
505,520339085,verde,verde,modelo_proposto,verde,1,3,14,30,0,30.0000,0.1429,110,25,64,21
505,520339085,verde,vermelho,reativa,verde,0,-3,14,120,120,1.0000,0.0000,208,9,199,0
505,520339085,verde,azul,reativa,verde,0,-3,14,90,120,0.7500,0.0000,126,6,120,0
506,319236723,vermelho,verde,modelo_proposto,verde,1,3,22,30,30,1.0000,0.0000,196,25,148,23
506,319236723,vermelho,vermelho,reativa,verde,0,-3,22,150,120,1.2500,0.0476,310,13,297,0
506,319236723,vermelho,azul,reativa,verde,0,-3,22,90,120,0.7500,0.2222,160,6,154,0
507,1680688708,azul,verde,modelo_proposto,vermelho,0,-3,12,90,110,0.8182,0.2500,325,110,115,100
507,1680688708,azul,vermelho,reativa,vermelho,1,3,12,30,0,30.0000,0.3636,252,2,250,0
507,1680688708,azul,azul,reativa,vermelho,0,-3,12,110,120,0.9167,0.0000,183,6,177,0
508,887407502,verde,verde,modelo_proposto,azul,0,-3,20,90,120,0.7500,0.0000,326,85,166,75
508,887407502,verde,vermelho,reativa,azul,0,-3,20,150,120,1.2500,0.0500,370,9,361,0
508,887407502,verde,azul,reativa,azul,1,3,20,30,30,1.0000,0.0000,464,2,462,0
509,191222333,vermelho,verde,modelo_proposto,vermelho,0,-3,19,120,120,1.0000,0.2222,358,89,194,75
509,191222333,vermelho,vermelho,reativa,vermelho,1,3,19,30,0,30.0000,0.0000,433,4,429,0
509,191222333,vermelho,azul,reativa,vermelho,0,-3,19,90,120,0.7500,0.3333,74,5,69,0
510,608521437,azul,verde,modelo_proposto,vermelho,0,-3,18,80,110,0.7273,0.2308,418,100,218,100
510,608521437,azul,vermelho,reativa,vermelho,1,3,18,30,30,1.0000,0.0588,405,2,403,0
510,608521437,azul,azul,reativa,vermelho,0,-3,18,140,110,1.2727,0.4706,306,9,297,0
511,656961761,verde,verde,modelo_proposto,vermelho,0,-3,20,150,120,1.2500,0.0500,517,137,259,121
511,656961761,verde,vermelho,reativa,vermelho,1,3,20,30,30,1.0000,0.0500,458,2,456,0
511,656961761,verde,azul,reativa,vermelho,0,-3,20,90,120,0.7500,0.0769,255,4,251,0
512,310149982,vermelho,verde,modelo_proposto,empate,0,-1,100,0,0,0.0000,0.0000,2093,49,2044,0
512,310149982,vermelho,vermelho,reativa,empate,0,-1,100,0,0,0.0000,0.0000,2053,48,2005,0
512,310149982,vermelho,azul,reativa,empate,0,-1,100,0,0,0.0000,0.0100,2410,0,2410,0
513,1141277885,azul,verde,modelo_proposto,verde,1,3,25,30,30,1.0000,0.0000,175,28,122,25
513,1141277885,azul,vermelho,reativa,verde,0,-3,25,90,120,0.7500,0.0000,373,6,367,0
513,1141277885,azul,azul,reativa,verde,0,-3,25,150,120,1.2500,0.0417,471,11,460,0
514,1226790344,verde,verde,modelo_proposto,vermelho,0,-3,10,150,100,1.5000,0.1000,374,110,164,100
514,1226790344,verde,vermelho,reativa,vermelho,1,3,10,10,30,0.3333,0.0000,219,2,217,0
514,1226790344,verde,azul,reativa,vermelho,0,-3,10,90,120,0.7500,0.0000,82,5,77,0
515,1535129199,vermelho,verde,modelo_proposto,verde,1,3,18,60,0,60.0000,0.0000,395,80,266,49
515,1535129199,vermelho,vermelho,reativa,verde,0,-3,18,90,120,0.7500,0.0000,366,11,355,0
515,1535129199,vermelho,azul,reativa,verde,0,-3,18,90,120,0.7500,0.0833,229,8,221,0
516,1150841547,azul,verde,modelo_proposto,verde,1,3,16,30,60,0.5000,0.2667,226,45,134,47
516,1150841547,azul,vermelho,reativa,verde,0,-3,16,180,120,1.5000,0.5000,212,13,199,0
516,1150841547,azul,azul,reativa,verde,0,-3,16,90,120,0.7500,0.3000,185,6,179,0
517,1165334641,verde,verde,modelo_proposto,empate,0,-1,100,0,0,0.0000,0.0000,2065,49,2016,0
517,1165334641,verde,vermelho,reativa,empate,0,-1,100,0,0,0.0000,0.0000,2021,49,1972,0
517,1165334641,verde,azul,reativa,empate,0,-1,100,0,0,0.0000,0.0100,2130,0,2130,0
518,681806193,vermelho,verde,modelo_proposto,vermelho,0,-3,12,120,120,1.0000,0.2727,470,140,206,124
518,681806193,vermelho,vermelho,reativa,vermelho,1,3,12,30,0,30.0000,0.0000,253,3,250,0
518,681806193,vermelho,azul,reativa,vermelho,0,-3,12,90,120,0.7500,0.0000,80,4,76,0
519,1279852028,azul,verde,modelo_proposto,vermelho,0,-3,23,90,120,0.7500,0.0000,242,84,83,75
519,1279852028,azul,vermelho,reativa,vermelho,1,3,23,30,30,1.0000,0.1364,513,2,511,0
519,1279852028,azul,azul,reativa,vermelho,0,-3,23,150,120,1.2500,0.0000,434,8,426,0
520,927686692,verde,verde,modelo_proposto,verde,1,3,32,30,0,30.0000,0.1875,265,31,210,24
520,927686692,verde,vermelho,reativa,verde,0,-3,32,90,120,0.7500,0.0000,193,7,186,0
520,927686692,verde,azul,reativa,verde,0,-3,32,120,120,1.0000,0.0000,512,14,498,0
521,1035302288,vermelho,verde,modelo_proposto,azul,0,-3,15,60,120,0.5000,0.3750,262,72,115,75
521,1035302288,vermelho,vermelho,reativa,azul,0,-3,15,180,120,1.5000,0.0000,237,12,225,0
521,1035302288,vermelho,azul,reativa,azul,1,3,15,60,60,1.0000,0.1333,331,6,325,0
522,984794711,azul,verde,modelo_proposto,verde,1,3,26,30,30,1.0000,0.0400,194,28,141,25
522,984794711,azul,vermelho,reativa,verde,0,-3,26,90,120,0.7500,0.0000,165,7,158,0
522,984794711,azul,azul,reativa,verde,0,-3,26,150,120,1.2500,0.0400,485,10,475,0
523,327484689,verde,verde,modelo_proposto,empate,0,-1,100,0,0,0.0000,0.0000,1443,1,1442,0
523,327484689,verde,vermelho,reativa,empate,0,-1,100,0,0,0.0000,0.0000,2454,0,2454,0
523,327484689,verde,azul,reativa,empate,0,-1,100,0,0,0.0000,0.0000,2505,2,2503,0
524,386297152,vermelho,verde,modelo_proposto,vermelho,0,-3,12,120,120,1.0000,0.0000,390,110,184,96
524,386297152,vermelho,vermelho,reativa,vermelho,1,3,12,30,0,30.0000,0.0833,280,2,278,0
524,386297152,vermelho,azul,reativa,vermelho,0,-3,12,90,120,0.7500,0.0000,118,4,114,0
525,349317291,azul,verde,modelo_proposto,vermelho,0,-3,27,90,120,0.7500,0.0000,375,95,191,89
525,349317291,azul,vermelho,reativa,vermelho,1,3,27,30,30,1.0000,0.0000,541,2,539,0
525,349317291,azul,azul,reativa,vermelho,0,-3,27,150,120,1.2500,0.0000,480,9,471,0
526,2000841264,verde,verde,modelo_proposto,azul,0,-3,22,90,120,0.7500,0.1000,368,112,156,100
526,2000841264,verde,vermelho,reativa,azul,0,-3,22,120,120,1.0000,0.0455,457,7,450,0
526,2000841264,verde,azul,reativa,azul,1,3,22,30,0,30.0000,0.0000,523,2,521,0
527,1679114366,vermelho,verde,modelo_proposto,vermelho,0,-3,15,150,120,1.2500,0.0000,524,187,212,125
527,1679114366,vermelho,vermelho,reativa,vermelho,1,3,15,30,30,1.0000,0.1333,361,3,358,0
527,1679114366,vermelho,azul,reativa,vermelho,0,-3,15,90,120,0.7500,0.2308,261,5,256,0
528,54272465,azul,verde,modelo_proposto,vermelho,0,-3,26,90,120,0.7500,0.0000,287,83,129,75
528,54272465,azul,vermelho,reativa,vermelho,1,3,26,30,30,1.0000,0.1200,492,2,490,0
528,54272465,azul,azul,reativa,vermelho,0,-3,26,150,120,1.2500,0.0000,495,10,485,0
529,2003592322,verde,verde,modelo_proposto,azul,0,-3,23,120,120,1.0000,0.0000,554,131,298,125
529,2003592322,verde,vermelho,reativa,azul,0,-3,23,90,120,0.7500,0.0000,205,4,201,0
529,2003592322,verde,azul,reativa,azul,1,3,23,30,0,30.0000,0.0000,315,2,313,0
530,1331448970,vermelho,verde,modelo_proposto,azul,0,-3,10,120,120,1.0000,0.0000,334,84,177,73
530,1331448970,vermelho,vermelho,reativa,azul,0,-3,10,90,120,0.7500,0.0000,81,5,76,0
530,1331448970,vermelho,azul,reativa,azul,1,3,10,30,0,30.0000,0.0000,224,2,222,0
531,482643454,azul,verde,modelo_proposto,azul,0,-3,23,90,120,0.7500,0.0833,381,90,201,90
531,482643454,azul,vermelho,reativa,azul,0,-3,23,120,120,1.0000,0.0909,443,8,435,0
531,482643454,azul,azul,reativa,azul,1,3,23,30,0,30.0000,0.0000,441,5,436,0
532,1779565378,verde,verde,modelo_proposto,azul,0,-3,15,90,120,0.7500,0.0000,260,84,101,75
532,1779565378,verde,vermelho,reativa,azul,0,-3,15,150,120,1.2500,0.0000,261,7,254,0
532,1779565378,verde,azul,reativa,azul,1,3,15,30,30,1.0000,0.0667,327,2,325,0
533,2054481438,vermelho,verde,modelo_proposto,verde,1,3,31,30,30,1.0000,0.0667,296,27,244,25
533,2054481438,vermelho,vermelho,reativa,verde,0,-3,31,150,120,1.2500,0.0333,614,12,602,0
533,2054481438,vermelho,azul,reativa,verde,0,-3,31,90,120,0.7500,0.0000,163,6,157,0
534,1078675238,azul,verde,modelo_proposto,azul,0,-3,13,120,120,1.0000,0.0833,299,82,146,71
534,1078675238,azul,vermelho,reativa,azul,0,-3,13,90,120,0.7500,0.0000,73,5,68,0
534,1078675238,azul,azul,reativa,azul,1,3,13,30,0,30.0000,0.0000,273,2,271,0
535,843908336,verde,verde,modelo_proposto,verde,1,3,13,90,30,3.0000,0.0769,381,109,197,75
535,843908336,verde,vermelho,reativa,verde,0,-3,13,60,120,0.5000,0.0000,184,6,178,0
535,843908336,verde,azul,reativa,verde,0,-3,13,120,120,1.0000,0.0000,211,8,203,0
536,681987113,vermelho,verde,modelo_proposto,azul,0,-3,12,120,120,1.0000,0.0000,382,113,169,100
536,681987113,vermelho,vermelho,reativa,azul,0,-3,12,90,120,0.7500,0.0000,105,4,101,0
536,681987113,vermelho,azul,reativa,azul,1,3,12,30,0,30.0000,0.3333,279,2,277,0
537,1423106760,azul,verde,modelo_proposto,vermelho,0,-3,19,90,120,0.7500,0.0000,287,83,129,75
537,1423106760,azul,vermelho,reativa,vermelho,1,3,19,30,30,1.0000,0.0000,393,2,391,0
537,1423106760,azul,azul,reativa,vermelho,0,-3,19,150,120,1.2500,0.0000,343,9,334,0
538,1079511724,verde,verde,modelo_proposto,azul,0,-3,14,150,120,1.2500,0.0714,465,141,199,125
538,1079511724,verde,vermelho,reativa,azul,0,-3,14,90,120,0.7500,0.0000,106,4,102,0
538,1079511724,verde,azul,reativa,azul,1,3,14,30,30,1.0000,0.0714,308,2,306,0
539,419734749,vermelho,verde,modelo_proposto,azul,0,-3,20,120,120,1.0000,0.0000,477,113,264,100
539,419734749,vermelho,vermelho,reativa,azul,0,-3,20,90,120,0.7500,0.0667,305,4,301,0
539,419734749,vermelho,azul,reativa,azul,1,3,20,30,0,30.0000,0.0000,390,2,388,0
540,1655343181,azul,verde,modelo_proposto,azul,0,-3,13,60,120,0.5000,0.0000,372,105,192,75
540,1655343181,azul,vermelho,reativa,azul,0,-3,13,120,120,1.0000,0.0000,210,9,201,0
540,1655343181,azul,azul,reativa,azul,1,3,13,60,0,60.0000,0.0769,269,4,265,0
541,1499152475,verde,verde,modelo_proposto,azul,0,-3,16,60,120,0.5000,0.0000,311,83,153,75
541,1499152475,verde,vermelho,reativa,azul,0,-3,16,180,120,1.5000,0.1875,264,12,252,0
541,1499152475,verde,azul,reativa,azul,1,3,16,60,60,1.0000,0.0625,366,5,361,0
542,1832667766,vermelho,verde,modelo_proposto,vermelho,0,-3,15,80,110,0.7273,0.2143,556,179,227,150
542,1832667766,vermelho,vermelho,reativa,vermelho,1,3,15,110,90,1.2222,0.2667,269,16,253,0
542,1832667766,vermelho,azul,reativa,vermelho,0,-3,15,120,110,1.0909,0.5455,187,12,175,0
543,1264378068,azul,verde,modelo_proposto,azul,0,-3,18,110,120,0.9167,0.3529,512,114,298,100
543,1264378068,azul,vermelho,reativa,azul,0,-3,18,90,110,0.8182,0.3846,232,6,226,0
543,1264378068,azul,azul,reativa,azul,1,3,18,30,0,30.0000,0.0000,432,2,430,0
544,1308472688,verde,verde,modelo_proposto,verde,1,3,14,30,30,1.0000,0.0714,132,28,79,25
544,1308472688,verde,vermelho,reativa,verde,0,-3,14,90,120,0.7500,0.0000,152,7,145,0
544,1308472688,verde,azul,reativa,verde,0,-3,14,150,120,1.2500,0.0000,185,13,172,0
545,1643580531,vermelho,verde,modelo_proposto,azul,0,-3,20,120,120,1.0000,0.0000,400,100,215,85
545,1643580531,vermelho,vermelho,reativa,azul,0,-3,20,90,120,0.7500,0.1111,149,5,144,0
545,1643580531,vermelho,azul,reativa,azul,1,3,20,30,0,30.0000,0.0500,439,5,434,0
546,639957133,azul,verde,modelo_proposto,verde,1,3,30,30,60,0.5000,0.0000,1236,319,604,313
546,639957133,azul,vermelho,reativa,verde,0,-3,30,180,120,1.5000,0.0714,553,18,535,0
546,639957133,azul,azul,reativa,verde,0,-3,30,90,120,0.7500,0.0000,516,8,508,0
547,1965988595,verde,verde,modelo_proposto,azul,0,-3,29,60,120,0.5000,0.0000,261,78,110,73
547,1965988595,verde,vermelho,reativa,azul,0,-3,29,150,120,1.2500,0.0000,538,10,528,0
547,1965988595,verde,azul,reativa,azul,1,3,29,60,30,2.0000,0.0000,639,5,634,0
548,785624668,vermelho,verde,modelo_proposto,vermelho,0,-3,19,60,120,0.5000,0.1429,265,81,110,74
548,785624668,vermelho,vermelho,reativa,vermelho,1,3,19,60,30,2.0000,0.0000,430,4,426,0
548,785624668,vermelho,azul,reativa,vermelho,0,-3,19,150,120,1.2500,0.2222,328,9,319,0
549,474626655,azul,verde,modelo_proposto,azul,0,-3,18,150,120,1.2500,0.1765,377,107,178,92
549,474626655,azul,vermelho,reativa,azul,0,-3,18,90,120,0.7500,0.1000,163,5,158,0
549,474626655,azul,azul,reativa,azul,1,3,18,30,30,1.0000,0.1111,430,4,426,0
550,1347717309,verde,verde,modelo_proposto,azul,0,-3,15,90,120,0.7500,0.2222,253,83,96,74
550,1347717309,verde,vermelho,reativa,azul,0,-3,15,150,120,1.2500,0.0000,262,9,253,0
550,1347717309,verde,azul,reativa,azul,1,3,15,30,30,1.0000,0.0000,337,5,332,0
551,1940104168,vermelho,verde,modelo_proposto,vermelho,0,-3,33,90,120,0.7500,0.0000,417,105,212,100
551,1940104168,vermelho,vermelho,reativa,vermelho,1,3,33,30,30,1.0000,0.0000,695,2,693,0
551,1940104168,vermelho,azul,reativa,vermelho,0,-3,33,150,120,1.2500,0.0000,671,9,662,0
552,1153931505,azul,verde,modelo_proposto,azul,0,-3,19,90,120,0.7500,0.2500,303,83,146,74
552,1153931505,azul,vermelho,reativa,azul,0,-3,19,150,120,1.2500,0.1111,326,9,317,0
552,1153931505,azul,azul,reativa,azul,1,3,19,30,30,1.0000,0.0526,422,2,420,0
553,2144325616,verde,verde,modelo_proposto,verde,1,3,15,30,0,30.0000,0.0000,78,2,76,0
553,2144325616,verde,vermelho,reativa,verde,0,-3,15,90,120,0.7500,0.0000,175,6,169,0
553,2144325616,verde,azul,reativa,verde,0,-3,15,120,120,1.0000,0.0000,234,9,225,0
554,30024536,vermelho,verde,modelo_proposto,empate,0,-1,100,90,120,0.7500,0.1818,208,64,89,55
554,30024536,vermelho,vermelho,reativa,empate,0,-1,100,0,0,0.0000,0.0100,2309,23,2286,0
554,30024536,vermelho,azul,reativa,empate,0,-1,100,120,90,1.3333,0.0100,1551,32,1519,0
555,1910399178,azul,verde,modelo_proposto,verde,1,3,12,30,30,1.0000,0.0000,114,27,63,24
555,1910399178,azul,vermelho,reativa,verde,0,-3,12,90,120,0.7500,0.1667,77,6,71,0
555,1910399178,azul,azul,reativa,verde,0,-3,12,150,120,1.2500,0.0000,161,11,150,0
556,1783435411,verde,verde,modelo_proposto,vermelho,0,-3,27,90,120,0.7500,0.0000,408,99,210,99
556,1783435411,verde,vermelho,reativa,vermelho,1,3,27,30,0,30.0000,0.1481,587,2,585,0
556,1783435411,verde,azul,reativa,vermelho,0,-3,27,120,120,1.0000,0.0000,549,7,542,0
557,2033767092,vermelho,verde,modelo_proposto,vermelho,0,-3,22,150,120,1.2500,0.0476,585,166,312,107
557,2033767092,vermelho,vermelho,reativa,vermelho,1,3,22,30,30,1.0000,0.0000,462,1,461,0
557,2033767092,vermelho,azul,reativa,vermelho,0,-3,22,90,120,0.7500,0.0000,333,6,327,0
558,1903858974,azul,verde,modelo_proposto,vermelho,0,-3,16,60,120,0.5000,0.0667,405,79,251,75
558,1903858974,azul,vermelho,reativa,vermelho,1,3,16,120,30,4.0000,0.0000,285,12,273,0
558,1903858974,azul,azul,reativa,vermelho,0,-3,16,90,120,0.7500,0.0769,258,14,244,0
559,1761344236,verde,verde,modelo_proposto,vermelho,0,-3,19,120,120,1.0000,0.0000,455,113,242,100
559,1761344236,verde,vermelho,reativa,vermelho,1,3,19,30,0,30.0000,0.1053,441,2,439,0
559,1761344236,verde,azul,reativa,vermelho,0,-3,19,90,120,0.7500,0.0909,207,5,202,0
560,822547579,vermelho,verde,modelo_proposto,vermelho,0,-3,25,120,120,1.0000,0.0000,630,140,365,125
560,822547579,vermelho,vermelho,reativa,vermelho,1,3,25,30,0,30.0000,0.0000,585,4,581,0
560,822547579,vermelho,azul,reativa,vermelho,0,-3,25,90,120,0.7500,0.0000,256,5,251,0
561,369036526,azul,verde,modelo_proposto,vermelho,0,-3,37,90,120,0.7500,0.0000,334,110,126,98
561,369036526,azul,vermelho,reativa,vermelho,1,3,37,30,0,30.0000,0.0000,493,2,491,0
561,369036526,azul,azul,reativa,vermelho,0,-3,37,120,120,1.0000,0.0556,768,7,761,0
562,385294681,verde,verde,modelo_proposto,vermelho,0,-3,25,150,120,1.2500,0.0800,675,169,349,157
562,385294681,verde,vermelho,reativa,vermelho,1,3,25,30,30,1.0000,0.0400,532,3,529,0
562,385294681,verde,azul,reativa,vermelho,0,-3,25,90,120,0.7500,0.0000,79,6,73,0
563,1351163531,vermelho,verde,modelo_proposto,azul,0,-3,9,90,120,0.7500,0.1667,268,85,108,75
563,1351163531,vermelho,vermelho,reativa,azul,0,-3,9,120,120,1.0000,0.0000,132,7,125,0
563,1351163531,vermelho,azul,reativa,azul,1,3,9,30,0,30.0000,0.0000,209,2,207,0
564,788961864,azul,verde,modelo_proposto,vermelho,0,-3,22,120,120,1.0000,0.0476,430,111,221,98
564,788961864,azul,vermelho,reativa,vermelho,1,3,22,30,0,30.0000,0.0000,498,3,495,0
564,788961864,azul,azul,reativa,vermelho,0,-3,22,90,120,0.7500,0.0000,81,5,76,0
565,503141246,verde,verde,modelo_proposto,azul,0,-3,22,90,120,0.7500,0.1538,404,99,206,99
565,503141246,verde,vermelho,reativa,azul,0,-3,22,150,120,1.2500,0.0000,418,9,409,0
565,503141246,verde,azul,reativa,azul,1,3,22,30,30,1.0000,0.0000,512,2,510,0
566,1238521743,vermelho,verde,modelo_proposto,azul,0,-3,18,90,120,0.7500,0.0000,248,83,90,75
566,1238521743,vermelho,vermelho,reativa,azul,0,-3,18,150,120,1.2500,0.0000,330,9,321,0
566,1238521743,vermelho,azul,reativa,azul,1,3,18,30,30,1.0000,0.0000,320,2,318,0
567,885807520,azul,verde,modelo_proposto,vermelho,0,-3,11,110,110,1.0000,0.3000,289,83,134,72
567,885807520,azul,vermelho,reativa,vermelho,1,3,11,30,0,30.0000,0.0000,228,2,226,0
567,885807520,azul,azul,reativa,vermelho,0,-3,11,80,110,0.7273,0.7143,95,5,90,0
568,267902503,verde,verde,modelo_proposto,verde,1,3,13,30,30,1.0000,0.0769,164,29,110,25
568,267902503,verde,vermelho,reativa,verde,0,-3,13,150,120,1.2500,0.1667,185,10,175,0
568,267902503,verde,azul,reativa,verde,0,-3,13,90,120,0.7500,0.0000,54,6,48,0
569,1922683726,vermelho,verde,modelo_proposto,vermelho,0,-3,16,90,120,0.7500,0.0000,249,84,90,75
569,1922683726,vermelho,vermelho,reativa,vermelho,1,3,16,30,0,30.0000,0.0000,378,2,376,0
569,1922683726,vermelho,azul,reativa,vermelho,0,-3,16,120,120,1.0000,0.0000,287,6,281,0
570,2065365347,azul,verde,modelo_proposto,azul,0,-3,12,60,120,0.5000,0.0000,191,57,82,52
570,2065365347,azul,vermelho,reativa,azul,0,-3,12,180,120,1.5000,0.0000,131,11,120,0
570,2065365347,azul,azul,reativa,azul,1,3,12,60,60,1.0000,0.0833,255,4,251,0
571,322353062,verde,verde,modelo_proposto,vermelho,0,-3,22,90,120,0.7500,0.0000,396,117,202,77
571,322353062,verde,vermelho,reativa,vermelho,1,3,22,30,30,1.0000,0.0000,481,7,474,0
571,322353062,verde,azul,reativa,vermelho,0,-3,22,150,120,1.2500,0.0000,322,15,307,0
572,1785633287,vermelho,verde,modelo_proposto,vermelho,0,-3,31,90,120,0.7500,0.0000,362,88,186,88
572,1785633287,vermelho,vermelho,reativa,vermelho,1,3,31,30,30,1.0000,0.0645,712,3,709,0
572,1785633287,vermelho,azul,reativa,vermelho,0,-3,31,150,120,1.2500,0.0000,630,9,621,0
573,753257138,azul,verde,modelo_proposto,vermelho,0,-3,18,60,120,0.5000,0.0000,228,57,121,50
573,753257138,azul,vermelho,reativa,vermelho,1,3,18,90,60,1.5000,0.0000,357,7,350,0
573,753257138,azul,azul,reativa,vermelho,0,-3,18,150,120,1.2500,0.0000,282,7,275,0
574,1429681041,verde,verde,modelo_proposto,azul,0,-3,28,90,120,0.7500,0.0000,288,84,129,75
574,1429681041,verde,vermelho,reativa,azul,0,-3,28,120,120,1.0000,0.0357,537,6,531,0
574,1429681041,verde,azul,reativa,azul,1,3,28,30,0,30.0000,0.0000,500,3,497,0
575,599050119,vermelho,verde,modelo_proposto,empate,0,-1,100,0,0,0.0000,0.0101,2057,49,2008,0
575,599050119,vermelho,vermelho,reativa,empate,0,-1,100,0,0,0.0000,0.0000,2566,0,2566,0
575,599050119,vermelho,azul,reativa,empate,0,-1,100,0,0,0.0000,0.0000,2009,49,1960,0
576,880987394,azul,verde,modelo_proposto,azul,0,-3,14,120,120,1.0000,0.0000,387,113,174,100
576,880987394,azul,vermelho,reativa,azul,0,-3,14,90,120,0.7500,0.0000,141,4,137,0
576,880987394,azul,azul,reativa,azul,1,3,14,30,0,30.0000,0.0000,316,2,314,0
577,1671317880,verde,verde,modelo_proposto,azul,0,-3,12,90,120,0.7500,0.0833,326,93,153,80
577,1671317880,verde,vermelho,reativa,azul,0,-3,12,90,120,0.7500,0.1000,160,8,152,0
577,1671317880,verde,azul,reativa,azul,1,3,12,60,0,60.0000,0.0000,260,6,254,0
578,1667218631,vermelho,verde,modelo_proposto,verde,1,3,27,120,90,1.3333,0.0000,462,145,248,69
578,1667218631,vermelho,vermelho,reativa,verde,0,-3,27,90,120,0.7500,0.0400,563,13,550,0
578,1667218631,vermelho,azul,reativa,verde,0,-3,27,120,120,1.0000,0.0769,525,12,513,0
579,1360865676,azul,verde,modelo_proposto,vermelho,0,-3,27,150,120,1.2500,0.0000,829,239,378,212
579,1360865676,azul,vermelho,reativa,vermelho,1,3,27,30,30,1.0000,0.1154,583,3,580,0
579,1360865676,azul,azul,reativa,vermelho,0,-3,27,90,120,0.7500,0.1429,282,4,278,0
580,969768113,verde,verde,modelo_proposto,verde,1,3,9,60,0,60.0000,0.1111,81,4,77,0
580,969768113,verde,vermelho,reativa,verde,0,-3,9,90,120,0.7500,0.0000,134,8,126,0
580,969768113,verde,azul,reativa,verde,0,-3,9,90,120,0.7500,0.0000,137,8,129,0
581,828045317,vermelho,verde,modelo_proposto,azul,0,-3,15,150,120,1.2500,0.0000,571,162,261,148
581,828045317,vermelho,vermelho,reativa,azul,0,-3,15,90,120,0.7500,0.0000,102,5,97,0
581,828045317,vermelho,azul,reativa,azul,1,3,15,30,30,1.0000,0.0000,327,1,326,0
582,1609858943,azul,verde,modelo_proposto,vermelho,0,-3,38,60,120,0.5000,0.3750,136,38,65,33
582,1609858943,azul,vermelho,reativa,vermelho,1,3,38,60,30,2.0000,0.0541,854,4,850,0
582,1609858943,azul,azul,reativa,vermelho,0,-3,38,150,120,1.2500,0.0270,689,9,680,0
583,657787211,verde,verde,modelo_proposto,verde,1,3,25,60,30,2.0000,0.2400,578,187,270,121
583,657787211,verde,vermelho,reativa,verde,0,-3,25,90,120,0.7500,0.0000,283,7,276,0
583,657787211,verde,azul,reativa,verde,0,-3,25,120,120,1.0000,0.1250,488,14,474,0
584,1500741286,vermelho,verde,modelo_proposto,azul,0,-3,17,120,120,1.0000,0.0000,438,113,225,100
584,1500741286,vermelho,vermelho,reativa,azul,0,-3,17,90,120,0.7500,0.0000,314,3,311,0
584,1500741286,vermelho,azul,reativa,azul,1,3,17,30,0,30.0000,0.0588,386,2,384,0
585,1216752255,azul,verde,modelo_proposto,verde,1,3,14,30,0,30.0000,0.0769,122,4,118,0
585,1216752255,azul,vermelho,reativa,verde,0,-3,14,120,120,1.0000,0.0000,167,8,159,0
585,1216752255,azul,azul,reativa,verde,0,-3,14,90,120,0.7500,0.0000,144,6,138,0
586,170355655,verde,verde,modelo_proposto,azul,0,-3,14,60,120,0.5000,0.4000,359,101,159,99
586,170355655,verde,vermelho,reativa,azul,0,-3,14,150,120,1.2500,0.0000,231,9,222,0
586,170355655,verde,azul,reativa,azul,1,3,14,60,30,2.0000,0.0000,310,5,305,0
587,522938142,vermelho,verde,modelo_proposto,verde,1,3,32,10,60,0.1667,0.1613,811,137,548,126
587,522938142,vermelho,vermelho,reativa,verde,0,-3,32,180,100,1.8000,0.1290,617,16,601,0
587,522938142,vermelho,azul,reativa,verde,0,-3,32,90,120,0.7500,0.0000,83,6,77,0
588,1224265644,azul,verde,modelo_proposto,azul,0,-3,30,60,120,0.5000,0.1429,287,81,132,74
588,1224265644,azul,vermelho,reativa,azul,0,-3,30,180,120,1.5000,0.0690,586,11,575,0
588,1224265644,azul,azul,reativa,azul,1,3,30,60,60,1.0000,0.0000,629,4,625,0
589,2071903378,verde,verde,modelo_proposto,azul,0,-3,21,90,120,0.7500,0.0000,345,82,189,74
589,2071903378,verde,vermelho,reativa,azul,0,-3,21,120,120,1.0000,0.0952,434,6,428,0
589,2071903378,verde,azul,reativa,azul,1,3,21,30,0,30.0000,0.0476,483,2,481,0
590,239551354,vermelho,verde,modelo_proposto,verde,1,3,12,30,30,1.0000,0.0000,184,31,128,25
590,239551354,vermelho,vermelho,reativa,verde,0,-3,12,150,120,1.2500,0.0000,161,10,151,0
590,239551354,vermelho,azul,reativa,verde,0,-3,12,90,120,0.7500,0.0000,58,6,52,0
591,1331453486,azul,verde,modelo_proposto,azul,0,-3,39,70,100,0.7000,0.4000,660,213,255,192
591,1331453486,azul,vermelho,reativa,azul,0,-3,39,130,100,1.3000,0.2105,799,13,786,0
591,1331453486,azul,azul,reativa,azul,1,3,39,30,30,1.0000,0.0000,892,2,890,0
592,700635290,verde,verde,modelo_proposto,azul,0,-3,18,120,120,1.0000,0.0000,560,136,299,125
592,700635290,verde,vermelho,reativa,azul,0,-3,18,90,120,0.7500,0.0000,281,4,277,0
592,700635290,verde,azul,reativa,azul,1,3,18,30,0,30.0000,0.0000,441,4,437,0
593,1793610634,vermelho,verde,modelo_proposto,verde,1,3,13,30,30,1.0000,0.0000,251,51,150,50
593,1793610634,vermelho,vermelho,reativa,verde,0,-3,13,150,120,1.2500,0.1667,167,14,153,0
593,1793610634,vermelho,azul,reativa,verde,0,-3,13,90,120,0.7500,0.0000,118,7,111,0
594,1428201362,azul,verde,modelo_proposto,vermelho,0,-3,26,60,120,0.5000,0.0000,266,63,144,59
594,1428201362,azul,vermelho,reativa,vermelho,1,3,26,60,30,2.0000,0.1600,571,4,567,0
594,1428201362,azul,azul,reativa,vermelho,0,-3,26,150,120,1.2500,0.0000,473,10,463,0
595,40425461,verde,verde,modelo_proposto,verde,1,3,16,30,30,1.0000,0.0625,119,22,78,19
595,40425461,verde,vermelho,reativa,verde,0,-3,16,150,120,1.2500,0.0000,238,12,226,0
595,40425461,verde,azul,reativa,verde,0,-3,16,90,120,0.7500,0.0000,97,7,90,0
596,1462276455,vermelho,verde,modelo_proposto,verde,1,3,32,60,0,60.0000,0.0000,1097,249,623,225
596,1462276455,vermelho,vermelho,reativa,verde,0,-3,32,90,120,0.7500,0.0000,692,12,680,0
596,1462276455,vermelho,azul,reativa,verde,0,-3,32,90,120,0.7500,0.0000,228,7,221,0
597,2054249709,azul,verde,modelo_proposto,vermelho,0,-3,25,30,100,0.3000,0.6667,275,74,136,65
597,2054249709,azul,vermelho,reativa,vermelho,1,3,25,90,60,1.5000,0.0000,511,6,505,0
597,2054249709,azul,azul,reativa,vermelho,0,-3,25,160,120,1.3333,0.3333,417,13,404,0
598,630302914,verde,verde,modelo_proposto,vermelho,0,-3,27,90,120,0.7500,0.0000,297,91,126,80
598,630302914,verde,vermelho,reativa,vermelho,1,3,27,30,30,1.0000,0.0370,623,3,620,0
598,630302914,verde,azul,reativa,vermelho,0,-3,27,150,120,1.2500,0.1538,511,10,501,0
599,1951134645,vermelho,verde,modelo_proposto,azul,0,-3,17,90,120,0.7500,0.0000,268,85,108,75
599,1951134645,vermelho,vermelho,reativa,azul,0,-3,17,150,120,1.2500,0.0000,316,9,307,0
599,1951134645,vermelho,azul,reativa,azul,1,3,17,30,30,1.0000,0.0000,334,2,332,0
600,1030142316,azul,verde,modelo_proposto,vermelho,0,-3,21,150,120,1.2500,0.1500,778,255,334,189
600,1030142316,azul,vermelho,reativa,vermelho,1,3,21,30,30,1.0000,0.1500,479,2,477,0
600,1030142316,azul,azul,reativa,vermelho,0,-3,21,90,120,0.7500,0.0000,203,5,198,0
601,1015889351,verde,verde,modelo_proposto,azul,0,-3,10,120,120,1.0000,0.0000,378,113,165,100
601,1015889351,verde,vermelho,reativa,azul,0,-3,10,90,120,0.7500,0.0000,56,5,51,0
601,1015889351,verde,azul,reativa,azul,1,3,10,30,0,30.0000,0.0000,231,2,229,0
602,205782876,vermelho,verde,modelo_proposto,azul,0,-3,9,120,120,1.0000,0.0000,371,113,158,100
602,205782876,vermelho,vermelho,reativa,azul,0,-3,9,90,120,0.7500,0.0000,80,5,75,0
602,205782876,vermelho,azul,reativa,azul,1,3,9,30,0,30.0000,0.0000,209,2,207,0
603,1233340021,azul,verde,modelo_proposto,azul,0,-3,28,120,120,1.0000,0.0741,1291,419,565,307
603,1233340021,azul,vermelho,reativa,azul,0,-3,28,60,120,0.5000,0.1200,537,9,528,0
603,1233340021,azul,azul,reativa,azul,1,3,28,90,30,3.0000,0.0000,641,9,632,0
604,2014491557,verde,verde,modelo_proposto,azul,0,-3,12,120,120,1.0000,0.0833,451,131,196,124
604,2014491557,verde,vermelho,reativa,azul,0,-3,12,90,120,0.7500,0.0000,147,6,141,0
604,2014491557,verde,azul,reativa,azul,1,3,12,60,30,2.0000,0.0000,245,5,240,0
605,1314928140,vermelho,verde,modelo_proposto,azul,0,-3,11,70,110,0.6364,0.4000,499,162,206,131
605,1314928140,vermelho,vermelho,reativa,azul,0,-3,11,80,100,0.8000,0.5000,125,5,120,0
605,1314928140,vermelho,azul,reativa,azul,1,3,11,60,0,60.0000,0.0909,214,7,207,0
606,1869575208,azul,verde,modelo_proposto,vermelho,0,-3,17,120,120,1.0000,0.0000,370,110,164,96
606,1869575208,azul,vermelho,reativa,vermelho,1,3,17,30,0,30.0000,0.0625,366,2,364,0
606,1869575208,azul,azul,reativa,vermelho,0,-3,17,90,120,0.7500,0.0000,197,5,192,0
607,412083840,verde,verde,modelo_proposto,verde,1,3,11,60,0,60.0000,0.0909,89,6,83,0
607,412083840,verde,vermelho,reativa,verde,0,-3,11,90,120,0.7500,0.0000,188,11,177,0
607,412083840,verde,azul,reativa,verde,0,-3,11,90,120,0.7500,0.3333,153,7,146,0
608,1705502126,vermelho,verde,modelo_proposto,verde,1,3,19,30,30,1.0000,0.0556,154,26,106,22
608,1705502126,vermelho,vermelho,reativa,verde,0,-3,19,90,120,0.7500,0.0000,85,7,78,0
608,1705502126,vermelho,azul,reativa,verde,0,-3,19,150,120,1.2500,0.0000,311,12,299,0
609,360032754,azul,verde,modelo_proposto,vermelho,0,-3,27,120,120,1.0000,0.0385,413,86,252,75
609,360032754,azul,vermelho,reativa,vermelho,1,3,27,30,0,30.0000,0.0000,603,2,601,0
609,360032754,azul,azul,reativa,vermelho,0,-3,27,90,120,0.7500,0.0000,106,5,101,0
610,1703396810,verde,verde,modelo_proposto,verde,1,3,23,30,30,1.0000,0.0000,382,27,330,25
610,1703396810,verde,vermelho,reativa,verde,0,-3,23,150,120,1.2500,0.1364,404,15,389,0
610,1703396810,verde,azul,reativa,verde,0,-3,23,90,120,0.7500,0.1000,180,8,172,0
611,1813539174,vermelho,verde,modelo_proposto,verde,1,3,14,20,0,20.0000,0.0769,125,30,72,23
611,1813539174,vermelho,vermelho,reativa,verde,0,-3,14,90,120,0.7500,0.0000,105,7,98,0
611,1813539174,vermelho,azul,reativa,verde,0,-3,14,120,110,1.0909,0.1538,183,9,174,0
612,1326081846,azul,verde,modelo_proposto,verde,1,3,23,30,30,1.0000,0.0455,412,53,311,48
612,1326081846,azul,vermelho,reativa,verde,0,-3,23,90,120,0.7500,0.0000,57,6,51,0
612,1326081846,azul,azul,reativa,verde,0,-3,23,150,120,1.2500,0.0000,430,11,419,0
613,1251722137,verde,verde,modelo_proposto,verde,1,3,35,60,60,1.0000,0.0571,599,185,311,103
613,1251722137,verde,vermelho,reativa,verde,0,-3,35,120,120,1.0000,0.0000,628,26,602,0
613,1251722137,verde,azul,reativa,verde,0,-3,35,120,120,1.0000,0.0000,537,27,510,0
614,279383135,vermelho,verde,modelo_proposto,empate,0,-1,100,60,120,0.5000,0.0000,333,91,159,83
614,279383135,vermelho,vermelho,reativa,empate,0,-1,100,0,0,0.0000,0.0000,1246,0,1246,0
614,279383135,vermelho,azul,reativa,empate,0,-1,100,120,60,2.0000,0.0300,1956,7,1949,0
615,2053490072,azul,verde,modelo_proposto,verde,1,3,12,30,30,1.0000,0.1818,112,28,59,25
615,2053490072,azul,vermelho,reativa,verde,0,-3,12,150,120,1.2500,0.0000,138,10,128,0
615,2053490072,azul,azul,reativa,verde,0,-3,12,90,120,0.7500,0.0000,58,6,52,0
616,469087286,verde,verde,modelo_proposto,verde,1,3,46,30,30,1.0000,0.0435,274,27,222,25
616,469087286,verde,vermelho,reativa,verde,0,-3,46,150,120,1.2500,0.0444,835,11,824,0
616,469087286,verde,azul,reativa,verde,0,-3,46,90,120,0.7500,0.0000,169,6,163,0
617,244808538,vermelho,verde,modelo_proposto,verde,1,3,78,10,0,10.0000,0.0779,2764,736,1352,676
617,244808538,vermelho,vermelho,reativa,verde,0,-3,78,90,120,0.7500,0.0667,299,6,293,0
617,244808538,vermelho,azul,reativa,verde,0,-3,78,120,100,1.2000,0.0390,1761,18,1743,0
618,1697912004,azul,verde,modelo_proposto,vermelho,0,-3,18,150,120,1.2500,0.0588,512,133,279,100
618,1697912004,azul,vermelho,reativa,vermelho,1,3,18,30,30,1.0000,0.0588,396,5,391,0
618,1697912004,azul,azul,reativa,vermelho,0,-3,18,90,120,0.7500,0.1429,278,5,273,0
619,1196957329,verde,verde,modelo_proposto,vermelho,0,-3,11,150,120,1.2500,0.0000,509,143,232,134
619,1196957329,verde,vermelho,reativa,vermelho,1,3,11,30,30,1.0000,0.0000,255,1,254,0
619,1196957329,verde,azul,reativa,vermelho,0,-3,11,90,120,0.7500,0.0000,55,4,51,0
620,279705624,vermelho,verde,modelo_proposto,vermelho,0,-3,23,60,120,0.5000,0.0526,874,304,317,253
620,279705624,vermelho,vermelho,reativa,vermelho,1,3,23,90,60,1.5000,0.0000,485,14,471,0
620,279705624,vermelho,azul,reativa,vermelho,0,-3,23,150,120,1.2500,0.0000,400,20,380,0
621,440487415,azul,verde,modelo_proposto,verde,1,3,21,30,60,0.5000,0.3000,235,52,134,49
621,440487415,azul,vermelho,reativa,verde,0,-3,21,180,120,1.5000,0.0000,345,16,329,0
621,440487415,azul,azul,reativa,verde,0,-3,21,90,120,0.7500,0.0833,234,6,228,0
622,532420518,verde,verde,modelo_proposto,empate,0,-1,100,0,60,0.0000,0.4500,4257,1147,2050,1060
622,532420518,verde,vermelho,reativa,empate,0,-1,100,30,0,30.0000,0.0200,2565,3,2562,0
622,532420518,verde,azul,reativa,empate,0,-1,100,30,0,30.0000,0.4400,2437,2,2435,0
623,1534020729,vermelho,verde,modelo_proposto,vermelho,0,-3,13,120,120,1.0000,0.0000,386,113,173,100
623,1534020729,vermelho,vermelho,reativa,vermelho,1,3,13,30,0,30.0000,0.1538,305,2,303,0
623,1534020729,vermelho,azul,reativa,vermelho,0,-3,13,90,120,0.7500,0.0000,103,4,99,0
624,1330977352,azul,verde,modelo_proposto,azul,0,-3,19,60,120,0.5000,0.2857,297,63,177,57
624,1330977352,azul,vermelho,reativa,azul,0,-3,19,150,120,1.2500,0.1667,288,11,277,0
624,1330977352,azul,azul,reativa,azul,1,3,19,60,30,2.0000,0.0000,398,5,393,0
625,1339491093,verde,verde,modelo_proposto,vermelho,0,-3,21,90,120,0.7500,0.0000,253,83,96,74
625,1339491093,verde,vermelho,reativa,vermelho,1,3,21,30,30,1.0000,0.0476,498,2,496,0
625,1339491093,verde,azul,reativa,vermelho,0,-3,21,150,120,1.2500,0.1000,372,9,363,0
626,2136906327,vermelho,verde,modelo_proposto,vermelho,0,-3,15,90,120,0.7500,0.1111,230,75,90,65
626,2136906327,vermelho,vermelho,reativa,vermelho,1,3,15,30,0,30.0000,0.0000,362,3,359,0
626,2136906327,vermelho,azul,reativa,vermelho,0,-3,15,120,120,1.0000,0.0714,252,8,244,0
627,523294266,azul,verde,modelo_proposto,verde,1,3,17,30,30,1.0000,0.1250,158,28,105,25
627,523294266,azul,vermelho,reativa,verde,0,-3,17,90,120,0.7500,0.0000,233,7,226,0
627,523294266,azul,azul,reativa,verde,0,-3,17,150,120,1.2500,0.0000,292,13,279,0
628,1234858072,verde,verde,modelo_proposto,empate,0,-1,100,0,0,0.0000,0.0000,1447,49,1398,0
628,1234858072,verde,vermelho,reativa,empate,0,-1,100,0,0,0.0000,0.4600,2576,0,2576,0
628,1234858072,verde,azul,reativa,empate,0,-1,100,0,0,0.0000,0.0000,1974,49,1925,0
629,130403733,vermelho,verde,modelo_proposto,empate,0,-1,100,0,30,0.0000,0.0303,4053,1102,1938,1013
629,130403733,vermelho,vermelho,reativa,empate,0,-1,100,150,90,1.6667,0.0000,1999,12,1987,0
629,130403733,vermelho,azul,reativa,empate,0,-1,100,90,120,0.7500,0.0000,153,7,146,0
630,444026286,azul,verde,modelo_proposto,azul,0,-3,24,60,120,0.5000,0.1429,253,76,105,72
630,444026286,azul,vermelho,reativa,azul,0,-3,24,150,120,1.2500,0.0870,446,9,437,0
630,444026286,azul,azul,reativa,azul,1,3,24,60,30,2.0000,0.0417,532,4,528,0
631,1706054446,verde,verde,modelo_proposto,verde,1,3,18,30,0,30.0000,0.1111,187,29,133,25
631,1706054446,verde,vermelho,reativa,verde,0,-3,18,120,120,1.0000,0.2941,337,8,329,0
631,1706054446,verde,azul,reativa,verde,0,-3,18,90,120,0.7500,0.0000,154,6,148,0
632,1251267710,vermelho,verde,modelo_proposto,azul,0,-3,19,90,120,0.7500,0.0000,421,100,227,94
632,1251267710,vermelho,vermelho,reativa,azul,0,-3,19,120,120,1.0000,0.0000,376,7,369,0
632,1251267710,vermelho,azul,reativa,azul,1,3,19,30,0,30.0000,0.0526,461,2,459,0
633,1966057535,azul,verde,modelo_proposto,azul,0,-3,13,120,120,1.0000,0.0833,426,123,195,108
633,1966057535,azul,vermelho,reativa,azul,0,-3,13,90,120,0.7500,0.0000,123,6,117,0
633,1966057535,azul,azul,reativa,azul,1,3,13,30,0,30.0000,0.0000,279,3,276,0
634,1965943761,verde,verde,modelo_proposto,vermelho,0,-3,23,90,120,0.7500,0.1429,450,105,245,100
634,1965943761,verde,vermelho,reativa,vermelho,1,3,23,30,0,30.0000,0.1739,508,2,506,0
634,1965943761,verde,azul,reativa,vermelho,0,-3,23,120,120,1.0000,0.0000,456,7,449,0
635,768926301,vermelho,verde,modelo_proposto,empate,0,-1,100,0,0,0.0000,0.4747,2050,48,2002,0
635,768926301,vermelho,vermelho,reativa,empate,0,-1,100,0,0,0.0000,0.0500,2491,0,2491,0
635,768926301,vermelho,azul,reativa,empate,0,-1,100,0,0,0.0000,0.0100,2066,47,2019,0
636,1881604470,azul,verde,modelo_proposto,azul,0,-3,12,90,120,0.7500,0.0000,250,84,91,75
636,1881604470,azul,vermelho,reativa,azul,0,-3,12,120,120,1.0000,0.0000,187,6,181,0
636,1881604470,azul,azul,reativa,azul,1,3,12,30,0,30.0000,0.0833,256,3,253,0
637,1256005152,verde,verde,modelo_proposto,vermelho,0,-3,21,90,120,0.7500,0.0000,369,85,209,75
637,1256005152,verde,vermelho,reativa,vermelho,1,3,21,30,0,30.0000,0.0476,492,2,490,0
637,1256005152,verde,azul,reativa,vermelho,0,-3,21,120,120,1.0000,0.0000,404,7,397,0
638,866370088,vermelho,verde,modelo_proposto,empate,0,-1,100,90,120,0.7500,0.1818,429,137,167,125
638,866370088,vermelho,vermelho,reativa,empate,0,-1,100,0,0,0.0000,0.0100,2054,1,2053,0
638,866370088,vermelho,azul,reativa,empate,0,-1,100,120,90,1.3333,0.0000,1793,50,1743,0
639,453976170,azul,verde,modelo_proposto,azul,0,-3,17,120,120,1.0000,0.4375,468,138,208,122
639,453976170,azul,vermelho,reativa,azul,0,-3,17,90,120,0.7500,0.7143,83,7,76,0
639,453976170,azul,azul,reativa,azul,1,3,17,30,0,30.0000,0.1176,334,2,332,0
640,960568082,verde,verde,modelo_proposto,verde,1,3,17,30,0,30.0000,0.1176,343,56,237,50
640,960568082,verde,vermelho,reativa,verde,0,-3,17,120,120,1.0000,0.0625,315,10,305,0
640,960568082,verde,azul,reativa,verde,0,-3,17,90,120,0.7500,0.0667,312,9,303,0
641,1262463845,vermelho,verde,modelo_proposto,vermelho,0,-3,20,90,120,0.7500,0.0000,238,82,82,74
641,1262463845,vermelho,vermelho,reativa,vermelho,1,3,20,30,30,1.0000,0.0000,476,2,474,0
641,1262463845,vermelho,azul,reativa,vermelho,0,-3,20,150,120,1.2500,0.0000,340,9,331,0
642,1248811076,azul,verde,modelo_proposto,verde,1,3,12,30,0,30.0000,0.0000,140,29,86,25
642,1248811076,azul,vermelho,reativa,verde,0,-3,12,80,120,0.6667,0.0000,84,8,76,0
642,1248811076,azul,azul,reativa,verde,0,-3,12,120,110,1.0909,0.4545,184,9,175,0
643,1493478306,verde,verde,modelo_proposto,azul,0,-3,19,90,120,0.7500,0.2222,388,112,176,100
643,1493478306,verde,vermelho,reativa,azul,0,-3,19,150,120,1.2500,0.0526,354,9,345,0
643,1493478306,verde,azul,reativa,azul,1,3,19,30,30,1.0000,0.0526,447,2,445,0
644,665279136,vermelho,verde,modelo_proposto,azul,0,-3,22,90,120,0.7500,0.0769,355,83,197,75
644,665279136,vermelho,vermelho,reativa,azul,0,-3,22,150,120,1.2500,0.0455,441,10,431,0
644,665279136,vermelho,azul,reativa,azul,1,3,22,30,30,1.0000,0.0000,429,2,427,0
645,218716618,azul,verde,modelo_proposto,verde,1,3,28,30,0,30.0000,0.1852,261,29,207,25
645,218716618,azul,vermelho,reativa,verde,0,-3,28,120,120,1.0000,0.0000,553,12,541,0
645,218716618,azul,azul,reativa,verde,0,-3,28,90,120,0.7500,0.0000,123,6,117,0
646,640258826,verde,verde,modelo_proposto,vermelho,0,-3,10,60,120,0.5000,0.1250,268,79,114,75
646,640258826,verde,vermelho,reativa,vermelho,1,3,10,60,30,2.0000,0.0000,207,5,202,0
646,640258826,verde,azul,reativa,vermelho,0,-3,10,150,120,1.2500,0.0000,111,10,101,0
647,1496625869,vermelho,verde,modelo_proposto,empate,0,-1,100,0,30,0.0000,0.0202,1647,19,1609,19
647,1496625869,vermelho,vermelho,reativa,empate,0,-1,100,30,0,30.0000,0.0100,1862,4,1858,0
647,1496625869,vermelho,azul,reativa,empate,0,-1,100,0,0,0.0000,0.0000,2549,0,2549,0
648,129953772,azul,verde,modelo_proposto,azul,0,-3,22,90,100,0.9000,0.4167,453,132,203,118
648,129953772,azul,vermelho,reativa,azul,0,-3,22,100,120,0.8333,0.0000,434,9,425,0
648,129953772,azul,azul,reativa,azul,1,3,22,30,0,30.0000,0.1818,496,3,493,0
649,198795325,verde,verde,modelo_proposto,azul,0,-3,32,60,120,0.5000,0.0000,241,77,95,69
649,198795325,verde,vermelho,reativa,azul,0,-3,32,150,120,1.2500,0.0000,607,10,597,0
649,198795325,verde,azul,reativa,azul,1,3,32,60,30,2.0000,0.0313,658,4,654,0
650,1092198279,vermelho,verde,modelo_proposto,verde,1,3,12,30,30,1.0000,0.0909,136,28,83,25
650,1092198279,vermelho,vermelho,reativa,verde,0,-3,12,150,120,1.2500,0.0000,149,12,137,0
650,1092198279,vermelho,azul,reativa,verde,0,-3,12,90,120,0.7500,0.1429,101,7,94,0
651,779591759,azul,verde,modelo_proposto,verde,1,3,14,30,0,30.0000,0.0000,89,2,87,0
651,779591759,azul,vermelho,reativa,verde,0,-3,14,120,120,1.0000,0.0000,208,9,199,0
651,779591759,azul,azul,reativa,verde,0,-3,14,90,120,0.7500,0.0000,128,7,121,0
652,1317852308,verde,verde,modelo_proposto,vermelho,0,-3,22,150,120,1.2500,0.0909,422,98,244,80
652,1317852308,verde,vermelho,reativa,vermelho,1,3,22,30,30,1.0000,0.4545,429,9,420,0
652,1317852308,verde,azul,reativa,vermelho,0,-3,22,90,120,0.7500,0.0000,324,10,314,0
653,1288168034,vermelho,verde,modelo_proposto,vermelho,0,-3,16,100,100,1.0000,0.1538,456,132,233,91
653,1288168034,vermelho,vermelho,reativa,vermelho,1,3,16,100,70,1.4286,0.3750,298,14,284,0
653,1288168034,vermelho,azul,reativa,vermelho,0,-3,16,90,120,0.7500,0.2000,290,6,284,0
654,770170329,azul,verde,modelo_proposto,azul,0,-3,13,120,120,1.0000,0.0000,415,109,210,96
654,770170329,azul,vermelho,reativa,azul,0,-3,13,90,120,0.7500,0.0000,121,6,115,0
654,770170329,azul,azul,reativa,azul,1,3,13,30,0,30.0000,0.0000,292,2,290,0
655,1802537942,verde,verde,modelo_proposto,vermelho,0,-3,14,90,120,0.7500,0.1000,257,83,99,75
655,1802537942,verde,vermelho,reativa,vermelho,1,3,14,30,0,30.0000,0.0714,299,4,295,0
655,1802537942,verde,azul,reativa,vermelho,0,-3,14,120,120,1.0000,0.0000,236,7,229,0
656,714072783,vermelho,verde,modelo_proposto,verde,1,3,10,90,30,3.0000,0.1111,156,32,99,25
656,714072783,vermelho,vermelho,reativa,verde,0,-3,10,120,120,1.0000,0.0000,133,11,122,0
656,714072783,vermelho,azul,reativa,verde,0,-3,10,60,120,0.5000,0.0000,126,4,122,0
657,1894773843,azul,verde,modelo_proposto,vermelho,0,-3,23,60,120,0.5000,0.0000,221,67,91,63
657,1894773843,azul,vermelho,reativa,vermelho,1,3,23,60,60,1.0000,0.0455,452,5,447,0
657,1894773843,azul,azul,reativa,vermelho,0,-3,23,180,120,1.5000,0.0000,386,12,374,0
658,1299649723,verde,verde,modelo_proposto,verde,1,3,25,30,60,0.5000,0.0400,332,51,231,50
658,1299649723,verde,vermelho,reativa,verde,0,-3,25,180,120,1.5000,0.0000,444,13,431,0
658,1299649723,verde,azul,reativa,verde,0,-3,25,90,120,0.7500,0.0000,151,8,143,0
659,951999122,vermelho,verde,modelo_proposto,empate,0,-1,100,120,90,1.3333,0.0000,877,105,682,90
659,951999122,vermelho,vermelho,reativa,empate,0,-1,100,0,0,0.0000,0.0000,1807,45,1762,0
659,951999122,vermelho,azul,reativa,empate,0,-1,100,90,120,0.7500,0.0667,312,8,304,0
660,2094539556,azul,verde,modelo_proposto,vermelho,0,-3,11,120,120,1.0000,0.0000,265,69,138,58
660,2094539556,azul,vermelho,reativa,vermelho,1,3,11,30,0,30.0000,0.2000,232,2,230,0
660,2094539556,azul,azul,reativa,vermelho,0,-3,11,90,120,0.7500,0.0000,82,5,77,0
661,1988806916,verde,verde,modelo_proposto,empate,0,-1,100,0,0,0.0000,0.0000,1343,0,1343,0
661,1988806916,verde,vermelho,reativa,empate,0,-1,100,90,120,0.7500,0.0000,167,7,160,0
661,1988806916,verde,azul,reativa,empate,0,-1,100,120,90,1.3333,0.4000,2012,8,2004,0
662,589686748,vermelho,verde,modelo_proposto,vermelho,0,-3,16,150,120,1.2500,0.1333,393,114,181,98
662,589686748,vermelho,vermelho,reativa,vermelho,1,3,16,30,30,1.0000,0.0000,360,3,357,0
662,589686748,vermelho,azul,reativa,vermelho,0,-3,16,90,120,0.7500,0.0000,55,5,50,0
663,2020755370,azul,verde,modelo_proposto,vermelho,0,-3,19,140,110,1.2727,0.3333,376,98,193,85
663,2020755370,azul,vermelho,reativa,vermelho,1,3,19,30,30,1.0000,0.0556,428,2,426,0
663,2020755370,azul,azul,reativa,vermelho,0,-3,19,80,110,0.7273,0.6667,81,5,76,0
664,880251236,verde,verde,modelo_proposto,empate,0,-1,100,0,0,0.0000,0.0100,1681,45,1636,0
664,880251236,verde,vermelho,reativa,empate,0,-1,100,90,120,0.7500,0.0000,96,6,90,0
664,880251236,verde,azul,reativa,empate,0,-1,100,120,90,1.3333,0.0000,1923,52,1871,0
665,495973414,vermelho,verde,modelo_proposto,azul,0,-3,11,120,120,1.0000,0.0000,385,110,178,97
665,495973414,vermelho,vermelho,reativa,azul,0,-3,11,90,120,0.7500,0.0000,105,5,100,0
665,495973414,vermelho,azul,reativa,azul,1,3,11,30,0,30.0000,0.0000,250,2,248,0
666,984970438,azul,verde,modelo_proposto,vermelho,0,-3,13,90,120,0.7500,0.0000,301,85,141,75
666,984970438,azul,vermelho,reativa,vermelho,1,3,13,30,30,1.0000,0.0000,286,1,285,0
666,984970438,azul,azul,reativa,vermelho,0,-3,13,150,120,1.2500,0.0000,177,8,169,0
667,220068118,verde,verde,modelo_proposto,vermelho,0,-3,20,70,100,0.7000,0.3333,330,83,172,75
667,220068118,verde,vermelho,reativa,vermelho,1,3,20,30,0,30.0000,0.0000,460,2,458,0
667,220068118,verde,azul,reativa,vermelho,0,-3,20,100,100,1.0000,0.3158,378,6,372,0
668,1454005916,vermelho,verde,modelo_proposto,verde,1,3,17,30,30,1.0000,0.1875,131,28,78,25
668,1454005916,vermelho,vermelho,reativa,verde,0,-3,17,90,120,0.7500,0.1111,155,6,149,0
668,1454005916,vermelho,azul,reativa,verde,0,-3,17,150,120,1.2500,0.0625,277,10,267,0
669,111536335,azul,verde,modelo_proposto,verde,1,3,18,30,0,30.0000,0.0588,113,21,75,17
669,111536335,azul,vermelho,reativa,verde,0,-3,18,120,120,1.0000,0.0625,281,9,272,0
669,111536335,azul,azul,reativa,verde,0,-3,18,90,120,0.7500,0.0000,244,6,238,0
670,228923756,verde,verde,modelo_proposto,azul,0,-3,18,120,120,1.0000,0.0000,471,113,258,100
670,228923756,verde,vermelho,reativa,azul,0,-3,18,90,120,0.7500,0.0000,257,4,253,0
670,228923756,verde,azul,reativa,azul,1,3,18,30,0,30.0000,0.0000,412,2,410,0
671,1575262061,vermelho,verde,modelo_proposto,vermelho,0,-3,19,90,120,0.7500,0.0000,285,80,132,73
671,1575262061,vermelho,vermelho,reativa,vermelho,1,3,19,30,30,1.0000,0.1579,435,2,433,0
671,1575262061,vermelho,azul,reativa,vermelho,0,-3,19,150,120,1.2500,0.0000,302,9,293,0
672,1373973555,azul,verde,modelo_proposto,verde,1,3,33,30,0,30.0000,0.1563,304,29,250,25
672,1373973555,azul,vermelho,reativa,verde,0,-3,33,90,120,0.7500,0.1111,146,7,139,0
672,1373973555,azul,azul,reativa,verde,0,-3,33,120,120,1.0000,0.0625,668,9,659,0
673,192519457,verde,verde,modelo_proposto,verde,1,3,16,30,0,30.0000,0.0000,166,3,163,0
673,192519457,verde,vermelho,reativa,verde,0,-3,16,120,120,1.0000,0.0000,273,8,265,0
673,192519457,verde,azul,reativa,verde,0,-3,16,90,120,0.7500,0.0000,158,6,152,0
674,944968278,vermelho,verde,modelo_proposto,verde,1,3,17,30,60,0.5000,0.0000,256,44,162,50
674,944968278,vermelho,vermelho,reativa,verde,0,-3,17,90,120,0.7500,0.0000,159,6,153,0
674,944968278,vermelho,azul,reativa,verde,0,-3,17,180,120,1.5000,0.0000,268,13,255,0
675,2011085058,azul,verde,modelo_proposto,vermelho,0,-3,19,120,120,1.0000,0.0000,439,110,232,97
675,2011085058,azul,vermelho,reativa,vermelho,1,3,19,30,0,30.0000,0.1111,379,2,377,0
675,2011085058,azul,azul,reativa,vermelho,0,-3,19,90,120,0.7500,0.0000,275,4,271,0
676,88572083,verde,verde,modelo_proposto,azul,0,-3,11,120,120,1.0000,0.0000,309,86,148,75
676,88572083,verde,vermelho,reativa,azul,0,-3,11,90,120,0.7500,0.0000,56,5,51,0
676,88572083,verde,azul,reativa,azul,1,3,11,30,0,30.0000,0.0909,244,2,242,0
677,1970560963,vermelho,verde,modelo_proposto,verde,1,3,28,30,30,1.0000,0.0741,227,28,174,25
677,1970560963,vermelho,vermelho,reativa,verde,0,-3,28,90,120,0.7500,0.1250,305,7,298,0
677,1970560963,vermelho,azul,reativa,verde,0,-3,28,150,120,1.2500,0.0741,552,11,541,0
678,307584755,azul,verde,modelo_proposto,vermelho,0,-3,17,90,120,0.7500,0.0000,241,76,99,66
678,307584755,azul,vermelho,reativa,vermelho,1,3,17,30,0,30.0000,0.0000,339,4,335,0
678,307584755,azul,azul,reativa,vermelho,0,-3,17,120,120,1.0000,0.0000,289,6,283,0
679,1869256894,verde,verde,modelo_proposto,empate,0,-1,100,0,0,0.0000,0.0000,1969,49,1920,0
679,1869256894,verde,vermelho,reativa,empate,0,-1,100,0,0,0.0000,0.0000,2050,90,1960,0
679,1869256894,verde,azul,reativa,empate,0,-1,100,0,0,0.0000,0.0000,1548,4,1544,0
680,79134275,vermelho,verde,modelo_proposto,azul,0,-3,11,120,120,1.0000,0.0000,299,88,135,76
680,79134275,vermelho,vermelho,reativa,azul,0,-3,11,90,120,0.7500,0.1429,105,5,100,0
680,79134275,vermelho,azul,reativa,azul,1,3,11,30,0,30.0000,0.0000,259,4,255,0
681,1664664159,azul,verde,modelo_proposto,azul,0,-3,15,120,120,1.0000,0.0000,314,85,155,74
681,1664664159,azul,vermelho,reativa,azul,0,-3,15,90,120,0.7500,0.0000,82,5,77,0
681,1664664159,azul,azul,reativa,azul,1,3,15,30,0,30.0000,0.0000,338,2,336,0
682,460515643,verde,verde,modelo_proposto,vermelho,0,-3,23,60,120,0.5000,0.0000,320,84,162,74
682,460515643,verde,vermelho,reativa,vermelho,1,3,23,60,60,1.0000,0.0870,517,4,513,0
682,460515643,verde,azul,reativa,vermelho,0,-3,23,180,120,1.5000,0.0000,409,11,398,0
683,947373156,vermelho,verde,modelo_proposto,azul,0,-3,18,150,120,1.2500,0.0000,503,131,248,124
683,947373156,vermelho,vermelho,reativa,azul,0,-3,18,90,120,0.7500,0.0000,80,5,75,0
683,947373156,vermelho,azul,reativa,azul,1,3,18,30,30,1.0000,0.0000,425,2,423,0
684,2132834058,azul,verde,modelo_proposto,verde,1,3,18,30,30,1.0000,0.1176,155,20,118,17
684,2132834058,azul,vermelho,reativa,verde,0,-3,18,90,120,0.7500,0.0000,170,7,163,0
684,2132834058,azul,azul,reativa,verde,0,-3,18,150,120,1.2500,0.0000,281,13,268,0
685,1519292891,verde,verde,modelo_proposto,azul,0,-3,19,90,120,0.7500,0.0000,302,83,144,75
685,1519292891,verde,vermelho,reativa,azul,0,-3,19,120,120,1.0000,0.0000,381,6,375,0
685,1519292891,verde,azul,reativa,azul,1,3,19,30,0,30.0000,0.0526,433,2,431,0
686,1220596411,vermelho,verde,modelo_proposto,azul,0,-3,22,90,120,0.7500,0.2143,272,84,113,75
686,1220596411,vermelho,vermelho,reativa,azul,0,-3,22,120,120,1.0000,0.0000,454,8,446,0
686,1220596411,vermelho,azul,reativa,azul,1,3,22,30,0,30.0000,0.0000,472,4,468,0
687,1048016289,azul,verde,modelo_proposto,verde,1,3,10,30,0,30.0000,0.1111,96,3,93,0
687,1048016289,azul,vermelho,reativa,verde,0,-3,10,120,120,1.0000,0.1250,110,9,101,0
687,1048016289,azul,azul,reativa,verde,0,-3,10,90,120,0.7500,0.0000,133,7,126,0
688,522013940,verde,verde,modelo_proposto,azul,0,-3,17,60,120,0.5000,0.0833,351,82,194,75
688,522013940,verde,vermelho,reativa,azul,0,-3,17,180,120,1.5000,0.1176,290,11,279,0
688,522013940,verde,azul,reativa,azul,1,3,17,60,60,1.0000,0.0000,381,4,377,0
689,1709267489,vermelho,verde,modelo_proposto,azul,0,-3,20,120,120,1.0000,0.0526,433,114,219,100
689,1709267489,vermelho,vermelho,reativa,azul,0,-3,20,90,120,0.7500,0.0000,286,4,282,0
689,1709267489,vermelho,azul,reativa,azul,1,3,20,30,0,30.0000,0.1000,469,2,467,0
690,1729243779,azul,verde,modelo_proposto,vermelho,0,-3,18,120,120,1.0000,0.4118,524,164,217,143
690,1729243779,azul,vermelho,reativa,vermelho,1,3,18,30,0,30.0000,0.1176,378,2,376,0
690,1729243779,azul,azul,reativa,vermelho,0,-3,18,90,120,0.7500,0.5000,222,8,214,0
691,1784580866,verde,verde,modelo_proposto,azul,0,-3,12,110,110,1.0000,0.4167,385,113,172,100
691,1784580866,verde,vermelho,reativa,azul,0,-3,12,80,110,0.7273,0.2857,109,7,102,0
691,1784580866,verde,azul,reativa,azul,1,3,12,30,0,30.0000,0.0000,264,2,262,0
692,1491450575,vermelho,verde,modelo_proposto,verde,1,3,13,30,30,1.0000,0.0833,136,23,94,19
692,1491450575,vermelho,vermelho,reativa,verde,0,-3,13,150,120,1.2500,0.0000,195,15,180,0
692,1491450575,vermelho,azul,reativa,verde,0,-3,13,90,120,0.7500,0.0000,84,7,77,0
693,1568923797,azul,verde,modelo_proposto,azul,0,-3,21,90,120,0.7500,0.0000,321,82,165,74
693,1568923797,azul,vermelho,reativa,azul,0,-3,21,150,120,1.2500,0.0000,355,10,345,0
693,1568923797,azul,azul,reativa,azul,1,3,21,30,30,1.0000,0.0000,473,1,472,0
694,362309885,verde,verde,modelo_proposto,vermelho,0,-3,14,90,120,0.7500,0.0000,523,118,282,123
694,362309885,verde,vermelho,reativa,vermelho,1,3,14,150,60,2.5000,0.0000,242,12,230,0
694,362309885,verde,azul,reativa,vermelho,0,-3,14,60,120,0.5000,0.0000,182,6,176,0
695,2101121314,vermelho,verde,modelo_proposto,verde,1,3,13,30,30,1.0000,0.0833,237,79,110,48
695,2101121314,vermelho,vermelho,reativa,verde,0,-3,13,150,120,1.2500,0.0000,192,14,178,0
695,2101121314,vermelho,azul,reativa,verde,0,-3,13,90,120,0.7500,0.0000,184,6,178,0
696,1869267578,azul,verde,modelo_proposto,vermelho,0,-3,14,90,120,0.7500,0.0833,430,119,189,122
696,1869267578,azul,vermelho,reativa,vermelho,1,3,14,30,0,30.0000,0.0000,282,2,280,0
696,1869267578,azul,azul,reativa,vermelho,0,-3,14,120,120,1.0000,0.0000,225,8,217,0
697,594861639,verde,verde,modelo_proposto,empate,0,-1,100,0,0,0.0000,0.0000,2065,49,2016,0
697,594861639,verde,vermelho,reativa,empate,0,-1,100,0,0,0.0000,0.0000,2022,49,1973,0
697,594861639,verde,azul,reativa,empate,0,-1,100,0,0,0.0000,0.0100,2593,0,2593,0
698,562332132,vermelho,verde,modelo_proposto,vermelho,0,-3,17,150,120,1.2500,0.0000,615,158,307,150
698,562332132,vermelho,vermelho,reativa,vermelho,1,3,17,30,30,1.0000,0.2353,401,2,399,0
698,562332132,vermelho,azul,reativa,vermelho,0,-3,17,90,120,0.7500,0.0000,132,5,127,0
699,141045692,azul,verde,modelo_proposto,azul,0,-3,16,90,120,0.7500,0.0000,340,112,128,100
699,141045692,azul,vermelho,reativa,azul,0,-3,16,150,120,1.2500,0.0000,256,8,248,0
699,141045692,azul,azul,reativa,azul,1,3,16,30,30,1.0000,0.0000,347,2,345,0
700,893437542,verde,verde,modelo_proposto,verde,1,3,15,30,0,30.0000,0.0000,74,2,72,0
700,893437542,verde,vermelho,reativa,verde,0,-3,15,120,120,1.0000,0.0714,250,9,241,0
700,893437542,verde,azul,reativa,verde,0,-3,15,90,120,0.7500,0.0000,83,7,76,0
701,1356990828,vermelho,verde,modelo_proposto,vermelho,0,-3,19,120,120,1.0000,0.0000,334,86,173,75
701,1356990828,vermelho,vermelho,reativa,vermelho,1,3,19,30,0,30.0000,0.2105,410,2,408,0
701,1356990828,vermelho,azul,reativa,vermelho,0,-3,19,90,120,0.7500,0.0000,54,5,49,0
702,758057594,azul,verde,modelo_proposto,verde,1,3,23,30,0,30.0000,0.1818,429,80,277,72
702,758057594,azul,vermelho,reativa,verde,0,-3,23,90,120,0.7500,0.0000,58,6,52,0
702,758057594,azul,azul,reativa,verde,0,-3,23,120,120,1.0000,0.0000,455,9,446,0
703,1224258741,verde,verde,modelo_proposto,azul,0,-3,13,70,100,0.7000,0.7143,247,71,115,61
703,1224258741,verde,vermelho,reativa,azul,0,-3,13,130,110,1.1818,0.4615,186,11,175,0
703,1224258741,verde,azul,reativa,azul,1,3,13,40,30,1.3333,0.0000,278,5,273,0
704,1738688665,vermelho,verde,modelo_proposto,azul,0,-3,22,120,120,1.0000,0.0000,424,106,226,92
704,1738688665,vermelho,vermelho,reativa,azul,0,-3,22,90,120,0.7500,0.0000,254,4,250,0
704,1738688665,vermelho,azul,reativa,azul,1,3,22,30,0,30.0000,0.0000,472,2,470,0
705,284656161,azul,verde,modelo_proposto,vermelho,0,-3,18,90,120,0.7500,0.0000,268,85,108,75
705,284656161,azul,vermelho,reativa,vermelho,1,3,18,30,10,3.0000,0.1765,349,2,347,0
705,284656161,azul,azul,reativa,vermelho,0,-3,18,130,120,1.0833,0.1176,282,9,273,0
706,1037174125,verde,verde,modelo_proposto,azul,0,-3,14,90,120,0.7500,0.0000,245,83,87,75
706,1037174125,verde,vermelho,reativa,azul,0,-3,14,120,120,1.0000,0.0000,254,7,247,0
706,1037174125,verde,azul,reativa,azul,1,3,14,30,0,30.0000,0.2143,319,2,317,0
707,1145925364,vermelho,verde,modelo_proposto,azul,0,-3,32,90,120,0.7500,0.0000,414,98,219,97
707,1145925364,vermelho,vermelho,reativa,azul,0,-3,32,120,120,1.0000,0.0000,692,9,683,0
707,1145925364,vermelho,azul,reativa,azul,1,3,32,30,0,30.0000,0.0938,730,3,727,0
708,79466218,azul,verde,modelo_proposto,vermelho,0,-3,16,120,120,1.0000,0.3333,336,79,189,68
708,79466218,azul,vermelho,reativa,vermelho,1,3,16,30,0,30.0000,0.0667,313,2,311,0
708,79466218,azul,azul,reativa,vermelho,0,-3,16,90,120,0.7500,0.0000,132,5,127,0
709,508015536,verde,verde,modelo_proposto,vermelho,0,-3,54,70,100,0.7000,0.1071,651,85,491,75
709,508015536,verde,vermelho,reativa,vermelho,1,3,54,30,30,1.0000,0.0185,836,3,833,0
709,508015536,verde,azul,reativa,vermelho,0,-3,54,130,100,1.3000,0.1887,1081,8,1073,0
710,302173163,vermelho,verde,modelo_proposto,azul,0,-3,23,90,120,0.7500,0.0769,442,100,242,100
710,302173163,vermelho,vermelho,reativa,azul,0,-3,23,120,120,1.0000,0.0435,471,7,464,0
710,302173163,vermelho,azul,reativa,azul,1,3,23,30,0,30.0000,0.0435,534,2,532,0
711,491820749,azul,verde,modelo_proposto,azul,0,-3,15,120,120,1.0000,0.1429,436,113,223,100
711,491820749,azul,vermelho,reativa,azul,0,-3,15,90,120,0.7500,0.0000,183,4,179,0
711,491820749,azul,azul,reativa,azul,1,3,15,30,0,30.0000,0.0000,361,2,359,0
712,247657394,verde,verde,modelo_proposto,azul,0,-3,12,120,120,1.0000,0.0000,380,132,148,100
712,247657394,verde,vermelho,reativa,azul,0,-3,12,90,120,0.7500,0.0000,195,6,189,0
712,247657394,verde,azul,reativa,azul,1,3,12,30,0,30.0000,0.0833,282,2,280,0
713,1776086572,vermelho,verde,modelo_proposto,azul,0,-3,22,120,120,1.0000,0.0952,327,77,184,66
713,1776086572,vermelho,vermelho,reativa,azul,0,-3,22,90,120,0.7500,0.1429,108,6,102,0
713,1776086572,vermelho,azul,reativa,azul,1,3,22,30,0,30.0000,0.0455,457,2,455,0
714,1632761478,azul,verde,modelo_proposto,azul,0,-3,17,90,120,0.7500,0.0769,270,84,111,75
714,1632761478,azul,vermelho,reativa,azul,0,-3,17,150,120,1.2500,0.0000,276,9,267,0
714,1632761478,azul,azul,reativa,azul,1,3,17,30,30,1.0000,0.3529,402,2,400,0
715,231975991,verde,verde,modelo_proposto,vermelho,0,-3,14,150,120,1.2500,0.1429,578,165,264,149
715,231975991,verde,vermelho,reativa,vermelho,1,3,14,120,90,1.3333,0.0000,261,10,251,0
715,231975991,verde,azul,reativa,vermelho,0,-3,14,60,120,0.5000,0.2500,157,7,150,0
716,733326103,vermelho,verde,modelo_proposto,azul,0,-3,10,90,120,0.7500,0.0000,244,83,86,75
716,733326103,vermelho,vermelho,reativa,azul,0,-3,10,150,120,1.2500,0.0000,137,9,128,0
716,733326103,vermelho,azul,reativa,azul,1,3,10,30,30,1.0000,0.1000,228,2,226,0
717,1411364412,azul,verde,modelo_proposto,vermelho,0,-3,11,90,120,0.7500,0.0000,341,102,150,89
717,1411364412,azul,vermelho,reativa,vermelho,1,3,11,30,0,30.0000,0.1000,230,2,228,0
717,1411364412,azul,azul,reativa,vermelho,0,-3,11,120,120,1.0000,0.0000,154,7,147,0
718,1200314224,verde,verde,modelo_proposto,vermelho,0,-3,23,90,120,0.7500,0.0000,271,81,119,71
718,1200314224,verde,vermelho,reativa,vermelho,1,3,23,30,30,1.0000,0.0000,521,2,519,0
718,1200314224,verde,azul,reativa,vermelho,0,-3,23,150,120,1.2500,0.0909,389,9,380,0
719,1259110644,vermelho,verde,modelo_proposto,vermelho,0,-3,12,120,120,1.0000,0.0909,305,86,144,75
719,1259110644,vermelho,vermelho,reativa,vermelho,1,3,12,30,0,30.0000,0.0000,282,2,280,0
719,1259110644,vermelho,azul,reativa,vermelho,0,-3,12,90,120,0.7500,0.0000,134,5,129,0
720,447719130,azul,verde,modelo_proposto,empate,0,-1,100,0,30,0.0000,0.0000,3832,1013,1899,920
720,447719130,azul,vermelho,reativa,empate,0,-1,100,0,0,0.0000,0.0000,2523,0,2523,0
720,447719130,azul,azul,reativa,empate,0,-1,100,30,0,30.0000,0.0000,2013,4,2009,0
721,1722184469,verde,verde,modelo_proposto,vermelho,0,-3,19,90,120,0.7500,0.0000,274,85,114,75
721,1722184469,verde,vermelho,reativa,vermelho,1,3,19,30,30,1.0000,0.0000,442,2,440,0
721,1722184469,verde,azul,reativa,vermelho,0,-3,19,150,120,1.2500,0.0000,322,8,314,0
722,327044082,vermelho,verde,modelo_proposto,verde,1,3,12,30,30,1.0000,0.2727,119,29,65,25
722,327044082,vermelho,vermelho,reativa,verde,0,-3,12,150,120,1.2500,0.0000,160,10,150,0
722,327044082,vermelho,azul,reativa,verde,0,-3,12,90,120,0.7500,0.0000,32,6,26,0
723,592593125,azul,verde,modelo_proposto,vermelho,0,-3,11,120,120,1.0000,0.0000,305,86,144,75
723,592593125,azul,vermelho,reativa,vermelho,1,3,11,30,0,30.0000,0.1000,232,2,230,0
723,592593125,azul,azul,reativa,vermelho,0,-3,11,90,120,0.7500,0.0000,80,5,75,0
724,580558835,verde,verde,modelo_proposto,azul,0,-3,12,120,120,1.0000,0.0000,266,74,129,63
724,580558835,verde,vermelho,reativa,azul,0,-3,12,90,120,0.7500,0.2500,110,5,105,0
724,580558835,verde,azul,reativa,azul,1,3,12,30,0,30.0000,0.0000,264,2,262,0
725,1641414582,vermelho,verde,modelo_proposto,verde,1,3,18,30,60,0.5000,0.0000,241,51,142,48
725,1641414582,vermelho,vermelho,reativa,verde,0,-3,18,90,120,0.7500,0.0000,129,7,122,0
725,1641414582,vermelho,azul,reativa,verde,0,-3,18,180,120,1.5000,0.3529,286,14,272,0
726,1314131657,azul,verde,modelo_proposto,empate,0,-1,100,0,0,0.0000,0.0000,1962,49,1913,0
726,1314131657,azul,vermelho,reativa,empate,0,-1,100,0,0,0.0000,0.0202,2543,0,2543,0
726,1314131657,azul,azul,reativa,empate,0,-1,100,0,0,0.0000,0.0000,1346,49,1297,0
727,2077249961,verde,verde,modelo_proposto,azul,0,-3,10,120,120,1.0000,0.0000,378,113,165,100
727,2077249961,verde,vermelho,reativa,azul,0,-3,10,90,120,0.7500,0.0000,80,5,75,0
727,2077249961,verde,azul,reativa,azul,1,3,10,30,0,30.0000,0.1000,232,2,230,0
728,626421707,vermelho,verde,modelo_proposto,azul,0,-3,17,90,120,0.7500,0.0000,333,87,172,74
728,626421707,vermelho,vermelho,reativa,azul,0,-3,17,120,120,1.0000,0.0000,284,10,274,0
728,626421707,vermelho,azul,reativa,azul,1,3,17,30,0,30.0000,0.0588,376,2,374,0
729,1432468837,azul,verde,modelo_proposto,vermelho,0,-3,11,120,120,1.0000,0.0000,379,113,166,100
729,1432468837,azul,vermelho,reativa,vermelho,1,3,11,30,0,30.0000,0.0000,230,2,228,0
729,1432468837,azul,azul,reativa,vermelho,0,-3,11,90,120,0.7500,0.0000,81,5,76,0
730,2024764721,verde,verde,modelo_proposto,vermelho,0,-3,24,120,120,1.0000,0.0526,558,192,269,97
730,2024764721,verde,vermelho,reativa,vermelho,1,3,24,60,60,1.0000,0.0417,529,5,524,0
730,2024764721,verde,azul,reativa,vermelho,0,-3,24,120,120,1.0000,0.0000,438,11,427,0
731,1142105127,vermelho,verde,modelo_proposto,azul,0,-3,8,60,120,0.5000,0.0000,291,83,133,75
731,1142105127,vermelho,vermelho,reativa,azul,0,-3,8,120,120,1.0000,0.0000,103,10,93,0
731,1142105127,vermelho,azul,reativa,azul,1,3,8,60,0,60.0000,0.1250,142,7,135,0
732,356399633,azul,verde,modelo_proposto,empate,0,-1,100,90,120,0.7500,0.3333,246,84,87,75
732,356399633,azul,vermelho,reativa,empate,0,-1,100,0,0,0.0000,0.0000,1930,44,1886,0
732,356399633,azul,azul,reativa,empate,0,-1,100,120,90,1.3333,0.0000,1962,52,1910,0
733,275188426,verde,verde,modelo_proposto,azul,0,-3,11,150,120,1.2500,0.0000,370,110,165,95
733,275188426,verde,vermelho,reativa,azul,0,-3,11,90,120,0.7500,0.0000,31,5,26,0
733,275188426,verde,azul,reativa,azul,1,3,11,30,30,1.0000,0.0000,254,3,251,0
734,1434154751,vermelho,verde,modelo_proposto,azul,0,-3,15,150,120,1.2500,0.0000,461,139,198,124
734,1434154751,vermelho,vermelho,reativa,azul,0,-3,15,90,120,0.7500,0.0000,74,4,70,0
734,1434154751,vermelho,azul,reativa,azul,1,3,15,30,30,1.0000,0.0000,299,2,297,0
735,1801140829,azul,verde,modelo_proposto,verde,1,3,20,30,30,1.0000,0.0000,330,34,272,24
735,1801140829,azul,vermelho,reativa,verde,0,-3,20,90,120,0.7500,0.0000,239,10,229,0
735,1801140829,azul,azul,reativa,verde,0,-3,20,150,120,1.2500,0.0000,323,17,306,0
736,1993507864,verde,verde,modelo_proposto,empate,0,-1,100,90,120,0.7500,0.0000,244,83,86,75
736,1993507864,verde,vermelho,reativa,empate,0,-1,100,0,0,0.0000,0.0000,1892,0,1892,0
736,1993507864,verde,azul,reativa,empate,0,-1,100,120,90,1.3333,0.0000,1795,7,1788,0
737,2023364721,vermelho,verde,modelo_proposto,verde,1,3,16,30,30,1.0000,0.2667,429,68,287,74
737,2023364721,vermelho,vermelho,reativa,verde,0,-3,16,120,120,1.0000,0.4444,136,9,127,0
737,2023364721,vermelho,azul,reativa,verde,0,-3,16,120,120,1.0000,0.0667,289,13,276,0
738,134698184,azul,verde,modelo_proposto,azul,0,-3,11,120,120,1.0000,0.0000,377,113,164,100
738,134698184,azul,vermelho,reativa,azul,0,-3,11,90,120,0.7500,0.0000,105,4,101,0
738,134698184,azul,azul,reativa,azul,1,3,11,30,0,30.0000,0.0000,250,2,248,0
739,1583040395,verde,verde,modelo_proposto,azul,0,-3,15,90,120,0.7500,0.0000,289,107,107,75
739,1583040395,verde,vermelho,reativa,azul,0,-3,15,150,120,1.2500,0.0000,262,11,251,0
739,1583040395,verde,azul,reativa,azul,1,3,15,30,30,1.0000,0.0000,363,4,359,0
740,1032295844,vermelho,verde,modelo_proposto,verde,1,3,20,90,90,1.0000,0.0526,293,84,134,75
740,1032295844,vermelho,vermelho,reativa,verde,0,-3,20,30,120,0.2500,0.0000,233,7,226,0
740,1032295844,vermelho,azul,reativa,verde,0,-3,20,210,120,1.7500,0.2632,313,14,299,0
741,1889624383,azul,verde,modelo_proposto,vermelho,0,-3,14,60,120,0.5000,0.0000,298,77,149,72
741,1889624383,azul,vermelho,reativa,vermelho,1,3,14,60,30,2.0000,0.0000,267,4,263,0
741,1889624383,azul,azul,reativa,vermelho,0,-3,14,150,120,1.2500,0.0000,209,11,198,0
742,1838169115,verde,verde,modelo_proposto,verde,1,3,15,30,60,0.5000,0.0000,294,52,195,47
742,1838169115,verde,vermelho,reativa,verde,0,-3,15,90,120,0.7500,0.0000,147,8,139,0
742,1838169115,verde,azul,reativa,verde,0,-3,15,180,120,1.5000,0.0000,179,19,160,0
743,532023419,vermelho,verde,modelo_proposto,azul,0,-3,18,60,120,0.5000,0.2500,249,76,101,72
743,532023419,vermelho,vermelho,reativa,azul,0,-3,18,150,120,1.2500,0.2778,309,10,299,0
743,532023419,vermelho,azul,reativa,azul,1,3,18,60,30,2.0000,0.0000,400,4,396,0
744,1693007723,azul,verde,modelo_proposto,verde,1,3,18,30,30,1.0000,0.0588,218,28,165,25
744,1693007723,azul,vermelho,reativa,verde,0,-3,18,150,120,1.2500,0.0000,292,11,281,0
744,1693007723,azul,azul,reativa,verde,0,-3,18,90,120,0.7500,0.0000,184,6,178,0
745,685610348,verde,verde,modelo_proposto,verde,1,3,15,30,0,30.0000,0.0000,277,30,222,25
745,685610348,verde,vermelho,reativa,verde,0,-3,15,90,120,0.7500,0.1429,262,6,256,0
745,685610348,verde,azul,reativa,verde,0,-3,15,120,120,1.0000,0.0000,253,9,244,0
746,226624391,vermelho,verde,modelo_proposto,vermelho,0,-3,19,100,110,0.9091,0.2222,466,114,253,99
746,226624391,vermelho,vermelho,reativa,vermelho,1,3,19,30,0,30.0000,0.0000,433,2,431,0
746,226624391,vermelho,azul,reativa,vermelho,0,-3,19,80,100,0.8000,0.4286,269,4,265,0
747,104280143,azul,verde,modelo_proposto,empate,0,-1,100,90,120,0.7500,0.1538,269,83,112,74
747,104280143,azul,vermelho,reativa,empate,0,-1,100,120,90,1.3333,0.0000,1902,6,1896,0
747,104280143,azul,azul,reativa,empate,0,-1,100,0,0,0.0000,0.0000,1755,0,1755,0
748,5114185,verde,verde,modelo_proposto,verde,1,3,18,20,30,0.6667,0.0000,196,27,144,25
748,5114185,verde,vermelho,reativa,verde,0,-3,18,90,120,0.7500,0.0000,104,8,96,0
748,5114185,verde,azul,reativa,verde,0,-3,18,150,110,1.3636,0.1176,293,11,282,0
749,2053688377,vermelho,verde,modelo_proposto,verde,1,3,34,30,30,1.0000,0.0303,168,24,123,21
749,2053688377,vermelho,vermelho,reativa,verde,0,-3,34,90,120,0.7500,0.0000,103,7,96,0
749,2053688377,vermelho,azul,reativa,verde,0,-3,34,150,120,1.2500,0.0606,675,10,665,0
750,1451533353,azul,verde,modelo_proposto,verde,1,3,13,30,30,1.0000,0.0000,120,28,67,25
750,1451533353,azul,vermelho,reativa,verde,0,-3,13,90,120,0.7500,0.0000,136,6,130,0
750,1451533353,azul,azul,reativa,verde,0,-3,13,150,120,1.2500,0.0000,172,13,159,0
751,1017531994,verde,verde,modelo_proposto,verde,1,3,12,30,0,30.0000,0.0833,166,29,112,25
751,1017531994,verde,vermelho,reativa,verde,0,-3,12,90,120,0.7500,0.0000,54,6,48,0
751,1017531994,verde,azul,reativa,verde,0,-3,12,120,120,1.0000,0.0000,181,8,173,0
752,40908190,vermelho,verde,modelo_proposto,vermelho,0,-3,43,120,110,1.0909,0.0476,863,124,621,118
752,40908190,vermelho,vermelho,reativa,vermelho,1,3,43,20,0,20.0000,0.0465,999,2,997,0
752,40908190,vermelho,azul,reativa,vermelho,0,-3,43,90,120,0.7500,0.0000,81,4,77,0
753,1141767897,azul,verde,modelo_proposto,verde,1,3,18,30,0,30.0000,0.0000,79,2,77,0
753,1141767897,azul,vermelho,reativa,verde,0,-3,18,120,120,1.0000,0.0000,296,8,288,0
753,1141767897,azul,azul,reativa,verde,0,-3,18,90,120,0.7500,0.0000,83,6,77,0
754,1257839479,verde,verde,modelo_proposto,azul,0,-3,10,70,100,0.7000,0.3333,245,83,87,75
754,1257839479,verde,vermelho,reativa,azul,0,-3,10,130,100,1.3000,0.6000,132,9,123,0
754,1257839479,verde,azul,reativa,azul,1,3,10,30,30,1.0000,0.0000,219,3,216,0
755,1364339178,vermelho,verde,modelo_proposto,azul,0,-3,19,150,120,1.2500,0.1111,583,159,274,150
755,1364339178,vermelho,vermelho,reativa,azul,0,-3,19,90,120,0.7500,0.0000,158,5,153,0
755,1364339178,vermelho,azul,reativa,azul,1,3,19,30,30,1.0000,0.0000,400,3,397,0
756,1135458689,azul,verde,modelo_proposto,vermelho,0,-3,15,120,120,1.0000,0.1429,567,151,274,142
756,1135458689,azul,vermelho,reativa,vermelho,1,3,15,30,0,30.0000,0.1429,325,2,323,0
756,1135458689,azul,azul,reativa,vermelho,0,-3,15,90,120,0.7500,0.0000,184,4,180,0
757,1648737985,verde,verde,modelo_proposto,azul,0,-3,11,100,120,0.8333,0.2727,294,82,141,71
757,1648737985,verde,vermelho,reativa,azul,0,-3,11,90,100,0.9000,0.7143,94,5,89,0
757,1648737985,verde,azul,reativa,azul,1,3,11,30,0,30.0000,0.0000,255,2,253,0
758,487316115,vermelho,verde,modelo_proposto,verde,1,3,12,90,60,1.5000,0.0000,389,101,213,75
758,487316115,vermelho,vermelho,reativa,verde,0,-3,12,120,120,1.0000,0.0000,180,9,171,0
758,487316115,vermelho,azul,reativa,verde,0,-3,12,90,120,0.7500,0.0000,84,6,78,0
759,1847801574,azul,verde,modelo_proposto,verde,1,3,23,30,0,30.0000,0.0909,198,29,146,23
759,1847801574,azul,vermelho,reativa,verde,0,-3,23,120,120,1.0000,0.0000,400,8,392,0
759,1847801574,azul,azul,reativa,verde,0,-3,23,90,120,0.7500,0.0000,147,6,141,0
760,1643984056,verde,verde,modelo_proposto,empate,0,-1,100,0,0,0.0000,0.0100,2130,51,2079,0
760,1643984056,verde,vermelho,reativa,empate,0,-1,100,0,0,0.0000,0.0300,2329,0,2329,0
760,1643984056,verde,azul,reativa,empate,0,-1,100,0,0,0.0000,0.0000,2059,49,2010,0
761,791159585,vermelho,verde,modelo_proposto,verde,1,3,27,30,30,1.0000,0.1923,335,30,280,25
761,791159585,vermelho,vermelho,reativa,verde,0,-3,27,90,120,0.7500,0.1111,147,6,141,0
761,791159585,vermelho,azul,reativa,verde,0,-3,27,150,120,1.2500,0.0000,481,11,470,0
762,1362632934,azul,verde,modelo_proposto,azul,0,-3,21,90,120,0.7500,0.0625,557,177,257,123
762,1362632934,azul,vermelho,reativa,azul,0,-3,21,120,120,1.0000,0.0500,396,8,388,0
762,1362632934,azul,azul,reativa,azul,1,3,21,60,30,2.0000,0.0476,452,6,446,0
763,377733151,verde,verde,modelo_proposto,azul,0,-3,25,150,120,1.2500,0.1200,543,139,281,123
763,377733151,verde,vermelho,reativa,azul,0,-3,25,90,120,0.7500,0.0000,150,6,144,0
763,377733151,verde,azul,reativa,azul,1,3,25,30,30,1.0000,0.0000,539,3,536,0
764,1420768891,vermelho,verde,modelo_proposto,verde,1,3,11,30,0,30.0000,0.0000,149,27,99,23
764,1420768891,vermelho,vermelho,reativa,verde,0,-3,11,90,120,0.7500,0.0000,83,7,76,0
764,1420768891,vermelho,azul,reativa,verde,0,-3,11,120,120,1.0000,0.0000,161,10,151,0
765,2044870516,azul,verde,modelo_proposto,vermelho,0,-3,21,90,120,0.7500,0.1111,257,84,98,75
765,2044870516,azul,vermelho,reativa,vermelho,1,3,21,30,30,1.0000,0.1500,476,2,474,0
765,2044870516,azul,azul,reativa,vermelho,0,-3,21,150,120,1.2500,0.0500,361,9,352,0
766,1006327128,verde,verde,modelo_proposto,azul,0,-3,21,120,120,1.0000,0.0000,484,114,270,100
766,1006327128,verde,vermelho,reativa,azul,0,-3,21,90,120,0.7500,0.0000,207,4,203,0
766,1006327128,verde,azul,reativa,azul,1,3,21,30,0,30.0000,0.0000,441,2,439,0
767,336700548,vermelho,verde,modelo_proposto,azul,0,-3,19,90,120,0.7500,0.0000,236,78,89,69
767,336700548,vermelho,vermelho,reativa,azul,0,-3,19,120,120,1.0000,0.0000,365,7,358,0
767,336700548,vermelho,azul,reativa,azul,1,3,19,30,0,30.0000,0.0000,417,2,415,0
768,715912012,azul,verde,modelo_proposto,empate,0,-1,100,120,90,1.3333,0.0606,1987,148,1739,100
768,715912012,azul,vermelho,reativa,empate,0,-1,100,90,120,0.7500,0.0000,131,5,126,0
768,715912012,azul,azul,reativa,empate,0,-1,100,0,0,0.0000,0.0100,2118,34,2084,0
769,481883728,verde,verde,modelo_proposto,azul,0,-3,14,120,120,1.0000,0.0000,343,96,164,83
769,481883728,verde,vermelho,reativa,azul,0,-3,14,90,120,0.7500,0.0000,113,4,109,0
769,481883728,verde,azul,reativa,azul,1,3,14,30,0,30.0000,0.0714,329,2,327,0
770,1614053631,vermelho,verde,modelo_proposto,azul,0,-3,19,90,120,0.7500,0.0000,244,83,86,75
770,1614053631,vermelho,vermelho,reativa,azul,0,-3,19,150,120,1.2500,0.0526,357,9,348,0
770,1614053631,vermelho,azul,reativa,azul,1,3,19,30,30,1.0000,0.1053,427,2,425,0
771,1276108841,azul,verde,modelo_proposto,vermelho,0,-3,9,90,120,0.7500,0.0000,265,105,86,74
771,1276108841,azul,vermelho,reativa,vermelho,1,3,9,30,0,30.0000,0.1250,175,5,170,0
771,1276108841,azul,azul,reativa,vermelho,0,-3,9,120,120,1.0000,0.0000,95,8,87,0
772,628933363,verde,verde,modelo_proposto,verde,1,3,17,30,30,1.0000,0.0000,197,29,143,25
772,628933363,verde,vermelho,reativa,verde,0,-3,17,150,120,1.2500,0.0000,251,10,241,0
772,628933363,verde,azul,reativa,verde,0,-3,17,90,120,0.7500,0.1250,125,6,119,0
773,266047734,vermelho,verde,modelo_proposto,azul,0,-3,18,70,100,0.7000,0.4000,241,83,83,75
773,266047734,vermelho,vermelho,reativa,azul,0,-3,18,100,100,1.0000,0.3333,340,8,332,0
773,266047734,vermelho,azul,reativa,azul,1,3,18,30,0,30.0000,0.0000,362,2,360,0
774,437958854,azul,verde,modelo_proposto,vermelho,0,-3,18,140,110,1.2727,0.0588,714,177,362,175
774,437958854,azul,vermelho,reativa,vermelho,1,3,18,20,20,1.0000,0.1176,388,2,386,0
774,437958854,azul,azul,reativa,vermelho,0,-3,18,90,120,0.7500,0.0000,182,4,178,0
775,882820366,verde,verde,modelo_proposto,azul,0,-3,11,120,120,1.0000,0.0000,381,112,170,99
775,882820366,verde,vermelho,reativa,azul,0,-3,11,90,120,0.7500,0.0000,88,6,82,0
775,882820366,verde,azul,reativa,azul,1,3,11,30,0,30.0000,0.1818,235,2,233,0
776,2103879765,vermelho,verde,modelo_proposto,azul,0,-3,11,120,120,1.0000,0.0000,304,86,143,75
776,2103879765,vermelho,vermelho,reativa,azul,0,-3,11,90,120,0.7500,0.0000,107,5,102,0
776,2103879765,vermelho,azul,reativa,azul,1,3,11,30,0,30.0000,0.0000,256,2,254,0
777,1878469685,azul,verde,modelo_proposto,verde,1,3,22,30,0,30.0000,0.0476,257,29,203,25
777,1878469685,azul,vermelho,reativa,verde,0,-3,22,90,120,0.7500,0.0000,138,6,132,0
777,1878469685,azul,azul,reativa,verde,0,-3,22,120,120,1.0000,0.0000,394,9,385,0
778,260653707,verde,verde,modelo_proposto,azul,0,-3,31,90,120,0.7500,0.0833,266,84,107,75
778,260653707,verde,vermelho,reativa,azul,0,-3,31,120,120,1.0000,0.0645,661,7,654,0
778,260653707,verde,azul,reativa,azul,1,3,31,30,0,30.0000,0.0323,553,2,551,0
779,2055886471,vermelho,verde,modelo_proposto,vermelho,0,-3,19,150,120,1.2500,0.0000,463,128,226,109
779,2055886471,vermelho,vermelho,reativa,vermelho,1,3,19,30,30,1.0000,0.0000,461,1,460,0
779,2055886471,vermelho,azul,reativa,vermelho,0,-3,19,90,120,0.7500,0.0769,254,5,249,0
780,181546477,azul,verde,modelo_proposto,vermelho,0,-3,14,120,120,1.0000,0.0000,401,104,206,91
780,181546477,azul,vermelho,reativa,vermelho,1,3,14,30,0,30.0000,0.0769,292,2,290,0
780,181546477,azul,azul,reativa,vermelho,0,-3,14,90,120,0.7500,0.0000,209,5,204,0
781,1696711507,verde,verde,modelo_proposto,azul,0,-3,19,120,120,1.0000,0.0526,356,86,195,75
781,1696711507,verde,vermelho,reativa,azul,0,-3,19,90,120,0.7500,0.0000,82,5,77,0
781,1696711507,verde,azul,reativa,azul,1,3,19,30,0,30.0000,0.0000,386,2,384,0
782,1229825111,vermelho,verde,modelo_proposto,verde,1,3,17,90,30,3.0000,0.0625,251,60,141,50
782,1229825111,vermelho,vermelho,reativa,verde,0,-3,17,60,120,0.5000,0.0000,279,9,270,0
782,1229825111,vermelho,azul,reativa,verde,0,-3,17,120,120,1.0000,0.0000,304,8,296,0
783,1997479060,azul,verde,modelo_proposto,vermelho,0,-3,23,130,110,1.1818,0.2273,692,163,386,143
783,1997479060,azul,vermelho,reativa,vermelho,1,3,23,30,30,1.0000,0.0000,416,3,413,0
783,1997479060,azul,azul,reativa,vermelho,0,-3,23,80,100,0.8000,0.3333,232,5,227,0
784,443438607,verde,verde,modelo_proposto,verde,1,3,18,60,30,2.0000,0.0000,155,30,100,25
784,443438607,verde,vermelho,reativa,verde,0,-3,18,60,120,0.5000,0.0000,78,8,70,0
784,443438607,verde,azul,reativa,verde,0,-3,18,150,120,1.2500,0.3529,311,11,300,0
785,1255488848,vermelho,verde,modelo_proposto,vermelho,0,-3,12,90,120,0.7500,0.0000,271,85,111,75
785,1255488848,vermelho,vermelho,reativa,vermelho,1,3,12,30,30,1.0000,0.0000,263,2,261,0
785,1255488848,vermelho,azul,reativa,vermelho,0,-3,12,150,120,1.2500,0.0000,161,9,152,0
786,1713663468,azul,verde,modelo_proposto,vermelho,0,-3,16,90,120,0.7500,0.0000,210,70,80,60
786,1713663468,azul,vermelho,reativa,vermelho,1,3,16,30,0,30.0000,0.0667,336,2,334,0
786,1713663468,azul,azul,reativa,vermelho,0,-3,16,120,120,1.0000,0.0667,265,7,258,0
787,1326665035,verde,verde,modelo_proposto,vermelho,0,-3,21,120,120,1.0000,0.0000,386,86,225,75
787,1326665035,verde,vermelho,reativa,vermelho,1,3,21,30,0,30.0000,0.0476,420,2,418,0
787,1326665035,verde,azul,reativa,vermelho,0,-3,21,90,120,0.7500,0.0000,154,5,149,0
788,1485550945,vermelho,verde,modelo_proposto,vermelho,0,-3,16,90,120,0.7500,0.0000,417,103,214,100
788,1485550945,vermelho,vermelho,reativa,vermelho,1,3,16,60,0,60.0000,0.1875,359,7,352,0
788,1485550945,vermelho,azul,reativa,vermelho,0,-3,16,90,120,0.7500,0.0000,298,12,286,0
789,255725471,azul,verde,modelo_proposto,azul,0,-3,22,150,120,1.2500,0.0000,525,137,269,119
789,255725471,azul,vermelho,reativa,azul,0,-3,22,90,120,0.7500,0.0000,267,5,262,0
789,255725471,azul,azul,reativa,azul,1,3,22,30,30,1.0000,0.1364,449,3,446,0
790,388207685,verde,verde,modelo_proposto,verde,1,3,12,30,0,30.0000,0.0000,156,31,102,23
790,388207685,verde,vermelho,reativa,verde,0,-3,12,90,120,0.7500,0.0000,126,8,118,0
790,388207685,verde,azul,reativa,verde,0,-3,12,120,120,1.0000,0.0909,163,10,153,0
791,230858913,vermelho,verde,modelo_proposto,verde,1,3,28,30,0,30.0000,0.1111,213,28,161,24
791,230858913,vermelho,vermelho,reativa,verde,0,-3,28,120,120,1.0000,0.0000,539,9,530,0
791,230858913,vermelho,azul,reativa,verde,0,-3,28,90,120,0.7500,0.0000,197,6,191,0
792,497945140,azul,verde,modelo_proposto,empate,0,-1,100,0,0,0.0000,0.0202,1330,44,1286,0
792,497945140,azul,vermelho,reativa,empate,0,-1,100,0,0,0.0000,0.0000,802,44,758,0
792,497945140,azul,azul,reativa,empate,0,-1,100,0,0,0.0000,0.4300,2555,0,2555,0
793,1672875716,verde,verde,modelo_proposto,azul,0,-3,12,150,120,1.2500,0.0000,394,116,178,100
793,1672875716,verde,vermelho,reativa,azul,0,-3,12,90,120,0.7500,0.0000,88,4,84,0
793,1672875716,verde,azul,reativa,azul,1,3,12,30,30,1.0000,0.0833,279,2,277,0
794,1703592542,vermelho,verde,modelo_proposto,vermelho,0,-3,17,90,120,0.7500,0.0000,283,92,106,85
794,1703592542,vermelho,vermelho,reativa,vermelho,1,3,17,30,30,1.0000,0.0588,377,2,375,0
794,1703592542,vermelho,azul,reativa,vermelho,0,-3,17,150,120,1.2500,0.0000,265,10,255,0
795,524300311,azul,verde,modelo_proposto,empate,0,-1,100,0,0,0.0000,0.0000,2009,47,1962,0
795,524300311,azul,vermelho,reativa,empate,0,-1,100,0,0,0.0000,0.0101,2552,0,2552,0
795,524300311,azul,azul,reativa,empate,0,-1,100,0,0,0.0000,0.0100,2023,47,1976,0
796,405532386,verde,verde,modelo_proposto,azul,0,-3,11,90,120,0.7500,0.0000,256,86,91,79
796,405532386,verde,vermelho,reativa,azul,0,-3,11,150,120,1.2500,0.0000,140,9,131,0
796,405532386,verde,azul,reativa,azul,1,3,11,30,30,1.0000,0.0909,250,2,248,0
797,1140362201,vermelho,verde,modelo_proposto,verde,1,3,8,30,0,30.0000,0.1429,43,2,41,0
797,1140362201,vermelho,vermelho,reativa,verde,0,-3,8,120,110,1.0909,0.7143,85,8,77,0
797,1140362201,vermelho,azul,reativa,verde,0,-3,8,80,120,0.6667,0.0000,59,8,51,0
798,2122964567,azul,verde,modelo_proposto,verde,1,3,12,60,0,60.0000,0.1818,89,6,83,0
798,2122964567,azul,vermelho,reativa,verde,0,-3,12,90,120,0.7500,0.5000,188,10,178,0
798,2122964567,azul,azul,reativa,verde,0,-3,12,90,120,0.7500,0.1000,184,7,177,0
799,1850462464,verde,verde,modelo_proposto,azul,0,-3,19,90,120,0.7500,0.0000,243,83,86,74
799,1850462464,verde,vermelho,reativa,azul,0,-3,19,120,120,1.0000,0.0000,328,7,321,0
799,1850462464,verde,azul,reativa,azul,1,3,19,30,0,30.0000,0.0000,437,3,434,0
800,1238786426,vermelho,verde,modelo_proposto,verde,1,3,25,30,0,30.0000,0.0000,228,39,157,32
800,1238786426,vermelho,vermelho,reativa,verde,0,-3,25,90,120,0.7500,0.0588,338,6,332,0
800,1238786426,vermelho,azul,reativa,verde,0,-3,25,120,120,1.0000,0.0000,425,9,416,0
801,777418731,azul,verde,modelo_proposto,verde,1,3,18,30,0,30.0000,0.0000,147,27,97,23
801,777418731,azul,vermelho,reativa,verde,0,-3,18,120,120,1.0000,0.0625,274,10,264,0
801,777418731,azul,azul,reativa,verde,0,-3,18,90,120,0.7500,0.0909,190,6,184,0
802,1650316423,verde,verde,modelo_proposto,empate,0,-1,100,0,0,0.0000,0.0100,1026,0,1026,0
802,1650316423,verde,vermelho,reativa,empate,0,-1,100,90,120,0.7500,0.1333,291,6,285,0
802,1650316423,verde,azul,reativa,empate,0,-1,100,120,90,1.3333,0.4100,2227,9,2218,0
803,1518169168,vermelho,verde,modelo_proposto,vermelho,0,-3,13,120,120,1.0000,0.0000,420,111,211,98
803,1518169168,vermelho,vermelho,reativa,vermelho,1,3,13,30,0,30.0000,0.3846,304,2,302,0
803,1518169168,vermelho,azul,reativa,vermelho,0,-3,13,90,120,0.7500,0.0000,152,6,146,0
804,664454653,azul,verde,modelo_proposto,verde,1,3,11,30,0,30.0000,0.0000,80,2,78,0
804,664454653,azul,vermelho,reativa,verde,0,-3,11,90,120,0.7500,0.0000,81,7,74,0
804,664454653,azul,azul,reativa,verde,0,-3,11,120,120,1.0000,0.0000,148,9,139,0
805,1222287018,verde,verde,modelo_proposto,azul,0,-3,15,90,120,0.7500,0.0000,320,79,172,69
805,1222287018,verde,vermelho,reativa,azul,0,-3,15,150,120,1.2500,0.0000,228,10,218,0
805,1222287018,verde,azul,reativa,azul,1,3,15,30,30,1.0000,0.0000,319,2,317,0
806,1050928200,vermelho,verde,modelo_proposto,azul,0,-3,19,60,120,0.5000,0.0000,340,80,187,73
806,1050928200,vermelho,vermelho,reativa,azul,0,-3,19,150,120,1.2500,0.0526,355,11,344,0
806,1050928200,vermelho,azul,reativa,azul,1,3,19,60,30,2.0000,0.1579,426,6,420,0
807,1496432766,azul,verde,modelo_proposto,verde,1,3,23,30,0,30.0000,0.0000,148,2,146,0
807,1496432766,azul,vermelho,reativa,verde,0,-3,23,120,120,1.0000,0.0000,391,9,382,0
807,1496432766,azul,azul,reativa,verde,0,-3,23,90,120,0.7500,0.0000,150,6,144,0
808,1546097094,verde,verde,modelo_proposto,azul,0,-3,41,90,120,0.7500,0.0000,287,83,129,75
808,1546097094,verde,vermelho,reativa,azul,0,-3,41,120,120,1.0000,0.1220,814,7,807,0
808,1546097094,verde,azul,reativa,azul,1,3,41,30,0,30.0000,0.0244,944,2,942,0
809,153640283,vermelho,verde,modelo_proposto,azul,0,-3,21,60,120,0.5000,0.0000,371,97,195,79
809,153640283,vermelho,vermelho,reativa,azul,0,-3,21,60,120,0.5000,0.0000,288,6,282,0
809,153640283,vermelho,azul,reativa,azul,1,3,21,210,90,2.3333,0.0000,334,15,319,0
810,1109067602,azul,verde,modelo_proposto,vermelho,0,-3,19,100,100,1.0000,0.2778,429,105,235,89
810,1109067602,azul,vermelho,reativa,vermelho,1,3,19,30,0,30.0000,0.7778,408,2,406,0
810,1109067602,azul,azul,reativa,vermelho,0,-3,19,70,100,0.7000,0.4000,172,6,166,0
811,1182380079,verde,verde,modelo_proposto,verde,1,3,18,30,30,1.0000,0.1111,180,28,127,25
811,1182380079,verde,vermelho,reativa,verde,0,-3,18,150,120,1.2500,0.0000,257,10,247,0
811,1182380079,verde,azul,reativa,verde,0,-3,18,90,120,0.7500,0.0000,116,6,110,0
812,995907090,vermelho,verde,modelo_proposto,vermelho,0,-3,31,90,120,0.7500,0.1111,350,112,138,100
812,995907090,vermelho,vermelho,reativa,vermelho,1,3,31,30,0,30.0000,0.0645,735,2,733,0
812,995907090,vermelho,azul,reativa,vermelho,0,-3,31,120,120,1.0000,0.0000,655,8,647,0
813,2009703295,azul,verde,modelo_proposto,empate,0,-1,100,0,0,0.0000,0.0000,4324,1203,2017,1104
813,2009703295,azul,vermelho,reativa,empate,0,-1,100,0,0,0.0000,0.0000,2456,0,2456,0
813,2009703295,azul,azul,reativa,empate,0,-1,100,0,0,0.0000,0.0100,2436,1,2435,0
814,2108967014,verde,verde,modelo_proposto,verde,1,3,21,90,90,1.0000,0.0952,474,144,225,105
814,2108967014,verde,vermelho,reativa,verde,0,-3,21,90,120,0.7500,0.0714,274,9,265,0
814,2108967014,verde,azul,reativa,verde,0,-3,21,150,120,1.2500,0.0000,318,13,305,0
815,484446759,vermelho,verde,modelo_proposto,vermelho,0,-3,11,90,120,0.7500,0.0000,224,72,90,62
815,484446759,vermelho,vermelho,reativa,vermelho,1,3,11,30,30,1.0000,0.0909,233,4,229,0
815,484446759,vermelho,azul,reativa,vermelho,0,-3,11,150,120,1.2500,0.0000,123,9,114,0
816,780071506,azul,verde,modelo_proposto,empate,0,-1,100,0,0,0.0000,0.0000,2101,49,2052,0
816,780071506,azul,vermelho,reativa,empate,0,-1,100,0,0,0.0000,0.0202,2511,0,2511,0
816,780071506,azul,azul,reativa,empate,0,-1,100,0,0,0.0000,0.0100,2065,50,2015,0
817,853399628,verde,verde,modelo_proposto,vermelho,0,-3,14,120,120,1.0000,0.0000,350,85,194,71
817,853399628,verde,vermelho,reativa,vermelho,1,3,14,30,0,30.0000,0.0714,314,2,312,0
817,853399628,verde,azul,reativa,vermelho,0,-3,14,90,120,0.7500,0.0000,119,6,113,0
818,1422126434,vermelho,verde,modelo_proposto,azul,0,-3,23,90,120,0.7500,0.0526,774,228,343,203
818,1422126434,vermelho,vermelho,reativa,azul,0,-3,23,120,120,1.0000,0.0000,450,11,439,0
818,1422126434,vermelho,azul,reativa,azul,1,3,23,120,90,1.3333,0.1304,438,11,427,0
819,1002835612,azul,verde,modelo_proposto,verde,1,3,14,30,30,1.0000,0.0000,144,28,91,25
819,1002835612,azul,vermelho,reativa,verde,0,-3,14,150,120,1.2500,0.0000,163,11,152,0
819,1002835612,azul,azul,reativa,verde,0,-3,14,90,120,0.7500,0.0000,104,7,97,0
820,1448939825,verde,verde,modelo_proposto,verde,1,3,20,30,0,30.0000,0.0500,145,3,142,0
820,1448939825,verde,vermelho,reativa,verde,0,-3,20,90,120,0.7500,0.2857,258,6,252,0
820,1448939825,verde,azul,reativa,verde,0,-3,20,120,120,1.0000,0.1579,340,10,330,0
821,379393432,vermelho,verde,modelo_proposto,vermelho,0,-3,27,90,120,0.7500,0.0000,1306,435,474,397
821,379393432,vermelho,vermelho,reativa,vermelho,1,3,27,30,0,30.0000,0.0370,624,2,622,0
821,379393432,vermelho,azul,reativa,vermelho,0,-3,27,120,120,1.0000,0.0000,518,19,499,0
822,2107298103,azul,verde,modelo_proposto,verde,1,3,12,60,0,60.0000,0.0000,88,6,82,0
822,2107298103,azul,vermelho,reativa,verde,0,-3,12,90,120,0.7500,0.0000,188,10,178,0
822,2107298103,azul,azul,reativa,verde,0,-3,12,90,120,0.7500,0.0000,180,7,173,0
823,1528822464,verde,verde,modelo_proposto,vermelho,0,-3,13,120,120,1.0000,0.1538,506,161,220,125
823,1528822464,verde,vermelho,reativa,vermelho,1,3,13,150,60,2.5000,0.0000,195,11,184,0
823,1528822464,verde,azul,reativa,vermelho,0,-3,13,30,120,0.2500,0.0000,177,6,171,0
824,1661114236,vermelho,verde,modelo_proposto,vermelho,0,-3,38,150,120,1.2500,0.0270,537,110,331,96
824,1661114236,vermelho,vermelho,reativa,vermelho,1,3,38,30,30,1.0000,0.0789,899,2,897,0
824,1661114236,vermelho,azul,reativa,vermelho,0,-3,38,90,120,0.7500,0.0000,130,5,125,0
825,900874270,azul,verde,modelo_proposto,empate,0,-1,100,0,0,0.0000,0.0000,2088,48,2040,0
825,900874270,azul,vermelho,reativa,empate,0,-1,100,0,0,0.0000,0.0000,2034,49,1985,0
825,900874270,azul,azul,reativa,empate,0,-1,100,0,0,0.0000,0.0100,1871,0,1871,0
826,1705519067,verde,verde,modelo_proposto,azul,0,-3,18,90,120,0.7500,0.0000,410,104,217,89
826,1705519067,verde,vermelho,reativa,azul,0,-3,18,120,120,1.0000,0.0556,305,9,296,0
826,1705519067,verde,azul,reativa,azul,1,3,18,30,0,30.0000,0.1667,389,3,386,0
827,1177791765,vermelho,verde,modelo_proposto,verde,1,3,18,30,30,1.0000,0.0588,429,104,262,63
827,1177791765,vermelho,vermelho,reativa,verde,0,-3,18,150,120,1.2500,0.0000,320,17,303,0
827,1177791765,vermelho,azul,reativa,verde,0,-3,18,90,120,0.7500,0.0000,299,8,291,0
828,704217637,azul,verde,modelo_proposto,empate,0,-1,100,0,0,0.0000,0.0202,1354,40,1314,0
828,704217637,azul,vermelho,reativa,empate,0,-1,100,120,90,1.3333,0.0606,1413,48,1365,0
828,704217637,azul,azul,reativa,empate,0,-1,100,90,120,0.7500,0.2000,185,6,179,0
829,770907264,verde,verde,modelo_proposto,azul,0,-3,16,60,120,0.5000,0.0769,448,118,216,114
829,770907264,verde,vermelho,reativa,azul,0,-3,16,180,120,1.5000,0.0000,247,15,232,0
829,770907264,verde,azul,reativa,azul,1,3,16,60,60,1.0000,0.1250,342,3,339,0
830,867905328,vermelho,verde,modelo_proposto,azul,0,-3,68,120,120,1.0000,0.0000,3003,839,1399,765
830,867905328,vermelho,vermelho,reativa,azul,0,-3,68,90,120,0.7500,0.0000,1433,12,1421,0
830,867905328,vermelho,azul,reativa,azul,1,3,68,30,0,30.0000,0.0000,1361,2,1359,0
831,1547102212,azul,verde,modelo_proposto,vermelho,0,-3,14,90,120,0.7500,0.1429,261,83,105,73
831,1547102212,azul,vermelho,reativa,vermelho,1,3,14,30,0,30.0000,0.0769,300,2,298,0
831,1547102212,azul,azul,reativa,vermelho,0,-3,14,120,120,1.0000,0.0000,230,6,224,0
832,1427051027,verde,verde,modelo_proposto,empate,0,-1,100,0,0,0.0000,0.4900,593,2,591,0
832,1427051027,verde,vermelho,reativa,empate,0,-1,100,0,0,0.0000,0.0100,2584,0,2584,0
832,1427051027,verde,azul,reativa,empate,0,-1,100,0,0,0.0000,0.0000,1876,49,1827,0
833,347179498,vermelho,verde,modelo_proposto,vermelho,0,-3,15,150,120,1.2500,0.0000,540,161,235,144
833,347179498,vermelho,vermelho,reativa,vermelho,1,3,15,30,30,1.0000,0.0000,326,2,324,0
833,347179498,vermelho,azul,reativa,vermelho,0,-3,15,90,120,0.7500,0.0000,106,4,102,0
834,1886650417,azul,verde,modelo_proposto,empate,0,-1,100,90,120,0.7500,0.0000,194,63,77,54
834,1886650417,azul,vermelho,reativa,empate,0,-1,100,120,90,1.3333,0.0101,1722,6,1716,0
834,1886650417,azul,azul,reativa,empate,0,-1,100,0,0,0.0000,0.0100,1502,0,1502,0
835,15777031,verde,verde,modelo_proposto,empate,0,-1,100,0,0,0.0000,0.0000,2169,50,2119,0
835,15777031,verde,vermelho,reativa,empate,0,-1,100,0,0,0.0000,0.0000,2311,0,2311,0
835,15777031,verde,azul,reativa,empate,0,-1,100,0,0,0.0000,0.0000,2063,51,2012,0
836,1363852363,vermelho,verde,modelo_proposto,vermelho,0,-3,21,120,120,1.0000,0.0000,398,96,219,83
836,1363852363,vermelho,vermelho,reativa,vermelho,1,3,21,30,0,30.0000,0.2381,508,2,506,0
836,1363852363,vermelho,azul,reativa,vermelho,0,-3,21,90,120,0.7500,0.0909,203,5,198,0
837,1258731941,azul,verde,modelo_proposto,empate,0,-1,100,0,0,0.0000,0.0101,2055,48,2007,0
837,1258731941,azul,vermelho,reativa,empate,0,-1,100,0,0,0.0000,0.0000,1988,47,1941,0
837,1258731941,azul,azul,reativa,empate,0,-1,100,0,0,0.0000,0.0000,2592,0,2592,0
838,1494699440,verde,verde,modelo_proposto,azul,0,-3,26,90,120,0.7500,0.0000,267,84,108,75
838,1494699440,verde,vermelho,reativa,azul,0,-3,26,120,120,1.0000,0.0769,540,5,535,0
838,1494699440,verde,azul,reativa,azul,1,3,26,30,0,30.0000,0.0000,626,2,624,0
839,1628579981,vermelho,verde,modelo_proposto,verde,1,3,13,30,30,1.0000,0.0833,118,28,65,25
839,1628579981,vermelho,vermelho,reativa,verde,0,-3,13,150,120,1.2500,0.0833,188,10,178,0
839,1628579981,vermelho,azul,reativa,verde,0,-3,13,90,120,0.7500,0.0000,57,6,51,0
840,250397122,azul,verde,modelo_proposto,empate,0,-1,100,0,0,0.0000,0.0000,2095,48,2047,0
840,250397122,azul,vermelho,reativa,empate,0,-1,100,0,0,0.0000,0.0000,1600,0,1600,0
840,250397122,azul,azul,reativa,empate,0,-1,100,0,0,0.0000,0.0000,2025,50,1975,0
841,881510746,verde,verde,modelo_proposto,verde,1,3,23,30,40,0.7500,0.1739,508,77,356,75
841,881510746,verde,vermelho,reativa,verde,0,-3,23,160,120,1.3333,0.0000,406,13,393,0
841,881510746,verde,azul,reativa,verde,0,-3,23,90,120,0.7500,0.0667,303,6,297,0
842,1164238508,vermelho,verde,modelo_proposto,vermelho,0,-3,10,120,120,1.0000,0.1111,302,86,141,75
842,1164238508,vermelho,vermelho,reativa,vermelho,1,3,10,30,0,30.0000,0.4000,236,2,234,0
842,1164238508,vermelho,azul,reativa,vermelho,0,-3,10,90,120,0.7500,0.0000,57,5,52,0
843,1457461325,azul,verde,modelo_proposto,empate,0,-1,100,0,30,0.0000,0.0101,3212,801,1689,722
843,1457461325,azul,vermelho,reativa,empate,0,-1,100,90,120,0.7500,0.0000,148,6,142,0
843,1457461325,azul,azul,reativa,empate,0,-1,100,150,90,1.6667,0.0100,2120,14,2106,0
844,1551343355,verde,verde,modelo_proposto,vermelho,0,-3,24,60,120,0.5000,0.2000,440,95,255,90
844,1551343355,verde,vermelho,reativa,vermelho,1,3,24,60,30,2.0000,0.0000,506,4,502,0
844,1551343355,verde,azul,reativa,vermelho,0,-3,24,150,120,1.2500,0.0870,454,10,444,0
845,2140318315,vermelho,verde,modelo_proposto,empate,0,-1,100,0,90,0.0000,0.0000,4279,1172,2026,1081
845,2140318315,vermelho,vermelho,reativa,empate,0,-1,100,0,0,0.0000,0.0000,2103,0,2103,0
845,2140318315,vermelho,azul,reativa,empate,0,-1,100,90,0,90.0000,0.0000,2141,7,2134,0
846,2014609842,azul,verde,modelo_proposto,vermelho,0,-3,13,90,120,0.7500,0.0000,327,83,169,75
846,2014609842,azul,vermelho,reativa,vermelho,1,3,13,30,0,30.0000,0.4167,241,4,237,0
846,2014609842,azul,azul,reativa,vermelho,0,-3,13,120,120,1.0000,0.0833,209,8,201,0
847,582212434,verde,verde,modelo_proposto,verde,1,3,19,120,30,4.0000,0.0000,1133,439,363,331
847,582212434,verde,vermelho,reativa,verde,0,-3,19,60,120,0.5000,0.0000,359,17,342,0
847,582212434,verde,azul,reativa,verde,0,-3,19,90,120,0.7500,0.0000,355,12,343,0
848,2005396972,vermelho,verde,modelo_proposto,azul,0,-3,9,90,120,0.7500,0.0000,270,81,118,71
848,2005396972,vermelho,vermelho,reativa,azul,0,-3,9,120,120,1.0000,0.0000,134,7,127,0
848,2005396972,vermelho,azul,reativa,azul,1,3,9,30,0,30.0000,0.0000,210,2,208,0
849,396879593,azul,verde,modelo_proposto,verde,1,3,18,30,30,1.0000,0.1176,376,83,208,85
849,396879593,azul,vermelho,reativa,verde,0,-3,18,90,120,0.7500,0.0000,108,7,101,0
849,396879593,azul,azul,reativa,verde,0,-3,18,150,120,1.2500,0.0588,305,12,293,0
850,73218816,verde,verde,modelo_proposto,vermelho,0,-3,19,60,100,0.6000,0.4286,218,57,111,50
850,73218816,verde,vermelho,reativa,vermelho,1,3,19,60,60,1.0000,0.2105,398,4,394,0
850,73218816,verde,azul,reativa,vermelho,0,-3,19,160,120,1.3333,0.1111,317,12,305,0
851,1734867821,vermelho,verde,modelo_proposto,vermelho,0,-3,16,90,120,0.7500,0.0000,246,84,87,75
851,1734867821,vermelho,vermelho,reativa,vermelho,1,3,16,30,30,1.0000,0.0625,360,2,358,0
851,1734867821,vermelho,azul,reativa,vermelho,0,-3,16,150,120,1.2500,0.0000,256,8,248,0
852,532289079,azul,verde,modelo_proposto,vermelho,0,-3,20,150,120,1.2500,0.1053,588,157,291,140
852,532289079,azul,vermelho,reativa,vermelho,1,3,20,30,30,1.0000,0.0000,434,2,432,0
852,532289079,azul,azul,reativa,vermelho,0,-3,20,90,120,0.7500,0.0000,107,6,101,0
853,1631779701,verde,verde,modelo_proposto,verde,1,3,22,30,30,1.0000,0.0000,204,42,126,36
853,1631779701,verde,vermelho,reativa,verde,0,-3,22,90,120,0.7500,0.0000,145,6,139,0
853,1631779701,verde,azul,reativa,verde,0,-3,22,150,120,1.2500,0.2857,380,15,365,0
854,85258658,vermelho,verde,modelo_proposto,azul,0,-3,13,120,120,1.0000,0.0000,338,115,149,74
854,85258658,vermelho,vermelho,reativa,azul,0,-3,13,30,120,0.2500,0.0000,228,3,225,0
854,85258658,vermelho,azul,reativa,azul,1,3,13,150,60,2.5000,0.0769,207,13,194,0
855,942012666,azul,verde,modelo_proposto,verde,1,3,20,30,0,30.0000,0.0526,179,24,136,19
855,942012666,azul,vermelho,reativa,verde,0,-3,20,120,120,1.0000,0.3333,357,10,347,0
855,942012666,azul,azul,reativa,verde,0,-3,20,90,120,0.7500,0.1111,144,6,138,0
856,1074658908,verde,verde,modelo_proposto,vermelho,0,-3,16,150,120,1.2500,0.0625,509,132,262,115
856,1074658908,verde,vermelho,reativa,vermelho,1,3,16,30,30,1.0000,0.0000,366,2,364,0
856,1074658908,verde,azul,reativa,vermelho,0,-3,16,90,120,0.7500,0.0000,201,6,195,0
857,245171136,vermelho,verde,modelo_proposto,azul,0,-3,23,120,120,1.0000,0.0000,736,190,359,187
857,245171136,vermelho,vermelho,reativa,azul,0,-3,23,90,120,0.7500,0.0000,131,4,127,0
857,245171136,vermelho,azul,reativa,azul,1,3,23,30,0,30.0000,0.0435,513,2,511,0
858,2021010886,azul,verde,modelo_proposto,vermelho,0,-3,9,90,120,0.7500,0.0000,294,133,86,75
858,2021010886,azul,vermelho,reativa,vermelho,1,3,9,30,30,1.0000,0.0000,182,5,177,0
858,2021010886,azul,azul,reativa,vermelho,0,-3,9,150,120,1.2500,0.1250,86,9,77,0
859,329362190,verde,verde,modelo_proposto,azul,0,-3,22,90,120,0.7500,0.0000,286,81,134,71
859,329362190,verde,vermelho,reativa,azul,0,-3,22,120,120,1.0000,0.0000,416,8,408,0
859,329362190,verde,azul,reativa,azul,1,3,22,30,0,30.0000,0.0000,527,2,525,0
860,820834749,vermelho,verde,modelo_proposto,vermelho,0,-3,13,60,120,0.5000,0.0000,289,97,117,75
860,820834749,vermelho,vermelho,reativa,vermelho,1,3,13,60,30,2.0000,0.0000,265,7,258,0
860,820834749,vermelho,azul,reativa,vermelho,0,-3,13,150,120,1.2500,0.0000,182,10,172,0
861,1440881829,azul,verde,modelo_proposto,vermelho,0,-3,13,150,120,1.2500,0.0000,476,195,156,125
861,1440881829,azul,vermelho,reativa,vermelho,1,3,13,60,90,0.6667,0.0000,234,10,224,0
861,1440881829,azul,azul,reativa,vermelho,0,-3,13,120,120,1.0000,0.0000,159,10,149,0
862,106408623,verde,verde,modelo_proposto,azul,0,-3,23,130,110,1.1818,0.2174,533,156,243,134
862,106408623,verde,vermelho,reativa,azul,0,-3,23,80,100,0.8000,0.3333,187,4,183,0
862,106408623,verde,azul,reativa,azul,1,3,23,30,30,1.0000,0.1304,552,2,550,0
863,1817240856,vermelho,verde,modelo_proposto,azul,0,-3,15,120,120,1.0000,0.1429,323,88,160,75
863,1817240856,vermelho,vermelho,reativa,azul,0,-3,15,90,120,0.7500,0.0000,99,5,94,0
863,1817240856,vermelho,azul,reativa,azul,1,3,15,30,0,30.0000,0.0667,327,3,324,0
864,1768830967,azul,verde,modelo_proposto,azul,0,-3,16,60,120,0.5000,0.0000,229,68,97,64
864,1768830967,azul,vermelho,reativa,azul,0,-3,16,180,120,1.5000,0.0000,235,11,224,0
864,1768830967,azul,azul,reativa,azul,1,3,16,60,60,1.0000,0.0625,331,4,327,0
865,1437286984,verde,verde,modelo_proposto,vermelho,0,-3,15,120,120,1.0000,0.0000,343,80,197,66
865,1437286984,verde,vermelho,reativa,vermelho,1,3,15,30,0,30.0000,0.0000,333,4,329,0
865,1437286984,verde,azul,reativa,vermelho,0,-3,15,90,120,0.7500,0.0000,75,5,70,0
866,525821035,vermelho,verde,modelo_proposto,vermelho,0,-3,13,150,120,1.2500,0.0833,425,115,212,98
866,525821035,vermelho,vermelho,reativa,vermelho,1,3,13,30,30,1.0000,0.0000,282,4,278,0
866,525821035,vermelho,azul,reativa,vermelho,0,-3,13,90,120,0.7500,0.0000,57,5,52,0
867,797956592,azul,verde,modelo_proposto,azul,0,-3,20,120,120,1.0000,0.0000,426,167,160,99
867,797956592,azul,vermelho,reativa,azul,0,-3,20,60,120,0.5000,0.0588,390,8,382,0
867,797956592,azul,azul,reativa,azul,1,3,20,90,30,3.0000,0.0000,435,11,424,0
868,895959840,verde,verde,modelo_proposto,vermelho,0,-3,22,150,120,1.2500,0.0455,721,180,401,140
868,895959840,verde,vermelho,reativa,vermelho,1,3,22,30,30,1.0000,0.0455,482,1,481,0
868,895959840,verde,azul,reativa,vermelho,0,-3,22,90,120,0.7500,0.0625,327,5,322,0
869,704269707,vermelho,verde,modelo_proposto,vermelho,0,-3,17,60,120,0.5000,0.0000,261,72,114,75
869,704269707,vermelho,vermelho,reativa,vermelho,1,3,17,60,60,1.0000,0.0000,336,4,332,0
869,704269707,vermelho,azul,reativa,vermelho,0,-3,17,180,120,1.5000,0.0000,260,11,249,0
870,1136894587,azul,verde,modelo_proposto,vermelho,0,-3,25,120,120,1.0000,0.0000,444,113,231,100
870,1136894587,azul,vermelho,reativa,vermelho,1,3,25,30,0,30.0000,0.0000,579,2,577,0
870,1136894587,azul,azul,reativa,vermelho,0,-3,25,90,120,0.7500,0.0000,317,4,313,0
871,94009992,verde,verde,modelo_proposto,azul,0,-3,13,90,120,0.7500,0.0000,252,69,122,61
871,94009992,verde,vermelho,reativa,azul,0,-3,13,120,120,1.0000,0.0000,209,8,201,0
871,94009992,verde,azul,reativa,azul,1,3,13,30,0,30.0000,0.0000,281,2,279,0
872,323377721,vermelho,verde,modelo_proposto,vermelho,0,-3,26,100,110,0.9091,0.1600,444,101,256,87
872,323377721,vermelho,vermelho,reativa,vermelho,1,3,26,30,0,30.0000,0.0000,605,2,603,0
872,323377721,vermelho,azul,reativa,vermelho,0,-3,26,80,100,0.8000,0.2273,451,3,448,0
873,1854823995,azul,verde,modelo_proposto,verde,1,3,22,30,0,30.0000,0.0476,119,2,117,0
873,1854823995,azul,vermelho,reativa,verde,0,-3,22,120,120,1.0000,0.0000,404,8,396,0
873,1854823995,azul,azul,reativa,verde,0,-3,22,90,120,0.7500,0.0000,114,6,108,0
874,1320851921,verde,verde,modelo_proposto,vermelho,0,-3,11,130,110,1.1818,0.1818,382,114,168,100
874,1320851921,verde,vermelho,reativa,vermelho,1,3,11,30,30,1.0000,0.0000,224,3,221,0
874,1320851921,verde,azul,reativa,vermelho,0,-3,11,80,100,0.8000,1.0000,31,5,26,0
875,53599161,vermelho,verde,modelo_proposto,verde,1,3,17,10,30,0.3333,0.1875,144,28,92,24
875,53599161,vermelho,vermelho,reativa,verde,0,-3,17,90,120,0.7500,0.0000,253,10,243,0
875,53599161,vermelho,azul,reativa,verde,0,-3,17,150,100,1.5000,0.1250,283,17,266,0
876,1714789643,azul,verde,modelo_proposto,verde,1,3,28,30,60,0.5000,0.0000,259,37,180,42
876,1714789643,azul,vermelho,reativa,verde,0,-3,28,180,120,1.5000,0.0000,485,13,472,0
876,1714789643,azul,azul,reativa,verde,0,-3,28,90,120,0.7500,0.0909,166,6,160,0
877,2001167285,verde,verde,modelo_proposto,verde,1,3,13,30,30,1.0000,0.0000,116,25,72,19
877,2001167285,verde,vermelho,reativa,verde,0,-3,13,150,120,1.2500,0.0000,162,10,152,0
877,2001167285,verde,azul,reativa,verde,0,-3,13,90,120,0.7500,0.0000,31,6,25,0
878,236604881,vermelho,verde,modelo_proposto,verde,1,3,21,90,30,3.0000,0.0000,439,149,209,81
878,236604881,vermelho,vermelho,reativa,verde,0,-3,21,60,120,0.5000,0.0588,382,8,374,0
878,236604881,vermelho,azul,reativa,verde,0,-3,21,120,120,1.0000,0.0000,387,8,379,0
879,836176005,azul,verde,modelo_proposto,verde,1,3,12,30,0,30.0000,0.0000,64,2,62,0
879,836176005,azul,vermelho,reativa,verde,0,-3,12,90,120,0.7500,0.0000,83,7,76,0
879,836176005,azul,azul,reativa,verde,0,-3,12,120,120,1.0000,0.0000,169,9,160,0
880,1096791990,verde,verde,modelo_proposto,azul,0,-3,13,150,120,1.2500,0.0000,487,136,232,119
880,1096791990,verde,vermelho,reativa,azul,0,-3,13,90,120,0.7500,0.0000,80,5,75,0
880,1096791990,verde,azul,reativa,azul,1,3,13,30,30,1.0000,0.3077,291,3,288,0
881,1331799799,vermelho,verde,modelo_proposto,azul,0,-3,12,120,120,1.0000,0.0909,277,76,136,65
881,1331799799,vermelho,vermelho,reativa,azul,0,-3,12,90,120,0.7500,0.0000,57,5,52,0
881,1331799799,vermelho,azul,reativa,azul,1,3,12,30,0,30.0000,0.0833,279,2,277,0
882,237640937,azul,verde,modelo_proposto,vermelho,0,-3,10,90,120,0.7500,0.0000,259,101,83,75
882,237640937,azul,vermelho,reativa,vermelho,1,3,10,30,30,1.0000,0.0000,190,4,186,0
882,237640937,azul,azul,reativa,vermelho,0,-3,10,150,120,1.2500,0.0000,111,8,103,0
883,1455511300,verde,verde,modelo_proposto,azul,0,-3,35,120,120,1.0000,0.0286,579,118,361,100
883,1455511300,verde,vermelho,reativa,azul,0,-3,35,90,120,0.7500,0.0000,233,3,230,0
883,1455511300,verde,azul,reativa,azul,1,3,35,30,0,30.0000,0.0286,557,5,552,0
884,1910967048,vermelho,verde,modelo_proposto,vermelho,0,-3,18,60,120,0.5000,0.3333,203,61,85,57
884,1910967048,vermelho,vermelho,reativa,vermelho,1,3,18,60,30,2.0000,0.0556,392,4,388,0
884,1910967048,vermelho,azul,reativa,vermelho,0,-3,18,150,120,1.2500,0.0000,291,11,280,0
885,1277800770,azul,verde,modelo_proposto,azul,0,-3,20,60,120,0.5000,0.1000,257,72,122,63
885,1277800770,azul,vermelho,reativa,azul,0,-3,20,150,120,1.2500,0.1053,308,9,299,0
885,1277800770,azul,azul,reativa,azul,1,3,20,60,30,2.0000,0.0500,459,4,455,0
886,695659536,verde,verde,modelo_proposto,verde,1,3,11,30,30,1.0000,0.0000,137,28,84,25
886,695659536,verde,vermelho,reativa,verde,0,-3,11,90,120,0.7500,0.0000,55,6,49,0
886,695659536,verde,azul,reativa,verde,0,-3,11,150,120,1.2500,0.2000,132,10,122,0
887,2127157764,vermelho,verde,modelo_proposto,verde,1,3,18,30,30,1.0000,0.2353,143,24,98,21
887,2127157764,vermelho,vermelho,reativa,verde,0,-3,18,150,120,1.2500,0.0000,294,11,283,0
887,2127157764,vermelho,azul,reativa,verde,0,-3,18,90,120,0.7500,0.0000,79,7,72,0
888,249328386,azul,verde,modelo_proposto,verde,1,3,15,30,30,1.0000,0.0000,190,29,136,25
888,249328386,azul,vermelho,reativa,verde,0,-3,15,150,120,1.2500,0.0000,210,10,200,0
888,249328386,azul,azul,reativa,verde,0,-3,15,90,120,0.7500,0.0000,108,7,101,0
889,832162818,verde,verde,modelo_proposto,vermelho,0,-3,21,30,120,0.2500,0.2222,256,70,120,66
889,832162818,verde,vermelho,reativa,vermelho,1,3,21,90,60,1.5000,0.0476,457,6,451,0
889,832162818,verde,azul,reativa,vermelho,0,-3,21,180,120,1.5000,0.0000,337,13,324,0
890,649770543,vermelho,verde,modelo_proposto,verde,1,3,17,60,30,2.0000,0.1250,285,56,179,50
890,649770543,vermelho,vermelho,reativa,verde,0,-3,17,90,120,0.7500,0.0909,206,7,199,0
890,649770543,vermelho,azul,reativa,verde,0,-3,17,120,120,1.0000,0.0625,301,9,292,0
891,1075216718,azul,verde,modelo_proposto,verde,1,3,19,30,60,0.5000,0.0000,216,44,122,50
891,1075216718,azul,vermelho,reativa,verde,0,-3,19,90,120,0.7500,0.0000,83,6,77,0
891,1075216718,azul,azul,reativa,verde,0,-3,19,180,120,1.5000,0.0000,315,12,303,0
892,1401413882,verde,verde,modelo_proposto,empate,0,-1,100,0,0,0.0000,0.4900,4121,1132,1956,1033
892,1401413882,verde,vermelho,reativa,empate,0,-1,100,0,0,0.0000,0.0100,2353,3,2350,0
892,1401413882,verde,azul,reativa,empate,0,-1,100,0,0,0.0000,0.0000,2176,0,2176,0
893,1914617522,vermelho,verde,modelo_proposto,vermelho,0,-3,17,90,120,0.7500,0.0000,518,139,254,125
893,1914617522,vermelho,vermelho,reativa,vermelho,1,3,17,150,60,2.5000,0.0588,314,12,302,0
893,1914617522,vermelho,azul,reativa,vermelho,0,-3,17,60,120,0.5000,0.2000,191,3,188,0
894,1396172170,azul,verde,modelo_proposto,vermelho,0,-3,16,120,120,1.0000,0.0000,435,196,139,100
894,1396172170,azul,vermelho,reativa,vermelho,1,3,16,150,90,1.6667,0.0667,260,13,247,0
894,1396172170,azul,azul,reativa,vermelho,0,-3,16,60,120,0.5000,0.2143,299,5,294,0
895,147524269,verde,verde,modelo_proposto,vermelho,0,-3,10,120,120,1.0000,0.0000,353,131,122,100
895,147524269,verde,vermelho,reativa,vermelho,1,3,10,30,0,30.0000,0.4000,218,3,215,0
895,147524269,verde,azul,reativa,vermelho,0,-3,10,90,120,0.7500,0.0000,150,7,143,0
896,88215447,vermelho,verde,modelo_proposto,azul,0,-3,15,90,120,0.7500,0.0000,369,105,173,91
896,88215447,vermelho,vermelho,reativa,azul,0,-3,15,150,120,1.2500,0.0000,237,9,228,0
896,88215447,vermelho,azul,reativa,azul,1,3,15,30,30,1.0000,0.0000,333,2,331,0
897,1935253783,azul,verde,modelo_proposto,verde,1,3,19,30,60,0.5000,0.1111,279,53,176,50
897,1935253783,azul,vermelho,reativa,verde,0,-3,19,180,120,1.5000,0.0588,294,14,280,0
897,1935253783,azul,azul,reativa,verde,0,-3,19,90,120,0.7500,0.0000,83,7,76,0
898,1096714693,verde,verde,modelo_proposto,verde,1,3,12,30,0,30.0000,0.0833,142,3,139,0
898,1096714693,verde,vermelho,reativa,verde,0,-3,12,90,120,0.7500,0.0000,124,6,118,0
898,1096714693,verde,azul,reativa,verde,0,-3,12,120,120,1.0000,0.0909,178,8,170,0
899,1895563606,vermelho,verde,modelo_proposto,vermelho,0,-3,22,60,120,0.5000,0.0000,254,72,107,75
899,1895563606,vermelho,vermelho,reativa,vermelho,1,3,22,60,60,1.0000,0.0455,468,4,464,0
899,1895563606,vermelho,azul,reativa,vermelho,0,-3,22,180,120,1.5000,0.0476,386,11,375,0
900,767593850,azul,verde,modelo_proposto,empate,0,-1,100,0,0,0.0000,0.0000,1590,47,1543,0
900,767593850,azul,vermelho,reativa,empate,0,-1,100,0,0,0.0000,0.0000,2458,0,2458,0
900,767593850,azul,azul,reativa,empate,0,-1,100,0,0,0.0000,0.0000,1795,2,1793,0
901,1987371659,verde,verde,modelo_proposto,azul,0,-3,37,150,120,1.2500,0.0811,937,156,633,148
901,1987371659,verde,vermelho,reativa,azul,0,-3,37,90,120,0.7500,0.0000,326,4,322,0
901,1987371659,verde,azul,reativa,azul,1,3,37,30,30,1.0000,0.0541,826,1,825,0
902,27872805,vermelho,verde,modelo_proposto,verde,1,3,20,30,60,0.5000,0.2105,245,55,140,50
902,27872805,vermelho,vermelho,reativa,verde,0,-3,20,180,120,1.5000,0.0000,349,19,330,0
902,27872805,vermelho,azul,reativa,verde,0,-3,20,90,120,0.7500,0.0000,240,10,230,0
903,1123407133,azul,verde,modelo_proposto,vermelho,0,-3,25,90,120,0.7500,0.1000,325,85,165,75
903,1123407133,azul,vermelho,reativa,vermelho,1,3,25,30,0,30.0000,0.0833,542,2,540,0
903,1123407133,azul,azul,reativa,vermelho,0,-3,25,120,120,1.0000,0.0000,507,8,499,0
904,1876146646,verde,verde,modelo_proposto,vermelho,0,-3,20,90,120,0.7500,0.0000,245,82,89,74
904,1876146646,verde,vermelho,reativa,vermelho,1,3,20,30,0,30.0000,0.0000,465,2,463,0
904,1876146646,verde,azul,reativa,vermelho,0,-3,20,120,120,1.0000,0.0000,369,7,362,0
905,1941871429,vermelho,verde,modelo_proposto,azul,0,-3,17,120,120,1.0000,0.0000,446,108,243,95
905,1941871429,vermelho,vermelho,reativa,azul,0,-3,17,90,120,0.7500,0.0000,249,5,244,0
905,1941871429,vermelho,azul,reativa,azul,1,3,17,30,0,30.0000,0.0588,357,2,355,0
906,562041356,azul,verde,modelo_proposto,vermelho,0,-3,17,120,120,1.0000,0.1250,465,113,252,100
906,562041356,azul,vermelho,reativa,vermelho,1,3,17,30,0,30.0000,0.0000,376,2,374,0
906,562041356,azul,azul,reativa,vermelho,0,-3,17,90,120,0.7500,0.1000,183,4,179,0
907,1137382925,verde,verde,modelo_proposto,vermelho,0,-3,12,90,120,0.7500,0.0000,238,82,82,74
907,1137382925,verde,vermelho,reativa,vermelho,1,3,12,30,0,30.0000,0.2500,243,2,241,0
907,1137382925,verde,azul,reativa,vermelho,0,-3,12,120,120,1.0000,0.0000,186,8,178,0
908,44253473,vermelho,verde,modelo_proposto,azul,0,-3,19,90,120,0.7500,0.0000,242,84,83,75
908,44253473,vermelho,vermelho,reativa,azul,0,-3,19,120,120,1.0000,0.0000,373,6,367,0
908,44253473,vermelho,azul,reativa,azul,1,3,19,30,0,30.0000,0.0526,412,2,410,0
909,1560650065,azul,verde,modelo_proposto,vermelho,0,-3,20,120,120,1.0000,0.0000,427,109,223,95
909,1560650065,azul,vermelho,reativa,vermelho,1,3,20,30,0,30.0000,0.1053,432,4,428,0
909,1560650065,azul,azul,reativa,vermelho,0,-3,20,90,120,0.7500,0.0000,140,6,134,0
910,412950855,verde,verde,modelo_proposto,azul,0,-3,42,90,120,0.7500,0.0000,295,84,136,75
910,412950855,verde,vermelho,reativa,azul,0,-3,42,120,120,1.0000,0.0714,915,7,908,0
910,412950855,verde,azul,reativa,azul,1,3,42,30,0,30.0000,0.0238,826,3,823,0
911,607510251,vermelho,verde,modelo_proposto,vermelho,0,-3,26,150,120,1.2500,0.0800,731,176,391,164
911,607510251,vermelho,vermelho,reativa,vermelho,1,3,26,30,30,1.0000,0.0000,640,1,639,0
911,607510251,vermelho,azul,reativa,vermelho,0,-3,26,90,120,0.7500,0.0500,417,5,412,0
912,1238126236,azul,verde,modelo_proposto,vermelho,0,-3,12,120,120,1.0000,0.0000,308,86,147,75
912,1238126236,azul,vermelho,reativa,vermelho,1,3,12,30,0,30.0000,0.0000,258,2,256,0
912,1238126236,azul,azul,reativa,vermelho,0,-3,12,90,120,0.7500,0.0000,107,5,102,0
913,1121641946,verde,verde,modelo_proposto,azul,0,-3,15,120,120,1.0000,0.0667,294,89,130,75
913,1121641946,verde,vermelho,reativa,azul,0,-3,15,90,120,0.7500,0.0000,128,6,122,0
913,1121641946,verde,azul,reativa,azul,1,3,15,30,0,30.0000,0.0667,339,2,337,0
914,420667202,vermelho,verde,modelo_proposto,vermelho,0,-3,33,90,120,0.7500,0.3529,347,83,189,75
914,420667202,vermelho,vermelho,reativa,vermelho,1,3,33,30,0,30.0000,0.0000,782,2,780,0
914,420667202,vermelho,azul,reativa,vermelho,0,-3,33,120,120,1.0000,0.0313,646,7,639,0
915,1568625357,azul,verde,modelo_proposto,vermelho,0,-3,15,60,120,0.5000,0.1111,261,76,113,72
915,1568625357,azul,vermelho,reativa,vermelho,1,3,15,60,60,1.0000,0.0000,312,4,308,0
915,1568625357,azul,azul,reativa,vermelho,0,-3,15,180,120,1.5000,0.0000,214,11,203,0
916,988698174,verde,verde,modelo_proposto,azul,0,-3,19,120,120,1.0000,0.1053,502,135,248,119
916,988698174,verde,vermelho,reativa,azul,0,-3,19,90,120,0.7500,0.0000,117,5,112,0
916,988698174,verde,azul,reativa,azul,1,3,19,30,0,30.0000,0.1053,447,4,443,0
917,1920469873,vermelho,verde,modelo_proposto,verde,1,3,30,30,30,1.0000,0.0345,209,26,160,23
917,1920469873,vermelho,vermelho,reativa,verde,0,-3,30,90,120,0.7500,0.0000,83,7,76,0
917,1920469873,vermelho,azul,reativa,verde,0,-3,30,150,120,1.2500,0.0690,600,10,590,0
918,427165887,azul,verde,modelo_proposto,vermelho,0,-3,19,130,120,1.0833,0.3889,611,141,345,125
918,427165887,azul,vermelho,reativa,vermelho,1,3,19,60,30,2.0000,0.0000,407,4,403,0
918,427165887,azul,azul,reativa,vermelho,0,-3,19,60,100,0.6000,0.5385,255,5,250,0
919,1734036530,verde,verde,modelo_proposto,vermelho,0,-3,26,90,120,0.7500,0.0000,253,83,96,74
919,1734036530,verde,vermelho,reativa,vermelho,1,3,26,30,0,30.0000,0.0385,561,2,559,0
919,1734036530,verde,azul,reativa,vermelho,0,-3,26,120,120,1.0000,0.0400,478,6,472,0
920,1207230511,vermelho,verde,modelo_proposto,azul,0,-3,18,90,120,0.7500,0.0909,485,150,187,148
920,1207230511,vermelho,vermelho,reativa,azul,0,-3,18,120,120,1.0000,0.0000,343,8,335,0
920,1207230511,vermelho,azul,reativa,azul,1,3,18,30,0,30.0000,0.0000,405,2,403,0
921,107751489,azul,verde,modelo_proposto,vermelho,0,-3,26,90,120,0.7500,0.0000,380,99,195,86
921,107751489,azul,vermelho,reativa,vermelho,1,3,26,30,30,1.0000,0.0400,519,2,517,0
921,107751489,azul,azul,reativa,vermelho,0,-3,26,150,120,1.2500,0.0000,480,11,469,0
922,66732485,verde,verde,modelo_proposto,vermelho,0,-3,14,90,120,0.7500,0.0000,341,94,165,82
922,66732485,verde,vermelho,reativa,vermelho,1,3,14,30,0,30.0000,0.1429,321,2,319,0
922,66732485,verde,azul,reativa,vermelho,0,-3,14,120,120,1.0000,0.0000,212,6,206,0
923,18312935,vermelho,verde,modelo_proposto,verde,1,3,17,30,0,30.0000,0.1875,99,2,97,0
923,18312935,vermelho,vermelho,reativa,verde,0,-3,17,90,120,0.7500,0.1429,107,8,99,0
923,18312935,vermelho,azul,reativa,verde,0,-3,17,120,120,1.0000,0.0625,303,10,293,0
924,1367906468,azul,verde,modelo_proposto,vermelho,0,-3,17,90,120,0.7500,0.0000,268,85,108,75
924,1367906468,azul,vermelho,reativa,vermelho,1,3,17,30,30,1.0000,0.1250,379,2,377,0
924,1367906468,azul,azul,reativa,vermelho,0,-3,17,150,120,1.2500,0.0000,283,9,274,0
925,1533422519,verde,verde,modelo_proposto,azul,0,-3,13,90,120,0.7500,0.2222,268,100,95,73
925,1533422519,verde,vermelho,reativa,azul,0,-3,13,150,120,1.2500,0.0769,191,9,182,0
925,1533422519,verde,azul,reativa,azul,1,3,13,30,30,1.0000,0.1538,306,5,301,0
926,372069853,vermelho,verde,modelo_proposto,azul,0,-3,20,120,120,1.0000,0.1579,514,114,300,100
926,372069853,vermelho,vermelho,reativa,azul,0,-3,20,90,120,0.7500,0.0625,329,4,325,0
926,372069853,vermelho,azul,reativa,azul,1,3,20,30,0,30.0000,0.0000,476,2,474,0
927,778134302,azul,verde,modelo_proposto,vermelho,0,-3,29,90,120,0.7500,0.1000,357,85,197,75
927,778134302,azul,vermelho,reativa,vermelho,1,3,29,30,30,1.0000,0.1071,637,2,635,0
927,778134302,azul,azul,reativa,vermelho,0,-3,29,150,120,1.2500,0.0000,580,9,571,0
928,1831905812,verde,verde,modelo_proposto,azul,0,-3,20,90,120,0.7500,0.0000,413,104,210,99
928,1831905812,verde,vermelho,reativa,azul,0,-3,20,120,120,1.0000,0.0000,409,7,402,0
928,1831905812,verde,azul,reativa,azul,1,3,20,30,0,30.0000,0.0000,433,3,430,0
929,991318533,vermelho,verde,modelo_proposto,azul,0,-3,25,90,120,0.7500,0.1818,397,98,201,98
929,991318533,vermelho,vermelho,reativa,azul,0,-3,25,150,120,1.2500,0.0400,490,9,481,0
929,991318533,vermelho,azul,reativa,azul,1,3,25,30,30,1.0000,0.0800,555,2,553,0
930,1706283989,azul,verde,modelo_proposto,verde,1,3,14,30,30,1.0000,0.0000,142,28,89,25
930,1706283989,azul,vermelho,reativa,verde,0,-3,14,150,120,1.2500,0.0000,183,11,172,0
930,1706283989,azul,azul,reativa,verde,0,-3,14,90,120,0.7500,0.0000,105,8,97,0
931,1594119628,verde,verde,modelo_proposto,verde,1,3,10,20,30,0.6667,0.1000,113,28,60,25
931,1594119628,verde,vermelho,reativa,verde,0,-3,10,90,120,0.7500,0.6667,83,8,75,0
931,1594119628,verde,azul,reativa,verde,0,-3,10,150,110,1.3636,0.7778,110,11,99,0
932,1114523884,vermelho,verde,modelo_proposto,azul,0,-3,22,90,120,0.7500,0.0000,453,121,236,96
932,1114523884,vermelho,vermelho,reativa,azul,0,-3,22,120,120,1.0000,0.0000,455,7,448,0
932,1114523884,vermelho,azul,reativa,azul,1,3,22,30,0,30.0000,0.0000,494,2,492,0
933,422079920,azul,verde,modelo_proposto,azul,0,-3,20,90,120,0.7500,0.0000,240,82,85,73
933,422079920,azul,vermelho,reativa,azul,0,-3,20,120,120,1.0000,0.0000,369,8,361,0
933,422079920,azul,azul,reativa,azul,1,3,20,30,0,30.0000,0.0000,415,6,409,0
934,1042459231,verde,verde,modelo_proposto,azul,0,-3,21,80,100,0.8000,0.3636,400,113,187,100
934,1042459231,verde,vermelho,reativa,azul,0,-3,21,130,110,1.1818,0.3333,409,7,402,0
934,1042459231,verde,azul,reativa,azul,1,3,21,30,30,1.0000,0.0000,499,2,497,0
935,712723097,vermelho,verde,modelo_proposto,vermelho,0,-3,19,90,120,0.7500,0.0000,259,79,111,69
935,712723097,vermelho,vermelho,reativa,vermelho,1,3,19,20,30,0.6667,0.2105,413,2,411,0
935,712723097,vermelho,azul,reativa,vermelho,0,-3,19,150,110,1.3636,0.2778,308,10,298,0
936,1168590347,azul,verde,modelo_proposto,azul,0,-3,20,90,120,0.7500,0.1875,543,155,249,139
936,1168590347,azul,vermelho,reativa,azul,0,-3,20,120,120,1.0000,0.1053,366,8,358,0
936,1168590347,azul,azul,reativa,azul,1,3,20,30,0,30.0000,0.0000,456,2,454,0
937,1071684288,verde,verde,modelo_proposto,azul,0,-3,21,120,120,1.0000,0.0476,479,113,266,100
937,1071684288,verde,vermelho,reativa,azul,0,-3,21,90,120,0.7500,0.1818,207,4,203,0
937,1071684288,verde,azul,reativa,azul,1,3,21,30,0,30.0000,0.0000,465,2,463,0
938,538693465,vermelho,verde,modelo_proposto,verde,1,3,75,30,30,1.0000,0.0135,1400,29,1346,25
938,538693465,vermelho,vermelho,reativa,verde,0,-3,75,90,120,0.7500,0.0417,451,7,444,0
938,538693465,vermelho,azul,reativa,verde,0,-3,75,150,120,1.2500,0.0811,1655,12,1643,0
939,1540251139,azul,verde,modelo_proposto,empate,0,-1,100,90,120,0.7500,0.0000,451,130,206,115
939,1540251139,azul,vermelho,reativa,empate,0,-1,100,120,90,1.3333,0.0000,1681,9,1672,0
939,1540251139,azul,azul,reativa,empate,0,-1,100,0,0,0.0000,0.0000,1116,0,1116,0
940,1431387882,verde,verde,modelo_proposto,vermelho,0,-3,12,90,120,0.7500,0.0000,276,93,97,86
940,1431387882,verde,vermelho,reativa,vermelho,1,3,12,30,0,30.0000,0.0000,279,2,277,0
940,1431387882,verde,azul,reativa,vermelho,0,-3,12,120,120,1.0000,0.0000,179,7,172,0
941,1385593444,vermelho,verde,modelo_proposto,verde,1,3,20,30,30,1.0000,0.0526,208,29,154,25
941,1385593444,vermelho,vermelho,reativa,verde,0,-3,20,90,120,0.7500,0.0000,126,7,119,0
941,1385593444,vermelho,azul,reativa,verde,0,-3,20,150,120,1.2500,0.0000,349,11,338,0
942,602949509,azul,verde,modelo_proposto,vermelho,0,-3,23,90,120,0.7500,0.0000,256,84,97,75
942,602949509,azul,vermelho,reativa,vermelho,1,3,23,30,0,30.0000,0.0000,508,2,506,0
942,602949509,azul,azul,reativa,vermelho,0,-3,23,120,120,1.0000,0.1364,454,6,448,0
943,129881148,verde,verde,modelo_proposto,vermelho,0,-3,17,150,120,1.2500,0.0588,511,149,229,133
943,129881148,verde,vermelho,reativa,vermelho,1,3,17,30,30,1.0000,0.1176,398,4,394,0
943,129881148,verde,azul,reativa,vermelho,0,-3,17,90,120,0.7500,0.1818,174,5,169,0
944,988129515,vermelho,verde,modelo_proposto,vermelho,0,-3,29,90,120,0.7500,0.1000,247,80,96,71
944,988129515,vermelho,vermelho,reativa,vermelho,1,3,29,30,30,1.0000,0.0000,571,2,569,0
944,988129515,vermelho,azul,reativa,vermelho,0,-3,29,150,120,1.2500,0.2143,536,9,527,0
945,240535048,azul,verde,modelo_proposto,vermelho,0,-3,19,60,120,0.5000,0.2222,223,64,100,59
945,240535048,azul,vermelho,reativa,vermelho,1,3,19,60,30,2.0000,0.0000,382,4,378,0
945,240535048,azul,azul,reativa,vermelho,0,-3,19,150,120,1.2500,0.0000,329,10,319,0
946,1570706326,verde,verde,modelo_proposto,azul,0,-3,13,150,120,1.2500,0.0769,420,119,200,101
946,1570706326,verde,vermelho,reativa,azul,0,-3,13,90,120,0.7500,0.0000,70,5,65,0
946,1570706326,verde,azul,reativa,azul,1,3,13,30,30,1.0000,0.0000,300,4,296,0
947,507421364,vermelho,verde,modelo_proposto,azul,0,-3,32,150,120,1.2500,0.0323,475,98,294,83
947,507421364,vermelho,vermelho,reativa,azul,0,-3,32,90,120,0.7500,0.0000,81,5,76,0
947,507421364,vermelho,azul,reativa,azul,1,3,32,30,30,1.0000,0.0313,725,2,723,0
948,1685667609,azul,verde,modelo_proposto,azul,0,-3,20,70,110,0.6364,0.3684,678,183,330,165
948,1685667609,azul,vermelho,reativa,azul,0,-3,20,80,100,0.8000,0.2941,357,7,350,0
948,1685667609,azul,azul,reativa,azul,1,3,20,60,0,60.0000,0.0000,403,6,397,0
949,705769209,verde,verde,modelo_proposto,azul,0,-3,17,90,120,0.7500,0.0000,413,119,180,114
949,705769209,verde,vermelho,reativa,azul,0,-3,17,150,120,1.2500,0.1176,301,10,291,0
949,705769209,verde,azul,reativa,azul,1,3,17,30,30,1.0000,0.0000,404,4,400,0
950,504911631,vermelho,verde,modelo_proposto,azul,0,-3,10,100,100,1.0000,0.3333,324,104,130,90
950,504911631,vermelho,vermelho,reativa,azul,0,-3,10,70,100,0.7000,0.5714,97,5,92,0
950,504911631,vermelho,azul,reativa,azul,1,3,10,30,0,30.0000,0.0000,233,2,231,0
951,797430198,azul,verde,modelo_proposto,verde,1,3,17,30,30,1.0000,0.0625,146,28,93,25
951,797430198,azul,vermelho,reativa,verde,0,-3,17,90,120,0.7500,0.4545,210,7,203,0
951,797430198,azul,azul,reativa,verde,0,-3,17,150,120,1.2500,0.1250,292,11,281,0
952,1256198830,verde,verde,modelo_proposto,azul,0,-3,14,120,120,1.0000,0.0000,470,112,258,100
952,1256198830,verde,vermelho,reativa,azul,0,-3,14,90,120,0.7500,0.0000,56,5,51,0
952,1256198830,verde,azul,reativa,azul,1,3,14,30,0,30.0000,0.1429,315,5,310,0
953,1625466238,vermelho,verde,modelo_proposto,azul,0,-3,41,90,120,0.7500,0.0000,323,102,129,92
953,1625466238,vermelho,vermelho,reativa,azul,0,-3,41,120,120,1.0000,0.0244,861,7,854,0
953,1625466238,vermelho,azul,reativa,azul,1,3,41,30,0,30.0000,0.0732,967,2,965,0
954,270764059,azul,verde,modelo_proposto,verde,1,3,25,30,0,30.0000,0.0000,467,29,413,25
954,270764059,azul,vermelho,reativa,verde,0,-3,25,120,120,1.0000,0.0435,434,9,425,0
954,270764059,azul,azul,reativa,verde,0,-3,25,90,120,0.7500,0.0000,176,6,170,0
955,466416347,verde,verde,modelo_proposto,azul,0,-3,16,90,120,0.7500,0.1429,250,84,91,75
955,466416347,verde,vermelho,reativa,azul,0,-3,16,120,120,1.0000,0.0000,299,7,292,0
955,466416347,verde,azul,reativa,azul,1,3,16,30,0,30.0000,0.1250,341,5,336,0
956,164930889,vermelho,verde,modelo_proposto,azul,0,-3,20,160,120,1.3333,0.3158,699,194,330,175
956,164930889,vermelho,vermelho,reativa,azul,0,-3,20,60,100,0.6000,0.4545,171,6,165,0
956,164930889,vermelho,azul,reativa,azul,1,3,20,60,60,1.0000,0.1000,442,3,439,0
957,657063490,azul,verde,modelo_proposto,verde,1,3,27,30,0,30.0000,0.0385,513,29,459,25
957,657063490,azul,vermelho,reativa,verde,0,-3,27,120,120,1.0000,0.0400,478,8,470,0
957,657063490,azul,azul,reativa,verde,0,-3,27,90,120,0.7500,0.0000,147,6,141,0
958,925743247,verde,verde,modelo_proposto,vermelho,0,-3,17,70,120,0.5833,0.1429,250,83,95,72
958,925743247,verde,vermelho,reativa,vermelho,1,3,17,30,30,1.0000,0.0000,365,7,358,0
958,925743247,verde,azul,reativa,vermelho,0,-3,17,150,100,1.5000,0.3125,273,12,261,0
959,1712549161,vermelho,verde,modelo_proposto,azul,0,-3,17,120,120,1.0000,0.0000,441,114,227,100
959,1712549161,vermelho,vermelho,reativa,azul,0,-3,17,90,120,0.7500,0.0000,228,4,224,0
959,1712549161,vermelho,azul,reativa,azul,1,3,17,30,0,30.0000,0.1176,380,2,378,0
960,1225043013,azul,verde,modelo_proposto,vermelho,0,-3,15,120,120,1.0000,0.0000,367,106,168,93
960,1225043013,azul,vermelho,reativa,vermelho,1,3,15,30,0,30.0000,0.0000,337,2,335,0
960,1225043013,azul,azul,reativa,vermelho,0,-3,15,90,120,0.7500,0.2000,171,4,167,0
961,941576731,verde,verde,modelo_proposto,verde,1,3,16,30,60,0.5000,0.3125,501,126,230,145
961,941576731,verde,vermelho,reativa,verde,0,-3,16,180,120,1.5000,0.0000,234,13,221,0
961,941576731,verde,azul,reativa,verde,0,-3,16,90,120,0.7500,0.0000,228,10,218,0
962,1506476993,vermelho,verde,modelo_proposto,vermelho,0,-3,16,90,120,0.7500,0.0833,384,101,195,88
962,1506476993,vermelho,vermelho,reativa,vermelho,1,3,16,30,0,30.0000,0.0000,352,2,350,0
962,1506476993,vermelho,azul,reativa,vermelho,0,-3,16,120,120,1.0000,0.0667,276,10,266,0
963,1059674389,azul,verde,modelo_proposto,vermelho,0,-3,14,150,120,1.2500,0.0000,496,140,232,124
963,1059674389,azul,vermelho,reativa,vermelho,1,3,14,30,30,1.0000,0.0769,288,2,286,0
963,1059674389,azul,azul,reativa,vermelho,0,-3,14,90,120,0.7500,0.0000,150,5,145,0
964,629443526,verde,verde,modelo_proposto,verde,1,3,18,30,30,1.0000,0.0556,176,27,124,25
964,629443526,verde,vermelho,reativa,verde,0,-3,18,150,120,1.2500,0.0000,269,11,258,0
964,629443526,verde,azul,reativa,verde,0,-3,18,90,120,0.7500,0.0000,96,6,90,0
965,1269805790,vermelho,verde,modelo_proposto,azul,0,-3,11,60,120,0.5000,0.1429,202,62,85,55
965,1269805790,vermelho,vermelho,reativa,azul,0,-3,11,180,120,1.5000,0.0000,128,12,116,0
965,1269805790,vermelho,azul,reativa,azul,1,3,11,60,60,1.0000,0.0000,205,4,201,0
966,1317036416,azul,verde,modelo_proposto,azul,0,-3,31,90,120,0.7500,0.0000,351,112,139,100
966,1317036416,azul,vermelho,reativa,azul,0,-3,31,150,120,1.2500,0.0333,606,8,598,0
966,1317036416,azul,azul,reativa,azul,1,3,31,30,30,1.0000,0.2581,745,2,743,0
967,558950948,verde,verde,modelo_proposto,verde,1,3,10,150,60,2.5000,0.0000,387,143,144,100
967,558950948,verde,vermelho,reativa,verde,0,-3,10,120,120,1.0000,0.0000,134,11,123,0
967,558950948,verde,azul,reativa,verde,0,-3,10,30,120,0.2500,0.0000,125,4,121,0
968,136670000,vermelho,verde,modelo_proposto,azul,0,-3,22,60,120,0.5000,0.0000,251,61,133,57
968,136670000,vermelho,vermelho,reativa,azul,0,-3,22,150,120,1.2500,0.0000,375,10,365,0
968,136670000,vermelho,azul,reativa,azul,1,3,22,60,30,2.0000,0.0000,511,4,507,0
969,127806416,azul,verde,modelo_proposto,vermelho,0,-3,33,90,120,0.7500,0.0909,320,78,173,69
969,127806416,azul,vermelho,reativa,vermelho,1,3,33,30,0,30.0000,0.0000,778,2,776,0
969,127806416,azul,azul,reativa,vermelho,0,-3,33,120,120,1.0000,0.0625,654,5,649,0
970,1770472552,verde,verde,modelo_proposto,vermelho,0,-3,27,110,110,1.0000,0.2593,579,137,321,121
970,1770472552,verde,vermelho,reativa,vermelho,1,3,27,30,0,30.0000,0.0000,549,2,547,0
970,1770472552,verde,azul,reativa,vermelho,0,-3,27,80,110,0.7273,0.4167,198,7,191,0
971,1221341580,vermelho,verde,modelo_proposto,verde,1,3,27,30,0,30.0000,0.0385,186,29,134,23
971,1221341580,vermelho,vermelho,reativa,verde,0,-3,27,120,120,1.0000,0.0000,527,11,516,0
971,1221341580,vermelho,azul,reativa,verde,0,-3,27,90,120,0.7500,0.1111,160,6,154,0
972,510847089,azul,verde,modelo_proposto,vermelho,0,-3,22,60,120,0.5000,0.0833,396,102,204,90
972,510847089,azul,vermelho,reativa,vermelho,1,3,22,60,60,1.0000,0.0476,457,6,451,0
972,510847089,azul,azul,reativa,vermelho,0,-3,22,180,120,1.5000,0.1905,365,14,351,0
973,1692598265,verde,verde,modelo_proposto,vermelho,0,-3,13,110,110,1.0000,0.3077,418,127,181,110
973,1692598265,verde,vermelho,reativa,vermelho,1,3,13,30,0,30.0000,0.0000,299,2,297,0
973,1692598265,verde,azul,reativa,vermelho,0,-3,13,80,110,0.7273,0.5556,124,6,118,0
974,248016053,vermelho,verde,modelo_proposto,vermelho,0,-3,16,150,120,1.2500,0.0000,515,141,249,125
974,248016053,vermelho,vermelho,reativa,vermelho,1,3,16,30,30,1.0000,0.0625,355,2,353,0
974,248016053,vermelho,azul,reativa,vermelho,0,-3,16,90,120,0.7500,0.0000,182,4,178,0
975,1909045985,azul,verde,modelo_proposto,azul,0,-3,30,120,120,1.0000,0.1034,502,112,291,99
975,1909045985,azul,vermelho,reativa,azul,0,-3,30,90,120,0.7500,0.0000,207,5,202,0
975,1909045985,azul,azul,reativa,azul,1,3,30,30,0,30.0000,0.0000,492,2,490,0
976,887965518,verde,verde,modelo_proposto,vermelho,0,-3,22,90,120,0.7500,0.0833,330,83,172,75
976,887965518,verde,vermelho,reativa,vermelho,1,3,22,30,30,1.0000,0.0000,494,2,492,0
976,887965518,verde,azul,reativa,vermelho,0,-3,22,150,120,1.2500,0.0476,405,8,397,0
977,1357408905,vermelho,verde,modelo_proposto,azul,0,-3,20,100,100,1.0000,0.1053,507,162,251,94
977,1357408905,vermelho,vermelho,reativa,azul,0,-3,20,70,100,0.7000,0.2000,368,15,353,0
977,1357408905,vermelho,azul,reativa,azul,1,3,20,60,30,2.0000,0.0000,405,11,394,0
978,1611699638,azul,verde,modelo_proposto,azul,0,-3,17,60,120,0.5000,0.0769,455,118,225,112
978,1611699638,azul,vermelho,reativa,azul,0,-3,17,150,120,1.2500,0.0625,282,13,269,0
978,1611699638,azul,azul,reativa,azul,1,3,17,90,60,1.5000,0.2353,361,7,354,0
979,1463146029,verde,verde,modelo_proposto,azul,0,-3,16,60,120,0.5000,0.0000,259,77,109,73
979,1463146029,verde,vermelho,reativa,azul,0,-3,16,150,120,1.2500,0.0000,280,10,270,0
979,1463146029,verde,azul,reativa,azul,1,3,16,60,30,2.0000,0.0000,362,4,358,0
980,1079783323,vermelho,verde,modelo_proposto,azul,0,-3,20,90,120,0.7500,0.0909,301,74,163,64
980,1079783323,vermelho,vermelho,reativa,azul,0,-3,20,150,120,1.2500,0.0500,349,10,339,0
980,1079783323,vermelho,azul,reativa,azul,1,3,20,30,30,1.0000,0.1000,449,2,447,0
981,645188196,azul,verde,modelo_proposto,vermelho,0,-3,19,150,120,1.2500,0.1111,548,142,281,125
981,645188196,azul,vermelho,reativa,vermelho,1,3,19,30,30,1.0000,0.0000,386,2,384,0
981,645188196,azul,azul,reativa,vermelho,0,-3,19,90,120,0.7500,0.0000,208,4,204,0
982,1071560322,verde,verde,modelo_proposto,vermelho,0,-3,16,120,120,1.0000,0.0000,490,136,236,118
982,1071560322,verde,vermelho,reativa,vermelho,1,3,16,30,0,30.0000,0.0000,358,4,354,0
982,1071560322,verde,azul,reativa,vermelho,0,-3,16,90,120,0.7500,0.0000,189,6,183,0
983,997181620,vermelho,verde,modelo_proposto,azul,0,-3,20,120,120,1.0000,0.0000,454,116,238,100
983,997181620,vermelho,vermelho,reativa,azul,0,-3,20,90,120,0.7500,0.0000,105,4,101,0
983,997181620,vermelho,azul,reativa,azul,1,3,20,30,0,30.0000,0.1500,422,4,418,0
984,1255515162,azul,verde,modelo_proposto,azul,0,-3,32,60,100,0.6000,0.3333,306,75,160,71
984,1255515162,azul,vermelho,reativa,azul,0,-3,32,130,120,1.0833,0.1935,622,11,611,0
984,1255515162,azul,azul,reativa,azul,1,3,32,60,30,2.0000,0.0000,596,5,591,0
985,836382915,verde,verde,modelo_proposto,empate,0,-1,100,0,0,0.0000,0.0000,1394,0,1394,0
985,836382915,verde,vermelho,reativa,empate,0,-1,100,120,90,1.3333,0.0100,1906,9,1897,0
985,836382915,verde,azul,reativa,empate,0,-1,100,90,120,0.7500,0.0000,102,7,95,0
986,347126365,vermelho,verde,modelo_proposto,azul,0,-3,11,120,120,1.0000,0.0000,377,113,164,100
986,347126365,vermelho,vermelho,reativa,azul,0,-3,11,90,120,0.7500,0.0000,106,5,101,0
986,347126365,vermelho,azul,reativa,azul,1,3,11,30,0,30.0000,0.0909,254,2,252,0
987,1469351021,azul,verde,modelo_proposto,vermelho,0,-3,20,120,120,1.0000,0.0526,523,122,281,120
987,1469351021,azul,vermelho,reativa,vermelho,1,3,20,30,0,30.0000,0.1579,419,2,417,0
987,1469351021,azul,azul,reativa,vermelho,0,-3,20,90,120,0.7500,0.0000,109,5,104,0
988,2100725222,verde,verde,modelo_proposto,empate,0,-1,100,0,0,0.0000,0.0000,1466,49,1417,0
988,2100725222,verde,vermelho,reativa,empate,0,-1,100,0,0,0.0000,0.0000,1395,51,1344,0
988,2100725222,verde,azul,reativa,empate,0,-1,100,0,0,0.0000,0.0000,2537,0,2537,0
989,2076863469,vermelho,verde,modelo_proposto,azul,0,-3,11,130,110,1.1818,0.3000,403,110,199,94
989,2076863469,vermelho,vermelho,reativa,azul,0,-3,11,80,100,0.8000,1.0000,58,6,52,0
989,2076863469,vermelho,azul,reativa,azul,1,3,11,30,30,1.0000,0.0000,240,3,237,0
990,1297419198,azul,verde,modelo_proposto,azul,0,-3,14,120,120,1.0000,0.0000,390,113,177,100
990,1297419198,azul,vermelho,reativa,azul,0,-3,14,90,120,0.7500,0.0000,55,4,51,0
990,1297419198,azul,azul,reativa,azul,1,3,14,30,0,30.0000,0.0714,326,2,324,0
991,656509197,verde,verde,modelo_proposto,vermelho,0,-3,24,150,110,1.3636,0.1250,836,213,426,197
991,656509197,verde,vermelho,reativa,vermelho,1,3,24,20,30,0.6667,0.1250,527,2,525,0
991,656509197,verde,azul,reativa,vermelho,0,-3,24,90,120,0.7500,0.0000,246,5,241,0
992,2086753255,vermelho,verde,modelo_proposto,vermelho,0,-3,24,60,120,0.5000,0.0833,341,79,190,72
992,2086753255,vermelho,vermelho,reativa,vermelho,1,3,24,60,30,2.0000,0.0000,544,4,540,0
992,2086753255,vermelho,azul,reativa,vermelho,0,-3,24,150,120,1.2500,0.0435,458,9,449,0
993,1945909570,azul,verde,modelo_proposto,verde,1,3,13,30,0,30.0000,0.0000,125,7,118,0
993,1945909570,azul,vermelho,reativa,verde,0,-3,13,90,120,0.7500,0.0000,210,7,203,0
993,1945909570,azul,azul,reativa,verde,0,-3,13,120,120,1.0000,0.0000,217,13,204,0
994,66133690,verde,verde,modelo_proposto,azul,0,-3,13,60,120,0.5000,0.0000,300,78,151,71
994,66133690,verde,vermelho,reativa,azul,0,-3,13,90,120,0.7500,0.0000,224,7,217,0
994,66133690,verde,azul,reativa,azul,1,3,13,90,0,90.0000,0.0000,261,8,253,0
995,1178650548,vermelho,verde,modelo_proposto,verde,1,3,24,30,30,1.0000,0.2609,407,83,249,75
995,1178650548,vermelho,vermelho,reativa,verde,0,-3,24,90,120,0.7500,0.0000,286,8,278,0
995,1178650548,vermelho,azul,reativa,verde,0,-3,24,150,120,1.2500,0.0435,453,14,439,0
996,1356342537,azul,verde,modelo_proposto,verde,1,3,17,30,0,30.0000,0.0000,154,21,116,17
996,1356342537,azul,vermelho,reativa,verde,0,-3,17,90,120,0.7500,0.0000,198,7,191,0
996,1356342537,azul,azul,reativa,verde,0,-3,17,120,120,1.0000,0.1250,303,10,293,0
997,1676657438,verde,verde,modelo_proposto,vermelho,0,-3,28,60,120,0.5000,0.1250,261,72,114,75
997,1676657438,verde,vermelho,reativa,vermelho,1,3,28,60,30,2.0000,0.1071,613,4,609,0
997,1676657438,verde,azul,reativa,vermelho,0,-3,28,150,120,1.2500,0.1852,546,9,537,0
998,1714985209,vermelho,verde,modelo_proposto,vermelho,0,-3,14,90,120,0.7500,0.0000,309,83,151,75
998,1714985209,vermelho,vermelho,reativa,vermelho,1,3,14,30,0,30.0000,0.0000,302,2,300,0
998,1714985209,vermelho,azul,reativa,vermelho,0,-3,14,120,120,1.0000,0.0000,211,8,203,0
999,703915436,azul,verde,modelo_proposto,vermelho,0,-3,12,120,120,1.0000,0.0000,365,108,162,95
999,703915436,azul,vermelho,reativa,vermelho,1,3,12,30,0,30.0000,0.0000,241,2,239,0
999,703915436,azul,azul,reativa,vermelho,0,-3,12,90,120,0.7500,0.0000,132,6,126,0
1000,1215748322,verde,verde,modelo_proposto,azul,0,-3,23,80,110,0.7273,0.5556,657,166,343,148
1000,1215748322,verde,vermelho,reativa,azul,0,-3,23,140,110,1.2727,0.4348,437,10,427,0
1000,1215748322,verde,azul,reativa,azul,1,3,23,30,30,1.0000,0.0000,551,2,549,0
