id_simulacao,seed,jogador_inicial,jogador,modelo_ia,vencedor,venceu,turnos,dano_causado,dano_recebido,damage_ratio,cover_usage,custo_total,custo_los,custo_nodos,custo_acoes
1,438557537,verde,verde,reativa,azul,0,9,90,120,0.7500,0.0000,71,3,68,0
1,438557537,verde,vermelho,reativa,azul,0,9,120,120,1.0000,0.0000,130,6,124,0
1,438557537,verde,azul,reativa,azul,1,9,30,0,30.0000,0.2222,181,2,179,0
2,1864560048,vermelho,verde,reativa,verde,1,13,30,0,30.0000,0.0833,273,3,270,0
2,1864560048,vermelho,vermelho,reativa,verde,0,13,120,120,1.0000,0.0833,184,8,176,0
2,1864560048,vermelho,azul,reativa,verde,0,13,90,120,0.7500,0.0000,97,4,93,0
3,990947591,azul,verde,reativa,vermelho,0,15,90,120,0.7500,0.0000,66,4,62,0
3,990947591,azul,vermelho,reativa,vermelho,1,15,30,30,1.0000,0.0000,268,6,262,0
3,990947591,azul,azul,reativa,vermelho,0,15,150,120,1.2500,0.0000,207,9,198,0
4,980411883,verde,verde,reativa,azul,0,7,120,120,1.0000,0.1429,79,4,75,0
4,980411883,verde,vermelho,reativa,azul,0,7,90,120,0.7500,0.0000,28,3,25,0
4,980411883,verde,azul,reativa,azul,1,7,30,0,30.0000,0.1429,149,1,148,0
5,1364875354,vermelho,verde,reativa,azul,0,10,120,110,1.0909,0.1111,128,4,124,0
5,1364875354,vermelho,vermelho,reativa,azul,0,10,90,120,0.7500,0.0000,82,3,79,0
5,1364875354,vermelho,azul,reativa,azul,1,10,20,0,20.0000,0.0000,217,1,216,0
6,1247406621,azul,verde,reativa,azul,0,9,60,120,0.5000,0.3750,144,2,142,0
6,1247406621,azul,vermelho,reativa,azul,0,9,90,120,0.7500,0.0000,55,5,50,0
6,1247406621,azul,azul,reativa,azul,1,9,90,0,90.0000,0.0000,153,3,150,0
7,271024058,verde,verde,reativa,vermelho,0,17,150,120,1.2500,0.0588,258,13,245,0
7,271024058,verde,vermelho,reativa,vermelho,1,17,30,30,1.0000,0.0000,321,3,318,0
7,271024058,verde,azul,reativa,vermelho,0,17,90,120,0.7500,0.3333,177,10,167,0
8,131926194,vermelho,verde,reativa,verde,1,10,90,60,1.5000,0.0000,153,3,150,0
8,131926194,vermelho,vermelho,reativa,verde,0,10,150,120,1.2500,0.0000,97,5,92,0
8,131926194,vermelho,azul,reativa,verde,0,10,60,120,0.5000,0.0000,53,3,50,0
9,920297219,azul,verde,reativa,verde,1,9,30,0,30.0000,0.1250,176,1,175,0
9,920297219,azul,vermelho,reativa,verde,0,9,120,120,1.0000,0.0000,79,4,75,0
9,920297219,azul,azul,reativa,verde,0,9,90,120,0.7500,0.0000,76,3,73,0
10,820336507,verde,verde,reativa,verde,1,9,30,0,30.0000,0.0000,179,3,176,0
10,820336507,verde,vermelho,reativa,verde,0,9,90,120,0.7500,0.0000,52,3,49,0
10,820336507,verde,azul,reativa,verde,0,9,120,120,1.0000,0.1250,99,6,93,0
11,1012562364,vermelho,verde,reativa,empate,0,100,0,0,0.0000,0.0000,1743,97,1646,0
11,1012562364,vermelho,vermelho,reativa,empate,0,100,60,120,0.5000,0.0000,136,17,119,0
11,1012562364,vermelho,azul,reativa,empate,0,100,120,60,2.0000,0.0600,1050,89,961,0
12,670066924,azul,verde,reativa,azul,0,10,90,120,0.7500,0.0000,67,3,64,0
12,670066924,azul,vermelho,reativa,azul,0,10,150,120,1.2500,0.0000,105,5,100,0
12,670066924,azul,azul,reativa,azul,1,10,30,30,1.0000,0.0000,208,1,207,0
13,1549280937,verde,verde,reativa,verde,1,12,30,30,1.0000,0.0833,276,1,275,0
13,1549280937,verde,vermelho,reativa,verde,0,12,90,120,0.7500,0.0000,155,7,148,0
13,1549280937,verde,azul,reativa,verde,0,12,150,120,1.2500,0.0909,139,9,130,0
14,1369586799,vermelho,verde,reativa,azul,0,12,90,120,0.7500,0.0000,90,5,85,0
14,1369586799,vermelho,vermelho,reativa,azul,0,12,150,120,1.2500,0.0000,171,7,164,0
14,1369586799,vermelho,azul,reativa,azul,1,12,30,30,1.0000,0.0833,227,1,226,0
15,1040301634,azul,verde,reativa,azul,0,6,90,120,0.7500,0.0000,29,4,25,0
15,1040301634,azul,vermelho,reativa,azul,0,6,90,120,0.7500,0.0000,53,3,50,0
15,1040301634,azul,azul,reativa,azul,1,6,60,0,60.0000,0.0000,102,2,100,0
16,1790057013,verde,verde,reativa,vermelho,0,9,180,120,1.5000,0.0000,83,8,75,0
16,1790057013,verde,vermelho,reativa,vermelho,1,9,30,60,0.5000,0.2222,193,4,189,0
16,1790057013,verde,azul,reativa,vermelho,0,9,90,120,0.7500,0.0000,54,4,50,0
17,1690053831,vermelho,verde,reativa,verde,1,9,30,0,30.0000,0.0000,172,1,171,0
17,1690053831,vermelho,vermelho,reativa,verde,0,9,90,120,0.7500,0.0000,53,3,50,0
17,1690053831,vermelho,azul,reativa,verde,0,9,120,120,1.0000,0.0000,102,5,97,0
18,1979693965,azul,verde,reativa,empate,0,100,120,90,1.3333,0.0000,1913,100,1813,0
18,1979693965,azul,vermelho,reativa,empate,0,100,90,120,0.7500,0.1538,253,6,247,0
18,1979693965,azul,azul,reativa,empate,0,100,0,0,0.0000,0.9600,2027,100,1927,0
19,932576662,verde,verde,reativa,verde,1,9,30,0,30.0000,0.1111,190,1,189,0
19,932576662,verde,vermelho,reativa,verde,0,9,90,120,0.7500,0.0000,91,5,86,0
19,932576662,verde,azul,reativa,verde,0,9,120,120,1.0000,0.0000,101,5,96,0
20,855842988,vermelho,verde,reativa,azul,0,8,120,120,1.0000,0.0000,79,4,75,0
20,855842988,vermelho,vermelho,reativa,azul,0,8,90,120,0.7500,0.0000,78,3,75,0
20,855842988,vermelho,azul,reativa,azul,1,8,30,0,30.0000,0.1250,156,1,155,0
21,1253956409,azul,verde,reativa,vermelho,0,8,90,120,0.7500,0.0000,53,3,50,0
21,1253956409,azul,vermelho,reativa,vermelho,1,8,30,0,30.0000,0.0000,140,1,139,0
21,1253956409,azul,azul,reativa,vermelho,0,8,120,120,1.0000,0.0000,66,5,61,0
22,755744497,verde,verde,reativa,verde,1,8,30,30,1.0000,0.0000,175,1,174,0
22,755744497,verde,vermelho,reativa,verde,0,8,150,110,1.3636,0.8571,53,6,47,0
22,755744497,verde,azul,reativa,verde,0,8,80,120,0.6667,0.0000,29,4,25,0
23,1237903098,vermelho,verde,reativa,verde,1,8,90,0,90.0000,0.0000,87,3,84,0
23,1237903098,vermelho,vermelho,reativa,verde,0,8,60,120,0.5000,0.2857,126,2,124,0
23,1237903098,vermelho,azul,reativa,verde,0,8,90,120,0.7500,0.0000,72,5,67,0
24,1087965783,azul,verde,reativa,verde,1,9,60,0,60.0000,0.0000,151,2,149,0
24,1087965783,azul,vermelho,reativa,verde,0,9,90,120,0.7500,0.0000,102,3,99,0
24,1087965783,azul,azul,reativa,verde,0,9,90,120,0.7500,0.1667,77,4,73,0
25,483723808,verde,verde,reativa,empate,0,100,90,120,0.7500,0.0000,52,3,49,0
25,483723808,verde,vermelho,reativa,empate,0,100,120,90,1.3333,0.0000,1295,98,1197,0
25,483723808,verde,azul,reativa,empate,0,100,0,0,0.0000,0.0100,1321,95,1226,0
26,242242137,vermelho,verde,reativa,azul,0,8,120,120,1.0000,0.0000,66,5,61,0
26,242242137,vermelho,vermelho,reativa,azul,0,8,90,120,0.7500,0.8333,72,5,67,0
26,242242137,vermelho,azul,reativa,azul,1,8,30,0,30.0000,0.0000,138,1,137,0
27,221737212,azul,verde,reativa,vermelho,0,9,120,120,1.0000,0.0000,104,4,100,0
27,221737212,azul,vermelho,reativa,vermelho,1,9,30,0,30.0000,0.0000,165,1,164,0
27,221737212,azul,azul,reativa,vermelho,0,9,90,120,0.7500,0.0000,43,3,40,0
28,418463804,verde,verde,reativa,vermelho,0,9,120,120,1.0000,0.3333,129,4,125,0
28,418463804,verde,vermelho,reativa,vermelho,1,9,90,30,3.0000,0.0000,140,3,137,0
28,418463804,verde,azul,reativa,vermelho,0,9,60,120,0.5000,0.0000,70,5,65,0
29,435099202,vermelho,verde,reativa,vermelho,0,9,90,120,0.7500,0.0000,28,3,25,0
29,435099202,vermelho,vermelho,reativa,vermelho,1,9,30,0,30.0000,0.0000,192,1,191,0
29,435099202,vermelho,azul,reativa,vermelho,0,9,120,120,1.0000,0.0000,104,4,100,0
30,283512082,azul,verde,reativa,verde,1,10,30,60,0.5000,0.0000,201,1,200,0
30,283512082,azul,vermelho,reativa,verde,0,10,120,120,1.0000,0.0000,54,5,49,0
30,283512082,azul,azul,reativa,verde,0,10,150,120,1.2500,0.0000,98,5,93,0
31,1645911538,verde,verde,reativa,vermelho,0,8,120,120,1.0000,0.0000,85,4,81,0
31,1645911538,verde,vermelho,reativa,vermelho,1,8,30,0,30.0000,0.0000,167,1,166,0
31,1645911538,verde,azul,reativa,vermelho,0,8,90,120,0.7500,0.0000,52,3,49,0
32,1490846386,vermelho,verde,reativa,empate,0,100,120,90,1.3333,0.0000,1099,97,1002,0
32,1490846386,vermelho,vermelho,reativa,empate,0,100,90,120,0.7500,0.0000,53,3,50,0
32,1490846386,vermelho,azul,reativa,empate,0,100,0,0,0.0000,0.0000,1519,94,1425,0
33,321403989,azul,verde,reativa,vermelho,0,9,90,120,0.7500,0.0000,46,3,43,0
33,321403989,azul,vermelho,reativa,vermelho,1,9,30,0,30.0000,0.0000,151,1,150,0
33,321403989,azul,azul,reativa,vermelho,0,9,120,120,1.0000,0.0000,96,4,92,0
34,1070087091,verde,verde,reativa,azul,0,7,150,120,1.2500,0.0000,51,5,46,0
34,1070087091,verde,vermelho,reativa,azul,0,7,90,120,0.7500,0.0000,53,3,50,0
34,1070087091,verde,azul,reativa,azul,1,7,30,30,1.0000,0.0000,150,1,149,0
35,749808370,vermelho,verde,reativa,vermelho,0,9,90,120,0.7500,0.8000,53,3,50,0
35,749808370,vermelho,vermelho,reativa,vermelho,1,9,30,0,30.0000,0.0000,183,1,182,0
35,749808370,vermelho,azul,reativa,vermelho,0,9,120,120,1.0000,0.0000,98,4,94,0
36,310441732,azul,verde,reativa,verde,1,15,30,30,1.0000,0.2143,273,7,266,0
36,310441732,azul,vermelho,reativa,verde,0,15,90,120,0.7500,0.0000,28,3,25,0
36,310441732,azul,azul,reativa,verde,0,15,150,120,1.2500,0.0000,217,10,207,0
37,191956606,verde,verde,reativa,verde,1,7,30,0,30.0000,0.0000,138,1,137,0
37,191956606,verde,vermelho,reativa,verde,0,7,90,120,0.7500,0.0000,53,3,50,0
37,191956606,verde,azul,reativa,verde,0,7,120,120,1.0000,0.0000,51,4,47,0
38,1692875068,vermelho,verde,reativa,vermelho,0,7,90,120,0.7500,0.0000,30,5,25,0
38,1692875068,vermelho,vermelho,reativa,vermelho,1,7,90,0,90.0000,0.0000,102,3,99,0
38,1692875068,vermelho,azul,reativa,vermelho,0,7,60,120,0.5000,0.0000,99,2,97,0
39,724671784,azul,verde,reativa,azul,0,11,90,120,0.7500,0.5000,107,5,102,0
39,724671784,azul,vermelho,reativa,azul,0,11,150,120,1.2500,0.0000,127,6,121,0
39,724671784,azul,azul,reativa,azul,1,11,30,30,1.0000,0.0000,241,1,240,0
40,270559481,verde,verde,reativa,verde,1,9,60,30,2.0000,0.0000,162,2,160,0
40,270559481,verde,vermelho,reativa,verde,0,9,90,120,0.7500,0.0000,55,5,50,0
40,270559481,verde,azul,reativa,verde,0,9,120,120,1.0000,0.0000,104,4,100,0
41,1328649944,vermelho,verde,reativa,verde,1,9,30,30,1.0000,0.0000,170,1,169,0
41,1328649944,vermelho,vermelho,reativa,verde,0,9,90,120,0.7500,0.0000,27,3,24,0
41,1328649944,vermelho,azul,reativa,verde,0,9,150,120,1.2500,0.1250,68,5,63,0
42,662329169,azul,verde,reativa,azul,0,10,90,120,0.7500,0.1429,96,5,91,0
42,662329169,azul,vermelho,reativa,azul,0,10,120,120,1.0000,0.5556,119,5,114,0
42,662329169,azul,azul,reativa,azul,1,10,30,0,30.0000,0.0000,204,1,203,0
43,1702263910,verde,verde,reativa,vermelho,0,10,90,120,0.7500,0.0000,99,3,96,0
43,1702263910,verde,vermelho,reativa,vermelho,1,10,30,30,1.0000,0.0000,218,1,217,0
43,1702263910,verde,azul,reativa,vermelho,0,10,150,120,1.2500,0.8889,102,5,97,0
44,814414449,vermelho,verde,reativa,verde,1,10,30,30,1.0000,0.0000,182,3,179,0
44,814414449,vermelho,vermelho,reativa,verde,0,10,150,120,1.2500,0.0000,106,6,100,0
44,814414449,vermelho,azul,reativa,verde,0,10,90,120,0.7500,0.0000,51,3,48,0
45,764225697,azul,verde,reativa,vermelho,0,9,120,120,1.0000,0.0000,103,4,99,0
45,764225697,azul,vermelho,reativa,vermelho,1,9,30,0,30.0000,0.1250,176,1,175,0
45,764225697,azul,azul,reativa,vermelho,0,9,90,120,0.7500,0.0000,77,4,73,0
46,464531721,verde,verde,reativa,azul,0,9,150,120,1.2500,0.0000,95,7,88,0
46,464531721,verde,vermelho,reativa,azul,0,9,90,120,0.7500,0.0000,99,5,94,0
46,464531721,verde,azul,reativa,azul,1,9,30,30,1.0000,0.0000,183,1,182,0
47,1533946064,vermelho,verde,reativa,vermelho,0,10,90,120,0.7500,0.0000,77,4,73,0
47,1533946064,vermelho,vermelho,reativa,vermelho,1,10,60,30,2.0000,0.2000,195,2,193,0
47,1533946064,vermelho,azul,reativa,vermelho,0,10,120,120,1.0000,0.0000,126,4,122,0
48,2021790431,azul,verde,reativa,verde,1,7,90,10,9.0000,0.6667,79,4,75,0
48,2021790431,azul,vermelho,reativa,verde,0,7,60,120,0.5000,0.0000,54,4,50,0
48,2021790431,azul,azul,reativa,verde,0,7,100,120,0.8333,0.0000,56,6,50,0
49,1451556886,verde,verde,reativa,vermelho,0,9,120,120,1.0000,0.0000,119,8,111,0
49,1451556886,verde,vermelho,reativa,vermelho,1,9,60,30,2.0000,0.0000,166,3,163,0
49,1451556886,verde,azul,reativa,vermelho,0,9,90,120,0.7500,0.0000,95,6,89,0
50,6009790,vermelho,verde,reativa,vermelho,0,9,90,120,0.7500,0.0000,53,4,49,0
50,6009790,vermelho,vermelho,reativa,vermelho,1,9,30,30,1.0000,0.0000,150,2,148,0
50,6009790,vermelho,azul,reativa,vermelho,0,9,150,120,1.2500,0.0000,72,5,67,0
51,188280745,azul,verde,reativa,azul,0,7,90,120,0.7500,0.0000,54,4,50,0
51,188280745,azul,vermelho,reativa,azul,0,7,150,120,1.2500,0.0000,30,5,25,0
51,188280745,azul,azul,reativa,azul,1,7,30,30,1.0000,0.1429,148,1,147,0
52,349047791,verde,verde,reativa,verde,1,10,30,30,1.0000,0.1000,226,1,225,0
52,349047791,verde,vermelho,reativa,verde,0,10,90,120,0.7500,0.3750,104,6,98,0
52,349047791,verde,azul,reativa,verde,0,10,150,120,1.2500,0.0000,88,7,81,0
53,1876708646,vermelho,verde,reativa,azul,0,10,90,120,0.7500,0.0000,99,5,94,0
53,1876708646,vermelho,vermelho,reativa,azul,0,10,150,120,1.2500,0.0000,117,6,111,0
53,1876708646,vermelho,azul,reativa,azul,1,10,30,30,1.0000,0.0000,211,1,210,0
54,1152886018,azul,verde,reativa,azul,0,8,120,120,1.0000,0.0000,70,4,66,0
54,1152886018,azul,vermelho,reativa,azul,0,8,90,120,0.7500,0.0000,51,3,48,0
54,1152886018,azul,azul,reativa,azul,1,8,30,0,30.0000,0.0000,142,1,141,0
55,1069746520,verde,verde,reativa,vermelho,0,10,90,120,0.7500,0.0000,52,3,49,0
55,1069746520,verde,vermelho,reativa,vermelho,1,10,30,30,1.0000,0.0000,201,1,200,0
55,1069746520,verde,azul,reativa,vermelho,0,10,150,120,1.2500,0.0000,102,5,97,0
56,1489974805,vermelho,verde,reativa,verde,1,9,30,30,1.0000,0.2500,174,1,173,0
56,1489974805,vermelho,vermelho,reativa,verde,0,9,150,120,1.2500,0.0000,79,5,74,0
56,1489974805,vermelho,azul,reativa,verde,0,9,90,120,0.7500,0.0000,53,3,50,0
57,1198990478,azul,verde,reativa,azul,0,9,90,120,0.7500,0.0000,54,5,49,0
57,1198990478,azul,vermelho,reativa,azul,0,9,120,110,1.0909,0.2500,104,4,100,0
57,1198990478,azul,azul,reativa,azul,1,9,50,30,1.6667,0.0000,162,2,160,0
58,1785076888,verde,verde,reativa,vermelho,0,10,150,120,1.2500,0.0000,129,6,123,0
58,1785076888,verde,vermelho,reativa,vermelho,1,10,30,30,1.0000,0.0000,206,2,204,0
58,1785076888,verde,azul,reativa,vermelho,0,10,90,120,0.7500,0.0000,75,3,72,0
59,1812608420,vermelho,verde,reativa,verde,1,16,30,30,1.0000,0.0667,293,6,287,0
59,1812608420,vermelho,vermelho,reativa,verde,0,16,150,120,1.2500,0.0000,219,9,210,0
59,1812608420,vermelho,azul,reativa,verde,0,16,90,120,0.7500,0.0000,53,3,50,0
60,1494812099,azul,verde,reativa,vermelho,0,9,120,120,1.0000,0.0000,89,5,84,0
60,1494812099,azul,vermelho,reativa,vermelho,1,9,30,0,30.0000,0.0000,168,1,167,0
60,1494812099,azul,azul,reativa,vermelho,0,9,90,120,0.7500,0.0000,68,4,64,0
61,624291629,verde,verde,reativa,azul,0,8,90,120,0.7500,0.1667,78,3,75,0
61,624291629,verde,vermelho,reativa,azul,0,8,150,120,1.2500,0.0000,69,5,64,0
61,624291629,verde,azul,reativa,azul,1,8,30,30,1.0000,0.0000,160,1,159,0
62,1690688755,vermelho,verde,reativa,verde,1,12,30,30,1.0000,0.1818,240,4,236,0
62,1690688755,vermelho,vermelho,reativa,verde,0,12,150,120,1.2500,0.0909,145,7,138,0
62,1690688755,vermelho,azul,reativa,verde,0,12,90,120,0.7500,0.2000,52,3,49,0
63,415855664,azul,verde,reativa,vermelho,0,7,120,120,1.0000,0.0000,53,4,49,0
63,415855664,azul,vermelho,reativa,vermelho,1,7,30,0,30.0000,0.1667,116,1,115,0
63,415855664,azul,azul,reativa,vermelho,0,7,90,120,0.7500,0.0000,53,3,50,0
64,1239108435,verde,verde,reativa,vermelho,0,7,120,120,1.0000,0.0000,74,5,69,0
64,1239108435,verde,vermelho,reativa,vermelho,1,7,30,0,30.0000,0.0000,144,1,143,0
64,1239108435,verde,azul,reativa,vermelho,0,7,90,120,0.7500,0.0000,66,5,61,0
65,1288729641,vermelho,verde,reativa,azul,0,10,80,120,0.6667,0.0000,29,4,25,0
65,1288729641,vermelho,vermelho,reativa,azul,0,10,120,110,1.0909,0.6000,141,4,137,0
65,1288729641,vermelho,azul,reativa,azul,1,10,30,0,30.0000,0.0000,225,1,224,0
66,2109698062,azul,verde,reativa,vermelho,0,8,90,120,0.7500,0.0000,53,3,50,0
66,2109698062,azul,vermelho,reativa,vermelho,1,8,30,30,1.0000,0.0000,150,1,149,0
66,2109698062,azul,azul,reativa,vermelho,0,8,150,120,1.2500,0.0000,55,5,50,0
67,1413126415,verde,verde,reativa,vermelho,0,9,90,120,0.7500,0.0000,53,3,50,0
67,1413126415,verde,vermelho,reativa,vermelho,1,9,30,0,30.0000,0.0000,200,1,199,0
67,1413126415,verde,azul,reativa,vermelho,0,9,120,120,1.0000,0.0000,104,4,100,0
68,354615157,vermelho,verde,reativa,verde,1,11,30,0,30.0000,0.0000,225,1,224,0
68,354615157,vermelho,vermelho,reativa,verde,0,11,90,120,0.7500,0.0000,138,6,132,0
68,354615157,vermelho,azul,reativa,verde,0,11,120,120,1.0000,0.0000,146,7,139,0
69,36093310,azul,verde,reativa,verde,1,11,30,0,30.0000,0.0000,220,1,219,0
69,36093310,azul,vermelho,reativa,verde,0,11,90,120,0.7500,0.0000,53,3,50,0
69,36093310,azul,azul,reativa,verde,0,11,120,120,1.0000,0.3000,139,4,135,0
70,650929293,verde,verde,reativa,verde,1,10,30,0,30.0000,0.0000,223,1,222,0
70,650929293,verde,vermelho,reativa,verde,0,10,120,120,1.0000,0.0000,123,6,117,0
70,650929293,verde,azul,reativa,verde,0,10,90,120,0.7500,0.0000,99,5,94,0
71,1174663146,vermelho,verde,reativa,azul,0,10,60,120,0.5000,0.2000,77,3,74,0
71,1174663146,vermelho,vermelho,reativa,azul,0,10,120,120,1.0000,0.0000,139,5,134,0
71,1174663146,vermelho,azul,reativa,azul,1,10,90,30,3.0000,0.0000,178,3,175,0
72,6505178,azul,verde,reativa,vermelho,0,8,90,120,0.7500,0.0000,78,3,75,0
72,6505178,azul,vermelho,reativa,vermelho,1,8,30,0,30.0000,0.0000,146,2,144,0
72,6505178,azul,azul,reativa,vermelho,0,8,120,120,1.0000,0.0000,81,6,75,0
73,478834776,verde,verde,reativa,azul,0,7,90,120,0.7500,0.0000,102,4,98,0
73,478834776,verde,vermelho,reativa,azul,0,7,90,120,0.7500,0.0000,55,5,50,0
73,478834776,verde,azul,reativa,azul,1,7,150,90,1.6667,0.0000,51,7,44,0
74,466979635,vermelho,verde,reativa,verde,1,11,60,30,2.0000,0.1000,201,2,199,0
74,466979635,vermelho,vermelho,reativa,verde,0,11,60,120,0.5000,0.0000,77,3,74,0
74,466979635,vermelho,azul,reativa,verde,0,11,150,120,1.2500,0.5000,130,5,125,0
75,1585602173,azul,verde,reativa,azul,0,12,150,120,1.2500,0.0000,151,11,140,0
75,1585602173,azul,vermelho,reativa,azul,0,12,90,120,0.7500,0.0000,126,9,117,0
75,1585602173,azul,azul,reativa,azul,1,12,30,30,1.0000,0.0000,245,6,239,0
76,137830156,verde,verde,reativa,azul,0,8,120,120,1.0000,0.0000,99,4,95,0
76,137830156,verde,vermelho,reativa,azul,0,8,90,120,0.7500,0.0000,54,4,50,0
76,137830156,verde,azul,reativa,azul,1,8,30,0,30.0000,0.0000,158,2,156,0
77,295121870,vermelho,verde,reativa,vermelho,0,9,60,120,0.5000,0.1667,88,3,85,0
77,295121870,vermelho,vermelho,reativa,vermelho,1,9,90,30,3.0000,0.0000,152,4,148,0
77,295121870,vermelho,azul,reativa,vermelho,0,9,120,120,1.0000,0.0000,101,6,95,0
78,1568756219,azul,verde,reativa,vermelho,0,12,90,120,0.7500,0.1667,77,3,74,0
78,1568756219,azul,vermelho,reativa,vermelho,1,12,30,30,1.0000,0.0000,236,1,235,0
78,1568756219,azul,azul,reativa,vermelho,0,12,150,120,1.2500,0.0000,152,5,147,0
79,863086835,verde,verde,reativa,vermelho,0,8,120,120,1.0000,0.0000,104,4,100,0
79,863086835,verde,vermelho,reativa,vermelho,1,8,30,0,30.0000,0.0000,169,1,168,0
79,863086835,verde,azul,reativa,vermelho,0,8,90,120,0.7500,0.0000,52,3,49,0
80,881860485,vermelho,verde,reativa,vermelho,0,9,90,120,0.7500,0.0000,51,3,48,0
80,881860485,vermelho,vermelho,reativa,vermelho,1,9,30,0,30.0000,0.0000,201,1,200,0
80,881860485,vermelho,azul,reativa,vermelho,0,9,120,120,1.0000,0.0000,101,4,97,0
81,866620601,azul,verde,reativa,empate,0,100,0,0,0.0000,0.0101,1381,0,1381,0
81,866620601,azul,vermelho,reativa,empate,0,100,0,0,0.0000,0.0000,1959,96,1863,0
81,866620601,azul,azul,reativa,empate,0,100,0,0,0.0000,0.0000,1950,97,1853,0
82,1809070958,verde,verde,reativa,vermelho,0,8,90,120,0.7500,0.0000,53,3,50,0
82,1809070958,verde,vermelho,reativa,vermelho,1,8,30,0,30.0000,0.1250,176,1,175,0
82,1809070958,verde,azul,reativa,vermelho,0,8,120,120,1.0000,0.7143,78,4,74,0
83,389192010,vermelho,verde,reativa,verde,1,9,90,10,9.0000,0.3750,121,3,118,0
83,389192010,vermelho,vermelho,reativa,verde,0,9,60,120,0.5000,0.0000,77,3,74,0
83,389192010,vermelho,azul,reativa,verde,0,9,100,120,0.8333,0.0000,104,4,100,0
84,500570754,azul,verde,reativa,azul,0,11,120,120,1.0000,0.0000,146,5,141,0
84,500570754,azul,vermelho,reativa,azul,0,11,90,120,0.7500,0.0000,53,3,50,0
84,500570754,azul,azul,reativa,azul,1,11,30,0,30.0000,0.0000,230,1,229,0
85,1712353937,verde,verde,reativa,verde,1,11,60,60,1.0000,0.0000,227,2,225,0
85,1712353937,verde,vermelho,reativa,verde,0,11,180,120,1.5000,0.0000,107,7,100,0
85,1712353937,verde,azul,reativa,verde,0,11,60,120,0.5000,0.0000,115,5,110,0
86,391319897,vermelho,verde,reativa,azul,0,10,90,120,0.7500,0.0000,53,3,50,0
86,391319897,vermelho,vermelho,reativa,azul,0,10,150,120,1.2500,0.0000,130,5,125,0
86,391319897,vermelho,azul,reativa,azul,1,10,30,30,1.0000,0.0000,209,2,207,0
87,136589075,azul,verde,reativa,verde,1,8,90,0,90.0000,0.0000,103,3,100,0
87,136589075,azul,vermelho,reativa,verde,0,8,60,120,0.5000,0.0000,88,4,84,0
87,136589075,azul,azul,reativa,verde,0,8,90,120,0.7500,0.0000,82,7,75,0
88,516443035,verde,verde,reativa,azul,0,6,90,120,0.7500,0.0000,78,3,75,0
88,516443035,verde,vermelho,reativa,azul,0,6,90,120,0.7500,0.0000,29,4,25,0
88,516443035,verde,azul,reativa,azul,1,6,60,0,60.0000,0.0000,102,2,100,0
89,1231568109,vermelho,verde,reativa,azul,0,6,90,120,0.7500,0.0000,29,4,25,0
89,1231568109,vermelho,vermelho,reativa,azul,0,6,150,120,1.2500,0.0000,31,6,25,0
89,1231568109,vermelho,azul,reativa,azul,1,6,30,30,1.0000,0.0000,119,2,117,0
90,234389638,azul,verde,reativa,verde,1,9,30,0,30.0000,0.0000,174,1,173,0
90,234389638,azul,vermelho,reativa,verde,0,9,90,120,0.7500,0.0000,53,3,50,0
90,234389638,azul,azul,reativa,verde,0,9,120,120,1.0000,0.0000,96,4,92,0
91,1278363502,verde,verde,reativa,vermelho,0,10,90,120,0.7500,0.0000,87,5,82,0
91,1278363502,verde,vermelho,reativa,vermelho,1,10,30,0,30.0000,0.0000,194,1,193,0
91,1278363502,verde,azul,reativa,vermelho,0,10,120,120,1.0000,0.0000,129,5,124,0
92,2089492144,vermelho,verde,reativa,azul,0,20,90,120,0.7500,0.0000,53,3,50,0
92,2089492144,vermelho,vermelho,reativa,azul,0,20,120,120,1.0000,0.0000,369,10,359,0
92,2089492144,vermelho,azul,reativa,azul,1,20,30,0,30.0000,0.0000,315,6,309,0
93,1010834375,azul,verde,reativa,vermelho,0,11,150,120,1.2500,0.0000,107,6,101,0
93,1010834375,azul,vermelho,reativa,vermelho,1,11,30,30,1.0000,0.0000,213,1,212,0
93,1010834375,azul,azul,reativa,vermelho,0,11,90,120,0.7500,0.0000,82,5,77,0
94,1010172138,verde,verde,reativa,vermelho,0,7,150,120,1.2500,0.0000,55,5,50,0
94,1010172138,verde,vermelho,reativa,vermelho,1,7,30,30,1.0000,0.1429,140,1,139,0
94,1010172138,verde,azul,reativa,vermelho,0,7,90,120,0.7500,0.0000,28,3,25,0
95,1255584616,vermelho,verde,reativa,azul,0,8,90,120,0.7500,0.0000,77,3,74,0
95,1255584616,vermelho,vermelho,reativa,azul,0,8,120,120,1.0000,0.0000,103,4,99,0
95,1255584616,vermelho,azul,reativa,azul,1,8,30,0,30.0000,0.0000,168,1,167,0
96,2041513302,azul,verde,reativa,verde,1,12,60,60,1.0000,0.0909,197,2,195,0
96,2041513302,azul,vermelho,reativa,verde,0,12,60,120,0.5000,0.1429,118,5,113,0
96,2041513302,azul,azul,reativa,verde,0,12,180,120,1.5000,0.0909,127,7,120,0
97,11523659,verde,verde,reativa,azul,0,10,120,120,1.0000,0.0000,141,4,137,0
97,11523659,verde,vermelho,reativa,azul,0,10,90,120,0.7500,0.0000,106,6,100,0
97,11523659,verde,azul,reativa,azul,1,10,30,0,30.0000,0.0000,182,5,177,0
98,60279016,vermelho,verde,reativa,azul,0,9,90,120,0.7500,0.0000,66,3,63,0
98,60279016,vermelho,vermelho,reativa,azul,0,9,120,120,1.0000,0.0000,128,4,124,0
98,60279016,vermelho,azul,reativa,azul,1,9,30,0,30.0000,0.0000,189,1,188,0
99,2035523298,azul,verde,reativa,vermelho,0,11,120,120,1.0000,0.2000,155,5,150,0
99,2035523298,azul,vermelho,reativa,vermelho,1,11,60,30,2.0000,0.0000,189,3,186,0
99,2035523298,azul,azul,reativa,vermelho,0,11,90,120,0.7500,0.0000,78,4,74,0
100,778332920,verde,verde,reativa,azul,0,12,90,120,0.7500,0.0000,107,3,104,0
100,778332920,verde,vermelho,reativa,azul,0,12,150,120,1.2500,0.0833,167,6,161,0
100,778332920,verde,azul,reativa,azul,1,12,30,30,1.0000,0.1667,263,3,260,0
101,681977055,vermelho,verde,reativa,empate,0,100,90,120,0.7500,0.1667,79,4,75,0
101,681977055,vermelho,vermelho,reativa,empate,0,100,120,90,1.3333,0.0000,1452,98,1354,0
101,681977055,vermelho,azul,reativa,empate,0,100,0,0,0.0000,0.4800,1393,94,1299,0
102,937597042,azul,verde,reativa,verde,1,12,30,0,30.0000,0.0000,245,1,244,0
102,937597042,azul,vermelho,reativa,verde,0,12,90,120,0.7500,0.1111,133,8,125,0
102,937597042,azul,azul,reativa,verde,0,12,120,120,1.0000,0.0000,157,8,149,0
103,528953857,verde,verde,reativa,vermelho,0,9,90,120,0.7500,0.0000,101,4,97,0
103,528953857,verde,vermelho,reativa,vermelho,1,9,90,90,1.0000,0.0000,124,4,120,0
103,528953857,verde,azul,reativa,vermelho,0,9,150,120,1.2500,0.0000,81,6,75,0
104,1698552064,vermelho,verde,reativa,vermelho,0,9,90,120,0.7500,0.0000,125,3,122,0
104,1698552064,vermelho,vermelho,reativa,vermelho,1,9,60,0,60.0000,0.1111,174,2,172,0
104,1698552064,vermelho,azul,reativa,vermelho,0,9,90,120,0.7500,0.0000,54,4,50,0
105,2028522531,azul,verde,reativa,vermelho,0,17,120,120,1.0000,0.0625,225,11,214,0
105,2028522531,azul,vermelho,reativa,vermelho,1,17,30,0,30.0000,0.0625,323,7,316,0
105,2028522531,azul,azul,reativa,vermelho,0,17,90,120,0.7500,0.0000,44,3,41,0
106,2146725289,verde,verde,reativa,vermelho,0,8,150,120,1.2500,0.0000,80,5,75,0
106,2146725289,verde,vermelho,reativa,vermelho,1,8,30,30,1.0000,0.0000,164,1,163,0
106,2146725289,verde,azul,reativa,vermelho,0,8,90,120,0.7500,0.0000,50,4,46,0
107,2048006628,vermelho,verde,reativa,verde,1,10,30,0,30.0000,0.0000,162,1,161,0
107,2048006628,vermelho,vermelho,reativa,verde,0,10,120,120,1.0000,0.6667,126,4,122,0
107,2048006628,vermelho,azul,reativa,verde,0,10,90,120,0.7500,0.0000,53,3,50,0
108,2065734190,azul,verde,reativa,vermelho,0,10,90,120,0.7500,0.0000,53,3,50,0
108,2065734190,azul,vermelho,reativa,vermelho,1,10,30,30,1.0000,0.0000,185,1,184,0
108,2065734190,azul,azul,reativa,vermelho,0,10,150,120,1.2500,0.0000,96,5,91,0
109,946904339,verde,verde,reativa,vermelho,0,8,90,120,0.7500,0.0000,54,4,50,0
109,946904339,verde,vermelho,reativa,vermelho,1,8,30,30,1.0000,0.0000,156,2,154,0
109,946904339,verde,azul,reativa,vermelho,0,8,150,120,1.2500,0.0000,55,5,50,0
110,977405121,vermelho,verde,reativa,verde,1,10,90,30,3.0000,0.1111,153,3,150,0
110,977405121,vermelho,vermelho,reativa,verde,0,10,120,120,1.0000,0.0000,115,4,111,0
110,977405121,vermelho,azul,reativa,verde,0,10,60,120,0.5000,0.0000,78,3,75,0
111,106871201,azul,verde,reativa,vermelho,0,9,150,120,1.2500,0.0000,79,5,74,0
111,106871201,azul,vermelho,reativa,vermelho,1,9,30,30,1.0000,0.1250,165,1,164,0
111,106871201,azul,azul,reativa,vermelho,0,9,90,120,0.7500,0.0000,66,4,62,0
112,524023377,verde,verde,reativa,verde,1,10,30,30,1.0000,0.0000,205,1,204,0
112,524023377,verde,vermelho,reativa,verde,0,10,150,120,1.2500,0.1111,105,5,100,0
112,524023377,verde,azul,reativa,verde,0,10,90,120,0.7500,0.0000,52,3,49,0
113,2070036801,vermelho,verde,reativa,azul,0,9,90,120,0.7500,0.0000,76,4,72,0
113,2070036801,vermelho,vermelho,reativa,azul,0,9,90,120,0.7500,0.1111,153,3,150,0
113,2070036801,vermelho,azul,reativa,azul,1,9,60,0,60.0000,0.1111,172,2,170,0
114,332326161,azul,verde,reativa,azul,0,9,150,120,1.2500,0.0000,73,5,68,0
114,332326161,azul,vermelho,reativa,azul,0,9,90,120,0.7500,0.2000,51,3,48,0
114,332326161,azul,azul,reativa,azul,1,9,30,30,1.0000,0.0000,201,1,200,0
115,13274541,verde,verde,reativa,vermelho,0,11,90,120,0.7500,0.0000,73,3,70,0
115,13274541,verde,vermelho,reativa,vermelho,1,11,30,0,30.0000,0.0909,248,1,247,0
115,13274541,verde,azul,reativa,vermelho,0,11,120,120,1.0000,0.0000,134,4,130,0
116,825241805,vermelho,verde,reativa,verde,1,13,30,30,1.0000,0.0833,250,1,249,0
116,825241805,vermelho,vermelho,reativa,verde,0,13,90,120,0.7500,0.0000,78,3,75,0
116,825241805,vermelho,azul,reativa,verde,0,13,150,120,1.2500,0.0000,160,5,155,0
117,1573000952,azul,verde,reativa,verde,1,9,30,0,30.0000,0.0000,176,1,175,0
117,1573000952,azul,vermelho,reativa,verde,0,9,120,120,1.0000,0.0000,78,4,74,0
117,1573000952,azul,azul,reativa,verde,0,9,90,120,0.7500,0.0000,53,3,50,0
118,1749647013,verde,verde,reativa,empate,0,100,90,120,0.7500,0.0000,78,3,75,0
118,1749647013,verde,vermelho,reativa,empate,0,100,120,90,1.3333,0.0000,1465,99,1366,0
118,1749647013,verde,azul,reativa,empate,0,100,0,0,0.0000,0.0100,1841,95,1746,0
119,974095307,vermelho,verde,reativa,vermelho,0,9,150,120,1.2500,0.0000,71,5,66,0
119,974095307,vermelho,vermelho,reativa,vermelho,1,9,30,30,1.0000,0.1111,164,1,163,0
119,974095307,vermelho,azul,reativa,vermelho,0,9,90,120,0.7500,0.0000,28,3,25,0
120,1400113132,azul,verde,reativa,azul,0,10,90,120,0.7500,0.0000,146,3,143,0
120,1400113132,azul,vermelho,reativa,azul,0,10,90,120,0.7500,0.0000,78,4,74,0
120,1400113132,azul,azul,reativa,azul,1,10,60,0,60.0000,0.0000,201,2,199,0
121,1403140035,verde,verde,reativa,azul,0,8,120,120,1.0000,0.0000,104,4,100,0
121,1403140035,verde,vermelho,reativa,azul,0,8,90,120,0.7500,0.0000,53,4,49,0
121,1403140035,verde,azul,reativa,azul,1,8,60,30,2.0000,0.0000,142,2,140,0
122,1485886752,vermelho,verde,reativa,azul,0,10,150,120,1.2500,0.0000,100,5,95,0
122,1485886752,vermelho,vermelho,reativa,azul,0,10,90,120,0.7500,0.0000,47,3,44,0
122,1485886752,vermelho,azul,reativa,azul,1,10,30,30,1.0000,0.1000,224,1,223,0
123,1433079639,azul,verde,reativa,vermelho,0,11,120,120,1.0000,0.0000,148,7,141,0
123,1433079639,azul,vermelho,reativa,vermelho,1,11,30,0,30.0000,0.1000,226,1,225,0
123,1433079639,azul,azul,reativa,vermelho,0,11,90,120,0.7500,0.0000,111,6,105,0
124,1444017005,verde,verde,reativa,empate,0,100,60,120,0.5000,0.0000,204,4,200,0
124,1444017005,verde,vermelho,reativa,empate,0,100,60,0,60.0000,0.0000,1943,100,1843,0
124,1444017005,verde,azul,reativa,empate,0,100,60,60,1.0000,0.0000,1494,99,1395,0
125,1120634029,vermelho,verde,reativa,azul,0,11,150,120,1.2500,0.0000,130,5,125,0
125,1120634029,vermelho,vermelho,reativa,azul,0,11,90,120,0.7500,0.0000,78,3,75,0
125,1120634029,vermelho,azul,reativa,azul,1,11,30,30,1.0000,0.0909,236,2,234,0
126,1159629576,azul,verde,reativa,verde,1,8,30,30,1.0000,0.0000,146,1,145,0
126,1159629576,azul,vermelho,reativa,verde,0,8,150,120,1.2500,0.0000,30,5,25,0
126,1159629576,azul,azul,reativa,verde,0,8,90,120,0.7500,0.0000,52,3,49,0
127,170520394,verde,verde,reativa,vermelho,0,9,120,120,1.0000,0.0000,102,4,98,0
127,170520394,verde,vermelho,reativa,vermelho,1,9,30,0,30.0000,0.0000,201,1,200,0
127,170520394,verde,azul,reativa,vermelho,0,9,90,120,0.7500,0.0000,73,4,69,0
128,2032603470,vermelho,verde,reativa,vermelho,0,12,90,120,0.7500,0.0000,78,3,75,0
128,2032603470,vermelho,vermelho,reativa,vermelho,1,12,30,0,30.0000,0.1667,274,1,273,0
128,2032603470,vermelho,azul,reativa,vermelho,0,12,120,120,1.0000,0.0000,155,5,150,0
129,1569236234,azul,verde,reativa,verde,1,17,30,30,1.0000,0.0625,331,7,324,0
129,1569236234,azul,vermelho,reativa,verde,0,17,90,120,0.7500,0.0000,51,3,48,0
129,1569236234,azul,azul,reativa,verde,0,17,150,120,1.2500,0.0000,235,11,224,0
130,411570783,verde,verde,reativa,vermelho,0,8,120,120,1.0000,0.0000,91,6,85,0
130,411570783,verde,vermelho,reativa,vermelho,1,8,30,0,30.0000,0.1250,166,2,164,0
130,411570783,verde,azul,reativa,vermelho,0,8,90,120,0.7500,0.0000,28,3,25,0
131,562047796,vermelho,verde,reativa,empate,0,100,0,0,0.0000,0.0000,1782,184,1598,0
131,562047796,vermelho,vermelho,reativa,empate,0,100,0,0,0.0000,0.0000,1431,191,1240,0
131,562047796,vermelho,azul,reativa,empate,0,100,0,0,0.0000,0.0000,1416,192,1224,0
132,1448248165,azul,verde,reativa,vermelho,0,9,90,120,0.7500,0.0000,28,3,25,0
132,1448248165,azul,vermelho,reativa,vermelho,1,9,30,30,1.0000,0.0000,162,2,160,0
132,1448248165,azul,azul,reativa,vermelho,0,9,150,120,1.2500,0.0000,81,6,75,0
133,1352011924,verde,verde,reativa,verde,1,9,30,0,30.0000,0.0000,195,1,194,0
133,1352011924,verde,vermelho,reativa,verde,0,9,120,120,1.0000,0.0000,96,7,89,0
133,1352011924,verde,azul,reativa,verde,0,9,90,120,0.7500,0.0000,92,6,86,0
134,939551074,vermelho,verde,reativa,azul,0,10,150,120,1.2500,0.0000,105,5,100,0
134,939551074,vermelho,vermelho,reativa,azul,0,10,90,120,0.7500,0.0000,78,3,75,0
134,939551074,vermelho,azul,reativa,azul,1,10,30,30,1.0000,0.0000,197,1,196,0
135,362752061,azul,verde,reativa,vermelho,0,11,120,120,1.0000,0.0000,140,4,136,0
135,362752061,azul,vermelho,reativa,vermelho,1,11,30,0,30.0000,0.0000,220,1,219,0
135,362752061,azul,azul,reativa,vermelho,0,11,90,120,0.7500,0.0000,64,3,61,0
136,1970562540,verde,verde,reativa,verde,1,12,120,60,2.0000,0.0000,204,4,200,0
136,1970562540,verde,vermelho,reativa,verde,0,12,150,110,1.3636,0.4545,147,5,142,0
136,1970562540,verde,azul,reativa,verde,0,12,20,120,0.1667,0.0000,102,3,99,0
137,383708122,vermelho,verde,reativa,azul,0,8,90,120,0.7500,0.0000,54,4,50,0
137,383708122,vermelho,vermelho,reativa,azul,0,8,90,120,0.7500,0.0000,128,3,125,0
137,383708122,vermelho,azul,reativa,azul,1,8,60,0,60.0000,0.0000,137,2,135,0
138,2075785334,azul,verde,reativa,vermelho,0,8,90,120,0.7500,0.0000,28,3,25,0
138,2075785334,azul,vermelho,reativa,vermelho,1,8,30,30,1.0000,0.2857,151,1,150,0
138,2075785334,azul,azul,reativa,vermelho,0,8,150,120,1.2500,0.0000,55,5,50,0
139,794372141,verde,verde,reativa,azul,0,9,90,120,0.7500,0.0000,53,3,50,0
139,794372141,verde,vermelho,reativa,azul,0,9,150,120,1.2500,0.5556,105,5,100,0
139,794372141,verde,azul,reativa,azul,1,9,30,30,1.0000,0.0000,182,1,181,0
140,1817101026,vermelho,verde,reativa,verde,1,9,60,30,2.0000,0.1250,152,2,150,0
140,1817101026,vermelho,vermelho,reativa,verde,0,9,90,120,0.7500,0.0000,48,4,44,0
140,1817101026,vermelho,azul,reativa,verde,0,9,120,120,1.0000,0.0000,103,4,99,0
141,1461547978,azul,verde,reativa,verde,1,10,30,30,1.0000,0.2222,201,1,200,0
141,1461547978,azul,vermelho,reativa,verde,0,10,150,120,1.2500,0.0000,80,5,75,0
141,1461547978,azul,azul,reativa,verde,0,10,90,120,0.7500,0.0000,76,3,73,0
142,1249674794,verde,verde,reativa,verde,1,11,120,30,4.0000,0.0000,168,6,162,0
142,1249674794,verde,vermelho,reativa,verde,0,11,90,120,0.7500,0.0000,158,9,149,0
142,1249674794,verde,azul,reativa,verde,0,11,60,120,0.5000,0.0000,139,7,132,0
143,236336944,vermelho,verde,reativa,vermelho,0,11,60,120,0.5000,0.0000,83,4,79,0
143,236336944,vermelho,vermelho,reativa,vermelho,1,11,90,30,3.0000,0.0000,177,10,167,0
143,236336944,vermelho,azul,reativa,vermelho,0,11,120,120,1.0000,0.0000,138,11,127,0
144,787490960,azul,verde,reativa,vermelho,0,12,90,120,0.7500,0.2000,53,3,50,0
144,787490960,azul,vermelho,reativa,vermelho,1,12,30,30,1.0000,0.0000,230,3,227,0
144,787490960,azul,azul,reativa,vermelho,0,12,150,120,1.2500,0.0000,149,6,143,0
145,368094613,verde,verde,reativa,verde,1,10,30,0,30.0000,0.0000,223,1,222,0
145,368094613,verde,vermelho,reativa,verde,0,10,120,120,1.0000,0.5556,129,4,125,0
145,368094613,verde,azul,reativa,verde,0,10,90,120,0.7500,0.0000,53,3,50,0
146,15368845,vermelho,verde,reativa,vermelho,0,9,90,120,0.7500,0.0000,53,3,50,0
146,15368845,vermelho,vermelho,reativa,vermelho,1,9,30,30,1.0000,0.1111,203,3,200,0
146,15368845,vermelho,azul,reativa,vermelho,0,9,150,120,1.2500,0.0000,81,7,74,0
147,987658780,azul,verde,reativa,vermelho,0,8,120,120,1.0000,0.5714,82,7,75,0
147,987658780,azul,vermelho,reativa,vermelho,1,8,90,30,3.0000,0.0000,104,5,99,0
147,987658780,azul,azul,reativa,vermelho,0,8,60,120,0.5000,0.0000,78,3,75,0
148,1140005980,verde,verde,reativa,empate,0,100,0,0,0.0000,0.0000,2102,189,1913,0
148,1140005980,verde,vermelho,reativa,empate,0,100,0,0,0.0000,0.0000,2046,189,1857,0
148,1140005980,verde,azul,reativa,empate,0,100,0,0,0.0000,0.9200,1720,182,1538,0
149,2107689852,vermelho,verde,reativa,verde,1,11,30,0,30.0000,0.0000,220,1,219,0
149,2107689852,vermelho,vermelho,reativa,verde,0,11,120,120,1.0000,0.0000,151,4,147,0
149,2107689852,vermelho,azul,reativa,verde,0,11,90,120,0.7500,0.0000,90,3,87,0
150,1111585620,azul,verde,reativa,verde,1,14,30,30,1.0000,0.0000,253,3,250,0
150,1111585620,azul,vermelho,reativa,verde,0,14,150,120,1.2500,0.0833,178,6,172,0
150,1111585620,azul,azul,reativa,verde,0,14,90,120,0.7500,0.0000,53,3,50,0
151,323059078,verde,verde,reativa,empate,0,100,90,120,0.7500,0.0000,79,4,75,0
151,323059078,verde,vermelho,reativa,empate,0,100,30,0,30.0000,0.0000,2006,96,1910,0
151,323059078,verde,azul,reativa,empate,0,100,90,90,1.0000,0.0400,2002,99,1903,0
152,1505993271,vermelho,verde,reativa,azul,0,8,150,120,1.2500,0.0000,55,5,50,0
152,1505993271,vermelho,vermelho,reativa,azul,0,8,90,120,0.7500,0.0000,75,3,72,0
152,1505993271,vermelho,azul,reativa,azul,1,8,30,30,1.0000,0.0000,171,1,170,0
153,1332249844,azul,verde,reativa,verde,1,10,30,0,30.0000,0.0000,201,1,200,0
153,1332249844,azul,vermelho,reativa,verde,0,10,120,120,1.0000,0.0000,101,4,97,0
153,1332249844,azul,azul,reativa,verde,0,10,90,120,0.7500,0.0000,74,3,71,0
154,486926662,verde,verde,reativa,azul,0,7,90,120,0.7500,0.0000,53,3,50,0
154,486926662,verde,vermelho,reativa,azul,0,7,150,120,1.2500,0.0000,55,5,50,0
154,486926662,verde,azul,reativa,azul,1,7,30,30,1.0000,0.0000,130,1,129,0
155,228384987,vermelho,verde,reativa,verde,1,9,30,0,30.0000,0.2500,156,1,155,0
155,228384987,vermelho,vermelho,reativa,verde,0,9,120,120,1.0000,0.0000,97,4,93,0
155,228384987,vermelho,azul,reativa,verde,0,9,90,120,0.7500,0.8000,50,3,47,0
156,1338147426,azul,verde,reativa,azul,0,9,90,120,0.7500,0.0000,52,3,49,0
156,1338147426,azul,vermelho,reativa,azul,0,9,120,120,1.0000,0.1250,102,4,98,0
156,1338147426,azul,azul,reativa,azul,1,9,30,0,30.0000,0.1111,201,1,200,0
157,1701265980,verde,verde,reativa,vermelho,0,9,90,120,0.7500,0.0000,29,4,25,0
157,1701265980,verde,vermelho,reativa,vermelho,1,9,60,30,2.0000,0.0000,171,4,167,0
157,1701265980,verde,azul,reativa,vermelho,0,9,120,120,1.0000,0.0000,93,5,88,0
158,2035459300,vermelho,verde,reativa,empate,0,100,0,0,0.0000,0.0000,1488,90,1398,0
158,2035459300,vermelho,vermelho,reativa,empate,0,100,120,90,1.3333,0.0000,1342,94,1248,0
158,2035459300,vermelho,azul,reativa,empate,0,100,90,120,0.7500,0.0000,53,3,50,0
159,1984052756,azul,verde,reativa,verde,1,13,30,0,30.0000,0.0833,267,4,263,0
159,1984052756,azul,vermelho,reativa,verde,0,13,120,120,1.0000,0.0000,155,8,147,0
159,1984052756,azul,azul,reativa,verde,0,13,90,120,0.7500,0.0000,50,3,47,0
160,882379617,verde,verde,reativa,vermelho,0,8,120,120,1.0000,0.0000,104,4,100,0
160,882379617,verde,vermelho,reativa,vermelho,1,8,80,30,2.6667,0.0000,128,3,125,0
160,882379617,verde,azul,reativa,vermelho,0,8,60,110,0.5455,0.7500,53,3,50,0
161,155837609,vermelho,verde,reativa,azul,0,7,120,120,1.0000,0.0000,51,4,47,0
161,155837609,vermelho,vermelho,reativa,azul,0,7,90,120,0.7500,0.0000,53,3,50,0
161,155837609,vermelho,azul,reativa,azul,1,7,30,0,30.0000,0.1429,134,1,133,0
162,1949492245,azul,verde,reativa,empate,0,100,120,90,1.3333,0.0000,1272,100,1172,0
162,1949492245,azul,vermelho,reativa,empate,0,100,0,0,0.0000,0.0000,1526,97,1429,0
162,1949492245,azul,azul,reativa,empate,0,100,90,120,0.7500,0.0000,199,3,196,0
163,1206746855,verde,verde,reativa,empate,0,100,0,0,0.0000,0.0100,2023,98,1925,0
163,1206746855,verde,vermelho,reativa,empate,0,100,90,120,0.7500,0.0000,187,6,181,0
163,1206746855,verde,azul,reativa,empate,0,100,120,90,1.3333,0.4700,1929,100,1829,0
164,383512830,vermelho,verde,reativa,azul,0,8,90,120,0.7500,0.0000,53,3,50,0
164,383512830,vermelho,vermelho,reativa,azul,0,8,120,120,1.0000,0.0000,105,5,100,0
164,383512830,vermelho,azul,reativa,azul,1,8,30,0,30.0000,0.0000,154,2,152,0
165,1238779790,azul,verde,reativa,verde,1,11,30,0,30.0000,0.0000,224,1,223,0
165,1238779790,azul,vermelho,reativa,verde,0,11,120,120,1.0000,0.0000,111,4,107,0
165,1238779790,azul,azul,reativa,verde,0,11,90,120,0.7500,0.0000,52,3,49,0
166,457092375,verde,verde,reativa,vermelho,0,8,120,120,1.0000,0.2500,104,4,100,0
166,457092375,verde,vermelho,reativa,vermelho,1,8,60,30,2.0000,0.3750,135,2,133,0
166,457092375,verde,azul,reativa,vermelho,0,8,90,120,0.7500,0.0000,55,5,50,0
167,1059044347,vermelho,verde,reativa,azul,0,7,90,120,0.7500,0.0000,29,4,25,0
167,1059044347,vermelho,vermelho,reativa,azul,0,7,90,120,0.7500,0.0000,102,3,99,0
167,1059044347,vermelho,azul,reativa,azul,1,7,60,0,60.0000,0.0000,109,2,107,0
168,281457202,azul,verde,reativa,empate,0,100,90,120,0.7500,0.0000,56,6,50,0
168,281457202,azul,vermelho,reativa,empate,0,100,0,0,0.0000,0.0101,1951,100,1851,0
168,281457202,azul,azul,reativa,empate,0,100,120,90,1.3333,0.4700,1894,102,1792,0
169,1239046820,verde,verde,reativa,azul,0,6,90,120,0.7500,0.0000,52,4,48,0
169,1239046820,verde,vermelho,reativa,azul,0,6,150,120,1.2500,0.0000,30,5,25,0
169,1239046820,verde,azul,reativa,azul,1,6,30,30,1.0000,0.0000,126,1,125,0
170,461995623,vermelho,verde,reativa,empate,0,100,90,120,0.7500,0.0000,227,8,219,0
170,461995623,vermelho,vermelho,reativa,empate,0,100,0,0,0.0000,0.0000,1977,102,1875,0
170,461995623,vermelho,azul,reativa,empate,0,100,120,90,1.3333,0.0000,1882,103,1779,0
171,1520527385,azul,verde,reativa,vermelho,0,9,90,120,0.7500,0.0000,53,3,50,0
171,1520527385,azul,vermelho,reativa,vermelho,1,9,30,0,30.0000,0.0000,165,1,164,0
171,1520527385,azul,azul,reativa,vermelho,0,9,120,120,1.0000,0.1250,103,4,99,0
172,681314169,verde,verde,reativa,vermelho,0,7,120,120,1.0000,0.1429,79,4,75,0
172,681314169,verde,vermelho,reativa,vermelho,1,7,30,0,30.0000,0.1429,142,1,141,0
172,681314169,verde,azul,reativa,vermelho,0,7,90,120,0.7500,0.0000,28,3,25,0
173,1151681641,vermelho,verde,reativa,empate,0,100,60,0,60.0000,0.0000,1712,100,1612,0
173,1151681641,vermelho,vermelho,reativa,empate,0,100,30,120,0.2500,0.1111,201,2,199,0
173,1151681641,vermelho,azul,reativa,empate,0,100,60,30,2.0000,0.0000,1969,101,1868,0
174,915322822,azul,verde,reativa,verde,1,10,60,30,2.0000,0.0000,175,2,173,0
174,915322822,azul,vermelho,reativa,verde,0,10,120,120,1.0000,0.0000,104,4,100,0
174,915322822,azul,azul,reativa,verde,0,10,90,120,0.7500,0.0000,79,4,75,0
175,1219387384,verde,verde,reativa,empate,0,100,120,90,1.3333,0.0000,1882,103,1779,0
175,1219387384,verde,vermelho,reativa,empate,0,100,0,0,0.0000,0.0000,1822,102,1720,0
175,1219387384,verde,azul,reativa,empate,0,100,90,120,0.7500,0.7143,100,6,94,0
176,669132441,vermelho,verde,reativa,empate,0,100,0,0,0.0000,0.0101,1893,0,1893,0
176,669132441,vermelho,vermelho,reativa,empate,0,100,0,0,0.0000,0.4800,1730,97,1633,0
176,669132441,vermelho,azul,reativa,empate,0,100,0,0,0.0000,0.0000,1624,97,1527,0
177,1538008631,azul,verde,reativa,vermelho,0,10,90,120,0.7500,0.0000,76,4,72,0
177,1538008631,azul,vermelho,reativa,vermelho,1,10,30,0,30.0000,0.0000,198,1,197,0
177,1538008631,azul,azul,reativa,vermelho,0,10,120,120,1.0000,0.1111,125,4,121,0
178,557466564,verde,verde,reativa,vermelho,0,8,120,120,1.0000,0.0000,94,7,87,0
178,557466564,verde,vermelho,reativa,vermelho,1,8,30,0,30.0000,0.0000,175,3,172,0
178,557466564,verde,azul,reativa,vermelho,0,8,90,120,0.7500,0.0000,78,3,75,0
179,1498413934,vermelho,verde,reativa,azul,0,9,90,120,0.7500,0.0000,52,3,49,0
179,1498413934,vermelho,vermelho,reativa,azul,0,9,120,120,1.0000,0.0000,127,4,123,0
179,1498413934,vermelho,azul,reativa,azul,1,9,30,0,30.0000,0.0000,178,1,177,0
180,542293507,azul,verde,reativa,vermelho,0,9,120,120,1.0000,0.1250,103,4,99,0
180,542293507,azul,vermelho,reativa,vermelho,1,9,30,0,30.0000,0.1250,172,1,171,0
180,542293507,azul,azul,reativa,vermelho,0,9,90,120,0.7500,0.0000,77,4,73,0
181,1371703114,verde,verde,reativa,vermelho,0,11,90,120,0.7500,0.0000,186,10,176,0
181,1371703114,verde,vermelho,reativa,vermelho,1,11,120,60,2.0000,0.0000,172,6,166,0
181,1371703114,verde,azul,reativa,vermelho,0,11,90,120,0.7500,0.0000,120,9,111,0
182,117727943,vermelho,verde,reativa,azul,0,9,90,120,0.7500,0.1250,126,3,123,0
182,117727943,vermelho,vermelho,reativa,azul,0,9,90,120,0.7500,0.2000,54,4,50,0
182,117727943,vermelho,azul,reativa,azul,1,9,60,0,60.0000,0.0000,166,2,164,0
183,603806591,azul,verde,reativa,vermelho,0,9,150,120,1.2500,0.0000,80,5,75,0
183,603806591,azul,vermelho,reativa,vermelho,1,9,30,30,1.0000,0.0000,165,2,163,0
183,603806591,azul,azul,reativa,vermelho,0,9,90,120,0.7500,0.0000,72,3,69,0
184,699897077,verde,verde,reativa,empate,0,100,30,120,0.2500,0.0769,281,2,279,0
184,699897077,verde,vermelho,reativa,empate,0,100,60,30,2.0000,0.0000,1282,99,1183,0
184,699897077,verde,azul,reativa,empate,0,100,60,0,60.0000,0.0000,1727,100,1627,0
185,519069263,vermelho,verde,reativa,verde,1,10,30,30,1.0000,0.0000,201,1,200,0
185,519069263,vermelho,vermelho,reativa,verde,0,10,150,120,1.2500,0.0000,105,5,100,0
185,519069263,vermelho,azul,reativa,verde,0,10,90,120,0.7500,0.0000,28,3,25,0
186,1300684724,azul,verde,reativa,azul,0,6,120,120,1.0000,0.0000,30,5,25,0
186,1300684724,azul,vermelho,reativa,azul,0,6,90,120,0.7500,0.0000,28,3,25,0
186,1300684724,azul,azul,reativa,azul,1,6,30,0,30.0000,0.0000,126,1,125,0
187,1520408512,verde,verde,reativa,azul,0,12,180,100,1.8000,0.4167,156,6,150,0
187,1520408512,verde,vermelho,reativa,azul,0,12,40,120,0.3333,0.0000,51,4,47,0
187,1520408512,verde,azul,reativa,azul,1,12,60,60,1.0000,0.0000,239,3,236,0
188,1385646527,vermelho,verde,reativa,verde,1,10,30,30,1.0000,0.3333,197,1,196,0
188,1385646527,vermelho,vermelho,reativa,verde,0,10,150,120,1.2500,0.0000,105,5,100,0
188,1385646527,vermelho,azul,reativa,verde,0,10,90,120,0.7500,0.0000,53,3,50,0
189,1017835355,azul,verde,reativa,empate,0,100,90,60,1.5000,0.4848,1693,100,1593,0
189,1017835355,azul,vermelho,reativa,empate,0,100,30,0,30.0000,0.0000,1453,100,1353,0
189,1017835355,azul,azul,reativa,empate,0,100,60,120,0.5000,0.0000,150,4,146,0
190,1799545139,verde,verde,reativa,azul,0,6,90,120,0.7500,0.0000,54,4,50,0
190,1799545139,verde,vermelho,reativa,azul,0,6,150,120,1.2500,0.0000,30,5,25,0
190,1799545139,verde,azul,reativa,azul,1,6,30,30,1.0000,0.0000,117,1,116,0
191,129883519,vermelho,verde,reativa,verde,1,9,90,60,1.5000,0.0000,123,4,119,0
191,129883519,vermelho,vermelho,reativa,verde,0,9,120,120,1.0000,0.0000,106,6,100,0
191,129883519,vermelho,azul,reativa,verde,0,9,90,120,0.7500,0.0000,79,4,75,0
192,1102580056,azul,verde,reativa,azul,0,9,150,120,1.2500,0.0000,80,5,75,0
192,1102580056,azul,vermelho,reativa,azul,0,9,90,120,0.7500,0.0000,53,3,50,0
192,1102580056,azul,azul,reativa,azul,1,9,30,30,1.0000,0.2222,174,1,173,0
193,1554659575,verde,verde,reativa,azul,0,7,90,120,0.7500,0.8000,53,3,50,0
193,1554659575,verde,vermelho,reativa,azul,0,7,150,120,1.2500,0.0000,55,5,50,0
193,1554659575,verde,azul,reativa,azul,1,7,30,30,1.0000,0.0000,139,1,138,0
194,1156300410,vermelho,verde,reativa,azul,0,9,150,120,1.2500,0.0000,80,5,75,0
194,1156300410,vermelho,vermelho,reativa,azul,0,9,90,120,0.7500,0.8000,49,3,46,0
194,1156300410,vermelho,azul,reativa,azul,1,9,30,30,1.0000,0.2222,163,1,162,0
195,529621933,azul,verde,reativa,vermelho,0,10,90,120,0.7500,0.0000,53,3,50,0
195,529621933,azul,vermelho,reativa,vermelho,1,10,30,30,1.0000,0.3333,180,1,179,0
195,529621933,azul,azul,reativa,vermelho,0,10,150,120,1.2500,0.1111,100,5,95,0
196,1734993955,verde,verde,reativa,verde,1,7,30,30,1.0000,0.0000,133,4,129,0
196,1734993955,verde,vermelho,reativa,verde,0,7,90,120,0.7500,0.0000,55,5,50,0
196,1734993955,verde,azul,reativa,verde,0,7,150,120,1.2500,0.0000,32,7,25,0
197,178452452,vermelho,verde,reativa,vermelho,0,11,120,120,1.0000,0.0000,128,11,117,0
197,178452452,vermelho,vermelho,reativa,vermelho,1,11,150,60,2.5000,0.0000,132,11,121,0
197,178452452,vermelho,azul,reativa,vermelho,0,11,30,120,0.2500,0.1429,129,2,127,0
198,521402375,azul,verde,reativa,vermelho,0,9,120,120,1.0000,0.6250,101,4,97,0
198,521402375,azul,vermelho,reativa,vermelho,1,9,30,0,30.0000,0.0000,175,1,174,0
198,521402375,azul,azul,reativa,vermelho,0,9,90,120,0.7500,0.0000,78,3,75,0
199,105700785,verde,verde,reativa,verde,1,9,60,0,60.0000,0.1111,177,2,175,0
199,105700785,verde,vermelho,reativa,verde,0,9,90,120,0.7500,0.0000,126,3,123,0
199,105700785,verde,azul,reativa,verde,0,9,90,120,0.7500,0.2000,54,4,50,0
200,2008931110,vermelho,verde,reativa,vermelho,0,11,150,120,1.2500,0.5000,130,5,125,0
200,2008931110,vermelho,vermelho,reativa,vermelho,1,11,30,30,1.0000,0.0000,224,1,223,0
200,2008931110,vermelho,azul,reativa,vermelho,0,11,90,120,0.7500,0.0000,77,3,74,0
201,1342046878,azul,verde,reativa,vermelho,0,17,90,120,0.7500,0.0000,160,9,151,0
201,1342046878,azul,vermelho,reativa,vermelho,1,17,30,30,1.0000,0.2500,331,3,328,0
201,1342046878,azul,azul,reativa,vermelho,0,17,150,120,1.2500,0.0625,243,11,232,0
202,953152536,verde,verde,reativa,azul,0,10,180,120,1.5000,0.1000,101,7,94,0
202,953152536,verde,vermelho,reativa,azul,0,10,60,120,0.5000,0.0000,92,5,87,0
202,953152536,verde,azul,reativa,azul,1,10,60,60,1.0000,0.4000,202,2,200,0
203,1936411928,vermelho,verde,reativa,verde,1,13,60,60,1.0000,0.0000,237,2,235,0
203,1936411928,vermelho,vermelho,reativa,verde,0,13,180,120,1.5000,0.4167,152,6,146,0
203,1936411928,vermelho,azul,reativa,verde,0,13,60,120,0.5000,0.1667,78,3,75,0
204,1166957166,azul,verde,reativa,azul,0,10,90,120,0.7500,0.6667,74,4,70,0
204,1166957166,azul,vermelho,reativa,azul,0,10,150,120,1.2500,0.0000,104,5,99,0
204,1166957166,azul,azul,reativa,azul,1,10,30,30,1.0000,0.0000,224,1,223,0
205,1693299176,verde,verde,reativa,verde,1,8,30,0,30.0000,0.5000,176,1,175,0
205,1693299176,verde,vermelho,reativa,verde,0,8,90,120,0.7500,0.0000,78,3,75,0
205,1693299176,verde,azul,reativa,verde,0,8,120,120,1.0000,0.0000,79,4,75,0
206,1869436229,vermelho,verde,reativa,azul,0,9,90,120,0.7500,0.8333,80,5,75,0
206,1869436229,vermelho,vermelho,reativa,azul,0,9,150,120,1.2500,0.0000,111,11,100,0
206,1869436229,vermelho,azul,reativa,azul,1,9,30,30,1.0000,0.0000,128,8,120,0
207,145879472,azul,verde,reativa,vermelho,0,12,120,120,1.0000,0.0000,156,6,150,0
207,145879472,azul,vermelho,reativa,vermelho,1,12,30,0,30.0000,0.0000,250,1,249,0
207,145879472,azul,azul,reativa,vermelho,0,12,90,120,0.7500,0.1250,125,5,120,0
208,149114399,verde,verde,reativa,azul,0,7,120,120,1.0000,0.0000,79,5,74,0
208,149114399,verde,vermelho,reativa,azul,0,7,90,120,0.7500,0.0000,78,3,75,0
208,149114399,verde,azul,reativa,azul,1,7,30,0,30.0000,0.0000,149,1,148,0
209,1683453032,vermelho,verde,reativa,empate,0,100,0,0,0.0000,0.0000,2014,186,1828,0
209,1683453032,vermelho,vermelho,reativa,empate,0,100,0,0,0.0000,0.0100,1387,191,1196,0
209,1683453032,vermelho,azul,reativa,empate,0,100,0,0,0.0000,0.0000,1859,192,1667,0
210,1180105192,azul,verde,reativa,empate,0,100,0,0,0.0000,0.0000,1936,97,1839,0
210,1180105192,azul,vermelho,reativa,empate,0,100,0,0,0.0000,0.0000,1803,0,1803,0
210,1180105192,azul,azul,reativa,empate,0,100,0,0,0.0000,0.0000,1973,97,1876,0
211,706502710,verde,verde,reativa,empate,0,100,90,120,0.7500,0.0000,53,3,50,0
211,706502710,verde,vermelho,reativa,empate,0,100,120,90,1.3333,0.0000,1941,95,1846,0
211,706502710,verde,azul,reativa,empate,0,100,0,0,0.0000,0.0000,1994,92,1902,0
212,1552000050,vermelho,verde,reativa,azul,0,8,120,120,1.0000,0.0000,78,4,74,0
212,1552000050,vermelho,vermelho,reativa,azul,0,8,90,120,0.7500,0.0000,68,3,65,0
212,1552000050,vermelho,azul,reativa,azul,1,8,30,0,30.0000,0.0000,169,1,168,0
213,1627387955,azul,verde,reativa,verde,1,13,30,0,30.0000,0.0000,243,1,242,0
213,1627387955,azul,vermelho,reativa,verde,0,13,120,120,1.0000,0.0000,129,10,119,0
213,1627387955,azul,azul,reativa,verde,0,13,90,120,0.7500,0.0000,168,9,159,0
214,692168545,verde,verde,reativa,azul,0,8,90,120,0.7500,0.0000,79,4,75,0
214,692168545,verde,vermelho,reativa,azul,0,8,120,120,1.0000,0.0000,89,4,85,0
214,692168545,verde,azul,reativa,azul,1,8,30,0,30.0000,0.1250,176,1,175,0
215,1117255669,vermelho,verde,reativa,verde,1,8,30,30,1.0000,0.0000,151,1,150,0
215,1117255669,vermelho,vermelho,reativa,verde,0,8,150,120,1.2500,0.0000,54,5,49,0
215,1117255669,vermelho,azul,reativa,verde,0,8,90,120,0.7500,0.0000,28,3,25,0
216,1291571188,azul,verde,reativa,vermelho,0,9,90,120,0.7500,0.0000,78,3,75,0
216,1291571188,azul,vermelho,reativa,vermelho,1,9,30,30,1.0000,0.0000,150,3,147,0
216,1291571188,azul,azul,reativa,vermelho,0,9,150,120,1.2500,0.0000,79,7,72,0
217,1835059891,verde,verde,reativa,azul,0,8,150,120,1.2500,0.3750,79,5,74,0
217,1835059891,verde,vermelho,reativa,azul,0,8,90,120,0.7500,0.0000,29,4,25,0
217,1835059891,verde,azul,reativa,azul,1,8,90,90,1.0000,0.0000,128,3,125,0
218,770527005,vermelho,verde,reativa,vermelho,0,7,120,120,1.0000,0.0000,54,4,50,0
218,770527005,vermelho,vermelho,reativa,vermelho,1,7,30,0,30.0000,0.0000,141,1,140,0
218,770527005,vermelho,azul,reativa,vermelho,0,7,90,120,0.7500,0.0000,50,3,47,0
219,1839775962,azul,verde,reativa,azul,0,9,90,120,0.7500,0.0000,54,4,50,0
219,1839775962,azul,vermelho,reativa,azul,0,9,120,120,1.0000,0.0000,104,4,100,0
219,1839775962,azul,azul,reativa,azul,1,9,60,30,2.0000,0.0000,177,2,175,0
220,786723664,verde,verde,reativa,azul,0,10,90,120,0.7500,0.0000,53,3,50,0
220,786723664,verde,vermelho,reativa,azul,0,10,120,120,1.0000,0.0000,128,4,124,0
220,786723664,verde,azul,reativa,azul,1,10,30,0,30.0000,0.0000,225,1,224,0
221,1984655043,vermelho,verde,reativa,verde,1,10,30,30,1.0000,0.0000,188,4,184,0
221,1984655043,vermelho,vermelho,reativa,verde,0,10,90,120,0.7500,0.0000,78,3,75,0
221,1984655043,vermelho,azul,reativa,verde,0,10,150,120,1.2500,0.0000,95,8,87,0
222,2038087983,azul,verde,reativa,verde,1,9,90,30,3.0000,0.0000,127,3,124,0
222,2038087983,azul,vermelho,reativa,verde,0,9,90,120,0.7500,0.0000,97,3,94,0
222,2038087983,azul,azul,reativa,verde,0,9,90,120,0.7500,0.0000,55,5,50,0
223,24191029,verde,verde,reativa,azul,0,8,150,120,1.2500,0.0000,80,5,75,0
223,24191029,verde,vermelho,reativa,azul,0,8,90,120,0.7500,0.0000,53,3,50,0
223,24191029,verde,azul,reativa,azul,1,8,30,30,1.0000,0.0000,173,1,172,0
224,1641540538,vermelho,verde,reativa,verde,1,12,60,0,60.0000,0.0000,225,9,216,0
224,1641540538,vermelho,vermelho,reativa,verde,0,12,90,120,0.7500,0.0000,171,13,158,0
224,1641540538,vermelho,azul,reativa,verde,0,12,90,120,0.7500,0.0000,93,8,85,0
225,951702792,azul,verde,reativa,vermelho,0,11,90,120,0.7500,0.0000,28,3,25,0
225,951702792,azul,vermelho,reativa,vermelho,1,11,30,0,30.0000,0.0000,220,4,216,0
225,951702792,azul,azul,reativa,vermelho,0,11,120,120,1.0000,0.1000,133,7,126,0
226,675296008,verde,verde,reativa,azul,0,10,90,120,0.7500,0.0000,52,3,49,0
226,675296008,verde,vermelho,reativa,azul,0,10,150,120,1.2500,0.0000,122,5,117,0
226,675296008,verde,azul,reativa,azul,1,10,30,30,1.0000,0.2000,207,1,206,0
227,559324355,vermelho,verde,reativa,vermelho,0,10,90,120,0.7500,0.0000,51,3,48,0
227,559324355,vermelho,vermelho,reativa,vermelho,1,10,30,0,30.0000,0.0000,225,1,224,0
227,559324355,vermelho,azul,reativa,vermelho,0,10,120,120,1.0000,0.0000,129,4,125,0
228,981530121,azul,verde,reativa,vermelho,0,9,150,110,1.3636,0.6250,79,5,74,0
228,981530121,azul,vermelho,reativa,vermelho,1,9,30,30,1.0000,0.1250,154,2,152,0
228,981530121,azul,azul,reativa,vermelho,0,9,80,120,0.6667,0.8333,54,4,50,0
229,1656250677,verde,verde,reativa,azul,0,8,90,120,0.7500,0.0000,124,4,120,0
229,1656250677,verde,vermelho,reativa,azul,0,8,60,120,0.5000,0.1667,102,4,98,0
229,1656250677,verde,azul,reativa,azul,1,8,150,60,2.5000,0.0000,76,7,69,0
230,207735304,vermelho,verde,reativa,azul,0,10,120,120,1.0000,0.1111,129,4,125,0
230,207735304,vermelho,vermelho,reativa,azul,0,10,90,120,0.7500,0.0000,71,3,68,0
230,207735304,vermelho,azul,reativa,azul,1,10,30,0,30.0000,0.0000,214,1,213,0
231,989711541,azul,verde,reativa,vermelho,0,9,150,120,1.2500,0.0000,80,5,75,0
231,989711541,azul,vermelho,reativa,vermelho,1,9,30,30,1.0000,0.1250,168,1,167,0
231,989711541,azul,azul,reativa,vermelho,0,9,90,120,0.7500,0.0000,64,3,61,0
232,1444584449,verde,verde,reativa,azul,0,8,90,120,0.7500,0.0000,53,3,50,0
232,1444584449,verde,vermelho,reativa,azul,0,8,150,120,1.2500,0.2500,80,5,75,0
232,1444584449,verde,azul,reativa,azul,1,8,30,30,1.0000,0.0000,176,1,175,0
233,594435942,vermelho,verde,reativa,azul,0,12,120,120,1.0000,0.0909,159,8,151,0
233,594435942,vermelho,vermelho,reativa,azul,0,12,90,120,0.7500,0.0000,53,3,50,0
233,594435942,vermelho,azul,reativa,azul,1,12,30,0,30.0000,0.0000,263,4,259,0
234,1488348715,azul,verde,reativa,vermelho,0,9,90,120,0.7500,0.0000,53,3,50,0
234,1488348715,azul,vermelho,reativa,vermelho,1,9,30,30,1.0000,0.0000,175,1,174,0
234,1488348715,azul,azul,reativa,vermelho,0,9,150,120,1.2500,0.0000,80,5,75,0
235,15411380,verde,verde,reativa,vermelho,0,9,90,120,0.7500,0.0000,98,5,93,0
235,15411380,verde,vermelho,reativa,vermelho,1,9,30,0,30.0000,0.0000,185,1,184,0
235,15411380,verde,azul,reativa,vermelho,0,9,120,120,1.0000,0.0000,102,5,97,0
236,893382118,vermelho,verde,reativa,vermelho,0,7,90,120,0.7500,0.0000,51,3,48,0
236,893382118,vermelho,vermelho,reativa,vermelho,1,7,30,0,30.0000,0.0000,151,1,150,0
236,893382118,vermelho,azul,reativa,vermelho,0,7,120,120,1.0000,0.0000,55,5,50,0
237,829102571,azul,verde,reativa,empate,0,100,90,120,0.7500,0.0000,53,3,50,0
237,829102571,azul,vermelho,reativa,empate,0,100,0,0,0.0000,0.0000,1344,87,1257,0
237,829102571,azul,azul,reativa,empate,0,100,120,90,1.3333,0.0000,1394,91,1303,0
238,1104959249,verde,verde,reativa,azul,0,9,120,120,1.0000,0.0000,129,4,125,0
238,1104959249,verde,vermelho,reativa,azul,0,9,90,120,0.7500,0.0000,53,3,50,0
238,1104959249,verde,azul,reativa,azul,1,9,30,0,30.0000,0.0000,195,1,194,0
239,436567940,vermelho,verde,reativa,verde,1,8,60,0,60.0000,0.0000,127,2,125,0
239,436567940,vermelho,vermelho,reativa,verde,0,8,90,120,0.7500,0.1429,94,3,91,0
239,436567940,vermelho,azul,reativa,verde,0,8,90,120,0.7500,0.0000,29,4,25,0
240,314003729,azul,verde,reativa,verde,1,10,30,30,1.0000,0.0000,197,1,196,0
240,314003729,azul,vermelho,reativa,verde,0,10,150,120,1.2500,0.0000,76,5,71,0
240,314003729,azul,azul,reativa,verde,0,10,90,120,0.7500,0.0000,52,3,49,0
241,334422033,verde,verde,reativa,vermelho,0,8,90,120,0.7500,0.0000,52,3,49,0
241,334422033,verde,vermelho,reativa,vermelho,1,8,30,30,1.0000,0.0000,176,1,175,0
241,334422033,verde,azul,reativa,vermelho,0,8,150,120,1.2500,0.0000,52,5,47,0
242,251380444,vermelho,verde,reativa,azul,0,8,90,120,0.7500,0.0000,55,5,50,0
242,251380444,vermelho,vermelho,reativa,azul,0,8,150,120,1.2500,0.2500,80,5,75,0
242,251380444,vermelho,azul,reativa,azul,1,8,30,30,1.0000,0.0000,173,2,171,0
243,1102806774,azul,verde,reativa,verde,1,13,30,30,1.0000,0.0833,256,1,255,0
243,1102806774,azul,vermelho,reativa,verde,0,13,150,120,1.2500,0.0909,156,6,150,0
243,1102806774,azul,azul,reativa,verde,0,13,90,120,0.7500,0.0000,120,5,115,0
244,1761145918,verde,verde,reativa,azul,0,9,140,120,1.1667,0.0000,105,5,100,0
244,1761145918,verde,vermelho,reativa,azul,0,9,90,120,0.7500,0.0000,100,3,97,0
244,1761145918,verde,azul,reativa,azul,1,9,30,20,1.5000,0.2222,199,1,198,0
245,1986957636,vermelho,verde,reativa,vermelho,0,12,150,120,1.2500,0.0909,155,6,149,0
245,1986957636,vermelho,vermelho,reativa,vermelho,1,12,30,30,1.0000,0.0000,248,3,245,0
245,1986957636,vermelho,azul,reativa,vermelho,0,12,90,120,0.7500,0.0000,77,3,74,0
246,1517405042,azul,verde,reativa,empate,0,100,120,90,1.3333,0.0000,1095,94,1001,0
246,1517405042,azul,vermelho,reativa,empate,0,100,90,120,0.7500,0.0000,53,3,50,0
246,1517405042,azul,azul,reativa,empate,0,100,0,0,0.0000,0.9300,1554,91,1463,0
247,286550506,verde,verde,reativa,vermelho,0,9,90,120,0.7500,0.1667,78,4,74,0
247,286550506,verde,vermelho,reativa,vermelho,1,9,30,30,1.0000,0.1111,194,1,193,0
247,286550506,verde,azul,reativa,vermelho,0,9,150,120,1.2500,0.0000,77,5,72,0
248,137304799,vermelho,verde,reativa,azul,0,6,120,120,1.0000,0.0000,30,6,24,0
248,137304799,vermelho,vermelho,reativa,azul,0,6,90,120,0.7500,0.0000,53,3,50,0
248,137304799,vermelho,azul,reativa,azul,1,6,30,0,30.0000,0.0000,127,2,125,0
249,705417887,azul,verde,reativa,verde,1,9,30,0,30.0000,0.0000,168,1,167,0
249,705417887,azul,vermelho,reativa,verde,0,9,90,120,0.7500,0.0000,53,3,50,0
249,705417887,azul,azul,reativa,verde,0,9,120,120,1.0000,0.0000,104,4,100,0
250,726116545,verde,verde,reativa,verde,1,11,30,30,1.0000,0.0000,215,2,213,0
250,726116545,verde,vermelho,reativa,verde,0,11,150,120,1.2500,0.0000,131,6,125,0
250,726116545,verde,azul,reativa,verde,0,11,90,120,0.7500,0.0000,90,5,85,0
251,1291141008,vermelho,verde,reativa,azul,0,10,150,120,1.2500,0.1111,105,5,100,0
251,1291141008,vermelho,vermelho,reativa,azul,0,10,90,120,0.7500,0.0000,66,3,63,0
251,1291141008,vermelho,azul,reativa,azul,1,10,30,30,1.0000,0.0000,213,1,212,0
252,397193934,azul,verde,reativa,verde,1,8,30,0,30.0000,0.0000,151,1,150,0
252,397193934,azul,vermelho,reativa,verde,0,8,120,120,1.0000,0.0000,53,4,49,0
252,397193934,azul,azul,reativa,verde,0,8,90,120,0.7500,0.0000,53,3,50,0
253,214387698,verde,verde,reativa,empate,0,100,120,80,1.5000,0.0500,1266,99,1167,0
253,214387698,verde,vermelho,reativa,empate,0,100,80,120,0.6667,0.0000,28,4,24,0
253,214387698,verde,azul,reativa,empate,0,100,0,0,0.0000,0.0000,1172,95,1077,0
254,2132358912,vermelho,verde,reativa,empate,0,100,0,0,0.0000,0.0000,1602,102,1500,0
254,2132358912,vermelho,vermelho,reativa,empate,0,100,120,90,1.3333,0.0000,1938,102,1836,0
254,2132358912,vermelho,azul,reativa,empate,0,100,90,120,0.7500,0.0000,194,6,188,0
255,58356795,azul,verde,reativa,empate,0,100,0,0,0.0000,0.0101,1989,97,1892,0
255,58356795,azul,vermelho,reativa,empate,0,100,0,0,0.0000,0.0000,1670,0,1670,0
255,58356795,azul,azul,reativa,empate,0,100,0,0,0.0000,0.0000,2012,97,1915,0
256,1589790228,verde,verde,reativa,verde,1,11,30,30,1.0000,0.3636,191,3,188,0
256,1589790228,verde,vermelho,reativa,verde,0,11,150,120,1.2500,0.0000,127,6,121,0
256,1589790228,verde,azul,reativa,verde,0,11,90,120,0.7500,0.0000,28,3,25,0
257,435970243,vermelho,verde,reativa,azul,0,8,150,120,1.2500,0.0000,55,5,50,0
257,435970243,vermelho,vermelho,reativa,azul,0,8,90,120,0.7500,0.0000,52,3,49,0
257,435970243,vermelho,azul,reativa,azul,1,8,30,30,1.0000,0.0000,165,1,164,0
258,1527342900,azul,verde,reativa,vermelho,0,8,90,120,0.7500,0.0000,27,3,24,0
258,1527342900,azul,vermelho,reativa,vermelho,1,8,30,30,1.0000,0.0000,138,1,137,0
258,1527342900,azul,azul,reativa,vermelho,0,8,150,120,1.2500,0.0000,55,5,50,0
259,1108040743,verde,verde,reativa,azul,0,9,90,120,0.7500,0.0000,98,4,94,0
259,1108040743,verde,vermelho,reativa,azul,0,9,150,120,1.2500,0.0000,101,5,96,0
259,1108040743,verde,azul,reativa,azul,1,9,30,30,1.0000,0.1111,195,1,194,0
260,1006993171,vermelho,verde,reativa,verde,1,7,30,0,30.0000,0.0000,100,1,99,0
260,1006993171,vermelho,vermelho,reativa,verde,0,7,90,120,0.7500,0.0000,78,3,75,0
260,1006993171,vermelho,azul,reativa,verde,0,7,120,120,1.0000,0.0000,53,5,48,0
261,275007496,azul,verde,reativa,verde,1,11,30,30,1.0000,0.0000,226,1,225,0
261,275007496,azul,vermelho,reativa,verde,0,11,150,120,1.2500,0.0000,100,5,95,0
261,275007496,azul,azul,reativa,verde,0,11,90,120,0.7500,0.0000,52,3,49,0
262,1290417309,verde,verde,reativa,azul,0,7,90,120,0.7500,0.0000,78,3,75,0
262,1290417309,verde,vermelho,reativa,azul,0,7,120,120,1.0000,0.0000,79,4,75,0
262,1290417309,verde,azul,reativa,azul,1,7,30,0,30.0000,0.0000,149,1,148,0
263,1970741504,vermelho,verde,reativa,azul,0,9,150,120,1.2500,0.0000,80,5,75,0
263,1970741504,vermelho,vermelho,reativa,azul,0,9,90,120,0.7500,0.0000,78,3,75,0
263,1970741504,vermelho,azul,reativa,azul,1,9,30,30,1.0000,0.0000,193,1,192,0
264,432544778,azul,verde,reativa,vermelho,0,10,90,120,0.7500,0.0000,78,3,75,0
264,432544778,azul,vermelho,reativa,vermelho,1,10,30,30,1.0000,0.0000,178,1,177,0
264,432544778,azul,azul,reativa,vermelho,0,10,150,120,1.2500,0.0000,104,5,99,0
265,1532962704,verde,verde,reativa,azul,0,7,90,120,0.7500,0.0000,52,3,49,0
265,1532962704,verde,vermelho,reativa,azul,0,7,120,120,1.0000,0.0000,79,4,75,0
265,1532962704,verde,azul,reativa,azul,1,7,30,0,30.0000,0.0000,130,1,129,0
266,1798660105,vermelho,verde,reativa,verde,1,10,40,30,1.3333,0.1111,177,2,175,0
266,1798660105,vermelho,vermelho,reativa,verde,0,10,120,100,1.2000,0.2222,123,4,119,0
266,1798660105,vermelho,azul,reativa,verde,0,10,90,120,0.7500,0.0000,79,4,75,0
267,358080245,azul,verde,reativa,verde,1,9,30,0,30.0000,0.1250,168,1,167,0
267,358080245,azul,vermelho,reativa,verde,0,9,120,120,1.0000,0.0000,81,6,75,0
267,358080245,azul,azul,reativa,verde,0,9,90,120,0.7500,0.0000,94,4,90,0
268,1943115339,verde,verde,reativa,azul,0,7,120,120,1.0000,0.0000,75,7,68,0
268,1943115339,verde,vermelho,reativa,azul,0,7,90,120,0.7500,0.0000,63,4,59,0
268,1943115339,verde,azul,reativa,azul,1,7,30,0,30.0000,0.0000,141,3,138,0
269,477278850,vermelho,verde,reativa,verde,1,9,30,0,30.0000,0.1250,156,1,155,0
269,477278850,vermelho,vermelho,reativa,verde,0,9,120,120,1.0000,0.0000,104,4,100,0
269,477278850,vermelho,azul,reativa,verde,0,9,90,120,0.7500,0.0000,47,3,44,0
270,522803334,azul,verde,reativa,vermelho,0,8,90,120,0.7500,0.0000,29,4,25,0
270,522803334,azul,vermelho,reativa,vermelho,1,8,60,0,60.0000,0.0000,124,2,122,0
270,522803334,azul,azul,reativa,vermelho,0,8,90,120,0.7500,0.0000,103,3,100,0
271,1159399617,verde,verde,reativa,azul,0,19,90,120,0.7500,0.0000,222,15,207,0
271,1159399617,verde,vermelho,reativa,azul,0,19,150,120,1.2500,0.0000,333,13,320,0
271,1159399617,verde,azul,reativa,azul,1,19,30,30,1.0000,0.0000,281,21,260,0
272,1955071387,vermelho,verde,reativa,azul,0,10,150,120,1.2500,0.2222,104,5,99,0
272,1955071387,vermelho,vermelho,reativa,azul,0,10,90,120,0.7500,0.0000,53,3,50,0
272,1955071387,vermelho,azul,reativa,azul,1,10,30,30,1.0000,0.0000,177,1,176,0
273,2082054462,azul,verde,reativa,vermelho,0,9,90,120,0.7500,0.0000,28,3,25,0
273,2082054462,azul,vermelho,reativa,vermelho,1,9,30,0,30.0000,0.2500,165,1,164,0
273,2082054462,azul,azul,reativa,vermelho,0,9,120,120,1.0000,0.1250,103,4,99,0
274,616255602,verde,verde,reativa,verde,1,10,30,30,1.0000,0.0000,217,1,216,0
274,616255602,verde,vermelho,reativa,verde,0,10,90,120,0.7500,0.0000,98,5,93,0
274,616255602,verde,azul,reativa,verde,0,10,150,120,1.2500,0.0000,95,7,88,0
275,330685898,vermelho,verde,reativa,azul,0,12,150,120,1.2500,0.0000,153,6,147,0
275,330685898,vermelho,vermelho,reativa,azul,0,12,90,120,0.7500,0.0000,52,3,49,0
275,330685898,vermelho,azul,reativa,azul,1,12,30,30,1.0000,0.0000,231,3,228,0
276,293034207,azul,verde,reativa,verde,1,11,30,30,1.0000,0.0000,162,1,161,0
276,293034207,azul,vermelho,reativa,verde,0,11,90,120,0.7500,0.0000,27,3,24,0
276,293034207,azul,azul,reativa,verde,0,11,150,120,1.2500,0.0000,127,5,122,0
277,1726906955,verde,verde,reativa,verde,1,9,30,0,30.0000,0.1111,189,1,188,0
277,1726906955,verde,vermelho,reativa,verde,0,9,120,120,1.0000,0.0000,94,4,90,0
277,1726906955,verde,azul,reativa,verde,0,9,90,120,0.7500,0.0000,53,3,50,0
278,652899206,vermelho,verde,reativa,verde,1,10,30,30,1.0000,0.2222,199,1,198,0
278,652899206,vermelho,vermelho,reativa,verde,0,10,90,120,0.7500,0.0000,78,3,75,0
278,652899206,vermelho,azul,reativa,verde,0,10,150,120,1.2500,0.0000,101,5,96,0
279,1775053101,azul,verde,reativa,vermelho,0,10,90,120,0.7500,0.0000,78,3,75,0
279,1775053101,azul,vermelho,reativa,vermelho,1,10,30,0,30.0000,0.0000,171,1,170,0
279,1775053101,azul,azul,reativa,vermelho,0,10,120,120,1.0000,0.0000,129,4,125,0
280,1138206718,verde,verde,reativa,vermelho,0,11,150,120,1.2500,0.5455,155,5,150,0
280,1138206718,verde,vermelho,reativa,vermelho,1,11,30,30,1.0000,0.1818,220,1,219,0
280,1138206718,verde,azul,reativa,vermelho,0,11,90,120,0.7500,0.0000,78,3,75,0
281,1154859730,vermelho,verde,reativa,verde,1,10,30,0,30.0000,0.0000,201,1,200,0
281,1154859730,vermelho,vermelho,reativa,verde,0,10,120,120,1.0000,0.1111,129,4,125,0
281,1154859730,vermelho,azul,reativa,verde,0,10,90,120,0.7500,0.0000,49,3,46,0
282,1853518004,azul,verde,reativa,azul,0,8,90,120,0.7500,0.0000,50,3,47,0
282,1853518004,azul,vermelho,reativa,azul,0,8,150,120,1.2500,0.0000,50,6,44,0
282,1853518004,azul,azul,reativa,azul,1,8,30,30,1.0000,0.0000,165,2,163,0
283,556386123,verde,verde,reativa,azul,0,9,90,120,0.7500,0.0000,74,3,71,0
283,556386123,verde,vermelho,reativa,azul,0,9,120,120,1.0000,0.0000,127,4,123,0
283,556386123,verde,azul,reativa,azul,1,9,30,0,30.0000,0.0000,197,1,196,0
284,884053951,vermelho,verde,reativa,vermelho,0,11,90,120,0.7500,0.0000,93,4,89,0
284,884053951,vermelho,vermelho,reativa,vermelho,1,11,30,30,1.0000,0.0000,234,1,233,0
284,884053951,vermelho,azul,reativa,vermelho,0,11,150,120,1.2500,0.0000,130,5,125,0
285,1520719184,azul,verde,reativa,verde,1,11,30,0,30.0000,0.0000,187,1,186,0
285,1520719184,azul,vermelho,reativa,verde,0,11,120,120,1.0000,0.0000,126,4,122,0
285,1520719184,azul,azul,reativa,verde,0,11,90,120,0.7500,0.0000,53,3,50,0
286,1349709110,verde,verde,reativa,vermelho,0,9,120,120,1.0000,0.0000,129,4,125,0
286,1349709110,verde,vermelho,reativa,vermelho,1,9,30,0,30.0000,0.0000,195,1,194,0
286,1349709110,verde,azul,reativa,vermelho,0,9,90,120,0.7500,0.0000,52,3,49,0
287,1449566124,vermelho,verde,reativa,verde,1,12,30,30,1.0000,0.0000,200,1,199,0
287,1449566124,vermelho,vermelho,reativa,verde,0,12,150,120,1.2500,0.0000,126,5,121,0
287,1449566124,vermelho,azul,reativa,verde,0,12,90,120,0.7500,0.0000,78,3,75,0
288,546701403,azul,verde,reativa,vermelho,0,9,90,120,0.7500,0.0000,78,3,75,0
288,546701403,azul,vermelho,reativa,vermelho,1,9,30,30,1.0000,0.1250,164,2,162,0
288,546701403,azul,azul,reativa,vermelho,0,9,150,120,1.2500,0.0000,76,6,70,0
289,1544369877,verde,verde,reativa,vermelho,0,7,120,120,1.0000,0.0000,73,6,67,0
289,1544369877,verde,vermelho,reativa,vermelho,1,7,30,0,30.0000,0.0000,143,2,141,0
289,1544369877,verde,azul,reativa,vermelho,0,7,90,120,0.7500,0.0000,51,3,48,0
290,531010709,vermelho,verde,reativa,vermelho,0,7,90,120,0.7500,0.0000,54,4,50,0
290,531010709,vermelho,vermelho,reativa,vermelho,1,7,60,30,2.0000,0.0000,126,3,123,0
290,531010709,vermelho,azul,reativa,vermelho,0,7,120,120,1.0000,0.0000,55,5,50,0
291,53123547,azul,verde,reativa,vermelho,0,9,90,120,0.7500,0.0000,27,3,24,0
291,53123547,azul,vermelho,reativa,vermelho,1,9,30,30,1.0000,0.3750,174,1,173,0
291,53123547,azul,azul,reativa,vermelho,0,9,150,120,1.2500,0.0000,72,5,67,0
292,231262719,verde,verde,reativa,empate,0,100,0,0,0.0000,0.0000,1971,92,1879,0
292,231262719,verde,vermelho,reativa,empate,0,100,120,90,1.3333,0.0000,1674,96,1578,0
292,231262719,verde,azul,reativa,empate,0,100,90,120,0.7500,0.0000,53,3,50,0
293,662711743,vermelho,verde,reativa,vermelho,0,13,150,120,1.2500,0.1667,148,6,142,0
293,662711743,vermelho,vermelho,reativa,vermelho,1,13,30,30,1.0000,0.0000,247,3,244,0
293,662711743,vermelho,azul,reativa,vermelho,0,13,90,120,0.7500,0.0000,53,3,50,0
294,842140641,azul,verde,reativa,vermelho,0,11,180,120,1.5000,0.0000,100,12,88,0
294,842140641,azul,vermelho,reativa,vermelho,1,11,60,60,1.0000,0.0000,176,10,166,0
294,842140641,azul,azul,reativa,vermelho,0,11,60,120,0.5000,0.0000,126,6,120,0
295,1252927648,verde,verde,reativa,verde,1,11,120,60,2.0000,0.1818,170,8,162,0
295,1252927648,verde,vermelho,reativa,verde,0,11,90,120,0.7500,0.0000,125,11,114,0
295,1252927648,verde,azul,reativa,verde,0,11,90,120,0.7500,0.1000,177,9,168,0
296,488546147,vermelho,verde,reativa,verde,1,7,30,0,30.0000,0.0000,126,1,125,0
296,488546147,vermelho,vermelho,reativa,verde,0,7,120,120,1.0000,0.0000,52,5,47,0
296,488546147,vermelho,azul,reativa,verde,0,7,90,120,0.7500,0.0000,28,3,25,0
297,1093134130,azul,verde,reativa,azul,0,7,90,120,0.7500,0.0000,53,3,50,0
297,1093134130,azul,vermelho,reativa,azul,0,7,150,120,1.2500,0.0000,30,5,25,0
297,1093134130,azul,azul,reativa,azul,1,7,30,30,1.0000,0.0000,151,1,150,0
298,856898793,verde,verde,reativa,verde,1,7,60,0,60.0000,0.0000,124,3,121,0
298,856898793,verde,vermelho,reativa,verde,0,7,90,120,0.7500,0.0000,56,6,50,0
298,856898793,verde,azul,reativa,verde,0,7,90,120,0.7500,0.0000,70,4,66,0
299,679112036,vermelho,verde,reativa,verde,1,11,30,30,1.0000,0.0000,224,1,223,0
299,679112036,vermelho,vermelho,reativa,verde,0,11,90,120,0.7500,0.0000,52,3,49,0
299,679112036,vermelho,azul,reativa,verde,0,11,150,120,1.2500,0.0000,124,5,119,0
300,79218301,azul,verde,reativa,azul,0,9,90,120,0.7500,0.1429,96,5,91,0
300,79218301,azul,vermelho,reativa,azul,0,9,120,110,1.0909,0.2500,91,5,86,0
300,79218301,azul,azul,reativa,azul,1,9,20,0,20.0000,0.2222,192,1,191,0
301,1425715911,verde,verde,reativa,verde,1,11,30,0,30.0000,0.0000,252,2,250,0
301,1425715911,verde,vermelho,reativa,verde,0,11,120,120,1.0000,0.0000,124,6,118,0
301,1425715911,verde,azul,reativa,verde,0,11,90,120,0.7500,0.0000,52,3,49,0
302,324304472,vermelho,verde,reativa,azul,0,9,90,120,0.7500,0.0000,75,3,72,0
302,324304472,vermelho,vermelho,reativa,azul,0,9,150,120,1.2500,0.0000,105,5,100,0
302,324304472,vermelho,azul,reativa,azul,1,9,30,30,1.0000,0.0000,201,1,200,0
303,1492864929,azul,verde,reativa,verde,1,9,30,30,1.0000,0.0000,176,1,175,0
303,1492864929,azul,vermelho,reativa,verde,0,9,150,120,1.2500,0.0000,55,5,50,0
303,1492864929,azul,azul,reativa,verde,0,9,90,120,0.7500,0.0000,52,3,49,0
304,1121729027,verde,verde,reativa,vermelho,0,8,120,120,1.0000,0.0000,104,4,100,0
304,1121729027,verde,vermelho,reativa,vermelho,1,8,30,0,30.0000,0.0000,176,1,175,0
304,1121729027,verde,azul,reativa,vermelho,0,8,90,120,0.7500,0.0000,42,4,38,0
305,329186859,vermelho,verde,reativa,vermelho,0,9,120,120,1.0000,0.0000,104,4,100,0
305,329186859,vermelho,vermelho,reativa,vermelho,1,9,30,0,30.0000,0.0000,176,1,175,0
305,329186859,vermelho,azul,reativa,vermelho,0,9,90,120,0.7500,0.0000,52,3,49,0
306,947366636,azul,verde,reativa,verde,1,11,30,30,1.0000,0.2000,187,1,186,0
306,947366636,azul,vermelho,reativa,verde,0,11,90,120,0.7500,0.6667,73,4,69,0
306,947366636,azul,azul,reativa,verde,0,11,150,120,1.2500,0.0000,126,5,121,0
307,1818107138,verde,verde,reativa,vermelho,0,8,90,120,0.7500,0.0000,54,4,50,0
307,1818107138,verde,vermelho,reativa,vermelho,1,8,60,0,60.0000,0.0000,141,2,139,0
307,1818107138,verde,azul,reativa,vermelho,0,8,90,120,0.7500,0.0000,103,3,100,0
308,635456449,vermelho,verde,reativa,verde,1,8,30,0,30.0000,0.0000,135,2,133,0
308,635456449,vermelho,vermelho,reativa,verde,0,8,90,120,0.7500,0.8000,55,5,50,0
308,635456449,vermelho,azul,reativa,verde,0,8,120,120,1.0000,0.0000,77,4,73,0
309,1609319578,azul,verde,reativa,azul,0,13,120,120,1.0000,0.0000,194,11,183,0
309,1609319578,azul,vermelho,reativa,azul,0,13,90,120,0.7500,0.0000,143,8,135,0
309,1609319578,azul,azul,reativa,azul,1,13,30,0,30.0000,0.0769,270,5,265,0
310,391903060,verde,verde,reativa,verde,1,10,60,60,1.0000,0.0000,184,3,181,0
310,391903060,verde,vermelho,reativa,verde,0,10,60,120,0.5000,0.0000,78,4,74,0
310,391903060,verde,azul,reativa,verde,0,10,180,120,1.5000,0.5556,82,7,75,0
311,369162837,vermelho,verde,reativa,verde,1,8,30,30,1.0000,0.0000,136,1,135,0
311,369162837,vermelho,vermelho,reativa,verde,0,8,80,120,0.6667,0.0000,29,4,25,0
311,369162837,vermelho,azul,reativa,verde,0,8,150,110,1.3636,0.7143,54,5,49,0
312,40002021,azul,verde,reativa,azul,0,10,150,120,1.2500,0.2222,104,5,99,0
312,40002021,azul,vermelho,reativa,azul,0,10,90,120,0.7500,0.0000,78,4,74,0
312,40002021,azul,azul,reativa,azul,1,10,30,30,1.0000,0.0000,219,2,217,0
313,349757038,verde,verde,reativa,azul,0,8,90,120,0.7500,0.0000,77,3,74,0
313,349757038,verde,vermelho,reativa,azul,0,8,150,120,1.2500,0.0000,80,5,75,0
313,349757038,verde,azul,reativa,azul,1,8,30,30,1.0000,0.0000,168,1,167,0
314,1753032231,vermelho,verde,reativa,azul,0,11,90,120,0.7500,0.1111,134,7,127,0
314,1753032231,vermelho,vermelho,reativa,azul,0,11,120,120,1.0000,0.0000,163,8,155,0
314,1753032231,vermelho,azul,reativa,azul,1,11,30,0,30.0000,0.2727,221,1,220,0
315,1173196213,azul,verde,reativa,vermelho,0,11,150,120,1.2500,0.0000,122,5,117,0
315,1173196213,azul,vermelho,reativa,vermelho,1,11,30,30,1.0000,0.0000,221,1,220,0
315,1173196213,azul,azul,reativa,vermelho,0,11,90,120,0.7500,0.0000,75,3,72,0
316,63142686,verde,verde,reativa,azul,0,10,90,120,0.7500,0.0000,102,4,98,0
316,63142686,verde,vermelho,reativa,azul,0,10,150,120,1.2500,0.0000,130,5,125,0
316,63142686,verde,azul,reativa,azul,1,10,30,30,1.0000,0.0000,225,1,224,0
317,681300813,vermelho,verde,reativa,azul,0,9,120,120,1.0000,0.0000,104,4,100,0
317,681300813,vermelho,vermelho,reativa,azul,0,9,90,120,0.7500,0.0000,91,4,87,0
317,681300813,vermelho,azul,reativa,azul,1,9,30,0,30.0000,0.0000,201,1,200,0
318,506974165,azul,verde,reativa,azul,0,8,120,120,1.0000,0.0000,77,4,73,0
318,506974165,azul,vermelho,reativa,azul,0,8,90,120,0.7500,0.0000,28,3,25,0
318,506974165,azul,azul,reativa,azul,1,8,30,0,30.0000,0.0000,172,1,171,0
319,1573761150,verde,verde,reativa,vermelho,0,12,150,120,1.2500,0.0000,168,12,156,0
319,1573761150,verde,vermelho,reativa,vermelho,1,12,30,30,1.0000,0.0000,264,9,255,0
319,1573761150,verde,azul,reativa,vermelho,0,12,90,120,0.7500,0.0000,144,9,135,0
320,1937942672,vermelho,verde,reativa,vermelho,0,8,120,120,1.0000,0.0000,31,6,25,0
320,1937942672,vermelho,vermelho,reativa,vermelho,1,8,60,60,1.0000,0.0000,132,3,129,0
320,1937942672,vermelho,azul,reativa,vermelho,0,8,120,120,1.0000,0.0000,79,4,75,0
321,2043056792,azul,verde,reativa,vermelho,0,14,30,120,0.2500,0.0000,53,3,50,0
321,2043056792,azul,vermelho,reativa,vermelho,1,14,90,90,1.0000,0.0000,222,8,214,0
321,2043056792,azul,azul,reativa,vermelho,0,14,210,120,1.7500,0.3846,118,12,106,0
322,1502885451,verde,verde,reativa,azul,0,6,90,120,0.7500,0.0000,55,7,48,0
322,1502885451,verde,vermelho,reativa,azul,0,6,120,120,1.0000,0.0000,54,4,50,0
322,1502885451,verde,azul,reativa,azul,1,6,30,0,30.0000,0.0000,113,4,109,0
323,1638525914,vermelho,verde,reativa,azul,0,7,120,120,1.0000,0.0000,54,4,50,0
323,1638525914,vermelho,vermelho,reativa,azul,0,7,90,120,0.7500,0.0000,53,3,50,0
323,1638525914,vermelho,azul,reativa,azul,1,7,30,0,30.0000,0.0000,151,1,150,0
324,1461675684,azul,verde,reativa,verde,1,9,30,30,1.0000,0.0000,171,1,170,0
324,1461675684,azul,vermelho,reativa,verde,0,9,90,120,0.7500,0.0000,28,3,25,0
324,1461675684,azul,azul,reativa,verde,0,9,150,120,1.2500,0.0000,76,5,71,0
325,971720179,verde,verde,reativa,verde,1,9,30,0,30.0000,0.1111,176,1,175,0
325,971720179,verde,vermelho,reativa,verde,0,9,90,120,0.7500,0.0000,79,4,75,0
325,971720179,verde,azul,reativa,verde,0,9,120,120,1.0000,0.0000,85,5,80,0
326,566942735,vermelho,verde,reativa,azul,0,12,90,120,0.7500,0.8000,46,4,42,0
326,566942735,vermelho,vermelho,reativa,azul,0,12,150,120,1.2500,0.0000,170,7,163,0
326,566942735,vermelho,azul,reativa,azul,1,12,30,30,1.0000,0.0000,227,4,223,0
327,1508647464,azul,verde,reativa,vermelho,0,8,90,120,0.7500,0.0000,53,3,50,0
327,1508647464,azul,vermelho,reativa,vermelho,1,8,30,0,30.0000,0.0000,150,1,149,0
327,1508647464,azul,azul,reativa,vermelho,0,8,120,120,1.0000,0.0000,79,4,75,0
328,603781327,verde,verde,reativa,azul,0,9,90,120,0.7500,0.0000,77,3,74,0
328,603781327,verde,vermelho,reativa,azul,0,9,150,120,1.2500,0.0000,97,6,91,0
328,603781327,verde,azul,reativa,azul,1,9,30,30,1.0000,0.1111,199,3,196,0
329,1627862180,vermelho,verde,reativa,empate,0,100,120,90,1.3333,0.0000,1931,96,1835,0
329,1627862180,vermelho,vermelho,reativa,empate,0,100,0,0,0.0000,0.0000,1767,92,1675,0
329,1627862180,vermelho,azul,reativa,empate,0,100,90,120,0.7500,0.0000,62,3,59,0
330,2108647050,azul,verde,reativa,verde,1,8,30,0,30.0000,0.0000,151,1,150,0
330,2108647050,azul,vermelho,reativa,verde,0,8,120,120,1.0000,0.0000,55,5,50,0
330,2108647050,azul,azul,reativa,verde,0,8,90,120,0.7500,0.0000,78,3,75,0
331,71850044,verde,verde,reativa,azul,0,8,150,120,1.2500,0.0000,80,5,75,0
331,71850044,verde,vermelho,reativa,azul,0,8,90,120,0.7500,0.0000,52,3,49,0
331,71850044,verde,azul,reativa,azul,1,8,30,30,1.0000,0.0000,163,1,162,0
332,87384019,vermelho,verde,reativa,azul,0,8,90,120,0.7500,0.0000,28,3,25,0
332,87384019,vermelho,vermelho,reativa,azul,0,8,120,120,1.0000,0.0000,101,4,97,0
332,87384019,vermelho,azul,reativa,azul,1,8,30,0,30.0000,0.1250,175,1,174,0
333,456098441,azul,verde,reativa,vermelho,0,8,90,120,0.7500,0.0000,50,3,47,0
333,456098441,azul,vermelho,reativa,vermelho,1,8,30,0,30.0000,0.0000,141,1,140,0
333,456098441,azul,azul,reativa,vermelho,0,8,120,120,1.0000,0.0000,79,4,75,0
334,325496467,verde,verde,reativa,azul,0,6,120,120,1.0000,0.0000,52,5,47,0
334,325496467,verde,vermelho,reativa,azul,0,6,90,120,0.7500,0.0000,51,3,48,0
334,325496467,verde,azul,reativa,azul,1,6,30,0,30.0000,0.1667,115,1,114,0
335,1049597105,vermelho,verde,reativa,verde,1,11,30,0,30.0000,0.0000,196,1,195,0
335,1049597105,vermelho,vermelho,reativa,verde,0,11,90,120,0.7500,0.1429,90,3,87,0
335,1049597105,vermelho,azul,reativa,verde,0,11,120,120,1.0000,0.0000,133,5,128,0
336,1667655431,azul,verde,reativa,vermelho,0,7,90,120,0.7500,0.0000,53,3,50,0
336,1667655431,azul,vermelho,reativa,vermelho,1,7,30,0,30.0000,0.0000,125,2,123,0
336,1667655431,azul,azul,reativa,vermelho,0,7,120,120,1.0000,0.0000,56,6,50,0
337,970802006,verde,verde,reativa,azul,0,9,150,120,1.2500,0.0000,105,5,100,0
337,970802006,verde,vermelho,reativa,azul,0,9,90,120,0.7500,0.0000,78,3,75,0
337,970802006,verde,azul,reativa,azul,1,9,30,30,1.0000,0.3333,201,1,200,0
338,1342970439,vermelho,verde,reativa,verde,1,10,30,30,1.0000,0.0000,189,1,188,0
338,1342970439,vermelho,vermelho,reativa,verde,0,10,90,120,0.7500,0.0000,52,3,49,0
338,1342970439,vermelho,azul,reativa,verde,0,10,150,120,1.2500,0.5556,105,5,100,0
339,437208980,azul,verde,reativa,vermelho,0,10,120,120,1.0000,0.0000,122,6,116,0
339,437208980,azul,vermelho,reativa,vermelho,1,10,30,0,30.0000,0.0000,193,1,192,0
339,437208980,azul,azul,reativa,vermelho,0,10,90,120,0.7500,0.0000,98,5,93,0
340,1192874511,verde,verde,reativa,vermelho,0,9,90,120,0.7500,0.0000,75,3,72,0
340,1192874511,verde,vermelho,reativa,vermelho,1,9,30,0,30.0000,0.0000,178,1,177,0
340,1192874511,verde,azul,reativa,vermelho,0,9,120,120,1.0000,0.0000,89,4,85,0
341,766493470,vermelho,verde,reativa,verde,1,7,30,0,30.0000,0.0000,126,1,125,0
341,766493470,vermelho,vermelho,reativa,verde,0,7,120,120,1.0000,0.0000,55,5,50,0
341,766493470,vermelho,azul,reativa,verde,0,7,90,120,0.7500,0.0000,53,3,50,0
342,410536207,azul,verde,reativa,verde,1,11,90,60,1.5000,0.0000,170,9,161,0
342,410536207,azul,vermelho,reativa,verde,0,11,60,120,0.5000,0.0000,104,4,100,0
342,410536207,azul,azul,reativa,verde,0,11,150,120,1.2500,0.0000,114,10,104,0
343,14153581,verde,verde,reativa,vermelho,0,10,150,120,1.2500,0.1000,130,5,125,0
343,14153581,verde,vermelho,reativa,vermelho,1,10,30,30,1.0000,0.2000,206,1,205,0
343,14153581,verde,azul,reativa,vermelho,0,10,90,120,0.7500,0.0000,53,3,50,0
344,307708705,vermelho,verde,reativa,verde,1,9,30,0,30.0000,0.0000,175,1,174,0
344,307708705,vermelho,vermelho,reativa,verde,0,9,90,120,0.7500,0.1667,78,3,75,0
344,307708705,vermelho,azul,reativa,verde,0,9,120,120,1.0000,0.0000,103,4,99,0
345,1409996403,azul,verde,reativa,verde,1,9,30,10,3.0000,0.3750,153,3,150,0
345,1409996403,azul,vermelho,reativa,verde,0,9,90,120,0.7500,0.0000,28,3,25,0
345,1409996403,azul,azul,reativa,verde,0,9,130,120,1.0833,0.0000,75,7,68,0
346,1737144842,verde,verde,reativa,vermelho,0,10,90,120,0.7500,0.0000,53,3,50,0
346,1737144842,verde,vermelho,reativa,vermelho,1,10,30,30,1.0000,0.0000,226,1,225,0
346,1737144842,verde,azul,reativa,vermelho,0,10,150,120,1.2500,0.2222,105,5,100,0
347,924703773,vermelho,verde,reativa,vermelho,0,6,120,120,1.0000,0.0000,29,4,25,0
347,924703773,vermelho,vermelho,reativa,vermelho,1,6,30,0,30.0000,0.0000,126,1,125,0
347,924703773,vermelho,azul,reativa,vermelho,0,6,90,120,0.7500,0.0000,29,4,25,0
348,928223588,azul,verde,reativa,verde,1,8,30,0,30.0000,0.2857,146,2,144,0
348,928223588,azul,vermelho,reativa,verde,0,8,120,120,1.0000,0.0000,54,4,50,0
348,928223588,azul,azul,reativa,verde,0,8,90,120,0.7500,0.0000,45,4,41,0
349,1182005340,verde,verde,reativa,verde,1,8,60,30,2.0000,0.0000,153,3,150,0
349,1182005340,verde,vermelho,reativa,verde,0,8,90,120,0.7500,0.0000,68,5,63,0
349,1182005340,verde,azul,reativa,verde,0,8,120,120,1.0000,0.0000,79,6,73,0
350,86749997,vermelho,verde,reativa,verde,1,13,30,0,30.0000,0.0000,228,1,227,0
350,86749997,vermelho,vermelho,reativa,verde,0,13,90,120,0.7500,0.0000,53,3,50,0
350,86749997,vermelho,azul,reativa,verde,0,13,120,120,1.0000,0.0000,189,5,184,0
351,2063477184,azul,verde,reativa,vermelho,0,9,90,120,0.7500,0.0000,53,3,50,0
351,2063477184,azul,vermelho,reativa,vermelho,1,9,30,0,30.0000,0.2500,176,1,175,0
351,2063477184,azul,azul,reativa,vermelho,0,9,120,120,1.0000,0.0000,104,4,100,0
352,1520633710,verde,verde,reativa,vermelho,0,12,120,120,1.0000,0.0833,193,7,186,0
352,1520633710,verde,vermelho,reativa,vermelho,1,12,30,0,30.0000,0.0000,253,3,250,0
352,1520633710,verde,azul,reativa,vermelho,0,12,90,120,0.7500,0.0000,76,3,73,0
353,1518760950,vermelho,verde,reativa,vermelho,0,10,180,100,1.8000,0.5556,82,7,75,0
353,1518760950,vermelho,vermelho,reativa,vermelho,1,10,60,60,1.0000,0.0000,180,3,177,0
353,1518760950,vermelho,azul,reativa,vermelho,0,10,40,120,0.3333,0.0000,53,4,49,0
354,1313076164,azul,verde,reativa,verde,1,9,30,0,30.0000,0.0000,176,1,175,0
354,1313076164,azul,vermelho,reativa,verde,0,9,120,120,1.0000,0.0000,78,4,74,0
354,1313076164,azul,azul,reativa,verde,0,9,90,120,0.7500,0.0000,72,3,69,0
355,519671239,verde,verde,reativa,verde,1,8,30,0,30.0000,0.0000,157,1,156,0
355,519671239,verde,vermelho,reativa,verde,0,8,90,120,0.7500,0.0000,96,4,92,0
355,519671239,verde,azul,reativa,verde,0,8,120,120,1.0000,0.0000,81,6,75,0
356,293897162,vermelho,verde,reativa,vermelho,0,10,90,120,0.7500,0.0000,52,3,49,0
356,293897162,vermelho,vermelho,reativa,vermelho,1,10,30,0,30.0000,0.1000,196,1,195,0
356,293897162,vermelho,azul,reativa,vermelho,0,10,120,120,1.0000,0.0000,128,4,124,0
357,432934820,azul,verde,reativa,verde,1,10,30,30,1.0000,0.0000,167,1,166,0
357,432934820,azul,vermelho,reativa,verde,0,10,150,120,1.2500,0.0000,80,5,75,0
357,432934820,azul,azul,reativa,verde,0,10,90,120,0.7500,0.0000,78,3,75,0
358,1033327263,verde,verde,reativa,azul,0,13,90,120,0.7500,0.0000,64,4,60,0
358,1033327263,verde,vermelho,reativa,azul,0,13,150,120,1.2500,0.0000,168,7,161,0
358,1033327263,verde,azul,reativa,azul,1,13,30,30,1.0000,0.1538,272,4,268,0
359,137643404,vermelho,verde,reativa,verde,1,8,30,30,1.0000,0.1429,149,1,148,0
359,137643404,vermelho,vermelho,reativa,verde,0,8,150,120,1.2500,0.0000,53,5,48,0
359,137643404,vermelho,azul,reativa,verde,0,8,90,120,0.7500,0.0000,50,3,47,0
360,2017834313,azul,verde,reativa,vermelho,0,9,90,120,0.7500,0.0000,30,5,25,0
360,2017834313,azul,vermelho,reativa,vermelho,1,9,80,0,80.0000,0.0000,129,4,125,0
360,2017834313,azul,azul,reativa,vermelho,0,9,60,110,0.5455,0.1250,134,4,130,0
361,1611829491,verde,verde,reativa,azul,0,9,90,120,0.7500,0.0000,152,3,149,0
361,1611829491,verde,vermelho,reativa,azul,0,9,90,120,0.7500,0.0000,77,4,73,0
361,1611829491,verde,azul,reativa,azul,1,9,60,0,60.0000,0.0000,154,2,152,0
362,1288829251,vermelho,verde,reativa,azul,0,10,150,120,1.2500,0.0000,102,5,97,0
362,1288829251,vermelho,vermelho,reativa,azul,0,10,90,120,0.7500,0.0000,101,4,97,0
362,1288829251,vermelho,azul,reativa,azul,1,10,30,30,1.0000,0.3000,218,1,217,0
363,475521431,azul,verde,reativa,verde,1,11,30,30,1.0000,0.0000,209,1,208,0
363,475521431,azul,vermelho,reativa,verde,0,11,90,120,0.7500,0.0000,47,3,44,0
363,475521431,azul,azul,reativa,verde,0,11,150,120,1.2500,0.2000,130,5,125,0
364,1589776665,verde,verde,reativa,vermelho,0,8,120,120,1.0000,0.0000,104,4,100,0
364,1589776665,verde,vermelho,reativa,vermelho,1,8,30,0,30.0000,0.0000,172,1,171,0
364,1589776665,verde,azul,reativa,vermelho,0,8,90,120,0.7500,0.0000,53,3,50,0
365,1928754317,vermelho,verde,reativa,verde,1,10,30,30,1.0000,0.0000,188,1,187,0
365,1928754317,vermelho,vermelho,reativa,verde,0,10,150,120,1.2500,0.0000,105,5,100,0
365,1928754317,vermelho,azul,reativa,verde,0,10,90,120,0.7500,0.0000,53,3,50,0
366,893603869,azul,verde,reativa,azul,0,9,150,120,1.2500,0.0000,80,5,75,0
366,893603869,azul,vermelho,reativa,azul,0,9,90,120,0.7500,0.0000,49,4,45,0
366,893603869,azul,azul,reativa,azul,1,9,30,30,1.0000,0.1111,198,1,197,0
367,795826857,verde,verde,reativa,empate,0,100,0,0,0.0000,0.0000,1883,94,1789,0
367,795826857,verde,vermelho,reativa,empate,0,100,90,120,0.7500,0.0000,53,3,50,0
367,795826857,verde,azul,reativa,empate,0,100,120,90,1.3333,0.0000,1888,99,1789,0
368,1170736711,vermelho,verde,reativa,verde,1,9,60,0,60.0000,0.0000,142,2,140,0
368,1170736711,vermelho,vermelho,reativa,verde,0,9,90,120,0.7500,0.0000,79,4,75,0
368,1170736711,vermelho,azul,reativa,verde,0,9,90,120,0.7500,0.0000,128,3,125,0
369,1599605876,azul,verde,reativa,vermelho,0,9,90,120,0.7500,0.0000,53,3,50,0
369,1599605876,azul,vermelho,reativa,vermelho,1,9,30,30,1.0000,0.3750,170,1,169,0
369,1599605876,azul,azul,reativa,vermelho,0,9,150,120,1.2500,0.0000,80,5,75,0
370,1800712511,verde,verde,reativa,vermelho,0,11,120,120,1.0000,0.7273,155,8,147,0
370,1800712511,verde,vermelho,reativa,vermelho,1,11,30,0,30.0000,0.1818,252,3,249,0
370,1800712511,verde,azul,reativa,vermelho,0,11,90,120,0.7500,0.5000,102,8,94,0
371,645522509,vermelho,verde,reativa,verde,1,10,30,30,1.0000,0.1111,183,1,182,0
371,645522509,vermelho,vermelho,reativa,verde,0,10,150,120,1.2500,0.1111,94,5,89,0
371,645522509,vermelho,azul,reativa,verde,0,10,90,120,0.7500,0.0000,75,3,72,0
372,29313969,azul,verde,reativa,verde,1,13,30,0,30.0000,0.0833,273,1,272,0
372,29313969,azul,vermelho,reativa,verde,0,13,90,120,0.7500,0.0000,97,3,94,0
372,29313969,azul,azul,reativa,verde,0,13,120,120,1.0000,0.0000,180,4,176,0
373,1970357873,verde,verde,reativa,vermelho,0,8,90,120,0.7500,0.1667,75,3,72,0
373,1970357873,verde,vermelho,reativa,vermelho,1,8,30,30,1.0000,0.1250,176,1,175,0
373,1970357873,verde,azul,reativa,vermelho,0,8,150,120,1.2500,0.0000,55,5,50,0
374,1241645600,vermelho,verde,reativa,verde,1,8,30,30,1.0000,0.0000,144,1,143,0
374,1241645600,vermelho,vermelho,reativa,verde,0,8,90,120,0.7500,0.0000,74,3,71,0
374,1241645600,vermelho,azul,reativa,verde,0,8,150,120,1.2500,0.0000,55,5,50,0
375,1353653477,azul,verde,reativa,verde,1,11,30,0,30.0000,0.0000,215,1,214,0
375,1353653477,azul,vermelho,reativa,verde,0,11,90,120,0.7500,0.0000,75,3,72,0
375,1353653477,azul,azul,reativa,verde,0,11,120,120,1.0000,0.1000,152,4,148,0
376,722060998,verde,verde,reativa,azul,0,10,120,120,1.0000,0.0000,154,4,150,0
376,722060998,verde,vermelho,reativa,azul,0,10,90,120,0.7500,0.0000,28,3,25,0
376,722060998,verde,azul,reativa,azul,1,10,30,0,30.0000,0.3000,191,1,190,0
377,946843648,vermelho,verde,reativa,vermelho,0,8,150,120,1.2500,0.0000,55,5,50,0
377,946843648,vermelho,vermelho,reativa,vermelho,1,8,30,30,1.0000,0.0000,157,1,156,0
377,946843648,vermelho,azul,reativa,vermelho,0,8,90,120,0.7500,0.0000,53,3,50,0
378,195273507,azul,verde,reativa,vermelho,0,9,150,120,1.2500,0.0000,77,5,72,0
378,195273507,azul,vermelho,reativa,vermelho,1,9,30,30,1.0000,0.0000,145,1,144,0
378,195273507,azul,azul,reativa,vermelho,0,9,90,120,0.7500,0.0000,53,3,50,0
379,741729714,verde,verde,reativa,vermelho,0,14,90,120,0.7500,0.0000,163,8,155,0
379,741729714,verde,vermelho,reativa,vermelho,1,14,30,30,1.0000,0.2143,304,1,303,0
379,741729714,verde,azul,reativa,vermelho,0,14,150,120,1.2500,0.0000,194,9,185,0
380,1187661710,vermelho,verde,reativa,azul,0,10,90,120,0.7500,0.0000,50,3,47,0
380,1187661710,vermelho,vermelho,reativa,azul,0,10,120,120,1.0000,0.0000,146,5,141,0
380,1187661710,vermelho,azul,reativa,azul,1,10,30,0,30.0000,0.2000,213,1,212,0
381,394963098,azul,verde,reativa,vermelho,0,8,90,120,0.7500,0.0000,29,4,25,0
381,394963098,azul,vermelho,reativa,vermelho,1,8,60,30,2.0000,0.0000,127,2,125,0
381,394963098,azul,azul,reativa,vermelho,0,8,120,120,1.0000,0.5714,79,4,75,0
382,2051369139,verde,verde,reativa,vermelho,0,7,90,120,0.7500,0.0000,49,3,46,0
382,2051369139,verde,vermelho,reativa,vermelho,1,7,30,0,30.0000,0.0000,151,1,150,0
382,2051369139,verde,azul,reativa,vermelho,0,7,120,120,1.0000,0.1667,54,4,50,0
383,1168745499,vermelho,verde,reativa,vermelho,0,10,150,120,1.2500,0.0000,106,6,100,0
383,1168745499,vermelho,vermelho,reativa,vermelho,1,10,30,30,1.0000,0.2000,207,3,204,0
383,1168745499,vermelho,azul,reativa,vermelho,0,10,90,120,0.7500,0.0000,77,3,74,0
384,2118575539,azul,verde,reativa,verde,1,7,60,0,60.0000,0.0000,101,3,98,0
384,2118575539,azul,vermelho,reativa,verde,0,7,90,120,0.7500,0.0000,52,5,47,0
384,2118575539,azul,azul,reativa,verde,0,7,90,120,0.7500,0.0000,79,5,74,0
385,441089282,verde,verde,reativa,verde,1,11,30,0,30.0000,0.0000,233,2,231,0
385,441089282,verde,vermelho,reativa,verde,0,11,90,120,0.7500,0.0000,78,3,75,0
385,441089282,verde,azul,reativa,verde,0,11,120,120,1.0000,0.0000,150,6,144,0
386,1667855064,vermelho,verde,reativa,verde,1,8,60,30,2.0000,0.0000,126,2,124,0
386,1667855064,vermelho,vermelho,reativa,verde,0,8,90,120,0.7500,0.0000,103,3,100,0
386,1667855064,vermelho,azul,reativa,verde,0,8,120,120,1.0000,0.0000,30,5,25,0
387,2017351961,azul,verde,reativa,empate,0,100,0,0,0.0000,0.0000,1698,97,1601,0
387,2017351961,azul,vermelho,reativa,empate,0,100,90,120,0.7500,0.0769,249,3,246,0
387,2017351961,azul,azul,reativa,empate,0,100,120,90,1.3333,0.0000,1272,102,1170,0
388,1950536216,verde,verde,reativa,empate,0,100,0,0,0.0000,0.0000,2020,96,1924,0
388,1950536216,verde,vermelho,reativa,empate,0,100,0,0,0.0000,0.0000,1820,0,1820,0
388,1950536216,verde,azul,reativa,empate,0,100,0,0,0.0000,0.0000,2003,97,1906,0
389,60663468,vermelho,verde,reativa,azul,0,12,90,120,0.7500,0.0000,159,6,153,0
389,60663468,vermelho,vermelho,reativa,azul,0,12,120,120,1.0000,0.0000,170,8,162,0
389,60663468,vermelho,azul,reativa,azul,1,12,30,0,30.0000,0.0833,253,1,252,0
390,1266052967,azul,verde,reativa,vermelho,0,10,90,120,0.7500,0.0000,53,3,50,0
390,1266052967,azul,vermelho,reativa,vermelho,1,10,30,0,30.0000,0.1111,169,1,168,0
390,1266052967,azul,azul,reativa,vermelho,0,10,120,120,1.0000,0.0000,126,4,122,0
391,553143731,verde,verde,reativa,vermelho,0,10,150,120,1.2500,0.0000,130,5,125,0
391,553143731,verde,vermelho,reativa,vermelho,1,10,30,30,1.0000,0.0000,204,1,203,0
391,553143731,verde,azul,reativa,vermelho,0,10,90,120,0.7500,0.0000,74,3,71,0
392,1136855950,vermelho,verde,reativa,azul,0,10,90,120,0.7500,0.0000,28,3,25,0
392,1136855950,vermelho,vermelho,reativa,azul,0,10,120,120,1.0000,0.0000,149,4,145,0
392,1136855950,vermelho,azul,reativa,azul,1,10,30,0,30.0000,0.1000,203,1,202,0
393,376447012,azul,verde,reativa,vermelho,0,10,150,120,1.2500,0.5556,105,5,100,0
393,376447012,azul,vermelho,reativa,vermelho,1,10,30,30,1.0000,0.0000,201,1,200,0
393,376447012,azul,azul,reativa,vermelho,0,10,90,120,0.7500,0.0000,53,3,50,0
394,1614578985,verde,verde,reativa,vermelho,0,8,90,120,0.7500,0.0000,88,5,83,0
394,1614578985,verde,vermelho,reativa,vermelho,1,8,30,0,30.0000,0.1250,176,1,175,0
394,1614578985,verde,azul,reativa,vermelho,0,8,120,120,1.0000,0.0000,81,6,75,0
395,865668011,vermelho,verde,reativa,empate,0,100,0,0,0.0000,0.0000,1945,98,1847,0
395,865668011,vermelho,vermelho,reativa,empate,0,100,0,0,0.0000,0.0000,1954,99,1855,0
395,865668011,vermelho,azul,reativa,empate,0,100,0,0,0.0000,0.0100,1707,0,1707,0
396,923755655,azul,verde,reativa,vermelho,0,9,90,120,0.7500,0.0000,73,3,70,0
396,923755655,azul,vermelho,reativa,vermelho,1,9,30,0,30.0000,0.0000,176,1,175,0
396,923755655,azul,azul,reativa,vermelho,0,9,120,120,1.0000,0.1250,104,4,100,0
397,258776197,verde,verde,reativa,vermelho,0,8,120,120,1.0000,0.0000,95,5,90,0
397,258776197,verde,vermelho,reativa,vermelho,1,8,30,0,30.0000,0.0000,168,1,167,0
397,258776197,verde,azul,reativa,vermelho,0,8,90,120,0.7500,0.0000,28,3,25,0
398,1620914435,vermelho,verde,reativa,verde,1,7,30,0,30.0000,0.3333,117,1,116,0
398,1620914435,vermelho,vermelho,reativa,verde,0,7,120,120,1.0000,0.0000,52,5,47,0
398,1620914435,vermelho,azul,reativa,verde,0,7,90,120,0.7500,0.0000,53,3,50,0
399,1741497087,azul,verde,reativa,vermelho,0,10,90,120,0.7500,0.0000,53,3,50,0
399,1741497087,azul,vermelho,reativa,vermelho,1,10,30,30,1.0000,0.0000,201,1,200,0
399,1741497087,azul,azul,reativa,vermelho,0,10,150,120,1.2500,0.0000,105,5,100,0
400,558524762,verde,verde,reativa,azul,0,8,150,120,1.2500,0.0000,80,5,75,0
400,558524762,verde,vermelho,reativa,azul,0,8,90,120,0.7500,0.0000,78,3,75,0
400,558524762,verde,azul,reativa,azul,1,8,30,30,1.0000,0.1250,168,1,167,0
401,1039082064,vermelho,verde,reativa,vermelho,0,8,120,120,1.0000,0.0000,77,5,72,0
401,1039082064,vermelho,vermelho,reativa,vermelho,1,8,30,0,30.0000,0.0000,160,1,159,0
401,1039082064,vermelho,azul,reativa,vermelho,0,8,90,120,0.7500,0.0000,65,4,61,0
402,902252012,azul,verde,reativa,vermelho,0,10,90,120,0.7500,0.0000,28,3,25,0
402,902252012,azul,vermelho,reativa,vermelho,1,10,30,30,1.0000,0.0000,200,1,199,0
402,902252012,azul,azul,reativa,vermelho,0,10,150,120,1.2500,0.1111,105,5,100,0
403,1638510092,verde,verde,reativa,empate,0,100,120,90,1.3333,0.0000,1558,87,1471,0
403,1638510092,verde,vermelho,reativa,empate,0,100,0,0,0.0000,0.0000,1357,84,1273,0
403,1638510092,verde,azul,reativa,empate,0,100,90,120,0.7500,0.0000,48,4,44,0
404,697931922,vermelho,verde,reativa,verde,1,11,30,30,1.0000,0.0000,207,5,202,0
404,697931922,vermelho,vermelho,reativa,verde,0,11,120,120,1.0000,0.0000,46,5,41,0
404,697931922,vermelho,azul,reativa,verde,0,11,120,120,1.0000,0.0000,137,9,128,0
405,148352726,azul,verde,reativa,verde,1,10,30,30,1.0000,0.0000,179,1,178,0
405,148352726,azul,vermelho,reativa,verde,0,10,90,120,0.7500,0.0000,48,4,44,0
405,148352726,azul,azul,reativa,verde,0,10,150,120,1.2500,0.0000,105,5,100,0
406,1423957648,verde,verde,reativa,vermelho,0,9,150,120,1.2500,0.0000,103,5,98,0
406,1423957648,verde,vermelho,reativa,vermelho,1,9,30,30,1.0000,0.1111,192,1,191,0
406,1423957648,verde,azul,reativa,vermelho,0,9,90,120,0.7500,0.0000,28,3,25,0
407,1350537079,vermelho,verde,reativa,verde,1,10,90,30,3.0000,0.1111,145,3,142,0
407,1350537079,vermelho,vermelho,reativa,verde,0,10,60,120,0.5000,0.0000,78,3,75,0
407,1350537079,vermelho,azul,reativa,verde,0,10,120,120,1.0000,0.0000,129,4,125,0
408,614268430,azul,verde,reativa,vermelho,0,10,150,120,1.2500,0.0000,105,5,100,0
408,614268430,azul,vermelho,reativa,vermelho,1,10,30,30,1.0000,0.0000,201,1,200,0
408,614268430,azul,azul,reativa,vermelho,0,10,90,120,0.7500,0.0000,77,3,74,0
409,1044670401,verde,verde,reativa,azul,0,9,90,120,0.7500,0.0000,78,3,75,0
409,1044670401,verde,vermelho,reativa,azul,0,9,150,120,1.2500,0.0000,101,5,96,0
409,1044670401,verde,azul,reativa,azul,1,9,30,30,1.0000,0.0000,191,1,190,0
410,73927817,vermelho,verde,reativa,verde,1,10,30,30,1.0000,0.0000,192,1,191,0
410,73927817,vermelho,vermelho,reativa,verde,0,10,90,120,0.7500,0.0000,121,5,116,0
410,73927817,vermelho,azul,reativa,verde,0,10,150,120,1.2500,0.0000,93,7,86,0
411,1599316740,azul,verde,reativa,verde,1,9,30,0,30.0000,0.2500,174,2,172,0
411,1599316740,azul,vermelho,reativa,verde,0,9,120,120,1.0000,0.2857,69,6,63,0
411,1599316740,azul,azul,reativa,verde,0,9,90,120,0.7500,0.0000,78,3,75,0
412,728730537,verde,verde,reativa,azul,0,7,90,120,0.7500,0.0000,53,3,50,0
412,728730537,verde,vermelho,reativa,azul,0,7,150,120,1.2500,0.2857,56,6,50,0
412,728730537,verde,azul,reativa,azul,1,7,30,30,1.0000,0.0000,131,2,129,0
413,769613667,vermelho,verde,reativa,verde,1,9,30,30,1.0000,0.0000,165,1,164,0
413,769613667,vermelho,vermelho,reativa,verde,0,9,90,120,0.7500,0.0000,53,3,50,0
413,769613667,vermelho,azul,reativa,verde,0,9,150,120,1.2500,0.0000,80,5,75,0
414,701710304,azul,verde,reativa,vermelho,0,8,120,120,1.0000,0.0000,75,8,67,0
414,701710304,azul,vermelho,reativa,vermelho,1,8,150,60,2.5000,0.0000,58,8,50,0
414,701710304,azul,azul,reativa,vermelho,0,8,30,120,0.2500,0.0000,77,2,75,0
415,2146003900,verde,verde,reativa,azul,0,9,90,120,0.7500,0.1429,95,6,89,0
415,2146003900,verde,vermelho,reativa,azul,0,9,120,120,1.0000,0.0000,113,8,105,0
415,2146003900,verde,azul,reativa,azul,1,9,30,0,30.0000,0.0000,196,2,194,0
416,1585576561,vermelho,verde,reativa,vermelho,0,10,90,120,0.7500,0.0000,52,3,49,0
416,1585576561,vermelho,vermelho,reativa,vermelho,1,10,30,0,30.0000,0.0000,210,1,209,0
416,1585576561,vermelho,azul,reativa,vermelho,0,10,120,120,1.0000,0.0000,120,4,116,0
417,1048996951,azul,verde,reativa,vermelho,0,8,90,120,0.7500,0.0000,102,3,99,0
417,1048996951,azul,vermelho,reativa,vermelho,1,8,60,0,60.0000,0.0000,126,2,124,0
417,1048996951,azul,azul,reativa,vermelho,0,8,90,120,0.7500,0.0000,54,4,50,0
418,614909108,verde,verde,reativa,azul,0,8,90,120,0.7500,0.0000,79,4,75,0
418,614909108,verde,vermelho,reativa,azul,0,8,120,120,1.0000,0.1250,104,4,100,0
418,614909108,verde,azul,reativa,azul,1,8,30,0,30.0000,0.0000,156,1,155,0
419,1906067081,vermelho,verde,reativa,vermelho,0,9,90,120,0.7500,0.0000,52,3,49,0
419,1906067081,vermelho,vermelho,reativa,vermelho,1,9,30,30,1.0000,0.0000,165,1,164,0
419,1906067081,vermelho,azul,reativa,vermelho,0,9,150,120,1.2500,0.0000,77,5,72,0
420,974694883,azul,verde,reativa,verde,1,10,60,30,2.0000,0.0000,173,2,171,0
420,974694883,azul,vermelho,reativa,verde,0,10,120,120,1.0000,0.0000,87,4,83,0
420,974694883,azul,azul,reativa,verde,0,10,90,120,0.7500,0.0000,65,4,61,0
421,277475170,verde,verde,reativa,vermelho,0,7,120,110,1.0909,0.1429,79,4,75,0
421,277475170,verde,vermelho,reativa,vermelho,1,7,20,0,20.0000,0.1429,151,1,150,0
421,277475170,verde,azul,reativa,vermelho,0,7,90,120,0.7500,0.0000,53,3,50,0
422,148424731,vermelho,verde,reativa,verde,1,8,30,0,30.0000,0.0000,151,1,150,0
422,148424731,vermelho,vermelho,reativa,verde,0,8,120,120,1.0000,0.0000,79,4,75,0
422,148424731,vermelho,azul,reativa,verde,0,8,90,120,0.7500,0.0000,53,3,50,0
423,604743709,azul,verde,reativa,azul,0,10,60,120,0.5000,0.0000,54,4,50,0
423,604743709,azul,vermelho,reativa,azul,0,10,180,100,1.8000,0.4444,81,6,75,0
423,604743709,azul,azul,reativa,azul,1,10,70,90,0.7778,0.0000,130,5,125,0
424,838363468,verde,verde,reativa,verde,1,8,30,0,30.0000,0.0000,174,1,173,0
424,838363468,verde,vermelho,reativa,verde,0,8,120,120,1.0000,0.0000,80,5,75,0
424,838363468,verde,azul,reativa,verde,0,8,90,120,0.7500,0.0000,45,4,41,0
425,1461119760,vermelho,verde,reativa,vermelho,0,10,150,120,1.2500,0.0000,105,5,100,0
425,1461119760,vermelho,vermelho,reativa,vermelho,1,10,30,30,1.0000,0.1000,203,1,202,0
425,1461119760,vermelho,azul,reativa,vermelho,0,10,90,120,0.7500,0.0000,53,3,50,0
426,2054000186,azul,verde,reativa,vermelho,0,8,120,120,1.0000,0.0000,79,4,75,0
426,2054000186,azul,vermelho,reativa,vermelho,1,8,30,0,30.0000,0.0000,149,1,148,0
426,2054000186,azul,azul,reativa,vermelho,0,8,90,120,0.7500,0.0000,53,3,50,0
427,1470480063,verde,verde,reativa,verde,1,9,150,60,2.5000,0.0000,105,5,100,0
427,1470480063,verde,vermelho,reativa,verde,0,9,60,120,0.5000,0.0000,136,2,134,0
427,1470480063,verde,azul,reativa,verde,0,9,90,120,0.7500,0.2000,55,5,50,0
428,766136782,vermelho,verde,reativa,empate,0,100,0,0,0.0000,0.0000,1934,95,1839,0
428,766136782,vermelho,vermelho,reativa,empate,0,100,0,0,0.0000,0.0000,1668,0,1668,0
428,766136782,vermelho,azul,reativa,empate,0,100,0,0,0.0000,0.0100,1985,95,1890,0
429,372718935,azul,verde,reativa,azul,0,8,90,120,0.7500,0.0000,78,3,75,0
429,372718935,azul,vermelho,reativa,azul,0,8,120,120,1.0000,0.0000,74,4,70,0
429,372718935,azul,azul,reativa,azul,1,8,30,0,30.0000,0.0000,172,1,171,0
430,2045200466,verde,verde,reativa,verde,1,8,30,30,1.0000,0.1250,172,1,171,0
430,2045200466,verde,vermelho,reativa,verde,0,8,150,120,1.2500,0.0000,54,5,49,0
430,2045200466,verde,azul,reativa,verde,0,8,90,120,0.7500,0.0000,28,3,25,0
431,1900958049,vermelho,verde,reativa,azul,0,9,90,120,0.7500,0.6250,114,3,111,0
431,1900958049,vermelho,vermelho,reativa,azul,0,9,90,120,0.7500,0.0000,76,4,72,0
431,1900958049,vermelho,azul,reativa,azul,1,9,60,0,60.0000,0.1111,165,2,163,0
432,1317230616,azul,verde,reativa,verde,1,10,60,30,2.0000,0.0000,169,3,166,0
432,1317230616,azul,vermelho,reativa,verde,0,10,90,120,0.7500,0.0000,29,4,25,0
432,1317230616,azul,azul,reativa,verde,0,10,120,120,1.0000,0.0000,123,5,118,0
433,1343244560,verde,verde,reativa,verde,1,12,30,0,30.0000,0.0000,273,3,270,0
433,1343244560,verde,vermelho,reativa,verde,0,12,90,120,0.7500,0.0000,70,3,67,0
433,1343244560,verde,azul,reativa,verde,0,12,120,120,1.0000,0.0000,113,7,106,0
434,784401889,vermelho,verde,reativa,vermelho,0,8,150,120,1.2500,0.0000,55,5,50,0
434,784401889,vermelho,vermelho,reativa,vermelho,1,8,30,30,1.0000,0.0000,176,1,175,0
434,784401889,vermelho,azul,reativa,vermelho,0,8,90,120,0.7500,0.0000,78,4,74,0
435,1579403662,azul,verde,reativa,vermelho,0,16,180,120,1.5000,0.0000,188,12,176,0
435,1579403662,azul,vermelho,reativa,vermelho,1,16,60,60,1.0000,0.0667,277,9,268,0
435,1579403662,azul,azul,reativa,vermelho,0,16,60,120,0.5000,0.0000,65,4,61,0
436,1577216255,verde,verde,reativa,azul,0,8,60,120,0.5000,0.0000,94,6,88,0
436,1577216255,verde,vermelho,reativa,azul,0,8,120,120,1.0000,0.0000,93,9,84,0
436,1577216255,verde,azul,reativa,azul,1,8,120,60,2.0000,0.2500,106,6,100,0
437,1215591661,vermelho,verde,reativa,verde,1,8,30,30,1.0000,0.0000,134,1,133,0
437,1215591661,vermelho,vermelho,reativa,verde,0,8,150,120,1.2500,0.0000,55,5,50,0
437,1215591661,vermelho,azul,reativa,verde,0,8,90,120,0.7500,0.0000,52,3,49,0
438,2129381150,azul,verde,reativa,verde,1,10,30,30,1.0000,0.0000,200,1,199,0
438,2129381150,azul,vermelho,reativa,verde,0,10,150,120,1.2500,0.3750,80,5,75,0
438,2129381150,azul,azul,reativa,verde,0,10,90,120,0.7500,0.0000,28,3,25,0
439,200211642,verde,verde,reativa,verde,1,12,30,30,1.0000,0.0000,266,1,265,0
439,200211642,verde,vermelho,reativa,verde,0,12,90,120,0.7500,0.0000,142,7,135,0
439,200211642,verde,azul,reativa,verde,0,12,150,120,1.2500,0.0000,130,9,121,0
440,739759482,vermelho,verde,reativa,azul,0,8,120,120,1.0000,0.0000,68,5,63,0
440,739759482,vermelho,vermelho,reativa,azul,0,8,120,120,1.0000,0.0000,79,5,74,0
440,739759482,vermelho,azul,reativa,azul,1,8,60,60,1.0000,0.1250,153,3,150,0
441,571873306,azul,verde,reativa,vermelho,0,10,90,120,0.7500,0.0000,70,4,66,0
441,571873306,azul,vermelho,reativa,vermelho,1,10,30,30,1.0000,0.0000,184,2,182,0
441,571873306,azul,azul,reativa,vermelho,0,10,150,120,1.2500,0.0000,105,5,100,0
442,1141555388,verde,verde,reativa,verde,1,7,30,0,30.0000,0.0000,151,1,150,0
442,1141555388,verde,vermelho,reativa,verde,0,7,90,120,0.7500,0.0000,53,3,50,0
442,1141555388,verde,azul,reativa,verde,0,7,120,120,1.0000,0.0000,54,4,50,0
443,1737235775,vermelho,verde,reativa,azul,0,10,90,120,0.7500,0.0000,53,3,50,0
443,1737235775,vermelho,vermelho,reativa,azul,0,10,150,120,1.2500,0.1000,120,5,115,0
443,1737235775,vermelho,azul,reativa,azul,1,10,30,30,1.0000,0.0000,205,1,204,0
444,1019163322,azul,verde,reativa,verde,1,12,30,0,30.0000,0.0000,241,4,237,0
444,1019163322,azul,vermelho,reativa,verde,0,12,90,120,0.7500,0.0000,27,3,24,0
444,1019163322,azul,azul,reativa,verde,0,12,120,120,1.0000,0.0000,155,7,148,0
445,1477330786,verde,verde,reativa,vermelho,0,8,90,120,0.7500,0.0000,54,4,50,0
445,1477330786,verde,vermelho,reativa,vermelho,1,8,60,30,2.0000,0.2500,144,2,142,0
445,1477330786,verde,azul,reativa,vermelho,0,8,120,120,1.0000,0.0000,79,4,75,0
446,744905077,vermelho,verde,reativa,vermelho,0,11,120,120,1.0000,0.0000,147,4,143,0
446,744905077,vermelho,vermelho,reativa,vermelho,1,11,30,0,30.0000,0.3636,198,1,197,0
446,744905077,vermelho,azul,reativa,vermelho,0,11,90,120,0.7500,0.0000,53,3,50,0
447,1994270146,azul,verde,reativa,empate,0,100,30,120,0.2500,0.0000,299,2,297,0
447,1994270146,azul,vermelho,reativa,empate,0,100,60,0,60.0000,0.4747,1958,99,1859,0
447,1994270146,azul,azul,reativa,empate,0,100,60,30,2.0000,0.0000,1977,99,1878,0
448,164773497,verde,verde,reativa,verde,1,11,30,0,30.0000,0.0000,249,2,247,0
448,164773497,verde,vermelho,reativa,verde,0,11,120,120,1.0000,0.1000,141,6,135,0
448,164773497,verde,azul,reativa,verde,0,11,90,120,0.7500,0.0000,27,3,24,0
449,1649528846,vermelho,verde,reativa,vermelho,0,11,90,120,0.7500,0.0000,53,3,50,0
449,1649528846,vermelho,vermelho,reativa,vermelho,1,11,30,30,1.0000,0.0000,215,3,212,0
449,1649528846,vermelho,azul,reativa,vermelho,0,11,150,120,1.2500,0.0000,125,6,119,0
450,8261800,azul,verde,reativa,vermelho,0,8,90,120,0.7500,0.0000,78,3,75,0
450,8261800,azul,vermelho,reativa,vermelho,1,8,30,0,30.0000,0.2857,140,2,138,0
450,8261800,azul,azul,reativa,vermelho,0,8,120,120,1.0000,0.0000,81,6,75,0
451,1520873105,verde,verde,reativa,empate,0,100,0,0,0.0000,0.0000,1957,98,1859,0
451,1520873105,verde,vermelho,reativa,empate,0,100,0,0,0.0000,0.0000,1823,0,1823,0
451,1520873105,verde,azul,reativa,empate,0,100,0,0,0.0000,0.0000,1970,98,1872,0
452,189695113,vermelho,verde,reativa,vermelho,0,8,120,120,1.0000,0.0000,71,5,66,0
452,189695113,vermelho,vermelho,reativa,vermelho,1,8,30,0,30.0000,0.2500,175,1,174,0
452,189695113,vermelho,azul,reativa,vermelho,0,8,90,120,0.7500,0.0000,53,3,50,0
453,2050012462,azul,verde,reativa,vermelho,0,7,120,120,1.0000,0.0000,54,4,50,0
453,2050012462,azul,vermelho,reativa,vermelho,1,7,30,0,30.0000,0.0000,120,1,119,0
453,2050012462,azul,azul,reativa,vermelho,0,7,90,120,0.7500,0.0000,53,3,50,0
454,105099442,verde,verde,reativa,azul,0,8,120,120,1.0000,0.0000,97,5,92,0
454,105099442,verde,vermelho,reativa,azul,0,8,90,120,0.7500,0.0000,74,6,68,0
454,105099442,verde,azul,reativa,azul,1,8,60,30,2.0000,0.0000,146,2,144,0
455,898790568,vermelho,verde,reativa,verde,1,7,30,0,30.0000,0.0000,125,1,124,0
455,898790568,vermelho,vermelho,reativa,verde,0,7,90,120,0.7500,0.0000,53,3,50,0
455,898790568,vermelho,azul,reativa,verde,0,7,120,120,1.0000,0.0000,54,4,50,0
456,2054871234,azul,verde,reativa,empate,0,100,0,0,0.0000,0.0000,1729,91,1638,0
456,2054871234,azul,vermelho,reativa,empate,0,100,90,120,0.7500,0.0000,53,3,50,0
456,2054871234,azul,azul,reativa,empate,0,100,120,90,1.3333,0.0000,1349,95,1254,0
457,567165131,verde,verde,reativa,verde,1,11,30,0,30.0000,0.1818,165,1,164,0
457,567165131,verde,vermelho,reativa,verde,0,11,120,120,1.0000,0.0000,154,4,150,0
457,567165131,verde,azul,reativa,verde,0,11,90,120,0.7500,0.0000,52,3,49,0
458,1506506545,vermelho,verde,reativa,verde,1,12,60,30,2.0000,0.0000,212,5,207,0
458,1506506545,vermelho,vermelho,reativa,verde,0,12,40,120,0.3333,0.0000,29,4,25,0
458,1506506545,vermelho,azul,reativa,verde,0,12,150,100,1.5000,0.4545,131,9,122,0
459,338695334,azul,verde,reativa,empate,0,100,0,0,0.0000,0.0101,1322,100,1222,0
459,338695334,azul,vermelho,reativa,empate,0,100,90,120,0.7500,0.0000,255,17,238,0
459,338695334,azul,azul,reativa,empate,0,100,120,90,1.3333,0.0000,1774,92,1682,0
460,369462903,verde,verde,reativa,azul,0,6,90,120,0.7500,0.6667,80,5,75,0
460,369462903,verde,vermelho,reativa,azul,0,6,90,120,0.7500,0.0000,75,5,70,0
460,369462903,verde,azul,reativa,azul,1,6,60,0,60.0000,0.0000,93,3,90,0
461,1639586025,vermelho,verde,reativa,verde,1,9,30,30,1.0000,0.0000,172,2,170,0
461,1639586025,vermelho,vermelho,reativa,verde,0,9,90,120,0.7500,0.0000,103,3,100,0
461,1639586025,vermelho,azul,reativa,verde,0,9,150,120,1.2500,0.0000,81,6,75,0
462,1094686237,azul,verde,reativa,vermelho,0,9,180,100,1.8000,0.8750,56,6,50,0
462,1094686237,azul,vermelho,reativa,vermelho,1,9,60,60,1.0000,0.1250,152,2,150,0
462,1094686237,azul,azul,reativa,vermelho,0,9,40,120,0.3333,0.0000,53,4,49,0
463,616728145,verde,verde,reativa,verde,1,10,30,0,30.0000,0.0000,223,2,221,0
463,616728145,verde,vermelho,reativa,verde,0,10,120,120,1.0000,0.0000,129,4,125,0
463,616728145,verde,azul,reativa,verde,0,10,90,120,0.7500,0.0000,78,4,74,0
464,1665972581,vermelho,verde,reativa,vermelho,0,9,90,120,0.7500,0.0000,53,3,50,0
464,1665972581,vermelho,vermelho,reativa,vermelho,1,9,30,30,1.0000,0.0000,185,1,184,0
464,1665972581,vermelho,azul,reativa,vermelho,0,9,150,120,1.2500,0.0000,67,5,62,0
465,1342328242,azul,verde,reativa,vermelho,0,9,90,120,0.7500,0.0000,78,3,75,0
465,1342328242,azul,vermelho,reativa,vermelho,1,9,30,0,30.0000,0.0000,175,1,174,0
465,1342328242,azul,azul,reativa,vermelho,0,9,120,120,1.0000,0.0000,104,4,100,0
466,1649972298,verde,verde,reativa,verde,1,11,120,60,2.0000,0.0000,179,4,175,0
466,1649972298,verde,vermelho,reativa,verde,0,11,60,120,0.5000,0.0000,98,4,94,0
466,1649972298,verde,azul,reativa,verde,0,11,120,120,1.0000,0.3000,124,5,119,0
467,2086780469,vermelho,verde,reativa,empate,0,100,90,120,0.7500,0.0000,53,3,50,0
467,2086780469,vermelho,vermelho,reativa,empate,0,100,0,0,0.0000,0.0000,1427,0,1427,0
467,2086780469,vermelho,azul,reativa,empate,0,100,120,90,1.3333,0.0000,1798,4,1794,0
468,1112072917,azul,verde,reativa,azul,0,14,90,120,0.7500,0.0000,169,9,160,0
468,1112072917,azul,vermelho,reativa,azul,0,14,150,110,1.3636,0.3846,174,10,164,0
468,1112072917,azul,azul,reativa,azul,1,14,20,30,0.6667,0.0000,276,1,275,0
469,223052448,verde,verde,reativa,verde,1,12,30,30,1.0000,0.0000,215,1,214,0
469,223052448,verde,vermelho,reativa,verde,0,12,150,120,1.2500,0.0909,143,5,138,0
469,223052448,verde,azul,reativa,verde,0,12,90,120,0.7500,0.0000,49,3,46,0
470,1629194997,vermelho,verde,reativa,azul,0,8,90,120,0.7500,0.0000,53,3,50,0
470,1629194997,vermelho,vermelho,reativa,azul,0,8,150,120,1.2500,0.0000,80,5,75,0
470,1629194997,vermelho,azul,reativa,azul,1,8,30,30,1.0000,0.1250,174,1,173,0
471,2020547047,azul,verde,reativa,verde,1,11,30,30,1.0000,0.1000,200,1,199,0
471,2020547047,azul,vermelho,reativa,verde,0,11,90,120,0.7500,0.0000,53,3,50,0
471,2020547047,azul,azul,reativa,verde,0,11,150,120,1.2500,0.0000,130,5,125,0
472,1561709938,verde,verde,reativa,verde,1,8,30,30,1.0000,0.0000,146,1,145,0
472,1561709938,verde,vermelho,reativa,verde,0,8,90,120,0.7500,0.0000,53,4,49,0
472,1561709938,verde,azul,reativa,verde,0,8,150,120,1.2500,0.0000,55,5,50,0
473,34472910,vermelho,verde,reativa,verde,1,9,30,0,30.0000,0.1250,162,1,161,0
473,34472910,vermelho,vermelho,reativa,verde,0,9,90,120,0.7500,0.0000,62,3,59,0
473,34472910,vermelho,azul,reativa,verde,0,9,120,120,1.0000,0.0000,104,4,100,0
474,1889495832,azul,verde,reativa,azul,0,6,90,120,0.7500,0.0000,52,3,49,0
474,1889495832,azul,vermelho,reativa,azul,0,6,120,120,1.0000,1.0000,30,5,25,0
474,1889495832,azul,azul,reativa,azul,1,6,30,0,30.0000,0.0000,119,1,118,0
475,2075334735,verde,verde,reativa,azul,0,6,120,120,1.0000,0.0000,55,5,50,0
475,2075334735,verde,vermelho,reativa,azul,0,6,90,120,0.7500,0.0000,53,3,50,0
475,2075334735,verde,azul,reativa,azul,1,6,30,0,30.0000,0.0000,118,1,117,0
476,518344282,vermelho,verde,reativa,azul,0,7,90,120,0.7500,0.0000,49,3,46,0
476,518344282,vermelho,vermelho,reativa,azul,0,7,150,120,1.2500,0.0000,55,5,50,0
476,518344282,vermelho,azul,reativa,azul,1,7,30,30,1.0000,0.0000,151,1,150,0
477,664865225,azul,verde,reativa,verde,1,11,30,0,30.0000,0.0000,209,3,206,0
477,664865225,azul,vermelho,reativa,verde,0,11,90,120,0.7500,0.0000,53,3,50,0
477,664865225,azul,azul,reativa,verde,0,11,120,120,1.0000,0.1000,139,7,132,0
478,1713655207,verde,verde,reativa,azul,0,11,90,120,0.7500,0.2000,53,3,50,0
478,1713655207,verde,vermelho,reativa,azul,0,11,120,120,1.0000,0.0000,150,6,144,0
478,1713655207,verde,azul,reativa,azul,1,11,30,0,30.0000,0.0909,247,2,245,0
479,927898304,vermelho,verde,reativa,vermelho,0,6,120,120,1.0000,0.0000,30,5,25,0
479,927898304,vermelho,vermelho,reativa,vermelho,1,6,30,0,30.0000,0.0000,126,1,125,0
479,927898304,vermelho,azul,reativa,vermelho,0,6,90,120,0.7500,0.0000,52,3,49,0
480,512606905,azul,verde,reativa,vermelho,0,9,90,120,0.7500,0.0000,128,3,125,0
480,512606905,azul,vermelho,reativa,vermelho,1,9,60,0,60.0000,0.1250,152,2,150,0
480,512606905,azul,azul,reativa,vermelho,0,9,90,120,0.7500,0.0000,79,4,75,0
481,741330521,verde,verde,reativa,verde,1,9,70,60,1.1667,0.0000,123,4,119,0
481,741330521,verde,vermelho,reativa,verde,0,9,60,120,0.5000,0.0000,78,4,74,0
481,741330521,verde,azul,reativa,verde,0,9,150,100,1.5000,0.7500,81,6,75,0
482,1245569230,vermelho,verde,reativa,vermelho,0,6,120,120,1.0000,0.0000,31,6,25,0
482,1245569230,vermelho,vermelho,reativa,vermelho,1,6,30,0,30.0000,0.1667,115,1,114,0
482,1245569230,vermelho,azul,reativa,vermelho,0,6,90,120,0.7500,0.0000,53,5,48,0
483,1772636271,azul,verde,reativa,vermelho,0,13,60,120,0.5000,0.0000,142,4,138,0
483,1772636271,azul,vermelho,reativa,vermelho,1,13,120,30,4.0000,0.0000,201,4,197,0
483,1772636271,azul,azul,reativa,vermelho,0,13,90,120,0.7500,0.0833,193,3,190,0
484,439522726,verde,verde,reativa,verde,1,8,30,30,1.0000,0.0000,174,1,173,0
484,439522726,verde,vermelho,reativa,verde,0,8,90,120,0.7500,0.1667,73,3,70,0
484,439522726,verde,azul,reativa,verde,0,8,150,120,1.2500,0.0000,55,5,50,0
485,1210558033,vermelho,verde,reativa,vermelho,0,8,90,120,0.7500,0.0000,54,4,50,0
485,1210558033,vermelho,vermelho,reativa,vermelho,1,8,60,30,2.0000,0.0000,152,4,148,0
485,1210558033,vermelho,azul,reativa,vermelho,0,8,120,120,1.0000,0.0000,81,6,75,0
486,1816776073,azul,verde,reativa,verde,1,10,30,0,30.0000,0.0000,198,1,197,0
486,1816776073,azul,vermelho,reativa,verde,0,10,120,110,1.0909,0.7500,99,5,94,0
486,1816776073,azul,azul,reativa,verde,0,10,80,120,0.6667,0.0000,29,4,25,0
487,808127244,verde,verde,reativa,azul,0,5,90,120,0.7500,0.0000,53,3,50,0
487,808127244,verde,vermelho,reativa,azul,0,5,120,120,1.0000,0.0000,30,5,25,0
487,808127244,verde,azul,reativa,azul,1,5,30,0,30.0000,0.0000,101,1,100,0
488,69747369,vermelho,verde,reativa,empate,0,100,60,120,0.5000,0.0000,280,6,274,0
488,69747369,vermelho,vermelho,reativa,empate,0,100,120,60,2.0000,0.9800,1896,103,1793,0
488,69747369,vermelho,azul,reativa,empate,0,100,0,0,0.0000,0.0000,1955,102,1853,0
489,1668374150,azul,verde,reativa,vermelho,0,9,120,120,1.0000,0.0000,99,4,95,0
489,1668374150,azul,vermelho,reativa,vermelho,1,9,30,0,30.0000,0.0000,171,1,170,0
489,1668374150,azul,azul,reativa,vermelho,0,9,90,120,0.7500,0.6667,72,3,69,0
490,1304348503,verde,verde,reativa,vermelho,0,7,120,120,1.0000,0.0000,77,4,73,0
490,1304348503,verde,vermelho,reativa,vermelho,1,7,30,0,30.0000,0.0000,151,1,150,0
490,1304348503,verde,azul,reativa,vermelho,0,7,90,120,0.7500,0.0000,52,3,49,0
491,133541920,vermelho,verde,reativa,vermelho,0,9,60,120,0.5000,0.0000,53,3,50,0
491,133541920,vermelho,vermelho,reativa,vermelho,1,9,90,60,1.5000,0.0000,150,3,147,0
491,133541920,vermelho,azul,reativa,vermelho,0,9,150,120,1.2500,0.0000,80,5,75,0
492,1603595673,azul,verde,reativa,vermelho,0,11,90,120,0.7500,0.0000,53,3,50,0
492,1603595673,azul,vermelho,reativa,vermelho,1,11,30,30,1.0000,0.0000,224,1,223,0
492,1603595673,azul,azul,reativa,vermelho,0,11,150,120,1.2500,0.0000,130,5,125,0
493,1118675268,verde,verde,reativa,azul,0,6,90,120,0.7500,0.0000,53,3,50,0
493,1118675268,verde,vermelho,reativa,azul,0,6,120,120,1.0000,0.0000,54,4,50,0
493,1118675268,verde,azul,reativa,azul,1,6,30,0,30.0000,0.0000,119,1,118,0
494,1097557813,vermelho,verde,reativa,vermelho,0,7,90,120,0.7500,0.0000,26,3,23,0
494,1097557813,vermelho,vermelho,reativa,vermelho,1,7,30,30,1.0000,0.0000,130,1,129,0
494,1097557813,vermelho,azul,reativa,vermelho,0,7,150,120,1.2500,0.0000,29,5,24,0
495,1791619833,azul,verde,reativa,vermelho,0,11,90,120,0.7500,0.0000,28,3,25,0
495,1791619833,azul,vermelho,reativa,vermelho,1,11,30,30,1.0000,0.0000,196,4,192,0
495,1791619833,azul,azul,reativa,vermelho,0,11,150,120,1.2500,0.0000,122,7,115,0
496,1967010406,verde,verde,reativa,vermelho,0,9,90,120,0.7500,0.0000,78,3,75,0
496,1967010406,verde,vermelho,reativa,vermelho,1,9,30,30,1.0000,0.1111,198,1,197,0
496,1967010406,verde,azul,reativa,vermelho,0,9,150,120,1.2500,0.0000,79,5,74,0
497,717339568,vermelho,verde,reativa,empate,0,100,60,0,60.0000,0.0000,1904,100,1804,0
497,717339568,vermelho,vermelho,reativa,empate,0,100,30,120,0.2500,0.0000,251,2,249,0
497,717339568,vermelho,azul,reativa,empate,0,100,60,30,2.0000,0.0000,1928,101,1827,0
498,671962700,azul,verde,reativa,verde,1,10,30,0,30.0000,0.2222,201,1,200,0
498,671962700,azul,vermelho,reativa,verde,0,10,90,120,0.7500,0.0000,54,4,50,0
498,671962700,azul,azul,reativa,verde,0,10,120,120,1.0000,0.0000,128,4,124,0
499,718487412,verde,verde,reativa,vermelho,0,8,90,120,0.7500,0.0000,95,5,90,0
499,718487412,verde,vermelho,reativa,vermelho,1,8,30,0,30.0000,0.2500,169,1,168,0
499,718487412,verde,azul,reativa,vermelho,0,8,120,120,1.0000,0.0000,81,6,75,0
500,244965602,vermelho,verde,reativa,azul,0,7,120,120,1.0000,0.0000,54,4,50,0
500,244965602,vermelho,vermelho,reativa,azul,0,7,90,120,0.7500,0.0000,53,3,50,0
500,244965602,vermelho,azul,reativa,azul,1,7,30,0,30.0000,0.0000,150,1,149,0
501,689613760,azul,verde,reativa,verde,1,10,30,0,30.0000,0.0000,185,1,184,0
501,689613760,azul,vermelho,reativa,verde,0,10,90,120,0.7500,0.0000,73,3,70,0
501,689613760,azul,azul,reativa,verde,0,10,120,120,1.0000,0.0000,124,4,120,0
502,201796813,verde,verde,reativa,verde,1,9,30,0,30.0000,0.0000,139,1,138,0
502,201796813,verde,vermelho,reativa,verde,0,9,120,120,1.0000,0.0000,104,4,100,0
502,201796813,verde,azul,reativa,verde,0,9,90,120,0.7500,0.0000,28,3,25,0
503,2095621178,vermelho,verde,reativa,azul,0,9,120,120,1.0000,0.0000,104,4,100,0
503,2095621178,vermelho,vermelho,reativa,azul,0,9,90,120,0.7500,0.0000,79,4,75,0
503,2095621178,vermelho,azul,reativa,azul,1,9,60,30,2.0000,0.0000,171,2,169,0
504,512691303,azul,verde,reativa,vermelho,0,10,90,120,0.7500,0.1667,78,3,75,0
504,512691303,azul,vermelho,reativa,vermelho,1,10,30,0,30.0000,0.0000,196,1,195,0
504,512691303,azul,azul,reativa,vermelho,0,10,120,120,1.0000,0.0000,129,4,125,0
505,520339085,verde,verde,reativa,verde,1,7,30,0,30.0000,0.0000,132,1,131,0
505,520339085,verde,vermelho,reativa,verde,0,7,120,120,1.0000,0.0000,55,5,50,0
505,520339085,verde,azul,reativa,verde,0,7,90,120,0.7500,0.0000,53,3,50,0
506,319236723,vermelho,verde,reativa,verde,1,9,60,30,2.0000,0.0000,152,2,150,0
506,319236723,vermelho,vermelho,reativa,verde,0,9,60,120,0.5000,0.0000,50,3,47,0
506,319236723,vermelho,azul,reativa,verde,0,9,150,120,1.2500,0.6250,77,5,72,0
507,1680688708,azul,verde,reativa,vermelho,0,10,90,120,0.7500,0.0000,74,4,70,0
507,1680688708,azul,vermelho,reativa,vermelho,1,10,30,30,1.0000,0.1111,195,1,194,0
507,1680688708,azul,azul,reativa,vermelho,0,10,150,120,1.2500,0.0000,97,5,92,0
508,887407502,verde,verde,reativa,azul,0,8,90,120,0.7500,0.0000,53,3,50,0
508,887407502,verde,vermelho,reativa,azul,0,8,120,120,1.0000,0.0000,101,4,97,0
508,887407502,verde,azul,reativa,azul,1,8,30,0,30.0000,0.0000,175,1,174,0
509,191222333,vermelho,verde,reativa,verde,1,9,30,0,30.0000,0.2500,174,2,172,0
509,191222333,vermelho,vermelho,reativa,verde,0,9,120,120,1.0000,0.0000,104,4,100,0
509,191222333,vermelho,azul,reativa,verde,0,9,90,120,0.7500,0.0000,54,4,50,0
510,608521437,azul,verde,reativa,empate,0,100,60,30,2.0000,0.0101,1947,99,1848,0
510,608521437,azul,vermelho,reativa,empate,0,100,30,120,0.2500,0.0909,250,2,248,0
510,608521437,azul,azul,reativa,empate,0,100,60,0,60.0000,0.0000,1975,100,1875,0
511,656961761,verde,verde,reativa,empate,0,100,0,0,0.0000,0.0000,1285,87,1198,0
511,656961761,verde,vermelho,reativa,empate,0,100,90,120,0.7500,0.0000,166,8,158,0
511,656961761,verde,azul,reativa,empate,0,100,120,90,1.3333,0.0000,1697,96,1601,0
512,310149982,vermelho,verde,reativa,empate,0,100,0,0,0.0000,0.0000,1951,96,1855,0
512,310149982,vermelho,vermelho,reativa,empate,0,100,0,0,0.0000,0.0000,1961,98,1863,0
512,310149982,vermelho,azul,reativa,empate,0,100,0,0,0.0000,0.0000,1882,0,1882,0
513,1141277885,azul,verde,reativa,verde,1,12,30,30,1.0000,0.0000,205,1,204,0
513,1141277885,azul,vermelho,reativa,verde,0,12,90,120,0.7500,0.0000,27,3,24,0
513,1141277885,azul,azul,reativa,verde,0,12,150,120,1.2500,0.0909,155,5,150,0
514,1226790344,verde,verde,reativa,azul,0,9,90,120,0.7500,0.0000,78,3,75,0
514,1226790344,verde,vermelho,reativa,azul,0,9,120,120,1.0000,0.1111,120,4,116,0
514,1226790344,verde,azul,reativa,azul,1,9,30,0,30.0000,0.0000,201,1,200,0
515,1535129199,vermelho,verde,reativa,verde,1,9,60,30,2.0000,0.0000,140,2,138,0
515,1535129199,vermelho,vermelho,reativa,verde,0,9,150,120,1.2500,0.2500,79,5,74,0
515,1535129199,vermelho,azul,reativa,verde,0,9,60,120,0.5000,0.0000,67,4,63,0
516,1150841547,azul,verde,reativa,vermelho,0,13,120,110,1.0909,0.4167,175,5,170,0
516,1150841547,azul,vermelho,reativa,vermelho,1,13,30,0,30.0000,0.0000,273,1,272,0
516,1150841547,azul,azul,reativa,vermelho,0,13,80,120,0.6667,0.0000,129,4,125,0
517,1165334641,verde,verde,reativa,vermelho,0,10,90,120,0.7500,0.0000,87,3,84,0
517,1165334641,verde,vermelho,reativa,vermelho,1,10,30,0,30.0000,0.1000,212,1,211,0
517,1165334641,verde,azul,reativa,vermelho,0,10,120,120,1.0000,0.1111,128,4,124,0
518,681806193,vermelho,verde,reativa,verde,1,7,60,0,60.0000,0.3333,90,3,87,0
518,681806193,vermelho,vermelho,reativa,verde,0,7,90,120,0.7500,0.0000,70,3,67,0
518,681806193,vermelho,azul,reativa,verde,0,7,90,120,0.7500,0.0000,55,5,50,0
519,1279852028,azul,verde,reativa,vermelho,0,8,90,120,0.7500,0.0000,28,3,25,0
519,1279852028,azul,vermelho,reativa,vermelho,1,8,30,30,1.0000,0.1429,132,1,131,0
519,1279852028,azul,azul,reativa,vermelho,0,8,150,120,1.2500,0.0000,55,5,50,0
520,927686692,verde,verde,reativa,azul,0,6,90,120,0.7500,0.0000,77,3,74,0
520,927686692,verde,vermelho,reativa,azul,0,6,120,120,1.0000,0.0000,55,5,50,0
520,927686692,verde,azul,reativa,azul,1,6,30,0,30.0000,0.0000,124,1,123,0
521,1035302288,vermelho,verde,reativa,azul,0,7,90,120,0.7500,0.6667,71,5,66,0
521,1035302288,vermelho,vermelho,reativa,azul,0,7,90,120,0.7500,0.0000,80,5,75,0
521,1035302288,vermelho,azul,reativa,azul,1,7,90,30,3.0000,0.0000,102,5,97,0
522,984794711,azul,verde,reativa,azul,0,8,90,120,0.7500,0.0000,76,3,73,0
522,984794711,azul,vermelho,reativa,azul,0,8,150,120,1.2500,0.0000,55,5,50,0
522,984794711,azul,azul,reativa,azul,1,8,30,30,1.0000,0.1250,168,1,167,0
523,327484689,verde,verde,reativa,vermelho,0,8,90,120,0.7500,0.0000,53,3,50,0
523,327484689,verde,vermelho,reativa,vermelho,1,8,30,0,30.0000,0.0000,176,1,175,0
523,327484689,verde,azul,reativa,vermelho,0,8,120,120,1.0000,0.0000,79,4,75,0
524,386297152,vermelho,verde,reativa,verde,1,11,30,0,30.0000,0.0000,177,1,176,0
524,386297152,vermelho,vermelho,reativa,verde,0,11,120,120,1.0000,0.5000,152,4,148,0
524,386297152,vermelho,azul,reativa,verde,0,11,90,120,0.7500,0.0000,76,3,73,0
525,349317291,azul,verde,reativa,vermelho,0,13,90,120,0.7500,0.0000,47,3,44,0
525,349317291,azul,vermelho,reativa,vermelho,1,13,30,0,30.0000,0.0833,267,1,266,0
525,349317291,azul,azul,reativa,vermelho,0,13,120,120,1.0000,0.0000,166,5,161,0
526,2000841264,verde,verde,reativa,vermelho,0,10,90,120,0.7500,0.0000,53,3,50,0
526,2000841264,verde,vermelho,reativa,vermelho,1,10,30,30,1.0000,0.0000,207,1,206,0
526,2000841264,verde,azul,reativa,vermelho,0,10,150,120,1.2500,0.0000,105,5,100,0
527,1679114366,vermelho,verde,reativa,verde,1,9,30,0,30.0000,0.0000,169,1,168,0
527,1679114366,vermelho,vermelho,reativa,verde,0,9,120,120,1.0000,0.2500,104,4,100,0
527,1679114366,vermelho,azul,reativa,verde,0,9,90,120,0.7500,0.0000,53,3,50,0
528,54272465,azul,verde,reativa,vermelho,0,8,90,120,0.7500,0.0000,28,3,25,0
528,54272465,azul,vermelho,reativa,vermelho,1,8,30,30,1.0000,0.0000,147,1,146,0
528,54272465,azul,azul,reativa,vermelho,0,8,150,120,1.2500,0.0000,54,5,49,0
529,2003592322,verde,verde,reativa,azul,0,17,90,120,0.7500,0.0000,53,3,50,0
529,2003592322,verde,vermelho,reativa,azul,0,17,120,120,1.0000,0.0000,302,6,296,0
529,2003592322,verde,azul,reativa,azul,1,17,30,0,30.0000,0.0588,269,2,267,0
530,1331448970,vermelho,verde,reativa,azul,0,9,60,120,0.5000,0.0000,49,4,45,0
530,1331448970,vermelho,vermelho,reativa,azul,0,9,150,120,1.2500,0.0000,104,5,99,0
530,1331448970,vermelho,azul,reativa,azul,1,9,90,60,1.5000,0.0000,146,3,143,0
531,482643454,azul,verde,reativa,vermelho,0,7,120,120,1.0000,0.0000,55,5,50,0
531,482643454,azul,vermelho,reativa,vermelho,1,7,30,0,30.0000,0.1667,120,1,119,0
531,482643454,azul,azul,reativa,vermelho,0,7,90,120,0.7500,0.0000,78,3,75,0
532,1779565378,verde,verde,reativa,verde,1,8,30,30,1.0000,0.0000,158,1,157,0
532,1779565378,verde,vermelho,reativa,verde,0,8,90,120,0.7500,0.0000,77,3,74,0
532,1779565378,verde,azul,reativa,verde,0,8,150,120,1.2500,0.0000,55,5,50,0
533,2054481438,vermelho,verde,reativa,verde,1,10,10,0,10.0000,0.0000,201,1,200,0
533,2054481438,vermelho,vermelho,reativa,verde,0,10,120,100,1.2000,0.1111,97,4,93,0
533,2054481438,vermelho,azul,reativa,verde,0,10,90,120,0.7500,0.0000,64,3,61,0
534,1078675238,azul,verde,reativa,empate,0,100,30,60,0.5000,0.9798,1291,93,1198,0
534,1078675238,azul,vermelho,reativa,empate,0,100,60,120,0.5000,0.0000,118,4,114,0
534,1078675238,azul,azul,reativa,empate,0,100,90,0,90.0000,0.0000,1314,94,1220,0
535,843908336,verde,verde,reativa,vermelho,0,9,120,120,1.0000,0.0000,115,6,109,0
535,843908336,verde,vermelho,reativa,vermelho,1,9,120,60,2.0000,0.0000,129,4,125,0
535,843908336,verde,azul,reativa,vermelho,0,9,60,120,0.5000,0.0000,80,5,75,0
536,681987113,vermelho,verde,reativa,azul,0,7,90,120,0.7500,0.0000,53,3,50,0
536,681987113,vermelho,vermelho,reativa,azul,0,7,150,120,1.2500,0.0000,55,5,50,0
536,681987113,vermelho,azul,reativa,azul,1,7,30,30,1.0000,0.1429,138,1,137,0
537,1423106760,azul,verde,reativa,vermelho,0,7,150,120,1.2500,0.0000,30,5,25,0
537,1423106760,azul,vermelho,reativa,vermelho,1,7,30,30,1.0000,0.0000,125,1,124,0
537,1423106760,azul,azul,reativa,vermelho,0,7,90,120,0.7500,0.0000,53,3,50,0
538,1079511724,verde,verde,reativa,empate,0,100,90,120,0.7500,0.0714,272,3,269,0
538,1079511724,verde,vermelho,reativa,empate,0,100,120,90,1.3333,0.0000,1267,101,1166,0
538,1079511724,verde,azul,reativa,empate,0,100,0,0,0.0000,0.0000,1776,98,1678,0
539,419734749,vermelho,verde,reativa,verde,1,8,60,30,2.0000,0.0000,127,3,124,0
539,419734749,vermelho,vermelho,reativa,verde,0,8,90,120,0.7500,0.0000,79,4,75,0
539,419734749,vermelho,azul,reativa,verde,0,8,120,120,1.0000,0.0000,80,5,75,0
540,1655343181,azul,verde,reativa,azul,0,11,90,120,0.7500,0.0000,130,5,125,0
540,1655343181,azul,vermelho,reativa,azul,0,11,150,120,1.2500,0.0000,106,12,94,0
540,1655343181,azul,azul,reativa,azul,1,11,30,30,1.0000,0.0000,222,9,213,0
541,1499152475,verde,verde,reativa,vermelho,0,9,90,120,0.7500,0.0000,149,3,146,0
541,1499152475,verde,vermelho,reativa,vermelho,1,9,60,0,60.0000,0.0000,177,2,175,0
541,1499152475,verde,azul,reativa,vermelho,0,9,90,120,0.7500,0.0000,54,4,50,0
542,1832667766,vermelho,verde,reativa,empate,0,100,0,0,0.0000,0.0000,1786,0,1786,0
542,1832667766,vermelho,vermelho,reativa,empate,0,100,60,120,0.5000,0.1250,154,4,150,0
542,1832667766,vermelho,azul,reativa,empate,0,100,120,60,2.0000,0.0000,864,5,859,0
543,1264378068,azul,verde,reativa,vermelho,0,8,150,120,1.2500,0.0000,55,5,50,0
543,1264378068,azul,vermelho,reativa,vermelho,1,8,30,30,1.0000,0.0000,140,1,139,0
543,1264378068,azul,azul,reativa,vermelho,0,8,90,120,0.7500,0.8000,53,3,50,0
544,1308472688,verde,verde,reativa,verde,1,12,90,30,3.0000,0.0833,227,5,222,0
544,1308472688,verde,vermelho,reativa,verde,0,12,120,120,1.0000,0.0000,149,12,137,0
544,1308472688,verde,azul,reativa,verde,0,12,60,120,0.5000,0.0000,120,8,112,0
545,1643580531,vermelho,verde,reativa,azul,0,9,120,120,1.0000,0.0000,83,6,77,0
545,1643580531,vermelho,vermelho,reativa,azul,0,9,90,120,0.7500,0.0000,53,3,50,0
545,1643580531,vermelho,azul,reativa,azul,1,9,30,0,30.0000,0.1111,180,2,178,0
546,639957133,azul,verde,reativa,verde,1,7,30,0,30.0000,0.3333,125,1,124,0
546,639957133,azul,vermelho,reativa,verde,0,7,90,120,0.7500,0.0000,54,4,50,0
546,639957133,azul,azul,reativa,verde,0,7,120,120,1.0000,0.0000,55,5,50,0
547,1965988595,verde,verde,reativa,azul,0,10,90,120,0.7500,0.0000,149,9,140,0
547,1965988595,verde,vermelho,reativa,azul,0,10,90,120,0.7500,0.0000,147,8,139,0
547,1965988595,verde,azul,reativa,azul,1,10,60,0,60.0000,0.1000,203,5,198,0
548,785624668,vermelho,verde,reativa,verde,1,11,30,30,1.0000,0.3000,204,2,202,0
548,785624668,vermelho,vermelho,reativa,verde,0,11,150,120,1.2500,0.0000,130,5,125,0
548,785624668,vermelho,azul,reativa,verde,0,11,90,120,0.7500,0.0000,53,3,50,0
549,474626655,azul,verde,reativa,azul,0,12,90,120,0.7500,0.0000,53,3,50,0
549,474626655,azul,vermelho,reativa,azul,0,12,150,120,1.2500,0.0000,143,6,137,0
549,474626655,azul,azul,reativa,azul,1,12,30,30,1.0000,0.1667,262,3,259,0
550,1347717309,verde,verde,reativa,azul,0,8,90,120,0.7500,0.0000,76,3,73,0
550,1347717309,verde,vermelho,reativa,azul,0,8,120,120,1.0000,0.0000,104,4,100,0
550,1347717309,verde,azul,reativa,azul,1,8,30,0,30.0000,0.0000,174,1,173,0
551,1940104168,vermelho,verde,reativa,vermelho,0,9,90,120,0.7500,0.0000,53,3,50,0
551,1940104168,vermelho,vermelho,reativa,vermelho,1,9,30,30,1.0000,0.0000,201,1,200,0
551,1940104168,vermelho,azul,reativa,vermelho,0,9,150,120,1.2500,0.0000,80,5,75,0
552,1153931505,azul,verde,reativa,azul,0,9,90,120,0.7500,0.0000,50,4,46,0
552,1153931505,azul,vermelho,reativa,azul,0,9,120,120,1.0000,0.0000,102,4,98,0
552,1153931505,azul,azul,reativa,azul,1,9,30,0,30.0000,0.0000,198,1,197,0
553,2144325616,verde,verde,reativa,azul,0,8,60,120,0.5000,0.0000,152,2,150,0
553,2144325616,verde,vermelho,reativa,azul,0,8,90,120,0.7500,0.0000,80,5,75,0
553,2144325616,verde,azul,reativa,azul,1,8,90,0,90.0000,0.0000,119,3,116,0
554,30024536,vermelho,verde,reativa,vermelho,0,15,90,120,0.7500,0.2308,228,8,220,0
554,30024536,vermelho,vermelho,reativa,vermelho,1,15,60,0,60.0000,0.0000,310,3,307,0
554,30024536,vermelho,azul,reativa,vermelho,0,15,90,120,0.7500,0.0000,196,9,187,0
555,1910399178,azul,verde,reativa,vermelho,0,10,120,120,1.0000,0.0000,118,7,111,0
555,1910399178,azul,vermelho,reativa,vermelho,1,10,30,0,30.0000,0.2222,186,1,185,0
555,1910399178,azul,azul,reativa,vermelho,0,10,90,120,0.7500,0.0000,117,6,111,0
556,1783435411,verde,verde,reativa,vermelho,0,11,90,120,0.7500,0.0000,53,3,50,0
556,1783435411,verde,vermelho,reativa,vermelho,1,11,30,0,30.0000,0.0000,200,2,198,0
556,1783435411,verde,azul,reativa,vermelho,0,11,120,120,1.0000,0.0000,147,6,141,0
557,2033767092,vermelho,verde,reativa,vermelho,0,8,120,110,1.0909,0.1429,78,4,74,0
557,2033767092,vermelho,vermelho,reativa,vermelho,1,8,20,0,20.0000,0.0000,152,1,151,0
557,2033767092,vermelho,azul,reativa,vermelho,0,8,90,120,0.7500,0.0000,78,3,75,0
558,1903858974,azul,verde,reativa,verde,1,10,30,30,1.0000,0.0000,186,1,185,0
558,1903858974,azul,vermelho,reativa,verde,0,10,90,120,0.7500,0.0000,53,3,50,0
558,1903858974,azul,azul,reativa,verde,0,10,150,120,1.2500,0.0000,100,5,95,0
559,1761344236,verde,verde,reativa,verde,1,9,30,0,30.0000,0.2222,188,2,186,0
559,1761344236,verde,vermelho,reativa,verde,0,9,120,120,1.0000,0.0000,92,5,87,0
559,1761344236,verde,azul,reativa,verde,0,9,90,120,0.7500,0.0000,76,4,72,0
560,822547579,vermelho,verde,reativa,verde,1,11,30,30,1.0000,0.0000,222,1,221,0
560,822547579,vermelho,vermelho,reativa,verde,0,11,90,120,0.7500,0.0000,127,3,124,0
560,822547579,vermelho,azul,reativa,verde,0,11,150,120,1.2500,0.0000,102,5,97,0
561,369036526,azul,verde,reativa,azul,0,10,150,120,1.2500,0.0000,106,6,100,0
561,369036526,azul,vermelho,reativa,azul,0,10,90,120,0.7500,0.0000,53,3,50,0
561,369036526,azul,azul,reativa,azul,1,10,30,30,1.0000,0.0000,212,3,209,0
562,385294681,verde,verde,reativa,vermelho,0,8,90,120,0.7500,0.0000,48,3,45,0
562,385294681,verde,vermelho,reativa,vermelho,1,8,30,0,30.0000,0.0000,164,1,163,0
562,385294681,verde,azul,reativa,vermelho,0,8,120,120,1.0000,0.0000,70,4,66,0
563,1351163531,vermelho,verde,reativa,vermelho,0,9,60,120,0.5000,0.0000,52,3,49,0
563,1351163531,vermelho,vermelho,reativa,vermelho,1,9,90,60,1.5000,0.0000,151,3,148,0
563,1351163531,vermelho,azul,reativa,vermelho,0,9,150,120,1.2500,0.0000,80,5,75,0
564,788961864,azul,verde,reativa,vermelho,0,10,120,120,1.0000,0.0000,123,6,117,0
564,788961864,azul,vermelho,reativa,vermelho,1,10,30,0,30.0000,0.0000,202,2,200,0
564,788961864,azul,azul,reativa,vermelho,0,10,90,120,0.7500,0.0000,53,3,50,0
565,503141246,verde,verde,reativa,empate,0,100,90,120,0.7500,0.1429,101,3,98,0
565,503141246,verde,vermelho,reativa,empate,0,100,120,90,1.3333,0.0000,1542,93,1449,0
565,503141246,verde,azul,reativa,empate,0,100,0,0,0.0000,0.0000,1109,90,1019,0
566,1238521743,vermelho,verde,reativa,azul,0,9,90,120,0.7500,0.0000,128,3,125,0
566,1238521743,vermelho,vermelho,reativa,azul,0,9,90,120,0.7500,0.0000,79,4,75,0
566,1238521743,vermelho,azul,reativa,azul,1,9,60,0,60.0000,0.1111,162,2,160,0
567,885807520,azul,verde,reativa,vermelho,0,10,90,120,0.7500,0.0000,106,6,100,0
567,885807520,azul,vermelho,reativa,vermelho,1,10,90,0,90.0000,0.0000,148,3,145,0
567,885807520,azul,azul,reativa,vermelho,0,10,60,120,0.5000,0.2222,148,3,145,0
568,267902503,verde,verde,reativa,verde,1,11,30,30,1.0000,0.0000,238,3,235,0
568,267902503,verde,vermelho,reativa,verde,0,11,150,120,1.2500,0.0000,131,6,125,0
568,267902503,verde,azul,reativa,verde,0,11,90,120,0.7500,0.0000,50,3,47,0
569,1922683726,vermelho,verde,reativa,empate,0,100,90,120,0.7500,0.0000,78,3,75,0
569,1922683726,vermelho,vermelho,reativa,empate,0,100,0,0,0.0000,0.0000,1865,92,1773,0
569,1922683726,vermelho,azul,reativa,empate,0,100,120,90,1.3333,0.0000,1816,96,1720,0
570,2065365347,azul,verde,reativa,azul,0,9,90,120,0.7500,0.0000,50,3,47,0
570,2065365347,azul,vermelho,reativa,azul,0,9,120,110,1.0909,0.1250,98,4,94,0
570,2065365347,azul,azul,reativa,azul,1,9,20,0,20.0000,0.1111,201,1,200,0
571,322353062,verde,verde,reativa,empate,0,100,120,90,1.3333,0.0000,1224,4,1220,0
571,322353062,verde,vermelho,reativa,empate,0,100,90,120,0.7500,0.0000,78,3,75,0
571,322353062,verde,azul,reativa,empate,0,100,0,0,0.0000,0.0000,1371,0,1371,0
572,1785633287,vermelho,verde,reativa,vermelho,0,9,90,120,0.7500,0.0000,28,3,25,0
572,1785633287,vermelho,vermelho,reativa,vermelho,1,9,30,30,1.0000,0.1111,189,1,188,0
572,1785633287,vermelho,azul,reativa,vermelho,0,9,150,120,1.2500,0.0000,76,5,71,0
573,753257138,azul,verde,reativa,azul,0,9,150,110,1.3636,0.6250,79,5,74,0
573,753257138,azul,vermelho,reativa,azul,0,9,80,120,0.6667,0.0000,29,4,25,0
573,753257138,azul,azul,reativa,azul,1,9,30,30,1.0000,0.0000,190,1,189,0
574,1429681041,verde,verde,reativa,azul,0,8,140,120,1.1667,0.8750,79,5,74,0
574,1429681041,verde,vermelho,reativa,azul,0,8,90,120,0.7500,0.8000,53,3,50,0
574,1429681041,verde,azul,reativa,azul,1,8,30,20,1.5000,0.2500,152,1,151,0
575,599050119,vermelho,verde,reativa,empate,0,100,60,30,2.0000,0.0000,1957,99,1858,0
575,599050119,vermelho,vermelho,reativa,empate,0,100,30,120,0.2500,0.0000,326,2,324,0
575,599050119,vermelho,azul,reativa,empate,0,100,60,0,60.0000,0.0000,1825,100,1725,0
576,880987394,azul,verde,reativa,vermelho,0,10,90,120,0.7500,0.0000,52,3,49,0
576,880987394,azul,vermelho,reativa,vermelho,1,10,30,0,30.0000,0.0000,198,1,197,0
576,880987394,azul,azul,reativa,vermelho,0,10,120,120,1.0000,0.0000,129,4,125,0
577,1671317880,verde,verde,reativa,azul,0,11,120,120,1.0000,0.0000,159,9,150,0
577,1671317880,verde,vermelho,reativa,azul,0,11,90,120,0.7500,0.1111,129,7,122,0
577,1671317880,verde,azul,reativa,azul,1,11,30,0,30.0000,0.0000,249,2,247,0
578,1667218631,vermelho,verde,reativa,verde,1,12,30,0,30.0000,0.0000,228,3,225,0
578,1667218631,vermelho,vermelho,reativa,verde,0,12,120,120,1.0000,0.0000,166,6,160,0
578,1667218631,vermelho,azul,reativa,verde,0,12,90,120,0.7500,0.0000,51,3,48,0
579,1360865676,azul,verde,reativa,vermelho,0,12,150,120,1.2500,0.0000,117,5,112,0
579,1360865676,azul,vermelho,reativa,vermelho,1,12,150,90,1.6667,0.0000,121,6,115,0
579,1360865676,azul,azul,reativa,vermelho,0,12,30,120,0.2500,0.1429,152,2,150,0
580,969768113,verde,verde,reativa,empate,0,100,90,90,1.0000,0.0000,1913,99,1814,0
580,969768113,verde,vermelho,reativa,empate,0,100,30,0,30.0000,0.0000,1962,97,1865,0
580,969768113,verde,azul,reativa,empate,0,100,90,120,0.7500,0.0000,55,5,50,0
581,828045317,vermelho,verde,reativa,vermelho,0,8,90,120,0.7500,0.0000,80,6,74,0
581,828045317,vermelho,vermelho,reativa,vermelho,1,8,90,30,3.0000,0.0000,126,5,121,0
581,828045317,vermelho,azul,reativa,vermelho,0,8,90,120,0.7500,0.0000,99,7,92,0
582,1609858943,azul,verde,reativa,vermelho,0,7,90,120,0.7500,0.6667,57,5,52,0
582,1609858943,azul,vermelho,reativa,vermelho,1,7,60,0,60.0000,0.0000,103,3,100,0
582,1609858943,azul,azul,reativa,vermelho,0,7,90,120,0.7500,0.0000,48,4,44,0
583,657787211,verde,verde,reativa,verde,1,13,30,30,1.0000,0.0000,294,1,293,0
583,657787211,verde,vermelho,reativa,verde,0,13,90,120,0.7500,0.4000,137,6,131,0
583,657787211,verde,azul,reativa,verde,0,13,150,120,1.2500,0.0000,180,7,173,0
584,1500741286,vermelho,verde,reativa,azul,0,9,90,120,0.7500,0.0000,52,3,49,0
584,1500741286,vermelho,vermelho,reativa,azul,0,9,120,120,1.0000,0.0000,117,4,113,0
584,1500741286,vermelho,azul,reativa,azul,1,9,30,0,30.0000,0.1111,201,1,200,0
585,1216752255,azul,verde,reativa,verde,1,9,30,0,30.0000,0.0000,173,1,172,0
585,1216752255,azul,vermelho,reativa,verde,0,9,120,120,1.0000,0.0000,71,4,67,0
585,1216752255,azul,azul,reativa,verde,0,9,90,120,0.7500,0.0000,78,3,75,0
586,170355655,verde,verde,reativa,azul,0,13,90,120,0.7500,0.0000,75,3,72,0
586,170355655,verde,vermelho,reativa,azul,0,13,120,120,1.0000,0.0000,207,4,203,0
586,170355655,verde,azul,reativa,azul,1,13,30,0,30.0000,0.1538,232,1,231,0
587,522938142,vermelho,verde,reativa,verde,1,8,30,0,30.0000,0.1429,130,1,129,0
587,522938142,vermelho,vermelho,reativa,verde,0,8,120,120,1.0000,0.0000,77,4,73,0
587,522938142,vermelho,azul,reativa,verde,0,8,90,120,0.7500,0.0000,53,3,50,0
588,1224265644,azul,verde,reativa,verde,1,13,30,30,1.0000,0.0833,217,5,212,0
588,1224265644,azul,vermelho,reativa,verde,0,13,90,120,0.7500,0.0000,53,3,50,0
588,1224265644,azul,azul,reativa,verde,0,13,150,120,1.2500,0.0833,169,8,161,0
589,2071903378,verde,verde,reativa,vermelho,0,9,90,120,0.7500,0.0000,53,3,50,0
589,2071903378,verde,vermelho,reativa,vermelho,1,9,30,30,1.0000,0.0000,188,1,187,0
589,2071903378,verde,azul,reativa,vermelho,0,9,150,120,1.2500,0.0000,71,5,66,0
590,239551354,vermelho,verde,reativa,verde,1,7,30,0,30.0000,0.0000,124,2,122,0
590,239551354,vermelho,vermelho,reativa,verde,0,7,120,120,1.0000,0.0000,56,6,50,0
590,239551354,vermelho,azul,reativa,verde,0,7,90,120,0.7500,0.0000,53,3,50,0
591,1331453486,azul,verde,reativa,vermelho,0,8,90,120,0.7500,0.0000,96,6,90,0
591,1331453486,azul,vermelho,reativa,vermelho,1,8,60,0,60.0000,0.0000,129,4,125,0
591,1331453486,azul,azul,reativa,vermelho,0,8,90,120,0.7500,0.8000,53,4,49,0
592,700635290,verde,verde,reativa,verde,1,10,60,90,0.6667,0.0000,201,2,199,0
592,700635290,verde,vermelho,reativa,verde,0,10,90,120,0.7500,0.0000,71,4,67,0
592,700635290,verde,azul,reativa,verde,0,10,180,120,1.5000,0.0000,81,6,75,0
593,1793610634,vermelho,verde,reativa,verde,1,12,90,60,1.5000,0.0000,201,4,197,0
593,1793610634,vermelho,vermelho,reativa,verde,0,12,60,120,0.5000,0.4444,148,8,140,0
593,1793610634,vermelho,azul,reativa,verde,0,12,150,120,1.2500,0.0000,130,10,120,0
594,1428201362,azul,verde,reativa,vermelho,0,10,90,120,0.7500,0.0000,28,3,25,0
594,1428201362,azul,vermelho,reativa,vermelho,1,10,30,0,30.0000,0.0000,200,2,198,0
594,1428201362,azul,azul,reativa,vermelho,0,10,120,120,1.0000,0.0000,118,5,113,0
595,40425461,verde,verde,reativa,azul,0,8,120,120,1.0000,0.1250,104,4,100,0
595,40425461,verde,vermelho,reativa,azul,0,8,90,120,0.7500,0.0000,78,5,73,0
595,40425461,verde,azul,reativa,azul,1,8,30,0,30.0000,0.1250,166,3,163,0
596,1462276455,vermelho,verde,reativa,verde,1,8,30,0,30.0000,0.0000,137,1,136,0
596,1462276455,vermelho,vermelho,reativa,verde,0,8,120,120,1.0000,0.1429,80,5,75,0
596,1462276455,vermelho,azul,reativa,verde,0,8,90,120,0.7500,0.0000,74,3,71,0
597,2054249709,azul,verde,reativa,vermelho,0,10,50,120,0.4167,0.1111,98,10,88,0
597,2054249709,azul,vermelho,reativa,vermelho,1,10,90,60,1.5000,0.1111,149,6,143,0
597,2054249709,azul,azul,reativa,vermelho,0,10,150,110,1.3636,0.7500,77,8,69,0
598,630302914,verde,verde,reativa,azul,0,7,90,120,0.7500,0.0000,79,5,74,0
598,630302914,verde,vermelho,reativa,azul,0,7,120,120,1.0000,0.1429,79,4,75,0
598,630302914,verde,azul,reativa,azul,1,7,60,30,2.0000,0.0000,127,2,125,0
599,1951134645,vermelho,verde,reativa,azul,0,8,90,120,0.7500,0.0000,53,3,50,0
599,1951134645,vermelho,vermelho,reativa,azul,0,8,150,120,1.2500,0.0000,80,5,75,0
599,1951134645,vermelho,azul,reativa,azul,1,8,30,30,1.0000,0.0000,152,1,151,0
600,1030142316,azul,verde,reativa,azul,0,9,120,120,1.0000,0.0000,98,6,92,0
600,1030142316,azul,vermelho,reativa,azul,0,9,90,120,0.7500,0.0000,74,5,69,0
600,1030142316,azul,azul,reativa,azul,1,9,30,0,30.0000,0.0000,197,1,196,0
601,1015889351,verde,verde,reativa,azul,0,7,120,120,1.0000,0.0000,79,4,75,0
601,1015889351,verde,vermelho,reativa,azul,0,7,90,120,0.7500,0.0000,28,3,25,0
601,1015889351,verde,azul,reativa,azul,1,7,30,0,30.0000,0.0000,150,1,149,0
602,205782876,vermelho,verde,reativa,azul,0,6,90,120,0.7500,0.0000,30,5,25,0
602,205782876,vermelho,vermelho,reativa,azul,0,6,120,120,1.0000,0.0000,52,4,48,0
602,205782876,vermelho,azul,reativa,azul,1,6,60,30,2.0000,0.0000,92,2,90,0
603,1233340021,azul,verde,reativa,verde,1,8,90,60,1.5000,0.0000,88,4,84,0
603,1233340021,azul,vermelho,reativa,verde,0,8,120,120,1.0000,0.1667,56,6,50,0
603,1233340021,azul,azul,reativa,verde,0,8,90,120,0.7500,0.0000,53,4,49,0
604,2014491557,verde,verde,reativa,azul,0,11,90,110,0.8182,0.7143,96,5,91,0
604,2014491557,verde,vermelho,reativa,azul,0,11,90,120,0.7500,0.0000,158,7,151,0
604,2014491557,verde,azul,reativa,azul,1,11,50,0,50.0000,0.0000,224,3,221,0
605,1314928140,vermelho,verde,reativa,azul,0,10,60,120,0.5000,0.0000,28,3,25,0
605,1314928140,vermelho,vermelho,reativa,azul,0,10,180,120,1.5000,0.5000,106,10,96,0
605,1314928140,vermelho,azul,reativa,azul,1,10,60,60,1.0000,0.1000,171,6,165,0
606,1869575208,azul,verde,reativa,vermelho,0,10,90,120,0.7500,0.0000,53,3,50,0
606,1869575208,azul,vermelho,reativa,vermelho,1,10,30,0,30.0000,0.0000,200,1,199,0
606,1869575208,azul,azul,reativa,vermelho,0,10,120,120,1.0000,0.1111,125,4,121,0
607,412083840,verde,verde,reativa,azul,0,11,180,120,1.5000,0.0000,129,7,122,0
607,412083840,verde,vermelho,reativa,azul,0,11,60,120,0.5000,0.0000,119,4,115,0
607,412083840,verde,azul,reativa,azul,1,11,60,60,1.0000,0.0909,221,2,219,0
608,1705502126,vermelho,verde,reativa,verde,1,11,30,30,1.0000,0.0000,218,1,217,0
608,1705502126,vermelho,vermelho,reativa,verde,0,11,90,120,0.7500,0.0000,79,4,75,0
608,1705502126,vermelho,azul,reativa,verde,0,11,150,120,1.2500,0.1000,113,6,107,0
609,360032754,azul,verde,reativa,azul,0,10,150,120,1.2500,0.0000,105,5,100,0
609,360032754,azul,vermelho,reativa,azul,0,10,90,120,0.7500,0.6667,78,3,75,0
609,360032754,azul,azul,reativa,azul,1,10,30,30,1.0000,0.0000,226,1,225,0
610,1703396810,verde,verde,reativa,verde,1,12,90,30,3.0000,0.0000,222,5,217,0
610,1703396810,verde,vermelho,reativa,verde,0,12,90,120,0.7500,0.0000,156,12,144,0
610,1703396810,verde,azul,reativa,verde,0,12,90,120,0.7500,0.0000,147,11,136,0
611,1813539174,vermelho,verde,reativa,verde,1,14,30,0,30.0000,0.0769,255,1,254,0
611,1813539174,vermelho,vermelho,reativa,verde,0,14,90,120,0.7500,0.0000,82,5,77,0
611,1813539174,vermelho,azul,reativa,verde,0,14,120,120,1.0000,0.0769,175,6,169,0
612,1326081846,azul,verde,reativa,vermelho,0,10,90,120,0.7500,0.0000,77,3,74,0
612,1326081846,azul,vermelho,reativa,vermelho,1,10,30,30,1.0000,0.0000,201,1,200,0
612,1326081846,azul,azul,reativa,vermelho,0,10,150,120,1.2500,0.0000,87,5,82,0
613,1251722137,verde,verde,reativa,empate,0,100,30,120,0.2500,0.1111,202,2,200,0
613,1251722137,verde,vermelho,reativa,empate,0,100,60,30,2.0000,0.0000,1964,99,1865,0
613,1251722137,verde,azul,reativa,empate,0,100,60,0,60.0000,0.0000,1599,99,1500,0
614,279383135,vermelho,verde,reativa,empate,0,100,0,0,0.0000,0.0000,1945,100,1845,0
614,279383135,vermelho,vermelho,reativa,empate,0,100,90,120,0.7500,0.0000,281,6,275,0
614,279383135,vermelho,azul,reativa,empate,0,100,120,90,1.3333,0.4700,1890,102,1788,0
615,2053490072,azul,verde,reativa,verde,1,8,30,30,1.0000,0.1429,150,1,149,0
615,2053490072,azul,vermelho,reativa,verde,0,8,150,120,1.2500,0.0000,30,5,25,0
615,2053490072,azul,azul,reativa,verde,0,8,90,120,0.7500,0.0000,53,3,50,0
616,469087286,verde,verde,reativa,verde,1,9,30,0,30.0000,0.0000,190,1,189,0
616,469087286,verde,vermelho,reativa,verde,0,9,120,120,1.0000,0.0000,104,4,100,0
616,469087286,verde,azul,reativa,verde,0,9,90,120,0.7500,0.0000,53,3,50,0
617,244808538,vermelho,verde,reativa,verde,1,11,30,30,1.0000,0.0000,197,1,196,0
617,244808538,vermelho,vermelho,reativa,verde,0,11,150,120,1.2500,0.8000,126,7,119,0
617,244808538,vermelho,azul,reativa,verde,0,11,90,120,0.7500,0.0000,79,6,73,0
618,1697912004,azul,verde,reativa,azul,0,7,90,120,0.7500,0.0000,51,3,48,0
618,1697912004,azul,vermelho,reativa,azul,0,7,120,120,1.0000,0.0000,54,4,50,0
618,1697912004,azul,azul,reativa,azul,1,7,30,0,30.0000,0.0000,140,1,139,0
619,1196957329,verde,verde,reativa,vermelho,0,8,90,120,0.7500,0.0000,48,4,44,0
619,1196957329,verde,vermelho,reativa,vermelho,1,8,30,30,1.0000,0.0000,175,1,174,0
619,1196957329,verde,azul,reativa,vermelho,0,8,150,120,1.2500,0.0000,55,5,50,0
620,279705624,vermelho,verde,reativa,verde,1,9,30,0,30.0000,0.0000,170,1,169,0
620,279705624,vermelho,vermelho,reativa,verde,0,9,90,120,0.7500,0.0000,78,3,75,0
620,279705624,vermelho,azul,reativa,verde,0,9,120,120,1.0000,0.0000,104,4,100,0
621,440487415,azul,verde,reativa,empate,0,100,0,0,0.0000,0.0000,1269,94,1175,0
621,440487415,azul,vermelho,reativa,empate,0,100,120,90,1.3333,0.0202,915,98,817,0
621,440487415,azul,azul,reativa,empate,0,100,90,120,0.7500,0.4118,350,3,347,0
622,532420518,verde,verde,reativa,azul,0,9,120,120,1.0000,0.1111,129,4,125,0
622,532420518,verde,vermelho,reativa,azul,0,9,90,120,0.7500,0.0000,70,3,67,0
622,532420518,verde,azul,reativa,azul,1,9,30,0,30.0000,0.0000,196,1,195,0
623,1534020729,vermelho,verde,reativa,vermelho,0,12,120,120,1.0000,0.0000,55,5,50,0
623,1534020729,vermelho,vermelho,reativa,vermelho,1,12,60,90,0.6667,0.0833,233,7,226,0
623,1534020729,vermelho,azul,reativa,vermelho,0,12,150,120,1.2500,0.0000,155,9,146,0
624,1330977352,azul,verde,reativa,azul,0,7,90,120,0.7500,0.0000,78,3,75,0
624,1330977352,azul,vermelho,reativa,azul,0,7,120,120,1.0000,0.0000,55,5,50,0
624,1330977352,azul,azul,reativa,azul,1,7,30,0,30.0000,0.0000,148,1,147,0
625,1339491093,verde,verde,reativa,vermelho,0,11,150,120,1.2500,0.0000,137,8,129,0
625,1339491093,verde,vermelho,reativa,vermelho,1,11,30,30,1.0000,0.0909,226,4,222,0
625,1339491093,verde,azul,reativa,vermelho,0,11,90,120,0.7500,0.0000,70,3,67,0
626,2136906327,vermelho,verde,reativa,verde,1,9,30,0,30.0000,0.2500,163,1,162,0
626,2136906327,vermelho,vermelho,reativa,verde,0,9,90,120,0.7500,0.0000,96,4,92,0
626,2136906327,vermelho,azul,reativa,verde,0,9,120,120,1.0000,0.0000,105,5,100,0
627,523294266,azul,verde,reativa,azul,0,8,90,120,0.7500,0.0000,100,3,97,0
627,523294266,azul,vermelho,reativa,azul,0,8,120,120,1.0000,0.0000,80,5,75,0
627,523294266,azul,azul,reativa,azul,1,8,30,0,30.0000,0.0000,167,1,166,0
628,1234858072,verde,verde,reativa,vermelho,0,11,150,120,1.2500,0.0000,155,5,150,0
628,1234858072,verde,vermelho,reativa,vermelho,1,11,30,30,1.0000,0.0000,221,1,220,0
628,1234858072,verde,azul,reativa,vermelho,0,11,90,120,0.7500,0.0000,50,3,47,0
629,130403733,vermelho,verde,reativa,verde,1,10,30,30,1.0000,0.2222,191,1,190,0
629,130403733,vermelho,vermelho,reativa,verde,0,10,150,120,1.2500,0.0000,105,5,100,0
629,130403733,vermelho,azul,reativa,verde,0,10,90,120,0.7500,0.0000,72,4,68,0
630,444026286,azul,verde,reativa,azul,0,13,90,120,0.7500,0.0000,53,3,50,0
630,444026286,azul,vermelho,reativa,azul,0,13,120,120,1.0000,0.0000,172,9,163,0
630,444026286,azul,azul,reativa,azul,1,13,30,0,30.0000,0.0000,270,5,265,0
631,1706054446,verde,verde,reativa,verde,1,10,30,30,1.0000,0.2000,205,1,204,0
631,1706054446,verde,vermelho,reativa,verde,0,10,90,120,0.7500,0.0000,103,3,100,0
631,1706054446,verde,azul,reativa,verde,0,10,150,120,1.2500,0.2222,105,5,100,0
632,1251267710,vermelho,verde,reativa,azul,0,8,120,120,1.0000,0.0000,66,5,61,0
632,1251267710,vermelho,vermelho,reativa,azul,0,8,90,120,0.7500,0.0000,98,3,95,0
632,1251267710,vermelho,azul,reativa,azul,1,8,30,0,30.0000,0.0000,176,1,175,0
633,1966057535,azul,verde,reativa,vermelho,0,9,90,120,0.7500,0.0000,54,4,50,0
633,1966057535,azul,vermelho,reativa,vermelho,1,9,60,30,2.0000,0.1250,143,2,141,0
633,1966057535,azul,azul,reativa,vermelho,0,9,120,120,1.0000,0.0000,104,4,100,0
634,1965943761,verde,verde,reativa,vermelho,0,10,90,120,0.7500,0.1667,78,3,75,0
634,1965943761,verde,vermelho,reativa,vermelho,1,10,30,30,1.0000,0.0000,224,1,223,0
634,1965943761,verde,azul,reativa,vermelho,0,10,150,120,1.2500,0.0000,105,5,100,0
635,768926301,vermelho,verde,reativa,verde,1,12,30,0,30.0000,0.0909,242,2,240,0
635,768926301,vermelho,vermelho,reativa,verde,0,12,120,120,1.0000,0.0000,168,6,162,0
635,768926301,vermelho,azul,reativa,verde,0,12,90,120,0.7500,0.0000,69,3,66,0
636,1881604470,azul,verde,reativa,azul,0,9,150,120,1.2500,0.0000,80,5,75,0
636,1881604470,azul,vermelho,reativa,azul,0,9,90,120,0.7500,0.0000,53,3,50,0
636,1881604470,azul,azul,reativa,azul,1,9,30,30,1.0000,0.1111,198,1,197,0
637,1256005152,verde,verde,reativa,verde,1,10,90,30,3.0000,0.2000,175,3,172,0
637,1256005152,verde,vermelho,reativa,verde,0,10,120,120,1.0000,0.1111,123,4,119,0
637,1256005152,verde,azul,reativa,verde,0,10,60,120,0.5000,0.2000,77,3,74,0
638,866370088,vermelho,verde,reativa,verde,1,13,30,30,1.0000,0.0833,248,2,246,0
638,866370088,vermelho,vermelho,reativa,verde,0,13,150,120,1.2500,0.1667,180,5,175,0
638,866370088,vermelho,azul,reativa,verde,0,13,90,120,0.7500,0.0000,53,3,50,0
639,453976170,azul,verde,reativa,azul,0,10,140,120,1.1667,0.2222,94,5,89,0
639,453976170,azul,vermelho,reativa,azul,0,10,90,120,0.7500,0.0000,54,4,50,0
639,453976170,azul,azul,reativa,azul,1,10,30,20,1.5000,0.2000,218,1,217,0
640,960568082,verde,verde,reativa,verde,1,8,90,90,1.0000,0.0000,123,3,120,0
640,960568082,verde,vermelho,reativa,verde,0,8,90,120,0.7500,0.0000,29,4,25,0
640,960568082,verde,azul,reativa,verde,0,8,150,120,1.2500,0.0000,55,5,50,0
641,1262463845,vermelho,verde,reativa,vermelho,0,7,90,120,0.7500,0.0000,28,3,25,0
641,1262463845,vermelho,vermelho,reativa,vermelho,1,7,30,30,1.0000,0.0000,143,1,142,0
641,1262463845,vermelho,azul,reativa,vermelho,0,7,150,120,1.2500,0.0000,30,5,25,0
642,1248811076,azul,verde,reativa,verde,1,10,30,30,1.0000,0.2222,190,1,189,0
642,1248811076,azul,vermelho,reativa,verde,0,10,150,120,1.2500,0.0000,80,5,75,0
642,1248811076,azul,azul,reativa,verde,0,10,90,120,0.7500,0.0000,76,3,73,0
643,1493478306,verde,verde,reativa,azul,0,6,90,120,0.7500,0.0000,52,3,49,0
643,1493478306,verde,vermelho,reativa,azul,0,6,120,120,1.0000,0.0000,54,4,50,0
643,1493478306,verde,azul,reativa,azul,1,6,30,0,30.0000,0.0000,125,1,124,0
644,665279136,vermelho,verde,reativa,verde,1,10,30,30,1.0000,0.0000,200,1,199,0
644,665279136,vermelho,vermelho,reativa,verde,0,10,90,120,0.7500,0.6667,79,4,75,0
644,665279136,vermelho,azul,reativa,verde,0,10,150,120,1.2500,0.0000,105,5,100,0
645,218716618,azul,verde,reativa,empate,0,100,30,120,0.2500,0.1250,177,2,175,0
645,218716618,azul,vermelho,reativa,empate,0,100,60,0,60.0000,0.0000,1953,100,1853,0
645,218716618,azul,azul,reativa,empate,0,100,60,30,2.0000,0.0000,1977,100,1877,0
646,640258826,verde,verde,reativa,vermelho,0,8,90,120,0.7500,0.0000,54,4,50,0
646,640258826,verde,vermelho,reativa,vermelho,1,8,60,0,60.0000,0.0000,151,2,149,0
646,640258826,verde,azul,reativa,vermelho,0,8,90,120,0.7500,0.0000,99,3,96,0
647,1496625869,vermelho,verde,reativa,azul,0,8,90,120,0.7500,0.1667,69,3,66,0
647,1496625869,vermelho,vermelho,reativa,azul,0,8,150,120,1.2500,0.0000,72,5,67,0
647,1496625869,vermelho,azul,reativa,azul,1,8,30,30,1.0000,0.0000,176,1,175,0
648,129953772,azul,verde,reativa,azul,0,8,90,120,0.7500,0.1667,72,4,68,0
648,129953772,azul,vermelho,reativa,azul,0,8,150,120,1.2500,0.0000,55,5,50,0
648,129953772,azul,azul,reativa,azul,1,8,30,30,1.0000,0.1250,150,1,149,0
649,198795325,verde,verde,reativa,azul,0,6,150,120,1.2500,0.0000,30,5,25,0
649,198795325,verde,vermelho,reativa,azul,0,6,90,120,0.7500,0.0000,27,3,24,0
649,198795325,verde,azul,reativa,azul,1,6,30,30,1.0000,0.0000,126,1,125,0
650,1092198279,vermelho,verde,reativa,verde,1,8,60,30,2.0000,0.0000,124,3,121,0
650,1092198279,vermelho,vermelho,reativa,verde,0,8,120,120,1.0000,0.0000,73,6,67,0
650,1092198279,vermelho,azul,reativa,verde,0,8,90,120,0.7500,0.1667,74,6,68,0
651,779591759,azul,verde,reativa,verde,1,12,30,0,30.0000,0.1818,226,1,225,0
651,779591759,azul,vermelho,reativa,verde,0,12,120,120,1.0000,0.2000,154,4,150,0
651,779591759,azul,azul,reativa,verde,0,12,90,120,0.7500,0.0000,61,3,58,0
652,1317852308,verde,verde,reativa,azul,0,9,120,120,1.0000,0.0000,127,4,123,0
652,1317852308,verde,vermelho,reativa,azul,0,9,90,120,0.7500,0.0000,71,3,68,0
652,1317852308,verde,azul,reativa,azul,1,9,30,0,30.0000,0.0000,189,1,188,0
653,1288168034,vermelho,verde,reativa,verde,1,13,90,90,1.0000,0.0000,201,4,197,0
653,1288168034,vermelho,vermelho,reativa,verde,0,13,210,120,1.7500,0.4167,132,7,125,0
653,1288168034,vermelho,azul,reativa,verde,0,13,30,120,0.2500,0.0000,28,3,25,0
654,770170329,azul,verde,reativa,azul,0,15,150,120,1.2500,0.0000,204,9,195,0
654,770170329,azul,vermelho,reativa,azul,0,15,90,120,0.7500,0.0000,28,3,25,0
654,770170329,azul,azul,reativa,azul,1,15,30,30,1.0000,0.0000,288,6,282,0
655,1802537942,verde,verde,reativa,vermelho,0,9,90,120,0.7500,0.1429,100,5,95,0
655,1802537942,verde,vermelho,reativa,vermelho,1,9,30,0,30.0000,0.0000,196,3,193,0
655,1802537942,verde,azul,reativa,vermelho,0,9,120,120,1.0000,0.0000,104,4,100,0
656,714072783,vermelho,verde,reativa,empate,0,100,0,0,0.0000,0.4545,1763,99,1664,0
656,714072783,vermelho,vermelho,reativa,empate,0,100,120,90,1.3333,0.0000,1307,100,1207,0
656,714072783,vermelho,azul,reativa,empate,0,100,90,120,0.7500,0.1250,127,6,121,0
657,1894773843,azul,verde,reativa,vermelho,0,11,150,120,1.2500,0.0000,114,5,109,0
657,1894773843,azul,vermelho,reativa,vermelho,1,11,30,30,1.0000,0.1000,181,1,180,0
657,1894773843,azul,azul,reativa,vermelho,0,11,90,120,0.7500,0.0000,52,3,49,0
658,1299649723,verde,verde,reativa,vermelho,0,8,120,120,1.0000,0.1250,104,4,100,0
658,1299649723,verde,vermelho,reativa,vermelho,1,8,60,30,2.0000,0.0000,134,2,132,0
658,1299649723,verde,azul,reativa,vermelho,0,8,90,120,0.7500,0.0000,55,5,50,0
659,951999122,vermelho,verde,reativa,azul,0,10,90,120,0.7500,0.0000,74,3,71,0
659,951999122,vermelho,vermelho,reativa,azul,0,10,120,120,1.0000,0.1000,126,7,119,0
659,951999122,vermelho,azul,reativa,azul,1,10,30,0,30.0000,0.1000,223,3,220,0
660,2094539556,azul,verde,reativa,vermelho,0,11,90,120,0.7500,0.0000,52,3,49,0
660,2094539556,azul,vermelho,reativa,vermelho,1,11,30,30,1.0000,0.0000,185,3,182,0
660,2094539556,azul,azul,reativa,vermelho,0,11,150,120,1.2500,0.0000,118,6,112,0
661,1988806916,verde,verde,reativa,empate,0,100,0,0,0.0000,0.0000,1228,97,1131,0
661,1988806916,verde,vermelho,reativa,empate,0,100,0,0,0.0000,0.0100,1846,0,1846,0
661,1988806916,verde,azul,reativa,empate,0,100,0,0,0.0000,0.0000,1220,97,1123,0
662,589686748,vermelho,verde,reativa,vermelho,0,7,120,120,1.0000,0.0000,54,4,50,0
662,589686748,vermelho,vermelho,reativa,vermelho,1,7,30,0,30.0000,0.0000,149,1,148,0
662,589686748,vermelho,azul,reativa,vermelho,0,7,90,120,0.7500,0.0000,51,3,48,0
663,2020755370,azul,verde,reativa,vermelho,0,12,150,120,1.2500,0.0000,150,7,143,0
663,2020755370,azul,vermelho,reativa,vermelho,1,12,30,30,1.0000,0.0909,202,3,199,0
663,2020755370,azul,azul,reativa,vermelho,0,12,90,120,0.7500,0.0000,53,3,50,0
664,880251236,verde,verde,reativa,verde,1,13,30,0,30.0000,0.0000,256,6,250,0
664,880251236,verde,vermelho,reativa,verde,0,13,90,120,0.7500,0.0000,47,3,44,0
664,880251236,verde,azul,reativa,verde,0,13,120,120,1.0000,0.0000,175,10,165,0
665,495973414,vermelho,verde,reativa,azul,0,9,90,120,0.7500,0.0000,48,3,45,0
665,495973414,vermelho,vermelho,reativa,azul,0,9,150,120,1.2500,0.0000,98,5,93,0
665,495973414,vermelho,azul,reativa,azul,1,9,30,30,1.0000,0.1111,200,1,199,0
666,984970438,azul,verde,reativa,azul,0,10,120,120,1.0000,0.0000,117,4,113,0
666,984970438,azul,vermelho,reativa,azul,0,10,60,120,0.5000,0.0000,75,3,72,0
666,984970438,azul,azul,reativa,azul,1,10,90,30,3.0000,0.0000,165,3,162,0
667,220068118,verde,verde,reativa,vermelho,0,14,90,120,0.7500,0.0000,78,3,75,0
667,220068118,verde,vermelho,reativa,vermelho,1,14,30,30,1.0000,0.0000,286,6,280,0
667,220068118,verde,azul,reativa,vermelho,0,14,150,120,1.2500,0.0000,183,10,173,0
668,1454005916,vermelho,verde,reativa,verde,1,12,60,60,1.0000,0.2727,222,2,220,0
668,1454005916,vermelho,vermelho,reativa,verde,0,12,180,120,1.5000,0.4545,126,6,120,0
668,1454005916,vermelho,azul,reativa,verde,0,12,60,120,0.5000,0.1667,75,3,72,0
669,111536335,azul,verde,reativa,verde,1,11,150,60,2.5000,0.0000,123,8,115,0
669,111536335,azul,vermelho,reativa,verde,0,11,120,120,1.0000,0.0000,110,8,102,0
669,111536335,azul,azul,reativa,verde,0,11,30,120,0.2500,0.0000,127,2,125,0
670,228923756,verde,verde,reativa,azul,0,8,90,120,0.7500,0.0000,78,3,75,0
670,228923756,verde,vermelho,reativa,azul,0,8,120,120,1.0000,0.0000,104,4,100,0
670,228923756,verde,azul,reativa,azul,1,8,30,0,30.0000,0.0000,176,1,175,0
671,1575262061,vermelho,verde,reativa,azul,0,8,120,120,1.0000,0.0000,79,4,75,0
671,1575262061,vermelho,vermelho,reativa,azul,0,8,90,120,0.7500,0.0000,71,3,68,0
671,1575262061,vermelho,azul,reativa,azul,1,8,30,0,30.0000,0.0000,173,1,172,0
672,1373973555,azul,verde,reativa,empate,0,100,0,0,0.0000,0.0000,1344,90,1254,0
672,1373973555,azul,vermelho,reativa,empate,0,100,90,120,0.7500,0.0000,52,3,49,0
672,1373973555,azul,azul,reativa,empate,0,100,120,90,1.3333,0.0000,1465,94,1371,0
673,192519457,verde,verde,reativa,azul,0,8,150,120,1.2500,0.0000,80,5,75,0
673,192519457,verde,vermelho,reativa,azul,0,8,90,120,0.7500,0.0000,52,3,49,0
673,192519457,verde,azul,reativa,azul,1,8,30,30,1.0000,0.0000,176,1,175,0
674,944968278,vermelho,verde,reativa,verde,1,9,30,0,30.0000,0.0000,173,1,172,0
674,944968278,vermelho,vermelho,reativa,verde,0,9,120,120,1.0000,0.0000,104,4,100,0
674,944968278,vermelho,azul,reativa,verde,0,9,90,120,0.7500,0.0000,28,3,25,0
675,2011085058,azul,verde,reativa,vermelho,0,9,90,120,0.7500,0.0000,53,3,50,0
675,2011085058,azul,vermelho,reativa,vermelho,1,9,30,0,30.0000,0.0000,176,1,175,0
675,2011085058,azul,azul,reativa,vermelho,0,9,120,120,1.0000,0.0000,104,4,100,0
676,88572083,verde,verde,reativa,azul,0,10,150,120,1.2500,0.0000,130,5,125,0
676,88572083,verde,vermelho,reativa,azul,0,10,90,120,0.7500,0.0000,53,3,50,0
676,88572083,verde,azul,reativa,azul,1,10,30,30,1.0000,0.2000,188,1,187,0
677,1970560963,vermelho,verde,reativa,vermelho,0,9,120,120,1.0000,0.0000,104,4,100,0
677,1970560963,vermelho,vermelho,reativa,vermelho,1,9,30,0,30.0000,0.2222,200,1,199,0
677,1970560963,vermelho,azul,reativa,vermelho,0,9,90,120,0.7500,0.8333,64,3,61,0
678,307584755,azul,verde,reativa,verde,1,10,30,30,1.0000,0.1111,197,1,196,0
678,307584755,azul,vermelho,reativa,verde,0,10,90,120,0.7500,0.0000,53,4,49,0
678,307584755,azul,azul,reativa,verde,0,10,150,120,1.2500,0.0000,104,5,99,0
679,1869256894,verde,verde,reativa,empate,0,100,120,90,1.3333,0.0000,1952,96,1856,0
679,1869256894,verde,vermelho,reativa,empate,0,100,90,120,0.7500,0.0000,52,3,49,0
679,1869256894,verde,azul,reativa,empate,0,100,0,0,0.0000,0.0000,2011,93,1918,0
680,79134275,vermelho,verde,reativa,azul,0,8,90,120,0.7500,0.0000,52,3,49,0
680,79134275,vermelho,vermelho,reativa,azul,0,8,120,120,1.0000,0.1250,102,4,98,0
680,79134275,vermelho,azul,reativa,azul,1,8,30,0,30.0000,0.0000,176,1,175,0
681,1664664159,azul,verde,reativa,vermelho,0,9,90,120,0.7500,0.0000,53,3,50,0
681,1664664159,azul,vermelho,reativa,vermelho,1,9,30,0,30.0000,0.0000,173,1,172,0
681,1664664159,azul,azul,reativa,vermelho,0,9,120,120,1.0000,0.1250,96,4,92,0
682,460515643,verde,verde,reativa,vermelho,0,15,150,120,1.2500,0.0000,210,15,195,0
682,460515643,verde,vermelho,reativa,vermelho,1,15,30,30,1.0000,0.0667,285,12,273,0
682,460515643,verde,azul,reativa,vermelho,0,15,90,120,0.7500,0.0000,212,3,209,0
683,947373156,vermelho,verde,reativa,azul,0,8,90,120,0.7500,0.0000,53,3,50,0
683,947373156,vermelho,vermelho,reativa,azul,0,8,120,120,1.0000,0.2500,103,4,99,0
683,947373156,vermelho,azul,reativa,azul,1,8,30,0,30.0000,0.0000,175,1,174,0
684,2132834058,azul,verde,reativa,verde,1,10,30,30,1.0000,0.0000,200,1,199,0
684,2132834058,azul,vermelho,reativa,verde,0,10,90,120,0.7500,0.0000,27,3,24,0
684,2132834058,azul,azul,reativa,verde,0,10,150,120,1.2500,0.2222,94,5,89,0
685,1519292891,verde,verde,reativa,azul,0,13,120,120,1.0000,0.0000,201,9,192,0
685,1519292891,verde,vermelho,reativa,azul,0,13,120,120,1.0000,0.0000,30,5,25,0
685,1519292891,verde,azul,reativa,azul,1,13,60,60,1.0000,0.0000,246,7,239,0
686,1220596411,vermelho,verde,reativa,verde,1,11,30,30,1.0000,0.1000,201,4,197,0
686,1220596411,vermelho,vermelho,reativa,verde,0,11,150,120,1.2500,0.2000,131,7,124,0
686,1220596411,vermelho,azul,reativa,verde,0,11,90,120,0.7500,0.0000,53,3,50,0
687,1048016289,azul,verde,reativa,verde,1,10,30,30,1.0000,0.0000,201,1,200,0
687,1048016289,azul,vermelho,reativa,verde,0,10,150,120,1.2500,0.0000,80,5,75,0
687,1048016289,azul,azul,reativa,verde,0,10,90,120,0.7500,0.0000,53,3,50,0
688,522013940,verde,verde,reativa,azul,0,7,90,120,0.7500,0.0000,78,3,75,0
688,522013940,verde,vermelho,reativa,azul,0,7,150,120,1.2500,0.0000,55,5,50,0
688,522013940,verde,azul,reativa,azul,1,7,30,30,1.0000,0.0000,151,1,150,0
689,1709267489,vermelho,verde,reativa,verde,1,10,30,0,30.0000,0.0000,193,1,192,0
689,1709267489,vermelho,vermelho,reativa,verde,0,10,120,120,1.0000,0.0000,127,4,123,0
689,1709267489,vermelho,azul,reativa,verde,0,10,90,120,0.7500,0.0000,76,3,73,0
690,1729243779,azul,verde,reativa,verde,1,9,90,60,1.5000,0.1250,115,4,111,0
690,1729243779,azul,vermelho,reativa,verde,0,9,120,120,1.0000,0.0000,81,6,75,0
690,1729243779,azul,azul,reativa,verde,0,9,90,120,0.7500,0.0000,77,4,73,0
691,1784580866,verde,verde,reativa,azul,0,10,120,120,1.0000,0.0000,135,4,131,0
691,1784580866,verde,vermelho,reativa,azul,0,10,90,120,0.7500,0.0000,53,3,50,0
691,1784580866,verde,azul,reativa,azul,1,10,30,0,30.0000,0.0000,174,1,173,0
692,1491450575,vermelho,verde,reativa,empate,0,100,90,40,2.2500,0.0404,1435,96,1339,0
692,1491450575,vermelho,vermelho,reativa,empate,0,100,30,0,30.0000,0.0000,1500,95,1405,0
692,1491450575,vermelho,azul,reativa,empate,0,100,40,120,0.3333,0.0000,54,4,50,0
693,1568923797,azul,verde,reativa,azul,0,9,90,120,0.7500,0.0000,63,3,60,0
693,1568923797,azul,vermelho,reativa,azul,0,9,150,120,1.2500,0.0000,78,5,73,0
693,1568923797,azul,azul,reativa,azul,1,9,30,30,1.0000,0.1111,196,1,195,0
694,362309885,verde,verde,reativa,vermelho,0,7,90,120,0.7500,0.0000,100,3,97,0
694,362309885,verde,vermelho,reativa,vermelho,1,7,60,0,60.0000,0.0000,124,2,122,0
694,362309885,verde,azul,reativa,vermelho,0,7,90,120,0.7500,0.0000,29,4,25,0
695,2101121314,vermelho,verde,reativa,verde,1,10,30,30,1.0000,0.1111,199,1,198,0
695,2101121314,vermelho,vermelho,reativa,verde,0,10,90,120,0.7500,0.0000,78,3,75,0
695,2101121314,vermelho,azul,reativa,verde,0,10,150,120,1.2500,0.0000,105,5,100,0
696,1869267578,azul,verde,reativa,azul,0,10,120,120,1.0000,0.0000,126,10,116,0
696,1869267578,azul,vermelho,reativa,azul,0,10,90,120,0.7500,0.1667,72,6,66,0
696,1869267578,azul,azul,reativa,azul,1,10,30,0,30.0000,0.2000,212,7,205,0
697,594861639,verde,verde,reativa,empate,0,100,120,90,1.3333,0.0000,1955,95,1860,0
697,594861639,verde,vermelho,reativa,empate,0,100,0,0,0.0000,0.0000,2010,92,1918,0
697,594861639,verde,azul,reativa,empate,0,100,90,120,0.7500,0.1667,78,3,75,0
698,562332132,vermelho,verde,reativa,vermelho,0,11,90,120,0.7500,0.0000,28,3,25,0
698,562332132,vermelho,vermelho,reativa,vermelho,1,11,30,0,30.0000,0.0909,218,5,213,0
698,562332132,vermelho,azul,reativa,vermelho,0,11,120,120,1.0000,0.0000,125,9,116,0
699,141045692,azul,verde,reativa,azul,0,9,90,120,0.7500,0.0000,47,3,44,0
699,141045692,azul,vermelho,reativa,azul,0,9,120,120,1.0000,0.0000,100,6,94,0
699,141045692,azul,azul,reativa,azul,1,9,30,0,30.0000,0.1111,186,2,184,0
700,893437542,verde,verde,reativa,vermelho,0,6,120,120,1.0000,0.0000,54,5,49,0
700,893437542,verde,vermelho,reativa,vermelho,1,6,30,0,30.0000,0.0000,110,1,109,0
700,893437542,verde,azul,reativa,vermelho,0,6,90,120,0.7500,0.0000,54,4,50,0
701,1356990828,vermelho,verde,reativa,vermelho,0,8,150,100,1.5000,0.2857,54,5,49,0
701,1356990828,vermelho,vermelho,reativa,vermelho,1,8,10,30,0.3333,0.0000,176,1,175,0
701,1356990828,vermelho,azul,reativa,vermelho,0,8,90,120,0.7500,0.0000,51,3,48,0
702,758057594,azul,verde,reativa,verde,1,10,90,60,1.5000,0.1111,153,3,150,0
702,758057594,azul,vermelho,reativa,verde,0,10,60,120,0.5000,0.0000,53,3,50,0
702,758057594,azul,azul,reativa,verde,0,10,150,120,1.2500,0.0000,105,5,100,0
703,1224258741,verde,verde,reativa,azul,0,13,210,120,1.7500,0.4615,136,9,127,0
703,1224258741,verde,vermelho,reativa,azul,0,13,30,120,0.2500,0.0000,53,3,50,0
703,1224258741,verde,azul,reativa,azul,1,13,90,90,1.0000,0.0000,245,5,240,0
704,1738688665,vermelho,verde,reativa,verde,1,10,30,0,30.0000,0.0000,172,1,171,0
704,1738688665,vermelho,vermelho,reativa,verde,0,10,120,120,1.0000,0.0000,129,4,125,0
704,1738688665,vermelho,azul,reativa,verde,0,10,90,120,0.7500,0.0000,53,3,50,0
705,284656161,azul,verde,reativa,vermelho,0,8,60,120,0.5000,0.0000,53,3,50,0
705,284656161,azul,vermelho,reativa,vermelho,1,8,60,30,2.0000,0.0000,121,2,119,0
705,284656161,azul,azul,reativa,vermelho,0,8,150,120,1.2500,0.8571,56,6,50,0
706,1037174125,verde,verde,reativa,azul,0,8,90,120,0.7500,0.0000,50,3,47,0
706,1037174125,verde,vermelho,reativa,azul,0,8,120,120,1.0000,0.0000,103,4,99,0
706,1037174125,verde,azul,reativa,azul,1,8,30,0,30.0000,0.2500,169,1,168,0
707,1145925364,vermelho,verde,reativa,azul,0,9,90,120,0.7500,0.0000,88,7,81,0
707,1145925364,vermelho,vermelho,reativa,azul,0,9,150,120,1.2500,0.0000,101,7,94,0
707,1145925364,vermelho,azul,reativa,azul,1,9,30,30,1.0000,0.1111,180,1,179,0
708,79466218,azul,verde,reativa,vermelho,0,10,90,120,0.7500,0.1429,101,4,97,0
708,79466218,azul,vermelho,reativa,vermelho,1,10,30,0,30.0000,0.3333,170,1,169,0
708,79466218,azul,azul,reativa,vermelho,0,10,120,120,1.0000,0.5556,124,5,119,0
709,508015536,verde,verde,reativa,azul,0,12,120,120,1.0000,0.0000,174,10,164,0
709,508015536,verde,vermelho,reativa,azul,0,12,90,120,0.7500,0.0000,150,8,142,0
709,508015536,verde,azul,reativa,azul,1,12,30,0,30.0000,0.0000,239,1,238,0
710,302173163,vermelho,verde,reativa,azul,0,8,90,120,0.7500,0.0000,78,3,75,0
710,302173163,vermelho,vermelho,reativa,azul,0,8,120,120,1.0000,0.1250,88,4,84,0
710,302173163,vermelho,azul,reativa,azul,1,8,30,0,30.0000,0.2500,163,1,162,0
711,491820749,azul,verde,reativa,azul,0,11,60,120,0.5000,0.0000,154,4,150,0
711,491820749,azul,vermelho,reativa,azul,0,11,60,120,0.5000,0.0000,53,3,50,0
711,491820749,azul,azul,reativa,azul,1,11,210,90,2.3333,0.4545,105,7,98,0
712,247657394,verde,verde,reativa,vermelho,0,8,120,120,1.0000,0.1250,104,4,100,0
712,247657394,verde,vermelho,reativa,vermelho,1,8,30,0,30.0000,0.0000,157,1,156,0
712,247657394,verde,azul,reativa,vermelho,0,8,90,120,0.7500,0.0000,47,3,44,0
713,1776086572,vermelho,verde,reativa,vermelho,0,9,150,120,1.2500,0.0000,80,5,75,0
713,1776086572,vermelho,vermelho,reativa,vermelho,1,9,30,30,1.0000,0.2222,193,1,192,0
713,1776086572,vermelho,azul,reativa,vermelho,0,9,90,120,0.7500,0.0000,74,4,70,0
714,1632761478,azul,verde,reativa,verde,1,13,30,30,1.0000,0.0833,240,1,239,0
714,1632761478,azul,vermelho,reativa,verde,0,13,150,120,1.2500,0.0000,145,8,137,0
714,1632761478,azul,azul,reativa,verde,0,13,90,120,0.7500,0.1111,143,6,137,0
715,231975991,verde,verde,reativa,azul,0,8,90,120,0.7500,0.0000,53,3,50,0
715,231975991,verde,vermelho,reativa,azul,0,8,150,120,1.2500,0.0000,81,6,75,0
715,231975991,verde,azul,reativa,azul,1,8,30,30,1.0000,0.1250,133,3,130,0
716,733326103,vermelho,verde,reativa,azul,0,9,90,120,0.7500,0.0000,53,3,50,0
716,733326103,vermelho,vermelho,reativa,azul,0,9,150,120,1.2500,0.0000,105,5,100,0
716,733326103,vermelho,azul,reativa,azul,1,9,30,30,1.0000,0.1111,187,1,186,0
717,1411364412,azul,verde,reativa,vermelho,0,9,120,120,1.0000,0.0000,102,4,98,0
717,1411364412,azul,vermelho,reativa,vermelho,1,9,30,0,30.0000,0.2500,175,1,174,0
717,1411364412,azul,azul,reativa,vermelho,0,9,90,120,0.7500,0.0000,54,4,50,0
718,1200314224,verde,verde,reativa,vermelho,0,12,60,120,0.5000,0.0000,181,9,172,0
718,1200314224,verde,vermelho,reativa,vermelho,1,12,120,30,4.0000,0.0833,206,6,200,0
718,1200314224,verde,azul,reativa,vermelho,0,12,90,120,0.7500,0.0000,167,11,156,0
719,1259110644,vermelho,verde,reativa,verde,1,11,30,30,1.0000,0.0000,194,1,193,0
719,1259110644,vermelho,vermelho,reativa,verde,0,11,150,120,1.2500,0.0000,127,5,122,0
719,1259110644,vermelho,azul,reativa,verde,0,11,90,120,0.7500,0.8000,50,3,47,0
720,447719130,azul,verde,reativa,verde,1,7,30,0,30.0000,0.0000,125,1,124,0
720,447719130,azul,vermelho,reativa,verde,0,7,90,120,0.7500,0.0000,53,3,50,0
720,447719130,azul,azul,reativa,verde,0,7,120,120,1.0000,0.0000,55,5,50,0
721,1722184469,verde,verde,reativa,verde,1,11,30,0,30.0000,0.2727,237,1,236,0
721,1722184469,verde,vermelho,reativa,verde,0,11,90,120,0.7500,0.0000,147,8,139,0
721,1722184469,verde,azul,reativa,verde,0,11,120,120,1.0000,0.0000,136,8,128,0
722,327044082,vermelho,verde,reativa,verde,1,8,30,0,30.0000,0.2857,145,1,144,0
722,327044082,vermelho,vermelho,reativa,verde,0,8,120,120,1.0000,0.0000,79,4,75,0
722,327044082,vermelho,azul,reativa,verde,0,8,90,120,0.7500,0.0000,28,3,25,0
723,592593125,azul,verde,reativa,vermelho,0,10,150,120,1.2500,0.0000,105,5,100,0
723,592593125,azul,vermelho,reativa,vermelho,1,10,30,30,1.0000,0.2222,195,1,194,0
723,592593125,azul,azul,reativa,vermelho,0,10,90,120,0.7500,0.0000,77,3,74,0
724,580558835,verde,verde,reativa,azul,0,7,120,120,1.0000,0.0000,75,5,70,0
724,580558835,verde,vermelho,reativa,azul,0,7,90,120,0.7500,0.0000,67,3,64,0
724,580558835,verde,azul,reativa,azul,1,7,30,0,30.0000,0.1429,151,1,150,0
725,1641414582,vermelho,verde,reativa,azul,0,10,120,120,1.0000,0.0000,129,4,125,0
725,1641414582,vermelho,vermelho,reativa,azul,0,10,90,120,0.7500,0.0000,60,3,57,0
725,1641414582,vermelho,azul,reativa,azul,1,10,30,0,30.0000,0.0000,210,1,209,0
726,1314131657,azul,verde,reativa,empate,0,100,60,60,1.0000,0.0000,1820,98,1722,0
726,1314131657,azul,vermelho,reativa,empate,0,100,60,120,0.5000,0.0000,229,4,225,0
726,1314131657,azul,azul,reativa,empate,0,100,60,0,60.0000,0.0000,1276,100,1176,0
727,2077249961,verde,verde,reativa,azul,0,6,90,120,0.7500,0.0000,53,3,50,0
727,2077249961,verde,vermelho,reativa,azul,0,6,120,120,1.0000,0.0000,53,4,49,0
727,2077249961,verde,azul,reativa,azul,1,6,30,0,30.0000,0.0000,126,1,125,0
728,626421707,vermelho,verde,reativa,azul,0,7,120,120,1.0000,0.0000,53,5,48,0
728,626421707,vermelho,vermelho,reativa,azul,0,7,90,120,0.7500,0.0000,70,4,66,0
728,626421707,vermelho,azul,reativa,azul,1,7,30,0,30.0000,0.0000,147,1,146,0
729,1432468837,azul,verde,reativa,empate,0,100,120,90,1.3333,0.0000,1664,94,1570,0
729,1432468837,azul,vermelho,reativa,empate,0,100,0,0,0.0000,0.0101,1399,91,1308,0
729,1432468837,azul,azul,reativa,empate,0,100,90,120,0.7500,0.0000,53,3,50,0
730,2024764721,verde,verde,reativa,verde,1,12,30,30,1.0000,0.0833,258,4,254,0
730,2024764721,verde,vermelho,reativa,verde,0,12,150,120,1.2500,0.0000,154,7,147,0
730,2024764721,verde,azul,reativa,verde,0,12,90,120,0.7500,0.0000,72,4,68,0
731,1142105127,vermelho,verde,reativa,azul,0,6,120,120,1.0000,0.0000,30,5,25,0
731,1142105127,vermelho,vermelho,reativa,azul,0,6,90,120,0.7500,0.0000,51,3,48,0
731,1142105127,vermelho,azul,reativa,azul,1,6,30,0,30.0000,0.1667,109,1,108,0
732,356399633,azul,verde,reativa,empate,0,100,90,120,0.7500,0.0000,28,3,25,0
732,356399633,azul,vermelho,reativa,empate,0,100,0,0,0.0000,0.0000,1830,93,1737,0
732,356399633,azul,azul,reativa,empate,0,100,120,90,1.3333,0.0000,1902,96,1806,0
733,275188426,verde,verde,reativa,azul,0,9,150,120,1.2500,0.0000,106,6,100,0
733,275188426,verde,vermelho,reativa,azul,0,9,90,120,0.7500,0.0000,28,3,25,0
733,275188426,verde,azul,reativa,azul,1,9,30,30,1.0000,0.0000,193,2,191,0
734,1434154751,vermelho,verde,reativa,azul,0,8,150,120,1.2500,0.0000,55,5,50,0
734,1434154751,vermelho,vermelho,reativa,azul,0,8,90,120,0.7500,0.0000,48,3,45,0
734,1434154751,vermelho,azul,reativa,azul,1,8,30,30,1.0000,0.1250,170,1,169,0
735,1801140829,azul,verde,reativa,empate,0,100,0,0,0.0000,0.0000,2000,101,1899,0
735,1801140829,azul,vermelho,reativa,empate,0,100,120,90,1.3333,0.0000,1916,101,1815,0
735,1801140829,azul,azul,reativa,empate,0,100,90,120,0.7500,0.0000,305,6,299,0
736,1993507864,verde,verde,reativa,vermelho,0,8,90,120,0.7500,0.0000,67,3,64,0
736,1993507864,verde,vermelho,reativa,vermelho,1,8,30,30,1.0000,0.0000,157,2,155,0
736,1993507864,verde,azul,reativa,vermelho,0,8,150,120,1.2500,0.0000,56,6,50,0
737,2023364721,vermelho,verde,reativa,azul,0,7,150,120,1.2500,0.0000,30,5,25,0
737,2023364721,vermelho,vermelho,reativa,azul,0,7,60,120,0.5000,0.0000,53,3,50,0
737,2023364721,vermelho,azul,reativa,azul,1,7,90,60,1.5000,0.2857,103,3,100,0
738,134698184,azul,verde,reativa,azul,0,8,90,120,0.7500,0.0000,54,4,50,0
738,134698184,azul,vermelho,reativa,azul,0,8,120,120,1.0000,0.0000,79,4,75,0
738,134698184,azul,azul,reativa,azul,1,8,60,30,2.0000,0.0000,148,2,146,0
739,1583040395,verde,verde,reativa,empate,0,100,0,0,0.0000,0.0000,1738,97,1641,0
739,1583040395,verde,vermelho,reativa,empate,0,100,90,120,0.7500,0.1538,247,3,244,0
739,1583040395,verde,azul,reativa,empate,0,100,120,90,1.3333,0.0000,1441,101,1340,0
740,1032295844,vermelho,verde,reativa,vermelho,0,9,120,120,1.0000,0.0000,101,10,91,0
740,1032295844,vermelho,vermelho,reativa,vermelho,1,9,30,0,30.0000,0.1111,194,6,188,0
740,1032295844,vermelho,azul,reativa,vermelho,0,9,90,120,0.7500,0.0000,101,8,93,0
741,1889624383,azul,verde,reativa,verde,1,11,30,20,1.5000,0.2000,215,1,214,0
741,1889624383,azul,vermelho,reativa,verde,0,11,140,120,1.1667,0.1111,99,5,94,0
741,1889624383,azul,azul,reativa,verde,0,11,90,120,0.7500,0.6667,78,3,75,0
742,1838169115,verde,verde,reativa,azul,0,8,150,120,1.2500,0.0000,80,5,75,0
742,1838169115,verde,vermelho,reativa,azul,0,8,90,120,0.7500,0.0000,53,3,50,0
742,1838169115,verde,azul,reativa,azul,1,8,30,30,1.0000,0.0000,141,1,140,0
743,532023419,vermelho,verde,reativa,verde,1,12,30,30,1.0000,0.0000,205,4,201,0
743,532023419,vermelho,vermelho,reativa,verde,0,12,90,120,0.7500,0.0000,79,4,75,0
743,532023419,vermelho,azul,reativa,verde,0,12,150,120,1.2500,0.0000,145,7,138,0
744,1693007723,azul,verde,reativa,empate,0,100,0,0,0.0000,0.0000,1370,92,1278,0
744,1693007723,azul,vermelho,reativa,empate,0,100,90,120,0.7500,0.0000,53,3,50,0
744,1693007723,azul,azul,reativa,empate,0,100,120,90,1.3333,0.0000,1505,96,1409,0
745,685610348,verde,verde,reativa,vermelho,0,13,150,120,1.2500,0.0769,176,5,171,0
745,685610348,verde,vermelho,reativa,vermelho,1,13,30,30,1.0000,0.0000,298,1,297,0
745,685610348,verde,azul,reativa,vermelho,0,13,90,120,0.7500,0.0000,102,4,98,0
746,226624391,vermelho,verde,reativa,azul,0,8,90,120,0.7500,0.0000,77,3,74,0
746,226624391,vermelho,vermelho,reativa,azul,0,8,120,120,1.0000,0.0000,103,4,99,0
746,226624391,vermelho,azul,reativa,azul,1,8,30,0,30.0000,0.0000,175,1,174,0
747,104280143,azul,verde,reativa,verde,1,12,30,30,1.0000,0.0909,240,1,239,0
747,104280143,azul,vermelho,reativa,verde,0,12,150,120,1.2500,0.0000,128,5,123,0
747,104280143,azul,azul,reativa,verde,0,12,90,120,0.7500,0.0000,78,3,75,0
748,5114185,verde,verde,reativa,empate,0,100,0,0,0.0000,0.0000,1337,0,1337,0
748,5114185,verde,vermelho,reativa,empate,0,100,0,0,0.0000,0.0000,2015,99,1916,0
748,5114185,verde,azul,reativa,empate,0,100,0,0,0.0000,0.0000,2005,99,1906,0
749,2053688377,vermelho,verde,reativa,verde,1,10,30,30,1.0000,0.1111,201,1,200,0
749,2053688377,vermelho,vermelho,reativa,verde,0,10,150,120,1.2500,0.0000,104,5,99,0
749,2053688377,vermelho,azul,reativa,verde,0,10,90,120,0.7500,0.0000,53,3,50,0
750,1451533353,azul,verde,reativa,azul,0,9,150,120,1.2500,0.0000,80,5,75,0
750,1451533353,azul,vermelho,reativa,azul,0,9,90,120,0.7500,0.0000,53,3,50,0
750,1451533353,azul,azul,reativa,azul,1,9,30,30,1.0000,0.0000,183,1,182,0
751,1017531994,verde,verde,reativa,verde,1,6,30,0,30.0000,0.5000,117,1,116,0
751,1017531994,verde,vermelho,reativa,verde,0,6,90,120,0.7500,0.0000,51,5,46,0
751,1017531994,verde,azul,reativa,verde,0,6,120,120,1.0000,0.0000,29,5,24,0
752,40908190,vermelho,verde,reativa,vermelho,0,7,120,120,1.0000,0.0000,53,4,49,0
752,40908190,vermelho,vermelho,reativa,vermelho,1,7,30,0,30.0000,0.0000,149,1,148,0
752,40908190,vermelho,azul,reativa,vermelho,0,7,90,120,0.7500,0.0000,53,3,50,0
753,1141767897,azul,verde,reativa,verde,1,9,30,30,1.0000,0.0000,167,1,166,0
753,1141767897,azul,vermelho,reativa,verde,0,9,150,120,1.2500,0.0000,51,5,46,0
753,1141767897,azul,azul,reativa,verde,0,9,90,120,0.7500,0.0000,78,3,75,0
754,1257839479,verde,verde,reativa,azul,0,8,90,120,0.7500,0.0000,54,4,50,0
754,1257839479,verde,vermelho,reativa,azul,0,8,150,120,1.2500,0.1250,78,5,73,0
754,1257839479,verde,azul,reativa,azul,1,8,30,30,1.0000,0.0000,176,1,175,0
755,1364339178,vermelho,verde,reativa,azul,0,8,90,120,0.7500,0.0000,29,4,25,0
755,1364339178,vermelho,vermelho,reativa,azul,0,8,90,120,0.7500,0.0000,128,3,125,0
755,1364339178,vermelho,azul,reativa,azul,1,8,60,0,60.0000,0.0000,123,2,121,0
756,1135458689,azul,verde,reativa,vermelho,0,8,120,120,1.0000,0.0000,71,4,67,0
756,1135458689,azul,vermelho,reativa,vermelho,1,8,30,0,30.0000,0.0000,141,1,140,0
756,1135458689,azul,azul,reativa,vermelho,0,8,90,120,0.7500,0.0000,78,3,75,0
757,1648737985,verde,verde,reativa,verde,1,11,30,30,1.0000,0.0000,248,1,247,0
757,1648737985,verde,vermelho,reativa,verde,0,11,90,120,0.7500,0.0000,77,3,74,0
757,1648737985,verde,azul,reativa,verde,0,11,150,120,1.2500,0.1000,126,5,121,0
758,487316115,vermelho,verde,reativa,vermelho,0,10,150,120,1.2500,0.0000,86,5,81,0
758,487316115,vermelho,vermelho,reativa,vermelho,1,10,90,60,1.5000,0.0000,172,3,169,0
758,487316115,vermelho,azul,reativa,vermelho,0,10,60,120,0.5000,0.0000,79,4,75,0
759,1847801574,azul,verde,reativa,vermelho,0,7,120,120,1.0000,0.0000,55,5,50,0
759,1847801574,azul,vermelho,reativa,vermelho,1,7,30,0,30.0000,0.1667,123,1,122,0
759,1847801574,azul,azul,reativa,vermelho,0,7,90,120,0.7500,0.0000,76,4,72,0
760,1643984056,verde,verde,reativa,empate,0,100,60,0,60.0000,0.0100,1983,100,1883,0
760,1643984056,verde,vermelho,reativa,empate,0,100,30,120,0.2500,0.5556,197,2,195,0
760,1643984056,verde,azul,reativa,empate,0,100,60,30,2.0000,0.0000,1972,100,1872,0
761,791159585,vermelho,verde,reativa,verde,1,16,30,30,1.0000,0.0667,281,4,277,0
761,791159585,vermelho,vermelho,reativa,verde,0,16,90,120,0.7500,0.0000,143,9,134,0
761,791159585,vermelho,azul,reativa,verde,0,16,150,120,1.2500,0.0000,215,12,203,0
762,1362632934,azul,verde,reativa,empate,0,100,60,30,2.0000,0.0000,1967,97,1870,0
762,1362632934,azul,vermelho,reativa,empate,0,100,30,120,0.2500,0.0769,299,2,297,0
762,1362632934,azul,azul,reativa,empate,0,100,60,0,60.0000,0.0000,1823,99,1724,0
763,377733151,verde,verde,reativa,azul,0,8,120,120,1.0000,0.1250,102,8,94,0
763,377733151,verde,vermelho,reativa,azul,0,8,60,120,0.5000,0.0000,96,5,91,0
763,377733151,verde,azul,reativa,azul,1,8,90,30,3.0000,0.0000,117,4,113,0
764,1420768891,vermelho,verde,reativa,verde,1,7,30,0,30.0000,0.0000,121,2,119,0
764,1420768891,vermelho,vermelho,reativa,verde,0,7,120,120,1.0000,0.0000,56,6,50,0
764,1420768891,vermelho,azul,reativa,verde,0,7,90,120,0.7500,0.0000,53,3,50,0
765,2044870516,azul,verde,reativa,azul,0,8,150,120,1.2500,0.0000,55,5,50,0
765,2044870516,azul,vermelho,reativa,azul,0,8,90,120,0.7500,0.0000,51,3,48,0
765,2044870516,azul,azul,reativa,azul,1,8,30,30,1.0000,0.0000,158,1,157,0
766,1006327128,verde,verde,reativa,azul,0,7,90,120,0.7500,0.0000,53,3,50,0
766,1006327128,verde,vermelho,reativa,azul,0,7,150,120,1.2500,0.0000,55,5,50,0
766,1006327128,verde,azul,reativa,azul,1,7,30,30,1.0000,0.0000,139,1,138,0
767,336700548,vermelho,verde,reativa,verde,1,12,30,30,1.0000,0.0000,202,1,201,0
767,336700548,vermelho,vermelho,reativa,verde,0,12,90,120,0.7500,0.5000,106,4,102,0
767,336700548,vermelho,azul,reativa,verde,0,12,150,120,1.2500,0.0000,155,5,150,0
768,715912012,azul,verde,reativa,azul,0,8,120,120,1.0000,0.1429,78,4,74,0
768,715912012,azul,vermelho,reativa,azul,0,8,90,120,0.7500,0.0000,28,3,25,0
768,715912012,azul,azul,reativa,azul,1,8,30,0,30.0000,0.1250,176,1,175,0
769,481883728,verde,verde,reativa,azul,0,11,120,120,1.0000,0.0000,153,5,148,0
769,481883728,verde,vermelho,reativa,azul,0,11,90,120,0.7500,0.0000,126,5,121,0
769,481883728,verde,azul,reativa,azul,1,11,30,0,30.0000,0.0000,251,1,250,0
770,1614053631,vermelho,verde,reativa,azul,0,11,60,120,0.5000,0.0000,53,3,50,0
770,1614053631,vermelho,vermelho,reativa,azul,0,11,120,120,1.0000,0.0000,168,6,162,0
770,1614053631,vermelho,azul,reativa,azul,1,11,90,30,3.0000,0.0909,190,5,185,0
771,1276108841,azul,verde,reativa,vermelho,0,8,90,120,0.7500,0.0000,28,3,25,0
771,1276108841,azul,vermelho,reativa,vermelho,1,8,30,0,30.0000,0.1429,144,1,143,0
771,1276108841,azul,azul,reativa,vermelho,0,8,120,120,1.0000,0.0000,68,4,64,0
772,628933363,verde,verde,reativa,vermelho,0,12,120,120,1.0000,0.0000,181,9,172,0
772,628933363,verde,vermelho,reativa,vermelho,1,12,90,30,3.0000,0.0000,205,3,202,0
772,628933363,verde,azul,reativa,vermelho,0,12,60,120,0.5000,0.0000,123,8,115,0
773,266047734,vermelho,verde,reativa,azul,0,6,90,120,0.7500,0.0000,53,4,49,0
773,266047734,vermelho,vermelho,reativa,azul,0,6,120,120,1.0000,0.8333,55,5,50,0
773,266047734,vermelho,azul,reativa,azul,1,6,30,0,30.0000,0.1667,112,1,111,0
774,437958854,azul,verde,reativa,vermelho,0,8,90,120,0.7500,0.0000,28,3,25,0
774,437958854,azul,vermelho,reativa,vermelho,1,8,30,0,30.0000,0.0000,135,1,134,0
774,437958854,azul,azul,reativa,vermelho,0,8,120,120,1.0000,0.0000,79,4,75,0
775,882820366,verde,verde,reativa,azul,0,7,150,120,1.2500,0.0000,55,5,50,0
775,882820366,verde,vermelho,reativa,azul,0,7,90,120,0.7500,0.0000,28,3,25,0
775,882820366,verde,azul,reativa,azul,1,7,30,30,1.0000,0.0000,127,1,126,0
776,2103879765,vermelho,verde,reativa,azul,0,11,90,120,0.7500,0.0000,75,3,72,0
776,2103879765,vermelho,vermelho,reativa,azul,0,11,150,120,1.2500,0.0000,155,5,150,0
776,2103879765,vermelho,azul,reativa,azul,1,11,30,30,1.0000,0.0909,250,1,249,0
777,1878469685,azul,verde,reativa,verde,1,8,50,60,0.8333,0.0000,128,3,125,0
777,1878469685,azul,vermelho,reativa,verde,0,8,120,120,1.0000,0.0000,55,5,50,0
777,1878469685,azul,azul,reativa,verde,0,8,120,110,1.0909,0.8333,55,5,50,0
778,260653707,verde,verde,reativa,verde,1,10,30,30,1.0000,0.0000,225,1,224,0
778,260653707,verde,vermelho,reativa,verde,0,10,150,120,1.2500,0.0000,98,5,93,0
778,260653707,verde,azul,reativa,verde,0,10,90,120,0.7500,0.0000,53,3,50,0
779,2055886471,vermelho,verde,reativa,verde,1,10,90,30,3.0000,0.0000,155,5,150,0
779,2055886471,vermelho,vermelho,reativa,verde,0,10,60,120,0.5000,0.3333,86,3,83,0
779,2055886471,vermelho,azul,reativa,verde,0,10,120,120,1.0000,0.0000,119,7,112,0
780,181546477,azul,verde,reativa,azul,0,10,90,120,0.7500,0.0000,78,3,75,0
780,181546477,azul,vermelho,reativa,azul,0,10,150,120,1.2500,0.0000,104,5,99,0
780,181546477,azul,azul,reativa,azul,1,10,30,30,1.0000,0.0000,225,1,224,0
781,1696711507,verde,verde,reativa,azul,0,9,150,120,1.2500,0.0000,105,5,100,0
781,1696711507,verde,vermelho,reativa,azul,0,9,90,120,0.7500,0.0000,78,3,75,0
781,1696711507,verde,azul,reativa,azul,1,9,30,30,1.0000,0.0000,199,1,198,0
782,1229825111,vermelho,verde,reativa,azul,0,10,150,120,1.2500,0.0000,104,5,99,0
782,1229825111,vermelho,vermelho,reativa,azul,0,10,90,120,0.7500,0.0000,69,3,66,0
782,1229825111,vermelho,azul,reativa,azul,1,10,30,30,1.0000,0.0000,207,1,206,0
783,1997479060,azul,verde,reativa,azul,0,10,60,120,0.5000,0.0000,90,5,85,0
783,1997479060,azul,vermelho,reativa,azul,0,10,150,120,1.2500,0.0000,106,6,100,0
783,1997479060,azul,azul,reativa,azul,1,10,90,60,1.5000,0.0000,166,3,163,0
784,443438607,verde,verde,reativa,verde,1,8,60,30,2.0000,0.0000,150,2,148,0
784,443438607,verde,vermelho,reativa,verde,0,8,60,120,0.5000,0.0000,73,6,67,0
784,443438607,verde,azul,reativa,verde,0,8,150,120,1.2500,0.8571,57,7,50,0
785,1255488848,vermelho,verde,reativa,vermelho,0,9,150,120,1.2500,0.0000,80,5,75,0
785,1255488848,vermelho,vermelho,reativa,vermelho,1,9,30,30,1.0000,0.1111,173,1,172,0
785,1255488848,vermelho,azul,reativa,vermelho,0,9,90,120,0.7500,0.0000,78,3,75,0
786,1713663468,azul,verde,reativa,empate,0,100,30,0,30.0000,0.0000,1969,100,1869,0
786,1713663468,azul,vermelho,reativa,empate,0,100,60,120,0.5000,0.0000,222,4,218,0
786,1713663468,azul,azul,reativa,empate,0,100,90,60,1.5000,0.0000,1911,101,1810,0
787,1326665035,verde,verde,reativa,azul,0,9,150,120,1.2500,0.3333,104,5,99,0
787,1326665035,verde,vermelho,reativa,azul,0,9,90,120,0.7500,0.0000,52,3,49,0
787,1326665035,verde,azul,reativa,azul,1,9,30,30,1.0000,0.0000,189,1,188,0
788,1485550945,vermelho,verde,reativa,azul,0,8,90,120,0.7500,0.0000,78,3,75,0
788,1485550945,vermelho,vermelho,reativa,azul,0,8,150,120,1.2500,0.1250,80,5,75,0
788,1485550945,vermelho,azul,reativa,azul,1,8,30,30,1.0000,0.0000,172,1,171,0
789,255725471,azul,verde,reativa,vermelho,0,10,120,120,1.0000,0.0000,127,4,123,0
789,255725471,azul,vermelho,reativa,vermelho,1,10,30,0,30.0000,0.0000,183,1,182,0
789,255725471,azul,azul,reativa,vermelho,0,10,90,120,0.7500,0.0000,103,3,100,0
790,388207685,verde,verde,reativa,azul,0,6,90,120,0.7500,0.0000,78,3,75,0
790,388207685,verde,vermelho,reativa,azul,0,6,120,120,1.0000,0.0000,55,5,50,0
790,388207685,verde,azul,reativa,azul,1,6,30,0,30.0000,0.0000,115,1,114,0
791,230858913,vermelho,verde,reativa,verde,1,11,30,0,30.0000,0.2000,215,1,214,0
791,230858913,vermelho,vermelho,reativa,verde,0,11,120,120,1.0000,0.0000,149,5,144,0
791,230858913,vermelho,azul,reativa,verde,0,11,90,120,0.7500,0.0000,90,5,85,0
792,497945140,azul,verde,reativa,empate,0,100,0,0,0.0000,0.0000,1965,99,1866,0
792,497945140,azul,vermelho,reativa,empate,0,100,120,90,1.3333,0.0000,1868,100,1768,0
792,497945140,azul,azul,reativa,empate,0,100,90,120,0.7500,0.0000,256,6,250,0
793,1672875716,verde,verde,reativa,empate,0,100,60,0,60.0000,0.0000,1938,99,1839,0
793,1672875716,verde,vermelho,reativa,empate,0,100,60,30,2.0000,0.0000,1722,100,1622,0
793,1672875716,verde,azul,reativa,empate,0,100,30,120,0.2500,0.0000,151,2,149,0
794,1703592542,vermelho,verde,reativa,vermelho,0,12,90,120,0.7500,0.0000,53,3,50,0
794,1703592542,vermelho,vermelho,reativa,vermelho,1,12,30,30,1.0000,0.0000,230,4,226,0
794,1703592542,vermelho,azul,reativa,vermelho,0,12,150,120,1.2500,0.0000,156,7,149,0
795,524300311,azul,verde,reativa,verde,1,11,30,0,30.0000,0.0000,198,1,197,0
795,524300311,azul,vermelho,reativa,verde,0,11,120,120,1.0000,0.0000,129,4,125,0
795,524300311,azul,azul,reativa,verde,0,11,90,120,0.7500,0.0000,90,4,86,0
796,405532386,verde,verde,reativa,azul,0,13,90,120,0.7500,0.0000,50,3,47,0
796,405532386,verde,vermelho,reativa,azul,0,13,120,120,1.0000,0.0000,187,7,180,0
796,405532386,verde,azul,reativa,azul,1,13,30,0,30.0000,0.1538,297,3,294,0
797,1140362201,vermelho,verde,reativa,verde,1,8,30,0,30.0000,0.0000,133,1,132,0
797,1140362201,vermelho,vermelho,reativa,verde,0,8,120,110,1.0909,0.7143,80,5,75,0
797,1140362201,vermelho,azul,reativa,verde,0,8,80,120,0.6667,0.0000,54,4,50,0
798,2122964567,azul,verde,reativa,verde,1,14,30,30,1.0000,0.0000,185,1,184,0
798,2122964567,azul,vermelho,reativa,verde,0,14,150,120,1.2500,0.0000,180,5,175,0
798,2122964567,azul,azul,reativa,verde,0,14,90,120,0.7500,0.8000,53,3,50,0
799,1850462464,verde,verde,reativa,azul,0,6,120,120,1.0000,0.0000,55,5,50,0
799,1850462464,verde,vermelho,reativa,azul,0,6,90,120,0.7500,0.0000,47,3,44,0
799,1850462464,verde,azul,reativa,azul,1,6,30,0,30.0000,0.0000,121,1,120,0
800,1238786426,vermelho,verde,reativa,vermelho,0,8,150,120,1.2500,0.0000,55,5,50,0
800,1238786426,vermelho,vermelho,reativa,vermelho,1,8,30,30,1.0000,0.1250,173,1,172,0
800,1238786426,vermelho,azul,reativa,vermelho,0,8,90,120,0.7500,0.0000,53,3,50,0
801,777418731,azul,verde,reativa,verde,1,11,30,0,30.0000,0.0000,226,1,225,0
801,777418731,azul,vermelho,reativa,verde,0,11,90,120,0.7500,0.1429,90,5,85,0
801,777418731,azul,azul,reativa,verde,0,11,120,120,1.0000,0.2000,147,6,141,0
802,1650316423,verde,verde,reativa,azul,0,9,90,120,0.7500,0.0000,103,3,100,0
802,1650316423,verde,vermelho,reativa,azul,0,9,150,120,1.2500,0.0000,101,5,96,0
802,1650316423,verde,azul,reativa,azul,1,9,30,30,1.0000,0.3333,192,1,191,0
803,1518169168,vermelho,verde,reativa,vermelho,0,11,210,120,1.7500,0.5000,82,7,75,0
803,1518169168,vermelho,vermelho,reativa,vermelho,1,11,90,90,1.0000,0.0909,202,3,199,0
803,1518169168,vermelho,azul,reativa,vermelho,0,11,30,120,0.2500,0.0000,50,4,46,0
804,664454653,azul,verde,reativa,azul,0,10,150,120,1.2500,0.4444,92,5,87,0
804,664454653,azul,vermelho,reativa,azul,0,10,60,120,0.5000,0.2500,52,3,49,0
804,664454653,azul,azul,reativa,azul,1,10,90,60,1.5000,0.1000,176,3,173,0
805,1222287018,verde,verde,reativa,azul,0,13,60,100,0.6000,0.7273,120,9,111,0
805,1222287018,verde,vermelho,reativa,azul,0,13,130,120,1.0833,0.7692,109,12,97,0
805,1222287018,verde,azul,reativa,azul,1,13,90,60,1.5000,0.0000,248,4,244,0
806,1050928200,vermelho,verde,reativa,azul,0,6,120,120,1.0000,0.0000,29,4,25,0
806,1050928200,vermelho,vermelho,reativa,azul,0,6,90,120,0.7500,0.0000,28,3,25,0
806,1050928200,vermelho,azul,reativa,azul,1,6,30,0,30.0000,0.0000,124,1,123,0
807,1496432766,azul,verde,reativa,verde,1,8,30,20,1.5000,0.2857,133,1,132,0
807,1496432766,azul,vermelho,reativa,verde,0,8,90,120,0.7500,0.0000,53,3,50,0
807,1496432766,azul,azul,reativa,verde,0,8,140,120,1.1667,0.0000,55,5,50,0
808,1546097094,verde,verde,reativa,azul,0,11,150,120,1.2500,0.0000,156,6,150,0
808,1546097094,verde,vermelho,reativa,azul,0,11,90,120,0.7500,0.0000,28,3,25,0
808,1546097094,verde,azul,reativa,azul,1,11,30,30,1.0000,0.0000,232,3,229,0
809,153640283,vermelho,verde,reativa,verde,1,10,30,30,1.0000,0.1111,186,3,183,0
809,153640283,vermelho,vermelho,reativa,verde,0,10,150,120,1.2500,0.0000,102,6,96,0
809,153640283,vermelho,azul,reativa,verde,0,10,90,120,0.7500,0.0000,28,3,25,0
810,1109067602,azul,verde,reativa,azul,0,12,90,120,0.7500,0.1667,78,3,75,0
810,1109067602,azul,vermelho,reativa,azul,0,12,150,120,1.2500,0.0000,151,9,142,0
810,1109067602,azul,azul,reativa,azul,1,12,30,30,1.0000,0.0000,241,5,236,0
811,1182380079,verde,verde,reativa,azul,0,9,120,110,1.0909,0.2222,129,4,125,0
811,1182380079,verde,vermelho,reativa,azul,0,9,90,120,0.7500,0.0000,53,3,50,0
811,1182380079,verde,azul,reativa,azul,1,9,20,0,20.0000,0.0000,166,1,165,0
812,995907090,vermelho,verde,reativa,azul,0,11,90,120,0.7500,0.1000,173,4,169,0
812,995907090,vermelho,vermelho,reativa,azul,0,11,90,120,0.7500,0.0000,114,6,108,0
812,995907090,vermelho,azul,reativa,azul,1,11,60,0,60.0000,0.1818,216,5,211,0
813,2009703295,azul,verde,reativa,empate,0,100,0,0,0.0000,0.0000,1844,186,1658,0
813,2009703295,azul,vermelho,reativa,empate,0,100,0,0,0.0000,0.0202,1685,176,1509,0
813,2009703295,azul,azul,reativa,empate,0,100,0,0,0.0000,0.0100,1461,188,1273,0
814,2108967014,verde,verde,reativa,verde,1,12,30,0,30.0000,0.0000,264,4,260,0
814,2108967014,verde,vermelho,reativa,verde,0,12,90,120,0.7500,0.0000,104,6,98,0
814,2108967014,verde,azul,reativa,verde,0,12,120,120,1.0000,0.0000,139,9,130,0
815,484446759,vermelho,verde,reativa,vermelho,0,6,90,120,0.7500,0.0000,28,3,25,0
815,484446759,vermelho,vermelho,reativa,vermelho,1,6,30,0,30.0000,0.0000,123,1,122,0
815,484446759,vermelho,azul,reativa,vermelho,0,6,120,120,1.0000,0.0000,29,5,24,0
816,780071506,azul,verde,reativa,empate,0,100,0,0,0.0000,0.0101,1944,97,1847,0
816,780071506,azul,vermelho,reativa,empate,0,100,0,0,0.0000,0.0000,1820,0,1820,0
816,780071506,azul,azul,reativa,empate,0,100,0,0,0.0000,0.0100,2014,98,1916,0
817,853399628,verde,verde,reativa,vermelho,0,11,120,120,1.0000,0.0000,146,13,133,0
817,853399628,verde,vermelho,reativa,vermelho,1,11,30,0,30.0000,0.0000,210,12,198,0
817,853399628,verde,azul,reativa,vermelho,0,11,90,120,0.7500,0.0000,94,6,88,0
818,1422126434,vermelho,verde,reativa,vermelho,0,12,90,120,0.7500,0.0000,45,3,42,0
818,1422126434,vermelho,vermelho,reativa,vermelho,1,12,30,30,1.0000,0.0000,244,4,240,0
818,1422126434,vermelho,azul,reativa,vermelho,0,12,150,120,1.2500,0.0000,157,7,150,0
819,1002835612,azul,verde,reativa,vermelho,0,10,150,120,1.2500,0.0000,104,5,99,0
819,1002835612,azul,vermelho,reativa,vermelho,1,10,90,60,1.5000,0.0000,133,3,130,0
819,1002835612,azul,azul,reativa,vermelho,0,10,60,120,0.5000,0.0000,76,3,73,0
820,1448939825,verde,verde,reativa,verde,1,15,30,0,30.0000,0.0000,255,5,250,0
820,1448939825,verde,vermelho,reativa,verde,0,15,120,120,1.0000,0.0000,216,8,208,0
820,1448939825,verde,azul,reativa,verde,0,15,90,120,0.7500,0.0000,53,3,50,0
821,379393432,vermelho,verde,reativa,vermelho,0,8,150,120,1.2500,0.0000,55,5,50,0
821,379393432,vermelho,vermelho,reativa,vermelho,1,8,30,30,1.0000,0.0000,166,1,165,0
821,379393432,vermelho,azul,reativa,vermelho,0,8,90,120,0.7500,0.0000,51,3,48,0
822,2107298103,azul,verde,reativa,azul,0,8,120,120,1.0000,0.0000,76,4,72,0
822,2107298103,azul,vermelho,reativa,azul,0,8,90,120,0.7500,0.0000,53,3,50,0
822,2107298103,azul,azul,reativa,azul,1,8,30,0,30.0000,0.0000,168,1,167,0
823,1528822464,verde,verde,reativa,vermelho,0,7,60,120,0.5000,0.0000,74,5,69,0
823,1528822464,verde,vermelho,reativa,vermelho,1,7,120,30,4.0000,0.0000,68,4,64,0
823,1528822464,verde,azul,reativa,vermelho,0,7,90,120,0.7500,0.0000,76,4,72,0
824,1661114236,vermelho,verde,reativa,verde,1,9,90,60,1.5000,0.1250,126,3,123,0
824,1661114236,vermelho,vermelho,reativa,verde,0,9,90,120,0.7500,0.0000,54,4,50,0
824,1661114236,vermelho,azul,reativa,verde,0,9,120,120,1.0000,0.0000,101,4,97,0
825,900874270,azul,verde,reativa,vermelho,0,8,90,120,0.7500,0.0000,54,4,50,0
825,900874270,azul,vermelho,reativa,vermelho,1,8,60,0,60.0000,0.0000,120,2,118,0
825,900874270,azul,azul,reativa,vermelho,0,8,90,120,0.7500,0.0000,101,3,98,0
826,1705519067,verde,verde,reativa,azul,0,19,120,120,1.0000,0.0000,277,12,265,0
826,1705519067,verde,vermelho,reativa,azul,0,19,90,120,0.7500,0.0000,52,3,49,0
826,1705519067,verde,azul,reativa,azul,1,19,30,0,30.0000,0.1053,404,8,396,0
827,1177791765,vermelho,verde,reativa,verde,1,7,30,30,1.0000,0.0000,113,1,112,0
827,1177791765,vermelho,vermelho,reativa,verde,0,7,150,120,1.2500,0.0000,30,5,25,0
827,1177791765,vermelho,azul,reativa,verde,0,7,90,120,0.7500,0.0000,28,3,25,0
828,704217637,azul,verde,reativa,vermelho,0,10,120,120,1.0000,0.0000,123,4,119,0
828,704217637,azul,vermelho,reativa,vermelho,1,10,90,30,3.0000,0.0000,153,3,150,0
828,704217637,azul,azul,reativa,vermelho,0,10,60,120,0.5000,0.0000,78,3,75,0
829,770907264,verde,verde,reativa,azul,0,7,90,120,0.7500,0.8333,78,3,75,0
829,770907264,verde,vermelho,reativa,azul,0,7,120,120,1.0000,0.0000,78,4,74,0
829,770907264,verde,azul,reativa,azul,1,7,30,0,30.0000,0.1429,132,1,131,0
830,867905328,vermelho,verde,reativa,verde,1,8,30,30,1.0000,0.0000,148,2,146,0
830,867905328,vermelho,vermelho,reativa,verde,0,8,150,120,1.2500,0.0000,55,6,49,0
830,867905328,vermelho,azul,reativa,verde,0,8,90,120,0.7500,0.0000,52,3,49,0
831,1547102212,azul,verde,reativa,verde,1,10,30,0,30.0000,0.1111,201,1,200,0
831,1547102212,azul,vermelho,reativa,verde,0,10,120,120,1.0000,0.0000,102,4,98,0
831,1547102212,azul,azul,reativa,verde,0,10,90,120,0.7500,0.0000,78,3,75,0
832,1427051027,verde,verde,reativa,vermelho,0,10,90,120,0.7500,0.8000,47,3,44,0
832,1427051027,verde,vermelho,reativa,vermelho,1,10,30,30,1.0000,0.0000,213,1,212,0
832,1427051027,verde,azul,reativa,vermelho,0,10,150,120,1.2500,0.0000,105,5,100,0
833,347179498,vermelho,verde,reativa,verde,1,7,30,0,30.0000,0.0000,126,1,125,0
833,347179498,vermelho,vermelho,reativa,verde,0,7,90,120,0.7500,0.0000,70,3,67,0
833,347179498,vermelho,azul,reativa,verde,0,7,120,120,1.0000,0.0000,55,5,50,0
834,1886650417,azul,verde,reativa,azul,0,8,90,120,0.7500,0.0000,76,3,73,0
834,1886650417,azul,vermelho,reativa,azul,0,8,150,120,1.2500,0.0000,56,6,50,0
834,1886650417,azul,azul,reativa,azul,1,8,30,30,1.0000,0.0000,175,2,173,0
835,15777031,verde,verde,reativa,vermelho,0,9,90,120,0.7500,0.0000,53,3,50,0
835,15777031,verde,vermelho,reativa,vermelho,1,9,30,0,30.0000,0.0000,175,1,174,0
835,15777031,verde,azul,reativa,vermelho,0,9,120,120,1.0000,0.0000,102,4,98,0
836,1363852363,vermelho,verde,reativa,verde,1,8,30,0,30.0000,0.0000,135,1,134,0
836,1363852363,vermelho,vermelho,reativa,verde,0,8,90,120,0.7500,0.0000,68,3,65,0
836,1363852363,vermelho,azul,reativa,verde,0,8,120,120,1.0000,0.0000,78,4,74,0
837,1258731941,azul,verde,reativa,verde,1,10,30,30,1.0000,0.0000,183,1,182,0
837,1258731941,azul,vermelho,reativa,verde,0,10,150,120,1.2500,0.0000,77,5,72,0
837,1258731941,azul,azul,reativa,verde,0,10,90,120,0.7500,0.0000,103,3,100,0
838,1494699440,verde,verde,reativa,vermelho,0,10,120,120,1.0000,0.0000,141,4,137,0
838,1494699440,verde,vermelho,reativa,vermelho,1,10,30,0,30.0000,0.0000,213,1,212,0
838,1494699440,verde,azul,reativa,vermelho,0,10,90,120,0.7500,0.0000,78,3,75,0
839,1628579981,vermelho,verde,reativa,verde,1,8,30,30,1.0000,0.0000,148,1,147,0
839,1628579981,vermelho,vermelho,reativa,verde,0,8,150,120,1.2500,0.0000,55,5,50,0
839,1628579981,vermelho,azul,reativa,verde,0,8,90,120,0.7500,0.0000,53,3,50,0
840,250397122,azul,verde,reativa,empate,0,100,60,0,60.0000,0.0000,1905,99,1806,0
840,250397122,azul,vermelho,reativa,empate,0,100,30,120,0.2500,0.0000,287,2,285,0
840,250397122,azul,azul,reativa,empate,0,100,60,30,2.0000,0.0000,1939,99,1840,0
841,881510746,verde,verde,reativa,azul,0,9,90,120,0.7500,0.0000,78,3,75,0
841,881510746,verde,vermelho,reativa,azul,0,9,120,120,1.0000,0.0000,129,4,125,0
841,881510746,verde,azul,reativa,azul,1,9,30,0,30.0000,0.0000,194,1,193,0
842,1164238508,vermelho,verde,reativa,verde,1,8,60,30,2.0000,0.1429,127,2,125,0
842,1164238508,vermelho,vermelho,reativa,verde,0,8,120,120,1.0000,0.2857,79,4,75,0
842,1164238508,vermelho,azul,reativa,verde,0,8,90,120,0.7500,0.0000,29,4,25,0
843,1457461325,azul,verde,reativa,azul,0,10,180,120,1.5000,0.0000,80,6,74,0
843,1457461325,azul,vermelho,reativa,azul,0,10,60,120,0.5000,0.0000,78,3,75,0
843,1457461325,azul,azul,reativa,azul,1,10,60,60,1.0000,0.0000,193,2,191,0
844,1551343355,verde,verde,reativa,verde,1,10,30,0,30.0000,0.1000,226,1,225,0
844,1551343355,verde,vermelho,reativa,verde,0,10,120,120,1.0000,0.6667,122,4,118,0
844,1551343355,verde,azul,reativa,verde,0,10,90,120,0.7500,0.0000,78,3,75,0
845,2140318315,vermelho,verde,reativa,vermelho,0,7,120,120,1.0000,0.0000,29,5,24,0
845,2140318315,vermelho,vermelho,reativa,vermelho,1,7,60,60,1.0000,0.1429,109,3,106,0
845,2140318315,vermelho,azul,reativa,vermelho,0,7,120,120,1.0000,0.0000,49,5,44,0
846,2014609842,azul,verde,reativa,vermelho,0,9,90,120,0.7500,0.0000,53,3,50,0
846,2014609842,azul,vermelho,reativa,vermelho,1,9,30,0,30.0000,0.2500,150,1,149,0
846,2014609842,azul,azul,reativa,vermelho,0,9,120,120,1.0000,0.0000,103,4,99,0
847,582212434,verde,verde,reativa,azul,0,7,90,120,0.7500,0.0000,53,3,50,0
847,582212434,verde,vermelho,reativa,azul,0,7,150,120,1.2500,0.0000,55,5,50,0
847,582212434,verde,azul,reativa,azul,1,7,30,30,1.0000,0.0000,146,1,145,0
848,2005396972,vermelho,verde,reativa,azul,0,6,90,120,0.7500,0.0000,49,5,44,0
848,2005396972,vermelho,vermelho,reativa,azul,0,6,120,120,1.0000,0.0000,54,5,49,0
848,2005396972,vermelho,azul,reativa,azul,1,6,30,0,30.0000,0.0000,124,1,123,0
849,396879593,azul,verde,reativa,verde,1,13,10,30,0.3333,0.0000,205,3,202,0
849,396879593,azul,vermelho,reativa,verde,0,13,90,120,0.7500,0.0000,72,4,68,0
849,396879593,azul,azul,reativa,verde,0,13,150,100,1.5000,0.1667,177,7,170,0
850,73218816,verde,verde,reativa,azul,0,9,60,120,0.5000,0.0000,78,3,75,0
850,73218816,verde,vermelho,reativa,azul,0,9,120,120,1.0000,0.1111,129,4,125,0
850,73218816,verde,azul,reativa,azul,1,9,90,30,3.0000,0.2222,153,3,150,0
851,1734867821,vermelho,verde,reativa,vermelho,0,6,90,120,0.7500,0.0000,29,4,25,0
851,1734867821,vermelho,vermelho,reativa,vermelho,1,6,60,0,60.0000,0.0000,99,3,96,0
851,1734867821,vermelho,azul,reativa,vermelho,0,6,90,120,0.7500,0.0000,52,5,47,0
852,532289079,azul,verde,reativa,vermelho,0,8,150,110,1.3636,0.8571,55,5,50,0
852,532289079,azul,vermelho,reativa,vermelho,1,8,30,30,1.0000,0.2857,145,1,144,0
852,532289079,azul,azul,reativa,vermelho,0,8,80,120,0.6667,0.0000,54,4,50,0
853,1631779701,verde,verde,reativa,verde,1,11,30,30,1.0000,0.0000,243,1,242,0
853,1631779701,verde,vermelho,reativa,verde,0,11,90,120,0.7500,0.0000,117,5,112,0
853,1631779701,verde,azul,reativa,verde,0,11,150,120,1.2500,0.2000,123,7,116,0
854,85258658,vermelho,verde,reativa,verde,1,8,30,30,1.0000,0.0000,136,1,135,0
854,85258658,vermelho,vermelho,reativa,verde,0,8,90,120,0.7500,0.0000,78,3,75,0
854,85258658,vermelho,azul,reativa,verde,0,8,150,120,1.2500,0.1429,55,5,50,0
855,942012666,azul,verde,reativa,azul,0,7,90,120,0.7500,0.0000,71,3,68,0
855,942012666,azul,vermelho,reativa,azul,0,7,120,120,1.0000,0.0000,55,5,50,0
855,942012666,azul,azul,reativa,azul,1,7,30,0,30.0000,0.1429,148,1,147,0
856,1074658908,verde,verde,reativa,empate,0,100,120,90,1.3333,0.0000,1245,96,1149,0
856,1074658908,verde,vermelho,reativa,empate,0,100,0,0,0.0000,0.0100,1799,92,1707,0
856,1074658908,verde,azul,reativa,empate,0,100,90,120,0.7500,0.0000,52,3,49,0
857,245171136,vermelho,verde,reativa,verde,1,10,30,0,30.0000,0.0000,175,1,174,0
857,245171136,vermelho,vermelho,reativa,verde,0,10,90,120,0.7500,0.0000,78,3,75,0
857,245171136,vermelho,azul,reativa,verde,0,10,120,120,1.0000,0.0000,117,4,113,0
858,2021010886,azul,verde,reativa,vermelho,0,7,90,120,0.7500,0.0000,53,3,50,0
858,2021010886,azul,vermelho,reativa,vermelho,1,7,30,0,30.0000,0.0000,126,1,125,0
858,2021010886,azul,azul,reativa,vermelho,0,7,120,120,1.0000,0.1667,55,5,50,0
859,329362190,verde,verde,reativa,azul,0,9,150,120,1.2500,0.0000,106,6,100,0
859,329362190,verde,vermelho,reativa,azul,0,9,90,120,0.7500,0.0000,79,5,74,0
859,329362190,verde,azul,reativa,azul,1,9,30,30,1.0000,0.0000,201,1,200,0
860,820834749,vermelho,verde,reativa,verde,1,10,30,0,30.0000,0.2222,192,1,191,0
860,820834749,vermelho,vermelho,reativa,verde,0,10,90,120,0.7500,0.0000,102,4,98,0
860,820834749,vermelho,azul,reativa,verde,0,10,120,120,1.0000,0.0000,127,5,122,0
861,1440881829,azul,verde,reativa,azul,0,6,90,120,0.7500,0.0000,53,3,50,0
861,1440881829,azul,vermelho,reativa,azul,0,6,120,120,1.0000,0.0000,31,6,25,0
861,1440881829,azul,azul,reativa,azul,1,6,30,0,30.0000,0.0000,103,2,101,0
862,106408623,verde,verde,reativa,vermelho,0,8,150,120,1.2500,0.0000,80,5,75,0
862,106408623,verde,vermelho,reativa,vermelho,1,8,30,30,1.0000,0.0000,135,1,134,0
862,106408623,verde,azul,reativa,vermelho,0,8,90,120,0.7500,0.0000,53,3,50,0
863,1817240856,vermelho,verde,reativa,azul,0,8,90,120,0.7500,0.0000,53,3,50,0
863,1817240856,vermelho,vermelho,reativa,azul,0,8,150,120,1.2500,0.2500,79,5,74,0
863,1817240856,vermelho,azul,reativa,azul,1,8,30,30,1.0000,0.1250,164,1,163,0
864,1768830967,azul,verde,reativa,azul,0,11,90,120,0.7500,0.0000,52,3,49,0
864,1768830967,azul,vermelho,reativa,azul,0,11,120,120,1.0000,0.0000,138,7,131,0
864,1768830967,azul,azul,reativa,azul,1,11,30,0,30.0000,0.0000,250,3,247,0
865,1437286984,verde,verde,reativa,vermelho,0,16,90,120,0.7500,0.0000,78,4,74,0
865,1437286984,verde,vermelho,reativa,vermelho,1,16,30,30,1.0000,0.0000,336,7,329,0
865,1437286984,verde,azul,reativa,vermelho,0,16,150,120,1.2500,0.0000,199,11,188,0
866,525821035,vermelho,verde,reativa,vermelho,0,6,120,120,1.0000,0.0000,30,5,25,0
866,525821035,vermelho,vermelho,reativa,vermelho,1,6,30,0,30.0000,0.1667,123,1,122,0
866,525821035,vermelho,azul,reativa,vermelho,0,6,90,120,0.7500,0.0000,54,4,50,0
867,797956592,azul,verde,reativa,azul,0,11,120,120,1.0000,0.0000,152,4,148,0
867,797956592,azul,vermelho,reativa,azul,0,11,60,120,0.5000,0.1667,103,3,100,0
867,797956592,azul,azul,reativa,azul,1,11,90,30,3.0000,0.0000,203,3,200,0
868,895959840,verde,verde,reativa,azul,0,11,90,120,0.7500,0.0000,78,3,75,0
868,895959840,verde,vermelho,reativa,azul,0,11,120,120,1.0000,0.0000,179,4,175,0
868,895959840,verde,azul,reativa,azul,1,11,30,0,30.0000,0.0909,243,1,242,0
869,704269707,vermelho,verde,reativa,azul,0,10,90,120,0.7500,0.0000,64,3,61,0
869,704269707,vermelho,vermelho,reativa,azul,0,10,120,120,1.0000,0.1000,149,4,145,0
869,704269707,vermelho,azul,reativa,azul,1,10,30,0,30.0000,0.0000,217,1,216,0
870,1136894587,azul,verde,reativa,vermelho,0,12,90,120,0.7500,0.0000,53,3,50,0
870,1136894587,azul,vermelho,reativa,vermelho,1,12,30,30,1.0000,0.2727,246,1,245,0
870,1136894587,azul,azul,reativa,vermelho,0,12,150,120,1.2500,0.0000,149,5,144,0
871,94009992,verde,verde,reativa,azul,0,8,60,120,0.5000,0.0000,63,3,60,0
871,94009992,verde,vermelho,reativa,azul,0,8,150,120,1.2500,0.0000,79,5,74,0
871,94009992,verde,azul,reativa,azul,1,8,60,30,2.0000,0.0000,151,2,149,0
872,323377721,vermelho,verde,reativa,vermelho,0,11,150,120,1.2500,0.0000,135,10,125,0
872,323377721,vermelho,vermelho,reativa,vermelho,1,11,30,30,1.0000,0.0000,205,7,198,0
872,323377721,vermelho,azul,reativa,vermelho,0,11,90,120,0.7500,0.0000,127,3,124,0
873,1854823995,azul,verde,reativa,vermelho,0,12,90,120,0.7500,0.0000,107,6,101,0
873,1854823995,azul,vermelho,reativa,vermelho,1,12,30,30,1.0000,0.0000,247,1,246,0
873,1854823995,azul,azul,reativa,vermelho,0,12,150,120,1.2500,0.0000,135,7,128,0
874,1320851921,verde,verde,reativa,vermelho,0,8,110,120,0.9167,0.0000,80,5,75,0
874,1320851921,verde,vermelho,reativa,vermelho,1,8,60,30,2.0000,0.0000,151,2,149,0
874,1320851921,verde,azul,reativa,vermelho,0,8,90,110,0.8182,1.0000,30,5,25,0
875,53599161,vermelho,verde,reativa,verde,1,9,30,0,30.0000,0.1250,176,1,175,0
875,53599161,vermelho,vermelho,reativa,verde,0,9,120,120,1.0000,0.0000,102,4,98,0
875,53599161,vermelho,azul,reativa,verde,0,9,90,120,0.7500,0.0000,52,3,49,0
876,1714789643,azul,verde,reativa,azul,0,7,90,120,0.7500,0.8333,77,3,74,0
876,1714789643,azul,vermelho,reativa,azul,0,7,120,120,1.0000,0.0000,55,5,50,0
876,1714789643,azul,azul,reativa,azul,1,7,30,0,30.0000,0.0000,145,1,144,0
877,2001167285,verde,verde,reativa,verde,1,7,30,0,30.0000,0.1429,134,1,133,0
877,2001167285,verde,vermelho,reativa,verde,0,7,120,120,1.0000,0.0000,54,4,50,0
877,2001167285,verde,azul,reativa,verde,0,7,90,120,0.7500,0.0000,27,3,24,0
878,236604881,vermelho,verde,reativa,verde,1,9,30,30,1.0000,0.0000,160,1,159,0
878,236604881,vermelho,vermelho,reativa,verde,0,9,150,120,1.2500,0.6250,80,5,75,0
878,236604881,vermelho,azul,reativa,verde,0,9,90,120,0.7500,0.0000,53,3,50,0
879,836176005,azul,verde,reativa,verde,1,12,30,0,30.0000,0.0909,235,3,232,0
879,836176005,azul,vermelho,reativa,verde,0,12,90,120,0.7500,0.0000,53,3,50,0
879,836176005,azul,azul,reativa,verde,0,12,120,120,1.0000,0.0000,155,7,148,0
880,1096791990,verde,verde,reativa,azul,0,5,90,120,0.7500,0.0000,54,4,50,0
880,1096791990,verde,vermelho,reativa,azul,0,5,120,120,1.0000,0.0000,29,5,24,0
880,1096791990,verde,azul,reativa,azul,1,5,30,0,30.0000,0.0000,101,1,100,0
881,1331799799,vermelho,verde,reativa,azul,0,7,90,120,0.7500,0.0000,50,5,45,0
881,1331799799,vermelho,vermelho,reativa,azul,0,7,140,120,1.1667,0.0000,56,6,50,0
881,1331799799,vermelho,azul,reativa,azul,1,7,30,20,1.5000,0.4286,151,2,149,0
882,237640937,azul,verde,reativa,vermelho,0,9,90,120,0.7500,0.0000,123,4,119,0
882,237640937,azul,vermelho,reativa,vermelho,1,9,60,0,60.0000,0.0000,136,3,133,0
882,237640937,azul,azul,reativa,vermelho,0,9,90,120,0.7500,0.0000,29,4,25,0
883,1455511300,verde,verde,reativa,azul,0,12,90,120,0.7500,0.0000,194,12,182,0
883,1455511300,verde,vermelho,reativa,azul,0,12,90,120,0.7500,0.0000,167,10,157,0
883,1455511300,verde,azul,reativa,azul,1,12,60,0,60.0000,0.0833,251,3,248,0
884,1910967048,vermelho,verde,reativa,vermelho,0,9,90,120,0.7500,0.8000,47,4,43,0
884,1910967048,vermelho,vermelho,reativa,vermelho,1,9,30,30,1.0000,0.0000,198,1,197,0
884,1910967048,vermelho,azul,reativa,vermelho,0,9,150,120,1.2500,0.0000,80,5,75,0
885,1277800770,azul,verde,reativa,verde,1,10,30,30,1.0000,0.0000,157,3,154,0
885,1277800770,azul,vermelho,reativa,verde,0,10,150,120,1.2500,0.0000,71,7,64,0
885,1277800770,azul,azul,reativa,verde,0,10,90,120,0.7500,0.0000,78,3,75,0
886,695659536,verde,verde,reativa,verde,1,7,30,0,30.0000,0.0000,143,1,142,0
886,695659536,verde,vermelho,reativa,verde,0,7,90,120,0.7500,0.0000,50,3,47,0
886,695659536,verde,azul,reativa,verde,0,7,120,120,1.0000,0.0000,54,4,50,0
887,2127157764,vermelho,verde,reativa,verde,1,15,30,30,1.0000,0.1429,262,5,257,0
887,2127157764,vermelho,vermelho,reativa,verde,0,15,150,120,1.2500,0.0714,212,8,204,0
887,2127157764,vermelho,azul,reativa,verde,0,15,90,120,0.7500,0.0000,50,3,47,0
888,249328386,azul,verde,reativa,verde,1,10,30,0,30.0000,0.1111,201,1,200,0
888,249328386,azul,vermelho,reativa,verde,0,10,90,120,0.7500,0.0000,53,3,50,0
888,249328386,azul,azul,reativa,verde,0,10,120,120,1.0000,0.0000,129,4,125,0
889,832162818,verde,verde,reativa,empate,0,100,0,0,0.0000,0.0000,2071,186,1885,0
889,832162818,verde,vermelho,reativa,empate,0,100,0,0,0.0000,0.0200,1875,180,1695,0
889,832162818,verde,azul,reativa,empate,0,100,0,0,0.0000,0.0000,1999,188,1811,0
890,649770543,vermelho,verde,reativa,verde,1,11,30,0,30.0000,0.4000,204,1,203,0
890,649770543,vermelho,vermelho,reativa,verde,0,11,120,120,1.0000,0.2000,149,5,144,0
890,649770543,vermelho,azul,reativa,verde,0,11,90,120,0.7500,0.1667,71,3,68,0
891,1075216718,azul,verde,reativa,verde,1,14,30,30,1.0000,0.0769,195,3,192,0
891,1075216718,azul,vermelho,reativa,verde,0,14,90,120,0.7500,0.0000,103,3,100,0
891,1075216718,azul,azul,reativa,verde,0,14,150,120,1.2500,0.0769,199,6,193,0
892,1401413882,verde,verde,reativa,empate,0,100,60,30,2.0000,0.0000,1930,100,1830,0
892,1401413882,verde,vermelho,reativa,empate,0,100,60,0,60.0000,0.9900,1973,101,1872,0
892,1401413882,verde,azul,reativa,empate,0,100,30,120,0.2500,0.0000,125,2,123,0
893,1914617522,vermelho,verde,reativa,verde,1,9,30,0,30.0000,0.0000,169,1,168,0
893,1914617522,vermelho,vermelho,reativa,verde,0,9,120,120,1.0000,0.0000,103,4,99,0
893,1914617522,vermelho,azul,reativa,verde,0,9,90,120,0.7500,0.0000,53,3,50,0
894,1396172170,azul,verde,reativa,empate,0,100,30,120,0.2500,0.1250,157,2,155,0
894,1396172170,azul,vermelho,reativa,empate,0,100,60,0,60.0000,0.0202,1970,98,1872,0
894,1396172170,azul,azul,reativa,empate,0,100,60,30,2.0000,0.0000,1969,98,1871,0
895,147524269,verde,verde,reativa,azul,0,7,120,120,1.0000,0.0000,79,4,75,0
895,147524269,verde,vermelho,reativa,azul,0,7,90,120,0.7500,0.0000,53,3,50,0
895,147524269,verde,azul,reativa,azul,1,7,30,0,30.0000,0.0000,141,1,140,0
896,88215447,vermelho,verde,reativa,azul,0,11,90,120,0.7500,0.0000,52,4,48,0
896,88215447,vermelho,vermelho,reativa,azul,0,11,150,120,1.2500,0.0000,154,6,148,0
896,88215447,vermelho,azul,reativa,azul,1,11,30,30,1.0000,0.0000,207,3,204,0
897,1935253783,azul,verde,reativa,verde,1,12,30,30,1.0000,0.4545,205,2,203,0
897,1935253783,azul,vermelho,reativa,verde,0,12,150,120,1.2500,0.1000,130,5,125,0
897,1935253783,azul,azul,reativa,verde,0,12,90,120,0.7500,0.0000,53,3,50,0
898,1096714693,verde,verde,reativa,verde,1,11,30,30,1.0000,0.1818,243,2,241,0
898,1096714693,verde,vermelho,reativa,verde,0,11,150,120,1.2500,0.0000,128,6,122,0
898,1096714693,verde,azul,reativa,verde,0,11,90,120,0.7500,0.0000,52,3,49,0
899,1895563606,vermelho,verde,reativa,vermelho,0,9,90,120,0.7500,0.0000,55,5,50,0
899,1895563606,vermelho,vermelho,reativa,vermelho,1,9,30,30,1.0000,0.0000,182,3,179,0
899,1895563606,vermelho,azul,reativa,vermelho,0,9,150,120,1.2500,0.0000,80,5,75,0
900,767593850,azul,verde,reativa,verde,1,11,30,30,1.0000,0.1000,213,1,212,0
900,767593850,azul,vermelho,reativa,verde,0,11,150,120,1.2500,0.0000,104,5,99,0
900,767593850,azul,azul,reativa,verde,0,11,90,120,0.7500,0.0000,76,4,72,0
901,1987371659,verde,verde,reativa,verde,1,8,30,0,30.0000,0.0000,156,1,155,0
901,1987371659,verde,vermelho,reativa,verde,0,8,90,120,0.7500,0.1667,77,3,74,0
901,1987371659,verde,azul,reativa,verde,0,8,120,120,1.0000,0.0000,79,4,75,0
902,27872805,vermelho,verde,reativa,verde,1,16,30,30,1.0000,0.0667,287,7,280,0
902,27872805,vermelho,vermelho,reativa,verde,0,16,90,120,0.7500,0.0000,53,3,50,0
902,27872805,vermelho,azul,reativa,verde,0,16,150,120,1.2500,0.0000,219,10,209,0
903,1123407133,azul,verde,reativa,vermelho,0,11,90,120,0.7500,0.0000,53,3,50,0
903,1123407133,azul,vermelho,reativa,vermelho,1,11,30,0,30.0000,0.0000,221,3,218,0
903,1123407133,azul,azul,reativa,vermelho,0,11,120,120,1.0000,0.0000,140,7,133,0
904,1876146646,verde,verde,reativa,azul,0,10,150,120,1.2500,0.0000,130,9,121,0
904,1876146646,verde,vermelho,reativa,azul,0,10,90,120,0.7500,0.0000,53,3,50,0
904,1876146646,verde,azul,reativa,azul,1,10,30,30,1.0000,0.0000,196,5,191,0
905,1941871429,vermelho,verde,reativa,verde,1,8,60,0,60.0000,0.0000,127,3,124,0
905,1941871429,vermelho,vermelho,reativa,verde,0,8,90,120,0.7500,0.0000,105,5,100,0
905,1941871429,vermelho,azul,reativa,verde,0,8,90,120,0.7500,0.0000,79,4,75,0
906,562041356,azul,verde,reativa,vermelho,0,10,120,120,1.0000,0.0000,126,6,120,0
906,562041356,azul,vermelho,reativa,vermelho,1,10,30,0,30.0000,0.1111,200,2,198,0
906,562041356,azul,azul,reativa,vermelho,0,10,90,120,0.7500,0.0000,53,3,50,0
907,1137382925,verde,verde,reativa,vermelho,0,8,90,120,0.7500,0.0000,52,3,49,0
907,1137382925,verde,vermelho,reativa,vermelho,1,8,30,30,1.0000,0.0000,167,3,164,0
907,1137382925,verde,azul,reativa,vermelho,0,8,150,120,1.2500,0.0000,56,7,49,0
908,44253473,vermelho,verde,reativa,azul,0,10,150,120,1.2500,0.0000,105,5,100,0
908,44253473,vermelho,vermelho,reativa,azul,0,10,90,120,0.7500,0.0000,50,3,47,0
908,44253473,vermelho,azul,reativa,azul,1,10,30,30,1.0000,0.0000,207,1,206,0
909,1560650065,azul,verde,reativa,empate,0,100,120,90,1.3333,0.0000,1319,92,1227,0
909,1560650065,azul,vermelho,reativa,empate,0,100,0,0,0.0000,0.0000,1348,89,1259,0
909,1560650065,azul,azul,reativa,empate,0,100,90,120,0.7500,0.0000,50,3,47,0
910,412950855,verde,verde,reativa,empate,0,100,120,90,1.3333,0.0000,1906,97,1809,0
910,412950855,verde,vermelho,reativa,empate,0,100,90,120,0.7500,0.0000,103,4,99,0
910,412950855,verde,azul,reativa,empate,0,100,0,0,0.0000,0.0000,1960,95,1865,0
911,607510251,vermelho,verde,reativa,vermelho,0,7,90,120,0.7500,0.0000,42,4,38,0
911,607510251,vermelho,vermelho,reativa,vermelho,1,7,30,0,30.0000,0.0000,151,1,150,0
911,607510251,vermelho,azul,reativa,vermelho,0,7,120,120,1.0000,0.0000,55,5,50,0
912,1238126236,azul,verde,reativa,empate,0,100,60,30,2.0000,0.0000,2005,100,1905,0
912,1238126236,azul,vermelho,reativa,empate,0,100,30,120,0.2500,0.1111,201,2,199,0
912,1238126236,azul,azul,reativa,empate,0,100,60,0,60.0000,0.0000,2025,100,1925,0
913,1121641946,verde,verde,reativa,vermelho,0,11,90,120,0.7500,0.0000,142,6,136,0
913,1121641946,verde,vermelho,reativa,vermelho,1,11,30,0,30.0000,0.1818,238,1,237,0
913,1121641946,verde,azul,reativa,vermelho,0,11,120,120,1.0000,0.1000,138,6,132,0
914,420667202,vermelho,verde,reativa,empate,0,100,120,90,1.3333,0.4545,1796,93,1703,0
914,420667202,vermelho,vermelho,reativa,empate,0,100,90,120,0.7500,0.0000,90,3,87,0
914,420667202,vermelho,azul,reativa,empate,0,100,0,0,0.0000,0.0100,1810,90,1720,0
915,1568625357,azul,verde,reativa,verde,1,9,30,30,1.0000,0.0000,126,1,125,0
915,1568625357,azul,vermelho,reativa,verde,0,9,90,120,0.7500,0.0000,53,3,50,0
915,1568625357,azul,azul,reativa,verde,0,9,150,120,1.2500,0.0000,80,5,75,0
916,988698174,verde,verde,reativa,azul,0,9,150,120,1.2500,0.0000,102,5,97,0
916,988698174,verde,vermelho,reativa,azul,0,9,90,120,0.7500,0.0000,53,3,50,0
916,988698174,verde,azul,reativa,azul,1,9,30,30,1.0000,0.0000,169,1,168,0
917,1920469873,vermelho,verde,reativa,verde,1,10,30,30,1.0000,0.0000,201,1,200,0
917,1920469873,vermelho,vermelho,reativa,verde,0,10,150,120,1.2500,0.0000,105,5,100,0
917,1920469873,vermelho,azul,reativa,verde,0,10,90,120,0.7500,0.2000,53,3,50,0
918,427165887,azul,verde,reativa,vermelho,0,9,120,120,1.0000,0.0000,93,4,89,0
918,427165887,azul,vermelho,reativa,vermelho,1,9,30,0,30.0000,0.0000,176,1,175,0
918,427165887,azul,azul,reativa,vermelho,0,9,90,120,0.7500,0.0000,48,3,45,0
919,1734036530,verde,verde,reativa,azul,0,13,150,120,1.2500,0.0000,187,14,173,0
919,1734036530,verde,vermelho,reativa,azul,0,13,90,120,0.7500,0.0000,138,3,135,0
919,1734036530,verde,azul,reativa,azul,1,13,30,30,1.0000,0.0000,229,10,219,0
920,1207230511,vermelho,verde,reativa,azul,0,14,90,120,0.7500,0.0000,50,3,47,0
920,1207230511,vermelho,vermelho,reativa,azul,0,14,150,120,1.2500,0.0000,201,10,191,0
920,1207230511,vermelho,azul,reativa,azul,1,14,30,30,1.0000,0.2857,278,7,271,0
921,107751489,azul,verde,reativa,verde,1,9,30,30,1.0000,0.0000,162,2,160,0
921,107751489,azul,vermelho,reativa,verde,0,9,90,120,0.7500,0.0000,70,4,66,0
921,107751489,azul,azul,reativa,verde,0,9,150,120,1.2500,0.0000,80,6,74,0
922,66732485,verde,verde,reativa,verde,1,9,60,0,60.0000,0.0000,165,2,163,0
922,66732485,verde,vermelho,reativa,verde,0,9,90,120,0.7500,0.1250,114,3,111,0
922,66732485,verde,azul,reativa,verde,0,9,90,120,0.7500,0.0000,51,4,47,0
923,18312935,vermelho,verde,reativa,verde,1,11,30,0,30.0000,0.0000,188,1,187,0
923,18312935,vermelho,vermelho,reativa,verde,0,11,120,120,1.0000,0.1000,143,6,137,0
923,18312935,vermelho,azul,reativa,verde,0,11,90,120,0.7500,0.5714,90,6,84,0
924,1367906468,azul,verde,reativa,azul,0,8,150,120,1.2500,0.0000,55,5,50,0
924,1367906468,azul,vermelho,reativa,azul,0,8,90,120,0.7500,0.8000,48,3,45,0
924,1367906468,azul,azul,reativa,azul,1,8,30,30,1.0000,0.0000,175,1,174,0
925,1533422519,verde,verde,reativa,azul,0,7,90,120,0.7500,0.0000,78,3,75,0
925,1533422519,verde,vermelho,reativa,azul,0,7,120,120,1.0000,0.0000,77,4,73,0
925,1533422519,verde,azul,reativa,azul,1,7,30,0,30.0000,0.2857,151,1,150,0
926,372069853,vermelho,verde,reativa,azul,0,8,120,120,1.0000,0.1429,79,4,75,0
926,372069853,vermelho,vermelho,reativa,azul,0,8,90,120,0.7500,0.0000,75,4,71,0
926,372069853,vermelho,azul,reativa,azul,1,8,30,0,30.0000,0.0000,161,1,160,0
927,778134302,azul,verde,reativa,azul,0,10,150,120,1.2500,0.0000,103,5,98,0
927,778134302,azul,vermelho,reativa,azul,0,10,90,120,0.7500,0.0000,52,3,49,0
927,778134302,azul,azul,reativa,azul,1,10,30,30,1.0000,0.0000,212,1,211,0
928,1831905812,verde,verde,reativa,azul,0,7,90,120,0.7500,0.0000,51,3,48,0
928,1831905812,verde,vermelho,reativa,azul,0,7,150,120,1.2500,0.0000,55,5,50,0
928,1831905812,verde,azul,reativa,azul,1,7,30,30,1.0000,0.0000,124,1,123,0
929,991318533,vermelho,verde,reativa,azul,0,8,90,120,0.7500,0.0000,53,3,50,0
929,991318533,vermelho,vermelho,reativa,azul,0,8,120,120,1.0000,0.0000,102,4,98,0
929,991318533,vermelho,azul,reativa,azul,1,8,30,0,30.0000,0.0000,175,1,174,0
930,1706283989,azul,verde,reativa,verde,1,10,30,30,1.0000,0.2222,200,1,199,0
930,1706283989,azul,vermelho,reativa,verde,0,10,150,120,1.2500,0.0000,80,5,75,0
930,1706283989,azul,azul,reativa,verde,0,10,90,120,0.7500,0.0000,69,3,66,0
931,1594119628,verde,verde,reativa,verde,1,7,30,30,1.0000,0.0000,151,1,150,0
931,1594119628,verde,vermelho,reativa,verde,0,7,150,120,1.2500,0.0000,30,5,25,0
931,1594119628,verde,azul,reativa,verde,0,7,90,120,0.7500,0.0000,28,3,25,0
932,1114523884,vermelho,verde,reativa,azul,0,8,90,120,0.7500,0.5714,102,8,94,0
932,1114523884,vermelho,vermelho,reativa,azul,0,8,60,120,0.5000,0.0000,88,5,83,0
932,1114523884,vermelho,azul,reativa,azul,1,8,120,30,4.0000,0.0000,101,6,95,0
933,422079920,azul,verde,reativa,azul,0,11,90,120,0.7500,0.2000,53,3,50,0
933,422079920,azul,vermelho,reativa,azul,0,11,120,120,1.0000,0.0000,142,6,136,0
933,422079920,azul,azul,reativa,azul,1,11,30,0,30.0000,0.0909,240,3,237,0
934,1042459231,verde,verde,reativa,vermelho,0,12,90,120,0.7500,0.2222,127,6,121,0
934,1042459231,verde,vermelho,reativa,vermelho,1,12,30,0,30.0000,0.0000,273,2,271,0
934,1042459231,verde,azul,reativa,vermelho,0,12,120,120,1.0000,0.0909,170,8,162,0
935,712723097,vermelho,verde,reativa,azul,0,10,90,120,0.7500,0.0000,99,5,94,0
935,712723097,vermelho,vermelho,reativa,azul,0,10,150,120,1.2500,0.0000,117,6,111,0
935,712723097,vermelho,azul,reativa,azul,1,10,30,30,1.0000,0.2000,216,1,215,0
936,1168590347,azul,verde,reativa,empate,0,100,90,120,0.7500,0.0000,75,3,72,0
936,1168590347,azul,vermelho,reativa,empate,0,100,0,0,0.0000,0.0101,1974,92,1882,0
936,1168590347,azul,azul,reativa,empate,0,100,120,90,1.3333,0.0000,1614,96,1518,0
937,1071684288,verde,verde,reativa,azul,0,7,150,120,1.2500,0.0000,55,5,50,0
937,1071684288,verde,vermelho,reativa,azul,0,7,90,120,0.7500,0.8000,53,3,50,0
937,1071684288,verde,azul,reativa,azul,1,7,30,30,1.0000,0.0000,147,1,146,0
938,538693465,vermelho,verde,reativa,empate,0,100,60,60,1.0000,0.0000,1893,101,1792,0
938,538693465,vermelho,vermelho,reativa,empate,0,100,40,0,40.0000,0.0000,1686,101,1585,0
938,538693465,vermelho,azul,reativa,empate,0,100,60,100,0.6000,0.4000,195,4,191,0
939,1540251139,azul,verde,reativa,azul,0,8,120,120,1.0000,0.0000,78,4,74,0
939,1540251139,azul,vermelho,reativa,azul,0,8,90,120,0.7500,0.0000,48,4,44,0
939,1540251139,azul,azul,reativa,azul,1,8,30,0,30.0000,0.0000,165,1,164,0
940,1431387882,verde,verde,reativa,vermelho,0,12,120,120,1.0000,0.0000,175,9,166,0
940,1431387882,verde,vermelho,reativa,vermelho,1,12,30,0,30.0000,0.0000,253,5,248,0
940,1431387882,verde,azul,reativa,vermelho,0,12,90,120,0.7500,0.0000,53,3,50,0
941,1385593444,vermelho,verde,reativa,verde,1,10,30,30,1.0000,0.0000,201,1,200,0
941,1385593444,vermelho,vermelho,reativa,verde,0,10,90,120,0.7500,0.0000,96,5,91,0
941,1385593444,vermelho,azul,reativa,verde,0,10,150,120,1.2500,0.0000,99,6,93,0
942,602949509,azul,verde,reativa,vermelho,0,8,120,120,1.0000,0.0000,72,5,67,0
942,602949509,azul,vermelho,reativa,vermelho,1,8,30,0,30.0000,0.0000,139,1,138,0
942,602949509,azul,azul,reativa,vermelho,0,8,90,120,0.7500,0.1667,77,3,74,0
943,129881148,verde,verde,reativa,azul,0,8,90,120,0.7500,0.6667,72,4,68,0
943,129881148,verde,vermelho,reativa,azul,0,8,120,120,1.0000,0.1250,104,4,100,0
943,129881148,verde,azul,reativa,azul,1,8,30,0,30.0000,0.0000,161,1,160,0
944,988129515,vermelho,verde,reativa,verde,1,10,30,30,1.0000,0.1111,201,1,200,0
944,988129515,vermelho,vermelho,reativa,verde,0,10,150,120,1.2500,0.0000,105,5,100,0
944,988129515,vermelho,azul,reativa,verde,0,10,90,120,0.7500,0.0000,53,3,50,0
945,240535048,azul,verde,reativa,empate,0,100,0,0,0.0000,0.0101,1677,0,1677,0
945,240535048,azul,vermelho,reativa,empate,0,100,0,0,0.0000,0.0000,1351,97,1254,0
945,240535048,azul,azul,reativa,empate,0,100,0,0,0.0000,0.0000,1976,97,1879,0
946,1570706326,verde,verde,reativa,azul,0,7,90,120,0.7500,0.0000,53,3,50,0
946,1570706326,verde,vermelho,reativa,azul,0,7,150,120,1.2500,0.0000,52,5,47,0
946,1570706326,verde,azul,reativa,azul,1,7,30,30,1.0000,0.2857,150,1,149,0
947,507421364,vermelho,verde,reativa,azul,0,7,120,120,1.0000,0.0000,51,4,47,0
947,507421364,vermelho,vermelho,reativa,azul,0,7,90,120,0.7500,0.0000,53,3,50,0
947,507421364,vermelho,azul,reativa,azul,1,7,30,0,30.0000,0.0000,147,1,146,0
948,1685667609,azul,verde,reativa,azul,0,10,90,120,0.7500,0.1111,140,5,135,0
948,1685667609,azul,vermelho,reativa,azul,0,10,90,120,0.7500,0.0000,55,5,50,0
948,1685667609,azul,azul,reativa,azul,1,10,90,30,3.0000,0.0000,164,4,160,0
949,705769209,verde,verde,reativa,azul,0,10,120,120,1.0000,0.0000,137,6,131,0
949,705769209,verde,vermelho,reativa,azul,0,10,90,120,0.7500,0.0000,53,3,50,0
949,705769209,verde,azul,reativa,azul,1,10,30,0,30.0000,0.2000,218,2,216,0
950,504911631,vermelho,verde,reativa,empate,0,100,60,30,2.0000,0.0000,1952,100,1852,0
950,504911631,vermelho,vermelho,reativa,empate,0,100,60,0,60.0000,0.0000,1975,101,1874,0
950,504911631,vermelho,azul,reativa,empate,0,100,30,120,0.2500,0.0000,177,2,175,0
951,797430198,azul,verde,reativa,vermelho,0,9,90,120,0.7500,0.0000,115,3,112,0
951,797430198,azul,vermelho,reativa,vermelho,1,9,60,0,60.0000,0.0000,152,2,150,0
951,797430198,azul,azul,reativa,vermelho,0,9,90,120,0.7500,0.0000,79,4,75,0
952,1256198830,verde,verde,reativa,azul,0,8,120,120,1.0000,0.0000,104,4,100,0
952,1256198830,verde,vermelho,reativa,azul,0,8,90,120,0.7500,0.0000,53,3,50,0
952,1256198830,verde,azul,reativa,azul,1,8,30,0,30.0000,0.2500,158,1,157,0
953,1625466238,vermelho,verde,reativa,empate,0,100,0,0,0.0000,0.0000,1994,97,1897,0
953,1625466238,vermelho,vermelho,reativa,empate,0,100,0,0,0.0000,0.0000,2021,97,1924,0
953,1625466238,vermelho,azul,reativa,empate,0,100,0,0,0.0000,0.0000,1700,0,1700,0
954,270764059,azul,verde,reativa,empate,0,100,0,0,0.0000,0.0000,1953,93,1860,0
954,270764059,azul,vermelho,reativa,empate,0,100,90,120,0.7500,0.0000,53,3,50,0
954,270764059,azul,azul,reativa,empate,0,100,120,90,1.3333,0.0000,1947,96,1851,0
955,466416347,verde,verde,reativa,azul,0,10,120,120,1.0000,0.0000,146,4,142,0
955,466416347,verde,vermelho,reativa,azul,0,10,90,120,0.7500,0.0000,53,3,50,0
955,466416347,verde,azul,reativa,azul,1,10,30,0,30.0000,0.0000,198,1,197,0
956,164930889,vermelho,verde,reativa,azul,0,8,120,120,1.0000,0.0000,75,4,71,0
956,164930889,vermelho,vermelho,reativa,azul,0,8,90,120,0.7500,0.0000,50,3,47,0
956,164930889,vermelho,azul,reativa,azul,1,8,30,0,30.0000,0.2500,175,1,174,0
957,657063490,azul,verde,reativa,verde,1,10,30,30,1.0000,0.0000,197,1,196,0
957,657063490,azul,vermelho,reativa,verde,0,10,150,120,1.2500,0.0000,80,5,75,0
957,657063490,azul,azul,reativa,verde,0,10,90,120,0.7500,0.0000,77,3,74,0
958,925743247,verde,verde,reativa,azul,0,8,60,120,0.5000,0.0000,135,4,131,0
958,925743247,verde,vermelho,reativa,azul,0,8,90,120,0.7500,0.0000,104,7,97,0
958,925743247,verde,azul,reativa,azul,1,8,90,0,90.0000,0.0000,118,3,115,0
959,1712549161,vermelho,verde,reativa,verde,1,11,30,30,1.0000,0.0000,214,1,213,0
959,1712549161,vermelho,vermelho,reativa,verde,0,11,90,120,0.7500,0.0000,91,5,86,0
959,1712549161,vermelho,azul,reativa,verde,0,11,150,120,1.2500,0.0000,131,6,125,0
960,1225043013,azul,verde,reativa,vermelho,0,10,120,120,1.0000,0.5556,130,5,125,0
960,1225043013,azul,vermelho,reativa,vermelho,1,10,30,0,30.0000,0.2222,170,1,169,0
960,1225043013,azul,azul,reativa,vermelho,0,10,90,120,0.7500,0.0000,91,5,86,0
961,941576731,verde,verde,reativa,vermelho,0,7,120,120,1.0000,0.0000,65,6,59,0
961,941576731,verde,vermelho,reativa,vermelho,1,7,90,30,3.0000,0.0000,99,4,95,0
961,941576731,verde,azul,reativa,vermelho,0,7,60,120,0.5000,0.0000,74,4,70,0
962,1506476993,vermelho,verde,reativa,verde,1,8,30,30,1.0000,0.0000,147,1,146,0
962,1506476993,vermelho,vermelho,reativa,verde,0,8,150,120,1.2500,0.0000,55,5,50,0
962,1506476993,vermelho,azul,reativa,verde,0,8,90,120,0.7500,0.0000,51,3,48,0
963,1059674389,azul,verde,reativa,vermelho,0,13,120,120,1.0000,0.0000,172,7,165,0
963,1059674389,azul,vermelho,reativa,vermelho,1,13,30,0,30.0000,0.0000,260,4,256,0
963,1059674389,azul,azul,reativa,vermelho,0,13,90,120,0.7500,0.0000,53,3,50,0
964,629443526,verde,verde,reativa,verde,1,8,30,30,1.0000,0.0000,176,1,175,0
964,629443526,verde,vermelho,reativa,verde,0,8,90,120,0.7500,0.8000,54,4,50,0
964,629443526,verde,azul,reativa,verde,0,8,150,120,1.2500,0.0000,54,5,49,0
965,1269805790,vermelho,verde,reativa,azul,0,7,90,120,0.7500,0.8000,53,3,50,0
965,1269805790,vermelho,vermelho,reativa,azul,0,7,120,120,1.0000,0.0000,68,4,64,0
965,1269805790,vermelho,azul,reativa,azul,1,7,30,0,30.0000,0.0000,137,1,136,0
966,1317036416,azul,verde,reativa,azul,0,13,90,120,0.7500,0.0000,78,3,75,0
966,1317036416,azul,vermelho,reativa,azul,0,13,150,120,1.2500,0.0000,163,8,155,0
966,1317036416,azul,azul,reativa,azul,1,13,30,30,1.0000,0.0769,252,5,247,0
967,558950948,verde,verde,reativa,verde,1,8,30,30,1.0000,0.0000,175,1,174,0
967,558950948,verde,vermelho,reativa,verde,0,8,150,120,1.2500,0.0000,54,5,49,0
967,558950948,verde,azul,reativa,verde,0,8,90,120,0.7500,0.0000,28,3,25,0
968,136670000,vermelho,verde,reativa,azul,0,12,90,120,0.7500,0.0000,68,6,62,0
968,136670000,vermelho,vermelho,reativa,azul,0,12,120,120,1.0000,0.0833,166,11,155,0
968,136670000,vermelho,azul,reativa,azul,1,12,30,0,30.0000,0.0000,237,8,229,0
969,127806416,azul,verde,reativa,verde,1,11,30,0,30.0000,0.1000,222,1,221,0
969,127806416,azul,vermelho,reativa,verde,0,11,90,120,0.7500,0.0000,123,5,118,0
969,127806416,azul,azul,reativa,verde,0,11,120,120,1.0000,0.0000,138,5,133,0
970,1770472552,verde,verde,reativa,azul,0,8,120,120,1.0000,0.0000,100,4,96,0
970,1770472552,verde,vermelho,reativa,azul,0,8,90,120,0.7500,0.0000,53,3,50,0
970,1770472552,verde,azul,reativa,azul,1,8,30,0,30.0000,0.2500,144,1,143,0
971,1221341580,vermelho,verde,reativa,verde,1,8,30,0,30.0000,0.1429,141,1,140,0
971,1221341580,vermelho,vermelho,reativa,verde,0,8,120,120,1.0000,0.0000,79,4,75,0
971,1221341580,vermelho,azul,reativa,verde,0,8,90,120,0.7500,0.0000,53,3,50,0
972,510847089,azul,verde,reativa,verde,1,9,30,30,1.0000,0.1250,165,2,163,0
972,510847089,azul,vermelho,reativa,verde,0,9,90,120,0.7500,0.0000,53,3,50,0
972,510847089,azul,azul,reativa,verde,0,9,150,120,1.2500,0.0000,80,6,74,0
973,1692598265,verde,verde,reativa,vermelho,0,9,120,120,1.0000,0.1111,129,5,124,0
973,1692598265,verde,vermelho,reativa,vermelho,1,9,30,0,30.0000,0.0000,201,1,200,0
973,1692598265,verde,azul,reativa,vermelho,0,9,90,120,0.7500,0.0000,66,5,61,0
974,248016053,vermelho,verde,reativa,vermelho,0,9,90,120,0.7500,0.0000,28,3,25,0
974,248016053,vermelho,vermelho,reativa,vermelho,1,9,30,30,1.0000,0.0000,200,1,199,0
974,248016053,vermelho,azul,reativa,vermelho,0,9,150,120,1.2500,0.0000,80,5,75,0
975,1909045985,azul,verde,reativa,azul,0,11,120,120,1.0000,0.1000,154,4,150,0
975,1909045985,azul,vermelho,reativa,azul,0,11,90,120,0.7500,0.0000,76,3,73,0
975,1909045985,azul,azul,reativa,azul,1,11,30,0,30.0000,0.0909,239,1,238,0
976,887965518,verde,verde,reativa,vermelho,0,7,90,120,0.7500,0.0000,78,3,75,0
976,887965518,verde,vermelho,reativa,vermelho,1,7,30,0,30.0000,0.0000,129,1,128,0
976,887965518,verde,azul,reativa,vermelho,0,7,120,120,1.0000,0.1667,53,5,48,0
977,1357408905,vermelho,verde,reativa,empate,0,100,30,120,0.2500,0.0909,230,2,228,0
977,1357408905,vermelho,vermelho,reativa,empate,0,100,60,0,60.0000,0.0000,1974,99,1875,0
977,1357408905,vermelho,azul,reativa,empate,0,100,60,30,2.0000,0.0000,1986,100,1886,0
978,1611699638,azul,verde,reativa,vermelho,0,9,120,120,1.0000,0.0000,104,4,100,0
978,1611699638,azul,vermelho,reativa,vermelho,1,9,30,0,30.0000,0.1250,176,1,175,0
978,1611699638,azul,azul,reativa,vermelho,0,9,90,120,0.7500,0.0000,72,4,68,0
979,1463146029,verde,verde,reativa,azul,0,8,120,120,1.0000,0.6250,94,5,89,0
979,1463146029,verde,vermelho,reativa,azul,0,8,90,120,0.7500,0.0000,51,3,48,0
979,1463146029,verde,azul,reativa,azul,1,8,30,0,30.0000,0.0000,176,2,174,0
980,1079783323,vermelho,verde,reativa,azul,0,11,150,120,1.2500,0.5000,114,7,107,0
980,1079783323,vermelho,vermelho,reativa,azul,0,11,60,120,0.5000,0.0000,66,3,63,0
980,1079783323,vermelho,azul,reativa,azul,1,11,60,30,2.0000,0.0000,228,4,224,0
981,645188196,azul,verde,reativa,azul,0,10,90,120,0.7500,0.0000,78,3,75,0
981,645188196,azul,vermelho,reativa,azul,0,10,150,120,1.2500,0.0000,105,5,100,0
981,645188196,azul,azul,reativa,azul,1,10,30,30,1.0000,0.0000,225,1,224,0
982,1071560322,verde,verde,reativa,azul,0,8,120,120,1.0000,0.0000,104,4,100,0
982,1071560322,verde,vermelho,reativa,azul,0,8,90,120,0.7500,0.0000,53,3,50,0
982,1071560322,verde,azul,reativa,azul,1,8,30,0,30.0000,0.0000,164,1,163,0
983,997181620,vermelho,verde,reativa,vermelho,0,11,90,120,0.7500,0.0000,141,9,132,0
983,997181620,vermelho,vermelho,reativa,vermelho,1,11,90,30,3.0000,0.0000,205,5,200,0
983,997181620,vermelho,azul,reativa,vermelho,0,11,90,120,0.7500,0.0000,153,9,144,0
984,1255515162,azul,verde,reativa,vermelho,0,10,150,120,1.2500,0.0000,105,5,100,0
984,1255515162,azul,vermelho,reativa,vermelho,1,10,30,30,1.0000,0.2222,194,1,193,0
984,1255515162,azul,azul,reativa,vermelho,0,10,90,120,0.7500,0.0000,103,3,100,0
985,836382915,verde,verde,reativa,verde,1,14,30,0,30.0000,0.0000,266,10,256,0
985,836382915,verde,vermelho,reativa,verde,0,14,120,120,1.0000,0.0000,189,14,175,0
985,836382915,verde,azul,reativa,verde,0,14,90,120,0.7500,0.0000,115,3,112,0
986,347126365,vermelho,verde,reativa,azul,0,9,90,120,0.7500,0.0000,53,3,50,0
986,347126365,vermelho,vermelho,reativa,azul,0,9,150,120,1.2500,0.0000,105,5,100,0
986,347126365,vermelho,azul,reativa,azul,1,9,30,30,1.0000,0.0000,194,1,193,0
987,1469351021,azul,verde,reativa,vermelho,0,10,120,120,1.0000,0.0000,80,5,75,0
987,1469351021,azul,vermelho,reativa,vermelho,1,10,60,60,1.0000,0.1111,173,2,171,0
987,1469351021,azul,azul,reativa,vermelho,0,10,120,120,1.0000,0.0000,128,4,124,0
988,2100725222,verde,verde,reativa,vermelho,0,8,150,120,1.2500,0.0000,82,7,75,0
988,2100725222,verde,vermelho,reativa,vermelho,1,8,30,30,1.0000,0.2500,139,3,136,0
988,2100725222,verde,azul,reativa,vermelho,0,8,90,120,0.7500,0.0000,53,3,50,0
989,2076863469,vermelho,verde,reativa,azul,0,8,90,120,0.7500,0.0000,28,3,25,0
989,2076863469,vermelho,vermelho,reativa,azul,0,8,120,120,1.0000,0.7500,104,4,100,0
989,2076863469,vermelho,azul,reativa,azul,1,8,30,0,30.0000,0.0000,161,1,160,0
990,1297419198,azul,verde,reativa,azul,0,8,150,120,1.2500,0.0000,55,5,50,0
990,1297419198,azul,vermelho,reativa,azul,0,8,90,120,0.7500,0.0000,28,3,25,0
990,1297419198,azul,azul,reativa,azul,1,8,30,30,1.0000,0.0000,176,1,175,0
991,656509197,verde,verde,reativa,vermelho,0,13,90,120,0.7500,0.0000,69,3,66,0
991,656509197,verde,vermelho,reativa,vermelho,1,13,30,30,1.0000,0.1538,267,1,266,0
991,656509197,verde,azul,reativa,vermelho,0,13,150,120,1.2500,0.0000,177,5,172,0
992,2086753255,vermelho,verde,reativa,azul,0,8,120,120,1.0000,0.0000,80,5,75,0
992,2086753255,vermelho,vermelho,reativa,azul,0,8,90,120,0.7500,0.1429,96,3,93,0
992,2086753255,vermelho,azul,reativa,azul,1,8,30,0,30.0000,0.0000,176,1,175,0
993,1945909570,azul,verde,reativa,verde,1,12,30,30,1.0000,0.0000,245,3,242,0
993,1945909570,azul,vermelho,reativa,verde,0,12,150,120,1.2500,0.0000,129,7,122,0
993,1945909570,azul,azul,reativa,verde,0,12,90,120,0.7500,0.0000,78,3,75,0
994,66133690,verde,verde,reativa,azul,0,7,90,120,0.7500,0.0000,76,4,72,0
994,66133690,verde,vermelho,reativa,azul,0,7,150,120,1.2500,0.0000,55,5,50,0
994,66133690,verde,azul,reativa,azul,1,7,30,30,1.0000,0.4286,145,1,144,0
995,1178650548,vermelho,verde,reativa,verde,1,10,60,30,2.0000,0.1111,171,2,169,0
995,1178650548,vermelho,vermelho,reativa,verde,0,10,120,120,1.0000,0.0000,129,4,125,0
995,1178650548,vermelho,azul,reativa,verde,0,10,90,120,0.7500,0.0000,79,4,75,0
996,1356342537,azul,verde,reativa,vermelho,0,7,120,110,1.0909,0.8333,55,5,50,0
996,1356342537,azul,vermelho,reativa,vermelho,1,7,20,0,20.0000,0.0000,120,1,119,0
996,1356342537,azul,azul,reativa,vermelho,0,7,90,120,0.7500,0.3333,78,3,75,0
997,1676657438,verde,verde,reativa,vermelho,0,7,120,120,1.0000,0.0000,80,5,75,0
997,1676657438,verde,vermelho,reativa,vermelho,1,7,30,0,30.0000,0.0000,143,1,142,0
997,1676657438,verde,azul,reativa,vermelho,0,7,90,120,0.7500,0.0000,78,3,75,0
998,1714985209,vermelho,verde,reativa,azul,0,10,120,120,1.0000,0.0000,121,6,115,0
998,1714985209,vermelho,vermelho,reativa,azul,0,10,90,120,0.7500,0.0000,102,3,99,0
998,1714985209,vermelho,azul,reativa,azul,1,10,30,0,30.0000,0.0000,198,2,196,0
999,703915436,azul,verde,reativa,vermelho,0,10,90,120,0.7500,0.0000,70,4,66,0
999,703915436,azul,vermelho,reativa,vermelho,1,10,30,30,1.0000,0.0000,191,1,190,0
999,703915436,azul,azul,reativa,vermelho,0,10,150,120,1.2500,0.0000,105,5,100,0
1000,1215748322,verde,verde,reativa,verde,1,12,90,30,3.0000,0.0000,223,4,219,0
1000,1215748322,verde,vermelho,reativa,verde,0,12,60,120,0.5000,0.0000,140,7,133,0
1000,1215748322,verde,azul,reativa,verde,0,12,120,120,1.0000,0.0000,177,9,168,0
