id_simulacao,seed,jogador_inicial,jogador,modelo_ia,vencedor,venceu,pontos,turnos,dano_causado,dano_recebido,damage_ratio,cover_usage,custo_total,custo_los,custo_nodos,custo_acoes
1,438557537,verde,verde,aleatoria,empate,0,-1,100,0,0,0.0000,0.0000,2265,5,2260,0
1,438557537,verde,vermelho,aleatoria,empate,0,-1,100,0,0,0.0000,0.0900,2378,7,2371,0
1,438557537,verde,azul,aleatoria,empate,0,-1,100,0,0,0.0000,0.0200,2416,2,2414,0
2,1864560048,vermelho,verde,aleatoria,empate,0,-1,100,0,0,0.0000,0.0000,2173,0,2173,0
2,1864560048,vermelho,vermelho,aleatoria,empate,0,-1,100,0,0,0.0000,0.0500,2278,9,2269,0
2,1864560048,vermelho,azul,aleatoria,empate,0,-1,100,0,0,0.0000,0.0000,2460,19,2441,0
3,990947591,azul,verde,aleatoria,empate,0,-1,100,0,0,0.0000,0.0202,2369,0,2369,0
3,990947591,azul,vermelho,aleatoria,empate,0,-1,100,0,30,0.0000,0.0101,2333,12,2321,0
3,990947591,azul,azul,aleatoria,empate,0,-1,100,30,0,30.0000,0.0300,2372,11,2361,0
4,980411883,verde,verde,aleatoria,empate,0,-1,100,0,0,0.0000,0.0300,2442,8,2434,0
4,980411883,verde,vermelho,aleatoria,empate,0,-1,100,0,30,0.0000,0.1100,2417,20,2397,0
4,980411883,verde,azul,aleatoria,empate,0,-1,100,30,0,30.0000,0.0800,2471,23,2448,0
5,1364875354,vermelho,verde,aleatoria,empate,0,-1,100,0,0,0.0000,0.1111,2223,0,2223,0
5,1364875354,vermelho,vermelho,aleatoria,empate,0,-1,100,0,0,0.0000,0.0200,2324,4,2320,0
5,1364875354,vermelho,azul,aleatoria,empate,0,-1,100,0,0,0.0000,0.0100,2383,2,2381,0
6,1247406621,azul,verde,aleatoria,empate,0,-1,100,0,0,0.0000,0.0303,2073,18,2055,0
6,1247406621,azul,vermelho,aleatoria,empate,0,-1,100,0,0,0.0000,0.0101,2366,13,2353,0
6,1247406621,azul,azul,aleatoria,empate,0,-1,100,0,0,0.0000,0.0500,2366,2,2364,0
7,271024058,verde,verde,aleatoria,empate,0,-1,100,0,0,0.0000,0.0400,2215,4,2211,0
7,271024058,verde,vermelho,aleatoria,empate,0,-1,100,0,0,0.0000,0.0300,2212,5,2207,0
7,271024058,verde,azul,aleatoria,empate,0,-1,100,0,0,0.0000,0.1100,2333,0,2333,0
8,131926194,vermelho,verde,aleatoria,empate,0,-1,100,0,0,0.0000,0.1616,2241,10,2231,0
8,131926194,vermelho,vermelho,aleatoria,empate,0,-1,100,0,0,0.0000,0.0300,2301,20,2281,0
8,131926194,vermelho,azul,aleatoria,empate,0,-1,100,0,0,0.0000,0.0400,2246,0,2246,0
9,920297219,azul,verde,aleatoria,empate,0,-1,100,0,0,0.0000,0.0808,2295,1,2294,0
9,920297219,azul,vermelho,aleatoria,empate,0,-1,100,0,0,0.0000,0.0000,2335,1,2334,0
9,920297219,azul,azul,aleatoria,empate,0,-1,100,0,0,0.0000,0.0500,2420,0,2420,0
10,820336507,verde,verde,aleatoria,empate,0,-1,100,0,0,0.0000,0.0500,2157,0,2157,0
10,820336507,verde,vermelho,aleatoria,empate,0,-1,100,20,0,20.0000,0.0400,2314,4,2310,0
10,820336507,verde,azul,aleatoria,empate,0,-1,100,0,20,0.0000,0.1900,2341,2,2339,0
11,1012562364,vermelho,verde,aleatoria,empate,0,-1,100,0,30,0.0000,0.0404,2249,11,2238,0
11,1012562364,vermelho,vermelho,aleatoria,empate,0,-1,100,30,0,30.0000,0.0400,2128,6,2122,0
11,1012562364,vermelho,azul,aleatoria,empate,0,-1,100,0,0,0.0000,0.0000,2215,1,2214,0
12,670066924,azul,verde,aleatoria,empate,0,-1,100,30,0,30.0000,0.0202,2272,7,2265,0
12,670066924,azul,vermelho,aleatoria,empate,0,-1,100,0,30,0.0000,0.0707,2342,14,2328,0
12,670066924,azul,azul,aleatoria,empate,0,-1,100,0,0,0.0000,0.0000,2346,0,2346,0
13,1549280937,verde,verde,aleatoria,empate,0,-1,100,0,0,0.0000,0.0200,2308,20,2288,0
13,1549280937,verde,vermelho,aleatoria,empate,0,-1,100,0,0,0.0000,0.0000,2184,0,2184,0
13,1549280937,verde,azul,aleatoria,empate,0,-1,100,0,0,0.0000,0.0200,2450,15,2435,0
14,1369586799,vermelho,verde,aleatoria,empate,0,-1,100,0,0,0.0000,0.0000,2341,0,2341,0
14,1369586799,vermelho,vermelho,aleatoria,empate,0,-1,100,0,0,0.0000,0.0300,2241,0,2241,0
14,1369586799,vermelho,azul,aleatoria,empate,0,-1,100,0,0,0.0000,0.0100,2420,0,2420,0
15,1040301634,azul,verde,aleatoria,empate,0,-1,100,0,0,0.0000,0.1111,2439,5,2434,0
15,1040301634,azul,vermelho,aleatoria,empate,0,-1,100,0,0,0.0000,0.0404,2434,14,2420,0
15,1040301634,azul,azul,aleatoria,empate,0,-1,100,0,0,0.0000,0.1300,2490,27,2463,0
16,1790057013,verde,verde,aleatoria,empate,0,-1,100,0,0,0.0000,0.0000,2379,0,2379,0
16,1790057013,verde,vermelho,aleatoria,empate,0,-1,100,0,0,0.0000,0.0300,2352,0,2352,0
16,1790057013,verde,azul,aleatoria,empate,0,-1,100,0,0,0.0000,0.0000,2122,0,2122,0
17,1690053831,vermelho,verde,aleatoria,empate,0,-1,100,30,0,30.0000,0.0606,2255,16,2239,0
17,1690053831,vermelho,vermelho,aleatoria,empate,0,-1,100,0,30,0.0000,0.0100,2307,15,2292,0
17,1690053831,vermelho,azul,aleatoria,empate,0,-1,100,0,0,0.0000,0.0000,2416,3,2413,0
18,1979693965,azul,verde,aleatoria,empate,0,-1,100,0,0,0.0000,0.0000,2193,0,2193,0
18,1979693965,azul,vermelho,aleatoria,empate,0,-1,100,0,0,0.0000,0.0606,2304,0,2304,0
18,1979693965,azul,azul,aleatoria,empate,0,-1,100,0,0,0.0000,0.0100,2423,0,2423,0
19,932576662,verde,verde,aleatoria,empate,0,-1,100,0,0,0.0000,0.0600,2284,5,2279,0
19,932576662,verde,vermelho,aleatoria,empate,0,-1,100,0,0,0.0000,0.0500,2216,17,2199,0
19,932576662,verde,azul,aleatoria,empate,0,-1,100,0,0,0.0000,0.0100,2490,19,2471,0
20,855842988,vermelho,verde,aleatoria,empate,0,-1,100,0,0,0.0000,0.1313,2377,21,2356,0
20,855842988,vermelho,vermelho,aleatoria,empate,0,-1,100,0,0,0.0000,0.0000,2356,0,2356,0
20,855842988,vermelho,azul,aleatoria,empate,0,-1,100,0,0,0.0000,0.0800,2435,15,2420,0
21,1253956409,azul,verde,aleatoria,empate,0,-1,100,0,0,0.0000,0.0000,2392,8,2384,0
21,1253956409,azul,vermelho,aleatoria,empate,0,-1,100,0,0,0.0000,0.1818,2173,2,2171,0
21,1253956409,azul,azul,aleatoria,empate,0,-1,100,0,0,0.0000,0.0700,2398,5,2393,0
22,755744497,verde,verde,aleatoria,empate,0,-1,100,0,0,0.0000,0.0100,2380,19,2361,0
22,755744497,verde,vermelho,aleatoria,empate,0,-1,100,30,0,30.0000,0.0500,2442,25,2417,0
22,755744497,verde,azul,aleatoria,empate,0,-1,100,0,30,0.0000,0.1200,2427,20,2407,0
23,1237903098,vermelho,verde,aleatoria,empate,0,-1,100,0,0,0.0000,0.0303,2160,0,2160,0
23,1237903098,vermelho,vermelho,aleatoria,empate,0,-1,100,30,30,1.0000,0.1100,2307,27,2280,0
23,1237903098,vermelho,azul,aleatoria,empate,0,-1,100,30,30,1.0000,0.0400,2361,21,2340,0
24,1087965783,azul,verde,aleatoria,empate,0,-1,100,0,0,0.0000,0.0505,2166,0,2166,0
24,1087965783,azul,vermelho,aleatoria,empate,0,-1,100,0,0,0.0000,0.0808,2337,8,2329,0
24,1087965783,azul,azul,aleatoria,empate,0,-1,100,0,0,0.0000,0.0700,2322,9,2313,0
25,483723808,verde,verde,aleatoria,empate,0,-1,100,0,0,0.0000,0.0200,2435,6,2429,0
25,483723808,verde,vermelho,aleatoria,empate,0,-1,100,0,0,0.0000,0.0100,2326,13,2313,0
25,483723808,verde,azul,aleatoria,empate,0,-1,100,0,0,0.0000,0.1500,2428,10,2418,0
26,242242137,vermelho,verde,aleatoria,empate,0,-1,100,0,0,0.0000,0.0202,2339,9,2330,0
26,242242137,vermelho,vermelho,aleatoria,empate,0,-1,100,0,0,0.0000,0.0100,2270,2,2268,0
26,242242137,vermelho,azul,aleatoria,empate,0,-1,100,0,0,0.0000,0.0000,2082,5,2077,0
27,221737212,azul,verde,aleatoria,empate,0,-1,100,0,0,0.0000,0.1212,2361,9,2352,0
27,221737212,azul,vermelho,aleatoria,empate,0,-1,100,0,0,0.0000,0.0101,2318,17,2301,0
27,221737212,azul,azul,aleatoria,empate,0,-1,100,0,0,0.0000,0.0700,2415,16,2399,0
28,418463804,verde,verde,aleatoria,empate,0,-1,100,30,0,30.0000,0.0700,2466,36,2430,0
28,418463804,verde,vermelho,aleatoria,empate,0,-1,100,0,0,0.0000,0.0200,2439,25,2414,0
28,418463804,verde,azul,aleatoria,empate,0,-1,100,0,30,0.0000,0.0800,2454,33,2421,0
29,435099202,vermelho,verde,aleatoria,empate,0,-1,100,0,0,0.0000,0.0404,2349,0,2349,0
29,435099202,vermelho,vermelho,aleatoria,empate,0,-1,100,0,0,0.0000,0.0000,2284,0,2284,0
29,435099202,vermelho,azul,aleatoria,empate,0,-1,100,0,0,0.0000,0.0600,2431,0,2431,0
30,283512082,azul,verde,aleatoria,empate,0,-1,100,0,0,0.0000,0.0303,2311,0,2311,0
30,283512082,azul,vermelho,aleatoria,empate,0,-1,100,0,0,0.0000,0.0707,2221,18,2203,0
30,283512082,azul,azul,aleatoria,empate,0,-1,100,0,0,0.0000,0.0700,2385,13,2372,0
31,1645911538,verde,verde,aleatoria,empate,0,-1,100,0,0,0.0000,0.0100,2067,19,2048,0
31,1645911538,verde,vermelho,aleatoria,empate,0,-1,100,0,0,0.0000,0.0900,2409,6,2403,0
31,1645911538,verde,azul,aleatoria,empate,0,-1,100,0,0,0.0000,0.0000,2217,16,2201,0
32,1490846386,vermelho,verde,aleatoria,empate,0,-1,100,0,30,0.0000,0.1919,2116,8,2108,0
32,1490846386,vermelho,vermelho,aleatoria,empate,0,-1,100,30,0,30.0000,0.0900,2314,11,2303,0
32,1490846386,vermelho,azul,aleatoria,empate,0,-1,100,0,0,0.0000,0.0100,2409,0,2409,0
33,321403989,azul,verde,aleatoria,empate,0,-1,100,30,0,30.0000,0.0202,2284,7,2277,0
33,321403989,azul,vermelho,aleatoria,empate,0,-1,100,0,0,0.0000,0.0505,2263,0,2263,0
33,321403989,azul,azul,aleatoria,empate,0,-1,100,0,30,0.0000,0.0600,2387,4,2383,0
34,1070087091,verde,verde,aleatoria,empate,0,-1,100,0,0,0.0000,0.0200,2432,5,2427,0
34,1070087091,verde,vermelho,aleatoria,empate,0,-1,100,0,0,0.0000,0.1500,2165,2,2163,0
34,1070087091,verde,azul,aleatoria,empate,0,-1,100,0,0,0.0000,0.0000,2400,6,2394,0
35,749808370,vermelho,verde,aleatoria,empate,0,-1,100,0,0,0.0000,0.0505,2303,0,2303,0
35,749808370,vermelho,vermelho,aleatoria,empate,0,-1,100,0,0,0.0000,0.0400,2378,5,2373,0
35,749808370,vermelho,azul,aleatoria,empate,0,-1,100,0,0,0.0000,0.0100,2373,11,2362,0
36,310441732,azul,verde,aleatoria,empate,0,-1,100,0,0,0.0000,0.0808,2322,9,2313,0
36,310441732,azul,vermelho,aleatoria,empate,0,-1,100,0,0,0.0000,0.0505,2404,5,2399,0
36,310441732,azul,azul,aleatoria,empate,0,-1,100,0,0,0.0000,0.0800,2440,8,2432,0
37,191956606,verde,verde,aleatoria,empate,0,-1,100,0,0,0.0000,0.1300,2440,11,2429,0
37,191956606,verde,vermelho,aleatoria,empate,0,-1,100,0,0,0.0000,0.1000,2162,4,2158,0
37,191956606,verde,azul,aleatoria,empate,0,-1,100,0,0,0.0000,0.0100,2294,15,2279,0
38,1692875068,vermelho,verde,aleatoria,empate,0,-1,100,0,0,0.0000,0.0000,2371,7,2364,0
38,1692875068,vermelho,vermelho,aleatoria,empate,0,-1,100,0,0,0.0000,0.1100,2420,9,2411,0
38,1692875068,vermelho,azul,aleatoria,empate,0,-1,100,0,0,0.0000,0.0100,2386,1,2385,0
39,724671784,azul,verde,aleatoria,empate,0,-1,100,0,0,0.0000,0.0101,2220,1,2219,0
39,724671784,azul,vermelho,aleatoria,empate,0,-1,100,0,0,0.0000,0.0000,2180,3,2177,0
39,724671784,azul,azul,aleatoria,empate,0,-1,100,0,0,0.0000,0.0200,2273,0,2273,0
40,270559481,verde,verde,aleatoria,empate,0,-1,100,0,0,0.0000,0.0100,2421,0,2421,0
40,270559481,verde,vermelho,aleatoria,empate,0,-1,100,0,0,0.0000,0.0000,2303,5,2298,0
40,270559481,verde,azul,aleatoria,empate,0,-1,100,0,0,0.0000,0.0400,2265,1,2264,0
41,1328649944,vermelho,verde,aleatoria,empate,0,-1,100,0,0,0.0000,0.0202,2124,0,2124,0
41,1328649944,vermelho,vermelho,aleatoria,empate,0,-1,100,0,0,0.0000,0.0000,2257,0,2257,0
41,1328649944,vermelho,azul,aleatoria,empate,0,-1,100,0,0,0.0000,0.0400,2270,0,2270,0
42,662329169,azul,verde,aleatoria,empate,0,-1,100,0,0,0.0000,0.0707,2340,1,2339,0
42,662329169,azul,vermelho,aleatoria,empate,0,-1,100,0,0,0.0000,0.0000,2165,1,2164,0
42,662329169,azul,azul,aleatoria,empate,0,-1,100,0,0,0.0000,0.0500,2202,0,2202,0
43,1702263910,verde,verde,aleatoria,empate,0,-1,100,0,0,0.0000,0.0000,2159,0,2159,0
43,1702263910,verde,vermelho,aleatoria,empate,0,-1,100,0,0,0.0000,0.0500,2368,0,2368,0
43,1702263910,verde,azul,aleatoria,empate,0,-1,100,0,0,0.0000,0.0200,2387,0,2387,0
44,814414449,vermelho,verde,aleatoria,empate,0,-1,100,0,0,0.0000,0.0404,2314,7,2307,0
44,814414449,vermelho,vermelho,aleatoria,empate,0,-1,100,0,0,0.0000,0.0500,2427,8,2419,0
44,814414449,vermelho,azul,aleatoria,empate,0,-1,100,0,0,0.0000,0.0300,2325,0,2325,0
45,764225697,azul,verde,aleatoria,empate,0,-1,100,30,0,30.0000,0.0303,2489,21,2468,0
45,764225697,azul,vermelho,aleatoria,empate,0,-1,100,0,30,0.0000,0.0909,2400,5,2395,0
45,764225697,azul,azul,aleatoria,empate,0,-1,100,0,0,0.0000,0.0300,2488,22,2466,0
46,464531721,verde,verde,aleatoria,empate,0,-1,100,0,0,0.0000,0.0400,2441,12,2429,0
46,464531721,verde,vermelho,aleatoria,empate,0,-1,100,0,0,0.0000,0.0500,2290,0,2290,0
46,464531721,verde,azul,aleatoria,empate,0,-1,100,0,0,0.0000,0.1800,2188,5,2183,0
47,1533946064,vermelho,verde,aleatoria,empate,0,-1,100,0,0,0.0000,0.0909,2249,14,2235,0
47,1533946064,vermelho,vermelho,aleatoria,empate,0,-1,100,0,0,0.0000,0.1600,2409,6,2403,0
47,1533946064,vermelho,azul,aleatoria,empate,0,-1,100,0,0,0.0000,0.0800,2319,5,2314,0
48,2021790431,azul,verde,aleatoria,empate,0,-1,100,0,0,0.0000,0.0404,2232,2,2230,0
48,2021790431,azul,vermelho,aleatoria,empate,0,-1,100,0,0,0.0000,0.0000,2261,1,2260,0
48,2021790431,azul,azul,aleatoria,empate,0,-1,100,0,0,0.0000,0.0200,2325,4,2321,0
49,1451556886,verde,verde,aleatoria,empate,0,-1,100,0,0,0.0000,0.0800,2344,5,2339,0
49,1451556886,verde,vermelho,aleatoria,empate,0,-1,100,0,0,0.0000,0.1200,2123,8,2115,0
49,1451556886,verde,azul,aleatoria,empate,0,-1,100,0,0,0.0000,0.0000,2246,8,2238,0
50,6009790,vermelho,verde,aleatoria,empate,0,-1,100,0,0,0.0000,0.1010,2472,4,2468,0
50,6009790,vermelho,vermelho,aleatoria,empate,0,-1,100,0,0,0.0000,0.1300,2373,0,2373,0
50,6009790,vermelho,azul,aleatoria,empate,0,-1,100,0,0,0.0000,0.0400,2281,3,2278,0
51,188280745,azul,verde,aleatoria,empate,0,-1,100,0,0,0.0000,0.0202,2247,0,2247,0
51,188280745,azul,vermelho,aleatoria,empate,0,-1,100,0,0,0.0000,0.0101,2275,0,2275,0
51,188280745,azul,azul,aleatoria,empate,0,-1,100,0,0,0.0000,0.1300,2220,0,2220,0
52,349047791,verde,verde,aleatoria,empate,0,-1,100,0,30,0.0000,0.0000,2423,14,2409,0
52,349047791,verde,vermelho,aleatoria,empate,0,-1,100,0,0,0.0000,0.0100,2316,12,2304,0
52,349047791,verde,azul,aleatoria,empate,0,-1,100,30,0,30.0000,0.0500,2379,8,2371,0
53,1876708646,vermelho,verde,aleatoria,empate,0,-1,100,0,0,0.0000,0.0000,2272,0,2272,0
53,1876708646,vermelho,vermelho,aleatoria,empate,0,-1,100,0,0,0.0000,0.0300,2243,5,2238,0
53,1876708646,vermelho,azul,aleatoria,empate,0,-1,100,0,0,0.0000,0.0300,2481,11,2470,0
54,1152886018,azul,verde,aleatoria,empate,0,-1,100,0,0,0.0000,0.0000,2230,0,2230,0
54,1152886018,azul,vermelho,aleatoria,empate,0,-1,100,0,0,0.0000,0.0303,2243,6,2237,0
54,1152886018,azul,azul,aleatoria,empate,0,-1,100,0,0,0.0000,0.0400,2407,3,2404,0
55,1069746520,verde,verde,aleatoria,empate,0,-1,100,0,0,0.0000,0.0200,2307,5,2302,0
55,1069746520,verde,vermelho,aleatoria,empate,0,-1,100,0,0,0.0000,0.0200,2187,0,2187,0
55,1069746520,verde,azul,aleatoria,empate,0,-1,100,0,0,0.0000,0.0000,2400,2,2398,0
56,1489974805,vermelho,verde,aleatoria,empate,0,-1,100,0,0,0.0000,0.0303,2271,0,2271,0
56,1489974805,vermelho,vermelho,aleatoria,empate,0,-1,100,0,0,0.0000,0.1000,2429,12,2417,0
56,1489974805,vermelho,azul,aleatoria,empate,0,-1,100,0,0,0.0000,0.0000,2364,6,2358,0
57,1198990478,azul,verde,aleatoria,empate,0,-1,100,0,0,0.0000,0.0101,2207,8,2199,0
57,1198990478,azul,vermelho,aleatoria,empate,0,-1,100,0,0,0.0000,0.1111,2436,4,2432,0
57,1198990478,azul,azul,aleatoria,empate,0,-1,100,0,0,0.0000,0.0000,2176,0,2176,0
58,1785076888,verde,verde,aleatoria,empate,0,-1,100,0,30,0.0000,0.0000,2419,19,2400,0
58,1785076888,verde,vermelho,aleatoria,empate,0,-1,100,0,0,0.0000,0.1000,2341,0,2341,0
58,1785076888,verde,azul,aleatoria,empate,0,-1,100,30,0,30.0000,0.0300,2263,25,2238,0
59,1812608420,vermelho,verde,aleatoria,empate,0,-1,100,0,0,0.0000,0.0000,2164,0,2164,0
59,1812608420,vermelho,vermelho,aleatoria,empate,0,-1,100,0,0,0.0000,0.0000,2266,4,2262,0
59,1812608420,vermelho,azul,aleatoria,empate,0,-1,100,0,0,0.0000,0.0300,2288,2,2286,0
60,1494812099,azul,verde,aleatoria,empate,0,-1,100,0,0,0.0000,0.0303,2363,3,2360,0
60,1494812099,azul,vermelho,aleatoria,empate,0,-1,100,0,0,0.0000,0.0000,2377,0,2377,0
60,1494812099,azul,azul,aleatoria,empate,0,-1,100,0,0,0.0000,0.0000,2293,4,2289,0
61,624291629,verde,verde,aleatoria,empate,0,-1,100,30,30,1.0000,0.1000,2438,5,2433,0
61,624291629,verde,vermelho,aleatoria,empate,0,-1,100,30,30,1.0000,0.0400,2303,4,2299,0
61,624291629,verde,azul,aleatoria,empate,0,-1,100,0,0,0.0000,0.0500,2266,2,2264,0
62,1690688755,vermelho,verde,aleatoria,empate,0,-1,100,0,0,0.0000,0.0404,2343,0,2343,0
62,1690688755,vermelho,vermelho,aleatoria,empate,0,-1,100,0,0,0.0000,0.0000,2206,0,2206,0
62,1690688755,vermelho,azul,aleatoria,empate,0,-1,100,0,0,0.0000,0.0300,2038,0,2038,0
63,415855664,azul,verde,aleatoria,empate,0,-1,100,0,0,0.0000,0.0000,2344,7,2337,0
63,415855664,azul,vermelho,aleatoria,empate,0,-1,100,0,0,0.0000,0.1818,2421,4,2417,0
63,415855664,azul,azul,aleatoria,empate,0,-1,100,0,0,0.0000,0.0900,2406,0,2406,0
64,1239108435,verde,verde,aleatoria,empate,0,-1,100,0,0,0.0000,0.1600,2312,27,2285,0
64,1239108435,verde,vermelho,aleatoria,empate,0,-1,100,0,0,0.0000,0.0100,2343,4,2339,0
64,1239108435,verde,azul,aleatoria,empate,0,-1,100,0,0,0.0000,0.0100,2317,25,2292,0
65,1288729641,vermelho,verde,aleatoria,empate,0,-1,100,0,0,0.0000,0.0707,2179,7,2172,0
65,1288729641,vermelho,vermelho,aleatoria,empate,0,-1,100,0,0,0.0000,0.0400,2389,2,2387,0
65,1288729641,vermelho,azul,aleatoria,empate,0,-1,100,0,0,0.0000,0.0600,2172,0,2172,0
66,2109698062,azul,verde,aleatoria,empate,0,-1,100,0,0,0.0000,0.1818,2098,0,2098,0
66,2109698062,azul,vermelho,aleatoria,empate,0,-1,100,0,0,0.0000,0.0707,2215,0,2215,0
66,2109698062,azul,azul,aleatoria,empate,0,-1,100,0,0,0.0000,0.0500,2140,0,2140,0
67,1413126415,verde,verde,aleatoria,empate,0,-1,100,0,0,0.0000,0.0100,2273,0,2273,0
67,1413126415,verde,vermelho,aleatoria,empate,0,-1,100,0,0,0.0000,0.0600,2417,7,2410,0
67,1413126415,verde,azul,aleatoria,empate,0,-1,100,0,0,0.0000,0.0700,2426,6,2420,0
68,354615157,vermelho,verde,aleatoria,empate,0,-1,100,0,0,0.0000,0.0606,2332,0,2332,0
68,354615157,vermelho,vermelho,aleatoria,empate,0,-1,100,0,0,0.0000,0.0700,2264,0,2264,0
68,354615157,vermelho,azul,aleatoria,empate,0,-1,100,0,0,0.0000,0.0700,2362,0,2362,0
69,36093310,azul,verde,aleatoria,empate,0,-1,100,0,0,0.0000,0.0000,2444,2,2442,0
69,36093310,azul,vermelho,aleatoria,empate,0,-1,100,0,0,0.0000,0.0202,2306,22,2284,0
69,36093310,azul,azul,aleatoria,empate,0,-1,100,0,0,0.0000,0.0400,2405,23,2382,0
70,650929293,verde,verde,aleatoria,empate,0,-1,100,0,0,0.0000,0.0600,2204,0,2204,0
70,650929293,verde,vermelho,aleatoria,empate,0,-1,100,0,0,0.0000,0.0000,2401,2,2399,0
70,650929293,verde,azul,aleatoria,empate,0,-1,100,0,0,0.0000,0.0400,2261,3,2258,0
71,1174663146,vermelho,verde,aleatoria,empate,0,-1,100,0,0,0.0000,0.0808,2415,5,2410,0
71,1174663146,vermelho,vermelho,aleatoria,empate,0,-1,100,0,0,0.0000,0.1000,2389,9,2380,0
71,1174663146,vermelho,azul,aleatoria,empate,0,-1,100,0,0,0.0000,0.0400,2445,12,2433,0
72,6505178,azul,verde,aleatoria,empate,0,-1,100,0,0,0.0000,0.0505,2337,1,2336,0
72,6505178,azul,vermelho,aleatoria,empate,0,-1,100,0,0,0.0000,0.0202,2320,1,2319,0
72,6505178,azul,azul,aleatoria,empate,0,-1,100,0,0,0.0000,0.0000,2411,5,2406,0
73,478834776,verde,verde,aleatoria,empate,0,-1,100,0,0,0.0000,0.0300,2299,23,2276,0
73,478834776,verde,vermelho,aleatoria,empate,0,-1,100,0,0,0.0000,0.1700,2410,29,2381,0
73,478834776,verde,azul,aleatoria,empate,0,-1,100,0,0,0.0000,0.0600,2438,38,2400,0
74,466979635,vermelho,verde,aleatoria,empate,0,-1,100,0,0,0.0000,0.2727,2127,0,2127,0
74,466979635,vermelho,vermelho,aleatoria,empate,0,-1,100,0,0,0.0000,0.1000,2324,2,2322,0
74,466979635,vermelho,azul,aleatoria,empate,0,-1,100,0,0,0.0000,0.0500,2479,2,2477,0
75,1585602173,azul,verde,aleatoria,empate,0,-1,100,0,0,0.0000,0.1414,2339,11,2328,0
75,1585602173,azul,vermelho,aleatoria,empate,0,-1,100,0,0,0.0000,0.0404,2341,10,2331,0
75,1585602173,azul,azul,aleatoria,empate,0,-1,100,0,0,0.0000,0.0000,2382,0,2382,0
76,137830156,verde,verde,aleatoria,empate,0,-1,100,0,0,0.0000,0.0200,2414,32,2382,0
76,137830156,verde,vermelho,aleatoria,empate,0,-1,100,0,0,0.0000,0.0500,2385,34,2351,0
76,137830156,verde,azul,aleatoria,empate,0,-1,100,0,0,0.0000,0.0500,1815,0,1815,0
77,295121870,vermelho,verde,aleatoria,empate,0,-1,100,0,0,0.0000,0.0505,2306,6,2300,0
77,295121870,vermelho,vermelho,aleatoria,empate,0,-1,100,0,0,0.0000,0.1000,2238,4,2234,0
77,295121870,vermelho,azul,aleatoria,empate,0,-1,100,0,0,0.0000,0.0400,2288,10,2278,0
78,1568756219,azul,verde,aleatoria,empate,0,-1,100,0,0,0.0000,0.0505,2232,4,2228,0
78,1568756219,azul,vermelho,aleatoria,empate,0,-1,100,0,0,0.0000,0.1010,2376,0,2376,0
78,1568756219,azul,azul,aleatoria,empate,0,-1,100,0,0,0.0000,0.0400,2450,4,2446,0
79,863086835,verde,verde,aleatoria,empate,0,-1,100,0,0,0.0000,0.0100,2466,13,2453,0
79,863086835,verde,vermelho,aleatoria,empate,0,-1,100,0,0,0.0000,0.1300,2439,37,2402,0
79,863086835,verde,azul,aleatoria,empate,0,-1,100,0,0,0.0000,0.0900,2383,23,2360,0
80,881860485,vermelho,verde,aleatoria,empate,0,-1,100,0,0,0.0000,0.0707,2287,13,2274,0
80,881860485,vermelho,vermelho,aleatoria,empate,0,-1,100,0,0,0.0000,0.0100,2220,9,2211,0
80,881860485,vermelho,azul,aleatoria,empate,0,-1,100,0,0,0.0000,0.0700,2343,0,2343,0
81,866620601,azul,verde,aleatoria,empate,0,-1,100,0,0,0.0000,0.0202,2337,19,2318,0
81,866620601,azul,vermelho,aleatoria,empate,0,-1,100,0,0,0.0000,0.0909,2331,21,2310,0
81,866620601,azul,azul,aleatoria,empate,0,-1,100,0,0,0.0000,0.1400,2298,0,2298,0
82,1809070958,verde,verde,aleatoria,empate,0,-1,100,0,0,0.0000,0.0400,2415,3,2412,0
82,1809070958,verde,vermelho,aleatoria,empate,0,-1,100,0,0,0.0000,0.0700,2331,0,2331,0
82,1809070958,verde,azul,aleatoria,empate,0,-1,100,0,0,0.0000,0.0000,2171,0,2171,0
83,389192010,vermelho,verde,aleatoria,empate,0,-1,100,0,30,0.0000,0.0505,2431,5,2426,0
83,389192010,vermelho,vermelho,aleatoria,empate,0,-1,100,30,0,30.0000,0.0600,2436,15,2421,0
83,389192010,vermelho,azul,aleatoria,empate,0,-1,100,0,0,0.0000,0.0800,2027,2,2025,0
84,500570754,azul,verde,aleatoria,empate,0,-1,100,0,0,0.0000,0.0505,2382,3,2379,0
84,500570754,azul,vermelho,aleatoria,empate,0,-1,100,0,0,0.0000,0.0202,2225,2,2223,0
84,500570754,azul,azul,aleatoria,empate,0,-1,100,0,0,0.0000,0.0100,2217,0,2217,0
85,1712353937,verde,verde,aleatoria,empate,0,-1,100,0,0,0.0000,0.0400,2281,0,2281,0
85,1712353937,verde,vermelho,aleatoria,empate,0,-1,100,0,0,0.0000,0.0000,2445,17,2428,0
85,1712353937,verde,azul,aleatoria,empate,0,-1,100,0,0,0.0000,0.0100,2296,15,2281,0
86,391319897,vermelho,verde,aleatoria,empate,0,-1,100,0,0,0.0000,0.0000,2232,0,2232,0
86,391319897,vermelho,vermelho,aleatoria,empate,0,-1,100,0,0,0.0000,0.0400,2405,2,2403,0
86,391319897,vermelho,azul,aleatoria,empate,0,-1,100,0,0,0.0000,0.0000,1992,0,1992,0
87,136589075,azul,verde,aleatoria,empate,0,-1,100,0,0,0.0000,0.0101,2456,10,2446,0
87,136589075,azul,vermelho,aleatoria,empate,0,-1,100,0,0,0.0000,0.1616,2099,7,2092,0
87,136589075,azul,azul,aleatoria,empate,0,-1,100,0,0,0.0000,0.0300,2404,3,2401,0
88,516443035,verde,verde,aleatoria,empate,0,-1,100,0,0,0.0000,0.0900,2384,0,2384,0
88,516443035,verde,vermelho,aleatoria,empate,0,-1,100,0,0,0.0000,0.1600,2376,0,2376,0
88,516443035,verde,azul,aleatoria,empate,0,-1,100,0,0,0.0000,0.0000,2415,0,2415,0
89,1231568109,vermelho,verde,aleatoria,empate,0,-1,100,0,0,0.0000,0.1212,2234,0,2234,0
89,1231568109,vermelho,vermelho,aleatoria,empate,0,-1,100,0,0,0.0000,0.0600,2380,0,2380,0
89,1231568109,vermelho,azul,aleatoria,empate,0,-1,100,0,0,0.0000,0.0800,2258,0,2258,0
90,234389638,azul,verde,aleatoria,empate,0,-1,100,0,0,0.0000,0.1111,2376,1,2375,0
90,234389638,azul,vermelho,aleatoria,empate,0,-1,100,0,0,0.0000,0.0000,2285,7,2278,0
90,234389638,azul,azul,aleatoria,empate,0,-1,100,0,0,0.0000,0.0500,2383,5,2378,0
91,1278363502,verde,verde,aleatoria,empate,0,-1,100,0,0,0.0000,0.0000,2342,4,2338,0
91,1278363502,verde,vermelho,aleatoria,empate,0,-1,100,0,0,0.0000,0.0000,2249,0,2249,0
91,1278363502,verde,azul,aleatoria,empate,0,-1,100,0,0,0.0000,0.0100,1778,5,1773,0
92,2089492144,vermelho,verde,aleatoria,empate,0,-1,100,0,60,0.0000,0.0404,2411,15,2396,0
92,2089492144,vermelho,vermelho,aleatoria,empate,0,-1,100,60,0,60.0000,0.2800,2225,35,2190,0
92,2089492144,vermelho,azul,aleatoria,empate,0,-1,100,0,0,0.0000,0.0500,2215,12,2203,0
93,1010834375,azul,verde,aleatoria,empate,0,-1,100,0,0,0.0000,0.0303,2233,18,2215,0
93,1010834375,azul,vermelho,aleatoria,empate,0,-1,100,0,0,0.0000,0.0101,2282,14,2268,0
93,1010834375,azul,azul,aleatoria,empate,0,-1,100,0,0,0.0000,0.0200,2332,0,2332,0
94,1010172138,verde,verde,aleatoria,empate,0,-1,100,0,0,0.0000,0.0000,1957,17,1940,0
94,1010172138,verde,vermelho,aleatoria,empate,0,-1,100,0,0,0.0000,0.0000,2285,0,2285,0
94,1010172138,verde,azul,aleatoria,empate,0,-1,100,0,0,0.0000,0.0000,2320,14,2306,0
95,1255584616,vermelho,verde,aleatoria,empate,0,-1,100,0,0,0.0000,0.1010,2337,0,2337,0
95,1255584616,vermelho,vermelho,aleatoria,empate,0,-1,100,0,0,0.0000,0.0300,2276,0,2276,0
95,1255584616,vermelho,azul,aleatoria,empate,0,-1,100,0,0,0.0000,0.0200,2362,3,2359,0
96,2041513302,azul,verde,aleatoria,empate,0,-1,100,0,0,0.0000,0.0303,2367,17,2350,0
96,2041513302,azul,vermelho,aleatoria,empate,0,-1,100,0,0,0.0000,0.0404,2289,6,2283,0
96,2041513302,azul,azul,aleatoria,empate,0,-1,100,0,0,0.0000,0.0000,2401,11,2390,0
97,11523659,verde,verde,aleatoria,empate,0,-1,100,0,0,0.0000,0.0000,2394,6,2388,0
97,11523659,verde,vermelho,aleatoria,empate,0,-1,100,0,0,0.0000,0.0500,2426,11,2415,0
97,11523659,verde,azul,aleatoria,empate,0,-1,100,0,0,0.0000,0.0600,2220,15,2205,0
98,60279016,vermelho,verde,aleatoria,empate,0,-1,100,0,0,0.0000,0.1010,2244,2,2242,0
98,60279016,vermelho,vermelho,aleatoria,empate,0,-1,100,0,0,0.0000,0.0300,2416,5,2411,0
98,60279016,vermelho,azul,aleatoria,empate,0,-1,100,0,0,0.0000,0.0000,2357,5,2352,0
99,2035523298,azul,verde,aleatoria,empate,0,-1,100,0,0,0.0000,0.0808,2369,0,2369,0
99,2035523298,azul,vermelho,aleatoria,empate,0,-1,100,0,0,0.0000,0.0101,2136,8,2128,0
99,2035523298,azul,azul,aleatoria,empate,0,-1,100,0,0,0.0000,0.0200,2128,11,2117,0
100,778332920,verde,verde,aleatoria,empate,0,-1,100,0,0,0.0000,0.1400,2355,0,2355,0
100,778332920,verde,vermelho,aleatoria,empate,0,-1,100,0,0,0.0000,0.0000,2274,0,2274,0
100,778332920,verde,azul,aleatoria,empate,0,-1,100,0,0,0.0000,0.1600,2205,0,2205,0
101,681977055,vermelho,verde,aleatoria,empate,0,-1,100,0,0,0.0000,0.2020,2427,13,2414,0
101,681977055,vermelho,vermelho,aleatoria,empate,0,-1,100,0,0,0.0000,0.0400,2386,8,2378,0
101,681977055,vermelho,azul,aleatoria,empate,0,-1,100,0,0,0.0000,0.0900,2372,10,2362,0
102,937597042,azul,verde,aleatoria,empate,0,-1,100,0,0,0.0000,0.0000,2310,0,2310,0
102,937597042,azul,vermelho,aleatoria,empate,0,-1,100,0,0,0.0000,0.0909,2184,0,2184,0
102,937597042,azul,azul,aleatoria,empate,0,-1,100,0,0,0.0000,0.0900,2241,0,2241,0
103,528953857,verde,verde,aleatoria,empate,0,-1,100,0,0,0.0000,0.1700,2084,0,2084,0
103,528953857,verde,vermelho,aleatoria,empate,0,-1,100,0,0,0.0000,0.0600,2140,0,2140,0
103,528953857,verde,azul,aleatoria,empate,0,-1,100,0,0,0.0000,0.0100,2418,1,2417,0
104,1698552064,vermelho,verde,aleatoria,empate,0,-1,100,0,0,0.0000,0.0505,2391,10,2381,0
104,1698552064,vermelho,vermelho,aleatoria,empate,0,-1,100,0,0,0.0000,0.0800,2266,1,2265,0
104,1698552064,vermelho,azul,aleatoria,empate,0,-1,100,0,0,0.0000,0.0500,2371,11,2360,0
105,2028522531,azul,verde,aleatoria,empate,0,-1,100,0,0,0.0000,0.0404,2298,3,2295,0
105,2028522531,azul,vermelho,aleatoria,empate,0,-1,100,0,0,0.0000,0.0505,1960,0,1960,0
105,2028522531,azul,azul,aleatoria,empate,0,-1,100,0,0,0.0000,0.1100,2277,5,2272,0
106,2146725289,verde,verde,aleatoria,empate,0,-1,100,0,0,0.0000,0.0700,2327,1,2326,0
106,2146725289,verde,vermelho,aleatoria,empate,0,-1,100,0,0,0.0000,0.0600,2274,0,2274,0
106,2146725289,verde,azul,aleatoria,empate,0,-1,100,0,0,0.0000,0.0100,2348,1,2347,0
107,2048006628,vermelho,verde,aleatoria,empate,0,-1,100,0,0,0.0000,0.0808,2270,12,2258,0
107,2048006628,vermelho,vermelho,aleatoria,empate,0,-1,100,0,0,0.0000,0.0700,2473,0,2473,0
107,2048006628,vermelho,azul,aleatoria,empate,0,-1,100,0,0,0.0000,0.1500,2249,16,2233,0
108,2065734190,azul,verde,aleatoria,empate,0,-1,100,0,0,0.0000,0.0202,2458,4,2454,0
108,2065734190,azul,vermelho,aleatoria,empate,0,-1,100,0,0,0.0000,0.0202,2260,5,2255,0
108,2065734190,azul,azul,aleatoria,empate,0,-1,100,0,0,0.0000,0.0200,2246,1,2245,0
109,946904339,verde,verde,aleatoria,empate,0,-1,100,0,0,0.0000,0.0500,2446,12,2434,0
109,946904339,verde,vermelho,aleatoria,empate,0,-1,100,0,0,0.0000,0.0200,2322,1,2321,0
109,946904339,verde,azul,aleatoria,empate,0,-1,100,0,0,0.0000,0.0000,2439,5,2434,0
110,977405121,vermelho,verde,aleatoria,empate,0,-1,100,0,0,0.0000,0.0202,2450,18,2432,0
110,977405121,vermelho,vermelho,aleatoria,empate,0,-1,100,0,0,0.0000,0.0300,2284,3,2281,0
110,977405121,vermelho,azul,aleatoria,empate,0,-1,100,0,0,0.0000,0.0300,2438,13,2425,0
111,106871201,azul,verde,aleatoria,empate,0,-1,100,0,0,0.0000,0.0000,2296,0,2296,0
111,106871201,azul,vermelho,aleatoria,empate,0,-1,100,0,0,0.0000,0.0606,2322,0,2322,0
111,106871201,azul,azul,aleatoria,empate,0,-1,100,0,0,0.0000,0.1000,2281,0,2281,0
112,524023377,verde,verde,aleatoria,empate,0,-1,100,0,0,0.0000,0.0000,2202,0,2202,0
112,524023377,verde,vermelho,aleatoria,empate,0,-1,100,0,0,0.0000,0.1200,2439,2,2437,0
112,524023377,verde,azul,aleatoria,empate,0,-1,100,0,0,0.0000,0.0000,2439,1,2438,0
113,2070036801,vermelho,verde,aleatoria,empate,0,-1,100,0,0,0.0000,0.1212,2395,5,2390,0
113,2070036801,vermelho,vermelho,aleatoria,empate,0,-1,100,0,0,0.0000,0.0300,2374,4,2370,0
113,2070036801,vermelho,azul,aleatoria,empate,0,-1,100,0,0,0.0000,0.0800,2299,0,2299,0
114,332326161,azul,verde,aleatoria,empate,0,-1,100,0,0,0.0000,0.1515,2301,4,2297,0
114,332326161,azul,vermelho,aleatoria,empate,0,-1,100,0,0,0.0000,0.0707,2230,4,2226,0
114,332326161,azul,azul,aleatoria,empate,0,-1,100,0,0,0.0000,0.0400,2409,1,2408,0
115,13274541,verde,verde,aleatoria,empate,0,-1,100,0,0,0.0000,0.0000,2422,8,2414,0
115,13274541,verde,vermelho,aleatoria,empate,0,-1,100,0,0,0.0000,0.0900,2468,5,2463,0
115,13274541,verde,azul,aleatoria,empate,0,-1,100,0,0,0.0000,0.0000,2344,10,2334,0
116,825241805,vermelho,verde,aleatoria,empate,0,-1,100,0,0,0.0000,0.0404,2073,2,2071,0
116,825241805,vermelho,vermelho,aleatoria,empate,0,-1,100,0,0,0.0000,0.0000,2411,1,2410,0
116,825241805,vermelho,azul,aleatoria,empate,0,-1,100,0,0,0.0000,0.1300,2421,3,2418,0
117,1573000952,azul,verde,aleatoria,empate,0,-1,100,0,0,0.0000,0.1111,2428,0,2428,0
117,1573000952,azul,vermelho,aleatoria,empate,0,-1,100,0,0,0.0000,0.0101,2404,2,2402,0
117,1573000952,azul,azul,aleatoria,empate,0,-1,100,0,0,0.0000,0.0300,2394,2,2392,0
118,1749647013,verde,verde,aleatoria,empate,0,-1,100,0,0,0.0000,0.0000,2298,0,2298,0
118,1749647013,verde,vermelho,aleatoria,empate,0,-1,100,0,0,0.0000,0.0700,2164,2,2162,0
118,1749647013,verde,azul,aleatoria,empate,0,-1,100,0,0,0.0000,0.1300,2346,0,2346,0
119,974095307,vermelho,verde,aleatoria,empate,0,-1,100,0,0,0.0000,0.0404,2368,16,2352,0
119,974095307,vermelho,vermelho,aleatoria,empate,0,-1,100,0,0,0.0000,0.1200,2312,0,2312,0
119,974095307,vermelho,azul,aleatoria,empate,0,-1,100,0,0,0.0000,0.0500,2380,36,2344,0
120,1400113132,azul,verde,aleatoria,empate,0,-1,100,0,0,0.0000,0.0808,2329,5,2324,0
120,1400113132,azul,vermelho,aleatoria,empate,0,-1,100,0,0,0.0000,0.0303,2349,13,2336,0
120,1400113132,azul,azul,aleatoria,empate,0,-1,100,0,0,0.0000,0.1200,2210,0,2210,0
121,1403140035,verde,verde,aleatoria,empate,0,-1,100,0,0,0.0000,0.0000,2264,0,2264,0
121,1403140035,verde,vermelho,aleatoria,empate,0,-1,100,0,0,0.0000,0.0400,2342,0,2342,0
121,1403140035,verde,azul,aleatoria,empate,0,-1,100,0,0,0.0000,0.1000,2369,0,2369,0
122,1485886752,vermelho,verde,aleatoria,empate,0,-1,100,0,0,0.0000,0.0202,2206,0,2206,0
122,1485886752,vermelho,vermelho,aleatoria,empate,0,-1,100,0,0,0.0000,0.1000,2359,0,2359,0
122,1485886752,vermelho,azul,aleatoria,empate,0,-1,100,0,0,0.0000,0.1700,2383,0,2383,0
123,1433079639,azul,verde,aleatoria,empate,0,-1,100,0,0,0.0000,0.0202,2421,2,2419,0
123,1433079639,azul,vermelho,aleatoria,empate,0,-1,100,0,0,0.0000,0.0303,2184,1,2183,0
123,1433079639,azul,azul,aleatoria,empate,0,-1,100,0,0,0.0000,0.0800,2210,0,2210,0
124,1444017005,verde,verde,aleatoria,empate,0,-1,100,0,0,0.0000,0.0100,2300,0,2300,0
124,1444017005,verde,vermelho,aleatoria,empate,0,-1,100,0,0,0.0000,0.0800,2375,0,2375,0
124,1444017005,verde,azul,aleatoria,empate,0,-1,100,0,0,0.0000,0.0200,2136,0,2136,0
125,1120634029,vermelho,verde,aleatoria,empate,0,-1,100,0,0,0.0000,0.0101,2336,14,2322,0
125,1120634029,vermelho,vermelho,aleatoria,empate,0,-1,100,0,0,0.0000,0.0400,2448,10,2438,0
125,1120634029,vermelho,azul,aleatoria,empate,0,-1,100,0,0,0.0000,0.0100,2412,0,2412,0
126,1159629576,azul,verde,aleatoria,empate,0,-1,100,0,0,0.0000,0.0000,2145,0,2145,0
126,1159629576,azul,vermelho,aleatoria,empate,0,-1,100,0,0,0.0000,0.0606,2340,12,2328,0
126,1159629576,azul,azul,aleatoria,empate,0,-1,100,0,0,0.0000,0.1000,2372,12,2360,0
127,170520394,verde,verde,aleatoria,empate,0,-1,100,0,0,0.0000,0.0400,2366,9,2357,0
127,170520394,verde,vermelho,aleatoria,empate,0,-1,100,0,0,0.0000,0.0100,2404,4,2400,0
127,170520394,verde,azul,aleatoria,empate,0,-1,100,0,0,0.0000,0.1800,2229,0,2229,0
128,2032603470,vermelho,verde,aleatoria,empate,0,-1,100,0,0,0.0000,0.0202,2331,2,2329,0
128,2032603470,vermelho,vermelho,aleatoria,empate,0,-1,100,0,0,0.0000,0.0400,2444,3,2441,0
128,2032603470,vermelho,azul,aleatoria,empate,0,-1,100,0,0,0.0000,0.1400,2253,0,2253,0
129,1569236234,azul,verde,aleatoria,empate,0,-1,100,0,0,0.0000,0.0202,2325,14,2311,0
129,1569236234,azul,vermelho,aleatoria,empate,0,-1,100,0,0,0.0000,0.0000,2458,33,2425,0
129,1569236234,azul,azul,aleatoria,empate,0,-1,100,0,0,0.0000,0.0800,2399,25,2374,0
130,411570783,verde,verde,aleatoria,empate,0,-1,100,0,0,0.0000,0.0600,2280,12,2268,0
130,411570783,verde,vermelho,aleatoria,empate,0,-1,100,0,0,0.0000,0.0500,2226,7,2219,0
130,411570783,verde,azul,aleatoria,empate,0,-1,100,0,0,0.0000,0.0100,2345,1,2344,0
131,562047796,vermelho,verde,aleatoria,empate,0,-1,100,0,0,0.0000,0.0000,2269,3,2266,0
131,562047796,vermelho,vermelho,aleatoria,empate,0,-1,100,0,0,0.0000,0.0000,2266,7,2259,0
131,562047796,vermelho,azul,aleatoria,empate,0,-1,100,0,0,0.0000,0.0500,2152,8,2144,0
132,1448248165,azul,verde,aleatoria,empate,0,-1,100,30,0,30.0000,0.1010,2276,7,2269,0
132,1448248165,azul,vermelho,aleatoria,empate,0,-1,100,0,0,0.0000,0.0707,2306,0,2306,0
132,1448248165,azul,azul,aleatoria,empate,0,-1,100,0,30,0.0000,0.0300,2311,7,2304,0
133,1352011924,verde,verde,aleatoria,empate,0,-1,100,0,0,0.0000,0.0200,2321,4,2317,0
133,1352011924,verde,vermelho,aleatoria,empate,0,-1,100,0,0,0.0000,0.0100,2256,4,2252,0
133,1352011924,verde,azul,aleatoria,empate,0,-1,100,0,0,0.0000,0.0100,2414,1,2413,0
134,939551074,vermelho,verde,aleatoria,empate,0,-1,100,0,0,0.0000,0.0101,2386,0,2386,0
134,939551074,vermelho,vermelho,aleatoria,empate,0,-1,100,0,0,0.0000,0.0100,2328,0,2328,0
134,939551074,vermelho,azul,aleatoria,empate,0,-1,100,0,0,0.0000,0.0000,2210,0,2210,0
135,362752061,azul,verde,aleatoria,empate,0,-1,100,0,0,0.0000,0.0505,2230,5,2225,0
135,362752061,azul,vermelho,aleatoria,empate,0,-1,100,0,0,0.0000,0.0000,2020,11,2009,0
135,362752061,azul,azul,aleatoria,empate,0,-1,100,0,0,0.0000,0.0300,2389,13,2376,0
136,1970562540,verde,verde,aleatoria,empate,0,-1,100,0,0,0.0000,0.1300,2360,0,2360,0
136,1970562540,verde,vermelho,aleatoria,empate,0,-1,100,0,30,0.0000,0.0000,2215,17,2198,0
136,1970562540,verde,azul,aleatoria,empate,0,-1,100,30,0,30.0000,0.0300,1647,14,1633,0
137,383708122,vermelho,verde,aleatoria,empate,0,-1,100,0,0,0.0000,0.0303,2434,0,2434,0
137,383708122,vermelho,vermelho,aleatoria,empate,0,-1,100,0,0,0.0000,0.0700,2404,0,2404,0
137,383708122,vermelho,azul,aleatoria,empate,0,-1,100,0,0,0.0000,0.0300,2324,0,2324,0
138,2075785334,azul,verde,aleatoria,empate,0,-1,100,0,0,0.0000,0.0808,2480,8,2472,0
138,2075785334,azul,vermelho,aleatoria,empate,0,-1,100,0,0,0.0000,0.0707,2366,5,2361,0
138,2075785334,azul,azul,aleatoria,empate,0,-1,100,0,0,0.0000,0.0800,2349,5,2344,0
139,794372141,verde,verde,aleatoria,empate,0,-1,100,0,0,0.0000,0.0000,2362,4,2358,0
139,794372141,verde,vermelho,aleatoria,empate,0,-1,100,0,0,0.0000,0.0500,2417,3,2414,0
139,794372141,verde,azul,aleatoria,empate,0,-1,100,0,0,0.0000,0.0900,2148,4,2144,0
140,1817101026,vermelho,verde,aleatoria,empate,0,-1,100,0,0,0.0000,0.0606,2404,1,2403,0
140,1817101026,vermelho,vermelho,aleatoria,empate,0,-1,100,0,0,0.0000,0.0700,2344,0,2344,0
140,1817101026,vermelho,azul,aleatoria,empate,0,-1,100,0,0,0.0000,0.0500,2201,2,2199,0
141,1461547978,azul,verde,aleatoria,empate,0,-1,100,0,0,0.0000,0.0101,2205,21,2184,0
141,1461547978,azul,vermelho,aleatoria,empate,0,-1,100,0,0,0.0000,0.0101,2313,14,2299,0
141,1461547978,azul,azul,aleatoria,empate,0,-1,100,0,0,0.0000,0.1100,2154,0,2154,0
142,1249674794,verde,verde,aleatoria,empate,0,-1,100,0,0,0.0000,0.0100,2387,0,2387,0
142,1249674794,verde,vermelho,aleatoria,empate,0,-1,100,0,0,0.0000,0.0000,2284,21,2263,0
142,1249674794,verde,azul,aleatoria,empate,0,-1,100,0,0,0.0000,0.0300,2360,9,2351,0
143,236336944,vermelho,verde,aleatoria,empate,0,-1,100,0,0,0.0000,0.1111,2283,0,2283,0
143,236336944,vermelho,vermelho,aleatoria,empate,0,-1,100,0,0,0.0000,0.0500,2254,0,2254,0
143,236336944,vermelho,azul,aleatoria,empate,0,-1,100,0,0,0.0000,0.1200,2413,0,2413,0
144,787490960,azul,verde,aleatoria,empate,0,-1,100,0,0,0.0000,0.1616,2315,16,2299,0
144,787490960,azul,vermelho,aleatoria,empate,0,-1,100,0,0,0.0000,0.0909,2412,5,2407,0
144,787490960,azul,azul,aleatoria,empate,0,-1,100,0,0,0.0000,0.0600,2026,3,2023,0
145,368094613,verde,verde,aleatoria,empate,0,-1,100,0,0,0.0000,0.0000,2285,0,2285,0
145,368094613,verde,vermelho,aleatoria,empate,0,-1,100,0,0,0.0000,0.0600,2376,18,2358,0
145,368094613,verde,azul,aleatoria,empate,0,-1,100,0,0,0.0000,0.1000,2384,19,2365,0
146,15368845,vermelho,verde,aleatoria,empate,0,-1,100,0,0,0.0000,0.0909,2263,5,2258,0
146,15368845,vermelho,vermelho,aleatoria,empate,0,-1,100,0,0,0.0000,0.0000,2507,8,2499,0
146,15368845,vermelho,azul,aleatoria,empate,0,-1,100,0,0,0.0000,0.0300,2321,19,2302,0
147,987658780,azul,verde,aleatoria,empate,0,-1,100,0,0,0.0000,0.0202,2285,1,2284,0
147,987658780,azul,vermelho,aleatoria,empate,0,-1,100,0,0,0.0000,0.0606,2212,3,2209,0
147,987658780,azul,azul,aleatoria,empate,0,-1,100,0,0,0.0000,0.0000,2389,0,2389,0
148,1140005980,verde,verde,aleatoria,empate,0,-1,100,0,0,0.0000,0.0700,2429,4,2425,0
148,1140005980,verde,vermelho,aleatoria,empate,0,-1,100,0,0,0.0000,0.0000,2339,3,2336,0
148,1140005980,verde,azul,aleatoria,empate,0,-1,100,0,0,0.0000,0.0000,2390,0,2390,0
149,2107689852,vermelho,verde,aleatoria,empate,0,-1,100,0,0,0.0000,0.0000,2200,5,2195,0
149,2107689852,vermelho,vermelho,aleatoria,empate,0,-1,100,0,0,0.0000,0.0100,2335,0,2335,0
149,2107689852,vermelho,azul,aleatoria,empate,0,-1,100,0,0,0.0000,0.0200,2157,7,2150,0
150,1111585620,azul,verde,aleatoria,empate,0,-1,100,0,0,0.0000,0.0000,2301,21,2280,0
150,1111585620,azul,vermelho,aleatoria,empate,0,-1,100,0,0,0.0000,0.0505,2414,20,2394,0
150,1111585620,azul,azul,aleatoria,empate,0,-1,100,0,0,0.0000,0.1200,2350,27,2323,0
151,323059078,verde,verde,aleatoria,empate,0,-1,100,0,30,0.0000,0.1300,2093,24,2069,0
151,323059078,verde,vermelho,aleatoria,empate,0,-1,100,30,0,30.0000,0.0900,2249,12,2237,0
151,323059078,verde,azul,aleatoria,empate,0,-1,100,30,30,1.0000,0.0500,2347,38,2309,0
152,1505993271,vermelho,verde,aleatoria,empate,0,-1,100,0,30,0.0000,0.0808,2392,8,2384,0
152,1505993271,vermelho,vermelho,aleatoria,empate,0,-1,100,0,0,0.0000,0.0900,2217,0,2217,0
152,1505993271,vermelho,azul,aleatoria,empate,0,-1,100,30,0,30.0000,0.0500,2411,8,2403,0
153,1332249844,azul,verde,aleatoria,empate,0,-1,100,0,0,0.0000,0.0303,2372,20,2352,0
153,1332249844,azul,vermelho,aleatoria,empate,0,-1,100,0,0,0.0000,0.0202,2440,22,2418,0
153,1332249844,azul,azul,aleatoria,empate,0,-1,100,0,0,0.0000,0.0800,2359,4,2355,0
154,486926662,verde,verde,aleatoria,empate,0,-1,100,0,0,0.0000,0.1600,2490,19,2471,0
154,486926662,verde,vermelho,aleatoria,empate,0,-1,100,0,0,0.0000,0.0300,2480,38,2442,0
154,486926662,verde,azul,aleatoria,empate,0,-1,100,0,0,0.0000,0.1000,2283,0,2283,0
155,228384987,vermelho,verde,aleatoria,empate,0,-1,100,0,0,0.0000,0.0101,2123,15,2108,0
155,228384987,vermelho,vermelho,aleatoria,empate,0,-1,100,0,0,0.0000,0.0000,2324,35,2289,0
155,228384987,vermelho,azul,aleatoria,empate,0,-1,100,0,0,0.0000,0.0500,2289,34,2255,0
156,1338147426,azul,verde,aleatoria,empate,0,-1,100,0,0,0.0000,0.0606,2326,2,2324,0
156,1338147426,azul,vermelho,aleatoria,empate,0,-1,100,0,0,0.0000,0.3030,2340,3,2337,0
156,1338147426,azul,azul,aleatoria,empate,0,-1,100,0,0,0.0000,0.0900,2324,0,2324,0
157,1701265980,verde,verde,aleatoria,empate,0,-1,100,0,0,0.0000,0.0200,2171,0,2171,0
157,1701265980,verde,vermelho,aleatoria,empate,0,-1,100,0,0,0.0000,0.0000,2226,0,2226,0
157,1701265980,verde,azul,aleatoria,empate,0,-1,100,0,0,0.0000,0.2000,2343,0,2343,0
158,2035459300,vermelho,verde,aleatoria,empate,0,-1,100,0,0,0.0000,0.0202,2381,0,2381,0
158,2035459300,vermelho,vermelho,aleatoria,empate,0,-1,100,0,0,0.0000,0.0300,2325,0,2325,0
158,2035459300,vermelho,azul,aleatoria,empate,0,-1,100,0,0,0.0000,0.0900,2294,0,2294,0
159,1984052756,azul,verde,aleatoria,empate,0,-1,100,0,30,0.0000,0.1111,2355,10,2345,0
159,1984052756,azul,vermelho,aleatoria,empate,0,-1,100,30,0,30.0000,0.1010,2397,13,2384,0
159,1984052756,azul,azul,aleatoria,empate,0,-1,100,0,0,0.0000,0.0800,2204,5,2199,0
160,882379617,verde,verde,aleatoria,empate,0,-1,100,30,30,1.0000,0.0800,2283,20,2263,0
160,882379617,verde,vermelho,aleatoria,empate,0,-1,100,0,0,0.0000,0.0000,2420,0,2420,0
160,882379617,verde,azul,aleatoria,empate,0,-1,100,30,30,1.0000,0.0200,2462,20,2442,0
161,155837609,vermelho,verde,aleatoria,empate,0,-1,100,0,0,0.0000,0.0000,2326,0,2326,0
161,155837609,vermelho,vermelho,aleatoria,empate,0,-1,100,0,0,0.0000,0.0100,2347,0,2347,0
161,155837609,vermelho,azul,aleatoria,empate,0,-1,100,0,0,0.0000,0.0100,2206,0,2206,0
162,1949492245,azul,verde,aleatoria,empate,0,-1,100,30,30,1.0000,0.1111,2292,18,2274,0
162,1949492245,azul,vermelho,aleatoria,empate,0,-1,100,30,30,1.0000,0.0000,2396,28,2368,0
162,1949492245,azul,azul,aleatoria,empate,0,-1,100,0,0,0.0000,0.0600,2367,3,2364,0
163,1206746855,verde,verde,aleatoria,empate,0,-1,100,0,0,0.0000,0.0700,2291,0,2291,0
163,1206746855,verde,vermelho,aleatoria,empate,0,-1,100,0,0,0.0000,0.0800,2333,1,2332,0
163,1206746855,verde,azul,aleatoria,empate,0,-1,100,0,0,0.0000,0.0800,2289,2,2287,0
164,383512830,vermelho,verde,aleatoria,empate,0,-1,100,30,0,30.0000,0.0808,2324,28,2296,0
164,383512830,vermelho,vermelho,aleatoria,empate,0,-1,100,0,30,0.0000,0.0200,2433,21,2412,0
164,383512830,vermelho,azul,aleatoria,empate,0,-1,100,0,0,0.0000,0.0300,2104,0,2104,0
165,1238779790,azul,verde,aleatoria,empate,0,-1,100,0,0,0.0000,0.1515,2283,8,2275,0
165,1238779790,azul,vermelho,aleatoria,empate,0,-1,100,0,0,0.0000,0.0303,2246,3,2243,0
165,1238779790,azul,azul,aleatoria,empate,0,-1,100,0,0,0.0000,0.0900,2301,0,2301,0
166,457092375,verde,verde,aleatoria,empate,0,-1,100,0,0,0.0000,0.0300,2378,0,2378,0
166,457092375,verde,vermelho,aleatoria,empate,0,-1,100,0,0,0.0000,0.0500,2241,0,2241,0
166,457092375,verde,azul,aleatoria,empate,0,-1,100,0,0,0.0000,0.0800,2316,0,2316,0
167,1059044347,vermelho,verde,aleatoria,empate,0,-1,100,0,0,0.0000,0.0303,2350,3,2347,0
167,1059044347,vermelho,vermelho,aleatoria,empate,0,-1,100,0,0,0.0000,0.0400,2392,7,2385,0
167,1059044347,vermelho,azul,aleatoria,empate,0,-1,100,0,0,0.0000,0.0200,2124,0,2124,0
168,281457202,azul,verde,aleatoria,empate,0,-1,100,0,0,0.0000,0.0909,2245,2,2243,0
168,281457202,azul,vermelho,aleatoria,empate,0,-1,100,0,0,0.0000,0.0202,2442,8,2434,0
168,281457202,azul,azul,aleatoria,empate,0,-1,100,0,0,0.0000,0.0300,2449,11,2438,0
169,1239046820,verde,verde,aleatoria,empate,0,-1,100,0,0,0.0000,0.0500,2456,6,2450,0
169,1239046820,verde,vermelho,aleatoria,empate,0,-1,100,0,0,0.0000,0.0200,2243,2,2241,0
169,1239046820,verde,azul,aleatoria,empate,0,-1,100,0,0,0.0000,0.0500,2419,3,2416,0
170,461995623,vermelho,verde,aleatoria,empate,0,-1,100,0,0,0.0000,0.1414,2268,0,2268,0
170,461995623,vermelho,vermelho,aleatoria,empate,0,-1,100,0,0,0.0000,0.0000,2321,0,2321,0
170,461995623,vermelho,azul,aleatoria,empate,0,-1,100,0,0,0.0000,0.1100,2220,2,2218,0
171,1520527385,azul,verde,aleatoria,empate,0,-1,100,0,0,0.0000,0.0505,2371,3,2368,0
171,1520527385,azul,vermelho,aleatoria,empate,0,-1,100,0,0,0.0000,0.1111,2214,0,2214,0
171,1520527385,azul,azul,aleatoria,empate,0,-1,100,0,0,0.0000,0.0100,2300,1,2299,0
172,681314169,verde,verde,aleatoria,empate,0,-1,100,0,0,0.0000,0.0200,2312,3,2309,0
172,681314169,verde,vermelho,aleatoria,empate,0,-1,100,0,0,0.0000,0.0400,2369,5,2364,0
172,681314169,verde,azul,aleatoria,empate,0,-1,100,0,0,0.0000,0.0300,2353,1,2352,0
173,1151681641,vermelho,verde,aleatoria,empate,0,-1,100,0,0,0.0000,0.1616,2316,7,2309,0
173,1151681641,vermelho,vermelho,aleatoria,empate,0,-1,100,0,0,0.0000,0.0500,2457,0,2457,0
173,1151681641,vermelho,azul,aleatoria,empate,0,-1,100,0,0,0.0000,0.0100,2380,12,2368,0
174,915322822,azul,verde,aleatoria,empate,0,-1,100,0,0,0.0000,0.0101,2408,0,2408,0
174,915322822,azul,vermelho,aleatoria,empate,0,-1,100,0,0,0.0000,0.0000,2154,3,2151,0
174,915322822,azul,azul,aleatoria,empate,0,-1,100,0,0,0.0000,0.0700,2313,1,2312,0
175,1219387384,verde,verde,aleatoria,empate,0,-1,100,0,0,0.0000,0.0300,2349,16,2333,0
175,1219387384,verde,vermelho,aleatoria,empate,0,-1,100,0,0,0.0000,0.0500,2414,4,2410,0
175,1219387384,verde,azul,aleatoria,empate,0,-1,100,0,0,0.0000,0.0300,2423,15,2408,0
176,669132441,vermelho,verde,aleatoria,empate,0,-1,100,0,0,0.0000,0.1111,2293,0,2293,0
176,669132441,vermelho,vermelho,aleatoria,empate,0,-1,100,0,0,0.0000,0.0700,2293,0,2293,0
176,669132441,vermelho,azul,aleatoria,empate,0,-1,100,0,0,0.0000,0.0000,2278,0,2278,0
177,1538008631,azul,verde,aleatoria,empate,0,-1,100,0,0,0.0000,0.0606,2286,12,2274,0
177,1538008631,azul,vermelho,aleatoria,empate,0,-1,100,0,0,0.0000,0.0909,2372,0,2372,0
177,1538008631,azul,azul,aleatoria,empate,0,-1,100,0,0,0.0000,0.0100,2446,16,2430,0
178,557466564,verde,verde,aleatoria,empate,0,-1,100,0,0,0.0000,0.1200,2299,12,2287,0
178,557466564,verde,vermelho,aleatoria,empate,0,-1,100,0,0,0.0000,0.1200,2426,9,2417,0
178,557466564,verde,azul,aleatoria,empate,0,-1,100,0,0,0.0000,0.0300,2409,3,2406,0
179,1498413934,vermelho,verde,aleatoria,empate,0,-1,100,0,0,0.0000,0.0202,2386,1,2385,0
179,1498413934,vermelho,vermelho,aleatoria,empate,0,-1,100,0,0,0.0000,0.0500,2337,0,2337,0
179,1498413934,vermelho,azul,aleatoria,empate,0,-1,100,0,0,0.0000,0.1100,2140,0,2140,0
180,542293507,azul,verde,aleatoria,empate,0,-1,100,0,0,0.0000,0.0404,2314,16,2298,0
180,542293507,azul,vermelho,aleatoria,empate,0,-1,100,0,0,0.0000,0.1212,2452,10,2442,0
180,542293507,azul,azul,aleatoria,empate,0,-1,100,0,0,0.0000,0.0200,2294,13,2281,0
181,1371703114,verde,verde,aleatoria,empate,0,-1,100,0,0,0.0000,0.0000,2473,12,2461,0
181,1371703114,verde,vermelho,aleatoria,empate,0,-1,100,0,0,0.0000,0.1400,2460,14,2446,0
181,1371703114,verde,azul,aleatoria,empate,0,-1,100,0,0,0.0000,0.0900,2070,8,2062,0
182,117727943,vermelho,verde,aleatoria,empate,0,-1,100,0,0,0.0000,0.0000,2211,4,2207,0
182,117727943,vermelho,vermelho,aleatoria,empate,0,-1,100,0,0,0.0000,0.0300,2467,2,2465,0
182,117727943,vermelho,azul,aleatoria,empate,0,-1,100,0,0,0.0000,0.0000,2259,0,2259,0
183,603806591,azul,verde,aleatoria,empate,0,-1,100,0,0,0.0000,0.0808,2411,11,2400,0
183,603806591,azul,vermelho,aleatoria,empate,0,-1,100,0,0,0.0000,0.0101,2347,9,2338,0
183,603806591,azul,azul,aleatoria,empate,0,-1,100,0,0,0.0000,0.0300,2298,12,2286,0
184,699897077,verde,verde,aleatoria,empate,0,-1,100,0,0,0.0000,0.0800,2310,10,2300,0
184,699897077,verde,vermelho,aleatoria,empate,0,-1,100,0,0,0.0000,0.0000,2362,14,2348,0
184,699897077,verde,azul,aleatoria,empate,0,-1,100,0,0,0.0000,0.1000,2400,18,2382,0
185,519069263,vermelho,verde,aleatoria,empate,0,-1,100,0,0,0.0000,0.0404,2159,0,2159,0
185,519069263,vermelho,vermelho,aleatoria,empate,0,-1,100,0,0,0.0000,0.0200,2473,1,2472,0
185,519069263,vermelho,azul,aleatoria,empate,0,-1,100,0,0,0.0000,0.1300,2418,2,2416,0
186,1300684724,azul,verde,aleatoria,empate,0,-1,100,0,0,0.0000,0.0000,2328,21,2307,0
186,1300684724,azul,vermelho,aleatoria,empate,0,-1,100,0,0,0.0000,0.1515,2365,19,2346,0
186,1300684724,azul,azul,aleatoria,empate,0,-1,100,0,0,0.0000,0.0000,2441,14,2427,0
187,1520408512,verde,verde,aleatoria,empate,0,-1,100,0,0,0.0000,0.1200,2315,0,2315,0
187,1520408512,verde,vermelho,aleatoria,empate,0,-1,100,0,0,0.0000,0.0200,2248,1,2247,0
187,1520408512,verde,azul,aleatoria,empate,0,-1,100,0,0,0.0000,0.0000,2164,1,2163,0
188,1385646527,vermelho,verde,aleatoria,empate,0,-1,100,0,0,0.0000,0.0707,2427,2,2425,0
188,1385646527,vermelho,vermelho,aleatoria,empate,0,-1,100,0,0,0.0000,0.0600,2400,6,2394,0
188,1385646527,vermelho,azul,aleatoria,empate,0,-1,100,0,0,0.0000,0.1200,2357,8,2349,0
189,1017835355,azul,verde,aleatoria,empate,0,-1,100,0,0,0.0000,0.0505,2413,9,2404,0
189,1017835355,azul,vermelho,aleatoria,empate,0,-1,100,0,0,0.0000,0.0505,2293,3,2290,0
189,1017835355,azul,azul,aleatoria,empate,0,-1,100,0,0,0.0000,0.1300,2338,0,2338,0
190,1799545139,verde,verde,aleatoria,empate,0,-1,100,0,0,0.0000,0.0400,2420,12,2408,0
190,1799545139,verde,vermelho,aleatoria,empate,0,-1,100,0,0,0.0000,0.0400,2450,13,2437,0
190,1799545139,verde,azul,aleatoria,empate,0,-1,100,0,0,0.0000,0.0900,2340,15,2325,0
191,129883519,vermelho,verde,aleatoria,empate,0,-1,100,0,0,0.0000,0.0606,2145,12,2133,0
191,129883519,vermelho,vermelho,aleatoria,empate,0,-1,100,0,0,0.0000,0.0600,2378,13,2365,0
191,129883519,vermelho,azul,aleatoria,empate,0,-1,100,0,0,0.0000,0.1100,2453,1,2452,0
192,1102580056,azul,verde,aleatoria,empate,0,-1,100,0,0,0.0000,0.0606,2369,7,2362,0
192,1102580056,azul,vermelho,aleatoria,empate,0,-1,100,0,0,0.0000,0.0808,2264,0,2264,0
192,1102580056,azul,azul,aleatoria,empate,0,-1,100,0,0,0.0000,0.0200,2452,4,2448,0
193,1554659575,verde,verde,aleatoria,empate,0,-1,100,0,0,0.0000,0.0000,2320,11,2309,0
193,1554659575,verde,vermelho,aleatoria,empate,0,-1,100,0,0,0.0000,0.0000,2236,9,2227,0
193,1554659575,verde,azul,aleatoria,empate,0,-1,100,0,0,0.0000,0.0500,2380,9,2371,0
194,1156300410,vermelho,verde,aleatoria,empate,0,-1,100,0,0,0.0000,0.1111,2270,0,2270,0
194,1156300410,vermelho,vermelho,aleatoria,empate,0,-1,100,0,0,0.0000,0.0800,2385,2,2383,0
194,1156300410,vermelho,azul,aleatoria,empate,0,-1,100,0,0,0.0000,0.0400,2391,0,2391,0
195,529621933,azul,verde,aleatoria,empate,0,-1,100,0,0,0.0000,0.1717,2376,24,2352,0
195,529621933,azul,vermelho,aleatoria,empate,0,-1,100,0,0,0.0000,0.0707,2361,0,2361,0
195,529621933,azul,azul,aleatoria,empate,0,-1,100,0,0,0.0000,0.0300,2293,18,2275,0
196,1734993955,verde,verde,aleatoria,empate,0,-1,100,0,0,0.0000,0.0700,2426,0,2426,0
196,1734993955,verde,vermelho,aleatoria,empate,0,-1,100,0,0,0.0000,0.0300,2358,4,2354,0
196,1734993955,verde,azul,aleatoria,empate,0,-1,100,0,0,0.0000,0.0400,2495,6,2489,0
197,178452452,vermelho,verde,aleatoria,empate,0,-1,100,0,0,0.0000,0.0505,2241,12,2229,0
197,178452452,vermelho,vermelho,aleatoria,empate,0,-1,100,0,0,0.0000,0.0100,2409,2,2407,0
197,178452452,vermelho,azul,aleatoria,empate,0,-1,100,0,0,0.0000,0.0800,2350,14,2336,0
198,521402375,azul,verde,aleatoria,empate,0,-1,100,0,0,0.0000,0.1111,2362,0,2362,0
198,521402375,azul,vermelho,aleatoria,empate,0,-1,100,0,0,0.0000,0.0808,2368,0,2368,0
198,521402375,azul,azul,aleatoria,empate,0,-1,100,0,0,0.0000,0.0100,2247,0,2247,0
199,105700785,verde,verde,aleatoria,empate,0,-1,100,0,0,0.0000,0.1300,2491,30,2461,0
199,105700785,verde,vermelho,aleatoria,empate,0,-1,100,0,0,0.0000,0.0600,2413,17,2396,0
199,105700785,verde,azul,aleatoria,empate,0,-1,100,0,0,0.0000,0.2300,2443,0,2443,0
200,2008931110,vermelho,verde,aleatoria,empate,0,-1,100,0,0,0.0000,0.0404,2324,0,2324,0
200,2008931110,vermelho,vermelho,aleatoria,empate,0,-1,100,0,0,0.0000,0.0600,2372,9,2363,0
200,2008931110,vermelho,azul,aleatoria,empate,0,-1,100,0,0,0.0000,0.0800,2387,13,2374,0
201,1342046878,azul,verde,aleatoria,empate,0,-1,100,0,0,0.0000,0.0404,1866,14,1852,0
201,1342046878,azul,vermelho,aleatoria,empate,0,-1,100,0,0,0.0000,0.0505,2221,0,2221,0
201,1342046878,azul,azul,aleatoria,empate,0,-1,100,0,0,0.0000,0.0200,2388,17,2371,0
202,953152536,verde,verde,aleatoria,empate,0,-1,100,0,0,0.0000,0.0900,2072,19,2053,0
202,953152536,verde,vermelho,aleatoria,empate,0,-1,100,0,0,0.0000,0.0400,2290,22,2268,0
202,953152536,verde,azul,aleatoria,empate,0,-1,100,0,0,0.0000,0.0600,2381,8,2373,0
203,1936411928,vermelho,verde,aleatoria,empate,0,-1,100,0,0,0.0000,0.0606,2286,8,2278,0
203,1936411928,vermelho,vermelho,aleatoria,empate,0,-1,100,0,0,0.0000,0.1200,2449,7,2442,0
203,1936411928,vermelho,azul,aleatoria,empate,0,-1,100,0,0,0.0000,0.0100,2296,1,2295,0
204,1166957166,azul,verde,aleatoria,empate,0,-1,100,0,0,0.0000,0.1616,2309,7,2302,0
204,1166957166,azul,vermelho,aleatoria,empate,0,-1,100,0,0,0.0000,0.0404,2223,6,2217,0
204,1166957166,azul,azul,aleatoria,empate,0,-1,100,0,0,0.0000,0.0900,2268,0,2268,0
205,1693299176,verde,verde,aleatoria,empate,0,-1,100,0,0,0.0000,0.0900,2314,0,2314,0
205,1693299176,verde,vermelho,aleatoria,empate,0,-1,100,0,30,0.0000,0.0000,2370,14,2356,0
205,1693299176,verde,azul,aleatoria,empate,0,-1,100,30,0,30.0000,0.0000,2267,15,2252,0
206,1869436229,vermelho,verde,aleatoria,empate,0,-1,100,0,0,0.0000,0.2323,2470,1,2469,0
206,1869436229,vermelho,vermelho,aleatoria,empate,0,-1,100,0,0,0.0000,0.0400,2372,0,2372,0
206,1869436229,vermelho,azul,aleatoria,empate,0,-1,100,0,0,0.0000,0.0000,2118,1,2117,0
207,145879472,azul,verde,aleatoria,empate,0,-1,100,0,0,0.0000,0.0404,2182,2,2180,0
207,145879472,azul,vermelho,aleatoria,empate,0,-1,100,0,0,0.0000,0.0202,2427,2,2425,0
207,145879472,azul,azul,aleatoria,empate,0,-1,100,0,0,0.0000,0.0100,1944,2,1942,0
208,149114399,verde,verde,aleatoria,empate,0,-1,100,0,0,0.0000,0.0800,2264,15,2249,0
208,149114399,verde,vermelho,aleatoria,empate,0,-1,100,0,0,0.0000,0.0500,2444,17,2427,0
208,149114399,verde,azul,aleatoria,empate,0,-1,100,0,0,0.0000,0.0200,2415,0,2415,0
209,1683453032,vermelho,verde,aleatoria,empate,0,-1,100,0,0,0.0000,0.0707,2328,0,2328,0
209,1683453032,vermelho,vermelho,aleatoria,empate,0,-1,100,0,0,0.0000,0.1700,2398,0,2398,0
209,1683453032,vermelho,azul,aleatoria,empate,0,-1,100,0,0,0.0000,0.0300,2349,0,2349,0
210,1180105192,azul,verde,aleatoria,empate,0,-1,100,0,0,0.0000,0.0404,2219,10,2209,0
210,1180105192,azul,vermelho,aleatoria,empate,0,-1,100,0,0,0.0000,0.2727,2225,0,2225,0
210,1180105192,azul,azul,aleatoria,empate,0,-1,100,0,0,0.0000,0.0200,2235,8,2227,0
211,706502710,verde,verde,aleatoria,empate,0,-1,100,0,0,0.0000,0.0000,2400,20,2380,0
211,706502710,verde,vermelho,aleatoria,empate,0,-1,100,0,0,0.0000,0.1500,2301,21,2280,0
211,706502710,verde,azul,aleatoria,empate,0,-1,100,0,0,0.0000,0.0800,2377,11,2366,0
212,1552000050,vermelho,verde,aleatoria,empate,0,-1,100,0,0,0.0000,0.0606,2239,0,2239,0
212,1552000050,vermelho,vermelho,aleatoria,empate,0,-1,100,0,0,0.0000,0.0100,2266,0,2266,0
212,1552000050,vermelho,azul,aleatoria,empate,0,-1,100,0,0,0.0000,0.0200,2331,0,2331,0
213,1627387955,azul,verde,aleatoria,empate,0,-1,100,30,0,30.0000,0.1010,2280,21,2259,0
213,1627387955,azul,vermelho,aleatoria,empate,0,-1,100,0,30,0.0000,0.0404,2272,11,2261,0
213,1627387955,azul,azul,aleatoria,empate,0,-1,100,0,0,0.0000,0.0100,2380,7,2373,0
214,692168545,verde,verde,aleatoria,empate,0,-1,100,0,30,0.0000,0.0000,2471,15,2456,0
214,692168545,verde,vermelho,aleatoria,empate,0,-1,100,0,0,0.0000,0.1000,2238,0,2238,0
214,692168545,verde,azul,aleatoria,empate,0,-1,100,30,0,30.0000,0.0100,2473,19,2454,0
215,1117255669,vermelho,verde,aleatoria,empate,0,-1,100,0,0,0.0000,0.0303,2431,0,2431,0
215,1117255669,vermelho,vermelho,aleatoria,empate,0,-1,100,0,0,0.0000,0.0900,2263,8,2255,0
215,1117255669,vermelho,azul,aleatoria,empate,0,-1,100,0,0,0.0000,0.0800,2286,9,2277,0
216,1291571188,azul,verde,aleatoria,empate,0,-1,100,0,0,0.0000,0.0303,2316,0,2316,0
216,1291571188,azul,vermelho,aleatoria,empate,0,-1,100,0,0,0.0000,0.0000,2431,0,2431,0
216,1291571188,azul,azul,aleatoria,empate,0,-1,100,0,0,0.0000,0.1300,2266,0,2266,0
217,1835059891,verde,verde,aleatoria,empate,0,-1,100,0,0,0.0000,0.0600,2221,9,2212,0
217,1835059891,verde,vermelho,aleatoria,empate,0,-1,100,0,0,0.0000,0.0700,2479,7,2472,0
217,1835059891,verde,azul,aleatoria,empate,0,-1,100,0,0,0.0000,0.0800,2226,3,2223,0
218,770527005,vermelho,verde,aleatoria,empate,0,-1,100,0,0,0.0000,0.0101,2353,21,2332,0
218,770527005,vermelho,vermelho,aleatoria,empate,0,-1,100,0,0,0.0000,0.2100,2282,0,2282,0
218,770527005,vermelho,azul,aleatoria,empate,0,-1,100,0,0,0.0000,0.0000,2250,17,2233,0
219,1839775962,azul,verde,aleatoria,empate,0,-1,100,0,0,0.0000,0.0303,2450,13,2437,0
219,1839775962,azul,vermelho,aleatoria,empate,0,-1,100,0,0,0.0000,0.0808,2469,9,2460,0
219,1839775962,azul,azul,aleatoria,empate,0,-1,100,0,0,0.0000,0.0000,2409,1,2408,0
220,786723664,verde,verde,aleatoria,empate,0,-1,100,0,0,0.0000,0.1200,2250,0,2250,0
220,786723664,verde,vermelho,aleatoria,empate,0,-1,100,0,0,0.0000,0.0600,2309,0,2309,0
220,786723664,verde,azul,aleatoria,empate,0,-1,100,0,0,0.0000,0.0000,2203,0,2203,0
221,1984655043,vermelho,verde,aleatoria,empate,0,-1,100,0,0,0.0000,0.0101,2277,0,2277,0
221,1984655043,vermelho,vermelho,aleatoria,empate,0,-1,100,0,0,0.0000,0.0300,2359,0,2359,0
221,1984655043,vermelho,azul,aleatoria,empate,0,-1,100,0,0,0.0000,0.0000,2287,0,2287,0
222,2038087983,azul,verde,aleatoria,empate,0,-1,100,0,0,0.0000,0.0505,2300,1,2299,0
222,2038087983,azul,vermelho,aleatoria,empate,0,-1,100,30,0,30.0000,0.0909,2251,27,2224,0
222,2038087983,azul,azul,aleatoria,empate,0,-1,100,0,30,0.0000,0.0400,1903,24,1879,0
223,24191029,verde,verde,aleatoria,empate,0,-1,100,0,0,0.0000,0.1200,2336,2,2334,0
223,24191029,verde,vermelho,aleatoria,empate,0,-1,100,0,0,0.0000,0.1200,2433,6,2427,0
223,24191029,verde,azul,aleatoria,empate,0,-1,100,0,0,0.0000,0.1100,2221,0,2221,0
224,1641540538,vermelho,verde,aleatoria,empate,0,-1,100,0,0,0.0000,0.0303,2298,13,2285,0
224,1641540538,vermelho,vermelho,aleatoria,empate,0,-1,100,0,0,0.0000,0.0200,2378,17,2361,0
224,1641540538,vermelho,azul,aleatoria,empate,0,-1,100,0,0,0.0000,0.1100,2260,15,2245,0
225,951702792,azul,verde,aleatoria,empate,0,-1,100,30,0,30.0000,0.1313,2359,8,2351,0
225,951702792,azul,vermelho,aleatoria,empate,0,-1,100,0,0,0.0000,0.0000,2402,0,2402,0
225,951702792,azul,azul,aleatoria,empate,0,-1,100,0,30,0.0000,0.0200,2322,13,2309,0
226,675296008,verde,verde,aleatoria,empate,0,-1,100,0,0,0.0000,0.0700,2109,0,2109,0
226,675296008,verde,vermelho,aleatoria,empate,0,-1,100,0,0,0.0000,0.0200,2176,0,2176,0
226,675296008,verde,azul,aleatoria,empate,0,-1,100,0,0,0.0000,0.0300,2210,0,2210,0
227,559324355,vermelho,verde,aleatoria,empate,0,-1,100,0,0,0.0000,0.0303,2418,7,2411,0
227,559324355,vermelho,vermelho,aleatoria,empate,0,-1,100,0,0,0.0000,0.0400,2431,0,2431,0
227,559324355,vermelho,azul,aleatoria,empate,0,-1,100,0,0,0.0000,0.0100,2312,7,2305,0
228,981530121,azul,verde,aleatoria,empate,0,-1,100,0,0,0.0000,0.0606,2381,21,2360,0
228,981530121,azul,vermelho,aleatoria,empate,0,-1,100,0,0,0.0000,0.0707,2399,1,2398,0
228,981530121,azul,azul,aleatoria,empate,0,-1,100,0,0,0.0000,0.1500,2429,21,2408,0
229,1656250677,verde,verde,aleatoria,empate,0,-1,100,0,0,0.0000,0.0000,2171,0,2171,0
229,1656250677,verde,vermelho,aleatoria,empate,0,-1,100,0,0,0.0000,0.0300,2165,3,2162,0
229,1656250677,verde,azul,aleatoria,empate,0,-1,100,0,0,0.0000,0.0000,2416,4,2412,0
230,207735304,vermelho,verde,aleatoria,empate,0,-1,100,0,30,0.0000,0.1515,2319,8,2311,0
230,207735304,vermelho,vermelho,aleatoria,empate,0,-1,100,0,0,0.0000,0.0000,2205,1,2204,0
230,207735304,vermelho,azul,aleatoria,empate,0,-1,100,30,0,30.0000,0.1500,2312,11,2301,0
231,989711541,azul,verde,aleatoria,empate,0,-1,100,0,0,0.0000,0.1212,2322,9,2313,0
231,989711541,azul,vermelho,aleatoria,empate,0,-1,100,0,0,0.0000,0.0606,2437,4,2433,0
231,989711541,azul,azul,aleatoria,empate,0,-1,100,0,0,0.0000,0.0300,2173,4,2169,0
232,1444584449,verde,verde,aleatoria,empate,0,-1,100,0,0,0.0000,0.0100,2516,21,2495,0
232,1444584449,verde,vermelho,aleatoria,empate,0,-1,100,0,0,0.0000,0.0000,2494,30,2464,0
232,1444584449,verde,azul,aleatoria,empate,0,-1,100,0,0,0.0000,0.0000,2189,0,2189,0
233,594435942,vermelho,verde,aleatoria,empate,0,-1,100,0,0,0.0000,0.1111,2295,0,2295,0
233,594435942,vermelho,vermelho,aleatoria,empate,0,-1,100,0,0,0.0000,0.0300,2416,0,2416,0
233,594435942,vermelho,azul,aleatoria,empate,0,-1,100,0,0,0.0000,0.0300,2331,0,2331,0
234,1488348715,azul,verde,aleatoria,empate,0,-1,100,0,0,0.0000,0.1010,2259,4,2255,0
234,1488348715,azul,vermelho,aleatoria,empate,0,-1,100,20,0,20.0000,0.0606,2394,15,2379,0
234,1488348715,azul,azul,aleatoria,empate,0,-1,100,0,20,0.0000,0.0500,2489,10,2479,0
235,15411380,verde,verde,aleatoria,empate,0,-1,100,0,0,0.0000,0.0200,2054,2,2052,0
235,15411380,verde,vermelho,aleatoria,empate,0,-1,100,0,0,0.0000,0.1800,2409,23,2386,0
235,15411380,verde,azul,aleatoria,empate,0,-1,100,0,0,0.0000,0.1400,2474,22,2452,0
236,893382118,vermelho,verde,aleatoria,empate,0,-1,100,0,0,0.0000,0.0000,2203,0,2203,0
236,893382118,vermelho,vermelho,aleatoria,empate,0,-1,100,0,0,0.0000,0.1400,2351,22,2329,0
236,893382118,vermelho,azul,aleatoria,empate,0,-1,100,0,0,0.0000,0.0000,2481,17,2464,0
237,829102571,azul,verde,aleatoria,empate,0,-1,100,0,0,0.0000,0.1919,2434,5,2429,0
237,829102571,azul,vermelho,aleatoria,empate,0,-1,100,0,0,0.0000,0.0101,2281,0,2281,0
237,829102571,azul,azul,aleatoria,empate,0,-1,100,0,0,0.0000,0.0300,2378,17,2361,0
238,1104959249,verde,verde,aleatoria,empate,0,-1,100,0,0,0.0000,0.0900,2443,3,2440,0
238,1104959249,verde,vermelho,aleatoria,empate,0,-1,100,0,0,0.0000,0.0900,2399,10,2389,0
238,1104959249,verde,azul,aleatoria,empate,0,-1,100,0,0,0.0000,0.0400,2300,16,2284,0
239,436567940,vermelho,verde,aleatoria,empate,0,-1,100,0,0,0.0000,0.0202,2285,10,2275,0
239,436567940,vermelho,vermelho,aleatoria,empate,0,-1,100,0,0,0.0000,0.0000,2476,2,2474,0
239,436567940,vermelho,azul,aleatoria,empate,0,-1,100,0,0,0.0000,0.0800,2377,14,2363,0
240,314003729,azul,verde,aleatoria,empate,0,-1,100,0,0,0.0000,0.0404,2255,13,2242,0
240,314003729,azul,vermelho,aleatoria,empate,0,-1,100,0,0,0.0000,0.0202,2227,0,2227,0
240,314003729,azul,azul,aleatoria,empate,0,-1,100,0,0,0.0000,0.0500,2437,14,2423,0
241,334422033,verde,verde,aleatoria,empate,0,-1,100,0,0,0.0000,0.0300,2437,19,2418,0
241,334422033,verde,vermelho,aleatoria,empate,0,-1,100,0,0,0.0000,0.0400,2386,5,2381,0
241,334422033,verde,azul,aleatoria,empate,0,-1,100,0,0,0.0000,0.0500,2400,10,2390,0
242,251380444,vermelho,verde,aleatoria,empate,0,-1,100,0,0,0.0000,0.0808,2314,6,2308,0
242,251380444,vermelho,vermelho,aleatoria,empate,0,-1,100,0,0,0.0000,0.0800,2322,5,2317,0
242,251380444,vermelho,azul,aleatoria,empate,0,-1,100,0,0,0.0000,0.1200,2416,1,2415,0
243,1102806774,azul,verde,aleatoria,empate,0,-1,100,0,0,0.0000,0.0202,2206,3,2203,0
243,1102806774,azul,vermelho,aleatoria,empate,0,-1,100,30,0,30.0000,0.0505,2428,29,2399,0
243,1102806774,azul,azul,aleatoria,empate,0,-1,100,0,30,0.0000,0.0500,2389,19,2370,0
244,1761145918,verde,verde,aleatoria,empate,0,-1,100,0,0,0.0000,0.0500,1958,25,1933,0
244,1761145918,verde,vermelho,aleatoria,empate,0,-1,100,0,0,0.0000,0.0000,2055,0,2055,0
244,1761145918,verde,azul,aleatoria,empate,0,-1,100,0,0,0.0000,0.0900,2266,29,2237,0
245,1986957636,vermelho,verde,aleatoria,empate,0,-1,100,0,0,0.0000,0.0808,2425,22,2403,0
245,1986957636,vermelho,vermelho,aleatoria,empate,0,-1,100,0,0,0.0000,0.1900,2360,12,2348,0
245,1986957636,vermelho,azul,aleatoria,empate,0,-1,100,0,0,0.0000,0.0500,2462,15,2447,0
246,1517405042,azul,verde,aleatoria,empate,0,-1,100,0,0,0.0000,0.0707,2210,0,2210,0
246,1517405042,azul,vermelho,aleatoria,empate,0,-1,100,0,0,0.0000,0.1010,2360,12,2348,0
246,1517405042,azul,azul,aleatoria,empate,0,-1,100,0,0,0.0000,0.1300,2312,7,2305,0
247,286550506,verde,verde,aleatoria,empate,0,-1,100,0,0,0.0000,0.0100,2316,10,2306,0
247,286550506,verde,vermelho,aleatoria,empate,0,-1,100,0,0,0.0000,0.1300,2332,6,2326,0
247,286550506,verde,azul,aleatoria,empate,0,-1,100,0,0,0.0000,0.0900,2153,0,2153,0
248,137304799,vermelho,verde,aleatoria,empate,0,-1,100,0,0,0.0000,0.1919,2092,0,2092,0
248,137304799,vermelho,vermelho,aleatoria,empate,0,-1,100,0,0,0.0000,0.0200,2324,0,2324,0
248,137304799,vermelho,azul,aleatoria,empate,0,-1,100,0,0,0.0000,0.0100,2396,0,2396,0
249,705417887,azul,verde,aleatoria,empate,0,-1,100,0,0,0.0000,0.1414,2003,0,2003,0
249,705417887,azul,vermelho,aleatoria,empate,0,-1,100,0,0,0.0000,0.0000,2357,0,2357,0
249,705417887,azul,azul,aleatoria,empate,0,-1,100,0,0,0.0000,0.0800,2390,1,2389,0
250,726116545,verde,verde,aleatoria,empate,0,-1,100,0,0,0.0000,0.0200,2090,0,2090,0
250,726116545,verde,vermelho,aleatoria,empate,0,-1,100,0,0,0.0000,0.0800,2271,10,2261,0
250,726116545,verde,azul,aleatoria,empate,0,-1,100,0,0,0.0000,0.1000,2208,11,2197,0
251,1291141008,vermelho,verde,aleatoria,empate,0,-1,100,30,0,30.0000,0.0404,2387,13,2374,0
251,1291141008,vermelho,vermelho,aleatoria,empate,0,-1,100,0,30,0.0000,0.0500,2371,25,2346,0
251,1291141008,vermelho,azul,aleatoria,empate,0,-1,100,0,0,0.0000,0.0200,2357,0,2357,0
252,397193934,azul,verde,aleatoria,empate,0,-1,100,0,0,0.0000,0.0505,2357,7,2350,0
252,397193934,azul,vermelho,aleatoria,empate,0,-1,100,0,0,0.0000,0.1212,2074,3,2071,0
252,397193934,azul,azul,aleatoria,empate,0,-1,100,0,0,0.0000,0.1000,2456,4,2452,0
253,214387698,verde,verde,aleatoria,empate,0,-1,100,0,0,0.0000,0.1100,2254,4,2250,0
253,214387698,verde,vermelho,aleatoria,empate,0,-1,100,0,0,0.0000,0.0700,2248,6,2242,0
253,214387698,verde,azul,aleatoria,empate,0,-1,100,0,0,0.0000,0.0300,2397,0,2397,0
254,2132358912,vermelho,verde,aleatoria,empate,0,-1,100,0,0,0.0000,0.0808,2246,1,2245,0
254,2132358912,vermelho,vermelho,aleatoria,empate,0,-1,100,0,0,0.0000,0.0000,2118,0,2118,0
254,2132358912,vermelho,azul,aleatoria,empate,0,-1,100,0,0,0.0000,0.0900,2405,3,2402,0
255,58356795,azul,verde,aleatoria,empate,0,-1,100,0,0,0.0000,0.0505,2303,19,2284,0
255,58356795,azul,vermelho,aleatoria,empate,0,-1,100,0,0,0.0000,0.0808,2437,8,2429,0
255,58356795,azul,azul,aleatoria,empate,0,-1,100,0,0,0.0000,0.0400,2258,28,2230,0
256,1589790228,verde,verde,aleatoria,empate,0,-1,100,0,0,0.0000,0.0500,2133,0,2133,0
256,1589790228,verde,vermelho,aleatoria,empate,0,-1,100,0,0,0.0000,0.0000,2497,24,2473,0
256,1589790228,verde,azul,aleatoria,empate,0,-1,100,0,0,0.0000,0.0000,2466,29,2437,0
257,435970243,vermelho,verde,aleatoria,empate,0,-1,100,0,0,0.0000,0.0505,2312,2,2310,0
257,435970243,vermelho,vermelho,aleatoria,empate,0,-1,100,0,30,0.0000,0.0900,2367,7,2360,0
257,435970243,vermelho,azul,aleatoria,empate,0,-1,100,30,0,30.0000,0.0600,2327,9,2318,0
258,1527342900,azul,verde,aleatoria,empate,0,-1,100,0,0,0.0000,0.0202,2310,10,2300,0
258,1527342900,azul,vermelho,aleatoria,empate,0,-1,100,0,0,0.0000,0.0707,2292,11,2281,0
258,1527342900,azul,azul,aleatoria,empate,0,-1,100,0,0,0.0000,0.0200,2272,0,2272,0
259,1108040743,verde,verde,aleatoria,empate,0,-1,100,0,0,0.0000,0.0200,2031,6,2025,0
259,1108040743,verde,vermelho,aleatoria,empate,0,-1,100,0,0,0.0000,0.0000,2156,7,2149,0
259,1108040743,verde,azul,aleatoria,empate,0,-1,100,0,0,0.0000,0.0400,2435,0,2435,0
260,1006993171,vermelho,verde,aleatoria,empate,0,-1,100,0,0,0.0000,0.0505,2275,0,2275,0
260,1006993171,vermelho,vermelho,aleatoria,empate,0,-1,100,0,0,0.0000,0.0200,2336,0,2336,0
260,1006993171,vermelho,azul,aleatoria,empate,0,-1,100,0,0,0.0000,0.0500,2269,0,2269,0
261,275007496,azul,verde,aleatoria,empate,0,-1,100,0,0,0.0000,0.1212,2362,3,2359,0
261,275007496,azul,vermelho,aleatoria,empate,0,-1,100,0,0,0.0000,0.0000,2099,0,2099,0
261,275007496,azul,azul,aleatoria,empate,0,-1,100,0,0,0.0000,0.0900,2438,4,2434,0
262,1290417309,verde,verde,aleatoria,empate,0,-1,100,0,0,0.0000,0.0400,2232,1,2231,0
262,1290417309,verde,vermelho,aleatoria,empate,0,-1,100,0,0,0.0000,0.0000,2497,4,2493,0
262,1290417309,verde,azul,aleatoria,empate,0,-1,100,0,0,0.0000,0.0900,2209,2,2207,0
263,1970741504,vermelho,verde,aleatoria,empate,0,-1,100,0,0,0.0000,0.0202,2298,0,2298,0
263,1970741504,vermelho,vermelho,aleatoria,empate,0,-1,100,0,0,0.0000,0.0300,2360,0,2360,0
263,1970741504,vermelho,azul,aleatoria,empate,0,-1,100,0,0,0.0000,0.0200,2331,0,2331,0
264,432544778,azul,verde,aleatoria,empate,0,-1,100,0,0,0.0000,0.0606,2296,0,2296,0
264,432544778,azul,vermelho,aleatoria,empate,0,-1,100,0,0,0.0000,0.0707,2330,0,2330,0
264,432544778,azul,azul,aleatoria,empate,0,-1,100,0,0,0.0000,0.0300,2350,0,2350,0
265,1532962704,verde,verde,aleatoria,empate,0,-1,100,0,30,0.0000,0.0000,2373,18,2355,0
265,1532962704,verde,vermelho,aleatoria,empate,0,-1,100,30,0,30.0000,0.0300,2476,19,2457,0
265,1532962704,verde,azul,aleatoria,empate,0,-1,100,0,0,0.0000,0.0300,2428,0,2428,0
266,1798660105,vermelho,verde,aleatoria,empate,0,-1,100,0,30,0.0000,0.0606,2422,9,2413,0
266,1798660105,vermelho,vermelho,aleatoria,empate,0,-1,100,30,0,30.0000,0.0200,2361,14,2347,0
266,1798660105,vermelho,azul,aleatoria,empate,0,-1,100,0,0,0.0000,0.0300,2474,0,2474,0
267,358080245,azul,verde,aleatoria,empate,0,-1,100,0,0,0.0000,0.0303,2438,4,2434,0
267,358080245,azul,vermelho,aleatoria,empate,0,-1,100,0,0,0.0000,0.0505,2162,0,2162,0
267,358080245,azul,azul,aleatoria,empate,0,-1,100,0,0,0.0000,0.0800,2400,8,2392,0
268,1943115339,verde,verde,aleatoria,empate,0,-1,100,30,0,30.0000,0.0300,2228,14,2214,0
268,1943115339,verde,vermelho,aleatoria,empate,0,-1,100,0,0,0.0000,0.1400,2380,0,2380,0
268,1943115339,verde,azul,aleatoria,empate,0,-1,100,0,30,0.0000,0.0000,2193,16,2177,0
269,477278850,vermelho,verde,aleatoria,empate,0,-1,100,0,0,0.0000,0.0404,2418,0,2418,0
269,477278850,vermelho,vermelho,aleatoria,empate,0,-1,100,0,0,0.0000,0.0900,2409,1,2408,0
269,477278850,vermelho,azul,aleatoria,empate,0,-1,100,0,0,0.0000,0.0000,2355,1,2354,0
270,522803334,azul,verde,aleatoria,empate,0,-1,100,0,0,0.0000,0.0101,2280,8,2272,0
270,522803334,azul,vermelho,aleatoria,empate,0,-1,100,0,0,0.0000,0.0606,2325,17,2308,0
270,522803334,azul,azul,aleatoria,empate,0,-1,100,0,0,0.0000,0.0300,2352,8,2344,0
271,1159399617,verde,verde,aleatoria,empate,0,-1,100,0,0,0.0000,0.0000,2454,3,2451,0
271,1159399617,verde,vermelho,aleatoria,empate,0,-1,100,0,0,0.0000,0.0200,2375,0,2375,0
271,1159399617,verde,azul,aleatoria,empate,0,-1,100,0,0,0.0000,0.0000,2311,3,2308,0
272,1955071387,vermelho,verde,aleatoria,empate,0,-1,100,0,0,0.0000,0.0101,2326,0,2326,0
272,1955071387,vermelho,vermelho,aleatoria,empate,0,-1,100,0,0,0.0000,0.0100,2312,0,2312,0
272,1955071387,vermelho,azul,aleatoria,empate,0,-1,100,0,0,0.0000,0.1000,2205,0,2205,0
273,2082054462,azul,verde,aleatoria,empate,0,-1,100,0,0,0.0000,0.0404,2462,15,2447,0
273,2082054462,azul,vermelho,aleatoria,empate,0,-1,100,0,0,0.0000,0.0505,2227,0,2227,0
273,2082054462,azul,azul,aleatoria,empate,0,-1,100,0,0,0.0000,0.0000,2185,14,2171,0
274,616255602,verde,verde,aleatoria,empate,0,-1,100,30,0,30.0000,0.0700,2386,27,2359,0
274,616255602,verde,vermelho,aleatoria,empate,0,-1,100,0,30,0.0000,0.0000,2436,14,2422,0
274,616255602,verde,azul,aleatoria,empate,0,-1,100,0,0,0.0000,0.0000,2318,0,2318,0
275,330685898,vermelho,verde,aleatoria,empate,0,-1,100,0,0,0.0000,0.1717,2353,0,2353,0
275,330685898,vermelho,vermelho,aleatoria,empate,0,-1,100,0,0,0.0000,0.0100,2152,7,2145,0
275,330685898,vermelho,azul,aleatoria,empate,0,-1,100,0,0,0.0000,0.0800,2427,7,2420,0
276,293034207,azul,verde,aleatoria,empate,0,-1,100,0,0,0.0000,0.0808,2356,14,2342,0
276,293034207,azul,vermelho,aleatoria,empate,0,-1,100,0,0,0.0000,0.0808,2307,14,2293,0
276,293034207,azul,azul,aleatoria,empate,0,-1,100,0,0,0.0000,0.0900,2167,0,2167,0
277,1726906955,verde,verde,aleatoria,empate,0,-1,100,0,0,0.0000,0.0300,2192,0,2192,0
277,1726906955,verde,vermelho,aleatoria,empate,0,-1,100,0,0,0.0000,0.0600,2206,6,2200,0
277,1726906955,verde,azul,aleatoria,empate,0,-1,100,0,0,0.0000,0.1100,2316,6,2310,0
278,652899206,vermelho,verde,aleatoria,empate,0,-1,100,0,0,0.0000,0.0000,2416,0,2416,0
278,652899206,vermelho,vermelho,aleatoria,empate,0,-1,100,0,0,0.0000,0.0100,2326,0,2326,0
278,652899206,vermelho,azul,aleatoria,empate,0,-1,100,0,0,0.0000,0.0100,2414,0,2414,0
279,1775053101,azul,verde,aleatoria,empate,0,-1,100,0,0,0.0000,0.0404,2371,14,2357,0
279,1775053101,azul,vermelho,aleatoria,empate,0,-1,100,0,0,0.0000,0.0505,2345,13,2332,0
279,1775053101,azul,azul,aleatoria,empate,0,-1,100,0,0,0.0000,0.0300,2415,11,2404,0
280,1138206718,verde,verde,aleatoria,empate,0,-1,100,0,0,0.0000,0.0100,2382,0,2382,0
280,1138206718,verde,vermelho,aleatoria,empate,0,-1,100,0,0,0.0000,0.0400,2320,23,2297,0
280,1138206718,verde,azul,aleatoria,empate,0,-1,100,0,0,0.0000,0.1100,2380,23,2357,0
281,1154859730,vermelho,verde,aleatoria,empate,0,-1,100,0,0,0.0000,0.0505,1857,4,1853,0
281,1154859730,vermelho,vermelho,aleatoria,empate,0,-1,100,0,0,0.0000,0.1100,2438,5,2433,0
281,1154859730,vermelho,azul,aleatoria,empate,0,-1,100,0,0,0.0000,0.0200,2165,6,2159,0
282,1853518004,azul,verde,aleatoria,empate,0,-1,100,0,0,0.0000,0.0101,2267,13,2254,0
282,1853518004,azul,vermelho,aleatoria,empate,0,-1,100,0,0,0.0000,0.0303,2338,25,2313,0
282,1853518004,azul,azul,aleatoria,empate,0,-1,100,0,0,0.0000,0.0500,2294,35,2259,0
283,556386123,verde,verde,aleatoria,empate,0,-1,100,0,0,0.0000,0.0000,2213,9,2204,0
283,556386123,verde,vermelho,aleatoria,empate,0,-1,100,0,0,0.0000,0.0300,2318,10,2308,0
283,556386123,verde,azul,aleatoria,empate,0,-1,100,0,0,0.0000,0.0600,2255,0,2255,0
284,884053951,vermelho,verde,aleatoria,empate,0,-1,100,0,0,0.0000,0.0000,2288,0,2288,0
284,884053951,vermelho,vermelho,aleatoria,empate,0,-1,100,0,0,0.0000,0.0300,2268,0,2268,0
284,884053951,vermelho,azul,aleatoria,empate,0,-1,100,0,0,0.0000,0.0500,2464,0,2464,0
285,1520719184,azul,verde,aleatoria,empate,0,-1,100,0,0,0.0000,0.0000,2346,0,2346,0
285,1520719184,azul,vermelho,aleatoria,empate,0,-1,100,0,0,0.0000,0.0606,2206,0,2206,0
285,1520719184,azul,azul,aleatoria,empate,0,-1,100,0,0,0.0000,0.0300,2074,0,2074,0
286,1349709110,verde,verde,aleatoria,empate,0,-1,100,0,0,0.0000,0.0100,2452,0,2452,0
286,1349709110,verde,vermelho,aleatoria,empate,0,-1,100,0,0,0.0000,0.0000,2491,12,2479,0
286,1349709110,verde,azul,aleatoria,empate,0,-1,100,0,0,0.0000,0.1000,2314,18,2296,0
287,1449566124,vermelho,verde,aleatoria,empate,0,-1,100,0,0,0.0000,0.0000,2316,0,2316,0
287,1449566124,vermelho,vermelho,aleatoria,empate,0,-1,100,0,0,0.0000,0.0300,2225,0,2225,0
287,1449566124,vermelho,azul,aleatoria,empate,0,-1,100,0,0,0.0000,0.0500,2417,0,2417,0
288,546701403,azul,verde,aleatoria,empate,0,-1,100,0,0,0.0000,0.0101,2405,2,2403,0
288,546701403,azul,vermelho,aleatoria,empate,0,-1,100,0,0,0.0000,0.0606,2375,1,2374,0
288,546701403,azul,azul,aleatoria,empate,0,-1,100,0,0,0.0000,0.0000,2190,0,2190,0
289,1544369877,verde,verde,aleatoria,empate,0,-1,100,0,0,0.0000,0.0300,2405,0,2405,0
289,1544369877,verde,vermelho,aleatoria,empate,0,-1,100,0,0,0.0000,0.0100,2232,0,2232,0
289,1544369877,verde,azul,aleatoria,empate,0,-1,100,0,0,0.0000,0.0000,2262,0,2262,0
290,531010709,vermelho,verde,aleatoria,empate,0,-1,100,0,0,0.0000,0.0808,2343,0,2343,0
290,531010709,vermelho,vermelho,aleatoria,empate,0,-1,100,0,0,0.0000,0.0000,2082,0,2082,0
290,531010709,vermelho,azul,aleatoria,empate,0,-1,100,0,0,0.0000,0.0200,2385,0,2385,0
291,53123547,azul,verde,aleatoria,empate,0,-1,100,0,0,0.0000,0.0000,2318,25,2293,0
291,53123547,azul,vermelho,aleatoria,empate,0,-1,100,0,0,0.0000,0.0404,2311,5,2306,0
291,53123547,azul,azul,aleatoria,empate,0,-1,100,0,0,0.0000,0.0800,2402,22,2380,0
292,231262719,verde,verde,aleatoria,empate,0,-1,100,0,0,0.0000,0.0300,2391,5,2386,0
292,231262719,verde,vermelho,aleatoria,empate,0,-1,100,0,0,0.0000,0.0000,2258,8,2250,0
292,231262719,verde,azul,aleatoria,empate,0,-1,100,0,0,0.0000,0.0800,2421,2,2419,0
293,662711743,vermelho,verde,aleatoria,empate,0,-1,100,0,0,0.0000,0.0808,2228,7,2221,0
293,662711743,vermelho,vermelho,aleatoria,empate,0,-1,100,0,0,0.0000,0.0000,2168,0,2168,0
293,662711743,vermelho,azul,aleatoria,empate,0,-1,100,0,0,0.0000,0.0100,2305,3,2302,0
294,842140641,azul,verde,aleatoria,empate,0,-1,100,0,0,0.0000,0.1919,2258,7,2251,0
294,842140641,azul,vermelho,aleatoria,empate,0,-1,100,0,0,0.0000,0.0606,2191,10,2181,0
294,842140641,azul,azul,aleatoria,empate,0,-1,100,0,0,0.0000,0.0800,2316,24,2292,0
295,1252927648,verde,verde,aleatoria,empate,0,-1,100,0,0,0.0000,0.1000,2267,4,2263,0
295,1252927648,verde,vermelho,aleatoria,empate,0,-1,100,0,0,0.0000,0.0300,2265,6,2259,0
295,1252927648,verde,azul,aleatoria,empate,0,-1,100,0,0,0.0000,0.0000,2263,0,2263,0
296,488546147,vermelho,verde,aleatoria,empate,0,-1,100,0,0,0.0000,0.0808,2316,10,2306,0
296,488546147,vermelho,vermelho,aleatoria,empate,0,-1,100,0,0,0.0000,0.0700,2489,9,2480,0
296,488546147,vermelho,azul,aleatoria,empate,0,-1,100,0,0,0.0000,0.1000,2329,1,2328,0
297,1093134130,azul,verde,aleatoria,empate,0,-1,100,0,0,0.0000,0.0404,2334,13,2321,0
297,1093134130,azul,vermelho,aleatoria,empate,0,-1,100,0,0,0.0000,0.0404,2372,2,2370,0
297,1093134130,azul,azul,aleatoria,empate,0,-1,100,0,0,0.0000,0.0200,2358,11,2347,0
298,856898793,verde,verde,aleatoria,empate,0,-1,100,0,0,0.0000,0.0200,2278,7,2271,0
298,856898793,verde,vermelho,aleatoria,empate,0,-1,100,0,0,0.0000,0.0500,2357,11,2346,0
298,856898793,verde,azul,aleatoria,empate,0,-1,100,0,0,0.0000,0.0300,2431,0,2431,0
299,679112036,vermelho,verde,aleatoria,empate,0,-1,100,0,0,0.0000,0.1212,2177,0,2177,0
299,679112036,vermelho,vermelho,aleatoria,empate,0,-1,100,0,0,0.0000,0.0200,2366,5,2361,0
299,679112036,vermelho,azul,aleatoria,empate,0,-1,100,0,0,0.0000,0.0200,2189,4,2185,0
300,79218301,azul,verde,aleatoria,empate,0,-1,100,0,0,0.0000,0.1717,2260,22,2238,0
300,79218301,azul,vermelho,aleatoria,empate,0,-1,100,0,0,0.0000,0.1515,2213,20,2193,0
300,79218301,azul,azul,aleatoria,empate,0,-1,100,0,0,0.0000,0.0000,2236,0,2236,0
301,1425715911,verde,verde,aleatoria,empate,0,-1,100,0,0,0.0000,0.0800,2295,0,2295,0
301,1425715911,verde,vermelho,aleatoria,empate,0,-1,100,0,0,0.0000,0.1000,2364,3,2361,0
301,1425715911,verde,azul,aleatoria,empate,0,-1,100,0,0,0.0000,0.0600,2084,1,2083,0
302,324304472,vermelho,verde,aleatoria,empate,0,-1,100,0,0,0.0000,0.0505,2301,0,2301,0
302,324304472,vermelho,vermelho,aleatoria,empate,0,-1,100,0,0,0.0000,0.0000,2225,0,2225,0
302,324304472,vermelho,azul,aleatoria,empate,0,-1,100,0,0,0.0000,0.1700,2300,0,2300,0
303,1492864929,azul,verde,aleatoria,empate,0,-1,100,0,0,0.0000,0.0505,2096,0,2096,0
303,1492864929,azul,vermelho,aleatoria,empate,0,-1,100,30,0,30.0000,0.0606,2463,19,2444,0
303,1492864929,azul,azul,aleatoria,empate,0,-1,100,0,30,0.0000,0.0300,2221,24,2197,0
304,1121729027,verde,verde,aleatoria,empate,0,-1,100,0,0,0.0000,0.0300,2360,13,2347,0
304,1121729027,verde,vermelho,aleatoria,empate,0,-1,100,0,0,0.0000,0.0600,2396,3,2393,0
304,1121729027,verde,azul,aleatoria,empate,0,-1,100,0,0,0.0000,0.0500,2397,14,2383,0
305,329186859,vermelho,verde,aleatoria,empate,0,-1,100,0,0,0.0000,0.0202,2362,0,2362,0
305,329186859,vermelho,vermelho,aleatoria,empate,0,-1,100,0,0,0.0000,0.0300,2383,2,2381,0
305,329186859,vermelho,azul,aleatoria,empate,0,-1,100,0,0,0.0000,0.0300,2313,4,2309,0
306,947366636,azul,verde,aleatoria,empate,0,-1,100,0,0,0.0000,0.0000,2282,2,2280,0
306,947366636,azul,vermelho,aleatoria,empate,0,-1,100,0,0,0.0000,0.0909,2316,13,2303,0
306,947366636,azul,azul,aleatoria,empate,0,-1,100,0,0,0.0000,0.0000,2162,8,2154,0
307,1818107138,verde,verde,aleatoria,empate,0,-1,100,0,0,0.0000,0.1200,2378,5,2373,0
307,1818107138,verde,vermelho,aleatoria,empate,0,-1,100,0,0,0.0000,0.0300,2422,15,2407,0
307,1818107138,verde,azul,aleatoria,empate,0,-1,100,0,0,0.0000,0.0700,2498,30,2468,0
308,635456449,vermelho,verde,aleatoria,empate,0,-1,100,0,0,0.0000,0.0202,2285,0,2285,0
308,635456449,vermelho,vermelho,aleatoria,empate,0,-1,100,0,0,0.0000,0.0100,2282,10,2272,0
308,635456449,vermelho,azul,aleatoria,empate,0,-1,100,0,0,0.0000,0.0400,2443,8,2435,0
309,1609319578,azul,verde,aleatoria,empate,0,-1,100,0,0,0.0000,0.0505,2274,0,2274,0
309,1609319578,azul,vermelho,aleatoria,empate,0,-1,100,0,0,0.0000,0.0808,2340,0,2340,0
309,1609319578,azul,azul,aleatoria,empate,0,-1,100,0,0,0.0000,0.0000,2193,0,2193,0
310,391903060,verde,verde,aleatoria,empate,0,-1,100,0,0,0.0000,0.1000,2221,0,2221,0
310,391903060,verde,vermelho,aleatoria,empate,0,-1,100,0,0,0.0000,0.1600,2270,3,2267,0
310,391903060,verde,azul,aleatoria,empate,0,-1,100,0,0,0.0000,0.0800,2403,4,2399,0
311,369162837,vermelho,verde,aleatoria,empate,0,-1,100,0,0,0.0000,0.1212,2287,0,2287,0
311,369162837,vermelho,vermelho,aleatoria,empate,0,-1,100,0,0,0.0000,0.0100,2300,19,2281,0
311,369162837,vermelho,azul,aleatoria,empate,0,-1,100,0,0,0.0000,0.0100,2133,10,2123,0
312,40002021,azul,verde,aleatoria,empate,0,-1,100,0,0,0.0000,0.0909,2257,21,2236,0
312,40002021,azul,vermelho,aleatoria,empate,0,-1,100,0,0,0.0000,0.0000,2390,2,2388,0
312,40002021,azul,azul,aleatoria,empate,0,-1,100,0,0,0.0000,0.0400,2401,12,2389,0
313,349757038,verde,verde,aleatoria,empate,0,-1,100,0,0,0.0000,0.0500,2283,0,2283,0
313,349757038,verde,vermelho,aleatoria,empate,0,-1,100,0,0,0.0000,0.0300,2149,0,2149,0
313,349757038,verde,azul,aleatoria,empate,0,-1,100,0,0,0.0000,0.0400,2390,0,2390,0
314,1753032231,vermelho,verde,aleatoria,empate,0,-1,100,0,0,0.0000,0.1414,2368,6,2362,0
314,1753032231,vermelho,vermelho,aleatoria,empate,0,-1,100,0,0,0.0000,0.0500,2338,7,2331,0
314,1753032231,vermelho,azul,aleatoria,empate,0,-1,100,0,0,0.0000,0.0400,2339,0,2339,0
315,1173196213,azul,verde,aleatoria,empate,0,-1,100,0,0,0.0000,0.0505,2352,15,2337,0
315,1173196213,azul,vermelho,aleatoria,empate,0,-1,100,0,0,0.0000,0.1515,2240,14,2226,0
315,1173196213,azul,azul,aleatoria,empate,0,-1,100,0,0,0.0000,0.0000,2318,8,2310,0
316,63142686,verde,verde,aleatoria,empate,0,-1,100,0,0,0.0000,0.1000,2417,0,2417,0
316,63142686,verde,vermelho,aleatoria,empate,0,-1,100,0,0,0.0000,0.0000,2318,0,2318,0
316,63142686,verde,azul,aleatoria,empate,0,-1,100,0,0,0.0000,0.0000,2058,0,2058,0
317,681300813,vermelho,verde,aleatoria,empate,0,-1,100,0,0,0.0000,0.0202,2400,16,2384,0
317,681300813,vermelho,vermelho,aleatoria,empate,0,-1,100,0,0,0.0000,0.0400,2367,0,2367,0
317,681300813,vermelho,azul,aleatoria,empate,0,-1,100,0,0,0.0000,0.0100,2347,8,2339,0
318,506974165,azul,verde,aleatoria,empate,0,-1,100,0,0,0.0000,0.0606,2363,2,2361,0
318,506974165,azul,vermelho,aleatoria,empate,0,-1,100,0,0,0.0000,0.0404,2357,3,2354,0
318,506974165,azul,azul,aleatoria,empate,0,-1,100,0,0,0.0000,0.0600,1906,0,1906,0
319,1573761150,verde,verde,aleatoria,empate,0,-1,100,0,0,0.0000,0.0500,2358,0,2358,0
319,1573761150,verde,vermelho,aleatoria,empate,0,-1,100,0,0,0.0000,0.1400,2456,0,2456,0
319,1573761150,verde,azul,aleatoria,empate,0,-1,100,0,0,0.0000,0.0200,2098,0,2098,0
320,1937942672,vermelho,verde,aleatoria,empate,0,-1,100,0,0,0.0000,0.0101,2346,0,2346,0
320,1937942672,vermelho,vermelho,aleatoria,empate,0,-1,100,0,0,0.0000,0.2200,2329,0,2329,0
320,1937942672,vermelho,azul,aleatoria,empate,0,-1,100,0,0,0.0000,0.0500,2256,0,2256,0
321,2043056792,azul,verde,aleatoria,empate,0,-1,100,0,0,0.0000,0.1818,2262,0,2262,0
321,2043056792,azul,vermelho,aleatoria,empate,0,-1,100,0,0,0.0000,0.0909,2318,0,2318,0
321,2043056792,azul,azul,aleatoria,empate,0,-1,100,0,0,0.0000,0.0000,2357,0,2357,0
322,1502885451,verde,verde,aleatoria,empate,0,-1,100,0,0,0.0000,0.0700,2139,3,2136,0
322,1502885451,verde,vermelho,aleatoria,empate,0,-1,100,0,0,0.0000,0.0100,2356,6,2350,0
322,1502885451,verde,azul,aleatoria,empate,0,-1,100,0,0,0.0000,0.0100,2410,10,2400,0
323,1638525914,vermelho,verde,aleatoria,empate,0,-1,100,0,0,0.0000,0.0606,2247,9,2238,0
323,1638525914,vermelho,vermelho,aleatoria,empate,0,-1,100,0,0,0.0000,0.0300,2512,12,2500,0
323,1638525914,vermelho,azul,aleatoria,empate,0,-1,100,0,0,0.0000,0.0900,2301,0,2301,0
324,1461675684,azul,verde,aleatoria,empate,0,-1,100,0,0,0.0000,0.0606,2357,4,2353,0
324,1461675684,azul,vermelho,aleatoria,empate,0,-1,100,0,0,0.0000,0.0606,2350,5,2345,0
324,1461675684,azul,azul,aleatoria,empate,0,-1,100,0,0,0.0000,0.0800,2230,9,2221,0
325,971720179,verde,verde,aleatoria,empate,0,-1,100,0,0,0.0000,0.0500,2403,14,2389,0
325,971720179,verde,vermelho,aleatoria,empate,0,-1,100,0,0,0.0000,0.1100,2213,0,2213,0
325,971720179,verde,azul,aleatoria,empate,0,-1,100,0,0,0.0000,0.0200,2424,14,2410,0
326,566942735,vermelho,verde,aleatoria,empate,0,-1,100,0,0,0.0000,0.0707,2353,9,2344,0
326,566942735,vermelho,vermelho,aleatoria,empate,0,-1,100,0,0,0.0000,0.0400,2301,8,2293,0
326,566942735,vermelho,azul,aleatoria,empate,0,-1,100,0,0,0.0000,0.0800,2396,0,2396,0
327,1508647464,azul,verde,aleatoria,empate,0,-1,100,30,0,30.0000,0.0101,2407,27,2380,0
327,1508647464,azul,vermelho,aleatoria,empate,0,-1,100,0,0,0.0000,0.0202,2207,0,2207,0
327,1508647464,azul,azul,aleatoria,empate,0,-1,100,0,30,0.0000,0.0000,2345,13,2332,0
328,603781327,verde,verde,aleatoria,empate,0,-1,100,0,0,0.0000,0.0600,2260,2,2258,0
328,603781327,verde,vermelho,aleatoria,empate,0,-1,100,0,0,0.0000,0.0000,2275,1,2274,0
328,603781327,verde,azul,aleatoria,empate,0,-1,100,0,0,0.0000,0.0000,2137,0,2137,0
329,1627862180,vermelho,verde,aleatoria,empate,0,-1,100,0,0,0.0000,0.0000,2389,0,2389,0
329,1627862180,vermelho,vermelho,aleatoria,empate,0,-1,100,0,0,0.0000,0.0400,2337,0,2337,0
329,1627862180,vermelho,azul,aleatoria,empate,0,-1,100,0,0,0.0000,0.0900,2291,6,2285,0
330,2108647050,azul,verde,aleatoria,empate,0,-1,100,0,0,0.0000,0.0606,2460,25,2435,0
330,2108647050,azul,vermelho,aleatoria,empate,0,-1,100,0,0,0.0000,0.1515,2343,12,2331,0
330,2108647050,azul,azul,aleatoria,empate,0,-1,100,0,0,0.0000,0.1200,2468,11,2457,0
331,71850044,verde,verde,aleatoria,empate,0,-1,100,0,0,0.0000,0.0300,2447,17,2430,0
331,71850044,verde,vermelho,aleatoria,empate,0,-1,100,0,0,0.0000,0.1000,2379,12,2367,0
331,71850044,verde,azul,aleatoria,empate,0,-1,100,0,0,0.0000,0.1700,2439,0,2439,0
332,87384019,vermelho,verde,aleatoria,empate,0,-1,100,0,0,0.0000,0.0000,2277,0,2277,0
332,87384019,vermelho,vermelho,aleatoria,empate,0,-1,100,0,0,0.0000,0.0000,2285,1,2284,0
332,87384019,vermelho,azul,aleatoria,empate,0,-1,100,0,0,0.0000,0.0500,2376,0,2376,0
333,456098441,azul,verde,aleatoria,empate,0,-1,100,0,0,0.0000,0.0606,2286,3,2283,0
333,456098441,azul,vermelho,aleatoria,empate,0,-1,100,0,0,0.0000,0.0101,2304,2,2302,0
333,456098441,azul,azul,aleatoria,empate,0,-1,100,0,0,0.0000,0.0000,2450,3,2447,0
334,325496467,verde,verde,aleatoria,empate,0,-1,100,0,0,0.0000,0.1500,2195,6,2189,0
334,325496467,verde,vermelho,aleatoria,empate,0,-1,100,0,0,0.0000,0.0900,2473,0,2473,0
334,325496467,verde,azul,aleatoria,empate,0,-1,100,0,0,0.0000,0.0300,2300,2,2298,0
335,1049597105,vermelho,verde,aleatoria,empate,0,-1,100,0,0,0.0000,0.0202,2221,0,2221,0
335,1049597105,vermelho,vermelho,aleatoria,empate,0,-1,100,0,0,0.0000,0.0000,2179,0,2179,0
335,1049597105,vermelho,azul,aleatoria,empate,0,-1,100,0,0,0.0000,0.0000,2220,0,2220,0
336,1667655431,azul,verde,aleatoria,empate,0,-1,100,0,0,0.0000,0.0202,2305,1,2304,0
336,1667655431,azul,vermelho,aleatoria,empate,0,-1,100,0,0,0.0000,0.0808,2284,0,2284,0
336,1667655431,azul,azul,aleatoria,empate,0,-1,100,0,0,0.0000,0.0000,2393,1,2392,0
337,970802006,verde,verde,aleatoria,empate,0,-1,100,0,0,0.0000,0.1000,2322,9,2313,0
337,970802006,verde,vermelho,aleatoria,empate,0,-1,100,0,0,0.0000,0.0000,2318,0,2318,0
337,970802006,verde,azul,aleatoria,empate,0,-1,100,0,0,0.0000,0.0200,2210,9,2201,0
338,1342970439,vermelho,verde,aleatoria,empate,0,-1,100,30,0,30.0000,0.0707,2439,45,2394,0
338,1342970439,vermelho,vermelho,aleatoria,empate,0,-1,100,0,30,0.0000,0.1000,2427,24,2403,0
338,1342970439,vermelho,azul,aleatoria,empate,0,-1,100,0,0,0.0000,0.1000,2278,0,2278,0
339,437208980,azul,verde,aleatoria,empate,0,-1,100,0,30,0.0000,0.2121,2361,12,2349,0
339,437208980,azul,vermelho,aleatoria,empate,0,-1,100,0,0,0.0000,0.1414,2337,4,2333,0
339,437208980,azul,azul,aleatoria,empate,0,-1,100,30,0,30.0000,0.0400,2358,17,2341,0
340,1192874511,verde,verde,aleatoria,empate,0,-1,100,0,0,0.0000,0.0200,2232,0,2232,0
340,1192874511,verde,vermelho,aleatoria,empate,0,-1,100,0,0,0.0000,0.0000,2415,6,2409,0
340,1192874511,verde,azul,aleatoria,empate,0,-1,100,0,0,0.0000,0.1200,2259,3,2256,0
341,766493470,vermelho,verde,aleatoria,empate,0,-1,100,0,0,0.0000,0.0101,2244,0,2244,0
341,766493470,vermelho,vermelho,aleatoria,empate,0,-1,100,0,0,0.0000,0.0000,2262,5,2257,0
341,766493470,vermelho,azul,aleatoria,empate,0,-1,100,0,0,0.0000,0.1000,2483,3,2480,0
342,410536207,azul,verde,aleatoria,empate,0,-1,100,0,0,0.0000,0.1616,2326,0,2326,0
342,410536207,azul,vermelho,aleatoria,empate,0,-1,100,0,0,0.0000,0.0303,2311,0,2311,0
342,410536207,azul,azul,aleatoria,empate,0,-1,100,0,0,0.0000,0.0700,2208,0,2208,0
343,14153581,verde,verde,aleatoria,empate,0,-1,100,0,0,0.0000,0.0100,2405,0,2405,0
343,14153581,verde,vermelho,aleatoria,empate,0,-1,100,0,0,0.0000,0.0000,2044,0,2044,0
343,14153581,verde,azul,aleatoria,empate,0,-1,100,0,0,0.0000,0.0400,2140,0,2140,0
344,307708705,vermelho,verde,aleatoria,empate,0,-1,100,0,0,0.0000,0.0000,2245,6,2239,0
344,307708705,vermelho,vermelho,aleatoria,empate,0,-1,100,0,0,0.0000,0.0600,2473,0,2473,0
344,307708705,vermelho,azul,aleatoria,empate,0,-1,100,0,0,0.0000,0.1400,2448,3,2445,0
345,1409996403,azul,verde,aleatoria,empate,0,-1,100,0,0,0.0000,0.0101,2281,3,2278,0
345,1409996403,azul,vermelho,aleatoria,empate,0,-1,100,0,0,0.0000,0.0808,2407,14,2393,0
345,1409996403,azul,azul,aleatoria,empate,0,-1,100,0,0,0.0000,0.0200,2415,10,2405,0
346,1737144842,verde,verde,aleatoria,empate,0,-1,100,0,30,0.0000,0.0000,2455,5,2450,0
346,1737144842,verde,vermelho,aleatoria,empate,0,-1,100,0,0,0.0000,0.1100,2304,2,2302,0
346,1737144842,verde,azul,aleatoria,empate,0,-1,100,30,0,30.0000,0.1500,2170,7,2163,0
347,924703773,vermelho,verde,aleatoria,empate,0,-1,100,0,0,0.0000,0.0000,2201,16,2185,0
347,924703773,vermelho,vermelho,aleatoria,empate,0,-1,100,0,0,0.0000,0.0000,2418,10,2408,0
347,924703773,vermelho,azul,aleatoria,empate,0,-1,100,0,0,0.0000,0.0000,2373,3,2370,0
348,928223588,azul,verde,aleatoria,empate,0,-1,100,0,0,0.0000,0.0707,2395,23,2372,0
348,928223588,azul,vermelho,aleatoria,empate,0,-1,100,0,0,0.0000,0.1212,2463,29,2434,0
348,928223588,azul,azul,aleatoria,empate,0,-1,100,0,0,0.0000,0.0700,2257,15,2242,0
349,1182005340,verde,verde,aleatoria,empate,0,-1,100,0,0,0.0000,0.0500,2454,12,2442,0
349,1182005340,verde,vermelho,aleatoria,empate,0,-1,100,0,0,0.0000,0.0400,2341,14,2327,0
349,1182005340,verde,azul,aleatoria,empate,0,-1,100,0,0,0.0000,0.0500,2509,20,2489,0
350,86749997,vermelho,verde,aleatoria,empate,0,-1,100,0,0,0.0000,0.0000,2366,0,2366,0
350,86749997,vermelho,vermelho,aleatoria,empate,0,-1,100,0,0,0.0000,0.0100,2459,24,2435,0
350,86749997,vermelho,azul,aleatoria,empate,0,-1,100,0,0,0.0000,0.0100,2301,26,2275,0
351,2063477184,azul,verde,aleatoria,empate,0,-1,100,0,0,0.0000,0.0000,2237,18,2219,0
351,2063477184,azul,vermelho,aleatoria,empate,0,-1,100,0,0,0.0000,0.0707,2176,0,2176,0
351,2063477184,azul,azul,aleatoria,empate,0,-1,100,0,0,0.0000,0.0200,2291,20,2271,0
352,1520633710,verde,verde,aleatoria,empate,0,-1,100,0,0,0.0000,0.0300,2351,0,2351,0
352,1520633710,verde,vermelho,aleatoria,empate,0,-1,100,0,0,0.0000,0.0000,2377,2,2375,0
352,1520633710,verde,azul,aleatoria,empate,0,-1,100,0,0,0.0000,0.0000,2184,1,2183,0
353,1518760950,vermelho,verde,aleatoria,empate,0,-1,100,0,0,0.0000,0.0000,2417,3,2414,0
353,1518760950,vermelho,vermelho,aleatoria,empate,0,-1,100,0,0,0.0000,0.0000,2053,0,2053,0
353,1518760950,vermelho,azul,aleatoria,empate,0,-1,100,0,0,0.0000,0.0200,2260,1,2259,0
354,1313076164,azul,verde,aleatoria,empate,0,-1,100,0,0,0.0000,0.0000,2412,5,2407,0
354,1313076164,azul,vermelho,aleatoria,empate,0,-1,100,0,0,0.0000,0.0505,2330,7,2323,0
354,1313076164,azul,azul,aleatoria,empate,0,-1,100,0,0,0.0000,0.0300,2423,0,2423,0
355,519671239,verde,verde,aleatoria,empate,0,-1,100,0,0,0.0000,0.0000,2204,0,2204,0
355,519671239,verde,vermelho,aleatoria,empate,0,-1,100,0,0,0.0000,0.0100,2439,9,2430,0
355,519671239,verde,azul,aleatoria,empate,0,-1,100,0,0,0.0000,0.1300,2375,10,2365,0
356,293897162,vermelho,verde,aleatoria,empate,0,-1,100,0,0,0.0000,0.0303,2369,0,2369,0
356,293897162,vermelho,vermelho,aleatoria,empate,0,-1,100,0,0,0.0000,0.1000,2444,6,2438,0
356,293897162,vermelho,azul,aleatoria,empate,0,-1,100,0,0,0.0000,0.0400,2433,3,2430,0
357,432934820,azul,verde,aleatoria,empate,0,-1,100,0,0,0.0000,0.0000,2309,5,2304,0
357,432934820,azul,vermelho,aleatoria,empate,0,-1,100,0,0,0.0000,0.0303,2469,13,2456,0
357,432934820,azul,azul,aleatoria,empate,0,-1,100,0,0,0.0000,0.0400,2482,12,2470,0
358,1033327263,verde,verde,aleatoria,empate,0,-1,100,0,0,0.0000,0.0700,2273,0,2273,0
358,1033327263,verde,vermelho,aleatoria,empate,0,-1,100,0,0,0.0000,0.0400,2380,0,2380,0
358,1033327263,verde,azul,aleatoria,empate,0,-1,100,0,0,0.0000,0.0900,2297,0,2297,0
359,137643404,vermelho,verde,aleatoria,empate,0,-1,100,0,0,0.0000,0.0404,2391,12,2379,0
359,137643404,vermelho,vermelho,aleatoria,empate,0,-1,100,0,0,0.0000,0.0400,2381,16,2365,0
359,137643404,vermelho,azul,aleatoria,empate,0,-1,100,0,0,0.0000,0.1000,2312,0,2312,0
360,2017834313,azul,verde,aleatoria,empate,0,-1,100,0,0,0.0000,0.1212,2418,14,2404,0
360,2017834313,azul,vermelho,aleatoria,empate,0,-1,100,0,0,0.0000,0.0202,2287,8,2279,0
360,2017834313,azul,azul,aleatoria,empate,0,-1,100,0,0,0.0000,0.1500,2421,10,2411,0
361,1611829491,verde,verde,aleatoria,empate,0,-1,100,0,0,0.0000,0.0400,2418,0,2418,0
361,1611829491,verde,vermelho,aleatoria,empate,0,-1,100,0,0,0.0000,0.0800,2364,0,2364,0
361,1611829491,verde,azul,aleatoria,empate,0,-1,100,0,0,0.0000,0.0000,2247,0,2247,0
362,1288829251,vermelho,verde,aleatoria,empate,0,-1,100,0,0,0.0000,0.0404,2229,0,2229,0
362,1288829251,vermelho,vermelho,aleatoria,empate,0,-1,100,0,0,0.0000,0.2400,2291,3,2288,0
362,1288829251,vermelho,azul,aleatoria,empate,0,-1,100,0,0,0.0000,0.0300,2436,6,2430,0
363,475521431,azul,verde,aleatoria,empate,0,-1,100,0,0,0.0000,0.0000,2428,0,2428,0
363,475521431,azul,vermelho,aleatoria,empate,0,-1,100,0,0,0.0000,0.1616,2378,4,2374,0
363,475521431,azul,azul,aleatoria,empate,0,-1,100,0,0,0.0000,0.0000,2397,7,2390,0
364,1589776665,verde,verde,aleatoria,empate,0,-1,100,0,0,0.0000,0.1100,2396,18,2378,0
364,1589776665,verde,vermelho,aleatoria,empate,0,-1,100,0,0,0.0000,0.0200,2383,24,2359,0
364,1589776665,verde,azul,aleatoria,empate,0,-1,100,0,0,0.0000,0.0100,2435,29,2406,0
365,1928754317,vermelho,verde,aleatoria,empate,0,-1,100,0,30,0.0000,0.0404,2323,15,2308,0
365,1928754317,vermelho,vermelho,aleatoria,empate,0,-1,100,30,0,30.0000,0.0000,2315,17,2298,0
365,1928754317,vermelho,azul,aleatoria,empate,0,-1,100,0,0,0.0000,0.0500,2456,15,2441,0
366,893603869,azul,verde,aleatoria,empate,0,-1,100,0,0,0.0000,0.0404,2395,11,2384,0
366,893603869,azul,vermelho,aleatoria,empate,0,-1,100,0,0,0.0000,0.0606,2266,5,2261,0
366,893603869,azul,azul,aleatoria,empate,0,-1,100,0,0,0.0000,0.0600,2273,3,2270,0
367,795826857,verde,verde,aleatoria,empate,0,-1,100,0,0,0.0000,0.0000,2313,0,2313,0
367,795826857,verde,vermelho,aleatoria,empate,0,-1,100,0,0,0.0000,0.0500,2311,6,2305,0
367,795826857,verde,azul,aleatoria,empate,0,-1,100,0,0,0.0000,0.1700,2278,13,2265,0
368,1170736711,vermelho,verde,aleatoria,empate,0,-1,100,0,0,0.0000,0.0202,2366,14,2352,0
368,1170736711,vermelho,vermelho,aleatoria,empate,0,-1,100,0,0,0.0000,0.0100,2299,12,2287,0
368,1170736711,vermelho,azul,aleatoria,empate,0,-1,100,0,0,0.0000,0.0600,2456,13,2443,0
369,1599605876,azul,verde,aleatoria,empate,0,-1,100,0,0,0.0000,0.0303,2446,24,2422,0
369,1599605876,azul,vermelho,aleatoria,empate,0,-1,100,0,0,0.0000,0.1212,2315,12,2303,0
369,1599605876,azul,azul,aleatoria,empate,0,-1,100,0,0,0.0000,0.0900,2308,7,2301,0
370,1800712511,verde,verde,aleatoria,empate,0,-1,100,0,0,0.0000,0.0400,2410,0,2410,0
370,1800712511,verde,vermelho,aleatoria,empate,0,-1,100,0,0,0.0000,0.1500,2362,5,2357,0
370,1800712511,verde,azul,aleatoria,empate,0,-1,100,0,0,0.0000,0.0100,2258,3,2255,0
371,645522509,vermelho,verde,aleatoria,empate,0,-1,100,0,0,0.0000,0.0404,2348,3,2345,0
371,645522509,vermelho,vermelho,aleatoria,empate,0,-1,100,0,0,0.0000,0.0200,2348,4,2344,0
371,645522509,vermelho,azul,aleatoria,empate,0,-1,100,0,0,0.0000,0.0200,2461,13,2448,0
372,29313969,azul,verde,aleatoria,empate,0,-1,100,0,0,0.0000,0.0404,2229,0,2229,0
372,29313969,azul,vermelho,aleatoria,empate,0,-1,100,0,0,0.0000,0.1010,2358,5,2353,0
372,29313969,azul,azul,aleatoria,empate,0,-1,100,0,0,0.0000,0.0200,2312,5,2307,0
373,1970357873,verde,verde,aleatoria,empate,0,-1,100,0,0,0.0000,0.0200,2187,0,2187,0
373,1970357873,verde,vermelho,aleatoria,empate,0,-1,100,0,0,0.0000,0.0500,2337,0,2337,0
373,1970357873,verde,azul,aleatoria,empate,0,-1,100,0,0,0.0000,0.0000,2269,0,2269,0
374,1241645600,vermelho,verde,aleatoria,empate,0,-1,100,0,0,0.0000,0.0101,2339,1,2338,0
374,1241645600,vermelho,vermelho,aleatoria,empate,0,-1,100,0,0,0.0000,0.0000,2224,0,2224,0
374,1241645600,vermelho,azul,aleatoria,empate,0,-1,100,0,0,0.0000,0.0500,2227,1,2226,0
375,1353653477,azul,verde,aleatoria,empate,0,-1,100,0,0,0.0000,0.1010,2414,2,2412,0
375,1353653477,azul,vermelho,aleatoria,empate,0,-1,100,0,0,0.0000,0.0909,2291,0,2291,0
375,1353653477,azul,azul,aleatoria,empate,0,-1,100,0,0,0.0000,0.1200,2347,0,2347,0
376,722060998,verde,verde,aleatoria,empate,0,-1,100,0,0,0.0000,0.0700,2322,0,2322,0
376,722060998,verde,vermelho,aleatoria,empate,0,-1,100,0,0,0.0000,0.0500,2419,0,2419,0
376,722060998,verde,azul,aleatoria,empate,0,-1,100,0,0,0.0000,0.1900,2391,0,2391,0
377,946843648,vermelho,verde,aleatoria,empate,0,-1,100,0,0,0.0000,0.1919,2450,13,2437,0
377,946843648,vermelho,vermelho,aleatoria,empate,0,-1,100,0,0,0.0000,0.1200,2278,7,2271,0
377,946843648,vermelho,azul,aleatoria,empate,0,-1,100,0,0,0.0000,0.0000,2338,7,2331,0
378,195273507,azul,verde,aleatoria,empate,0,-1,100,0,0,0.0000,0.0505,2432,16,2416,0
378,195273507,azul,vermelho,aleatoria,empate,0,-1,100,0,0,0.0000,0.0707,2243,0,2243,0
378,195273507,azul,azul,aleatoria,empate,0,-1,100,0,0,0.0000,0.0200,2315,20,2295,0
379,741729714,verde,verde,aleatoria,empate,0,-1,100,0,0,0.0000,0.0300,2415,1,2414,0
379,741729714,verde,vermelho,aleatoria,empate,0,-1,100,0,0,0.0000,0.0600,2187,4,2183,0
379,741729714,verde,azul,aleatoria,empate,0,-1,100,0,0,0.0000,0.2000,2345,6,2339,0
380,1187661710,vermelho,verde,aleatoria,empate,0,-1,100,0,30,0.0000,0.0707,2297,10,2287,0
380,1187661710,vermelho,vermelho,aleatoria,empate,0,-1,100,30,0,30.0000,0.1000,2486,9,2477,0
380,1187661710,vermelho,azul,aleatoria,empate,0,-1,100,0,0,0.0000,0.0800,2401,11,2390,0
381,394963098,azul,verde,aleatoria,empate,0,-1,100,0,0,0.0000,0.0000,2295,17,2278,0
381,394963098,azul,vermelho,aleatoria,empate,0,-1,100,0,0,0.0000,0.0505,2393,11,2382,0
381,394963098,azul,azul,aleatoria,empate,0,-1,100,0,0,0.0000,0.0000,2360,0,2360,0
382,2051369139,verde,verde,aleatoria,empate,0,-1,100,0,0,0.0000,0.0000,2420,5,2415,0
382,2051369139,verde,vermelho,aleatoria,empate,0,-1,100,0,0,0.0000,0.1200,2283,24,2259,0
382,2051369139,verde,azul,aleatoria,empate,0,-1,100,0,0,0.0000,0.0400,2372,32,2340,0
383,1168745499,vermelho,verde,aleatoria,empate,0,-1,100,0,0,0.0000,0.0606,2368,3,2365,0
383,1168745499,vermelho,vermelho,aleatoria,empate,0,-1,100,0,0,0.0000,0.0200,2392,1,2391,0
383,1168745499,vermelho,azul,aleatoria,empate,0,-1,100,0,0,0.0000,0.0500,2238,2,2236,0
384,2118575539,azul,verde,aleatoria,empate,0,-1,100,0,0,0.0000,0.0000,2208,2,2206,0
384,2118575539,azul,vermelho,aleatoria,empate,0,-1,100,0,0,0.0000,0.0303,2323,6,2317,0
384,2118575539,azul,azul,aleatoria,empate,0,-1,100,0,0,0.0000,0.0400,2340,2,2338,0
385,441089282,verde,verde,aleatoria,empate,0,-1,100,0,0,0.0000,0.0000,2294,5,2289,0
385,441089282,verde,vermelho,aleatoria,empate,0,-1,100,0,0,0.0000,0.0300,2374,11,2363,0
385,441089282,verde,azul,aleatoria,empate,0,-1,100,0,0,0.0000,0.1100,2407,7,2400,0
386,1667855064,vermelho,verde,aleatoria,empate,0,-1,100,0,0,0.0000,0.1313,2421,1,2420,0
386,1667855064,vermelho,vermelho,aleatoria,empate,0,-1,100,0,0,0.0000,0.0000,2419,26,2393,0
386,1667855064,vermelho,azul,aleatoria,empate,0,-1,100,0,0,0.0000,0.0200,2474,19,2455,0
387,2017351961,azul,verde,aleatoria,empate,0,-1,100,0,0,0.0000,0.0101,2152,0,2152,0
387,2017351961,azul,vermelho,aleatoria,empate,0,-1,100,0,0,0.0000,0.0303,2404,10,2394,0
387,2017351961,azul,azul,aleatoria,empate,0,-1,100,0,0,0.0000,0.0300,2203,9,2194,0
388,1950536216,verde,verde,aleatoria,empate,0,-1,100,0,0,0.0000,0.1300,2353,0,2353,0
388,1950536216,verde,vermelho,aleatoria,empate,0,-1,100,0,0,0.0000,0.0300,2314,1,2313,0
388,1950536216,verde,azul,aleatoria,empate,0,-1,100,0,0,0.0000,0.0000,2245,4,2241,0
389,60663468,vermelho,verde,aleatoria,empate,0,-1,100,0,0,0.0000,0.0303,2411,17,2394,0
389,60663468,vermelho,vermelho,aleatoria,empate,0,-1,100,0,0,0.0000,0.2200,2293,15,2278,0
389,60663468,vermelho,azul,aleatoria,empate,0,-1,100,0,0,0.0000,0.0000,2199,0,2199,0
390,1266052967,azul,verde,aleatoria,empate,0,-1,100,0,0,0.0000,0.0505,2419,6,2413,0
390,1266052967,azul,vermelho,aleatoria,empate,0,-1,100,0,0,0.0000,0.0202,2370,8,2362,0
390,1266052967,azul,azul,aleatoria,empate,0,-1,100,0,0,0.0000,0.0100,2223,4,2219,0
391,553143731,verde,verde,aleatoria,empate,0,-1,100,0,0,0.0000,0.0500,2449,1,2448,0
391,553143731,verde,vermelho,aleatoria,empate,0,-1,100,0,0,0.0000,0.0100,2348,4,2344,0
391,553143731,verde,azul,aleatoria,empate,0,-1,100,0,0,0.0000,0.0100,2213,0,2213,0
392,1136855950,vermelho,verde,aleatoria,empate,0,-1,100,0,0,0.0000,0.0808,2406,3,2403,0
392,1136855950,vermelho,vermelho,aleatoria,empate,0,-1,100,0,0,0.0000,0.0300,2196,5,2191,0
392,1136855950,vermelho,azul,aleatoria,empate,0,-1,100,0,0,0.0000,0.0500,2268,6,2262,0
393,376447012,azul,verde,aleatoria,empate,0,-1,100,0,0,0.0000,0.0505,2386,0,2386,0
393,376447012,azul,vermelho,aleatoria,empate,0,-1,100,0,0,0.0000,0.0909,2152,0,2152,0
393,376447012,azul,azul,aleatoria,empate,0,-1,100,0,0,0.0000,0.0600,2379,0,2379,0
394,1614578985,verde,verde,aleatoria,empate,0,-1,100,0,0,0.0000,0.0700,2468,4,2464,0
394,1614578985,verde,vermelho,aleatoria,empate,0,-1,100,0,0,0.0000,0.0500,2422,5,2417,0
394,1614578985,verde,azul,aleatoria,empate,0,-1,100,0,0,0.0000,0.1600,2381,0,2381,0
395,865668011,vermelho,verde,aleatoria,empate,0,-1,100,0,0,0.0000,0.0000,2386,10,2376,0
395,865668011,vermelho,vermelho,aleatoria,empate,0,-1,100,0,0,0.0000,0.0000,2236,0,2236,0
395,865668011,vermelho,azul,aleatoria,empate,0,-1,100,0,0,0.0000,0.0100,2436,15,2421,0
396,923755655,azul,verde,aleatoria,empate,0,-1,100,0,0,0.0000,0.0404,2337,0,2337,0
396,923755655,azul,vermelho,aleatoria,empate,0,-1,100,0,0,0.0000,0.1212,2393,7,2386,0
396,923755655,azul,azul,aleatoria,empate,0,-1,100,0,0,0.0000,0.0200,2094,3,2091,0
397,258776197,verde,verde,aleatoria,empate,0,-1,100,0,0,0.0000,0.0000,2370,8,2362,0
397,258776197,verde,vermelho,aleatoria,empate,0,-1,100,0,0,0.0000,0.0500,2430,0,2430,0
397,258776197,verde,azul,aleatoria,empate,0,-1,100,0,0,0.0000,0.0000,2236,11,2225,0
398,1620914435,vermelho,verde,aleatoria,empate,0,-1,100,0,0,0.0000,0.0000,2406,19,2387,0
398,1620914435,vermelho,vermelho,aleatoria,empate,0,-1,100,0,30,0.0000,0.0700,2363,23,2340,0
398,1620914435,vermelho,azul,aleatoria,empate,0,-1,100,30,0,30.0000,0.0600,2475,8,2467,0
399,1741497087,azul,verde,aleatoria,empate,0,-1,100,0,0,0.0000,0.1313,2435,8,2427,0
399,1741497087,azul,vermelho,aleatoria,empate,0,-1,100,0,0,0.0000,0.0000,2318,1,2317,0
399,1741497087,azul,azul,aleatoria,empate,0,-1,100,0,0,0.0000,0.0500,2423,4,2419,0
400,558524762,verde,verde,aleatoria,empate,0,-1,100,0,0,0.0000,0.0000,2134,0,2134,0
400,558524762,verde,vermelho,aleatoria,empate,0,-1,100,0,30,0.0000,0.0000,2389,12,2377,0
400,558524762,verde,azul,aleatoria,empate,0,-1,100,30,0,30.0000,0.0500,2465,19,2446,0
401,1039082064,vermelho,verde,aleatoria,empate,0,-1,100,0,0,0.0000,0.0303,2280,8,2272,0
401,1039082064,vermelho,vermelho,aleatoria,empate,0,-1,100,0,0,0.0000,0.0100,2270,15,2255,0
401,1039082064,vermelho,azul,aleatoria,empate,0,-1,100,0,0,0.0000,0.0300,2173,0,2173,0
402,902252012,azul,verde,aleatoria,empate,0,-1,100,0,0,0.0000,0.0707,2465,6,2459,0
402,902252012,azul,vermelho,aleatoria,empate,0,-1,100,0,0,0.0000,0.0505,2153,0,2153,0
402,902252012,azul,azul,aleatoria,empate,0,-1,100,0,0,0.0000,0.0500,2316,9,2307,0
403,1638510092,verde,verde,aleatoria,empate,0,-1,100,0,0,0.0000,0.0500,2348,11,2337,0
403,1638510092,verde,vermelho,aleatoria,empate,0,-1,100,0,0,0.0000,0.0500,2209,0,2209,0
403,1638510092,verde,azul,aleatoria,empate,0,-1,100,0,0,0.0000,0.0200,2425,20,2405,0
404,697931922,vermelho,verde,aleatoria,empate,0,-1,100,0,0,0.0000,0.0202,2312,3,2309,0
404,697931922,vermelho,vermelho,aleatoria,empate,0,-1,100,0,0,0.0000,0.0000,2336,20,2316,0
404,697931922,vermelho,azul,aleatoria,empate,0,-1,100,0,0,0.0000,0.0100,2443,11,2432,0
405,148352726,azul,verde,aleatoria,empate,0,-1,100,0,0,0.0000,0.0808,2149,2,2147,0
405,148352726,azul,vermelho,aleatoria,empate,0,-1,100,0,0,0.0000,0.0707,2360,14,2346,0
405,148352726,azul,azul,aleatoria,empate,0,-1,100,0,0,0.0000,0.2400,2309,10,2299,0
406,1423957648,verde,verde,aleatoria,empate,0,-1,100,0,0,0.0000,0.0300,2295,0,2295,0
406,1423957648,verde,vermelho,aleatoria,empate,0,-1,100,0,0,0.0000,0.0000,2344,20,2324,0
406,1423957648,verde,azul,aleatoria,empate,0,-1,100,0,0,0.0000,0.0300,2416,25,2391,0
407,1350537079,vermelho,verde,aleatoria,empate,0,-1,100,30,30,1.0000,0.0303,2437,29,2408,0
407,1350537079,vermelho,vermelho,aleatoria,empate,0,-1,100,30,0,30.0000,0.0000,2442,12,2430,0
407,1350537079,vermelho,azul,aleatoria,empate,0,-1,100,0,30,0.0000,0.0100,2491,14,2477,0
408,614268430,azul,verde,aleatoria,empate,0,-1,100,0,0,0.0000,0.0101,2354,10,2344,0
408,614268430,azul,vermelho,aleatoria,empate,0,-1,100,0,0,0.0000,0.1414,2449,0,2449,0
408,614268430,azul,azul,aleatoria,empate,0,-1,100,0,0,0.0000,0.0100,2366,5,2361,0
409,1044670401,verde,verde,aleatoria,empate,0,-1,100,0,0,0.0000,0.1600,2319,4,2315,0
409,1044670401,verde,vermelho,aleatoria,empate,0,-1,100,0,0,0.0000,0.0800,2320,0,2320,0
409,1044670401,verde,azul,aleatoria,empate,0,-1,100,0,0,0.0000,0.0400,2342,9,2333,0
410,73927817,vermelho,verde,aleatoria,empate,0,-1,100,0,0,0.0000,0.0101,2397,5,2392,0
410,73927817,vermelho,vermelho,aleatoria,empate,0,-1,100,30,0,30.0000,0.0000,2263,7,2256,0
410,73927817,vermelho,azul,aleatoria,empate,0,-1,100,0,30,0.0000,0.0100,2119,12,2107,0
411,1599316740,azul,verde,aleatoria,empate,0,-1,100,0,0,0.0000,0.0404,2408,18,2390,0
411,1599316740,azul,vermelho,aleatoria,empate,0,-1,100,0,0,0.0000,0.0101,2376,31,2345,0
411,1599316740,azul,azul,aleatoria,empate,0,-1,100,0,0,0.0000,0.0000,2450,27,2423,0
412,728730537,verde,verde,aleatoria,empate,0,-1,100,0,0,0.0000,0.0100,2357,6,2351,0
412,728730537,verde,vermelho,aleatoria,empate,0,-1,100,0,0,0.0000,0.0600,2204,6,2198,0
412,728730537,verde,azul,aleatoria,empate,0,-1,100,0,0,0.0000,0.0200,2396,1,2395,0
413,769613667,vermelho,verde,aleatoria,empate,0,-1,100,0,0,0.0000,0.0000,2009,0,2009,0
413,769613667,vermelho,vermelho,aleatoria,empate,0,-1,100,0,30,0.0000,0.0100,2454,18,2436,0
413,769613667,vermelho,azul,aleatoria,empate,0,-1,100,30,0,30.0000,0.0000,2151,17,2134,0
414,701710304,azul,verde,aleatoria,empate,0,-1,100,0,0,0.0000,0.0404,2328,9,2319,0
414,701710304,azul,vermelho,aleatoria,empate,0,-1,100,0,0,0.0000,0.0707,2220,28,2192,0
414,701710304,azul,azul,aleatoria,empate,0,-1,100,0,0,0.0000,0.0000,2357,16,2341,0
415,2146003900,verde,verde,aleatoria,empate,0,-1,100,0,0,0.0000,0.0000,1983,1,1982,0
415,2146003900,verde,vermelho,aleatoria,empate,0,-1,100,0,0,0.0000,0.0100,2217,0,2217,0
415,2146003900,verde,azul,aleatoria,empate,0,-1,100,0,0,0.0000,0.0600,2433,1,2432,0
416,1585576561,vermelho,verde,aleatoria,empate,0,-1,100,0,0,0.0000,0.0000,2268,14,2254,0
416,1585576561,vermelho,vermelho,aleatoria,empate,0,-1,100,0,0,0.0000,0.0100,2356,0,2356,0
416,1585576561,vermelho,azul,aleatoria,empate,0,-1,100,0,0,0.0000,0.0200,2409,9,2400,0
417,1048996951,azul,verde,aleatoria,empate,0,-1,100,0,0,0.0000,0.0404,2065,0,2065,0
417,1048996951,azul,vermelho,aleatoria,empate,0,-1,100,0,0,0.0000,0.0606,2350,0,2350,0
417,1048996951,azul,azul,aleatoria,empate,0,-1,100,0,0,0.0000,0.1000,2296,0,2296,0
418,614909108,verde,verde,aleatoria,empate,0,-1,100,0,0,0.0000,0.2400,2198,10,2188,0
418,614909108,verde,vermelho,aleatoria,empate,0,-1,100,0,0,0.0000,0.0200,2255,12,2243,0
418,614909108,verde,azul,aleatoria,empate,0,-1,100,0,0,0.0000,0.1000,2329,0,2329,0
419,1906067081,vermelho,verde,aleatoria,empate,0,-1,100,0,0,0.0000,0.0000,2256,14,2242,0
419,1906067081,vermelho,vermelho,aleatoria,empate,0,-1,100,0,0,0.0000,0.0600,2319,12,2307,0
419,1906067081,vermelho,azul,aleatoria,empate,0,-1,100,0,0,0.0000,0.0000,2323,2,2321,0
420,974694883,azul,verde,aleatoria,empate,0,-1,100,0,0,0.0000,0.0101,2367,0,2367,0
420,974694883,azul,vermelho,aleatoria,empate,0,-1,100,30,0,30.0000,0.0606,2120,10,2110,0
420,974694883,azul,azul,aleatoria,empate,0,-1,100,0,30,0.0000,0.0000,2299,6,2293,0
421,277475170,verde,verde,aleatoria,empate,0,-1,100,0,0,0.0000,0.0800,2339,11,2328,0
421,277475170,verde,vermelho,aleatoria,empate,0,-1,100,0,0,0.0000,0.0200,2346,1,2345,0
421,277475170,verde,azul,aleatoria,empate,0,-1,100,0,0,0.0000,0.0200,2410,16,2394,0
422,148424731,vermelho,verde,aleatoria,empate,0,-1,100,0,0,0.0000,0.0404,2240,27,2213,0
422,148424731,vermelho,vermelho,aleatoria,empate,0,-1,100,0,0,0.0000,0.0700,2398,37,2361,0
422,148424731,vermelho,azul,aleatoria,empate,0,-1,100,0,0,0.0000,0.0200,2414,34,2380,0
423,604743709,azul,verde,aleatoria,empate,0,-1,100,0,0,0.0000,0.1212,2168,1,2167,0
423,604743709,azul,vermelho,aleatoria,empate,0,-1,100,0,0,0.0000,0.0202,2426,7,2419,0
423,604743709,azul,azul,aleatoria,empate,0,-1,100,0,0,0.0000,0.0800,2420,9,2411,0
424,838363468,verde,verde,aleatoria,empate,0,-1,100,0,0,0.0000,0.0600,2309,20,2289,0
424,838363468,verde,vermelho,aleatoria,empate,0,-1,100,0,0,0.0000,0.0600,2427,13,2414,0
424,838363468,verde,azul,aleatoria,empate,0,-1,100,0,0,0.0000,0.0700,2413,10,2403,0
425,1461119760,vermelho,verde,aleatoria,empate,0,-1,100,0,0,0.0000,0.0101,2380,0,2380,0
425,1461119760,vermelho,vermelho,aleatoria,empate,0,-1,100,0,0,0.0000,0.0500,2232,0,2232,0
425,1461119760,vermelho,azul,aleatoria,empate,0,-1,100,0,0,0.0000,0.0000,1979,0,1979,0
426,2054000186,azul,verde,aleatoria,empate,0,-1,100,0,0,0.0000,0.0303,2382,9,2373,0
426,2054000186,azul,vermelho,aleatoria,empate,0,-1,100,0,0,0.0000,0.0404,2454,0,2454,0
426,2054000186,azul,azul,aleatoria,empate,0,-1,100,0,0,0.0000,0.0100,1956,3,1953,0
427,1470480063,verde,verde,aleatoria,empate,0,-1,100,0,0,0.0000,0.0100,2248,0,2248,0
427,1470480063,verde,vermelho,aleatoria,empate,0,-1,100,0,0,0.0000,0.0600,2279,15,2264,0
427,1470480063,verde,azul,aleatoria,empate,0,-1,100,0,0,0.0000,0.0400,2427,33,2394,0
428,766136782,vermelho,verde,aleatoria,empate,0,-1,100,0,0,0.0000,0.0707,2387,0,2387,0
428,766136782,vermelho,vermelho,aleatoria,empate,0,-1,100,0,0,0.0000,0.0400,2346,0,2346,0
428,766136782,vermelho,azul,aleatoria,empate,0,-1,100,0,0,0.0000,0.0000,2323,0,2323,0
429,372718935,azul,verde,aleatoria,empate,0,-1,100,0,0,0.0000,0.0404,2199,0,2199,0
429,372718935,azul,vermelho,aleatoria,empate,0,-1,100,0,0,0.0000,0.0101,2402,0,2402,0
429,372718935,azul,azul,aleatoria,empate,0,-1,100,0,0,0.0000,0.0100,2296,0,2296,0
430,2045200466,verde,verde,aleatoria,empate,0,-1,100,0,0,0.0000,0.1000,2368,14,2354,0
430,2045200466,verde,vermelho,aleatoria,empate,0,-1,100,0,0,0.0000,0.0400,2409,28,2381,0
430,2045200466,verde,azul,aleatoria,empate,0,-1,100,0,0,0.0000,0.0100,2469,20,2449,0
431,1900958049,vermelho,verde,aleatoria,empate,0,-1,100,0,0,0.0000,0.0000,2147,5,2142,0
431,1900958049,vermelho,vermelho,aleatoria,empate,0,-1,100,0,0,0.0000,0.1500,2412,9,2403,0
431,1900958049,vermelho,azul,aleatoria,empate,0,-1,100,0,0,0.0000,0.0300,2314,0,2314,0
432,1317230616,azul,verde,aleatoria,empate,0,-1,100,0,0,0.0000,0.0808,2403,3,2400,0
432,1317230616,azul,vermelho,aleatoria,empate,0,-1,100,0,0,0.0000,0.0000,2047,5,2042,0
432,1317230616,azul,azul,aleatoria,empate,0,-1,100,0,0,0.0000,0.0000,2272,0,2272,0
433,1343244560,verde,verde,aleatoria,empate,0,-1,100,0,30,0.0000,0.0200,2380,3,2377,0
433,1343244560,verde,vermelho,aleatoria,empate,0,-1,100,0,0,0.0000,0.0400,2358,0,2358,0
433,1343244560,verde,azul,aleatoria,empate,0,-1,100,30,0,30.0000,0.0600,2328,5,2323,0
434,784401889,vermelho,verde,aleatoria,empate,0,-1,100,0,0,0.0000,0.0404,2401,10,2391,0
434,784401889,vermelho,vermelho,aleatoria,empate,0,-1,100,0,0,0.0000,0.0000,2464,20,2444,0
434,784401889,vermelho,azul,aleatoria,empate,0,-1,100,0,0,0.0000,0.0600,2466,27,2439,0
435,1579403662,azul,verde,aleatoria,empate,0,-1,100,0,0,0.0000,0.0808,2363,21,2342,0
435,1579403662,azul,vermelho,aleatoria,empate,0,-1,100,0,0,0.0000,0.0000,2349,0,2349,0
435,1579403662,azul,azul,aleatoria,empate,0,-1,100,0,0,0.0000,0.0600,2423,38,2385,0
436,1577216255,verde,verde,aleatoria,empate,0,-1,100,30,0,30.0000,0.0500,2285,16,2269,0
436,1577216255,verde,vermelho,aleatoria,empate,0,-1,100,0,30,0.0000,0.0500,2317,11,2306,0
436,1577216255,verde,azul,aleatoria,empate,0,-1,100,0,0,0.0000,0.1400,2246,0,2246,0
437,1215591661,vermelho,verde,aleatoria,empate,0,-1,100,0,0,0.0000,0.1313,2343,0,2343,0
437,1215591661,vermelho,vermelho,aleatoria,empate,0,-1,100,0,0,0.0000,0.0400,2406,8,2398,0
437,1215591661,vermelho,azul,aleatoria,empate,0,-1,100,0,0,0.0000,0.0300,2399,7,2392,0
438,2129381150,azul,verde,aleatoria,empate,0,-1,100,0,0,0.0000,0.0000,2374,16,2358,0
438,2129381150,azul,vermelho,aleatoria,empate,0,-1,100,0,0,0.0000,0.0101,2367,23,2344,0
438,2129381150,azul,azul,aleatoria,empate,0,-1,100,0,0,0.0000,0.1100,2149,9,2140,0
439,200211642,verde,verde,aleatoria,empate,0,-1,100,0,0,0.0000,0.1200,2302,3,2299,0
439,200211642,verde,vermelho,aleatoria,empate,0,-1,100,0,0,0.0000,0.0200,2201,6,2195,0
439,200211642,verde,azul,aleatoria,empate,0,-1,100,0,0,0.0000,0.0400,2325,10,2315,0
440,739759482,vermelho,verde,aleatoria,empate,0,-1,100,0,0,0.0000,0.0000,2332,9,2323,0
440,739759482,vermelho,vermelho,aleatoria,empate,0,-1,100,0,0,0.0000,0.0600,2274,0,2274,0
440,739759482,vermelho,azul,aleatoria,empate,0,-1,100,0,0,0.0000,0.0300,2419,6,2413,0
441,571873306,azul,verde,aleatoria,empate,0,-1,100,0,0,0.0000,0.0000,2406,32,2374,0
441,571873306,azul,vermelho,aleatoria,empate,0,-1,100,0,0,0.0000,0.0606,2486,31,2455,0
441,571873306,azul,azul,aleatoria,empate,0,-1,100,0,0,0.0000,0.0200,2462,36,2426,0
442,1141555388,verde,verde,aleatoria,empate,0,-1,100,0,0,0.0000,0.0000,2411,6,2405,0
442,1141555388,verde,vermelho,aleatoria,empate,0,-1,100,0,0,0.0000,0.1000,2208,9,2199,0
442,1141555388,verde,azul,aleatoria,empate,0,-1,100,0,0,0.0000,0.1300,2426,10,2416,0
443,1737235775,vermelho,verde,aleatoria,empate,0,-1,100,0,0,0.0000,0.0000,2462,19,2443,0
443,1737235775,vermelho,vermelho,aleatoria,empate,0,-1,100,0,0,0.0000,0.0200,2099,23,2076,0
443,1737235775,vermelho,azul,aleatoria,empate,0,-1,100,0,0,0.0000,0.1900,2348,0,2348,0
444,1019163322,azul,verde,aleatoria,empate,0,-1,100,0,0,0.0000,0.0000,2324,22,2302,0
444,1019163322,azul,vermelho,aleatoria,empate,0,-1,100,0,0,0.0000,0.0707,2219,3,2216,0
444,1019163322,azul,azul,aleatoria,empate,0,-1,100,0,0,0.0000,0.0100,2387,26,2361,0
445,1477330786,verde,verde,aleatoria,empate,0,-1,100,0,0,0.0000,0.0800,2409,8,2401,0
445,1477330786,verde,vermelho,aleatoria,empate,0,-1,100,0,0,0.0000,0.0400,2176,3,2173,0
445,1477330786,verde,azul,aleatoria,empate,0,-1,100,0,0,0.0000,0.0200,2273,3,2270,0
446,744905077,vermelho,verde,aleatoria,empate,0,-1,100,0,0,0.0000,0.0202,2189,7,2182,0
446,744905077,vermelho,vermelho,aleatoria,empate,0,-1,100,0,0,0.0000,0.0700,2379,0,2379,0
446,744905077,vermelho,azul,aleatoria,empate,0,-1,100,0,0,0.0000,0.0900,2434,8,2426,0
447,1994270146,azul,verde,aleatoria,empate,0,-1,100,0,0,0.0000,0.0000,2304,0,2304,0
447,1994270146,azul,vermelho,aleatoria,empate,0,-1,100,0,0,0.0000,0.1010,2271,3,2268,0
447,1994270146,azul,azul,aleatoria,empate,0,-1,100,0,0,0.0000,0.1100,2348,4,2344,0
448,164773497,verde,verde,aleatoria,empate,0,-1,100,0,0,0.0000,0.0200,2410,22,2388,0
448,164773497,verde,vermelho,aleatoria,empate,0,-1,100,0,0,0.0000,0.0100,2379,0,2379,0
448,164773497,verde,azul,aleatoria,empate,0,-1,100,0,0,0.0000,0.1100,2273,23,2250,0
449,1649528846,vermelho,verde,aleatoria,empate,0,-1,100,0,0,0.0000,0.0101,2385,10,2375,0
449,1649528846,vermelho,vermelho,aleatoria,empate,0,-1,100,0,0,0.0000,0.0600,2417,16,2401,0
449,1649528846,vermelho,azul,aleatoria,empate,0,-1,100,0,0,0.0000,0.0000,2414,26,2388,0
450,8261800,azul,verde,aleatoria,empate,0,-1,100,0,0,0.0000,0.0606,2401,2,2399,0
450,8261800,azul,vermelho,aleatoria,empate,0,-1,100,0,0,0.0000,0.0303,2380,18,2362,0
450,8261800,azul,azul,aleatoria,empate,0,-1,100,0,0,0.0000,0.1000,2455,7,2448,0
451,1520873105,verde,verde,aleatoria,empate,0,-1,100,0,0,0.0000,0.0200,2205,5,2200,0
451,1520873105,verde,vermelho,aleatoria,empate,0,-1,100,30,0,30.0000,0.0800,2462,15,2447,0
451,1520873105,verde,azul,aleatoria,empate,0,-1,100,0,30,0.0000,0.0300,2440,21,2419,0
452,189695113,vermelho,verde,aleatoria,empate,0,-1,100,0,0,0.0000,0.0000,2154,3,2151,0
452,189695113,vermelho,vermelho,aleatoria,empate,0,-1,100,0,0,0.0000,0.0500,2490,12,2478,0
452,189695113,vermelho,azul,aleatoria,empate,0,-1,100,0,0,0.0000,0.0300,2477,20,2457,0
453,2050012462,azul,verde,aleatoria,empate,0,-1,100,0,0,0.0000,0.2222,1884,0,1884,0
453,2050012462,azul,vermelho,aleatoria,empate,0,-1,100,0,0,0.0000,0.0000,2413,0,2413,0
453,2050012462,azul,azul,aleatoria,empate,0,-1,100,0,0,0.0000,0.1100,2164,0,2164,0
454,105099442,verde,verde,aleatoria,empate,0,-1,100,0,0,0.0000,0.0200,2391,12,2379,0
454,105099442,verde,vermelho,aleatoria,empate,0,-1,100,0,0,0.0000,0.0400,2343,13,2330,0
454,105099442,verde,azul,aleatoria,empate,0,-1,100,0,0,0.0000,0.0900,2306,20,2286,0
455,898790568,vermelho,verde,aleatoria,empate,0,-1,100,0,0,0.0000,0.0404,2305,5,2300,0
455,898790568,vermelho,vermelho,aleatoria,empate,0,-1,100,0,0,0.0000,0.0000,2342,12,2330,0
455,898790568,vermelho,azul,aleatoria,empate,0,-1,100,0,0,0.0000,0.0200,2483,16,2467,0
456,2054871234,azul,verde,aleatoria,empate,0,-1,100,0,0,0.0000,0.0000,2228,0,2228,0
456,2054871234,azul,vermelho,aleatoria,empate,0,-1,100,0,0,0.0000,0.0202,2372,0,2372,0
456,2054871234,azul,azul,aleatoria,empate,0,-1,100,0,0,0.0000,0.0300,2259,0,2259,0
457,567165131,verde,verde,aleatoria,empate,0,-1,100,0,0,0.0000,0.0500,2337,0,2337,0
457,567165131,verde,vermelho,aleatoria,empate,0,-1,100,0,0,0.0000,0.0000,2331,9,2322,0
457,567165131,verde,azul,aleatoria,empate,0,-1,100,0,0,0.0000,0.0700,2199,7,2192,0
458,1506506545,vermelho,verde,aleatoria,empate,0,-1,100,0,0,0.0000,0.0000,2435,0,2435,0
458,1506506545,vermelho,vermelho,aleatoria,empate,0,-1,100,0,0,0.0000,0.0000,2201,1,2200,0
458,1506506545,vermelho,azul,aleatoria,empate,0,-1,100,0,0,0.0000,0.0700,2298,0,2298,0
459,338695334,azul,verde,aleatoria,empate,0,-1,100,0,0,0.0000,0.0606,2281,7,2274,0
459,338695334,azul,vermelho,aleatoria,empate,0,-1,100,0,0,0.0000,0.0101,2383,6,2377,0
459,338695334,azul,azul,aleatoria,empate,0,-1,100,0,0,0.0000,0.1400,2246,0,2246,0
460,369462903,verde,verde,aleatoria,empate,0,-1,100,0,0,0.0000,0.0100,2417,16,2401,0
460,369462903,verde,vermelho,aleatoria,empate,0,-1,100,0,0,0.0000,0.0400,2262,10,2252,0
460,369462903,verde,azul,aleatoria,empate,0,-1,100,0,0,0.0000,0.0900,2332,10,2322,0
461,1639586025,vermelho,verde,aleatoria,empate,0,-1,100,0,0,0.0000,0.0000,2382,0,2382,0
461,1639586025,vermelho,vermelho,aleatoria,empate,0,-1,100,0,0,0.0000,0.0500,2487,1,2486,0
461,1639586025,vermelho,azul,aleatoria,empate,0,-1,100,0,0,0.0000,0.0200,2323,2,2321,0
462,1094686237,azul,verde,aleatoria,empate,0,-1,100,0,0,0.0000,0.1515,2400,12,2388,0
462,1094686237,azul,vermelho,aleatoria,empate,0,-1,100,0,0,0.0000,0.0707,2375,17,2358,0
462,1094686237,azul,azul,aleatoria,empate,0,-1,100,0,0,0.0000,0.0000,2271,2,2269,0
463,616728145,verde,verde,aleatoria,empate,0,-1,100,0,30,0.0000,0.0100,2437,13,2424,0
463,616728145,verde,vermelho,aleatoria,empate,0,-1,100,30,0,30.0000,0.0200,2475,17,2458,0
463,616728145,verde,azul,aleatoria,empate,0,-1,100,0,0,0.0000,0.0100,2394,5,2389,0
464,1665972581,vermelho,verde,aleatoria,empate,0,-1,100,0,0,0.0000,0.0303,2235,0,2235,0
464,1665972581,vermelho,vermelho,aleatoria,empate,0,-1,100,0,0,0.0000,0.0300,2384,10,2374,0
464,1665972581,vermelho,azul,aleatoria,empate,0,-1,100,0,0,0.0000,0.0200,2379,14,2365,0
465,1342328242,azul,verde,aleatoria,empate,0,-1,100,0,0,0.0000,0.0000,2317,0,2317,0
465,1342328242,azul,vermelho,aleatoria,empate,0,-1,100,0,0,0.0000,0.0404,2294,3,2291,0
465,1342328242,azul,azul,aleatoria,empate,0,-1,100,0,0,0.0000,0.0300,2240,1,2239,0
466,1649972298,verde,verde,aleatoria,empate,0,-1,100,0,0,0.0000,0.2200,2409,0,2409,0
466,1649972298,verde,vermelho,aleatoria,empate,0,-1,100,0,0,0.0000,0.0200,2332,0,2332,0
466,1649972298,verde,azul,aleatoria,empate,0,-1,100,0,0,0.0000,0.0400,2321,0,2321,0
467,2086780469,vermelho,verde,aleatoria,empate,0,-1,100,0,0,0.0000,0.0000,2363,18,2345,0
467,2086780469,vermelho,vermelho,aleatoria,empate,0,-1,100,0,0,0.0000,0.0400,2359,17,2342,0
467,2086780469,vermelho,azul,aleatoria,empate,0,-1,100,0,0,0.0000,0.0100,2217,13,2204,0
468,1112072917,azul,verde,aleatoria,empate,0,-1,100,0,0,0.0000,0.0808,2318,0,2318,0
468,1112072917,azul,vermelho,aleatoria,empate,0,-1,100,0,0,0.0000,0.1010,2254,0,2254,0
468,1112072917,azul,azul,aleatoria,empate,0,-1,100,0,0,0.0000,0.0800,2275,2,2273,0
469,223052448,verde,verde,aleatoria,empate,0,-1,100,0,0,0.0000,0.0000,2174,7,2167,0
469,223052448,verde,vermelho,aleatoria,empate,0,-1,100,0,0,0.0000,0.0400,2239,11,2228,0
469,223052448,verde,azul,aleatoria,empate,0,-1,100,0,0,0.0000,0.0300,2261,0,2261,0
470,1629194997,vermelho,verde,aleatoria,empate,0,-1,100,0,0,0.0000,0.0303,2307,7,2300,0
470,1629194997,vermelho,vermelho,aleatoria,empate,0,-1,100,0,0,0.0000,0.0100,2245,0,2245,0
470,1629194997,vermelho,azul,aleatoria,empate,0,-1,100,0,0,0.0000,0.0200,2336,5,2331,0
471,2020547047,azul,verde,aleatoria,empate,0,-1,100,0,0,0.0000,0.0000,2125,0,2125,0
471,2020547047,azul,vermelho,aleatoria,empate,0,-1,100,0,0,0.0000,0.0303,2398,11,2387,0
471,2020547047,azul,azul,aleatoria,empate,0,-1,100,0,0,0.0000,0.0800,2326,11,2315,0
472,1561709938,verde,verde,aleatoria,empate,0,-1,100,0,0,0.0000,0.0500,2314,13,2301,0
472,1561709938,verde,vermelho,aleatoria,empate,0,-1,100,0,0,0.0000,0.0000,1996,0,1996,0
472,1561709938,verde,azul,aleatoria,empate,0,-1,100,0,0,0.0000,0.0300,2395,16,2379,0
473,34472910,vermelho,verde,aleatoria,empate,0,-1,100,0,0,0.0000,0.0909,2226,6,2220,0
473,34472910,vermelho,vermelho,aleatoria,empate,0,-1,100,0,0,0.0000,0.0700,2146,8,2138,0
473,34472910,vermelho,azul,aleatoria,empate,0,-1,100,0,0,0.0000,0.1200,2284,0,2284,0
474,1889495832,azul,verde,aleatoria,empate,0,-1,100,0,0,0.0000,0.0303,2391,24,2367,0
474,1889495832,azul,vermelho,aleatoria,empate,0,-1,100,0,0,0.0000,0.0808,2317,13,2304,0
474,1889495832,azul,azul,aleatoria,empate,0,-1,100,0,0,0.0000,0.0200,2218,2,2216,0
475,2075334735,verde,verde,aleatoria,empate,0,-1,100,0,0,0.0000,0.0800,2389,5,2384,0
475,2075334735,verde,vermelho,aleatoria,empate,0,-1,100,0,0,0.0000,0.0500,2140,6,2134,0
475,2075334735,verde,azul,aleatoria,empate,0,-1,100,0,0,0.0000,0.0500,2309,0,2309,0
476,518344282,vermelho,verde,aleatoria,empate,0,-1,100,0,0,0.0000,0.0808,2163,7,2156,0
476,518344282,vermelho,vermelho,aleatoria,empate,0,-1,100,0,0,0.0000,0.0000,2349,0,2349,0
476,518344282,vermelho,azul,aleatoria,empate,0,-1,100,0,0,0.0000,0.0300,2376,10,2366,0
477,664865225,azul,verde,aleatoria,empate,0,-1,100,0,0,0.0000,0.0505,2432,8,2424,0
477,664865225,azul,vermelho,aleatoria,empate,0,-1,100,0,0,0.0000,0.0000,2156,0,2156,0
477,664865225,azul,azul,aleatoria,empate,0,-1,100,0,0,0.0000,0.1200,2379,13,2366,0
478,1713655207,verde,verde,aleatoria,empate,0,-1,100,0,0,0.0000,0.0500,2433,1,2432,0
478,1713655207,verde,vermelho,aleatoria,empate,0,-1,100,0,0,0.0000,0.0500,2408,0,2408,0
478,1713655207,verde,azul,aleatoria,empate,0,-1,100,0,0,0.0000,0.0900,2430,2,2428,0
479,927898304,vermelho,verde,aleatoria,empate,0,-1,100,0,0,0.0000,0.0505,2349,11,2338,0
479,927898304,vermelho,vermelho,aleatoria,empate,0,-1,100,0,0,0.0000,0.0400,2269,19,2250,0
479,927898304,vermelho,azul,aleatoria,empate,0,-1,100,0,0,0.0000,0.0700,2453,7,2446,0
480,512606905,azul,verde,aleatoria,empate,0,-1,100,0,0,0.0000,0.0000,2359,0,2359,0
480,512606905,azul,vermelho,aleatoria,empate,0,-1,100,0,0,0.0000,0.1616,2363,0,2363,0
480,512606905,azul,azul,aleatoria,empate,0,-1,100,0,0,0.0000,0.0000,2378,0,2378,0
481,741330521,verde,verde,aleatoria,empate,0,-1,100,0,0,0.0000,0.0000,2262,7,2255,0
481,741330521,verde,vermelho,aleatoria,empate,0,-1,100,0,0,0.0000,0.0000,2340,19,2321,0
481,741330521,verde,azul,aleatoria,empate,0,-1,100,0,0,0.0000,0.0000,2410,18,2392,0
482,1245569230,vermelho,verde,aleatoria,empate,0,-1,100,0,0,0.0000,0.0808,2292,45,2247,0
482,1245569230,vermelho,vermelho,aleatoria,empate,0,-1,100,0,0,0.0000,0.1900,2321,42,2279,0
482,1245569230,vermelho,azul,aleatoria,empate,0,-1,100,0,0,0.0000,0.1000,2444,54,2390,0
483,1772636271,azul,verde,aleatoria,empate,0,-1,100,0,0,0.0000,0.1414,2358,9,2349,0
483,1772636271,azul,vermelho,aleatoria,empate,0,-1,100,0,0,0.0000,0.0000,2425,7,2418,0
483,1772636271,azul,azul,aleatoria,empate,0,-1,100,0,0,0.0000,0.0100,2403,1,2402,0
484,439522726,verde,verde,aleatoria,empate,0,-1,100,0,0,0.0000,0.0000,2322,0,2322,0
484,439522726,verde,vermelho,aleatoria,empate,0,-1,100,0,0,0.0000,0.0600,2212,0,2212,0
484,439522726,verde,azul,aleatoria,empate,0,-1,100,0,0,0.0000,0.0600,2388,0,2388,0
485,1210558033,vermelho,verde,aleatoria,empate,0,-1,100,0,0,0.0000,0.1111,2418,0,2418,0
485,1210558033,vermelho,vermelho,aleatoria,empate,0,-1,100,0,0,0.0000,0.0000,2386,0,2386,0
485,1210558033,vermelho,azul,aleatoria,empate,0,-1,100,0,0,0.0000,0.0100,2263,0,2263,0
486,1816776073,azul,verde,aleatoria,empate,0,-1,100,0,0,0.0000,0.0000,2168,1,2167,0
486,1816776073,azul,vermelho,aleatoria,empate,0,-1,100,0,0,0.0000,0.1111,2350,0,2350,0
486,1816776073,azul,azul,aleatoria,empate,0,-1,100,0,0,0.0000,0.0000,2203,0,2203,0
487,808127244,verde,verde,aleatoria,empate,0,-1,100,0,0,0.0000,0.0500,2279,0,2279,0
487,808127244,verde,vermelho,aleatoria,empate,0,-1,100,0,30,0.0000,0.0300,2477,29,2448,0
487,808127244,verde,azul,aleatoria,empate,0,-1,100,30,0,30.0000,0.1100,2440,24,2416,0
488,69747369,vermelho,verde,aleatoria,empate,0,-1,100,0,0,0.0000,0.0505,2359,0,2359,0
488,69747369,vermelho,vermelho,aleatoria,empate,0,-1,100,0,0,0.0000,0.0000,2250,11,2239,0
488,69747369,vermelho,azul,aleatoria,empate,0,-1,100,0,0,0.0000,0.0100,2279,23,2256,0
489,1668374150,azul,verde,aleatoria,empate,0,-1,100,0,0,0.0000,0.0000,2377,4,2373,0
489,1668374150,azul,vermelho,aleatoria,empate,0,-1,100,0,0,0.0000,0.0202,2322,0,2322,0
489,1668374150,azul,azul,aleatoria,empate,0,-1,100,0,0,0.0000,0.1700,2398,6,2392,0
490,1304348503,verde,verde,aleatoria,empate,0,-1,100,0,0,0.0000,0.0000,2451,15,2436,0
490,1304348503,verde,vermelho,aleatoria,empate,0,-1,100,0,0,0.0000,0.0600,2478,0,2478,0
490,1304348503,verde,azul,aleatoria,empate,0,-1,100,0,0,0.0000,0.0000,2328,18,2310,0
491,133541920,vermelho,verde,aleatoria,empate,0,-1,100,0,0,0.0000,0.0202,2276,25,2251,0
491,133541920,vermelho,vermelho,aleatoria,empate,0,-1,100,0,0,0.0000,0.0000,2462,0,2462,0
491,133541920,vermelho,azul,aleatoria,empate,0,-1,100,0,0,0.0000,0.1500,2455,32,2423,0
492,1603595673,azul,verde,aleatoria,empate,0,-1,100,0,0,0.0000,0.1212,2460,25,2435,0
492,1603595673,azul,vermelho,aleatoria,empate,0,-1,100,0,0,0.0000,0.0000,2226,14,2212,0
492,1603595673,azul,azul,aleatoria,empate,0,-1,100,0,0,0.0000,0.0400,2360,1,2359,0
493,1118675268,verde,verde,aleatoria,empate,0,-1,100,0,0,0.0000,0.0400,2451,17,2434,0
493,1118675268,verde,vermelho,aleatoria,empate,0,-1,100,0,0,0.0000,0.0200,2267,12,2255,0
493,1118675268,verde,azul,aleatoria,empate,0,-1,100,0,0,0.0000,0.0800,2354,21,2333,0
494,1097557813,vermelho,verde,aleatoria,empate,0,-1,100,0,0,0.0000,0.0202,2277,4,2273,0
494,1097557813,vermelho,vermelho,aleatoria,empate,0,-1,100,0,0,0.0000,0.1200,2467,1,2466,0
494,1097557813,vermelho,azul,aleatoria,empate,0,-1,100,0,0,0.0000,0.0000,2267,4,2263,0
495,1791619833,azul,verde,aleatoria,empate,0,-1,100,0,0,0.0000,0.0202,2448,3,2445,0
495,1791619833,azul,vermelho,aleatoria,empate,0,-1,100,0,0,0.0000,0.0606,2363,0,2363,0
495,1791619833,azul,azul,aleatoria,empate,0,-1,100,0,0,0.0000,0.0900,2218,0,2218,0
496,1967010406,verde,verde,aleatoria,empate,0,-1,100,0,0,0.0000,0.0500,2364,6,2358,0
496,1967010406,verde,vermelho,aleatoria,empate,0,-1,100,0,0,0.0000,0.0000,2282,0,2282,0
496,1967010406,verde,azul,aleatoria,empate,0,-1,100,0,0,0.0000,0.0400,2279,6,2273,0
497,717339568,vermelho,verde,aleatoria,empate,0,-1,100,0,0,0.0000,0.1010,2482,10,2472,0
497,717339568,vermelho,vermelho,aleatoria,empate,0,-1,100,0,0,0.0000,0.1300,2475,8,2467,0
497,717339568,vermelho,azul,aleatoria,empate,0,-1,100,0,0,0.0000,0.0400,2310,10,2300,0
498,671962700,azul,verde,aleatoria,empate,0,-1,100,0,0,0.0000,0.1212,2306,2,2304,0
498,671962700,azul,vermelho,aleatoria,empate,0,-1,100,0,0,0.0000,0.0202,2184,5,2179,0
498,671962700,azul,azul,aleatoria,empate,0,-1,100,0,0,0.0000,0.0700,2354,4,2350,0
499,718487412,verde,verde,aleatoria,empate,0,-1,100,0,0,0.0000,0.0000,2316,0,2316,0
499,718487412,verde,vermelho,aleatoria,empate,0,-1,100,0,0,0.0000,0.1600,2127,0,2127,0
499,718487412,verde,azul,aleatoria,empate,0,-1,100,0,0,0.0000,0.0200,2389,0,2389,0
500,244965602,vermelho,verde,aleatoria,empate,0,-1,100,0,0,0.0000,0.1414,2350,2,2348,0
500,244965602,vermelho,vermelho,aleatoria,empate,0,-1,100,0,0,0.0000,0.1400,2442,0,2442,0
500,244965602,vermelho,azul,aleatoria,empate,0,-1,100,0,0,0.0000,0.0500,2433,1,2432,0
501,689613760,azul,verde,aleatoria,empate,0,-1,100,0,0,0.0000,0.0000,2303,9,2294,0
501,689613760,azul,vermelho,aleatoria,empate,0,-1,100,0,0,0.0000,0.1111,2192,0,2192,0
501,689613760,azul,azul,aleatoria,empate,0,-1,100,0,0,0.0000,0.0400,2382,8,2374,0
502,201796813,verde,verde,aleatoria,empate,0,-1,100,0,0,0.0000,0.0300,2167,15,2152,0
502,201796813,verde,vermelho,aleatoria,empate,0,-1,100,0,0,0.0000,0.0400,2339,13,2326,0
502,201796813,verde,azul,aleatoria,empate,0,-1,100,0,0,0.0000,0.0100,2467,4,2463,0
503,2095621178,vermelho,verde,aleatoria,empate,0,-1,100,30,0,30.0000,0.1919,2438,10,2428,0
503,2095621178,vermelho,vermelho,aleatoria,empate,0,-1,100,0,30,0.0000,0.0300,2392,7,2385,0
503,2095621178,vermelho,azul,aleatoria,empate,0,-1,100,0,0,0.0000,0.0000,2353,0,2353,0
504,512691303,azul,verde,aleatoria,empate,0,-1,100,0,0,0.0000,0.1111,2317,10,2307,0
504,512691303,azul,vermelho,aleatoria,empate,0,-1,100,0,0,0.0000,0.0909,2177,13,2164,0
504,512691303,azul,azul,aleatoria,empate,0,-1,100,0,0,0.0000,0.0900,2335,10,2325,0
505,520339085,verde,verde,aleatoria,empate,0,-1,100,0,0,0.0000,0.0200,2285,2,2283,0
505,520339085,verde,vermelho,aleatoria,empate,0,-1,100,0,0,0.0000,0.1200,2458,2,2456,0
505,520339085,verde,azul,aleatoria,empate,0,-1,100,0,0,0.0000,0.0100,2272,0,2272,0
506,319236723,vermelho,verde,aleatoria,empate,0,-1,100,0,0,0.0000,0.0000,2325,8,2317,0
506,319236723,vermelho,vermelho,aleatoria,empate,0,-1,100,0,0,0.0000,0.0900,2485,16,2469,0
506,319236723,vermelho,azul,aleatoria,empate,0,-1,100,0,0,0.0000,0.0800,2331,18,2313,0
507,1680688708,azul,verde,aleatoria,empate,0,-1,100,0,60,0.0000,0.0909,2305,24,2281,0
507,1680688708,azul,vermelho,aleatoria,empate,0,-1,100,0,0,0.0000,0.0101,2125,0,2125,0
507,1680688708,azul,azul,aleatoria,empate,0,-1,100,60,0,60.0000,0.0200,2405,28,2377,0
508,887407502,verde,verde,aleatoria,empate,0,-1,100,0,0,0.0000,0.0000,2234,2,2232,0
508,887407502,verde,vermelho,aleatoria,empate,0,-1,100,0,0,0.0000,0.0900,2398,10,2388,0
508,887407502,verde,azul,aleatoria,empate,0,-1,100,0,0,0.0000,0.0800,2355,4,2351,0
509,191222333,vermelho,verde,aleatoria,empate,0,-1,100,0,0,0.0000,0.0707,2371,4,2367,0
509,191222333,vermelho,vermelho,aleatoria,empate,0,-1,100,0,0,0.0000,0.1200,2329,10,2319,0
509,191222333,vermelho,azul,aleatoria,empate,0,-1,100,0,0,0.0000,0.0500,2120,16,2104,0
510,608521437,azul,verde,aleatoria,empate,0,-1,100,0,0,0.0000,0.0101,2166,1,2165,0
510,608521437,azul,vermelho,aleatoria,empate,0,-1,100,0,0,0.0000,0.0202,2361,1,2360,0
510,608521437,azul,azul,aleatoria,empate,0,-1,100,0,0,0.0000,0.0100,2179,0,2179,0
511,656961761,verde,verde,aleatoria,empate,0,-1,100,0,0,0.0000,0.0000,2271,4,2267,0
511,656961761,verde,vermelho,aleatoria,empate,0,-1,100,0,0,0.0000,0.1900,2487,0,2487,0
511,656961761,verde,azul,aleatoria,empate,0,-1,100,0,0,0.0000,0.0700,2347,1,2346,0
512,310149982,vermelho,verde,aleatoria,empate,0,-1,100,0,0,0.0000,0.0707,2221,3,2218,0
512,310149982,vermelho,vermelho,aleatoria,empate,0,-1,100,0,0,0.0000,0.0100,2304,0,2304,0
512,310149982,vermelho,azul,aleatoria,empate,0,-1,100,0,0,0.0000,0.0300,2397,3,2394,0
513,1141277885,azul,verde,aleatoria,empate,0,-1,100,0,0,0.0000,0.0303,2044,0,2044,0
513,1141277885,azul,vermelho,aleatoria,empate,0,-1,100,0,0,0.0000,0.0303,2237,0,2237,0
513,1141277885,azul,azul,aleatoria,empate,0,-1,100,0,0,0.0000,0.0000,2374,0,2374,0
514,1226790344,verde,verde,aleatoria,empate,0,-1,100,0,0,0.0000,0.1200,2297,6,2291,0
514,1226790344,verde,vermelho,aleatoria,empate,0,-1,100,0,0,0.0000,0.0700,2405,0,2405,0
514,1226790344,verde,azul,aleatoria,empate,0,-1,100,0,0,0.0000,0.0000,2317,5,2312,0
515,1535129199,vermelho,verde,aleatoria,empate,0,-1,100,0,0,0.0000,0.0000,2314,1,2313,0
515,1535129199,vermelho,vermelho,aleatoria,empate,0,-1,100,0,0,0.0000,0.0000,2110,17,2093,0
515,1535129199,vermelho,azul,aleatoria,empate,0,-1,100,0,0,0.0000,0.1800,2259,17,2242,0
516,1150841547,azul,verde,aleatoria,empate,0,-1,100,0,0,0.0000,0.0000,2097,1,2096,0
516,1150841547,azul,vermelho,aleatoria,empate,0,-1,100,0,0,0.0000,0.2020,2361,1,2360,0
516,1150841547,azul,azul,aleatoria,empate,0,-1,100,0,0,0.0000,0.0900,2379,0,2379,0
517,1165334641,verde,verde,aleatoria,empate,0,-1,100,0,0,0.0000,0.0000,2135,0,2135,0
517,1165334641,verde,vermelho,aleatoria,empate,0,-1,100,0,0,0.0000,0.0400,2305,0,2305,0
517,1165334641,verde,azul,aleatoria,empate,0,-1,100,0,0,0.0000,0.0000,2193,0,2193,0
518,681806193,vermelho,verde,aleatoria,empate,0,-1,100,0,0,0.0000,0.1313,2303,6,2297,0
518,681806193,vermelho,vermelho,aleatoria,empate,0,-1,100,0,0,0.0000,0.0000,2308,0,2308,0
518,681806193,vermelho,azul,aleatoria,empate,0,-1,100,0,0,0.0000,0.1100,2106,9,2097,0
519,1279852028,azul,verde,aleatoria,empate,0,-1,100,0,0,0.0000,0.0707,2241,0,2241,0
519,1279852028,azul,vermelho,aleatoria,empate,0,-1,100,0,0,0.0000,0.0404,2308,6,2302,0
519,1279852028,azul,azul,aleatoria,empate,0,-1,100,0,0,0.0000,0.0000,2140,7,2133,0
520,927686692,verde,verde,aleatoria,empate,0,-1,100,0,0,0.0000,0.0300,2246,34,2212,0
520,927686692,verde,vermelho,aleatoria,empate,0,-1,100,0,0,0.0000,0.1400,2301,16,2285,0
520,927686692,verde,azul,aleatoria,empate,0,-1,100,0,0,0.0000,0.1300,2352,15,2337,0
521,1035302288,vermelho,verde,aleatoria,empate,0,-1,100,0,0,0.0000,0.0303,2368,5,2363,0
521,1035302288,vermelho,vermelho,aleatoria,empate,0,-1,100,0,0,0.0000,0.1100,2303,4,2299,0
521,1035302288,vermelho,azul,aleatoria,empate,0,-1,100,0,0,0.0000,0.0200,2435,3,2432,0
522,984794711,azul,verde,aleatoria,empate,0,-1,100,0,0,0.0000,0.0000,2393,0,2393,0
522,984794711,azul,vermelho,aleatoria,empate,0,-1,100,30,0,30.0000,0.0101,2322,11,2311,0
522,984794711,azul,azul,aleatoria,empate,0,-1,100,0,30,0.0000,0.0100,2267,15,2252,0
523,327484689,verde,verde,aleatoria,empate,0,-1,100,0,0,0.0000,0.0200,2409,9,2400,0
523,327484689,verde,vermelho,aleatoria,empate,0,-1,100,0,0,0.0000,0.0300,2437,4,2433,0
523,327484689,verde,azul,aleatoria,empate,0,-1,100,0,0,0.0000,0.0900,2391,16,2375,0
524,386297152,vermelho,verde,aleatoria,empate,0,-1,100,0,0,0.0000,0.0202,2237,0,2237,0
524,386297152,vermelho,vermelho,aleatoria,empate,0,-1,100,0,0,0.0000,0.1000,2440,4,2436,0
524,386297152,vermelho,azul,aleatoria,empate,0,-1,100,0,0,0.0000,0.0000,2213,3,2210,0
525,349317291,azul,verde,aleatoria,empate,0,-1,100,0,0,0.0000,0.0606,2423,16,2407,0
525,349317291,azul,vermelho,aleatoria,empate,0,-1,100,0,0,0.0000,0.0202,2434,0,2434,0
525,349317291,azul,azul,aleatoria,empate,0,-1,100,0,0,0.0000,0.0200,2313,10,2303,0
526,2000841264,verde,verde,aleatoria,empate,0,-1,100,0,0,0.0000,0.0000,2417,18,2399,0
526,2000841264,verde,vermelho,aleatoria,empate,0,-1,100,0,0,0.0000,0.0000,2220,0,2220,0
526,2000841264,verde,azul,aleatoria,empate,0,-1,100,0,0,0.0000,0.0400,2445,27,2418,0
527,1679114366,vermelho,verde,aleatoria,empate,0,-1,100,0,0,0.0000,0.0101,2414,2,2412,0
527,1679114366,vermelho,vermelho,aleatoria,empate,0,-1,100,0,0,0.0000,0.0400,2390,4,2386,0
527,1679114366,vermelho,azul,aleatoria,empate,0,-1,100,0,0,0.0000,0.1100,2332,0,2332,0
528,54272465,azul,verde,aleatoria,empate,0,-1,100,30,0,30.0000,0.0000,2205,9,2196,0
528,54272465,azul,vermelho,aleatoria,empate,0,-1,100,0,0,0.0000,0.1212,2406,0,2406,0
528,54272465,azul,azul,aleatoria,empate,0,-1,100,0,30,0.0000,0.0000,2482,12,2470,0
529,2003592322,verde,verde,aleatoria,empate,0,-1,100,0,0,0.0000,0.0300,2072,0,2072,0
529,2003592322,verde,vermelho,aleatoria,empate,0,-1,100,0,0,0.0000,0.0500,2233,0,2233,0
529,2003592322,verde,azul,aleatoria,empate,0,-1,100,0,0,0.0000,0.0200,2285,0,2285,0
530,1331448970,vermelho,verde,aleatoria,empate,0,-1,100,0,0,0.0000,0.0000,2251,5,2246,0
530,1331448970,vermelho,vermelho,aleatoria,empate,0,-1,100,0,0,0.0000,0.0500,2420,5,2415,0
530,1331448970,vermelho,azul,aleatoria,empate,0,-1,100,0,0,0.0000,0.2200,2459,0,2459,0
531,482643454,azul,verde,aleatoria,empate,0,-1,100,0,0,0.0000,0.0202,2466,11,2455,0
531,482643454,azul,vermelho,aleatoria,empate,0,-1,100,0,0,0.0000,0.0909,2375,2,2373,0
531,482643454,azul,azul,aleatoria,empate,0,-1,100,0,0,0.0000,0.0700,2494,6,2488,0
532,1779565378,verde,verde,aleatoria,empate,0,-1,100,0,0,0.0000,0.0500,2435,1,2434,0
532,1779565378,verde,vermelho,aleatoria,empate,0,-1,100,30,0,30.0000,0.1500,2468,22,2446,0
532,1779565378,verde,azul,aleatoria,empate,0,-1,100,0,30,0.0000,0.1500,2473,32,2441,0
533,2054481438,vermelho,verde,aleatoria,empate,0,-1,100,0,0,0.0000,0.1010,2289,11,2278,0
533,2054481438,vermelho,vermelho,aleatoria,empate,0,-1,100,0,0,0.0000,0.0800,2261,13,2248,0
533,2054481438,vermelho,azul,aleatoria,empate,0,-1,100,0,0,0.0000,0.0100,2409,9,2400,0
534,1078675238,azul,verde,aleatoria,empate,0,-1,100,0,0,0.0000,0.0505,2170,8,2162,0
534,1078675238,azul,vermelho,aleatoria,empate,0,-1,100,0,0,0.0000,0.0000,2339,9,2330,0
534,1078675238,azul,azul,aleatoria,empate,0,-1,100,0,0,0.0000,0.0700,2395,5,2390,0
535,843908336,verde,verde,aleatoria,empate,0,-1,100,0,0,0.0000,0.0400,2383,4,2379,0
535,843908336,verde,vermelho,aleatoria,empate,0,-1,100,30,0,30.0000,0.1000,2448,8,2440,0
535,843908336,verde,azul,aleatoria,empate,0,-1,100,0,30,0.0000,0.0100,2467,9,2458,0
536,681987113,vermelho,verde,aleatoria,empate,0,-1,100,0,0,0.0000,0.0101,2487,19,2468,0
536,681987113,vermelho,vermelho,aleatoria,empate,0,-1,100,0,0,0.0000,0.0200,2524,27,2497,0
536,681987113,vermelho,azul,aleatoria,empate,0,-1,100,0,0,0.0000,0.1000,2379,0,2379,0
537,1423106760,azul,verde,aleatoria,empate,0,-1,100,0,0,0.0000,0.1313,2321,17,2304,0
537,1423106760,azul,vermelho,aleatoria,empate,0,-1,100,0,0,0.0000,0.1717,2223,19,2204,0
537,1423106760,azul,azul,aleatoria,empate,0,-1,100,0,0,0.0000,0.0300,2466,1,2465,0
538,1079511724,verde,verde,aleatoria,empate,0,-1,100,0,0,0.0000,0.0600,2291,14,2277,0
538,1079511724,verde,vermelho,aleatoria,empate,0,-1,100,0,0,0.0000,0.0100,2405,1,2404,0
538,1079511724,verde,azul,aleatoria,empate,0,-1,100,0,0,0.0000,0.0000,2409,6,2403,0
539,419734749,vermelho,verde,aleatoria,empate,0,-1,100,0,0,0.0000,0.0000,1907,0,1907,0
539,419734749,vermelho,vermelho,aleatoria,empate,0,-1,100,0,0,0.0000,0.0200,2439,7,2432,0
539,419734749,vermelho,azul,aleatoria,empate,0,-1,100,0,0,0.0000,0.1000,2420,3,2417,0
540,1655343181,azul,verde,aleatoria,empate,0,-1,100,0,0,0.0000,0.2121,2354,0,2354,0
540,1655343181,azul,vermelho,aleatoria,empate,0,-1,100,0,0,0.0000,0.0606,2214,0,2214,0
540,1655343181,azul,azul,aleatoria,empate,0,-1,100,0,0,0.0000,0.0400,2282,0,2282,0
541,1499152475,verde,verde,aleatoria,empate,0,-1,100,0,0,0.0000,0.0000,2139,0,2139,0
541,1499152475,verde,vermelho,aleatoria,empate,0,-1,100,0,0,0.0000,0.0300,2468,15,2453,0
541,1499152475,verde,azul,aleatoria,empate,0,-1,100,0,0,0.0000,0.0200,2452,9,2443,0
542,1832667766,vermelho,verde,aleatoria,empate,0,-1,100,0,0,0.0000,0.0202,2444,20,2424,0
542,1832667766,vermelho,vermelho,aleatoria,empate,0,-1,100,0,0,0.0000,0.0500,2368,5,2363,0
542,1832667766,vermelho,azul,aleatoria,empate,0,-1,100,0,0,0.0000,0.0400,2512,28,2484,0
543,1264378068,azul,verde,aleatoria,empate,0,-1,100,0,0,0.0000,0.0202,2480,25,2455,0
543,1264378068,azul,vermelho,aleatoria,empate,0,-1,100,0,0,0.0000,0.0000,2209,11,2198,0
543,1264378068,azul,azul,aleatoria,empate,0,-1,100,0,0,0.0000,0.0400,2413,31,2382,0
544,1308472688,verde,verde,aleatoria,empate,0,-1,100,0,0,0.0000,0.0600,2370,2,2368,0
544,1308472688,verde,vermelho,aleatoria,empate,0,-1,100,0,0,0.0000,0.0600,2442,9,2433,0
544,1308472688,verde,azul,aleatoria,empate,0,-1,100,0,0,0.0000,0.0400,2316,11,2305,0
545,1643580531,vermelho,verde,aleatoria,empate,0,-1,100,0,0,0.0000,0.0404,2299,2,2297,0
545,1643580531,vermelho,vermelho,aleatoria,empate,0,-1,100,0,0,0.0000,0.1700,2332,3,2329,0
545,1643580531,vermelho,azul,aleatoria,empate,0,-1,100,0,0,0.0000,0.1000,2197,4,2193,0
546,639957133,azul,verde,aleatoria,empate,0,-1,100,0,0,0.0000,0.0404,2350,2,2348,0
546,639957133,azul,vermelho,aleatoria,empate,0,-1,100,0,0,0.0000,0.0707,2368,6,2362,0
546,639957133,azul,azul,aleatoria,empate,0,-1,100,0,0,0.0000,0.0400,2370,5,2365,0
547,1965988595,verde,verde,aleatoria,empate,0,-1,100,0,0,0.0000,0.0200,2420,0,2420,0
547,1965988595,verde,vermelho,aleatoria,empate,0,-1,100,0,0,0.0000,0.0200,2376,8,2368,0
547,1965988595,verde,azul,aleatoria,empate,0,-1,100,0,0,0.0000,0.1200,2473,6,2467,0
548,785624668,vermelho,verde,aleatoria,empate,0,-1,100,60,30,2.0000,0.0808,2260,16,2244,0
548,785624668,vermelho,vermelho,aleatoria,empate,0,-1,100,30,30,1.0000,0.0700,2501,28,2473,0
548,785624668,vermelho,azul,aleatoria,empate,0,-1,100,0,30,0.0000,0.0900,2466,15,2451,0
549,474626655,azul,verde,aleatoria,empate,0,-1,100,0,0,0.0000,0.0303,2284,3,2281,0
549,474626655,azul,vermelho,aleatoria,empate,0,-1,100,0,0,0.0000,0.2323,2138,2,2136,0
549,474626655,azul,azul,aleatoria,empate,0,-1,100,0,0,0.0000,0.0500,2352,0,2352,0
550,1347717309,verde,verde,aleatoria,empate,0,-1,100,0,0,0.0000,0.0100,2249,0,2249,0
550,1347717309,verde,vermelho,aleatoria,empate,0,-1,100,0,0,0.0000,0.2000,2382,0,2382,0
550,1347717309,verde,azul,aleatoria,empate,0,-1,100,0,0,0.0000,0.0100,2374,0,2374,0
551,1940104168,vermelho,verde,aleatoria,empate,0,-1,100,0,0,0.0000,0.0606,2402,0,2402,0
551,1940104168,vermelho,vermelho,aleatoria,empate,0,-1,100,0,0,0.0000,0.0500,2345,2,2343,0
551,1940104168,vermelho,azul,aleatoria,empate,0,-1,100,0,0,0.0000,0.1900,2364,2,2362,0
552,1153931505,azul,verde,aleatoria,empate,0,-1,100,0,0,0.0000,0.0808,2419,8,2411,0
552,1153931505,azul,vermelho,aleatoria,empate,0,-1,100,0,0,0.0000,0.1010,2377,3,2374,0
552,1153931505,azul,azul,aleatoria,empate,0,-1,100,0,0,0.0000,0.0000,2273,8,2265,0
553,2144325616,verde,verde,aleatoria,empate,0,-1,100,0,0,0.0000,0.0400,2315,10,2305,0
553,2144325616,verde,vermelho,aleatoria,empate,0,-1,100,0,0,0.0000,0.0300,2313,3,2310,0
553,2144325616,verde,azul,aleatoria,empate,0,-1,100,0,0,0.0000,0.0300,2422,14,2408,0
554,30024536,vermelho,verde,aleatoria,empate,0,-1,100,0,0,0.0000,0.0404,2353,5,2348,0
554,30024536,vermelho,vermelho,aleatoria,empate,0,-1,100,0,0,0.0000,0.0300,2370,10,2360,0
554,30024536,vermelho,azul,aleatoria,empate,0,-1,100,0,0,0.0000,0.0600,2186,0,2186,0
555,1910399178,azul,verde,aleatoria,empate,0,-1,100,0,0,0.0000,0.0000,2215,6,2209,0
555,1910399178,azul,vermelho,aleatoria,empate,0,-1,100,0,0,0.0000,0.0000,2262,0,2262,0
555,1910399178,azul,azul,aleatoria,empate,0,-1,100,0,0,0.0000,0.0000,2419,5,2414,0
556,1783435411,verde,verde,aleatoria,empate,0,-1,100,0,0,0.0000,0.0000,2358,0,2358,0
556,1783435411,verde,vermelho,aleatoria,empate,0,-1,100,0,0,0.0000,0.0900,2246,5,2241,0
556,1783435411,verde,azul,aleatoria,empate,0,-1,100,0,0,0.0000,0.0100,2308,5,2303,0
557,2033767092,vermelho,verde,aleatoria,empate,0,-1,100,0,0,0.0000,0.1717,2368,0,2368,0
557,2033767092,vermelho,vermelho,aleatoria,empate,0,-1,100,0,0,0.0000,0.0600,2360,1,2359,0
557,2033767092,vermelho,azul,aleatoria,empate,0,-1,100,0,0,0.0000,0.0100,2020,0,2020,0
558,1903858974,azul,verde,aleatoria,empate,0,-1,100,0,0,0.0000,0.0000,2379,18,2361,0
558,1903858974,azul,vermelho,aleatoria,empate,0,-1,100,0,0,0.0000,0.0404,2434,31,2403,0
558,1903858974,azul,azul,aleatoria,empate,0,-1,100,0,0,0.0000,0.0400,2477,9,2468,0
559,1761344236,verde,verde,aleatoria,empate,0,-1,100,0,0,0.0000,0.0300,2402,21,2381,0
559,1761344236,verde,vermelho,aleatoria,empate,0,-1,100,0,0,0.0000,0.0700,2333,8,2325,0
559,1761344236,verde,azul,aleatoria,empate,0,-1,100,0,0,0.0000,0.0000,2385,22,2363,0
560,822547579,vermelho,verde,aleatoria,empate,0,-1,100,0,0,0.0000,0.2121,2245,0,2245,0
560,822547579,vermelho,vermelho,aleatoria,empate,0,-1,100,0,0,0.0000,0.0700,2380,0,2380,0
560,822547579,vermelho,azul,aleatoria,empate,0,-1,100,0,0,0.0000,0.0400,2180,0,2180,0
561,369036526,azul,verde,aleatoria,empate,0,-1,100,0,0,0.0000,0.0000,2187,6,2181,0
561,369036526,azul,vermelho,aleatoria,empate,0,-1,100,0,0,0.0000,0.1111,2090,3,2087,0
561,369036526,azul,azul,aleatoria,empate,0,-1,100,0,0,0.0000,0.0000,2361,6,2355,0
562,385294681,verde,verde,aleatoria,empate,0,-1,100,0,0,0.0000,0.0300,2149,15,2134,0
562,385294681,verde,vermelho,aleatoria,empate,0,-1,100,30,0,30.0000,0.0000,2272,7,2265,0
562,385294681,verde,azul,aleatoria,empate,0,-1,100,0,30,0.0000,0.0000,2379,11,2368,0
563,1351163531,vermelho,verde,aleatoria,empate,0,-1,100,0,0,0.0000,0.0404,1878,0,1878,0
563,1351163531,vermelho,vermelho,aleatoria,empate,0,-1,100,0,0,0.0000,0.0900,2490,12,2478,0
563,1351163531,vermelho,azul,aleatoria,empate,0,-1,100,0,0,0.0000,0.0300,2417,15,2402,0
564,788961864,azul,verde,aleatoria,empate,0,-1,100,0,30,0.0000,0.0000,2309,12,2297,0
564,788961864,azul,vermelho,aleatoria,empate,0,-1,100,0,0,0.0000,0.0202,2417,0,2417,0
564,788961864,azul,azul,aleatoria,empate,0,-1,100,30,0,30.0000,0.0400,2474,22,2452,0
565,503141246,verde,verde,aleatoria,empate,0,-1,100,0,0,0.0000,0.0100,2389,0,2389,0
565,503141246,verde,vermelho,aleatoria,empate,0,-1,100,0,0,0.0000,0.0500,2324,0,2324,0
565,503141246,verde,azul,aleatoria,empate,0,-1,100,0,0,0.0000,0.0400,2150,0,2150,0
566,1238521743,vermelho,verde,aleatoria,empate,0,-1,100,0,0,0.0000,0.0303,2398,9,2389,0
566,1238521743,vermelho,vermelho,aleatoria,empate,0,-1,100,0,0,0.0000,0.0300,2422,17,2405,0
566,1238521743,vermelho,azul,aleatoria,empate,0,-1,100,0,0,0.0000,0.0200,2382,11,2371,0
567,885807520,azul,verde,aleatoria,empate,0,-1,100,0,0,0.0000,0.0707,2214,13,2201,0
567,885807520,azul,vermelho,aleatoria,empate,0,-1,100,0,0,0.0000,0.0606,2335,15,2320,0
567,885807520,azul,azul,aleatoria,empate,0,-1,100,0,0,0.0000,0.1000,2296,0,2296,0
568,267902503,verde,verde,aleatoria,empate,0,-1,100,0,0,0.0000,0.0900,2446,2,2444,0
568,267902503,verde,vermelho,aleatoria,empate,0,-1,100,0,0,0.0000,0.0600,2231,6,2225,0
568,267902503,verde,azul,aleatoria,empate,0,-1,100,0,0,0.0000,0.0700,2227,0,2227,0
569,1922683726,vermelho,verde,aleatoria,empate,0,-1,100,0,0,0.0000,0.0606,2205,0,2205,0
569,1922683726,vermelho,vermelho,aleatoria,empate,0,-1,100,0,0,0.0000,0.0100,2372,0,2372,0
569,1922683726,vermelho,azul,aleatoria,empate,0,-1,100,0,0,0.0000,0.0400,2301,0,2301,0
570,2065365347,azul,verde,aleatoria,empate,0,-1,100,0,0,0.0000,0.0808,2316,5,2311,0
570,2065365347,azul,vermelho,aleatoria,empate,0,-1,100,0,0,0.0000,0.0101,2185,1,2184,0
570,2065365347,azul,azul,aleatoria,empate,0,-1,100,0,0,0.0000,0.1100,2399,4,2395,0
571,322353062,verde,verde,aleatoria,empate,0,-1,100,0,0,0.0000,0.0300,2057,0,2057,0
571,322353062,verde,vermelho,aleatoria,empate,0,-1,100,0,0,0.0000,0.0000,2302,0,2302,0
571,322353062,verde,azul,aleatoria,empate,0,-1,100,0,0,0.0000,0.0400,2299,0,2299,0
572,1785633287,vermelho,verde,aleatoria,empate,0,-1,100,30,0,30.0000,0.2222,2199,10,2189,0
572,1785633287,vermelho,vermelho,aleatoria,empate,0,-1,100,0,0,0.0000,0.0000,2326,0,2326,0
572,1785633287,vermelho,azul,aleatoria,empate,0,-1,100,0,30,0.0000,0.0100,2322,12,2310,0
573,753257138,azul,verde,aleatoria,empate,0,-1,100,0,0,0.0000,0.0000,2361,16,2345,0
573,753257138,azul,vermelho,aleatoria,empate,0,-1,100,0,0,0.0000,0.0202,2309,7,2302,0
573,753257138,azul,azul,aleatoria,empate,0,-1,100,0,0,0.0000,0.0500,2319,2,2317,0
574,1429681041,verde,verde,aleatoria,empate,0,-1,100,0,0,0.0000,0.0200,2300,2,2298,0
574,1429681041,verde,vermelho,aleatoria,empate,0,-1,100,0,0,0.0000,0.0100,2389,1,2388,0
574,1429681041,verde,azul,aleatoria,empate,0,-1,100,0,0,0.0000,0.0000,2391,0,2391,0
575,599050119,vermelho,verde,aleatoria,empate,0,-1,100,0,0,0.0000,0.0606,2364,4,2360,0
575,599050119,vermelho,vermelho,aleatoria,empate,0,-1,100,0,0,0.0000,0.0000,2435,0,2435,0
575,599050119,vermelho,azul,aleatoria,empate,0,-1,100,0,0,0.0000,0.0400,2265,2,2263,0
576,880987394,azul,verde,aleatoria,empate,0,-1,100,0,0,0.0000,0.0000,2309,1,2308,0
576,880987394,azul,vermelho,aleatoria,empate,0,-1,100,0,0,0.0000,0.0808,2159,6,2153,0
576,880987394,azul,azul,aleatoria,empate,0,-1,100,0,0,0.0000,0.0200,2446,1,2445,0
577,1671317880,verde,verde,aleatoria,empate,0,-1,100,0,0,0.0000,0.0000,2350,0,2350,0
577,1671317880,verde,vermelho,aleatoria,empate,0,-1,100,0,0,0.0000,0.0900,2284,19,2265,0
577,1671317880,verde,azul,aleatoria,empate,0,-1,100,0,0,0.0000,0.0200,2452,19,2433,0
578,1667218631,vermelho,verde,aleatoria,empate,0,-1,100,0,0,0.0000,0.1212,2272,0,2272,0
578,1667218631,vermelho,vermelho,aleatoria,empate,0,-1,100,0,0,0.0000,0.1000,2432,3,2429,0
578,1667218631,vermelho,azul,aleatoria,empate,0,-1,100,0,0,0.0000,0.1500,2233,3,2230,0
579,1360865676,azul,verde,aleatoria,empate,0,-1,100,0,0,0.0000,0.0000,2275,0,2275,0
579,1360865676,azul,vermelho,aleatoria,empate,0,-1,100,0,0,0.0000,0.0707,2197,1,2196,0
579,1360865676,azul,azul,aleatoria,empate,0,-1,100,0,0,0.0000,0.0200,2250,5,2245,0
580,969768113,verde,verde,aleatoria,empate,0,-1,100,0,0,0.0000,0.0500,2397,11,2386,0
580,969768113,verde,vermelho,aleatoria,empate,0,-1,100,0,0,0.0000,0.0400,2381,16,2365,0
580,969768113,verde,azul,aleatoria,empate,0,-1,100,0,0,0.0000,0.0100,2389,0,2389,0
581,828045317,vermelho,verde,aleatoria,empate,0,-1,100,0,0,0.0000,0.0101,2253,15,2238,0
581,828045317,vermelho,vermelho,aleatoria,empate,0,-1,100,0,0,0.0000,0.1100,2448,0,2448,0
581,828045317,vermelho,azul,aleatoria,empate,0,-1,100,0,0,0.0000,0.0100,2233,15,2218,0
582,1609858943,azul,verde,aleatoria,empate,0,-1,100,0,0,0.0000,0.0505,2216,9,2207,0
582,1609858943,azul,vermelho,aleatoria,empate,0,-1,100,0,0,0.0000,0.0202,2462,9,2453,0
582,1609858943,azul,azul,aleatoria,empate,0,-1,100,0,0,0.0000,0.1200,2377,6,2371,0
583,657787211,verde,verde,aleatoria,empate,0,-1,100,0,0,0.0000,0.0000,2302,0,2302,0
583,657787211,verde,vermelho,aleatoria,empate,0,-1,100,0,0,0.0000,0.1100,2386,16,2370,0
583,657787211,verde,azul,aleatoria,empate,0,-1,100,0,0,0.0000,0.1000,2437,19,2418,0
584,1500741286,vermelho,verde,aleatoria,empate,0,-1,100,0,0,0.0000,0.0404,2485,26,2459,0
584,1500741286,vermelho,vermelho,aleatoria,empate,0,-1,100,0,0,0.0000,0.0300,2306,23,2283,0
584,1500741286,vermelho,azul,aleatoria,empate,0,-1,100,0,0,0.0000,0.0000,2383,0,2383,0
585,1216752255,azul,verde,aleatoria,empate,0,-1,100,0,0,0.0000,0.1616,2148,11,2137,0
585,1216752255,azul,vermelho,aleatoria,empate,0,-1,100,0,0,0.0000,0.0202,2207,15,2192,0
585,1216752255,azul,azul,aleatoria,empate,0,-1,100,0,0,0.0000,0.0600,2298,1,2297,0
586,170355655,verde,verde,aleatoria,empate,0,-1,100,0,0,0.0000,0.0000,2162,0,2162,0
586,170355655,verde,vermelho,aleatoria,empate,0,-1,100,0,0,0.0000,0.0300,2266,0,2266,0
586,170355655,verde,azul,aleatoria,empate,0,-1,100,0,0,0.0000,0.0000,2257,0,2257,0
587,522938142,vermelho,verde,aleatoria,empate,0,-1,100,0,0,0.0000,0.0101,2217,2,2215,0
587,522938142,vermelho,vermelho,aleatoria,empate,0,-1,100,0,0,0.0000,0.0400,2278,0,2278,0
587,522938142,vermelho,azul,aleatoria,empate,0,-1,100,0,0,0.0000,0.0500,2436,1,2435,0
588,1224265644,azul,verde,aleatoria,empate,0,-1,100,0,30,0.0000,0.1616,2428,24,2404,0
588,1224265644,azul,vermelho,aleatoria,empate,0,-1,100,30,0,30.0000,0.0000,2318,20,2298,0
588,1224265644,azul,azul,aleatoria,empate,0,-1,100,0,0,0.0000,0.1300,2415,14,2401,0
589,2071903378,verde,verde,aleatoria,empate,0,-1,100,0,0,0.0000,0.0400,2329,1,2328,0
589,2071903378,verde,vermelho,aleatoria,empate,0,-1,100,0,0,0.0000,0.1000,2498,3,2495,0
589,2071903378,verde,azul,aleatoria,empate,0,-1,100,0,0,0.0000,0.0800,2398,0,2398,0
590,239551354,vermelho,verde,aleatoria,empate,0,-1,100,0,0,0.0000,0.2222,2330,0,2330,0
590,239551354,vermelho,vermelho,aleatoria,empate,0,-1,100,0,0,0.0000,0.0000,2325,0,2325,0
590,239551354,vermelho,azul,aleatoria,empate,0,-1,100,0,0,0.0000,0.1400,2401,0,2401,0
591,1331453486,azul,verde,aleatoria,empate,0,-1,100,30,30,1.0000,0.1010,2354,31,2323,0
591,1331453486,azul,vermelho,aleatoria,empate,0,-1,100,0,0,0.0000,0.0000,2379,0,2379,0
591,1331453486,azul,azul,aleatoria,empate,0,-1,100,30,30,1.0000,0.0500,2243,28,2215,0
592,700635290,verde,verde,aleatoria,empate,0,-1,100,0,0,0.0000,0.0600,2281,2,2279,0
592,700635290,verde,vermelho,aleatoria,empate,0,-1,100,0,0,0.0000,0.0300,2396,17,2379,0
592,700635290,verde,azul,aleatoria,empate,0,-1,100,0,0,0.0000,0.0100,2507,13,2494,0
593,1793610634,vermelho,verde,aleatoria,empate,0,-1,100,0,0,0.0000,0.0606,2282,3,2279,0
593,1793610634,vermelho,vermelho,aleatoria,empate,0,-1,100,0,0,0.0000,0.0000,2306,10,2296,0
593,1793610634,vermelho,azul,aleatoria,empate,0,-1,100,0,0,0.0000,0.2000,2348,10,2338,0
594,1428201362,azul,verde,aleatoria,empate,0,-1,100,0,0,0.0000,0.0101,2036,1,2035,0
594,1428201362,azul,vermelho,aleatoria,empate,0,-1,100,0,0,0.0000,0.1414,2149,0,2149,0
594,1428201362,azul,azul,aleatoria,empate,0,-1,100,0,0,0.0000,0.0000,2346,1,2345,0
595,40425461,verde,verde,aleatoria,empate,0,-1,100,0,0,0.0000,0.0000,2496,8,2488,0
595,40425461,verde,vermelho,aleatoria,empate,0,-1,100,0,30,0.0000,0.0000,2351,15,2336,0
595,40425461,verde,azul,aleatoria,empate,0,-1,100,30,0,30.0000,0.0500,2405,24,2381,0
596,1462276455,vermelho,verde,aleatoria,empate,0,-1,100,0,0,0.0000,0.0101,2365,0,2365,0
596,1462276455,vermelho,vermelho,aleatoria,empate,0,-1,100,0,0,0.0000,0.1500,2139,0,2139,0
596,1462276455,vermelho,azul,aleatoria,empate,0,-1,100,0,0,0.0000,0.0600,2260,0,2260,0
597,2054249709,azul,verde,aleatoria,empate,0,-1,100,0,30,0.0000,0.0606,2415,19,2396,0
597,2054249709,azul,vermelho,aleatoria,empate,0,-1,100,0,0,0.0000,0.0101,2289,1,2288,0
597,2054249709,azul,azul,aleatoria,empate,0,-1,100,30,0,30.0000,0.0300,2270,12,2258,0
598,630302914,verde,verde,aleatoria,empate,0,-1,100,0,0,0.0000,0.2200,2415,6,2409,0
598,630302914,verde,vermelho,aleatoria,empate,0,-1,100,0,0,0.0000,0.0800,2351,7,2344,0
598,630302914,verde,azul,aleatoria,empate,0,-1,100,0,0,0.0000,0.0100,2175,4,2171,0
599,1951134645,vermelho,verde,aleatoria,empate,0,-1,100,0,0,0.0000,0.2323,2210,0,2210,0
599,1951134645,vermelho,vermelho,aleatoria,empate,0,-1,100,30,0,30.0000,0.0800,2430,11,2419,0
599,1951134645,vermelho,azul,aleatoria,empate,0,-1,100,0,30,0.0000,0.0500,2331,13,2318,0
600,1030142316,azul,verde,aleatoria,empate,0,-1,100,0,0,0.0000,0.0101,2339,8,2331,0
600,1030142316,azul,vermelho,aleatoria,empate,0,-1,100,0,0,0.0000,0.0505,2324,0,2324,0
600,1030142316,azul,azul,aleatoria,empate,0,-1,100,0,0,0.0000,0.0300,2403,6,2397,0
601,1015889351,verde,verde,aleatoria,empate,0,-1,100,0,0,0.0000,0.0400,2480,6,2474,0
601,1015889351,verde,vermelho,aleatoria,empate,0,-1,100,0,0,0.0000,0.0500,2448,13,2435,0
601,1015889351,verde,azul,aleatoria,empate,0,-1,100,0,0,0.0000,0.0600,2427,0,2427,0
602,205782876,vermelho,verde,aleatoria,empate,0,-1,100,0,0,0.0000,0.0000,2316,0,2316,0
602,205782876,vermelho,vermelho,aleatoria,empate,0,-1,100,30,0,30.0000,0.0500,2416,17,2399,0
602,205782876,vermelho,azul,aleatoria,empate,0,-1,100,0,30,0.0000,0.0000,2287,7,2280,0
603,1233340021,azul,verde,aleatoria,empate,0,-1,100,0,0,0.0000,0.0606,2455,22,2433,0
603,1233340021,azul,vermelho,aleatoria,empate,0,-1,100,0,0,0.0000,0.1010,2417,0,2417,0
603,1233340021,azul,azul,aleatoria,empate,0,-1,100,0,0,0.0000,0.0900,2347,16,2331,0
604,2014491557,verde,verde,aleatoria,empate,0,-1,100,0,0,0.0000,0.0100,2242,3,2239,0
604,2014491557,verde,vermelho,aleatoria,empate,0,-1,100,0,0,0.0000,0.0800,2243,3,2240,0
604,2014491557,verde,azul,aleatoria,empate,0,-1,100,0,0,0.0000,0.0300,2292,0,2292,0
605,1314928140,vermelho,verde,aleatoria,empate,0,-1,100,0,0,0.0000,0.0808,2272,11,2261,0
605,1314928140,vermelho,vermelho,aleatoria,empate,0,-1,100,0,0,0.0000,0.0800,2412,8,2404,0
605,1314928140,vermelho,azul,aleatoria,empate,0,-1,100,0,0,0.0000,0.1000,2331,10,2321,0
606,1869575208,azul,verde,aleatoria,empate,0,-1,100,0,0,0.0000,0.0909,2441,15,2426,0
606,1869575208,azul,vermelho,aleatoria,empate,0,-1,100,0,0,0.0000,0.0101,2304,17,2287,0
606,1869575208,azul,azul,aleatoria,empate,0,-1,100,0,0,0.0000,0.0100,2300,0,2300,0
607,412083840,verde,verde,aleatoria,empate,0,-1,100,0,30,0.0000,0.0100,2412,15,2397,0
607,412083840,verde,vermelho,aleatoria,empate,0,-1,100,30,0,30.0000,0.0500,2417,14,2403,0
607,412083840,verde,azul,aleatoria,empate,0,-1,100,0,0,0.0000,0.0600,2299,0,2299,0
608,1705502126,vermelho,verde,aleatoria,empate,0,-1,100,0,0,0.0000,0.0505,2389,0,2389,0
608,1705502126,vermelho,vermelho,aleatoria,empate,0,-1,100,0,0,0.0000,0.0300,2365,0,2365,0
608,1705502126,vermelho,azul,aleatoria,empate,0,-1,100,0,0,0.0000,0.0400,2376,0,2376,0
609,360032754,azul,verde,aleatoria,empate,0,-1,100,0,0,0.0000,0.1515,2448,8,2440,0
609,360032754,azul,vermelho,aleatoria,empate,0,-1,100,0,0,0.0000,0.0505,2391,3,2388,0
609,360032754,azul,azul,aleatoria,empate,0,-1,100,0,0,0.0000,0.0000,1974,0,1974,0
610,1703396810,verde,verde,aleatoria,empate,0,-1,100,0,30,0.0000,0.0200,2331,8,2323,0
610,1703396810,verde,vermelho,aleatoria,empate,0,-1,100,30,0,30.0000,0.0400,2485,7,2478,0
610,1703396810,verde,azul,aleatoria,empate,0,-1,100,0,0,0.0000,0.0200,2215,1,2214,0
611,1813539174,vermelho,verde,aleatoria,empate,0,-1,100,0,0,0.0000,0.0808,2377,0,2377,0
611,1813539174,vermelho,vermelho,aleatoria,empate,0,-1,100,0,0,0.0000,0.0400,2173,0,2173,0
611,1813539174,vermelho,azul,aleatoria,empate,0,-1,100,0,0,0.0000,0.1100,2417,0,2417,0
612,1326081846,azul,verde,aleatoria,empate,0,-1,100,0,0,0.0000,0.0000,2251,4,2247,0
612,1326081846,azul,vermelho,aleatoria,empate,0,-1,100,0,0,0.0000,0.0101,2335,6,2329,0
612,1326081846,azul,azul,aleatoria,empate,0,-1,100,0,0,0.0000,0.0000,2470,5,2465,0
613,1251722137,verde,verde,aleatoria,empate,0,-1,100,0,0,0.0000,0.0500,2438,0,2438,0
613,1251722137,verde,vermelho,aleatoria,empate,0,-1,100,0,0,0.0000,0.0600,2356,4,2352,0
613,1251722137,verde,azul,aleatoria,empate,0,-1,100,0,0,0.0000,0.0000,2109,2,2107,0
614,279383135,vermelho,verde,aleatoria,empate,0,-1,100,0,0,0.0000,0.0606,2354,18,2336,0
614,279383135,vermelho,vermelho,aleatoria,empate,0,-1,100,60,0,60.0000,0.0000,2445,28,2417,0
614,279383135,vermelho,azul,aleatoria,empate,0,-1,100,0,60,0.0000,0.0200,2492,43,2449,0
615,2053490072,azul,verde,aleatoria,empate,0,-1,100,0,0,0.0000,0.0000,2112,2,2110,0
615,2053490072,azul,vermelho,aleatoria,empate,0,-1,100,30,0,30.0000,0.0606,2471,16,2455,0
615,2053490072,azul,azul,aleatoria,empate,0,-1,100,0,30,0.0000,0.0300,2476,18,2458,0
616,469087286,verde,verde,aleatoria,empate,0,-1,100,0,0,0.0000,0.0900,2486,0,2486,0
616,469087286,verde,vermelho,aleatoria,empate,0,-1,100,0,0,0.0000,0.0300,2430,7,2423,0
616,469087286,verde,azul,aleatoria,empate,0,-1,100,0,0,0.0000,0.0000,2396,5,2391,0
617,244808538,vermelho,verde,aleatoria,empate,0,-1,100,30,0,30.0000,0.0606,2293,17,2276,0
617,244808538,vermelho,vermelho,aleatoria,empate,0,-1,100,0,30,0.0000,0.0000,2328,16,2312,0
617,244808538,vermelho,azul,aleatoria,empate,0,-1,100,0,0,0.0000,0.1500,2362,1,2361,0
618,1697912004,azul,verde,aleatoria,empate,0,-1,100,0,0,0.0000,0.0909,2393,7,2386,0
618,1697912004,azul,vermelho,aleatoria,empate,0,-1,100,0,0,0.0000,0.0606,2151,8,2143,0
618,1697912004,azul,azul,aleatoria,empate,0,-1,100,0,0,0.0000,0.0600,2393,0,2393,0
619,1196957329,verde,verde,aleatoria,empate,0,-1,100,0,0,0.0000,0.0300,2460,12,2448,0
619,1196957329,verde,vermelho,aleatoria,empate,0,-1,100,0,0,0.0000,0.0000,2220,9,2211,0
619,1196957329,verde,azul,aleatoria,empate,0,-1,100,0,0,0.0000,0.0500,2365,21,2344,0
620,279705624,vermelho,verde,aleatoria,empate,0,-1,100,0,0,0.0000,0.0202,2260,0,2260,0
620,279705624,vermelho,vermelho,aleatoria,empate,0,-1,100,0,0,0.0000,0.1500,2206,0,2206,0
620,279705624,vermelho,azul,aleatoria,empate,0,-1,100,0,0,0.0000,0.0500,2460,0,2460,0
621,440487415,azul,verde,aleatoria,empate,0,-1,100,0,0,0.0000,0.0404,2268,15,2253,0
621,440487415,azul,vermelho,aleatoria,empate,0,-1,100,0,0,0.0000,0.0101,2397,16,2381,0
621,440487415,azul,azul,aleatoria,empate,0,-1,100,0,0,0.0000,0.0300,2475,16,2459,0
622,532420518,verde,verde,aleatoria,empate,0,-1,100,0,0,0.0000,0.0300,2454,0,2454,0
622,532420518,verde,vermelho,aleatoria,empate,0,-1,100,0,0,0.0000,0.0400,2364,17,2347,0
622,532420518,verde,azul,aleatoria,empate,0,-1,100,0,0,0.0000,0.0000,2131,12,2119,0
623,1534020729,vermelho,verde,aleatoria,empate,0,-1,100,0,0,0.0000,0.0505,2322,28,2294,0
623,1534020729,vermelho,vermelho,aleatoria,empate,0,-1,100,0,0,0.0000,0.0100,2402,20,2382,0
623,1534020729,vermelho,azul,aleatoria,empate,0,-1,100,0,0,0.0000,0.0000,2267,34,2233,0
624,1330977352,azul,verde,aleatoria,empate,0,-1,100,0,0,0.0000,0.0202,2422,11,2411,0
624,1330977352,azul,vermelho,aleatoria,empate,0,-1,100,0,0,0.0000,0.0202,2385,23,2362,0
624,1330977352,azul,azul,aleatoria,empate,0,-1,100,0,0,0.0000,0.0600,2208,7,2201,0
625,1339491093,verde,verde,aleatoria,empate,0,-1,100,0,0,0.0000,0.1500,2252,12,2240,0
625,1339491093,verde,vermelho,aleatoria,empate,0,-1,100,0,0,0.0000,0.1100,2343,11,2332,0
625,1339491093,verde,azul,aleatoria,empate,0,-1,100,0,0,0.0000,0.1000,2349,2,2347,0
626,2136906327,vermelho,verde,aleatoria,empate,0,-1,100,0,0,0.0000,0.0101,2220,0,2220,0
626,2136906327,vermelho,vermelho,aleatoria,empate,0,-1,100,0,0,0.0000,0.0700,2443,10,2433,0
626,2136906327,vermelho,azul,aleatoria,empate,0,-1,100,0,0,0.0000,0.0200,2419,8,2411,0
627,523294266,azul,verde,aleatoria,empate,0,-1,100,0,0,0.0000,0.0202,2280,0,2280,0
627,523294266,azul,vermelho,aleatoria,empate,0,-1,100,0,0,0.0000,0.0707,2165,5,2160,0
627,523294266,azul,azul,aleatoria,empate,0,-1,100,0,0,0.0000,0.0000,2481,4,2477,0
628,1234858072,verde,verde,aleatoria,empate,0,-1,100,0,0,0.0000,0.1300,2361,14,2347,0
628,1234858072,verde,vermelho,aleatoria,empate,0,-1,100,0,0,0.0000,0.1000,2089,0,2089,0
628,1234858072,verde,azul,aleatoria,empate,0,-1,100,0,0,0.0000,0.0700,2248,9,2239,0
629,130403733,vermelho,verde,aleatoria,empate,0,-1,100,0,0,0.0000,0.0606,2307,9,2298,0
629,130403733,vermelho,vermelho,aleatoria,empate,0,-1,100,0,0,0.0000,0.0700,2484,18,2466,0
629,130403733,vermelho,azul,aleatoria,empate,0,-1,100,0,0,0.0000,0.1400,2458,27,2431,0
630,444026286,azul,verde,aleatoria,empate,0,-1,100,0,0,0.0000,0.0606,2235,1,2234,0
630,444026286,azul,vermelho,aleatoria,empate,0,-1,100,0,0,0.0000,0.0303,2354,1,2353,0
630,444026286,azul,azul,aleatoria,empate,0,-1,100,0,0,0.0000,0.0000,2262,0,2262,0
631,1706054446,verde,verde,aleatoria,empate,0,-1,100,0,0,0.0000,0.0900,2365,4,2361,0
631,1706054446,verde,vermelho,aleatoria,empate,0,-1,100,0,0,0.0000,0.0600,2430,21,2409,0
631,1706054446,verde,azul,aleatoria,empate,0,-1,100,0,0,0.0000,0.0800,2374,18,2356,0
632,1251267710,vermelho,verde,aleatoria,empate,0,-1,100,0,0,0.0000,0.0303,2439,12,2427,0
632,1251267710,vermelho,vermelho,aleatoria,empate,0,-1,100,0,0,0.0000,0.0200,2359,12,2347,0
632,1251267710,vermelho,azul,aleatoria,empate,0,-1,100,0,0,0.0000,0.0900,2502,2,2500,0
633,1966057535,azul,verde,aleatoria,empate,0,-1,100,0,0,0.0000,0.0202,2354,6,2348,0
633,1966057535,azul,vermelho,aleatoria,empate,0,-1,100,0,0,0.0000,0.0202,2393,2,2391,0
633,1966057535,azul,azul,aleatoria,empate,0,-1,100,0,0,0.0000,0.1500,2379,8,2371,0
634,1965943761,verde,verde,aleatoria,empate,0,-1,100,0,0,0.0000,0.0000,2354,0,2354,0
634,1965943761,verde,vermelho,aleatoria,empate,0,-1,100,0,0,0.0000,0.0900,2348,0,2348,0
634,1965943761,verde,azul,aleatoria,empate,0,-1,100,0,0,0.0000,0.0100,2312,0,2312,0
635,768926301,vermelho,verde,aleatoria,empate,0,-1,100,0,0,0.0000,0.0000,2336,0,2336,0
635,768926301,vermelho,vermelho,aleatoria,empate,0,-1,100,0,0,0.0000,0.0800,2424,0,2424,0
635,768926301,vermelho,azul,aleatoria,empate,0,-1,100,0,0,0.0000,0.1000,2194,0,2194,0
636,1881604470,azul,verde,aleatoria,empate,0,-1,100,0,0,0.0000,0.2929,2310,1,2309,0
636,1881604470,azul,vermelho,aleatoria,empate,0,-1,100,0,0,0.0000,0.0000,2341,1,2340,0
636,1881604470,azul,azul,aleatoria,empate,0,-1,100,0,0,0.0000,0.0000,2327,0,2327,0
637,1256005152,verde,verde,aleatoria,empate,0,-1,100,0,0,0.0000,0.0100,2308,0,2308,0
637,1256005152,verde,vermelho,aleatoria,empate,0,-1,100,0,0,0.0000,0.0800,2397,8,2389,0
637,1256005152,verde,azul,aleatoria,empate,0,-1,100,0,0,0.0000,0.0600,2247,10,2237,0
638,866370088,vermelho,verde,aleatoria,empate,0,-1,100,0,0,0.0000,0.0000,2051,0,2051,0
638,866370088,vermelho,vermelho,aleatoria,empate,0,-1,100,0,0,0.0000,0.0000,2464,0,2464,0
638,866370088,vermelho,azul,aleatoria,empate,0,-1,100,0,0,0.0000,0.0600,2272,7,2265,0
639,453976170,azul,verde,aleatoria,empate,0,-1,100,0,0,0.0000,0.0101,2219,0,2219,0
639,453976170,azul,vermelho,aleatoria,empate,0,-1,100,0,0,0.0000,0.1111,2343,9,2334,0
639,453976170,azul,azul,aleatoria,empate,0,-1,100,0,0,0.0000,0.0400,2279,6,2273,0
640,960568082,verde,verde,aleatoria,empate,0,-1,100,30,30,1.0000,0.1000,2482,15,2467,0
640,960568082,verde,vermelho,aleatoria,empate,0,-1,100,30,30,1.0000,0.2100,2507,23,2484,0
640,960568082,verde,azul,aleatoria,empate,0,-1,100,0,0,0.0000,0.0000,2339,6,2333,0
641,1262463845,vermelho,verde,aleatoria,empate,0,-1,100,0,0,0.0000,0.0303,2462,31,2431,0
641,1262463845,vermelho,vermelho,aleatoria,empate,0,-1,100,0,30,0.0000,0.0500,2471,32,2439,0
641,1262463845,vermelho,azul,aleatoria,empate,0,-1,100,30,0,30.0000,0.0400,2502,36,2466,0
642,1248811076,azul,verde,aleatoria,empate,0,-1,100,0,0,0.0000,0.0101,2409,15,2394,0
642,1248811076,azul,vermelho,aleatoria,empate,0,-1,100,0,0,0.0000,0.0202,2484,18,2466,0
642,1248811076,azul,azul,aleatoria,empate,0,-1,100,0,0,0.0000,0.1000,2364,8,2356,0
643,1493478306,verde,verde,aleatoria,empate,0,-1,100,0,0,0.0000,0.0100,2338,9,2329,0
643,1493478306,verde,vermelho,aleatoria,empate,0,-1,100,0,0,0.0000,0.0100,2267,0,2267,0
643,1493478306,verde,azul,aleatoria,empate,0,-1,100,0,0,0.0000,0.0300,2352,10,2342,0
644,665279136,vermelho,verde,aleatoria,empate,0,-1,100,0,0,0.0000,0.0808,2383,0,2383,0
644,665279136,vermelho,vermelho,aleatoria,empate,0,-1,100,0,0,0.0000,0.1500,2235,29,2206,0
644,665279136,vermelho,azul,aleatoria,empate,0,-1,100,0,0,0.0000,0.1300,2378,23,2355,0
645,218716618,azul,verde,aleatoria,empate,0,-1,100,0,0,0.0000,0.0808,2376,15,2361,0
645,218716618,azul,vermelho,aleatoria,empate,0,-1,100,0,0,0.0000,0.1111,2429,0,2429,0
645,218716618,azul,azul,aleatoria,empate,0,-1,100,0,0,0.0000,0.0100,2268,15,2253,0
646,640258826,verde,verde,aleatoria,empate,0,-1,100,0,0,0.0000,0.0500,2407,20,2387,0
646,640258826,verde,vermelho,aleatoria,empate,0,-1,100,0,0,0.0000,0.0000,2479,18,2461,0
646,640258826,verde,azul,aleatoria,empate,0,-1,100,0,0,0.0000,0.0400,2229,0,2229,0
647,1496625869,vermelho,verde,aleatoria,empate,0,-1,100,0,0,0.0000,0.0808,2337,0,2337,0
647,1496625869,vermelho,vermelho,aleatoria,empate,0,-1,100,30,0,30.0000,0.1100,2167,18,2149,0
647,1496625869,vermelho,azul,aleatoria,empate,0,-1,100,0,30,0.0000,0.0100,2414,17,2397,0
648,129953772,azul,verde,aleatoria,empate,0,-1,100,0,0,0.0000,0.1010,2411,14,2397,0
648,129953772,azul,vermelho,aleatoria,empate,0,-1,100,0,0,0.0000,0.1111,2449,9,2440,0
648,129953772,azul,azul,aleatoria,empate,0,-1,100,0,0,0.0000,0.0300,2171,10,2161,0
649,198795325,verde,verde,aleatoria,empate,0,-1,100,0,0,0.0000,0.0500,2432,10,2422,0
649,198795325,verde,vermelho,aleatoria,empate,0,-1,100,0,0,0.0000,0.1100,2378,5,2373,0
649,198795325,verde,azul,aleatoria,empate,0,-1,100,0,0,0.0000,0.0500,2424,18,2406,0
650,1092198279,vermelho,verde,aleatoria,empate,0,-1,100,0,0,0.0000,0.0000,2372,4,2368,0
650,1092198279,vermelho,vermelho,aleatoria,empate,0,-1,100,0,0,0.0000,0.1000,2297,7,2290,0
650,1092198279,vermelho,azul,aleatoria,empate,0,-1,100,0,0,0.0000,0.0400,2360,11,2349,0
651,779591759,azul,verde,aleatoria,empate,0,-1,100,0,0,0.0000,0.0202,2377,13,2364,0
651,779591759,azul,vermelho,aleatoria,empate,0,-1,100,0,30,0.0000,0.1717,2321,3,2318,0
651,779591759,azul,azul,aleatoria,empate,0,-1,100,30,0,30.0000,0.0800,2362,19,2343,0
652,1317852308,verde,verde,aleatoria,empate,0,-1,100,0,0,0.0000,0.0000,2292,0,2292,0
652,1317852308,verde,vermelho,aleatoria,empate,0,-1,100,0,0,0.0000,0.0000,2351,4,2347,0
652,1317852308,verde,azul,aleatoria,empate,0,-1,100,0,0,0.0000,0.0800,2342,5,2337,0
653,1288168034,vermelho,verde,aleatoria,empate,0,-1,100,0,0,0.0000,0.0505,2195,0,2195,0
653,1288168034,vermelho,vermelho,aleatoria,empate,0,-1,100,0,0,0.0000,0.2400,2455,15,2440,0
653,1288168034,vermelho,azul,aleatoria,empate,0,-1,100,0,0,0.0000,0.1400,2340,18,2322,0
654,770170329,azul,verde,aleatoria,empate,0,-1,100,0,0,0.0000,0.0000,2274,11,2263,0
654,770170329,azul,vermelho,aleatoria,empate,0,-1,100,0,0,0.0000,0.0202,2291,18,2273,0
654,770170329,azul,azul,aleatoria,empate,0,-1,100,0,0,0.0000,0.0500,2353,6,2347,0
655,1802537942,verde,verde,aleatoria,empate,0,-1,100,0,0,0.0000,0.1100,2353,0,2353,0
655,1802537942,verde,vermelho,aleatoria,empate,0,-1,100,0,0,0.0000,0.0000,2002,0,2002,0
655,1802537942,verde,azul,aleatoria,empate,0,-1,100,0,0,0.0000,0.0500,2377,0,2377,0
656,714072783,vermelho,verde,aleatoria,empate,0,-1,100,0,0,0.0000,0.0808,2318,6,2312,0
656,714072783,vermelho,vermelho,aleatoria,empate,0,-1,100,0,0,0.0000,0.0700,2272,1,2271,0
656,714072783,vermelho,azul,aleatoria,empate,0,-1,100,0,0,0.0000,0.0000,2303,0,2303,0
657,1894773843,azul,verde,aleatoria,empate,0,-1,100,0,0,0.0000,0.0303,2224,9,2215,0
657,1894773843,azul,vermelho,aleatoria,empate,0,-1,100,0,0,0.0000,0.1111,2286,0,2286,0
657,1894773843,azul,azul,aleatoria,empate,0,-1,100,0,0,0.0000,0.0100,2375,12,2363,0
658,1299649723,verde,verde,aleatoria,empate,0,-1,100,0,0,0.0000,0.0200,2321,0,2321,0
658,1299649723,verde,vermelho,aleatoria,empate,0,-1,100,30,30,1.0000,0.0200,2383,28,2355,0
658,1299649723,verde,azul,aleatoria,empate,0,-1,100,30,30,1.0000,0.0800,2352,24,2328,0
659,951999122,vermelho,verde,aleatoria,empate,0,-1,100,0,0,0.0000,0.0202,2311,11,2300,0
659,951999122,vermelho,vermelho,aleatoria,empate,0,-1,100,0,0,0.0000,0.0200,2356,10,2346,0
659,951999122,vermelho,azul,aleatoria,empate,0,-1,100,0,0,0.0000,0.0700,2183,1,2182,0
660,2094539556,azul,verde,aleatoria,empate,0,-1,100,0,0,0.0000,0.0000,2108,0,2108,0
660,2094539556,azul,vermelho,aleatoria,empate,0,-1,100,0,0,0.0000,0.0404,2214,0,2214,0
660,2094539556,azul,azul,aleatoria,empate,0,-1,100,0,0,0.0000,0.0000,2210,0,2210,0
661,1988806916,verde,verde,aleatoria,empate,0,-1,100,0,0,0.0000,0.0300,2266,1,2265,0
661,1988806916,verde,vermelho,aleatoria,empate,0,-1,100,0,0,0.0000,0.0100,2363,0,2363,0
661,1988806916,verde,azul,aleatoria,empate,0,-1,100,0,0,0.0000,0.0000,2328,2,2326,0
662,589686748,vermelho,verde,aleatoria,empate,0,-1,100,0,0,0.0000,0.0101,2305,1,2304,0
662,589686748,vermelho,vermelho,aleatoria,empate,0,-1,100,0,0,0.0000,0.0300,2219,0,2219,0
662,589686748,vermelho,azul,aleatoria,empate,0,-1,100,0,0,0.0000,0.0000,2279,1,2278,0
663,2020755370,azul,verde,aleatoria,empate,0,-1,100,0,0,0.0000,0.0101,2326,13,2313,0
663,2020755370,azul,vermelho,aleatoria,empate,0,-1,100,0,0,0.0000,0.0303,2246,14,2232,0
663,2020755370,azul,azul,aleatoria,empate,0,-1,100,0,0,0.0000,0.0300,2373,4,2369,0
664,880251236,verde,verde,aleatoria,empate,0,-1,100,0,0,0.0000,0.0600,2344,0,2344,0
664,880251236,verde,vermelho,aleatoria,empate,0,-1,100,0,0,0.0000,0.0800,2202,4,2198,0
664,880251236,verde,azul,aleatoria,empate,0,-1,100,0,0,0.0000,0.0200,2243,9,2234,0
665,495973414,vermelho,verde,aleatoria,empate,0,-1,100,0,0,0.0000,0.0000,2214,2,2212,0
665,495973414,vermelho,vermelho,aleatoria,empate,0,-1,100,0,0,0.0000,0.0000,2443,3,2440,0
665,495973414,vermelho,azul,aleatoria,empate,0,-1,100,0,0,0.0000,0.0900,2307,0,2307,0
666,984970438,azul,verde,aleatoria,empate,0,-1,100,0,0,0.0000,0.0000,2324,8,2316,0
666,984970438,azul,vermelho,aleatoria,empate,0,-1,100,0,0,0.0000,0.0000,2218,0,2218,0
666,984970438,azul,azul,aleatoria,empate,0,-1,100,0,0,0.0000,0.0500,2289,3,2286,0
667,220068118,verde,verde,aleatoria,empate,0,-1,100,0,30,0.0000,0.0300,2404,26,2378,0
667,220068118,verde,vermelho,aleatoria,empate,0,-1,100,30,0,30.0000,0.0200,2341,30,2311,0
667,220068118,verde,azul,aleatoria,empate,0,-1,100,0,0,0.0000,0.0300,2276,21,2255,0
668,1454005916,vermelho,verde,aleatoria,empate,0,-1,100,0,0,0.0000,0.0000,2198,0,2198,0
668,1454005916,vermelho,vermelho,aleatoria,empate,0,-1,100,0,0,0.0000,0.0100,2161,5,2156,0
668,1454005916,vermelho,azul,aleatoria,empate,0,-1,100,0,0,0.0000,0.0200,2100,2,2098,0
669,111536335,azul,verde,aleatoria,empate,0,-1,100,0,0,0.0000,0.0202,2177,9,2168,0
669,111536335,azul,vermelho,aleatoria,empate,0,-1,100,0,0,0.0000,0.0000,2166,20,2146,0
669,111536335,azul,azul,aleatoria,empate,0,-1,100,0,0,0.0000,0.0100,2362,0,2362,0
670,228923756,verde,verde,aleatoria,empate,0,-1,100,0,0,0.0000,0.0000,2312,0,2312,0
670,228923756,verde,vermelho,aleatoria,empate,0,-1,100,0,0,0.0000,0.0400,2384,8,2376,0
670,228923756,verde,azul,aleatoria,empate,0,-1,100,0,0,0.0000,0.0100,2468,14,2454,0
671,1575262061,vermelho,verde,aleatoria,empate,0,-1,100,0,0,0.0000,0.0101,2445,3,2442,0
671,1575262061,vermelho,vermelho,aleatoria,empate,0,-1,100,0,0,0.0000,0.0200,2401,22,2379,0
671,1575262061,vermelho,azul,aleatoria,empate,0,-1,100,0,0,0.0000,0.0700,2403,13,2390,0
672,1373973555,azul,verde,aleatoria,empate,0,-1,100,0,0,0.0000,0.0101,2407,3,2404,0
672,1373973555,azul,vermelho,aleatoria,empate,0,-1,100,0,0,0.0000,0.0505,2273,0,2273,0
672,1373973555,azul,azul,aleatoria,empate,0,-1,100,0,0,0.0000,0.0300,2185,6,2179,0
673,192519457,verde,verde,aleatoria,empate,0,-1,100,0,0,0.0000,0.0300,2355,4,2351,0
673,192519457,verde,vermelho,aleatoria,empate,0,-1,100,0,0,0.0000,0.0400,2369,4,2365,0
673,192519457,verde,azul,aleatoria,empate,0,-1,100,0,0,0.0000,0.1000,2239,0,2239,0
674,944968278,vermelho,verde,aleatoria,empate,0,-1,100,0,0,0.0000,0.0202,2264,0,2264,0
674,944968278,vermelho,vermelho,aleatoria,empate,0,-1,100,0,0,0.0000,0.0000,2203,3,2200,0
674,944968278,vermelho,azul,aleatoria,empate,0,-1,100,0,0,0.0000,0.0600,2433,4,2429,0
675,2011085058,azul,verde,aleatoria,empate,0,-1,100,0,0,0.0000,0.0202,2476,1,2475,0
675,2011085058,azul,vermelho,aleatoria,empate,0,-1,100,0,0,0.0000,0.0707,2199,0,2199,0
675,2011085058,azul,azul,aleatoria,empate,0,-1,100,0,0,0.0000,0.0400,2349,4,2345,0
676,88572083,verde,verde,aleatoria,empate,0,-1,100,0,0,0.0000,0.0000,2069,0,2069,0
676,88572083,verde,vermelho,aleatoria,empate,0,-1,100,0,0,0.0000,0.0700,2376,2,2374,0
676,88572083,verde,azul,aleatoria,empate,0,-1,100,0,0,0.0000,0.0700,2378,2,2376,0
677,1970560963,vermelho,verde,aleatoria,empate,0,-1,100,0,0,0.0000,0.0404,2337,1,2336,0
677,1970560963,vermelho,vermelho,aleatoria,empate,0,-1,100,0,0,0.0000,0.0400,2349,13,2336,0
677,1970560963,vermelho,azul,aleatoria,empate,0,-1,100,0,0,0.0000,0.0700,2413,18,2395,0
678,307584755,azul,verde,aleatoria,empate,0,-1,100,0,0,0.0000,0.0202,2360,2,2358,0
678,307584755,azul,vermelho,aleatoria,empate,0,-1,100,0,0,0.0000,0.0101,2458,15,2443,0
678,307584755,azul,azul,aleatoria,empate,0,-1,100,0,0,0.0000,0.0400,2432,11,2421,0
679,1869256894,verde,verde,aleatoria,empate,0,-1,100,0,0,0.0000,0.0600,2400,25,2375,0
679,1869256894,verde,vermelho,aleatoria,empate,0,-1,100,0,0,0.0000,0.1100,2328,32,2296,0
679,1869256894,verde,azul,aleatoria,empate,0,-1,100,0,0,0.0000,0.0100,2224,4,2220,0
680,79134275,vermelho,verde,aleatoria,empate,0,-1,100,0,0,0.0000,0.0404,2265,4,2261,0
680,79134275,vermelho,vermelho,aleatoria,empate,0,-1,100,0,0,0.0000,0.0900,2406,15,2391,0
680,79134275,vermelho,azul,aleatoria,empate,0,-1,100,0,0,0.0000,0.0900,2428,4,2424,0
681,1664664159,azul,verde,aleatoria,empate,0,-1,100,0,0,0.0000,0.1010,2283,3,2280,0
681,1664664159,azul,vermelho,aleatoria,empate,0,-1,100,0,0,0.0000,0.1616,2384,2,2382,0
681,1664664159,azul,azul,aleatoria,empate,0,-1,100,0,0,0.0000,0.0200,2383,4,2379,0
682,460515643,verde,verde,aleatoria,empate,0,-1,100,0,0,0.0000,0.0000,2182,0,2182,0
682,460515643,verde,vermelho,aleatoria,empate,0,-1,100,0,0,0.0000,0.0900,2423,0,2423,0
682,460515643,verde,azul,aleatoria,empate,0,-1,100,0,0,0.0000,0.0000,2168,0,2168,0
683,947373156,vermelho,verde,aleatoria,empate,0,-1,100,0,0,0.0000,0.0000,2453,7,2446,0
683,947373156,vermelho,vermelho,aleatoria,empate,0,-1,100,0,0,0.0000,0.0300,2444,7,2437,0
683,947373156,vermelho,azul,aleatoria,empate,0,-1,100,0,0,0.0000,0.0800,2357,0,2357,0
684,2132834058,azul,verde,aleatoria,empate,0,-1,100,0,0,0.0000,0.0505,2333,0,2333,0
684,2132834058,azul,vermelho,aleatoria,empate,0,-1,100,0,0,0.0000,0.0000,2311,11,2300,0
684,2132834058,azul,azul,aleatoria,empate,0,-1,100,0,0,0.0000,0.1000,2346,10,2336,0
685,1519292891,verde,verde,aleatoria,empate,0,-1,100,0,0,0.0000,0.0100,1986,0,1986,0
685,1519292891,verde,vermelho,aleatoria,empate,0,-1,100,0,0,0.0000,0.0600,2056,4,2052,0
685,1519292891,verde,azul,aleatoria,empate,0,-1,100,0,0,0.0000,0.1100,2420,4,2416,0
686,1220596411,vermelho,verde,aleatoria,empate,0,-1,100,0,0,0.0000,0.0404,2332,0,2332,0
686,1220596411,vermelho,vermelho,aleatoria,empate,0,-1,100,0,0,0.0000,0.0200,2290,4,2286,0
686,1220596411,vermelho,azul,aleatoria,empate,0,-1,100,0,0,0.0000,0.0300,2461,4,2457,0
687,1048016289,azul,verde,aleatoria,empate,0,-1,100,0,0,0.0000,0.0707,2176,0,2176,0
687,1048016289,azul,vermelho,aleatoria,empate,0,-1,100,0,0,0.0000,0.0909,2405,6,2399,0
687,1048016289,azul,azul,aleatoria,empate,0,-1,100,0,0,0.0000,0.0600,2274,8,2266,0
688,522013940,verde,verde,aleatoria,empate,0,-1,100,0,0,0.0000,0.1400,2392,0,2392,0
688,522013940,verde,vermelho,aleatoria,empate,0,-1,100,0,0,0.0000,0.0300,2153,0,2153,0
688,522013940,verde,azul,aleatoria,empate,0,-1,100,0,0,0.0000,0.0000,2329,0,2329,0
689,1709267489,vermelho,verde,aleatoria,empate,0,-1,100,0,0,0.0000,0.0505,2370,0,2370,0
689,1709267489,vermelho,vermelho,aleatoria,empate,0,-1,100,0,0,0.0000,0.0400,2358,0,2358,0
689,1709267489,vermelho,azul,aleatoria,empate,0,-1,100,0,0,0.0000,0.0700,2145,0,2145,0
690,1729243779,azul,verde,aleatoria,empate,0,-1,100,0,0,0.0000,0.0707,2297,1,2296,0
690,1729243779,azul,vermelho,aleatoria,empate,0,-1,100,0,30,0.0000,0.0000,2413,24,2389,0
690,1729243779,azul,azul,aleatoria,empate,0,-1,100,30,0,30.0000,0.0100,2266,17,2249,0
691,1784580866,verde,verde,aleatoria,empate,0,-1,100,0,0,0.0000,0.0300,2466,0,2466,0
691,1784580866,verde,vermelho,aleatoria,empate,0,-1,100,0,0,0.0000,0.0000,2450,0,2450,0
691,1784580866,verde,azul,aleatoria,empate,0,-1,100,0,0,0.0000,0.0300,2241,0,2241,0
692,1491450575,vermelho,verde,aleatoria,empate,0,-1,100,0,0,0.0000,0.0101,2462,14,2448,0
692,1491450575,vermelho,vermelho,aleatoria,empate,0,-1,100,0,0,0.0000,0.0600,2328,0,2328,0
692,1491450575,vermelho,azul,aleatoria,empate,0,-1,100,0,0,0.0000,0.0600,2306,17,2289,0
693,1568923797,azul,verde,aleatoria,empate,0,-1,100,0,0,0.0000,0.0000,2349,8,2341,0
693,1568923797,azul,vermelho,aleatoria,empate,0,-1,100,0,0,0.0000,0.0303,2062,7,2055,0
693,1568923797,azul,azul,aleatoria,empate,0,-1,100,0,0,0.0000,0.0000,2293,1,2292,0
694,362309885,verde,verde,aleatoria,empate,0,-1,100,0,0,0.0000,0.0400,2302,21,2281,0
694,362309885,verde,vermelho,aleatoria,empate,0,-1,100,0,0,0.0000,0.0300,2387,4,2383,0
694,362309885,verde,azul,aleatoria,empate,0,-1,100,0,0,0.0000,0.0100,2395,10,2385,0
695,2101121314,vermelho,verde,aleatoria,empate,0,-1,100,0,0,0.0000,0.0202,2406,0,2406,0
695,2101121314,vermelho,vermelho,aleatoria,empate,0,-1,100,0,0,0.0000,0.0100,2111,8,2103,0
695,2101121314,vermelho,azul,aleatoria,empate,0,-1,100,0,0,0.0000,0.1700,2272,14,2258,0
696,1869267578,azul,verde,aleatoria,empate,0,-1,100,0,0,0.0000,0.0202,2352,17,2335,0
696,1869267578,azul,vermelho,aleatoria,empate,0,-1,100,0,0,0.0000,0.0909,2370,22,2348,0
696,1869267578,azul,azul,aleatoria,empate,0,-1,100,0,0,0.0000,0.0700,2375,19,2356,0
697,594861639,verde,verde,aleatoria,empate,0,-1,100,0,0,0.0000,0.0400,2341,0,2341,0
697,594861639,verde,vermelho,aleatoria,empate,0,-1,100,0,0,0.0000,0.1200,2342,0,2342,0
697,594861639,verde,azul,aleatoria,empate,0,-1,100,0,0,0.0000,0.0100,2339,0,2339,0
698,562332132,vermelho,verde,aleatoria,empate,0,-1,100,0,0,0.0000,0.1010,2320,7,2313,0
698,562332132,vermelho,vermelho,aleatoria,empate,0,-1,100,0,0,0.0000,0.0500,2319,0,2319,0
698,562332132,vermelho,azul,aleatoria,empate,0,-1,100,0,0,0.0000,0.0300,2282,4,2278,0
699,141045692,azul,verde,aleatoria,empate,0,-1,100,0,0,0.0000,0.0707,2382,6,2376,0
699,141045692,azul,vermelho,aleatoria,empate,0,-1,100,0,0,0.0000,0.0808,2371,10,2361,0
699,141045692,azul,azul,aleatoria,empate,0,-1,100,0,0,0.0000,0.0000,2356,5,2351,0
700,893437542,verde,verde,aleatoria,empate,0,-1,100,0,0,0.0000,0.0700,2423,9,2414,0
700,893437542,verde,vermelho,aleatoria,empate,0,-1,100,0,0,0.0000,0.0200,2318,14,2304,0
700,893437542,verde,azul,aleatoria,empate,0,-1,100,0,0,0.0000,0.0700,2383,10,2373,0
701,1356990828,vermelho,verde,aleatoria,empate,0,-1,100,0,0,0.0000,0.0101,2385,17,2368,0
701,1356990828,vermelho,vermelho,aleatoria,empate,0,-1,100,0,0,0.0000,0.0200,2453,26,2427,0
701,1356990828,vermelho,azul,aleatoria,empate,0,-1,100,0,0,0.0000,0.0000,2486,6,2480,0
702,758057594,azul,verde,aleatoria,empate,0,-1,100,0,0,0.0000,0.0404,2129,0,2129,0
702,758057594,azul,vermelho,aleatoria,empate,0,-1,100,0,0,0.0000,0.0606,2043,8,2035,0
702,758057594,azul,azul,aleatoria,empate,0,-1,100,0,0,0.0000,0.0100,2473,8,2465,0
703,1224258741,verde,verde,aleatoria,empate,0,-1,100,0,0,0.0000,0.1000,2214,0,2214,0
703,1224258741,verde,vermelho,aleatoria,empate,0,-1,100,0,0,0.0000,0.0000,2258,0,2258,0
703,1224258741,verde,azul,aleatoria,empate,0,-1,100,0,0,0.0000,0.0000,2463,0,2463,0
704,1738688665,vermelho,verde,aleatoria,empate,0,-1,100,0,0,0.0000,0.0000,2128,0,2128,0
704,1738688665,vermelho,vermelho,aleatoria,empate,0,-1,100,0,0,0.0000,0.1400,2353,0,2353,0
704,1738688665,vermelho,azul,aleatoria,empate,0,-1,100,0,0,0.0000,0.0900,2312,0,2312,0
705,284656161,azul,verde,aleatoria,empate,0,-1,100,0,0,0.0000,0.0707,2362,2,2360,0
705,284656161,azul,vermelho,aleatoria,empate,0,-1,100,0,0,0.0000,0.0909,2455,9,2446,0
705,284656161,azul,azul,aleatoria,empate,0,-1,100,0,0,0.0000,0.0100,2271,2,2269,0
706,1037174125,verde,verde,aleatoria,empate,0,-1,100,0,0,0.0000,0.1300,2458,29,2429,0
706,1037174125,verde,vermelho,aleatoria,empate,0,-1,100,0,0,0.0000,0.0000,2483,20,2463,0
706,1037174125,verde,azul,aleatoria,empate,0,-1,100,0,0,0.0000,0.0800,2393,26,2367,0
707,1145925364,vermelho,verde,aleatoria,empate,0,-1,100,0,0,0.0000,0.0404,2319,0,2319,0
707,1145925364,vermelho,vermelho,aleatoria,empate,0,-1,100,0,0,0.0000,0.0300,2362,1,2361,0
707,1145925364,vermelho,azul,aleatoria,empate,0,-1,100,0,0,0.0000,0.0000,2311,1,2310,0
708,79466218,azul,verde,aleatoria,empate,0,-1,100,0,0,0.0000,0.0101,2341,1,2340,0
708,79466218,azul,vermelho,aleatoria,empate,0,-1,100,0,0,0.0000,0.1717,2396,17,2379,0
708,79466218,azul,azul,aleatoria,empate,0,-1,100,0,0,0.0000,0.0700,2472,18,2454,0
709,508015536,verde,verde,aleatoria,empate,0,-1,100,0,0,0.0000,0.0700,2384,5,2379,0
709,508015536,verde,vermelho,aleatoria,empate,0,-1,100,0,0,0.0000,0.0000,2243,24,2219,0
709,508015536,verde,azul,aleatoria,empate,0,-1,100,0,0,0.0000,0.0000,2217,13,2204,0
710,302173163,vermelho,verde,aleatoria,empate,0,-1,100,0,0,0.0000,0.0101,2332,21,2311,0
710,302173163,vermelho,vermelho,aleatoria,empate,0,-1,100,0,0,0.0000,0.0600,2311,3,2308,0
710,302173163,vermelho,azul,aleatoria,empate,0,-1,100,0,0,0.0000,0.0100,2380,19,2361,0
711,491820749,azul,verde,aleatoria,empate,0,-1,100,0,0,0.0000,0.0101,2430,10,2420,0
711,491820749,azul,vermelho,aleatoria,empate,0,-1,100,30,0,30.0000,0.0000,2453,14,2439,0
711,491820749,azul,azul,aleatoria,empate,0,-1,100,0,30,0.0000,0.0500,2514,16,2498,0
712,247657394,verde,verde,aleatoria,empate,0,-1,100,0,0,0.0000,0.0800,2456,13,2443,0
712,247657394,verde,vermelho,aleatoria,empate,0,-1,100,0,0,0.0000,0.0000,2200,10,2190,0
712,247657394,verde,azul,aleatoria,empate,0,-1,100,0,0,0.0000,0.1300,2200,19,2181,0
713,1776086572,vermelho,verde,aleatoria,empate,0,-1,100,0,0,0.0000,0.0404,2273,11,2262,0
713,1776086572,vermelho,vermelho,aleatoria,empate,0,-1,100,0,0,0.0000,0.0300,2148,0,2148,0
713,1776086572,vermelho,azul,aleatoria,empate,0,-1,100,0,0,0.0000,0.0900,2339,12,2327,0
714,1632761478,azul,verde,aleatoria,empate,0,-1,100,0,0,0.0000,0.0000,2345,0,2345,0
714,1632761478,azul,vermelho,aleatoria,empate,0,-1,100,0,0,0.0000,0.1414,2274,0,2274,0
714,1632761478,azul,azul,aleatoria,empate,0,-1,100,0,0,0.0000,0.0100,2153,0,2153,0
715,231975991,verde,verde,aleatoria,empate,0,-1,100,0,0,0.0000,0.1500,2308,0,2308,0
715,231975991,verde,vermelho,aleatoria,empate,0,-1,100,0,0,0.0000,0.0100,2395,0,2395,0
715,231975991,verde,azul,aleatoria,empate,0,-1,100,0,0,0.0000,0.0800,2339,0,2339,0
716,733326103,vermelho,verde,aleatoria,empate,0,-1,100,0,0,0.0000,0.0909,2377,20,2357,0
716,733326103,vermelho,vermelho,aleatoria,empate,0,-1,100,0,0,0.0000,0.0600,2190,0,2190,0
716,733326103,vermelho,azul,aleatoria,empate,0,-1,100,0,0,0.0000,0.0100,2445,26,2419,0
717,1411364412,azul,verde,aleatoria,empate,0,-1,100,0,0,0.0000,0.0000,2247,5,2242,0
717,1411364412,azul,vermelho,aleatoria,empate,0,-1,100,0,0,0.0000,0.1313,2426,4,2422,0
717,1411364412,azul,azul,aleatoria,empate,0,-1,100,0,0,0.0000,0.1400,2305,7,2298,0
718,1200314224,verde,verde,aleatoria,empate,0,-1,100,0,0,0.0000,0.0900,2465,16,2449,0
718,1200314224,verde,vermelho,aleatoria,empate,0,-1,100,0,0,0.0000,0.0500,2489,14,2475,0
718,1200314224,verde,azul,aleatoria,empate,0,-1,100,0,0,0.0000,0.0000,2283,0,2283,0
719,1259110644,vermelho,verde,aleatoria,empate,0,-1,100,0,0,0.0000,0.0101,2225,0,2225,0
719,1259110644,vermelho,vermelho,aleatoria,empate,0,-1,100,0,0,0.0000,0.0600,2258,6,2252,0
719,1259110644,vermelho,azul,aleatoria,empate,0,-1,100,0,0,0.0000,0.1400,2375,9,2366,0
720,447719130,azul,verde,aleatoria,empate,0,-1,100,0,0,0.0000,0.0505,2351,15,2336,0
720,447719130,azul,vermelho,aleatoria,empate,0,-1,100,0,0,0.0000,0.0404,2253,6,2247,0
720,447719130,azul,azul,aleatoria,empate,0,-1,100,0,0,0.0000,0.0400,2177,12,2165,0
721,1722184469,verde,verde,aleatoria,empate,0,-1,100,0,0,0.0000,0.0400,2296,0,2296,0
721,1722184469,verde,vermelho,aleatoria,empate,0,-1,100,0,0,0.0000,0.0300,2266,5,2261,0
721,1722184469,verde,azul,aleatoria,empate,0,-1,100,0,0,0.0000,0.0700,2279,5,2274,0
722,327044082,vermelho,verde,aleatoria,empate,0,-1,100,0,0,0.0000,0.0808,2232,0,2232,0
722,327044082,vermelho,vermelho,aleatoria,empate,0,-1,100,0,0,0.0000,0.0700,2351,21,2330,0
722,327044082,vermelho,azul,aleatoria,empate,0,-1,100,0,0,0.0000,0.0000,2487,21,2466,0
723,592593125,azul,verde,aleatoria,empate,0,-1,100,0,0,0.0000,0.0303,2380,0,2380,0
723,592593125,azul,vermelho,aleatoria,empate,0,-1,100,0,30,0.0000,0.0202,2360,7,2353,0
723,592593125,azul,azul,aleatoria,empate,0,-1,100,30,0,30.0000,0.1900,2241,8,2233,0
724,580558835,verde,verde,aleatoria,empate,0,-1,100,0,0,0.0000,0.0200,2281,3,2278,0
724,580558835,verde,vermelho,aleatoria,empate,0,-1,100,0,0,0.0000,0.0400,2366,0,2366,0
724,580558835,verde,azul,aleatoria,empate,0,-1,100,0,0,0.0000,0.0100,2320,2,2318,0
725,1641414582,vermelho,verde,aleatoria,empate,0,-1,100,0,0,0.0000,0.0505,2334,18,2316,0
725,1641414582,vermelho,vermelho,aleatoria,empate,0,-1,100,0,0,0.0000,0.1300,2282,11,2271,0
725,1641414582,vermelho,azul,aleatoria,empate,0,-1,100,0,0,0.0000,0.0500,2453,0,2453,0
726,1314131657,azul,verde,aleatoria,empate,0,-1,100,0,0,0.0000,0.0303,2262,21,2241,0
726,1314131657,azul,vermelho,aleatoria,empate,0,-1,100,0,0,0.0000,0.0404,2383,2,2381,0
726,1314131657,azul,azul,aleatoria,empate,0,-1,100,0,0,0.0000,0.0000,2401,22,2379,0
727,2077249961,verde,verde,aleatoria,empate,0,-1,100,0,0,0.0000,0.0600,2287,22,2265,0
727,2077249961,verde,vermelho,aleatoria,empate,0,-1,100,0,0,0.0000,0.0600,2498,10,2488,0
727,2077249961,verde,azul,aleatoria,empate,0,-1,100,0,0,0.0000,0.1000,2489,0,2489,0
728,626421707,vermelho,verde,aleatoria,empate,0,-1,100,0,0,0.0000,0.0909,2420,18,2402,0
728,626421707,vermelho,vermelho,aleatoria,empate,0,-1,100,0,0,0.0000,0.0000,2158,0,2158,0
728,626421707,vermelho,azul,aleatoria,empate,0,-1,100,0,0,0.0000,0.1900,2391,15,2376,0
729,1432468837,azul,verde,aleatoria,empate,0,-1,100,0,0,0.0000,0.0404,2487,24,2463,0
729,1432468837,azul,vermelho,aleatoria,empate,0,-1,100,0,0,0.0000,0.0505,2049,0,2049,0
729,1432468837,azul,azul,aleatoria,empate,0,-1,100,0,0,0.0000,0.0500,2356,27,2329,0
730,2024764721,verde,verde,aleatoria,empate,0,-1,100,0,30,0.0000,0.2000,2212,9,2203,0
730,2024764721,verde,vermelho,aleatoria,empate,0,-1,100,30,0,30.0000,0.0000,2482,4,2478,0
730,2024764721,verde,azul,aleatoria,empate,0,-1,100,0,0,0.0000,0.0600,2344,7,2337,0
731,1142105127,vermelho,verde,aleatoria,empate,0,-1,100,0,0,0.0000,0.0000,2331,0,2331,0
731,1142105127,vermelho,vermelho,aleatoria,empate,0,-1,100,0,0,0.0000,0.0100,2122,0,2122,0
731,1142105127,vermelho,azul,aleatoria,empate,0,-1,100,0,0,0.0000,0.1200,2295,0,2295,0
732,356399633,azul,verde,aleatoria,empate,0,-1,100,0,0,0.0000,0.0404,2416,6,2410,0
732,356399633,azul,vermelho,aleatoria,empate,0,-1,100,0,0,0.0000,0.0000,2289,8,2281,0
732,356399633,azul,azul,aleatoria,empate,0,-1,100,0,0,0.0000,0.0400,2344,2,2342,0
733,275188426,verde,verde,aleatoria,empate,0,-1,100,0,0,0.0000,0.0100,2437,10,2427,0
733,275188426,verde,vermelho,aleatoria,empate,0,-1,100,0,0,0.0000,0.0000,2417,6,2411,0
733,275188426,verde,azul,aleatoria,empate,0,-1,100,0,0,0.0000,0.0000,2463,3,2460,0
734,1434154751,vermelho,verde,aleatoria,empate,0,-1,100,0,0,0.0000,0.0000,2420,15,2405,0
734,1434154751,vermelho,vermelho,aleatoria,empate,0,-1,100,0,0,0.0000,0.0200,2317,7,2310,0
734,1434154751,vermelho,azul,aleatoria,empate,0,-1,100,0,0,0.0000,0.0500,2448,3,2445,0
735,1801140829,azul,verde,aleatoria,empate,0,-1,100,0,0,0.0000,0.0000,2287,0,2287,0
735,1801140829,azul,vermelho,aleatoria,empate,0,-1,100,0,0,0.0000,0.0101,2291,0,2291,0
735,1801140829,azul,azul,aleatoria,empate,0,-1,100,0,0,0.0000,0.0800,2218,0,2218,0
736,1993507864,verde,verde,aleatoria,empate,0,-1,100,0,0,0.0000,0.0100,2300,0,2300,0
736,1993507864,verde,vermelho,aleatoria,empate,0,-1,100,0,0,0.0000,0.0500,2236,9,2227,0
736,1993507864,verde,azul,aleatoria,empate,0,-1,100,0,0,0.0000,0.0300,2434,9,2425,0
737,2023364721,vermelho,verde,aleatoria,empate,0,-1,100,0,0,0.0000,0.0606,2241,0,2241,0
737,2023364721,vermelho,vermelho,aleatoria,empate,0,-1,100,0,0,0.0000,0.0300,2339,12,2327,0
737,2023364721,vermelho,azul,aleatoria,empate,0,-1,100,0,0,0.0000,0.0400,2458,12,2446,0
738,134698184,azul,verde,aleatoria,empate,0,-1,100,0,0,0.0000,0.0303,2414,28,2386,0
738,134698184,azul,vermelho,aleatoria,empate,0,-1,100,0,0,0.0000,0.0000,2404,14,2390,0
738,134698184,azul,azul,aleatoria,empate,0,-1,100,0,0,0.0000,0.0200,2356,0,2356,0
739,1583040395,verde,verde,aleatoria,empate,0,-1,100,0,0,0.0000,0.0000,2191,0,2191,0
739,1583040395,verde,vermelho,aleatoria,empate,0,-1,100,0,0,0.0000,0.1600,2433,0,2433,0
739,1583040395,verde,azul,aleatoria,empate,0,-1,100,0,0,0.0000,0.2200,2199,0,2199,0
740,1032295844,vermelho,verde,aleatoria,empate,0,-1,100,0,0,0.0000,0.0909,2286,1,2285,0
740,1032295844,vermelho,vermelho,aleatoria,empate,0,-1,100,0,0,0.0000,0.1100,2312,7,2305,0
740,1032295844,vermelho,azul,aleatoria,empate,0,-1,100,0,0,0.0000,0.0900,2430,12,2418,0
741,1889624383,azul,verde,aleatoria,empate,0,-1,100,0,0,0.0000,0.0606,2329,1,2328,0
741,1889624383,azul,vermelho,aleatoria,empate,0,-1,100,30,0,30.0000,0.0909,2266,18,2248,0
741,1889624383,azul,azul,aleatoria,empate,0,-1,100,0,30,0.0000,0.0200,2329,13,2316,0
742,1838169115,verde,verde,aleatoria,empate,0,-1,100,0,0,0.0000,0.0100,2336,20,2316,0
742,1838169115,verde,vermelho,aleatoria,empate,0,-1,100,0,0,0.0000,0.0000,2315,22,2293,0
742,1838169115,verde,azul,aleatoria,empate,0,-1,100,0,0,0.0000,0.0000,2253,0,2253,0
743,532023419,vermelho,verde,aleatoria,empate,0,-1,100,0,0,0.0000,0.0707,2213,5,2208,0
743,532023419,vermelho,vermelho,aleatoria,empate,0,-1,100,30,0,30.0000,0.1000,2463,15,2448,0
743,532023419,vermelho,azul,aleatoria,empate,0,-1,100,0,30,0.0000,0.0000,2304,20,2284,0
744,1693007723,azul,verde,aleatoria,empate,0,-1,100,0,0,0.0000,0.0101,2266,6,2260,0
744,1693007723,azul,vermelho,aleatoria,empate,0,-1,100,0,0,0.0000,0.0000,2328,3,2325,0
744,1693007723,azul,azul,aleatoria,empate,0,-1,100,0,0,0.0000,0.0700,2403,6,2397,0
745,685610348,verde,verde,aleatoria,empate,0,-1,100,0,0,0.0000,0.0000,2271,4,2267,0
745,685610348,verde,vermelho,aleatoria,empate,0,-1,100,0,0,0.0000,0.0200,2357,7,2350,0
745,685610348,verde,azul,aleatoria,empate,0,-1,100,0,0,0.0000,0.2800,2321,0,2321,0
746,226624391,vermelho,verde,aleatoria,empate,0,-1,100,0,0,0.0000,0.1919,2341,0,2341,0
746,226624391,vermelho,vermelho,aleatoria,empate,0,-1,100,0,0,0.0000,0.0200,2394,0,2394,0
746,226624391,vermelho,azul,aleatoria,empate,0,-1,100,0,0,0.0000,0.0400,2347,0,2347,0
747,104280143,azul,verde,aleatoria,empate,0,-1,100,30,0,30.0000,0.0303,2407,12,2395,0
747,104280143,azul,vermelho,aleatoria,empate,0,-1,100,0,30,0.0000,0.0505,2367,18,2349,0
747,104280143,azul,azul,aleatoria,empate,0,-1,100,0,0,0.0000,0.0800,2358,0,2358,0
748,5114185,verde,verde,aleatoria,empate,0,-1,100,0,0,0.0000,0.0000,2337,0,2337,0
748,5114185,verde,vermelho,aleatoria,empate,0,-1,100,0,0,0.0000,0.0300,2327,2,2325,0
748,5114185,verde,azul,aleatoria,empate,0,-1,100,0,0,0.0000,0.0000,2313,1,2312,0
749,2053688377,vermelho,verde,aleatoria,empate,0,-1,100,0,0,0.0000,0.0505,2401,0,2401,0
749,2053688377,vermelho,vermelho,aleatoria,empate,0,-1,100,0,0,0.0000,0.0000,2190,10,2180,0
749,2053688377,vermelho,azul,aleatoria,empate,0,-1,100,0,0,0.0000,0.0300,2396,10,2386,0
750,1451533353,azul,verde,aleatoria,empate,0,-1,100,0,0,0.0000,0.0000,2437,24,2413,0
750,1451533353,azul,vermelho,aleatoria,empate,0,-1,100,0,0,0.0000,0.1515,2253,13,2240,0
750,1451533353,azul,azul,aleatoria,empate,0,-1,100,0,0,0.0000,0.0600,2495,33,2462,0
751,1017531994,verde,verde,aleatoria,empate,0,-1,100,0,0,0.0000,0.1000,2257,24,2233,0
751,1017531994,verde,vermelho,aleatoria,empate,0,-1,100,0,0,0.0000,0.1200,2444,4,2440,0
751,1017531994,verde,azul,aleatoria,empate,0,-1,100,0,0,0.0000,0.0400,2319,21,2298,0
752,40908190,vermelho,verde,aleatoria,empate,0,-1,100,30,0,30.0000,0.0808,2303,16,2287,0
752,40908190,vermelho,vermelho,aleatoria,empate,0,-1,100,0,0,0.0000,0.0000,2389,1,2388,0
752,40908190,vermelho,azul,aleatoria,empate,0,-1,100,0,30,0.0000,0.1000,2403,14,2389,0
753,1141767897,azul,verde,aleatoria,empate,0,-1,100,0,0,0.0000,0.0000,2391,14,2377,0
753,1141767897,azul,vermelho,aleatoria,empate,0,-1,100,0,0,0.0000,0.1212,2306,12,2294,0
753,1141767897,azul,azul,aleatoria,empate,0,-1,100,0,0,0.0000,0.0000,2221,0,2221,0
754,1257839479,verde,verde,aleatoria,empate,0,-1,100,0,0,0.0000,0.1100,2197,12,2185,0
754,1257839479,verde,vermelho,aleatoria,empate,0,-1,100,0,0,0.0000,0.1600,2391,0,2391,0
754,1257839479,verde,azul,aleatoria,empate,0,-1,100,0,0,0.0000,0.0700,2428,17,2411,0
755,1364339178,vermelho,verde,aleatoria,empate,0,-1,100,0,0,0.0000,0.1919,2314,2,2312,0
755,1364339178,vermelho,vermelho,aleatoria,empate,0,-1,100,0,0,0.0000,0.0200,2322,1,2321,0
755,1364339178,vermelho,azul,aleatoria,empate,0,-1,100,0,0,0.0000,0.0100,2296,0,2296,0
756,1135458689,azul,verde,aleatoria,empate,0,-1,100,0,0,0.0000,0.0707,2328,5,2323,0
756,1135458689,azul,vermelho,aleatoria,empate,0,-1,100,0,0,0.0000,0.0707,2250,2,2248,0
756,1135458689,azul,azul,aleatoria,empate,0,-1,100,0,0,0.0000,0.0300,2093,0,2093,0
757,1648737985,verde,verde,aleatoria,empate,0,-1,100,0,0,0.0000,0.0000,2166,0,2166,0
757,1648737985,verde,vermelho,aleatoria,empate,0,-1,100,0,0,0.0000,0.0000,2125,9,2116,0
757,1648737985,verde,azul,aleatoria,empate,0,-1,100,0,0,0.0000,0.1000,2417,5,2412,0
758,487316115,vermelho,verde,aleatoria,empate,0,-1,100,0,30,0.0000,0.0000,2240,3,2237,0
758,487316115,vermelho,vermelho,aleatoria,empate,0,-1,100,30,0,30.0000,0.0400,2371,10,2361,0
758,487316115,vermelho,azul,aleatoria,empate,0,-1,100,0,0,0.0000,0.0400,2506,20,2486,0
759,1847801574,azul,verde,aleatoria,empate,0,-1,100,0,0,0.0000,0.0101,2373,0,2373,0
759,1847801574,azul,vermelho,aleatoria,empate,0,-1,100,0,0,0.0000,0.0707,2344,0,2344,0
759,1847801574,azul,azul,aleatoria,empate,0,-1,100,0,0,0.0000,0.0400,2245,0,2245,0
760,1643984056,verde,verde,aleatoria,empate,0,-1,100,0,0,0.0000,0.2100,2218,18,2200,0
760,1643984056,verde,vermelho,aleatoria,empate,0,-1,100,0,0,0.0000,0.0200,2408,23,2385,0
760,1643984056,verde,azul,aleatoria,empate,0,-1,100,0,0,0.0000,0.0000,2301,0,2301,0
761,791159585,vermelho,verde,aleatoria,empate,0,-1,100,0,0,0.0000,0.1111,2100,0,2100,0
761,791159585,vermelho,vermelho,aleatoria,empate,0,-1,100,0,0,0.0000,0.0000,2394,2,2392,0
761,791159585,vermelho,azul,aleatoria,empate,0,-1,100,0,0,0.0000,0.0000,2316,2,2314,0
762,1362632934,azul,verde,aleatoria,empate,0,-1,100,0,0,0.0000,0.0606,2156,6,2150,0
762,1362632934,azul,vermelho,aleatoria,empate,0,-1,100,0,0,0.0000,0.0404,2317,5,2312,0
762,1362632934,azul,azul,aleatoria,empate,0,-1,100,0,0,0.0000,0.0700,2269,0,2269,0
763,377733151,verde,verde,aleatoria,empate,0,-1,100,0,0,0.0000,0.0200,2310,0,2310,0
763,377733151,verde,vermelho,aleatoria,empate,0,-1,100,0,0,0.0000,0.1500,2366,0,2366,0
763,377733151,verde,azul,aleatoria,empate,0,-1,100,0,0,0.0000,0.0200,2206,0,2206,0
764,1420768891,vermelho,verde,aleatoria,empate,0,-1,100,0,0,0.0000,0.0808,2292,2,2290,0
764,1420768891,vermelho,vermelho,aleatoria,empate,0,-1,100,0,0,0.0000,0.2000,2199,0,2199,0
764,1420768891,vermelho,azul,aleatoria,empate,0,-1,100,0,0,0.0000,0.0200,2448,3,2445,0
765,2044870516,azul,verde,aleatoria,empate,0,-1,100,0,0,0.0000,0.1414,2470,13,2457,0
765,2044870516,azul,vermelho,aleatoria,empate,0,-1,100,0,0,0.0000,0.0404,2259,2,2257,0
765,2044870516,azul,azul,aleatoria,empate,0,-1,100,0,0,0.0000,0.0500,2450,11,2439,0
766,1006327128,verde,verde,aleatoria,empate,0,-1,100,0,0,0.0000,0.0200,2398,13,2385,0
766,1006327128,verde,vermelho,aleatoria,empate,0,-1,100,0,0,0.0000,0.0300,2424,12,2412,0
766,1006327128,verde,azul,aleatoria,empate,0,-1,100,0,0,0.0000,0.0600,2448,13,2435,0
767,336700548,vermelho,verde,aleatoria,empate,0,-1,100,0,0,0.0000,0.0202,2417,0,2417,0
767,336700548,vermelho,vermelho,aleatoria,empate,0,-1,100,0,30,0.0000,0.0500,2372,25,2347,0
767,336700548,vermelho,azul,aleatoria,empate,0,-1,100,30,0,30.0000,0.0000,2205,22,2183,0
768,715912012,azul,verde,aleatoria,empate,0,-1,100,0,0,0.0000,0.0000,2030,0,2030,0
768,715912012,azul,vermelho,aleatoria,empate,0,-1,100,0,0,0.0000,0.1111,2248,0,2248,0
768,715912012,azul,azul,aleatoria,empate,0,-1,100,0,0,0.0000,0.0700,2181,0,2181,0
769,481883728,verde,verde,aleatoria,empate,0,-1,100,0,0,0.0000,0.0000,2315,4,2311,0
769,481883728,verde,vermelho,aleatoria,empate,0,-1,100,0,0,0.0000,0.0100,2361,0,2361,0
769,481883728,verde,azul,aleatoria,empate,0,-1,100,0,0,0.0000,0.1200,2367,2,2365,0
770,1614053631,vermelho,verde,aleatoria,empate,0,-1,100,0,0,0.0000,0.0000,2435,0,2435,0
770,1614053631,vermelho,vermelho,aleatoria,empate,0,-1,100,0,0,0.0000,0.0700,2364,2,2362,0
770,1614053631,vermelho,azul,aleatoria,empate,0,-1,100,0,0,0.0000,0.0300,2101,1,2100,0
771,1276108841,azul,verde,aleatoria,empate,0,-1,100,0,0,0.0000,0.0202,2373,10,2363,0
771,1276108841,azul,vermelho,aleatoria,empate,0,-1,100,0,0,0.0000,0.0808,2340,0,2340,0
771,1276108841,azul,azul,aleatoria,empate,0,-1,100,0,0,0.0000,0.0100,2222,5,2217,0
772,628933363,verde,verde,aleatoria,empate,0,-1,100,0,0,0.0000,0.0100,2355,3,2352,0
772,628933363,verde,vermelho,aleatoria,empate,0,-1,100,0,0,0.0000,0.0000,2169,4,2165,0
772,628933363,verde,azul,aleatoria,empate,0,-1,100,0,0,0.0000,0.0800,2367,8,2359,0
773,266047734,vermelho,verde,aleatoria,empate,0,-1,100,0,0,0.0000,0.0303,2236,7,2229,0
773,266047734,vermelho,vermelho,aleatoria,empate,0,-1,100,0,0,0.0000,0.0100,2234,3,2231,0
773,266047734,vermelho,azul,aleatoria,empate,0,-1,100,0,0,0.0000,0.0700,2341,8,2333,0
774,437958854,azul,verde,aleatoria,empate,0,-1,100,0,0,0.0000,0.0101,2388,6,2382,0
774,437958854,azul,vermelho,aleatoria,empate,0,-1,100,0,0,0.0000,0.0505,2192,0,2192,0
774,437958854,azul,azul,aleatoria,empate,0,-1,100,0,0,0.0000,0.0500,2334,12,2322,0
775,882820366,verde,verde,aleatoria,empate,0,-1,100,0,0,0.0000,0.0100,2381,0,2381,0
775,882820366,verde,vermelho,aleatoria,empate,0,-1,100,0,0,0.0000,0.0400,2294,0,2294,0
775,882820366,verde,azul,aleatoria,empate,0,-1,100,0,0,0.0000,0.0000,2277,0,2277,0
776,2103879765,vermelho,verde,aleatoria,empate,0,-1,100,0,0,0.0000,0.1010,2227,0,2227,0
776,2103879765,vermelho,vermelho,aleatoria,empate,0,-1,100,0,0,0.0000,0.0800,2357,8,2349,0
776,2103879765,vermelho,azul,aleatoria,empate,0,-1,100,0,0,0.0000,0.0600,2480,15,2465,0
777,1878469685,azul,verde,aleatoria,empate,0,-1,100,0,0,0.0000,0.1212,2229,6,2223,0
777,1878469685,azul,vermelho,aleatoria,empate,0,-1,100,0,0,0.0000,0.0101,2483,10,2473,0
777,1878469685,azul,azul,aleatoria,empate,0,-1,100,0,0,0.0000,0.1400,2419,8,2411,0
778,260653707,verde,verde,aleatoria,empate,0,-1,100,0,0,0.0000,0.0800,2363,7,2356,0
778,260653707,verde,vermelho,aleatoria,empate,0,-1,100,0,0,0.0000,0.1200,2379,0,2379,0
778,260653707,verde,azul,aleatoria,empate,0,-1,100,0,0,0.0000,0.0200,2333,6,2327,0
779,2055886471,vermelho,verde,aleatoria,empate,0,-1,100,0,0,0.0000,0.1111,2171,1,2170,0
779,2055886471,vermelho,vermelho,aleatoria,empate,0,-1,100,0,0,0.0000,0.1100,2096,0,2096,0
779,2055886471,vermelho,azul,aleatoria,empate,0,-1,100,0,0,0.0000,0.1300,2430,0,2430,0
780,181546477,azul,verde,aleatoria,empate,0,-1,100,0,0,0.0000,0.0202,2386,12,2374,0
780,181546477,azul,vermelho,aleatoria,empate,0,-1,100,0,0,0.0000,0.0404,2390,12,2378,0
780,181546477,azul,azul,aleatoria,empate,0,-1,100,0,0,0.0000,0.0600,2448,0,2448,0
781,1696711507,verde,verde,aleatoria,empate,0,-1,100,0,0,0.0000,0.0200,2304,0,2304,0
781,1696711507,verde,vermelho,aleatoria,empate,0,-1,100,0,0,0.0000,0.0500,2146,0,2146,0
781,1696711507,verde,azul,aleatoria,empate,0,-1,100,0,0,0.0000,0.0000,2442,1,2441,0
782,1229825111,vermelho,verde,aleatoria,empate,0,-1,100,0,0,0.0000,0.0000,2353,1,2352,0
782,1229825111,vermelho,vermelho,aleatoria,empate,0,-1,100,0,0,0.0000,0.0900,2405,2,2403,0
782,1229825111,vermelho,azul,aleatoria,empate,0,-1,100,0,0,0.0000,0.0000,2250,0,2250,0
783,1997479060,azul,verde,aleatoria,empate,0,-1,100,0,0,0.0000,0.0505,2444,29,2415,0
783,1997479060,azul,vermelho,aleatoria,empate,0,-1,100,0,0,0.0000,0.1111,2315,3,2312,0
783,1997479060,azul,azul,aleatoria,empate,0,-1,100,0,0,0.0000,0.0900,2243,24,2219,0
784,443438607,verde,verde,aleatoria,empate,0,-1,100,0,0,0.0000,0.0200,2438,7,2431,0
784,443438607,verde,vermelho,aleatoria,empate,0,-1,100,0,0,0.0000,0.1400,2354,9,2345,0
784,443438607,verde,azul,aleatoria,empate,0,-1,100,0,0,0.0000,0.0700,2301,0,2301,0
785,1255488848,vermelho,verde,aleatoria,empate,0,-1,100,0,0,0.0000,0.1111,2359,1,2358,0
785,1255488848,vermelho,vermelho,aleatoria,empate,0,-1,100,0,0,0.0000,0.0200,2312,3,2309,0
785,1255488848,vermelho,azul,aleatoria,empate,0,-1,100,0,0,0.0000,0.0500,2361,0,2361,0
786,1713663468,azul,verde,aleatoria,empate,0,-1,100,0,0,0.0000,0.0909,2367,2,2365,0
786,1713663468,azul,vermelho,aleatoria,empate,0,-1,100,0,0,0.0000,0.0000,2389,21,2368,0
786,1713663468,azul,azul,aleatoria,empate,0,-1,100,0,0,0.0000,0.0400,2254,27,2227,0
787,1326665035,verde,verde,aleatoria,empate,0,-1,100,0,0,0.0000,0.0600,2317,7,2310,0
787,1326665035,verde,vermelho,aleatoria,empate,0,-1,100,0,0,0.0000,0.0400,2366,27,2339,0
787,1326665035,verde,azul,aleatoria,empate,0,-1,100,0,0,0.0000,0.0000,2407,22,2385,0
788,1485550945,vermelho,verde,aleatoria,empate,0,-1,100,0,30,0.0000,0.2020,2264,10,2254,0
788,1485550945,vermelho,vermelho,aleatoria,empate,0,-1,100,30,0,30.0000,0.0800,2387,12,2375,0
788,1485550945,vermelho,azul,aleatoria,empate,0,-1,100,0,0,0.0000,0.0800,2436,7,2429,0
789,255725471,azul,verde,aleatoria,empate,0,-1,100,0,30,0.0000,0.0202,2196,6,2190,0
789,255725471,azul,vermelho,aleatoria,empate,0,-1,100,0,0,0.0000,0.1212,1882,0,1882,0
789,255725471,azul,azul,aleatoria,empate,0,-1,100,30,0,30.0000,0.0400,2324,8,2316,0
790,388207685,verde,verde,aleatoria,empate,0,-1,100,0,0,0.0000,0.0300,2251,3,2248,0
790,388207685,verde,vermelho,aleatoria,empate,0,-1,100,0,0,0.0000,0.0100,2362,7,2355,0
790,388207685,verde,azul,aleatoria,empate,0,-1,100,0,0,0.0000,0.0900,2376,2,2374,0
791,230858913,vermelho,verde,aleatoria,empate,0,-1,100,0,0,0.0000,0.0707,2337,3,2334,0
791,230858913,vermelho,vermelho,aleatoria,empate,0,-1,100,0,0,0.0000,0.0300,2233,4,2229,0
791,230858913,vermelho,azul,aleatoria,empate,0,-1,100,0,0,0.0000,0.0900,2253,3,2250,0
792,497945140,azul,verde,aleatoria,empate,0,-1,100,0,0,0.0000,0.0505,2180,5,2175,0
792,497945140,azul,vermelho,aleatoria,empate,0,-1,100,0,0,0.0000,0.0606,2426,17,2409,0
792,497945140,azul,azul,aleatoria,empate,0,-1,100,0,0,0.0000,0.2100,2449,13,2436,0
793,1672875716,verde,verde,aleatoria,empate,0,-1,100,0,0,0.0000,0.0900,2498,0,2498,0
793,1672875716,verde,vermelho,aleatoria,empate,0,-1,100,0,0,0.0000,0.0000,2057,6,2051,0
793,1672875716,verde,azul,aleatoria,empate,0,-1,100,0,0,0.0000,0.0400,2250,7,2243,0
794,1703592542,vermelho,verde,aleatoria,empate,0,-1,100,0,0,0.0000,0.0000,2368,0,2368,0
794,1703592542,vermelho,vermelho,aleatoria,empate,0,-1,100,0,0,0.0000,0.0300,2413,0,2413,0
794,1703592542,vermelho,azul,aleatoria,empate,0,-1,100,0,0,0.0000,0.1100,2357,1,2356,0
795,524300311,azul,verde,aleatoria,empate,0,-1,100,0,0,0.0000,0.0404,2310,0,2310,0
795,524300311,azul,vermelho,aleatoria,empate,0,-1,100,0,0,0.0000,0.0000,1869,5,1864,0
795,524300311,azul,azul,aleatoria,empate,0,-1,100,0,0,0.0000,0.0800,2201,6,2195,0
796,405532386,verde,verde,aleatoria,empate,0,-1,100,0,0,0.0000,0.0300,2339,11,2328,0
796,405532386,verde,vermelho,aleatoria,empate,0,-1,100,0,0,0.0000,0.0300,2279,14,2265,0
796,405532386,verde,azul,aleatoria,empate,0,-1,100,0,0,0.0000,0.0600,2220,0,2220,0
797,1140362201,vermelho,verde,aleatoria,empate,0,-1,100,0,0,0.0000,0.0000,2285,0,2285,0
797,1140362201,vermelho,vermelho,aleatoria,empate,0,-1,100,0,0,0.0000,0.1100,2385,1,2384,0
797,1140362201,vermelho,azul,aleatoria,empate,0,-1,100,0,0,0.0000,0.0100,2262,0,2262,0
798,2122964567,azul,verde,aleatoria,empate,0,-1,100,0,0,0.0000,0.0000,2282,0,2282,0
798,2122964567,azul,vermelho,aleatoria,empate,0,-1,100,0,0,0.0000,0.0606,2130,20,2110,0
798,2122964567,azul,azul,aleatoria,empate,0,-1,100,0,0,0.0000,0.0400,2315,23,2292,0
799,1850462464,verde,verde,aleatoria,empate,0,-1,100,0,0,0.0000,0.0000,2478,12,2466,0
799,1850462464,verde,vermelho,aleatoria,empate,0,-1,100,0,0,0.0000,0.0500,2240,8,2232,0
799,1850462464,verde,azul,aleatoria,empate,0,-1,100,0,0,0.0000,0.0500,2333,14,2319,0
800,1238786426,vermelho,verde,aleatoria,empate,0,-1,100,0,0,0.0000,0.0303,2187,6,2181,0
800,1238786426,vermelho,vermelho,aleatoria,empate,0,-1,100,0,0,0.0000,0.1100,2333,6,2327,0
800,1238786426,vermelho,azul,aleatoria,empate,0,-1,100,0,0,0.0000,0.0500,2185,0,2185,0
801,777418731,azul,verde,aleatoria,empate,0,-1,100,0,0,0.0000,0.0202,2335,20,2315,0
801,777418731,azul,vermelho,aleatoria,empate,0,-1,100,0,0,0.0000,0.0303,2398,29,2369,0
801,777418731,azul,azul,aleatoria,empate,0,-1,100,0,0,0.0000,0.0900,2415,31,2384,0
802,1650316423,verde,verde,aleatoria,empate,0,-1,100,0,0,0.0000,0.0800,2417,0,2417,0
802,1650316423,verde,vermelho,aleatoria,empate,0,-1,100,0,0,0.0000,0.0000,2071,0,2071,0
802,1650316423,verde,azul,aleatoria,empate,0,-1,100,0,0,0.0000,0.0400,2192,0,2192,0
803,1518169168,vermelho,verde,aleatoria,empate,0,-1,100,0,0,0.0000,0.0404,2282,0,2282,0
803,1518169168,vermelho,vermelho,aleatoria,empate,0,-1,100,0,0,0.0000,0.0500,2195,0,2195,0
803,1518169168,vermelho,azul,aleatoria,empate,0,-1,100,0,0,0.0000,0.0500,2211,2,2209,0
804,664454653,azul,verde,aleatoria,empate,0,-1,100,0,0,0.0000,0.0707,2251,1,2250,0
804,664454653,azul,vermelho,aleatoria,empate,0,-1,100,0,0,0.0000,0.0101,2162,1,2161,0
804,664454653,azul,azul,aleatoria,empate,0,-1,100,0,0,0.0000,0.0200,2450,0,2450,0
805,1222287018,verde,verde,aleatoria,empate,0,-1,100,0,0,0.0000,0.0900,2380,20,2360,0
805,1222287018,verde,vermelho,aleatoria,empate,0,-1,100,0,0,0.0000,0.0000,1990,0,1990,0
805,1222287018,verde,azul,aleatoria,empate,0,-1,100,0,0,0.0000,0.0100,2382,21,2361,0
806,1050928200,vermelho,verde,aleatoria,empate,0,-1,100,0,0,0.0000,0.1010,2383,15,2368,0
806,1050928200,vermelho,vermelho,aleatoria,empate,0,-1,100,0,0,0.0000,0.0700,2379,0,2379,0
806,1050928200,vermelho,azul,aleatoria,empate,0,-1,100,0,0,0.0000,0.0100,2462,19,2443,0
807,1496432766,azul,verde,aleatoria,empate,0,-1,100,0,0,0.0000,0.0909,2203,0,2203,0
807,1496432766,azul,vermelho,aleatoria,empate,0,-1,100,0,0,0.0000,0.0000,2373,1,2372,0
807,1496432766,azul,azul,aleatoria,empate,0,-1,100,0,0,0.0000,0.0400,2350,1,2349,0
808,1546097094,verde,verde,aleatoria,empate,0,-1,100,0,0,0.0000,0.0200,2504,21,2483,0
808,1546097094,verde,vermelho,aleatoria,empate,0,-1,100,0,0,0.0000,0.0000,2217,11,2206,0
808,1546097094,verde,azul,aleatoria,empate,0,-1,100,0,0,0.0000,0.0000,2065,0,2065,0
809,153640283,vermelho,verde,aleatoria,empate,0,-1,100,0,0,0.0000,0.0202,2265,0,2265,0
809,153640283,vermelho,vermelho,aleatoria,empate,0,-1,100,0,0,0.0000,0.0400,2332,11,2321,0
809,153640283,vermelho,azul,aleatoria,empate,0,-1,100,0,0,0.0000,0.0700,2366,7,2359,0
810,1109067602,azul,verde,aleatoria,empate,0,-1,100,0,0,0.0000,0.0101,2374,7,2367,0
810,1109067602,azul,vermelho,aleatoria,empate,0,-1,100,0,0,0.0000,0.0303,2140,3,2137,0
810,1109067602,azul,azul,aleatoria,empate,0,-1,100,0,0,0.0000,0.0000,2153,0,2153,0
811,1182380079,verde,verde,aleatoria,empate,0,-1,100,0,0,0.0000,0.0400,2350,0,2350,0
811,1182380079,verde,vermelho,aleatoria,empate,0,-1,100,0,30,0.0000,0.0800,2270,10,2260,0
811,1182380079,verde,azul,aleatoria,empate,0,-1,100,30,0,30.0000,0.0300,2426,8,2418,0
812,995907090,vermelho,verde,aleatoria,empate,0,-1,100,0,0,0.0000,0.0404,2377,0,2377,0
812,995907090,vermelho,vermelho,aleatoria,empate,0,-1,100,0,30,0.0000,0.0500,2308,13,2295,0
812,995907090,vermelho,azul,aleatoria,empate,0,-1,100,30,0,30.0000,0.0400,2383,13,2370,0
813,2009703295,azul,verde,aleatoria,empate,0,-1,100,0,0,0.0000,0.0303,2292,1,2291,0
813,2009703295,azul,vermelho,aleatoria,empate,0,-1,100,0,0,0.0000,0.0000,2293,0,2293,0
813,2009703295,azul,azul,aleatoria,empate,0,-1,100,0,0,0.0000,0.0400,2055,1,2054,0
814,2108967014,verde,verde,aleatoria,empate,0,-1,100,0,0,0.0000,0.0300,2406,1,2405,0
814,2108967014,verde,vermelho,aleatoria,empate,0,-1,100,0,0,0.0000,0.0100,2452,10,2442,0
814,2108967014,verde,azul,aleatoria,empate,0,-1,100,0,0,0.0000,0.0200,2235,8,2227,0
815,484446759,vermelho,verde,aleatoria,empate,0,-1,100,0,0,0.0000,0.0808,2236,0,2236,0
815,484446759,vermelho,vermelho,aleatoria,empate,0,-1,100,60,0,60.0000,0.0000,2343,31,2312,0
815,484446759,vermelho,azul,aleatoria,empate,0,-1,100,0,60,0.0000,0.0000,2374,29,2345,0
816,780071506,azul,verde,aleatoria,empate,0,-1,100,0,0,0.0000,0.0000,2305,0,2305,0
816,780071506,azul,vermelho,aleatoria,empate,0,-1,100,0,0,0.0000,0.0707,2285,1,2284,0
816,780071506,azul,azul,aleatoria,empate,0,-1,100,0,0,0.0000,0.0200,2426,0,2426,0
817,853399628,verde,verde,aleatoria,empate,0,-1,100,0,30,0.0000,0.0900,2330,18,2312,0
817,853399628,verde,vermelho,aleatoria,empate,0,-1,100,0,0,0.0000,0.0000,2373,10,2363,0
817,853399628,verde,azul,aleatoria,empate,0,-1,100,30,0,30.0000,0.0300,2351,4,2347,0
818,1422126434,vermelho,verde,aleatoria,empate,0,-1,100,0,0,0.0000,0.0707,2076,0,2076,0
818,1422126434,vermelho,vermelho,aleatoria,empate,0,-1,100,0,0,0.0000,0.0200,2325,1,2324,0
818,1422126434,vermelho,azul,aleatoria,empate,0,-1,100,0,0,0.0000,0.1100,2222,0,2222,0
819,1002835612,azul,verde,aleatoria,empate,0,-1,100,0,0,0.0000,0.0303,2370,1,2369,0
819,1002835612,azul,vermelho,aleatoria,empate,0,-1,100,0,0,0.0000,0.1616,2433,0,2433,0
819,1002835612,azul,azul,aleatoria,empate,0,-1,100,0,0,0.0000,0.0700,2287,0,2287,0
820,1448939825,verde,verde,aleatoria,empate,0,-1,100,0,0,0.0000,0.0400,2411,0,2411,0
820,1448939825,verde,vermelho,aleatoria,empate,0,-1,100,30,0,30.0000,0.0700,2328,29,2299,0
820,1448939825,verde,azul,aleatoria,empate,0,-1,100,0,30,0.0000,0.0400,2398,22,2376,0
821,379393432,vermelho,verde,aleatoria,empate,0,-1,100,0,0,0.0000,0.1313,2371,26,2345,0
821,379393432,vermelho,vermelho,aleatoria,empate,0,-1,100,0,0,0.0000,0.0300,2419,0,2419,0
821,379393432,vermelho,azul,aleatoria,empate,0,-1,100,0,0,0.0000,0.0400,2068,22,2046,0
822,2107298103,azul,verde,aleatoria,empate,0,-1,100,0,0,0.0000,0.0505,2202,0,2202,0
822,2107298103,azul,vermelho,aleatoria,empate,0,-1,100,0,0,0.0000,0.0303,2349,1,2348,0
822,2107298103,azul,azul,aleatoria,empate,0,-1,100,0,0,0.0000,0.0000,2159,0,2159,0
823,1528822464,verde,verde,aleatoria,empate,0,-1,100,0,0,0.0000,0.0800,2410,12,2398,0
823,1528822464,verde,vermelho,aleatoria,empate,0,-1,100,0,0,0.0000,0.0100,2420,2,2418,0
823,1528822464,verde,azul,aleatoria,empate,0,-1,100,0,0,0.0000,0.0700,2428,6,2422,0
824,1661114236,vermelho,verde,aleatoria,empate,0,-1,100,0,0,0.0000,0.0000,2377,7,2370,0
824,1661114236,vermelho,vermelho,aleatoria,empate,0,-1,100,0,0,0.0000,0.0600,2114,12,2102,0
824,1661114236,vermelho,azul,aleatoria,empate,0,-1,100,0,0,0.0000,0.0800,2447,0,2447,0
825,900874270,azul,verde,aleatoria,empate,0,-1,100,0,0,0.0000,0.1010,2287,8,2279,0
825,900874270,azul,vermelho,aleatoria,empate,0,-1,100,0,0,0.0000,0.0202,2358,2,2356,0
825,900874270,azul,azul,aleatoria,empate,0,-1,100,0,0,0.0000,0.0300,2238,7,2231,0
826,1705519067,verde,verde,aleatoria,empate,0,-1,100,0,0,0.0000,0.0800,1944,2,1942,0
826,1705519067,verde,vermelho,aleatoria,empate,0,-1,100,10,0,10.0000,0.0000,2456,12,2444,0
826,1705519067,verde,azul,aleatoria,empate,0,-1,100,0,10,0.0000,0.1000,2479,9,2470,0
827,1177791765,vermelho,verde,aleatoria,empate,0,-1,100,0,0,0.0000,0.0606,2052,2,2050,0
827,1177791765,vermelho,vermelho,aleatoria,empate,0,-1,100,0,0,0.0000,0.0800,2460,16,2444,0
827,1177791765,vermelho,azul,aleatoria,empate,0,-1,100,0,0,0.0000,0.0000,2507,16,2491,0
828,704217637,azul,verde,aleatoria,empate,0,-1,100,0,0,0.0000,0.0707,2225,0,2225,0
828,704217637,azul,vermelho,aleatoria,empate,0,-1,100,0,0,0.0000,0.1010,2317,8,2309,0
828,704217637,azul,azul,aleatoria,empate,0,-1,100,0,0,0.0000,0.0000,2363,6,2357,0
829,770907264,verde,verde,aleatoria,empate,0,-1,100,0,30,0.0000,0.0700,2275,18,2257,0
829,770907264,verde,vermelho,aleatoria,empate,0,-1,100,30,0,30.0000,0.0000,2371,13,2358,0
829,770907264,verde,azul,aleatoria,empate,0,-1,100,0,0,0.0000,0.1000,2249,0,2249,0
830,867905328,vermelho,verde,aleatoria,empate,0,-1,100,0,0,0.0000,0.0000,2333,8,2325,0
830,867905328,vermelho,vermelho,aleatoria,empate,0,-1,100,0,0,0.0000,0.1100,2239,5,2234,0
830,867905328,vermelho,azul,aleatoria,empate,0,-1,100,0,0,0.0000,0.1100,2348,4,2344,0
831,1547102212,azul,verde,aleatoria,empate,0,-1,100,0,0,0.0000,0.0000,2431,20,2411,0
831,1547102212,azul,vermelho,aleatoria,empate,0,-1,100,0,0,0.0000,0.0000,2432,5,2427,0
831,1547102212,azul,azul,aleatoria,empate,0,-1,100,0,0,0.0000,0.0300,2422,18,2404,0
832,1427051027,verde,verde,aleatoria,empate,0,-1,100,0,0,0.0000,0.0500,2440,11,2429,0
832,1427051027,verde,vermelho,aleatoria,empate,0,-1,100,0,0,0.0000,0.1100,2291,12,2279,0
832,1427051027,verde,azul,aleatoria,empate,0,-1,100,0,0,0.0000,0.0500,2288,2,2286,0
833,347179498,vermelho,verde,aleatoria,empate,0,-1,100,0,0,0.0000,0.0000,2284,0,2284,0
833,347179498,vermelho,vermelho,aleatoria,empate,0,-1,100,0,0,0.0000,0.0100,2276,0,2276,0
833,347179498,vermelho,azul,aleatoria,empate,0,-1,100,0,0,0.0000,0.0000,2217,1,2216,0
834,1886650417,azul,verde,aleatoria,empate,0,-1,100,0,0,0.0000,0.0404,2336,0,2336,0
834,1886650417,azul,vermelho,aleatoria,empate,0,-1,100,0,0,0.0000,0.0707,2181,0,2181,0
834,1886650417,azul,azul,aleatoria,empate,0,-1,100,0,0,0.0000,0.0000,2378,0,2378,0
835,15777031,verde,verde,aleatoria,empate,0,-1,100,0,0,0.0000,0.0100,2155,11,2144,0
835,15777031,verde,vermelho,aleatoria,empate,0,-1,100,0,0,0.0000,0.0200,2254,11,2243,0
835,15777031,verde,azul,aleatoria,empate,0,-1,100,0,0,0.0000,0.0700,2325,11,2314,0
836,1363852363,vermelho,verde,aleatoria,empate,0,-1,100,0,0,0.0000,0.0000,2163,0,2163,0
836,1363852363,vermelho,vermelho,aleatoria,empate,0,-1,100,0,0,0.0000,0.1200,2412,0,2412,0
836,1363852363,vermelho,azul,aleatoria,empate,0,-1,100,0,0,0.0000,0.0100,2217,0,2217,0
837,1258731941,azul,verde,aleatoria,empate,0,-1,100,0,0,0.0000,0.0101,2214,7,2207,0
837,1258731941,azul,vermelho,aleatoria,empate,0,-1,100,0,0,0.0000,0.1212,2359,12,2347,0
837,1258731941,azul,azul,aleatoria,empate,0,-1,100,0,0,0.0000,0.0900,2258,0,2258,0
838,1494699440,verde,verde,aleatoria,empate,0,-1,100,0,0,0.0000,0.0600,2430,0,2430,0
838,1494699440,verde,vermelho,aleatoria,empate,0,-1,100,0,0,0.0000,0.0200,2414,0,2414,0
838,1494699440,verde,azul,aleatoria,empate,0,-1,100,0,0,0.0000,0.0300,2498,0,2498,0
839,1628579981,vermelho,verde,aleatoria,empate,0,-1,100,0,0,0.0000,0.0202,2476,13,2463,0
839,1628579981,vermelho,vermelho,aleatoria,empate,0,-1,100,0,0,0.0000,0.0000,2353,1,2352,0
839,1628579981,vermelho,azul,aleatoria,empate,0,-1,100,0,0,0.0000,0.1200,2511,13,2498,0
840,250397122,azul,verde,aleatoria,empate,0,-1,100,0,0,0.0000,0.1818,2328,2,2326,0
840,250397122,azul,vermelho,aleatoria,empate,0,-1,100,0,0,0.0000,0.0505,2289,2,2287,0
840,250397122,azul,azul,aleatoria,empate,0,-1,100,0,0,0.0000,0.0600,2346,0,2346,0
841,881510746,verde,verde,aleatoria,empate,0,-1,100,0,0,0.0000,0.0800,2479,10,2469,0
841,881510746,verde,vermelho,aleatoria,empate,0,-1,100,0,0,0.0000,0.0500,2423,7,2416,0
841,881510746,verde,azul,aleatoria,empate,0,-1,100,0,0,0.0000,0.0000,2286,3,2283,0
842,1164238508,vermelho,verde,aleatoria,empate,0,-1,100,0,0,0.0000,0.1212,2361,1,2360,0
842,1164238508,vermelho,vermelho,aleatoria,empate,0,-1,100,0,0,0.0000,0.0900,2346,0,2346,0
842,1164238508,vermelho,azul,aleatoria,empate,0,-1,100,0,0,0.0000,0.0400,2433,0,2433,0
843,1457461325,azul,verde,aleatoria,empate,0,-1,100,0,0,0.0000,0.0707,2425,0,2425,0
843,1457461325,azul,vermelho,aleatoria,empate,0,-1,100,0,0,0.0000,0.0505,2406,16,2390,0
843,1457461325,azul,azul,aleatoria,empate,0,-1,100,0,0,0.0000,0.0900,2270,14,2256,0
844,1551343355,verde,verde,aleatoria,empate,0,-1,100,0,0,0.0000,0.0800,2354,0,2354,0
844,1551343355,verde,vermelho,aleatoria,empate,0,-1,100,0,30,0.0000,0.1200,2265,8,2257,0
844,1551343355,verde,azul,aleatoria,empate,0,-1,100,30,0,30.0000,0.1900,2390,9,2381,0
845,2140318315,vermelho,verde,aleatoria,empate,0,-1,100,0,0,0.0000,0.0404,2351,5,2346,0
845,2140318315,vermelho,vermelho,aleatoria,empate,0,-1,100,0,0,0.0000,0.0300,2228,7,2221,0
845,2140318315,vermelho,azul,aleatoria,empate,0,-1,100,0,0,0.0000,0.0000,2394,0,2394,0
846,2014609842,azul,verde,aleatoria,empate,0,-1,100,0,0,0.0000,0.0606,2192,5,2187,0
846,2014609842,azul,vermelho,aleatoria,empate,0,-1,100,0,0,0.0000,0.1616,2261,13,2248,0
846,2014609842,azul,azul,aleatoria,empate,0,-1,100,0,0,0.0000,0.0500,2430,4,2426,0
847,582212434,verde,verde,aleatoria,empate,0,-1,100,0,0,0.0000,0.0000,2309,12,2297,0
847,582212434,verde,vermelho,aleatoria,empate,0,-1,100,0,0,0.0000,0.0800,2405,16,2389,0
847,582212434,verde,azul,aleatoria,empate,0,-1,100,0,0,0.0000,0.0200,2382,6,2376,0
848,2005396972,vermelho,verde,aleatoria,empate,0,-1,100,0,30,0.0000,0.0101,2196,16,2180,0
848,2005396972,vermelho,vermelho,aleatoria,empate,0,-1,100,30,0,30.0000,0.0800,2294,17,2277,0
848,2005396972,vermelho,azul,aleatoria,empate,0,-1,100,0,0,0.0000,0.0500,2445,2,2443,0
849,396879593,azul,verde,aleatoria,empate,0,-1,100,0,0,0.0000,0.0202,2274,6,2268,0
849,396879593,azul,vermelho,aleatoria,empate,0,-1,100,0,0,0.0000,0.0303,2326,2,2324,0
849,396879593,azul,azul,aleatoria,empate,0,-1,100,0,0,0.0000,0.1400,2289,5,2284,0
850,73218816,verde,verde,aleatoria,empate,0,-1,100,0,0,0.0000,0.1800,2381,13,2368,0
850,73218816,verde,vermelho,aleatoria,empate,0,-1,100,0,0,0.0000,0.0200,2457,9,2448,0
850,73218816,verde,azul,aleatoria,empate,0,-1,100,0,0,0.0000,0.0000,2380,0,2380,0
851,1734867821,vermelho,verde,aleatoria,empate,0,-1,100,0,30,0.0000,0.0000,2398,52,2346,0
851,1734867821,vermelho,vermelho,aleatoria,empate,0,-1,100,30,0,30.0000,0.0600,2219,10,2209,0
851,1734867821,vermelho,azul,aleatoria,empate,0,-1,100,0,0,0.0000,0.0000,2219,27,2192,0
852,532289079,azul,verde,aleatoria,empate,0,-1,100,0,0,0.0000,0.0303,2302,2,2300,0
852,532289079,azul,vermelho,aleatoria,empate,0,-1,100,0,0,0.0000,0.1313,2349,2,2347,0
852,532289079,azul,azul,aleatoria,empate,0,-1,100,0,0,0.0000,0.1600,2298,0,2298,0
853,1631779701,verde,verde,aleatoria,empate,0,-1,100,0,0,0.0000,0.0100,2251,0,2251,0
853,1631779701,verde,vermelho,aleatoria,empate,0,-1,100,0,0,0.0000,0.0800,2318,0,2318,0
853,1631779701,verde,azul,aleatoria,empate,0,-1,100,0,0,0.0000,0.1000,2336,0,2336,0
854,85258658,vermelho,verde,aleatoria,empate,0,-1,100,0,0,0.0000,0.0202,2256,15,2241,0
854,85258658,vermelho,vermelho,aleatoria,empate,0,-1,100,0,0,0.0000,0.0000,2380,13,2367,0
854,85258658,vermelho,azul,aleatoria,empate,0,-1,100,0,0,0.0000,0.1000,2446,0,2446,0
855,942012666,azul,verde,aleatoria,empate,0,-1,100,0,0,0.0000,0.1717,2278,1,2277,0
855,942012666,azul,vermelho,aleatoria,empate,0,-1,100,0,0,0.0000,0.1212,2203,1,2202,0
855,942012666,azul,azul,aleatoria,empate,0,-1,100,0,0,0.0000,0.1200,2318,0,2318,0
856,1074658908,verde,verde,aleatoria,empate,0,-1,100,0,0,0.0000,0.0700,2289,6,2283,0
856,1074658908,verde,vermelho,aleatoria,empate,0,-1,100,0,0,0.0000,0.0000,2315,8,2307,0
856,1074658908,verde,azul,aleatoria,empate,0,-1,100,0,0,0.0000,0.0300,2401,14,2387,0
857,245171136,vermelho,verde,aleatoria,empate,0,-1,100,30,0,30.0000,0.1717,2409,8,2401,0
857,245171136,vermelho,vermelho,aleatoria,empate,0,-1,100,0,0,0.0000,0.1200,2382,4,2378,0
857,245171136,vermelho,azul,aleatoria,empate,0,-1,100,0,30,0.0000,0.0400,2155,2,2153,0
858,2021010886,azul,verde,aleatoria,empate,0,-1,100,0,0,0.0000,0.0000,2460,9,2451,0
858,2021010886,azul,vermelho,aleatoria,empate,0,-1,100,0,0,0.0000,0.0404,2226,0,2226,0
858,2021010886,azul,azul,aleatoria,empate,0,-1,100,0,0,0.0000,0.0200,2403,15,2388,0
859,329362190,verde,verde,aleatoria,empate,0,-1,100,0,30,0.0000,0.0900,2263,1,2262,0
859,329362190,verde,vermelho,aleatoria,empate,0,-1,100,0,0,0.0000,0.0700,2339,0,2339,0
859,329362190,verde,azul,aleatoria,empate,0,-1,100,30,0,30.0000,0.1000,2374,2,2372,0
860,820834749,vermelho,verde,aleatoria,empate,0,-1,100,30,0,30.0000,0.0505,2301,16,2285,0
860,820834749,vermelho,vermelho,aleatoria,empate,0,-1,100,0,0,0.0000,0.0700,2138,0,2138,0
860,820834749,vermelho,azul,aleatoria,empate,0,-1,100,0,30,0.0000,0.0000,2392,25,2367,0
861,1440881829,azul,verde,aleatoria,empate,0,-1,100,0,0,0.0000,0.0404,2410,1,2409,0
861,1440881829,azul,vermelho,aleatoria,empate,0,-1,100,0,0,0.0000,0.1010,2402,20,2382,0
861,1440881829,azul,azul,aleatoria,empate,0,-1,100,0,0,0.0000,0.2000,2494,34,2460,0
862,106408623,verde,verde,aleatoria,empate,0,-1,100,0,0,0.0000,0.1000,2201,7,2194,0
862,106408623,verde,vermelho,aleatoria,empate,0,-1,100,0,0,0.0000,0.0900,2287,0,2287,0
862,106408623,verde,azul,aleatoria,empate,0,-1,100,0,0,0.0000,0.1300,2411,2,2409,0
863,1817240856,vermelho,verde,aleatoria,empate,0,-1,100,0,0,0.0000,0.0101,2425,3,2422,0
863,1817240856,vermelho,vermelho,aleatoria,empate,0,-1,100,0,0,0.0000,0.0000,2033,5,2028,0
863,1817240856,vermelho,azul,aleatoria,empate,0,-1,100,0,0,0.0000,0.0600,2231,4,2227,0
864,1768830967,azul,verde,aleatoria,empate,0,-1,100,0,0,0.0000,0.0808,2352,26,2326,0
864,1768830967,azul,vermelho,aleatoria,empate,0,-1,100,0,0,0.0000,0.0000,2165,0,2165,0
864,1768830967,azul,azul,aleatoria,empate,0,-1,100,0,0,0.0000,0.0700,2393,24,2369,0
865,1437286984,verde,verde,aleatoria,empate,0,-1,100,0,0,0.0000,0.0800,2395,2,2393,0
865,1437286984,verde,vermelho,aleatoria,empate,0,-1,100,0,0,0.0000,0.0400,2322,0,2322,0
865,1437286984,verde,azul,aleatoria,empate,0,-1,100,0,0,0.0000,0.0400,2382,0,2382,0
866,525821035,vermelho,verde,aleatoria,empate,0,-1,100,0,0,0.0000,0.0303,2333,6,2327,0
866,525821035,vermelho,vermelho,aleatoria,empate,0,-1,100,0,0,0.0000,0.0400,2353,22,2331,0
866,525821035,vermelho,azul,aleatoria,empate,0,-1,100,0,0,0.0000,0.0000,2435,12,2423,0
867,797956592,azul,verde,aleatoria,empate,0,-1,100,0,0,0.0000,0.0606,2060,0,2060,0
867,797956592,azul,vermelho,aleatoria,empate,0,-1,100,0,0,0.0000,0.0303,2412,9,2403,0
867,797956592,azul,azul,aleatoria,empate,0,-1,100,0,0,0.0000,0.0500,2329,11,2318,0
868,895959840,verde,verde,aleatoria,empate,0,-1,100,0,0,0.0000,0.0700,2422,9,2413,0
868,895959840,verde,vermelho,aleatoria,empate,0,-1,100,0,0,0.0000,0.0500,2469,0,2469,0
868,895959840,verde,azul,aleatoria,empate,0,-1,100,0,0,0.0000,0.1300,2212,10,2202,0
869,704269707,vermelho,verde,aleatoria,empate,0,-1,100,0,0,0.0000,0.0000,2424,7,2417,0
869,704269707,vermelho,vermelho,aleatoria,empate,0,-1,100,0,0,0.0000,0.0300,2260,8,2252,0
869,704269707,vermelho,azul,aleatoria,empate,0,-1,100,0,0,0.0000,0.1900,2114,2,2112,0
870,1136894587,azul,verde,aleatoria,empate,0,-1,100,0,0,0.0000,0.1010,2288,10,2278,0
870,1136894587,azul,vermelho,aleatoria,empate,0,-1,100,0,0,0.0000,0.0000,2334,18,2316,0
870,1136894587,azul,azul,aleatoria,empate,0,-1,100,0,0,0.0000,0.0000,2295,0,2295,0
871,94009992,verde,verde,aleatoria,empate,0,-1,100,0,0,0.0000,0.0300,2281,21,2260,0
871,94009992,verde,vermelho,aleatoria,empate,0,-1,100,0,0,0.0000,0.0100,2161,17,2144,0
871,94009992,verde,azul,aleatoria,empate,0,-1,100,0,0,0.0000,0.0200,2416,0,2416,0
872,323377721,vermelho,verde,aleatoria,empate,0,-1,100,0,0,0.0000,0.0101,2379,0,2379,0
872,323377721,vermelho,vermelho,aleatoria,empate,0,-1,100,0,0,0.0000,0.0200,2409,0,2409,0
872,323377721,vermelho,azul,aleatoria,empate,0,-1,100,0,0,0.0000,0.0400,2455,0,2455,0
873,1854823995,azul,verde,aleatoria,empate,0,-1,100,0,0,0.0000,0.0000,2060,3,2057,0
873,1854823995,azul,vermelho,aleatoria,empate,0,-1,100,0,0,0.0000,0.0303,2291,0,2291,0
873,1854823995,azul,azul,aleatoria,empate,0,-1,100,0,0,0.0000,0.0200,2240,12,2228,0
874,1320851921,verde,verde,aleatoria,empate,0,-1,100,0,0,0.0000,0.0000,2426,13,2413,0
874,1320851921,verde,vermelho,aleatoria,empate,0,-1,100,0,0,0.0000,0.0300,2333,3,2330,0
874,1320851921,verde,azul,aleatoria,empate,0,-1,100,0,0,0.0000,0.0500,2286,10,2276,0
875,53599161,vermelho,verde,aleatoria,empate,0,-1,100,0,0,0.0000,0.0101,2387,6,2381,0
875,53599161,vermelho,vermelho,aleatoria,empate,0,-1,100,0,0,0.0000,0.0200,2458,0,2458,0
875,53599161,vermelho,azul,aleatoria,empate,0,-1,100,0,0,0.0000,0.0700,2377,10,2367,0
876,1714789643,azul,verde,aleatoria,empate,0,-1,100,0,0,0.0000,0.0101,2345,0,2345,0
876,1714789643,azul,vermelho,aleatoria,empate,0,-1,100,0,0,0.0000,0.0101,2280,0,2280,0
876,1714789643,azul,azul,aleatoria,empate,0,-1,100,0,0,0.0000,0.0200,2290,0,2290,0
877,2001167285,verde,verde,aleatoria,empate,0,-1,100,0,0,0.0000,0.1100,2284,0,2284,0
877,2001167285,verde,vermelho,aleatoria,empate,0,-1,100,0,0,0.0000,0.0200,2319,1,2318,0
877,2001167285,verde,azul,aleatoria,empate,0,-1,100,0,0,0.0000,0.0200,2110,4,2106,0
878,236604881,vermelho,verde,aleatoria,empate,0,-1,100,0,0,0.0000,0.0202,2426,10,2416,0
878,236604881,vermelho,vermelho,aleatoria,empate,0,-1,100,0,0,0.0000,0.0600,2207,15,2192,0
878,236604881,vermelho,azul,aleatoria,empate,0,-1,100,0,0,0.0000,0.0200,2347,22,2325,0
879,836176005,azul,verde,aleatoria,empate,0,-1,100,0,0,0.0000,0.1919,2180,0,2180,0
879,836176005,azul,vermelho,aleatoria,empate,0,-1,100,0,0,0.0000,0.0101,2379,3,2376,0
879,836176005,azul,azul,aleatoria,empate,0,-1,100,0,0,0.0000,0.0000,2391,2,2389,0
880,1096791990,verde,verde,aleatoria,empate,0,-1,100,0,0,0.0000,0.0600,2198,0,2198,0
880,1096791990,verde,vermelho,aleatoria,empate,0,-1,100,0,0,0.0000,0.0000,2357,5,2352,0
880,1096791990,verde,azul,aleatoria,empate,0,-1,100,0,0,0.0000,0.0300,2239,5,2234,0
881,1331799799,vermelho,verde,aleatoria,empate,0,-1,100,0,0,0.0000,0.0505,2132,9,2123,0
881,1331799799,vermelho,vermelho,aleatoria,empate,0,-1,100,0,0,0.0000,0.0200,2388,0,2388,0
881,1331799799,vermelho,azul,aleatoria,empate,0,-1,100,0,0,0.0000,0.0600,2394,10,2384,0
882,237640937,azul,verde,aleatoria,empate,0,-1,100,30,0,30.0000,0.0101,2223,23,2200,0
882,237640937,azul,vermelho,aleatoria,empate,0,-1,100,0,0,0.0000,0.0505,2147,0,2147,0
882,237640937,azul,azul,aleatoria,empate,0,-1,100,0,30,0.0000,0.0100,2358,42,2316,0
883,1455511300,verde,verde,aleatoria,empate,0,-1,100,0,0,0.0000,0.1300,2132,1,2131,0
883,1455511300,verde,vermelho,aleatoria,empate,0,-1,100,0,0,0.0000,0.0700,2330,8,2322,0
883,1455511300,verde,azul,aleatoria,empate,0,-1,100,0,0,0.0000,0.0100,2381,12,2369,0
884,1910967048,vermelho,verde,aleatoria,empate,0,-1,100,0,0,0.0000,0.0000,2261,16,2245,0
884,1910967048,vermelho,vermelho,aleatoria,empate,0,-1,100,0,0,0.0000,0.1100,2376,10,2366,0
884,1910967048,vermelho,azul,aleatoria,empate,0,-1,100,0,0,0.0000,0.0000,2240,0,2240,0
885,1277800770,azul,verde,aleatoria,empate,0,-1,100,0,0,0.0000,0.0808,2091,7,2084,0
885,1277800770,azul,vermelho,aleatoria,empate,0,-1,100,0,0,0.0000,0.0101,2191,9,2182,0
885,1277800770,azul,azul,aleatoria,empate,0,-1,100,0,0,0.0000,0.0300,2384,0,2384,0
886,695659536,verde,verde,aleatoria,empate,0,-1,100,0,0,0.0000,0.0500,2295,3,2292,0
886,695659536,verde,vermelho,aleatoria,empate,0,-1,100,0,0,0.0000,0.0800,2339,4,2335,0
886,695659536,verde,azul,aleatoria,empate,0,-1,100,0,0,0.0000,0.0600,2301,7,2294,0
887,2127157764,vermelho,verde,aleatoria,empate,0,-1,100,0,0,0.0000,0.0202,2162,0,2162,0
887,2127157764,vermelho,vermelho,aleatoria,empate,0,-1,100,0,0,0.0000,0.0200,2446,1,2445,0
887,2127157764,vermelho,azul,aleatoria,empate,0,-1,100,0,0,0.0000,0.0200,2161,4,2157,0
888,249328386,azul,verde,aleatoria,empate,0,-1,100,0,0,0.0000,0.0000,2253,0,2253,0
888,249328386,azul,vermelho,aleatoria,empate,0,-1,100,0,30,0.0000,0.0000,2489,20,2469,0
888,249328386,azul,azul,aleatoria,empate,0,-1,100,30,0,30.0000,0.0400,2460,27,2433,0
889,832162818,verde,verde,aleatoria,empate,0,-1,100,0,0,0.0000,0.1100,2271,0,2271,0
889,832162818,verde,vermelho,aleatoria,empate,0,-1,100,0,0,0.0000,0.0900,2373,0,2373,0
889,832162818,verde,azul,aleatoria,empate,0,-1,100,0,0,0.0000,0.0000,2249,0,2249,0
890,649770543,vermelho,verde,aleatoria,empate,0,-1,100,0,0,0.0000,0.0202,2381,14,2367,0
890,649770543,vermelho,vermelho,aleatoria,empate,0,-1,100,0,0,0.0000,0.0300,2441,19,2422,0
890,649770543,vermelho,azul,aleatoria,empate,0,-1,100,0,0,0.0000,0.0100,1966,0,1966,0
891,1075216718,azul,verde,aleatoria,empate,0,-1,100,0,0,0.0000,0.0303,2162,0,2162,0
891,1075216718,azul,vermelho,aleatoria,empate,0,-1,100,0,0,0.0000,0.0202,2299,0,2299,0
891,1075216718,azul,azul,aleatoria,empate,0,-1,100,0,0,0.0000,0.0000,1862,0,1862,0
892,1401413882,verde,verde,aleatoria,empate,0,-1,100,0,0,0.0000,0.0300,2344,2,2342,0
892,1401413882,verde,vermelho,aleatoria,empate,0,-1,100,0,0,0.0000,0.0100,2428,10,2418,0
892,1401413882,verde,azul,aleatoria,empate,0,-1,100,0,0,0.0000,0.0200,2415,10,2405,0
893,1914617522,vermelho,verde,aleatoria,empate,0,-1,100,0,0,0.0000,0.0303,2378,0,2378,0
893,1914617522,vermelho,vermelho,aleatoria,empate,0,-1,100,0,0,0.0000,0.0100,2413,3,2410,0
893,1914617522,vermelho,azul,aleatoria,empate,0,-1,100,0,0,0.0000,0.1200,2380,7,2373,0
894,1396172170,azul,verde,aleatoria,empate,0,-1,100,0,0,0.0000,0.0707,2383,1,2382,0
894,1396172170,azul,vermelho,aleatoria,empate,0,-1,100,0,0,0.0000,0.1212,2310,3,2307,0
894,1396172170,azul,azul,aleatoria,empate,0,-1,100,0,0,0.0000,0.0200,2170,2,2168,0
895,147524269,verde,verde,aleatoria,empate,0,-1,100,0,0,0.0000,0.0000,2402,0,2402,0
895,147524269,verde,vermelho,aleatoria,empate,0,-1,100,0,0,0.0000,0.1200,2478,14,2464,0
895,147524269,verde,azul,aleatoria,empate,0,-1,100,0,0,0.0000,0.0400,2325,15,2310,0
896,88215447,vermelho,verde,aleatoria,empate,0,-1,100,0,0,0.0000,0.0202,2275,9,2266,0
896,88215447,vermelho,vermelho,aleatoria,empate,0,-1,100,0,0,0.0000,0.0500,2487,14,2473,0
896,88215447,vermelho,azul,aleatoria,empate,0,-1,100,0,0,0.0000,0.0000,2359,0,2359,0
897,1935253783,azul,verde,aleatoria,empate,0,-1,100,0,0,0.0000,0.1010,2246,0,2246,0
897,1935253783,azul,vermelho,aleatoria,empate,0,-1,100,0,0,0.0000,0.1313,2417,6,2411,0
897,1935253783,azul,azul,aleatoria,empate,0,-1,100,0,0,0.0000,0.0000,2181,6,2175,0
898,1096714693,verde,verde,aleatoria,empate,0,-1,100,0,0,0.0000,0.0500,2178,1,2177,0
898,1096714693,verde,vermelho,aleatoria,empate,0,-1,100,0,0,0.0000,0.0800,2354,0,2354,0
898,1096714693,verde,azul,aleatoria,empate,0,-1,100,0,0,0.0000,0.0200,2354,0,2354,0
899,1895563606,vermelho,verde,aleatoria,empate,0,-1,100,0,0,0.0000,0.0505,2343,2,2341,0
899,1895563606,vermelho,vermelho,aleatoria,empate,0,-1,100,0,0,0.0000,0.0500,2343,2,2341,0
899,1895563606,vermelho,azul,aleatoria,empate,0,-1,100,0,0,0.0000,0.1200,2356,1,2355,0
900,767593850,azul,verde,aleatoria,empate,0,-1,100,0,0,0.0000,0.0808,2303,0,2303,0
900,767593850,azul,vermelho,aleatoria,empate,0,-1,100,0,0,0.0000,0.0000,2245,0,2245,0
900,767593850,azul,azul,aleatoria,empate,0,-1,100,0,0,0.0000,0.0700,2155,0,2155,0
901,1987371659,verde,verde,aleatoria,empate,0,-1,100,0,0,0.0000,0.1500,2161,0,2161,0
901,1987371659,verde,vermelho,aleatoria,empate,0,-1,100,0,0,0.0000,0.0300,2250,0,2250,0
901,1987371659,verde,azul,aleatoria,empate,0,-1,100,0,0,0.0000,0.0200,2135,0,2135,0
902,27872805,vermelho,verde,aleatoria,empate,0,-1,100,0,0,0.0000,0.0303,2222,0,2222,0
902,27872805,vermelho,vermelho,aleatoria,empate,0,-1,100,0,0,0.0000,0.0600,2285,11,2274,0
902,27872805,vermelho,azul,aleatoria,empate,0,-1,100,0,0,0.0000,0.0400,2480,19,2461,0
903,1123407133,azul,verde,aleatoria,empate,0,-1,100,0,0,0.0000,0.1414,2271,0,2271,0
903,1123407133,azul,vermelho,aleatoria,empate,0,-1,100,0,0,0.0000,0.0000,2204,0,2204,0
903,1123407133,azul,azul,aleatoria,empate,0,-1,100,0,0,0.0000,0.0900,2281,0,2281,0
904,1876146646,verde,verde,aleatoria,empate,0,-1,100,0,0,0.0000,0.1200,2255,15,2240,0
904,1876146646,verde,vermelho,aleatoria,empate,0,-1,100,0,0,0.0000,0.0700,2344,16,2328,0
904,1876146646,verde,azul,aleatoria,empate,0,-1,100,0,0,0.0000,0.0200,2393,0,2393,0
905,1941871429,vermelho,verde,aleatoria,empate,0,-1,100,0,0,0.0000,0.0000,2202,3,2199,0
905,1941871429,vermelho,vermelho,aleatoria,empate,0,-1,100,0,0,0.0000,0.0100,2396,0,2396,0
905,1941871429,vermelho,azul,aleatoria,empate,0,-1,100,0,0,0.0000,0.1000,2397,5,2392,0
906,562041356,azul,verde,aleatoria,empate,0,-1,100,0,0,0.0000,0.1010,2413,19,2394,0
906,562041356,azul,vermelho,aleatoria,empate,0,-1,100,0,0,0.0000,0.0303,2426,35,2391,0
906,562041356,azul,azul,aleatoria,empate,0,-1,100,0,0,0.0000,0.0800,2309,11,2298,0
907,1137382925,verde,verde,aleatoria,empate,0,-1,100,0,0,0.0000,0.0000,2178,0,2178,0
907,1137382925,verde,vermelho,aleatoria,empate,0,-1,100,0,0,0.0000,0.0400,2393,0,2393,0
907,1137382925,verde,azul,aleatoria,empate,0,-1,100,0,0,0.0000,0.0100,2121,0,2121,0
908,44253473,vermelho,verde,aleatoria,empate,0,-1,100,0,0,0.0000,0.0707,2347,2,2345,0
908,44253473,vermelho,vermelho,aleatoria,empate,0,-1,100,0,0,0.0000,0.0200,2341,2,2339,0
908,44253473,vermelho,azul,aleatoria,empate,0,-1,100,0,0,0.0000,0.0100,2190,0,2190,0
909,1560650065,azul,verde,aleatoria,empate,0,-1,100,0,0,0.0000,0.0909,2219,0,2219,0
909,1560650065,azul,vermelho,aleatoria,empate,0,-1,100,0,0,0.0000,0.0000,2319,7,2312,0
909,1560650065,azul,azul,aleatoria,empate,0,-1,100,0,0,0.0000,0.0200,2373,5,2368,0
910,412950855,verde,verde,aleatoria,empate,0,-1,100,0,0,0.0000,0.0500,2434,16,2418,0
910,412950855,verde,vermelho,aleatoria,empate,0,-1,100,0,0,0.0000,0.1100,2438,13,2425,0
910,412950855,verde,azul,aleatoria,empate,0,-1,100,0,0,0.0000,0.0000,2301,0,2301,0
911,607510251,vermelho,verde,aleatoria,empate,0,-1,100,0,0,0.0000,0.0000,2294,4,2290,0
911,607510251,vermelho,vermelho,aleatoria,empate,0,-1,100,0,0,0.0000,0.0700,2450,10,2440,0
911,607510251,vermelho,azul,aleatoria,empate,0,-1,100,0,0,0.0000,0.0200,2453,10,2443,0
912,1238126236,azul,verde,aleatoria,empate,0,-1,100,0,0,0.0000,0.0303,2355,10,2345,0
912,1238126236,azul,vermelho,aleatoria,empate,0,-1,100,0,0,0.0000,0.0707,2363,0,2363,0
912,1238126236,azul,azul,aleatoria,empate,0,-1,100,0,0,0.0000,0.0200,2478,12,2466,0
913,1121641946,verde,verde,aleatoria,empate,0,-1,100,0,0,0.0000,0.0800,2342,0,2342,0
913,1121641946,verde,vermelho,aleatoria,empate,0,-1,100,0,0,0.0000,0.0200,2209,0,2209,0
913,1121641946,verde,azul,aleatoria,empate,0,-1,100,0,0,0.0000,0.1100,2237,0,2237,0
914,420667202,vermelho,verde,aleatoria,empate,0,-1,100,0,0,0.0000,0.1616,2279,0,2279,0
914,420667202,vermelho,vermelho,aleatoria,empate,0,-1,100,0,0,0.0000,0.0800,2450,0,2450,0
914,420667202,vermelho,azul,aleatoria,empate,0,-1,100,0,0,0.0000,0.0200,2300,0,2300,0
915,1568625357,azul,verde,aleatoria,empate,0,-1,100,0,0,0.0000,0.0202,2377,11,2366,0
915,1568625357,azul,vermelho,aleatoria,empate,0,-1,100,0,0,0.0000,0.0000,2288,15,2273,0
915,1568625357,azul,azul,aleatoria,empate,0,-1,100,0,0,0.0000,0.1000,2513,30,2483,0
916,988698174,verde,verde,aleatoria,empate,0,-1,100,0,0,0.0000,0.0700,2414,0,2414,0
916,988698174,verde,vermelho,aleatoria,empate,0,-1,100,0,0,0.0000,0.0000,2247,0,2247,0
916,988698174,verde,azul,aleatoria,empate,0,-1,100,0,0,0.0000,0.0000,2056,0,2056,0
917,1920469873,vermelho,verde,aleatoria,empate,0,-1,100,0,0,0.0000,0.0000,2464,36,2428,0
917,1920469873,vermelho,vermelho,aleatoria,empate,0,-1,100,0,0,0.0000,0.0600,2501,36,2465,0
917,1920469873,vermelho,azul,aleatoria,empate,0,-1,100,0,0,0.0000,0.0500,2404,32,2372,0
918,427165887,azul,verde,aleatoria,empate,0,-1,100,0,0,0.0000,0.0404,2400,6,2394,0
918,427165887,azul,vermelho,aleatoria,empate,0,-1,100,0,0,0.0000,0.0202,2366,11,2355,0
918,427165887,azul,azul,aleatoria,empate,0,-1,100,0,0,0.0000,0.1200,2363,2,2361,0
919,1734036530,verde,verde,aleatoria,empate,0,-1,100,30,0,30.0000,0.0500,2400,17,2383,0
919,1734036530,verde,vermelho,aleatoria,empate,0,-1,100,0,30,0.0000,0.0600,2378,16,2362,0
919,1734036530,verde,azul,aleatoria,empate,0,-1,100,0,0,0.0000,0.0100,2287,0,2287,0
920,1207230511,vermelho,verde,aleatoria,empate,0,-1,100,0,0,0.0000,0.0404,2243,24,2219,0
920,1207230511,vermelho,vermelho,aleatoria,empate,0,-1,100,0,0,0.0000,0.0500,2461,22,2439,0
920,1207230511,vermelho,azul,aleatoria,empate,0,-1,100,0,0,0.0000,0.0500,2462,0,2462,0
921,107751489,azul,verde,aleatoria,empate,0,-1,100,0,0,0.0000,0.0202,2370,0,2370,0
921,107751489,azul,vermelho,aleatoria,empate,0,-1,100,0,0,0.0000,0.0101,2143,0,2143,0
921,107751489,azul,azul,aleatoria,empate,0,-1,100,0,0,0.0000,0.0100,2221,1,2220,0
922,66732485,verde,verde,aleatoria,empate,0,-1,100,0,0,0.0000,0.0600,2425,6,2419,0
922,66732485,verde,vermelho,aleatoria,empate,0,-1,100,0,0,0.0000,0.0000,2376,4,2372,0
922,66732485,verde,azul,aleatoria,empate,0,-1,100,0,0,0.0000,0.0000,2268,12,2256,0
923,18312935,vermelho,verde,aleatoria,empate,0,-1,100,0,0,0.0000,0.1212,2400,1,2399,0
923,18312935,vermelho,vermelho,aleatoria,empate,0,-1,100,0,0,0.0000,0.0400,2479,1,2478,0
923,18312935,vermelho,azul,aleatoria,empate,0,-1,100,0,0,0.0000,0.0100,2149,0,2149,0
924,1367906468,azul,verde,aleatoria,empate,0,-1,100,0,0,0.0000,0.1010,2385,0,2385,0
924,1367906468,azul,vermelho,aleatoria,empate,0,-1,100,0,0,0.0000,0.0404,2462,14,2448,0
924,1367906468,azul,azul,aleatoria,empate,0,-1,100,0,0,0.0000,0.1100,2424,17,2407,0
925,1533422519,verde,verde,aleatoria,empate,0,-1,100,0,0,0.0000,0.0000,1943,10,1933,0
925,1533422519,verde,vermelho,aleatoria,empate,0,-1,100,0,0,0.0000,0.0500,2493,10,2483,0
925,1533422519,verde,azul,aleatoria,empate,0,-1,100,0,0,0.0000,0.0400,2402,0,2402,0
926,372069853,vermelho,verde,aleatoria,empate,0,-1,100,0,0,0.0000,0.0606,2274,10,2264,0
926,372069853,vermelho,vermelho,aleatoria,empate,0,-1,100,0,0,0.0000,0.1800,2255,0,2255,0
926,372069853,vermelho,azul,aleatoria,empate,0,-1,100,0,0,0.0000,0.0000,2232,4,2228,0
927,778134302,azul,verde,aleatoria,empate,0,-1,100,0,0,0.0000,0.0202,2326,0,2326,0
927,778134302,azul,vermelho,aleatoria,empate,0,-1,100,0,0,0.0000,0.0000,2227,1,2226,0
927,778134302,azul,azul,aleatoria,empate,0,-1,100,0,0,0.0000,0.0000,2241,0,2241,0
928,1831905812,verde,verde,aleatoria,empate,0,-1,100,0,0,0.0000,0.0000,2343,9,2334,0
928,1831905812,verde,vermelho,aleatoria,empate,0,-1,100,0,0,0.0000,0.0200,2507,21,2486,0
928,1831905812,verde,azul,aleatoria,empate,0,-1,100,0,0,0.0000,0.0000,2239,17,2222,0
929,991318533,vermelho,verde,aleatoria,empate,0,-1,100,0,0,0.0000,0.0808,2354,3,2351,0
929,991318533,vermelho,vermelho,aleatoria,empate,0,-1,100,0,0,0.0000,0.1000,2405,1,2404,0
929,991318533,vermelho,azul,aleatoria,empate,0,-1,100,0,0,0.0000,0.0500,2371,0,2371,0
930,1706283989,azul,verde,aleatoria,empate,0,-1,100,0,0,0.0000,0.0000,2078,0,2078,0
930,1706283989,azul,vermelho,aleatoria,empate,0,-1,100,0,0,0.0000,0.0000,2318,0,2318,0
930,1706283989,azul,azul,aleatoria,empate,0,-1,100,0,0,0.0000,0.0500,2171,0,2171,0
931,1594119628,verde,verde,aleatoria,empate,0,-1,100,0,0,0.0000,0.0000,2393,0,2393,0
931,1594119628,verde,vermelho,aleatoria,empate,0,-1,100,0,0,0.0000,0.0500,2472,1,2471,0
931,1594119628,verde,azul,aleatoria,empate,0,-1,100,0,0,0.0000,0.1100,2142,5,2137,0
932,1114523884,vermelho,verde,aleatoria,empate,0,-1,100,0,0,0.0000,0.0202,2459,0,2459,0
932,1114523884,vermelho,vermelho,aleatoria,empate,0,-1,100,0,0,0.0000,0.1000,2270,0,2270,0
932,1114523884,vermelho,azul,aleatoria,empate,0,-1,100,0,0,0.0000,0.0000,2307,0,2307,0
933,422079920,azul,verde,aleatoria,empate,0,-1,100,0,30,0.0000,0.0303,2319,11,2308,0
933,422079920,azul,vermelho,aleatoria,empate,0,-1,100,0,0,0.0000,0.0707,2420,7,2413,0
933,422079920,azul,azul,aleatoria,empate,0,-1,100,30,0,30.0000,0.0000,2355,8,2347,0
934,1042459231,verde,verde,aleatoria,empate,0,-1,100,0,0,0.0000,0.0100,2412,0,2412,0
934,1042459231,verde,vermelho,aleatoria,empate,0,-1,100,0,0,0.0000,0.0000,2248,0,2248,0
934,1042459231,verde,azul,aleatoria,empate,0,-1,100,0,0,0.0000,0.0100,2409,0,2409,0
935,712723097,vermelho,verde,aleatoria,empate,0,-1,100,0,0,0.0000,0.0000,2289,1,2288,0
935,712723097,vermelho,vermelho,aleatoria,empate,0,-1,100,0,0,0.0000,0.1400,2263,0,2263,0
935,712723097,vermelho,azul,aleatoria,empate,0,-1,100,0,0,0.0000,0.1400,2225,0,2225,0
936,1168590347,azul,verde,aleatoria,empate,0,-1,100,0,0,0.0000,0.0000,2219,0,2219,0
936,1168590347,azul,vermelho,aleatoria,empate,0,-1,100,0,0,0.0000,0.0303,2225,0,2225,0
936,1168590347,azul,azul,aleatoria,empate,0,-1,100,0,0,0.0000,0.0100,2358,0,2358,0
937,1071684288,verde,verde,aleatoria,empate,0,-1,100,0,0,0.0000,0.1200,2384,1,2383,0
937,1071684288,verde,vermelho,aleatoria,empate,0,-1,100,0,0,0.0000,0.0000,2187,0,2187,0
937,1071684288,verde,azul,aleatoria,empate,0,-1,100,0,0,0.0000,0.0400,2443,2,2441,0
938,538693465,vermelho,verde,aleatoria,empate,0,-1,100,0,0,0.0000,0.0000,2225,0,2225,0
938,538693465,vermelho,vermelho,aleatoria,empate,0,-1,100,0,0,0.0000,0.0000,2278,0,2278,0
938,538693465,vermelho,azul,aleatoria,empate,0,-1,100,0,0,0.0000,0.0000,2363,4,2359,0
939,1540251139,azul,verde,aleatoria,empate,0,-1,100,0,0,0.0000,0.1111,2374,0,2374,0
939,1540251139,azul,vermelho,aleatoria,empate,0,-1,100,0,0,0.0000,0.0707,2293,0,2293,0
939,1540251139,azul,azul,aleatoria,empate,0,-1,100,0,0,0.0000,0.0100,2037,0,2037,0
940,1431387882,verde,verde,aleatoria,empate,0,-1,100,0,0,0.0000,0.0000,2388,8,2380,0
940,1431387882,verde,vermelho,aleatoria,empate,0,-1,100,0,0,0.0000,0.0600,2484,10,2474,0
940,1431387882,verde,azul,aleatoria,empate,0,-1,100,0,0,0.0000,0.0700,2261,15,2246,0
941,1385593444,vermelho,verde,aleatoria,empate,0,-1,100,0,0,0.0000,0.0101,2220,3,2217,0
941,1385593444,vermelho,vermelho,aleatoria,empate,0,-1,100,0,0,0.0000,0.0000,2390,5,2385,0
941,1385593444,vermelho,azul,aleatoria,empate,0,-1,100,0,0,0.0000,0.1000,2309,3,2306,0
942,602949509,azul,verde,aleatoria,empate,0,-1,100,0,0,0.0000,0.0000,2337,0,2337,0
942,602949509,azul,vermelho,aleatoria,empate,0,-1,100,0,0,0.0000,0.0303,2184,0,2184,0
942,602949509,azul,azul,aleatoria,empate,0,-1,100,0,0,0.0000,0.0700,2116,0,2116,0
943,129881148,verde,verde,aleatoria,empate,0,-1,100,30,0,30.0000,0.0500,2389,17,2372,0
943,129881148,verde,vermelho,aleatoria,empate,0,-1,100,0,30,0.0000,0.0200,2383,14,2369,0
943,129881148,verde,azul,aleatoria,empate,0,-1,100,0,0,0.0000,0.1100,2271,0,2271,0
944,988129515,vermelho,verde,aleatoria,empate,0,-1,100,0,0,0.0000,0.0505,2481,10,2471,0
944,988129515,vermelho,vermelho,aleatoria,empate,0,-1,100,0,0,0.0000,0.0200,2416,0,2416,0
944,988129515,vermelho,azul,aleatoria,empate,0,-1,100,0,0,0.0000,0.1200,2432,12,2420,0
945,240535048,azul,verde,aleatoria,empate,0,-1,100,0,0,0.0000,0.0101,2231,0,2231,0
945,240535048,azul,vermelho,aleatoria,empate,0,-1,100,0,0,0.0000,0.0404,2161,0,2161,0
945,240535048,azul,azul,aleatoria,empate,0,-1,100,0,0,0.0000,0.1700,2443,2,2441,0
946,1570706326,verde,verde,aleatoria,empate,0,-1,100,0,0,0.0000,0.0500,2257,0,2257,0
946,1570706326,verde,vermelho,aleatoria,empate,0,-1,100,0,0,0.0000,0.0400,2433,4,2429,0
946,1570706326,verde,azul,aleatoria,empate,0,-1,100,0,0,0.0000,0.0100,2307,5,2302,0
947,507421364,vermelho,verde,aleatoria,empate,0,-1,100,0,0,0.0000,0.0000,2327,5,2322,0
947,507421364,vermelho,vermelho,aleatoria,empate,0,-1,100,0,0,0.0000,0.0200,2380,25,2355,0
947,507421364,vermelho,azul,aleatoria,empate,0,-1,100,0,0,0.0000,0.0500,2325,11,2314,0
948,1685667609,azul,verde,aleatoria,empate,0,-1,100,0,0,0.0000,0.1818,2082,0,2082,0
948,1685667609,azul,vermelho,aleatoria,empate,0,-1,100,0,0,0.0000,0.0000,2092,0,2092,0
948,1685667609,azul,azul,aleatoria,empate,0,-1,100,0,0,0.0000,0.0000,2139,3,2136,0
949,705769209,verde,verde,aleatoria,empate,0,-1,100,0,0,0.0000,0.0700,2363,7,2356,0
949,705769209,verde,vermelho,aleatoria,empate,0,-1,100,0,0,0.0000,0.0500,2365,5,2360,0
949,705769209,verde,azul,aleatoria,empate,0,-1,100,0,0,0.0000,0.0000,2362,0,2362,0
950,504911631,vermelho,verde,aleatoria,empate,0,-1,100,0,0,0.0000,0.0202,2284,0,2284,0
950,504911631,vermelho,vermelho,aleatoria,empate,0,-1,100,0,0,0.0000,0.0900,2339,1,2338,0
950,504911631,vermelho,azul,aleatoria,empate,0,-1,100,0,0,0.0000,0.0500,2319,2,2317,0
951,797430198,azul,verde,aleatoria,empate,0,-1,100,0,0,0.0000,0.0909,2367,10,2357,0
951,797430198,azul,vermelho,aleatoria,empate,0,-1,100,0,0,0.0000,0.1111,2256,15,2241,0
951,797430198,azul,azul,aleatoria,empate,0,-1,100,0,0,0.0000,0.0900,2452,19,2433,0
952,1256198830,verde,verde,aleatoria,empate,0,-1,100,0,0,0.0000,0.0500,2342,5,2337,0
952,1256198830,verde,vermelho,aleatoria,empate,0,-1,100,0,0,0.0000,0.0600,2433,2,2431,0
952,1256198830,verde,azul,aleatoria,empate,0,-1,100,0,0,0.0000,0.0300,2097,0,2097,0
953,1625466238,vermelho,verde,aleatoria,empate,0,-1,100,0,0,0.0000,0.0909,2381,4,2377,0
953,1625466238,vermelho,vermelho,aleatoria,empate,0,-1,100,0,0,0.0000,0.0200,2323,10,2313,0
953,1625466238,vermelho,azul,aleatoria,empate,0,-1,100,0,0,0.0000,0.0500,2445,8,2437,0
954,270764059,azul,verde,aleatoria,empate,0,-1,100,0,0,0.0000,0.0000,2128,0,2128,0
954,270764059,azul,vermelho,aleatoria,empate,0,-1,100,0,0,0.0000,0.0000,2326,3,2323,0
954,270764059,azul,azul,aleatoria,empate,0,-1,100,0,0,0.0000,0.0000,2309,6,2303,0
955,466416347,verde,verde,aleatoria,empate,0,-1,100,0,0,0.0000,0.1100,2230,0,2230,0
955,466416347,verde,vermelho,aleatoria,empate,0,-1,100,0,0,0.0000,0.0200,2419,0,2419,0
955,466416347,verde,azul,aleatoria,empate,0,-1,100,0,0,0.0000,0.0400,2120,0,2120,0
956,164930889,vermelho,verde,aleatoria,empate,0,-1,100,0,0,0.0000,0.0000,2415,13,2402,0
956,164930889,vermelho,vermelho,aleatoria,empate,0,-1,100,0,0,0.0000,0.0200,2299,10,2289,0
956,164930889,vermelho,azul,aleatoria,empate,0,-1,100,0,0,0.0000,0.0000,2280,0,2280,0
957,657063490,azul,verde,aleatoria,empate,0,-1,100,0,0,0.0000,0.0606,2456,16,2440,0
957,657063490,azul,vermelho,aleatoria,empate,0,-1,100,0,0,0.0000,0.0303,2423,0,2423,0
957,657063490,azul,azul,aleatoria,empate,0,-1,100,0,0,0.0000,0.1200,2508,10,2498,0
958,925743247,verde,verde,aleatoria,empate,0,-1,100,30,0,30.0000,0.0900,2477,22,2455,0
958,925743247,verde,vermelho,aleatoria,empate,0,-1,100,0,0,0.0000,0.0000,2255,0,2255,0
958,925743247,verde,azul,aleatoria,empate,0,-1,100,0,30,0.0000,0.1400,2417,21,2396,0
959,1712549161,vermelho,verde,aleatoria,empate,0,-1,100,0,0,0.0000,0.0404,2474,14,2460,0
959,1712549161,vermelho,vermelho,aleatoria,empate,0,-1,100,0,0,0.0000,0.0500,2387,15,2372,0
959,1712549161,vermelho,azul,aleatoria,empate,0,-1,100,0,0,0.0000,0.0100,2329,1,2328,0
960,1225043013,azul,verde,aleatoria,empate,0,-1,100,0,0,0.0000,0.0404,2342,11,2331,0
960,1225043013,azul,vermelho,aleatoria,empate,0,-1,100,0,0,0.0000,0.0505,2393,16,2377,0
960,1225043013,azul,azul,aleatoria,empate,0,-1,100,0,0,0.0000,0.0100,2462,2,2460,0
961,941576731,verde,verde,aleatoria,empate,0,-1,100,0,0,0.0000,0.0700,2332,0,2332,0
961,941576731,verde,vermelho,aleatoria,empate,0,-1,100,0,0,0.0000,0.0800,2437,0,2437,0
961,941576731,verde,azul,aleatoria,empate,0,-1,100,0,0,0.0000,0.0400,2493,0,2493,0
962,1506476993,vermelho,verde,aleatoria,empate,0,-1,100,0,0,0.0000,0.0101,2389,3,2386,0
962,1506476993,vermelho,vermelho,aleatoria,empate,0,-1,100,0,0,0.0000,0.0700,2285,1,2284,0
962,1506476993,vermelho,azul,aleatoria,empate,0,-1,100,0,0,0.0000,0.0700,2209,7,2202,0
963,1059674389,azul,verde,aleatoria,empate,0,-1,100,0,0,0.0000,0.0000,2293,2,2291,0
963,1059674389,azul,vermelho,aleatoria,empate,0,-1,100,0,0,0.0000,0.0606,2334,1,2333,0
963,1059674389,azul,azul,aleatoria,empate,0,-1,100,0,0,0.0000,0.0100,2407,5,2402,0
964,629443526,verde,verde,aleatoria,empate,0,-1,100,0,0,0.0000,0.0200,2341,0,2341,0
964,629443526,verde,vermelho,aleatoria,empate,0,-1,100,30,30,1.0000,0.0000,2345,23,2322,0
964,629443526,verde,azul,aleatoria,empate,0,-1,100,30,30,1.0000,0.0300,2331,23,2308,0
965,1269805790,vermelho,verde,aleatoria,empate,0,-1,100,0,0,0.0000,0.0101,2181,6,2175,0
965,1269805790,vermelho,vermelho,aleatoria,empate,0,-1,100,0,0,0.0000,0.0700,2335,0,2335,0
965,1269805790,vermelho,azul,aleatoria,empate,0,-1,100,0,0,0.0000,0.0600,2408,10,2398,0
966,1317036416,azul,verde,aleatoria,empate,0,-1,100,0,0,0.0000,0.0000,2304,0,2304,0
966,1317036416,azul,vermelho,aleatoria,empate,0,-1,100,0,0,0.0000,0.0505,2148,0,2148,0
966,1317036416,azul,azul,aleatoria,empate,0,-1,100,0,0,0.0000,0.0000,2372,0,2372,0
967,558950948,verde,verde,aleatoria,empate,0,-1,100,0,0,0.0000,0.0900,2381,1,2380,0
967,558950948,verde,vermelho,aleatoria,empate,0,-1,100,0,0,0.0000,0.0100,2462,3,2459,0
967,558950948,verde,azul,aleatoria,empate,0,-1,100,0,0,0.0000,0.0500,2370,0,2370,0
968,136670000,vermelho,verde,aleatoria,empate,0,-1,100,30,0,30.0000,0.0202,2357,29,2328,0
968,136670000,vermelho,vermelho,aleatoria,empate,0,-1,100,0,30,0.0000,0.0200,2475,29,2446,0
968,136670000,vermelho,azul,aleatoria,empate,0,-1,100,0,0,0.0000,0.0800,2431,5,2426,0
969,127806416,azul,verde,aleatoria,empate,0,-1,100,60,30,2.0000,0.0101,2383,25,2358,0
969,127806416,azul,vermelho,aleatoria,empate,0,-1,100,0,0,0.0000,0.0303,2400,0,2400,0
969,127806416,azul,azul,aleatoria,empate,0,-1,100,30,60,0.5000,0.0000,2297,25,2272,0
970,1770472552,verde,verde,aleatoria,empate,0,-1,100,30,0,30.0000,0.0800,2187,9,2178,0
970,1770472552,verde,vermelho,aleatoria,empate,0,-1,100,0,30,0.0000,0.0000,2269,6,2263,0
970,1770472552,verde,azul,aleatoria,empate,0,-1,100,0,0,0.0000,0.0400,2179,0,2179,0
971,1221341580,vermelho,verde,aleatoria,empate,0,-1,100,0,0,0.0000,0.0505,2390,4,2386,0
971,1221341580,vermelho,vermelho,aleatoria,empate,0,-1,100,30,0,30.0000,0.1100,2236,27,2209,0
971,1221341580,vermelho,azul,aleatoria,empate,0,-1,100,0,30,0.0000,0.0300,2225,21,2204,0
972,510847089,azul,verde,aleatoria,empate,0,-1,100,0,0,0.0000,0.0505,2330,11,2319,0
972,510847089,azul,vermelho,aleatoria,empate,0,-1,100,0,0,0.0000,0.0101,2401,2,2399,0
972,510847089,azul,azul,aleatoria,empate,0,-1,100,0,0,0.0000,0.0400,2166,12,2154,0
973,1692598265,verde,verde,aleatoria,empate,0,-1,100,0,0,0.0000,0.0000,2099,0,2099,0
973,1692598265,verde,vermelho,aleatoria,empate,0,-1,100,0,0,0.0000,0.0500,2376,0,2376,0
973,1692598265,verde,azul,aleatoria,empate,0,-1,100,0,0,0.0000,0.1400,2472,1,2471,0
974,248016053,vermelho,verde,aleatoria,empate,0,-1,100,0,0,0.0000,0.0404,2401,21,2380,0
974,248016053,vermelho,vermelho,aleatoria,empate,0,-1,100,0,0,0.0000,0.0400,2370,10,2360,0
974,248016053,vermelho,azul,aleatoria,empate,0,-1,100,0,0,0.0000,0.0200,2531,31,2500,0
975,1909045985,azul,verde,aleatoria,empate,0,-1,100,0,0,0.0000,0.2121,2257,1,2256,0
975,1909045985,azul,vermelho,aleatoria,empate,0,-1,100,0,0,0.0000,0.0000,2355,0,2355,0
975,1909045985,azul,azul,aleatoria,empate,0,-1,100,0,0,0.0000,0.0100,2348,0,2348,0
976,887965518,verde,verde,aleatoria,empate,0,-1,100,0,0,0.0000,0.0100,2060,0,2060,0
976,887965518,verde,vermelho,aleatoria,empate,0,-1,100,0,0,0.0000,0.0100,2270,0,2270,0
976,887965518,verde,azul,aleatoria,empate,0,-1,100,0,0,0.0000,0.0700,2155,0,2155,0
977,1357408905,vermelho,verde,aleatoria,empate,0,-1,100,0,0,0.0000,0.1313,2299,6,2293,0
977,1357408905,vermelho,vermelho,aleatoria,empate,0,-1,100,0,0,0.0000,0.0500,2368,19,2349,0
977,1357408905,vermelho,azul,aleatoria,empate,0,-1,100,0,0,0.0000,0.0000,2267,6,2261,0
978,1611699638,azul,verde,aleatoria,empate,0,-1,100,0,0,0.0000,0.1616,2377,0,2377,0
978,1611699638,azul,vermelho,aleatoria,empate,0,-1,100,0,0,0.0000,0.1212,2216,0,2216,0
978,1611699638,azul,azul,aleatoria,empate,0,-1,100,0,0,0.0000,0.0700,2380,1,2379,0
979,1463146029,verde,verde,aleatoria,empate,0,-1,100,0,0,0.0000,0.0700,2366,5,2361,0
979,1463146029,verde,vermelho,aleatoria,empate,0,-1,100,0,0,0.0000,0.0100,2194,11,2183,0
979,1463146029,verde,azul,aleatoria,empate,0,-1,100,0,0,0.0000,0.0800,2273,0,2273,0
980,1079783323,vermelho,verde,aleatoria,empate,0,-1,100,0,0,0.0000,0.0909,2205,0,2205,0
980,1079783323,vermelho,vermelho,aleatoria,empate,0,-1,100,0,0,0.0000,0.0300,2175,0,2175,0
980,1079783323,vermelho,azul,aleatoria,empate,0,-1,100,0,0,0.0000,0.0500,2433,0,2433,0
981,645188196,azul,verde,aleatoria,empate,0,-1,100,30,30,1.0000,0.0404,2431,22,2409,0
981,645188196,azul,vermelho,aleatoria,empate,0,-1,100,0,0,0.0000,0.0707,2269,6,2263,0
981,645188196,azul,azul,aleatoria,empate,0,-1,100,30,30,1.0000,0.0500,2390,17,2373,0
982,1071560322,verde,verde,aleatoria,empate,0,-1,100,0,0,0.0000,0.0100,2372,8,2364,0
982,1071560322,verde,vermelho,aleatoria,empate,0,-1,100,0,0,0.0000,0.0200,2426,8,2418,0
982,1071560322,verde,azul,aleatoria,empate,0,-1,100,0,0,0.0000,0.1500,2324,1,2323,0
983,997181620,vermelho,verde,aleatoria,empate,0,-1,100,0,0,0.0000,0.1818,2327,12,2315,0
983,997181620,vermelho,vermelho,aleatoria,empate,0,-1,100,0,0,0.0000,0.0800,2414,18,2396,0
983,997181620,vermelho,azul,aleatoria,empate,0,-1,100,0,0,0.0000,0.1300,2296,10,2286,0
984,1255515162,azul,verde,aleatoria,empate,0,-1,100,0,0,0.0000,0.0000,2301,18,2283,0
984,1255515162,azul,vermelho,aleatoria,empate,0,-1,100,0,0,0.0000,0.1010,2230,0,2230,0
984,1255515162,azul,azul,aleatoria,empate,0,-1,100,0,0,0.0000,0.0000,2483,14,2469,0
985,836382915,verde,verde,aleatoria,empate,0,-1,100,0,0,0.0000,0.0900,2274,1,2273,0
985,836382915,verde,vermelho,aleatoria,empate,0,-1,100,0,0,0.0000,0.0300,2251,1,2250,0
985,836382915,verde,azul,aleatoria,empate,0,-1,100,0,0,0.0000,0.2000,2311,0,2311,0
986,347126365,vermelho,verde,aleatoria,empate,0,-1,100,0,0,0.0000,0.0707,2380,10,2370,0
986,347126365,vermelho,vermelho,aleatoria,empate,0,-1,100,0,0,0.0000,0.0600,2176,3,2173,0
986,347126365,vermelho,azul,aleatoria,empate,0,-1,100,0,0,0.0000,0.0400,2263,5,2258,0
987,1469351021,azul,verde,aleatoria,empate,0,-1,100,0,0,0.0000,0.1515,2442,18,2424,0
987,1469351021,azul,vermelho,aleatoria,empate,0,-1,100,0,0,0.0000,0.0404,2015,0,2015,0
987,1469351021,azul,azul,aleatoria,empate,0,-1,100,0,0,0.0000,0.0900,2353,17,2336,0
988,2100725222,verde,verde,aleatoria,empate,0,-1,100,0,0,0.0000,0.0300,2337,2,2335,0
988,2100725222,verde,vermelho,aleatoria,empate,0,-1,100,0,0,0.0000,0.0200,2205,1,2204,0
988,2100725222,verde,azul,aleatoria,empate,0,-1,100,0,0,0.0000,0.0000,2426,0,2426,0
989,2076863469,vermelho,verde,aleatoria,empate,0,-1,100,0,0,0.0000,0.0101,2378,4,2374,0
989,2076863469,vermelho,vermelho,aleatoria,empate,0,-1,100,0,0,0.0000,0.0200,2343,4,2339,0
989,2076863469,vermelho,azul,aleatoria,empate,0,-1,100,0,0,0.0000,0.0800,2366,0,2366,0
990,1297419198,azul,verde,aleatoria,empate,0,-1,100,0,0,0.0000,0.0505,2293,7,2286,0
990,1297419198,azul,vermelho,aleatoria,empate,0,-1,100,0,0,0.0000,0.0000,2184,2,2182,0
990,1297419198,azul,azul,aleatoria,empate,0,-1,100,0,0,0.0000,0.0900,2400,6,2394,0
991,656509197,verde,verde,aleatoria,empate,0,-1,100,0,0,0.0000,0.0000,2327,1,2326,0
991,656509197,verde,vermelho,aleatoria,empate,0,-1,100,0,0,0.0000,0.1100,2401,0,2401,0
991,656509197,verde,azul,aleatoria,empate,0,-1,100,0,0,0.0000,0.0100,2359,2,2357,0
992,2086753255,vermelho,verde,aleatoria,empate,0,-1,100,0,0,0.0000,0.0202,2313,8,2305,0
992,2086753255,vermelho,vermelho,aleatoria,empate,0,-1,100,0,0,0.0000,0.1200,2326,8,2318,0
992,2086753255,vermelho,azul,aleatoria,empate,0,-1,100,0,0,0.0000,0.0000,2341,2,2339,0
993,1945909570,azul,verde,aleatoria,empate,0,-1,100,0,0,0.0000,0.1111,2357,1,2356,0
993,1945909570,azul,vermelho,aleatoria,empate,0,-1,100,0,0,0.0000,0.0606,2431,13,2418,0
993,1945909570,azul,azul,aleatoria,empate,0,-1,100,0,0,0.0000,0.0200,2322,20,2302,0
994,66133690,verde,verde,aleatoria,empate,0,-1,100,0,0,0.0000,0.0000,2413,3,2410,0
994,66133690,verde,vermelho,aleatoria,empate,0,-1,100,0,0,0.0000,0.0300,2374,12,2362,0
994,66133690,verde,azul,aleatoria,empate,0,-1,100,0,0,0.0000,0.0400,2402,8,2394,0
995,1178650548,vermelho,verde,aleatoria,empate,0,-1,100,0,0,0.0000,0.0101,2305,0,2305,0
995,1178650548,vermelho,vermelho,aleatoria,empate,0,-1,100,0,0,0.0000,0.0000,2214,4,2210,0
995,1178650548,vermelho,azul,aleatoria,empate,0,-1,100,0,0,0.0000,0.0200,2457,2,2455,0
996,1356342537,azul,verde,aleatoria,empate,0,-1,100,0,0,0.0000,0.0101,2449,16,2433,0
996,1356342537,azul,vermelho,aleatoria,empate,0,-1,100,0,0,0.0000,0.0303,2310,14,2296,0
996,1356342537,azul,azul,aleatoria,empate,0,-1,100,0,0,0.0000,0.1000,2460,5,2455,0
997,1676657438,verde,verde,aleatoria,empate,0,-1,100,0,0,0.0000,0.0200,2399,10,2389,0
997,1676657438,verde,vermelho,aleatoria,empate,0,-1,100,0,0,0.0000,0.0100,2304,6,2298,0
997,1676657438,verde,azul,aleatoria,empate,0,-1,100,0,0,0.0000,0.0900,2349,1,2348,0
998,1714985209,vermelho,verde,aleatoria,empate,0,-1,100,0,0,0.0000,0.0606,2233,0,2233,0
998,1714985209,vermelho,vermelho,aleatoria,empate,0,-1,100,0,0,0.0000,0.0000,2432,0,2432,0
998,1714985209,vermelho,azul,aleatoria,empate,0,-1,100,0,0,0.0000,0.0600,2438,0,2438,0
999,703915436,azul,verde,aleatoria,empate,0,-1,100,0,0,0.0000,0.0000,2313,0,2313,0
999,703915436,azul,vermelho,aleatoria,empate,0,-1,100,0,0,0.0000,0.0505,2313,7,2306,0
999,703915436,azul,azul,aleatoria,empate,0,-1,100,0,0,0.0000,0.0500,2388,9,2379,0
1000,1215748322,verde,verde,aleatoria,empate,0,-1,100,0,0,0.0000,0.0400,2372,1,2371,0
1000,1215748322,verde,vermelho,aleatoria,empate,0,-1,100,0,0,0.0000,0.0000,1995,0,1995,0
1000,1215748322,verde,azul,aleatoria,empate,0,-1,100,0,0,0.0000,0.0000,2357,0,2357,0
