id_simulacao,seed,jogador_inicial,jogador,modelo_ia,vencedor,venceu,pontos,turnos,dano_causado,dano_recebido,damage_ratio,cover_usage,custo_total,custo_los,custo_nodos,custo_acoes
1,438557537,verde,verde,art3miz_0.1,vermelho,0,-3,16,120,120,1.0000,0.0625,442,113,229,100
1,438557537,verde,vermelho,heuristica,vermelho,1,3,16,30,0,30.0000,0.1250,412,27,360,25
1,438557537,verde,azul,reativa,vermelho,0,-3,16,90,120,0.7500,0.0833,233,5,228,0
2,1864560048,vermelho,verde,art3miz_0.1,azul,0,-3,56,80,120,0.6667,0.1176,297,78,144,75
2,1864560048,vermelho,vermelho,heuristica,azul,0,-3,56,120,110,1.0909,0.0893,1597,130,1344,123
2,1864560048,vermelho,azul,reativa,azul,1,3,56,30,0,30.0000,0.0357,1224,3,1221,0
3,990947591,azul,verde,art3miz_0.1,empate,0,-1,100,0,0,0.0000,0.0000,1316,48,1268,0
3,990947591,azul,vermelho,heuristica,empate,0,-1,100,0,0,0.0000,0.0303,1878,0,1878,0
3,990947591,azul,azul,reativa,empate,0,-1,100,0,0,0.0000,0.0000,1726,47,1679,0
4,980411883,verde,verde,art3miz_0.1,vermelho,0,-3,39,90,120,0.7500,0.1176,303,84,144,75
4,980411883,verde,vermelho,heuristica,vermelho,1,3,39,30,0,30.0000,0.0513,910,33,839,38
4,980411883,verde,azul,reativa,vermelho,0,-3,39,120,120,1.0000,0.0789,849,7,842,0
5,1364875354,vermelho,verde,art3miz_0.1,verde,1,3,27,30,60,0.5000,0.0385,311,48,217,46
5,1364875354,vermelho,vermelho,heuristica,verde,0,-3,27,90,120,0.7500,0.1176,606,97,409,100
5,1364875354,vermelho,azul,reativa,verde,0,-3,27,180,120,1.5000,0.0385,504,12,492,0
6,1247406621,azul,verde,art3miz_0.1,verde,1,3,32,30,30,1.0000,0.0968,221,25,172,24
6,1247406621,azul,vermelho,heuristica,verde,0,-3,32,150,120,1.2500,0.1667,1033,154,732,147
6,1247406621,azul,azul,reativa,verde,0,-3,32,90,120,0.7500,0.0500,438,4,434,0
7,271024058,verde,verde,art3miz_0.1,vermelho,0,-3,18,120,120,1.0000,0.0000,397,103,205,89
7,271024058,verde,vermelho,heuristica,vermelho,1,3,18,30,0,30.0000,0.1667,547,49,448,50
7,271024058,verde,azul,reativa,vermelho,0,-3,18,90,120,0.7500,0.0000,212,5,207,0
8,131926194,vermelho,verde,art3miz_0.1,vermelho,0,-3,51,120,120,1.0000,0.0200,700,86,539,75
8,131926194,vermelho,vermelho,heuristica,vermelho,1,3,51,30,0,30.0000,0.1176,1293,44,1199,50
8,131926194,vermelho,azul,reativa,vermelho,0,-3,51,90,120,0.7500,0.0000,106,5,101,0
9,920297219,azul,verde,art3miz_0.1,verde,1,3,23,30,30,1.0000,0.2727,186,27,134,25
9,920297219,azul,vermelho,heuristica,verde,0,-3,23,150,120,1.2500,0.0000,724,125,485,114
9,920297219,azul,azul,reativa,verde,0,-3,23,90,120,0.7500,0.0000,195,5,190,0
10,820336507,verde,verde,art3miz_0.1,vermelho,0,-3,26,90,120,0.7500,0.0000,261,83,103,75
10,820336507,verde,vermelho,heuristica,vermelho,1,3,26,30,30,1.0000,0.1154,687,27,635,25
10,820336507,verde,azul,reativa,vermelho,0,-3,26,150,120,1.2500,0.0000,497,9,488,0
11,1012562364,vermelho,verde,art3miz_0.1,empate,0,-1,100,0,0,0.0000,0.0101,2106,48,2058,0
11,1012562364,vermelho,vermelho,heuristica,empate,0,-1,100,0,0,0.0000,0.0000,2074,50,2024,0
11,1012562364,vermelho,azul,reativa,empate,0,-1,100,0,0,0.0000,0.0000,2402,0,2402,0
12,670066924,azul,verde,art3miz_0.1,empate,0,-1,100,120,90,1.3333,0.0101,902,114,687,101
12,670066924,azul,vermelho,heuristica,empate,0,-1,100,0,0,0.0000,0.3535,1806,2,1804,0
12,670066924,azul,azul,reativa,empate,0,-1,100,90,120,0.7500,0.0000,252,5,247,0
13,1549280937,verde,verde,art3miz_0.1,empate,0,-1,100,120,90,1.3333,0.0100,2229,151,1978,100
13,1549280937,verde,vermelho,heuristica,empate,0,-1,100,90,120,0.7500,0.0213,1269,79,1115,75
13,1549280937,verde,azul,reativa,empate,0,-1,100,0,0,0.0000,0.0000,2026,44,1982,0
14,1369586799,vermelho,verde,art3miz_0.1,azul,0,-3,14,110,110,1.0000,0.2308,406,109,197,100
14,1369586799,vermelho,vermelho,heuristica,azul,0,-3,14,80,110,0.7273,0.3000,507,131,251,125
14,1369586799,vermelho,azul,reativa,azul,1,3,14,30,0,30.0000,0.0714,319,2,317,0
15,1040301634,azul,verde,art3miz_0.1,azul,0,-3,34,110,120,0.9167,0.2727,704,179,361,164
15,1040301634,azul,vermelho,heuristica,azul,0,-3,34,90,110,0.8182,0.4444,596,111,383,102
15,1040301634,azul,azul,reativa,azul,1,3,34,30,0,30.0000,0.0294,784,2,782,0
16,1790057013,verde,verde,art3miz_0.1,vermelho,0,-3,21,120,120,1.0000,0.0952,438,112,226,100
16,1790057013,verde,vermelho,heuristica,vermelho,1,3,21,30,0,30.0000,0.0000,551,27,499,25
16,1790057013,verde,azul,reativa,vermelho,0,-3,21,90,120,0.7500,0.0000,159,5,154,0
17,1690053831,vermelho,verde,art3miz_0.1,empate,0,-1,100,0,0,0.0000,0.0101,1677,0,1677,0
17,1690053831,vermelho,vermelho,heuristica,empate,0,-1,100,80,110,0.7273,0.1333,496,78,348,70
17,1690053831,vermelho,azul,reativa,empate,0,-1,100,110,80,1.3750,0.0800,1833,7,1826,0
18,1979693965,azul,verde,art3miz_0.1,vermelho,0,-3,35,90,120,0.7500,0.0000,274,84,115,75
18,1979693965,azul,vermelho,heuristica,vermelho,1,3,35,30,30,1.0000,0.0882,847,25,799,23
18,1979693965,azul,azul,reativa,vermelho,0,-3,35,150,120,1.2500,0.0000,726,7,719,0
19,932576662,verde,verde,art3miz_0.1,empate,0,-1,100,0,0,0.0000,0.0100,1743,0,1743,0
19,932576662,verde,vermelho,heuristica,empate,0,-1,100,120,90,1.3333,0.0500,2308,115,2077,116
19,932576662,verde,azul,reativa,empate,0,-1,100,90,120,0.7500,0.0000,333,3,330,0
20,855842988,vermelho,verde,art3miz_0.1,azul,0,-3,37,90,120,0.7500,0.0370,505,81,349,75
20,855842988,vermelho,vermelho,heuristica,azul,0,-3,37,150,120,1.2500,0.0811,1173,132,916,125
20,855842988,vermelho,azul,reativa,azul,1,3,37,30,30,1.0000,0.0270,869,2,867,0
21,1253956409,azul,verde,art3miz_0.1,vermelho,0,-3,23,120,120,1.0000,0.1818,499,87,337,75
21,1253956409,azul,vermelho,heuristica,vermelho,1,3,23,30,0,30.0000,0.1818,619,41,528,50
21,1253956409,azul,azul,reativa,vermelho,0,-3,23,90,120,0.7500,0.0000,288,4,284,0
22,755744497,verde,verde,art3miz_0.1,vermelho,0,-3,29,90,120,0.7500,0.0455,710,190,370,150
22,755744497,verde,vermelho,heuristica,vermelho,1,3,29,30,60,0.5000,0.0000,848,106,630,112
22,755744497,verde,azul,reativa,vermelho,0,-3,29,180,120,1.5000,0.1429,577,18,559,0
23,1237903098,vermelho,verde,art3miz_0.1,azul,0,-3,40,120,120,1.0000,0.0256,411,82,254,75
23,1237903098,vermelho,vermelho,heuristica,azul,0,-3,40,90,120,0.7500,0.0833,448,78,296,74
23,1237903098,vermelho,azul,reativa,azul,1,3,40,30,0,30.0000,0.0500,858,2,856,0
24,1087965783,azul,verde,art3miz_0.1,verde,1,3,30,30,0,30.0000,0.0345,236,29,183,24
24,1087965783,azul,vermelho,heuristica,verde,0,-3,30,120,120,1.0000,0.0000,906,115,677,114
24,1087965783,azul,azul,reativa,verde,0,-3,30,90,120,0.7500,0.0000,209,4,205,0
25,483723808,verde,verde,art3miz_0.1,empate,0,-1,100,120,90,1.3333,0.0200,2007,107,1800,100
25,483723808,verde,vermelho,heuristica,empate,0,-1,100,90,120,0.7500,0.1786,896,104,692,100
25,483723808,verde,azul,reativa,empate,0,-1,100,0,0,0.0000,0.0000,1659,0,1659,0
26,242242137,vermelho,verde,art3miz_0.1,azul,0,-3,65,90,120,0.7500,0.0000,340,76,193,71
26,242242137,vermelho,vermelho,heuristica,azul,0,-3,65,150,120,1.2500,0.0308,1920,189,1540,191
26,242242137,vermelho,azul,reativa,azul,1,3,65,30,30,1.0000,0.0769,1548,1,1547,0
27,221737212,azul,verde,art3miz_0.1,verde,1,3,31,60,0,60.0000,0.0667,289,67,182,40
27,221737212,azul,vermelho,heuristica,verde,0,-3,31,90,120,0.7500,0.0000,815,92,659,64
27,221737212,azul,azul,reativa,verde,0,-3,31,90,120,0.7500,0.2333,687,5,682,0
28,418463804,verde,verde,art3miz_0.1,vermelho,0,-3,35,60,120,0.5000,0.0000,267,72,120,75
28,418463804,verde,vermelho,heuristica,vermelho,1,3,35,60,60,1.0000,0.0286,792,36,724,32
28,418463804,verde,azul,reativa,vermelho,0,-3,35,180,120,1.5000,0.0000,691,11,680,0
29,435099202,vermelho,verde,art3miz_0.1,vermelho,0,-3,21,90,120,0.7500,0.0000,447,94,271,82
29,435099202,vermelho,vermelho,heuristica,vermelho,1,3,21,60,0,60.0000,0.0000,711,111,505,95
29,435099202,vermelho,azul,reativa,vermelho,0,-3,21,90,120,0.7500,0.0000,311,5,306,0
30,283512082,azul,verde,art3miz_0.1,azul,0,-3,13,90,120,0.7500,0.2000,256,80,101,75
30,283512082,azul,vermelho,heuristica,azul,0,-3,13,120,120,1.0000,0.0833,510,105,305,100
30,283512082,azul,azul,reativa,azul,1,3,13,30,0,30.0000,0.1538,302,3,299,0
31,1645911538,verde,verde,art3miz_0.1,azul,0,-3,37,90,120,0.7500,0.0714,353,79,199,75
31,1645911538,verde,vermelho,heuristica,azul,0,-3,37,150,120,1.2500,0.0000,1218,174,870,174
31,1645911538,verde,azul,reativa,azul,1,3,37,30,30,1.0000,0.0000,851,3,848,0
32,1490846386,vermelho,verde,art3miz_0.1,azul,0,-3,19,90,120,0.7500,0.0000,246,80,91,75
32,1490846386,vermelho,vermelho,heuristica,azul,0,-3,19,150,120,1.2500,0.0526,682,120,449,113
32,1490846386,vermelho,azul,reativa,azul,1,3,19,30,30,1.0000,0.0000,428,2,426,0
33,321403989,azul,verde,art3miz_0.1,vermelho,0,-3,24,120,120,1.0000,0.1739,446,106,247,93
33,321403989,azul,vermelho,heuristica,vermelho,1,3,24,30,0,30.0000,0.0435,589,27,537,25
33,321403989,azul,azul,reativa,vermelho,0,-3,24,90,120,0.7500,0.1667,232,4,228,0
34,1070087091,verde,verde,art3miz_0.1,vermelho,0,-3,22,90,120,0.7500,0.0000,372,85,212,75
34,1070087091,verde,vermelho,heuristica,vermelho,1,3,22,30,0,30.0000,0.0455,597,26,546,25
34,1070087091,verde,azul,reativa,vermelho,0,-3,22,120,120,1.0000,0.0476,432,6,426,0
35,749808370,vermelho,verde,art3miz_0.1,empate,0,-1,100,0,0,0.0000,0.0000,1726,0,1726,0
35,749808370,vermelho,vermelho,heuristica,empate,0,-1,100,120,90,1.3333,0.0000,2351,129,2103,119
35,749808370,vermelho,azul,reativa,empate,0,-1,100,90,120,0.7500,0.0370,514,5,509,0
36,310441732,azul,verde,art3miz_0.1,vermelho,0,-3,67,60,120,0.5000,0.0000,322,77,175,70
36,310441732,azul,vermelho,heuristica,vermelho,1,3,67,60,60,1.0000,0.0606,1609,68,1470,71
36,310441732,azul,azul,reativa,vermelho,0,-3,67,180,120,1.5000,0.0455,1403,11,1392,0
37,191956606,verde,verde,art3miz_0.1,vermelho,0,-3,99,150,100,1.5000,0.1313,1073,200,698,175
37,191956606,verde,vermelho,heuristica,vermelho,1,3,99,10,30,0.3333,0.0707,2248,24,2203,21
37,191956606,verde,azul,reativa,vermelho,0,-3,99,90,120,0.7500,0.0667,613,5,608,0
38,1692875068,vermelho,verde,art3miz_0.1,empate,0,-1,100,90,100,0.9000,0.0400,333,76,185,72
38,1692875068,vermelho,vermelho,heuristica,empate,0,-1,100,100,90,1.1111,0.5400,2407,126,2160,121
38,1692875068,vermelho,azul,reativa,empate,0,-1,100,0,0,0.0000,0.0100,1908,0,1908,0
39,724671784,azul,verde,art3miz_0.1,verde,1,3,36,30,0,30.0000,0.1143,207,2,205,0
39,724671784,azul,vermelho,heuristica,verde,0,-3,36,120,120,1.0000,0.0000,808,82,652,74
39,724671784,azul,azul,reativa,verde,0,-3,36,90,120,0.7500,0.1154,540,4,536,0
40,270559481,verde,verde,art3miz_0.1,azul,0,-3,21,120,120,1.0000,0.0000,488,127,240,121
40,270559481,verde,vermelho,heuristica,azul,0,-3,21,90,120,0.7500,0.2308,433,77,283,73
40,270559481,verde,azul,reativa,azul,1,3,21,30,0,30.0000,0.0000,417,2,415,0
41,1328649944,vermelho,verde,art3miz_0.1,verde,1,3,21,30,0,30.0000,0.0500,239,27,190,22
41,1328649944,vermelho,vermelho,heuristica,verde,0,-3,21,120,120,1.0000,0.2500,685,126,449,110
41,1328649944,vermelho,azul,reativa,verde,0,-3,21,90,120,0.7500,0.0000,251,7,244,0
42,662329169,azul,verde,art3miz_0.1,azul,0,-3,26,150,120,1.2500,0.0000,557,158,253,146
42,662329169,azul,vermelho,heuristica,azul,0,-3,26,90,120,0.7500,0.0000,462,81,306,75
42,662329169,azul,azul,reativa,azul,1,3,26,30,30,1.0000,0.0769,616,3,613,0
43,1702263910,verde,verde,art3miz_0.1,vermelho,0,-3,18,120,120,1.0000,0.0000,441,106,242,93
43,1702263910,verde,vermelho,heuristica,vermelho,1,3,18,30,0,30.0000,0.0556,522,43,432,47
43,1702263910,verde,azul,reativa,vermelho,0,-3,18,90,120,0.7500,0.0000,214,4,210,0
44,814414449,vermelho,verde,art3miz_0.1,azul,0,-3,36,60,120,0.5000,0.0000,292,80,137,75
44,814414449,vermelho,vermelho,heuristica,azul,0,-3,36,150,120,1.2500,0.0556,1136,133,878,125
44,814414449,vermelho,azul,reativa,azul,1,3,36,60,30,2.0000,0.0833,786,3,783,0
45,764225697,azul,verde,art3miz_0.1,empate,0,-1,100,90,120,0.7500,0.1000,431,108,223,100
45,764225697,azul,vermelho,heuristica,empate,0,-1,100,0,0,0.0000,0.0202,1160,0,1160,0
45,764225697,azul,azul,reativa,empate,0,-1,100,120,90,1.3333,0.0100,1934,6,1928,0
46,464531721,verde,verde,art3miz_0.1,empate,0,-1,100,0,0,0.0000,0.0000,1100,0,1100,0
46,464531721,verde,vermelho,heuristica,empate,0,-1,100,90,120,0.7500,0.0625,599,103,396,100
46,464531721,verde,azul,reativa,empate,0,-1,100,120,90,1.3333,0.0000,1986,6,1980,0
47,1533946064,vermelho,verde,art3miz_0.1,vermelho,0,-3,22,60,120,0.5000,0.0769,258,72,116,70
47,1533946064,vermelho,vermelho,heuristica,vermelho,1,3,22,60,30,2.0000,0.1364,653,54,549,50
47,1533946064,vermelho,azul,reativa,vermelho,0,-3,22,150,120,1.2500,0.0000,397,10,387,0
48,2021790431,azul,verde,art3miz_0.1,azul,0,-3,18,120,120,1.0000,0.0000,486,110,276,100
48,2021790431,azul,vermelho,heuristica,azul,0,-3,18,90,120,0.7500,0.0000,525,101,324,100
48,2021790431,azul,azul,reativa,azul,1,3,18,30,0,30.0000,0.1111,414,2,412,0
49,1451556886,verde,verde,art3miz_0.1,azul,0,-3,20,90,120,0.7500,0.1000,470,112,266,92
49,1451556886,verde,vermelho,heuristica,azul,0,-3,20,120,120,1.0000,0.0769,627,206,302,119
49,1451556886,verde,azul,reativa,azul,1,3,20,120,90,1.3333,0.0500,378,11,367,0
50,6009790,vermelho,verde,art3miz_0.1,vermelho,0,-3,92,90,120,0.7500,0.0000,300,85,140,75
50,6009790,vermelho,vermelho,heuristica,vermelho,1,3,92,30,30,1.0000,0.0543,1986,25,1939,22
50,6009790,vermelho,azul,reativa,vermelho,0,-3,92,150,120,1.2500,0.0549,1980,8,1972,0
51,188280745,azul,verde,art3miz_0.1,azul,0,-3,18,130,110,1.1818,0.1176,560,142,306,112
51,188280745,azul,vermelho,heuristica,azul,0,-3,18,80,110,0.7273,0.2000,552,113,351,88
51,188280745,azul,azul,reativa,azul,1,3,18,30,20,1.5000,0.1111,411,4,407,0
52,349047791,verde,verde,art3miz_0.1,vermelho,0,-3,37,90,120,0.7500,0.0909,321,83,165,73
52,349047791,verde,vermelho,heuristica,vermelho,1,3,37,30,0,30.0000,0.0000,872,26,821,25
52,349047791,verde,azul,reativa,vermelho,0,-3,37,120,120,1.0000,0.1111,786,7,779,0
53,1876708646,vermelho,verde,art3miz_0.1,verde,1,3,20,30,30,1.0000,0.1579,176,20,139,17
53,1876708646,vermelho,vermelho,heuristica,verde,0,-3,20,130,110,1.1818,0.2105,766,167,439,160
53,1876708646,vermelho,azul,reativa,verde,0,-3,20,80,100,0.8000,0.3846,239,5,234,0
54,1152886018,azul,verde,art3miz_0.1,verde,1,3,22,30,0,30.0000,0.3333,431,84,272,75
54,1152886018,azul,vermelho,heuristica,verde,0,-3,22,120,120,1.0000,0.0500,699,121,468,110
54,1152886018,azul,azul,reativa,verde,0,-3,22,90,120,0.7500,0.0000,126,4,122,0
55,1069746520,verde,verde,art3miz_0.1,empate,0,-1,100,90,120,0.7500,0.0000,264,80,109,75
55,1069746520,verde,vermelho,heuristica,empate,0,-1,100,120,90,1.3333,0.0200,2087,105,1882,100
55,1069746520,verde,azul,reativa,empate,0,-1,100,0,0,0.0000,0.0000,1853,0,1853,0
56,1489974805,vermelho,verde,art3miz_0.1,empate,0,-1,100,0,0,0.0000,0.0000,1764,40,1724,0
56,1489974805,vermelho,vermelho,heuristica,empate,0,-1,100,0,0,0.0000,0.0300,1944,40,1904,0
56,1489974805,vermelho,azul,reativa,empate,0,-1,100,0,0,0.0000,0.0000,2509,0,2509,0
57,1198990478,azul,verde,art3miz_0.1,azul,0,-3,14,90,120,0.7500,0.1000,252,79,99,74
57,1198990478,azul,vermelho,heuristica,azul,0,-3,14,120,120,1.0000,0.0000,520,103,319,98
57,1198990478,azul,azul,reativa,azul,1,3,14,30,0,30.0000,0.0000,329,2,327,0
58,1785076888,verde,verde,art3miz_0.1,azul,0,-3,76,120,120,1.0000,0.0921,962,188,599,175
58,1785076888,verde,vermelho,heuristica,azul,0,-3,76,90,120,0.7500,0.0625,916,95,722,99
58,1785076888,verde,azul,reativa,azul,1,3,76,30,0,30.0000,0.0000,1397,2,1395,0
59,1812608420,vermelho,verde,art3miz_0.1,empate,0,-1,100,0,0,0.0000,0.0606,393,0,393,0
59,1812608420,vermelho,vermelho,heuristica,empate,0,-1,100,60,100,0.6000,0.2500,475,91,289,95
59,1812608420,vermelho,azul,reativa,empate,0,-1,100,100,60,1.6667,0.0000,1643,7,1636,0
60,1494812099,azul,verde,art3miz_0.1,vermelho,0,-3,33,150,120,1.2500,0.0938,526,130,273,123
60,1494812099,azul,vermelho,heuristica,vermelho,1,3,33,30,30,1.0000,0.0000,828,46,738,44
60,1494812099,azul,azul,reativa,vermelho,0,-3,33,90,120,0.7500,0.0000,152,6,146,0
61,624291629,verde,verde,art3miz_0.1,azul,0,-3,24,90,120,0.7500,0.0000,252,80,97,75
61,624291629,verde,vermelho,heuristica,azul,0,-3,24,120,120,1.0000,0.0833,849,122,602,125
61,624291629,verde,azul,reativa,azul,1,3,24,30,0,30.0000,0.0833,532,2,530,0
62,1690688755,vermelho,verde,art3miz_0.1,empate,0,-1,100,60,120,0.5000,0.5000,254,76,109,69
62,1690688755,vermelho,vermelho,heuristica,empate,0,-1,100,0,0,0.0000,0.0000,1809,0,1809,0
62,1690688755,vermelho,azul,reativa,empate,0,-1,100,120,60,2.0000,0.0200,1833,8,1825,0
63,415855664,azul,verde,art3miz_0.1,empate,0,-1,100,0,0,0.0000,0.0000,1544,47,1497,0
63,415855664,azul,vermelho,heuristica,empate,0,-1,100,0,0,0.0000,0.0202,2550,0,2550,0
63,415855664,azul,azul,reativa,empate,0,-1,100,0,0,0.0000,0.0000,1689,48,1641,0
64,1239108435,verde,verde,art3miz_0.1,verde,1,3,21,30,0,30.0000,0.0000,193,30,138,25
64,1239108435,verde,vermelho,heuristica,verde,0,-3,21,90,120,0.7500,0.0000,476,72,339,65
64,1239108435,verde,azul,reativa,verde,0,-3,21,120,120,1.0000,0.0000,397,8,389,0
65,1288729641,vermelho,verde,art3miz_0.1,vermelho,0,-3,43,90,120,0.7500,0.0526,334,80,183,71
65,1288729641,vermelho,vermelho,heuristica,vermelho,1,3,43,30,0,30.0000,0.0000,1060,18,1026,16
65,1288729641,vermelho,azul,reativa,vermelho,0,-3,43,120,120,1.0000,0.0238,741,9,732,0
66,2109698062,azul,verde,art3miz_0.1,vermelho,0,-3,24,100,120,0.8333,0.3043,738,197,366,175
66,2109698062,azul,vermelho,heuristica,vermelho,1,3,24,30,0,30.0000,0.0435,618,27,566,25
66,2109698062,azul,azul,reativa,vermelho,0,-3,24,90,100,0.9000,0.4444,337,7,330,0
67,1413126415,verde,verde,art3miz_0.1,vermelho,0,-3,18,150,120,1.2500,0.0556,582,155,278,149
67,1413126415,verde,vermelho,heuristica,vermelho,1,3,18,30,30,1.0000,0.0556,509,26,458,25
67,1413126415,verde,azul,reativa,vermelho,0,-3,18,90,120,0.7500,0.0000,106,5,101,0
68,354615157,vermelho,verde,art3miz_0.1,empate,0,-1,100,90,120,0.7500,0.0952,377,83,219,75
68,354615157,vermelho,vermelho,heuristica,empate,0,-1,100,0,0,0.0000,0.0200,1940,0,1940,0
68,354615157,vermelho,azul,reativa,empate,0,-1,100,120,90,1.3333,0.0200,1828,6,1822,0
69,36093310,azul,verde,art3miz_0.1,verde,1,3,56,30,60,0.5000,0.0727,384,44,290,50
69,36093310,azul,vermelho,heuristica,verde,0,-3,56,90,120,0.7500,0.0714,551,103,348,100
69,36093310,azul,azul,reativa,verde,0,-3,56,180,120,1.5000,0.0364,1018,10,1008,0
70,650929293,verde,verde,art3miz_0.1,vermelho,0,-3,55,90,120,0.7500,0.0000,249,73,112,64
70,650929293,verde,vermelho,heuristica,vermelho,1,3,55,30,0,30.0000,0.0727,1516,96,1320,100
70,650929293,verde,azul,reativa,vermelho,0,-3,55,120,120,1.0000,0.0926,1191,6,1185,0
71,1174663146,vermelho,verde,art3miz_0.1,verde,1,3,25,60,60,1.0000,0.0000,227,55,122,50
71,1174663146,vermelho,vermelho,heuristica,verde,0,-3,25,60,120,0.5000,0.0000,505,76,354,75
71,1174663146,vermelho,azul,reativa,verde,0,-3,25,180,120,1.5000,0.0000,451,11,440,0
72,6505178,azul,verde,art3miz_0.1,vermelho,0,-3,18,120,120,1.0000,0.1538,389,125,154,110
72,6505178,azul,vermelho,heuristica,vermelho,1,3,18,40,30,1.3333,0.2941,565,99,401,65
72,6505178,azul,azul,reativa,vermelho,0,-3,18,90,100,0.9000,0.1176,331,9,322,0
73,478834776,verde,verde,art3miz_0.1,vermelho,0,-3,38,90,120,0.7500,0.1500,357,85,197,75
73,478834776,verde,vermelho,heuristica,vermelho,1,3,38,30,0,30.0000,0.0789,934,29,873,32
73,478834776,verde,azul,reativa,vermelho,0,-3,38,120,120,1.0000,0.0270,825,6,819,0
74,466979635,vermelho,verde,art3miz_0.1,azul,0,-3,84,90,120,0.7500,0.0000,305,79,154,72
74,466979635,vermelho,vermelho,heuristica,azul,0,-3,84,150,120,1.2500,0.1310,2280,154,1977,149
74,466979635,vermelho,azul,reativa,azul,1,3,84,30,30,1.0000,0.0119,1921,1,1920,0
75,1585602173,azul,verde,art3miz_0.1,azul,0,-3,19,90,120,0.7500,0.0769,285,74,144,67
75,1585602173,azul,vermelho,heuristica,azul,0,-3,19,120,120,1.0000,0.0000,656,115,424,117
75,1585602173,azul,azul,reativa,azul,1,3,19,30,0,30.0000,0.0000,428,3,425,0
76,137830156,verde,verde,art3miz_0.1,verde,1,3,18,30,0,30.0000,0.0000,87,2,85,0
76,137830156,verde,vermelho,heuristica,verde,0,-3,18,90,120,0.7500,0.0000,475,104,273,98
76,137830156,verde,azul,reativa,verde,0,-3,18,120,120,1.0000,0.0588,333,8,325,0
77,295121870,vermelho,verde,art3miz_0.1,vermelho,0,-3,23,60,120,0.5000,0.1111,274,79,120,75
77,295121870,vermelho,vermelho,heuristica,vermelho,1,3,23,60,60,1.0000,0.0000,634,52,535,47
77,295121870,vermelho,azul,reativa,vermelho,0,-3,23,180,120,1.5000,0.0455,394,14,380,0
78,1568756219,azul,verde,art3miz_0.1,empate,0,-1,100,0,0,0.0000,0.0606,821,0,821,0
78,1568756219,azul,vermelho,heuristica,empate,0,-1,100,60,120,0.5000,0.1633,1298,67,1163,68
78,1568756219,azul,azul,reativa,empate,0,-1,100,120,60,2.0000,0.0300,2022,8,2014,0
79,863086835,verde,verde,art3miz_0.1,verde,1,3,39,30,30,1.0000,0.0256,277,26,228,23
79,863086835,verde,vermelho,heuristica,verde,0,-3,39,150,120,1.2500,0.1053,1083,104,885,94
79,863086835,verde,azul,reativa,verde,0,-3,39,90,120,0.7500,0.0000,373,4,369,0
80,881860485,vermelho,verde,art3miz_0.1,verde,1,3,30,30,30,1.0000,0.0000,190,28,137,25
80,881860485,vermelho,vermelho,heuristica,verde,0,-3,30,150,120,1.2500,0.0690,976,135,716,125
80,881860485,vermelho,azul,reativa,verde,0,-3,30,90,120,0.7500,0.0833,230,4,226,0
81,866620601,azul,verde,art3miz_0.1,empate,0,-1,100,0,0,0.0000,0.0404,397,0,397,0
81,866620601,azul,vermelho,heuristica,empate,0,-1,100,90,120,0.7500,0.0667,572,98,374,100
81,866620601,azul,azul,reativa,empate,0,-1,100,120,90,1.3333,0.0200,2094,8,2086,0
82,1809070958,verde,verde,art3miz_0.1,vermelho,0,-3,15,120,120,1.0000,0.0000,394,113,181,100
82,1809070958,verde,vermelho,heuristica,vermelho,1,3,15,30,0,30.0000,0.1333,427,26,376,25
82,1809070958,verde,azul,reativa,vermelho,0,-3,15,90,120,0.7500,0.0000,108,4,104,0
83,389192010,vermelho,verde,art3miz_0.1,vermelho,0,-3,41,150,120,1.2500,0.0250,599,127,357,115
83,389192010,vermelho,vermelho,heuristica,vermelho,1,3,41,30,30,1.0000,0.0732,959,19,923,17
83,389192010,vermelho,azul,reativa,vermelho,0,-3,41,90,120,0.7500,0.0385,577,5,572,0
84,500570754,azul,verde,art3miz_0.1,verde,1,3,62,30,0,30.0000,0.0656,332,29,278,25
84,500570754,azul,vermelho,heuristica,verde,0,-3,62,90,120,0.7500,0.0476,717,102,517,98
84,500570754,azul,azul,reativa,verde,0,-3,62,120,120,1.0000,0.0492,1370,9,1361,0
85,1712353937,verde,verde,art3miz_0.1,empate,0,-1,100,0,0,0.0000,0.0200,1734,48,1686,0
85,1712353937,verde,vermelho,heuristica,empate,0,-1,100,0,0,0.0000,0.0000,1948,47,1901,0
85,1712353937,verde,azul,reativa,empate,0,-1,100,0,0,0.0000,0.0000,1907,0,1907,0
86,391319897,vermelho,verde,art3miz_0.1,azul,0,-3,42,120,120,1.0000,0.0732,555,107,348,100
86,391319897,vermelho,vermelho,heuristica,azul,0,-3,42,90,120,0.7500,0.0000,648,78,495,75
86,391319897,vermelho,azul,reativa,azul,1,3,42,30,0,30.0000,0.0476,970,2,968,0
87,136589075,azul,verde,art3miz_0.1,azul,0,-3,39,150,110,1.3636,0.1316,766,133,484,149
87,136589075,azul,vermelho,heuristica,azul,0,-3,39,80,120,0.6667,0.1000,398,76,249,73
87,136589075,azul,azul,reativa,azul,1,3,39,30,30,1.0000,0.0256,903,5,898,0
88,516443035,verde,verde,art3miz_0.1,azul,0,-3,42,120,100,1.2000,0.2381,633,157,329,147
88,516443035,verde,vermelho,heuristica,azul,0,-3,42,70,120,0.5833,0.4545,511,130,257,124
88,516443035,verde,azul,reativa,azul,1,3,42,30,0,30.0000,0.0238,958,2,956,0
89,1231568109,vermelho,verde,art3miz_0.1,vermelho,0,-3,29,90,120,0.7500,0.0714,283,81,131,71
89,1231568109,vermelho,vermelho,heuristica,vermelho,1,3,29,30,30,1.0000,0.0345,744,32,680,32
89,1231568109,vermelho,azul,reativa,vermelho,0,-3,29,150,120,1.2500,0.1429,551,10,541,0
90,234389638,azul,verde,art3miz_0.1,verde,1,3,23,30,0,30.0000,0.0000,210,30,155,25
90,234389638,azul,vermelho,heuristica,verde,0,-3,23,90,120,0.7500,0.2000,531,101,333,97
90,234389638,azul,azul,reativa,verde,0,-3,23,120,120,1.0000,0.0455,417,7,410,0
91,1278363502,verde,verde,art3miz_0.1,empate,0,-1,100,90,120,0.7500,0.0714,372,107,170,95
91,1278363502,verde,vermelho,heuristica,empate,0,-1,100,0,0,0.0000,0.0300,2101,0,2101,0
91,1278363502,verde,azul,reativa,empate,0,-1,100,120,90,1.3333,0.0300,1916,7,1909,0
92,2089492144,vermelho,verde,art3miz_0.1,azul,0,-3,36,90,120,0.7500,0.0357,308,73,167,68
92,2089492144,vermelho,vermelho,heuristica,azul,0,-3,36,120,120,1.0000,0.0000,1020,96,833,91
92,2089492144,vermelho,azul,reativa,azul,1,3,36,30,0,30.0000,0.0278,866,2,864,0
93,1010834375,azul,verde,art3miz_0.1,vermelho,0,-3,39,90,120,0.7500,0.1579,305,82,150,73
93,1010834375,azul,vermelho,heuristica,vermelho,1,3,39,30,30,1.0000,0.1053,924,27,872,25
93,1010834375,azul,azul,reativa,vermelho,0,-3,39,150,120,1.2500,0.0263,775,8,767,0
94,1010172138,verde,verde,art3miz_0.1,vermelho,0,-3,30,120,100,1.2000,0.1667,600,157,303,140
94,1010172138,verde,vermelho,heuristica,vermelho,1,3,30,30,0,30.0000,0.0667,842,49,744,49
94,1010172138,verde,azul,reativa,vermelho,0,-3,30,70,120,0.5833,0.2222,156,6,150,0
95,1255584616,vermelho,verde,art3miz_0.1,verde,1,3,24,30,60,0.5000,0.0435,240,51,139,50
95,1255584616,vermelho,vermelho,heuristica,verde,0,-3,24,90,120,0.7500,0.0000,582,105,377,100
95,1255584616,vermelho,azul,reativa,verde,0,-3,24,180,120,1.5000,0.0000,441,10,431,0
96,2041513302,azul,verde,art3miz_0.1,azul,0,-3,33,120,120,1.0000,0.2813,559,127,307,125
96,2041513302,azul,vermelho,heuristica,azul,0,-3,33,90,120,0.7500,0.2632,767,148,469,150
96,2041513302,azul,azul,reativa,azul,1,3,33,30,0,30.0000,0.1818,776,3,773,0
97,11523659,verde,verde,art3miz_0.1,azul,0,-3,26,120,120,1.0000,0.0769,430,107,225,98
97,11523659,verde,vermelho,heuristica,azul,0,-3,26,90,120,0.7500,0.0000,458,79,304,75
97,11523659,verde,azul,reativa,azul,1,3,26,30,0,30.0000,0.1154,604,5,599,0
98,60279016,vermelho,verde,art3miz_0.1,vermelho,0,-3,19,150,120,1.2500,0.0000,553,152,258,143
98,60279016,vermelho,vermelho,heuristica,vermelho,1,3,19,30,30,1.0000,0.0526,510,26,459,25
98,60279016,vermelho,azul,reativa,vermelho,0,-3,19,90,120,0.7500,0.0000,211,5,206,0
99,2035523298,azul,verde,art3miz_0.1,verde,1,3,24,30,30,1.0000,0.0000,171,26,120,25
99,2035523298,azul,vermelho,heuristica,verde,0,-3,24,130,110,1.1818,0.4091,948,203,545,200
99,2035523298,azul,azul,reativa,verde,0,-3,24,80,100,0.8000,0.3077,238,7,231,0
100,778332920,verde,verde,art3miz_0.1,vermelho,0,-3,28,120,120,1.0000,0.0714,478,122,249,107
100,778332920,verde,vermelho,heuristica,vermelho,1,3,28,30,0,30.0000,0.0357,720,42,636,42
100,778332920,verde,azul,reativa,vermelho,0,-3,28,90,120,0.7500,0.1250,121,5,116,0
101,681977055,vermelho,verde,art3miz_0.1,azul,0,-3,43,90,110,0.8182,0.0769,271,80,116,75
101,681977055,vermelho,vermelho,heuristica,azul,0,-3,43,110,120,0.9167,0.0698,1245,105,1040,100
101,681977055,vermelho,azul,reativa,azul,1,3,43,30,0,30.0000,0.0233,967,3,964,0
102,937597042,azul,verde,art3miz_0.1,azul,0,-3,43,120,120,1.0000,0.0952,561,102,364,95
102,937597042,azul,vermelho,heuristica,azul,0,-3,43,90,120,0.7500,0.3448,664,99,470,95
102,937597042,azul,azul,reativa,azul,1,3,43,30,0,30.0000,0.0465,1006,2,1004,0
103,528953857,verde,verde,art3miz_0.1,verde,1,3,35,30,0,30.0000,0.0286,320,30,265,25
103,528953857,verde,vermelho,heuristica,verde,0,-3,35,90,120,0.7500,0.0000,649,75,505,69
103,528953857,verde,azul,reativa,verde,0,-3,35,120,120,1.0000,0.0294,629,8,621,0
104,1698552064,vermelho,verde,art3miz_0.1,verde,1,3,14,30,30,1.0000,0.0769,147,28,94,25
104,1698552064,vermelho,vermelho,heuristica,verde,0,-3,14,150,120,1.2500,0.1538,507,111,295,101
104,1698552064,vermelho,azul,reativa,verde,0,-3,14,90,120,0.7500,0.0000,131,5,126,0
105,2028522531,azul,verde,art3miz_0.1,vermelho,0,-3,37,90,120,0.7500,0.0588,345,82,190,73
105,2028522531,azul,vermelho,heuristica,vermelho,1,3,37,30,60,0.5000,0.0000,714,28,654,32
105,2028522531,azul,azul,reativa,vermelho,0,-3,37,180,120,1.5000,0.0556,672,10,662,0
106,2146725289,verde,verde,art3miz_0.1,verde,1,3,48,30,30,1.0000,0.0208,322,26,271,25
106,2146725289,verde,vermelho,heuristica,verde,0,-3,48,150,120,1.2500,0.0426,1433,150,1145,138
106,2146725289,verde,azul,reativa,verde,0,-3,48,90,120,0.7500,0.0833,231,5,226,0
107,2048006628,vermelho,verde,art3miz_0.1,vermelho,0,-3,32,120,120,1.0000,0.2581,492,113,279,100
107,2048006628,vermelho,vermelho,heuristica,vermelho,1,3,32,30,0,30.0000,0.1563,821,27,769,25
107,2048006628,vermelho,azul,reativa,vermelho,0,-3,32,90,120,0.7500,0.2500,132,6,126,0
108,2065734190,azul,verde,art3miz_0.1,azul,0,-3,27,120,120,1.0000,0.0000,767,169,426,172
108,2065734190,azul,vermelho,heuristica,azul,0,-3,27,90,120,0.7500,0.0000,494,93,302,99
108,2065734190,azul,azul,reativa,azul,1,3,27,30,0,30.0000,0.0370,607,2,605,0
109,946904339,verde,verde,art3miz_0.1,azul,0,-3,22,120,120,1.0000,0.0000,464,99,274,91
109,946904339,verde,vermelho,heuristica,azul,0,-3,22,90,120,0.7500,0.0000,550,73,408,69
109,946904339,verde,azul,reativa,azul,1,3,22,30,0,30.0000,0.0000,513,2,511,0
110,977405121,vermelho,verde,art3miz_0.1,verde,1,3,34,30,0,30.0000,0.0000,209,28,157,24
110,977405121,vermelho,vermelho,heuristica,verde,0,-3,34,90,120,0.7500,0.1176,628,105,425,98
110,977405121,vermelho,azul,reativa,verde,0,-3,34,120,120,1.0000,0.0000,691,8,683,0
111,106871201,azul,verde,art3miz_0.1,azul,0,-3,25,90,120,0.7500,0.0000,300,80,145,75
111,106871201,azul,vermelho,heuristica,azul,0,-3,25,120,120,1.0000,0.0000,840,130,586,124
111,106871201,azul,azul,reativa,azul,1,3,25,30,0,30.0000,0.1200,547,5,542,0
112,524023377,verde,verde,art3miz_0.1,vermelho,0,-3,27,90,120,0.7500,0.1765,446,100,249,97
112,524023377,verde,vermelho,heuristica,vermelho,1,3,27,30,60,0.5000,0.0370,734,49,635,50
112,524023377,verde,azul,reativa,vermelho,0,-3,27,180,120,1.5000,0.0385,483,10,473,0
113,2070036801,vermelho,verde,art3miz_0.1,vermelho,0,-3,37,90,120,0.7500,0.0000,363,83,205,75
113,2070036801,vermelho,vermelho,heuristica,vermelho,1,3,37,30,0,30.0000,0.0270,837,27,785,25
113,2070036801,vermelho,azul,reativa,vermelho,0,-3,37,120,120,1.0000,0.0556,810,7,803,0
114,332326161,azul,verde,art3miz_0.1,azul,0,-3,24,90,120,0.7500,0.0000,264,80,109,75
114,332326161,azul,vermelho,heuristica,azul,0,-3,24,120,120,1.0000,0.0435,777,105,572,100
114,332326161,azul,azul,reativa,azul,1,3,24,30,0,30.0000,0.0000,564,3,561,0
115,13274541,verde,verde,art3miz_0.1,azul,0,-3,24,120,120,1.0000,0.0000,335,79,182,74
115,13274541,verde,vermelho,heuristica,azul,0,-3,24,90,120,0.7500,0.1429,552,101,351,100
115,13274541,verde,azul,reativa,azul,1,3,24,30,0,30.0000,0.0833,499,2,497,0
116,825241805,vermelho,verde,art3miz_0.1,vermelho,0,-3,24,90,120,0.7500,0.2381,549,136,288,125
116,825241805,vermelho,vermelho,heuristica,vermelho,1,3,24,30,0,30.0000,0.0417,761,106,557,98
116,825241805,vermelho,azul,reativa,vermelho,0,-3,24,120,120,1.0000,0.0435,488,7,481,0
117,1573000952,azul,verde,art3miz_0.1,verde,1,3,23,30,30,1.0000,0.1364,225,27,176,22
117,1573000952,azul,vermelho,heuristica,verde,0,-3,23,130,100,1.3000,0.1905,870,190,498,182
117,1573000952,azul,azul,reativa,verde,0,-3,23,70,100,0.7000,0.2222,337,5,332,0
118,1749647013,verde,verde,art3miz_0.1,azul,0,-3,74,90,120,0.7500,0.0000,390,75,244,71
118,1749647013,verde,vermelho,heuristica,azul,0,-3,74,120,120,1.0000,0.0270,1997,123,1753,121
118,1749647013,verde,azul,reativa,azul,1,3,74,30,0,30.0000,0.0000,1742,3,1739,0
119,974095307,vermelho,verde,art3miz_0.1,vermelho,0,-3,36,120,120,1.0000,0.1143,478,112,266,100
119,974095307,vermelho,vermelho,heuristica,vermelho,1,3,36,30,0,30.0000,0.0278,907,27,855,25
119,974095307,vermelho,azul,reativa,vermelho,0,-3,36,90,120,0.7500,0.1250,128,5,123,0
120,1400113132,azul,verde,art3miz_0.1,azul,0,-3,15,120,120,1.0000,0.0000,305,79,152,74
120,1400113132,azul,vermelho,heuristica,azul,0,-3,15,90,120,0.7500,0.0000,380,79,226,75
120,1400113132,azul,azul,reativa,azul,1,3,15,30,0,30.0000,0.1333,317,2,315,0
121,1403140035,verde,verde,art3miz_0.1,azul,0,-3,15,110,120,0.9167,0.1333,366,105,162,99
121,1403140035,verde,vermelho,heuristica,azul,0,-3,15,90,110,0.8182,0.2000,407,79,253,75
121,1403140035,verde,azul,reativa,azul,1,3,15,30,0,30.0000,0.0000,365,2,363,0
122,1485886752,vermelho,verde,art3miz_0.1,azul,0,-3,47,120,120,1.0000,0.0870,488,106,282,100
122,1485886752,vermelho,vermelho,heuristica,azul,0,-3,47,90,120,0.7500,0.0909,431,78,278,75
122,1485886752,vermelho,azul,reativa,azul,1,3,47,30,0,30.0000,0.0000,1120,2,1118,0
123,1433079639,azul,verde,art3miz_0.1,vermelho,0,-3,47,100,100,1.0000,0.1087,645,113,432,100
123,1433079639,azul,vermelho,heuristica,vermelho,1,3,47,30,0,30.0000,0.1087,1167,44,1073,50
123,1433079639,azul,azul,reativa,vermelho,0,-3,47,70,100,0.7000,0.5000,231,5,226,0
124,1444017005,verde,verde,art3miz_0.1,vermelho,0,-3,36,90,120,0.7500,0.0833,267,83,109,75
124,1444017005,verde,vermelho,heuristica,vermelho,1,3,36,30,0,30.0000,0.0278,868,42,786,40
124,1444017005,verde,azul,reativa,vermelho,0,-3,36,120,120,1.0000,0.0857,730,8,722,0
125,1120634029,vermelho,verde,art3miz_0.1,vermelho,0,-3,94,90,120,0.7500,0.0741,494,123,261,110
125,1120634029,vermelho,vermelho,heuristica,vermelho,1,3,94,30,60,0.5000,0.0106,1914,49,1817,48
125,1120634029,vermelho,azul,reativa,vermelho,0,-3,94,180,120,1.5000,0.0323,1972,12,1960,0
126,1159629576,azul,verde,art3miz_0.1,verde,1,3,78,30,30,1.0000,0.0390,382,28,329,25
126,1159629576,azul,vermelho,heuristica,verde,0,-3,78,90,120,0.7500,0.3750,344,93,166,85
126,1159629576,azul,azul,reativa,verde,0,-3,78,150,120,1.2500,0.0390,1315,11,1304,0
127,170520394,verde,verde,art3miz_0.1,vermelho,0,-3,39,90,120,0.7500,0.1667,281,81,130,70
127,170520394,verde,vermelho,heuristica,vermelho,1,3,39,30,30,1.0000,0.0000,892,21,852,19
127,170520394,verde,azul,reativa,vermelho,0,-3,39,150,120,1.2500,0.0263,808,12,796,0
128,2032603470,vermelho,verde,art3miz_0.1,azul,0,-3,45,90,120,0.7500,0.0870,326,77,178,71
128,2032603470,vermelho,vermelho,heuristica,azul,0,-3,45,120,120,1.0000,0.0000,1174,90,999,85
128,2032603470,vermelho,azul,reativa,azul,1,3,45,30,0,30.0000,0.0444,1079,2,1077,0
129,1569236234,azul,verde,art3miz_0.1,verde,1,3,19,30,30,1.0000,0.0000,159,28,106,25
129,1569236234,azul,vermelho,heuristica,verde,0,-3,19,70,100,0.7000,0.2308,480,79,328,73
129,1569236234,azul,azul,reativa,verde,0,-3,19,130,100,1.3000,0.3889,317,9,308,0
130,411570783,verde,verde,art3miz_0.1,vermelho,0,-3,25,90,120,0.7500,0.0000,373,85,213,75
130,411570783,verde,vermelho,heuristica,vermelho,1,3,25,30,0,30.0000,0.0400,780,91,589,100
130,411570783,verde,azul,reativa,vermelho,0,-3,25,120,120,1.0000,0.0000,460,6,454,0
131,562047796,vermelho,verde,art3miz_0.1,empate,0,-1,100,90,120,0.7500,0.0000,268,80,113,75
131,562047796,vermelho,vermelho,heuristica,empate,0,-1,100,120,90,1.3333,0.0000,1904,105,1699,100
131,562047796,vermelho,azul,reativa,empate,0,-1,100,0,0,0.0000,0.0000,1169,0,1169,0
132,1448248165,azul,verde,art3miz_0.1,azul,0,-3,36,110,120,0.9167,0.0286,914,144,675,95
132,1448248165,azul,vermelho,heuristica,azul,0,-3,36,120,110,1.0909,0.0909,1209,253,795,161
132,1448248165,azul,azul,reativa,azul,1,3,36,60,60,1.0000,0.0000,660,17,643,0
133,1352011924,verde,verde,art3miz_0.1,empate,0,-1,100,30,0,30.0000,0.4800,564,4,560,0
133,1352011924,verde,vermelho,heuristica,empate,0,-1,100,0,30,0.0000,0.4800,6278,2110,2153,2015
133,1352011924,verde,azul,reativa,empate,0,-1,100,0,0,0.0000,0.0000,2581,0,2581,0
134,939551074,vermelho,verde,art3miz_0.1,verde,1,3,29,50,80,0.6250,0.2143,335,70,194,71
134,939551074,vermelho,vermelho,heuristica,verde,0,-3,29,60,120,0.5000,0.1667,630,90,446,94
134,939551074,vermelho,azul,reativa,verde,0,-3,29,200,110,1.8182,0.1786,488,14,474,0
135,362752061,azul,verde,art3miz_0.1,vermelho,0,-3,40,150,120,1.2500,0.0256,608,154,304,150
135,362752061,azul,vermelho,heuristica,vermelho,1,3,40,30,30,1.0000,0.0513,948,25,899,24
135,362752061,azul,azul,reativa,vermelho,0,-3,40,90,120,0.7500,0.0000,180,4,176,0
136,1970562540,verde,verde,art3miz_0.1,vermelho,0,-3,24,120,120,1.0000,0.2083,470,112,259,99
136,1970562540,verde,vermelho,heuristica,vermelho,1,3,24,30,0,30.0000,0.0000,596,27,544,25
136,1970562540,verde,azul,reativa,vermelho,0,-3,24,90,120,0.7500,0.0667,289,5,284,0
137,383708122,vermelho,verde,art3miz_0.1,vermelho,0,-3,28,120,120,1.0000,0.0000,454,113,241,100
137,383708122,vermelho,vermelho,heuristica,vermelho,1,3,28,30,0,30.0000,0.1429,644,26,594,24
137,383708122,vermelho,azul,reativa,vermelho,0,-3,28,90,120,0.7500,0.0000,305,4,301,0
138,2075785334,azul,verde,art3miz_0.1,vermelho,0,-3,39,90,120,0.7500,0.0714,493,123,254,116
138,2075785334,azul,vermelho,heuristica,vermelho,1,3,39,30,0,30.0000,0.0789,956,27,904,25
138,2075785334,azul,azul,reativa,vermelho,0,-3,39,120,120,1.0000,0.0526,820,8,812,0
139,794372141,verde,verde,art3miz_0.1,azul,0,-3,26,90,120,0.7500,0.0000,264,80,109,75
139,794372141,verde,vermelho,heuristica,azul,0,-3,26,150,120,1.2500,0.0000,828,134,562,132
139,794372141,verde,azul,reativa,azul,1,3,26,30,30,1.0000,0.0385,562,1,561,0
140,1817101026,vermelho,verde,art3miz_0.1,verde,1,3,89,90,90,1.0000,0.0227,656,81,503,72
140,1817101026,vermelho,vermelho,heuristica,verde,0,-3,89,10,100,0.1000,0.4000,445,100,248,97
140,1817101026,vermelho,azul,reativa,verde,0,-3,89,190,100,1.9000,0.1250,1902,15,1887,0
141,1461547978,azul,verde,art3miz_0.1,verde,1,3,44,30,30,1.0000,0.0000,661,28,608,25
141,1461547978,azul,vermelho,heuristica,verde,0,-3,44,150,120,1.2500,0.0000,1314,178,961,175
141,1461547978,azul,azul,reativa,verde,0,-3,44,90,120,0.7500,0.0000,236,5,231,0
142,1249674794,verde,verde,art3miz_0.1,azul,0,-3,35,90,120,0.7500,0.0000,289,80,134,75
142,1249674794,verde,vermelho,heuristica,azul,0,-3,35,120,120,1.0000,0.0000,1129,127,877,125
142,1249674794,verde,azul,reativa,azul,1,3,35,30,0,30.0000,0.0286,801,2,799,0
143,236336944,vermelho,verde,art3miz_0.1,empate,0,-1,100,120,90,1.3333,0.0101,1357,109,1154,94
143,236336944,vermelho,vermelho,heuristica,empate,0,-1,100,0,0,0.0000,0.0000,1710,0,1710,0
143,236336944,vermelho,azul,reativa,empate,0,-1,100,90,120,0.7500,0.0000,473,4,469,0
144,787490960,azul,verde,art3miz_0.1,empate,0,-1,100,120,90,1.3333,0.0202,1363,82,1206,75
144,787490960,azul,vermelho,heuristica,empate,0,-1,100,90,120,0.7500,0.0000,356,79,202,75
144,787490960,azul,azul,reativa,empate,0,-1,100,0,0,0.0000,0.7700,1821,0,1821,0
145,368094613,verde,verde,art3miz_0.1,azul,0,-3,32,60,110,0.5455,0.1429,260,52,161,47
145,368094613,verde,vermelho,heuristica,azul,0,-3,32,130,110,1.1818,0.1250,1078,240,671,167
145,368094613,verde,azul,reativa,azul,1,3,32,80,50,1.6000,0.1250,635,23,612,0
146,15368845,vermelho,verde,art3miz_0.1,vermelho,0,-3,15,150,120,1.2500,0.2857,418,131,171,116
146,15368845,vermelho,vermelho,heuristica,vermelho,1,3,15,30,30,1.0000,0.0667,483,51,382,50
146,15368845,vermelho,azul,reativa,vermelho,0,-3,15,90,120,0.7500,0.0000,153,5,148,0
147,987658780,azul,verde,art3miz_0.1,azul,0,-3,32,90,120,0.7500,0.0000,263,81,107,75
147,987658780,azul,vermelho,heuristica,azul,0,-3,32,150,120,1.2500,0.0968,995,132,738,125
147,987658780,azul,azul,reativa,azul,1,3,32,30,30,1.0000,0.1250,727,2,725,0
148,1140005980,verde,verde,art3miz_0.1,empate,0,-1,100,120,90,1.3333,0.0600,700,86,539,75
148,1140005980,verde,vermelho,heuristica,empate,0,-1,100,0,0,0.0000,0.0000,1790,0,1790,0
148,1140005980,verde,azul,reativa,empate,0,-1,100,90,120,0.7500,0.0000,248,5,243,0
149,2107689852,vermelho,verde,art3miz_0.1,empate,0,-1,100,0,0,0.0000,0.9192,1898,0,1898,0
149,2107689852,vermelho,vermelho,heuristica,empate,0,-1,100,0,0,0.0000,0.0700,2568,0,2568,0
149,2107689852,vermelho,azul,reativa,empate,0,-1,100,0,0,0.0000,0.9200,1988,0,1988,0
150,1111585620,azul,verde,art3miz_0.1,verde,1,3,28,90,30,3.0000,0.1111,420,54,326,40
150,1111585620,azul,vermelho,heuristica,verde,0,-3,28,60,120,0.5000,0.1364,658,65,533,60
150,1111585620,azul,azul,reativa,verde,0,-3,28,120,120,1.0000,0.0370,559,7,552,0
151,323059078,verde,verde,art3miz_0.1,empate,0,-1,100,90,120,0.7500,0.2500,340,111,129,100
151,323059078,verde,vermelho,heuristica,empate,0,-1,100,0,0,0.0000,0.0200,1757,0,1757,0
151,323059078,verde,azul,reativa,empate,0,-1,100,120,90,1.3333,0.4000,1722,6,1716,0
152,1505993271,vermelho,verde,art3miz_0.1,azul,0,-3,26,130,100,1.3000,0.1600,781,201,388,192
152,1505993271,vermelho,vermelho,heuristica,azul,0,-3,26,90,120,0.7500,0.1250,541,93,359,89
152,1505993271,vermelho,azul,reativa,azul,1,3,26,10,10,1.0000,0.0769,539,4,535,0
153,1332249844,azul,verde,art3miz_0.1,vermelho,0,-3,40,120,120,1.0000,0.0769,610,126,363,121
153,1332249844,azul,vermelho,heuristica,vermelho,1,3,40,30,0,30.0000,0.0000,884,27,832,25
153,1332249844,azul,azul,reativa,vermelho,0,-3,40,90,120,0.7500,0.0833,507,6,501,0
154,486926662,verde,verde,art3miz_0.1,verde,1,3,53,30,30,1.0000,0.0566,261,26,210,25
154,486926662,verde,vermelho,heuristica,verde,0,-3,53,150,120,1.2500,0.0769,1520,155,1218,147
154,486926662,verde,azul,reativa,verde,0,-3,53,90,120,0.7500,0.0000,177,5,172,0
155,228384987,vermelho,verde,art3miz_0.1,vermelho,0,-3,22,180,120,1.5000,0.0952,542,167,225,150
155,228384987,vermelho,vermelho,heuristica,vermelho,1,3,22,30,60,0.5000,0.0909,697,76,546,75
155,228384987,vermelho,azul,reativa,vermelho,0,-3,22,90,120,0.7500,0.0625,312,5,307,0
156,1338147426,azul,verde,art3miz_0.1,azul,0,-3,32,150,120,1.2500,0.0000,499,107,295,97
156,1338147426,azul,vermelho,heuristica,azul,0,-3,32,90,120,0.7500,0.0833,455,79,301,75
156,1338147426,azul,azul,reativa,azul,1,3,32,30,30,1.0000,0.0938,566,3,563,0
157,1701265980,verde,verde,art3miz_0.1,azul,0,-3,20,120,120,1.0000,0.0000,363,99,171,93
157,1701265980,verde,vermelho,heuristica,azul,0,-3,20,90,120,0.7500,0.0000,392,74,247,71
157,1701265980,verde,azul,reativa,azul,1,3,20,30,0,30.0000,0.0500,467,2,465,0
158,2035459300,vermelho,verde,art3miz_0.1,verde,1,3,58,30,30,1.0000,0.0175,861,28,808,25
158,2035459300,vermelho,vermelho,heuristica,verde,0,-3,58,150,120,1.2500,0.1228,1661,172,1321,168
158,2035459300,vermelho,azul,reativa,verde,0,-3,58,90,120,0.7500,0.1875,321,6,315,0
159,1984052756,azul,verde,art3miz_0.1,azul,0,-3,39,120,120,1.0000,0.0000,474,98,276,100
159,1984052756,azul,vermelho,heuristica,azul,0,-3,39,90,120,0.7500,0.0323,824,79,670,75
159,1984052756,azul,azul,reativa,azul,1,3,39,30,0,30.0000,0.0769,873,2,871,0
160,882379617,verde,verde,art3miz_0.1,verde,1,3,18,90,60,1.5000,0.0556,468,115,278,75
160,882379617,verde,vermelho,heuristica,verde,0,-3,18,90,120,0.7500,0.1176,776,203,423,150
160,882379617,verde,azul,reativa,verde,0,-3,18,120,120,1.0000,0.1250,299,12,287,0
161,155837609,vermelho,verde,art3miz_0.1,empate,0,-1,100,0,0,0.0000,0.0101,1515,0,1515,0
161,155837609,vermelho,vermelho,heuristica,empate,0,-1,100,60,120,0.5000,0.0938,839,50,741,48
161,155837609,vermelho,azul,reativa,empate,0,-1,100,120,60,2.0000,0.0200,2140,7,2133,0
162,1949492245,azul,verde,art3miz_0.1,vermelho,0,-3,71,90,120,0.7500,0.0769,429,112,217,100
162,1949492245,azul,vermelho,heuristica,vermelho,1,3,71,30,30,1.0000,0.0429,1535,32,1471,32
162,1949492245,azul,azul,reativa,vermelho,0,-3,71,150,120,1.2500,0.0143,1642,9,1633,0
163,1206746855,verde,verde,art3miz_0.1,empate,0,-1,100,0,0,0.0000,0.0000,2030,47,1983,0
163,1206746855,verde,vermelho,heuristica,empate,0,-1,100,0,0,0.0000,0.0600,2428,0,2428,0
163,1206746855,verde,azul,reativa,empate,0,-1,100,0,0,0.0000,0.0200,2076,47,2029,0
164,383512830,vermelho,verde,art3miz_0.1,azul,0,-3,21,150,120,1.2500,0.0500,520,133,265,122
164,383512830,vermelho,vermelho,heuristica,azul,0,-3,21,90,120,0.7500,0.0625,521,81,357,83
164,383512830,vermelho,azul,reativa,azul,1,3,21,30,30,1.0000,0.1905,490,2,488,0
165,1238779790,azul,verde,art3miz_0.1,verde,1,3,30,10,30,0.3333,0.0690,258,27,207,24
165,1238779790,azul,vermelho,heuristica,verde,0,-3,30,150,100,1.5000,0.0357,751,135,489,127
165,1238779790,azul,azul,reativa,verde,0,-3,30,90,120,0.7500,0.0000,188,4,184,0
166,457092375,verde,verde,art3miz_0.1,verde,1,3,51,30,0,30.0000,0.0980,399,49,308,42
166,457092375,verde,vermelho,heuristica,verde,0,-3,51,120,120,1.0000,0.0200,1377,133,1120,124
166,457092375,verde,azul,reativa,verde,0,-3,51,90,120,0.7500,0.0000,244,5,239,0
167,1059044347,vermelho,verde,art3miz_0.1,azul,0,-3,16,150,120,1.2500,0.0667,463,123,229,111
167,1059044347,vermelho,vermelho,heuristica,azul,0,-3,16,90,120,0.7500,0.0000,345,71,208,66
167,1059044347,vermelho,azul,reativa,azul,1,3,16,30,30,1.0000,0.0000,361,4,357,0
168,281457202,azul,verde,art3miz_0.1,verde,1,3,16,30,30,1.0000,0.1333,173,28,120,25
168,281457202,azul,vermelho,heuristica,verde,0,-3,16,90,120,0.7500,0.1000,455,105,251,99
168,281457202,azul,azul,reativa,verde,0,-3,16,150,120,1.2500,0.1333,261,9,252,0
169,1239046820,verde,verde,art3miz_0.1,vermelho,0,-3,32,90,120,0.7500,0.0000,281,83,123,75
169,1239046820,verde,vermelho,heuristica,vermelho,1,3,32,30,0,30.0000,0.0625,864,44,775,45
169,1239046820,verde,azul,reativa,vermelho,0,-3,32,120,120,1.0000,0.0968,644,8,636,0
170,461995623,vermelho,verde,art3miz_0.1,verde,1,3,71,30,30,1.0000,0.0571,381,28,328,25
170,461995623,vermelho,vermelho,heuristica,verde,0,-3,71,150,120,1.2500,0.0571,1953,161,1642,150
170,461995623,vermelho,azul,reativa,verde,0,-3,71,90,120,0.7500,0.1250,323,5,318,0
171,1520527385,azul,verde,art3miz_0.1,vermelho,0,-3,20,120,120,1.0000,0.0000,392,102,202,88
171,1520527385,azul,vermelho,heuristica,vermelho,1,3,20,30,0,30.0000,0.0526,460,27,408,25
171,1520527385,azul,azul,reativa,vermelho,0,-3,20,90,120,0.7500,0.0769,242,5,237,0
172,681314169,verde,verde,art3miz_0.1,azul,0,-3,15,90,100,0.9000,0.1667,311,107,129,75
172,681314169,verde,vermelho,heuristica,azul,0,-3,15,110,100,1.1000,0.2667,721,172,375,174
172,681314169,verde,azul,reativa,azul,1,3,15,10,10,1.0000,0.1333,357,4,353,0
173,1151681641,vermelho,verde,art3miz_0.1,vermelho,0,-3,31,70,100,0.7000,0.2500,373,102,181,90
173,1151681641,vermelho,vermelho,heuristica,vermelho,1,3,31,30,0,30.0000,0.0323,768,40,690,38
173,1151681641,vermelho,azul,reativa,vermelho,0,-3,31,100,100,1.0000,0.2000,615,9,606,0
174,915322822,azul,verde,art3miz_0.1,vermelho,0,-3,21,120,120,1.0000,0.0500,387,105,190,92
174,915322822,azul,vermelho,heuristica,vermelho,1,3,21,30,0,30.0000,0.0000,516,27,464,25
174,915322822,azul,azul,reativa,vermelho,0,-3,21,90,120,0.7500,0.0000,179,5,174,0
175,1219387384,verde,verde,art3miz_0.1,empate,0,-1,100,0,0,0.0000,0.0200,1085,0,1085,0
175,1219387384,verde,vermelho,heuristica,empate,0,-1,100,120,90,1.3333,0.0400,2485,100,2295,90
175,1219387384,verde,azul,reativa,empate,0,-1,100,90,120,0.7500,0.0000,217,5,212,0
176,669132441,vermelho,verde,art3miz_0.1,verde,1,3,26,30,0,30.0000,0.0800,225,22,185,18
176,669132441,vermelho,vermelho,heuristica,verde,0,-3,26,90,120,0.7500,0.0000,697,146,401,150
176,669132441,vermelho,azul,reativa,verde,0,-3,26,120,120,1.0000,0.0400,543,7,536,0
177,1538008631,azul,verde,art3miz_0.1,azul,0,-3,35,70,110,0.6364,0.2941,440,106,240,94
177,1538008631,azul,vermelho,heuristica,azul,0,-3,35,140,100,1.4000,0.2647,1143,168,801,174
177,1538008631,azul,azul,reativa,azul,1,3,35,30,30,1.0000,0.0571,775,2,773,0
178,557466564,verde,verde,art3miz_0.1,empate,0,-1,100,110,90,1.2222,0.1000,800,107,593,100
178,557466564,verde,vermelho,heuristica,empate,0,-1,100,90,110,0.8182,0.2857,546,95,351,100
178,557466564,verde,azul,reativa,empate,0,-1,100,0,0,0.0000,0.0100,1750,0,1750,0
179,1498413934,vermelho,verde,art3miz_0.1,vermelho,0,-3,26,90,120,0.7500,0.2308,353,83,195,75
179,1498413934,vermelho,vermelho,heuristica,vermelho,1,3,26,30,30,1.0000,0.0385,745,46,651,48
179,1498413934,vermelho,azul,reativa,vermelho,0,-3,26,150,120,1.2500,0.0400,515,10,505,0
180,542293507,azul,verde,art3miz_0.1,verde,1,3,15,60,30,2.0000,0.0714,246,84,112,50
180,542293507,azul,vermelho,heuristica,verde,0,-3,15,90,120,0.7500,0.0000,498,111,292,95
180,542293507,azul,azul,reativa,verde,0,-3,15,120,120,1.0000,0.2857,257,5,252,0
181,1371703114,verde,verde,art3miz_0.1,vermelho,0,-3,18,90,120,0.7500,0.1111,256,84,97,75
181,1371703114,verde,vermelho,heuristica,vermelho,1,3,18,30,30,1.0000,0.0000,463,26,412,25
181,1371703114,verde,azul,reativa,vermelho,0,-3,18,150,120,1.2500,0.0588,313,8,305,0
182,117727943,vermelho,verde,art3miz_0.1,verde,1,3,33,30,30,1.0000,0.0000,248,27,196,25
182,117727943,vermelho,vermelho,heuristica,verde,0,-3,33,90,120,0.7500,0.0000,479,105,275,99
182,117727943,vermelho,azul,reativa,verde,0,-3,33,150,120,1.2500,0.0938,646,9,637,0
183,603806591,azul,verde,art3miz_0.1,vermelho,0,-3,22,140,110,1.2727,0.1905,514,140,250,124
183,603806591,azul,vermelho,heuristica,vermelho,1,3,22,20,20,1.0000,0.0952,438,43,352,43
183,603806591,azul,azul,reativa,vermelho,0,-3,22,90,120,0.7500,0.0000,158,3,155,0
184,699897077,verde,verde,art3miz_0.1,empate,0,-1,100,120,90,1.3333,0.0500,776,114,562,100
184,699897077,verde,vermelho,heuristica,empate,0,-1,100,0,0,0.0000,0.9800,1726,0,1726,0
184,699897077,verde,azul,reativa,empate,0,-1,100,90,120,0.7500,0.0000,502,4,498,0
185,519069263,vermelho,verde,art3miz_0.1,verde,1,3,15,20,0,20.0000,0.1429,167,30,112,25
185,519069263,vermelho,vermelho,heuristica,verde,0,-3,15,80,110,0.7273,0.1667,557,129,303,125
185,519069263,vermelho,azul,reativa,verde,0,-3,15,110,100,1.1000,0.3571,262,8,254,0
186,1300684724,azul,verde,art3miz_0.1,azul,0,-3,30,80,120,0.6667,0.0714,271,80,116,75
186,1300684724,azul,vermelho,heuristica,azul,0,-3,30,120,110,1.0909,0.1724,972,131,716,125
186,1300684724,azul,azul,reativa,azul,1,3,30,30,0,30.0000,0.0000,655,4,651,0
187,1520408512,verde,verde,art3miz_0.1,empate,0,-1,100,30,120,0.2500,0.1579,382,85,219,78
187,1520408512,verde,vermelho,heuristica,empate,0,-1,100,120,30,4.0000,0.0400,2503,136,2241,126
187,1520408512,verde,azul,reativa,empate,0,-1,100,0,0,0.0000,0.0100,1820,0,1820,0
188,1385646527,vermelho,verde,art3miz_0.1,verde,1,3,17,30,30,1.0000,0.2500,121,24,76,21
188,1385646527,vermelho,vermelho,heuristica,verde,0,-3,17,150,120,1.2500,0.0000,622,125,383,114
188,1385646527,vermelho,azul,reativa,verde,0,-3,17,90,120,0.7500,0.0000,187,4,183,0
189,1017835355,azul,verde,art3miz_0.1,azul,0,-3,21,120,120,1.0000,0.0500,448,107,241,100
189,1017835355,azul,vermelho,heuristica,azul,0,-3,21,90,120,0.7500,0.0000,434,79,280,75
189,1017835355,azul,azul,reativa,azul,1,3,21,30,0,30.0000,0.0952,415,2,413,0
190,1799545139,verde,verde,art3miz_0.1,empate,0,-1,100,120,90,1.3333,0.0500,1085,82,928,75
190,1799545139,verde,vermelho,heuristica,empate,0,-1,100,90,120,0.7500,0.0909,433,79,279,75
190,1799545139,verde,azul,reativa,empate,0,-1,100,0,0,0.0000,0.4600,1850,0,1850,0
191,129883519,vermelho,verde,art3miz_0.1,vermelho,0,-3,80,90,120,0.7500,0.1538,269,84,110,75
191,129883519,vermelho,vermelho,heuristica,vermelho,1,3,80,30,0,30.0000,0.0875,1936,18,1902,16
191,129883519,vermelho,azul,reativa,vermelho,0,-3,80,120,120,1.0000,0.0127,1226,6,1220,0
192,1102580056,azul,verde,art3miz_0.1,verde,1,3,35,30,0,30.0000,0.0000,364,22,324,18
192,1102580056,azul,vermelho,heuristica,verde,0,-3,35,120,120,1.0000,0.0606,1028,127,785,116
192,1102580056,azul,azul,reativa,verde,0,-3,35,90,120,0.7500,0.0000,389,3,386,0
193,1554659575,verde,verde,art3miz_0.1,verde,1,3,56,30,0,30.0000,0.0536,940,30,885,25
193,1554659575,verde,vermelho,heuristica,verde,0,-3,56,120,120,1.0000,0.0545,1614,135,1354,125
193,1554659575,verde,azul,reativa,verde,0,-3,56,90,120,0.7500,0.0000,207,6,201,0
194,1156300410,vermelho,verde,art3miz_0.1,vermelho,0,-3,31,90,120,0.7500,0.2000,261,79,112,70
194,1156300410,vermelho,vermelho,heuristica,vermelho,1,3,31,30,0,30.0000,0.1613,798,23,750,25
194,1156300410,vermelho,azul,reativa,vermelho,0,-3,31,120,120,1.0000,0.0333,626,6,620,0
195,529621933,azul,verde,art3miz_0.1,azul,0,-3,40,80,120,0.6667,0.1538,266,73,124,69
195,529621933,azul,vermelho,heuristica,azul,0,-3,40,150,110,1.3636,0.0256,1186,156,876,154
195,529621933,azul,azul,reativa,azul,1,3,40,30,30,1.0000,0.0250,769,2,767,0
196,1734993955,verde,verde,art3miz_0.1,empate,0,-1,100,90,120,0.7500,0.0000,241,75,101,65
196,1734993955,verde,vermelho,heuristica,empate,0,-1,100,0,0,0.0000,0.0000,1880,0,1880,0
196,1734993955,verde,azul,reativa,empate,0,-1,100,120,90,1.3333,0.0200,1947,6,1941,0
197,178452452,vermelho,verde,art3miz_0.1,azul,0,-3,35,120,120,1.0000,0.0000,398,82,241,75
197,178452452,vermelho,vermelho,heuristica,azul,0,-3,35,90,120,0.7500,0.0000,307,79,153,75
197,178452452,vermelho,azul,reativa,azul,1,3,35,30,0,30.0000,0.0857,832,2,830,0
198,521402375,azul,verde,art3miz_0.1,azul,0,-3,48,90,120,0.7500,0.0000,325,78,172,75
198,521402375,azul,vermelho,heuristica,azul,0,-3,48,120,120,1.0000,0.0426,1385,127,1133,125
198,521402375,azul,azul,reativa,azul,1,3,48,30,0,30.0000,0.0000,718,2,716,0
199,105700785,verde,verde,art3miz_0.1,azul,0,-3,25,150,120,1.2500,0.1200,546,189,232,125
199,105700785,verde,vermelho,heuristica,azul,0,-3,25,90,120,0.7500,0.0870,748,106,542,100
199,105700785,verde,azul,reativa,azul,1,3,25,30,30,1.0000,0.0400,597,9,588,0
200,2008931110,vermelho,verde,art3miz_0.1,azul,0,-3,33,100,120,0.8333,0.2500,634,127,382,125
200,2008931110,vermelho,vermelho,heuristica,azul,0,-3,33,90,100,0.9000,0.1111,601,79,447,75
200,2008931110,vermelho,azul,reativa,azul,1,3,33,30,0,30.0000,0.1818,778,4,774,0
201,1342046878,azul,verde,art3miz_0.1,empate,0,-1,100,120,90,1.3333,0.0404,781,113,568,100
201,1342046878,azul,vermelho,heuristica,empate,0,-1,100,0,0,0.0000,0.0303,2088,0,2088,0
201,1342046878,azul,azul,reativa,empate,0,-1,100,90,120,0.7500,0.0000,277,3,274,0
202,953152536,verde,verde,art3miz_0.1,azul,0,-3,59,90,120,0.7500,0.0714,313,79,159,75
202,953152536,verde,vermelho,heuristica,azul,0,-3,59,120,120,1.0000,0.1186,1617,105,1412,100
202,953152536,verde,azul,reativa,azul,1,3,59,30,0,30.0000,0.0339,1047,2,1045,0
203,1936411928,vermelho,verde,art3miz_0.1,vermelho,0,-3,41,60,120,0.5000,0.1111,377,100,187,90
203,1936411928,vermelho,vermelho,heuristica,vermelho,1,3,41,60,60,1.0000,0.0488,1009,35,942,32
203,1936411928,vermelho,azul,reativa,vermelho,0,-3,41,180,120,1.5000,0.1000,815,11,804,0
204,1166957166,azul,verde,art3miz_0.1,azul,0,-3,36,120,120,1.0000,0.0000,450,100,258,92
204,1166957166,azul,vermelho,heuristica,azul,0,-3,36,90,120,0.7500,0.1765,562,90,381,91
204,1166957166,azul,azul,reativa,azul,1,3,36,30,0,30.0000,0.0000,651,2,649,0
205,1693299176,verde,verde,art3miz_0.1,verde,1,3,42,30,0,30.0000,0.0952,256,21,218,17
205,1693299176,verde,vermelho,heuristica,verde,0,-3,42,120,120,1.0000,0.0976,1142,99,955,88
205,1693299176,verde,azul,reativa,verde,0,-3,42,90,120,0.7500,0.0000,184,5,179,0
206,1869436229,vermelho,verde,art3miz_0.1,vermelho,0,-3,48,90,120,0.7500,0.0000,265,69,135,61
206,1869436229,vermelho,vermelho,heuristica,vermelho,1,3,48,30,0,30.0000,0.0417,1173,27,1121,25
206,1869436229,vermelho,azul,reativa,vermelho,0,-3,48,120,120,1.0000,0.0426,1041,7,1034,0
207,145879472,azul,verde,art3miz_0.1,vermelho,0,-3,49,90,120,0.7500,0.4000,645,194,277,174
207,145879472,azul,vermelho,heuristica,vermelho,1,3,49,30,30,1.0000,0.0417,1141,25,1094,22
207,145879472,azul,azul,reativa,vermelho,0,-3,49,150,120,1.2500,0.2292,975,15,960,0
208,149114399,verde,verde,art3miz_0.1,empate,0,-1,100,60,120,0.5000,0.0278,368,79,216,73
208,149114399,verde,vermelho,heuristica,empate,0,-1,100,120,60,2.0000,0.0500,2494,97,2307,90
208,149114399,verde,azul,reativa,empate,0,-1,100,0,0,0.0000,0.0000,1654,0,1654,0
209,1683453032,vermelho,verde,art3miz_0.1,verde,1,3,20,30,30,1.0000,0.0000,136,28,83,25
209,1683453032,vermelho,vermelho,heuristica,verde,0,-3,20,90,120,0.7500,0.0714,469,87,304,78
209,1683453032,vermelho,azul,reativa,verde,0,-3,20,150,120,1.2500,0.0000,311,9,302,0
210,1180105192,azul,verde,art3miz_0.1,vermelho,0,-3,31,120,120,1.0000,0.0333,351,78,206,67
210,1180105192,azul,vermelho,heuristica,vermelho,1,3,31,30,0,30.0000,0.0333,712,54,601,57
210,1180105192,azul,azul,reativa,vermelho,0,-3,31,90,120,0.7500,0.0000,81,5,76,0
211,706502710,verde,verde,art3miz_0.1,azul,0,-3,19,90,120,0.7500,0.0667,342,79,188,75
211,706502710,verde,vermelho,heuristica,azul,0,-3,19,120,120,1.0000,0.0000,694,105,489,100
211,706502710,verde,azul,reativa,azul,1,3,19,30,0,30.0000,0.0000,465,4,461,0
212,1552000050,vermelho,verde,art3miz_0.1,vermelho,0,-3,34,90,120,0.7500,0.0000,296,82,141,73
212,1552000050,vermelho,vermelho,heuristica,vermelho,1,3,34,30,30,1.0000,0.0588,851,18,817,16
212,1552000050,vermelho,azul,reativa,vermelho,0,-3,34,150,120,1.2500,0.0909,650,8,642,0
213,1627387955,azul,verde,art3miz_0.1,verde,1,3,37,30,0,30.0000,0.1667,227,31,172,24
213,1627387955,azul,vermelho,heuristica,verde,0,-3,37,120,120,1.0000,0.0000,890,125,643,122
213,1627387955,azul,azul,reativa,verde,0,-3,37,90,120,0.7500,0.0000,206,3,203,0
214,692168545,verde,verde,art3miz_0.1,vermelho,0,-3,37,120,120,1.0000,0.0000,535,114,321,100
214,692168545,verde,vermelho,heuristica,vermelho,1,3,37,30,0,30.0000,0.0000,875,43,782,50
214,692168545,verde,azul,reativa,vermelho,0,-3,37,90,120,0.7500,0.0000,207,4,203,0
215,1117255669,vermelho,verde,art3miz_0.1,vermelho,0,-3,20,90,120,0.7500,0.1000,301,85,142,74
215,1117255669,vermelho,vermelho,heuristica,vermelho,1,3,20,30,30,1.0000,0.0500,476,23,434,19
215,1117255669,vermelho,azul,reativa,vermelho,0,-3,20,150,120,1.2500,0.0000,299,10,289,0
216,1291571188,azul,verde,art3miz_0.1,verde,1,3,35,60,90,0.6667,0.1176,394,82,237,75
216,1291571188,azul,vermelho,heuristica,verde,0,-3,35,60,120,0.5000,0.3077,479,91,303,85
216,1291571188,azul,azul,reativa,verde,0,-3,35,210,120,1.7500,0.1765,659,14,645,0
217,1835059891,verde,verde,art3miz_0.1,azul,0,-3,17,90,110,0.8182,0.1818,257,78,104,75
217,1835059891,verde,vermelho,heuristica,azul,0,-3,17,140,120,1.1667,0.0588,725,148,427,150
217,1835059891,verde,azul,reativa,azul,1,3,17,30,30,1.0000,0.0000,391,2,389,0
218,770527005,vermelho,verde,art3miz_0.1,azul,0,-3,18,150,120,1.2500,0.0588,380,100,191,89
218,770527005,vermelho,vermelho,heuristica,azul,0,-3,18,60,120,0.5000,0.0000,435,85,262,88
218,770527005,vermelho,azul,reativa,azul,1,3,18,60,30,2.0000,0.0556,362,4,358,0
219,1839775962,azul,verde,art3miz_0.1,azul,0,-3,25,90,120,0.7500,0.0000,252,80,97,75
219,1839775962,azul,vermelho,heuristica,azul,0,-3,25,120,120,1.0000,0.0417,755,98,564,93
219,1839775962,azul,azul,reativa,azul,1,3,25,30,0,30.0000,0.0400,543,2,541,0
220,786723664,verde,verde,art3miz_0.1,empate,0,-1,100,90,120,0.7500,0.1250,377,108,172,97
220,786723664,verde,vermelho,heuristica,empate,0,-1,100,0,0,0.0000,0.0000,1980,0,1980,0
220,786723664,verde,azul,reativa,empate,0,-1,100,120,90,1.3333,0.0400,2068,6,2062,0
221,1984655043,vermelho,verde,art3miz_0.1,empate,0,-1,100,120,90,1.3333,0.0606,710,102,519,89
221,1984655043,vermelho,vermelho,heuristica,empate,0,-1,100,0,0,0.0000,0.0000,1568,0,1568,0
221,1984655043,vermelho,azul,reativa,empate,0,-1,100,90,120,0.7500,0.0000,206,3,203,0
222,2038087983,azul,verde,art3miz_0.1,vermelho,0,-3,34,80,110,0.7273,0.3000,624,163,311,150
222,2038087983,azul,vermelho,heuristica,vermelho,1,3,34,30,0,30.0000,0.0303,670,37,598,35
222,2038087983,azul,azul,reativa,vermelho,0,-3,34,110,110,1.0000,0.2727,721,10,711,0
223,24191029,verde,verde,art3miz_0.1,azul,0,-3,23,60,120,0.5000,0.0000,262,80,107,75
223,24191029,verde,vermelho,heuristica,azul,0,-3,23,150,120,1.2500,0.0000,837,157,533,147
223,24191029,verde,azul,reativa,azul,1,3,23,60,30,2.0000,0.0435,502,4,498,0
224,1641540538,vermelho,verde,art3miz_0.1,verde,1,3,15,30,0,30.0000,0.0000,139,25,92,22
224,1641540538,vermelho,vermelho,heuristica,verde,0,-3,15,120,120,1.0000,0.1429,555,125,313,117
224,1641540538,vermelho,azul,reativa,verde,0,-3,15,90,120,0.7500,0.0000,124,4,120,0
225,951702792,azul,verde,art3miz_0.1,vermelho,0,-3,56,130,100,1.3000,0.2182,878,193,513,172
225,951702792,azul,vermelho,heuristica,vermelho,1,3,56,30,30,1.0000,0.0000,1261,27,1209,25
225,951702792,azul,azul,reativa,vermelho,0,-3,56,70,100,0.7000,0.2778,377,5,372,0
226,675296008,verde,verde,art3miz_0.1,azul,0,-3,23,120,120,1.0000,0.0000,506,108,298,100
226,675296008,verde,vermelho,heuristica,azul,0,-3,23,90,120,0.7500,0.0000,549,96,353,100
226,675296008,verde,azul,reativa,azul,1,3,23,30,0,30.0000,0.0435,537,2,535,0
227,559324355,vermelho,verde,art3miz_0.1,azul,0,-3,26,70,100,0.7000,0.0769,263,80,108,75
227,559324355,vermelho,vermelho,heuristica,azul,0,-3,26,100,100,1.0000,0.1538,845,105,640,100
227,559324355,vermelho,azul,reativa,azul,1,3,26,30,0,30.0000,0.0385,597,2,595,0
228,981530121,azul,verde,art3miz_0.1,vermelho,0,-3,34,90,120,0.7500,0.0000,244,82,88,74
228,981530121,azul,vermelho,heuristica,vermelho,1,3,34,30,0,30.0000,0.0909,857,44,763,50
228,981530121,azul,azul,reativa,vermelho,0,-3,34,120,120,1.0000,0.0606,708,7,701,0
229,1656250677,verde,verde,art3miz_0.1,azul,0,-3,26,90,120,0.7500,0.0000,293,75,147,71
229,1656250677,verde,vermelho,heuristica,azul,0,-3,26,150,120,1.2500,0.0769,901,141,619,141
229,1656250677,verde,azul,reativa,azul,1,3,26,30,30,1.0000,0.1154,574,2,572,0
230,207735304,vermelho,verde,art3miz_0.1,azul,0,-3,62,90,120,0.7500,0.0455,411,105,206,100
230,207735304,vermelho,vermelho,heuristica,azul,0,-3,62,150,120,1.2500,0.0484,1797,156,1485,156
230,207735304,vermelho,azul,reativa,azul,1,3,62,30,30,1.0000,0.1290,1439,1,1438,0
231,989711541,azul,verde,art3miz_0.1,vermelho,0,-3,21,150,100,1.5000,0.0500,661,159,358,144
231,989711541,azul,vermelho,heuristica,vermelho,1,3,21,10,30,0.3333,0.0500,556,26,506,24
231,989711541,azul,azul,reativa,vermelho,0,-3,21,90,120,0.7500,0.0000,282,5,277,0
232,1444584449,verde,verde,art3miz_0.1,azul,0,-3,18,130,110,1.1818,0.1667,504,134,248,122
232,1444584449,verde,vermelho,heuristica,azul,0,-3,18,80,100,0.8000,0.3333,559,132,302,125
232,1444584449,verde,azul,reativa,azul,1,3,18,30,30,1.0000,0.0000,396,3,393,0
233,594435942,vermelho,verde,art3miz_0.1,empate,0,-1,100,120,80,1.5000,0.0808,758,109,549,100
233,594435942,vermelho,vermelho,heuristica,empate,0,-1,100,80,120,0.6667,0.3077,546,128,295,123
233,594435942,vermelho,azul,reativa,empate,0,-1,100,0,0,0.0000,0.0000,1734,0,1734,0
234,1488348715,azul,verde,art3miz_0.1,verde,1,3,78,20,0,20.0000,0.0649,844,28,792,24
234,1488348715,azul,vermelho,heuristica,verde,0,-3,78,90,120,0.7500,0.1333,816,59,704,53
234,1488348715,azul,azul,reativa,verde,0,-3,78,120,110,1.0909,0.1429,1750,7,1743,0
235,15411380,verde,verde,art3miz_0.1,vermelho,0,-3,20,90,120,0.7500,0.0000,257,84,98,75
235,15411380,verde,vermelho,heuristica,vermelho,1,3,20,30,30,1.0000,0.1000,583,44,489,50
235,15411380,verde,azul,reativa,vermelho,0,-3,20,150,120,1.2500,0.0526,368,10,358,0
236,893382118,vermelho,verde,art3miz_0.1,vermelho,0,-3,56,90,120,0.7500,0.0000,257,84,98,75
236,893382118,vermelho,vermelho,heuristica,vermelho,1,3,56,30,0,30.0000,0.0000,1059,19,1024,16
236,893382118,vermelho,azul,reativa,vermelho,0,-3,56,120,120,1.0000,0.1273,1174,7,1167,0
237,829102571,azul,verde,art3miz_0.1,vermelho,0,-3,62,90,120,0.7500,0.1333,403,106,204,93
237,829102571,azul,vermelho,heuristica,vermelho,1,3,62,30,0,30.0000,0.0164,1441,60,1321,60
237,829102571,azul,azul,reativa,vermelho,0,-3,62,120,120,1.0000,0.0492,1308,7,1301,0
238,1104959249,verde,verde,art3miz_0.1,empate,0,-1,100,0,0,0.0000,0.0100,1480,48,1432,0
238,1104959249,verde,vermelho,heuristica,empate,0,-1,100,0,0,0.0000,0.0000,2057,48,2009,0
238,1104959249,verde,azul,reativa,empate,0,-1,100,0,0,0.0000,0.0200,2584,0,2584,0
239,436567940,vermelho,verde,art3miz_0.1,verde,1,3,13,30,0,30.0000,0.0833,180,30,125,25
239,436567940,vermelho,vermelho,heuristica,verde,0,-3,13,120,120,1.0000,0.0833,514,108,306,100
239,436567940,vermelho,azul,reativa,verde,0,-3,13,90,120,0.7500,0.0000,56,4,52,0
240,314003729,azul,verde,art3miz_0.1,vermelho,0,-3,21,90,120,0.7500,0.0000,321,84,163,74
240,314003729,azul,vermelho,heuristica,vermelho,1,3,21,30,60,0.5000,0.2000,565,49,468,48
240,314003729,azul,azul,reativa,vermelho,0,-3,21,180,120,1.5000,0.0000,361,11,350,0
241,334422033,verde,verde,art3miz_0.1,vermelho,0,-3,29,90,120,0.7500,0.0952,275,70,144,61
241,334422033,verde,vermelho,heuristica,vermelho,1,3,29,30,60,0.5000,0.0000,777,32,713,32
241,334422033,verde,azul,reativa,vermelho,0,-3,29,180,120,1.5000,0.0000,528,10,518,0
242,251380444,vermelho,verde,art3miz_0.1,azul,0,-3,30,90,120,0.7500,0.0000,213,67,84,62
242,251380444,vermelho,vermelho,heuristica,azul,0,-3,30,120,120,1.0000,0.0333,814,104,609,101
242,251380444,vermelho,azul,reativa,azul,1,3,30,30,0,30.0000,0.0667,676,2,674,0
243,1102806774,azul,verde,art3miz_0.1,azul,0,-3,56,90,120,0.7500,0.0556,302,80,147,75
243,1102806774,azul,vermelho,heuristica,azul,0,-3,56,120,120,1.0000,0.0545,1551,105,1346,100
243,1102806774,azul,azul,reativa,azul,1,3,56,30,0,30.0000,0.0000,1099,2,1097,0
244,1761145918,verde,verde,art3miz_0.1,azul,0,-3,30,90,120,0.7500,0.0667,271,80,116,75
244,1761145918,verde,vermelho,heuristica,azul,0,-3,30,120,120,1.0000,0.0667,942,105,737,100
244,1761145918,verde,azul,reativa,azul,1,3,30,30,0,30.0000,0.0000,742,2,740,0
245,1986957636,vermelho,verde,art3miz_0.1,empate,0,-1,100,90,120,0.7500,0.0417,282,69,153,60
245,1986957636,vermelho,vermelho,heuristica,empate,0,-1,100,0,0,0.0000,0.0300,1980,0,1980,0
245,1986957636,vermelho,azul,reativa,empate,0,-1,100,120,90,1.3333,0.0200,2320,6,2314,0
246,1517405042,azul,verde,art3miz_0.1,vermelho,0,-3,33,120,120,1.0000,0.0313,553,112,344,97
246,1517405042,azul,vermelho,heuristica,vermelho,1,3,33,30,0,30.0000,0.0625,841,27,790,24
246,1517405042,azul,azul,reativa,vermelho,0,-3,33,90,120,0.7500,0.0000,512,6,506,0
247,286550506,verde,verde,art3miz_0.1,empate,0,-1,100,80,100,0.8000,0.2222,266,80,115,71
247,286550506,verde,vermelho,heuristica,empate,0,-1,100,100,80,1.2500,0.0400,1588,100,1393,95
247,286550506,verde,azul,reativa,empate,0,-1,100,0,0,0.0000,0.0200,1789,0,1789,0
248,137304799,vermelho,verde,art3miz_0.1,verde,1,3,28,30,0,30.0000,0.1481,200,27,150,23
248,137304799,vermelho,vermelho,heuristica,verde,0,-3,28,90,120,0.7500,0.0952,645,81,489,75
248,137304799,vermelho,azul,reativa,verde,0,-3,28,120,120,1.0000,0.0000,585,7,578,0
249,705417887,azul,verde,art3miz_0.1,verde,1,3,32,30,30,1.0000,0.0645,311,35,251,25
249,705417887,azul,vermelho,heuristica,verde,0,-3,32,150,120,1.2500,0.0000,975,188,629,158
249,705417887,azul,azul,reativa,verde,0,-3,32,90,120,0.7500,0.0000,578,5,573,0
250,726116545,verde,verde,art3miz_0.1,azul,0,-3,26,90,120,0.7500,0.0000,416,79,263,74
250,726116545,verde,vermelho,heuristica,azul,0,-3,26,120,120,1.0000,0.0385,892,125,643,124
250,726116545,verde,azul,reativa,azul,1,3,26,30,0,30.0000,0.1154,581,2,579,0
251,1291141008,vermelho,verde,art3miz_0.1,verde,1,3,33,30,30,1.0000,0.3750,541,39,479,23
251,1291141008,vermelho,vermelho,heuristica,verde,0,-3,33,150,120,1.2500,0.1250,1025,132,774,119
251,1291141008,vermelho,azul,reativa,verde,0,-3,33,90,120,0.7500,0.0741,537,14,523,0
252,397193934,azul,verde,art3miz_0.1,verde,1,3,21,30,0,30.0000,0.0500,110,2,108,0
252,397193934,azul,vermelho,heuristica,verde,0,-3,21,90,120,0.7500,0.0833,590,139,301,150
252,397193934,azul,azul,reativa,verde,0,-3,21,120,120,1.0000,0.0500,410,6,404,0
253,214387698,verde,verde,art3miz_0.1,vermelho,0,-3,25,90,120,0.7500,0.2308,354,101,164,89
253,214387698,verde,vermelho,heuristica,vermelho,1,3,25,30,60,0.5000,0.0000,697,49,598,50
253,214387698,verde,azul,reativa,vermelho,0,-3,25,180,120,1.5000,0.0417,416,13,403,0
254,2132358912,vermelho,verde,art3miz_0.1,azul,0,-3,26,90,110,0.8182,0.1818,299,81,143,75
254,2132358912,vermelho,vermelho,heuristica,azul,0,-3,26,110,120,0.9167,0.0385,844,107,637,100
254,2132358912,vermelho,azul,reativa,azul,1,3,26,30,0,30.0000,0.0000,543,3,540,0
255,58356795,azul,verde,art3miz_0.1,vermelho,0,-3,24,120,100,1.2000,0.0870,469,114,255,100
255,58356795,azul,vermelho,heuristica,vermelho,1,3,24,10,0,10.0000,0.0870,621,52,521,48
255,58356795,azul,azul,reativa,vermelho,0,-3,24,90,120,0.7500,0.0000,266,5,261,0
256,1589790228,verde,verde,art3miz_0.1,verde,1,3,14,30,30,1.0000,0.2143,151,25,103,23
256,1589790228,verde,vermelho,heuristica,verde,0,-3,14,150,120,1.2500,0.0000,639,160,329,150
256,1589790228,verde,azul,reativa,verde,0,-3,14,90,120,0.7500,0.0000,106,5,101,0
257,435970243,vermelho,verde,art3miz_0.1,verde,1,3,34,30,0,30.0000,0.0303,312,30,257,25
257,435970243,vermelho,vermelho,heuristica,verde,0,-3,34,90,120,0.7500,0.0000,509,80,354,75
257,435970243,vermelho,azul,reativa,verde,0,-3,34,120,120,1.0000,0.0303,710,8,702,0
258,1527342900,azul,verde,art3miz_0.1,azul,0,-3,40,120,110,1.0909,0.0769,437,82,280,75
258,1527342900,azul,vermelho,heuristica,azul,0,-3,40,80,120,0.6667,0.1111,378,79,224,75
258,1527342900,azul,azul,reativa,azul,1,3,40,30,0,30.0000,0.0250,949,2,947,0
259,1108040743,verde,verde,art3miz_0.1,verde,1,3,20,30,60,0.5000,0.0000,221,34,155,32
259,1108040743,verde,vermelho,heuristica,verde,0,-3,20,90,120,0.7500,0.0769,482,81,326,75
259,1108040743,verde,azul,reativa,verde,0,-3,20,180,120,1.5000,0.1579,318,11,307,0
260,1006993171,vermelho,verde,art3miz_0.1,verde,1,3,41,90,90,1.0000,0.0250,567,104,371,92
260,1006993171,vermelho,vermelho,heuristica,verde,0,-3,41,30,120,0.2500,0.0800,654,45,561,48
260,1006993171,vermelho,azul,reativa,verde,0,-3,41,210,120,1.7500,0.0750,770,13,757,0
261,275007496,azul,verde,art3miz_0.1,vermelho,0,-3,19,90,120,0.7500,0.0000,270,84,111,75
261,275007496,azul,vermelho,heuristica,vermelho,1,3,19,30,0,30.0000,0.0556,529,53,432,44
261,275007496,azul,azul,reativa,vermelho,0,-3,19,120,120,1.0000,0.0000,335,7,328,0
262,1290417309,verde,verde,art3miz_0.1,verde,1,3,76,60,30,2.0000,0.0000,1504,74,1363,67
262,1290417309,verde,vermelho,heuristica,verde,0,-3,76,140,110,1.2727,0.1067,2031,177,1686,168
262,1290417309,verde,azul,reativa,verde,0,-3,76,50,110,0.4545,0.6667,108,7,101,0
263,1970741504,vermelho,verde,art3miz_0.1,azul,0,-3,26,90,120,0.7500,0.0000,269,79,115,75
263,1970741504,vermelho,vermelho,heuristica,azul,0,-3,26,150,120,1.2500,0.0385,956,154,652,150
263,1970741504,vermelho,azul,reativa,azul,1,3,26,30,30,1.0000,0.3077,377,3,374,0
264,432544778,azul,verde,art3miz_0.1,empate,0,-1,100,110,80,1.3750,0.0606,1771,134,1513,124
264,432544778,azul,vermelho,heuristica,empate,0,-1,100,80,110,0.7273,0.1786,898,105,694,99
264,432544778,azul,azul,reativa,empate,0,-1,100,0,0,0.0000,0.4700,1442,0,1442,0
265,1532962704,verde,verde,art3miz_0.1,vermelho,0,-3,34,90,120,0.7500,0.0385,319,83,162,74
265,1532962704,verde,vermelho,heuristica,vermelho,1,3,34,30,0,30.0000,0.0294,931,51,830,50
265,1532962704,verde,azul,reativa,vermelho,0,-3,34,120,120,1.0000,0.0303,741,7,734,0
266,1798660105,vermelho,verde,art3miz_0.1,empate,0,-1,100,90,120,0.7500,0.0952,387,83,229,75
266,1798660105,vermelho,vermelho,heuristica,empate,0,-1,100,0,0,0.0000,0.0200,1579,0,1579,0
266,1798660105,vermelho,azul,reativa,empate,0,-1,100,120,90,1.3333,0.0600,1974,6,1968,0
267,358080245,azul,verde,art3miz_0.1,azul,0,-3,38,140,120,1.1667,0.0811,629,145,343,141
267,358080245,azul,vermelho,heuristica,azul,0,-3,38,90,110,0.8182,0.0909,399,72,261,66
267,358080245,azul,azul,reativa,azul,1,3,38,30,30,1.0000,0.0526,843,1,842,0
268,1943115339,verde,verde,art3miz_0.1,azul,0,-3,33,90,120,0.7500,0.0000,266,73,124,69
268,1943115339,verde,vermelho,heuristica,azul,0,-3,33,120,120,1.0000,0.0303,919,98,721,100
268,1943115339,verde,azul,reativa,azul,1,3,33,30,0,30.0000,0.0000,646,4,642,0
269,477278850,vermelho,verde,art3miz_0.1,vermelho,0,-3,65,90,120,0.7500,0.1429,360,85,200,75
269,477278850,vermelho,vermelho,heuristica,vermelho,1,3,65,30,30,1.0000,0.0615,1378,32,1314,32
269,477278850,vermelho,azul,reativa,vermelho,0,-3,65,150,120,1.2500,0.0938,1459,8,1451,0
270,522803334,azul,verde,art3miz_0.1,vermelho,0,-3,57,90,120,0.7500,0.0000,338,84,179,75
270,522803334,azul,vermelho,heuristica,vermelho,1,3,57,20,30,0.6667,0.0714,1412,115,1179,118
270,522803334,azul,azul,reativa,vermelho,0,-3,57,150,110,1.3636,0.0536,1227,8,1219,0
271,1159399617,verde,verde,art3miz_0.1,empate,0,-1,100,90,120,0.7500,0.0000,355,82,199,74
271,1159399617,verde,vermelho,heuristica,empate,0,-1,100,0,0,0.0000,0.0100,1872,0,1872,0
271,1159399617,verde,azul,reativa,empate,0,-1,100,120,90,1.3333,0.0300,1986,6,1980,0
272,1955071387,vermelho,verde,art3miz_0.1,azul,0,-3,32,90,120,0.7500,0.0000,252,80,97,75
272,1955071387,vermelho,vermelho,heuristica,azul,0,-3,32,150,120,1.2500,0.0000,1043,134,777,132
272,1955071387,vermelho,azul,reativa,azul,1,3,32,30,30,1.0000,0.1250,687,1,686,0
273,2082054462,azul,verde,art3miz_0.1,azul,0,-3,31,90,120,0.7500,0.0769,266,80,111,75
273,2082054462,azul,vermelho,heuristica,azul,0,-3,31,120,120,1.0000,0.0333,926,105,721,100
273,2082054462,azul,azul,reativa,azul,1,3,31,30,0,30.0000,0.0968,685,2,683,0
274,616255602,verde,verde,art3miz_0.1,azul,0,-3,68,90,120,0.7500,0.0667,547,128,344,75
274,616255602,verde,vermelho,heuristica,azul,0,-3,68,120,120,1.0000,0.0000,1686,194,1367,125
274,616255602,verde,azul,reativa,azul,1,3,68,30,0,30.0000,0.0000,1099,31,1068,0
275,330685898,vermelho,verde,art3miz_0.1,verde,1,3,55,30,0,30.0000,0.0926,353,29,299,25
275,330685898,vermelho,vermelho,heuristica,verde,0,-3,55,120,120,1.0000,0.0000,1539,134,1280,125
275,330685898,vermelho,azul,reativa,verde,0,-3,55,90,120,0.7500,0.0714,253,5,248,0
276,293034207,azul,verde,art3miz_0.1,empate,0,-1,100,0,0,0.0000,0.0000,1273,0,1273,0
276,293034207,azul,vermelho,heuristica,empate,0,-1,100,120,90,1.3333,0.0303,2119,135,1845,139
276,293034207,azul,azul,reativa,empate,0,-1,100,90,120,0.7500,0.1579,391,4,387,0
277,1726906955,verde,verde,art3miz_0.1,azul,0,-3,48,80,110,0.7273,0.1538,263,80,108,75
277,1726906955,verde,vermelho,heuristica,azul,0,-3,48,140,110,1.2727,0.0833,1390,121,1154,115
277,1726906955,verde,azul,reativa,azul,1,3,48,30,30,1.0000,0.0000,658,2,656,0
278,652899206,vermelho,verde,art3miz_0.1,empate,0,-1,100,0,0,0.0000,0.0000,3506,868,1857,781
278,652899206,vermelho,vermelho,heuristica,empate,0,-1,100,0,0,0.0000,0.4700,2595,0,2595,0
278,652899206,vermelho,azul,reativa,empate,0,-1,100,0,0,0.0000,0.0000,1930,2,1928,0
279,1775053101,azul,verde,art3miz_0.1,azul,0,-3,31,150,120,1.2500,0.0000,658,156,358,144
279,1775053101,azul,vermelho,heuristica,azul,0,-3,31,90,120,0.7500,0.0625,546,78,394,74
279,1775053101,azul,azul,reativa,azul,1,3,31,30,30,1.0000,0.0000,735,2,733,0
280,1138206718,verde,verde,art3miz_0.1,verde,1,3,33,30,0,30.0000,0.1212,235,26,187,22
280,1138206718,verde,vermelho,heuristica,verde,0,-3,33,90,120,0.7500,0.1429,476,72,338,66
280,1138206718,verde,azul,reativa,verde,0,-3,33,120,120,1.0000,0.0938,688,7,681,0
281,1154859730,vermelho,verde,art3miz_0.1,verde,1,3,31,30,30,1.0000,0.0000,503,27,453,23
281,1154859730,vermelho,vermelho,heuristica,verde,0,-3,31,90,120,0.7500,0.0526,641,92,460,89
281,1154859730,vermelho,azul,reativa,verde,0,-3,31,150,120,1.2500,0.0000,583,11,572,0
282,1853518004,azul,verde,art3miz_0.1,empate,0,-1,100,0,0,0.0000,0.9394,1929,46,1883,0
282,1853518004,azul,vermelho,heuristica,empate,0,-1,100,0,0,0.0000,0.0202,2437,0,2437,0
282,1853518004,azul,azul,reativa,empate,0,-1,100,0,0,0.0000,0.0000,2095,46,2049,0
283,556386123,verde,verde,art3miz_0.1,empate,0,-1,100,0,0,0.0000,0.0100,1666,0,1666,0
283,556386123,verde,vermelho,heuristica,empate,0,-1,100,90,120,0.7500,0.0000,583,81,427,75
283,556386123,verde,azul,reativa,empate,0,-1,100,120,90,1.3333,0.0000,1824,6,1818,0
284,884053951,vermelho,verde,art3miz_0.1,azul,0,-3,28,90,120,0.7500,0.0000,443,181,169,93
284,884053951,vermelho,vermelho,heuristica,azul,0,-3,28,120,120,1.0000,0.0000,836,160,582,94
284,884053951,vermelho,azul,reativa,azul,1,3,28,60,30,2.0000,0.0000,553,18,535,0
285,1520719184,azul,verde,art3miz_0.1,verde,1,3,23,30,30,1.0000,0.0455,147,28,94,25
285,1520719184,azul,vermelho,heuristica,verde,0,-3,23,90,120,0.7500,0.1176,600,101,401,98
285,1520719184,azul,azul,reativa,verde,0,-3,23,150,120,1.2500,0.0455,424,8,416,0
286,1349709110,verde,verde,art3miz_0.1,verde,1,3,29,60,30,2.0000,0.0345,160,21,123,16
286,1349709110,verde,vermelho,heuristica,verde,0,-3,29,60,120,0.5000,0.1600,731,87,560,84
286,1349709110,verde,azul,reativa,verde,0,-3,29,150,120,1.2500,0.0714,533,10,523,0
287,1449566124,vermelho,verde,art3miz_0.1,verde,1,3,27,60,30,2.0000,0.0769,539,145,298,96
287,1449566124,vermelho,vermelho,heuristica,verde,0,-3,27,90,120,0.7500,0.1154,826,108,609,109
287,1449566124,vermelho,azul,reativa,verde,0,-3,27,120,120,1.0000,0.0833,451,8,443,0
288,546701403,azul,verde,art3miz_0.1,azul,0,-3,32,120,120,1.0000,0.0323,470,105,269,96
288,546701403,azul,vermelho,heuristica,azul,0,-3,32,90,120,0.7500,0.0000,510,76,362,72
288,546701403,azul,azul,reativa,azul,1,3,32,30,0,30.0000,0.0625,772,2,770,0
289,1544369877,verde,verde,art3miz_0.1,azul,0,-3,25,60,120,0.5000,0.3077,385,111,174,100
289,1544369877,verde,vermelho,heuristica,azul,0,-3,25,180,120,1.5000,0.1600,935,169,593,173
289,1544369877,verde,azul,reativa,azul,1,3,25,60,60,1.0000,0.0000,571,3,568,0
290,531010709,vermelho,verde,art3miz_0.1,empate,0,-1,100,110,80,1.3750,0.0303,2005,103,1806,96
290,531010709,vermelho,vermelho,heuristica,empate,0,-1,100,80,110,0.7273,0.1538,505,99,312,94
290,531010709,vermelho,azul,reativa,empate,0,-1,100,0,0,0.0000,0.0100,1839,0,1839,0
291,53123547,azul,verde,art3miz_0.1,vermelho,0,-3,16,150,120,1.2500,0.1333,392,113,179,100
291,53123547,azul,vermelho,heuristica,vermelho,1,3,16,30,30,1.0000,0.0000,415,27,363,25
291,53123547,azul,azul,reativa,vermelho,0,-3,16,90,120,0.7500,0.0000,125,5,120,0
292,231262719,verde,verde,art3miz_0.1,azul,0,-3,50,30,100,0.3000,0.5000,271,82,115,74
292,231262719,verde,vermelho,heuristica,azul,0,-3,50,190,120,1.5833,0.1600,1556,189,1186,181
292,231262719,verde,azul,reativa,azul,1,3,50,90,90,1.0000,0.0200,832,5,827,0
293,662711743,vermelho,verde,art3miz_0.1,azul,0,-3,52,150,120,1.2500,0.0980,736,130,474,132
293,662711743,vermelho,vermelho,heuristica,azul,0,-3,52,90,120,0.7500,0.0714,462,79,308,75
293,662711743,vermelho,azul,reativa,azul,1,3,52,30,30,1.0000,0.0577,1209,1,1208,0
294,842140641,azul,verde,art3miz_0.1,azul,0,-3,18,120,120,1.0000,0.0000,368,99,178,91
294,842140641,azul,vermelho,heuristica,azul,0,-3,18,90,120,0.7500,0.1667,500,103,298,99
294,842140641,azul,azul,reativa,azul,1,3,18,30,0,30.0000,0.1111,424,2,422,0
295,1252927648,verde,verde,art3miz_0.1,azul,0,-3,56,70,100,0.7000,0.3333,465,109,256,100
295,1252927648,verde,vermelho,heuristica,azul,0,-3,56,100,100,1.0000,0.1429,1631,142,1345,144
295,1252927648,verde,azul,reativa,azul,1,3,56,30,0,30.0000,0.0179,1025,3,1022,0
296,488546147,vermelho,verde,art3miz_0.1,empate,0,-1,100,0,0,0.0000,0.0000,1848,0,1848,0
296,488546147,vermelho,vermelho,heuristica,empate,0,-1,100,90,120,0.7500,0.0000,421,89,250,82
296,488546147,vermelho,azul,reativa,empate,0,-1,100,120,90,1.3333,0.0100,1636,7,1629,0
297,1093134130,azul,verde,art3miz_0.1,azul,0,-3,20,90,120,0.7500,0.1250,250,80,95,75
297,1093134130,azul,vermelho,heuristica,azul,0,-3,20,150,120,1.2500,0.0000,712,134,446,132
297,1093134130,azul,azul,reativa,azul,1,3,20,30,30,1.0000,0.0500,429,1,428,0
298,856898793,verde,verde,art3miz_0.1,azul,0,-3,11,150,120,1.2500,0.1818,468,176,175,117
298,856898793,verde,vermelho,heuristica,azul,0,-3,11,90,120,0.7500,0.0000,436,117,198,121
298,856898793,verde,azul,reativa,azul,1,3,11,30,30,1.0000,0.0000,241,7,234,0
299,679112036,vermelho,verde,art3miz_0.1,azul,0,-3,57,120,120,1.0000,0.0179,578,97,391,90
299,679112036,vermelho,vermelho,heuristica,azul,0,-3,57,90,120,0.7500,0.2500,597,100,401,96
299,679112036,vermelho,azul,reativa,azul,1,3,57,30,0,30.0000,0.3158,1132,2,1130,0
300,79218301,azul,verde,art3miz_0.1,azul,0,-3,31,90,100,0.9000,0.2222,257,71,121,65
300,79218301,azul,vermelho,heuristica,azul,0,-3,31,100,120,0.8333,0.1333,843,90,668,85
300,79218301,azul,azul,reativa,azul,1,3,31,30,0,30.0000,0.0000,657,2,655,0
301,1425715911,verde,verde,art3miz_0.1,verde,1,3,15,30,30,1.0000,0.0667,168,27,116,25
301,1425715911,verde,vermelho,heuristica,verde,0,-3,15,150,120,1.2500,0.0714,666,160,356,150
301,1425715911,verde,azul,reativa,verde,0,-3,15,90,120,0.7500,0.0000,81,4,77,0
302,324304472,vermelho,verde,art3miz_0.1,azul,0,-3,56,90,120,0.7500,0.0556,278,79,125,74
302,324304472,vermelho,vermelho,heuristica,azul,0,-3,56,120,120,1.0000,0.0179,1516,117,1287,112
302,324304472,vermelho,azul,reativa,azul,1,3,56,30,0,30.0000,0.0536,1157,2,1155,0
303,1492864929,azul,verde,art3miz_0.1,verde,1,3,18,30,30,1.0000,0.1176,176,26,126,24
303,1492864929,azul,vermelho,heuristica,verde,0,-3,18,130,100,1.3000,0.3750,585,119,358,108
303,1492864929,azul,azul,reativa,verde,0,-3,18,70,100,0.7000,0.4167,200,4,196,0
304,1121729027,verde,verde,art3miz_0.1,empate,0,-1,100,60,120,0.5000,0.0000,293,74,150,69
304,1121729027,verde,vermelho,heuristica,empate,0,-1,100,0,0,0.0000,0.0000,1687,0,1687,0
304,1121729027,verde,azul,reativa,empate,0,-1,100,120,60,2.0000,0.0000,1501,7,1494,0
305,329186859,vermelho,verde,art3miz_0.1,vermelho,0,-3,32,120,120,1.0000,0.0000,489,113,276,100
305,329186859,vermelho,vermelho,heuristica,vermelho,1,3,32,30,0,30.0000,0.1250,656,27,604,25
305,329186859,vermelho,azul,reativa,vermelho,0,-3,32,90,120,0.7500,0.2000,181,5,176,0
306,947366636,azul,verde,art3miz_0.1,azul,0,-3,25,160,110,1.4545,0.1667,596,167,279,150
306,947366636,azul,vermelho,heuristica,azul,0,-3,25,20,100,0.2000,0.2500,609,106,403,100
306,947366636,azul,azul,reativa,azul,1,3,25,90,60,1.5000,0.0000,546,5,541,0
307,1818107138,verde,verde,art3miz_0.1,azul,0,-3,31,120,120,1.0000,0.0645,715,154,411,150
307,1818107138,verde,vermelho,heuristica,azul,0,-3,31,90,120,0.7500,0.0714,554,100,354,100
307,1818107138,verde,azul,reativa,azul,1,3,31,30,0,30.0000,0.0000,736,3,733,0
308,635456449,vermelho,verde,art3miz_0.1,azul,0,-3,23,120,120,1.0000,0.0909,324,70,191,63
308,635456449,vermelho,vermelho,heuristica,azul,0,-3,23,90,120,0.7500,0.1111,360,73,218,69
308,635456449,vermelho,azul,reativa,azul,1,3,23,30,0,30.0000,0.1304,538,2,536,0
309,1609319578,azul,verde,art3miz_0.1,empate,0,-1,100,0,0,0.0000,0.0101,1751,0,1751,0
309,1609319578,azul,vermelho,heuristica,empate,0,-1,100,100,90,1.1111,0.4444,2183,146,1889,148
309,1609319578,azul,azul,reativa,empate,0,-1,100,90,100,0.9000,0.2105,365,11,354,0
310,391903060,verde,verde,art3miz_0.1,vermelho,0,-3,96,90,120,0.7500,0.0500,297,84,138,75
310,391903060,verde,vermelho,heuristica,vermelho,1,3,96,30,60,0.5000,0.1042,2235,49,2136,50
310,391903060,verde,azul,reativa,vermelho,0,-3,96,180,120,1.5000,0.0105,1945,9,1936,0
311,369162837,vermelho,verde,art3miz_0.1,verde,1,3,41,60,60,1.0000,0.0750,364,55,259,50
311,369162837,vermelho,vermelho,heuristica,verde,0,-3,41,40,110,0.3636,0.3636,428,90,254,84
311,369162837,vermelho,azul,reativa,verde,0,-3,41,170,100,1.7000,0.2500,817,13,804,0
312,40002021,azul,verde,art3miz_0.1,vermelho,0,-3,40,90,120,0.7500,0.0000,284,81,133,70
312,40002021,azul,vermelho,heuristica,vermelho,1,3,40,30,30,1.0000,0.0256,915,25,867,23
312,40002021,azul,azul,reativa,vermelho,0,-3,40,150,120,1.2500,0.0000,818,9,809,0
313,349757038,verde,verde,art3miz_0.1,verde,1,3,31,30,60,0.5000,0.1290,293,54,189,50
313,349757038,verde,vermelho,heuristica,verde,0,-3,31,90,120,0.7500,0.0769,533,105,328,100
313,349757038,verde,azul,reativa,verde,0,-3,31,180,120,1.5000,0.0333,618,10,608,0
314,1753032231,vermelho,verde,art3miz_0.1,vermelho,0,-3,13,120,120,1.0000,0.0000,312,86,151,75
314,1753032231,vermelho,vermelho,heuristica,vermelho,1,3,13,30,0,30.0000,0.1538,371,27,319,25
314,1753032231,vermelho,azul,reativa,vermelho,0,-3,13,90,120,0.7500,0.0000,88,5,83,0
315,1173196213,azul,verde,art3miz_0.1,azul,0,-3,19,120,120,1.0000,0.0556,366,83,208,75
315,1173196213,azul,vermelho,heuristica,azul,0,-3,19,90,120,0.7500,0.0909,419,79,265,75
315,1173196213,azul,azul,reativa,azul,1,3,19,30,0,30.0000,0.1579,428,3,425,0
316,63142686,verde,verde,art3miz_0.1,vermelho,0,-3,27,150,120,1.2500,0.0000,526,137,269,120
316,63142686,verde,vermelho,heuristica,vermelho,1,3,27,30,30,1.0000,0.0370,680,21,641,18
316,63142686,verde,azul,reativa,vermelho,0,-3,27,90,120,0.7500,0.0000,331,5,326,0
317,681300813,vermelho,verde,art3miz_0.1,empate,0,-1,100,80,110,0.7273,0.2500,339,104,144,91
317,681300813,vermelho,vermelho,heuristica,empate,0,-1,100,0,0,0.0000,0.0300,2054,0,2054,0
317,681300813,vermelho,azul,reativa,empate,0,-1,100,110,80,1.3750,0.0400,1892,8,1884,0
318,506974165,azul,verde,art3miz_0.1,azul,0,-3,21,60,120,0.5000,0.0000,428,127,203,98
318,506974165,azul,vermelho,heuristica,azul,0,-3,21,150,120,1.2500,0.3000,899,213,490,196
318,506974165,azul,azul,reativa,azul,1,3,21,60,30,2.0000,0.0476,483,9,474,0
319,1573761150,verde,verde,art3miz_0.1,azul,0,-3,38,60,100,0.6000,0.1379,369,76,221,72
319,1573761150,verde,vermelho,heuristica,azul,0,-3,38,100,120,0.8333,0.1579,1071,113,845,113
319,1573761150,verde,azul,reativa,azul,1,3,38,60,0,60.0000,0.0526,875,5,870,0
320,1937942672,vermelho,verde,art3miz_0.1,vermelho,0,-3,39,90,120,0.7500,0.1000,258,84,99,75
320,1937942672,vermelho,vermelho,heuristica,vermelho,1,3,39,30,30,1.0000,0.1795,1001,61,874,66
320,1937942672,vermelho,azul,reativa,vermelho,0,-3,39,150,120,1.2500,0.0789,802,9,793,0
321,2043056792,azul,verde,art3miz_0.1,vermelho,0,-3,16,120,120,1.0000,0.0667,438,114,224,100
321,2043056792,azul,vermelho,heuristica,vermelho,1,3,16,30,0,30.0000,0.0000,400,27,348,25
321,2043056792,azul,azul,reativa,vermelho,0,-3,16,90,120,0.7500,0.0000,174,3,171,0
322,1502885451,verde,verde,art3miz_0.1,vermelho,0,-3,70,70,120,0.5833,0.2857,213,70,82,61
322,1502885451,verde,vermelho,heuristica,vermelho,1,3,70,30,30,1.0000,0.0286,1644,18,1610,16
322,1502885451,verde,azul,reativa,vermelho,0,-3,70,150,100,1.5000,0.1159,1430,10,1420,0
323,1638525914,vermelho,verde,art3miz_0.1,vermelho,0,-3,53,60,120,0.5000,0.0769,277,63,160,54
323,1638525914,vermelho,vermelho,heuristica,vermelho,1,3,53,60,30,2.0000,0.0000,1142,53,1039,50
323,1638525914,vermelho,azul,reativa,vermelho,0,-3,53,150,120,1.2500,0.0385,1025,11,1014,0
324,1461675684,azul,verde,art3miz_0.1,verde,1,3,12,30,0,30.0000,0.1818,60,2,58,0
324,1461675684,azul,vermelho,heuristica,verde,0,-3,12,90,120,0.7500,0.0000,378,80,224,74
324,1461675684,azul,azul,reativa,verde,0,-3,12,120,120,1.0000,0.0000,165,6,159,0
325,971720179,verde,verde,art3miz_0.1,empate,0,-1,100,50,100,0.5000,0.1429,298,83,140,75
325,971720179,verde,vermelho,heuristica,empate,0,-1,100,100,50,2.0000,0.5900,2099,155,1796,148
325,971720179,verde,azul,reativa,empate,0,-1,100,0,0,0.0000,0.0000,1364,0,1364,0
326,566942735,vermelho,verde,art3miz_0.1,azul,0,-3,22,90,120,0.7500,0.1111,295,79,141,75
326,566942735,vermelho,vermelho,heuristica,azul,0,-3,22,120,120,1.0000,0.0455,805,122,558,125
326,566942735,vermelho,azul,reativa,azul,1,3,22,30,0,30.0000,0.0000,529,4,525,0
327,1508647464,azul,verde,art3miz_0.1,verde,1,3,24,30,30,1.0000,0.0870,202,32,145,25
327,1508647464,azul,vermelho,heuristica,verde,0,-3,24,90,120,0.7500,0.0625,544,95,353,96
327,1508647464,azul,azul,reativa,verde,0,-3,24,150,120,1.2500,0.0435,403,9,394,0
328,603781327,verde,verde,art3miz_0.1,azul,0,-3,27,90,120,0.7500,0.0000,393,76,246,71
328,603781327,verde,vermelho,heuristica,azul,0,-3,27,120,120,1.0000,0.0741,877,112,647,118
328,603781327,verde,azul,reativa,azul,1,3,27,30,0,30.0000,0.0741,605,2,603,0
329,1627862180,vermelho,verde,art3miz_0.1,vermelho,0,-3,18,90,110,0.8182,0.0714,360,138,147,75
329,1627862180,vermelho,vermelho,heuristica,vermelho,1,3,18,140,90,1.5556,0.2778,848,241,420,187
329,1627862180,vermelho,azul,reativa,vermelho,0,-3,18,90,120,0.7500,0.1765,342,6,336,0
330,2108647050,azul,verde,art3miz_0.1,empate,0,-1,100,0,0,0.0000,0.0101,652,4,648,0
330,2108647050,azul,vermelho,heuristica,empate,0,-1,100,0,0,0.0000,0.0000,1801,69,1708,24
330,2108647050,azul,azul,reativa,empate,0,-1,100,0,0,0.0000,0.0100,2551,0,2551,0
331,71850044,verde,verde,art3miz_0.1,azul,0,-3,29,80,110,0.7273,0.2400,487,103,291,93
331,71850044,verde,vermelho,heuristica,azul,0,-3,29,150,120,1.2500,0.2069,1055,178,711,166
331,71850044,verde,azul,reativa,azul,1,3,29,40,40,1.0000,0.1379,615,6,609,0
332,87384019,vermelho,verde,art3miz_0.1,azul,0,-3,25,150,120,1.2500,0.0417,521,138,259,124
332,87384019,vermelho,vermelho,heuristica,azul,0,-3,25,90,120,0.7500,0.0000,346,99,149,98
332,87384019,vermelho,azul,reativa,azul,1,3,25,30,30,1.0000,0.0000,443,1,442,0
333,456098441,azul,verde,art3miz_0.1,vermelho,0,-3,27,90,100,0.9000,0.3125,282,77,136,69
333,456098441,azul,vermelho,heuristica,vermelho,1,3,27,30,30,1.0000,0.0385,578,23,535,20
333,456098441,azul,azul,reativa,vermelho,0,-3,27,130,120,1.0833,0.1538,520,11,509,0
334,325496467,verde,verde,art3miz_0.1,empate,0,-1,100,80,110,0.7273,0.4444,346,100,153,93
334,325496467,verde,vermelho,heuristica,empate,0,-1,100,110,80,1.3750,0.0700,2167,131,1913,123
334,325496467,verde,azul,reativa,empate,0,-1,100,0,0,0.0000,0.0000,1911,0,1911,0
335,1049597105,vermelho,verde,art3miz_0.1,verde,1,3,61,30,30,1.0000,0.0500,314,30,259,25
335,1049597105,vermelho,vermelho,heuristica,verde,0,-3,61,90,120,0.7500,0.0000,508,76,363,69
335,1049597105,vermelho,azul,reativa,verde,0,-3,61,150,120,1.2500,0.0000,931,10,921,0
336,1667655431,azul,verde,art3miz_0.1,verde,1,3,28,30,30,1.0000,0.1111,266,26,218,22
336,1667655431,azul,vermelho,heuristica,verde,0,-3,28,150,120,1.2500,0.0385,936,157,633,146
336,1667655431,azul,azul,reativa,verde,0,-3,28,90,120,0.7500,0.0000,133,4,129,0
337,970802006,verde,verde,art3miz_0.1,vermelho,0,-3,17,120,120,1.0000,0.0000,378,112,168,98
337,970802006,verde,vermelho,heuristica,vermelho,1,3,17,30,0,30.0000,0.0000,450,27,398,25
337,970802006,verde,azul,reativa,vermelho,0,-3,17,90,120,0.7500,0.0833,228,4,224,0
338,1342970439,vermelho,verde,art3miz_0.1,vermelho,0,-3,37,90,120,0.7500,0.1000,258,83,100,75
338,1342970439,vermelho,vermelho,heuristica,vermelho,1,3,37,30,30,1.0000,0.0270,887,24,840,23
338,1342970439,vermelho,azul,reativa,vermelho,0,-3,37,150,120,1.2500,0.0000,709,12,697,0
339,437208980,azul,verde,art3miz_0.1,vermelho,0,-3,36,80,110,0.7273,0.5000,310,102,108,100
339,437208980,azul,vermelho,heuristica,vermelho,1,3,36,30,0,30.0000,0.0857,823,26,773,24
339,437208980,azul,azul,reativa,vermelho,0,-3,36,110,110,1.0000,0.2286,756,7,749,0
340,1192874511,verde,verde,art3miz_0.1,vermelho,0,-3,33,90,120,0.7500,0.1000,347,105,149,93
340,1192874511,verde,vermelho,heuristica,vermelho,1,3,33,30,30,1.0000,0.1515,879,27,827,25
340,1192874511,verde,azul,reativa,vermelho,0,-3,33,150,120,1.2500,0.0000,658,9,649,0
341,766493470,vermelho,verde,art3miz_0.1,empate,0,-1,100,0,0,0.0000,0.0505,707,10,697,0
341,766493470,vermelho,vermelho,heuristica,empate,0,-1,100,90,120,0.7500,0.0769,410,59,298,53
341,766493470,vermelho,azul,reativa,empate,0,-1,100,120,90,1.3333,0.0900,1727,17,1710,0
342,410536207,azul,verde,art3miz_0.1,vermelho,0,-3,25,90,120,0.7500,0.0000,272,84,113,75
342,410536207,azul,vermelho,heuristica,vermelho,1,3,25,30,30,1.0000,0.0417,624,27,572,25
342,410536207,azul,azul,reativa,vermelho,0,-3,25,150,120,1.2500,0.0000,482,9,473,0
343,14153581,verde,verde,art3miz_0.1,azul,0,-3,36,90,120,0.7500,0.0000,482,72,341,69
343,14153581,verde,vermelho,heuristica,azul,0,-3,36,150,120,1.2500,0.0833,1118,122,881,115
343,14153581,verde,azul,reativa,azul,1,3,36,30,30,1.0000,0.0556,840,2,838,0
344,307708705,vermelho,verde,art3miz_0.1,verde,1,3,19,30,0,30.0000,0.1667,83,2,81,0
344,307708705,vermelho,vermelho,heuristica,verde,0,-3,19,120,120,1.0000,0.0556,651,128,404,119
344,307708705,vermelho,azul,reativa,verde,0,-3,19,90,120,0.7500,0.0667,303,6,297,0
345,1409996403,azul,verde,art3miz_0.1,vermelho,0,-3,27,90,120,0.7500,0.0417,312,79,164,69
345,1409996403,azul,vermelho,heuristica,vermelho,1,3,27,30,60,0.5000,0.1538,674,40,590,44
345,1409996403,azul,azul,reativa,vermelho,0,-3,27,180,120,1.5000,0.1538,484,11,473,0
346,1737144842,verde,verde,art3miz_0.1,azul,0,-3,23,120,120,1.0000,0.0000,438,110,228,100
346,1737144842,verde,vermelho,heuristica,azul,0,-3,23,90,120,0.7500,0.3571,588,121,342,125
346,1737144842,verde,azul,reativa,azul,1,3,23,30,0,30.0000,0.0435,489,4,485,0
347,924703773,vermelho,verde,art3miz_0.1,vermelho,0,-3,30,150,120,1.2500,0.0345,436,114,223,99
347,924703773,vermelho,vermelho,heuristica,vermelho,1,3,30,30,30,1.0000,0.0333,791,46,701,44
347,924703773,vermelho,azul,reativa,vermelho,0,-3,30,90,120,0.7500,0.0000,165,4,161,0
348,928223588,azul,verde,art3miz_0.1,verde,1,3,18,30,0,30.0000,0.0000,124,3,121,0
348,928223588,azul,vermelho,heuristica,verde,0,-3,18,120,120,1.0000,0.0625,649,125,399,125
348,928223588,azul,azul,reativa,verde,0,-3,18,90,120,0.7500,0.0000,297,3,294,0
349,1182005340,verde,verde,art3miz_0.1,azul,0,-3,86,90,120,0.7500,0.0625,281,78,128,75
349,1182005340,verde,vermelho,heuristica,azul,0,-3,86,120,120,1.0000,0.0581,2323,127,2071,125
349,1182005340,verde,azul,reativa,azul,1,3,86,30,0,30.0000,0.0000,1639,2,1637,0
350,86749997,vermelho,verde,art3miz_0.1,vermelho,0,-3,35,90,120,0.7500,0.1875,277,83,119,75
350,86749997,vermelho,vermelho,heuristica,vermelho,1,3,35,30,30,1.0000,0.0000,902,26,851,25
350,86749997,vermelho,azul,reativa,vermelho,0,-3,35,150,120,1.2500,0.0588,664,12,652,0
351,2063477184,azul,verde,art3miz_0.1,vermelho,0,-3,26,120,120,1.0000,0.1200,484,118,260,106
351,2063477184,azul,vermelho,heuristica,vermelho,1,3,26,30,0,30.0000,0.1600,648,49,549,50
351,2063477184,azul,azul,reativa,vermelho,0,-3,26,90,120,0.7500,0.0000,150,6,144,0
352,1520633710,verde,verde,art3miz_0.1,azul,0,-3,31,90,110,0.8182,0.0556,232,64,110,58
352,1520633710,verde,vermelho,heuristica,azul,0,-3,31,110,120,0.9167,0.0968,944,111,730,103
352,1520633710,verde,azul,reativa,azul,1,3,31,30,0,30.0000,0.1290,734,2,732,0
353,1518760950,vermelho,verde,art3miz_0.1,azul,0,-3,50,90,120,0.7500,0.2222,253,78,100,75
353,1518760950,vermelho,vermelho,heuristica,azul,0,-3,50,120,120,1.0000,0.0800,1423,125,1175,123
353,1518760950,vermelho,azul,reativa,azul,1,3,50,30,0,30.0000,0.0800,1132,2,1130,0
354,1313076164,azul,verde,art3miz_0.1,verde,1,3,12,110,50,2.2000,0.0909,387,162,125,100
354,1313076164,azul,vermelho,heuristica,verde,0,-3,12,110,110,1.0000,0.4000,532,155,252,125
354,1313076164,azul,azul,reativa,verde,0,-3,12,60,120,0.5000,0.1111,184,6,178,0
355,519671239,verde,verde,art3miz_0.1,vermelho,0,-3,25,150,120,1.2500,0.0400,628,184,270,174
355,519671239,verde,vermelho,heuristica,vermelho,1,3,25,30,30,1.0000,0.0400,682,26,631,25
355,519671239,verde,azul,reativa,vermelho,0,-3,25,90,120,0.7500,0.0000,205,3,202,0
356,293897162,vermelho,verde,art3miz_0.1,vermelho,0,-3,67,90,120,0.7500,0.0909,370,98,176,96
356,293897162,vermelho,vermelho,heuristica,vermelho,1,3,67,30,60,0.5000,0.0000,1362,49,1263,50
356,293897162,vermelho,azul,reativa,vermelho,0,-3,67,180,120,1.5000,0.0152,1354,11,1343,0
357,432934820,azul,verde,art3miz_0.1,empate,0,-1,100,120,90,1.3333,0.1010,691,81,540,70
357,432934820,azul,vermelho,heuristica,empate,0,-1,100,0,0,0.0000,0.0101,1923,0,1923,0
357,432934820,azul,azul,reativa,empate,0,-1,100,90,120,0.7500,0.0714,258,5,253,0
358,1033327263,verde,verde,art3miz_0.1,azul,0,-3,27,90,120,0.7500,0.0000,241,80,86,75
358,1033327263,verde,vermelho,heuristica,azul,0,-3,27,150,120,1.2500,0.1852,871,120,635,116
358,1033327263,verde,azul,reativa,azul,1,3,27,30,30,1.0000,0.0370,609,2,607,0
359,137643404,vermelho,verde,art3miz_0.1,azul,0,-3,33,90,120,0.7500,0.0000,302,79,148,75
359,137643404,vermelho,vermelho,heuristica,azul,0,-3,33,120,120,1.0000,0.0606,1028,121,791,116
359,137643404,vermelho,azul,reativa,azul,1,3,33,30,0,30.0000,0.3030,787,3,784,0
360,2017834313,azul,verde,art3miz_0.1,vermelho,0,-3,14,120,120,1.0000,0.0000,364,111,155,98
360,2017834313,azul,vermelho,heuristica,vermelho,1,3,14,30,0,30.0000,0.0000,371,27,319,25
360,2017834313,azul,azul,reativa,vermelho,0,-3,14,90,120,0.7500,0.0000,128,6,122,0
361,1611829491,verde,verde,art3miz_0.1,azul,0,-3,22,90,120,0.7500,0.0000,263,80,108,75
361,1611829491,verde,vermelho,heuristica,azul,0,-3,22,150,120,1.2500,0.0909,869,176,526,167
361,1611829491,verde,azul,reativa,azul,1,3,22,30,30,1.0000,0.0000,424,4,420,0
362,1288829251,vermelho,verde,art3miz_0.1,empate,0,-1,100,90,120,0.7500,0.0000,836,85,694,57
362,1288829251,vermelho,vermelho,heuristica,empate,0,-1,100,0,0,0.0000,0.0000,1395,43,1352,0
362,1288829251,vermelho,azul,reativa,empate,0,-1,100,120,90,1.3333,0.0200,1963,36,1927,0
363,475521431,azul,verde,art3miz_0.1,azul,0,-3,43,90,120,0.7500,0.1111,222,72,85,65
363,475521431,azul,vermelho,heuristica,azul,0,-3,43,120,120,1.0000,0.0000,1097,85,932,80
363,475521431,azul,azul,reativa,azul,1,3,43,30,0,30.0000,0.1395,996,2,994,0
364,1589776665,verde,verde,art3miz_0.1,vermelho,0,-3,67,90,120,0.7500,0.0952,452,109,244,99
364,1589776665,verde,vermelho,heuristica,vermelho,1,3,67,30,30,1.0000,0.1343,1697,49,1600,48
364,1589776665,verde,azul,reativa,vermelho,0,-3,67,150,120,1.2500,0.0303,1492,9,1483,0
365,1928754317,vermelho,verde,art3miz_0.1,azul,0,-3,87,150,120,1.2500,0.0465,899,159,590,150
365,1928754317,vermelho,vermelho,heuristica,azul,0,-3,87,90,120,0.7500,0.1212,895,92,707,96
365,1928754317,vermelho,azul,reativa,azul,1,3,87,30,30,1.0000,0.0000,576,2,574,0
366,893603869,azul,verde,art3miz_0.1,empate,0,-1,100,0,0,0.0000,0.0808,449,0,449,0
366,893603869,azul,vermelho,heuristica,empate,0,-1,100,0,30,0.0000,0.4646,3802,1015,1821,966
366,893603869,azul,azul,reativa,empate,0,-1,100,30,0,30.0000,0.0300,1972,3,1969,0
367,795826857,verde,verde,art3miz_0.1,azul,0,-3,47,90,120,0.7500,0.1935,387,80,232,75
367,795826857,verde,vermelho,heuristica,azul,0,-3,47,120,120,1.0000,0.0426,1356,105,1151,100
367,795826857,verde,azul,reativa,azul,1,3,47,30,0,30.0000,0.0638,994,2,992,0
368,1170736711,vermelho,verde,art3miz_0.1,verde,1,3,19,30,0,30.0000,0.0556,300,83,167,50
368,1170736711,vermelho,vermelho,heuristica,verde,0,-3,19,120,120,1.0000,0.0000,769,173,446,150
368,1170736711,vermelho,azul,reativa,verde,0,-3,19,90,120,0.7500,0.0000,280,4,276,0
369,1599605876,azul,verde,art3miz_0.1,vermelho,0,-3,22,180,120,1.5000,0.1905,570,166,255,149
369,1599605876,azul,vermelho,heuristica,vermelho,1,3,22,30,60,0.5000,0.1429,651,70,510,71
369,1599605876,azul,azul,reativa,vermelho,0,-3,22,90,120,0.7500,0.0000,158,4,154,0
370,1800712511,verde,verde,art3miz_0.1,verde,1,3,25,30,90,0.3333,0.0800,879,187,517,175
370,1800712511,verde,vermelho,heuristica,verde,0,-3,25,150,120,1.2500,0.0000,1051,249,602,200
370,1800712511,verde,azul,reativa,verde,0,-3,25,150,120,1.2500,0.1053,359,12,347,0
371,645522509,vermelho,verde,art3miz_0.1,verde,1,3,21,30,30,1.0000,0.2000,164,28,111,25
371,645522509,vermelho,vermelho,heuristica,verde,0,-3,21,150,120,1.2500,0.0000,796,160,486,150
371,645522509,vermelho,azul,reativa,verde,0,-3,21,90,120,0.7500,0.0000,281,5,276,0
372,29313969,azul,verde,art3miz_0.1,verde,1,3,28,60,30,2.0000,0.0370,181,30,126,25
372,29313969,azul,vermelho,heuristica,verde,0,-3,28,60,120,0.5000,0.3333,377,76,226,75
372,29313969,azul,azul,reativa,verde,0,-3,28,150,120,1.2500,0.0741,449,9,440,0
373,1970357873,verde,verde,art3miz_0.1,verde,1,3,36,60,60,1.0000,0.0556,512,75,369,68
373,1970357873,verde,vermelho,heuristica,verde,0,-3,36,60,120,0.5000,0.1053,621,72,475,74
373,1970357873,verde,azul,reativa,verde,0,-3,36,180,120,1.5000,0.0571,744,11,733,0
374,1241645600,vermelho,verde,art3miz_0.1,vermelho,0,-3,21,150,120,1.2500,0.0000,466,138,205,123
374,1241645600,vermelho,vermelho,heuristica,vermelho,1,3,21,30,30,1.0000,0.3333,644,63,510,71
374,1241645600,vermelho,azul,reativa,vermelho,0,-3,21,90,120,0.7500,0.0000,208,5,203,0
375,1353653477,azul,verde,art3miz_0.1,verde,1,3,26,30,30,1.0000,0.0000,178,28,125,25
375,1353653477,azul,vermelho,heuristica,verde,0,-3,26,150,120,1.2500,0.0000,844,135,584,125
375,1353653477,azul,azul,reativa,verde,0,-3,26,90,120,0.7500,0.0000,308,3,305,0
376,722060998,verde,verde,art3miz_0.1,empate,0,-1,100,90,110,0.8182,0.3043,568,165,253,150
376,722060998,verde,vermelho,heuristica,empate,0,-1,100,0,0,0.0000,0.0000,1479,40,1427,12
376,722060998,verde,azul,reativa,empate,0,-1,100,110,90,1.2222,0.0600,2077,13,2064,0
377,946843648,vermelho,verde,art3miz_0.1,vermelho,0,-3,44,120,120,1.0000,0.0233,553,103,350,100
377,946843648,vermelho,vermelho,heuristica,vermelho,1,3,44,30,0,30.0000,0.0682,1153,52,1053,48
377,946843648,vermelho,azul,reativa,vermelho,0,-3,44,90,120,0.7500,0.0000,209,5,204,0
378,195273507,azul,verde,art3miz_0.1,vermelho,0,-3,68,120,120,1.0000,0.1343,546,84,389,73
378,195273507,azul,vermelho,heuristica,vermelho,1,3,68,30,0,30.0000,0.1791,1558,27,1506,25
378,195273507,azul,azul,reativa,vermelho,0,-3,68,90,120,0.7500,0.0000,126,5,121,0
379,741729714,verde,verde,art3miz_0.1,verde,1,3,24,30,30,1.0000,0.0000,156,28,103,25
379,741729714,verde,vermelho,heuristica,verde,0,-3,24,90,120,0.7500,0.3000,370,80,216,74
379,741729714,verde,azul,reativa,verde,0,-3,24,150,120,1.2500,0.0000,455,8,447,0
380,1187661710,vermelho,verde,art3miz_0.1,azul,0,-3,57,120,120,1.0000,0.0714,598,106,393,99
380,1187661710,vermelho,vermelho,heuristica,azul,0,-3,57,90,120,0.7500,0.0625,605,104,402,99
380,1187661710,vermelho,azul,reativa,azul,1,3,57,30,0,30.0000,0.0000,781,2,779,0
381,394963098,azul,verde,art3miz_0.1,empate,0,-1,100,80,120,0.6667,0.3000,303,86,142,75
381,394963098,azul,vermelho,heuristica,empate,0,-1,100,120,80,1.5000,0.0606,2127,106,1921,100
381,394963098,azul,azul,reativa,empate,0,-1,100,0,0,0.0000,0.0000,2037,0,2037,0
382,2051369139,verde,verde,art3miz_0.1,verde,1,3,18,120,90,1.3333,0.0556,536,140,296,100
382,2051369139,verde,vermelho,heuristica,verde,0,-3,18,120,120,1.0000,0.0000,694,161,433,100
382,2051369139,verde,azul,reativa,verde,0,-3,18,90,120,0.7500,0.0000,294,6,288,0
383,1168745499,vermelho,verde,art3miz_0.1,vermelho,0,-3,37,90,120,0.7500,0.0000,432,97,243,92
383,1168745499,vermelho,vermelho,heuristica,vermelho,1,3,37,30,60,0.5000,0.0270,925,34,859,32
383,1168745499,vermelho,azul,reativa,vermelho,0,-3,37,180,120,1.5000,0.0833,727,12,715,0
384,2118575539,azul,verde,art3miz_0.1,verde,1,3,85,60,60,1.0000,0.0833,506,83,348,75
384,2118575539,azul,vermelho,heuristica,verde,0,-3,85,60,120,0.5000,0.0000,448,50,350,48
384,2118575539,azul,azul,reativa,verde,0,-3,85,180,120,1.5000,0.0595,1785,11,1774,0
385,441089282,verde,verde,art3miz_0.1,verde,1,3,25,30,60,0.5000,0.0000,647,103,394,150
385,441089282,verde,vermelho,heuristica,verde,0,-3,25,90,120,0.7500,0.1429,592,118,350,124
385,441089282,verde,azul,reativa,verde,0,-3,25,180,120,1.5000,0.1250,447,12,435,0
386,1667855064,vermelho,verde,art3miz_0.1,verde,1,3,50,30,30,1.0000,0.1020,343,29,289,25
386,1667855064,vermelho,vermelho,heuristica,verde,0,-3,50,90,120,0.7500,0.0222,1138,77,992,69
386,1667855064,vermelho,azul,reativa,verde,0,-3,50,150,120,1.2500,0.0204,999,11,988,0
387,2017351961,azul,verde,art3miz_0.1,empate,0,-1,100,90,120,0.7500,0.0000,374,108,169,97
387,2017351961,azul,vermelho,heuristica,empate,0,-1,100,0,0,0.0000,0.0000,2032,57,1952,23
387,2017351961,azul,azul,reativa,empate,0,-1,100,120,90,1.3333,0.0000,1876,8,1868,0
388,1950536216,verde,verde,art3miz_0.1,vermelho,0,-3,55,90,120,0.7500,0.0000,269,84,110,75
388,1950536216,verde,vermelho,heuristica,vermelho,1,3,55,30,0,30.0000,0.0364,771,25,723,23
388,1950536216,verde,azul,reativa,vermelho,0,-3,55,120,120,1.0000,0.0370,1201,7,1194,0
389,60663468,vermelho,verde,art3miz_0.1,empate,0,-1,100,0,0,0.0000,0.0101,1189,25,1164,0
389,60663468,vermelho,vermelho,heuristica,empate,0,-1,100,0,0,0.0000,0.0000,1890,0,1890,0
389,60663468,vermelho,azul,reativa,empate,0,-1,100,0,0,0.0000,0.0000,1408,23,1385,0
390,1266052967,azul,verde,art3miz_0.1,azul,0,-3,15,70,100,0.7000,0.3000,317,97,129,91
390,1266052967,azul,vermelho,heuristica,azul,0,-3,15,100,100,1.0000,0.5000,562,121,326,115
390,1266052967,azul,azul,reativa,azul,1,3,15,30,0,30.0000,0.0000,357,2,355,0
391,553143731,verde,verde,art3miz_0.1,vermelho,0,-3,37,90,120,0.7500,0.0000,270,83,113,74
391,553143731,verde,vermelho,heuristica,vermelho,1,3,37,30,0,30.0000,0.0270,934,49,841,44
391,553143731,verde,azul,reativa,vermelho,0,-3,37,120,120,1.0000,0.0000,787,7,780,0
392,1136855950,vermelho,verde,art3miz_0.1,azul,0,-3,50,120,120,1.0000,0.0612,455,70,320,65
392,1136855950,vermelho,vermelho,heuristica,azul,0,-3,50,90,120,0.7500,0.0000,353,70,217,66
392,1136855950,vermelho,azul,reativa,azul,1,3,50,30,0,30.0000,0.0200,1114,2,1112,0
393,376447012,azul,verde,art3miz_0.1,verde,1,3,41,30,30,1.0000,0.0000,266,29,212,25
393,376447012,azul,vermelho,heuristica,verde,0,-3,41,150,120,1.2500,0.0513,1187,160,878,149
393,376447012,azul,azul,reativa,verde,0,-3,41,90,120,0.7500,0.0909,206,6,200,0
394,1614578985,verde,verde,art3miz_0.1,azul,0,-3,25,150,120,1.2500,0.0000,639,147,342,150
394,1614578985,verde,vermelho,heuristica,azul,0,-3,25,90,120,0.7500,0.0000,449,105,244,100
394,1614578985,verde,azul,reativa,azul,1,3,25,30,30,1.0000,0.0000,576,3,573,0
395,865668011,vermelho,verde,art3miz_0.1,azul,0,-3,33,90,120,0.7500,0.0000,266,81,110,75
395,865668011,vermelho,vermelho,heuristica,azul,0,-3,33,120,120,1.0000,0.0000,1002,106,796,100
395,865668011,vermelho,azul,reativa,azul,1,3,33,30,0,30.0000,0.0000,641,3,638,0
396,923755655,azul,verde,art3miz_0.1,vermelho,0,-3,48,90,120,0.7500,0.0400,416,79,267,70
396,923755655,azul,vermelho,heuristica,vermelho,1,3,48,30,0,30.0000,0.1489,1138,36,1060,42
396,923755655,azul,azul,reativa,vermelho,0,-3,48,120,120,1.0000,0.0213,1064,8,1056,0
397,258776197,verde,verde,art3miz_0.1,verde,1,3,48,30,0,30.0000,0.0417,414,30,359,25
397,258776197,verde,vermelho,heuristica,verde,0,-3,48,90,120,0.7500,0.0000,632,59,520,53
397,258776197,verde,azul,reativa,verde,0,-3,48,120,120,1.0000,0.0638,1017,7,1010,0
398,1620914435,vermelho,verde,art3miz_0.1,azul,0,-3,18,120,120,1.0000,0.0000,485,108,277,100
398,1620914435,vermelho,vermelho,heuristica,azul,0,-3,18,90,120,0.7500,0.0000,497,94,303,100
398,1620914435,vermelho,azul,reativa,azul,1,3,18,30,0,30.0000,0.0000,417,2,415,0
399,1741497087,azul,verde,art3miz_0.1,vermelho,0,-3,42,150,120,1.2500,0.0244,658,119,427,112
399,1741497087,azul,vermelho,heuristica,vermelho,1,3,42,30,30,1.0000,0.0244,1053,26,1002,25
399,1741497087,azul,azul,reativa,vermelho,0,-3,42,90,120,0.7500,0.0000,198,5,193,0
400,558524762,verde,verde,art3miz_0.1,verde,1,3,51,30,0,30.0000,0.0392,270,28,217,25
400,558524762,verde,vermelho,heuristica,verde,0,-3,51,90,120,0.7500,0.0000,864,102,666,96
400,558524762,verde,azul,reativa,verde,0,-3,51,120,120,1.0000,0.0000,1092,8,1084,0
401,1039082064,vermelho,verde,art3miz_0.1,vermelho,0,-3,25,150,120,1.2500,0.0000,573,151,288,134
401,1039082064,vermelho,vermelho,heuristica,vermelho,1,3,25,30,30,1.0000,0.0000,553,19,518,16
401,1039082064,vermelho,azul,reativa,vermelho,0,-3,25,90,120,0.7500,0.0000,121,5,116,0
402,902252012,azul,verde,art3miz_0.1,empate,0,-1,100,90,120,0.7500,0.0000,334,81,184,69
402,902252012,azul,vermelho,heuristica,empate,0,-1,100,0,0,0.0000,0.0404,1861,0,1861,0
402,902252012,azul,azul,reativa,empate,0,-1,100,120,90,1.3333,0.0000,1664,6,1658,0
403,1638510092,verde,verde,art3miz_0.1,vermelho,0,-3,19,120,120,1.0000,0.0000,451,113,238,100
403,1638510092,verde,vermelho,heuristica,vermelho,1,3,19,30,0,30.0000,0.1579,504,27,452,25
403,1638510092,verde,azul,reativa,vermelho,0,-3,19,90,120,0.7500,0.0714,243,5,238,0
404,697931922,vermelho,verde,art3miz_0.1,empate,0,-1,100,0,0,0.0000,0.0505,404,0,404,0
404,697931922,vermelho,vermelho,heuristica,empate,0,-1,100,90,120,0.7500,0.0000,616,91,435,90
404,697931922,vermelho,azul,reativa,empate,0,-1,100,120,90,1.3333,0.0100,2110,6,2104,0
405,148352726,azul,verde,art3miz_0.1,empate,0,-1,100,90,120,0.7500,0.0000,270,79,116,75
405,148352726,azul,vermelho,heuristica,empate,0,-1,100,120,90,1.3333,0.0101,1937,104,1734,99
405,148352726,azul,azul,reativa,empate,0,-1,100,0,0,0.0000,0.0100,1762,0,1762,0
406,1423957648,verde,verde,art3miz_0.1,vermelho,0,-3,22,120,120,1.0000,0.0909,578,140,313,125
406,1423957648,verde,vermelho,heuristica,vermelho,1,3,22,30,0,30.0000,0.0455,645,52,543,50
406,1423957648,verde,azul,reativa,vermelho,0,-3,22,90,120,0.7500,0.0000,155,4,151,0
407,1350537079,vermelho,verde,art3miz_0.1,vermelho,0,-3,46,90,120,0.7500,0.0000,275,84,116,75
407,1350537079,vermelho,vermelho,heuristica,vermelho,1,3,46,30,0,30.0000,0.0652,1288,67,1146,75
407,1350537079,vermelho,azul,reativa,vermelho,0,-3,46,120,120,1.0000,0.0222,995,6,989,0
408,614268430,azul,verde,art3miz_0.1,verde,1,3,25,30,30,1.0000,0.1250,195,27,143,25
408,614268430,azul,vermelho,heuristica,verde,0,-3,25,150,120,1.2500,0.0000,782,135,517,130
408,614268430,azul,azul,reativa,verde,0,-3,25,90,120,0.7500,0.0667,287,5,282,0
409,1044670401,verde,verde,art3miz_0.1,vermelho,0,-3,36,120,120,1.0000,0.0000,581,115,366,100
409,1044670401,verde,vermelho,heuristica,vermelho,1,3,36,30,0,30.0000,0.0000,856,34,791,31
409,1044670401,verde,azul,reativa,vermelho,0,-3,36,90,120,0.7500,0.0000,257,4,253,0
410,73927817,vermelho,verde,art3miz_0.1,verde,1,3,43,30,60,0.5000,0.0714,321,44,235,42
410,73927817,vermelho,vermelho,heuristica,verde,0,-3,43,90,120,0.7500,0.0000,372,81,217,74
410,73927817,vermelho,azul,reativa,verde,0,-3,43,180,120,1.5000,0.1190,873,11,862,0
411,1599316740,azul,verde,art3miz_0.1,azul,0,-3,32,190,120,1.5833,0.3226,875,243,409,223
411,1599316740,azul,vermelho,heuristica,azul,0,-3,32,30,100,0.3000,0.3333,570,95,376,99
411,1599316740,azul,azul,reativa,azul,1,3,32,90,90,1.0000,0.0938,655,5,650,0
412,728730537,verde,verde,art3miz_0.1,verde,1,3,18,30,30,1.0000,0.0000,140,26,89,25
412,728730537,verde,vermelho,heuristica,verde,0,-3,18,150,120,1.2500,0.0000,723,159,416,148
412,728730537,verde,azul,reativa,verde,0,-3,18,90,120,0.7500,0.0000,236,5,231,0
413,769613667,vermelho,verde,art3miz_0.1,verde,1,3,25,30,60,0.5000,0.0000,245,51,144,50
413,769613667,vermelho,vermelho,heuristica,verde,0,-3,25,90,120,0.7500,0.2143,551,100,352,99
413,769613667,vermelho,azul,reativa,verde,0,-3,25,180,120,1.5000,0.1667,465,11,454,0
414,701710304,azul,verde,art3miz_0.1,azul,0,-3,20,50,120,0.4167,0.2500,285,83,127,75
414,701710304,azul,vermelho,heuristica,azul,0,-3,20,150,110,1.3636,0.2632,735,149,445,141
414,701710304,azul,azul,reativa,azul,1,3,20,60,30,2.0000,0.0500,428,4,424,0
415,2146003900,verde,verde,art3miz_0.1,empate,0,-1,100,90,120,0.7500,0.1176,284,71,150,63
415,2146003900,verde,vermelho,heuristica,empate,0,-1,100,120,90,1.3333,0.4100,2142,106,1937,99
415,2146003900,verde,azul,reativa,empate,0,-1,100,0,0,0.0000,0.0200,1840,0,1840,0
416,1585576561,vermelho,verde,art3miz_0.1,vermelho,0,-3,23,120,120,1.0000,0.0909,444,103,251,90
416,1585576561,vermelho,vermelho,heuristica,vermelho,1,3,23,30,0,30.0000,0.1304,633,27,581,25
416,1585576561,vermelho,azul,reativa,vermelho,0,-3,23,90,120,0.7500,0.1111,371,4,367,0
417,1048996951,azul,verde,art3miz_0.1,empate,0,-1,100,90,120,0.7500,0.0000,250,75,110,65
417,1048996951,azul,vermelho,heuristica,empate,0,-1,100,0,0,0.0000,0.0000,1677,0,1677,0
417,1048996951,azul,azul,reativa,empate,0,-1,100,120,90,1.3333,0.0200,1729,7,1722,0
418,614909108,verde,verde,art3miz_0.1,empate,0,-1,100,80,100,0.8000,0.1200,342,85,180,77
418,614909108,verde,vermelho,heuristica,empate,0,-1,100,100,80,1.2500,0.0200,1775,82,1617,76
418,614909108,verde,azul,reativa,empate,0,-1,100,0,0,0.0000,0.0100,1878,0,1878,0
419,1906067081,vermelho,verde,art3miz_0.1,azul,0,-3,23,120,120,1.0000,0.0455,371,94,190,87
419,1906067081,vermelho,vermelho,heuristica,azul,0,-3,23,90,120,0.7500,0.1538,459,94,275,90
419,1906067081,vermelho,azul,reativa,azul,1,3,23,30,0,30.0000,0.0435,291,2,289,0
420,974694883,azul,verde,art3miz_0.1,vermelho,0,-3,51,150,120,1.2500,0.1000,684,143,418,123
420,974694883,azul,vermelho,heuristica,vermelho,1,3,51,30,30,1.0000,0.0000,1062,27,1010,25
420,974694883,azul,azul,reativa,vermelho,0,-3,51,90,120,0.7500,0.0000,284,4,280,0
421,277475170,verde,verde,art3miz_0.1,vermelho,0,-3,32,180,120,1.5000,0.0000,755,185,408,162
421,277475170,verde,vermelho,heuristica,vermelho,1,3,32,30,60,0.5000,0.0313,880,70,746,64
421,277475170,verde,azul,reativa,vermelho,0,-3,32,90,120,0.7500,0.1429,279,5,274,0
422,148424731,vermelho,verde,art3miz_0.1,verde,1,3,50,30,0,30.0000,0.0408,296,25,250,21
422,148424731,vermelho,vermelho,heuristica,verde,0,-3,50,90,120,0.7500,0.2222,607,114,385,108
422,148424731,vermelho,azul,reativa,verde,0,-3,50,120,120,1.0000,0.0612,1005,7,998,0
423,604743709,azul,verde,art3miz_0.1,vermelho,0,-3,25,90,120,0.7500,0.0000,232,75,91,66
423,604743709,azul,vermelho,heuristica,vermelho,1,3,25,30,0,30.0000,0.0000,462,26,411,25
423,604743709,azul,azul,reativa,vermelho,0,-3,25,120,120,1.0000,0.0833,446,7,439,0
424,838363468,verde,verde,art3miz_0.1,azul,0,-3,21,90,120,0.7500,0.0000,251,77,100,74
424,838363468,verde,vermelho,heuristica,azul,0,-3,21,150,120,1.2500,0.0476,767,159,450,158
424,838363468,verde,azul,reativa,azul,1,3,21,30,30,1.0000,0.0000,501,1,500,0
425,1461119760,vermelho,verde,art3miz_0.1,vermelho,0,-3,27,90,120,0.7500,0.0769,422,105,217,100
425,1461119760,vermelho,vermelho,heuristica,vermelho,1,3,27,30,60,0.5000,0.1111,809,67,670,72
425,1461119760,vermelho,azul,reativa,vermelho,0,-3,27,180,120,1.5000,0.0385,510,12,498,0
426,2054000186,azul,verde,art3miz_0.1,vermelho,0,-3,27,90,120,0.7500,0.0833,334,87,170,77
426,2054000186,azul,vermelho,heuristica,vermelho,1,3,27,30,30,1.0000,0.1154,753,52,651,50
426,2054000186,azul,azul,reativa,vermelho,0,-3,27,150,120,1.2500,0.1154,517,9,508,0
427,1470480063,verde,verde,art3miz_0.1,vermelho,0,-3,28,60,120,0.5000,0.1364,312,77,162,73
427,1470480063,verde,vermelho,heuristica,vermelho,1,3,28,60,30,2.0000,0.0714,826,80,671,75
427,1470480063,verde,azul,reativa,vermelho,0,-3,28,150,120,1.2500,0.0370,564,9,555,0
428,766136782,vermelho,verde,art3miz_0.1,vermelho,0,-3,26,90,120,0.7500,0.0500,344,88,183,73
428,766136782,vermelho,vermelho,heuristica,vermelho,1,3,26,30,0,30.0000,0.0000,835,99,621,115
428,766136782,vermelho,azul,reativa,vermelho,0,-3,26,120,120,1.0000,0.0400,491,7,484,0
429,372718935,azul,verde,art3miz_0.1,azul,0,-3,25,150,110,1.3636,0.2500,585,157,278,150
429,372718935,azul,vermelho,heuristica,azul,0,-3,25,80,120,0.6667,0.2500,357,78,204,75
429,372718935,azul,azul,reativa,azul,1,3,25,30,30,1.0000,0.0400,578,2,576,0
430,2045200466,verde,verde,art3miz_0.1,verde,1,3,38,30,30,1.0000,0.0789,201,28,148,25
430,2045200466,verde,vermelho,heuristica,verde,0,-3,38,150,120,1.2500,0.0270,1124,158,818,148
430,2045200466,verde,azul,reativa,verde,0,-3,38,90,120,0.7500,0.0417,521,5,516,0
431,1900958049,vermelho,verde,art3miz_0.1,verde,1,3,16,30,0,30.0000,0.1333,62,2,60,0
431,1900958049,vermelho,vermelho,heuristica,verde,0,-3,16,90,120,0.7500,0.0000,505,102,308,95
431,1900958049,vermelho,azul,reativa,verde,0,-3,16,120,120,1.0000,0.0000,253,8,245,0
432,1317230616,azul,verde,art3miz_0.1,empate,0,-1,100,0,0,0.0000,0.0000,1496,31,1465,0
432,1317230616,azul,vermelho,heuristica,empate,0,-1,100,90,120,0.7500,0.1481,766,73,624,69
432,1317230616,azul,azul,reativa,empate,0,-1,100,120,90,1.3333,0.0200,1997,39,1958,0
433,1343244560,verde,verde,art3miz_0.1,verde,1,3,15,30,30,1.0000,0.0000,115,24,70,21
433,1343244560,verde,vermelho,heuristica,verde,0,-3,15,90,120,0.7500,0.0000,420,80,266,74
433,1343244560,verde,azul,reativa,verde,0,-3,15,150,120,1.2500,0.0000,223,8,215,0
434,784401889,vermelho,verde,art3miz_0.1,azul,0,-3,40,90,120,0.7500,0.0000,258,78,105,75
434,784401889,vermelho,vermelho,heuristica,azul,0,-3,40,120,120,1.0000,0.0500,1223,127,971,125
434,784401889,vermelho,azul,reativa,azul,1,3,40,30,0,30.0000,0.1250,888,2,886,0
435,1579403662,azul,verde,art3miz_0.1,vermelho,0,-3,20,120,120,1.0000,0.1053,419,113,206,100
435,1579403662,azul,vermelho,heuristica,vermelho,1,3,20,30,0,30.0000,0.0526,475,26,424,25
435,1579403662,azul,azul,reativa,vermelho,0,-3,20,90,120,0.7500,0.0000,82,6,76,0
436,1577216255,verde,verde,art3miz_0.1,azul,0,-3,28,90,120,0.7500,0.0000,307,76,159,72
436,1577216255,verde,vermelho,heuristica,azul,0,-3,28,120,120,1.0000,0.0000,893,121,657,115
436,1577216255,verde,azul,reativa,azul,1,3,28,30,0,30.0000,0.0357,613,2,611,0
437,1215591661,vermelho,verde,art3miz_0.1,empate,0,-1,100,0,0,0.0000,0.0202,1837,43,1794,0
437,1215591661,vermelho,vermelho,heuristica,empate,0,-1,100,90,120,0.7500,0.0909,378,74,237,67
437,1215591661,vermelho,azul,reativa,empate,0,-1,100,120,90,1.3333,0.0100,1952,51,1901,0
438,2129381150,azul,verde,art3miz_0.1,verde,1,3,70,20,0,20.0000,0.0580,491,57,384,50
438,2129381150,azul,vermelho,heuristica,verde,0,-3,70,90,120,0.7500,0.0000,380,77,229,74
438,2129381150,azul,azul,reativa,verde,0,-3,70,120,110,1.0909,0.0145,1500,10,1490,0
439,200211642,verde,verde,art3miz_0.1,vermelho,0,-3,47,150,120,1.2500,0.0638,870,194,502,174
439,200211642,verde,vermelho,heuristica,vermelho,1,3,47,30,30,1.0000,0.0426,1011,27,959,25
439,200211642,verde,azul,reativa,vermelho,0,-3,47,90,120,0.7500,0.0000,378,5,373,0
440,739759482,vermelho,verde,art3miz_0.1,vermelho,0,-3,16,90,120,0.7500,0.0769,289,77,144,68
440,739759482,vermelho,vermelho,heuristica,vermelho,1,3,16,30,0,30.0000,0.0000,461,48,370,43
440,739759482,vermelho,azul,reativa,vermelho,0,-3,16,120,120,1.0000,0.0667,271,15,256,0
441,571873306,azul,verde,art3miz_0.1,vermelho,0,-3,29,60,120,0.5000,0.1333,333,79,181,73
441,571873306,azul,vermelho,heuristica,vermelho,1,3,29,60,60,1.0000,0.1429,820,75,674,71
441,571873306,azul,azul,reativa,vermelho,0,-3,29,180,120,1.5000,0.0357,525,13,512,0
442,1141555388,verde,verde,art3miz_0.1,vermelho,0,-3,51,90,120,0.7500,0.0455,509,96,313,100
442,1141555388,verde,vermelho,heuristica,vermelho,1,3,51,30,30,1.0000,0.0000,1236,26,1185,25
442,1141555388,verde,azul,reativa,vermelho,0,-3,51,150,120,1.2500,0.0800,935,8,927,0
443,1737235775,vermelho,verde,art3miz_0.1,empate,0,-1,100,120,90,1.3333,0.0505,1162,131,910,121
443,1737235775,vermelho,vermelho,heuristica,empate,0,-1,100,0,0,0.0000,0.0100,2402,2,2400,0
443,1737235775,vermelho,azul,reativa,empate,0,-1,100,90,120,0.7500,0.0833,209,4,205,0
444,1019163322,azul,verde,art3miz_0.1,verde,1,3,39,30,0,30.0000,0.0526,447,30,392,25
444,1019163322,azul,vermelho,heuristica,verde,0,-3,39,90,120,0.7500,0.0000,500,59,388,53
444,1019163322,azul,azul,reativa,verde,0,-3,39,120,120,1.0000,0.0000,815,8,807,0
445,1477330786,verde,verde,art3miz_0.1,empate,0,-1,100,120,90,1.3333,0.0100,1286,128,1072,86
445,1477330786,verde,vermelho,heuristica,empate,0,-1,100,0,0,0.0000,0.0000,1988,26,1962,0
445,1477330786,verde,azul,reativa,empate,0,-1,100,90,120,0.7500,0.1111,143,5,138,0
446,744905077,vermelho,verde,art3miz_0.1,vermelho,0,-3,39,140,110,1.2727,0.2368,571,138,313,120
446,744905077,vermelho,vermelho,heuristica,vermelho,1,3,39,30,30,1.0000,0.1026,941,63,807,71
446,744905077,vermelho,azul,reativa,vermelho,0,-3,39,80,110,0.7273,0.5833,210,7,203,0
447,1994270146,azul,verde,art3miz_0.1,azul,0,-3,47,80,120,0.6667,0.0455,482,92,312,78
447,1994270146,azul,vermelho,heuristica,azul,0,-3,47,60,110,0.5455,0.0870,1035,76,903,56
447,1994270146,azul,azul,reativa,azul,1,3,47,120,30,4.0000,0.0000,828,29,799,0
448,164773497,verde,verde,art3miz_0.1,verde,1,3,44,30,30,1.0000,0.0227,320,29,266,25
448,164773497,verde,vermelho,heuristica,verde,0,-3,44,90,120,0.7500,0.0556,604,81,448,75
448,164773497,verde,azul,reativa,verde,0,-3,44,150,120,1.2500,0.0000,784,8,776,0
449,1649528846,vermelho,verde,art3miz_0.1,azul,0,-3,45,90,120,0.7500,0.0000,266,80,111,75
449,1649528846,vermelho,vermelho,heuristica,azul,0,-3,45,120,120,1.0000,0.0444,1300,106,1094,100
449,1649528846,vermelho,azul,reativa,azul,1,3,45,30,0,30.0000,0.0667,1067,3,1064,0
450,8261800,azul,verde,art3miz_0.1,azul,0,-3,27,150,120,1.2500,0.0000,462,121,233,108
450,8261800,azul,vermelho,heuristica,azul,0,-3,27,60,120,0.5000,0.0000,678,87,493,98
450,8261800,azul,azul,reativa,azul,1,3,27,90,60,1.5000,0.0000,606,5,601,0
451,1520873105,verde,verde,art3miz_0.1,vermelho,0,-3,71,90,120,0.7500,0.0417,337,84,178,75
451,1520873105,verde,vermelho,heuristica,vermelho,1,3,71,30,60,0.5000,0.0423,1739,28,1679,32
451,1520873105,verde,azul,reativa,vermelho,0,-3,71,180,120,1.5000,0.0571,1542,10,1532,0
452,189695113,vermelho,verde,art3miz_0.1,vermelho,0,-3,35,130,110,1.1818,0.2647,642,127,403,112
452,189695113,vermelho,vermelho,heuristica,vermelho,1,3,35,30,30,1.0000,0.1143,919,42,830,47
452,189695113,vermelho,azul,reativa,vermelho,0,-3,35,80,100,0.8000,0.1667,559,6,553,0
453,2050012462,azul,verde,art3miz_0.1,azul,0,-3,30,90,120,0.7500,0.0000,301,76,153,72
453,2050012462,azul,vermelho,heuristica,azul,0,-3,30,120,120,1.0000,0.0345,884,101,687,96
453,2050012462,azul,azul,reativa,azul,1,3,30,30,0,30.0000,0.0667,627,2,625,0
454,105099442,verde,verde,art3miz_0.1,vermelho,0,-3,19,60,120,0.5000,0.0000,282,79,128,75
454,105099442,verde,vermelho,heuristica,vermelho,1,3,19,60,30,2.0000,0.0000,552,52,452,48
454,105099442,verde,azul,reativa,vermelho,0,-3,19,150,120,1.2500,0.0000,293,9,284,0
455,898790568,vermelho,verde,art3miz_0.1,verde,1,3,29,30,30,1.0000,0.0714,203,29,149,25
455,898790568,vermelho,vermelho,heuristica,verde,0,-3,29,150,120,1.2500,0.0000,950,135,690,125
455,898790568,vermelho,azul,reativa,verde,0,-3,29,90,120,0.7500,0.0000,116,6,110,0
456,2054871234,azul,verde,art3miz_0.1,verde,1,3,31,30,30,1.0000,0.0000,174,26,123,25
456,2054871234,azul,vermelho,heuristica,verde,0,-3,31,150,120,1.2500,0.0000,966,135,706,125
456,2054871234,azul,azul,reativa,verde,0,-3,31,90,120,0.7500,0.0000,114,4,110,0
457,567165131,verde,verde,art3miz_0.1,verde,1,3,43,30,0,30.0000,0.0000,205,18,173,14
457,567165131,verde,vermelho,heuristica,verde,0,-3,43,120,120,1.0000,0.0714,1296,134,1037,125
457,567165131,verde,azul,reativa,verde,0,-3,43,90,120,0.7500,0.0000,243,5,238,0
458,1506506545,vermelho,verde,art3miz_0.1,empate,0,-1,100,90,120,0.7500,0.3158,497,140,233,124
458,1506506545,vermelho,vermelho,heuristica,empate,0,-1,100,0,30,0.0000,0.0100,1576,155,1281,140
458,1506506545,vermelho,azul,reativa,empate,0,-1,100,150,90,1.6667,0.0800,1939,24,1915,0
459,338695334,azul,verde,art3miz_0.1,empate,0,-1,100,90,120,0.7500,0.0000,334,80,179,75
459,338695334,azul,vermelho,heuristica,empate,0,-1,100,120,90,1.3333,0.0000,2191,105,1986,100
459,338695334,azul,azul,reativa,empate,0,-1,100,0,0,0.0000,0.0000,1324,0,1324,0
460,369462903,verde,verde,art3miz_0.1,azul,0,-3,30,120,120,1.0000,0.0333,427,81,271,75
460,369462903,verde,vermelho,heuristica,azul,0,-3,30,90,120,0.7500,0.1875,596,100,396,100
460,369462903,verde,azul,reativa,azul,1,3,30,30,0,30.0000,0.0333,681,2,679,0
461,1639586025,vermelho,verde,art3miz_0.1,azul,0,-3,37,120,120,1.0000,0.0278,456,80,301,75
461,1639586025,vermelho,vermelho,heuristica,azul,0,-3,37,90,120,0.7500,0.0556,603,79,449,75
461,1639586025,vermelho,azul,reativa,azul,1,3,37,30,0,30.0000,0.1081,831,2,829,0
462,1094686237,azul,verde,art3miz_0.1,azul,0,-3,31,90,120,0.7500,0.0833,221,60,105,56
462,1094686237,azul,vermelho,heuristica,azul,0,-3,31,150,120,1.2500,0.0000,898,127,643,128
462,1094686237,azul,azul,reativa,azul,1,3,31,30,30,1.0000,0.0323,714,2,712,0
463,616728145,verde,verde,art3miz_0.1,azul,0,-3,21,90,120,0.7500,0.0000,306,81,150,75
463,616728145,verde,vermelho,heuristica,azul,0,-3,21,120,120,1.0000,0.0000,706,105,501,100
463,616728145,verde,azul,reativa,azul,1,3,21,30,0,30.0000,0.0000,441,2,439,0
464,1665972581,vermelho,verde,art3miz_0.1,azul,0,-3,23,120,120,1.0000,0.0455,400,105,198,97
464,1665972581,vermelho,vermelho,heuristica,azul,0,-3,23,90,120,0.7500,0.0000,537,80,382,75
464,1665972581,vermelho,azul,reativa,azul,1,3,23,30,0,30.0000,0.0870,492,2,490,0
465,1342328242,azul,verde,art3miz_0.1,vermelho,0,-3,90,90,120,0.7500,0.1176,322,81,170,71
465,1342328242,azul,vermelho,heuristica,vermelho,1,3,90,30,60,0.5000,0.0449,2164,51,2065,48
465,1342328242,azul,azul,reativa,vermelho,0,-3,90,180,120,1.5000,0.0562,1964,11,1953,0
466,1649972298,verde,verde,art3miz_0.1,azul,0,-3,17,120,120,1.0000,0.0000,395,107,188,100
466,1649972298,verde,vermelho,heuristica,azul,0,-3,17,90,120,0.7500,0.0000,482,105,277,100
466,1649972298,verde,azul,reativa,azul,1,3,17,30,0,30.0000,0.0588,402,2,400,0
467,2086780469,vermelho,verde,art3miz_0.1,vermelho,0,-3,38,90,120,0.7500,0.0769,283,75,143,65
467,2086780469,vermelho,vermelho,heuristica,vermelho,1,3,38,30,0,30.0000,0.0789,939,20,903,16
467,2086780469,vermelho,azul,reativa,vermelho,0,-3,38,120,120,1.0000,0.0811,760,8,752,0
468,1112072917,azul,verde,art3miz_0.1,azul,0,-3,32,120,120,1.0000,0.0323,357,79,204,74
468,1112072917,azul,vermelho,heuristica,azul,0,-3,32,90,120,0.7500,0.1500,657,79,503,75
468,1112072917,azul,azul,reativa,azul,1,3,32,30,0,30.0000,0.0625,724,2,722,0
469,223052448,verde,verde,art3miz_0.1,azul,0,-3,30,90,120,0.7500,0.0000,298,80,145,73
469,223052448,verde,vermelho,heuristica,azul,0,-3,30,150,120,1.2500,0.0667,921,131,671,119
469,223052448,verde,azul,reativa,azul,1,3,30,30,30,1.0000,0.0667,664,3,661,0
470,1629194997,vermelho,verde,art3miz_0.1,azul,0,-3,43,140,120,1.1667,0.2143,752,149,454,149
470,1629194997,vermelho,vermelho,heuristica,azul,0,-3,43,90,110,0.8182,0.3750,414,114,188,112
470,1629194997,vermelho,azul,reativa,azul,1,3,43,30,30,1.0000,0.0000,792,1,791,0
471,2020547047,azul,verde,art3miz_0.1,azul,0,-3,27,70,110,0.6364,0.1923,556,104,355,97
471,2020547047,azul,vermelho,heuristica,azul,0,-3,27,140,110,1.2727,0.2273,805,151,533,121
471,2020547047,azul,azul,reativa,azul,1,3,27,90,80,1.1250,0.1111,576,7,569,0
472,1561709938,verde,verde,art3miz_0.1,azul,0,-3,64,90,120,0.7500,0.0000,286,80,131,75
472,1561709938,verde,vermelho,heuristica,azul,0,-3,64,150,120,1.2500,0.0625,1758,133,1501,124
472,1561709938,verde,azul,reativa,azul,1,3,64,30,30,1.0000,0.0625,1541,3,1538,0
473,34472910,vermelho,verde,art3miz_0.1,verde,1,3,43,30,30,1.0000,0.0238,593,29,539,25
473,34472910,vermelho,vermelho,heuristica,verde,0,-3,43,90,120,0.7500,0.0455,689,81,533,75
473,34472910,vermelho,azul,reativa,verde,0,-3,43,150,120,1.2500,0.0000,911,9,902,0
474,1889495832,azul,verde,art3miz_0.1,verde,1,3,53,30,0,30.0000,0.0577,326,30,271,25
474,1889495832,azul,vermelho,heuristica,verde,0,-3,53,120,120,1.0000,0.0392,1319,110,1110,99
474,1889495832,azul,azul,reativa,verde,0,-3,53,90,120,0.7500,0.0000,733,3,730,0
475,2075334735,verde,verde,art3miz_0.1,empate,0,-1,100,0,0,0.0000,0.0000,1968,44,1924,0
475,2075334735,verde,vermelho,heuristica,empate,0,-1,100,0,0,0.0000,0.0000,1820,0,1820,0
475,2075334735,verde,azul,reativa,empate,0,-1,100,0,0,0.0000,0.0100,2066,45,2021,0
476,518344282,vermelho,verde,art3miz_0.1,azul,0,-3,39,100,110,0.9091,0.2368,443,98,254,91
476,518344282,vermelho,vermelho,heuristica,azul,0,-3,39,80,100,0.8000,0.3077,544,120,311,113
476,518344282,vermelho,azul,reativa,azul,1,3,39,30,0,30.0000,0.0256,920,2,918,0
477,664865225,azul,verde,art3miz_0.1,vermelho,0,-3,28,90,120,0.7500,0.0000,265,84,106,75
477,664865225,azul,vermelho,heuristica,vermelho,1,3,28,30,0,30.0000,0.0741,683,42,602,39
477,664865225,azul,azul,reativa,vermelho,0,-3,28,120,120,1.0000,0.0000,586,5,581,0
478,1713655207,verde,verde,art3miz_0.1,azul,0,-3,19,90,120,0.7500,0.0000,346,81,190,75
478,1713655207,verde,vermelho,heuristica,azul,0,-3,19,150,120,1.2500,0.0526,790,159,481,150
478,1713655207,verde,azul,reativa,azul,1,3,19,30,30,1.0000,0.0000,421,3,418,0
479,927898304,vermelho,verde,art3miz_0.1,vermelho,0,-3,39,120,120,1.0000,0.1053,556,104,352,100
479,927898304,vermelho,vermelho,heuristica,vermelho,1,3,39,30,0,30.0000,0.0513,985,26,936,23
479,927898304,vermelho,azul,reativa,vermelho,0,-3,39,90,120,0.7500,0.0000,55,5,50,0
480,512606905,azul,verde,art3miz_0.1,verde,1,3,25,30,0,30.0000,0.1250,197,29,143,25
480,512606905,azul,vermelho,heuristica,verde,0,-3,25,120,120,1.0000,0.0870,799,135,531,133
480,512606905,azul,azul,reativa,verde,0,-3,25,90,120,0.7500,0.0000,309,3,306,0
481,741330521,verde,verde,art3miz_0.1,azul,0,-3,65,130,110,1.1818,0.0923,745,127,503,115
481,741330521,verde,vermelho,heuristica,azul,0,-3,65,50,100,0.5000,0.3636,479,105,275,99
481,741330521,verde,azul,reativa,azul,1,3,65,60,30,2.0000,0.0000,1160,4,1156,0
482,1245569230,vermelho,verde,art3miz_0.1,vermelho,0,-3,20,150,120,1.2500,0.0000,616,168,298,150
482,1245569230,vermelho,vermelho,heuristica,vermelho,1,3,20,30,30,1.0000,0.0500,567,50,469,48
482,1245569230,vermelho,azul,reativa,vermelho,0,-3,20,90,120,0.7500,0.0000,276,5,271,0
483,1772636271,azul,verde,art3miz_0.1,vermelho,0,-3,35,90,120,0.7500,0.1818,263,83,105,75
483,1772636271,azul,vermelho,heuristica,vermelho,1,3,35,30,30,1.0000,0.0588,820,17,787,16
483,1772636271,azul,azul,reativa,vermelho,0,-3,35,150,120,1.2500,0.0294,555,9,546,0
484,439522726,verde,verde,art3miz_0.1,vermelho,0,-3,81,120,120,1.0000,0.1235,733,113,520,100
484,439522726,verde,vermelho,heuristica,vermelho,1,3,81,30,0,30.0000,0.0370,1632,27,1580,25
484,439522726,verde,azul,reativa,vermelho,0,-3,81,90,120,0.7500,0.1818,191,4,187,0
485,1210558033,vermelho,verde,art3miz_0.1,vermelho,0,-3,22,90,120,0.7500,0.0000,238,66,116,56
485,1210558033,vermelho,vermelho,heuristica,vermelho,1,3,22,30,0,30.0000,0.0455,635,53,532,50
485,1210558033,vermelho,azul,reativa,vermelho,0,-3,22,120,120,1.0000,0.0476,393,7,386,0
486,1816776073,azul,verde,art3miz_0.1,verde,1,3,51,30,0,30.0000,0.0400,224,2,222,0
486,1816776073,azul,vermelho,heuristica,verde,0,-3,51,120,120,1.0000,0.0612,1261,108,1053,100
486,1816776073,azul,azul,reativa,verde,0,-3,51,90,120,0.7500,0.0000,57,6,51,0
487,808127244,verde,verde,art3miz_0.1,verde,1,3,19,30,0,30.0000,0.0526,85,2,83,0
487,808127244,verde,vermelho,heuristica,verde,0,-3,19,90,120,0.7500,0.0000,353,80,198,75
487,808127244,verde,azul,reativa,verde,0,-3,19,120,120,1.0000,0.0000,358,7,351,0
488,69747369,vermelho,verde,art3miz_0.1,verde,1,3,22,90,60,1.5000,0.1429,385,125,193,67
488,69747369,vermelho,vermelho,heuristica,verde,0,-3,22,80,120,0.6667,0.1500,616,139,371,106
488,69747369,vermelho,azul,reativa,verde,0,-3,22,120,110,1.0909,0.3333,379,11,368,0
489,1668374150,azul,verde,art3miz_0.1,vermelho,0,-3,27,150,120,1.2500,0.0769,529,141,263,125
489,1668374150,azul,vermelho,heuristica,vermelho,1,3,27,30,30,1.0000,0.0769,681,27,629,25
489,1668374150,azul,azul,reativa,vermelho,0,-3,27,90,120,0.7500,0.0000,162,5,157,0
490,1304348503,verde,verde,art3miz_0.1,vermelho,0,-3,30,60,120,0.5000,0.0000,274,79,120,75
490,1304348503,verde,vermelho,heuristica,vermelho,1,3,30,60,60,1.0000,0.0667,856,72,713,71
490,1304348503,verde,azul,reativa,vermelho,0,-3,30,180,120,1.5000,0.0000,570,12,558,0
491,133541920,vermelho,verde,art3miz_0.1,azul,0,-3,35,120,110,1.0909,0.0882,575,134,316,125
491,133541920,vermelho,vermelho,heuristica,azul,0,-3,35,80,120,0.6667,0.0714,553,101,352,100
491,133541920,vermelho,azul,reativa,azul,1,3,35,30,0,30.0000,0.1429,720,2,718,0
492,1603595673,azul,verde,art3miz_0.1,vermelho,0,-3,21,120,120,1.0000,0.1500,440,109,235,96
492,1603595673,azul,vermelho,heuristica,vermelho,1,3,21,30,0,30.0000,0.0500,528,26,478,24
492,1603595673,azul,azul,reativa,vermelho,0,-3,21,90,120,0.7500,0.0909,190,6,184,0
493,1118675268,verde,verde,art3miz_0.1,empate,0,-1,100,60,120,0.5000,0.0000,335,80,180,75
493,1118675268,verde,vermelho,heuristica,empate,0,-1,100,120,60,2.0000,0.0600,2672,106,2466,100
493,1118675268,verde,azul,reativa,empate,0,-1,100,0,0,0.0000,0.8700,1354,0,1354,0
494,1097557813,vermelho,verde,art3miz_0.1,vermelho,0,-3,40,90,120,0.7500,0.1667,312,98,129,85
494,1097557813,vermelho,vermelho,heuristica,vermelho,1,3,40,30,0,30.0000,0.0000,990,18,956,16
494,1097557813,vermelho,azul,reativa,vermelho,0,-3,40,120,120,1.0000,0.0513,822,6,816,0
495,1791619833,azul,verde,art3miz_0.1,vermelho,0,-3,32,150,120,1.2500,0.0968,569,144,294,131
495,1791619833,azul,vermelho,heuristica,vermelho,1,3,32,30,30,1.0000,0.1290,861,53,758,50
495,1791619833,azul,azul,reativa,vermelho,0,-3,32,90,120,0.7500,0.2000,177,6,171,0
496,1967010406,verde,verde,art3miz_0.1,verde,1,3,29,30,0,30.0000,0.1379,191,28,138,25
496,1967010406,verde,vermelho,heuristica,verde,0,-3,29,120,120,1.0000,0.0714,976,150,677,149
496,1967010406,verde,azul,reativa,verde,0,-3,29,90,120,0.7500,0.0667,288,4,284,0
497,717339568,vermelho,verde,art3miz_0.1,vermelho,0,-3,14,120,120,1.0000,0.1538,339,99,155,85
497,717339568,vermelho,vermelho,heuristica,vermelho,1,3,14,30,0,30.0000,0.0000,391,27,339,25
497,717339568,vermelho,azul,reativa,vermelho,0,-3,14,90,120,0.7500,0.0000,206,4,202,0
498,671962700,azul,verde,art3miz_0.1,azul,0,-3,37,90,120,0.7500,0.0769,269,78,120,71
498,671962700,azul,vermelho,heuristica,azul,0,-3,37,150,120,1.2500,0.0833,1093,138,825,130
498,671962700,azul,azul,reativa,azul,1,3,37,30,30,1.0000,0.0270,882,2,880,0
499,718487412,verde,verde,art3miz_0.1,azul,0,-3,13,120,120,1.0000,0.0000,311,82,154,75
499,718487412,verde,vermelho,heuristica,azul,0,-3,13,90,120,0.7500,0.1250,355,79,201,75
499,718487412,verde,azul,reativa,azul,1,3,13,30,0,30.0000,0.0769,306,2,304,0
500,244965602,vermelho,verde,art3miz_0.1,vermelho,0,-3,34,90,120,0.7500,0.0000,377,77,238,62
500,244965602,vermelho,vermelho,heuristica,vermelho,1,3,34,30,0,30.0000,0.0000,852,80,697,75
500,244965602,vermelho,azul,reativa,vermelho,0,-3,34,120,120,1.0000,0.0000,555,10,545,0
501,689613760,azul,verde,art3miz_0.1,azul,0,-3,22,150,120,1.2500,0.0000,445,121,214,110
501,689613760,azul,vermelho,heuristica,azul,0,-3,22,90,120,0.7500,0.0667,509,73,367,69
501,689613760,azul,azul,reativa,azul,1,3,22,30,30,1.0000,0.0909,510,2,508,0
502,201796813,verde,verde,art3miz_0.1,empate,0,-1,100,0,0,0.0000,0.0000,1296,0,1296,0
502,201796813,verde,vermelho,heuristica,empate,0,-1,100,120,90,1.3333,0.0300,1827,108,1619,100
502,201796813,verde,azul,reativa,empate,0,-1,100,90,120,0.7500,0.0000,82,4,78,0
503,2095621178,vermelho,verde,art3miz_0.1,vermelho,0,-3,33,90,120,0.7500,0.0000,251,77,106,68
503,2095621178,vermelho,vermelho,heuristica,vermelho,1,3,33,30,30,1.0000,0.0606,879,26,829,24
503,2095621178,vermelho,azul,reativa,vermelho,0,-3,33,150,120,1.2500,0.0313,652,8,644,0
504,512691303,azul,verde,art3miz_0.1,empate,0,-1,100,120,90,1.3333,0.0000,1656,128,1441,87
504,512691303,azul,vermelho,heuristica,empate,0,-1,100,90,120,0.7500,0.0370,813,88,637,88
504,512691303,azul,azul,reativa,empate,0,-1,100,0,0,0.0000,0.0100,2116,33,2083,0
505,520339085,verde,verde,art3miz_0.1,empate,0,-1,100,90,120,0.7500,0.0000,246,82,89,75
505,520339085,verde,vermelho,heuristica,empate,0,-1,100,120,90,1.3333,0.0700,2313,105,2108,100
505,520339085,verde,azul,reativa,empate,0,-1,100,0,0,0.0000,0.0500,1973,0,1973,0
506,319236723,vermelho,verde,art3miz_0.1,verde,1,3,30,30,0,30.0000,0.1379,236,29,182,25
506,319236723,vermelho,vermelho,heuristica,verde,0,-3,30,90,120,0.7500,0.0000,379,81,223,75
506,319236723,vermelho,azul,reativa,verde,0,-3,30,120,120,1.0000,0.0000,631,8,623,0
507,1680688708,azul,verde,art3miz_0.1,azul,0,-3,21,90,120,0.7500,0.0000,298,79,144,75
507,1680688708,azul,vermelho,heuristica,azul,0,-3,21,120,120,1.0000,0.0000,863,182,485,196
507,1680688708,azul,azul,reativa,azul,1,3,21,30,0,30.0000,0.0000,469,2,467,0
508,887407502,verde,verde,art3miz_0.1,azul,0,-3,22,110,120,0.9167,0.0909,501,108,293,100
508,887407502,verde,vermelho,heuristica,azul,0,-3,22,90,110,0.8182,0.0625,581,100,381,100
508,887407502,verde,azul,reativa,azul,1,3,22,30,0,30.0000,0.0000,502,2,500,0
509,191222333,vermelho,verde,art3miz_0.1,vermelho,0,-3,57,150,120,1.2500,0.0179,703,139,444,120
509,191222333,vermelho,vermelho,heuristica,vermelho,1,3,57,30,30,1.0000,0.0351,1087,23,1045,19
509,191222333,vermelho,azul,reativa,vermelho,0,-3,57,90,120,0.7500,0.0588,357,5,352,0
510,608521437,azul,verde,art3miz_0.1,vermelho,0,-3,68,30,120,0.2500,0.1818,258,72,123,63
510,608521437,azul,vermelho,heuristica,vermelho,1,3,68,90,90,1.0000,0.0000,1657,59,1545,53
510,608521437,azul,azul,reativa,vermelho,0,-3,68,210,120,1.7500,0.0000,1469,11,1458,0
511,656961761,verde,verde,art3miz_0.1,empate,0,-1,100,80,110,0.7273,0.2143,388,112,177,99
511,656961761,verde,vermelho,heuristica,empate,0,-1,100,0,0,0.0000,0.0200,2071,0,2071,0
511,656961761,verde,azul,reativa,empate,0,-1,100,110,80,1.3750,0.1000,1907,7,1900,0
512,310149982,vermelho,verde,art3miz_0.1,azul,0,-3,31,120,110,1.0909,0.0667,559,116,327,116
512,310149982,vermelho,vermelho,heuristica,azul,0,-3,31,80,120,0.6667,0.0625,517,74,374,69
512,310149982,vermelho,azul,reativa,azul,1,3,31,30,0,30.0000,0.0323,644,2,642,0
513,1141277885,azul,verde,art3miz_0.1,verde,1,3,46,30,30,1.0000,0.0222,280,28,227,25
513,1141277885,azul,vermelho,heuristica,verde,0,-3,46,150,120,1.2500,0.0455,1345,147,1058,140
513,1141277885,azul,azul,reativa,verde,0,-3,46,90,120,0.7500,0.1429,277,4,273,0
514,1226790344,verde,verde,art3miz_0.1,vermelho,0,-3,25,120,120,1.0000,0.0800,469,113,256,100
514,1226790344,verde,vermelho,heuristica,vermelho,1,3,25,30,0,30.0000,0.0000,698,49,599,50
514,1226790344,verde,azul,reativa,vermelho,0,-3,25,90,120,0.7500,0.0769,228,5,223,0
515,1535129199,vermelho,verde,art3miz_0.1,azul,0,-3,32,90,120,0.7500,0.0000,252,76,107,69
515,1535129199,vermelho,vermelho,heuristica,azul,0,-3,32,150,120,1.2500,0.0313,935,111,722,102
515,1535129199,vermelho,azul,reativa,azul,1,3,32,30,30,1.0000,0.0313,659,3,656,0
516,1150841547,azul,verde,art3miz_0.1,empate,0,-1,100,90,120,0.7500,0.1538,268,84,109,75
516,1150841547,azul,vermelho,heuristica,empate,0,-1,100,0,0,0.0000,0.0000,1400,0,1400,0
516,1150841547,azul,azul,reativa,empate,0,-1,100,120,90,1.3333,0.0100,1672,6,1666,0
517,1165334641,verde,verde,art3miz_0.1,azul,0,-3,22,120,120,1.0000,0.0455,426,106,224,96
517,1165334641,verde,vermelho,heuristica,azul,0,-3,22,90,120,0.7500,0.0000,417,102,219,96
517,1165334641,verde,azul,reativa,azul,1,3,22,30,0,30.0000,0.0909,532,2,530,0
518,681806193,vermelho,verde,art3miz_0.1,empate,0,-1,100,90,120,0.7500,0.0000,254,80,99,75
518,681806193,vermelho,vermelho,heuristica,empate,0,-1,100,120,90,1.3333,0.0000,2027,105,1822,100
518,681806193,vermelho,azul,reativa,empate,0,-1,100,0,0,0.0000,0.0300,2198,0,2198,0
519,1279852028,azul,verde,art3miz_0.1,vermelho,0,-3,17,60,120,0.5000,0.0000,254,74,114,66
519,1279852028,azul,vermelho,heuristica,vermelho,1,3,17,120,20,6.0000,0.2500,727,209,393,125
519,1279852028,azul,azul,reativa,vermelho,0,-3,17,80,120,0.6667,0.0000,317,9,308,0
520,927686692,verde,verde,art3miz_0.1,azul,0,-3,13,60,120,0.5000,0.0000,202,55,97,50
520,927686692,verde,vermelho,heuristica,azul,0,-3,13,90,120,0.7500,0.0000,585,143,320,122
520,927686692,verde,azul,reativa,azul,1,3,13,90,0,90.0000,0.1538,243,11,232,0
521,1035302288,vermelho,verde,art3miz_0.1,empate,0,-1,100,0,0,0.0000,0.0202,1320,0,1320,0
521,1035302288,vermelho,vermelho,heuristica,empate,0,-1,100,0,30,0.0000,0.0000,4314,1151,2059,1104
521,1035302288,vermelho,azul,reativa,empate,0,-1,100,30,0,30.0000,0.0000,2434,3,2431,0
522,984794711,azul,verde,art3miz_0.1,vermelho,0,-3,34,60,120,0.5000,0.1000,334,78,187,69
522,984794711,azul,vermelho,heuristica,vermelho,1,3,34,60,90,0.6667,0.2121,911,53,797,61
522,984794711,azul,azul,reativa,vermelho,0,-3,34,210,120,1.7500,0.0303,648,13,635,0
523,327484689,verde,verde,art3miz_0.1,empate,0,-1,100,90,120,0.7500,0.0000,257,74,113,70
523,327484689,verde,vermelho,heuristica,empate,0,-1,100,120,90,1.3333,0.0800,2154,117,1917,120
523,327484689,verde,azul,reativa,empate,0,-1,100,0,0,0.0000,0.0300,1782,0,1782,0
524,386297152,vermelho,verde,art3miz_0.1,vermelho,0,-3,44,120,120,1.0000,0.0465,504,108,302,94
524,386297152,vermelho,vermelho,heuristica,vermelho,1,3,44,30,0,30.0000,0.0000,900,20,863,17
524,386297152,vermelho,azul,reativa,vermelho,0,-3,44,90,120,0.7500,0.0741,563,3,560,0
525,349317291,azul,verde,art3miz_0.1,vermelho,0,-3,55,90,120,0.7500,0.1000,340,81,187,72
525,349317291,azul,vermelho,heuristica,vermelho,1,3,55,30,60,0.5000,0.0370,1324,32,1260,32
525,349317291,azul,azul,reativa,vermelho,0,-3,55,180,120,1.5000,0.0185,1175,12,1163,0
526,2000841264,verde,verde,art3miz_0.1,vermelho,0,-3,19,90,120,0.7500,0.0000,309,85,149,75
526,2000841264,verde,vermelho,heuristica,vermelho,1,3,19,30,30,1.0000,0.0526,510,26,459,25
526,2000841264,verde,azul,reativa,vermelho,0,-3,19,150,120,1.2500,0.0000,343,7,336,0
527,1679114366,vermelho,verde,art3miz_0.1,verde,1,3,19,30,30,1.0000,0.1111,133,28,80,25
527,1679114366,vermelho,vermelho,heuristica,verde,0,-3,19,90,120,0.7500,0.0000,529,102,327,100
527,1679114366,vermelho,azul,reativa,verde,0,-3,19,150,120,1.2500,0.0000,339,9,330,0
528,54272465,azul,verde,art3miz_0.1,vermelho,0,-3,26,90,120,0.7500,0.5000,297,85,137,75
528,54272465,azul,vermelho,heuristica,vermelho,1,3,26,30,0,30.0000,0.0000,634,29,576,29
528,54272465,azul,azul,reativa,vermelho,0,-3,26,120,120,1.0000,0.0400,515,6,509,0
529,2003592322,verde,verde,art3miz_0.1,empate,0,-1,100,0,0,0.0000,0.0100,1638,48,1590,0
529,2003592322,verde,vermelho,heuristica,empate,0,-1,100,30,120,0.2500,0.0000,901,84,752,65
529,2003592322,verde,azul,reativa,empate,0,-1,100,120,30,4.0000,0.0100,1679,39,1640,0
530,1331448970,vermelho,verde,art3miz_0.1,empate,0,-1,100,90,120,0.7500,0.0000,259,80,104,75
530,1331448970,vermelho,vermelho,heuristica,empate,0,-1,100,120,90,1.3333,0.0400,2175,105,1970,100
530,1331448970,vermelho,azul,reativa,empate,0,-1,100,0,0,0.0000,0.0100,1851,0,1851,0
531,482643454,azul,verde,art3miz_0.1,empate,0,-1,100,120,90,1.3333,0.0101,1199,86,1038,75
531,482643454,azul,vermelho,heuristica,empate,0,-1,100,0,0,0.0000,0.0000,1890,0,1890,0
531,482643454,azul,azul,reativa,empate,0,-1,100,90,120,0.7500,0.0000,107,5,102,0
532,1779565378,verde,verde,art3miz_0.1,empate,0,-1,100,120,90,1.3333,0.0000,985,141,719,125
532,1779565378,verde,vermelho,heuristica,empate,0,-1,100,0,0,0.0000,0.0000,3967,937,2133,897
532,1779565378,verde,azul,reativa,empate,0,-1,100,90,120,0.7500,0.0000,233,3,230,0
533,2054481438,vermelho,verde,art3miz_0.1,azul,0,-3,30,90,120,0.7500,0.0000,260,78,107,75
533,2054481438,vermelho,vermelho,heuristica,azul,0,-3,30,120,120,1.0000,0.0333,984,127,732,125
533,2054481438,vermelho,azul,reativa,azul,1,3,30,30,0,30.0000,0.0667,703,2,701,0
534,1078675238,azul,verde,art3miz_0.1,vermelho,0,-3,70,60,110,0.5455,0.0952,308,73,164,71
534,1078675238,azul,vermelho,heuristica,vermelho,1,3,70,60,30,2.0000,0.0145,1329,52,1229,48
534,1078675238,azul,azul,reativa,vermelho,0,-3,70,140,120,1.1667,0.0435,1451,9,1442,0
535,843908336,verde,verde,art3miz_0.1,verde,1,3,15,30,30,1.0000,0.0667,126,28,73,25
535,843908336,verde,vermelho,heuristica,verde,0,-3,15,90,120,0.7500,0.0000,445,126,197,122
535,843908336,verde,azul,reativa,verde,0,-3,15,150,120,1.2500,0.0000,240,9,231,0
536,681987113,vermelho,verde,art3miz_0.1,empate,0,-1,100,0,0,0.0000,0.4949,2109,48,2061,0
536,681987113,vermelho,vermelho,heuristica,empate,0,-1,100,0,0,0.0000,0.0100,2028,50,1978,0
536,681987113,vermelho,azul,reativa,empate,0,-1,100,0,0,0.0000,0.0200,1864,0,1864,0
537,1423106760,azul,verde,art3miz_0.1,vermelho,0,-3,26,150,120,1.2500,0.0000,564,140,302,122
537,1423106760,azul,vermelho,heuristica,vermelho,1,3,26,30,30,1.0000,0.0400,718,49,623,46
537,1423106760,azul,azul,reativa,vermelho,0,-3,26,90,120,0.7500,0.0000,325,4,321,0
538,1079511724,verde,verde,art3miz_0.1,verde,1,3,46,30,0,30.0000,0.0435,650,30,595,25
538,1079511724,verde,vermelho,heuristica,verde,0,-3,46,120,120,1.0000,0.0889,1274,107,1067,100
538,1079511724,verde,azul,reativa,verde,0,-3,46,90,120,0.7500,0.0500,792,5,787,0
539,419734749,vermelho,verde,art3miz_0.1,azul,0,-3,40,90,120,0.7500,0.0000,348,91,174,83
539,419734749,vermelho,vermelho,heuristica,azul,0,-3,40,120,120,1.0000,0.0750,1098,99,902,97
539,419734749,vermelho,azul,reativa,azul,1,3,40,30,0,30.0000,0.0500,939,2,937,0
540,1655343181,azul,verde,art3miz_0.1,azul,0,-3,20,120,120,1.0000,0.0000,462,130,209,123
540,1655343181,azul,vermelho,heuristica,azul,0,-3,20,90,120,0.7500,0.0000,456,79,302,75
540,1655343181,azul,azul,reativa,azul,1,3,20,30,0,30.0000,0.1500,453,4,449,0
541,1499152475,verde,verde,art3miz_0.1,vermelho,0,-3,17,90,120,0.7500,0.0000,307,85,147,75
541,1499152475,verde,vermelho,heuristica,vermelho,1,3,17,30,60,0.5000,0.0000,502,43,409,50
541,1499152475,verde,azul,reativa,vermelho,0,-3,17,180,120,1.5000,0.0000,258,9,249,0
542,1832667766,vermelho,verde,art3miz_0.1,azul,0,-3,29,110,110,1.0000,0.2143,642,149,383,110
542,1832667766,vermelho,vermelho,heuristica,azul,0,-3,29,90,110,0.8182,0.0625,554,111,354,89
542,1832667766,vermelho,azul,reativa,azul,1,3,29,20,0,20.0000,0.1379,659,9,650,0
543,1264378068,azul,verde,art3miz_0.1,vermelho,0,-3,32,150,120,1.2500,0.0968,561,141,295,125
543,1264378068,azul,vermelho,heuristica,vermelho,1,3,32,30,30,1.0000,0.0645,853,51,752,50
543,1264378068,azul,azul,reativa,vermelho,0,-3,32,90,120,0.7500,0.0667,301,6,295,0
544,1308472688,verde,verde,art3miz_0.1,verde,1,3,78,60,30,2.0000,0.0513,486,30,431,25
544,1308472688,verde,vermelho,heuristica,verde,0,-3,78,40,100,0.4000,0.3333,334,68,204,62
544,1308472688,verde,azul,reativa,verde,0,-3,78,130,100,1.3000,0.0909,1703,10,1693,0
545,1643580531,vermelho,verde,art3miz_0.1,azul,0,-3,36,120,120,1.0000,0.0000,544,107,337,100
545,1643580531,vermelho,vermelho,heuristica,azul,0,-3,36,90,120,0.7500,0.0000,358,78,205,75
545,1643580531,vermelho,azul,reativa,azul,1,3,36,30,0,30.0000,0.1667,821,2,819,0
546,639957133,azul,verde,art3miz_0.1,vermelho,0,-3,52,90,120,0.7500,0.0000,362,112,150,100
546,639957133,azul,vermelho,heuristica,vermelho,1,3,52,30,40,0.7500,0.0588,1195,53,1093,49
546,639957133,azul,azul,reativa,vermelho,0,-3,52,160,120,1.3333,0.0588,1082,15,1067,0
547,1965988595,verde,verde,art3miz_0.1,vermelho,0,-3,25,130,100,1.3000,0.2000,510,122,283,105
547,1965988595,verde,vermelho,heuristica,vermelho,1,3,25,30,30,1.0000,0.0400,710,46,616,48
547,1965988595,verde,azul,reativa,vermelho,0,-3,25,70,100,0.7000,0.4000,267,5,262,0
548,785624668,vermelho,verde,art3miz_0.1,vermelho,0,-3,40,120,120,1.0000,0.0000,467,103,276,88
548,785624668,vermelho,vermelho,heuristica,vermelho,1,3,40,30,0,30.0000,0.0500,934,27,882,25
548,785624668,vermelho,azul,reativa,vermelho,0,-3,40,90,120,0.7500,0.0000,167,4,163,0
549,474626655,azul,verde,art3miz_0.1,azul,0,-3,22,90,120,0.7500,0.0000,206,66,78,62
549,474626655,azul,vermelho,heuristica,azul,0,-3,22,150,120,1.2500,0.0000,766,130,504,132
549,474626655,azul,azul,reativa,azul,1,3,22,30,30,1.0000,0.0909,515,2,513,0
550,1347717309,verde,verde,art3miz_0.1,verde,1,3,16,30,0,30.0000,0.0625,76,2,74,0
550,1347717309,verde,vermelho,heuristica,verde,0,-3,16,120,120,1.0000,0.0000,554,106,350,98
550,1347717309,verde,azul,reativa,verde,0,-3,16,90,120,0.7500,0.0000,249,4,245,0
551,1940104168,vermelho,verde,art3miz_0.1,vermelho,0,-3,23,120,120,1.0000,0.0455,545,113,334,98
551,1940104168,vermelho,vermelho,heuristica,vermelho,1,3,23,30,0,30.0000,0.0000,649,44,555,50
551,1940104168,vermelho,azul,reativa,vermelho,0,-3,23,90,120,0.7500,0.0000,342,5,337,0
552,1153931505,azul,verde,art3miz_0.1,azul,0,-3,40,40,100,0.4000,0.3846,360,105,155,100
552,1153931505,azul,vermelho,heuristica,azul,0,-3,40,160,100,1.6000,0.1538,1345,202,952,191
552,1153931505,azul,azul,reativa,azul,1,3,40,60,60,1.0000,0.0000,775,3,772,0
553,2144325616,verde,verde,art3miz_0.1,verde,1,3,40,60,30,2.0000,0.0500,323,57,216,50
553,2144325616,verde,vermelho,heuristica,verde,0,-3,40,60,120,0.5000,0.0000,688,42,606,40
553,2144325616,verde,azul,reativa,verde,0,-3,40,150,120,1.2500,0.0513,838,9,829,0
554,30024536,vermelho,verde,art3miz_0.1,vermelho,0,-3,36,90,120,0.7500,0.0833,264,83,106,75
554,30024536,vermelho,vermelho,heuristica,vermelho,1,3,36,30,30,1.0000,0.0278,883,18,850,15
554,30024536,vermelho,azul,reativa,vermelho,0,-3,36,150,120,1.2500,0.0571,741,9,732,0
555,1910399178,azul,verde,art3miz_0.1,verde,1,3,16,30,30,1.0000,0.0667,126,28,73,25
555,1910399178,azul,vermelho,heuristica,verde,0,-3,16,90,120,0.7500,0.0000,433,81,278,74
555,1910399178,azul,azul,reativa,verde,0,-3,16,150,120,1.2500,0.0000,242,9,233,0
556,1783435411,verde,verde,art3miz_0.1,vermelho,0,-3,30,120,120,1.0000,0.0667,451,109,246,96
556,1783435411,verde,vermelho,heuristica,vermelho,1,3,30,30,0,30.0000,0.2333,804,27,752,25
556,1783435411,verde,azul,reativa,vermelho,0,-3,30,90,120,0.7500,0.1250,113,4,109,0
557,2033767092,vermelho,verde,art3miz_0.1,azul,0,-3,19,90,120,0.7500,0.0000,273,76,126,71
557,2033767092,vermelho,vermelho,heuristica,azul,0,-3,19,150,120,1.2500,0.0000,690,126,445,119
557,2033767092,vermelho,azul,reativa,azul,1,3,19,30,30,1.0000,0.0000,376,3,373,0
558,1903858974,azul,verde,art3miz_0.1,verde,1,3,21,30,30,1.0000,0.1000,253,54,149,50
558,1903858974,azul,vermelho,heuristica,verde,0,-3,21,90,120,0.7500,0.1538,520,106,316,98
558,1903858974,azul,azul,reativa,verde,0,-3,21,150,120,1.2500,0.1000,369,12,357,0
559,1761344236,verde,verde,art3miz_0.1,vermelho,0,-3,51,120,120,1.0000,0.1373,548,106,349,93
559,1761344236,verde,vermelho,heuristica,vermelho,1,3,51,30,0,30.0000,0.0784,1255,27,1203,25
559,1761344236,verde,azul,reativa,vermelho,0,-3,51,90,120,0.7500,0.0500,378,4,374,0
560,822547579,vermelho,verde,art3miz_0.1,vermelho,0,-3,36,150,120,1.2500,0.0286,573,139,311,123
560,822547579,vermelho,vermelho,heuristica,vermelho,1,3,36,30,30,1.0000,0.1667,933,26,883,24
560,822547579,vermelho,azul,reativa,vermelho,0,-3,36,90,120,0.7500,0.0000,221,6,215,0
561,369036526,azul,verde,art3miz_0.1,azul,0,-3,35,150,120,1.2500,0.0588,459,108,258,93
561,369036526,azul,vermelho,heuristica,azul,0,-3,35,90,120,0.7500,0.0000,382,79,228,75
561,369036526,azul,azul,reativa,azul,1,3,35,30,30,1.0000,0.0000,557,3,554,0
562,385294681,verde,verde,art3miz_0.1,vermelho,0,-3,22,120,120,1.0000,0.0455,416,113,203,100
562,385294681,verde,vermelho,heuristica,vermelho,1,3,22,30,0,30.0000,0.0000,740,114,526,100
562,385294681,verde,azul,reativa,vermelho,0,-3,22,90,120,0.7500,0.0000,358,5,353,0
563,1351163531,vermelho,verde,art3miz_0.1,vermelho,0,-3,39,120,100,1.2000,0.0789,477,87,315,75
563,1351163531,vermelho,vermelho,heuristica,vermelho,1,3,39,10,0,10.0000,0.0769,1034,41,957,36
563,1351163531,vermelho,azul,reativa,vermelho,0,-3,39,90,120,0.7500,0.1429,108,5,103,0
564,788961864,azul,verde,art3miz_0.1,vermelho,0,-3,27,90,120,0.7500,0.0000,253,83,96,74
564,788961864,azul,vermelho,heuristica,vermelho,1,3,27,30,0,30.0000,0.0769,751,53,648,50
564,788961864,azul,azul,reativa,vermelho,0,-3,27,120,120,1.0000,0.0000,486,7,479,0
565,503141246,verde,verde,art3miz_0.1,azul,0,-3,69,90,120,0.7500,0.0323,345,78,192,75
565,503141246,verde,vermelho,heuristica,azul,0,-3,69,150,120,1.2500,0.1159,1963,149,1664,150
565,503141246,verde,azul,reativa,azul,1,3,69,30,30,1.0000,0.0580,1538,3,1535,0
566,1238521743,vermelho,verde,art3miz_0.1,azul,0,-3,28,90,120,0.7500,0.0000,255,79,102,74
566,1238521743,vermelho,vermelho,heuristica,azul,0,-3,28,120,120,1.0000,0.0000,877,102,678,97
566,1238521743,vermelho,azul,reativa,azul,1,3,28,30,0,30.0000,0.0000,545,2,543,0
567,885807520,azul,verde,art3miz_0.1,empate,0,-1,100,90,120,0.7500,0.0769,281,78,129,74
567,885807520,azul,vermelho,heuristica,empate,0,-1,100,120,90,1.3333,0.0505,2378,123,2134,121
567,885807520,azul,azul,reativa,empate,0,-1,100,0,0,0.0000,0.0000,1942,0,1942,0
568,267902503,verde,verde,art3miz_0.1,verde,1,3,19,30,30,1.0000,0.0526,366,82,234,50
568,267902503,verde,vermelho,heuristica,verde,0,-3,19,150,120,1.2500,0.0000,660,126,418,116
568,267902503,verde,azul,reativa,verde,0,-3,19,90,120,0.7500,0.0000,263,7,256,0
569,1922683726,vermelho,verde,art3miz_0.1,verde,1,3,16,60,60,1.0000,0.0000,185,50,91,44
569,1922683726,vermelho,vermelho,heuristica,verde,0,-3,16,60,120,0.5000,0.1111,422,96,226,100
569,1922683726,vermelho,azul,reativa,verde,0,-3,16,180,120,1.5000,0.0000,209,11,198,0
570,2065365347,azul,verde,art3miz_0.1,verde,1,3,32,30,30,1.0000,0.0000,199,27,148,24
570,2065365347,azul,vermelho,heuristica,verde,0,-3,32,150,120,1.2500,0.0333,1071,169,733,169
570,2065365347,azul,azul,reativa,verde,0,-3,32,90,120,0.7500,0.0556,352,4,348,0
571,322353062,verde,verde,art3miz_0.1,verde,1,3,98,30,30,1.0000,0.0816,493,26,442,25
571,322353062,verde,vermelho,heuristica,verde,0,-3,98,150,120,1.2500,0.0000,2148,121,1908,119
571,322353062,verde,azul,reativa,verde,0,-3,98,90,120,0.7500,0.1053,394,4,390,0
572,1785633287,vermelho,verde,art3miz_0.1,azul,0,-3,34,90,120,0.7500,0.0833,338,89,170,79
572,1785633287,vermelho,vermelho,heuristica,azul,0,-3,34,150,120,1.2500,0.0882,1117,163,780,174
572,1785633287,vermelho,azul,reativa,azul,1,3,34,30,30,1.0000,0.0588,805,1,804,0
573,753257138,azul,verde,art3miz_0.1,vermelho,0,-3,29,120,120,1.0000,0.2143,640,108,439,93
573,753257138,azul,vermelho,heuristica,vermelho,1,3,29,60,60,1.0000,0.2143,849,87,663,99
573,753257138,azul,azul,reativa,vermelho,0,-3,29,120,120,1.0000,0.0435,460,10,450,0
574,1429681041,verde,verde,art3miz_0.1,empate,0,-1,100,0,0,0.0000,0.0000,1131,19,1112,0
574,1429681041,verde,vermelho,heuristica,empate,0,-1,100,100,70,1.4286,0.0700,2452,149,2185,118
574,1429681041,verde,azul,reativa,empate,0,-1,100,70,100,0.7000,0.1875,589,5,584,0
575,599050119,vermelho,verde,art3miz_0.1,vermelho,0,-3,39,90,120,0.7500,0.0000,263,84,104,75
575,599050119,vermelho,vermelho,heuristica,vermelho,1,3,39,30,30,1.0000,0.0513,1050,48,952,50
575,599050119,vermelho,azul,reativa,vermelho,0,-3,39,150,120,1.2500,0.0526,813,9,804,0
576,880987394,azul,verde,art3miz_0.1,vermelho,0,-3,35,90,120,0.7500,0.0000,250,80,99,71
576,880987394,azul,vermelho,heuristica,vermelho,1,3,35,30,0,30.0000,0.0000,915,51,814,50
576,880987394,azul,azul,reativa,vermelho,0,-3,35,120,120,1.0000,0.0000,717,7,710,0
577,1671317880,verde,verde,art3miz_0.1,azul,0,-3,62,90,120,0.7500,0.0000,242,80,87,75
577,1671317880,verde,vermelho,heuristica,azul,0,-3,62,150,120,1.2500,0.0323,1732,123,1493,116
577,1671317880,verde,azul,reativa,azul,1,3,62,30,30,1.0000,0.0323,1472,2,1470,0
578,1667218631,vermelho,verde,art3miz_0.1,verde,1,3,30,30,30,1.0000,0.0000,507,28,454,25
578,1667218631,vermelho,vermelho,heuristica,verde,0,-3,30,90,120,0.7500,0.0000,521,100,323,98
578,1667218631,vermelho,azul,reativa,verde,0,-3,30,150,120,1.2500,0.0000,590,9,581,0
579,1360865676,azul,verde,art3miz_0.1,vermelho,0,-3,35,120,120,1.0000,0.0000,621,128,368,125
579,1360865676,azul,vermelho,heuristica,vermelho,1,3,35,30,0,30.0000,0.0588,813,27,761,25
579,1360865676,azul,azul,reativa,vermelho,0,-3,35,90,120,0.7500,0.0000,307,4,303,0
580,969768113,verde,verde,art3miz_0.1,verde,1,3,14,30,30,1.0000,0.0714,121,28,71,22
580,969768113,verde,vermelho,heuristica,verde,0,-3,14,80,110,0.7273,0.2222,490,139,210,141
580,969768113,verde,azul,reativa,verde,0,-3,14,140,110,1.2727,0.3077,210,11,199,0
581,828045317,vermelho,verde,art3miz_0.1,azul,0,-3,26,90,120,0.7500,0.1667,279,79,125,75
581,828045317,vermelho,vermelho,heuristica,azul,0,-3,26,150,120,1.2500,0.0385,879,128,632,119
581,828045317,vermelho,azul,reativa,azul,1,3,26,30,30,1.0000,0.0000,573,3,570,0
582,1609858943,azul,verde,art3miz_0.1,azul,0,-3,38,120,120,1.0000,0.0811,487,107,280,100
582,1609858943,azul,vermelho,heuristica,azul,0,-3,38,90,120,0.7500,0.0833,439,78,286,75
582,1609858943,azul,azul,reativa,azul,1,3,38,30,0,30.0000,0.1579,875,2,873,0
583,657787211,verde,verde,art3miz_0.1,azul,0,-3,54,120,110,1.0909,0.0741,515,108,307,100
583,657787211,verde,vermelho,heuristica,azul,0,-3,54,80,120,0.6667,0.3571,546,96,350,100
583,657787211,verde,azul,reativa,azul,1,3,54,30,0,30.0000,0.0370,1150,2,1148,0
584,1500741286,vermelho,verde,art3miz_0.1,azul,0,-3,46,110,120,0.9167,0.1333,507,94,326,87
584,1500741286,vermelho,vermelho,heuristica,azul,0,-3,46,90,110,0.8182,0.1000,395,75,249,71
584,1500741286,vermelho,azul,reativa,azul,1,3,46,30,0,30.0000,0.0217,990,2,988,0
585,1216752255,azul,verde,art3miz_0.1,empate,0,-1,100,0,0,0.0000,0.0202,2046,46,2000,0
585,1216752255,azul,vermelho,heuristica,empate,0,-1,100,0,0,0.0000,0.0101,2028,46,1982,0
585,1216752255,azul,azul,reativa,empate,0,-1,100,0,0,0.0000,0.0000,1624,0,1624,0
586,170355655,verde,verde,art3miz_0.1,azul,0,-3,34,120,120,1.0000,0.0588,579,118,352,109
586,170355655,verde,vermelho,heuristica,azul,0,-3,34,90,120,0.7500,0.0000,536,91,349,96
586,170355655,verde,azul,reativa,azul,1,3,34,30,0,30.0000,0.0588,553,3,550,0
587,522938142,vermelho,verde,art3miz_0.1,azul,0,-3,57,120,120,1.0000,0.0714,527,102,330,95
587,522938142,vermelho,vermelho,heuristica,azul,0,-3,57,90,120,0.7500,0.1429,467,76,320,71
587,522938142,vermelho,azul,reativa,azul,1,3,57,30,0,30.0000,0.0175,1167,2,1165,0
588,1224265644,azul,verde,art3miz_0.1,empate,0,-1,100,0,0,0.0000,0.0000,1682,5,1677,0
588,1224265644,azul,vermelho,heuristica,empate,0,-1,100,90,120,0.7500,0.0000,542,97,349,96
588,1224265644,azul,azul,reativa,empate,0,-1,100,120,90,1.3333,0.0300,2392,11,2381,0
589,2071903378,verde,verde,art3miz_0.1,azul,0,-3,43,90,100,0.9000,0.2000,257,82,100,75
589,2071903378,verde,vermelho,heuristica,azul,0,-3,43,100,120,0.8333,0.2791,1235,106,1029,100
589,2071903378,verde,azul,reativa,azul,1,3,43,30,0,30.0000,0.0930,1026,2,1024,0
590,239551354,vermelho,verde,art3miz_0.1,azul,0,-3,24,80,120,0.6667,0.1000,256,80,101,75
590,239551354,vermelho,vermelho,heuristica,azul,0,-3,24,120,110,1.0909,0.1667,806,105,601,100
590,239551354,vermelho,azul,reativa,azul,1,3,24,30,0,30.0000,0.0833,564,2,562,0
591,1331453486,azul,verde,art3miz_0.1,vermelho,0,-3,42,50,100,0.5000,0.3750,244,81,91,72
591,1331453486,azul,vermelho,heuristica,vermelho,1,3,42,60,30,2.0000,0.0000,1071,92,887,92
591,1331453486,azul,azul,reativa,vermelho,0,-3,42,130,110,1.1818,0.2195,765,7,758,0
592,700635290,verde,verde,art3miz_0.1,vermelho,0,-3,38,60,120,0.5000,0.4118,1404,379,675,350
592,700635290,verde,vermelho,heuristica,vermelho,1,3,38,60,60,1.0000,0.0526,1035,75,864,96
592,700635290,verde,azul,reativa,vermelho,0,-3,38,180,120,1.5000,0.2703,807,13,794,0
593,1793610634,vermelho,verde,art3miz_0.1,vermelho,0,-3,41,90,120,0.7500,0.2500,233,72,97,64
593,1793610634,vermelho,vermelho,heuristica,vermelho,1,3,41,30,30,1.0000,0.1220,1095,43,1002,50
593,1793610634,vermelho,azul,reativa,vermelho,0,-3,41,150,120,1.2500,0.1250,704,10,694,0
594,1428201362,azul,verde,art3miz_0.1,empate,0,-1,100,120,90,1.3333,0.0000,1792,142,1560,90
594,1428201362,azul,vermelho,heuristica,empate,0,-1,100,90,120,0.7500,0.0000,624,100,431,93
594,1428201362,azul,azul,reativa,empate,0,-1,100,0,0,0.0000,0.0000,1162,42,1120,0
595,40425461,verde,verde,art3miz_0.1,vermelho,0,-3,60,90,110,0.8182,0.0769,286,68,158,60
595,40425461,verde,vermelho,heuristica,vermelho,1,3,60,30,0,30.0000,0.0167,1521,18,1487,16
595,40425461,verde,azul,reativa,vermelho,0,-3,60,110,120,0.9167,0.0000,1397,7,1390,0
596,1462276455,vermelho,verde,art3miz_0.1,vermelho,0,-3,35,150,120,1.2500,0.0294,585,132,328,125
596,1462276455,vermelho,vermelho,heuristica,vermelho,1,3,35,30,30,1.0000,0.0000,626,26,575,25
596,1462276455,vermelho,azul,reativa,vermelho,0,-3,35,90,120,0.7500,0.0769,256,4,252,0
597,2054249709,azul,verde,art3miz_0.1,vermelho,0,-3,47,90,120,0.7500,0.0000,372,99,187,86
597,2054249709,azul,vermelho,heuristica,vermelho,1,3,47,30,30,1.0000,0.1739,1138,34,1072,32
597,2054249709,azul,azul,reativa,vermelho,0,-3,47,150,120,1.2500,0.0435,955,9,946,0
598,630302914,verde,verde,art3miz_0.1,verde,1,3,61,30,0,30.0000,0.0820,327,29,273,25
598,630302914,verde,vermelho,heuristica,verde,0,-3,61,90,120,0.7500,0.0455,631,74,489,68
598,630302914,verde,azul,reativa,verde,0,-3,61,120,120,1.0000,0.0667,1355,7,1348,0
599,1951134645,vermelho,verde,art3miz_0.1,azul,0,-3,31,90,100,0.9000,0.3810,518,131,262,125
599,1951134645,vermelho,vermelho,heuristica,azul,0,-3,31,100,120,0.8333,0.3871,1174,201,773,200
599,1951134645,vermelho,azul,reativa,azul,1,3,31,30,0,30.0000,0.1613,696,2,694,0
600,1030142316,azul,verde,art3miz_0.1,verde,1,3,17,120,90,1.3333,0.0000,315,111,124,80
600,1030142316,azul,vermelho,heuristica,verde,0,-3,17,60,120,0.5000,0.0667,537,101,363,73
600,1030142316,azul,azul,reativa,verde,0,-3,17,150,120,1.2500,0.0000,292,17,275,0
601,1015889351,verde,verde,art3miz_0.1,azul,0,-3,32,150,120,1.2500,0.0938,764,212,356,196
601,1015889351,verde,vermelho,heuristica,azul,0,-3,32,90,120,0.7500,0.0000,331,105,126,100
601,1015889351,verde,azul,reativa,azul,1,3,32,30,30,1.0000,0.0625,701,3,698,0
602,205782876,vermelho,verde,art3miz_0.1,vermelho,0,-3,18,150,120,1.2500,0.0000,481,141,215,125
602,205782876,vermelho,vermelho,heuristica,vermelho,1,3,18,30,30,1.0000,0.0000,454,27,402,25
602,205782876,vermelho,azul,reativa,vermelho,0,-3,18,90,120,0.7500,0.0000,278,6,272,0
603,1233340021,azul,verde,art3miz_0.1,verde,1,3,37,100,40,2.5000,0.5000,1757,516,816,425
603,1233340021,azul,vermelho,heuristica,verde,0,-3,37,70,120,0.5833,0.2353,1175,229,821,125
603,1233340021,azul,azul,reativa,verde,0,-3,37,90,100,0.9000,0.4167,851,5,846,0
604,2014491557,verde,verde,art3miz_0.1,vermelho,0,-3,20,90,120,0.7500,0.0000,305,83,147,75
604,2014491557,verde,vermelho,heuristica,vermelho,1,3,20,30,0,30.0000,0.1500,516,28,463,25
604,2014491557,verde,azul,reativa,vermelho,0,-3,20,120,120,1.0000,0.0526,379,8,371,0
605,1314928140,vermelho,verde,art3miz_0.1,azul,0,-3,20,90,120,0.7500,0.0000,290,79,137,74
605,1314928140,vermelho,vermelho,heuristica,azul,0,-3,20,120,120,1.0000,0.0000,665,122,431,112
605,1314928140,vermelho,azul,reativa,azul,1,3,20,30,0,30.0000,0.1000,468,3,465,0
606,1869575208,azul,verde,art3miz_0.1,vermelho,0,-3,43,60,120,0.5000,0.0769,256,65,131,60
606,1869575208,azul,vermelho,heuristica,vermelho,1,3,43,60,60,1.0000,0.0000,1067,74,923,70
606,1869575208,azul,azul,reativa,vermelho,0,-3,43,180,120,1.5000,0.0238,851,13,838,0
607,412083840,verde,verde,art3miz_0.1,empate,0,-1,100,120,90,1.3333,0.0800,691,82,534,75
607,412083840,verde,vermelho,heuristica,empate,0,-1,100,90,120,0.7500,0.0714,472,79,318,75
607,412083840,verde,azul,reativa,empate,0,-1,100,0,0,0.0000,0.0700,2292,0,2292,0
608,1705502126,vermelho,verde,art3miz_0.1,vermelho,0,-3,27,150,110,1.3636,0.1538,529,142,262,125
608,1705502126,vermelho,vermelho,heuristica,vermelho,1,3,27,20,30,0.6667,0.1481,765,46,671,48
608,1705502126,vermelho,azul,reativa,vermelho,0,-3,27,90,120,0.7500,0.1111,363,5,358,0
609,360032754,azul,verde,art3miz_0.1,azul,0,-3,21,90,120,0.7500,0.0526,387,104,187,96
609,360032754,azul,vermelho,heuristica,azul,0,-3,21,120,120,1.0000,0.1000,774,151,479,144
609,360032754,azul,azul,reativa,azul,1,3,21,30,0,30.0000,0.0476,488,3,485,0
610,1703396810,verde,verde,art3miz_0.1,empate,0,-1,100,0,30,0.0000,0.4600,4230,1151,2021,1058
610,1703396810,verde,vermelho,heuristica,empate,0,-1,100,0,0,0.0000,0.0000,2574,0,2574,0
610,1703396810,verde,azul,reativa,empate,0,-1,100,30,0,30.0000,0.0000,2434,4,2430,0
611,1813539174,vermelho,verde,art3miz_0.1,verde,1,3,20,30,60,0.5000,0.0526,219,44,125,50
611,1813539174,vermelho,vermelho,heuristica,verde,0,-3,20,90,120,0.7500,0.0833,500,101,301,98
611,1813539174,vermelho,azul,reativa,verde,0,-3,20,180,120,1.5000,0.0000,342,12,330,0
612,1326081846,azul,verde,art3miz_0.1,empate,0,-1,100,0,30,0.0000,0.2727,2926,728,1510,688
612,1326081846,azul,vermelho,heuristica,empate,0,-1,100,90,120,0.7500,0.0000,341,72,203,66
612,1326081846,azul,azul,reativa,empate,0,-1,100,150,90,1.6667,0.0000,1301,37,1264,0
613,1251722137,verde,verde,art3miz_0.1,verde,1,3,42,30,30,1.0000,0.0238,245,26,194,25
613,1251722137,verde,vermelho,heuristica,verde,0,-3,42,150,120,1.2500,0.0000,1188,125,945,118
613,1251722137,verde,azul,reativa,verde,0,-3,42,90,120,0.7500,0.0000,281,4,277,0
614,279383135,vermelho,verde,art3miz_0.1,vermelho,0,-3,51,120,120,1.0000,0.0000,414,78,271,65
614,279383135,vermelho,vermelho,heuristica,vermelho,1,3,51,30,0,30.0000,0.0784,1287,26,1236,25
614,279383135,vermelho,azul,reativa,vermelho,0,-3,51,90,120,0.7500,0.0000,429,4,425,0
615,2053490072,azul,verde,art3miz_0.1,azul,0,-3,20,170,100,1.7000,0.2632,651,203,264,184
615,2053490072,azul,vermelho,heuristica,azul,0,-3,20,40,110,0.3636,0.4545,508,131,254,123
615,2053490072,azul,azul,reativa,azul,1,3,20,60,60,1.0000,0.0500,409,5,404,0
616,469087286,verde,verde,art3miz_0.1,verde,1,3,33,30,30,1.0000,0.0303,702,55,597,50
616,469087286,verde,vermelho,heuristica,verde,0,-3,33,90,120,0.7500,0.1000,403,78,252,73
616,469087286,verde,azul,reativa,verde,0,-3,33,150,120,1.2500,0.0625,641,10,631,0
617,244808538,vermelho,verde,art3miz_0.1,verde,1,3,77,30,0,30.0000,0.0395,404,45,320,39
617,244808538,vermelho,vermelho,heuristica,verde,0,-3,77,120,120,1.0000,0.0658,2150,201,1754,195
617,244808538,vermelho,azul,reativa,verde,0,-3,77,90,120,0.7500,0.0000,228,3,225,0
618,1697912004,azul,verde,art3miz_0.1,verde,1,3,61,30,30,1.0000,0.0500,357,28,304,25
618,1697912004,azul,vermelho,heuristica,verde,0,-3,61,90,120,0.7500,0.3333,493,94,299,100
618,1697912004,azul,azul,reativa,verde,0,-3,61,150,120,1.2500,0.0833,1072,10,1062,0
619,1196957329,verde,verde,art3miz_0.1,empate,0,-1,100,70,100,0.7000,0.1875,470,112,258,100
619,1196957329,verde,vermelho,heuristica,empate,0,-1,100,0,0,0.0000,0.0200,2062,0,2062,0
619,1196957329,verde,azul,reativa,empate,0,-1,100,100,70,1.4286,0.0700,2134,7,2127,0
620,279705624,vermelho,verde,art3miz_0.1,empate,0,-1,100,90,120,0.7500,0.1429,359,84,200,75
620,279705624,vermelho,vermelho,heuristica,empate,0,-1,100,0,0,0.0000,0.0100,2322,0,2322,0
620,279705624,vermelho,azul,reativa,empate,0,-1,100,120,90,1.3333,0.0200,1882,7,1875,0
621,440487415,azul,verde,art3miz_0.1,azul,0,-3,23,150,120,1.2500,0.0000,626,156,316,154
621,440487415,azul,vermelho,heuristica,azul,0,-3,23,90,120,0.7500,0.0000,416,76,270,70
621,440487415,azul,azul,reativa,azul,1,3,23,30,30,1.0000,0.0435,534,1,533,0
622,532420518,verde,verde,art3miz_0.1,empate,0,-1,100,90,120,0.7500,0.0000,241,77,92,72
622,532420518,verde,vermelho,heuristica,empate,0,-1,100,120,90,1.3333,0.0000,3306,804,1745,757
622,532420518,verde,azul,reativa,empate,0,-1,100,0,0,0.0000,0.0100,1463,1,1462,0
623,1534020729,vermelho,verde,art3miz_0.1,azul,0,-3,25,90,120,0.7500,0.0000,252,80,97,75
623,1534020729,vermelho,vermelho,heuristica,azul,0,-3,25,120,120,1.0000,0.1200,832,105,627,100
623,1534020729,vermelho,azul,reativa,azul,1,3,25,30,0,30.0000,0.1600,506,4,502,0
624,1330977352,azul,verde,art3miz_0.1,verde,1,3,19,30,0,30.0000,0.0000,106,2,104,0
624,1330977352,azul,vermelho,heuristica,verde,0,-3,19,120,120,1.0000,0.1176,631,124,388,119
624,1330977352,azul,azul,reativa,verde,0,-3,19,90,120,0.7500,0.0000,257,5,252,0
625,1339491093,verde,verde,art3miz_0.1,vermelho,0,-3,48,60,120,0.5000,0.0588,302,68,173,61
625,1339491093,verde,vermelho,heuristica,vermelho,1,3,48,60,60,1.0000,0.1042,1260,65,1137,58
625,1339491093,verde,azul,reativa,vermelho,0,-3,48,180,120,1.5000,0.0638,936,13,923,0
626,2136906327,vermelho,verde,art3miz_0.1,vermelho,0,-3,17,120,120,1.0000,0.1875,441,113,228,100
626,2136906327,vermelho,vermelho,heuristica,vermelho,1,3,17,30,0,30.0000,0.0000,476,27,424,25
626,2136906327,vermelho,azul,reativa,vermelho,0,-3,17,90,120,0.7500,0.0000,233,3,230,0
627,523294266,azul,verde,art3miz_0.1,empate,0,-1,100,90,120,0.7500,0.0000,251,76,102,73
627,523294266,azul,vermelho,heuristica,empate,0,-1,100,120,90,1.3333,0.0000,1999,127,1747,125
627,523294266,azul,azul,reativa,empate,0,-1,100,0,0,0.0000,0.0100,1701,0,1701,0
628,1234858072,verde,verde,art3miz_0.1,verde,1,3,65,60,60,1.0000,0.0769,487,64,356,67
628,1234858072,verde,vermelho,heuristica,verde,0,-3,65,60,120,0.5000,0.0000,544,76,393,75
628,1234858072,verde,azul,reativa,verde,0,-3,65,180,120,1.5000,0.0938,1359,12,1347,0
629,130403733,vermelho,verde,art3miz_0.1,azul,0,-3,18,120,120,1.0000,0.0588,369,104,167,98
629,130403733,vermelho,vermelho,heuristica,azul,0,-3,18,90,120,0.7500,0.0000,483,79,329,75
629,130403733,vermelho,azul,reativa,azul,1,3,18,30,0,30.0000,0.0000,405,2,403,0
630,444026286,azul,verde,art3miz_0.1,vermelho,0,-3,19,90,120,0.7500,0.2143,453,136,196,121
630,444026286,azul,vermelho,heuristica,vermelho,1,3,19,30,30,1.0000,0.0000,459,27,407,25
630,444026286,azul,azul,reativa,vermelho,0,-3,19,150,120,1.2500,0.0000,316,9,307,0
631,1706054446,verde,verde,art3miz_0.1,vermelho,0,-3,46,120,120,1.0000,0.0769,544,131,323,90
631,1706054446,verde,vermelho,heuristica,vermelho,1,3,46,110,80,1.3750,0.1739,1351,192,992,167
631,1706054446,verde,azul,reativa,vermelho,0,-3,46,80,110,0.7273,0.2000,889,24,865,0
632,1251267710,vermelho,verde,art3miz_0.1,verde,1,3,62,30,0,30.0000,0.0492,242,2,240,0
632,1251267710,vermelho,vermelho,heuristica,verde,0,-3,62,120,120,1.0000,0.0000,1218,148,920,150
632,1251267710,vermelho,azul,reativa,verde,0,-3,62,90,120,0.7500,0.0000,285,4,281,0
633,1966057535,azul,verde,art3miz_0.1,azul,0,-3,25,150,120,1.2500,0.0417,362,85,203,74
633,1966057535,azul,vermelho,heuristica,azul,0,-3,25,90,120,0.7500,0.0000,392,56,284,52
633,1966057535,azul,azul,reativa,azul,1,3,25,30,30,1.0000,0.0000,572,1,571,0
634,1965943761,verde,verde,art3miz_0.1,azul,0,-3,40,120,110,1.0909,0.0750,487,105,283,99
634,1965943761,verde,vermelho,heuristica,azul,0,-3,40,80,120,0.6667,0.3077,517,100,322,95
634,1965943761,verde,azul,reativa,azul,1,3,40,30,0,30.0000,0.0500,828,2,826,0
635,768926301,vermelho,verde,art3miz_0.1,vermelho,0,-3,50,150,120,1.2500,0.1020,746,164,438,144
635,768926301,vermelho,vermelho,heuristica,vermelho,1,3,50,30,30,1.0000,0.0600,1315,38,1230,47
635,768926301,vermelho,azul,reativa,vermelho,0,-3,50,90,120,0.7500,0.0625,332,4,328,0
636,1881604470,azul,verde,art3miz_0.1,azul,0,-3,32,50,120,0.4167,0.5455,259,80,104,75
636,1881604470,azul,vermelho,heuristica,azul,0,-3,32,150,110,1.3636,0.1613,1097,154,793,150
636,1881604470,azul,azul,reativa,azul,1,3,32,60,30,2.0000,0.0313,724,4,720,0
637,1256005152,verde,verde,art3miz_0.1,vermelho,0,-3,51,90,120,0.7500,0.1000,294,83,136,75
637,1256005152,verde,vermelho,heuristica,vermelho,1,3,51,30,30,1.0000,0.0196,1017,17,984,16
637,1256005152,verde,azul,reativa,vermelho,0,-3,51,150,120,1.2500,0.0600,1113,9,1104,0
638,866370088,vermelho,verde,art3miz_0.1,verde,1,3,29,30,0,30.0000,0.1071,361,31,305,25
638,866370088,vermelho,vermelho,heuristica,verde,0,-3,29,120,120,1.0000,0.1071,975,148,680,147
638,866370088,vermelho,azul,reativa,verde,0,-3,29,90,120,0.7500,0.0000,208,4,204,0
639,453976170,azul,verde,art3miz_0.1,empate,0,-1,100,120,90,1.3333,0.0303,2067,108,1859,100
639,453976170,azul,vermelho,heuristica,empate,0,-1,100,90,120,0.7500,0.0000,581,104,377,100
639,453976170,azul,azul,reativa,empate,0,-1,100,0,0,0.0000,0.0400,2026,0,2026,0
640,960568082,verde,verde,art3miz_0.1,vermelho,0,-3,24,90,120,0.7500,0.1250,252,84,93,75
640,960568082,verde,vermelho,heuristica,vermelho,1,3,24,30,30,1.0000,0.1250,638,27,586,25
640,960568082,verde,azul,reativa,vermelho,0,-3,24,150,120,1.2500,0.0000,441,9,432,0
641,1262463845,vermelho,verde,art3miz_0.1,verde,1,3,30,30,0,30.0000,0.0345,137,2,135,0
641,1262463845,vermelho,vermelho,heuristica,verde,0,-3,30,90,120,0.7500,0.0625,597,100,398,99
641,1262463845,vermelho,azul,reativa,verde,0,-3,30,120,120,1.0000,0.0000,613,7,606,0
642,1248811076,azul,verde,art3miz_0.1,verde,1,3,22,30,0,30.0000,0.0476,98,2,96,0
642,1248811076,azul,vermelho,heuristica,verde,0,-3,22,90,120,0.7500,0.0556,599,81,444,74
642,1248811076,azul,azul,reativa,verde,0,-3,22,120,120,1.0000,0.0000,409,6,403,0
643,1493478306,verde,verde,art3miz_0.1,azul,0,-3,28,90,120,0.7500,0.0000,293,74,150,69
643,1493478306,verde,vermelho,heuristica,azul,0,-3,28,150,120,1.2500,0.0714,992,168,666,158
643,1493478306,verde,azul,reativa,azul,1,3,28,30,30,1.0000,0.0714,657,4,653,0
644,665279136,vermelho,verde,art3miz_0.1,empate,0,-1,100,120,90,1.3333,0.0303,1977,145,1739,93
644,665279136,vermelho,vermelho,heuristica,empate,0,-1,100,0,30,0.0000,0.0200,2149,74,2031,44
644,665279136,vermelho,azul,reativa,empate,0,-1,100,120,120,1.0000,0.1786,549,10,539,0
645,218716618,azul,verde,art3miz_0.1,vermelho,0,-3,17,90,120,0.7500,0.0769,314,85,154,75
645,218716618,azul,vermelho,heuristica,vermelho,1,3,17,30,0,30.0000,0.0000,533,74,371,88
645,218716618,azul,azul,reativa,vermelho,0,-3,17,120,120,1.0000,0.0000,301,7,294,0
646,640258826,verde,verde,art3miz_0.1,azul,0,-3,16,120,120,1.0000,0.1250,528,134,269,125
646,640258826,verde,vermelho,heuristica,azul,0,-3,16,90,120,0.7500,0.0000,460,79,306,75
646,640258826,verde,azul,reativa,azul,1,3,16,30,0,30.0000,0.0000,311,2,309,0
647,1496625869,vermelho,verde,art3miz_0.1,azul,0,-3,37,60,100,0.6000,0.1364,436,80,282,74
647,1496625869,vermelho,vermelho,heuristica,azul,0,-3,37,160,120,1.3333,0.1351,1319,207,914,198
647,1496625869,vermelho,azul,reativa,azul,1,3,37,60,60,1.0000,0.0270,881,5,876,0
648,129953772,azul,verde,art3miz_0.1,azul,0,-3,18,120,120,1.0000,0.0000,426,108,218,100
648,129953772,azul,vermelho,heuristica,azul,0,-3,18,90,120,0.7500,0.1667,458,79,304,75
648,129953772,azul,azul,reativa,azul,1,3,18,30,0,30.0000,0.1111,422,2,420,0
649,198795325,verde,verde,art3miz_0.1,azul,0,-3,33,90,120,0.7500,0.0000,242,77,93,72
649,198795325,verde,vermelho,heuristica,azul,0,-3,33,120,120,1.0000,0.1212,1001,102,802,97
649,198795325,verde,azul,reativa,azul,1,3,33,30,0,30.0000,0.0000,756,2,754,0
650,1092198279,vermelho,verde,art3miz_0.1,verde,1,3,39,30,0,30.0000,0.0263,551,29,498,24
650,1092198279,vermelho,vermelho,heuristica,verde,0,-3,39,120,120,1.0000,0.1579,1161,128,911,122
650,1092198279,vermelho,azul,reativa,verde,0,-3,39,90,120,0.7500,0.1429,103,6,97,0
651,779591759,azul,verde,art3miz_0.1,empate,0,-1,100,90,120,0.7500,0.1667,240,74,101,65
651,779591759,azul,vermelho,heuristica,empate,0,-1,100,0,0,0.0000,0.0000,1308,0,1308,0
651,779591759,azul,azul,reativa,empate,0,-1,100,120,90,1.3333,0.0300,1846,5,1841,0
652,1317852308,verde,verde,art3miz_0.1,verde,1,3,35,30,0,30.0000,0.0571,280,29,226,25
652,1317852308,verde,vermelho,heuristica,verde,0,-3,35,90,120,0.7500,0.2000,377,71,241,65
652,1317852308,verde,azul,reativa,verde,0,-3,35,120,120,1.0000,0.0294,728,7,721,0
653,1288168034,vermelho,verde,art3miz_0.1,vermelho,0,-3,19,150,120,1.2500,0.0000,440,127,204,109
653,1288168034,vermelho,vermelho,heuristica,vermelho,1,3,19,30,30,1.0000,0.1053,534,43,442,49
653,1288168034,vermelho,azul,reativa,vermelho,0,-3,19,90,120,0.7500,0.0000,179,4,175,0
654,770170329,azul,verde,art3miz_0.1,empate,0,-1,100,90,120,0.7500,0.0000,229,73,88,68
654,770170329,azul,vermelho,heuristica,empate,0,-1,100,120,90,1.3333,0.0000,2007,94,1825,88
654,770170329,azul,azul,reativa,empate,0,-1,100,0,0,0.0000,0.0100,1758,0,1758,0
655,1802537942,verde,verde,art3miz_0.1,azul,0,-3,68,90,120,0.7500,0.1818,278,79,124,75
655,1802537942,verde,vermelho,heuristica,azul,0,-3,68,120,120,1.0000,0.0735,1690,122,1443,125
655,1802537942,verde,azul,reativa,azul,1,3,68,30,0,30.0000,0.0588,1611,2,1609,0
656,714072783,vermelho,verde,art3miz_0.1,azul,0,-3,84,120,120,1.0000,0.0361,862,126,614,122
656,714072783,vermelho,vermelho,heuristica,azul,0,-3,84,90,120,0.7500,0.1176,629,104,425,100
656,714072783,vermelho,azul,reativa,azul,1,3,84,30,0,30.0000,0.0476,1677,4,1673,0
657,1894773843,azul,verde,art3miz_0.1,vermelho,0,-3,21,120,120,1.0000,0.2000,533,130,280,123
657,1894773843,azul,vermelho,heuristica,vermelho,1,3,21,30,0,30.0000,0.0500,516,27,465,24
657,1894773843,azul,azul,reativa,vermelho,0,-3,21,90,120,0.7500,0.0000,118,5,113,0
658,1299649723,verde,verde,art3miz_0.1,verde,1,3,29,30,0,30.0000,0.0000,214,25,173,16
658,1299649723,verde,vermelho,heuristica,verde,0,-3,29,120,120,1.0000,0.1071,848,107,642,99
658,1299649723,verde,azul,reativa,verde,0,-3,29,90,120,0.7500,0.1200,533,8,525,0
659,951999122,vermelho,verde,art3miz_0.1,empate,0,-1,100,30,100,0.3000,0.1875,427,84,268,75
659,951999122,vermelho,vermelho,heuristica,empate,0,-1,100,100,30,3.3333,0.0500,2126,188,1789,149
659,951999122,vermelho,azul,reativa,empate,0,-1,100,0,0,0.0000,0.0100,1901,2,1899,0
660,2094539556,azul,verde,art3miz_0.1,vermelho,0,-3,18,120,120,1.0000,0.1176,386,113,173,100
660,2094539556,azul,vermelho,heuristica,vermelho,1,3,18,30,0,30.0000,0.0000,517,48,421,48
660,2094539556,azul,azul,reativa,vermelho,0,-3,18,90,120,0.7500,0.0000,221,3,218,0
661,1988806916,verde,verde,art3miz_0.1,verde,1,3,17,30,0,30.0000,0.1176,80,2,78,0
661,1988806916,verde,vermelho,heuristica,verde,0,-3,17,120,120,1.0000,0.0625,611,114,383,114
661,1988806916,verde,azul,reativa,verde,0,-3,17,90,120,0.7500,0.1429,283,3,280,0
662,589686748,vermelho,verde,art3miz_0.1,azul,0,-3,16,90,100,0.9000,0.4545,257,80,102,75
662,589686748,vermelho,vermelho,heuristica,azul,0,-3,16,100,120,0.8333,0.1875,608,105,403,100
662,589686748,vermelho,azul,reativa,azul,1,3,16,30,0,30.0000,0.0000,362,5,357,0
663,2020755370,azul,verde,art3miz_0.1,empate,0,-1,100,80,100,0.8000,0.2143,399,108,192,99
663,2020755370,azul,vermelho,heuristica,empate,0,-1,100,100,80,1.2500,0.0606,2355,127,2103,125
663,2020755370,azul,azul,reativa,empate,0,-1,100,0,0,0.0000,0.0400,2357,0,2357,0
664,880251236,verde,verde,art3miz_0.1,empate,0,-1,100,110,80,1.3750,0.1200,1404,114,1190,100
664,880251236,verde,vermelho,heuristica,empate,0,-1,100,0,0,0.0000,0.0100,1746,0,1746,0
664,880251236,verde,azul,reativa,empate,0,-1,100,80,110,0.7273,0.5556,365,4,361,0
665,495973414,vermelho,verde,art3miz_0.1,vermelho,0,-3,25,90,120,0.7500,0.1579,312,79,163,70
665,495973414,vermelho,vermelho,heuristica,vermelho,1,3,25,30,0,30.0000,0.0000,598,23,556,19
665,495973414,vermelho,azul,reativa,vermelho,0,-3,25,120,120,1.0000,0.0833,489,10,479,0
666,984970438,azul,verde,art3miz_0.1,empate,0,-1,100,90,120,0.7500,0.0870,387,72,254,61
666,984970438,azul,vermelho,heuristica,empate,0,-1,100,120,90,1.3333,0.0303,1604,190,1270,144
666,984970438,azul,azul,reativa,empate,0,-1,100,0,0,0.0000,0.0100,1764,3,1761,0
667,220068118,verde,verde,art3miz_0.1,vermelho,0,-3,44,70,100,0.7000,0.4545,426,136,166,124
667,220068118,verde,vermelho,heuristica,vermelho,1,3,44,30,30,1.0000,0.0455,1168,66,1033,69
667,220068118,verde,azul,reativa,vermelho,0,-3,44,130,100,1.3000,0.1860,916,10,906,0
668,1454005916,vermelho,verde,art3miz_0.1,verde,1,3,42,60,30,2.0000,0.0000,233,30,178,25
668,1454005916,vermelho,vermelho,heuristica,verde,0,-3,42,60,120,0.5000,0.0000,699,50,601,48
668,1454005916,vermelho,azul,reativa,verde,0,-3,42,150,120,1.2500,0.0488,852,9,843,0
669,111536335,azul,verde,art3miz_0.1,verde,1,3,49,30,30,1.0000,0.1042,343,28,290,25
669,111536335,azul,vermelho,heuristica,verde,0,-3,49,150,120,1.2500,0.0426,1453,159,1144,150
669,111536335,azul,azul,reativa,verde,0,-3,49,90,120,0.7500,0.0000,229,4,225,0
670,228923756,verde,verde,art3miz_0.1,azul,0,-3,23,110,120,0.9167,0.1739,572,140,290,142
670,228923756,verde,vermelho,heuristica,azul,0,-3,23,90,110,0.8182,0.0909,417,79,264,74
670,228923756,verde,azul,reativa,azul,1,3,23,30,0,30.0000,0.1304,559,2,557,0
671,1575262061,vermelho,verde,art3miz_0.1,empate,0,-1,100,0,0,0.0000,0.0000,1450,0,1450,0
671,1575262061,vermelho,vermelho,heuristica,empate,0,-1,100,120,90,1.3333,0.0100,2037,124,1797,116
671,1575262061,vermelho,azul,reativa,empate,0,-1,100,90,120,0.7500,0.0000,388,6,382,0
672,1373973555,azul,verde,art3miz_0.1,verde,1,3,43,30,30,1.0000,0.0714,232,20,193,19
672,1373973555,azul,vermelho,heuristica,verde,0,-3,43,150,120,1.2500,0.0000,1162,102,968,92
672,1373973555,azul,azul,reativa,verde,0,-3,43,90,120,0.7500,0.0000,506,4,502,0
673,192519457,verde,verde,art3miz_0.1,azul,0,-3,32,120,120,1.0000,0.0313,495,106,290,99
673,192519457,verde,vermelho,heuristica,azul,0,-3,32,90,120,0.7500,0.0000,455,78,303,74
673,192519457,verde,azul,reativa,azul,1,3,32,30,0,30.0000,0.0625,722,2,720,0
674,944968278,vermelho,verde,art3miz_0.1,empate,0,-1,100,0,0,0.0000,0.0202,1406,2,1404,0
674,944968278,vermelho,vermelho,heuristica,empate,0,-1,100,120,90,1.3333,0.0000,2655,83,2498,74
674,944968278,vermelho,azul,reativa,empate,0,-1,100,90,120,0.7500,0.1304,492,4,488,0
675,2011085058,azul,verde,art3miz_0.1,empate,0,-1,100,90,120,0.7500,0.0000,256,76,108,72
675,2011085058,azul,vermelho,heuristica,empate,0,-1,100,120,90,1.3333,0.0505,2139,126,1889,124
675,2011085058,azul,azul,reativa,empate,0,-1,100,0,0,0.0000,0.0000,1952,0,1952,0
676,88572083,verde,verde,art3miz_0.1,azul,0,-3,23,90,120,0.7500,0.0909,276,79,122,75
676,88572083,verde,vermelho,heuristica,azul,0,-3,23,120,120,1.0000,0.1304,780,105,575,100
676,88572083,verde,azul,reativa,azul,1,3,23,30,0,30.0000,0.0435,539,2,537,0
677,1970560963,vermelho,verde,art3miz_0.1,verde,1,3,15,30,0,30.0000,0.0714,60,2,58,0
677,1970560963,vermelho,vermelho,heuristica,verde,0,-3,15,90,120,0.7500,0.0000,339,72,201,66
677,1970560963,vermelho,azul,reativa,verde,0,-3,15,120,120,1.0000,0.0000,251,7,244,0
678,307584755,azul,verde,art3miz_0.1,azul,0,-3,26,90,120,0.7500,0.0000,294,78,142,74
678,307584755,azul,vermelho,heuristica,azul,0,-3,26,120,120,1.0000,0.0000,810,102,611,97
678,307584755,azul,azul,reativa,azul,1,3,26,30,0,30.0000,0.0000,632,2,630,0
679,1869256894,verde,verde,art3miz_0.1,azul,0,-3,20,90,120,0.7500,0.1429,246,80,91,75
679,1869256894,verde,vermelho,heuristica,azul,0,-3,20,140,110,1.2727,0.3500,850,173,502,175
679,1869256894,verde,azul,reativa,azul,1,3,20,20,20,1.0000,0.3000,479,4,475,0
680,79134275,vermelho,verde,art3miz_0.1,azul,0,-3,30,90,120,0.7500,0.1111,253,69,122,62
680,79134275,vermelho,vermelho,heuristica,azul,0,-3,30,150,120,1.2500,0.0000,855,105,656,94
680,79134275,vermelho,azul,reativa,azul,1,3,30,30,30,1.0000,0.0333,683,4,679,0
681,1664664159,azul,verde,art3miz_0.1,vermelho,0,-3,28,90,120,0.7500,0.0000,422,97,228,97
681,1664664159,azul,vermelho,heuristica,vermelho,1,3,28,30,60,0.5000,0.0370,688,24,639,25
681,1664664159,azul,azul,reativa,vermelho,0,-3,28,180,120,1.5000,0.0000,511,12,499,0
682,460515643,verde,verde,art3miz_0.1,vermelho,0,-3,31,150,120,1.2500,0.0645,673,189,314,170
682,460515643,verde,vermelho,heuristica,vermelho,1,3,31,30,30,1.0000,0.0645,843,44,749,50
682,460515643,verde,azul,reativa,vermelho,0,-3,31,90,120,0.7500,0.0000,183,4,179,0
683,947373156,vermelho,verde,art3miz_0.1,azul,0,-3,20,120,120,1.0000,0.1579,315,63,195,57
683,947373156,vermelho,vermelho,heuristica,azul,0,-3,20,90,120,0.7500,0.2308,441,78,290,73
683,947373156,vermelho,azul,reativa,azul,1,3,20,30,0,30.0000,0.0000,457,2,455,0
684,2132834058,azul,verde,art3miz_0.1,verde,1,3,26,30,0,30.0000,0.1200,201,28,149,24
684,2132834058,azul,vermelho,heuristica,verde,0,-3,26,120,120,1.0000,0.0000,779,116,557,106
684,2132834058,azul,azul,reativa,verde,0,-3,26,90,120,0.7500,0.0000,195,5,190,0
685,1519292891,verde,verde,art3miz_0.1,verde,1,3,84,30,0,30.0000,0.4643,1592,2,1590,0
685,1519292891,verde,vermelho,heuristica,verde,0,-3,84,90,120,0.7500,0.0667,1180,103,977,100
685,1519292891,verde,azul,reativa,verde,0,-3,84,120,120,1.0000,0.0843,1806,7,1799,0
686,1220596411,vermelho,verde,art3miz_0.1,empate,0,-1,100,0,0,0.0000,0.0000,1245,0,1245,0
686,1220596411,vermelho,vermelho,heuristica,empate,0,-1,100,90,120,0.7500,0.0000,467,103,264,100
686,1220596411,vermelho,azul,reativa,empate,0,-1,100,120,90,1.3333,0.0000,1884,6,1878,0
687,1048016289,azul,verde,art3miz_0.1,azul,0,-3,21,120,120,1.0000,0.0500,379,99,187,93
687,1048016289,azul,vermelho,heuristica,azul,0,-3,21,90,120,0.7500,0.0000,566,99,373,94
687,1048016289,azul,azul,reativa,azul,1,3,21,30,0,30.0000,0.1429,492,2,490,0
688,522013940,verde,verde,art3miz_0.1,vermelho,0,-3,37,90,120,0.7500,0.0606,616,166,300,150
688,522013940,verde,vermelho,heuristica,vermelho,1,3,37,30,30,1.0000,0.0270,960,26,909,25
688,522013940,verde,azul,reativa,vermelho,0,-3,37,150,120,1.2500,0.1667,754,8,746,0
689,1709267489,vermelho,verde,art3miz_0.1,verde,1,3,40,30,60,0.5000,0.1026,352,50,253,49
689,1709267489,vermelho,vermelho,heuristica,verde,0,-3,40,90,120,0.7500,0.0370,758,59,646,53
689,1709267489,vermelho,azul,reativa,verde,0,-3,40,180,120,1.5000,0.0513,822,10,812,0
690,1729243779,azul,verde,art3miz_0.1,vermelho,0,-3,38,70,100,0.7000,0.2000,304,85,144,75
690,1729243779,azul,vermelho,heuristica,vermelho,1,3,38,30,60,0.5000,0.0270,935,30,875,30
690,1729243779,azul,azul,reativa,vermelho,0,-3,38,160,100,1.6000,0.1892,775,9,766,0
691,1784580866,verde,verde,art3miz_0.1,azul,0,-3,44,120,100,1.2000,0.0227,493,104,294,95
691,1784580866,verde,vermelho,heuristica,azul,0,-3,44,90,120,0.7500,0.0625,580,88,396,96
691,1784580866,verde,azul,reativa,azul,1,3,44,10,0,10.0000,0.1591,1032,4,1028,0
692,1491450575,vermelho,verde,art3miz_0.1,azul,0,-3,59,90,120,0.7500,0.0000,272,78,119,75
692,1491450575,vermelho,vermelho,heuristica,azul,0,-3,59,120,120,1.0000,0.0678,1665,105,1460,100
692,1491450575,vermelho,azul,reativa,azul,1,3,59,30,0,30.0000,0.0000,906,2,904,0
693,1568923797,azul,verde,art3miz_0.1,azul,0,-3,50,150,120,1.2500,0.0816,631,134,374,123
693,1568923797,azul,vermelho,heuristica,azul,0,-3,50,60,120,0.5000,0.3846,569,131,313,125
693,1568923797,azul,azul,reativa,azul,1,3,50,60,30,2.0000,0.0000,937,4,933,0
694,362309885,verde,verde,art3miz_0.1,verde,1,3,22,30,30,1.0000,0.2273,151,28,98,25
694,362309885,verde,vermelho,heuristica,verde,0,-3,22,90,120,0.7500,0.0000,338,60,225,53
694,362309885,verde,azul,reativa,verde,0,-3,22,150,120,1.2500,0.0476,368,9,359,0
695,2101121314,vermelho,verde,art3miz_0.1,verde,1,3,39,30,30,1.0000,0.0263,199,28,146,25
695,2101121314,vermelho,vermelho,heuristica,verde,0,-3,39,90,120,0.7500,0.0000,668,75,524,69
695,2101121314,vermelho,azul,reativa,verde,0,-3,39,150,120,1.2500,0.0000,778,8,770,0
696,1869267578,azul,verde,art3miz_0.1,azul,0,-3,21,150,120,1.2500,0.1000,453,133,198,122
696,1869267578,azul,vermelho,heuristica,azul,0,-3,21,90,120,0.7500,0.0000,542,99,344,99
696,1869267578,azul,azul,reativa,azul,1,3,21,30,30,1.0000,0.0476,378,3,375,0
697,594861639,verde,verde,art3miz_0.1,azul,0,-3,19,90,120,0.7500,0.0667,240,70,108,62
697,594861639,verde,vermelho,heuristica,azul,0,-3,19,120,120,1.0000,0.0000,586,90,414,82
697,594861639,verde,azul,reativa,azul,1,3,19,30,0,30.0000,0.0000,458,3,455,0
698,562332132,vermelho,verde,art3miz_0.1,vermelho,0,-3,43,90,120,0.7500,0.0000,255,84,96,75
698,562332132,vermelho,vermelho,heuristica,vermelho,1,3,43,30,0,30.0000,0.1163,995,28,943,24
698,562332132,vermelho,azul,reativa,vermelho,0,-3,43,120,120,1.0000,0.0476,942,6,936,0
699,141045692,azul,verde,art3miz_0.1,azul,0,-3,40,150,120,1.2500,0.1026,864,148,570,146
699,141045692,azul,vermelho,heuristica,azul,0,-3,40,90,120,0.7500,0.0000,357,105,152,100
699,141045692,azul,azul,reativa,azul,1,3,40,30,30,1.0000,0.0750,935,2,933,0
700,893437542,verde,verde,art3miz_0.1,verde,1,3,15,30,0,30.0000,0.0000,94,2,92,0
700,893437542,verde,vermelho,heuristica,verde,0,-3,15,90,120,0.7500,0.0833,441,92,266,83
700,893437542,verde,azul,reativa,verde,0,-3,15,120,120,1.0000,0.0000,244,7,237,0
701,1356990828,vermelho,verde,art3miz_0.1,vermelho,0,-3,42,60,120,0.5000,0.2000,371,62,257,52
701,1356990828,vermelho,vermelho,heuristica,vermelho,1,3,42,60,60,1.0000,0.0714,1116,99,922,95
701,1356990828,vermelho,azul,reativa,vermelho,0,-3,42,180,120,1.5000,0.1463,844,16,828,0
702,758057594,azul,verde,art3miz_0.1,empate,0,-1,100,0,0,0.0000,0.0101,1549,0,1549,0
702,758057594,azul,vermelho,heuristica,empate,0,-1,100,60,120,0.5000,0.0000,364,46,270,48
702,758057594,azul,azul,reativa,empate,0,-1,100,120,60,2.0000,0.0000,1326,7,1319,0
703,1224258741,verde,verde,art3miz_0.1,empate,0,-1,100,0,0,0.0000,0.0100,2061,50,2011,0
703,1224258741,verde,vermelho,heuristica,empate,0,-1,100,0,0,0.0000,0.0000,2002,49,1953,0
703,1224258741,verde,azul,reativa,empate,0,-1,100,0,0,0.0000,0.0100,1774,0,1774,0
704,1738688665,vermelho,verde,art3miz_0.1,vermelho,0,-3,45,150,120,1.2500,0.0909,783,195,413,175
704,1738688665,vermelho,vermelho,heuristica,vermelho,1,3,45,30,30,1.0000,0.1111,961,53,858,50
704,1738688665,vermelho,azul,reativa,vermelho,0,-3,45,90,120,0.7500,0.0769,223,4,219,0
705,284656161,azul,verde,art3miz_0.1,vermelho,0,-3,23,120,120,1.0000,0.0455,394,112,184,98
705,284656161,azul,vermelho,heuristica,vermelho,1,3,23,30,0,30.0000,0.0000,587,26,536,25
705,284656161,azul,azul,reativa,vermelho,0,-3,23,90,120,0.7500,0.1053,388,5,383,0
706,1037174125,verde,verde,art3miz_0.1,vermelho,0,-3,58,120,120,1.0000,0.0517,859,164,534,161
706,1037174125,verde,vermelho,heuristica,vermelho,1,3,58,30,0,30.0000,0.0517,1323,26,1273,24
706,1037174125,verde,azul,reativa,vermelho,0,-3,58,90,120,0.7500,0.0000,309,5,304,0
707,1145925364,vermelho,verde,art3miz_0.1,azul,0,-3,30,80,100,0.8000,0.6667,336,107,129,100
707,1145925364,vermelho,vermelho,heuristica,azul,0,-3,30,130,110,1.1818,0.1333,1055,158,747,150
707,1145925364,vermelho,azul,reativa,azul,1,3,30,30,30,1.0000,0.1000,663,2,661,0
708,79466218,azul,verde,art3miz_0.1,vermelho,0,-3,13,80,110,0.7273,0.5714,223,75,81,67
708,79466218,azul,vermelho,heuristica,vermelho,1,3,13,30,0,30.0000,0.0833,334,27,282,25
708,79466218,azul,azul,reativa,vermelho,0,-3,13,110,110,1.0000,0.5000,211,8,203,0
709,508015536,verde,verde,art3miz_0.1,empate,0,-1,100,0,0,0.0000,0.0300,1285,0,1285,0
709,508015536,verde,vermelho,heuristica,empate,0,-1,100,90,120,0.7500,0.0714,528,97,331,100
709,508015536,verde,azul,reativa,empate,0,-1,100,120,90,1.3333,0.0000,1761,7,1754,0
710,302173163,vermelho,verde,art3miz_0.1,azul,0,-3,26,140,110,1.2727,0.2000,705,181,359,165
710,302173163,vermelho,vermelho,heuristica,azul,0,-3,26,80,110,0.7273,0.3333,676,123,429,124
710,302173163,vermelho,azul,reativa,azul,1,3,26,30,30,1.0000,0.0769,597,2,595,0
711,491820749,azul,verde,art3miz_0.1,vermelho,0,-3,57,90,120,0.7500,0.0000,252,83,94,75
711,491820749,azul,vermelho,heuristica,vermelho,1,3,57,30,30,1.0000,0.1250,1334,18,1300,16
711,491820749,azul,azul,reativa,vermelho,0,-3,57,150,120,1.2500,0.0536,1106,9,1097,0
712,247657394,verde,verde,art3miz_0.1,vermelho,0,-3,15,90,120,0.7500,0.0714,428,108,245,75
712,247657394,verde,vermelho,heuristica,vermelho,1,3,15,60,0,60.0000,0.2667,587,131,381,75
712,247657394,verde,azul,reativa,vermelho,0,-3,15,90,120,0.7500,0.0714,268,6,262,0
713,1776086572,vermelho,verde,art3miz_0.1,azul,0,-3,56,120,120,1.0000,0.0545,485,90,312,83
713,1776086572,vermelho,vermelho,heuristica,azul,0,-3,56,90,120,0.7500,0.0000,495,68,364,63
713,1776086572,vermelho,azul,reativa,azul,1,3,56,30,0,30.0000,0.0536,1274,2,1272,0
714,1632761478,azul,verde,art3miz_0.1,vermelho,0,-3,31,130,100,1.3000,0.0667,533,194,214,125
714,1632761478,azul,vermelho,heuristica,vermelho,1,3,31,110,90,1.2222,0.0667,1208,308,658,242
714,1632761478,azul,azul,reativa,vermelho,0,-3,31,50,100,0.5000,0.2069,635,6,629,0
715,231975991,verde,verde,art3miz_0.1,verde,1,3,33,30,20,1.5000,0.0303,630,29,576,25
715,231975991,verde,vermelho,heuristica,verde,0,-3,33,140,120,1.1667,0.0000,1041,133,785,123
715,231975991,verde,azul,reativa,verde,0,-3,33,90,120,0.7500,0.0000,376,4,372,0
716,733326103,vermelho,verde,art3miz_0.1,vermelho,0,-3,50,90,120,0.7500,0.0000,365,83,207,75
716,733326103,vermelho,vermelho,heuristica,vermelho,1,3,50,30,60,0.5000,0.0000,1127,41,1038,48
716,733326103,vermelho,azul,reativa,vermelho,0,-3,50,180,120,1.5000,0.0204,1061,10,1051,0
717,1411364412,azul,verde,art3miz_0.1,vermelho,0,-3,22,90,120,0.7500,0.1818,267,84,108,75
717,1411364412,azul,vermelho,heuristica,vermelho,1,3,22,30,30,1.0000,0.0000,560,26,509,25
717,1411364412,azul,azul,reativa,vermelho,0,-3,22,150,120,1.2500,0.0000,376,8,368,0
718,1200314224,verde,verde,art3miz_0.1,azul,0,-3,72,80,100,0.8000,0.2500,342,106,138,98
718,1200314224,verde,vermelho,heuristica,azul,0,-3,72,130,110,1.1818,0.0833,1934,133,1669,132
718,1200314224,verde,azul,reativa,azul,1,3,72,30,30,1.0000,0.0556,1394,2,1392,0
719,1259110644,vermelho,verde,art3miz_0.1,vermelho,0,-3,37,90,120,0.7500,0.1429,409,96,217,96
719,1259110644,vermelho,vermelho,heuristica,vermelho,1,3,37,30,0,30.0000,0.0000,814,46,726,42
719,1259110644,vermelho,azul,reativa,vermelho,0,-3,37,120,120,1.0000,0.0833,793,8,785,0
720,447719130,azul,verde,art3miz_0.1,verde,1,3,56,30,0,30.0000,0.1273,248,2,246,0
720,447719130,azul,vermelho,heuristica,verde,0,-3,56,90,120,0.7500,0.0952,792,151,498,143
720,447719130,azul,azul,reativa,verde,0,-3,56,120,120,1.0000,0.0000,1145,7,1138,0
721,1722184469,verde,verde,art3miz_0.1,azul,0,-3,32,90,110,0.8182,0.0588,285,80,130,75
721,1722184469,verde,vermelho,heuristica,azul,0,-3,32,140,120,1.1667,0.1250,1042,132,785,125
721,1722184469,verde,azul,reativa,azul,1,3,32,30,30,1.0000,0.0000,741,2,739,0
722,327044082,vermelho,verde,art3miz_0.1,verde,1,3,21,60,90,0.6667,0.0000,423,117,211,95
722,327044082,vermelho,vermelho,heuristica,verde,0,-3,21,60,120,0.5000,0.0625,611,118,381,112
722,327044082,vermelho,azul,reativa,verde,0,-3,21,210,120,1.7500,0.0500,330,16,314,0
723,592593125,azul,verde,art3miz_0.1,vermelho,0,-3,28,140,100,1.4000,0.1852,524,142,257,125
723,592593125,azul,vermelho,heuristica,vermelho,1,3,28,30,20,1.5000,0.1111,625,29,571,25
723,592593125,azul,azul,reativa,vermelho,0,-3,28,70,120,0.5833,0.1000,174,5,169,0
724,580558835,verde,verde,art3miz_0.1,verde,1,3,30,40,60,0.6667,0.0667,270,56,164,50
724,580558835,verde,vermelho,heuristica,verde,0,-3,30,60,120,0.5000,0.0000,610,50,512,48
724,580558835,verde,azul,reativa,verde,0,-3,30,180,100,1.8000,0.2069,540,11,529,0
725,1641414582,vermelho,verde,art3miz_0.1,azul,0,-3,61,90,120,0.7500,0.1000,244,76,97,71
725,1641414582,vermelho,vermelho,heuristica,azul,0,-3,61,150,120,1.2500,0.0656,1694,131,1440,123
725,1641414582,vermelho,azul,reativa,azul,1,3,61,30,30,1.0000,0.0328,1184,2,1182,0
726,1314131657,azul,verde,art3miz_0.1,vermelho,0,-3,32,90,120,0.7500,0.0417,309,84,150,75
726,1314131657,azul,vermelho,heuristica,vermelho,1,3,32,30,0,30.0000,0.0000,834,53,731,50
726,1314131657,azul,azul,reativa,vermelho,0,-3,32,120,120,1.0000,0.0323,671,7,664,0
727,2077249961,verde,verde,art3miz_0.1,azul,0,-3,16,150,100,1.5000,0.1875,485,138,222,125
727,2077249961,verde,vermelho,heuristica,azul,0,-3,16,70,120,0.5833,0.1667,357,106,151,100
727,2077249961,verde,azul,reativa,azul,1,3,16,30,30,1.0000,0.0000,351,2,349,0
728,626421707,vermelho,verde,art3miz_0.1,vermelho,0,-3,46,90,120,0.7500,0.0870,553,136,293,124
728,626421707,vermelho,vermelho,heuristica,vermelho,1,3,46,30,0,30.0000,0.0217,928,27,876,25
728,626421707,vermelho,azul,reativa,vermelho,0,-3,46,120,120,1.0000,0.0667,998,7,991,0
729,1432468837,azul,verde,art3miz_0.1,azul,0,-3,42,90,110,0.8182,0.0556,274,77,124,73
729,1432468837,azul,vermelho,heuristica,azul,0,-3,42,110,120,0.9167,0.0976,1239,147,948,144
729,1432468837,azul,azul,reativa,azul,1,3,42,30,0,30.0000,0.0476,956,4,952,0
730,2024764721,verde,verde,art3miz_0.1,vermelho,0,-3,37,150,120,1.2500,0.0811,592,137,334,121
730,2024764721,verde,vermelho,heuristica,vermelho,1,3,37,30,30,1.0000,0.0541,809,34,743,32
730,2024764721,verde,azul,reativa,vermelho,0,-3,37,90,120,0.7500,0.0909,201,5,196,0
731,1142105127,vermelho,verde,art3miz_0.1,verde,1,3,56,30,30,1.0000,0.0000,296,27,244,25
731,1142105127,vermelho,vermelho,heuristica,verde,0,-3,56,90,120,0.7500,0.0769,752,76,607,69
731,1142105127,vermelho,azul,reativa,verde,0,-3,56,150,120,1.2500,0.0364,839,8,831,0
732,356399633,azul,verde,art3miz_0.1,vermelho,0,-3,25,120,120,1.0000,0.0000,520,86,359,75
732,356399633,azul,vermelho,heuristica,vermelho,1,3,25,30,0,30.0000,0.0000,550,27,498,25
732,356399633,azul,azul,reativa,vermelho,0,-3,25,90,120,0.7500,0.0000,81,4,77,0
733,275188426,verde,verde,art3miz_0.1,empate,0,-1,100,0,0,0.0000,0.0000,1377,0,1377,0
733,275188426,verde,vermelho,heuristica,empate,0,-1,100,60,120,0.5000,0.0000,674,44,584,46
733,275188426,verde,azul,reativa,empate,0,-1,100,120,60,2.0000,0.0400,2089,7,2082,0
734,1434154751,vermelho,verde,art3miz_0.1,azul,0,-3,20,120,120,1.0000,0.0000,455,108,247,100
734,1434154751,vermelho,vermelho,heuristica,azul,0,-3,20,90,120,0.7500,0.0000,533,79,379,75
734,1434154751,vermelho,azul,reativa,azul,1,3,20,30,0,30.0000,0.0000,488,2,486,0
735,1801140829,azul,verde,art3miz_0.1,vermelho,0,-3,37,90,120,0.7500,0.0000,430,85,270,75
735,1801140829,azul,vermelho,heuristica,vermelho,1,3,37,30,60,0.5000,0.0278,953,49,854,50
735,1801140829,azul,azul,reativa,vermelho,0,-3,37,180,120,1.5000,0.0000,740,10,730,0
736,1993507864,verde,verde,art3miz_0.1,empate,0,-1,100,0,0,0.0000,0.0000,1790,0,1790,0
736,1993507864,verde,vermelho,heuristica,empate,0,-1,100,120,90,1.3333,0.0000,1930,99,1740,91
736,1993507864,verde,azul,reativa,empate,0,-1,100,90,120,0.7500,0.0000,122,4,118,0
737,2023364721,vermelho,verde,art3miz_0.1,vermelho,0,-3,39,60,120,0.5000,0.0000,259,78,107,74
737,2023364721,vermelho,vermelho,heuristica,vermelho,1,3,39,60,30,2.0000,0.0256,936,71,799,66
737,2023364721,vermelho,azul,reativa,vermelho,0,-3,39,150,120,1.2500,0.0000,660,9,651,0
738,134698184,azul,verde,art3miz_0.1,azul,0,-3,26,90,120,0.7500,0.0000,211,57,101,53
738,134698184,azul,vermelho,heuristica,azul,0,-3,26,150,120,1.2500,0.0000,851,126,599,126
738,134698184,azul,azul,reativa,azul,1,3,26,30,30,1.0000,0.0000,551,1,550,0
739,1583040395,verde,verde,art3miz_0.1,empate,0,-1,100,90,120,0.7500,0.0625,275,80,120,75
739,1583040395,verde,vermelho,heuristica,empate,0,-1,100,120,90,1.3333,0.0000,2015,105,1810,100
739,1583040395,verde,azul,reativa,empate,0,-1,100,0,0,0.0000,0.0000,1173,0,1173,0
740,1032295844,vermelho,verde,art3miz_0.1,empate,0,-1,100,0,0,0.0000,0.6263,1030,0,1030,0
740,1032295844,vermelho,vermelho,heuristica,empate,0,-1,100,60,120,0.5000,0.1860,1132,55,1025,52
740,1032295844,vermelho,azul,reativa,empate,0,-1,100,120,60,2.0000,0.0300,1969,8,1961,0
741,1889624383,azul,verde,art3miz_0.1,vermelho,0,-3,24,130,100,1.3000,0.2609,628,165,316,147
741,1889624383,azul,vermelho,heuristica,vermelho,1,3,24,30,30,1.0000,0.0435,603,42,512,49
741,1889624383,azul,azul,reativa,vermelho,0,-3,24,70,100,0.7000,0.4000,160,5,155,0
742,1838169115,verde,verde,art3miz_0.1,azul,0,-3,17,150,120,1.2500,0.0000,418,106,218,94
742,1838169115,verde,vermelho,heuristica,azul,0,-3,17,90,120,0.7500,0.0000,281,79,127,75
742,1838169115,verde,azul,reativa,azul,1,3,17,30,30,1.0000,0.0000,388,3,385,0
743,532023419,vermelho,verde,art3miz_0.1,empate,0,-1,100,120,90,1.3333,0.0202,2179,148,1931,100
743,532023419,vermelho,vermelho,heuristica,empate,0,-1,100,90,120,0.7500,0.0000,517,79,363,75
743,532023419,vermelho,azul,reativa,empate,0,-1,100,0,0,0.0000,0.0300,2141,40,2101,0
744,1693007723,azul,verde,art3miz_0.1,empate,0,-1,100,60,120,0.5000,0.0000,281,79,127,75
744,1693007723,azul,vermelho,heuristica,empate,0,-1,100,0,0,0.0000,0.0303,1875,0,1875,0
744,1693007723,azul,azul,reativa,empate,0,-1,100,120,60,2.0000,0.0700,2160,7,2153,0
745,685610348,verde,verde,art3miz_0.1,vermelho,0,-3,23,120,120,1.0000,0.1304,582,138,319,125
745,685610348,verde,vermelho,heuristica,vermelho,1,3,23,30,0,30.0000,0.0435,462,40,385,37
745,685610348,verde,azul,reativa,vermelho,0,-3,23,90,120,0.7500,0.0000,201,4,197,0
746,226624391,vermelho,verde,art3miz_0.1,azul,0,-3,15,90,120,0.7500,0.0000,210,65,85,60
746,226624391,vermelho,vermelho,heuristica,azul,0,-3,15,150,120,1.2500,0.0000,589,116,364,109
746,226624391,vermelho,azul,reativa,azul,1,3,15,30,30,1.0000,0.1333,316,3,313,0
747,104280143,azul,verde,art3miz_0.1,azul,0,-3,40,90,120,0.7500,0.0625,275,80,120,75
747,104280143,azul,vermelho,heuristica,azul,0,-3,40,150,100,1.5000,0.0256,1143,131,888,124
747,104280143,azul,azul,reativa,azul,1,3,40,10,30,0.3333,0.0750,883,3,880,0
748,5114185,verde,verde,art3miz_0.1,verde,1,3,14,30,0,30.0000,0.0714,70,2,68,0
748,5114185,verde,vermelho,heuristica,verde,0,-3,14,90,120,0.7500,0.0000,476,98,278,100
748,5114185,verde,azul,reativa,verde,0,-3,14,120,120,1.0000,0.0000,236,7,229,0
749,2053688377,vermelho,verde,art3miz_0.1,empate,0,-1,100,0,0,0.0000,0.0606,455,0,455,0
749,2053688377,vermelho,vermelho,heuristica,empate,0,-1,100,120,90,1.3333,0.0200,2194,97,2009,88
749,2053688377,vermelho,azul,reativa,empate,0,-1,100,90,120,0.7500,0.0000,112,5,107,0
750,1451533353,azul,verde,art3miz_0.1,verde,1,3,22,30,30,1.0000,0.0000,163,27,111,25
750,1451533353,azul,vermelho,heuristica,verde,0,-3,22,90,120,0.7500,0.0000,335,81,179,75
750,1451533353,azul,azul,reativa,verde,0,-3,22,150,120,1.2500,0.0000,401,8,393,0
751,1017531994,verde,verde,art3miz_0.1,verde,1,3,52,30,30,1.0000,0.0000,326,28,273,25
751,1017531994,verde,vermelho,heuristica,verde,0,-3,52,150,120,1.2500,0.0784,1420,138,1158,124
751,1017531994,verde,azul,reativa,verde,0,-3,52,90,120,0.7500,0.0000,155,6,149,0
752,40908190,vermelho,verde,art3miz_0.1,vermelho,0,-3,17,120,120,1.0000,0.0000,462,113,249,100
752,40908190,vermelho,vermelho,heuristica,vermelho,1,3,17,30,0,30.0000,0.0000,467,27,415,25
752,40908190,vermelho,azul,reativa,vermelho,0,-3,17,90,120,0.7500,0.0000,272,4,268,0
753,1141767897,azul,verde,art3miz_0.1,azul,0,-3,28,90,120,0.7500,0.0667,259,73,117,69
753,1141767897,azul,vermelho,heuristica,azul,0,-3,28,120,120,1.0000,0.0741,903,125,662,116
753,1141767897,azul,azul,reativa,azul,1,3,28,30,0,30.0000,0.0000,424,2,422,0
754,1257839479,verde,verde,art3miz_0.1,vermelho,0,-3,89,120,120,1.0000,0.0449,604,86,443,75
754,1257839479,verde,vermelho,heuristica,vermelho,1,3,89,30,0,30.0000,0.0449,1769,27,1717,25
754,1257839479,verde,azul,reativa,vermelho,0,-3,89,90,120,0.7500,0.0000,384,5,379,0
755,1364339178,vermelho,verde,art3miz_0.1,vermelho,0,-3,22,90,120,0.7500,0.2857,316,85,156,75
755,1364339178,vermelho,vermelho,heuristica,vermelho,1,3,22,30,0,30.0000,0.0455,641,44,547,50
755,1364339178,vermelho,azul,reativa,vermelho,0,-3,22,120,120,1.0000,0.0476,415,5,410,0
756,1135458689,azul,verde,art3miz_0.1,vermelho,0,-3,26,120,120,1.0000,0.0000,448,113,235,100
756,1135458689,azul,vermelho,heuristica,vermelho,1,3,26,30,0,30.0000,0.0000,659,26,608,25
756,1135458689,azul,azul,reativa,vermelho,0,-3,26,90,120,0.7500,0.0000,104,4,100,0
757,1648737985,verde,verde,art3miz_0.1,verde,1,3,23,30,0,30.0000,0.0000,172,26,123,23
757,1648737985,verde,vermelho,heuristica,verde,0,-3,23,120,120,1.0000,0.2727,826,173,480,173
757,1648737985,verde,azul,reativa,verde,0,-3,23,90,120,0.7500,0.2105,380,4,376,0
758,487316115,vermelho,verde,art3miz_0.1,verde,1,3,26,30,0,30.0000,0.0800,191,28,140,23
758,487316115,vermelho,vermelho,heuristica,verde,0,-3,26,90,120,0.7500,0.0588,581,81,425,75
758,487316115,vermelho,azul,reativa,verde,0,-3,26,120,120,1.0000,0.0000,517,8,509,0
759,1847801574,azul,verde,art3miz_0.1,vermelho,0,-3,28,90,120,0.7500,0.0769,270,84,111,75
759,1847801574,azul,vermelho,heuristica,vermelho,1,3,28,30,30,1.0000,0.0000,721,27,669,25
759,1847801574,azul,azul,reativa,vermelho,0,-3,28,150,120,1.2500,0.0741,565,8,557,0
760,1643984056,verde,verde,art3miz_0.1,vermelho,0,-3,22,120,120,1.0000,0.0000,397,112,185,100
760,1643984056,verde,vermelho,heuristica,vermelho,1,3,22,30,0,30.0000,0.1364,586,27,534,25
760,1643984056,verde,azul,reativa,vermelho,0,-3,22,90,120,0.7500,0.0000,205,3,202,0
761,791159585,vermelho,verde,art3miz_0.1,azul,0,-3,42,120,120,1.0000,0.0488,507,105,306,96
761,791159585,vermelho,vermelho,heuristica,azul,0,-3,42,60,120,0.5000,0.0769,672,73,530,69
761,791159585,vermelho,azul,reativa,azul,1,3,42,60,0,60.0000,0.0476,954,5,949,0
762,1362632934,azul,verde,art3miz_0.1,vermelho,0,-3,17,90,120,0.7500,0.0833,350,109,144,97
762,1362632934,azul,vermelho,heuristica,vermelho,1,3,17,30,0,30.0000,0.0625,453,27,401,25
762,1362632934,azul,azul,reativa,vermelho,0,-3,17,120,120,1.0000,0.0625,291,7,284,0
763,377733151,verde,verde,art3miz_0.1,verde,1,3,34,30,30,1.0000,0.0294,296,51,200,45
763,377733151,verde,vermelho,heuristica,verde,0,-3,34,90,120,0.7500,0.4000,452,102,250,100
763,377733151,verde,azul,reativa,verde,0,-3,34,150,120,1.2500,0.1515,681,10,671,0
764,1420768891,vermelho,verde,art3miz_0.1,vermelho,0,-3,24,120,120,1.0000,0.0435,319,80,170,69
764,1420768891,vermelho,vermelho,heuristica,vermelho,1,3,24,30,0,30.0000,0.0417,631,27,579,25
764,1420768891,vermelho,azul,reativa,vermelho,0,-3,24,90,120,0.7500,0.0000,122,5,117,0
765,2044870516,azul,verde,art3miz_0.1,azul,0,-3,39,120,120,1.0000,0.0000,383,72,244,67
765,2044870516,azul,vermelho,heuristica,azul,0,-3,39,90,120,0.7500,0.0000,397,95,208,94
765,2044870516,azul,azul,reativa,azul,1,3,39,30,0,30.0000,0.0256,918,2,916,0
766,1006327128,verde,verde,art3miz_0.1,azul,0,-3,26,150,120,1.2500,0.1538,593,120,348,125
766,1006327128,verde,vermelho,heuristica,azul,0,-3,26,90,120,0.7500,0.0000,468,101,267,100
766,1006327128,verde,azul,reativa,azul,1,3,26,30,30,1.0000,0.0000,583,1,582,0
767,336700548,vermelho,verde,art3miz_0.1,empate,0,-1,100,0,0,0.0000,0.0000,1833,47,1786,0
767,336700548,vermelho,vermelho,heuristica,empate,0,-1,100,0,0,0.0000,0.0100,2075,48,2027,0
767,336700548,vermelho,azul,reativa,empate,0,-1,100,0,0,0.0000,0.3800,2084,0,2084,0
768,715912012,azul,verde,art3miz_0.1,azul,0,-3,19,40,100,0.4000,0.4000,373,110,163,100
768,715912012,azul,vermelho,heuristica,azul,0,-3,19,100,100,1.0000,0.3889,798,173,450,175
768,715912012,azul,azul,reativa,azul,1,3,19,60,0,60.0000,0.0000,431,4,427,0
769,481883728,verde,verde,art3miz_0.1,azul,0,-3,29,60,120,0.5000,0.0000,273,80,118,75
769,481883728,verde,vermelho,heuristica,azul,0,-3,29,120,120,1.0000,0.0000,907,117,674,116
769,481883728,verde,azul,reativa,azul,1,3,29,60,0,60.0000,0.0000,543,4,539,0
770,1614053631,vermelho,verde,art3miz_0.1,azul,0,-3,39,120,110,1.0909,0.1316,740,107,533,100
770,1614053631,vermelho,vermelho,heuristica,azul,0,-3,39,80,120,0.6667,0.1875,595,103,392,100
770,1614053631,vermelho,azul,reativa,azul,1,3,39,30,0,30.0000,0.0513,879,2,877,0
771,1276108841,azul,verde,art3miz_0.1,vermelho,0,-3,29,90,120,0.7500,0.0000,242,84,83,75
771,1276108841,azul,vermelho,heuristica,vermelho,1,3,29,30,0,30.0000,0.0000,678,18,644,16
771,1276108841,azul,azul,reativa,vermelho,0,-3,29,120,120,1.0000,0.0000,601,6,595,0
772,628933363,verde,verde,art3miz_0.1,vermelho,0,-3,20,150,120,1.2500,0.0000,540,137,282,121
772,628933363,verde,vermelho,heuristica,vermelho,1,3,20,30,30,1.0000,0.1500,587,51,486,50
772,628933363,verde,azul,reativa,vermelho,0,-3,20,90,120,0.7500,0.0000,273,4,269,0
773,266047734,vermelho,verde,art3miz_0.1,empate,0,-1,100,120,90,1.3333,0.0404,836,86,676,74
773,266047734,vermelho,vermelho,heuristica,empate,0,-1,100,90,120,0.7500,0.0000,300,64,178,58
773,266047734,vermelho,azul,reativa,empate,0,-1,100,0,0,0.0000,0.0300,1151,2,1149,0
774,437958854,azul,verde,art3miz_0.1,vermelho,0,-3,65,90,120,0.7500,0.1429,379,84,221,74
774,437958854,azul,vermelho,heuristica,vermelho,1,3,65,30,30,1.0000,0.1250,1555,35,1490,30
774,437958854,azul,azul,reativa,vermelho,0,-3,65,150,120,1.2500,0.0156,1307,11,1296,0
775,882820366,verde,verde,art3miz_0.1,azul,0,-3,79,90,120,0.7500,0.0000,386,74,243,69
775,882820366,verde,vermelho,heuristica,azul,0,-3,79,150,120,1.2500,0.0253,2170,176,1804,190
775,882820366,verde,azul,reativa,azul,1,3,79,30,30,1.0000,0.0000,1346,1,1345,0
776,2103879765,vermelho,verde,art3miz_0.1,verde,1,3,35,60,60,1.0000,0.0588,421,71,286,64
776,2103879765,vermelho,vermelho,heuristica,verde,0,-3,35,60,120,0.5000,0.0000,646,76,495,75
776,2103879765,vermelho,azul,reativa,verde,0,-3,35,180,120,1.5000,0.0588,694,11,683,0
777,1878469685,azul,verde,art3miz_0.1,vermelho,0,-3,14,120,120,1.0000,0.2308,384,99,199,86
777,1878469685,azul,vermelho,heuristica,vermelho,1,3,14,30,0,30.0000,0.1538,302,25,254,23
777,1878469685,azul,azul,reativa,vermelho,0,-3,14,90,120,0.7500,0.0000,172,4,168,0
778,260653707,verde,verde,art3miz_0.1,verde,1,3,63,30,0,30.0000,0.0317,314,2,312,0
778,260653707,verde,vermelho,heuristica,verde,0,-3,63,90,120,0.7500,0.2727,486,107,279,100
778,260653707,verde,azul,reativa,verde,0,-3,63,120,120,1.0000,0.0806,1395,9,1386,0
779,2055886471,vermelho,verde,art3miz_0.1,verde,1,3,34,30,30,1.0000,0.0303,253,25,204,24
779,2055886471,vermelho,vermelho,heuristica,verde,0,-3,34,150,120,1.2500,0.0303,1118,175,768,175
779,2055886471,vermelho,azul,reativa,verde,0,-3,34,90,120,0.7500,0.0000,311,4,307,0
780,181546477,azul,verde,art3miz_0.1,vermelho,0,-3,28,150,120,1.2500,0.0000,738,188,376,174
780,181546477,azul,vermelho,heuristica,vermelho,1,3,28,30,30,1.0000,0.0741,731,45,643,43
780,181546477,azul,azul,reativa,vermelho,0,-3,28,90,120,0.7500,0.0000,208,5,203,0
781,1696711507,verde,verde,art3miz_0.1,vermelho,0,-3,21,90,120,0.7500,0.0000,266,84,107,75
781,1696711507,verde,vermelho,heuristica,vermelho,1,3,21,30,30,1.0000,0.0952,609,52,507,50
781,1696711507,verde,azul,reativa,vermelho,0,-3,21,150,120,1.2500,0.0000,368,8,360,0
782,1229825111,vermelho,verde,art3miz_0.1,azul,0,-3,42,90,120,0.7500,0.0833,244,72,104,68
782,1229825111,vermelho,vermelho,heuristica,azul,0,-3,42,150,120,1.2500,0.0238,1353,193,969,191
782,1229825111,vermelho,azul,reativa,azul,1,3,42,30,30,1.0000,0.0476,1025,1,1024,0
783,1997479060,azul,verde,art3miz_0.1,vermelho,0,-3,22,90,120,0.7500,0.1538,428,112,216,100
783,1997479060,azul,vermelho,heuristica,vermelho,1,3,22,30,30,1.0000,0.1429,484,20,447,17
783,1997479060,azul,azul,reativa,vermelho,0,-3,22,150,120,1.2500,0.0000,415,10,405,0
784,443438607,verde,verde,art3miz_0.1,verde,1,3,22,30,0,30.0000,0.0909,199,26,151,22
784,443438607,verde,vermelho,heuristica,verde,0,-3,22,120,120,1.0000,0.1429,718,121,487,110
784,443438607,verde,azul,reativa,verde,0,-3,22,90,120,0.7500,0.0000,67,5,62,0
785,1255488848,vermelho,verde,art3miz_0.1,vermelho,0,-3,59,90,120,0.7500,0.0000,258,79,110,69
785,1255488848,vermelho,vermelho,heuristica,vermelho,1,3,59,30,0,30.0000,0.0508,1467,29,1406,32
785,1255488848,vermelho,azul,reativa,vermelho,0,-3,59,120,120,1.0000,0.0000,1284,7,1277,0
786,1713663468,azul,verde,art3miz_0.1,vermelho,0,-3,40,90,120,0.7500,0.1111,244,70,113,61
786,1713663468,azul,vermelho,heuristica,vermelho,1,3,40,30,0,30.0000,0.1026,967,18,933,16
786,1713663468,azul,azul,reativa,vermelho,0,-3,40,120,120,1.0000,0.0513,862,5,857,0
787,1326665035,verde,verde,art3miz_0.1,azul,0,-3,49,190,120,1.5833,0.1837,713,179,372,162
787,1326665035,verde,vermelho,heuristica,azul,0,-3,49,30,100,0.3000,0.2667,480,69,347,64
787,1326665035,verde,azul,reativa,azul,1,3,49,90,90,1.0000,0.0816,1118,5,1113,0
788,1485550945,vermelho,verde,art3miz_0.1,vermelho,0,-3,61,90,120,0.7500,0.1111,256,84,97,75
788,1485550945,vermelho,vermelho,heuristica,vermelho,1,3,61,30,0,30.0000,0.0000,1494,48,1400,46
788,1485550945,vermelho,azul,reativa,vermelho,0,-3,61,120,120,1.0000,0.0333,1103,6,1097,0
789,255725471,azul,verde,art3miz_0.1,vermelho,0,-3,19,90,120,0.7500,0.0000,265,84,106,75
789,255725471,azul,vermelho,heuristica,vermelho,1,3,19,30,0,30.0000,0.1111,460,23,418,19
789,255725471,azul,azul,reativa,vermelho,0,-3,19,120,120,1.0000,0.0000,346,8,338,0
790,388207685,verde,verde,art3miz_0.1,vermelho,0,-3,13,90,100,0.9000,0.0833,267,83,110,74
790,388207685,verde,vermelho,heuristica,vermelho,1,3,13,30,0,30.0000,0.0000,334,26,283,25
790,388207685,verde,azul,reativa,vermelho,0,-3,13,100,120,0.8333,0.0000,197,7,190,0
791,230858913,vermelho,verde,art3miz_0.1,verde,1,3,57,30,0,30.0000,0.1071,388,29,334,25
791,230858913,vermelho,vermelho,heuristica,verde,0,-3,57,120,120,1.0000,0.0714,1565,148,1276,141
791,230858913,vermelho,azul,reativa,verde,0,-3,57,90,120,0.7500,0.0000,373,5,368,0
792,497945140,azul,verde,art3miz_0.1,azul,0,-3,23,120,110,1.0909,0.0909,431,87,265,79
792,497945140,azul,vermelho,heuristica,azul,0,-3,23,80,120,0.6667,0.0625,524,74,365,85
792,497945140,azul,azul,reativa,azul,1,3,23,30,0,30.0000,0.0000,548,2,546,0
793,1672875716,verde,verde,art3miz_0.1,azul,0,-3,17,120,120,1.0000,0.0000,515,134,256,125
793,1672875716,verde,vermelho,heuristica,azul,0,-3,17,90,120,0.7500,0.0000,496,95,302,99
793,1672875716,verde,azul,reativa,azul,1,3,17,30,0,30.0000,0.1176,402,2,400,0
794,1703592542,vermelho,verde,art3miz_0.1,vermelho,0,-3,50,90,120,0.7500,0.1176,459,105,254,100
794,1703592542,vermelho,vermelho,heuristica,vermelho,1,3,50,30,90,0.3333,0.0800,1356,67,1216,73
794,1703592542,vermelho,azul,reativa,vermelho,0,-3,50,210,120,1.7500,0.0816,1064,14,1050,0
795,524300311,azul,verde,art3miz_0.1,empate,0,-1,100,90,120,0.7500,0.0714,384,109,177,98
795,524300311,azul,vermelho,heuristica,empate,0,-1,100,0,0,0.0000,0.0505,2154,0,2154,0
795,524300311,azul,azul,reativa,empate,0,-1,100,120,90,1.3333,0.0300,1718,7,1711,0
796,405532386,verde,verde,art3miz_0.1,azul,0,-3,26,90,120,0.7500,0.0000,197,56,90,51
796,405532386,verde,vermelho,heuristica,azul,0,-3,26,150,120,1.2500,0.0385,795,103,599,93
796,405532386,verde,azul,reativa,azul,1,3,26,30,30,1.0000,0.0385,596,1,595,0
797,1140362201,vermelho,verde,art3miz_0.1,verde,1,3,32,60,60,1.0000,0.0323,350,57,243,50
797,1140362201,vermelho,vermelho,heuristica,verde,0,-3,32,60,120,0.5000,0.0952,650,70,505,75
797,1140362201,vermelho,azul,reativa,verde,0,-3,32,180,120,1.5000,0.0645,617,10,607,0
798,2122964567,azul,verde,art3miz_0.1,verde,1,3,71,30,30,1.0000,0.0000,816,26,765,25
798,2122964567,azul,vermelho,heuristica,verde,0,-3,71,150,120,1.2500,0.0290,1974,155,1672,147
798,2122964567,azul,azul,reativa,verde,0,-3,71,90,120,0.7500,0.1250,130,4,126,0
799,1850462464,verde,verde,art3miz_0.1,vermelho,0,-3,35,90,120,0.7500,0.0714,463,129,220,114
799,1850462464,verde,vermelho,heuristica,vermelho,1,3,35,20,0,20.0000,0.0571,847,53,744,50
799,1850462464,verde,azul,reativa,vermelho,0,-3,35,120,110,1.0909,0.2059,676,9,667,0
800,1238786426,vermelho,verde,art3miz_0.1,azul,0,-3,34,120,120,1.0000,0.0909,528,119,294,115
800,1238786426,vermelho,vermelho,heuristica,azul,0,-3,34,90,120,0.7500,0.1111,603,91,425,87
800,1238786426,vermelho,azul,reativa,azul,1,3,34,30,0,30.0000,0.0000,461,2,459,0
801,777418731,azul,verde,art3miz_0.1,vermelho,0,-3,22,120,120,1.0000,0.0952,464,114,250,100
801,777418731,azul,vermelho,heuristica,vermelho,1,3,22,30,0,30.0000,0.1429,630,52,529,49
801,777418731,azul,azul,reativa,vermelho,0,-3,22,90,120,0.7500,0.1538,248,5,243,0
802,1650316423,verde,verde,art3miz_0.1,vermelho,0,-3,22,150,120,1.2500,0.0455,528,153,241,134
802,1650316423,verde,vermelho,heuristica,vermelho,1,3,22,30,30,1.0000,0.0909,580,28,527,25
802,1650316423,verde,azul,reativa,vermelho,0,-3,22,90,120,0.7500,0.0000,225,5,220,0
803,1518169168,vermelho,verde,art3miz_0.1,vermelho,0,-3,31,90,120,0.7500,0.0000,320,83,162,75
803,1518169168,vermelho,vermelho,heuristica,vermelho,1,3,31,30,0,30.0000,0.0645,773,17,740,16
803,1518169168,vermelho,azul,reativa,vermelho,0,-3,31,120,120,1.0000,0.0333,587,6,581,0
804,664454653,azul,verde,art3miz_0.1,azul,0,-3,17,150,120,1.2500,0.6875,680,212,293,175
804,664454653,azul,vermelho,heuristica,azul,0,-3,17,50,110,0.4545,0.3333,375,79,221,75
804,664454653,azul,azul,reativa,azul,1,3,17,70,40,1.7500,0.2941,348,7,341,0
805,1222287018,verde,verde,art3miz_0.1,azul,0,-3,22,120,120,1.0000,0.0455,456,107,249,100
805,1222287018,verde,vermelho,heuristica,azul,0,-3,22,90,120,0.7500,0.0769,524,103,321,100
805,1222287018,verde,azul,reativa,azul,1,3,22,30,0,30.0000,0.3182,440,2,438,0
806,1050928200,vermelho,verde,art3miz_0.1,azul,0,-3,52,120,120,1.0000,0.1176,439,96,254,89
806,1050928200,vermelho,vermelho,heuristica,azul,0,-3,52,90,120,0.7500,0.0000,307,90,130,87
806,1050928200,vermelho,azul,reativa,azul,1,3,52,30,0,30.0000,0.3269,764,2,762,0
807,1496432766,azul,verde,art3miz_0.1,azul,0,-3,38,120,120,1.0000,0.0270,494,107,287,100
807,1496432766,azul,vermelho,heuristica,azul,0,-3,38,90,120,0.7500,0.0000,682,105,477,100
807,1496432766,azul,azul,reativa,azul,1,3,38,30,0,30.0000,0.0263,701,2,699,0
808,1546097094,verde,verde,art3miz_0.1,azul,0,-3,17,90,120,0.7500,0.0000,396,80,241,75
808,1546097094,verde,vermelho,heuristica,azul,0,-3,17,120,120,1.0000,0.0000,677,122,430,125
808,1546097094,verde,azul,reativa,azul,1,3,17,30,0,30.0000,0.0588,397,2,395,0
809,153640283,vermelho,verde,art3miz_0.1,verde,1,3,18,60,60,1.0000,0.1176,372,110,188,74
809,153640283,vermelho,vermelho,heuristica,verde,0,-3,18,90,120,0.7500,0.0714,587,144,324,119
809,153640283,vermelho,azul,reativa,verde,0,-3,18,150,120,1.2500,0.0000,303,10,293,0
810,1109067602,azul,verde,art3miz_0.1,vermelho,0,-3,53,90,120,0.7500,0.0000,398,83,240,75
810,1109067602,azul,vermelho,heuristica,vermelho,1,3,53,30,60,0.5000,0.0000,1277,32,1213,32
810,1109067602,azul,azul,reativa,vermelho,0,-3,53,180,120,1.5000,0.0769,1139,10,1129,0
811,1182380079,verde,verde,art3miz_0.1,empate,0,-1,100,120,90,1.3333,0.0000,1635,91,1460,84
811,1182380079,verde,vermelho,heuristica,empate,0,-1,100,90,120,0.7500,0.0714,510,96,323,91
811,1182380079,verde,azul,reativa,empate,0,-1,100,0,0,0.0000,0.0000,2011,0,2011,0
812,995907090,vermelho,verde,art3miz_0.1,verde,1,3,21,30,0,30.0000,0.0500,166,28,113,25
812,995907090,vermelho,vermelho,heuristica,verde,0,-3,21,120,120,1.0000,0.2500,853,175,503,175
812,995907090,vermelho,azul,reativa,verde,0,-3,21,90,120,0.7500,0.0000,153,5,148,0
813,2009703295,azul,verde,art3miz_0.1,vermelho,0,-3,34,90,120,0.7500,0.0000,354,92,184,78
813,2009703295,azul,vermelho,heuristica,vermelho,1,3,34,30,30,1.0000,0.0606,800,29,739,32
813,2009703295,azul,azul,reativa,vermelho,0,-3,34,150,120,1.2500,0.0606,652,10,642,0
814,2108967014,verde,verde,art3miz_0.1,verde,1,3,18,30,20,1.5000,0.0556,161,27,109,25
814,2108967014,verde,vermelho,heuristica,verde,0,-3,18,140,120,1.1667,0.0588,770,178,417,175
814,2108967014,verde,azul,reativa,verde,0,-3,18,90,120,0.7500,0.0000,232,4,228,0
815,484446759,vermelho,verde,art3miz_0.1,vermelho,0,-3,19,120,120,1.0000,0.1667,534,130,280,124
815,484446759,vermelho,vermelho,heuristica,vermelho,1,3,19,30,0,30.0000,0.1579,459,28,407,24
815,484446759,vermelho,azul,reativa,vermelho,0,-3,19,90,120,0.7500,0.2500,130,4,126,0
816,780071506,azul,verde,art3miz_0.1,vermelho,0,-3,12,120,120,1.0000,0.0000,308,86,147,75
816,780071506,azul,vermelho,heuristica,vermelho,1,3,12,30,0,30.0000,0.0000,316,27,264,25
816,780071506,azul,azul,reativa,vermelho,0,-3,12,90,120,0.7500,0.0000,107,5,102,0
817,853399628,verde,verde,art3miz_0.1,vermelho,0,-3,26,90,120,0.7500,0.0000,396,86,235,75
817,853399628,verde,vermelho,heuristica,vermelho,1,3,26,30,60,0.5000,0.0000,718,43,625,50
817,853399628,verde,azul,reativa,vermelho,0,-3,26,180,120,1.5000,0.0000,488,11,477,0
818,1422126434,vermelho,verde,art3miz_0.1,vermelho,0,-3,25,90,120,0.7500,0.0000,411,100,211,100
818,1422126434,vermelho,vermelho,heuristica,vermelho,1,3,25,30,30,1.0000,0.0800,714,52,612,50
818,1422126434,vermelho,azul,reativa,vermelho,0,-3,25,150,120,1.2500,0.0417,489,10,479,0
819,1002835612,azul,verde,art3miz_0.1,azul,0,-3,48,90,120,0.7500,0.0357,614,105,413,96
819,1002835612,azul,vermelho,heuristica,azul,0,-3,48,120,120,1.0000,0.0638,1380,127,1133,120
819,1002835612,azul,azul,reativa,azul,1,3,48,30,0,30.0000,0.2500,1051,2,1049,0
820,1448939825,verde,verde,art3miz_0.1,azul,0,-3,16,120,120,1.0000,0.0625,307,75,164,68
820,1448939825,verde,vermelho,heuristica,azul,0,-3,16,90,120,0.7500,0.2000,391,75,245,71
820,1448939825,verde,azul,reativa,azul,1,3,16,30,0,30.0000,0.0000,357,2,355,0
821,379393432,vermelho,verde,art3miz_0.1,empate,0,-1,100,90,120,0.7500,0.0000,300,78,147,75
821,379393432,vermelho,vermelho,heuristica,empate,0,-1,100,120,90,1.3333,0.0100,2252,105,2047,100
821,379393432,vermelho,azul,reativa,empate,0,-1,100,0,0,0.0000,0.0200,1519,0,1519,0
822,2107298103,azul,verde,art3miz_0.1,verde,1,3,24,30,30,1.0000,0.0870,148,28,95,25
822,2107298103,azul,vermelho,heuristica,verde,0,-3,24,150,120,1.2500,0.0909,846,155,545,146
822,2107298103,azul,azul,reativa,verde,0,-3,24,90,120,0.7500,0.0625,324,6,318,0
823,1528822464,verde,verde,art3miz_0.1,verde,1,3,19,60,60,1.0000,0.0000,231,55,126,50
823,1528822464,verde,vermelho,heuristica,verde,0,-3,19,60,120,0.5000,0.2000,345,60,230,55
823,1528822464,verde,azul,reativa,verde,0,-3,19,180,120,1.5000,0.0000,296,11,285,0
824,1661114236,vermelho,verde,art3miz_0.1,azul,0,-3,54,90,120,0.7500,0.0000,552,107,347,98
824,1661114236,vermelho,vermelho,heuristica,azul,0,-3,54,150,120,1.2500,0.0000,1636,179,1284,173
824,1661114236,vermelho,azul,reativa,azul,1,3,54,30,30,1.0000,0.0370,1292,2,1290,0
825,900874270,azul,verde,art3miz_0.1,azul,0,-3,21,150,120,1.2500,0.1000,553,142,280,131
825,900874270,azul,vermelho,heuristica,azul,0,-3,21,90,120,0.7500,0.0000,398,89,226,83
825,900874270,azul,azul,reativa,azul,1,3,21,30,30,1.0000,0.1905,480,2,478,0
826,1705519067,verde,verde,art3miz_0.1,vermelho,0,-3,27,60,120,0.5000,0.1176,282,77,135,70
826,1705519067,verde,vermelho,heuristica,vermelho,1,3,27,60,30,2.0000,0.1481,772,81,601,90
826,1705519067,verde,azul,reativa,vermelho,0,-3,27,150,120,1.2500,0.0000,518,10,508,0
827,1177791765,vermelho,verde,art3miz_0.1,azul,0,-3,29,80,120,0.6667,0.0667,276,80,121,75
827,1177791765,vermelho,vermelho,heuristica,azul,0,-3,29,120,110,1.0909,0.1724,951,147,666,138
827,1177791765,vermelho,azul,reativa,azul,1,3,29,30,0,30.0000,0.0345,666,4,662,0
828,704217637,azul,verde,art3miz_0.1,azul,0,-3,31,80,120,0.6667,0.2593,466,107,260,99
828,704217637,azul,vermelho,heuristica,azul,0,-3,31,120,100,1.2000,0.2667,1148,222,728,198
828,704217637,azul,azul,reativa,azul,1,3,31,50,30,1.6667,0.0323,721,7,714,0
829,770907264,verde,verde,art3miz_0.1,azul,0,-3,50,90,110,0.8182,0.2105,358,71,221,66
829,770907264,verde,vermelho,heuristica,azul,0,-3,50,140,120,1.1667,0.1800,1300,143,1028,129
829,770907264,verde,azul,reativa,azul,1,3,50,30,30,1.0000,0.0400,952,3,949,0
830,867905328,vermelho,verde,art3miz_0.1,azul,0,-3,33,110,120,0.9167,0.0313,353,68,222,63
830,867905328,vermelho,vermelho,heuristica,azul,0,-3,33,90,110,0.8182,0.0909,441,89,264,88
830,867905328,vermelho,azul,reativa,azul,1,3,33,30,0,30.0000,0.1212,750,2,748,0
831,1547102212,azul,verde,art3miz_0.1,vermelho,0,-3,29,120,120,1.0000,0.0000,666,140,401,125
831,1547102212,azul,vermelho,heuristica,vermelho,1,3,29,30,0,30.0000,0.0357,539,27,487,25
831,1547102212,azul,azul,reativa,vermelho,0,-3,29,90,120,0.7500,0.0000,390,5,385,0
832,1427051027,verde,verde,art3miz_0.1,azul,0,-3,58,60,120,0.5000,0.3846,427,111,217,99
832,1427051027,verde,vermelho,heuristica,azul,0,-3,58,180,120,1.5000,0.1379,1781,194,1404,183
832,1427051027,verde,azul,reativa,azul,1,3,58,60,60,1.0000,0.0345,1324,3,1321,0
833,347179498,vermelho,verde,art3miz_0.1,vermelho,0,-3,34,90,120,0.7500,0.0000,372,90,197,85
833,347179498,vermelho,vermelho,heuristica,vermelho,1,3,34,30,30,1.0000,0.1176,818,13,793,12
833,347179498,vermelho,azul,reativa,vermelho,0,-3,34,150,120,1.2500,0.0606,688,9,679,0
834,1886650417,azul,verde,art3miz_0.1,empate,0,-1,100,0,0,0.0000,0.0000,780,47,733,0
834,1886650417,azul,vermelho,heuristica,empate,0,-1,100,70,100,0.7000,0.1379,885,146,609,130
834,1886650417,azul,azul,reativa,empate,0,-1,100,100,70,1.4286,0.0600,1542,45,1497,0
835,15777031,verde,verde,art3miz_0.1,empate,0,-1,100,90,120,0.7500,0.2308,372,85,212,75
835,15777031,verde,vermelho,heuristica,empate,0,-1,100,0,0,0.0000,0.0000,1679,0,1679,0
835,15777031,verde,azul,reativa,empate,0,-1,100,120,90,1.3333,0.0500,1854,7,1847,0
836,1363852363,vermelho,verde,art3miz_0.1,azul,0,-3,27,80,120,0.6667,0.0625,287,79,134,74
836,1363852363,vermelho,vermelho,heuristica,azul,0,-3,27,150,110,1.3636,0.1481,965,155,662,148
836,1363852363,vermelho,azul,reativa,azul,1,3,27,30,30,1.0000,0.1111,603,3,600,0
837,1258731941,azul,verde,art3miz_0.1,verde,1,3,22,150,90,1.6667,0.0000,516,167,224,125
837,1258731941,azul,vermelho,heuristica,verde,0,-3,22,90,120,0.7500,0.0500,723,153,472,98
837,1258731941,azul,azul,reativa,verde,0,-3,22,90,120,0.7500,0.0000,405,8,397,0
838,1494699440,verde,verde,art3miz_0.1,verde,1,3,27,60,30,2.0000,0.0741,281,57,174,50
838,1494699440,verde,vermelho,heuristica,verde,0,-3,27,60,120,0.5000,0.0625,519,69,377,73
838,1494699440,verde,azul,reativa,verde,0,-3,27,150,120,1.2500,0.0000,515,10,505,0
839,1628579981,vermelho,verde,art3miz_0.1,empate,0,-1,100,0,0,0.0000,0.0101,1358,0,1358,0
839,1628579981,vermelho,vermelho,heuristica,empate,0,-1,100,120,90,1.3333,0.0500,2318,105,2117,96
839,1628579981,vermelho,azul,reativa,empate,0,-1,100,90,120,0.7500,0.0400,542,4,538,0
840,250397122,azul,verde,art3miz_0.1,azul,0,-3,61,80,120,0.6667,0.1667,250,67,120,63
840,250397122,azul,vermelho,heuristica,azul,0,-3,61,150,110,1.3636,0.1500,1687,143,1408,136
840,250397122,azul,azul,reativa,azul,1,3,61,30,30,1.0000,0.0000,1132,2,1130,0
841,881510746,verde,verde,art3miz_0.1,vermelho,0,-3,45,90,120,0.7500,0.0606,359,79,211,69
841,881510746,verde,vermelho,heuristica,vermelho,1,3,45,30,30,1.0000,0.0444,1085,27,1033,25
841,881510746,verde,azul,reativa,vermelho,0,-3,45,150,120,1.2500,0.0000,896,9,887,0
842,1164238508,vermelho,verde,art3miz_0.1,vermelho,0,-3,25,90,120,0.7500,0.0476,236,75,122,39
842,1164238508,vermelho,vermelho,heuristica,vermelho,1,3,25,120,60,2.0000,0.0000,1012,253,559,200
842,1164238508,vermelho,azul,reativa,vermelho,0,-3,25,90,120,0.7500,0.0000,481,10,471,0
843,1457461325,azul,verde,art3miz_0.1,verde,1,3,32,120,60,2.0000,0.0323,433,98,249,86
843,1457461325,azul,vermelho,heuristica,verde,0,-3,32,90,120,0.7500,0.0000,848,91,672,85
843,1457461325,azul,azul,reativa,verde,0,-3,32,90,120,0.7500,0.0323,655,6,649,0
844,1551343355,verde,verde,art3miz_0.1,verde,1,3,21,30,30,1.0000,0.0000,201,26,150,25
844,1551343355,verde,vermelho,heuristica,verde,0,-3,21,150,120,1.2500,0.0500,818,160,508,150
844,1551343355,verde,azul,reativa,verde,0,-3,21,90,120,0.7500,0.1250,113,4,109,0
845,2140318315,vermelho,verde,art3miz_0.1,vermelho,0,-3,28,120,120,1.0000,0.0000,549,114,335,100
845,2140318315,vermelho,vermelho,heuristica,vermelho,1,3,28,30,0,30.0000,0.0000,802,44,708,50
845,2140318315,vermelho,azul,reativa,vermelho,0,-3,28,90,120,0.7500,0.0000,452,4,448,0
846,2014609842,azul,verde,art3miz_0.1,azul,0,-3,18,90,120,0.7500,0.0000,309,78,157,74
846,2014609842,azul,vermelho,heuristica,azul,0,-3,18,150,120,1.2500,0.0000,696,148,410,138
846,2014609842,azul,azul,reativa,azul,1,3,18,30,30,1.0000,0.0000,402,1,401,0
847,582212434,verde,verde,art3miz_0.1,azul,0,-3,39,90,120,0.7500,0.0000,395,80,240,75
847,582212434,verde,vermelho,heuristica,azul,0,-3,39,120,120,1.0000,0.1026,1228,122,981,125
847,582212434,verde,azul,reativa,azul,1,3,39,30,0,30.0000,0.0256,832,2,830,0
848,2005396972,vermelho,verde,art3miz_0.1,vermelho,0,-3,11,120,120,1.0000,0.2000,464,131,208,125
848,2005396972,vermelho,vermelho,heuristica,vermelho,1,3,11,30,0,30.0000,0.0909,301,27,249,25
848,2005396972,vermelho,azul,reativa,vermelho,0,-3,11,90,120,0.7500,0.0000,83,6,77,0
849,396879593,azul,verde,art3miz_0.1,verde,1,3,18,30,30,1.0000,0.0588,148,25,99,24
849,396879593,azul,vermelho,heuristica,verde,0,-3,18,150,120,1.2500,0.0000,683,152,384,147
849,396879593,azul,azul,reativa,verde,0,-3,18,90,120,0.7500,0.0000,249,6,243,0
850,73218816,verde,verde,art3miz_0.1,azul,0,-3,23,90,120,0.7500,0.0833,253,76,104,73
850,73218816,verde,vermelho,heuristica,azul,0,-3,23,120,120,1.0000,0.0435,790,134,524,132
850,73218816,verde,azul,reativa,azul,1,3,23,30,0,30.0000,0.0000,519,2,517,0
851,1734867821,vermelho,verde,art3miz_0.1,azul,0,-3,74,110,120,0.9167,0.0548,679,82,522,75
851,1734867821,vermelho,vermelho,heuristica,azul,0,-3,74,90,110,0.8182,0.0833,773,94,579,100
851,1734867821,vermelho,azul,reativa,azul,1,3,74,30,0,30.0000,0.0000,1271,2,1269,0
852,532289079,azul,verde,art3miz_0.1,empate,0,-1,100,120,90,1.3333,0.0000,1782,113,1569,100
852,532289079,azul,vermelho,heuristica,empate,0,-1,100,0,0,0.0000,0.0303,1622,0,1622,0
852,532289079,azul,azul,reativa,empate,0,-1,100,90,120,0.7500,0.0500,429,5,424,0
853,1631779701,verde,verde,art3miz_0.1,verde,1,3,40,30,60,0.5000,0.1000,406,51,305,50
853,1631779701,verde,vermelho,heuristica,verde,0,-3,40,90,100,0.9000,0.2000,778,157,472,149
853,1631779701,verde,azul,reativa,verde,0,-3,40,160,120,1.3333,0.1282,817,12,805,0
854,85258658,vermelho,verde,art3miz_0.1,verde,1,3,31,30,0,30.0000,0.0667,329,33,271,25
854,85258658,vermelho,vermelho,heuristica,verde,0,-3,31,90,120,0.7500,0.1818,708,113,508,87
854,85258658,vermelho,azul,reativa,verde,0,-3,31,120,120,1.0000,0.0667,644,7,637,0
855,942012666,azul,verde,art3miz_0.1,verde,1,3,20,30,60,0.5000,0.0000,251,51,150,50
855,942012666,azul,vermelho,heuristica,verde,0,-3,20,90,120,0.7500,0.0909,428,99,237,92
855,942012666,azul,azul,reativa,verde,0,-3,20,180,120,1.5000,0.0526,329,11,318,0
856,1074658908,verde,verde,art3miz_0.1,vermelho,0,-3,32,150,120,1.2500,0.0625,696,158,394,144
856,1074658908,verde,vermelho,heuristica,vermelho,1,3,32,30,30,1.0000,0.0938,849,52,747,50
856,1074658908,verde,azul,reativa,vermelho,0,-3,32,90,120,0.7500,0.0000,227,4,223,0
857,245171136,vermelho,verde,art3miz_0.1,verde,1,3,25,60,30,2.0000,0.0000,213,29,160,24
857,245171136,vermelho,vermelho,heuristica,verde,0,-3,25,60,120,0.5000,0.1250,534,75,386,73
857,245171136,vermelho,azul,reativa,verde,0,-3,25,150,120,1.2500,0.0417,476,9,467,0
858,2021010886,azul,verde,art3miz_0.1,verde,1,3,19,30,30,1.0000,0.1111,175,27,123,25
858,2021010886,azul,vermelho,heuristica,verde,0,-3,19,150,120,1.2500,0.0588,663,135,403,125
858,2021010886,azul,azul,reativa,verde,0,-3,19,90,120,0.7500,0.0000,106,5,101,0
859,329362190,verde,verde,art3miz_0.1,vermelho,0,-3,29,90,120,0.7500,0.0370,312,85,177,50
859,329362190,verde,vermelho,heuristica,vermelho,1,3,29,60,60,1.0000,0.0000,949,134,690,125
859,329362190,verde,azul,reativa,vermelho,0,-3,29,150,120,1.2500,0.0714,542,10,532,0
860,820834749,vermelho,verde,art3miz_0.1,empate,0,-1,100,120,90,1.3333,0.0505,825,113,612,100
860,820834749,vermelho,vermelho,heuristica,empate,0,-1,100,0,0,0.0000,0.0000,1678,0,1678,0
860,820834749,vermelho,azul,reativa,empate,0,-1,100,90,120,0.7500,0.1111,539,4,535,0
861,1440881829,azul,verde,art3miz_0.1,azul,0,-3,21,120,120,1.0000,0.0500,327,81,172,74
861,1440881829,azul,vermelho,heuristica,azul,0,-3,21,90,120,0.7500,0.0833,433,78,281,74
861,1440881829,azul,azul,reativa,azul,1,3,21,30,0,30.0000,0.0476,402,2,400,0
862,106408623,verde,verde,art3miz_0.1,vermelho,0,-3,21,90,110,0.8182,0.0476,362,106,162,94
862,106408623,verde,vermelho,heuristica,vermelho,1,3,21,110,60,1.8333,0.0476,827,202,480,145
862,106408623,verde,azul,reativa,vermelho,0,-3,21,90,120,0.7500,0.0556,317,6,311,0
863,1817240856,vermelho,verde,art3miz_0.1,verde,1,3,21,30,30,1.0000,0.0000,139,28,86,25
863,1817240856,vermelho,vermelho,heuristica,verde,0,-3,21,90,120,0.7500,0.0000,508,107,301,100
863,1817240856,vermelho,azul,reativa,verde,0,-3,21,150,120,1.2500,0.0000,392,11,381,0
864,1768830967,azul,verde,art3miz_0.1,azul,0,-3,36,30,100,0.3000,0.2000,311,79,158,74
864,1768830967,azul,vermelho,heuristica,azul,0,-3,36,130,120,1.0833,0.1429,1151,146,855,150
864,1768830967,azul,azul,reativa,azul,1,3,36,90,30,3.0000,0.0000,838,6,832,0
865,1437286984,verde,verde,art3miz_0.1,empate,0,-1,100,120,90,1.3333,0.0000,1557,113,1344,100
865,1437286984,verde,vermelho,heuristica,empate,0,-1,100,0,0,0.0000,0.0100,1423,0,1423,0
865,1437286984,verde,azul,reativa,empate,0,-1,100,90,120,0.7500,0.0000,104,4,100,0
866,525821035,vermelho,verde,art3miz_0.1,vermelho,0,-3,53,90,120,0.7500,0.0000,318,84,159,75
866,525821035,vermelho,vermelho,heuristica,vermelho,1,3,53,30,0,30.0000,0.1509,1221,27,1169,25
866,525821035,vermelho,azul,reativa,vermelho,0,-3,53,120,120,1.0000,0.0962,1148,7,1141,0
867,797956592,azul,verde,art3miz_0.1,verde,1,3,41,30,60,0.5000,0.0000,355,51,254,50
867,797956592,azul,vermelho,heuristica,verde,0,-3,41,90,120,0.7500,0.0588,622,102,420,100
867,797956592,azul,azul,reativa,verde,0,-3,41,180,120,1.5000,0.0500,813,11,802,0
868,895959840,verde,verde,art3miz_0.1,empate,0,-1,100,90,120,0.7500,0.1304,319,82,165,72
868,895959840,verde,vermelho,heuristica,empate,0,-1,100,0,0,0.0000,0.0000,2097,37,2060,0
868,895959840,verde,azul,reativa,empate,0,-1,100,120,90,1.3333,0.0100,2028,44,1984,0
869,704269707,vermelho,verde,art3miz_0.1,empate,0,-1,100,70,110,0.6364,0.3000,668,188,307,173
869,704269707,vermelho,vermelho,heuristica,empate,0,-1,100,0,0,0.0000,0.0000,2028,0,2028,0
869,704269707,vermelho,azul,reativa,empate,0,-1,100,110,70,1.5714,0.0600,2024,8,2016,0
870,1136894587,azul,verde,art3miz_0.1,azul,0,-3,23,150,100,1.5000,0.1818,463,131,216,116
870,1136894587,azul,vermelho,heuristica,azul,0,-3,23,70,120,0.5833,0.1818,418,82,261,75
870,1136894587,azul,azul,reativa,azul,1,3,23,30,30,1.0000,0.0000,464,3,461,0
871,94009992,verde,verde,art3miz_0.1,verde,1,3,37,60,60,1.0000,0.0270,334,49,241,44
871,94009992,verde,vermelho,heuristica,verde,0,-3,37,60,120,0.5000,0.0526,613,76,462,75
871,94009992,verde,azul,reativa,verde,0,-3,37,180,120,1.5000,0.0833,749,11,738,0
872,323377721,vermelho,verde,art3miz_0.1,vermelho,0,-3,43,100,120,0.8333,0.1190,777,181,423,173
872,323377721,vermelho,vermelho,heuristica,vermelho,1,3,43,30,0,30.0000,0.0465,1018,28,965,25
872,323377721,vermelho,azul,reativa,vermelho,0,-3,43,90,100,0.9000,0.2778,366,4,362,0
873,1854823995,azul,verde,art3miz_0.1,empate,0,-1,100,60,120,0.5000,0.1250,269,79,115,75
873,1854823995,azul,vermelho,heuristica,empate,0,-1,100,0,0,0.0000,0.0000,1751,0,1751,0
873,1854823995,azul,azul,reativa,empate,0,-1,100,120,60,2.0000,0.0100,1865,7,1858,0
874,1320851921,verde,verde,art3miz_0.1,verde,1,3,29,30,30,1.0000,0.0690,196,27,144,25
874,1320851921,verde,vermelho,heuristica,verde,0,-3,29,150,120,1.2500,0.1071,977,156,672,149
874,1320851921,verde,azul,reativa,verde,0,-3,29,90,120,0.7500,0.0000,457,4,453,0
875,53599161,vermelho,verde,art3miz_0.1,vermelho,0,-3,20,120,120,1.0000,0.2105,482,123,243,116
875,53599161,vermelho,vermelho,heuristica,vermelho,1,3,20,30,0,30.0000,0.0500,526,27,474,25
875,53599161,vermelho,azul,reativa,vermelho,0,-3,20,90,120,0.7500,0.0714,272,5,267,0
876,1714789643,azul,verde,art3miz_0.1,verde,1,3,54,150,90,1.6667,0.0566,616,175,327,114
876,1714789643,azul,vermelho,heuristica,verde,0,-3,54,60,120,0.5000,0.0400,1998,476,1085,437
876,1714789643,azul,azul,reativa,verde,0,-3,54,120,120,1.0000,0.0377,1191,11,1180,0
877,2001167285,verde,verde,art3miz_0.1,vermelho,0,-3,29,120,120,1.0000,0.0690,365,85,206,74
877,2001167285,verde,vermelho,heuristica,vermelho,1,3,29,30,0,30.0000,0.0690,749,26,699,24
877,2001167285,verde,azul,reativa,vermelho,0,-3,29,90,120,0.7500,0.0000,566,4,562,0
878,236604881,vermelho,verde,art3miz_0.1,verde,1,3,17,30,30,1.0000,0.0000,149,28,96,25
878,236604881,vermelho,vermelho,heuristica,verde,0,-3,17,150,120,1.2500,0.0000,629,135,369,125
878,236604881,vermelho,azul,reativa,verde,0,-3,17,90,120,0.7500,0.1111,156,5,151,0
879,836176005,azul,verde,art3miz_0.1,verde,1,3,47,60,30,2.0000,0.0652,394,57,287,50
879,836176005,azul,vermelho,heuristica,verde,0,-3,47,60,120,0.5000,0.1000,404,77,253,74
879,836176005,azul,azul,reativa,verde,0,-3,47,150,120,1.2500,0.1087,982,10,972,0
880,1096791990,verde,verde,art3miz_0.1,azul,0,-3,20,90,120,0.7500,0.0909,284,82,127,75
880,1096791990,verde,vermelho,heuristica,azul,0,-3,20,150,120,1.2500,0.0500,750,132,493,125
880,1096791990,verde,azul,reativa,azul,1,3,20,30,30,1.0000,0.0500,465,2,463,0
881,1331799799,vermelho,verde,art3miz_0.1,azul,0,-3,32,90,120,0.7500,0.3750,249,78,96,75
881,1331799799,vermelho,vermelho,heuristica,azul,0,-3,32,150,120,1.2500,0.0938,1136,170,796,170
881,1331799799,vermelho,azul,reativa,azul,1,3,32,30,30,1.0000,0.0000,730,1,729,0
882,237640937,azul,verde,art3miz_0.1,verde,1,3,23,30,30,1.0000,0.0000,176,26,125,25
882,237640937,azul,vermelho,heuristica,verde,0,-3,23,150,110,1.3636,0.3333,862,176,513,173
882,237640937,azul,azul,reativa,verde,0,-3,23,80,120,0.6667,0.1429,255,7,248,0
883,1455511300,verde,verde,art3miz_0.1,azul,0,-3,49,150,120,1.2500,0.0816,634,136,373,125
883,1455511300,verde,vermelho,heuristica,azul,0,-3,49,90,120,0.7500,0.0000,407,105,202,100
883,1455511300,verde,azul,reativa,azul,1,3,49,30,30,1.0000,0.0000,939,3,936,0
884,1910967048,vermelho,verde,art3miz_0.1,verde,1,3,43,30,30,1.0000,0.0476,273,29,219,25
884,1910967048,vermelho,vermelho,heuristica,verde,0,-3,43,130,120,1.0833,0.2381,1171,159,865,147
884,1910967048,vermelho,azul,reativa,verde,0,-3,43,90,100,0.9000,0.2941,613,6,607,0
885,1277800770,azul,verde,art3miz_0.1,verde,1,3,51,60,60,1.0000,0.0000,671,54,569,48
885,1277800770,azul,vermelho,heuristica,verde,0,-3,51,60,120,0.5000,0.2273,683,92,503,88
885,1277800770,azul,azul,reativa,verde,0,-3,51,180,120,1.5000,0.0800,1057,11,1046,0
886,695659536,verde,verde,art3miz_0.1,verde,1,3,35,30,30,1.0000,0.0000,207,26,156,25
886,695659536,verde,vermelho,heuristica,verde,0,-3,35,150,120,1.2500,0.0294,1245,213,821,211
886,695659536,verde,azul,reativa,verde,0,-3,35,90,120,0.7500,0.1667,389,5,384,0
887,2127157764,vermelho,verde,art3miz_0.1,verde,1,3,15,30,0,30.0000,0.1429,70,2,68,0
887,2127157764,vermelho,vermelho,heuristica,verde,0,-3,15,90,120,0.7500,0.1667,481,98,288,95
887,2127157764,vermelho,azul,reativa,verde,0,-3,15,120,120,1.0000,0.0000,239,7,232,0
888,249328386,azul,verde,art3miz_0.1,azul,0,-3,77,90,120,0.7500,0.0370,348,79,194,75
888,249328386,azul,vermelho,heuristica,azul,0,-3,77,150,120,1.2500,0.0789,2040,151,1745,144
888,249328386,azul,azul,reativa,azul,1,3,77,30,30,1.0000,0.0000,1661,3,1658,0
889,832162818,verde,verde,art3miz_0.1,azul,0,-3,36,120,120,1.0000,0.0303,527,139,276,112
889,832162818,verde,vermelho,heuristica,azul,0,-3,36,90,120,0.7500,0.1111,1061,109,840,112
889,832162818,verde,azul,reativa,azul,1,3,36,60,30,2.0000,0.1389,822,5,817,0
890,649770543,vermelho,verde,art3miz_0.1,empate,0,-1,100,0,0,0.0000,0.0202,1227,0,1227,0
890,649770543,vermelho,vermelho,heuristica,empate,0,-1,100,60,120,0.5000,0.0000,412,72,272,68
890,649770543,vermelho,azul,reativa,empate,0,-1,100,120,60,2.0000,0.0600,2316,8,2308,0
891,1075216718,azul,verde,art3miz_0.1,vermelho,0,-3,35,90,120,0.7500,0.0000,295,82,139,74
891,1075216718,azul,vermelho,heuristica,vermelho,1,3,35,30,0,30.0000,0.0294,774,21,734,19
891,1075216718,azul,azul,reativa,vermelho,0,-3,35,120,120,1.0000,0.0294,722,9,713,0
892,1401413882,verde,verde,art3miz_0.1,empate,0,-1,100,50,100,0.5000,0.1579,330,69,199,62
892,1401413882,verde,vermelho,heuristica,empate,0,-1,100,100,50,2.0000,0.0600,2056,122,1852,82
892,1401413882,verde,azul,reativa,empate,0,-1,100,0,0,0.0000,0.0000,2130,34,2096,0
893,1914617522,vermelho,verde,art3miz_0.1,empate,0,-1,100,0,0,0.0000,0.0101,1755,0,1755,0
893,1914617522,vermelho,vermelho,heuristica,empate,0,-1,100,120,90,1.3333,0.0100,2181,123,1945,113
893,1914617522,vermelho,azul,reativa,empate,0,-1,100,90,120,0.7500,0.1111,159,5,154,0
894,1396172170,azul,verde,art3miz_0.1,empate,0,-1,100,0,0,0.0000,0.0000,1621,0,1621,0
894,1396172170,azul,vermelho,heuristica,empate,0,-1,100,90,120,0.7500,0.0667,545,99,353,93
894,1396172170,azul,azul,reativa,empate,0,-1,100,120,90,1.3333,0.0100,1326,9,1317,0
895,147524269,verde,verde,art3miz_0.1,vermelho,0,-3,68,70,100,0.7000,0.2778,284,84,125,75
895,147524269,verde,vermelho,heuristica,vermelho,1,3,68,30,30,1.0000,0.0441,1624,17,1591,16
895,147524269,verde,azul,reativa,vermelho,0,-3,68,130,100,1.3000,0.1343,1514,8,1506,0
896,88215447,vermelho,verde,art3miz_0.1,vermelho,0,-3,23,120,120,1.0000,0.0000,508,117,291,100
896,88215447,vermelho,vermelho,heuristica,vermelho,1,3,23,30,0,30.0000,0.0435,585,28,533,24
896,88215447,vermelho,azul,reativa,vermelho,0,-3,23,90,120,0.7500,0.0000,309,5,304,0
897,1935253783,azul,verde,art3miz_0.1,verde,1,3,15,30,30,1.0000,0.0714,128,28,75,25
897,1935253783,azul,vermelho,heuristica,verde,0,-3,15,130,100,1.3000,0.4615,685,183,327,175
897,1935253783,azul,azul,reativa,verde,0,-3,15,70,100,0.7000,0.6250,114,5,109,0
898,1096714693,verde,verde,art3miz_0.1,azul,0,-3,38,90,120,0.7500,0.1538,302,78,149,75
898,1096714693,verde,vermelho,heuristica,azul,0,-3,38,150,120,1.2500,0.0000,992,147,698,147
898,1096714693,verde,azul,reativa,azul,1,3,38,30,30,1.0000,0.0263,905,2,903,0
899,1895563606,vermelho,verde,art3miz_0.1,vermelho,0,-3,22,120,120,1.0000,0.0952,342,86,181,75
899,1895563606,vermelho,vermelho,heuristica,vermelho,1,3,22,30,0,30.0000,0.0909,560,19,524,17
899,1895563606,vermelho,azul,reativa,vermelho,0,-3,22,90,120,0.7500,0.0000,317,4,313,0
900,767593850,azul,verde,art3miz_0.1,empate,0,-1,100,0,0,0.0000,0.0202,1527,33,1494,0
900,767593850,azul,vermelho,heuristica,empate,0,-1,100,90,120,0.7500,0.0000,531,95,347,89
900,767593850,azul,azul,reativa,empate,0,-1,100,120,90,1.3333,0.0000,2022,40,1982,0
901,1987371659,verde,verde,art3miz_0.1,azul,0,-3,19,150,120,1.2500,0.0000,437,129,189,119
901,1987371659,verde,vermelho,heuristica,azul,0,-3,19,90,120,0.7500,0.3529,571,77,423,71
901,1987371659,verde,azul,reativa,azul,1,3,19,30,30,1.0000,0.0000,454,3,451,0
902,27872805,vermelho,verde,art3miz_0.1,verde,1,3,25,30,60,0.5000,0.0000,405,51,304,50
902,27872805,vermelho,vermelho,heuristica,verde,0,-3,25,90,120,0.7500,0.0000,523,98,325,100
902,27872805,vermelho,azul,reativa,verde,0,-3,25,180,120,1.5000,0.0417,465,12,453,0
903,1123407133,azul,verde,art3miz_0.1,vermelho,0,-3,21,150,120,1.2500,0.0000,490,130,246,114
903,1123407133,azul,vermelho,heuristica,vermelho,1,3,21,30,30,1.0000,0.0500,540,27,488,25
903,1123407133,azul,azul,reativa,vermelho,0,-3,21,90,120,0.7500,0.0000,220,5,215,0
904,1876146646,verde,verde,art3miz_0.1,vermelho,0,-3,20,60,120,0.5000,0.0625,337,80,184,73
904,1876146646,verde,vermelho,heuristica,vermelho,1,3,20,60,30,2.0000,0.0500,561,43,479,39
904,1876146646,verde,azul,reativa,vermelho,0,-3,20,150,120,1.2500,0.0000,358,10,348,0
905,1941871429,vermelho,verde,art3miz_0.1,verde,1,3,66,30,0,30.0000,0.0154,339,30,284,25
905,1941871429,vermelho,vermelho,heuristica,verde,0,-3,66,90,120,0.7500,0.0667,457,58,346,53
905,1941871429,vermelho,azul,reativa,verde,0,-3,66,120,120,1.0000,0.0000,1267,8,1259,0
906,562041356,azul,verde,art3miz_0.1,verde,1,3,90,30,0,30.0000,0.0449,1530,29,1476,25
906,562041356,azul,vermelho,heuristica,verde,0,-3,90,120,120,1.0000,0.0455,2197,101,2002,94
906,562041356,azul,azul,reativa,verde,0,-3,90,90,120,0.7500,0.1000,397,5,392,0
907,1137382925,verde,verde,art3miz_0.1,vermelho,0,-3,39,90,120,0.7500,0.0000,265,84,106,75
907,1137382925,verde,vermelho,heuristica,vermelho,1,3,39,30,60,0.5000,0.0769,977,40,896,41
907,1137382925,verde,azul,reativa,vermelho,0,-3,39,180,120,1.5000,0.1316,768,11,757,0
908,44253473,vermelho,verde,art3miz_0.1,verde,1,3,40,30,0,30.0000,0.0769,227,24,184,19
908,44253473,vermelho,vermelho,heuristica,verde,0,-3,40,90,120,0.7500,0.1176,619,102,417,100
908,44253473,vermelho,azul,reativa,verde,0,-3,40,120,120,1.0000,0.0769,770,9,761,0
909,1560650065,azul,verde,art3miz_0.1,empate,0,-1,100,90,120,0.7500,0.0833,398,86,237,75
909,1560650065,azul,vermelho,heuristica,empate,0,-1,100,0,0,0.0000,0.0000,1507,0,1507,0
909,1560650065,azul,azul,reativa,empate,0,-1,100,120,90,1.3333,0.0400,1701,6,1695,0
910,412950855,verde,verde,art3miz_0.1,empate,0,-1,100,100,80,1.2500,0.2100,994,155,702,137
910,412950855,verde,vermelho,heuristica,empate,0,-1,100,0,0,0.0000,0.0100,1699,0,1699,0
910,412950855,verde,azul,reativa,empate,0,-1,100,80,100,0.8000,0.6154,223,7,216,0
911,607510251,vermelho,verde,art3miz_0.1,azul,0,-3,53,120,120,1.0000,0.0385,514,105,310,99
911,607510251,vermelho,vermelho,heuristica,azul,0,-3,53,90,120,0.7500,0.0000,1091,78,939,74
911,607510251,vermelho,azul,reativa,azul,1,3,53,30,0,30.0000,0.0189,1176,2,1174,0
912,1238126236,azul,verde,art3miz_0.1,vermelho,0,-3,23,150,120,1.2500,0.0909,494,135,239,120
912,1238126236,azul,vermelho,heuristica,vermelho,1,3,23,30,30,1.0000,0.0909,618,65,482,71
912,1238126236,azul,azul,reativa,vermelho,0,-3,23,90,120,0.7500,0.0000,178,5,173,0
913,1121641946,verde,verde,art3miz_0.1,azul,0,-3,34,120,120,1.0000,0.0588,635,128,383,124
913,1121641946,verde,vermelho,heuristica,azul,0,-3,34,90,120,0.7500,0.0000,407,104,204,99
913,1121641946,verde,azul,reativa,azul,1,3,34,30,0,30.0000,0.0882,776,3,773,0
914,420667202,vermelho,verde,art3miz_0.1,vermelho,0,-3,87,90,120,0.7500,0.0000,217,69,87,61
914,420667202,vermelho,vermelho,heuristica,vermelho,1,3,87,30,60,0.5000,0.0460,2065,32,2001,32
914,420667202,vermelho,azul,reativa,vermelho,0,-3,87,180,120,1.5000,0.0000,1644,11,1633,0
915,1568625357,azul,verde,art3miz_0.1,azul,0,-3,91,30,110,0.2727,0.0602,541,56,438,47
915,1568625357,azul,vermelho,heuristica,azul,0,-3,91,110,120,0.9167,0.0444,1913,203,1577,133
915,1568625357,azul,azul,reativa,azul,1,3,91,150,60,2.5000,0.0220,1832,54,1778,0
916,988698174,verde,verde,art3miz_0.1,vermelho,0,-3,50,90,120,0.7500,0.2000,473,137,212,124
916,988698174,verde,vermelho,heuristica,vermelho,1,3,50,30,30,1.0000,0.0000,1037,45,950,42
916,988698174,verde,azul,reativa,vermelho,0,-3,50,150,120,1.2500,0.0612,1055,11,1044,0
917,1920469873,vermelho,verde,art3miz_0.1,empate,0,-1,100,0,0,0.0000,0.0404,1293,0,1293,0
917,1920469873,vermelho,vermelho,heuristica,empate,0,-1,100,90,120,0.7500,0.1304,712,85,549,78
917,1920469873,vermelho,azul,reativa,empate,0,-1,100,120,90,1.3333,0.0300,1869,7,1862,0
918,427165887,azul,verde,art3miz_0.1,azul,0,-3,34,90,120,0.7500,0.0000,278,77,129,72
918,427165887,azul,vermelho,heuristica,azul,0,-3,34,150,120,1.2500,0.0303,990,119,759,112
918,427165887,azul,azul,reativa,azul,1,3,34,30,30,1.0000,0.0000,539,3,536,0
919,1734036530,verde,verde,art3miz_0.1,azul,0,-3,27,90,120,0.7500,0.0625,272,78,119,75
919,1734036530,verde,vermelho,heuristica,azul,0,-3,27,120,120,1.0000,0.0000,861,105,656,100
919,1734036530,verde,azul,reativa,azul,1,3,27,30,0,30.0000,0.0000,634,2,632,0
920,1207230511,vermelho,verde,art3miz_0.1,azul,0,-3,29,120,120,1.0000,0.1071,634,135,374,125
920,1207230511,vermelho,vermelho,heuristica,azul,0,-3,29,90,120,0.7500,0.2000,562,105,357,100
920,1207230511,vermelho,azul,reativa,azul,1,3,29,30,0,30.0000,0.2414,614,3,611,0
921,107751489,azul,verde,art3miz_0.1,vermelho,0,-3,21,120,120,1.0000,0.0000,452,113,240,99
921,107751489,azul,vermelho,heuristica,vermelho,1,3,21,30,0,30.0000,0.1000,503,25,455,23
921,107751489,azul,azul,reativa,vermelho,0,-3,21,90,120,0.7500,0.0000,277,3,274,0
922,66732485,verde,verde,art3miz_0.1,vermelho,0,-3,23,150,120,1.2500,0.0000,396,102,206,88
922,66732485,verde,vermelho,heuristica,vermelho,1,3,23,30,30,1.0000,0.0435,615,25,567,23
922,66732485,verde,azul,reativa,vermelho,0,-3,23,90,120,0.7500,0.0000,121,5,116,0
923,18312935,vermelho,verde,art3miz_0.1,verde,1,3,27,30,0,30.0000,0.0769,190,21,151,18
923,18312935,vermelho,vermelho,heuristica,verde,0,-3,27,90,120,0.7500,0.0000,592,58,481,53
923,18312935,vermelho,azul,reativa,verde,0,-3,27,120,120,1.0000,0.0000,504,8,496,0
924,1367906468,azul,verde,art3miz_0.1,vermelho,0,-3,28,90,120,0.7500,0.0000,268,85,108,75
924,1367906468,azul,vermelho,heuristica,vermelho,1,3,28,30,90,0.3333,0.0741,760,66,622,72
924,1367906468,azul,azul,reativa,vermelho,0,-3,28,210,120,1.7500,0.0000,504,14,490,0
925,1533422519,verde,verde,art3miz_0.1,azul,0,-3,63,90,120,0.7500,0.0000,367,80,212,75
925,1533422519,verde,vermelho,heuristica,azul,0,-3,63,150,120,1.2500,0.0635,1828,143,1535,150
925,1533422519,verde,azul,reativa,azul,1,3,63,30,30,1.0000,0.0159,1209,3,1206,0
926,372069853,vermelho,verde,art3miz_0.1,azul,0,-3,34,90,120,0.7500,0.0000,260,80,105,75
926,372069853,vermelho,vermelho,heuristica,azul,0,-3,34,150,120,1.2500,0.0882,1052,131,799,122
926,372069853,vermelho,azul,reativa,azul,1,3,34,30,30,1.0000,0.0882,783,4,779,0
927,778134302,azul,verde,art3miz_0.1,empate,0,-1,100,120,90,1.3333,0.0505,859,77,732,50
927,778134302,azul,vermelho,heuristica,empate,0,-1,100,0,0,0.0000,0.0000,2001,16,1985,0
927,778134302,azul,azul,reativa,empate,0,-1,100,90,120,0.7500,0.0286,1268,21,1247,0
928,1831905812,verde,verde,art3miz_0.1,empate,0,-1,100,90,120,0.7500,0.1333,263,76,116,71
928,1831905812,verde,vermelho,heuristica,empate,0,-1,100,120,90,1.3333,0.0000,1510,90,1335,85
928,1831905812,verde,azul,reativa,empate,0,-1,100,0,0,0.0000,0.0000,1650,0,1650,0
929,991318533,vermelho,verde,art3miz_0.1,azul,0,-3,40,90,120,0.7500,0.0833,264,80,110,74
929,991318533,vermelho,vermelho,heuristica,azul,0,-3,40,120,120,1.0000,0.0750,1189,106,984,99
929,991318533,vermelho,azul,reativa,azul,1,3,40,30,0,30.0000,0.0500,943,2,941,0
930,1706283989,azul,verde,art3miz_0.1,azul,0,-3,17,120,120,1.0000,0.1250,430,136,196,98
930,1706283989,azul,vermelho,heuristica,azul,0,-3,17,90,120,0.7500,0.0667,531,80,377,74
930,1706283989,azul,azul,reativa,azul,1,3,17,60,30,2.0000,0.1176,382,9,373,0
931,1594119628,verde,verde,art3miz_0.1,verde,1,3,47,50,50,1.0000,0.2128,436,81,283,72
931,1594119628,verde,vermelho,heuristica,verde,0,-3,47,60,120,0.5000,0.0000,551,74,406,71
931,1594119628,verde,azul,reativa,verde,0,-3,47,170,110,1.5455,0.1739,986,13,973,0
932,1114523884,vermelho,verde,art3miz_0.1,verde,1,3,17,30,30,1.0000,0.0625,104,20,67,17
932,1114523884,vermelho,vermelho,heuristica,verde,0,-3,17,90,120,0.7500,0.0000,488,121,246,121
932,1114523884,vermelho,azul,reativa,verde,0,-3,17,150,120,1.2500,0.0625,260,9,251,0
933,422079920,azul,verde,art3miz_0.1,empate,0,-1,100,30,120,0.2500,0.5000,244,82,87,75
933,422079920,azul,vermelho,heuristica,empate,0,-1,100,120,60,2.0000,0.1414,2866,259,2357,250
933,422079920,azul,azul,reativa,empate,0,-1,100,30,0,30.0000,0.0200,2263,3,2260,0
934,1042459231,verde,verde,art3miz_0.1,vermelho,0,-3,35,150,100,1.5000,0.1714,796,147,530,119
934,1042459231,verde,vermelho,heuristica,vermelho,1,3,35,10,30,0.3333,0.0286,771,35,713,23
934,1042459231,verde,azul,reativa,vermelho,0,-3,35,90,120,0.7500,0.0714,606,6,600,0
935,712723097,vermelho,verde,art3miz_0.1,empate,0,-1,100,120,90,1.3333,0.7475,3134,595,1739,800
935,712723097,vermelho,vermelho,heuristica,empate,0,-1,100,90,120,0.7500,0.1111,536,70,400,66
935,712723097,vermelho,azul,reativa,empate,0,-1,100,0,0,0.0000,0.0000,2536,0,2536,0
936,1168590347,azul,verde,art3miz_0.1,empate,0,-1,100,90,120,0.7500,0.0000,260,72,122,66
936,1168590347,azul,vermelho,heuristica,empate,0,-1,100,120,90,1.3333,0.0303,2205,117,1980,108
936,1168590347,azul,azul,reativa,empate,0,-1,100,0,0,0.0000,0.0000,1664,0,1664,0
937,1071684288,verde,verde,art3miz_0.1,verde,1,3,45,60,10,6.0000,0.1333,590,112,378,100
937,1071684288,verde,vermelho,heuristica,verde,0,-3,45,60,120,0.5000,0.0000,579,50,481,48
937,1071684288,verde,azul,reativa,verde,0,-3,45,130,120,1.0833,0.0909,945,8,937,0
938,538693465,vermelho,verde,art3miz_0.1,azul,0,-3,76,90,120,0.7500,0.0000,323,73,182,68
938,538693465,vermelho,vermelho,heuristica,azul,0,-3,76,150,120,1.2500,0.0658,2187,187,1814,186
938,538693465,vermelho,azul,reativa,azul,1,3,76,30,30,1.0000,0.0395,1603,3,1600,0
939,1540251139,azul,verde,art3miz_0.1,azul,0,-3,29,90,120,0.7500,0.0000,251,75,104,72
939,1540251139,azul,vermelho,heuristica,azul,0,-3,29,150,120,1.2500,0.2143,1018,178,670,170
939,1540251139,azul,azul,reativa,azul,1,3,29,30,30,1.0000,0.1034,680,4,676,0
940,1431387882,verde,verde,art3miz_0.1,azul,0,-3,65,130,110,1.1818,0.1077,785,161,475,149
940,1431387882,verde,vermelho,heuristica,azul,0,-3,65,50,100,0.5000,0.2857,549,102,347,100
940,1431387882,verde,azul,reativa,azul,1,3,65,60,30,2.0000,0.0308,1483,4,1479,0
941,1385593444,vermelho,verde,art3miz_0.1,verde,1,3,13,30,0,30.0000,0.0000,109,25,62,22
941,1385593444,vermelho,vermelho,heuristica,verde,0,-3,13,90,120,0.7500,0.1111,375,81,221,73
941,1385593444,vermelho,azul,reativa,verde,0,-3,13,120,120,1.0000,0.0833,196,7,189,0
942,602949509,azul,verde,art3miz_0.1,azul,0,-3,21,150,120,1.2500,0.0000,548,141,269,138
942,602949509,azul,vermelho,heuristica,azul,0,-3,21,90,120,0.7500,0.0000,460,97,270,93
942,602949509,azul,azul,reativa,azul,1,3,21,30,30,1.0000,0.0000,508,1,507,0
943,129881148,verde,verde,art3miz_0.1,vermelho,0,-3,23,90,120,0.7500,0.0000,275,84,116,75
943,129881148,verde,vermelho,heuristica,vermelho,1,3,23,30,0,30.0000,0.0435,613,48,523,42
943,129881148,verde,azul,reativa,vermelho,0,-3,23,120,120,1.0000,0.0455,446,6,440,0
944,988129515,vermelho,verde,art3miz_0.1,empate,0,-1,100,0,0,0.0000,0.3535,1544,34,1510,0
944,988129515,vermelho,vermelho,heuristica,empate,0,-1,100,120,90,1.3333,0.0200,2266,139,2029,98
944,988129515,vermelho,azul,reativa,empate,0,-1,100,90,120,0.7500,0.0000,278,6,272,0
945,240535048,azul,verde,art3miz_0.1,verde,1,3,24,30,30,1.0000,0.0000,144,25,97,22
945,240535048,azul,vermelho,heuristica,verde,0,-3,24,150,120,1.2500,0.1364,805,132,551,122
945,240535048,azul,azul,reativa,verde,0,-3,24,90,120,0.7500,0.0000,157,4,153,0
946,1570706326,verde,verde,art3miz_0.1,azul,0,-3,59,120,120,1.0000,0.0508,912,153,620,139
946,1570706326,verde,vermelho,heuristica,azul,0,-3,59,90,120,0.7500,0.0870,761,111,535,115
946,1570706326,verde,azul,reativa,azul,1,3,59,30,0,30.0000,0.0000,833,3,830,0
947,507421364,vermelho,verde,art3miz_0.1,azul,0,-3,29,90,120,0.7500,0.1429,245,80,90,75
947,507421364,vermelho,vermelho,heuristica,azul,0,-3,29,150,120,1.2500,0.0690,968,130,715,123
947,507421364,vermelho,azul,reativa,azul,1,3,29,30,30,1.0000,0.0690,683,2,681,0
948,1685667609,azul,verde,art3miz_0.1,azul,0,-3,25,120,120,1.0000,0.0833,556,130,301,125
948,1685667609,azul,vermelho,heuristica,azul,0,-3,25,90,120,0.7500,0.1333,585,104,381,100
948,1685667609,azul,azul,reativa,azul,1,3,25,30,0,30.0000,0.0800,439,2,437,0
949,705769209,verde,verde,art3miz_0.1,empate,0,-1,100,0,0,0.0000,0.4300,1735,39,1696,0
949,705769209,verde,vermelho,heuristica,empate,0,-1,100,120,90,1.3333,0.0200,2297,141,2063,93
949,705769209,verde,azul,reativa,empate,0,-1,100,90,120,0.7500,0.0625,295,6,289,0
950,504911631,vermelho,verde,art3miz_0.1,azul,0,-3,74,120,120,1.0000,0.0411,851,123,603,125
950,504911631,vermelho,vermelho,heuristica,azul,0,-3,74,90,120,0.7500,0.0000,518,89,341,88
950,504911631,vermelho,azul,reativa,azul,1,3,74,30,0,30.0000,0.0676,1307,4,1303,0
951,797430198,azul,verde,art3miz_0.1,vermelho,0,-3,15,90,120,0.7500,0.0000,263,84,104,75
951,797430198,azul,vermelho,heuristica,vermelho,1,3,15,30,0,30.0000,0.2143,428,49,329,50
951,797430198,azul,azul,reativa,vermelho,0,-3,15,120,120,1.0000,0.0714,252,7,245,0
952,1256198830,verde,verde,art3miz_0.1,verde,1,3,25,30,30,1.0000,0.0800,159,26,108,25
952,1256198830,verde,vermelho,heuristica,verde,0,-3,25,150,120,1.2500,0.1250,961,211,576,174
952,1256198830,verde,azul,reativa,verde,0,-3,25,90,120,0.7500,0.0556,365,7,358,0
953,1625466238,vermelho,verde,art3miz_0.1,vermelho,0,-3,35,90,120,0.7500,0.0000,316,83,158,75
953,1625466238,vermelho,vermelho,heuristica,vermelho,1,3,35,30,0,30.0000,0.0286,904,53,801,50
953,1625466238,vermelho,azul,reativa,vermelho,0,-3,35,120,120,1.0000,0.0588,759,7,752,0
954,270764059,azul,verde,art3miz_0.1,verde,1,3,59,30,30,1.0000,0.0000,1005,26,954,25
954,270764059,azul,vermelho,heuristica,verde,0,-3,59,150,120,1.2500,0.0351,1533,148,1239,146
954,270764059,azul,azul,reativa,verde,0,-3,59,90,120,0.7500,0.0476,448,4,444,0
955,466416347,verde,verde,art3miz_0.1,azul,0,-3,26,80,120,0.6667,0.0667,339,147,117,75
955,466416347,verde,vermelho,heuristica,azul,0,-3,26,140,100,1.4000,0.2692,973,184,640,149
955,466416347,verde,azul,reativa,azul,1,3,26,20,20,1.0000,0.2308,630,4,626,0
956,164930889,vermelho,verde,art3miz_0.1,verde,1,3,45,30,30,1.0000,0.0909,244,26,193,25
956,164930889,vermelho,vermelho,heuristica,verde,0,-3,45,150,120,1.2500,0.3182,1307,177,958,172
956,164930889,vermelho,azul,reativa,verde,0,-3,45,90,120,0.7500,0.0000,416,6,410,0
957,657063490,azul,verde,art3miz_0.1,verde,1,3,64,90,90,1.0000,0.0476,483,84,324,75
957,657063490,azul,vermelho,heuristica,verde,0,-3,64,30,120,0.2500,0.1250,624,72,483,69
957,657063490,azul,azul,reativa,verde,0,-3,64,210,120,1.7500,0.0952,1233,13,1220,0
958,925743247,verde,verde,art3miz_0.1,verde,1,3,32,60,60,1.0000,0.0938,272,55,168,49
958,925743247,verde,vermelho,heuristica,verde,0,-3,32,60,120,0.5000,0.0000,291,69,148,74
958,925743247,verde,azul,reativa,verde,0,-3,32,180,120,1.5000,0.0323,498,12,486,0
959,1712549161,vermelho,verde,art3miz_0.1,azul,0,-3,26,120,120,1.0000,0.0400,652,151,354,147
959,1712549161,vermelho,vermelho,heuristica,azul,0,-3,26,90,120,0.7500,0.0000,516,79,362,75
959,1712549161,vermelho,azul,reativa,azul,1,3,26,30,0,30.0000,0.0385,556,2,554,0
960,1225043013,azul,verde,art3miz_0.1,vermelho,0,-3,20,120,100,1.2000,0.1053,407,111,198,98
960,1225043013,azul,vermelho,heuristica,vermelho,1,3,20,10,0,10.0000,0.1053,465,21,425,19
960,1225043013,azul,azul,reativa,vermelho,0,-3,20,90,120,0.7500,0.0000,204,4,200,0
961,941576731,verde,verde,art3miz_0.1,verde,1,3,37,30,30,1.0000,0.0541,570,22,530,18
961,941576731,verde,vermelho,heuristica,verde,0,-3,37,90,120,0.7500,0.0625,572,104,370,98
961,941576731,verde,azul,reativa,verde,0,-3,37,150,120,1.2500,0.1389,782,11,771,0
962,1506476993,vermelho,verde,art3miz_0.1,vermelho,0,-3,25,150,120,1.2500,0.0000,510,125,278,107
962,1506476993,vermelho,vermelho,heuristica,vermelho,1,3,25,30,30,1.0000,0.0000,659,28,606,25
962,1506476993,vermelho,azul,reativa,vermelho,0,-3,25,90,120,0.7500,0.0000,284,4,280,0
963,1059674389,azul,verde,art3miz_0.1,vermelho,0,-3,23,120,120,1.0000,0.0000,346,87,184,75
963,1059674389,azul,vermelho,heuristica,vermelho,1,3,23,30,0,30.0000,0.0000,581,27,529,25
963,1059674389,azul,azul,reativa,vermelho,0,-3,23,90,120,0.7500,0.0000,236,5,231,0
964,629443526,verde,verde,art3miz_0.1,azul,0,-3,88,90,120,0.7500,0.0000,255,80,100,75
964,629443526,verde,vermelho,heuristica,azul,0,-3,88,120,120,1.0000,0.0682,2306,105,2101,100
964,629443526,verde,azul,reativa,azul,1,3,88,30,0,30.0000,0.0682,1966,2,1964,0
965,1269805790,vermelho,verde,art3miz_0.1,verde,1,3,34,30,30,1.0000,0.0606,281,29,227,25
965,1269805790,vermelho,vermelho,heuristica,verde,0,-3,34,150,120,1.2500,0.0303,1069,171,739,159
965,1269805790,vermelho,azul,reativa,verde,0,-3,34,90,120,0.7500,0.0455,468,6,462,0
966,1317036416,azul,verde,art3miz_0.1,azul,0,-3,35,150,110,1.3636,0.2647,629,133,379,117
966,1317036416,azul,vermelho,heuristica,azul,0,-3,35,80,120,0.6667,0.4000,682,158,371,153
966,1317036416,azul,azul,reativa,azul,1,3,35,30,30,1.0000,0.0571,812,2,810,0
967,558950948,verde,verde,art3miz_0.1,empate,0,-1,100,90,120,0.7500,0.0000,259,84,100,75
967,558950948,verde,vermelho,heuristica,empate,0,-1,100,0,0,0.0000,0.0100,1934,31,1878,25
967,558950948,verde,azul,reativa,empate,0,-1,100,120,90,1.3333,0.0000,2486,6,2480,0
968,136670000,vermelho,verde,art3miz_0.1,azul,0,-3,44,90,120,0.7500,0.0000,243,71,107,65
968,136670000,vermelho,vermelho,heuristica,azul,0,-3,44,120,120,1.0000,0.0227,1186,95,1002,89
968,136670000,vermelho,azul,reativa,azul,1,3,44,30,0,30.0000,0.0227,919,2,917,0
969,127806416,azul,verde,art3miz_0.1,vermelho,0,-3,39,90,120,0.7500,0.0625,410,86,249,75
969,127806416,azul,vermelho,heuristica,vermelho,1,3,39,30,0,30.0000,0.0789,997,43,913,41
969,127806416,azul,azul,reativa,vermelho,0,-3,39,120,120,1.0000,0.0263,834,7,827,0
970,1770472552,verde,verde,art3miz_0.1,empate,0,-1,100,0,0,0.0000,0.0200,1074,0,1074,0
970,1770472552,verde,vermelho,heuristica,empate,0,-1,100,90,120,0.7500,0.1053,942,58,831,53
970,1770472552,verde,azul,reativa,empate,0,-1,100,120,90,1.3333,0.0300,2067,7,2060,0
971,1221341580,vermelho,verde,art3miz_0.1,empate,0,-1,100,0,0,0.0000,0.0606,391,0,391,0
971,1221341580,vermelho,vermelho,heuristica,empate,0,-1,100,30,120,0.2500,0.3333,723,96,527,100
971,1221341580,vermelho,azul,reativa,empate,0,-1,100,120,30,4.0000,0.0600,1773,11,1762,0
972,510847089,azul,verde,art3miz_0.1,vermelho,0,-3,42,120,120,1.0000,0.0244,549,114,335,100
972,510847089,azul,vermelho,heuristica,vermelho,1,3,42,30,0,30.0000,0.0244,1044,27,993,24
972,510847089,azul,azul,reativa,vermelho,0,-3,42,90,120,0.7500,0.0000,387,4,383,0
973,1692598265,verde,verde,art3miz_0.1,empate,0,-1,100,120,90,1.3333,0.0500,2032,148,1788,96
973,1692598265,verde,vermelho,heuristica,empate,0,-1,100,90,120,0.7500,0.0000,649,84,493,72
973,1692598265,verde,azul,reativa,empate,0,-1,100,0,0,0.0000,0.0000,2024,45,1979,0
974,248016053,vermelho,verde,art3miz_0.1,azul,0,-3,22,90,120,0.7500,0.0000,257,77,107,73
974,248016053,vermelho,vermelho,heuristica,azul,0,-3,22,150,120,1.2500,0.0455,827,143,541,143
974,248016053,vermelho,azul,reativa,azul,1,3,22,30,30,1.0000,0.1818,529,1,528,0
975,1909045985,azul,verde,art3miz_0.1,verde,1,3,26,30,30,1.0000,0.0000,322,27,270,25
975,1909045985,azul,vermelho,heuristica,verde,0,-3,26,90,120,0.7500,0.0625,545,100,351,94
975,1909045985,azul,azul,reativa,verde,0,-3,26,150,120,1.2500,0.0800,478,11,467,0
976,887965518,verde,verde,art3miz_0.1,vermelho,0,-3,41,60,120,0.5000,0.0000,348,69,208,71
976,887965518,verde,vermelho,heuristica,vermelho,1,3,41,60,30,2.0000,0.0732,1016,36,948,32
976,887965518,verde,azul,reativa,vermelho,0,-3,41,150,120,1.2500,0.0750,834,8,826,0
977,1357408905,vermelho,verde,art3miz_0.1,empate,0,-1,100,90,120,0.7500,0.0000,262,80,107,75
977,1357408905,vermelho,vermelho,heuristica,empate,0,-1,100,120,90,1.3333,0.0000,1996,105,1791,100
977,1357408905,vermelho,azul,reativa,empate,0,-1,100,0,0,0.0000,0.0000,1549,0,1549,0
978,1611699638,azul,verde,art3miz_0.1,azul,0,-3,20,110,120,0.9167,0.2105,377,134,148,95
978,1611699638,azul,vermelho,heuristica,azul,0,-3,20,90,110,0.8182,0.0556,539,83,385,71
978,1611699638,azul,azul,reativa,azul,1,3,20,30,0,30.0000,0.0000,397,8,389,0
979,1463146029,verde,verde,art3miz_0.1,verde,1,3,13,90,0,90.0000,0.0000,298,126,104,68
979,1463146029,verde,vermelho,heuristica,verde,0,-3,13,60,120,0.5000,0.0000,418,98,252,68
979,1463146029,verde,azul,reativa,verde,0,-3,13,90,120,0.7500,0.0000,227,8,219,0
980,1079783323,vermelho,verde,art3miz_0.1,azul,0,-3,52,120,120,1.0000,0.0000,632,107,427,98
980,1079783323,vermelho,vermelho,heuristica,azul,0,-3,52,90,120,0.7500,0.0000,587,79,435,73
980,1079783323,vermelho,azul,reativa,azul,1,3,52,30,0,30.0000,0.0192,949,2,947,0
981,645188196,azul,verde,art3miz_0.1,azul,0,-3,64,90,120,0.7500,0.1000,255,80,100,75
981,645188196,azul,vermelho,heuristica,azul,0,-3,64,120,120,1.0000,0.0952,1703,130,1448,125
981,645188196,azul,azul,reativa,azul,1,3,64,30,0,30.0000,0.0469,1301,3,1298,0
982,1071560322,verde,verde,art3miz_0.1,azul,0,-3,34,90,120,0.7500,0.0000,376,79,222,75
982,1071560322,verde,vermelho,heuristica,azul,0,-3,34,150,120,1.2500,0.1176,1147,154,843,150
982,1071560322,verde,azul,reativa,azul,1,3,34,30,30,1.0000,0.0000,663,2,661,0
983,997181620,vermelho,verde,art3miz_0.1,azul,0,-3,84,90,120,0.7500,0.0000,229,70,92,67
983,997181620,vermelho,vermelho,heuristica,azul,0,-3,84,120,120,1.0000,0.0119,2070,95,1885,90
983,997181620,vermelho,azul,reativa,azul,1,3,84,30,0,30.0000,0.0476,2018,2,2016,0
984,1255515162,azul,verde,art3miz_0.1,azul,0,-3,23,120,110,1.0909,0.2273,474,82,317,75
984,1255515162,azul,vermelho,heuristica,azul,0,-3,23,80,120,0.6667,0.2667,577,99,378,100
984,1255515162,azul,azul,reativa,azul,1,3,23,30,0,30.0000,0.0000,538,2,536,0
985,836382915,verde,verde,art3miz_0.1,verde,1,3,83,30,30,1.0000,0.0964,390,27,338,25
985,836382915,verde,vermelho,heuristica,verde,0,-3,83,90,120,0.7500,0.0000,455,129,201,125
985,836382915,verde,azul,reativa,verde,0,-3,83,150,120,1.2500,0.0488,1581,8,1573,0
986,347126365,vermelho,verde,art3miz_0.1,empate,0,-1,100,120,90,1.3333,0.0000,1573,148,1327,98
986,347126365,vermelho,vermelho,heuristica,empate,0,-1,100,90,120,0.7500,0.0000,576,97,385,94
986,347126365,vermelho,azul,reativa,empate,0,-1,100,0,0,0.0000,0.0000,2040,41,1999,0
987,1469351021,azul,verde,art3miz_0.1,vermelho,0,-3,31,120,120,1.0000,0.0333,498,122,269,107
987,1469351021,azul,vermelho,heuristica,vermelho,1,3,31,30,0,30.0000,0.1000,789,41,701,47
987,1469351021,azul,azul,reativa,vermelho,0,-3,31,90,120,0.7500,0.0000,184,4,180,0
988,2100725222,verde,verde,art3miz_0.1,vermelho,0,-3,40,60,120,0.5000,0.0714,336,81,180,75
988,2100725222,verde,vermelho,heuristica,vermelho,1,3,40,60,60,1.0000,0.0000,649,35,582,32
988,2100725222,verde,azul,reativa,vermelho,0,-3,40,180,120,1.5000,0.0513,805,11,794,0
989,2076863469,vermelho,verde,art3miz_0.1,azul,0,-3,53,90,110,0.8182,0.1250,291,79,137,75
989,2076863469,vermelho,vermelho,heuristica,azul,0,-3,53,140,120,1.1667,0.1132,1508,132,1251,125
989,2076863469,vermelho,azul,reativa,azul,1,3,53,30,30,1.0000,0.0000,1003,3,1000,0
990,1297419198,azul,verde,art3miz_0.1,vermelho,0,-3,36,60,120,0.5000,0.0833,281,79,127,75
990,1297419198,azul,vermelho,heuristica,vermelho,1,3,36,60,30,2.0000,0.2286,863,52,758,53
990,1297419198,azul,azul,reativa,vermelho,0,-3,36,150,120,1.2500,0.0286,719,8,711,0
991,656509197,verde,verde,art3miz_0.1,azul,0,-3,40,120,120,1.0000,0.1000,502,104,302,96
991,656509197,verde,vermelho,heuristica,azul,0,-3,40,90,120,0.7500,0.1000,655,78,503,74
991,656509197,verde,azul,reativa,azul,1,3,40,30,0,30.0000,0.0250,939,2,937,0
992,2086753255,vermelho,verde,art3miz_0.1,empate,0,-1,100,120,90,1.3333,0.0404,720,113,507,100
992,2086753255,vermelho,vermelho,heuristica,empate,0,-1,100,0,0,0.0000,0.0000,1663,0,1663,0
992,2086753255,vermelho,azul,reativa,empate,0,-1,100,90,120,0.7500,0.0000,305,4,301,0
993,1945909570,azul,verde,art3miz_0.1,verde,1,3,41,30,30,1.0000,0.0250,250,28,197,25
993,1945909570,azul,vermelho,heuristica,verde,0,-3,41,90,120,0.7500,0.1538,536,107,329,100
993,1945909570,azul,azul,reativa,verde,0,-3,41,150,120,1.2500,0.0500,859,10,849,0
994,66133690,verde,verde,art3miz_0.1,verde,1,3,34,30,60,0.5000,0.0294,328,53,226,49
994,66133690,verde,vermelho,heuristica,verde,0,-3,34,180,120,1.5000,0.0606,1021,149,713,159
994,66133690,verde,azul,reativa,verde,0,-3,34,90,120,0.7500,0.2727,183,5,178,0
995,1178650548,vermelho,verde,art3miz_0.1,azul,0,-3,32,90,110,0.8182,0.1875,268,78,117,73
995,1178650548,vermelho,vermelho,heuristica,azul,0,-3,32,140,120,1.1667,0.1250,1044,129,792,123
995,1178650548,vermelho,azul,reativa,azul,1,3,32,30,30,1.0000,0.0625,735,2,733,0
996,1356342537,azul,verde,art3miz_0.1,verde,1,3,24,30,30,1.0000,0.5217,357,27,305,25
996,1356342537,azul,vermelho,heuristica,verde,0,-3,24,150,120,1.2500,0.1364,777,149,481,147
996,1356342537,azul,azul,reativa,verde,0,-3,24,90,120,0.7500,0.0000,264,3,261,0
997,1676657438,verde,verde,art3miz_0.1,azul,0,-3,14,120,120,1.0000,0.0000,312,82,155,75
997,1676657438,verde,vermelho,heuristica,azul,0,-3,14,90,120,0.7500,0.0000,301,78,149,74
997,1676657438,verde,azul,reativa,azul,1,3,14,30,0,30.0000,0.0000,313,2,311,0
998,1714985209,vermelho,verde,art3miz_0.1,empate,0,-1,100,0,0,0.0000,0.4444,1823,0,1823,0
998,1714985209,vermelho,vermelho,heuristica,empate,0,-1,100,90,120,0.7500,0.0417,625,59,513,53
998,1714985209,vermelho,azul,reativa,empate,0,-1,100,120,90,1.3333,0.0100,1731,8,1723,0
999,703915436,azul,verde,art3miz_0.1,azul,0,-3,66,150,120,1.2500,0.0769,914,178,562,174
999,703915436,azul,vermelho,heuristica,azul,0,-3,66,90,120,0.7500,0.0000,408,79,254,75
999,703915436,azul,azul,reativa,azul,1,3,66,30,30,1.0000,0.0909,1547,1,1546,0
1000,1215748322,verde,verde,art3miz_0.1,azul,0,-3,27,120,120,1.0000,0.0000,355,80,200,75
1000,1215748322,verde,vermelho,heuristica,azul,0,-3,27,90,120,0.7500,0.0000,477,101,276,100
1000,1215748322,verde,azul,reativa,azul,1,3,27,30,0,30.0000,0.0000,286,2,284,0
