id_simulacao,seed,jogador_inicial,jogador,modelo_ia,vencedor,venceu,pontos,turnos,dano_causado,dano_recebido,damage_ratio,cover_usage,custo_total,custo_los,custo_nodos,custo_acoes
1,438557537,verde,verde,modelo_proposto,azul,0,-3,14,180,120,1.5000,0.0000,491,146,208,137
1,438557537,verde,vermelho,modelo_proposto,azul,0,-3,14,90,120,0.7500,0.1111,223,70,88,65
1,438557537,verde,azul,modelo_proposto,azul,1,3,14,30,60,0.5000,0.1429,194,55,89,50
2,1864560048,vermelho,verde,modelo_proposto,azul,0,-3,12,150,120,1.2500,0.0000,446,198,135,113
2,1864560048,vermelho,vermelho,modelo_proposto,azul,0,-3,12,60,120,0.5000,0.0000,283,98,113,72
2,1864560048,vermelho,azul,modelo_proposto,azul,1,3,12,120,90,1.3333,0.0833,335,99,144,92
3,990947591,azul,verde,modelo_proposto,vermelho,0,-3,16,90,120,0.7500,0.0000,241,73,99,69
3,990947591,azul,vermelho,modelo_proposto,vermelho,1,3,16,30,30,1.0000,0.0667,146,21,105,20
3,990947591,azul,azul,modelo_proposto,vermelho,0,-3,16,150,120,1.2500,0.0000,444,131,196,117
4,980411883,verde,verde,modelo_proposto,azul,0,-3,8,120,120,1.0000,0.1250,365,107,158,100
4,980411883,verde,vermelho,modelo_proposto,azul,0,-3,8,90,120,0.7500,0.0000,260,81,104,75
4,980411883,verde,azul,modelo_proposto,azul,1,3,8,30,0,30.0000,0.0000,83,3,80,0
5,1364875354,vermelho,verde,modelo_proposto,verde,1,3,28,30,30,1.0000,0.0000,371,27,319,25
5,1364875354,vermelho,vermelho,modelo_proposto,verde,0,-3,28,150,120,1.2500,0.0370,587,152,297,138
5,1364875354,vermelho,azul,modelo_proposto,verde,0,-3,28,90,120,0.7500,0.0000,269,79,115,75
6,1247406621,azul,verde,modelo_proposto,verde,1,3,14,30,30,1.0000,0.0000,118,26,67,25
6,1247406621,azul,vermelho,modelo_proposto,verde,0,-3,14,150,120,1.2500,0.0000,462,128,211,123
6,1247406621,azul,azul,modelo_proposto,verde,0,-3,14,90,120,0.7500,0.0000,241,80,86,75
7,271024058,verde,verde,modelo_proposto,azul,0,-3,15,90,120,0.7500,0.0000,342,77,194,71
7,271024058,verde,vermelho,modelo_proposto,azul,0,-3,15,120,120,1.0000,0.0000,464,104,263,97
7,271024058,verde,azul,modelo_proposto,azul,1,3,15,30,0,30.0000,0.0000,104,2,102,0
8,131926194,vermelho,verde,modelo_proposto,verde,1,3,7,30,0,30.0000,0.3333,44,2,42,0
8,131926194,vermelho,vermelho,modelo_proposto,verde,0,-3,7,110,120,0.9167,0.0000,232,72,95,65
8,131926194,vermelho,azul,modelo_proposto,verde,0,-3,7,90,110,0.8182,0.2000,208,70,73,65
9,920297219,azul,verde,modelo_proposto,vermelho,0,-3,13,90,120,0.7500,0.0000,269,100,94,75
9,920297219,azul,vermelho,modelo_proposto,vermelho,1,3,13,30,30,1.0000,0.0000,248,29,194,25
9,920297219,azul,azul,modelo_proposto,vermelho,0,-3,13,150,120,1.2500,0.0000,472,136,211,125
10,820336507,verde,verde,modelo_proposto,verde,1,3,10,30,0,30.0000,0.2000,53,2,51,0
10,820336507,verde,vermelho,modelo_proposto,verde,0,-3,10,120,120,1.0000,0.0000,292,80,137,75
10,820336507,verde,azul,modelo_proposto,verde,0,-3,10,90,120,0.7500,0.0000,238,80,83,75
11,1012562364,vermelho,verde,modelo_proposto,empate,0,-1,100,90,120,0.7500,0.0000,293,74,157,62
11,1012562364,vermelho,vermelho,modelo_proposto,empate,0,-1,100,0,0,0.0000,0.0000,1752,50,1702,0
11,1012562364,vermelho,azul,modelo_proposto,empate,0,-1,100,120,90,1.3333,0.4400,2183,124,1993,66
12,670066924,azul,verde,modelo_proposto,azul,0,-3,10,90,120,0.7500,0.0000,239,79,86,74
12,670066924,azul,vermelho,modelo_proposto,azul,0,-3,10,120,120,1.0000,0.0000,288,79,137,72
12,670066924,azul,azul,modelo_proposto,azul,1,3,10,30,0,30.0000,0.0000,179,31,123,25
13,1549280937,verde,verde,modelo_proposto,verde,1,3,13,20,0,20.0000,0.0769,82,2,80,0
13,1549280937,verde,vermelho,modelo_proposto,verde,0,-3,13,90,120,0.7500,0.0000,210,66,83,61
13,1549280937,verde,azul,modelo_proposto,verde,0,-3,13,120,110,1.0909,0.1667,263,69,130,64
14,1369586799,vermelho,verde,modelo_proposto,verde,1,3,14,30,0,30.0000,0.0000,227,31,171,25
14,1369586799,vermelho,vermelho,modelo_proposto,verde,0,-3,14,120,120,1.0000,0.2308,311,90,137,84
14,1369586799,vermelho,azul,modelo_proposto,verde,0,-3,14,90,120,0.7500,0.0000,212,65,85,62
15,1040301634,azul,verde,modelo_proposto,vermelho,0,-3,14,150,120,1.2500,0.1000,516,179,187,150
15,1040301634,azul,vermelho,modelo_proposto,vermelho,1,3,14,60,60,1.0000,0.2308,506,123,283,100
15,1040301634,azul,azul,modelo_proposto,vermelho,0,-3,14,90,120,0.7500,0.0769,440,187,154,99
16,1790057013,verde,verde,modelo_proposto,vermelho,0,-3,17,100,100,1.0000,0.1176,299,81,144,74
16,1790057013,verde,vermelho,modelo_proposto,vermelho,1,3,17,30,0,30.0000,0.1176,148,29,94,25
16,1790057013,verde,azul,modelo_proposto,vermelho,0,-3,17,70,100,0.7000,0.4000,235,79,82,74
17,1690053831,vermelho,verde,modelo_proposto,verde,1,3,17,30,30,1.0000,0.0000,145,26,94,25
17,1690053831,vermelho,vermelho,modelo_proposto,verde,0,-3,17,130,120,1.0833,0.0625,446,112,223,111
17,1690053831,vermelho,azul,modelo_proposto,verde,0,-3,17,90,100,0.9000,0.4000,223,75,78,70
18,1979693965,azul,verde,modelo_proposto,azul,0,-3,19,90,120,0.7500,0.2941,428,97,270,61
18,1979693965,azul,vermelho,modelo_proposto,azul,0,-3,19,150,120,1.2500,0.0556,441,150,182,109
18,1979693965,azul,azul,modelo_proposto,azul,1,3,19,30,30,1.0000,0.0526,304,38,242,24
19,932576662,verde,verde,modelo_proposto,vermelho,0,-3,18,90,120,0.7500,0.0000,241,80,86,75
19,932576662,verde,vermelho,modelo_proposto,vermelho,1,3,18,30,30,1.0000,0.1667,223,27,171,25
19,932576662,verde,azul,modelo_proposto,vermelho,0,-3,18,150,120,1.2500,0.0000,506,132,250,124
20,855842988,vermelho,verde,modelo_proposto,azul,0,-3,14,120,120,1.0000,0.0000,308,82,151,75
20,855842988,vermelho,vermelho,modelo_proposto,azul,0,-3,14,90,120,0.7500,0.0000,241,80,86,75
20,855842988,vermelho,azul,modelo_proposto,azul,1,3,14,30,0,30.0000,0.0714,143,29,89,25
21,1253956409,azul,verde,modelo_proposto,empate,0,-1,100,0,0,0.0000,0.0000,1011,10,1001,0
21,1253956409,azul,vermelho,modelo_proposto,empate,0,-1,100,90,120,0.7500,0.0714,325,102,138,85
21,1253956409,azul,azul,modelo_proposto,empate,0,-1,100,120,90,1.3333,0.0000,908,98,731,79
22,755744497,verde,verde,modelo_proposto,verde,1,3,9,30,0,30.0000,0.0000,102,4,98,0
22,755744497,verde,vermelho,modelo_proposto,verde,0,-3,9,120,110,1.0909,0.1250,347,101,152,94
22,755744497,verde,azul,modelo_proposto,verde,0,-3,9,80,120,0.6667,0.1667,233,77,84,72
23,1237903098,vermelho,verde,modelo_proposto,azul,0,-3,14,90,120,0.7500,0.0000,362,82,205,75
23,1237903098,vermelho,vermelho,modelo_proposto,azul,0,-3,14,120,120,1.0000,0.1429,586,201,260,125
23,1237903098,vermelho,azul,modelo_proposto,azul,1,3,14,30,0,30.0000,0.0000,331,34,272,25
24,1087965783,azul,verde,modelo_proposto,vermelho,0,-3,11,90,120,0.7500,0.0000,240,80,85,75
24,1087965783,azul,vermelho,modelo_proposto,vermelho,1,3,11,30,0,30.0000,0.1000,200,30,145,25
24,1087965783,azul,azul,modelo_proposto,vermelho,0,-3,11,120,120,1.0000,0.0000,298,82,141,75
25,483723808,verde,verde,modelo_proposto,azul,0,-3,13,90,120,0.7500,0.0000,238,80,83,75
25,483723808,verde,vermelho,modelo_proposto,azul,0,-3,13,150,120,1.2500,0.0000,561,151,260,150
25,483723808,verde,azul,modelo_proposto,azul,1,3,13,30,30,1.0000,0.0000,121,24,74,23
26,242242137,vermelho,verde,modelo_proposto,verde,1,3,14,90,50,1.8000,0.1538,378,78,232,68
26,242242137,vermelho,vermelho,modelo_proposto,verde,0,-3,14,140,120,1.1667,0.4615,501,175,220,106
26,242242137,vermelho,azul,modelo_proposto,verde,0,-3,14,60,120,0.5000,0.0000,232,54,129,49
27,221737212,azul,verde,modelo_proposto,vermelho,0,-3,16,90,120,0.7500,0.0000,235,79,82,74
27,221737212,azul,vermelho,modelo_proposto,vermelho,1,3,16,30,30,1.0000,0.0000,124,20,88,16
27,221737212,azul,azul,modelo_proposto,vermelho,0,-3,16,150,120,1.2500,0.0000,490,144,212,134
28,418463804,verde,verde,modelo_proposto,vermelho,0,-3,8,80,120,0.6667,0.1667,241,80,86,75
28,418463804,verde,vermelho,modelo_proposto,vermelho,1,3,8,30,30,1.0000,0.0000,172,30,117,25
28,418463804,verde,azul,modelo_proposto,vermelho,0,-3,8,150,110,1.3636,0.1429,335,108,129,98
29,435099202,vermelho,verde,modelo_proposto,vermelho,0,-3,24,120,120,1.0000,0.0000,548,108,340,100
29,435099202,vermelho,vermelho,modelo_proposto,vermelho,1,3,24,30,0,30.0000,0.0833,330,30,275,25
29,435099202,vermelho,azul,modelo_proposto,vermelho,0,-3,24,90,120,0.7500,0.0000,238,80,83,75
30,283512082,azul,verde,modelo_proposto,verde,1,3,20,30,30,1.0000,0.0526,277,26,228,23
30,283512082,azul,vermelho,modelo_proposto,verde,0,-3,20,150,120,1.2500,0.0556,499,137,239,123
30,283512082,azul,azul,modelo_proposto,verde,0,-3,20,90,120,0.7500,0.1000,332,97,146,89
31,1645911538,verde,verde,modelo_proposto,empate,0,-1,100,0,0,0.0000,0.0000,1373,0,1373,0
31,1645911538,verde,vermelho,modelo_proposto,empate,0,-1,100,120,90,1.3333,0.0100,2190,92,2013,85
31,1645911538,verde,azul,modelo_proposto,empate,0,-1,100,90,120,0.7500,0.0000,208,66,81,61
32,1490846386,vermelho,verde,modelo_proposto,azul,0,-3,14,90,120,0.7500,0.0833,377,109,171,97
32,1490846386,vermelho,vermelho,modelo_proposto,azul,0,-3,14,120,120,1.0000,0.0714,354,126,137,91
32,1490846386,vermelho,azul,modelo_proposto,azul,1,3,14,90,60,1.5000,0.0000,295,96,131,68
33,321403989,azul,verde,modelo_proposto,azul,0,-3,12,80,120,0.6667,0.1250,250,80,95,75
33,321403989,azul,vermelho,modelo_proposto,azul,0,-3,12,120,110,1.0909,0.2727,364,107,159,98
33,321403989,azul,azul,modelo_proposto,azul,1,3,12,30,0,30.0000,0.0000,163,29,109,25
34,1070087091,verde,verde,modelo_proposto,verde,1,3,13,30,0,30.0000,0.0000,261,33,204,24
34,1070087091,verde,vermelho,modelo_proposto,verde,0,-3,13,90,120,0.7500,0.1000,371,155,141,75
34,1070087091,verde,azul,modelo_proposto,verde,0,-3,13,120,120,1.0000,0.0833,400,107,193,100
35,749808370,vermelho,verde,modelo_proposto,vermelho,0,-3,23,20,100,0.2000,0.3750,292,81,136,75
35,749808370,vermelho,vermelho,modelo_proposto,vermelho,1,3,23,90,40,2.2500,0.0870,399,102,203,94
35,749808370,vermelho,azul,modelo_proposto,vermelho,0,-3,23,140,110,1.2727,0.2727,614,158,310,146
36,310441732,azul,verde,modelo_proposto,verde,1,3,11,30,30,1.0000,0.2000,106,27,55,24
36,310441732,azul,vermelho,modelo_proposto,verde,0,-3,11,90,120,0.7500,0.0000,255,78,103,74
36,310441732,azul,azul,modelo_proposto,verde,0,-3,11,150,120,1.2500,0.0000,447,135,187,125
37,191956606,verde,verde,modelo_proposto,verde,1,3,14,30,0,30.0000,0.1429,146,29,92,25
37,191956606,verde,vermelho,modelo_proposto,verde,0,-3,14,90,120,0.7500,0.0000,241,80,86,75
37,191956606,verde,azul,modelo_proposto,verde,0,-3,14,120,120,1.0000,0.0769,344,83,187,74
38,1692875068,vermelho,verde,modelo_proposto,empate,0,-1,100,120,80,1.5000,0.0303,831,83,673,75
38,1692875068,vermelho,vermelho,modelo_proposto,empate,0,-1,100,80,120,0.6667,0.3333,241,80,86,75
38,1692875068,vermelho,azul,modelo_proposto,empate,0,-1,100,0,0,0.0000,0.0000,1776,2,1774,0
39,724671784,azul,verde,modelo_proposto,azul,0,-3,16,90,120,0.7500,0.1000,247,77,98,72
39,724671784,azul,vermelho,modelo_proposto,azul,0,-3,16,150,120,1.2500,0.0667,402,108,196,98
39,724671784,azul,azul,modelo_proposto,azul,1,3,16,30,30,1.0000,0.0625,120,26,71,23
40,270559481,verde,verde,modelo_proposto,verde,1,3,12,30,0,30.0000,0.0833,66,2,64,0
40,270559481,verde,vermelho,modelo_proposto,verde,0,-3,12,120,120,1.0000,0.0000,461,125,211,125
40,270559481,verde,azul,modelo_proposto,verde,0,-3,12,90,120,0.7500,0.0000,246,80,91,75
41,1328649944,vermelho,verde,modelo_proposto,empate,0,-1,100,0,0,0.0000,0.4444,4107,1102,1993,1012
41,1328649944,vermelho,vermelho,modelo_proposto,empate,0,-1,100,120,90,1.3333,0.0400,854,122,620,112
41,1328649944,vermelho,azul,modelo_proposto,empate,0,-1,100,90,120,0.7500,0.6667,343,119,114,110
42,662329169,azul,verde,modelo_proposto,azul,0,-3,15,150,120,1.2500,0.0000,487,166,199,122
42,662329169,azul,vermelho,modelo_proposto,azul,0,-3,15,90,120,0.7500,0.0000,262,80,107,75
42,662329169,azul,azul,modelo_proposto,azul,1,3,15,30,30,1.0000,0.1333,270,32,213,25
43,1702263910,verde,verde,modelo_proposto,verde,1,3,12,30,0,30.0000,0.2500,184,30,129,25
43,1702263910,verde,vermelho,modelo_proposto,verde,0,-3,12,90,120,0.7500,0.0000,217,70,82,65
43,1702263910,verde,azul,modelo_proposto,verde,0,-3,12,120,120,1.0000,0.0000,264,69,133,62
44,814414449,vermelho,verde,modelo_proposto,vermelho,0,-3,28,150,100,1.5000,0.0370,675,157,368,150
44,814414449,vermelho,vermelho,modelo_proposto,vermelho,1,3,28,10,30,0.3333,0.2500,396,59,287,50
44,814414449,vermelho,azul,modelo_proposto,vermelho,0,-3,28,90,120,0.7500,0.0000,252,80,97,75
45,764225697,azul,verde,modelo_proposto,verde,1,3,18,30,30,1.0000,0.0000,154,26,103,25
45,764225697,azul,vermelho,modelo_proposto,verde,0,-3,18,90,120,0.7500,0.1250,248,80,93,75
45,764225697,azul,azul,modelo_proposto,verde,0,-3,18,150,120,1.2500,0.1176,482,126,231,125
46,464531721,verde,verde,modelo_proposto,verde,1,3,29,30,30,1.0000,0.0000,591,44,522,25
46,464531721,verde,vermelho,modelo_proposto,verde,0,-3,29,90,120,0.7500,0.0000,706,109,533,64
46,464531721,verde,azul,modelo_proposto,verde,0,-3,29,150,120,1.2500,0.0714,494,136,264,94
47,1533946064,vermelho,verde,modelo_proposto,azul,0,-3,10,80,120,0.6667,0.3333,239,79,86,74
47,1533946064,vermelho,vermelho,modelo_proposto,azul,0,-3,10,130,120,1.0833,0.5000,369,110,159,100
47,1533946064,vermelho,azul,modelo_proposto,azul,1,3,10,40,10,4.0000,0.2000,184,54,80,50
48,2021790431,azul,verde,modelo_proposto,verde,1,3,15,30,0,30.0000,0.1429,145,28,92,25
48,2021790431,azul,vermelho,modelo_proposto,verde,0,-3,15,120,120,1.0000,0.0000,434,113,208,113
48,2021790431,azul,azul,modelo_proposto,verde,0,-3,15,90,120,0.7500,0.0000,213,68,82,63
49,1451556886,verde,verde,modelo_proposto,verde,1,3,15,30,30,1.0000,0.0000,143,26,94,23
49,1451556886,verde,vermelho,modelo_proposto,verde,0,-3,15,150,120,1.2500,0.0000,531,146,241,144
49,1451556886,verde,azul,modelo_proposto,verde,0,-3,15,90,120,0.7500,0.0000,262,79,108,75
50,6009790,vermelho,verde,modelo_proposto,azul,0,-3,16,90,100,0.9000,0.1429,405,118,224,63
50,6009790,vermelho,vermelho,modelo_proposto,azul,0,-3,16,90,120,0.7500,0.0625,382,89,234,59
50,6009790,vermelho,azul,modelo_proposto,azul,1,3,16,130,90,1.4444,0.2500,487,154,218,115
51,188280745,azul,verde,modelo_proposto,azul,0,-3,12,110,110,1.0000,0.5455,452,118,218,116
51,188280745,azul,vermelho,modelo_proposto,azul,0,-3,12,90,110,0.8182,0.2000,228,78,79,71
51,188280745,azul,azul,modelo_proposto,azul,1,3,12,20,0,20.0000,0.2500,165,29,111,25
52,349047791,verde,verde,modelo_proposto,verde,1,3,10,30,0,30.0000,0.1000,60,2,58,0
52,349047791,verde,vermelho,modelo_proposto,verde,0,-3,10,90,120,0.7500,0.0000,279,113,93,73
52,349047791,verde,azul,modelo_proposto,verde,0,-3,10,120,120,1.0000,0.0000,343,101,148,94
53,1876708646,vermelho,verde,modelo_proposto,verde,1,3,16,30,30,1.0000,0.0667,161,26,110,25
53,1876708646,vermelho,vermelho,modelo_proposto,verde,0,-3,16,140,120,1.1667,0.2000,478,128,225,125
53,1876708646,vermelho,azul,modelo_proposto,verde,0,-3,16,90,110,0.8182,0.2857,246,82,89,75
54,1152886018,azul,verde,modelo_proposto,vermelho,0,-3,23,90,100,0.9000,0.2000,311,74,193,44
54,1152886018,azul,vermelho,modelo_proposto,vermelho,1,3,23,80,60,1.3333,0.1364,612,137,384,91
54,1152886018,azul,azul,modelo_proposto,vermelho,0,-3,23,90,100,0.9000,0.0909,548,74,411,63
55,1069746520,verde,verde,modelo_proposto,vermelho,0,-3,37,120,110,1.0909,0.1351,417,86,251,80
55,1069746520,verde,vermelho,modelo_proposto,vermelho,1,3,37,30,0,30.0000,0.0270,273,28,220,25
55,1069746520,verde,azul,modelo_proposto,vermelho,0,-3,37,80,120,0.6667,0.4000,222,69,91,62
56,1489974805,vermelho,verde,modelo_proposto,verde,1,3,12,60,30,2.0000,0.2727,165,28,118,19
56,1489974805,vermelho,vermelho,modelo_proposto,verde,0,-3,12,120,120,1.0000,0.0000,290,95,111,84
56,1489974805,vermelho,azul,modelo_proposto,verde,0,-3,12,90,120,0.7500,0.1111,200,67,78,55
57,1198990478,azul,verde,modelo_proposto,azul,0,-3,12,150,120,1.2500,0.0000,519,157,212,150
57,1198990478,azul,vermelho,modelo_proposto,azul,0,-3,12,90,120,0.7500,0.0000,283,79,129,75
57,1198990478,azul,azul,modelo_proposto,azul,1,3,12,30,30,1.0000,0.0833,118,26,67,25
58,1785076888,verde,verde,modelo_proposto,vermelho,0,-3,18,110,110,1.0000,0.1111,415,105,212,98
58,1785076888,verde,vermelho,modelo_proposto,vermelho,1,3,18,30,0,30.0000,0.1111,319,58,211,50
58,1785076888,verde,azul,modelo_proposto,vermelho,0,-3,18,80,110,0.7273,0.1667,336,102,139,95
59,1812608420,vermelho,verde,modelo_proposto,verde,1,3,19,30,30,1.0000,0.0000,169,30,114,25
59,1812608420,vermelho,vermelho,modelo_proposto,verde,0,-3,19,150,120,1.2500,0.0556,480,136,220,124
59,1812608420,vermelho,azul,modelo_proposto,verde,0,-3,19,90,120,0.7500,0.0000,250,80,95,75
60,1494812099,azul,verde,modelo_proposto,vermelho,0,-3,12,70,110,0.6364,0.2000,302,109,119,74
60,1494812099,azul,vermelho,modelo_proposto,vermelho,1,3,12,70,0,70.0000,0.1818,309,110,127,72
60,1494812099,azul,azul,modelo_proposto,vermelho,0,-3,12,70,100,0.7000,0.4545,383,164,145,74
61,624291629,verde,verde,modelo_proposto,azul,0,-3,18,120,120,1.0000,0.1111,500,121,267,112
61,624291629,verde,vermelho,modelo_proposto,azul,0,-3,18,90,120,0.7500,0.1250,223,71,86,66
61,624291629,verde,azul,modelo_proposto,azul,1,3,18,30,0,30.0000,0.0556,246,30,191,25
62,1690688755,vermelho,verde,modelo_proposto,vermelho,0,-3,10,90,120,0.7500,0.1250,340,103,137,100
62,1690688755,vermelho,vermelho,modelo_proposto,vermelho,1,3,10,60,0,60.0000,0.1000,278,86,142,50
62,1690688755,vermelho,azul,modelo_proposto,vermelho,0,-3,10,90,120,0.7500,0.1111,295,81,139,75
63,415855664,azul,verde,modelo_proposto,vermelho,0,-3,9,90,120,0.7500,0.0000,238,80,83,75
63,415855664,azul,vermelho,modelo_proposto,vermelho,1,3,9,30,0,30.0000,0.0000,52,2,50,0
63,415855664,azul,azul,modelo_proposto,vermelho,0,-3,9,120,120,1.0000,0.0000,293,82,136,75
64,1239108435,verde,verde,modelo_proposto,vermelho,0,-3,9,120,120,1.0000,0.0000,282,86,117,79
64,1239108435,verde,vermelho,modelo_proposto,vermelho,1,3,9,30,0,30.0000,0.0000,55,2,53,0
64,1239108435,verde,azul,modelo_proposto,vermelho,0,-3,9,90,120,0.7500,0.0000,217,69,84,64
65,1288729641,vermelho,verde,modelo_proposto,azul,0,-3,19,110,120,0.9167,0.1667,406,103,207,96
65,1288729641,vermelho,vermelho,modelo_proposto,azul,0,-3,19,90,110,0.8182,0.1429,258,77,108,73
65,1288729641,vermelho,azul,modelo_proposto,azul,1,3,19,30,0,30.0000,0.1053,180,29,126,25
66,2109698062,azul,verde,modelo_proposto,vermelho,0,-3,16,120,120,1.0000,0.0000,522,122,278,122
66,2109698062,azul,vermelho,modelo_proposto,vermelho,1,3,16,30,0,30.0000,0.0000,129,29,75,25
66,2109698062,azul,azul,modelo_proposto,vermelho,0,-3,16,90,120,0.7500,0.0000,258,78,106,74
67,1413126415,verde,verde,modelo_proposto,azul,0,-3,24,140,110,1.2727,0.2083,575,162,264,149
67,1413126415,verde,vermelho,modelo_proposto,azul,0,-3,24,80,110,0.7273,0.4000,330,108,122,100
67,1413126415,verde,azul,modelo_proposto,azul,1,3,24,30,30,1.0000,0.1250,236,29,182,25
68,354615157,vermelho,verde,modelo_proposto,azul,0,-3,11,150,120,1.2500,0.0000,371,109,163,99
68,354615157,vermelho,vermelho,modelo_proposto,azul,0,-3,11,90,120,0.7500,0.0000,244,80,89,75
68,354615157,vermelho,azul,modelo_proposto,azul,1,3,11,30,30,1.0000,0.0000,109,25,60,24
69,36093310,azul,verde,modelo_proposto,empate,0,-1,100,0,0,0.0000,0.0000,1940,45,1895,0
69,36093310,azul,vermelho,modelo_proposto,empate,0,-1,100,80,110,0.7273,0.2857,279,78,128,73
69,36093310,azul,azul,modelo_proposto,empate,0,-1,100,110,80,1.3750,0.0200,1980,149,1735,96
70,650929293,verde,verde,modelo_proposto,azul,0,-3,17,150,110,1.3636,0.3529,419,73,282,64
70,650929293,verde,vermelho,modelo_proposto,azul,0,-3,17,80,120,0.6667,0.2500,253,75,112,66
70,650929293,verde,azul,modelo_proposto,azul,1,3,17,80,80,1.0000,0.1176,372,107,196,69
71,1174663146,vermelho,verde,modelo_proposto,vermelho,0,-3,16,90,120,0.7500,0.5000,241,80,86,75
71,1174663146,vermelho,vermelho,modelo_proposto,vermelho,1,3,16,30,0,30.0000,0.2500,147,21,109,17
71,1174663146,vermelho,azul,modelo_proposto,vermelho,0,-3,16,120,120,1.0000,0.0000,318,82,161,75
72,6505178,azul,verde,modelo_proposto,verde,1,3,15,30,30,1.0000,0.0000,123,28,70,25
72,6505178,azul,vermelho,modelo_proposto,verde,0,-3,15,150,120,1.2500,0.0769,454,135,196,123
72,6505178,azul,azul,modelo_proposto,verde,0,-3,15,90,120,0.7500,0.0000,244,80,89,75
73,478834776,verde,verde,modelo_proposto,azul,0,-3,9,70,100,0.7000,0.2857,243,72,103,68
73,478834776,verde,vermelho,modelo_proposto,azul,0,-3,9,130,100,1.3000,0.2222,403,129,155,119
73,478834776,verde,azul,modelo_proposto,azul,1,3,9,30,30,1.0000,0.0000,110,26,59,25
74,466979635,vermelho,verde,modelo_proposto,verde,1,3,12,30,0,30.0000,0.0000,139,29,85,25
74,466979635,vermelho,vermelho,modelo_proposto,verde,0,-3,12,90,120,0.7500,0.0000,268,79,114,75
74,466979635,vermelho,azul,modelo_proposto,verde,0,-3,12,120,120,1.0000,0.0000,371,106,166,99
75,1585602173,azul,verde,modelo_proposto,azul,0,-3,39,90,120,0.7500,0.1111,254,68,125,61
75,1585602173,azul,vermelho,modelo_proposto,azul,0,-3,39,150,120,1.2500,0.0526,702,138,430,134
75,1585602173,azul,azul,modelo_proposto,azul,1,3,39,30,30,1.0000,0.1795,396,28,343,25
76,137830156,verde,verde,modelo_proposto,azul,0,-3,22,120,120,1.0000,0.0455,507,103,305,99
76,137830156,verde,vermelho,modelo_proposto,azul,0,-3,22,90,120,0.7500,0.0000,238,80,83,75
76,137830156,verde,azul,modelo_proposto,azul,1,3,22,30,0,30.0000,0.0000,281,32,224,25
77,295121870,vermelho,verde,modelo_proposto,vermelho,0,-3,22,130,120,1.0833,0.0476,460,134,203,123
77,295121870,vermelho,vermelho,modelo_proposto,vermelho,1,3,22,30,10,3.0000,0.0909,237,29,183,25
77,295121870,vermelho,azul,modelo_proposto,vermelho,0,-3,22,90,120,0.7500,0.0000,303,81,148,74
78,1568756219,azul,verde,modelo_proposto,azul,0,-3,32,90,110,0.8182,0.0333,591,63,473,55
78,1568756219,azul,vermelho,modelo_proposto,azul,0,-3,32,110,120,0.9167,0.0645,455,128,238,89
78,1568756219,azul,azul,modelo_proposto,azul,1,3,32,60,30,2.0000,0.0313,556,90,418,48
79,863086835,verde,verde,modelo_proposto,vermelho,0,-3,22,90,120,0.7500,0.0000,249,80,94,75
79,863086835,verde,vermelho,modelo_proposto,vermelho,1,3,22,30,30,1.0000,0.0909,281,30,226,25
79,863086835,verde,azul,modelo_proposto,vermelho,0,-3,22,150,120,1.2500,0.0476,662,158,354,150
80,881860485,vermelho,verde,modelo_proposto,vermelho,0,-3,17,150,120,1.2500,0.0625,457,124,212,121
80,881860485,vermelho,vermelho,modelo_proposto,vermelho,1,3,17,30,30,1.0000,0.2941,153,26,102,25
80,881860485,vermelho,azul,modelo_proposto,vermelho,0,-3,17,90,120,0.7500,0.0000,240,80,85,75
81,866620601,azul,verde,modelo_proposto,verde,1,3,15,30,30,1.0000,0.0714,149,28,96,25
81,866620601,azul,vermelho,modelo_proposto,verde,0,-3,15,90,120,0.7500,0.0000,241,80,86,75
81,866620601,azul,azul,modelo_proposto,verde,0,-3,15,150,120,1.2500,0.0000,503,133,245,125
82,1809070958,verde,verde,modelo_proposto,azul,0,-3,13,120,120,1.0000,0.0000,564,186,240,138
82,1809070958,verde,vermelho,modelo_proposto,azul,0,-3,13,90,120,0.7500,0.0000,266,118,82,66
82,1809070958,verde,azul,modelo_proposto,azul,1,3,13,30,0,30.0000,0.0769,194,42,116,36
83,389192010,vermelho,verde,modelo_proposto,azul,0,-3,28,180,120,1.5000,0.0741,519,136,260,123
83,389192010,vermelho,vermelho,modelo_proposto,azul,0,-3,28,90,120,0.7500,0.0000,259,80,104,75
83,389192010,vermelho,azul,modelo_proposto,azul,1,3,28,30,60,0.5000,0.2143,321,52,220,49
84,500570754,azul,verde,modelo_proposto,azul,0,-3,12,150,120,1.2500,0.0000,373,110,164,99
84,500570754,azul,vermelho,modelo_proposto,azul,0,-3,12,90,120,0.7500,0.0000,235,79,82,74
84,500570754,azul,azul,modelo_proposto,azul,1,3,12,30,30,1.0000,0.0000,178,27,126,25
85,1712353937,verde,verde,modelo_proposto,verde,1,3,13,30,0,30.0000,0.0000,167,30,112,25
85,1712353937,verde,vermelho,modelo_proposto,verde,0,-3,13,90,120,0.7500,0.0000,321,93,144,84
85,1712353937,verde,azul,modelo_proposto,verde,0,-3,13,120,120,1.0000,0.0000,334,97,149,88
86,391319897,vermelho,verde,modelo_proposto,vermelho,0,-3,27,90,120,0.7500,0.0000,225,68,92,65
86,391319897,vermelho,vermelho,modelo_proposto,vermelho,1,3,27,30,0,30.0000,0.0370,317,29,263,25
86,391319897,vermelho,azul,modelo_proposto,vermelho,0,-3,27,120,120,1.0000,0.0385,522,118,293,111
87,136589075,azul,verde,modelo_proposto,verde,1,3,11,30,0,30.0000,0.0000,85,2,83,0
87,136589075,azul,vermelho,modelo_proposto,verde,0,-3,11,90,120,0.7500,0.0000,242,80,87,75
87,136589075,azul,azul,modelo_proposto,verde,0,-3,11,120,120,1.0000,0.2000,454,125,204,125
88,516443035,verde,verde,modelo_proposto,azul,0,-3,7,120,120,1.0000,0.0000,290,82,133,75
88,516443035,verde,vermelho,modelo_proposto,azul,0,-3,7,90,120,0.7500,0.0000,234,80,79,75
88,516443035,verde,azul,modelo_proposto,azul,1,3,7,30,0,30.0000,0.1429,50,2,48,0
89,1231568109,vermelho,verde,modelo_proposto,azul,0,-3,7,90,120,0.7500,0.0000,234,80,79,75
89,1231568109,vermelho,vermelho,modelo_proposto,azul,0,-3,7,120,120,1.0000,0.0000,290,82,133,75
89,1231568109,vermelho,azul,modelo_proposto,azul,1,3,7,30,0,30.0000,0.0000,110,26,62,22
90,234389638,azul,verde,modelo_proposto,verde,1,3,15,30,30,1.0000,0.0714,143,28,90,25
90,234389638,azul,vermelho,modelo_proposto,verde,0,-3,15,90,120,0.7500,0.0000,232,78,81,73
90,234389638,azul,azul,modelo_proposto,verde,0,-3,15,150,120,1.2500,0.0000,400,109,192,99
91,1278363502,verde,verde,modelo_proposto,verde,1,3,14,30,0,30.0000,0.0000,200,22,162,16
91,1278363502,verde,vermelho,modelo_proposto,verde,0,-3,14,90,120,0.7500,0.1000,263,111,90,62
91,1278363502,verde,azul,modelo_proposto,verde,0,-3,14,120,120,1.0000,0.0000,422,130,189,103
92,2089492144,vermelho,verde,modelo_proposto,vermelho,0,-3,26,100,100,1.0000,0.2400,552,128,309,115
92,2089492144,vermelho,vermelho,modelo_proposto,vermelho,1,3,26,30,0,30.0000,0.1154,461,29,407,25
92,2089492144,vermelho,azul,modelo_proposto,vermelho,0,-3,26,70,100,0.7000,0.2500,300,77,153,70
93,1010834375,azul,verde,modelo_proposto,azul,0,-3,27,140,110,1.2727,0.0769,639,131,422,86
93,1010834375,azul,vermelho,modelo_proposto,azul,0,-3,27,90,110,0.8182,0.1000,407,122,198,87
93,1010834375,azul,azul,modelo_proposto,azul,1,3,27,20,30,0.6667,0.1481,576,76,445,55
94,1010172138,verde,verde,modelo_proposto,vermelho,0,-3,13,150,120,1.2500,0.0769,472,128,219,125
94,1010172138,verde,vermelho,modelo_proposto,vermelho,1,3,13,30,30,1.0000,0.0769,144,26,93,25
94,1010172138,verde,azul,modelo_proposto,vermelho,0,-3,13,90,120,0.7500,0.0000,234,80,79,75
95,1255584616,vermelho,verde,modelo_proposto,azul,0,-3,26,150,120,1.2500,0.0400,397,98,209,90
95,1255584616,vermelho,vermelho,modelo_proposto,azul,0,-3,26,90,120,0.7500,0.0000,248,80,93,75
95,1255584616,vermelho,azul,modelo_proposto,azul,1,3,26,30,30,1.0000,0.0769,224,28,172,24
96,2041513302,azul,verde,modelo_proposto,verde,1,3,14,60,30,2.0000,0.0000,156,30,104,22
96,2041513302,azul,vermelho,modelo_proposto,verde,0,-3,14,90,120,0.7500,0.0000,282,101,115,66
96,2041513302,azul,azul,modelo_proposto,verde,0,-3,14,120,120,1.0000,0.0769,346,127,126,93
97,11523659,verde,verde,modelo_proposto,azul,0,-3,9,120,120,1.0000,0.0000,271,83,113,75
97,11523659,verde,vermelho,modelo_proposto,azul,0,-3,9,90,120,0.7500,0.0000,365,125,140,100
97,11523659,verde,azul,modelo_proposto,azul,1,3,9,90,60,1.5000,0.0000,350,136,140,74
98,60279016,vermelho,verde,modelo_proposto,azul,0,-3,13,90,120,0.7500,0.0000,336,71,201,64
98,60279016,vermelho,vermelho,modelo_proposto,azul,0,-3,13,90,120,0.7500,0.0000,256,93,99,64
98,60279016,vermelho,azul,modelo_proposto,azul,1,3,13,60,0,60.0000,0.1538,258,56,153,49
99,2035523298,azul,verde,modelo_proposto,verde,1,3,15,20,30,0.6667,0.3571,261,56,155,50
99,2035523298,azul,vermelho,modelo_proposto,verde,0,-3,15,150,110,1.3636,0.0769,386,110,176,100
99,2035523298,azul,azul,modelo_proposto,verde,0,-3,15,90,120,0.7500,0.0000,247,80,92,75
100,778332920,verde,verde,modelo_proposto,empate,0,-1,100,90,120,0.7500,0.0000,252,80,97,75
100,778332920,verde,vermelho,modelo_proposto,empate,0,-1,100,120,90,1.3333,0.0200,2135,146,1890,99
100,778332920,verde,azul,modelo_proposto,empate,0,-1,100,0,0,0.0000,0.0000,1989,39,1950,0
101,681977055,vermelho,verde,modelo_proposto,empate,0,-1,100,0,0,0.0000,0.5051,1419,47,1372,0
101,681977055,vermelho,vermelho,modelo_proposto,empate,0,-1,100,120,60,2.0000,0.0100,1817,152,1566,99
101,681977055,vermelho,azul,modelo_proposto,empate,0,-1,100,60,120,0.5000,0.2500,359,108,151,100
102,937597042,azul,verde,modelo_proposto,verde,1,3,19,30,0,30.0000,0.1111,152,27,101,24
102,937597042,azul,vermelho,modelo_proposto,verde,0,-3,19,90,120,0.7500,0.0833,245,68,114,63
102,937597042,azul,azul,modelo_proposto,verde,0,-3,19,120,120,1.0000,0.1111,451,107,239,105
103,528953857,verde,verde,modelo_proposto,azul,0,-3,14,90,120,0.7500,0.1429,244,80,89,75
103,528953857,verde,vermelho,modelo_proposto,azul,0,-3,14,120,120,1.0000,0.0714,430,107,223,100
103,528953857,verde,azul,modelo_proposto,azul,1,3,14,30,0,30.0000,0.0000,234,31,178,25
104,1698552064,vermelho,verde,modelo_proposto,verde,1,3,24,30,0,30.0000,0.0435,190,29,136,25
104,1698552064,vermelho,vermelho,modelo_proposto,verde,0,-3,24,90,120,0.7500,0.1250,267,79,113,75
104,1698552064,vermelho,azul,modelo_proposto,verde,0,-3,24,120,120,1.0000,0.0000,437,107,230,100
105,2028522531,azul,verde,modelo_proposto,azul,0,-3,25,60,120,0.5000,0.0000,389,98,201,90
105,2028522531,azul,vermelho,modelo_proposto,azul,0,-3,25,180,120,1.5000,0.0000,579,154,286,139
105,2028522531,azul,azul,modelo_proposto,azul,1,3,25,60,60,1.0000,0.0800,253,51,155,47
106,2146725289,verde,verde,modelo_proposto,empate,0,-1,100,120,90,1.3333,0.0000,2292,138,2070,84
106,2146725289,verde,vermelho,modelo_proposto,empate,0,-1,100,0,0,0.0000,0.0000,2008,46,1962,0
106,2146725289,verde,azul,modelo_proposto,empate,0,-1,100,90,120,0.7500,0.0000,206,62,87,57
107,2048006628,vermelho,verde,modelo_proposto,verde,1,3,10,30,0,30.0000,0.1111,129,29,75,25
107,2048006628,vermelho,vermelho,modelo_proposto,verde,0,-3,10,90,110,0.8182,0.1250,273,80,118,75
107,2048006628,vermelho,azul,modelo_proposto,verde,0,-3,10,110,120,0.9167,0.2222,368,107,161,100
108,2065734190,azul,verde,modelo_proposto,azul,0,-3,19,150,120,1.2500,0.1111,592,150,295,147
108,2065734190,azul,vermelho,modelo_proposto,azul,0,-3,19,90,120,0.7500,0.0000,260,81,106,73
108,2065734190,azul,azul,modelo_proposto,azul,1,3,19,30,30,1.0000,0.0000,165,27,113,25
109,946904339,verde,verde,modelo_proposto,azul,0,-3,11,130,120,1.0833,0.5455,414,154,141,119
109,946904339,verde,vermelho,modelo_proposto,azul,0,-3,11,60,120,0.5000,0.5000,273,89,108,76
109,946904339,verde,azul,modelo_proposto,azul,1,3,11,60,10,6.0000,0.3636,237,46,153,38
110,977405121,vermelho,verde,modelo_proposto,vermelho,0,-3,14,60,110,0.5455,0.5000,345,109,136,100
110,977405121,vermelho,vermelho,modelo_proposto,vermelho,1,3,14,60,30,2.0000,0.0000,128,28,77,23
110,977405121,vermelho,azul,modelo_proposto,vermelho,0,-3,14,140,120,1.1667,0.3077,507,161,196,150
111,106871201,azul,verde,modelo_proposto,vermelho,0,-3,15,100,100,1.0000,0.2143,314,83,157,74
111,106871201,azul,vermelho,modelo_proposto,vermelho,1,3,15,10,0,10.0000,0.1429,272,29,218,25
111,106871201,azul,azul,modelo_proposto,vermelho,0,-3,15,90,100,0.9000,0.3333,232,77,83,72
112,524023377,verde,verde,modelo_proposto,verde,1,3,11,30,0,30.0000,0.0909,60,2,58,0
112,524023377,verde,vermelho,modelo_proposto,verde,0,-3,11,80,110,0.7273,0.2500,247,79,94,74
112,524023377,verde,azul,modelo_proposto,verde,0,-3,11,110,110,1.0000,0.3000,369,106,164,99
113,2070036801,vermelho,verde,modelo_proposto,azul,0,-3,19,120,120,1.0000,0.0000,501,108,293,100
113,2070036801,vermelho,vermelho,modelo_proposto,azul,0,-3,19,90,120,0.7500,0.0000,244,80,89,75
113,2070036801,vermelho,azul,modelo_proposto,azul,1,3,19,30,0,30.0000,0.0000,249,32,193,24
114,332326161,azul,verde,modelo_proposto,azul,0,-3,13,120,120,1.0000,0.0833,352,95,174,83
114,332326161,azul,vermelho,modelo_proposto,azul,0,-3,13,90,120,0.7500,0.1818,304,69,175,60
114,332326161,azul,azul,modelo_proposto,azul,1,3,13,30,0,30.0000,0.0000,207,33,151,23
115,13274541,verde,verde,modelo_proposto,vermelho,0,-3,29,90,120,0.7500,0.0000,242,76,95,71
115,13274541,verde,vermelho,modelo_proposto,vermelho,1,3,29,30,30,1.0000,0.1034,323,31,267,25
115,13274541,verde,azul,modelo_proposto,vermelho,0,-3,29,150,120,1.2500,0.0714,658,148,373,137
116,825241805,vermelho,verde,modelo_proposto,verde,1,3,30,30,0,30.0000,0.1034,555,56,449,50
116,825241805,vermelho,vermelho,modelo_proposto,verde,0,-3,30,120,120,1.0000,0.1034,560,120,325,115
116,825241805,vermelho,azul,modelo_proposto,verde,0,-3,30,90,120,0.7500,0.1000,244,76,97,71
117,1573000952,azul,verde,modelo_proposto,azul,0,-3,13,90,120,0.7500,0.0000,313,134,104,75
117,1573000952,azul,vermelho,modelo_proposto,azul,0,-3,13,120,120,1.0000,0.0000,508,210,173,125
117,1573000952,azul,azul,modelo_proposto,azul,1,3,13,30,0,30.0000,0.0000,192,32,135,25
118,1749647013,verde,verde,modelo_proposto,empate,0,-1,100,0,0,0.0000,0.8300,1666,40,1626,0
118,1749647013,verde,vermelho,modelo_proposto,empate,0,-1,100,90,110,0.8182,0.3636,391,105,186,100
118,1749647013,verde,azul,modelo_proposto,empate,0,-1,100,110,90,1.2222,0.0600,1601,196,1257,148
119,974095307,vermelho,verde,modelo_proposto,vermelho,0,-3,13,90,120,0.7500,0.0000,234,80,79,75
119,974095307,vermelho,vermelho,modelo_proposto,vermelho,1,3,13,10,30,0.3333,0.2308,196,26,146,24
119,974095307,vermelho,azul,modelo_proposto,vermelho,0,-3,13,150,100,1.5000,0.2500,377,108,171,98
120,1400113132,azul,verde,modelo_proposto,azul,0,-3,16,180,120,1.5000,0.0667,555,153,263,139
120,1400113132,azul,vermelho,modelo_proposto,azul,0,-3,16,60,120,0.5000,0.0000,261,93,101,67
120,1400113132,azul,azul,modelo_proposto,azul,1,3,16,60,60,1.0000,0.0000,402,104,226,72
121,1403140035,verde,verde,modelo_proposto,verde,1,3,13,30,0,30.0000,0.1538,161,30,106,25
121,1403140035,verde,vermelho,modelo_proposto,verde,0,-3,13,90,120,0.7500,0.1000,310,79,159,72
121,1403140035,verde,azul,modelo_proposto,verde,0,-3,13,120,120,1.0000,0.1667,438,123,201,114
122,1485886752,vermelho,verde,modelo_proposto,verde,1,3,15,30,0,30.0000,0.0714,187,29,133,25
122,1485886752,vermelho,vermelho,modelo_proposto,verde,0,-3,15,90,120,0.7500,0.0000,253,79,100,74
122,1485886752,vermelho,azul,modelo_proposto,verde,0,-3,15,120,120,1.0000,0.0714,493,125,243,125
123,1433079639,azul,verde,modelo_proposto,vermelho,0,-3,18,150,120,1.2500,0.0588,627,165,303,159
123,1433079639,azul,vermelho,modelo_proposto,vermelho,1,3,18,30,30,1.0000,0.0588,138,28,85,25
123,1433079639,azul,azul,modelo_proposto,vermelho,0,-3,18,90,120,0.7500,0.0000,210,63,88,59
124,1444017005,verde,verde,modelo_proposto,verde,1,3,12,100,40,2.5000,0.4167,403,135,170,98
124,1444017005,verde,vermelho,modelo_proposto,verde,0,-3,12,130,100,1.3000,0.5455,418,130,166,122
124,1444017005,verde,azul,modelo_proposto,verde,0,-3,12,30,120,0.2500,0.3750,266,105,92,69
125,1120634029,vermelho,verde,modelo_proposto,azul,0,-3,12,120,120,1.0000,0.0000,360,102,163,95
125,1120634029,vermelho,vermelho,modelo_proposto,azul,0,-3,12,90,120,0.7500,0.0000,240,76,93,71
125,1120634029,vermelho,azul,modelo_proposto,azul,1,3,12,30,0,30.0000,0.1667,168,32,111,25
126,1159629576,azul,verde,modelo_proposto,verde,1,3,23,30,30,1.0000,0.0000,283,25,236,22
126,1159629576,azul,vermelho,modelo_proposto,verde,0,-3,23,90,120,0.7500,0.0000,238,80,83,75
126,1159629576,azul,azul,modelo_proposto,verde,0,-3,23,150,120,1.2500,0.0000,539,134,284,121
127,170520394,verde,verde,modelo_proposto,vermelho,0,-3,11,150,120,1.2500,0.0909,368,98,183,87
127,170520394,verde,vermelho,modelo_proposto,vermelho,1,3,11,60,30,2.0000,0.1818,252,56,146,50
127,170520394,verde,azul,modelo_proposto,vermelho,0,-3,11,60,120,0.5000,0.0000,218,66,90,62
128,2032603470,vermelho,verde,modelo_proposto,azul,0,-3,30,140,110,1.2727,0.3448,601,159,293,149
128,2032603470,vermelho,vermelho,modelo_proposto,azul,0,-3,30,30,120,0.2500,0.4000,351,108,143,100
128,2032603470,vermelho,azul,modelo_proposto,azul,1,3,30,80,20,4.0000,0.1667,350,56,244,50
129,1569236234,azul,verde,modelo_proposto,verde,1,3,14,30,30,1.0000,0.0000,152,25,104,23
129,1569236234,azul,vermelho,modelo_proposto,verde,0,-3,14,150,120,1.2500,0.0000,384,112,172,100
129,1569236234,azul,azul,modelo_proposto,verde,0,-3,14,90,120,0.7500,0.0000,248,80,93,75
130,411570783,verde,verde,modelo_proposto,vermelho,0,-3,10,150,120,1.2500,0.0000,372,109,164,99
130,411570783,verde,vermelho,modelo_proposto,vermelho,1,3,10,30,30,1.0000,0.0000,152,27,100,25
130,411570783,verde,azul,modelo_proposto,vermelho,0,-3,10,90,120,0.7500,0.0000,234,80,79,75
131,562047796,vermelho,verde,modelo_proposto,empate,0,-1,100,0,0,0.0000,0.0202,1589,43,1546,0
131,562047796,vermelho,vermelho,modelo_proposto,empate,0,-1,100,60,120,0.5000,0.0000,375,88,206,81
131,562047796,vermelho,azul,modelo_proposto,empate,0,-1,100,120,60,2.0000,0.0000,1681,151,1432,98
132,1448248165,azul,verde,modelo_proposto,vermelho,0,-3,25,150,120,1.2500,0.0000,525,128,273,124
132,1448248165,azul,vermelho,modelo_proposto,vermelho,1,3,25,30,30,1.0000,0.1667,211,25,162,24
132,1448248165,azul,azul,modelo_proposto,vermelho,0,-3,25,90,120,0.7500,0.0000,238,80,83,75
133,1352011924,verde,verde,modelo_proposto,empate,0,-1,100,0,0,0.0000,0.0100,587,2,585,0
133,1352011924,verde,vermelho,modelo_proposto,empate,0,-1,100,90,120,0.7500,0.0000,261,79,110,72
133,1352011924,verde,azul,modelo_proposto,empate,0,-1,100,120,90,1.3333,0.0000,1985,171,1697,117
134,939551074,vermelho,verde,modelo_proposto,vermelho,0,-3,15,60,100,0.6000,0.5000,386,149,143,94
134,939551074,vermelho,vermelho,modelo_proposto,vermelho,1,3,15,40,10,4.0000,0.1333,360,56,255,49
134,939551074,vermelho,azul,modelo_proposto,vermelho,0,-3,15,110,100,1.1000,0.4286,487,142,229,116
135,362752061,azul,verde,modelo_proposto,verde,1,3,11,30,0,30.0000,0.0000,133,29,79,25
135,362752061,azul,vermelho,modelo_proposto,verde,0,-3,11,90,120,0.7500,0.0000,245,80,90,75
135,362752061,azul,azul,modelo_proposto,verde,0,-3,11,120,120,1.0000,0.1000,298,80,143,75
136,1970562540,verde,verde,modelo_proposto,verde,1,3,23,220,90,2.4444,0.4348,877,230,422,225
136,1970562540,verde,vermelho,modelo_proposto,verde,0,-3,23,60,100,0.6000,0.0909,350,73,202,75
136,1970562540,verde,azul,modelo_proposto,verde,0,-3,23,30,120,0.2500,0.2000,381,83,223,75
137,383708122,vermelho,verde,modelo_proposto,azul,0,-3,17,90,120,0.7500,0.1667,282,79,128,75
137,383708122,vermelho,vermelho,modelo_proposto,azul,0,-3,17,120,120,1.0000,0.0000,562,140,325,97
137,383708122,vermelho,azul,modelo_proposto,azul,1,3,17,30,0,30.0000,0.0000,316,32,259,25
138,2075785334,azul,verde,modelo_proposto,vermelho,0,-3,8,110,120,0.9167,0.2857,290,82,133,75
138,2075785334,azul,vermelho,modelo_proposto,vermelho,1,3,8,30,0,30.0000,0.0000,51,2,49,0
138,2075785334,azul,azul,modelo_proposto,vermelho,0,-3,8,90,110,0.8182,0.2000,240,82,83,75
139,794372141,verde,verde,modelo_proposto,vermelho,0,-3,11,50,100,0.5000,0.5714,272,85,112,75
139,794372141,verde,vermelho,modelo_proposto,vermelho,1,3,11,190,80,2.3750,0.6364,579,213,191,175
139,794372141,verde,azul,modelo_proposto,vermelho,0,-3,11,40,100,0.4000,0.3000,381,138,143,100
140,1817101026,vermelho,verde,modelo_proposto,verde,1,3,11,60,30,2.0000,0.0000,130,30,75,25
140,1817101026,vermelho,vermelho,modelo_proposto,verde,0,-3,11,150,120,1.2500,0.0000,356,107,154,95
140,1817101026,vermelho,azul,modelo_proposto,verde,0,-3,11,60,120,0.5000,0.2000,204,68,72,64
141,1461547978,azul,verde,modelo_proposto,vermelho,0,-3,18,60,120,0.5000,0.0000,211,78,83,50
141,1461547978,azul,vermelho,modelo_proposto,vermelho,1,3,18,90,30,3.0000,0.0588,488,135,256,97
141,1461547978,azul,azul,modelo_proposto,vermelho,0,-3,18,120,120,1.0000,0.1765,466,106,262,98
142,1249674794,verde,verde,modelo_proposto,verde,1,3,39,60,30,2.0000,0.0513,360,55,255,50
142,1249674794,verde,vermelho,modelo_proposto,verde,0,-3,39,60,110,0.5455,0.4000,328,105,123,100
142,1249674794,verde,azul,modelo_proposto,verde,0,-3,39,140,120,1.1667,0.2368,770,186,409,175
143,236336944,vermelho,verde,modelo_proposto,verde,1,3,15,30,0,30.0000,0.0714,212,31,156,25
143,236336944,vermelho,vermelho,modelo_proposto,verde,0,-3,15,120,110,1.0909,0.0714,390,109,181,100
143,236336944,vermelho,azul,modelo_proposto,verde,0,-3,15,80,120,0.6667,0.2500,250,80,95,75
144,787490960,azul,verde,modelo_proposto,azul,0,-3,24,150,120,1.2500,0.0000,419,108,213,98
144,787490960,azul,vermelho,modelo_proposto,azul,0,-3,24,90,120,0.7500,0.0000,244,80,89,75
144,787490960,azul,azul,modelo_proposto,azul,1,3,24,30,30,1.0000,0.0000,185,28,132,25
145,368094613,verde,verde,modelo_proposto,vermelho,0,-3,18,90,120,0.7500,0.2500,372,80,220,72
145,368094613,verde,vermelho,modelo_proposto,vermelho,1,3,18,30,0,30.0000,0.0000,96,2,94,0
145,368094613,verde,azul,modelo_proposto,vermelho,0,-3,18,120,120,1.0000,0.2941,603,156,304,143
146,15368845,vermelho,verde,modelo_proposto,vermelho,0,-3,14,140,110,1.2727,0.2308,432,125,192,115
146,15368845,vermelho,vermelho,modelo_proposto,vermelho,1,3,14,30,30,1.0000,0.0714,127,23,83,21
146,15368845,vermelho,azul,modelo_proposto,vermelho,0,-3,14,80,110,0.7273,0.1250,237,76,90,71
147,987658780,azul,verde,modelo_proposto,azul,0,-3,9,150,120,1.2500,0.0000,391,161,132,98
147,987658780,azul,vermelho,modelo_proposto,azul,0,-3,9,90,120,0.7500,0.0000,239,79,86,74
147,987658780,azul,azul,modelo_proposto,azul,1,3,9,30,30,1.0000,0.1111,176,31,120,25
148,1140005980,verde,verde,modelo_proposto,empate,0,-1,100,120,60,2.0000,0.8200,909,93,734,82
148,1140005980,verde,vermelho,modelo_proposto,empate,0,-1,100,0,0,0.0000,0.0000,1019,32,963,24
148,1140005980,verde,azul,modelo_proposto,empate,0,-1,100,60,120,0.5000,0.2273,508,112,298,98
149,2107689852,vermelho,verde,modelo_proposto,vermelho,0,-3,23,90,120,0.7500,0.0000,394,79,240,75
149,2107689852,vermelho,vermelho,modelo_proposto,vermelho,1,3,23,30,30,1.0000,0.0000,239,31,183,25
149,2107689852,vermelho,azul,modelo_proposto,vermelho,0,-3,23,150,120,1.2500,0.0000,559,136,300,123
150,1111585620,azul,verde,modelo_proposto,verde,1,3,24,30,0,30.0000,0.1739,175,24,131,20
150,1111585620,azul,vermelho,modelo_proposto,verde,0,-3,24,120,120,1.0000,0.0909,341,82,184,75
150,1111585620,azul,azul,modelo_proposto,verde,0,-3,24,90,120,0.7500,0.0000,241,80,86,75
151,323059078,verde,verde,modelo_proposto,vermelho,0,-3,15,150,120,1.2500,0.0000,624,191,309,124
151,323059078,verde,vermelho,modelo_proposto,vermelho,1,3,15,90,60,1.5000,0.0000,449,84,290,75
151,323059078,verde,azul,modelo_proposto,vermelho,0,-3,15,60,120,0.5000,0.0000,355,110,195,50
152,1505993271,vermelho,verde,modelo_proposto,azul,0,-3,15,90,120,0.7500,0.0000,243,82,86,75
152,1505993271,vermelho,vermelho,modelo_proposto,azul,0,-3,15,120,120,1.0000,0.1333,321,84,162,75
152,1505993271,vermelho,azul,modelo_proposto,azul,1,3,15,30,0,30.0000,0.0667,164,28,113,23
153,1332249844,azul,verde,modelo_proposto,verde,1,3,14,60,60,1.0000,0.0000,191,54,87,50
153,1332249844,azul,vermelho,modelo_proposto,verde,0,-3,14,50,100,0.5000,0.3333,241,80,86,75
153,1332249844,azul,azul,modelo_proposto,verde,0,-3,14,160,110,1.4545,0.3846,460,136,199,125
154,486926662,verde,verde,modelo_proposto,azul,0,-3,17,90,120,0.7500,0.0000,235,79,82,74
154,486926662,verde,vermelho,modelo_proposto,azul,0,-3,17,120,120,1.0000,0.0588,495,105,293,97
154,486926662,verde,azul,modelo_proposto,azul,1,3,17,30,0,30.0000,0.0000,286,30,231,25
155,228384987,vermelho,verde,modelo_proposto,verde,1,3,18,30,30,1.0000,0.0000,279,54,179,46
155,228384987,vermelho,vermelho,modelo_proposto,verde,0,-3,18,150,120,1.2500,0.0000,510,130,276,104
155,228384987,vermelho,azul,modelo_proposto,verde,0,-3,18,90,120,0.7500,0.0000,232,69,99,64
156,1338147426,azul,verde,modelo_proposto,azul,0,-3,14,90,120,0.7500,0.0000,213,63,91,59
156,1338147426,azul,vermelho,modelo_proposto,azul,0,-3,14,120,120,1.0000,0.0000,422,116,198,108
156,1338147426,azul,azul,modelo_proposto,azul,1,3,14,30,0,30.0000,0.1429,143,27,93,23
157,1701265980,verde,verde,modelo_proposto,vermelho,0,-3,10,170,120,1.4167,0.4000,490,159,184,147
157,1701265980,verde,vermelho,modelo_proposto,vermelho,1,3,10,60,60,1.0000,0.1000,257,80,103,74
157,1701265980,verde,azul,modelo_proposto,vermelho,0,-3,10,60,110,0.5455,0.8000,297,103,99,95
158,2035459300,vermelho,verde,modelo_proposto,vermelho,0,-3,13,120,120,1.0000,0.0000,426,133,169,124
158,2035459300,vermelho,vermelho,modelo_proposto,vermelho,1,3,13,30,0,30.0000,0.0769,133,28,81,24
158,2035459300,vermelho,azul,modelo_proposto,vermelho,0,-3,13,90,120,0.7500,0.0000,260,79,108,73
159,1984052756,azul,verde,modelo_proposto,azul,0,-3,13,90,120,0.7500,0.0000,248,76,99,73
159,1984052756,azul,vermelho,modelo_proposto,azul,0,-3,13,120,120,1.0000,0.1667,354,105,150,99
159,1984052756,azul,azul,modelo_proposto,azul,1,3,13,30,0,30.0000,0.0769,107,24,62,21
160,882379617,verde,verde,modelo_proposto,vermelho,0,-3,9,110,120,0.9167,0.1111,355,136,119,100
160,882379617,verde,vermelho,modelo_proposto,vermelho,1,3,9,90,60,1.5000,0.1111,303,111,117,75
160,882379617,verde,azul,modelo_proposto,vermelho,0,-3,9,90,110,0.8182,0.1429,267,81,111,75
161,155837609,vermelho,verde,modelo_proposto,azul,0,-3,24,90,100,0.9000,0.6250,375,119,144,112
161,155837609,vermelho,vermelho,modelo_proposto,azul,0,-3,24,100,120,0.8333,0.1667,472,107,269,96
161,155837609,vermelho,azul,modelo_proposto,azul,1,3,24,30,0,30.0000,0.1250,286,52,190,44
162,1949492245,azul,verde,modelo_proposto,azul,0,-3,11,90,120,0.7500,0.0000,283,102,110,71
162,1949492245,azul,vermelho,modelo_proposto,azul,0,-3,11,150,120,1.2500,0.0000,423,156,151,116
162,1949492245,azul,azul,modelo_proposto,azul,1,3,11,90,90,1.0000,0.0000,275,94,116,65
163,1206746855,verde,verde,modelo_proposto,vermelho,0,-3,14,70,100,0.7000,0.1818,359,103,162,94
163,1206746855,verde,vermelho,modelo_proposto,vermelho,1,3,14,30,30,1.0000,0.0714,300,61,195,44
163,1206746855,verde,azul,modelo_proposto,vermelho,0,-3,14,130,100,1.3000,0.3077,477,186,181,110
164,383512830,vermelho,verde,modelo_proposto,azul,0,-3,11,90,120,0.7500,0.0000,243,79,90,74
164,383512830,vermelho,vermelho,modelo_proposto,azul,0,-3,11,120,120,1.0000,0.0000,365,104,164,97
164,383512830,vermelho,azul,modelo_proposto,azul,1,3,11,30,0,30.0000,0.0909,96,2,94,0
165,1238779790,azul,verde,modelo_proposto,verde,1,3,17,60,60,1.0000,0.1250,200,43,122,35
165,1238779790,azul,vermelho,modelo_proposto,verde,0,-3,17,90,120,0.7500,0.0000,399,94,220,85
165,1238779790,azul,azul,modelo_proposto,verde,0,-3,17,150,120,1.2500,0.0000,439,121,207,111
166,457092375,verde,verde,modelo_proposto,vermelho,0,-3,12,90,110,0.8182,0.2857,238,78,87,73
166,457092375,verde,vermelho,modelo_proposto,vermelho,1,3,12,30,30,1.0000,0.0000,109,26,64,19
166,457092375,verde,azul,modelo_proposto,vermelho,0,-3,12,140,120,1.1667,0.1818,411,126,172,113
167,1059044347,vermelho,verde,modelo_proposto,azul,0,-3,8,120,120,1.0000,0.0000,290,82,133,75
167,1059044347,vermelho,vermelho,modelo_proposto,azul,0,-3,8,90,120,0.7500,0.0000,238,80,83,75
167,1059044347,vermelho,azul,modelo_proposto,azul,1,3,8,30,0,30.0000,0.0000,52,2,50,0
168,281457202,azul,verde,modelo_proposto,azul,0,-3,12,70,100,0.7000,0.3000,372,168,114,90
168,281457202,azul,vermelho,modelo_proposto,azul,0,-3,12,100,110,0.9091,0.6364,481,176,213,92
168,281457202,azul,azul,modelo_proposto,azul,1,3,12,120,80,1.5000,0.4167,532,188,249,95
169,1239046820,verde,verde,modelo_proposto,azul,0,-3,13,90,120,0.7500,0.1250,324,100,130,94
169,1239046820,verde,vermelho,modelo_proposto,azul,0,-3,13,150,120,1.2500,0.0000,436,128,190,118
169,1239046820,verde,azul,modelo_proposto,azul,1,3,13,30,30,1.0000,0.0769,285,57,178,50
170,461995623,vermelho,verde,modelo_proposto,verde,1,3,39,230,90,2.5556,0.3684,822,236,377,209
170,461995623,vermelho,vermelho,modelo_proposto,verde,0,-3,39,40,120,0.3333,0.1316,670,93,509,68
170,461995623,vermelho,azul,modelo_proposto,verde,0,-3,39,50,110,0.4545,0.1613,802,114,592,96
171,1520527385,azul,verde,modelo_proposto,vermelho,0,-3,15,140,120,1.1667,0.2143,482,149,210,123
171,1520527385,azul,vermelho,modelo_proposto,vermelho,1,3,15,30,30,1.0000,0.1429,243,30,188,25
171,1520527385,azul,azul,modelo_proposto,vermelho,0,-3,15,90,110,0.8182,0.0909,275,78,125,72
172,681314169,verde,verde,modelo_proposto,azul,0,-3,15,120,120,1.0000,0.0000,612,186,305,121
172,681314169,verde,vermelho,modelo_proposto,azul,0,-3,15,60,120,0.5000,0.0000,191,55,86,50
172,681314169,verde,azul,modelo_proposto,azul,1,3,15,150,90,1.6667,0.0000,469,132,217,120
173,1151681641,vermelho,verde,modelo_proposto,verde,1,3,20,100,50,2.0000,0.1579,561,129,343,89
173,1151681641,vermelho,vermelho,modelo_proposto,verde,0,-3,20,90,110,0.8182,0.4211,429,129,209,91
173,1151681641,vermelho,azul,modelo_proposto,verde,0,-3,20,70,100,0.7000,0.1765,487,101,323,63
174,915322822,azul,verde,modelo_proposto,vermelho,0,-3,11,120,120,1.0000,0.0000,300,82,143,75
174,915322822,azul,vermelho,modelo_proposto,vermelho,1,3,11,30,0,30.0000,0.0000,132,29,78,25
174,915322822,azul,azul,modelo_proposto,vermelho,0,-3,11,90,120,0.7500,0.0000,244,80,89,75
175,1219387384,verde,verde,modelo_proposto,vermelho,0,-3,14,90,120,0.7500,0.0000,374,84,219,71
175,1219387384,verde,vermelho,modelo_proposto,vermelho,1,3,14,30,0,30.0000,0.0000,278,35,218,25
175,1219387384,verde,azul,modelo_proposto,vermelho,0,-3,14,120,120,1.0000,0.2308,388,106,194,88
176,669132441,vermelho,verde,modelo_proposto,azul,0,-3,17,90,120,0.7500,0.1818,299,79,145,75
176,669132441,vermelho,vermelho,modelo_proposto,azul,0,-3,17,150,120,1.2500,0.0000,452,137,191,124
176,669132441,vermelho,azul,modelo_proposto,azul,1,3,17,30,30,1.0000,0.0000,133,26,84,23
177,1538008631,azul,verde,modelo_proposto,verde,1,3,15,60,30,2.0000,0.0714,409,112,222,75
177,1538008631,azul,vermelho,modelo_proposto,verde,0,-3,15,120,120,1.0000,0.1538,523,164,259,100
177,1538008631,azul,azul,modelo_proposto,verde,0,-3,15,90,120,0.7500,0.0000,259,82,127,50
178,557466564,verde,verde,modelo_proposto,azul,0,-3,15,80,120,0.6667,0.3636,381,127,159,95
178,557466564,verde,vermelho,modelo_proposto,azul,0,-3,15,130,100,1.3000,0.4000,631,210,256,165
178,557466564,verde,azul,modelo_proposto,azul,1,3,15,70,60,1.1667,0.3333,415,156,161,98
179,1498413934,vermelho,verde,modelo_proposto,vermelho,0,-3,10,110,100,1.1000,0.2222,347,135,116,96
179,1498413934,vermelho,vermelho,modelo_proposto,vermelho,1,3,10,80,50,1.6000,0.4000,309,112,122,75
179,1498413934,vermelho,azul,modelo_proposto,vermelho,0,-3,10,60,100,0.6000,0.4444,289,81,136,72
180,542293507,azul,verde,modelo_proposto,empate,0,-1,100,120,90,1.3333,0.0101,2293,123,2099,71
180,542293507,azul,vermelho,modelo_proposto,empate,0,-1,100,0,0,0.0000,0.0202,2005,48,1957,0
180,542293507,azul,azul,modelo_proposto,empate,0,-1,100,90,120,0.7500,0.0000,238,79,85,74
181,1371703114,verde,verde,modelo_proposto,vermelho,0,-3,15,150,120,1.2500,0.0000,446,108,238,100
181,1371703114,verde,vermelho,modelo_proposto,vermelho,1,3,15,30,30,1.0000,0.0000,130,27,78,25
181,1371703114,verde,azul,modelo_proposto,vermelho,0,-3,15,90,120,0.7500,0.0000,280,80,125,75
182,117727943,vermelho,verde,modelo_proposto,empate,0,-1,100,120,90,1.3333,0.0202,1712,167,1432,113
182,117727943,vermelho,vermelho,modelo_proposto,empate,0,-1,100,90,120,0.7500,0.0500,453,89,290,74
182,117727943,vermelho,azul,modelo_proposto,empate,0,-1,100,0,0,0.0000,0.0000,1531,50,1481,0
183,603806591,azul,verde,modelo_proposto,vermelho,0,-3,29,150,120,1.2500,0.0714,663,209,314,140
183,603806591,azul,vermelho,modelo_proposto,vermelho,1,3,29,30,30,1.0000,0.0357,497,34,439,24
183,603806591,azul,azul,modelo_proposto,vermelho,0,-3,29,90,120,0.7500,0.0800,650,155,422,73
184,699897077,verde,verde,modelo_proposto,empate,0,-1,100,120,90,1.3333,0.0000,1850,143,1622,85
184,699897077,verde,vermelho,modelo_proposto,empate,0,-1,100,90,120,0.7500,0.0000,392,81,245,66
184,699897077,verde,azul,modelo_proposto,empate,0,-1,100,0,0,0.0000,0.0000,1912,47,1865,0
185,519069263,vermelho,verde,modelo_proposto,verde,1,3,13,30,0,30.0000,0.0000,138,28,85,25
185,519069263,vermelho,vermelho,modelo_proposto,verde,0,-3,13,120,120,1.0000,0.0833,307,82,150,75
185,519069263,vermelho,azul,modelo_proposto,verde,0,-3,13,90,120,0.7500,0.0000,234,80,79,75
186,1300684724,azul,verde,modelo_proposto,azul,0,-3,13,80,100,0.8000,0.5714,300,95,119,86
186,1300684724,azul,vermelho,modelo_proposto,azul,0,-3,13,100,110,0.9091,0.5000,439,110,218,111
186,1300684724,azul,azul,modelo_proposto,azul,1,3,13,30,0,30.0000,0.0000,230,31,174,25
187,1520408512,verde,verde,modelo_proposto,azul,0,-3,18,90,120,0.7500,0.1818,374,108,166,100
187,1520408512,verde,vermelho,modelo_proposto,azul,0,-3,18,120,120,1.0000,0.0000,420,106,215,99
187,1520408512,verde,azul,modelo_proposto,azul,1,3,18,30,0,30.0000,0.0000,146,26,97,23
188,1385646527,vermelho,verde,modelo_proposto,vermelho,0,-3,16,90,120,0.7500,0.0000,244,80,89,75
188,1385646527,vermelho,vermelho,modelo_proposto,vermelho,1,3,16,30,0,30.0000,0.0625,217,29,163,25
188,1385646527,vermelho,azul,modelo_proposto,vermelho,0,-3,16,120,120,1.0000,0.0000,537,124,288,125
189,1017835355,azul,verde,modelo_proposto,verde,1,3,15,90,30,3.0000,0.2857,408,102,243,63
189,1017835355,azul,vermelho,modelo_proposto,verde,0,-3,15,60,120,0.5000,0.0000,260,77,138,45
189,1017835355,azul,azul,modelo_proposto,verde,0,-3,15,120,120,1.0000,0.0714,372,112,179,81
190,1799545139,verde,verde,modelo_proposto,azul,0,-3,14,150,120,1.2500,0.0000,388,104,190,94
190,1799545139,verde,vermelho,modelo_proposto,azul,0,-3,14,60,120,0.5000,0.0000,295,80,143,72
190,1799545139,verde,azul,modelo_proposto,azul,1,3,14,60,30,2.0000,0.0714,276,55,171,50
191,129883519,vermelho,verde,modelo_proposto,vermelho,0,-3,17,110,100,1.1000,0.5000,440,136,180,124
191,129883519,vermelho,vermelho,modelo_proposto,vermelho,1,3,17,60,60,1.0000,0.1176,336,99,172,65
191,129883519,vermelho,azul,modelo_proposto,vermelho,0,-3,17,100,110,0.9091,0.6250,620,158,313,149
192,1102580056,azul,verde,modelo_proposto,azul,0,-3,15,150,120,1.2500,0.0000,527,214,193,120
192,1102580056,azul,vermelho,modelo_proposto,azul,0,-3,15,90,120,0.7500,0.0000,359,132,156,71
192,1102580056,azul,azul,modelo_proposto,azul,1,3,15,30,30,1.0000,0.0667,296,86,161,49
193,1554659575,verde,verde,modelo_proposto,azul,0,-3,13,70,120,0.5833,0.6000,240,82,83,75
193,1554659575,verde,vermelho,modelo_proposto,azul,0,-3,13,120,100,1.2000,0.3077,402,105,199,98
193,1554659575,verde,azul,modelo_proposto,azul,1,3,13,30,0,30.0000,0.0769,120,23,78,19
194,1156300410,vermelho,verde,modelo_proposto,verde,1,3,15,200,90,2.2222,0.2857,656,210,276,170
194,1156300410,vermelho,vermelho,modelo_proposto,verde,0,-3,15,60,110,0.5455,0.4444,370,94,181,95
194,1156300410,vermelho,azul,modelo_proposto,verde,0,-3,15,60,120,0.5000,0.0714,409,107,202,100
195,529621933,azul,verde,modelo_proposto,azul,0,-3,25,120,120,1.0000,0.0000,395,102,200,93
195,529621933,azul,vermelho,modelo_proposto,azul,0,-3,25,90,120,0.7500,0.0909,327,104,155,68
195,529621933,azul,azul,modelo_proposto,azul,1,3,25,30,0,30.0000,0.0000,195,32,139,24
196,1734993955,verde,verde,modelo_proposto,verde,1,3,12,30,30,1.0000,0.0000,183,27,131,25
196,1734993955,verde,vermelho,modelo_proposto,verde,0,-3,12,90,120,0.7500,0.0000,238,80,83,75
196,1734993955,verde,azul,modelo_proposto,verde,0,-3,12,150,120,1.2500,0.0909,473,137,211,125
197,178452452,vermelho,verde,modelo_proposto,azul,0,-3,9,90,120,0.7500,0.0000,280,80,128,72
197,178452452,vermelho,vermelho,modelo_proposto,azul,0,-3,9,90,120,0.7500,0.0000,296,80,143,73
197,178452452,vermelho,azul,modelo_proposto,azul,1,3,9,60,0,60.0000,0.1111,78,5,73,0
198,521402375,azul,verde,modelo_proposto,vermelho,0,-3,25,120,120,1.0000,0.0417,474,105,269,100
198,521402375,azul,vermelho,modelo_proposto,vermelho,1,3,25,30,0,30.0000,0.1667,161,2,159,0
198,521402375,azul,azul,modelo_proposto,vermelho,0,-3,25,90,120,0.7500,0.0000,240,80,85,75
199,105700785,verde,verde,modelo_proposto,verde,1,3,15,90,90,1.0000,0.0000,291,80,136,75
199,105700785,verde,vermelho,modelo_proposto,verde,0,-3,15,210,120,1.7500,0.0714,597,176,253,168
199,105700785,verde,azul,modelo_proposto,verde,0,-3,15,30,120,0.2500,0.4000,236,78,83,75
200,2008931110,vermelho,verde,modelo_proposto,empate,0,-1,100,70,120,0.5833,0.2667,356,85,199,72
200,2008931110,vermelho,vermelho,modelo_proposto,empate,0,-1,100,0,0,0.0000,0.0000,1958,44,1914,0
200,2008931110,vermelho,azul,modelo_proposto,empate,0,-1,100,120,70,1.7143,0.0300,2185,149,1941,95
201,1342046878,azul,verde,modelo_proposto,verde,1,3,21,30,60,0.5000,0.0000,442,122,226,94
201,1342046878,azul,vermelho,modelo_proposto,verde,0,-3,21,150,120,1.2500,0.0000,434,173,172,89
201,1342046878,azul,azul,modelo_proposto,verde,0,-3,21,120,120,1.0000,0.0000,335,108,153,74
202,953152536,verde,verde,modelo_proposto,azul,0,-3,26,210,120,1.7500,0.0385,833,243,374,216
202,953152536,verde,vermelho,modelo_proposto,azul,0,-3,26,60,120,0.5000,0.0000,240,62,120,58
202,953152536,verde,azul,modelo_proposto,azul,1,3,26,60,90,0.6667,0.1154,400,87,234,79
203,1936411928,vermelho,verde,modelo_proposto,verde,1,3,14,30,20,1.5000,0.0769,207,31,151,25
203,1936411928,vermelho,vermelho,modelo_proposto,verde,0,-3,14,90,100,0.9000,0.3333,252,80,97,75
203,1936411928,vermelho,azul,modelo_proposto,verde,0,-3,14,120,120,1.0000,0.3846,432,133,175,124
204,1166957166,azul,verde,modelo_proposto,verde,1,3,16,30,0,30.0000,0.1333,219,33,161,25
204,1166957166,azul,vermelho,modelo_proposto,verde,0,-3,16,120,120,1.0000,0.0000,483,168,199,116
204,1166957166,azul,azul,modelo_proposto,verde,0,-3,16,90,120,0.7500,0.0000,246,75,102,69
205,1693299176,verde,verde,modelo_proposto,verde,1,3,23,30,30,1.0000,0.0870,185,28,132,25
205,1693299176,verde,vermelho,modelo_proposto,verde,0,-3,23,90,120,0.7500,0.0000,247,80,92,75
205,1693299176,verde,azul,modelo_proposto,verde,0,-3,23,150,120,1.2500,0.0455,446,106,245,95
206,1869436229,vermelho,verde,modelo_proposto,verde,1,3,22,90,60,1.5000,0.2857,526,115,336,75
206,1869436229,vermelho,vermelho,modelo_proposto,verde,0,-3,22,40,110,0.3636,0.5000,413,182,131,100
206,1869436229,vermelho,azul,modelo_proposto,verde,0,-3,22,140,100,1.4000,0.2857,755,165,440,150
207,145879472,azul,verde,modelo_proposto,vermelho,0,-3,16,150,120,1.2500,0.0000,447,124,210,113
207,145879472,azul,vermelho,modelo_proposto,vermelho,1,3,16,30,30,1.0000,0.0000,150,29,96,25
207,145879472,azul,azul,modelo_proposto,vermelho,0,-3,16,90,120,0.7500,0.1250,272,73,130,69
208,149114399,verde,verde,modelo_proposto,azul,0,-3,15,110,110,1.0000,0.1333,450,165,185,100
208,149114399,verde,vermelho,modelo_proposto,azul,0,-3,15,90,110,0.8182,0.0769,377,108,194,75
208,149114399,verde,azul,modelo_proposto,azul,1,3,15,80,60,1.3333,0.2000,383,82,226,75
209,1683453032,vermelho,verde,modelo_proposto,empate,0,-1,100,0,0,0.0000,0.0000,583,1,582,0
209,1683453032,vermelho,vermelho,modelo_proposto,empate,0,-1,100,0,0,0.0000,0.0200,1279,50,1229,0
209,1683453032,vermelho,azul,modelo_proposto,empate,0,-1,100,0,0,0.0000,0.0000,1479,48,1431,0
210,1180105192,azul,verde,modelo_proposto,azul,0,-3,12,60,120,0.5000,0.0000,162,54,84,24
210,1180105192,azul,vermelho,modelo_proposto,azul,0,-3,12,120,120,1.0000,0.0000,411,163,149,99
210,1180105192,azul,azul,modelo_proposto,azul,1,3,12,120,60,2.0000,0.0000,321,115,120,86
211,706502710,verde,verde,modelo_proposto,azul,0,-3,28,120,120,1.0000,0.0000,526,130,272,124
211,706502710,verde,vermelho,modelo_proposto,azul,0,-3,28,90,120,0.7500,0.0909,399,108,191,100
211,706502710,verde,azul,modelo_proposto,azul,1,3,28,30,0,30.0000,0.1429,181,2,179,0
212,1552000050,vermelho,verde,modelo_proposto,vermelho,0,-3,17,60,120,0.5000,0.0000,305,80,175,50
212,1552000050,vermelho,vermelho,modelo_proposto,vermelho,1,3,17,180,90,2.0000,0.0000,592,189,254,149
212,1552000050,vermelho,azul,modelo_proposto,vermelho,0,-3,17,90,120,0.7500,0.1250,330,107,148,75
213,1627387955,azul,verde,modelo_proposto,verde,1,3,20,30,0,30.0000,0.0000,369,56,265,48
213,1627387955,azul,vermelho,modelo_proposto,verde,0,-3,20,120,120,1.0000,0.0556,484,109,269,106
213,1627387955,azul,azul,modelo_proposto,verde,0,-3,20,90,120,0.7500,0.0000,221,64,98,59
214,692168545,verde,verde,modelo_proposto,vermelho,0,-3,31,90,120,0.7500,0.0000,340,79,186,75
214,692168545,verde,vermelho,modelo_proposto,vermelho,1,3,31,10,90,0.1111,0.2581,645,158,337,150
214,692168545,verde,azul,modelo_proposto,vermelho,0,-3,31,210,100,2.1000,0.1000,793,202,399,192
215,1117255669,vermelho,verde,modelo_proposto,verde,1,3,16,30,0,30.0000,0.1333,166,25,121,20
215,1117255669,vermelho,vermelho,modelo_proposto,verde,0,-3,16,120,120,1.0000,0.0000,371,92,197,82
215,1117255669,vermelho,azul,modelo_proposto,verde,0,-3,16,90,120,0.7500,0.0000,283,64,159,60
216,1291571188,azul,verde,modelo_proposto,vermelho,0,-3,28,90,120,0.7500,0.1250,249,80,94,75
216,1291571188,azul,vermelho,modelo_proposto,vermelho,1,3,28,30,0,30.0000,0.0370,299,30,244,25
216,1291571188,azul,azul,modelo_proposto,vermelho,0,-3,28,120,120,1.0000,0.1481,608,125,359,124
217,1835059891,verde,verde,modelo_proposto,verde,1,3,8,30,0,30.0000,0.1250,141,29,87,25
217,1835059891,verde,vermelho,modelo_proposto,verde,0,-3,8,90,120,0.7500,0.0000,238,80,83,75
217,1835059891,verde,azul,modelo_proposto,verde,0,-3,8,120,120,1.0000,0.0000,290,82,133,75
218,770527005,vermelho,verde,modelo_proposto,vermelho,0,-3,10,150,120,1.2500,0.0000,371,110,161,100
218,770527005,vermelho,vermelho,modelo_proposto,vermelho,1,3,10,30,30,1.0000,0.0000,153,27,101,25
218,770527005,vermelho,azul,modelo_proposto,vermelho,0,-3,10,90,120,0.7500,0.0000,228,77,79,72
219,1839775962,azul,verde,modelo_proposto,vermelho,0,-3,13,120,120,1.0000,0.0000,309,82,152,75
219,1839775962,azul,vermelho,modelo_proposto,vermelho,1,3,13,30,0,30.0000,0.0833,174,29,120,25
219,1839775962,azul,azul,modelo_proposto,vermelho,0,-3,13,90,120,0.7500,0.0000,241,80,86,75
220,786723664,verde,verde,modelo_proposto,azul,0,-3,19,130,120,1.0833,0.1053,519,135,259,125
220,786723664,verde,vermelho,modelo_proposto,azul,0,-3,19,90,100,0.9000,0.3333,331,79,177,75
220,786723664,verde,azul,modelo_proposto,azul,1,3,19,30,30,1.0000,0.2105,161,28,108,25
221,1984655043,vermelho,verde,modelo_proposto,vermelho,0,-3,17,90,120,0.7500,0.0000,241,80,86,75
221,1984655043,vermelho,vermelho,modelo_proposto,vermelho,1,3,17,30,0,30.0000,0.0588,110,2,108,0
221,1984655043,vermelho,azul,modelo_proposto,vermelho,0,-3,17,120,120,1.0000,0.0000,313,80,160,73
222,2038087983,azul,verde,modelo_proposto,vermelho,0,-3,15,150,110,1.3636,0.2857,536,152,237,147
222,2038087983,azul,vermelho,modelo_proposto,vermelho,1,3,15,20,30,0.6667,0.0714,125,28,73,24
222,2038087983,azul,azul,modelo_proposto,vermelho,0,-3,15,90,120,0.7500,0.0000,243,82,86,75
223,24191029,verde,verde,modelo_proposto,azul,0,-3,12,120,120,1.0000,0.0000,401,107,194,100
223,24191029,verde,vermelho,modelo_proposto,azul,0,-3,12,90,120,0.7500,0.0000,318,81,162,75
223,24191029,verde,azul,modelo_proposto,azul,1,3,12,30,0,30.0000,0.2500,73,2,71,0
224,1641540538,vermelho,verde,modelo_proposto,vermelho,0,-3,17,120,120,1.0000,0.0625,403,113,206,84
224,1641540538,vermelho,vermelho,modelo_proposto,vermelho,1,3,17,60,90,0.6667,0.0588,532,113,306,113
224,1641540538,vermelho,azul,modelo_proposto,vermelho,0,-3,17,150,120,1.2500,0.0769,555,174,245,136
225,951702792,azul,verde,modelo_proposto,vermelho,0,-3,10,120,120,1.0000,0.0000,292,82,136,74
225,951702792,azul,vermelho,modelo_proposto,vermelho,1,3,10,30,0,30.0000,0.2222,130,29,76,25
225,951702792,azul,azul,modelo_proposto,vermelho,0,-3,10,90,120,0.7500,0.0000,238,80,83,75
226,675296008,verde,verde,modelo_proposto,azul,0,-3,15,90,120,0.7500,0.0000,222,66,94,62
226,675296008,verde,vermelho,modelo_proposto,azul,0,-3,15,120,110,1.0909,0.1333,350,94,169,87
226,675296008,verde,azul,modelo_proposto,azul,1,3,15,20,0,20.0000,0.0667,183,29,129,25
227,559324355,vermelho,verde,modelo_proposto,vermelho,0,-3,20,90,120,0.7500,0.0000,321,81,165,75
227,559324355,vermelho,vermelho,modelo_proposto,vermelho,1,3,20,30,30,1.0000,0.1000,165,29,111,25
227,559324355,vermelho,azul,modelo_proposto,vermelho,0,-3,20,150,120,1.2500,0.1053,498,135,238,125
228,981530121,azul,verde,modelo_proposto,vermelho,0,-3,9,80,110,0.7273,0.2857,253,71,116,66
228,981530121,azul,vermelho,modelo_proposto,vermelho,1,3,9,30,0,30.0000,0.0000,50,2,48,0
228,981530121,azul,azul,modelo_proposto,vermelho,0,-3,9,110,110,1.0000,0.5000,300,95,119,86
229,1656250677,verde,verde,modelo_proposto,verde,1,3,15,30,50,0.6000,0.3333,350,48,257,45
229,1656250677,verde,vermelho,modelo_proposto,verde,0,-3,15,170,100,1.7000,0.4286,543,174,250,119
229,1656250677,verde,azul,modelo_proposto,verde,0,-3,15,70,120,0.5833,0.3000,373,112,186,75
230,207735304,vermelho,verde,modelo_proposto,azul,0,-3,16,150,120,1.2500,0.0000,431,115,209,107
230,207735304,vermelho,vermelho,modelo_proposto,azul,0,-3,16,90,120,0.7500,0.0000,219,67,90,62
230,207735304,vermelho,azul,modelo_proposto,azul,1,3,16,30,30,1.0000,0.0000,194,24,149,21
231,989711541,azul,verde,modelo_proposto,azul,0,-3,19,150,120,1.2500,0.1111,702,158,375,169
231,989711541,azul,vermelho,modelo_proposto,azul,0,-3,19,90,120,0.7500,0.0000,266,79,112,75
231,989711541,azul,azul,modelo_proposto,azul,1,3,19,30,30,1.0000,0.0526,281,29,227,25
232,1444584449,verde,verde,modelo_proposto,azul,0,-3,10,120,120,1.0000,0.0000,302,82,145,75
232,1444584449,verde,vermelho,modelo_proposto,azul,0,-3,10,90,120,0.7500,0.0000,238,80,83,75
232,1444584449,verde,azul,modelo_proposto,azul,1,3,10,30,0,30.0000,0.0000,177,29,123,25
233,594435942,vermelho,verde,modelo_proposto,azul,0,-3,18,90,120,0.7500,0.2000,235,79,82,74
233,594435942,vermelho,vermelho,modelo_proposto,azul,0,-3,18,150,120,1.2500,0.0556,506,127,255,124
233,594435942,vermelho,azul,modelo_proposto,azul,1,3,18,30,30,1.0000,0.0000,154,28,101,25
234,1488348715,azul,verde,modelo_proposto,verde,1,3,15,30,0,30.0000,0.2143,151,29,97,25
234,1488348715,azul,vermelho,modelo_proposto,verde,0,-3,15,120,120,1.0000,0.0000,385,108,177,100
234,1488348715,azul,azul,modelo_proposto,verde,0,-3,15,90,120,0.7500,0.1000,323,83,165,75
235,15411380,verde,verde,modelo_proposto,vermelho,0,-3,11,80,110,0.7273,0.3333,340,105,135,100
235,15411380,verde,vermelho,modelo_proposto,vermelho,1,3,11,30,0,30.0000,0.0909,116,28,63,25
235,15411380,verde,azul,modelo_proposto,vermelho,0,-3,11,110,110,1.0000,0.5000,500,163,187,150
236,893382118,vermelho,verde,modelo_proposto,vermelho,0,-3,13,90,120,0.7500,0.0000,235,79,82,74
236,893382118,vermelho,vermelho,modelo_proposto,vermelho,1,3,13,30,30,1.0000,0.0769,232,30,177,25
236,893382118,vermelho,azul,modelo_proposto,vermelho,0,-3,13,150,120,1.2500,0.0833,455,135,195,125
237,829102571,azul,verde,modelo_proposto,vermelho,0,-3,12,80,120,0.6667,0.5000,269,86,108,75
237,829102571,azul,vermelho,modelo_proposto,vermelho,1,3,12,30,0,30.0000,0.0000,161,23,119,19
237,829102571,azul,azul,modelo_proposto,vermelho,0,-3,12,120,110,1.0909,0.3636,379,110,169,100
238,1104959249,verde,verde,modelo_proposto,vermelho,0,-3,16,150,120,1.2500,0.0625,597,214,236,147
238,1104959249,verde,vermelho,modelo_proposto,vermelho,1,3,16,30,30,1.0000,0.0000,267,26,221,20
238,1104959249,verde,azul,modelo_proposto,vermelho,0,-3,16,90,120,0.7500,0.1667,357,111,172,74
239,436567940,vermelho,verde,modelo_proposto,verde,1,3,9,60,30,2.0000,0.0000,244,57,137,50
239,436567940,vermelho,vermelho,modelo_proposto,verde,0,-3,9,60,110,0.5455,0.2857,256,95,95,66
239,436567940,vermelho,azul,modelo_proposto,verde,0,-3,9,140,120,1.1667,0.3750,386,125,146,115
240,314003729,azul,verde,modelo_proposto,verde,1,3,10,30,30,1.0000,0.1111,192,29,138,25
240,314003729,azul,vermelho,modelo_proposto,verde,0,-3,10,150,120,1.2500,0.2500,367,110,157,100
240,314003729,azul,azul,modelo_proposto,verde,0,-3,10,90,120,0.7500,0.0000,238,80,83,75
241,334422033,verde,verde,modelo_proposto,vermelho,0,-3,13,60,120,0.5000,0.0000,226,66,98,62
241,334422033,verde,vermelho,modelo_proposto,vermelho,1,3,13,60,30,2.0000,0.0769,175,47,86,42
241,334422033,verde,azul,modelo_proposto,vermelho,0,-3,13,150,120,1.2500,0.0000,437,113,224,100
242,251380444,vermelho,verde,modelo_proposto,vermelho,0,-3,23,90,100,0.9000,0.0833,375,112,189,74
242,251380444,vermelho,vermelho,modelo_proposto,vermelho,1,3,23,30,30,1.0000,0.0000,244,27,194,23
242,251380444,vermelho,azul,modelo_proposto,vermelho,0,-3,23,130,120,1.0833,0.2727,737,187,405,145
243,1102806774,azul,verde,modelo_proposto,azul,0,-3,28,90,120,0.7500,0.1429,235,77,86,72
243,1102806774,azul,vermelho,modelo_proposto,azul,0,-3,28,120,120,1.0000,0.1481,378,79,228,71
243,1102806774,azul,azul,modelo_proposto,azul,1,3,28,30,0,30.0000,0.0000,346,24,302,20
244,1761145918,verde,verde,modelo_proposto,vermelho,0,-3,11,80,100,0.8000,0.2500,272,84,113,75
244,1761145918,verde,vermelho,modelo_proposto,vermelho,1,3,11,30,0,30.0000,0.0000,120,24,77,19
244,1761145918,verde,azul,modelo_proposto,vermelho,0,-3,11,100,110,0.9091,0.4000,422,134,163,125
245,1986957636,vermelho,verde,modelo_proposto,verde,1,3,16,20,30,0.6667,0.2000,145,29,91,25
245,1986957636,vermelho,vermelho,modelo_proposto,verde,0,-3,16,90,120,0.7500,0.0000,255,80,100,75
245,1986957636,vermelho,azul,modelo_proposto,verde,0,-3,16,150,110,1.3636,0.2000,529,157,223,149
246,1517405042,azul,verde,modelo_proposto,azul,0,-3,16,120,120,1.0000,0.0000,415,108,209,98
246,1517405042,azul,vermelho,modelo_proposto,azul,0,-3,16,90,120,0.7500,0.0000,244,80,89,75
246,1517405042,azul,azul,modelo_proposto,azul,1,3,16,30,0,30.0000,0.0000,204,52,106,46
247,286550506,verde,verde,modelo_proposto,verde,1,3,12,30,20,1.5000,0.1667,160,29,106,25
247,286550506,verde,vermelho,modelo_proposto,verde,0,-3,12,70,120,0.5833,0.3750,251,80,96,75
247,286550506,verde,azul,modelo_proposto,verde,0,-3,12,140,100,1.4000,0.3636,403,110,193,100
248,137304799,vermelho,verde,modelo_proposto,azul,0,-3,21,90,120,0.7500,0.0000,207,67,78,62
248,137304799,vermelho,vermelho,modelo_proposto,azul,0,-3,21,120,100,1.2000,0.0476,547,116,320,111
248,137304799,vermelho,azul,modelo_proposto,azul,1,3,21,10,0,10.0000,0.1905,372,58,264,50
249,705417887,azul,verde,modelo_proposto,vermelho,0,-3,16,60,120,0.5000,0.0000,245,69,109,67
249,705417887,azul,vermelho,modelo_proposto,vermelho,1,3,16,60,30,2.0000,0.0000,243,53,142,48
249,705417887,azul,azul,modelo_proposto,vermelho,0,-3,16,150,120,1.2500,0.0667,498,145,223,130
250,726116545,verde,verde,modelo_proposto,vermelho,0,-3,12,90,120,0.7500,0.0000,263,75,117,71
250,726116545,verde,vermelho,modelo_proposto,vermelho,1,3,12,30,0,30.0000,0.0000,162,30,107,25
250,726116545,verde,azul,modelo_proposto,vermelho,0,-3,12,120,120,1.0000,0.0909,282,74,140,68
251,1291141008,vermelho,verde,modelo_proposto,azul,0,-3,15,90,100,0.9000,0.2857,244,81,89,74
251,1291141008,vermelho,vermelho,modelo_proposto,azul,0,-3,15,100,120,0.8333,0.2000,391,108,184,99
251,1291141008,vermelho,azul,modelo_proposto,azul,1,3,15,30,0,30.0000,0.0000,146,29,92,25
252,397193934,azul,verde,modelo_proposto,verde,1,3,21,30,0,30.0000,0.0000,151,2,149,0
252,397193934,azul,vermelho,modelo_proposto,verde,0,-3,21,120,120,1.0000,0.0000,426,101,231,94
252,397193934,azul,azul,modelo_proposto,verde,0,-3,21,90,120,0.7500,0.0000,319,73,179,67
253,214387698,verde,verde,modelo_proposto,empate,0,-1,100,70,100,0.7000,0.2308,396,127,160,109
253,214387698,verde,vermelho,modelo_proposto,empate,0,-1,100,0,0,0.0000,0.0000,1362,48,1314,0
253,214387698,verde,azul,modelo_proposto,empate,0,-1,100,100,70,1.4286,0.0300,1995,146,1760,89
254,2132358912,vermelho,verde,modelo_proposto,azul,0,-3,15,150,120,1.2500,0.0000,457,136,197,124
254,2132358912,vermelho,vermelho,modelo_proposto,azul,0,-3,15,90,120,0.7500,0.0000,263,83,105,75
254,2132358912,vermelho,azul,modelo_proposto,azul,1,3,15,30,30,1.0000,0.0000,160,26,111,23
255,58356795,azul,verde,modelo_proposto,vermelho,0,-3,14,120,120,1.0000,0.0769,336,93,157,86
255,58356795,azul,vermelho,modelo_proposto,vermelho,1,3,14,30,0,30.0000,0.0000,194,48,104,42
255,58356795,azul,azul,modelo_proposto,vermelho,0,-3,14,90,120,0.7500,0.0000,257,76,109,72
256,1589790228,verde,verde,modelo_proposto,verde,1,3,11,30,0,30.0000,0.1818,154,29,100,25
256,1589790228,verde,vermelho,modelo_proposto,verde,0,-3,11,90,120,0.7500,0.0000,238,80,83,75
256,1589790228,verde,azul,modelo_proposto,verde,0,-3,11,120,120,1.0000,0.0000,302,82,145,75
257,435970243,vermelho,verde,modelo_proposto,vermelho,0,-3,13,90,110,0.8182,0.2857,241,79,88,74
257,435970243,vermelho,vermelho,modelo_proposto,vermelho,1,3,13,30,20,1.5000,0.1538,331,100,160,71
257,435970243,vermelho,azul,modelo_proposto,vermelho,0,-3,13,130,120,1.0833,0.1667,366,106,162,98
258,1527342900,azul,verde,modelo_proposto,vermelho,0,-3,10,90,120,0.7500,0.0000,231,79,78,74
258,1527342900,azul,vermelho,modelo_proposto,vermelho,1,3,10,30,30,1.0000,0.0000,123,27,73,23
258,1527342900,azul,azul,modelo_proposto,vermelho,0,-3,10,150,120,1.2500,0.0000,364,110,156,98
259,1108040743,verde,verde,modelo_proposto,vermelho,0,-3,14,110,120,0.9167,0.0000,380,124,193,63
259,1108040743,verde,vermelho,modelo_proposto,vermelho,1,3,14,120,70,1.7143,0.0714,388,150,149,89
259,1108040743,verde,azul,modelo_proposto,vermelho,0,-3,14,80,120,0.6667,0.1538,263,88,117,58
260,1006993171,vermelho,verde,modelo_proposto,vermelho,0,-3,15,90,110,0.8182,0.2500,364,140,133,91
260,1006993171,vermelho,vermelho,modelo_proposto,vermelho,1,3,15,20,30,0.6667,0.0667,329,71,217,41
260,1006993171,vermelho,azul,modelo_proposto,vermelho,0,-3,15,140,110,1.2727,0.1429,461,138,198,125
261,275007496,azul,verde,modelo_proposto,verde,1,3,12,30,0,30.0000,0.0000,113,28,60,25
261,275007496,azul,vermelho,modelo_proposto,verde,0,-3,12,90,120,0.7500,0.0000,238,80,83,75
261,275007496,azul,azul,modelo_proposto,verde,0,-3,12,120,120,1.0000,0.0000,295,79,144,72
262,1290417309,verde,verde,modelo_proposto,azul,0,-3,15,120,120,1.0000,0.0000,456,128,209,119
262,1290417309,verde,vermelho,modelo_proposto,azul,0,-3,15,90,120,0.7500,0.0000,233,77,84,72
262,1290417309,verde,azul,modelo_proposto,azul,1,3,15,30,0,30.0000,0.0000,226,54,126,46
263,1970741504,vermelho,verde,modelo_proposto,azul,0,-3,12,140,120,1.1667,0.0909,469,133,211,125
263,1970741504,vermelho,vermelho,modelo_proposto,azul,0,-3,12,90,110,0.8182,0.1429,244,80,89,75
263,1970741504,vermelho,azul,modelo_proposto,azul,1,3,12,30,30,1.0000,0.0000,115,25,66,24
264,432544778,azul,verde,modelo_proposto,verde,1,3,18,30,30,1.0000,0.0000,286,30,231,25
264,432544778,azul,vermelho,modelo_proposto,verde,0,-3,18,150,120,1.2500,0.0000,721,259,287,175
264,432544778,azul,azul,modelo_proposto,verde,0,-3,18,90,120,0.7500,0.1667,349,123,151,75
265,1532962704,verde,verde,modelo_proposto,azul,0,-3,14,90,120,0.7500,0.0000,238,80,83,75
265,1532962704,verde,vermelho,modelo_proposto,azul,0,-3,14,120,120,1.0000,0.1429,397,100,197,100
265,1532962704,verde,azul,modelo_proposto,azul,1,3,14,30,0,30.0000,0.0000,98,2,96,0
266,1798660105,vermelho,verde,modelo_proposto,vermelho,0,-3,19,90,120,0.7500,0.0000,252,77,104,71
266,1798660105,vermelho,vermelho,modelo_proposto,vermelho,1,3,19,30,30,1.0000,0.1053,168,26,117,25
266,1798660105,vermelho,azul,modelo_proposto,vermelho,0,-3,19,150,120,1.2500,0.0000,661,175,316,170
267,358080245,azul,verde,modelo_proposto,vermelho,0,-3,12,90,120,0.7500,0.1250,259,76,112,71
267,358080245,azul,vermelho,modelo_proposto,vermelho,1,3,12,30,0,30.0000,0.0000,75,6,69,0
267,358080245,azul,azul,modelo_proposto,vermelho,0,-3,12,120,120,1.0000,0.0909,431,147,171,113
268,1943115339,verde,verde,modelo_proposto,azul,0,-3,11,120,120,1.0000,0.0000,383,137,148,98
268,1943115339,verde,vermelho,modelo_proposto,azul,0,-3,11,60,120,0.5000,0.0000,271,83,138,50
268,1943115339,verde,azul,modelo_proposto,azul,1,3,11,90,30,3.0000,0.0000,371,108,192,71
269,477278850,vermelho,verde,modelo_proposto,verde,1,3,16,30,30,1.0000,0.0667,168,29,114,25
269,477278850,vermelho,vermelho,modelo_proposto,verde,0,-3,16,150,120,1.2500,0.0667,363,101,169,93
269,477278850,vermelho,azul,modelo_proposto,verde,0,-3,16,90,120,0.7500,0.0000,228,74,85,69
270,522803334,azul,verde,modelo_proposto,vermelho,0,-3,11,60,120,0.5000,0.0000,238,53,135,50
270,522803334,azul,vermelho,modelo_proposto,vermelho,1,3,11,90,30,3.0000,0.0000,288,72,152,64
270,522803334,azul,azul,modelo_proposto,vermelho,0,-3,11,120,120,1.0000,0.1000,297,106,120,71
271,1159399617,verde,verde,modelo_proposto,vermelho,0,-3,13,90,120,0.7500,0.0000,199,66,72,61
271,1159399617,verde,vermelho,modelo_proposto,vermelho,1,3,13,30,30,1.0000,0.0769,120,26,69,25
271,1159399617,verde,azul,modelo_proposto,vermelho,0,-3,13,150,120,1.2500,0.0000,504,137,235,132
272,1955071387,vermelho,verde,modelo_proposto,empate,0,-1,100,90,120,0.7500,0.0000,237,80,82,75
272,1955071387,vermelho,vermelho,modelo_proposto,empate,0,-1,100,120,90,1.3333,0.0000,1363,105,1163,95
272,1955071387,vermelho,azul,modelo_proposto,empate,0,-1,100,0,0,0.0000,0.0000,675,1,674,0
273,2082054462,azul,verde,modelo_proposto,vermelho,0,-3,18,60,120,0.5000,0.5000,417,109,208,100
273,2082054462,azul,vermelho,modelo_proposto,vermelho,1,3,18,60,90,0.6667,0.0588,308,66,183,59
273,2082054462,azul,azul,modelo_proposto,vermelho,0,-3,18,210,120,1.7500,0.2353,619,177,279,163
274,616255602,verde,verde,modelo_proposto,verde,1,3,14,30,0,30.0000,0.0000,177,30,122,25
274,616255602,verde,vermelho,modelo_proposto,verde,0,-3,14,120,120,1.0000,0.0000,302,79,151,72
274,616255602,verde,azul,modelo_proposto,verde,0,-3,14,90,120,0.7500,0.0000,243,79,90,74
275,330685898,vermelho,verde,modelo_proposto,azul,0,-3,9,90,120,0.7500,0.0000,267,81,111,75
275,330685898,vermelho,vermelho,modelo_proposto,azul,0,-3,9,120,120,1.0000,0.0000,329,108,121,100
275,330685898,vermelho,azul,modelo_proposto,azul,1,3,9,60,30,2.0000,0.0000,229,84,95,50
276,293034207,azul,verde,modelo_proposto,verde,1,3,13,30,0,30.0000,0.0000,138,29,85,24
276,293034207,azul,vermelho,modelo_proposto,verde,0,-3,13,120,120,1.0000,0.0909,325,85,165,75
276,293034207,azul,azul,modelo_proposto,verde,0,-3,13,90,120,0.7500,0.0000,240,82,83,75
277,1726906955,verde,verde,modelo_proposto,verde,1,3,15,30,0,30.0000,0.0000,191,31,135,25
277,1726906955,verde,vermelho,modelo_proposto,verde,0,-3,15,120,120,1.0000,0.0000,374,103,175,96
277,1726906955,verde,azul,modelo_proposto,verde,0,-3,15,90,120,0.7500,0.0000,276,80,122,74
278,652899206,vermelho,verde,modelo_proposto,azul,0,-3,10,90,120,0.7500,0.0000,308,80,154,74
278,652899206,vermelho,vermelho,modelo_proposto,azul,0,-3,10,90,120,0.7500,0.0000,244,77,95,72
278,652899206,vermelho,azul,modelo_proposto,azul,1,3,10,60,0,60.0000,0.0000,275,83,143,49
279,1775053101,azul,verde,modelo_proposto,empate,0,-1,100,90,120,0.7500,0.0000,241,80,86,75
279,1775053101,azul,vermelho,modelo_proposto,empate,0,-1,100,0,0,0.0000,0.4343,1841,43,1798,0
279,1775053101,azul,azul,modelo_proposto,empate,0,-1,100,120,90,1.3333,0.0000,2184,124,1985,75
280,1138206718,verde,verde,modelo_proposto,vermelho,0,-3,11,90,120,0.7500,0.0000,244,80,89,75
280,1138206718,verde,vermelho,modelo_proposto,vermelho,1,3,11,30,30,1.0000,0.1818,115,26,64,25
280,1138206718,verde,azul,modelo_proposto,vermelho,0,-3,11,150,120,1.2500,0.0000,373,108,165,100
281,1154859730,vermelho,verde,modelo_proposto,verde,1,3,17,30,0,30.0000,0.0000,176,27,125,24
281,1154859730,vermelho,vermelho,modelo_proposto,verde,0,-3,17,90,110,0.8182,0.2857,250,74,106,70
281,1154859730,vermelho,azul,modelo_proposto,verde,0,-3,17,110,120,0.9167,0.1250,532,121,291,120
282,1853518004,azul,verde,modelo_proposto,azul,0,-3,15,90,110,0.8182,0.2000,211,71,74,66
282,1853518004,azul,vermelho,modelo_proposto,azul,0,-3,15,110,120,0.9167,0.2143,493,121,254,118
282,1853518004,azul,azul,modelo_proposto,azul,1,3,15,30,0,30.0000,0.2000,214,52,116,46
283,556386123,verde,verde,modelo_proposto,vermelho,0,-3,10,90,120,0.7500,0.0000,244,80,89,75
283,556386123,verde,vermelho,modelo_proposto,vermelho,1,3,10,30,30,1.0000,0.0000,179,30,124,25
283,556386123,verde,azul,modelo_proposto,vermelho,0,-3,10,150,120,1.2500,0.0000,373,110,163,100
284,884053951,vermelho,verde,modelo_proposto,vermelho,0,-3,22,80,110,0.7273,0.2308,340,108,132,100
284,884053951,vermelho,vermelho,modelo_proposto,vermelho,1,3,22,30,30,1.0000,0.1364,143,26,93,24
284,884053951,vermelho,azul,modelo_proposto,vermelho,0,-3,22,140,110,1.2727,0.2857,557,163,245,149
285,1520719184,azul,verde,modelo_proposto,verde,1,3,12,30,0,30.0000,0.0000,199,30,144,25
285,1520719184,azul,vermelho,modelo_proposto,verde,0,-3,12,90,120,0.7500,0.0000,241,80,86,75
285,1520719184,azul,azul,modelo_proposto,verde,0,-3,12,120,120,1.0000,0.0000,304,82,147,75
286,1349709110,verde,verde,modelo_proposto,vermelho,0,-3,13,90,120,0.7500,0.0000,250,80,95,75
286,1349709110,verde,vermelho,modelo_proposto,vermelho,1,3,13,30,30,1.0000,0.0000,143,27,91,25
286,1349709110,verde,azul,modelo_proposto,vermelho,0,-3,13,150,120,1.2500,0.0000,545,158,237,150
287,1449566124,vermelho,verde,modelo_proposto,verde,1,3,12,30,0,30.0000,0.0909,154,28,102,24
287,1449566124,vermelho,vermelho,modelo_proposto,verde,0,-3,12,120,120,1.0000,0.0000,324,83,166,75
287,1449566124,vermelho,azul,modelo_proposto,verde,0,-3,12,90,120,0.7500,0.0000,240,80,85,75
288,546701403,azul,verde,modelo_proposto,vermelho,0,-3,14,120,120,1.0000,0.0000,437,164,173,100
288,546701403,azul,vermelho,modelo_proposto,vermelho,1,3,14,120,60,2.0000,0.0000,407,163,147,97
288,546701403,azul,azul,modelo_proposto,vermelho,0,-3,14,60,120,0.5000,0.0909,183,57,101,25
289,1544369877,verde,verde,modelo_proposto,azul,0,-3,12,70,120,0.5833,0.2857,243,81,88,74
289,1544369877,verde,vermelho,modelo_proposto,azul,0,-3,12,130,100,1.3000,0.4167,376,110,168,98
289,1544369877,verde,azul,modelo_proposto,azul,1,3,12,30,10,3.0000,0.1667,246,55,141,50
290,531010709,vermelho,verde,modelo_proposto,azul,0,-3,16,150,120,1.2500,0.0000,448,135,195,118
290,531010709,vermelho,vermelho,modelo_proposto,azul,0,-3,16,90,120,0.7500,0.0000,246,82,89,75
290,531010709,vermelho,azul,modelo_proposto,azul,1,3,16,30,30,1.0000,0.0000,222,31,167,24
291,53123547,azul,verde,modelo_proposto,vermelho,0,-3,9,80,120,0.6667,0.2500,231,79,78,74
291,53123547,azul,vermelho,modelo_proposto,vermelho,1,3,9,30,30,1.0000,0.2500,101,28,48,25
291,53123547,azul,azul,modelo_proposto,vermelho,0,-3,9,150,110,1.3636,0.1250,342,104,143,95
292,231262719,verde,verde,modelo_proposto,verde,1,3,36,30,30,1.0000,0.0278,347,42,267,38
292,231262719,verde,vermelho,modelo_proposto,verde,0,-3,36,90,100,0.9000,0.3043,457,119,227,111
292,231262719,verde,azul,modelo_proposto,verde,0,-3,36,130,120,1.0833,0.2000,767,203,377,187
293,662711743,vermelho,verde,modelo_proposto,vermelho,0,-3,22,90,120,0.7500,0.1429,282,80,128,74
293,662711743,vermelho,vermelho,modelo_proposto,vermelho,1,3,22,30,60,0.5000,0.0909,284,54,180,50
293,662711743,vermelho,azul,modelo_proposto,vermelho,0,-3,22,180,120,1.5000,0.0000,565,163,253,149
294,842140641,azul,verde,modelo_proposto,azul,0,-3,12,150,120,1.2500,0.0000,440,130,192,118
294,842140641,azul,vermelho,modelo_proposto,azul,0,-3,12,90,120,0.7500,0.0000,217,73,76,68
294,842140641,azul,azul,modelo_proposto,azul,1,3,12,30,30,1.0000,0.0833,170,28,117,25
295,1252927648,verde,verde,modelo_proposto,azul,0,-3,9,90,120,0.7500,0.1250,198,56,92,50
295,1252927648,verde,vermelho,modelo_proposto,azul,0,-3,9,120,120,1.0000,0.0000,345,108,137,100
295,1252927648,verde,azul,modelo_proposto,azul,1,3,9,60,30,2.0000,0.0000,205,81,75,49
296,488546147,vermelho,verde,modelo_proposto,azul,0,-3,9,120,120,1.0000,0.0000,355,104,154,97
296,488546147,vermelho,vermelho,modelo_proposto,azul,0,-3,9,90,120,0.7500,0.0000,241,77,90,74
296,488546147,vermelho,azul,modelo_proposto,azul,1,3,9,30,0,30.0000,0.0000,220,33,162,25
297,1093134130,azul,verde,modelo_proposto,azul,0,-3,12,20,100,0.2000,0.4286,222,106,68,48
297,1093134130,azul,vermelho,modelo_proposto,azul,0,-3,12,180,120,1.5000,0.3636,485,153,193,139
297,1093134130,azul,azul,modelo_proposto,azul,1,3,12,110,90,1.2222,0.1667,411,108,207,96
298,856898793,verde,verde,modelo_proposto,verde,1,3,11,30,20,1.5000,0.1818,133,29,79,25
298,856898793,verde,vermelho,modelo_proposto,verde,0,-3,11,140,120,1.1667,0.0000,446,135,186,125
298,856898793,verde,azul,modelo_proposto,verde,0,-3,11,90,120,0.7500,0.0000,239,79,86,74
299,679112036,vermelho,verde,modelo_proposto,azul,0,-3,17,150,120,1.2500,0.0000,665,177,314,174
299,679112036,vermelho,vermelho,modelo_proposto,azul,0,-3,17,90,120,0.7500,0.1111,249,79,96,74
299,679112036,vermelho,azul,modelo_proposto,azul,1,3,17,30,30,1.0000,0.0000,204,27,152,25
300,79218301,azul,verde,modelo_proposto,azul,0,-3,25,90,120,0.7500,0.0000,469,154,246,69
300,79218301,azul,vermelho,modelo_proposto,azul,0,-3,25,150,120,1.2500,0.0000,807,250,405,152
300,79218301,azul,azul,modelo_proposto,azul,1,3,25,30,30,1.0000,0.0400,390,35,330,25
301,1425715911,verde,verde,modelo_proposto,vermelho,0,-3,17,150,120,1.2500,0.0588,557,153,254,150
301,1425715911,verde,vermelho,modelo_proposto,vermelho,1,3,17,30,30,1.0000,0.0000,136,26,85,25
301,1425715911,verde,azul,modelo_proposto,vermelho,0,-3,17,90,120,0.7500,0.0000,256,80,101,75
302,324304472,vermelho,verde,modelo_proposto,azul,0,-3,15,60,120,0.5000,0.0000,227,70,92,65
302,324304472,vermelho,vermelho,modelo_proposto,azul,0,-3,15,150,120,1.2500,0.0000,381,104,186,91
302,324304472,vermelho,azul,modelo_proposto,azul,1,3,15,60,30,2.0000,0.0000,145,29,92,24
303,1492864929,azul,verde,modelo_proposto,verde,1,3,17,30,0,30.0000,0.0625,284,30,229,25
303,1492864929,azul,vermelho,modelo_proposto,verde,0,-3,17,120,120,1.0000,0.0000,499,108,291,100
303,1492864929,azul,azul,modelo_proposto,verde,0,-3,17,90,120,0.7500,0.0000,237,80,82,75
304,1121729027,verde,verde,modelo_proposto,vermelho,0,-3,19,90,120,0.7500,0.6429,488,142,221,125
304,1121729027,verde,vermelho,modelo_proposto,vermelho,1,3,19,30,10,3.0000,0.1579,255,54,151,50
304,1121729027,verde,azul,modelo_proposto,vermelho,0,-3,19,130,120,1.0833,0.5556,571,163,258,150
305,329186859,vermelho,verde,modelo_proposto,vermelho,0,-3,16,50,100,0.5000,0.3750,251,77,102,72
305,329186859,vermelho,vermelho,modelo_proposto,vermelho,1,3,16,60,50,1.2000,0.1250,349,100,156,93
305,329186859,vermelho,azul,modelo_proposto,vermelho,0,-3,16,150,110,1.3636,0.5333,455,122,224,109
306,947366636,azul,verde,modelo_proposto,vermelho,0,-3,26,90,120,0.7500,0.0909,257,80,102,75
306,947366636,azul,vermelho,modelo_proposto,vermelho,1,3,26,30,10,3.0000,0.1600,246,29,192,25
306,947366636,azul,azul,modelo_proposto,vermelho,0,-3,26,130,120,1.0833,0.3600,612,160,302,150
307,1818107138,verde,verde,modelo_proposto,azul,0,-3,20,90,120,0.7500,0.0000,264,81,108,75
307,1818107138,verde,vermelho,modelo_proposto,azul,0,-3,20,120,120,1.0000,0.0500,606,151,306,149
307,1818107138,verde,azul,modelo_proposto,azul,1,3,20,30,0,30.0000,0.2000,187,29,133,25
308,635456449,vermelho,verde,modelo_proposto,verde,1,3,18,60,40,1.5000,0.2353,331,58,223,50
308,635456449,vermelho,vermelho,modelo_proposto,verde,0,-3,18,60,110,0.5455,0.5455,401,110,191,100
308,635456449,vermelho,azul,modelo_proposto,verde,0,-3,18,150,120,1.2500,0.4118,650,163,362,125
309,1609319578,azul,verde,modelo_proposto,azul,0,-3,13,90,120,0.7500,0.0000,311,106,130,75
309,1609319578,azul,vermelho,modelo_proposto,azul,0,-3,13,120,120,1.0000,0.0833,348,83,191,74
309,1609319578,azul,azul,modelo_proposto,azul,1,3,13,30,0,30.0000,0.0769,230,31,174,25
310,391903060,verde,verde,modelo_proposto,verde,1,3,12,30,0,30.0000,0.0000,209,31,153,25
310,391903060,verde,vermelho,modelo_proposto,verde,0,-3,12,110,120,0.9167,0.0909,367,103,168,96
310,391903060,verde,azul,modelo_proposto,verde,0,-3,12,90,110,0.8182,0.2500,255,78,106,71
311,369162837,vermelho,verde,modelo_proposto,verde,1,3,9,30,0,30.0000,0.1250,135,27,85,23
311,369162837,vermelho,vermelho,modelo_proposto,verde,0,-3,9,100,120,0.8333,0.1250,294,82,137,75
311,369162837,vermelho,azul,modelo_proposto,verde,0,-3,9,90,100,0.9000,0.5000,234,80,79,75
312,40002021,azul,verde,modelo_proposto,empate,0,-1,100,90,120,0.7500,0.1000,292,77,142,73
312,40002021,azul,vermelho,modelo_proposto,empate,0,-1,100,120,90,1.3333,0.0000,2014,209,1638,167
312,40002021,azul,azul,modelo_proposto,empate,0,-1,100,0,0,0.0000,0.0500,1777,38,1739,0
313,349757038,verde,verde,modelo_proposto,azul,0,-3,19,80,110,0.7273,0.3333,241,80,86,75
313,349757038,verde,vermelho,modelo_proposto,azul,0,-3,19,140,110,1.2727,0.2105,669,140,384,145
313,349757038,verde,azul,modelo_proposto,azul,1,3,19,30,30,1.0000,0.1053,343,51,246,46
314,1753032231,vermelho,verde,modelo_proposto,azul,0,-3,20,90,120,0.7500,0.0000,241,76,94,71
314,1753032231,vermelho,vermelho,modelo_proposto,azul,0,-3,20,120,120,1.0000,0.1000,404,107,199,98
314,1753032231,vermelho,azul,modelo_proposto,azul,1,3,20,30,0,30.0000,0.0000,219,29,166,24
315,1173196213,azul,verde,modelo_proposto,vermelho,0,-3,22,120,120,1.0000,0.0000,557,117,328,112
315,1173196213,azul,vermelho,modelo_proposto,vermelho,1,3,22,30,0,30.0000,0.1429,243,27,194,22
315,1173196213,azul,azul,modelo_proposto,vermelho,0,-3,22,90,120,0.7500,0.0000,229,70,94,65
316,63142686,verde,verde,modelo_proposto,verde,1,3,12,30,30,1.0000,0.0833,136,29,82,25
316,63142686,verde,vermelho,modelo_proposto,verde,0,-3,12,90,120,0.7500,0.0000,249,80,94,75
316,63142686,verde,azul,modelo_proposto,verde,0,-3,12,150,120,1.2500,0.0909,450,135,190,125
317,681300813,vermelho,verde,modelo_proposto,azul,0,-3,10,90,120,0.7500,0.1429,246,80,91,75
317,681300813,vermelho,vermelho,modelo_proposto,azul,0,-3,10,120,120,1.0000,0.0000,373,107,166,100
317,681300813,vermelho,azul,modelo_proposto,azul,1,3,10,30,0,30.0000,0.0000,57,2,55,0
318,506974165,azul,verde,modelo_proposto,empate,0,-1,100,120,90,1.3333,0.0000,2012,154,1762,96
318,506974165,azul,vermelho,modelo_proposto,empate,0,-1,100,90,120,0.7500,0.0000,311,89,142,80
318,506974165,azul,azul,modelo_proposto,empate,0,-1,100,0,0,0.0000,0.0000,2001,47,1954,0
319,1573761150,verde,verde,modelo_proposto,azul,0,-3,19,150,120,1.2500,0.0000,722,179,368,175
319,1573761150,verde,vermelho,modelo_proposto,azul,0,-3,19,90,120,0.7500,0.0000,265,79,111,75
319,1573761150,verde,azul,modelo_proposto,azul,1,3,19,30,30,1.0000,0.0526,275,28,222,25
320,1937942672,vermelho,verde,modelo_proposto,vermelho,0,-3,9,150,120,1.2500,0.0000,358,107,154,97
320,1937942672,vermelho,vermelho,modelo_proposto,vermelho,1,3,9,30,30,1.0000,0.0000,126,27,74,25
320,1937942672,vermelho,azul,modelo_proposto,vermelho,0,-3,9,90,120,0.7500,0.0000,235,79,82,74
321,2043056792,azul,verde,modelo_proposto,empate,0,-1,100,120,90,1.3333,0.0101,1046,178,706,162
321,2043056792,azul,vermelho,modelo_proposto,empate,0,-1,100,0,0,0.0000,0.0101,3638,984,1752,902
321,2043056792,azul,azul,modelo_proposto,empate,0,-1,100,90,120,0.7500,0.2308,328,93,148,87
322,1502885451,verde,verde,modelo_proposto,azul,0,-3,8,70,120,0.5833,0.2000,210,72,73,65
322,1502885451,verde,vermelho,modelo_proposto,azul,0,-3,8,120,100,1.2000,0.5000,342,108,151,83
322,1502885451,verde,azul,modelo_proposto,azul,1,3,8,30,0,30.0000,0.1250,135,27,87,21
323,1638525914,vermelho,verde,modelo_proposto,azul,0,-3,15,150,120,1.2500,0.0000,377,106,177,94
323,1638525914,vermelho,vermelho,modelo_proposto,azul,0,-3,15,90,120,0.7500,0.0000,238,80,83,75
323,1638525914,vermelho,azul,modelo_proposto,azul,1,3,15,30,30,1.0000,0.0667,169,26,120,23
324,1461675684,azul,verde,modelo_proposto,verde,1,3,11,30,0,30.0000,0.0000,108,28,57,23
324,1461675684,azul,vermelho,modelo_proposto,verde,0,-3,11,120,120,1.0000,0.0000,305,81,151,73
324,1461675684,azul,azul,modelo_proposto,verde,0,-3,11,90,120,0.7500,0.0000,229,77,80,72
325,971720179,verde,verde,modelo_proposto,verde,1,3,13,30,30,1.0000,0.0000,189,33,131,25
325,971720179,verde,vermelho,modelo_proposto,verde,0,-3,13,150,120,1.2500,0.0000,478,163,214,101
325,971720179,verde,azul,modelo_proposto,verde,0,-3,13,90,120,0.7500,0.0000,336,94,155,87
326,566942735,vermelho,verde,modelo_proposto,azul,0,-3,14,80,110,0.7273,0.3333,263,70,128,65
326,566942735,vermelho,vermelho,modelo_proposto,azul,0,-3,14,140,110,1.2727,0.2857,497,144,221,132
326,566942735,vermelho,azul,modelo_proposto,azul,1,3,14,30,30,1.0000,0.0000,126,28,73,25
327,1508647464,azul,verde,modelo_proposto,vermelho,0,-3,13,120,120,1.0000,0.0000,471,133,213,125
327,1508647464,azul,vermelho,modelo_proposto,vermelho,1,3,13,30,0,30.0000,0.0000,130,4,126,0
327,1508647464,azul,azul,modelo_proposto,vermelho,0,-3,13,90,120,0.7500,0.0000,248,77,97,74
328,603781327,verde,verde,modelo_proposto,azul,0,-3,10,110,100,1.1000,0.4000,296,91,125,80
328,603781327,verde,vermelho,modelo_proposto,azul,0,-3,10,70,110,0.6364,0.5000,311,106,108,97
328,603781327,verde,azul,modelo_proposto,azul,1,3,10,30,0,30.0000,0.0000,105,3,102,0
329,1627862180,vermelho,verde,modelo_proposto,azul,0,-3,10,50,120,0.4167,0.1429,184,51,87,46
329,1627862180,vermelho,vermelho,modelo_proposto,azul,0,-3,10,150,110,1.3636,0.1000,437,133,182,122
329,1627862180,vermelho,azul,modelo_proposto,azul,1,3,10,90,60,1.5000,0.0000,361,105,184,72
330,2108647050,azul,verde,modelo_proposto,verde,1,3,22,90,30,3.0000,0.0476,467,82,312,73
330,2108647050,azul,vermelho,modelo_proposto,verde,0,-3,22,30,120,0.2500,0.2000,286,75,142,69
330,2108647050,azul,azul,modelo_proposto,verde,0,-3,22,150,120,1.2500,0.1905,636,145,350,141
331,71850044,verde,verde,modelo_proposto,azul,0,-3,10,90,110,0.8182,0.2857,245,80,90,75
331,71850044,verde,vermelho,modelo_proposto,azul,0,-3,10,140,110,1.2727,0.3000,446,136,185,125
331,71850044,verde,azul,modelo_proposto,azul,1,3,10,20,30,0.6667,0.4000,177,28,124,25
332,87384019,vermelho,verde,modelo_proposto,azul,0,-3,10,90,120,0.7500,0.0000,231,79,78,74
332,87384019,vermelho,vermelho,modelo_proposto,azul,0,-3,10,120,120,1.0000,0.0000,300,82,143,75
332,87384019,vermelho,azul,modelo_proposto,azul,1,3,10,30,0,30.0000,0.1000,54,2,52,0
333,456098441,azul,verde,modelo_proposto,verde,1,3,17,20,0,20.0000,0.1875,126,2,124,0
333,456098441,azul,vermelho,modelo_proposto,verde,0,-3,17,90,100,0.9000,0.3077,332,83,174,75
333,456098441,azul,azul,modelo_proposto,verde,0,-3,17,100,110,0.9091,0.1875,449,108,242,99
334,325496467,verde,verde,modelo_proposto,azul,0,-3,14,150,120,1.2500,0.0000,379,96,195,88
334,325496467,verde,vermelho,modelo_proposto,azul,0,-3,14,90,120,0.7500,0.0000,227,75,82,70
334,325496467,verde,azul,modelo_proposto,azul,1,3,14,30,30,1.0000,0.0000,162,30,110,22
335,1049597105,vermelho,verde,modelo_proposto,verde,1,3,14,30,0,30.0000,0.0769,146,29,93,24
335,1049597105,vermelho,vermelho,modelo_proposto,verde,0,-3,14,90,120,0.7500,0.1111,239,75,94,70
335,1049597105,vermelho,azul,modelo_proposto,verde,0,-3,14,120,120,1.0000,0.0769,330,83,172,75
336,1667655431,azul,verde,modelo_proposto,vermelho,0,-3,18,90,120,0.7500,0.0000,238,80,83,75
336,1667655431,azul,vermelho,modelo_proposto,vermelho,1,3,18,30,0,30.0000,0.1176,273,30,218,25
336,1667655431,azul,azul,modelo_proposto,vermelho,0,-3,18,120,120,1.0000,0.1765,514,99,315,100
337,970802006,verde,verde,modelo_proposto,azul,0,-3,8,110,120,0.9167,0.2500,348,112,136,100
337,970802006,verde,vermelho,modelo_proposto,azul,0,-3,8,120,110,1.0909,0.4286,347,135,112,100
337,970802006,verde,azul,modelo_proposto,azul,1,3,8,60,60,1.0000,0.1250,226,84,92,50
338,1342970439,vermelho,verde,modelo_proposto,verde,1,3,24,30,0,30.0000,0.0000,171,28,118,25
338,1342970439,vermelho,vermelho,modelo_proposto,verde,0,-3,24,120,120,1.0000,0.0870,456,110,236,110
338,1342970439,vermelho,azul,modelo_proposto,verde,0,-3,24,90,120,0.7500,0.0000,207,67,78,62
339,437208980,azul,verde,modelo_proposto,vermelho,0,-3,18,120,110,1.0909,0.2353,369,101,178,90
339,437208980,azul,vermelho,modelo_proposto,vermelho,1,3,18,30,0,30.0000,0.0588,79,2,77,0
339,437208980,azul,azul,modelo_proposto,vermelho,0,-3,18,80,120,0.6667,0.3750,238,76,91,71
340,1192874511,verde,verde,modelo_proposto,empate,0,-1,100,0,0,0.0000,0.0000,2030,48,1982,0
340,1192874511,verde,vermelho,modelo_proposto,empate,0,-1,100,120,90,1.3333,0.0000,2133,124,1938,71
340,1192874511,verde,azul,modelo_proposto,empate,0,-1,100,90,120,0.7500,0.0000,404,80,254,70
341,766493470,vermelho,verde,modelo_proposto,verde,1,3,14,60,30,2.0000,0.1538,199,57,92,50
341,766493470,vermelho,vermelho,modelo_proposto,verde,0,-3,14,60,120,0.5000,0.1111,298,79,144,75
341,766493470,vermelho,azul,modelo_proposto,verde,0,-3,14,150,120,1.2500,0.1538,528,147,239,142
342,410536207,azul,verde,modelo_proposto,verde,1,3,11,30,0,30.0000,0.0000,156,29,102,25
342,410536207,azul,vermelho,modelo_proposto,verde,0,-3,11,120,120,1.0000,0.0000,297,82,140,75
342,410536207,azul,azul,modelo_proposto,verde,0,-3,11,90,120,0.7500,0.0000,240,80,85,75
343,14153581,verde,verde,modelo_proposto,vermelho,0,-3,13,30,120,0.2500,0.0000,203,54,99,50
343,14153581,verde,vermelho,modelo_proposto,vermelho,1,3,13,120,50,2.4000,0.0769,413,138,175,100
343,14153581,verde,azul,modelo_proposto,vermelho,0,-3,13,140,120,1.1667,0.1667,476,176,176,124
344,307708705,vermelho,verde,modelo_proposto,verde,1,3,21,30,30,1.0000,0.0000,168,27,116,25
344,307708705,vermelho,vermelho,modelo_proposto,verde,0,-3,21,150,120,1.2500,0.0000,728,231,347,150
344,307708705,vermelho,azul,modelo_proposto,verde,0,-3,21,90,120,0.7500,0.0000,380,81,224,75
345,1409996403,azul,verde,modelo_proposto,vermelho,0,-3,12,120,120,1.0000,0.0000,429,163,167,99
345,1409996403,azul,vermelho,modelo_proposto,vermelho,1,3,12,90,90,1.0000,0.0000,425,130,198,97
345,1409996403,azul,azul,modelo_proposto,vermelho,0,-3,12,120,120,1.0000,0.0000,362,140,147,75
346,1737144842,verde,verde,modelo_proposto,azul,0,-3,13,90,120,0.7500,0.1000,213,65,87,61
346,1737144842,verde,vermelho,modelo_proposto,azul,0,-3,13,120,120,1.0000,0.1538,327,89,156,82
346,1737144842,verde,azul,modelo_proposto,azul,1,3,13,30,0,30.0000,0.0769,64,2,62,0
347,924703773,vermelho,verde,modelo_proposto,vermelho,0,-3,16,150,120,1.2500,0.2000,614,153,311,150
347,924703773,vermelho,vermelho,modelo_proposto,vermelho,1,3,16,30,30,1.0000,0.0625,138,26,87,25
347,924703773,vermelho,azul,modelo_proposto,vermelho,0,-3,16,90,120,0.7500,0.1000,340,81,184,75
348,928223588,azul,verde,modelo_proposto,verde,1,3,18,30,0,30.0000,0.0000,127,2,125,0
348,928223588,azul,vermelho,modelo_proposto,verde,0,-3,18,90,120,0.7500,0.0000,235,79,82,74
348,928223588,azul,azul,modelo_proposto,verde,0,-3,18,120,120,1.0000,0.1176,479,114,250,115
349,1182005340,verde,verde,modelo_proposto,verde,1,3,20,30,30,1.0000,0.0000,229,30,174,25
349,1182005340,verde,vermelho,modelo_proposto,verde,0,-3,20,130,100,1.3000,0.1579,443,114,216,113
349,1182005340,verde,azul,modelo_proposto,verde,0,-3,20,70,100,0.7000,0.1429,207,67,78,62
350,86749997,vermelho,verde,modelo_proposto,vermelho,0,-3,22,90,120,0.7500,0.0000,326,78,177,71
350,86749997,vermelho,vermelho,modelo_proposto,vermelho,1,3,22,30,30,1.0000,0.0909,260,29,206,25
350,86749997,vermelho,azul,modelo_proposto,vermelho,0,-3,22,150,120,1.2500,0.0476,635,167,305,163
351,2063477184,azul,verde,modelo_proposto,verde,1,3,16,20,0,20.0000,0.0667,220,30,165,25
351,2063477184,azul,vermelho,modelo_proposto,verde,0,-3,16,120,110,1.0909,0.0714,304,87,138,79
351,2063477184,azul,azul,modelo_proposto,verde,0,-3,16,90,120,0.7500,0.0000,228,70,96,62
352,1520633710,verde,verde,modelo_proposto,empate,0,-1,100,120,90,1.3333,0.4600,4421,1191,2058,1172
352,1520633710,verde,vermelho,modelo_proposto,empate,0,-1,100,60,120,0.5000,0.0909,296,92,115,89
352,1520633710,verde,azul,modelo_proposto,empate,0,-1,100,30,0,30.0000,0.0200,631,24,590,17
353,1518760950,vermelho,verde,modelo_proposto,vermelho,0,-3,17,150,120,1.2500,0.1250,470,125,233,112
353,1518760950,vermelho,vermelho,modelo_proposto,vermelho,1,3,17,30,30,1.0000,0.0000,331,30,276,25
353,1518760950,vermelho,azul,modelo_proposto,vermelho,0,-3,17,90,120,0.7500,0.0000,241,80,86,75
354,1313076164,azul,verde,modelo_proposto,verde,1,3,18,30,20,1.5000,0.1765,332,54,229,49
354,1313076164,azul,vermelho,modelo_proposto,verde,0,-3,18,90,100,0.9000,0.4545,218,64,95,59
354,1313076164,azul,azul,modelo_proposto,verde,0,-3,18,120,120,1.0000,0.2941,460,135,203,122
355,519671239,verde,verde,modelo_proposto,verde,1,3,17,90,60,1.5000,0.0000,410,105,236,69
355,519671239,verde,vermelho,modelo_proposto,verde,0,-3,17,150,120,1.2500,0.1250,412,119,189,104
355,519671239,verde,azul,modelo_proposto,verde,0,-3,17,60,120,0.5000,0.0000,304,75,163,66
356,293897162,vermelho,verde,modelo_proposto,vermelho,0,-3,20,150,120,1.2500,0.0000,449,111,238,100
356,293897162,vermelho,vermelho,modelo_proposto,vermelho,1,3,20,30,30,1.0000,0.0500,241,27,189,25
356,293897162,vermelho,azul,modelo_proposto,vermelho,0,-3,20,90,120,0.7500,0.0000,368,105,165,98
357,432934820,azul,verde,modelo_proposto,azul,0,-3,14,150,120,1.2500,0.0000,384,108,176,100
357,432934820,azul,vermelho,modelo_proposto,azul,0,-3,14,90,120,0.7500,0.0000,251,79,98,74
357,432934820,azul,azul,modelo_proposto,azul,1,3,14,30,30,1.0000,0.1429,128,28,75,25
358,1033327263,verde,verde,modelo_proposto,azul,0,-3,19,150,120,1.2500,0.0000,463,122,229,112
358,1033327263,verde,vermelho,modelo_proposto,azul,0,-3,19,90,120,0.7500,0.0769,455,115,234,106
358,1033327263,verde,azul,modelo_proposto,azul,1,3,19,30,30,1.0000,0.0000,158,28,105,25
359,137643404,vermelho,verde,modelo_proposto,verde,1,3,31,30,0,30.0000,0.0000,381,2,379,0
359,137643404,vermelho,vermelho,modelo_proposto,verde,0,-3,31,100,120,0.8333,0.2000,461,116,238,107
359,137643404,vermelho,azul,modelo_proposto,verde,0,-3,31,90,100,0.9000,0.7143,329,112,112,105
360,2017834313,azul,verde,modelo_proposto,azul,0,-3,11,70,120,0.5833,0.2000,238,80,83,75
360,2017834313,azul,vermelho,modelo_proposto,azul,0,-3,11,120,100,1.2000,0.3000,301,82,144,75
360,2017834313,azul,azul,modelo_proposto,azul,1,3,11,30,0,30.0000,0.0000,156,25,110,21
361,1611829491,verde,verde,modelo_proposto,verde,1,3,17,30,30,1.0000,0.0000,140,27,88,25
361,1611829491,verde,vermelho,modelo_proposto,verde,0,-3,17,90,110,0.8182,0.4286,227,74,84,69
361,1611829491,verde,azul,modelo_proposto,verde,0,-3,17,140,120,1.1667,0.1250,458,115,241,102
362,1288829251,vermelho,verde,modelo_proposto,verde,1,3,20,70,70,1.0000,0.2105,368,70,233,65
362,1288829251,vermelho,vermelho,modelo_proposto,verde,0,-3,20,170,120,1.4167,0.5263,702,201,318,183
362,1288829251,vermelho,azul,modelo_proposto,verde,0,-3,20,50,100,0.5000,0.3636,256,71,119,66
363,475521431,azul,verde,modelo_proposto,verde,1,3,13,30,0,30.0000,0.0000,132,27,82,23
363,475521431,azul,vermelho,modelo_proposto,verde,0,-3,13,80,120,0.6667,0.5000,434,152,157,125
363,475521431,azul,azul,modelo_proposto,verde,0,-3,13,120,110,1.0909,0.3333,356,105,152,99
364,1589776665,verde,verde,modelo_proposto,vermelho,0,-3,14,120,110,1.0909,0.1429,463,164,199,100
364,1589776665,verde,vermelho,modelo_proposto,vermelho,1,3,14,80,60,1.3333,0.1429,515,192,223,100
364,1589776665,verde,azul,modelo_proposto,vermelho,0,-3,14,90,120,0.7500,0.1667,395,109,211,75
365,1928754317,vermelho,verde,modelo_proposto,verde,1,3,8,30,0,30.0000,0.0000,54,2,52,0
365,1928754317,vermelho,vermelho,modelo_proposto,verde,0,-3,8,120,120,1.0000,0.0000,289,82,132,75
365,1928754317,vermelho,azul,modelo_proposto,verde,0,-3,8,90,120,0.7500,0.0000,238,80,83,75
366,893603869,azul,verde,modelo_proposto,azul,0,-3,9,90,120,0.7500,0.0000,240,78,87,75
366,893603869,azul,vermelho,modelo_proposto,azul,0,-3,9,120,120,1.0000,0.0000,343,106,137,100
366,893603869,azul,azul,modelo_proposto,azul,1,3,9,30,0,30.0000,0.1111,54,2,52,0
367,795826857,verde,verde,modelo_proposto,empate,0,-1,100,0,0,0.0000,0.0100,1916,0,1916,0
367,795826857,verde,vermelho,modelo_proposto,empate,0,-1,100,90,110,0.8182,0.2000,238,80,83,75
367,795826857,verde,azul,modelo_proposto,empate,0,-1,100,110,90,1.2222,0.0200,2116,82,1959,75
368,1170736711,vermelho,verde,modelo_proposto,azul,0,-3,10,60,120,0.5000,0.0000,188,47,98,43
368,1170736711,vermelho,vermelho,modelo_proposto,azul,0,-3,10,120,120,1.0000,0.0000,344,130,118,96
368,1170736711,vermelho,azul,modelo_proposto,azul,1,3,10,90,30,3.0000,0.0000,380,140,165,75
369,1599605876,azul,verde,modelo_proposto,azul,0,-3,19,150,120,1.2500,0.0556,409,107,205,97
369,1599605876,azul,vermelho,modelo_proposto,azul,0,-3,19,90,120,0.7500,0.1538,286,79,133,74
369,1599605876,azul,azul,modelo_proposto,azul,1,3,19,30,30,1.0000,0.1053,176,28,123,25
370,1800712511,verde,verde,modelo_proposto,vermelho,0,-3,24,170,110,1.5455,0.2500,543,144,269,130
370,1800712511,verde,vermelho,modelo_proposto,vermelho,1,3,24,60,60,1.0000,0.0417,301,55,198,48
370,1800712511,verde,azul,modelo_proposto,vermelho,0,-3,24,50,110,0.4545,0.5000,165,52,67,46
371,645522509,vermelho,verde,modelo_proposto,verde,1,3,14,30,30,1.0000,0.0000,127,26,76,25
371,645522509,vermelho,vermelho,modelo_proposto,verde,0,-3,14,90,120,0.7500,0.1111,274,81,118,75
371,645522509,vermelho,azul,modelo_proposto,verde,0,-3,14,150,120,1.2500,0.0000,559,171,238,150
372,29313969,azul,verde,modelo_proposto,verde,1,3,19,60,60,1.0000,0.1667,234,40,157,37
372,29313969,azul,vermelho,modelo_proposto,verde,0,-3,19,60,120,0.5000,0.1429,237,70,101,66
372,29313969,azul,azul,modelo_proposto,verde,0,-3,19,180,120,1.5000,0.0556,557,132,299,126
373,1970357873,verde,verde,modelo_proposto,verde,1,3,41,30,0,30.0000,0.0000,413,51,316,46
373,1970357873,verde,vermelho,modelo_proposto,verde,0,-3,41,90,120,0.7500,0.0000,226,74,83,69
373,1970357873,verde,azul,modelo_proposto,verde,0,-3,41,120,120,1.0000,0.0750,508,104,312,92
374,1241645600,vermelho,verde,modelo_proposto,verde,1,3,13,30,0,30.0000,0.0000,145,2,143,0
374,1241645600,vermelho,vermelho,modelo_proposto,verde,0,-3,13,90,120,0.7500,0.0000,239,79,86,74
374,1241645600,vermelho,azul,modelo_proposto,verde,0,-3,13,120,120,1.0000,0.0000,283,77,136,70
375,1353653477,azul,verde,modelo_proposto,azul,0,-3,13,110,120,0.9167,0.3333,426,131,171,124
375,1353653477,azul,vermelho,modelo_proposto,azul,0,-3,13,90,110,0.8182,0.4000,427,137,165,125
375,1353653477,azul,azul,modelo_proposto,azul,1,3,13,30,0,30.0000,0.0000,155,4,151,0
376,722060998,verde,verde,modelo_proposto,azul,0,-3,8,90,120,0.7500,0.2000,238,80,83,75
376,722060998,verde,vermelho,modelo_proposto,azul,0,-3,8,120,120,1.0000,0.2500,294,82,137,75
376,722060998,verde,azul,modelo_proposto,azul,1,3,8,30,0,30.0000,0.3750,47,2,45,0
377,946843648,vermelho,verde,modelo_proposto,vermelho,0,-3,12,90,120,0.7500,0.0000,246,79,93,74
377,946843648,vermelho,vermelho,modelo_proposto,vermelho,1,3,12,60,0,60.0000,0.0000,346,81,218,47
377,946843648,vermelho,azul,modelo_proposto,vermelho,0,-3,12,90,120,0.7500,0.0000,297,81,141,75
378,195273507,azul,verde,modelo_proposto,vermelho,0,-3,12,120,120,1.0000,0.0000,301,82,144,75
378,195273507,azul,vermelho,modelo_proposto,vermelho,1,3,12,30,0,30.0000,0.1818,74,2,72,0
378,195273507,azul,azul,modelo_proposto,vermelho,0,-3,12,90,120,0.7500,0.0000,241,80,86,75
379,741729714,verde,verde,modelo_proposto,vermelho,0,-3,33,150,120,1.2500,0.0000,523,132,275,116
379,741729714,verde,vermelho,modelo_proposto,vermelho,1,3,33,30,30,1.0000,0.0000,465,30,411,24
379,741729714,verde,azul,modelo_proposto,vermelho,0,-3,33,90,120,0.7500,0.0000,355,101,160,94
380,1187661710,vermelho,verde,modelo_proposto,vermelho,0,-3,21,140,110,1.2727,0.1500,575,158,272,145
380,1187661710,vermelho,vermelho,modelo_proposto,vermelho,1,3,21,30,30,1.0000,0.0476,170,30,115,25
380,1187661710,vermelho,azul,modelo_proposto,vermelho,0,-3,21,80,110,0.7273,0.2143,368,103,168,97
381,394963098,azul,verde,modelo_proposto,vermelho,0,-3,14,60,120,0.5000,0.4444,348,107,141,100
381,394963098,azul,vermelho,modelo_proposto,vermelho,1,3,14,120,10,12.0000,0.3077,504,143,261,100
381,394963098,azul,azul,modelo_proposto,vermelho,0,-3,14,60,110,0.5455,0.4615,561,153,283,125
382,2051369139,verde,verde,modelo_proposto,vermelho,0,-3,17,120,120,1.0000,0.1176,384,103,186,95
382,2051369139,verde,vermelho,modelo_proposto,vermelho,1,3,17,30,0,30.0000,0.0000,146,27,96,23
382,2051369139,verde,azul,modelo_proposto,vermelho,0,-3,17,90,120,0.7500,0.0000,259,78,107,74
383,1168745499,vermelho,verde,modelo_proposto,azul,0,-3,13,90,110,0.8182,0.1667,220,73,79,68
383,1168745499,vermelho,vermelho,modelo_proposto,azul,0,-3,13,110,120,0.9167,0.2308,397,89,218,90
383,1168745499,vermelho,azul,modelo_proposto,azul,1,3,13,30,0,30.0000,0.2308,125,30,70,25
384,2118575539,azul,verde,modelo_proposto,azul,0,-3,11,120,100,1.2000,0.1111,399,138,161,100
384,2118575539,azul,vermelho,modelo_proposto,azul,0,-3,11,60,100,0.6000,0.2000,409,147,163,99
384,2118575539,azul,azul,modelo_proposto,azul,1,3,11,50,30,1.6667,0.3636,354,86,193,75
385,441089282,verde,verde,modelo_proposto,verde,1,3,17,30,0,30.0000,0.1176,196,30,141,25
385,441089282,verde,vermelho,modelo_proposto,verde,0,-3,17,90,120,0.7500,0.0000,241,80,86,75
385,441089282,verde,azul,modelo_proposto,verde,0,-3,17,120,120,1.0000,0.0000,405,107,200,98
386,1667855064,vermelho,verde,modelo_proposto,vermelho,0,-3,11,120,120,1.0000,0.1000,452,156,174,122
386,1667855064,vermelho,vermelho,modelo_proposto,vermelho,1,3,11,30,0,30.0000,0.0000,203,30,148,25
386,1667855064,vermelho,azul,modelo_proposto,vermelho,0,-3,11,90,120,0.7500,0.0000,249,80,94,75
387,2017351961,azul,verde,modelo_proposto,verde,1,3,15,50,50,1.0000,0.5000,387,101,194,92
387,2017351961,azul,vermelho,modelo_proposto,verde,0,-3,15,170,100,1.7000,0.5385,626,221,241,164
387,2017351961,azul,azul,modelo_proposto,verde,0,-3,15,50,120,0.4167,0.3333,372,126,151,95
388,1950536216,verde,verde,modelo_proposto,empate,0,-1,100,120,90,1.3333,0.0200,1501,112,1332,57
388,1950536216,verde,vermelho,modelo_proposto,empate,0,-1,100,90,120,0.7500,0.0000,450,67,325,58
388,1950536216,verde,azul,modelo_proposto,empate,0,-1,100,0,0,0.0000,0.0000,1961,79,1869,13
389,60663468,vermelho,verde,modelo_proposto,verde,1,3,20,60,30,2.0000,0.1053,224,54,123,47
389,60663468,vermelho,vermelho,modelo_proposto,verde,0,-3,20,140,120,1.1667,0.1053,371,98,186,87
389,60663468,vermelho,azul,modelo_proposto,verde,0,-3,20,60,110,0.5455,0.1538,244,66,116,62
390,1266052967,azul,verde,modelo_proposto,azul,0,-3,15,120,120,1.0000,0.0714,339,85,179,75
390,1266052967,azul,vermelho,modelo_proposto,azul,0,-3,15,90,120,0.7500,0.0000,244,80,89,75
390,1266052967,azul,azul,modelo_proposto,azul,1,3,15,30,0,30.0000,0.0000,199,22,161,16
391,553143731,verde,verde,modelo_proposto,vermelho,0,-3,13,90,120,0.7500,0.0000,244,80,89,75
391,553143731,verde,vermelho,modelo_proposto,vermelho,1,3,13,30,0,30.0000,0.0000,141,29,87,25
391,553143731,verde,azul,modelo_proposto,vermelho,0,-3,13,120,120,1.0000,0.0000,302,80,149,73
392,1136855950,vermelho,verde,modelo_proposto,azul,0,-3,18,120,120,1.0000,0.0000,392,105,190,97
392,1136855950,vermelho,vermelho,modelo_proposto,azul,0,-3,18,90,120,0.7500,0.0000,259,78,107,74
392,1136855950,vermelho,azul,modelo_proposto,azul,1,3,18,30,0,30.0000,0.0000,235,49,143,43
393,376447012,azul,verde,modelo_proposto,vermelho,0,-3,20,120,110,1.0909,0.2632,455,92,273,90
393,376447012,azul,vermelho,modelo_proposto,vermelho,1,3,20,30,0,30.0000,0.0526,203,30,148,25
393,376447012,azul,azul,modelo_proposto,vermelho,0,-3,20,80,120,0.6667,0.2857,207,67,78,62
394,1614578985,verde,verde,modelo_proposto,vermelho,0,-3,13,90,120,0.7500,0.0000,248,68,118,62
394,1614578985,verde,vermelho,modelo_proposto,vermelho,1,3,13,30,0,30.0000,0.0769,67,2,65,0
394,1614578985,verde,azul,modelo_proposto,vermelho,0,-3,13,120,120,1.0000,0.0000,429,117,201,111
395,865668011,vermelho,verde,modelo_proposto,empate,0,-1,100,0,0,0.0000,0.0000,2098,50,2048,0
395,865668011,vermelho,vermelho,modelo_proposto,empate,0,-1,100,0,0,0.0000,0.0000,2136,50,2086,0
395,865668011,vermelho,azul,modelo_proposto,empate,0,-1,100,0,0,0.0000,0.0000,591,0,591,0
396,923755655,azul,verde,modelo_proposto,vermelho,0,-3,18,90,110,0.8182,0.2857,244,80,89,75
396,923755655,azul,vermelho,modelo_proposto,vermelho,1,3,18,30,0,30.0000,0.0588,156,29,103,24
396,923755655,azul,azul,modelo_proposto,vermelho,0,-3,18,110,120,0.9167,0.1765,364,85,204,75
397,258776197,verde,verde,modelo_proposto,vermelho,0,-3,19,90,120,0.7500,0.0000,259,73,117,69
397,258776197,verde,vermelho,modelo_proposto,vermelho,1,3,19,30,30,1.0000,0.0526,131,25,82,24
397,258776197,verde,azul,modelo_proposto,vermelho,0,-3,19,150,120,1.2500,0.0000,545,152,249,144
398,1620914435,vermelho,verde,modelo_proposto,azul,0,-3,16,90,120,0.7500,0.0000,241,73,100,68
398,1620914435,vermelho,vermelho,modelo_proposto,azul,0,-3,16,150,120,1.2500,0.0000,561,163,252,146
398,1620914435,vermelho,azul,modelo_proposto,azul,1,3,16,30,30,1.0000,0.0000,153,17,122,14
399,1741497087,azul,verde,modelo_proposto,vermelho,0,-3,13,100,100,1.0000,0.2500,361,110,151,100
399,1741497087,azul,vermelho,modelo_proposto,vermelho,1,3,13,30,0,30.0000,0.0000,142,28,89,25
399,1741497087,azul,azul,modelo_proposto,vermelho,0,-3,13,70,100,0.7000,0.2222,299,83,141,75
400,558524762,verde,verde,modelo_proposto,azul,0,-3,23,140,120,1.1667,0.1739,583,152,285,146
400,558524762,verde,vermelho,modelo_proposto,azul,0,-3,23,90,110,0.8182,0.0909,321,80,167,74
400,558524762,verde,azul,modelo_proposto,azul,1,3,23,30,30,1.0000,0.1304,217,29,163,25
401,1039082064,vermelho,verde,modelo_proposto,empate,0,-1,100,0,0,0.0000,0.0000,2042,49,1993,0
401,1039082064,vermelho,vermelho,modelo_proposto,empate,0,-1,100,0,0,0.0000,0.0000,1984,0,1984,0
401,1039082064,vermelho,azul,modelo_proposto,empate,0,-1,100,0,0,0.0000,0.0000,2116,48,2068,0
402,902252012,azul,verde,modelo_proposto,vermelho,0,-3,29,90,120,0.7500,0.0000,234,80,79,75
402,902252012,azul,vermelho,modelo_proposto,vermelho,1,3,29,30,30,1.0000,0.0000,205,28,152,25
402,902252012,azul,azul,modelo_proposto,vermelho,0,-3,29,150,120,1.2500,0.0357,516,110,306,100
403,1638510092,verde,verde,modelo_proposto,vermelho,0,-3,21,120,120,1.0000,0.1429,348,81,193,74
403,1638510092,verde,vermelho,modelo_proposto,vermelho,1,3,21,30,0,30.0000,0.0476,287,2,285,0
403,1638510092,verde,azul,modelo_proposto,vermelho,0,-3,21,90,120,0.7500,0.0769,369,79,216,74
404,697931922,vermelho,verde,modelo_proposto,verde,1,3,14,10,60,0.1667,0.2308,371,101,181,89
404,697931922,vermelho,vermelho,modelo_proposto,verde,0,-3,14,180,100,1.8000,0.2308,442,133,189,120
404,697931922,vermelho,azul,modelo_proposto,verde,0,-3,14,90,120,0.7500,0.0000,225,74,84,67
405,148352726,azul,verde,modelo_proposto,vermelho,0,-3,14,90,120,0.7500,0.0000,295,79,142,74
405,148352726,azul,vermelho,modelo_proposto,vermelho,1,3,14,30,0,30.0000,0.2308,89,2,87,0
405,148352726,azul,azul,modelo_proposto,vermelho,0,-3,14,120,120,1.0000,0.0769,403,107,196,100
406,1423957648,verde,verde,modelo_proposto,vermelho,0,-3,17,150,120,1.2500,0.0000,598,158,291,149
406,1423957648,verde,vermelho,modelo_proposto,vermelho,1,3,17,30,30,1.0000,0.0588,132,26,82,24
406,1423957648,verde,azul,modelo_proposto,vermelho,0,-3,17,90,120,0.7500,0.0000,257,79,103,75
407,1350537079,vermelho,verde,modelo_proposto,azul,0,-3,17,150,100,1.5000,0.1250,419,111,209,99
407,1350537079,vermelho,vermelho,modelo_proposto,azul,0,-3,17,90,120,0.7500,0.0000,244,80,89,75
407,1350537079,vermelho,azul,modelo_proposto,azul,1,3,17,10,30,0.3333,0.3529,154,28,101,25
408,614268430,azul,verde,modelo_proposto,vermelho,0,-3,18,120,120,1.0000,0.1176,418,109,209,100
408,614268430,azul,vermelho,modelo_proposto,vermelho,1,3,18,30,0,30.0000,0.0588,151,29,97,25
408,614268430,azul,azul,modelo_proposto,vermelho,0,-3,18,90,120,0.7500,0.0000,239,79,86,74
409,1044670401,verde,verde,modelo_proposto,vermelho,0,-3,21,70,100,0.7000,0.4118,385,103,211,71
409,1044670401,verde,vermelho,modelo_proposto,vermelho,1,3,21,80,80,1.0000,0.3333,595,212,237,146
409,1044670401,verde,azul,modelo_proposto,vermelho,0,-3,21,130,100,1.3000,0.4500,863,261,366,236
410,73927817,vermelho,verde,modelo_proposto,verde,1,3,12,30,0,30.0000,0.0000,162,29,108,25
410,73927817,vermelho,vermelho,modelo_proposto,verde,0,-3,12,90,120,0.7500,0.0000,236,74,94,68
410,73927817,vermelho,azul,modelo_proposto,verde,0,-3,12,120,120,1.0000,0.0000,356,101,161,94
411,1599316740,azul,verde,modelo_proposto,azul,0,-3,19,120,120,1.0000,0.0556,324,82,167,75
411,1599316740,azul,vermelho,modelo_proposto,azul,0,-3,19,90,120,0.7500,0.0000,289,80,134,75
411,1599316740,azul,azul,modelo_proposto,azul,1,3,19,30,0,30.0000,0.1053,218,30,163,25
412,728730537,verde,verde,modelo_proposto,azul,0,-3,12,100,120,0.8333,0.3333,498,136,237,125
412,728730537,verde,vermelho,modelo_proposto,azul,0,-3,12,90,100,0.9000,0.5000,242,80,87,75
412,728730537,verde,azul,modelo_proposto,azul,1,3,12,30,0,30.0000,0.2500,206,30,151,25
413,769613667,vermelho,verde,modelo_proposto,verde,1,3,10,30,30,1.0000,0.0000,105,26,54,25
413,769613667,vermelho,vermelho,modelo_proposto,verde,0,-3,10,150,120,1.2500,0.1111,372,110,162,100
413,769613667,vermelho,azul,modelo_proposto,verde,0,-3,10,90,120,0.7500,0.0000,238,80,83,75
414,701710304,azul,verde,modelo_proposto,azul,0,-3,10,90,120,0.7500,0.0000,239,95,80,64
414,701710304,azul,vermelho,modelo_proposto,azul,0,-3,10,120,120,1.0000,0.0000,429,160,162,107
414,701710304,azul,azul,modelo_proposto,azul,1,3,10,30,0,30.0000,0.2000,169,30,115,24
415,2146003900,verde,verde,modelo_proposto,azul,0,-3,30,90,120,0.7500,0.1250,241,60,126,55
415,2146003900,verde,vermelho,modelo_proposto,azul,0,-3,30,120,120,1.0000,0.0667,490,110,279,101
415,2146003900,verde,azul,modelo_proposto,azul,1,3,30,30,0,30.0000,0.1000,197,28,144,25
416,1585576561,vermelho,verde,modelo_proposto,verde,1,3,16,60,60,1.0000,0.2000,373,106,196,71
416,1585576561,vermelho,vermelho,modelo_proposto,verde,0,-3,16,110,120,0.9167,0.1333,494,157,242,95
416,1585576561,vermelho,azul,modelo_proposto,verde,0,-3,16,120,110,1.0909,0.2727,380,122,162,96
417,1048996951,azul,verde,modelo_proposto,verde,1,3,21,30,0,30.0000,0.0000,383,55,282,46
417,1048996951,azul,vermelho,modelo_proposto,verde,0,-3,21,120,120,1.0000,0.0000,606,157,349,100
417,1048996951,azul,azul,modelo_proposto,verde,0,-3,21,90,120,0.7500,0.1111,331,116,140,75
418,614909108,verde,verde,modelo_proposto,azul,0,-3,19,80,100,0.8000,0.1818,368,107,161,100
418,614909108,verde,vermelho,modelo_proposto,azul,0,-3,19,130,110,1.1818,0.3158,595,160,285,150
418,614909108,verde,azul,modelo_proposto,azul,1,3,19,30,30,1.0000,0.0526,270,29,216,25
419,1906067081,vermelho,verde,modelo_proposto,vermelho,0,-3,15,90,120,0.7500,0.0000,295,88,144,63
419,1906067081,vermelho,vermelho,modelo_proposto,vermelho,1,3,15,30,0,30.0000,0.0000,323,27,277,19
419,1906067081,vermelho,azul,modelo_proposto,vermelho,0,-3,15,120,120,1.0000,0.0000,406,72,268,66
420,974694883,azul,verde,modelo_proposto,vermelho,0,-3,16,90,120,0.7500,0.0000,260,95,90,75
420,974694883,azul,vermelho,modelo_proposto,vermelho,1,3,16,30,30,1.0000,0.1333,160,31,104,25
420,974694883,azul,azul,modelo_proposto,vermelho,0,-3,16,150,120,1.2500,0.0000,407,108,201,98
421,277475170,verde,verde,modelo_proposto,vermelho,0,-3,15,120,120,1.0000,0.0000,506,100,307,99
421,277475170,verde,vermelho,modelo_proposto,vermelho,1,3,15,30,0,30.0000,0.0667,192,29,139,24
421,277475170,verde,azul,modelo_proposto,vermelho,0,-3,15,90,120,0.7500,0.0000,238,79,85,74
422,148424731,vermelho,verde,modelo_proposto,verde,1,3,11,30,0,30.0000,0.0000,59,2,57,0
422,148424731,vermelho,vermelho,modelo_proposto,verde,0,-3,11,110,120,0.9167,0.4000,423,132,166,125
422,148424731,vermelho,azul,modelo_proposto,verde,0,-3,11,90,110,0.8182,0.5714,344,112,132,100
423,604743709,azul,verde,modelo_proposto,azul,0,-3,6,50,120,0.4167,0.4000,235,79,82,74
423,604743709,azul,vermelho,modelo_proposto,azul,0,-3,6,120,100,1.2000,0.6000,261,82,104,75
423,604743709,azul,azul,modelo_proposto,azul,1,3,6,50,0,50.0000,0.0000,197,82,65,50
424,838363468,verde,verde,modelo_proposto,verde,1,3,13,30,0,30.0000,0.1538,110,25,65,20
424,838363468,verde,vermelho,modelo_proposto,verde,0,-3,13,90,120,0.7500,0.0000,253,76,105,72
424,838363468,verde,azul,modelo_proposto,verde,0,-3,13,120,120,1.0000,0.0000,348,99,157,92
425,1461119760,vermelho,verde,modelo_proposto,vermelho,0,-3,22,90,120,0.7500,0.0000,344,78,194,72
425,1461119760,vermelho,vermelho,modelo_proposto,vermelho,1,3,22,30,0,30.0000,0.2273,245,31,190,24
425,1461119760,vermelho,azul,modelo_proposto,vermelho,0,-3,22,120,120,1.0000,0.0000,484,108,279,97
426,2054000186,azul,verde,modelo_proposto,vermelho,0,-3,16,120,120,1.0000,0.0667,476,105,271,100
426,2054000186,azul,vermelho,modelo_proposto,vermelho,1,3,16,30,0,30.0000,0.1333,192,23,150,19
426,2054000186,azul,azul,modelo_proposto,vermelho,0,-3,16,90,120,0.7500,0.0000,238,80,83,75
427,1470480063,verde,verde,modelo_proposto,verde,1,3,11,30,0,30.0000,0.1818,138,29,85,24
427,1470480063,verde,vermelho,modelo_proposto,verde,0,-3,11,120,110,1.0909,0.2000,470,145,203,122
427,1470480063,verde,azul,modelo_proposto,verde,0,-3,11,80,120,0.6667,0.0000,258,80,104,74
428,766136782,vermelho,verde,modelo_proposto,azul,0,-3,22,30,120,0.2500,0.0000,339,83,206,50
428,766136782,vermelho,vermelho,modelo_proposto,azul,0,-3,22,120,120,1.0000,0.0455,646,193,328,125
428,766136782,vermelho,azul,modelo_proposto,azul,1,3,22,150,60,2.5000,0.0909,765,261,329,175
429,372718935,azul,verde,modelo_proposto,azul,0,-3,11,120,120,1.0000,0.0000,318,132,116,70
429,372718935,azul,vermelho,modelo_proposto,azul,0,-3,11,90,120,0.7500,0.0000,323,133,115,75
429,372718935,azul,azul,modelo_proposto,azul,1,3,11,120,90,1.3333,0.0000,380,135,146,99
430,2045200466,verde,verde,modelo_proposto,verde,1,3,10,30,0,30.0000,0.0000,129,28,77,24
430,2045200466,verde,vermelho,modelo_proposto,verde,0,-3,10,90,120,0.7500,0.0000,238,80,83,75
430,2045200466,verde,azul,modelo_proposto,verde,0,-3,10,120,120,1.0000,0.0000,299,83,141,75
431,1900958049,vermelho,verde,modelo_proposto,verde,1,3,16,30,0,30.0000,0.1333,175,29,121,25
431,1900958049,vermelho,vermelho,modelo_proposto,verde,0,-3,16,120,120,1.0000,0.1333,502,129,254,119
431,1900958049,vermelho,azul,modelo_proposto,verde,0,-3,16,90,120,0.7500,0.0000,204,68,73,63
432,1317230616,azul,verde,modelo_proposto,verde,1,3,10,60,30,2.0000,0.0000,142,28,91,23
432,1317230616,azul,vermelho,modelo_proposto,verde,0,-3,10,60,120,0.5000,0.0000,243,78,94,71
432,1317230616,azul,azul,modelo_proposto,verde,0,-3,10,150,120,1.2500,0.0000,380,107,177,96
433,1343244560,verde,verde,modelo_proposto,vermelho,0,-3,17,150,110,1.3636,0.3529,518,118,282,118
433,1343244560,verde,vermelho,modelo_proposto,vermelho,1,3,17,30,30,1.0000,0.4118,204,26,157,21
433,1343244560,verde,azul,modelo_proposto,vermelho,0,-3,17,80,120,0.6667,0.2857,236,77,87,72
434,784401889,vermelho,verde,modelo_proposto,vermelho,0,-3,13,90,110,0.8182,0.1429,259,77,109,73
434,784401889,vermelho,vermelho,modelo_proposto,vermelho,1,3,13,30,30,1.0000,0.0000,184,27,132,25
434,784401889,vermelho,azul,modelo_proposto,vermelho,0,-3,13,140,120,1.1667,0.1667,453,135,193,125
435,1579403662,azul,verde,modelo_proposto,vermelho,0,-3,18,150,120,1.2500,0.0000,452,124,216,112
435,1579403662,azul,vermelho,modelo_proposto,vermelho,1,3,18,60,30,2.0000,0.0588,261,55,156,50
435,1579403662,azul,azul,modelo_proposto,vermelho,0,-3,18,60,120,0.5000,0.0000,244,67,114,63
436,1577216255,verde,verde,modelo_proposto,azul,0,-3,17,90,120,0.7500,0.0000,253,78,103,72
436,1577216255,verde,vermelho,modelo_proposto,azul,0,-3,17,150,120,1.2500,0.0588,492,152,199,141
436,1577216255,verde,azul,modelo_proposto,azul,1,3,17,30,30,1.0000,0.0588,165,24,119,22
437,1215591661,vermelho,verde,modelo_proposto,azul,0,-3,13,70,120,0.5833,0.1429,219,69,85,65
437,1215591661,vermelho,vermelho,modelo_proposto,azul,0,-3,13,150,100,1.5000,0.4615,588,170,252,166
437,1215591661,vermelho,azul,modelo_proposto,azul,1,3,13,30,30,1.0000,0.1538,142,25,93,24
438,2129381150,azul,verde,modelo_proposto,verde,1,3,24,30,30,1.0000,0.0435,164,26,115,23
438,2129381150,azul,vermelho,modelo_proposto,verde,0,-3,24,90,120,0.7500,0.0000,236,82,79,75
438,2129381150,azul,azul,modelo_proposto,verde,0,-3,24,150,120,1.2500,0.0435,413,107,208,98
439,200211642,verde,verde,modelo_proposto,vermelho,0,-3,16,120,120,1.0000,0.0000,365,101,172,92
439,200211642,verde,vermelho,modelo_proposto,vermelho,1,3,16,30,0,30.0000,0.0625,75,2,73,0
439,200211642,verde,azul,modelo_proposto,vermelho,0,-3,16,90,120,0.7500,0.0000,272,76,127,69
440,739759482,vermelho,verde,modelo_proposto,verde,1,3,15,60,0,60.0000,0.2143,291,87,154,50
440,739759482,vermelho,vermelho,modelo_proposto,verde,0,-3,15,70,110,0.6364,0.3571,455,111,244,100
440,739759482,vermelho,azul,modelo_proposto,verde,0,-3,15,80,100,0.8000,0.4615,482,162,220,100
441,571873306,azul,verde,modelo_proposto,azul,0,-3,13,90,120,0.7500,0.1667,371,107,166,98
441,571873306,azul,vermelho,modelo_proposto,azul,0,-3,13,120,120,1.0000,0.0833,356,103,161,92
441,571873306,azul,azul,modelo_proposto,azul,1,3,13,30,0,30.0000,0.0769,137,26,90,21
442,1141555388,verde,verde,modelo_proposto,vermelho,0,-3,19,90,120,0.7500,0.0000,268,79,114,75
442,1141555388,verde,vermelho,modelo_proposto,vermelho,1,3,19,30,0,30.0000,0.0526,232,28,180,24
442,1141555388,verde,azul,modelo_proposto,vermelho,0,-3,19,120,120,1.0000,0.0000,404,109,195,100
443,1737235775,vermelho,verde,modelo_proposto,azul,0,-3,16,80,120,0.6667,0.1250,203,65,78,60
443,1737235775,vermelho,vermelho,modelo_proposto,azul,0,-3,16,150,100,1.5000,0.1875,436,114,218,104
443,1737235775,vermelho,azul,modelo_proposto,azul,1,3,16,20,30,0.6667,0.1875,255,67,129,59
444,1019163322,azul,verde,modelo_proposto,verde,1,3,20,30,0,30.0000,0.0526,159,24,116,19
444,1019163322,azul,vermelho,modelo_proposto,verde,0,-3,20,90,120,0.7500,0.0000,334,80,180,74
444,1019163322,azul,azul,modelo_proposto,verde,0,-3,20,120,120,1.0000,0.0000,450,110,242,98
445,1477330786,verde,verde,modelo_proposto,vermelho,0,-3,13,130,100,1.3000,0.2308,444,156,169,119
445,1477330786,verde,vermelho,modelo_proposto,vermelho,1,3,13,10,30,0.3333,0.1538,185,25,139,21
445,1477330786,verde,azul,modelo_proposto,vermelho,0,-3,13,90,100,0.9000,0.2727,391,133,164,94
446,744905077,vermelho,verde,modelo_proposto,vermelho,0,-3,21,140,110,1.2727,0.2000,592,148,299,145
446,744905077,vermelho,vermelho,modelo_proposto,vermelho,1,3,21,30,30,1.0000,0.0476,317,26,266,25
446,744905077,vermelho,azul,modelo_proposto,vermelho,0,-3,21,80,110,0.7273,0.1818,337,81,181,75
447,1994270146,azul,verde,modelo_proposto,azul,0,-3,15,70,100,0.7000,0.1667,260,92,101,67
447,1994270146,azul,vermelho,modelo_proposto,azul,0,-3,15,140,110,1.2727,0.2857,504,147,223,134
447,1994270146,azul,azul,modelo_proposto,azul,1,3,15,40,40,1.0000,0.1333,313,51,216,46
448,164773497,verde,verde,modelo_proposto,verde,1,3,11,30,0,30.0000,0.0000,135,29,81,25
448,164773497,verde,vermelho,modelo_proposto,verde,0,-3,11,90,120,0.7500,0.4000,238,80,83,75
448,164773497,verde,azul,modelo_proposto,verde,0,-3,11,120,120,1.0000,0.1000,295,80,142,73
449,1649528846,vermelho,verde,modelo_proposto,vermelho,0,-3,18,90,120,0.7500,0.0000,237,80,82,75
449,1649528846,vermelho,vermelho,modelo_proposto,vermelho,1,3,18,30,0,30.0000,0.0000,214,29,160,25
449,1649528846,vermelho,azul,modelo_proposto,vermelho,0,-3,18,120,120,1.0000,0.0000,322,82,165,75
450,8261800,azul,verde,modelo_proposto,verde,1,3,13,120,60,2.0000,0.0000,382,114,193,75
450,8261800,azul,vermelho,modelo_proposto,verde,0,-3,13,90,120,0.7500,0.1250,273,83,115,75
450,8261800,azul,azul,modelo_proposto,verde,0,-3,13,90,120,0.7500,0.1667,311,83,153,75
451,1520873105,verde,verde,modelo_proposto,verde,1,3,16,90,90,1.0000,0.0000,439,79,292,68
451,1520873105,verde,vermelho,modelo_proposto,verde,0,-3,16,150,120,1.2500,0.0000,385,101,194,90
451,1520873105,verde,azul,modelo_proposto,verde,0,-3,16,90,120,0.7500,0.0000,391,101,228,62
452,189695113,vermelho,verde,modelo_proposto,vermelho,0,-3,17,120,120,1.0000,0.0000,291,75,148,68
452,189695113,vermelho,vermelho,modelo_proposto,vermelho,1,3,17,30,0,30.0000,0.0588,127,27,76,24
452,189695113,vermelho,azul,modelo_proposto,vermelho,0,-3,17,90,120,0.7500,0.0000,220,74,77,69
453,2050012462,azul,verde,modelo_proposto,vermelho,0,-3,27,90,120,0.7500,0.0000,240,82,83,75
453,2050012462,azul,vermelho,modelo_proposto,vermelho,1,3,27,30,30,1.0000,0.0385,236,31,180,25
453,2050012462,azul,azul,modelo_proposto,vermelho,0,-3,27,150,120,1.2500,0.0385,429,113,217,99
454,105099442,verde,verde,modelo_proposto,azul,0,-3,9,90,120,0.7500,0.0000,295,134,90,71
454,105099442,verde,vermelho,modelo_proposto,azul,0,-3,9,120,120,1.0000,0.0000,370,158,117,95
454,105099442,verde,azul,modelo_proposto,azul,1,3,9,120,90,1.3333,0.0000,351,137,117,97
455,898790568,vermelho,verde,modelo_proposto,verde,1,3,15,30,0,30.0000,0.0000,256,31,200,25
455,898790568,vermelho,vermelho,modelo_proposto,verde,0,-3,15,90,120,0.7500,0.0000,238,80,83,75
455,898790568,vermelho,azul,modelo_proposto,verde,0,-3,15,120,120,1.0000,0.0000,505,97,308,100
456,2054871234,azul,verde,modelo_proposto,azul,0,-3,15,140,120,1.1667,0.1429,494,151,206,137
456,2054871234,azul,vermelho,modelo_proposto,azul,0,-3,15,90,120,0.7500,0.0000,320,100,126,94
456,2054871234,azul,azul,modelo_proposto,azul,1,3,15,30,20,1.5000,0.1333,134,25,87,22
457,567165131,verde,verde,modelo_proposto,verde,1,3,11,30,0,30.0000,0.2727,63,2,61,0
457,567165131,verde,vermelho,modelo_proposto,verde,0,-3,11,120,120,1.0000,0.0000,299,82,142,75
457,567165131,verde,azul,modelo_proposto,verde,0,-3,11,90,120,0.7500,0.0000,241,80,86,75
458,1506506545,vermelho,verde,modelo_proposto,verde,1,3,12,170,60,2.8333,0.3636,534,193,191,150
458,1506506545,vermelho,vermelho,modelo_proposto,verde,0,-3,12,30,110,0.2727,0.4545,463,148,194,121
458,1506506545,vermelho,azul,modelo_proposto,verde,0,-3,12,90,120,0.7500,0.4286,259,57,152,50
459,338695334,azul,verde,modelo_proposto,empate,0,-1,100,0,0,0.0000,0.0101,1488,50,1438,0
459,338695334,azul,vermelho,modelo_proposto,empate,0,-1,100,90,120,0.7500,0.0000,660,95,491,74
459,338695334,azul,azul,modelo_proposto,empate,0,-1,100,120,90,1.3333,0.0000,2005,146,1762,97
460,369462903,verde,verde,modelo_proposto,vermelho,0,-3,15,90,100,0.9000,0.0909,391,128,189,74
460,369462903,verde,vermelho,modelo_proposto,vermelho,1,3,15,10,60,0.1667,0.1333,410,66,295,49
460,369462903,verde,azul,modelo_proposto,vermelho,0,-3,15,160,100,1.6000,0.2143,739,267,300,172
461,1639586025,vermelho,verde,modelo_proposto,vermelho,0,-3,16,160,120,1.3333,0.2667,584,193,259,132
461,1639586025,vermelho,vermelho,modelo_proposto,vermelho,1,3,16,60,60,1.0000,0.1875,325,78,181,66
461,1639586025,vermelho,azul,modelo_proposto,vermelho,0,-3,16,60,100,0.6000,0.4545,345,103,151,91
462,1094686237,azul,verde,modelo_proposto,vermelho,0,-3,24,80,120,0.6667,0.8333,266,84,107,75
462,1094686237,azul,vermelho,modelo_proposto,vermelho,1,3,24,20,30,0.6667,0.0870,174,26,123,25
462,1094686237,azul,azul,modelo_proposto,vermelho,0,-3,24,150,100,1.5000,0.2609,684,181,329,174
463,616728145,verde,verde,modelo_proposto,azul,0,-3,29,140,100,1.4000,0.1034,833,168,517,148
463,616728145,verde,vermelho,modelo_proposto,azul,0,-3,29,70,120,0.5833,0.2308,326,77,175,74
463,616728145,verde,azul,modelo_proposto,azul,1,3,29,30,20,1.5000,0.1034,644,81,513,50
464,1665972581,vermelho,verde,modelo_proposto,azul,0,-3,17,90,120,0.7500,0.0714,420,88,253,79
464,1665972581,vermelho,vermelho,modelo_proposto,azul,0,-3,17,90,120,0.7500,0.0000,300,71,164,65
464,1665972581,vermelho,azul,modelo_proposto,azul,1,3,17,60,0,60.0000,0.0588,415,82,288,45
465,1342328242,azul,verde,modelo_proposto,vermelho,0,-3,12,120,120,1.0000,0.0000,305,82,148,75
465,1342328242,azul,vermelho,modelo_proposto,vermelho,1,3,12,30,0,30.0000,0.0000,61,2,59,0
465,1342328242,azul,azul,modelo_proposto,vermelho,0,-3,12,90,120,0.7500,0.0000,244,80,89,75
466,1649972298,verde,verde,modelo_proposto,vermelho,0,-3,21,190,100,1.9000,0.3333,806,235,381,190
466,1649972298,verde,vermelho,modelo_proposto,vermelho,1,3,21,60,90,0.6667,0.1429,404,82,251,71
466,1649972298,verde,azul,modelo_proposto,vermelho,0,-3,21,40,100,0.4000,0.5000,465,131,216,118
467,2086780469,vermelho,verde,modelo_proposto,vermelho,0,-3,11,90,120,0.7500,0.2000,231,78,80,73
467,2086780469,vermelho,vermelho,modelo_proposto,vermelho,1,3,11,30,0,30.0000,0.0000,186,29,135,22
467,2086780469,vermelho,azul,modelo_proposto,vermelho,0,-3,11,120,120,1.0000,0.1000,313,79,162,72
468,1112072917,azul,verde,modelo_proposto,azul,0,-3,15,70,120,0.5833,0.3333,206,64,83,59
468,1112072917,azul,vermelho,modelo_proposto,azul,0,-3,15,150,100,1.5000,0.5000,385,116,164,105
468,1112072917,azul,azul,modelo_proposto,azul,1,3,15,30,30,1.0000,0.0667,173,27,121,25
469,223052448,verde,verde,modelo_proposto,verde,1,3,12,60,30,2.0000,0.1667,217,55,112,50
469,223052448,verde,vermelho,modelo_proposto,verde,0,-3,12,150,120,1.2500,0.0000,362,100,173,89
469,223052448,verde,azul,modelo_proposto,verde,0,-3,12,60,120,0.5000,0.0000,219,66,91,62
470,1629194997,vermelho,verde,modelo_proposto,azul,0,-3,16,150,120,1.2500,0.0000,420,116,201,103
470,1629194997,vermelho,vermelho,modelo_proposto,azul,0,-3,16,60,120,0.5000,0.0000,249,67,120,62
470,1629194997,vermelho,azul,modelo_proposto,azul,1,3,16,60,30,2.0000,0.1250,242,52,144,46
471,2020547047,azul,verde,modelo_proposto,verde,1,3,18,30,30,1.0000,0.0588,182,28,129,25
471,2020547047,azul,vermelho,modelo_proposto,verde,0,-3,18,140,120,1.1667,0.2500,555,136,294,125
471,2020547047,azul,azul,modelo_proposto,verde,0,-3,18,90,110,0.8182,0.1538,372,79,218,75
472,1561709938,verde,verde,modelo_proposto,empate,0,-1,100,0,0,0.0000,0.0000,2019,47,1972,0
472,1561709938,verde,vermelho,modelo_proposto,empate,0,-1,100,60,120,0.5000,0.0000,205,64,83,58
472,1561709938,verde,azul,modelo_proposto,empate,0,-1,100,120,60,2.0000,0.0000,2276,114,2103,59
473,34472910,vermelho,verde,modelo_proposto,verde,1,3,27,30,0,30.0000,0.0000,267,29,214,24
473,34472910,vermelho,vermelho,modelo_proposto,verde,0,-3,27,90,120,0.7500,0.0000,327,79,173,75
473,34472910,vermelho,azul,modelo_proposto,verde,0,-3,27,120,120,1.0000,0.0385,635,118,393,124
474,1889495832,azul,verde,modelo_proposto,azul,0,-3,12,20,120,0.1667,0.5556,268,68,140,60
474,1889495832,azul,vermelho,modelo_proposto,azul,0,-3,12,180,100,1.8000,0.5455,414,122,187,105
474,1889495832,azul,azul,modelo_proposto,azul,1,3,12,80,60,1.3333,0.1667,259,77,116,66
475,2075334735,verde,verde,modelo_proposto,verde,1,3,20,100,70,1.4286,0.4000,661,204,315,142
475,2075334735,verde,vermelho,modelo_proposto,verde,0,-3,20,60,100,0.6000,0.5000,486,116,287,83
475,2075334735,verde,azul,modelo_proposto,verde,0,-3,20,110,100,1.1000,0.6842,494,143,249,102
476,518344282,vermelho,verde,modelo_proposto,azul,0,-3,9,90,120,0.7500,0.0000,238,79,85,74
476,518344282,vermelho,vermelho,modelo_proposto,azul,0,-3,9,120,120,1.0000,0.0000,288,79,137,72
476,518344282,vermelho,azul,modelo_proposto,azul,1,3,9,30,0,30.0000,0.0000,146,23,106,17
477,664865225,azul,verde,modelo_proposto,verde,1,3,17,40,60,0.6667,0.1250,222,54,118,50
477,664865225,azul,vermelho,modelo_proposto,verde,0,-3,17,80,120,0.6667,0.5000,261,81,106,74
477,664865225,azul,azul,modelo_proposto,verde,0,-3,17,180,120,1.5000,0.5000,504,155,204,145
478,1713655207,verde,verde,modelo_proposto,azul,0,-3,20,120,100,1.2000,0.2000,430,106,225,99
478,1713655207,verde,vermelho,modelo_proposto,azul,0,-3,20,70,120,0.5833,0.3333,263,81,107,75
478,1713655207,verde,azul,modelo_proposto,azul,1,3,20,30,0,30.0000,0.1000,186,29,132,25
479,927898304,vermelho,verde,modelo_proposto,vermelho,0,-3,9,120,110,1.0909,0.3750,367,109,158,100
479,927898304,vermelho,vermelho,modelo_proposto,vermelho,1,3,9,30,0,30.0000,0.0000,101,26,53,22
479,927898304,vermelho,azul,modelo_proposto,vermelho,0,-3,9,80,120,0.6667,0.2000,238,80,83,75
480,512606905,azul,verde,modelo_proposto,verde,1,3,18,140,90,1.5556,0.3529,658,260,235,163
480,512606905,azul,vermelho,modelo_proposto,verde,0,-3,18,80,100,0.8000,0.4375,517,161,260,96
480,512606905,azul,azul,modelo_proposto,verde,0,-3,18,70,100,0.7000,0.2308,380,99,211,70
481,741330521,verde,verde,modelo_proposto,azul,0,-3,33,90,120,0.7500,0.0000,229,75,84,70
481,741330521,verde,vermelho,modelo_proposto,azul,0,-3,33,120,120,1.0000,0.0606,363,74,222,67
481,741330521,verde,azul,modelo_proposto,azul,1,3,33,30,0,30.0000,0.0303,256,27,205,24
482,1245569230,vermelho,verde,modelo_proposto,vermelho,0,-3,13,90,120,0.7500,0.0000,186,64,63,59
482,1245569230,vermelho,vermelho,modelo_proposto,vermelho,1,3,13,30,0,30.0000,0.2308,142,28,89,25
482,1245569230,vermelho,azul,modelo_proposto,vermelho,0,-3,13,120,120,1.0000,0.0000,341,88,171,82
483,1772636271,azul,verde,modelo_proposto,azul,0,-3,13,150,120,1.2500,0.1667,450,133,192,125
483,1772636271,azul,vermelho,modelo_proposto,azul,0,-3,13,90,120,0.7500,0.0000,268,79,114,75
483,1772636271,azul,azul,modelo_proposto,azul,1,3,13,30,30,1.0000,0.1538,230,30,175,25
484,439522726,verde,verde,modelo_proposto,verde,1,3,15,30,0,30.0000,0.0000,192,29,138,25
484,439522726,verde,vermelho,modelo_proposto,verde,0,-3,15,120,120,1.0000,0.0000,510,123,267,120
484,439522726,verde,azul,modelo_proposto,verde,0,-3,15,90,120,0.7500,0.0000,241,80,86,75
485,1210558033,vermelho,verde,modelo_proposto,verde,1,3,14,30,60,0.5000,0.0000,202,44,120,38
485,1210558033,vermelho,vermelho,modelo_proposto,verde,0,-3,14,90,120,0.7500,0.0000,296,80,142,74
485,1210558033,vermelho,azul,modelo_proposto,verde,0,-3,14,180,120,1.5000,0.0769,548,182,224,142
486,1816776073,azul,verde,modelo_proposto,verde,1,3,12,10,10,1.0000,0.1818,155,27,104,24
486,1816776073,azul,vermelho,modelo_proposto,verde,0,-3,12,90,100,0.9000,0.6000,254,79,102,73
486,1816776073,azul,azul,modelo_proposto,verde,0,-3,12,110,100,1.1000,0.2727,408,130,159,119
487,808127244,verde,verde,modelo_proposto,azul,0,-3,11,90,120,0.7500,0.0000,235,79,82,74
487,808127244,verde,vermelho,modelo_proposto,azul,0,-3,11,120,120,1.0000,0.0000,394,105,189,100
487,808127244,verde,azul,modelo_proposto,azul,1,3,11,30,0,30.0000,0.0000,83,2,81,0
488,69747369,vermelho,verde,modelo_proposto,empate,0,-1,100,110,90,1.2222,0.0505,1828,131,1614,83
488,69747369,vermelho,vermelho,modelo_proposto,empate,0,-1,100,90,110,0.8182,0.8286,753,80,612,61
488,69747369,vermelho,azul,modelo_proposto,empate,0,-1,100,0,0,0.0000,0.0000,1993,45,1948,0
489,1668374150,azul,verde,modelo_proposto,vermelho,0,-3,15,190,120,1.5833,0.3571,562,181,214,167
489,1668374150,azul,vermelho,modelo_proposto,vermelho,1,3,15,90,90,1.0000,0.0714,254,73,111,70
489,1668374150,azul,azul,modelo_proposto,vermelho,0,-3,15,30,100,0.3000,0.3333,271,82,114,75
490,1304348503,verde,verde,modelo_proposto,vermelho,0,-3,10,150,120,1.2500,0.0000,375,110,165,100
490,1304348503,verde,vermelho,modelo_proposto,vermelho,1,3,10,30,30,1.0000,0.0000,169,27,118,24
490,1304348503,verde,azul,modelo_proposto,vermelho,0,-3,10,90,120,0.7500,0.0000,238,80,83,75
491,133541920,vermelho,verde,modelo_proposto,vermelho,0,-3,18,120,120,1.0000,0.0588,705,195,364,146
491,133541920,vermelho,vermelho,modelo_proposto,vermelho,1,3,18,30,30,1.0000,0.1111,471,82,314,75
491,133541920,vermelho,azul,modelo_proposto,vermelho,0,-3,18,120,120,1.0000,0.1000,429,153,181,95
492,1603595673,azul,verde,modelo_proposto,azul,0,-3,15,80,120,0.6667,0.1429,244,80,89,75
492,1603595673,azul,vermelho,modelo_proposto,azul,0,-3,15,150,110,1.3636,0.2143,475,133,217,125
492,1603595673,azul,azul,modelo_proposto,azul,1,3,15,30,30,1.0000,0.0000,246,29,192,25
493,1118675268,verde,verde,modelo_proposto,azul,0,-3,10,120,120,1.0000,0.0000,301,82,144,75
493,1118675268,verde,vermelho,modelo_proposto,azul,0,-3,10,90,120,0.7500,0.0000,237,80,82,75
493,1118675268,verde,azul,modelo_proposto,azul,1,3,10,30,0,30.0000,0.2000,58,2,56,0
494,1097557813,vermelho,verde,modelo_proposto,vermelho,0,-3,13,90,120,0.7500,0.0000,271,66,143,62
494,1097557813,vermelho,vermelho,modelo_proposto,vermelho,1,3,13,30,30,1.0000,0.0000,129,28,76,25
494,1097557813,vermelho,azul,modelo_proposto,vermelho,0,-3,13,150,120,1.2500,0.0000,429,120,199,110
495,1791619833,azul,verde,modelo_proposto,vermelho,0,-3,17,50,120,0.4167,0.6364,378,108,170,100
495,1791619833,azul,vermelho,modelo_proposto,vermelho,1,3,17,60,60,1.0000,0.3125,205,51,107,47
495,1791619833,azul,azul,modelo_proposto,vermelho,0,-3,17,180,110,1.6364,0.5625,784,238,328,218
496,1967010406,verde,verde,modelo_proposto,verde,1,3,56,30,0,30.0000,0.0536,534,19,499,16
496,1967010406,verde,vermelho,modelo_proposto,verde,0,-3,56,120,120,1.0000,0.0000,660,132,407,121
496,1967010406,verde,azul,modelo_proposto,verde,0,-3,56,90,120,0.7500,0.0000,251,79,98,74
497,717339568,vermelho,verde,modelo_proposto,vermelho,0,-3,22,90,120,0.7500,0.2941,602,179,311,112
497,717339568,vermelho,vermelho,modelo_proposto,vermelho,1,3,22,100,80,1.2500,0.3182,547,182,246,119
497,717339568,vermelho,azul,modelo_proposto,vermelho,0,-3,22,120,110,1.0909,0.3810,803,257,386,160
498,671962700,azul,verde,modelo_proposto,verde,1,3,17,70,60,1.1667,0.3750,282,77,134,71
498,671962700,azul,vermelho,modelo_proposto,verde,0,-3,17,30,120,0.2500,0.0000,243,70,107,66
498,671962700,azul,azul,modelo_proposto,verde,0,-3,17,180,100,1.8000,0.1250,469,125,234,110
499,718487412,verde,verde,modelo_proposto,vermelho,0,-3,11,90,120,0.7500,0.0000,267,73,125,69
499,718487412,verde,vermelho,modelo_proposto,vermelho,1,3,11,30,0,30.0000,0.1818,207,30,152,25
499,718487412,verde,azul,modelo_proposto,vermelho,0,-3,11,120,120,1.0000,0.0000,551,206,202,143
500,244965602,vermelho,verde,modelo_proposto,azul,0,-3,17,120,120,1.0000,0.0625,430,92,246,92
500,244965602,vermelho,vermelho,modelo_proposto,azul,0,-3,17,90,120,0.7500,0.0000,238,80,83,75
500,244965602,vermelho,azul,modelo_proposto,azul,1,3,17,30,0,30.0000,0.1176,130,27,79,24
501,689613760,azul,verde,modelo_proposto,azul,0,-3,78,90,120,0.7500,0.0625,263,77,114,72
501,689613760,azul,vermelho,modelo_proposto,azul,0,-3,78,150,120,1.2500,0.0519,790,122,547,121
501,689613760,azul,azul,modelo_proposto,azul,1,3,78,30,30,1.0000,0.0000,1385,26,1334,25
502,201796813,verde,verde,modelo_proposto,verde,1,3,14,30,0,30.0000,0.1429,192,29,138,25
502,201796813,verde,vermelho,modelo_proposto,verde,0,-3,14,120,110,1.0909,0.3077,450,109,241,100
502,201796813,verde,azul,modelo_proposto,verde,0,-3,14,80,120,0.6667,0.0000,234,80,79,75
503,2095621178,vermelho,verde,modelo_proposto,empate,0,-1,100,90,120,0.7500,0.0000,235,74,90,71
503,2095621178,vermelho,vermelho,modelo_proposto,empate,0,-1,100,120,90,1.3333,0.0000,886,100,693,93
503,2095621178,vermelho,azul,modelo_proposto,empate,0,-1,100,0,0,0.0000,0.0200,1695,3,1692,0
504,512691303,azul,verde,modelo_proposto,vermelho,0,-3,30,120,120,1.0000,0.0690,503,108,295,100
504,512691303,azul,vermelho,modelo_proposto,vermelho,1,3,30,30,0,30.0000,0.0000,419,2,417,0
504,512691303,azul,azul,modelo_proposto,vermelho,0,-3,30,90,120,0.7500,0.1538,350,79,196,75
505,520339085,verde,verde,modelo_proposto,verde,1,3,10,30,0,30.0000,0.3000,49,2,47,0
505,520339085,verde,vermelho,modelo_proposto,verde,0,-3,10,120,120,1.0000,0.0000,308,93,128,87
505,520339085,verde,azul,modelo_proposto,verde,0,-3,10,90,120,0.7500,0.0000,201,65,74,62
506,319236723,vermelho,verde,modelo_proposto,verde,1,3,19,60,30,2.0000,0.1111,225,54,122,49
506,319236723,vermelho,vermelho,modelo_proposto,verde,0,-3,19,60,100,0.6000,0.4545,520,158,212,150
506,319236723,vermelho,azul,modelo_proposto,verde,0,-3,19,130,120,1.0833,0.3889,429,112,217,100
507,1680688708,azul,verde,modelo_proposto,vermelho,0,-3,18,110,100,1.1000,0.1765,500,96,307,97
507,1680688708,azul,vermelho,modelo_proposto,vermelho,1,3,18,30,0,30.0000,0.1176,285,30,231,24
507,1680688708,azul,azul,modelo_proposto,vermelho,0,-3,18,70,110,0.6364,0.2857,250,77,102,71
508,887407502,verde,verde,modelo_proposto,azul,0,-3,14,90,120,0.7500,0.0000,301,74,157,70
508,887407502,verde,vermelho,modelo_proposto,azul,0,-3,14,150,110,1.3636,0.0714,559,147,271,141
508,887407502,verde,azul,modelo_proposto,azul,1,3,14,20,30,0.6667,0.0714,128,26,78,24
509,191222333,vermelho,verde,modelo_proposto,verde,1,3,14,30,30,1.0000,0.1538,212,30,159,23
509,191222333,vermelho,vermelho,modelo_proposto,verde,0,-3,14,90,120,0.7500,0.1429,244,81,89,74
509,191222333,vermelho,azul,modelo_proposto,verde,0,-3,14,150,120,1.2500,0.1538,472,137,224,111
510,608521437,azul,verde,modelo_proposto,azul,0,-3,13,80,100,0.8000,0.3636,323,82,167,74
510,608521437,azul,vermelho,modelo_proposto,azul,0,-3,13,100,110,0.9091,0.4167,446,133,190,123
510,608521437,azul,azul,modelo_proposto,azul,1,3,13,60,30,2.0000,0.1538,246,85,111,50
511,656961761,verde,verde,modelo_proposto,empate,0,-1,100,0,0,0.0000,0.0000,1408,49,1359,0
511,656961761,verde,vermelho,modelo_proposto,empate,0,-1,100,120,90,1.3333,0.0000,1997,144,1764,89
511,656961761,verde,azul,modelo_proposto,empate,0,-1,100,90,120,0.7500,0.0000,264,70,131,63
512,310149982,vermelho,verde,modelo_proposto,verde,1,3,25,30,30,1.0000,0.0000,299,27,248,24
512,310149982,vermelho,vermelho,modelo_proposto,verde,0,-3,25,150,120,1.2500,0.0000,606,147,324,135
512,310149982,vermelho,azul,modelo_proposto,verde,0,-3,25,90,120,0.7500,0.0000,220,70,85,65
513,1141277885,azul,verde,modelo_proposto,verde,1,3,18,30,30,1.0000,0.0000,202,26,154,22
513,1141277885,azul,vermelho,modelo_proposto,verde,0,-3,18,150,120,1.2500,0.0000,463,136,205,122
513,1141277885,azul,azul,modelo_proposto,verde,0,-3,18,90,120,0.7500,0.0000,264,81,108,75
514,1226790344,verde,verde,modelo_proposto,vermelho,0,-3,11,120,120,1.0000,0.0000,389,100,189,100
514,1226790344,verde,vermelho,modelo_proposto,vermelho,1,3,11,30,0,30.0000,0.0909,117,28,64,25
514,1226790344,verde,azul,modelo_proposto,vermelho,0,-3,11,90,120,0.7500,0.0000,241,80,86,75
515,1535129199,vermelho,verde,modelo_proposto,verde,1,3,22,30,30,1.0000,0.0476,163,26,114,23
515,1535129199,vermelho,vermelho,modelo_proposto,verde,0,-3,22,90,120,0.7500,0.0000,245,75,101,69
515,1535129199,vermelho,azul,modelo_proposto,verde,0,-3,22,150,120,1.2500,0.0952,506,128,263,115
516,1150841547,azul,verde,modelo_proposto,verde,1,3,17,30,0,30.0000,0.0000,177,29,123,25
516,1150841547,azul,vermelho,modelo_proposto,verde,0,-3,17,90,120,0.7500,0.0000,326,79,172,75
516,1150841547,azul,azul,modelo_proposto,verde,0,-3,17,120,120,1.0000,0.0625,457,107,250,100
517,1165334641,verde,verde,modelo_proposto,vermelho,0,-3,17,90,120,0.7500,0.0000,346,76,207,63
517,1165334641,verde,vermelho,modelo_proposto,vermelho,1,3,17,30,0,30.0000,0.0588,281,34,222,25
517,1165334641,verde,azul,modelo_proposto,vermelho,0,-3,17,120,120,1.0000,0.2500,423,108,222,93
518,681806193,vermelho,verde,modelo_proposto,verde,1,3,14,30,60,0.5000,0.0769,208,54,104,50
518,681806193,vermelho,vermelho,modelo_proposto,verde,0,-3,14,180,120,1.5000,0.0000,458,138,195,125
518,681806193,vermelho,azul,modelo_proposto,verde,0,-3,14,90,120,0.7500,0.0000,238,80,83,75
519,1279852028,azul,verde,modelo_proposto,vermelho,0,-3,9,90,120,0.7500,0.0000,242,80,87,75
519,1279852028,azul,vermelho,modelo_proposto,vermelho,1,3,9,30,0,30.0000,0.1250,67,3,64,0
519,1279852028,azul,azul,modelo_proposto,vermelho,0,-3,9,120,120,1.0000,0.1250,365,107,158,100
520,927686692,verde,verde,modelo_proposto,verde,1,3,12,90,90,1.0000,0.0000,354,108,171,75
520,927686692,verde,vermelho,modelo_proposto,verde,0,-3,12,90,120,0.7500,0.0000,273,81,117,75
520,927686692,verde,azul,modelo_proposto,verde,0,-3,12,150,120,1.2500,0.0000,456,163,168,125
521,1035302288,vermelho,verde,modelo_proposto,azul,0,-3,15,130,120,1.0833,0.2857,539,144,257,138
521,1035302288,vermelho,vermelho,modelo_proposto,azul,0,-3,15,90,100,0.9000,0.2222,220,69,87,64
521,1035302288,vermelho,azul,modelo_proposto,azul,1,3,15,30,30,1.0000,0.1333,159,28,106,25
522,984794711,azul,verde,modelo_proposto,vermelho,0,-3,20,90,120,0.7500,0.0000,288,67,158,63
522,984794711,azul,vermelho,modelo_proposto,vermelho,1,3,20,30,30,1.0000,0.0000,160,27,108,25
522,984794711,azul,azul,modelo_proposto,vermelho,0,-3,20,150,120,1.2500,0.0000,555,145,273,137
523,327484689,verde,verde,modelo_proposto,vermelho,0,-3,13,90,120,0.7500,0.0000,261,79,109,73
523,327484689,verde,vermelho,modelo_proposto,vermelho,1,3,13,30,0,30.0000,0.0000,140,28,88,24
523,327484689,verde,azul,modelo_proposto,vermelho,0,-3,13,120,120,1.0000,0.0833,565,204,213,148
524,386297152,vermelho,verde,modelo_proposto,vermelho,0,-3,13,90,120,0.7500,0.0000,249,76,103,70
524,386297152,vermelho,vermelho,modelo_proposto,vermelho,1,3,13,30,0,30.0000,0.0000,145,29,91,25
524,386297152,vermelho,azul,modelo_proposto,vermelho,0,-3,13,120,120,1.0000,0.0000,346,91,173,82
525,349317291,azul,verde,modelo_proposto,vermelho,0,-3,16,90,120,0.7500,0.0000,201,68,70,63
525,349317291,azul,vermelho,modelo_proposto,vermelho,1,3,16,30,0,30.0000,0.0000,146,29,92,25
525,349317291,azul,azul,modelo_proposto,vermelho,0,-3,16,120,120,1.0000,0.0667,312,80,159,73
526,2000841264,verde,verde,modelo_proposto,azul,0,-3,30,90,120,0.7500,0.0714,254,69,119,66
526,2000841264,verde,vermelho,modelo_proposto,azul,0,-3,30,120,120,1.0000,0.0333,533,110,319,104
526,2000841264,verde,azul,modelo_proposto,azul,1,3,30,30,0,30.0000,0.0667,295,31,239,25
527,1679114366,vermelho,verde,modelo_proposto,verde,1,3,13,80,60,1.3333,0.1667,301,81,146,74
527,1679114366,vermelho,vermelho,modelo_proposto,verde,0,-3,13,180,120,1.5000,0.6667,524,159,215,150
527,1679114366,vermelho,azul,modelo_proposto,verde,0,-3,13,40,120,0.3333,0.5714,343,111,132,100
528,54272465,azul,verde,modelo_proposto,vermelho,0,-3,13,120,120,1.0000,0.0000,454,105,249,100
528,54272465,azul,vermelho,modelo_proposto,vermelho,1,3,13,30,0,30.0000,0.0000,119,29,65,25
528,54272465,azul,azul,modelo_proposto,vermelho,0,-3,13,90,120,0.7500,0.0000,238,80,83,75
529,2003592322,verde,verde,modelo_proposto,azul,0,-3,24,150,120,1.2500,0.0833,642,153,339,150
529,2003592322,verde,vermelho,modelo_proposto,azul,0,-3,24,90,120,0.7500,0.0000,340,79,186,75
529,2003592322,verde,azul,modelo_proposto,azul,1,3,24,30,30,1.0000,0.0000,313,26,262,25
530,1331448970,vermelho,verde,modelo_proposto,azul,0,-3,16,180,120,1.5000,0.0000,570,171,243,156
530,1331448970,vermelho,vermelho,modelo_proposto,azul,0,-3,16,90,120,0.7500,0.0000,256,71,119,66
530,1331448970,vermelho,azul,modelo_proposto,azul,1,3,16,30,60,0.5000,0.0000,221,47,131,43
531,482643454,azul,verde,modelo_proposto,vermelho,0,-3,10,70,100,0.7000,0.1667,241,80,86,75
531,482643454,azul,vermelho,modelo_proposto,vermelho,1,3,10,30,0,30.0000,0.0000,81,20,45,16
531,482643454,azul,azul,modelo_proposto,vermelho,0,-3,10,100,100,1.0000,0.2222,284,80,131,73
532,1779565378,verde,verde,modelo_proposto,verde,1,3,14,30,30,1.0000,0.0000,131,25,83,23
532,1779565378,verde,vermelho,modelo_proposto,verde,0,-3,14,150,120,1.2500,0.1538,386,110,176,100
532,1779565378,verde,azul,modelo_proposto,verde,0,-3,14,90,120,0.7500,0.0000,245,80,90,75
533,2054481438,vermelho,verde,modelo_proposto,verde,1,3,29,30,30,1.0000,0.1071,212,28,159,25
533,2054481438,vermelho,vermelho,modelo_proposto,verde,0,-3,29,150,120,1.2500,0.1429,545,125,299,121
533,2054481438,vermelho,azul,modelo_proposto,verde,0,-3,29,90,120,0.7500,0.0000,244,80,89,75
534,1078675238,azul,verde,modelo_proposto,azul,0,-3,12,90,120,0.7500,0.1429,229,74,86,69
534,1078675238,azul,vermelho,modelo_proposto,azul,0,-3,12,120,120,1.0000,0.0000,255,69,124,62
534,1078675238,azul,azul,modelo_proposto,azul,1,3,12,30,0,30.0000,0.0000,143,29,89,25
535,843908336,verde,verde,modelo_proposto,vermelho,0,-3,12,120,120,1.0000,0.0000,318,79,165,74
535,843908336,verde,vermelho,modelo_proposto,vermelho,1,3,12,30,0,30.0000,0.0000,185,30,131,24
535,843908336,verde,azul,modelo_proposto,vermelho,0,-3,12,90,120,0.7500,0.0000,267,81,111,75
536,681987113,vermelho,verde,modelo_proposto,azul,0,-3,10,90,120,0.7500,0.0000,241,80,86,75
536,681987113,vermelho,vermelho,modelo_proposto,azul,0,-3,10,120,120,1.0000,0.0000,300,82,143,75
536,681987113,vermelho,azul,modelo_proposto,azul,1,3,10,30,0,30.0000,0.4000,58,2,56,0
537,1423106760,azul,verde,modelo_proposto,vermelho,0,-3,12,150,120,1.2500,0.0000,465,128,212,125
537,1423106760,azul,vermelho,modelo_proposto,vermelho,1,3,12,30,30,1.0000,0.0909,115,26,64,25
537,1423106760,azul,azul,modelo_proposto,vermelho,0,-3,12,90,120,0.7500,0.0000,238,80,83,75
538,1079511724,verde,verde,modelo_proposto,azul,0,-3,11,100,120,0.8333,0.0909,375,107,168,100
538,1079511724,verde,vermelho,modelo_proposto,azul,0,-3,11,90,100,0.9000,0.3750,268,79,114,75
538,1079511724,verde,azul,modelo_proposto,azul,1,3,11,30,0,30.0000,0.0000,161,29,107,25
539,419734749,vermelho,verde,modelo_proposto,verde,1,3,11,150,90,1.6667,0.0000,472,161,186,125
539,419734749,vermelho,vermelho,modelo_proposto,verde,0,-3,11,60,120,0.5000,0.0000,203,56,97,50
539,419734749,vermelho,azul,modelo_proposto,verde,0,-3,11,120,120,1.0000,0.0000,431,166,165,100
540,1655343181,azul,verde,modelo_proposto,verde,1,3,19,30,0,30.0000,0.0000,118,24,77,17
540,1655343181,azul,vermelho,modelo_proposto,verde,0,-3,19,90,120,0.7500,0.0000,277,72,139,66
540,1655343181,azul,azul,modelo_proposto,verde,0,-3,19,120,120,1.0000,0.1111,388,105,188,95
541,1499152475,verde,verde,modelo_proposto,vermelho,0,-3,25,170,100,1.7000,0.4400,924,291,393,240
541,1499152475,verde,vermelho,modelo_proposto,vermelho,1,3,25,40,80,0.5000,0.3600,576,138,330,108
541,1499152475,verde,azul,modelo_proposto,vermelho,0,-3,25,70,100,0.7000,0.6154,537,148,254,135
542,1832667766,vermelho,verde,modelo_proposto,vermelho,0,-3,16,140,120,1.1667,0.2000,473,131,214,128
542,1832667766,vermelho,vermelho,modelo_proposto,vermelho,1,3,16,30,30,1.0000,0.0625,124,25,75,24
542,1832667766,vermelho,azul,modelo_proposto,vermelho,0,-3,16,90,110,0.8182,0.1111,252,71,115,66
543,1264378068,azul,verde,modelo_proposto,vermelho,0,-3,15,90,120,0.7500,0.0000,250,80,95,75
543,1264378068,azul,vermelho,modelo_proposto,vermelho,1,3,15,30,0,30.0000,0.0714,101,22,61,18
543,1264378068,azul,azul,modelo_proposto,vermelho,0,-3,15,120,120,1.0000,0.0000,448,133,191,124
544,1308472688,verde,verde,modelo_proposto,verde,1,3,12,30,0,30.0000,0.0000,187,32,130,25
544,1308472688,verde,vermelho,modelo_proposto,verde,0,-3,12,80,120,0.6667,0.5000,204,67,75,62
544,1308472688,verde,azul,modelo_proposto,verde,0,-3,12,120,110,1.0909,0.1818,477,158,214,105
545,1643580531,vermelho,verde,modelo_proposto,azul,0,-3,20,120,120,1.0000,0.0000,402,98,216,88
545,1643580531,vermelho,vermelho,modelo_proposto,azul,0,-3,20,90,120,0.7500,0.0000,217,73,76,68
545,1643580531,vermelho,azul,modelo_proposto,azul,1,3,20,30,0,30.0000,0.0500,135,26,87,22
546,639957133,azul,verde,modelo_proposto,vermelho,0,-3,13,110,120,0.9167,0.3333,517,192,176,149
546,639957133,azul,vermelho,modelo_proposto,vermelho,1,3,13,60,70,0.8571,0.3333,313,108,130,75
546,639957133,azul,azul,modelo_proposto,vermelho,0,-3,13,120,100,1.2000,0.5455,340,112,128,100
547,1965988595,verde,verde,modelo_proposto,azul,0,-3,18,90,120,0.7500,0.0000,248,80,93,75
547,1965988595,verde,vermelho,modelo_proposto,azul,0,-3,18,120,120,1.0000,0.0000,403,99,208,96
547,1965988595,verde,azul,modelo_proposto,azul,1,3,18,30,0,30.0000,0.0000,155,28,103,24
548,785624668,vermelho,verde,modelo_proposto,verde,1,3,12,30,0,30.0000,0.0000,58,2,56,0
548,785624668,vermelho,vermelho,modelo_proposto,verde,0,-3,12,90,120,0.7500,0.0000,234,75,89,70
548,785624668,vermelho,azul,modelo_proposto,verde,0,-3,12,120,120,1.0000,0.0000,338,96,153,89
549,474626655,azul,verde,modelo_proposto,azul,0,-3,13,120,110,1.0909,0.2500,296,81,145,70
549,474626655,azul,vermelho,modelo_proposto,azul,0,-3,13,80,120,0.6667,0.0909,187,57,81,49
549,474626655,azul,azul,modelo_proposto,azul,1,3,13,30,0,30.0000,0.0769,114,30,65,19
550,1347717309,verde,verde,modelo_proposto,azul,0,-3,12,150,120,1.2500,0.0833,462,126,211,125
550,1347717309,verde,vermelho,modelo_proposto,azul,0,-3,12,90,120,0.7500,0.0000,245,80,90,75
550,1347717309,verde,azul,modelo_proposto,azul,1,3,12,30,30,1.0000,0.0000,139,29,85,25
551,1940104168,vermelho,verde,modelo_proposto,vermelho,0,-3,16,90,120,0.7500,0.0000,238,80,83,75
551,1940104168,vermelho,vermelho,modelo_proposto,vermelho,1,3,16,30,60,0.5000,0.1875,192,49,95,48
551,1940104168,vermelho,azul,modelo_proposto,vermelho,0,-3,16,180,120,1.5000,0.0000,553,156,247,150
552,1153931505,azul,verde,modelo_proposto,azul,0,-3,11,90,120,0.7500,0.1250,300,80,146,74
552,1153931505,azul,vermelho,modelo_proposto,azul,0,-3,11,120,120,1.0000,0.1000,329,103,131,95
552,1153931505,azul,azul,modelo_proposto,azul,1,3,11,30,0,30.0000,0.0909,64,2,62,0
553,2144325616,verde,verde,modelo_proposto,verde,1,3,16,30,30,1.0000,0.0000,172,27,121,24
553,2144325616,verde,vermelho,modelo_proposto,verde,0,-3,16,150,120,1.2500,0.0000,403,108,197,98
553,2144325616,verde,azul,modelo_proposto,verde,0,-3,16,90,120,0.7500,0.0000,241,80,86,75
554,30024536,vermelho,verde,modelo_proposto,vermelho,0,-3,15,150,120,1.2500,0.1429,400,115,180,105
554,30024536,vermelho,vermelho,modelo_proposto,vermelho,1,3,15,30,30,1.0000,0.2000,126,28,73,25
554,30024536,vermelho,azul,modelo_proposto,vermelho,0,-3,15,90,120,0.7500,0.0000,232,66,105,61
555,1910399178,azul,verde,modelo_proposto,verde,1,3,13,120,90,1.3333,0.0000,398,137,153,108
555,1910399178,azul,vermelho,modelo_proposto,verde,0,-3,13,60,120,0.5000,0.0000,288,54,185,49
555,1910399178,azul,azul,modelo_proposto,verde,0,-3,13,150,120,1.2500,0.0000,537,162,253,122
556,1783435411,verde,verde,modelo_proposto,vermelho,0,-3,18,80,120,0.6667,0.2000,237,80,82,75
556,1783435411,verde,vermelho,modelo_proposto,vermelho,1,3,18,30,0,30.0000,0.1111,134,26,85,23
556,1783435411,verde,azul,modelo_proposto,vermelho,0,-3,18,120,110,1.0909,0.1176,346,82,189,75
557,2033767092,vermelho,verde,modelo_proposto,vermelho,0,-3,13,120,120,1.0000,0.0000,347,98,159,90
557,2033767092,vermelho,vermelho,modelo_proposto,vermelho,1,3,13,30,0,30.0000,0.2308,72,2,70,0
557,2033767092,vermelho,azul,modelo_proposto,vermelho,0,-3,13,90,120,0.7500,0.0000,284,78,135,71
558,1903858974,azul,verde,modelo_proposto,empate,0,-1,100,90,120,0.7500,0.0000,282,75,136,71
558,1903858974,azul,vermelho,modelo_proposto,empate,0,-1,100,120,90,1.3333,0.0000,1765,139,1537,89
558,1903858974,azul,azul,modelo_proposto,empate,0,-1,100,0,0,0.0000,0.4600,1315,44,1271,0
559,1761344236,verde,verde,modelo_proposto,vermelho,0,-3,16,150,110,1.3636,0.0625,542,151,244,147
559,1761344236,verde,vermelho,modelo_proposto,vermelho,1,3,16,20,30,0.6667,0.1250,122,25,74,23
559,1761344236,verde,azul,modelo_proposto,vermelho,0,-3,16,90,120,0.7500,0.0000,268,79,114,75
560,822547579,vermelho,verde,modelo_proposto,vermelho,0,-3,18,120,120,1.0000,0.0000,461,107,254,100
560,822547579,vermelho,vermelho,modelo_proposto,vermelho,1,3,18,30,0,30.0000,0.0000,155,27,104,24
560,822547579,vermelho,azul,modelo_proposto,vermelho,0,-3,18,90,120,0.7500,0.0000,336,81,180,75
561,369036526,azul,verde,modelo_proposto,vermelho,0,-3,15,150,120,1.2500,0.0000,459,134,203,122
561,369036526,azul,vermelho,modelo_proposto,vermelho,1,3,15,30,30,1.0000,0.1429,141,31,85,25
561,369036526,azul,azul,modelo_proposto,vermelho,0,-3,15,90,120,0.7500,0.0000,265,79,111,75
562,385294681,verde,verde,modelo_proposto,vermelho,0,-3,25,180,120,1.5000,0.1200,603,151,307,145
562,385294681,verde,vermelho,modelo_proposto,vermelho,1,3,25,30,60,0.5000,0.2400,333,51,232,50
562,385294681,verde,azul,modelo_proposto,vermelho,0,-3,25,90,120,0.7500,0.0000,234,80,81,73
563,1351163531,vermelho,verde,modelo_proposto,azul,0,-3,8,110,110,1.0000,0.2857,290,82,133,75
563,1351163531,vermelho,vermelho,modelo_proposto,azul,0,-3,8,90,110,0.8182,0.1667,241,80,86,75
563,1351163531,vermelho,azul,modelo_proposto,azul,1,3,8,20,0,20.0000,0.1250,98,4,94,0
564,788961864,azul,verde,modelo_proposto,vermelho,0,-3,20,90,110,0.8182,0.1250,264,74,122,68
564,788961864,azul,vermelho,modelo_proposto,vermelho,1,3,20,30,0,30.0000,0.1579,161,29,107,25
564,788961864,azul,azul,modelo_proposto,vermelho,0,-3,20,110,120,0.9167,0.2105,542,144,264,134
565,503141246,verde,verde,modelo_proposto,azul,0,-3,24,90,120,0.7500,0.0833,357,97,171,89
565,503141246,verde,vermelho,modelo_proposto,azul,0,-3,24,120,120,1.0000,0.1667,607,119,372,116
565,503141246,verde,azul,modelo_proposto,azul,1,3,24,30,0,30.0000,0.0000,203,28,150,25
566,1238521743,vermelho,verde,modelo_proposto,azul,0,-3,40,150,120,1.2500,0.0256,663,152,371,140
566,1238521743,vermelho,vermelho,modelo_proposto,azul,0,-3,40,90,120,0.7500,0.0000,237,76,90,71
566,1238521743,vermelho,azul,modelo_proposto,azul,1,3,40,30,30,1.0000,0.0000,343,30,288,25
567,885807520,azul,verde,modelo_proposto,azul,0,-3,14,90,120,0.7500,0.0000,229,75,87,67
567,885807520,azul,vermelho,modelo_proposto,azul,0,-3,14,160,120,1.3333,0.1538,580,172,246,162
567,885807520,azul,azul,modelo_proposto,azul,1,3,14,30,40,0.7500,0.3571,204,52,102,50
568,267902503,verde,verde,modelo_proposto,verde,1,3,12,30,0,30.0000,0.1667,86,2,84,0
568,267902503,verde,vermelho,modelo_proposto,verde,0,-3,12,120,100,1.2000,0.1818,353,108,146,99
568,267902503,verde,azul,modelo_proposto,verde,0,-3,12,70,120,0.5833,0.3750,332,106,128,98
569,1922683726,vermelho,verde,modelo_proposto,vermelho,0,-3,15,90,120,0.7500,0.0000,249,80,94,75
569,1922683726,vermelho,vermelho,modelo_proposto,vermelho,1,3,15,30,30,1.0000,0.0000,186,26,136,24
569,1922683726,vermelho,azul,modelo_proposto,vermelho,0,-3,15,150,120,1.2500,0.0000,447,131,195,121
570,2065365347,azul,verde,modelo_proposto,azul,0,-3,11,90,120,0.7500,0.0000,196,63,75,58
570,2065365347,azul,vermelho,modelo_proposto,azul,0,-3,11,150,120,1.2500,0.0000,324,94,144,86
570,2065365347,azul,azul,modelo_proposto,azul,1,3,11,30,30,1.0000,0.1818,101,24,56,21
571,322353062,verde,verde,modelo_proposto,verde,1,3,24,90,30,3.0000,0.0833,598,156,342,100
571,322353062,verde,vermelho,modelo_proposto,verde,0,-3,24,60,120,0.5000,0.0667,319,107,162,50
571,322353062,verde,azul,modelo_proposto,verde,0,-3,24,120,120,1.0000,0.0435,711,162,424,125
572,1785633287,vermelho,verde,modelo_proposto,vermelho,0,-3,19,90,120,0.7500,0.0000,231,79,78,74
572,1785633287,vermelho,vermelho,modelo_proposto,vermelho,1,3,19,30,0,30.0000,0.0526,178,28,126,24
572,1785633287,vermelho,azul,modelo_proposto,vermelho,0,-3,19,120,120,1.0000,0.0000,374,76,229,69
573,753257138,azul,verde,modelo_proposto,azul,0,-3,15,150,120,1.2500,0.0000,471,128,218,125
573,753257138,azul,vermelho,modelo_proposto,azul,0,-3,15,90,120,0.7500,0.0000,247,80,92,75
573,753257138,azul,azul,modelo_proposto,azul,1,3,15,30,30,1.0000,0.0667,134,26,83,25
574,1429681041,verde,verde,modelo_proposto,azul,0,-3,11,140,120,1.1667,0.3636,450,135,190,125
574,1429681041,verde,vermelho,modelo_proposto,azul,0,-3,11,90,110,0.8182,0.3750,249,80,94,75
574,1429681041,verde,azul,modelo_proposto,azul,1,3,11,30,30,1.0000,0.4545,136,29,82,25
575,599050119,vermelho,verde,modelo_proposto,azul,0,-3,26,120,120,1.0000,0.0800,625,92,459,74
575,599050119,vermelho,vermelho,modelo_proposto,azul,0,-3,26,90,120,0.7500,0.0000,282,79,131,72
575,599050119,vermelho,azul,modelo_proposto,azul,1,3,26,30,0,30.0000,0.0385,502,38,439,25
576,880987394,azul,verde,modelo_proposto,empate,0,-1,100,90,120,0.7500,0.0667,344,84,189,71
576,880987394,azul,vermelho,modelo_proposto,empate,0,-1,100,0,0,0.0000,0.0000,1953,45,1908,0
576,880987394,azul,azul,modelo_proposto,empate,0,-1,100,120,90,1.3333,0.0300,2170,153,1922,95
577,1671317880,verde,verde,modelo_proposto,azul,0,-3,13,130,110,1.1818,0.2308,463,137,202,124
577,1671317880,verde,vermelho,modelo_proposto,azul,0,-3,13,60,100,0.6000,0.2000,224,61,108,55
577,1671317880,verde,azul,modelo_proposto,azul,1,3,13,80,60,1.3333,0.3077,330,123,121,86
578,1667218631,vermelho,verde,modelo_proposto,azul,0,-3,17,90,120,0.7500,0.0000,262,80,107,75
578,1667218631,vermelho,vermelho,modelo_proposto,azul,0,-3,17,120,120,1.0000,0.0000,415,109,206,100
578,1667218631,vermelho,azul,modelo_proposto,azul,1,3,17,30,0,30.0000,0.1176,176,29,122,25
579,1360865676,azul,verde,modelo_proposto,verde,1,3,30,30,0,30.0000,0.0000,420,25,373,22
579,1360865676,azul,vermelho,modelo_proposto,verde,0,-3,30,90,120,0.7500,0.2308,266,78,113,75
579,1360865676,azul,azul,modelo_proposto,verde,0,-3,30,120,120,1.0000,0.0345,552,133,295,124
580,969768113,verde,verde,modelo_proposto,verde,1,3,17,20,0,20.0000,0.1176,163,29,109,25
580,969768113,verde,vermelho,modelo_proposto,verde,0,-3,17,90,120,0.7500,0.0000,348,79,194,75
580,969768113,verde,azul,modelo_proposto,verde,0,-3,17,120,110,1.0909,0.1250,439,108,231,100
581,828045317,vermelho,verde,modelo_proposto,vermelho,0,-3,15,150,120,1.2500,0.0000,420,123,182,115
581,828045317,vermelho,vermelho,modelo_proposto,vermelho,1,3,15,30,30,1.0000,0.0000,227,30,172,25
581,828045317,vermelho,azul,modelo_proposto,vermelho,0,-3,15,90,120,0.7500,0.0000,211,67,82,62
582,1609858943,azul,verde,modelo_proposto,vermelho,0,-3,21,90,110,0.8182,0.2500,176,56,72,48
582,1609858943,azul,vermelho,modelo_proposto,vermelho,1,3,21,30,30,1.0000,0.2000,457,97,274,86
582,1609858943,azul,azul,modelo_proposto,vermelho,0,-3,21,140,120,1.1667,0.2000,591,153,314,124
583,657787211,verde,verde,modelo_proposto,verde,1,3,25,30,0,30.0000,0.0000,179,28,126,25
583,657787211,verde,vermelho,modelo_proposto,verde,0,-3,25,90,120,0.7500,0.2000,256,80,101,75
583,657787211,verde,azul,modelo_proposto,verde,0,-3,25,120,120,1.0000,0.0000,502,125,252,125
584,1500741286,vermelho,verde,modelo_proposto,azul,0,-3,17,150,120,1.2500,0.0000,554,153,259,142
584,1500741286,vermelho,vermelho,modelo_proposto,azul,0,-3,17,90,120,0.7500,0.0000,331,100,139,92
584,1500741286,vermelho,azul,modelo_proposto,azul,1,3,17,30,30,1.0000,0.1176,154,27,102,25
585,1216752255,azul,verde,modelo_proposto,verde,1,3,15,20,30,0.6667,0.0714,177,26,132,19
585,1216752255,azul,vermelho,modelo_proposto,verde,0,-3,15,80,110,0.7273,0.4444,220,71,87,62
585,1216752255,azul,azul,modelo_proposto,verde,0,-3,15,140,100,1.4000,0.2857,431,121,200,110
586,170355655,verde,verde,modelo_proposto,azul,0,-3,14,180,110,1.6364,0.1429,463,125,223,115
586,170355655,verde,vermelho,modelo_proposto,azul,0,-3,14,50,120,0.4167,0.1111,261,65,135,61
586,170355655,verde,azul,modelo_proposto,azul,1,3,14,60,60,1.0000,0.0000,284,55,179,50
587,522938142,vermelho,verde,modelo_proposto,verde,1,3,24,30,0,30.0000,0.0000,398,2,396,0
587,522938142,vermelho,vermelho,modelo_proposto,verde,0,-3,24,120,120,1.0000,0.0870,473,100,273,100
587,522938142,vermelho,azul,modelo_proposto,verde,0,-3,24,90,120,0.7500,0.0000,238,80,83,75
588,1224265644,azul,verde,modelo_proposto,vermelho,0,-3,16,150,120,1.2500,0.0000,515,141,249,125
588,1224265644,azul,vermelho,modelo_proposto,vermelho,1,3,16,90,90,1.0000,0.0667,423,82,267,74
588,1224265644,azul,azul,modelo_proposto,vermelho,0,-3,16,90,120,0.7500,0.0000,379,110,194,75
589,2071903378,verde,verde,modelo_proposto,azul,0,-3,16,110,120,0.9167,0.1250,393,107,186,100
589,2071903378,verde,vermelho,modelo_proposto,azul,0,-3,16,90,110,0.8182,0.1667,262,79,108,75
589,2071903378,verde,azul,modelo_proposto,azul,1,3,16,30,0,30.0000,0.0625,120,2,118,0
590,239551354,vermelho,verde,modelo_proposto,verde,1,3,10,30,30,1.0000,0.1111,101,22,59,20
590,239551354,vermelho,vermelho,modelo_proposto,verde,0,-3,10,90,120,0.7500,0.0000,242,80,87,75
590,239551354,vermelho,azul,modelo_proposto,verde,0,-3,10,150,120,1.2500,0.0000,361,105,159,97
591,1331453486,azul,verde,modelo_proposto,azul,0,-3,12,60,120,0.5000,0.0000,259,96,89,74
591,1331453486,azul,vermelho,modelo_proposto,azul,0,-3,12,180,120,1.5000,0.0000,448,134,189,125
591,1331453486,azul,azul,modelo_proposto,azul,1,3,12,60,60,1.0000,0.1667,369,105,192,72
592,700635290,verde,verde,modelo_proposto,azul,0,-3,13,90,120,0.7500,0.0000,417,181,138,98
592,700635290,verde,vermelho,modelo_proposto,azul,0,-3,13,150,120,1.2500,0.0000,654,247,257,150
592,700635290,verde,azul,modelo_proposto,azul,1,3,13,30,30,1.0000,0.0000,265,31,209,25
593,1793610634,vermelho,verde,modelo_proposto,verde,1,3,13,30,0,30.0000,0.0000,128,26,81,21
593,1793610634,vermelho,vermelho,modelo_proposto,verde,0,-3,13,120,120,1.0000,0.3333,322,95,140,87
593,1793610634,vermelho,azul,modelo_proposto,verde,0,-3,13,90,120,0.7500,0.0000,241,74,99,68
594,1428201362,azul,verde,modelo_proposto,vermelho,0,-3,14,90,120,0.7500,0.0000,201,69,68,64
594,1428201362,azul,vermelho,modelo_proposto,vermelho,1,3,14,30,0,30.0000,0.0769,155,27,107,21
594,1428201362,azul,azul,modelo_proposto,vermelho,0,-3,14,120,120,1.0000,0.0000,295,69,166,60
595,40425461,verde,verde,modelo_proposto,azul,0,-3,13,120,120,1.0000,0.0769,374,131,149,94
595,40425461,verde,vermelho,modelo_proposto,azul,0,-3,13,60,120,0.5000,0.2000,260,71,126,63
595,40425461,verde,azul,modelo_proposto,azul,1,3,13,90,30,3.0000,0.1538,426,129,202,95
596,1462276455,vermelho,verde,modelo_proposto,verde,1,3,17,90,60,1.5000,0.1875,301,75,157,69
596,1462276455,vermelho,vermelho,modelo_proposto,verde,0,-3,17,160,110,1.4545,0.5000,622,181,275,166
596,1462276455,vermelho,azul,modelo_proposto,verde,0,-3,17,20,100,0.2000,0.5000,209,71,75,63
597,2054249709,azul,verde,modelo_proposto,vermelho,0,-3,21,60,120,0.5000,0.7059,534,137,269,128
597,2054249709,azul,vermelho,modelo_proposto,vermelho,1,3,21,60,30,2.0000,0.0500,184,28,133,23
597,2054249709,azul,azul,modelo_proposto,vermelho,0,-3,21,150,120,1.2500,0.7000,651,184,298,169
598,630302914,verde,verde,modelo_proposto,empate,0,-1,100,0,0,0.0000,0.0100,555,1,554,0
598,630302914,verde,vermelho,modelo_proposto,empate,0,-1,100,120,90,1.3333,0.0300,1821,101,1620,100
598,630302914,verde,azul,modelo_proposto,empate,0,-1,100,90,120,0.7500,0.0000,242,80,87,75
599,1951134645,vermelho,verde,modelo_proposto,azul,0,-3,14,80,100,0.8000,0.3333,267,84,108,75
599,1951134645,vermelho,vermelho,modelo_proposto,azul,0,-3,14,100,110,0.9091,0.2857,362,106,156,100
599,1951134645,vermelho,azul,modelo_proposto,azul,1,3,14,30,0,30.0000,0.0000,243,2,241,0
600,1030142316,azul,verde,modelo_proposto,azul,0,-3,15,40,110,0.3636,0.3571,257,79,132,46
600,1030142316,azul,vermelho,modelo_proposto,azul,0,-3,15,80,100,0.8000,0.4615,618,243,220,155
600,1030142316,azul,azul,modelo_proposto,azul,1,3,15,140,50,2.8000,0.4667,684,257,264,163
601,1015889351,verde,verde,modelo_proposto,azul,0,-3,12,90,110,0.8182,0.1667,262,79,108,75
601,1015889351,verde,vermelho,modelo_proposto,azul,0,-3,12,140,120,1.1667,0.2500,561,153,258,150
601,1015889351,verde,azul,modelo_proposto,azul,1,3,12,30,30,1.0000,0.0000,120,26,69,25
602,205782876,vermelho,verde,modelo_proposto,azul,0,-3,9,90,120,0.7500,0.0000,380,172,108,100
602,205782876,vermelho,vermelho,modelo_proposto,azul,0,-3,9,120,120,1.0000,0.0000,358,106,153,99
602,205782876,vermelho,azul,modelo_proposto,azul,1,3,9,30,0,30.0000,0.0000,237,32,180,25
603,1233340021,azul,verde,modelo_proposto,vermelho,0,-3,16,50,100,0.5000,0.3333,318,83,160,75
603,1233340021,azul,vermelho,modelo_proposto,vermelho,1,3,16,60,30,2.0000,0.0000,226,45,141,40
603,1233340021,azul,azul,modelo_proposto,vermelho,0,-3,16,130,110,1.1818,0.2667,551,159,245,147
604,2014491557,verde,verde,modelo_proposto,empate,0,-1,100,120,90,1.3333,0.0000,2244,149,1998,97
604,2014491557,verde,vermelho,modelo_proposto,empate,0,-1,100,90,120,0.7500,0.0000,254,76,106,72
604,2014491557,verde,azul,modelo_proposto,empate,0,-1,100,0,0,0.0000,0.0000,1288,45,1243,0
605,1314928140,vermelho,verde,modelo_proposto,verde,1,3,17,110,90,1.2222,0.0625,477,104,283,90
605,1314928140,vermelho,vermelho,modelo_proposto,verde,0,-3,17,60,100,0.6000,0.1538,377,80,251,46
605,1314928140,vermelho,azul,modelo_proposto,verde,0,-3,17,140,120,1.1667,0.2500,521,160,243,118
606,1869575208,azul,verde,modelo_proposto,azul,0,-3,16,110,120,0.9167,0.2667,434,132,179,123
606,1869575208,azul,vermelho,modelo_proposto,azul,0,-3,16,90,110,0.8182,0.4167,356,105,151,100
606,1869575208,azul,azul,modelo_proposto,azul,1,3,16,30,0,30.0000,0.0625,271,30,216,25
607,412083840,verde,verde,modelo_proposto,verde,1,3,13,90,20,4.5000,0.0769,318,111,132,75
607,412083840,verde,vermelho,modelo_proposto,verde,0,-3,13,60,120,0.5000,0.0000,198,72,79,47
607,412083840,verde,azul,modelo_proposto,verde,0,-3,13,110,120,0.9167,0.2500,382,104,182,96
608,1705502126,vermelho,verde,modelo_proposto,verde,1,3,18,30,30,1.0000,0.0588,147,28,94,25
608,1705502126,vermelho,vermelho,modelo_proposto,verde,0,-3,18,150,120,1.2500,0.0588,596,175,261,160
608,1705502126,vermelho,azul,modelo_proposto,verde,0,-3,18,90,120,0.7500,0.0000,254,73,112,69
609,360032754,azul,verde,modelo_proposto,vermelho,0,-3,34,150,120,1.2500,0.0000,595,132,344,119
609,360032754,azul,vermelho,modelo_proposto,vermelho,1,3,34,30,30,1.0000,0.0606,326,53,225,48
609,360032754,azul,azul,modelo_proposto,vermelho,0,-3,34,90,120,0.7500,0.0000,245,74,101,70
610,1703396810,verde,verde,modelo_proposto,verde,1,3,19,30,0,30.0000,0.0000,314,28,261,25
610,1703396810,verde,vermelho,modelo_proposto,verde,0,-3,19,70,100,0.7000,0.6250,314,104,114,96
610,1703396810,verde,azul,modelo_proposto,verde,0,-3,19,100,100,1.0000,0.3333,528,124,283,121
611,1813539174,vermelho,verde,modelo_proposto,vermelho,0,-3,11,120,120,1.0000,0.0000,299,80,144,75
611,1813539174,vermelho,vermelho,modelo_proposto,vermelho,1,3,11,30,0,30.0000,0.1818,117,26,69,22
611,1813539174,vermelho,azul,modelo_proposto,vermelho,0,-3,11,90,120,0.7500,0.0000,249,80,94,75
612,1326081846,azul,verde,modelo_proposto,verde,1,3,20,30,0,30.0000,0.0526,292,20,255,17
612,1326081846,azul,vermelho,modelo_proposto,verde,0,-3,20,100,110,0.9091,0.3333,579,152,279,148
612,1326081846,azul,azul,modelo_proposto,verde,0,-3,20,80,100,0.8000,0.1667,406,112,194,100
613,1251722137,verde,verde,modelo_proposto,azul,0,-3,39,90,120,0.7500,0.2857,244,80,89,75
613,1251722137,verde,vermelho,modelo_proposto,azul,0,-3,39,150,120,1.2500,0.0000,539,113,319,107
613,1251722137,verde,azul,modelo_proposto,azul,1,3,39,30,30,1.0000,0.1026,208,19,173,16
614,279383135,vermelho,verde,modelo_proposto,azul,0,-3,22,60,120,0.5000,0.0000,464,79,341,44
614,279383135,vermelho,vermelho,modelo_proposto,azul,0,-3,22,120,120,1.0000,0.0909,442,167,168,107
614,279383135,vermelho,azul,modelo_proposto,azul,1,3,22,90,30,3.0000,0.3636,532,78,394,60
615,2053490072,azul,verde,modelo_proposto,verde,1,3,13,30,30,1.0000,0.2500,116,26,65,25
615,2053490072,azul,vermelho,modelo_proposto,verde,0,-3,13,150,120,1.2500,0.0000,464,128,211,125
615,2053490072,azul,azul,modelo_proposto,verde,0,-3,13,90,120,0.7500,0.0000,240,82,83,75
616,469087286,verde,verde,modelo_proposto,azul,0,-3,20,90,120,0.7500,0.0000,252,80,97,75
616,469087286,verde,vermelho,modelo_proposto,azul,0,-3,20,120,120,1.0000,0.0000,485,130,230,125
616,469087286,verde,azul,modelo_proposto,azul,1,3,20,30,0,30.0000,0.1000,110,2,108,0
617,244808538,vermelho,verde,modelo_proposto,verde,1,3,25,30,0,30.0000,0.0417,187,28,135,24
617,244808538,vermelho,vermelho,modelo_proposto,verde,0,-3,25,90,120,0.7500,0.2500,281,70,145,66
617,244808538,vermelho,azul,modelo_proposto,verde,0,-3,25,120,120,1.0000,0.1250,403,97,217,89
618,1697912004,azul,verde,modelo_proposto,verde,1,3,12,30,30,1.0000,0.0000,248,33,190,25
618,1697912004,azul,vermelho,modelo_proposto,verde,0,-3,12,90,120,0.7500,0.0000,400,152,151,97
618,1697912004,azul,azul,modelo_proposto,verde,0,-3,12,150,120,1.2500,0.0000,424,126,183,115
619,1196957329,verde,verde,modelo_proposto,vermelho,0,-3,16,150,120,1.2500,0.0625,675,176,328,171
619,1196957329,verde,vermelho,modelo_proposto,vermelho,1,3,16,30,30,1.0000,0.0000,267,29,213,25
619,1196957329,verde,azul,modelo_proposto,vermelho,0,-3,16,90,120,0.7500,0.0000,252,77,102,73
620,279705624,vermelho,verde,modelo_proposto,vermelho,0,-3,18,90,120,0.7500,0.0000,271,66,144,61
620,279705624,vermelho,vermelho,modelo_proposto,vermelho,1,3,18,30,0,30.0000,0.0000,154,27,103,24
620,279705624,vermelho,azul,modelo_proposto,vermelho,0,-3,18,120,120,1.0000,0.0588,407,107,193,107
621,440487415,azul,verde,modelo_proposto,verde,1,3,15,30,30,1.0000,0.2857,125,26,74,25
621,440487415,azul,vermelho,modelo_proposto,verde,0,-3,15,90,120,0.7500,0.0000,243,79,90,74
621,440487415,azul,azul,modelo_proposto,verde,0,-3,15,150,120,1.2500,0.0714,474,128,221,125
622,532420518,verde,verde,modelo_proposto,empate,0,-1,100,90,120,0.7500,0.0000,238,76,91,71
622,532420518,verde,vermelho,modelo_proposto,empate,0,-1,100,120,90,1.3333,0.0000,2227,128,2028,71
622,532420518,verde,azul,modelo_proposto,empate,0,-1,100,0,0,0.0000,0.0200,2016,50,1966,0
623,1534020729,vermelho,verde,modelo_proposto,vermelho,0,-3,17,180,120,1.5000,0.0000,580,172,253,155
623,1534020729,vermelho,vermelho,modelo_proposto,vermelho,1,3,17,60,90,0.6667,0.0588,553,153,286,114
623,1534020729,vermelho,azul,modelo_proposto,vermelho,0,-3,17,90,120,0.7500,0.0000,287,105,110,72
624,1330977352,azul,verde,modelo_proposto,azul,0,-3,18,120,120,1.0000,0.0588,302,78,155,69
624,1330977352,azul,vermelho,modelo_proposto,azul,0,-3,18,90,120,0.7500,0.0000,271,78,125,68
624,1330977352,azul,azul,modelo_proposto,azul,1,3,18,30,0,30.0000,0.0556,261,54,160,47
625,1339491093,verde,verde,modelo_proposto,vermelho,0,-3,17,120,100,1.2000,0.2353,515,144,235,136
625,1339491093,verde,vermelho,modelo_proposto,vermelho,1,3,17,30,0,30.0000,0.0588,130,2,128,0
625,1339491093,verde,azul,modelo_proposto,vermelho,0,-3,17,70,120,0.5833,0.5556,290,95,107,88
626,2136906327,vermelho,verde,modelo_proposto,verde,1,3,22,30,20,1.5000,0.2381,264,32,209,23
626,2136906327,vermelho,vermelho,modelo_proposto,verde,0,-3,22,130,110,1.1818,0.4286,559,169,240,150
626,2136906327,vermelho,azul,modelo_proposto,verde,0,-3,22,80,110,0.7273,0.0667,389,96,206,87
627,523294266,azul,verde,modelo_proposto,vermelho,0,-3,17,150,120,1.2500,0.1250,495,165,206,124
627,523294266,azul,vermelho,modelo_proposto,vermelho,1,3,17,90,60,1.5000,0.0000,463,109,281,73
627,523294266,azul,azul,modelo_proposto,vermelho,0,-3,17,60,120,0.5000,0.0000,336,84,203,49
628,1234858072,verde,verde,modelo_proposto,vermelho,0,-3,13,150,120,1.2500,0.0000,545,170,232,143
628,1234858072,verde,vermelho,modelo_proposto,vermelho,1,3,13,30,30,1.0000,0.0000,219,30,164,25
628,1234858072,verde,azul,modelo_proposto,vermelho,0,-3,13,90,120,0.7500,0.0000,290,95,107,88
629,130403733,vermelho,verde,modelo_proposto,vermelho,0,-3,12,70,120,0.5833,0.5455,485,213,147,125
629,130403733,vermelho,vermelho,modelo_proposto,vermelho,1,3,12,150,80,1.8750,0.3333,534,192,192,150
629,130403733,vermelho,azul,modelo_proposto,vermelho,0,-3,12,90,110,0.8182,0.3333,336,108,130,98
630,444026286,azul,verde,modelo_proposto,azul,0,-3,11,90,120,0.7500,0.1429,207,67,78,62
630,444026286,azul,vermelho,modelo_proposto,azul,0,-3,11,150,120,1.2500,0.1000,311,90,139,82
630,444026286,azul,azul,modelo_proposto,azul,1,3,11,30,30,1.0000,0.0000,86,18,52,16
631,1706054446,verde,verde,modelo_proposto,verde,1,3,26,30,30,1.0000,0.0000,337,22,294,21
631,1706054446,verde,vermelho,modelo_proposto,verde,0,-3,26,140,110,1.2727,0.1200,517,134,260,123
631,1706054446,verde,azul,modelo_proposto,verde,0,-3,26,80,110,0.7273,0.0833,325,79,171,75
632,1251267710,vermelho,verde,modelo_proposto,azul,0,-3,12,90,120,0.7500,0.0000,254,78,103,73
632,1251267710,vermelho,vermelho,modelo_proposto,azul,0,-3,12,120,120,1.0000,0.0000,290,79,139,72
632,1251267710,vermelho,azul,modelo_proposto,azul,1,3,12,30,0,30.0000,0.0833,109,2,107,0
633,1966057535,azul,verde,modelo_proposto,azul,0,-3,19,90,110,0.8182,0.2222,323,50,230,43
633,1966057535,azul,vermelho,modelo_proposto,azul,0,-3,19,80,110,0.7273,0.3333,570,202,238,130
633,1966057535,azul,azul,modelo_proposto,azul,1,3,19,100,50,2.0000,0.3684,680,241,295,144
634,1965943761,verde,verde,modelo_proposto,azul,0,-3,14,130,110,1.1818,0.3077,474,172,187,115
634,1965943761,verde,vermelho,modelo_proposto,azul,0,-3,14,70,100,0.7000,0.2857,258,76,111,71
634,1965943761,verde,azul,modelo_proposto,azul,1,3,14,70,60,1.1667,0.2143,276,91,124,61
635,768926301,vermelho,verde,modelo_proposto,verde,1,3,13,30,30,1.0000,0.0000,119,28,66,25
635,768926301,vermelho,vermelho,modelo_proposto,verde,0,-3,13,150,120,1.2500,0.0000,379,110,169,100
635,768926301,vermelho,azul,modelo_proposto,verde,0,-3,13,90,120,0.7500,0.0000,250,80,95,75
636,1881604470,azul,verde,modelo_proposto,azul,0,-3,13,120,120,1.0000,0.0000,398,105,193,100
636,1881604470,azul,vermelho,modelo_proposto,azul,0,-3,13,90,120,0.7500,0.0000,238,80,83,75
636,1881604470,azul,azul,modelo_proposto,azul,1,3,13,30,0,30.0000,0.0769,178,28,125,25
637,1256005152,verde,verde,modelo_proposto,vermelho,0,-3,19,90,110,0.8182,0.0625,359,79,205,75
637,1256005152,verde,vermelho,modelo_proposto,vermelho,1,3,19,30,0,30.0000,0.1053,160,29,106,25
637,1256005152,verde,azul,modelo_proposto,vermelho,0,-3,19,110,120,0.9167,0.0556,419,107,212,100
638,866370088,vermelho,verde,modelo_proposto,empate,0,-1,100,0,0,0.0000,0.0000,1643,7,1636,0
638,866370088,vermelho,vermelho,modelo_proposto,empate,0,-1,100,120,90,1.3333,0.0000,893,115,680,98
638,866370088,vermelho,azul,modelo_proposto,empate,0,-1,100,90,120,0.7500,0.0000,277,81,121,75
639,453976170,azul,verde,modelo_proposto,azul,0,-3,19,150,120,1.2500,0.5000,506,138,245,123
639,453976170,azul,vermelho,modelo_proposto,azul,0,-3,19,60,120,0.5000,0.7143,331,107,128,96
639,453976170,azul,azul,modelo_proposto,azul,1,3,19,60,30,2.0000,0.1053,322,53,222,47
640,960568082,verde,verde,modelo_proposto,azul,0,-3,17,150,100,1.5000,0.3529,715,245,320,150
640,960568082,verde,vermelho,modelo_proposto,azul,0,-3,17,70,100,0.7000,0.4000,374,112,187,75
640,960568082,verde,azul,modelo_proposto,azul,1,3,17,70,90,0.7778,0.1765,604,101,403,100
641,1262463845,vermelho,verde,modelo_proposto,vermelho,0,-3,20,120,120,1.0000,0.0526,590,123,343,124
641,1262463845,vermelho,vermelho,modelo_proposto,vermelho,1,3,20,30,0,30.0000,0.0500,297,30,242,25
641,1262463845,vermelho,azul,modelo_proposto,vermelho,0,-3,20,90,120,0.7500,0.0000,246,80,91,75
642,1248811076,azul,verde,modelo_proposto,verde,1,3,27,30,30,1.0000,0.2308,188,29,134,25
642,1248811076,azul,vermelho,modelo_proposto,verde,0,-3,27,90,120,0.7500,0.0000,401,80,246,75
642,1248811076,azul,azul,modelo_proposto,verde,0,-3,27,150,120,1.2500,0.0385,630,136,369,125
643,1493478306,verde,verde,modelo_proposto,verde,1,3,11,30,0,30.0000,0.0000,155,28,104,23
643,1493478306,verde,vermelho,modelo_proposto,verde,0,-3,11,120,120,1.0000,0.1000,383,100,183,100
643,1493478306,verde,azul,modelo_proposto,verde,0,-3,11,90,120,0.7500,0.0000,238,79,85,74
644,665279136,vermelho,verde,modelo_proposto,azul,0,-3,16,60,120,0.5000,0.1000,275,79,121,75
644,665279136,vermelho,vermelho,modelo_proposto,azul,0,-3,16,150,120,1.2500,0.0000,395,104,199,92
644,665279136,vermelho,azul,modelo_proposto,azul,1,3,16,60,30,2.0000,0.0625,209,24,166,19
645,218716618,azul,verde,modelo_proposto,vermelho,0,-3,28,90,120,0.7500,0.0000,288,79,136,73
645,218716618,azul,vermelho,modelo_proposto,vermelho,1,3,28,30,0,30.0000,0.0000,230,28,178,24
645,218716618,azul,azul,modelo_proposto,vermelho,0,-3,28,120,120,1.0000,0.1111,574,125,327,122
646,640258826,verde,verde,modelo_proposto,vermelho,0,-3,13,90,120,0.7500,0.1111,210,66,83,61
646,640258826,verde,vermelho,modelo_proposto,vermelho,1,3,13,30,0,30.0000,0.0000,174,22,136,16
646,640258826,verde,azul,modelo_proposto,vermelho,0,-3,13,120,120,1.0000,0.0000,399,123,178,98
647,1496625869,vermelho,verde,modelo_proposto,azul,0,-3,12,70,100,0.7000,0.2857,244,80,89,75
647,1496625869,vermelho,vermelho,modelo_proposto,azul,0,-3,12,130,100,1.3000,0.4167,436,119,201,116
647,1496625869,vermelho,azul,modelo_proposto,azul,1,3,12,30,30,1.0000,0.1667,142,29,88,25
648,129953772,azul,verde,modelo_proposto,vermelho,0,-3,21,50,120,0.4167,0.4000,701,146,421,134
648,129953772,azul,vermelho,modelo_proposto,vermelho,1,3,21,120,70,1.7143,0.2000,533,113,327,93
648,129953772,azul,azul,modelo_proposto,vermelho,0,-3,21,140,120,1.1667,0.2500,471,179,180,112
649,198795325,verde,verde,modelo_proposto,azul,0,-3,29,90,120,0.7500,0.0000,230,76,83,71
649,198795325,verde,vermelho,modelo_proposto,azul,0,-3,29,120,120,1.0000,0.0345,388,78,238,72
649,198795325,verde,azul,modelo_proposto,azul,1,3,29,30,0,30.0000,0.0345,367,27,316,24
650,1092198279,vermelho,verde,modelo_proposto,empate,0,-1,100,90,120,0.7500,0.0000,348,82,191,75
650,1092198279,vermelho,vermelho,modelo_proposto,empate,0,-1,100,0,0,0.0000,0.0000,1470,48,1422,0
650,1092198279,vermelho,azul,modelo_proposto,empate,0,-1,100,120,90,1.3333,0.9300,2309,130,2104,75
651,779591759,azul,verde,modelo_proposto,verde,1,3,17,30,30,1.0000,0.0625,148,27,98,23
651,779591759,azul,vermelho,modelo_proposto,verde,0,-3,17,150,120,1.2500,0.0000,395,112,183,100
651,779591759,azul,azul,modelo_proposto,verde,0,-3,17,90,120,0.7500,0.0000,247,80,92,75
652,1317852308,verde,verde,modelo_proposto,azul,0,-3,21,90,120,0.7500,0.0000,253,75,108,70
652,1317852308,verde,vermelho,modelo_proposto,azul,0,-3,21,120,120,1.0000,0.1905,528,136,256,136
652,1317852308,verde,azul,modelo_proposto,azul,1,3,21,30,0,30.0000,0.0476,181,4,177,0
653,1288168034,vermelho,verde,modelo_proposto,verde,1,3,21,30,30,1.0000,0.0500,167,28,114,25
653,1288168034,vermelho,vermelho,modelo_proposto,verde,0,-3,21,140,120,1.1667,0.1000,500,135,240,125
653,1288168034,vermelho,azul,modelo_proposto,verde,0,-3,21,90,110,0.8182,0.1667,242,80,87,75
654,770170329,azul,verde,modelo_proposto,azul,0,-3,13,170,110,1.5455,0.1667,414,115,194,105
654,770170329,azul,vermelho,modelo_proposto,azul,0,-3,13,60,120,0.5000,0.0000,219,67,89,63
654,770170329,azul,azul,modelo_proposto,azul,1,3,13,50,50,1.0000,0.1538,183,52,83,48
655,1802537942,verde,verde,modelo_proposto,vermelho,0,-3,12,100,120,0.8333,0.1667,360,134,127,99
655,1802537942,verde,vermelho,modelo_proposto,vermelho,1,3,12,90,60,1.5000,0.0000,318,109,134,75
655,1802537942,verde,azul,modelo_proposto,vermelho,0,-3,12,90,100,0.9000,0.4000,275,80,121,74
656,714072783,vermelho,verde,modelo_proposto,azul,0,-3,24,160,120,1.3333,0.3043,639,193,273,173
656,714072783,vermelho,vermelho,modelo_proposto,azul,0,-3,24,60,100,0.6000,0.1176,345,81,191,73
656,714072783,vermelho,azul,modelo_proposto,azul,1,3,24,60,60,1.0000,0.0000,248,49,155,44
657,1894773843,azul,verde,modelo_proposto,vermelho,0,-3,13,130,100,1.3000,0.1667,443,124,201,118
657,1894773843,azul,vermelho,modelo_proposto,vermelho,1,3,13,30,30,1.0000,0.0833,145,27,93,25
657,1894773843,azul,azul,modelo_proposto,vermelho,0,-3,13,70,100,0.7000,0.6000,238,80,83,75
658,1299649723,verde,verde,modelo_proposto,azul,0,-3,26,150,120,1.2500,0.0385,561,208,226,127
658,1299649723,verde,vermelho,modelo_proposto,azul,0,-3,26,60,120,0.5000,0.0000,581,104,433,44
658,1299649723,verde,azul,modelo_proposto,azul,1,3,26,90,60,1.5000,0.0000,663,109,485,69
659,951999122,vermelho,verde,modelo_proposto,azul,0,-3,17,90,120,0.7500,0.0000,251,79,98,74
659,951999122,vermelho,vermelho,modelo_proposto,azul,0,-3,17,150,120,1.2500,0.0000,471,133,219,119
659,951999122,vermelho,azul,modelo_proposto,azul,1,3,17,30,30,1.0000,0.1176,199,27,149,23
660,2094539556,azul,verde,modelo_proposto,vermelho,0,-3,11,120,120,1.0000,0.0000,297,89,126,82
660,2094539556,azul,vermelho,modelo_proposto,vermelho,1,3,11,30,0,30.0000,0.0000,157,29,103,25
660,2094539556,azul,azul,modelo_proposto,vermelho,0,-3,11,90,120,0.7500,0.0000,234,70,98,66
661,1988806916,verde,verde,modelo_proposto,empate,0,-1,100,0,0,0.0000,0.0000,1263,26,1237,0
661,1988806916,verde,vermelho,modelo_proposto,empate,0,-1,100,120,90,1.3333,0.0200,1300,112,1113,75
661,1988806916,verde,azul,modelo_proposto,empate,0,-1,100,90,120,0.7500,0.3750,247,80,92,75
662,589686748,vermelho,verde,modelo_proposto,vermelho,0,-3,16,110,120,0.9167,0.0667,317,85,157,75
662,589686748,vermelho,vermelho,modelo_proposto,vermelho,1,3,16,30,0,30.0000,0.0000,167,28,115,24
662,589686748,vermelho,azul,modelo_proposto,vermelho,0,-3,16,90,110,0.8182,0.2000,238,80,83,75
663,2020755370,azul,verde,modelo_proposto,vermelho,0,-3,22,80,120,0.6667,0.2000,275,81,121,73
663,2020755370,azul,vermelho,modelo_proposto,vermelho,1,3,22,30,0,30.0000,0.0000,135,2,133,0
663,2020755370,azul,azul,modelo_proposto,vermelho,0,-3,22,120,110,1.0909,0.2381,512,123,277,112
664,880251236,verde,verde,modelo_proposto,verde,1,3,12,20,0,20.0000,0.0833,108,27,61,20
664,880251236,verde,vermelho,modelo_proposto,verde,0,-3,12,100,110,0.9091,0.4545,374,117,150,107
664,880251236,verde,azul,modelo_proposto,verde,0,-3,12,90,100,0.9000,0.2222,246,61,130,55
665,495973414,vermelho,verde,modelo_proposto,azul,0,-3,13,90,120,0.7500,0.0000,253,71,115,67
665,495973414,vermelho,vermelho,modelo_proposto,azul,0,-3,13,150,120,1.2500,0.0000,488,147,203,138
665,495973414,vermelho,azul,modelo_proposto,azul,1,3,13,30,30,1.0000,0.0000,187,46,101,40
666,984970438,azul,verde,modelo_proposto,azul,0,-3,12,150,120,1.2500,0.0000,472,129,224,119
666,984970438,azul,vermelho,modelo_proposto,azul,0,-3,12,90,120,0.7500,0.1111,309,80,156,73
666,984970438,azul,azul,modelo_proposto,azul,1,3,12,30,30,1.0000,0.0000,262,31,207,24
667,220068118,verde,verde,modelo_proposto,verde,1,3,15,30,0,30.0000,0.0000,212,2,210,0
667,220068118,verde,vermelho,modelo_proposto,verde,0,-3,15,120,120,1.0000,0.0000,371,96,187,88
667,220068118,verde,azul,modelo_proposto,verde,0,-3,15,90,120,0.7500,0.0909,249,76,103,70
668,1454005916,vermelho,verde,modelo_proposto,azul,0,-3,14,160,110,1.4545,0.3077,624,252,197,175
668,1454005916,vermelho,vermelho,modelo_proposto,azul,0,-3,14,50,120,0.4167,0.2727,373,148,125,100
668,1454005916,vermelho,azul,modelo_proposto,azul,1,3,14,60,40,1.5000,0.1429,288,58,180,50
669,111536335,azul,verde,modelo_proposto,verde,1,3,18,60,0,60.0000,0.0588,320,85,185,50
669,111536335,azul,vermelho,modelo_proposto,verde,0,-3,18,90,120,0.7500,0.0000,278,74,138,66
669,111536335,azul,azul,modelo_proposto,verde,0,-3,18,90,120,0.7500,0.0000,280,91,120,69
670,228923756,verde,verde,modelo_proposto,verde,1,3,10,60,0,60.0000,0.0000,210,82,78,50
670,228923756,verde,vermelho,modelo_proposto,verde,0,-3,10,90,120,0.7500,0.0000,197,56,91,50
670,228923756,verde,azul,modelo_proposto,verde,0,-3,10,90,120,0.7500,0.0000,272,80,117,75
671,1575262061,vermelho,verde,modelo_proposto,verde,1,3,21,90,30,3.0000,0.0000,476,85,321,70
671,1575262061,vermelho,vermelho,modelo_proposto,verde,0,-3,21,120,120,1.0000,0.0000,399,101,210,88
671,1575262061,vermelho,azul,modelo_proposto,verde,0,-3,21,60,120,0.5000,0.0000,324,49,235,40
672,1373973555,azul,verde,modelo_proposto,vermelho,0,-3,12,90,120,0.7500,0.0000,226,74,83,69
672,1373973555,azul,vermelho,modelo_proposto,vermelho,1,3,12,30,0,30.0000,0.0000,99,24,56,19
672,1373973555,azul,azul,modelo_proposto,vermelho,0,-3,12,120,120,1.0000,0.0000,267,71,133,63
673,192519457,verde,verde,modelo_proposto,azul,0,-3,12,60,120,0.5000,0.0000,257,83,124,50
673,192519457,verde,vermelho,modelo_proposto,azul,0,-3,12,90,120,0.7500,0.0833,322,81,166,75
673,192519457,verde,azul,modelo_proposto,azul,1,3,12,120,30,4.0000,0.0000,414,165,149,100
674,944968278,vermelho,verde,modelo_proposto,verde,1,3,14,30,0,30.0000,0.1538,186,29,132,25
674,944968278,vermelho,vermelho,modelo_proposto,verde,0,-3,14,90,120,0.7500,0.0000,240,82,83,75
674,944968278,vermelho,azul,modelo_proposto,verde,0,-3,14,120,120,1.0000,0.0000,312,82,155,75
675,2011085058,azul,verde,modelo_proposto,vermelho,0,-3,11,110,110,1.0000,0.1000,371,107,164,100
675,2011085058,azul,vermelho,modelo_proposto,vermelho,1,3,11,30,0,30.0000,0.2000,177,29,123,25
675,2011085058,azul,azul,modelo_proposto,vermelho,0,-3,11,80,110,0.7273,0.2500,268,79,114,75
676,88572083,verde,verde,modelo_proposto,azul,0,-3,12,150,120,1.2500,0.0000,468,128,215,125
676,88572083,verde,vermelho,modelo_proposto,azul,0,-3,12,90,120,0.7500,0.0000,237,80,82,75
676,88572083,verde,azul,modelo_proposto,azul,1,3,12,30,30,1.0000,0.2500,116,26,65,25
677,1970560963,vermelho,verde,modelo_proposto,azul,0,-3,22,100,120,0.8333,0.0476,430,111,219,100
677,1970560963,vermelho,vermelho,modelo_proposto,azul,0,-3,22,90,100,0.9000,0.2727,259,80,104,75
677,1970560963,vermelho,azul,modelo_proposto,azul,1,3,22,30,0,30.0000,0.0909,172,24,128,20
678,307584755,azul,verde,modelo_proposto,verde,1,3,11,30,30,1.0000,0.0000,228,79,99,50
678,307584755,azul,vermelho,modelo_proposto,verde,0,-3,11,150,120,1.2500,0.0000,397,133,140,124
678,307584755,azul,azul,modelo_proposto,verde,0,-3,11,90,120,0.7500,0.0000,240,77,91,72
679,1869256894,verde,verde,modelo_proposto,azul,0,-3,11,140,120,1.1667,0.1818,399,125,159,115
679,1869256894,verde,vermelho,modelo_proposto,azul,0,-3,11,90,120,0.7500,0.1667,245,76,99,70
679,1869256894,verde,azul,modelo_proposto,azul,1,3,11,30,20,1.5000,0.0909,339,102,165,72
680,79134275,vermelho,verde,modelo_proposto,azul,0,-3,9,90,120,0.7500,0.0000,285,91,111,83
680,79134275,vermelho,vermelho,modelo_proposto,azul,0,-3,9,150,120,1.2500,0.0000,383,126,143,114
680,79134275,vermelho,azul,modelo_proposto,azul,1,3,9,30,30,1.0000,0.0000,148,28,95,25
681,1664664159,azul,verde,modelo_proposto,azul,0,-3,26,90,120,0.7500,0.1111,222,70,87,65
681,1664664159,azul,vermelho,modelo_proposto,azul,0,-3,26,120,120,1.0000,0.1200,472,96,287,89
681,1664664159,azul,azul,modelo_proposto,azul,1,3,26,30,0,30.0000,0.0385,205,30,153,22
682,460515643,verde,verde,modelo_proposto,vermelho,0,-3,16,70,120,0.5833,0.0000,344,135,144,65
682,460515643,verde,vermelho,modelo_proposto,vermelho,1,3,16,30,30,1.0000,0.0625,258,33,200,25
682,460515643,verde,azul,modelo_proposto,vermelho,0,-3,16,150,100,1.5000,0.1333,520,182,195,143
683,947373156,vermelho,verde,modelo_proposto,verde,1,3,20,60,60,1.0000,0.0000,300,53,197,50
683,947373156,vermelho,vermelho,modelo_proposto,verde,0,-3,20,50,120,0.4167,0.5714,246,82,89,75
683,947373156,vermelho,azul,modelo_proposto,verde,0,-3,20,180,110,1.6364,0.3158,480,136,219,125
684,2132834058,azul,verde,modelo_proposto,verde,1,3,23,30,30,1.0000,0.1364,322,26,274,22
684,2132834058,azul,vermelho,modelo_proposto,verde,0,-3,23,150,120,1.2500,0.2381,627,143,343,141
684,2132834058,azul,azul,modelo_proposto,verde,0,-3,23,90,120,0.7500,0.0000,240,72,100,68
685,1519292891,verde,verde,modelo_proposto,azul,0,-3,14,90,120,0.7500,0.0000,265,79,111,75
685,1519292891,verde,vermelho,modelo_proposto,azul,0,-3,14,120,120,1.0000,0.0000,383,106,178,99
685,1519292891,verde,azul,modelo_proposto,azul,1,3,14,30,0,30.0000,0.0714,167,29,113,25
686,1220596411,vermelho,verde,modelo_proposto,azul,0,-3,20,40,110,0.3636,0.5000,308,98,122,88
686,1220596411,vermelho,vermelho,modelo_proposto,azul,0,-3,20,170,100,1.7000,0.2500,527,156,229,142
686,1220596411,vermelho,azul,modelo_proposto,azul,1,3,20,60,60,1.0000,0.0500,221,46,135,40
687,1048016289,azul,verde,modelo_proposto,azul,0,-3,16,80,120,0.6667,0.3333,374,105,175,94
687,1048016289,azul,vermelho,modelo_proposto,azul,0,-3,16,150,110,1.3636,0.4667,476,133,220,123
687,1048016289,azul,azul,modelo_proposto,azul,1,3,16,30,30,1.0000,0.0625,152,28,99,25
688,522013940,verde,verde,modelo_proposto,azul,0,-3,10,120,100,1.2000,0.3000,316,112,121,83
688,522013940,verde,vermelho,modelo_proposto,azul,0,-3,10,110,110,1.0000,0.2222,346,137,124,85
688,522013940,verde,azul,modelo_proposto,azul,1,3,10,40,60,0.6667,0.2000,329,108,152,69
689,1709267489,vermelho,verde,modelo_proposto,verde,1,3,15,30,0,30.0000,0.0000,161,28,114,19
689,1709267489,vermelho,vermelho,modelo_proposto,verde,0,-3,15,120,120,1.0000,0.0000,377,96,193,88
689,1709267489,vermelho,azul,modelo_proposto,verde,0,-3,15,90,120,0.7500,0.0909,327,95,144,88
690,1729243779,azul,verde,modelo_proposto,vermelho,0,-3,18,120,110,1.0909,0.1765,425,100,234,91
690,1729243779,azul,vermelho,modelo_proposto,vermelho,1,3,18,30,0,30.0000,0.0588,82,2,80,0
690,1729243779,azul,azul,modelo_proposto,vermelho,0,-3,18,80,120,0.6667,0.1333,288,78,138,72
691,1784580866,verde,verde,modelo_proposto,azul,0,-3,11,140,120,1.1667,0.1818,380,112,168,100
691,1784580866,verde,vermelho,modelo_proposto,azul,0,-3,11,90,110,0.8182,0.3333,243,82,86,75
691,1784580866,verde,azul,modelo_proposto,azul,1,3,11,30,30,1.0000,0.0000,157,29,103,25
692,1491450575,vermelho,verde,modelo_proposto,vermelho,0,-3,16,90,100,0.9000,0.5714,244,76,100,68
692,1491450575,vermelho,vermelho,modelo_proposto,vermelho,1,3,16,30,30,1.0000,0.0625,191,30,138,23
692,1491450575,vermelho,azul,modelo_proposto,vermelho,0,-3,16,130,120,1.0833,0.2000,450,123,217,110
693,1568923797,azul,verde,modelo_proposto,azul,0,-3,10,120,120,1.0000,0.0000,295,82,138,75
693,1568923797,azul,vermelho,modelo_proposto,azul,0,-3,10,90,120,0.7500,0.0000,241,80,86,75
693,1568923797,azul,azul,modelo_proposto,azul,1,3,10,30,0,30.0000,0.0000,154,29,100,25
694,362309885,verde,verde,modelo_proposto,vermelho,0,-3,10,90,120,0.7500,0.0000,226,76,79,71
694,362309885,verde,vermelho,modelo_proposto,vermelho,1,3,10,30,0,30.0000,0.0000,129,31,75,23
694,362309885,verde,azul,modelo_proposto,vermelho,0,-3,10,120,120,1.0000,0.0000,288,80,136,72
695,2101121314,vermelho,verde,modelo_proposto,verde,1,3,12,30,0,30.0000,0.0000,193,33,135,25
695,2101121314,vermelho,vermelho,modelo_proposto,verde,0,-3,12,90,120,0.7500,0.1111,393,135,158,100
695,2101121314,vermelho,azul,modelo_proposto,verde,0,-3,12,120,120,1.0000,0.0909,374,107,168,99
696,1869267578,azul,verde,modelo_proposto,azul,0,-3,11,90,120,0.7500,0.0000,250,74,106,70
696,1869267578,azul,vermelho,modelo_proposto,azul,0,-3,11,120,120,1.0000,0.1000,351,94,170,87
696,1869267578,azul,azul,modelo_proposto,azul,1,3,11,30,0,30.0000,0.0000,168,27,119,22
697,594861639,verde,verde,modelo_proposto,vermelho,0,-3,23,90,120,0.7500,0.0000,495,89,331,75
697,594861639,verde,vermelho,modelo_proposto,vermelho,1,3,23,30,0,30.0000,0.0000,394,37,332,25
697,594861639,verde,azul,modelo_proposto,vermelho,0,-3,23,120,120,1.0000,0.0455,397,112,186,99
698,562332132,vermelho,verde,modelo_proposto,vermelho,0,-3,12,150,120,1.2500,0.0000,390,102,199,89
698,562332132,vermelho,vermelho,modelo_proposto,vermelho,1,3,12,30,30,1.0000,0.1667,135,27,86,22
698,562332132,vermelho,azul,modelo_proposto,vermelho,0,-3,12,90,120,0.7500,0.0000,211,71,74,66
699,141045692,azul,verde,modelo_proposto,azul,0,-3,10,120,120,1.0000,0.0000,364,107,157,100
699,141045692,azul,vermelho,modelo_proposto,azul,0,-3,10,90,120,0.7500,0.0000,262,79,108,75
699,141045692,azul,azul,modelo_proposto,azul,1,3,10,30,0,30.0000,0.1000,149,29,95,25
700,893437542,verde,verde,modelo_proposto,verde,1,3,26,30,0,30.0000,0.0000,158,28,106,24
700,893437542,verde,vermelho,modelo_proposto,verde,0,-3,26,90,110,0.8182,0.1667,223,74,80,69
700,893437542,verde,azul,modelo_proposto,verde,0,-3,26,110,120,0.9167,0.0800,539,80,388,71
701,1356990828,vermelho,verde,modelo_proposto,vermelho,0,-3,22,120,120,1.0000,0.0952,372,84,213,75
701,1356990828,vermelho,vermelho,modelo_proposto,vermelho,1,3,22,30,0,30.0000,0.1364,166,29,112,25
701,1356990828,vermelho,azul,modelo_proposto,vermelho,0,-3,22,90,120,0.7500,0.0000,244,82,87,75
702,758057594,azul,verde,modelo_proposto,verde,1,3,16,90,30,3.0000,0.0000,399,85,241,73
702,758057594,azul,vermelho,modelo_proposto,verde,0,-3,16,60,120,0.5000,0.0000,280,101,108,71
702,758057594,azul,azul,modelo_proposto,verde,0,-3,16,120,120,1.0000,0.0000,484,155,235,94
703,1224258741,verde,verde,modelo_proposto,empate,0,-1,100,110,90,1.2222,0.0600,2187,143,1956,88
703,1224258741,verde,vermelho,modelo_proposto,empate,0,-1,100,90,110,0.8182,0.6667,288,98,99,91
703,1224258741,verde,azul,modelo_proposto,empate,0,-1,100,0,0,0.0000,0.0100,1947,48,1899,0
704,1738688665,vermelho,verde,modelo_proposto,empate,0,-1,100,0,0,0.0000,0.0000,4073,1193,1821,1059
704,1738688665,vermelho,vermelho,modelo_proposto,empate,0,-1,100,0,0,0.0000,0.0000,491,2,489,0
704,1738688665,vermelho,azul,modelo_proposto,empate,0,-1,100,0,0,0.0000,0.0000,567,0,567,0
705,284656161,azul,verde,modelo_proposto,azul,0,-3,16,90,120,0.7500,0.0000,270,78,118,74
705,284656161,azul,vermelho,modelo_proposto,azul,0,-3,16,150,120,1.2500,0.0000,493,134,237,122
705,284656161,azul,azul,modelo_proposto,azul,1,3,16,30,30,1.0000,0.0000,195,30,140,25
706,1037174125,verde,verde,modelo_proposto,azul,0,-3,11,120,120,1.0000,0.0000,376,107,169,100
706,1037174125,verde,vermelho,modelo_proposto,azul,0,-3,11,90,120,0.7500,0.0000,246,80,91,75
706,1037174125,verde,azul,modelo_proposto,azul,1,3,11,30,0,30.0000,0.0000,201,30,146,25
707,1145925364,vermelho,verde,modelo_proposto,azul,0,-3,12,90,120,0.7500,0.0000,246,79,93,74
707,1145925364,vermelho,vermelho,modelo_proposto,azul,0,-3,12,150,120,1.2500,0.0000,377,107,171,99
707,1145925364,vermelho,azul,modelo_proposto,azul,1,3,12,30,30,1.0000,0.0833,227,31,171,25
708,79466218,azul,verde,modelo_proposto,vermelho,0,-3,26,150,120,1.2500,0.0400,637,143,354,140
708,79466218,azul,vermelho,modelo_proposto,vermelho,1,3,26,30,30,1.0000,0.0800,313,30,258,25
708,79466218,azul,azul,modelo_proposto,vermelho,0,-3,26,90,120,0.7500,0.2222,241,76,94,71
709,508015536,verde,verde,modelo_proposto,vermelho,0,-3,49,90,120,0.7500,0.0000,616,68,486,62
709,508015536,verde,vermelho,modelo_proposto,vermelho,1,3,49,30,30,1.0000,0.0000,939,29,885,25
709,508015536,verde,azul,modelo_proposto,vermelho,0,-3,49,150,120,1.2500,0.0833,857,166,534,157
710,302173163,vermelho,verde,modelo_proposto,azul,0,-3,19,90,120,0.7500,0.0000,268,80,113,75
710,302173163,vermelho,vermelho,modelo_proposto,azul,0,-3,19,120,120,1.0000,0.1053,445,107,240,98
710,302173163,vermelho,azul,modelo_proposto,azul,1,3,19,30,0,30.0000,0.1053,177,28,125,24
711,491820749,azul,verde,modelo_proposto,azul,0,-3,11,90,120,0.7500,0.0000,245,80,90,75
711,491820749,azul,vermelho,modelo_proposto,azul,0,-3,11,150,120,1.2500,0.0000,375,110,165,100
711,491820749,azul,azul,modelo_proposto,azul,1,3,11,30,30,1.0000,0.0000,160,29,106,25
712,247657394,verde,verde,modelo_proposto,verde,1,3,22,60,30,2.0000,0.0909,261,55,156,50
712,247657394,verde,vermelho,modelo_proposto,verde,0,-3,22,150,120,1.2500,0.0476,488,130,241,117
712,247657394,verde,azul,modelo_proposto,verde,0,-3,22,60,120,0.5000,0.0000,234,71,96,67
713,1776086572,vermelho,verde,modelo_proposto,verde,1,3,15,30,0,30.0000,0.0714,92,2,90,0
713,1776086572,vermelho,vermelho,modelo_proposto,verde,0,-3,15,90,120,0.7500,0.0833,294,76,146,72
713,1776086572,vermelho,azul,modelo_proposto,verde,0,-3,15,120,120,1.0000,0.0000,357,105,155,97
714,1632761478,azul,verde,modelo_proposto,verde,1,3,19,30,60,0.5000,0.0000,385,53,282,50
714,1632761478,azul,vermelho,modelo_proposto,verde,0,-3,19,180,120,1.5000,0.1176,755,241,316,198
714,1632761478,azul,azul,modelo_proposto,verde,0,-3,19,90,120,0.7500,0.1000,325,111,139,75
715,231975991,verde,verde,modelo_proposto,verde,1,3,10,60,0,60.0000,0.1000,243,81,114,48
715,231975991,verde,vermelho,modelo_proposto,verde,0,-3,10,90,120,0.7500,0.0000,304,77,156,71
715,231975991,verde,azul,modelo_proposto,verde,0,-3,10,90,120,0.7500,0.0000,249,76,103,70
716,733326103,vermelho,verde,modelo_proposto,azul,0,-3,16,90,120,0.7500,0.0000,238,80,83,75
716,733326103,vermelho,vermelho,modelo_proposto,azul,0,-3,16,120,120,1.0000,0.0000,502,108,294,100
716,733326103,vermelho,azul,modelo_proposto,azul,1,3,16,30,0,30.0000,0.0000,306,30,251,25
717,1411364412,azul,verde,modelo_proposto,vermelho,0,-3,14,150,120,1.2500,0.0000,460,148,178,134
717,1411364412,azul,vermelho,modelo_proposto,vermelho,1,3,14,30,30,1.0000,0.0769,140,28,87,25
717,1411364412,azul,azul,modelo_proposto,vermelho,0,-3,14,90,120,0.7500,0.1111,240,74,98,68
718,1200314224,verde,verde,modelo_proposto,vermelho,0,-3,12,80,120,0.6667,0.2500,271,83,113,75
718,1200314224,verde,vermelho,modelo_proposto,vermelho,1,3,12,30,30,1.0000,0.1667,205,29,151,25
718,1200314224,verde,azul,modelo_proposto,vermelho,0,-3,12,150,110,1.3636,0.0909,427,134,168,125
719,1259110644,vermelho,verde,modelo_proposto,verde,1,3,13,30,0,30.0000,0.0833,185,29,131,25
719,1259110644,vermelho,vermelho,modelo_proposto,verde,0,-3,13,120,120,1.0000,0.0000,404,109,195,100
719,1259110644,vermelho,azul,modelo_proposto,verde,0,-3,13,90,120,0.7500,0.0000,223,75,78,70
720,447719130,azul,verde,modelo_proposto,azul,0,-3,19,120,120,1.0000,0.1000,364,125,128,111
720,447719130,azul,vermelho,modelo_proposto,azul,0,-3,19,70,120,0.5833,0.2778,538,179,246,113
720,447719130,azul,azul,modelo_proposto,azul,1,3,19,120,70,1.7143,0.3158,543,139,276,128
721,1722184469,verde,verde,modelo_proposto,verde,1,3,14,10,30,0.3333,0.2143,234,29,180,25
721,1722184469,verde,vermelho,modelo_proposto,verde,0,-3,14,90,120,0.7500,0.1111,280,78,127,75
721,1722184469,verde,azul,modelo_proposto,verde,0,-3,14,150,100,1.5000,0.3846,462,135,202,125
722,327044082,vermelho,verde,modelo_proposto,verde,1,3,10,30,0,30.0000,0.2222,68,2,66,0
722,327044082,vermelho,vermelho,modelo_proposto,verde,0,-3,10,120,120,1.0000,0.0000,298,82,141,75
722,327044082,vermelho,azul,modelo_proposto,verde,0,-3,10,90,120,0.7500,0.0000,228,78,77,73
723,592593125,azul,verde,modelo_proposto,empate,0,-1,100,120,60,2.0000,0.0101,870,74,732,64
723,592593125,azul,vermelho,modelo_proposto,empate,0,-1,100,0,0,0.0000,0.0000,1752,18,1721,13
723,592593125,azul,azul,modelo_proposto,empate,0,-1,100,60,120,0.5000,0.0909,311,78,163,70
724,580558835,verde,verde,modelo_proposto,azul,0,-3,14,150,120,1.2500,0.0714,468,131,216,121
724,580558835,verde,vermelho,modelo_proposto,azul,0,-3,14,60,120,0.5000,0.1667,206,68,74,64
724,580558835,verde,azul,modelo_proposto,azul,1,3,14,60,30,2.0000,0.2857,234,54,131,49
725,1641414582,vermelho,verde,modelo_proposto,verde,1,3,15,30,30,1.0000,0.0714,143,26,92,25
725,1641414582,vermelho,vermelho,modelo_proposto,verde,0,-3,15,80,100,0.8000,0.4444,317,105,115,97
725,1641414582,vermelho,azul,modelo_proposto,verde,0,-3,15,130,110,1.1818,0.5000,449,133,194,122
726,1314131657,azul,verde,modelo_proposto,azul,0,-3,39,90,120,0.7500,0.0270,856,129,662,65
726,1314131657,azul,vermelho,modelo_proposto,azul,0,-3,39,150,120,1.2500,0.1316,608,169,329,110
726,1314131657,azul,azul,modelo_proposto,azul,1,3,39,30,30,1.0000,0.0000,605,46,535,24
727,2077249961,verde,verde,modelo_proposto,azul,0,-3,10,90,120,0.7500,0.0000,241,80,86,75
727,2077249961,verde,vermelho,modelo_proposto,azul,0,-3,10,120,120,1.0000,0.0000,300,82,143,75
727,2077249961,verde,azul,modelo_proposto,azul,1,3,10,30,0,30.0000,0.0000,134,29,80,25
728,626421707,vermelho,verde,modelo_proposto,azul,0,-3,38,90,120,0.7500,0.0000,262,79,108,75
728,626421707,vermelho,vermelho,modelo_proposto,azul,0,-3,38,150,120,1.2500,0.1053,628,156,327,145
728,626421707,vermelho,azul,modelo_proposto,azul,1,3,38,30,30,1.0000,0.0526,238,26,188,24
729,1432468837,azul,verde,modelo_proposto,verde,1,3,12,30,30,1.0000,0.1818,136,28,83,25
729,1432468837,azul,vermelho,modelo_proposto,verde,0,-3,12,150,120,1.2500,0.1000,354,104,154,96
729,1432468837,azul,azul,modelo_proposto,verde,0,-3,12,90,120,0.7500,0.1429,239,78,88,73
730,2024764721,verde,verde,modelo_proposto,verde,1,3,13,90,60,1.5000,0.1538,328,105,151,72
730,2024764721,verde,vermelho,modelo_proposto,verde,0,-3,13,150,120,1.2500,0.0000,431,135,171,125
730,2024764721,verde,azul,modelo_proposto,verde,0,-3,13,60,120,0.5000,0.0000,180,54,76,50
731,1142105127,vermelho,verde,modelo_proposto,azul,0,-3,10,90,120,0.7500,0.0000,242,80,87,75
731,1142105127,vermelho,vermelho,modelo_proposto,azul,0,-3,10,150,120,1.2500,0.0000,376,109,167,100
731,1142105127,vermelho,azul,modelo_proposto,azul,1,3,10,30,30,1.0000,0.1000,114,28,61,25
732,356399633,azul,verde,modelo_proposto,vermelho,0,-3,14,130,100,1.3000,0.3077,493,121,252,120
732,356399633,azul,vermelho,modelo_proposto,vermelho,1,3,14,30,30,1.0000,0.0769,234,28,181,25
732,356399633,azul,azul,modelo_proposto,vermelho,0,-3,14,70,100,0.7000,0.4000,226,76,79,71
733,275188426,verde,verde,modelo_proposto,azul,0,-3,11,150,120,1.2500,0.0000,454,126,205,123
733,275188426,verde,vermelho,modelo_proposto,azul,0,-3,11,90,120,0.7500,0.0000,234,80,79,75
733,275188426,verde,azul,modelo_proposto,azul,1,3,11,30,30,1.0000,0.0000,137,26,86,25
734,1434154751,vermelho,verde,modelo_proposto,azul,0,-3,13,90,120,0.7500,0.0000,238,80,83,75
734,1434154751,vermelho,vermelho,modelo_proposto,azul,0,-3,13,120,120,1.0000,0.0000,328,82,171,75
734,1434154751,vermelho,azul,modelo_proposto,azul,1,3,13,30,0,30.0000,0.0000,177,29,123,25
735,1801140829,azul,verde,modelo_proposto,azul,0,-3,18,80,100,0.8000,0.2500,486,169,242,75
735,1801140829,azul,vermelho,modelo_proposto,azul,0,-3,18,80,100,0.8000,0.2353,438,82,281,75
735,1801140829,azul,azul,modelo_proposto,azul,1,3,18,100,60,1.6667,0.2222,493,140,253,100
736,1993507864,verde,verde,modelo_proposto,vermelho,0,-3,33,150,120,1.2500,0.0909,630,153,327,150
736,1993507864,verde,vermelho,modelo_proposto,vermelho,1,3,33,30,30,1.0000,0.0000,516,27,464,25
736,1993507864,verde,azul,modelo_proposto,vermelho,0,-3,33,90,120,0.7500,0.0000,250,80,95,75
737,2023364721,vermelho,verde,modelo_proposto,verde,1,3,9,140,80,1.7500,0.2500,486,211,154,121
737,2023364721,vermelho,vermelho,modelo_proposto,verde,0,-3,9,90,110,0.8182,0.5000,274,101,106,67
737,2023364721,vermelho,azul,modelo_proposto,verde,0,-3,9,70,110,0.6364,0.4286,214,97,75,42
738,134698184,azul,verde,modelo_proposto,azul,0,-3,11,90,120,0.7500,0.0000,318,134,111,73
738,134698184,azul,vermelho,modelo_proposto,azul,0,-3,11,150,120,1.2500,0.0000,555,219,186,150
738,134698184,azul,azul,modelo_proposto,azul,1,3,11,30,30,1.0000,0.0909,184,31,128,25
739,1583040395,verde,verde,modelo_proposto,verde,1,3,14,60,30,2.0000,0.0000,241,55,136,50
739,1583040395,verde,vermelho,modelo_proposto,verde,0,-3,14,150,120,1.2500,0.0769,374,105,172,97
739,1583040395,verde,azul,modelo_proposto,verde,0,-3,14,60,120,0.5000,0.4444,241,75,95,71
740,1032295844,vermelho,verde,modelo_proposto,verde,1,3,15,30,0,30.0000,0.0714,73,2,71,0
740,1032295844,vermelho,vermelho,modelo_proposto,verde,0,-3,15,70,120,0.5833,0.2308,337,108,129,100
740,1032295844,vermelho,azul,modelo_proposto,verde,0,-3,15,120,100,1.2000,0.2857,384,107,177,100
741,1889624383,azul,verde,modelo_proposto,vermelho,0,-3,15,90,120,0.7500,0.0000,219,74,78,67
741,1889624383,azul,vermelho,modelo_proposto,vermelho,1,3,15,30,30,1.0000,0.2143,119,26,68,25
741,1889624383,azul,azul,modelo_proposto,vermelho,0,-3,15,150,120,1.2500,0.0714,468,123,230,115
742,1838169115,verde,verde,modelo_proposto,empate,0,-1,100,90,120,0.7500,0.0000,347,102,180,65
742,1838169115,verde,vermelho,modelo_proposto,empate,0,-1,100,0,0,0.0000,0.0000,1058,14,1037,7
742,1838169115,verde,azul,modelo_proposto,empate,0,-1,100,120,90,1.3333,0.0100,1671,173,1391,107
743,532023419,vermelho,verde,modelo_proposto,vermelho,0,-3,15,90,120,0.7500,0.1538,337,84,179,74
743,532023419,vermelho,vermelho,modelo_proposto,vermelho,1,3,15,90,30,3.0000,0.0667,311,128,118,65
743,532023419,vermelho,azul,modelo_proposto,vermelho,0,-3,15,90,120,0.7500,0.0714,299,106,119,74
744,1693007723,azul,verde,modelo_proposto,vermelho,0,-3,9,120,120,1.0000,0.0000,234,65,111,58
744,1693007723,azul,vermelho,modelo_proposto,vermelho,1,3,9,30,0,30.0000,0.0000,121,27,71,23
744,1693007723,azul,azul,modelo_proposto,vermelho,0,-3,9,90,120,0.7500,0.0000,211,69,78,64
745,685610348,verde,verde,modelo_proposto,empate,0,-1,100,0,0,0.0000,0.0000,1789,44,1745,0
745,685610348,verde,vermelho,modelo_proposto,empate,0,-1,100,90,120,0.7500,0.0000,247,80,92,75
745,685610348,verde,azul,modelo_proposto,empate,0,-1,100,120,90,1.3333,0.0000,2202,128,1999,75
746,226624391,vermelho,verde,modelo_proposto,vermelho,0,-3,18,150,100,1.5000,0.1765,565,161,254,150
746,226624391,vermelho,vermelho,modelo_proposto,vermelho,1,3,18,30,30,1.0000,0.1111,136,26,85,25
746,226624391,vermelho,azul,modelo_proposto,vermelho,0,-3,18,70,120,0.5833,0.3333,266,78,113,75
747,104280143,azul,verde,modelo_proposto,azul,0,-3,37,120,120,1.0000,0.1111,508,121,274,113
747,104280143,azul,vermelho,modelo_proposto,azul,0,-3,37,90,120,0.7500,0.0000,251,76,104,71
747,104280143,azul,azul,modelo_proposto,azul,1,3,37,30,0,30.0000,0.0541,460,27,411,22
748,5114185,verde,verde,modelo_proposto,verde,1,3,32,30,0,30.0000,0.0938,272,32,217,23
748,5114185,verde,vermelho,modelo_proposto,verde,0,-3,32,120,120,1.0000,0.0323,662,127,419,116
748,5114185,verde,azul,modelo_proposto,verde,0,-3,32,90,120,0.7500,0.0000,250,74,107,69
749,2053688377,vermelho,verde,modelo_proposto,verde,1,3,24,30,30,1.0000,0.0435,170,27,118,25
749,2053688377,vermelho,vermelho,modelo_proposto,verde,0,-3,24,150,120,1.2500,0.0000,579,151,280,148
749,2053688377,vermelho,azul,modelo_proposto,verde,0,-3,24,90,120,0.7500,0.0000,265,79,111,75
750,1451533353,azul,verde,modelo_proposto,verde,1,3,18,30,30,1.0000,0.0588,269,31,213,25
750,1451533353,azul,vermelho,modelo_proposto,verde,0,-3,18,150,120,1.2500,0.0625,696,227,346,123
750,1451533353,azul,azul,modelo_proposto,verde,0,-3,18,90,120,0.7500,0.0000,368,96,198,74
751,1017531994,verde,verde,modelo_proposto,verde,1,3,11,30,0,30.0000,0.0909,128,26,81,21
751,1017531994,verde,vermelho,modelo_proposto,verde,0,-3,11,90,120,0.7500,0.0000,260,73,120,67
751,1017531994,verde,azul,modelo_proposto,verde,0,-3,11,120,120,1.0000,0.0000,334,103,138,93
752,40908190,vermelho,verde,modelo_proposto,vermelho,0,-3,37,110,110,1.0000,0.0278,718,82,561,75
752,40908190,vermelho,vermelho,modelo_proposto,vermelho,1,3,37,30,0,30.0000,0.0541,231,29,180,22
752,40908190,vermelho,azul,modelo_proposto,vermelho,0,-3,37,80,110,0.7273,0.4000,235,79,82,74
753,1141767897,azul,verde,modelo_proposto,verde,1,3,24,30,30,1.0000,0.0000,232,27,180,25
753,1141767897,azul,vermelho,modelo_proposto,verde,0,-3,24,150,120,1.2500,0.0000,451,121,221,109
753,1141767897,azul,azul,modelo_proposto,verde,0,-3,24,90,120,0.7500,0.0000,199,66,72,61
754,1257839479,verde,verde,modelo_proposto,azul,0,-3,8,70,120,0.5833,0.1429,265,80,111,74
754,1257839479,verde,vermelho,modelo_proposto,azul,0,-3,8,100,110,0.9091,0.5000,321,107,115,99
754,1257839479,verde,azul,modelo_proposto,azul,1,3,8,70,10,7.0000,0.3750,303,113,115,75
755,1364339178,vermelho,verde,modelo_proposto,azul,0,-3,28,90,120,0.7500,0.0000,174,56,67,51
755,1364339178,vermelho,vermelho,modelo_proposto,azul,0,-3,28,150,120,1.2500,0.0357,435,106,232,97
755,1364339178,vermelho,azul,modelo_proposto,azul,1,3,28,30,30,1.0000,0.0000,402,28,349,25
756,1135458689,azul,verde,modelo_proposto,vermelho,0,-3,17,150,120,1.2500,0.0000,597,192,230,175
756,1135458689,azul,vermelho,modelo_proposto,vermelho,1,3,17,30,30,1.0000,0.0000,129,23,85,21
756,1135458689,azul,azul,modelo_proposto,vermelho,0,-3,17,90,120,0.7500,0.0000,309,87,154,68
757,1648737985,verde,verde,modelo_proposto,azul,0,-3,13,90,120,0.7500,0.0000,245,80,90,75
757,1648737985,verde,vermelho,modelo_proposto,azul,0,-3,13,120,120,1.0000,0.1538,400,109,191,100
757,1648737985,verde,azul,modelo_proposto,azul,1,3,13,30,0,30.0000,0.0000,190,29,136,25
758,487316115,vermelho,verde,modelo_proposto,vermelho,0,-3,10,150,120,1.2500,0.0000,369,110,159,100
758,487316115,vermelho,vermelho,modelo_proposto,vermelho,1,3,10,30,30,1.0000,0.2000,205,54,101,50
758,487316115,vermelho,azul,modelo_proposto,vermelho,0,-3,10,90,120,0.7500,0.0000,279,96,108,75
759,1847801574,azul,verde,modelo_proposto,verde,1,3,20,60,60,1.0000,0.1053,232,57,127,48
759,1847801574,azul,vermelho,modelo_proposto,verde,0,-3,20,50,100,0.5000,0.3846,455,134,198,123
759,1847801574,azul,azul,modelo_proposto,verde,0,-3,20,160,110,1.4545,0.3158,647,183,297,167
760,1643984056,verde,verde,modelo_proposto,vermelho,0,-3,38,150,120,1.2500,0.0263,983,184,686,113
760,1643984056,verde,vermelho,modelo_proposto,vermelho,1,3,38,90,90,1.0000,0.0789,440,64,320,56
760,1643984056,verde,azul,modelo_proposto,vermelho,0,-3,38,90,120,0.7500,0.0000,823,121,646,56
761,791159585,vermelho,verde,modelo_proposto,verde,1,3,9,90,30,3.0000,0.1250,300,111,114,75
761,791159585,vermelho,vermelho,modelo_proposto,verde,0,-3,9,60,120,0.5000,0.0000,208,78,83,47
761,791159585,vermelho,azul,modelo_proposto,verde,0,-3,9,120,120,1.0000,0.0000,328,104,130,94
762,1362632934,azul,verde,modelo_proposto,azul,0,-3,14,140,110,1.2727,0.3846,423,131,171,121
762,1362632934,azul,vermelho,modelo_proposto,azul,0,-3,14,90,110,0.8182,0.3333,226,71,89,66
762,1362632934,azul,azul,modelo_proposto,azul,1,3,14,20,30,0.6667,0.0714,160,27,110,23
763,377733151,verde,verde,modelo_proposto,azul,0,-3,17,80,100,0.8000,0.4444,296,95,119,82
763,377733151,verde,vermelho,modelo_proposto,azul,0,-3,17,130,110,1.1818,0.2941,516,157,222,137
763,377733151,verde,azul,modelo_proposto,azul,1,3,17,30,30,1.0000,0.0000,146,19,111,16
764,1420768891,vermelho,verde,modelo_proposto,verde,1,3,11,30,0,30.0000,0.0000,175,33,117,25
764,1420768891,vermelho,vermelho,modelo_proposto,verde,0,-3,11,120,120,1.0000,0.0000,470,171,178,121
764,1420768891,vermelho,azul,modelo_proposto,verde,0,-3,11,90,120,0.7500,0.0000,255,76,107,72
765,2044870516,azul,verde,modelo_proposto,vermelho,0,-3,19,90,120,0.7500,0.1250,249,80,94,75
765,2044870516,azul,vermelho,modelo_proposto,vermelho,1,3,19,30,30,1.0000,0.0556,155,26,104,25
765,2044870516,azul,azul,modelo_proposto,vermelho,0,-3,19,150,120,1.2500,0.0556,571,152,270,149
766,1006327128,verde,verde,modelo_proposto,azul,0,-3,9,80,110,0.7273,0.1429,290,81,134,75
766,1006327128,verde,vermelho,modelo_proposto,azul,0,-3,9,110,110,1.0000,0.3333,368,107,161,100
766,1006327128,verde,azul,modelo_proposto,azul,1,3,9,30,0,30.0000,0.0000,81,2,79,0
767,336700548,vermelho,verde,modelo_proposto,verde,1,3,12,30,30,1.0000,0.0000,137,27,85,25
767,336700548,vermelho,vermelho,modelo_proposto,verde,0,-3,12,90,120,0.7500,0.0000,294,126,93,75
767,336700548,vermelho,azul,modelo_proposto,verde,0,-3,12,150,120,1.2500,0.0000,475,162,188,125
768,715912012,azul,verde,modelo_proposto,azul,0,-3,33,120,120,1.0000,0.1563,452,107,245,100
768,715912012,azul,vermelho,modelo_proposto,azul,0,-3,33,90,120,0.7500,0.0000,258,79,104,75
768,715912012,azul,azul,modelo_proposto,azul,1,3,33,30,0,30.0000,0.0303,408,2,406,0
769,481883728,verde,verde,modelo_proposto,azul,0,-3,17,60,120,0.5000,0.0000,342,51,244,47
769,481883728,verde,vermelho,modelo_proposto,azul,0,-3,17,120,120,1.0000,0.0000,510,129,284,97
769,481883728,verde,azul,modelo_proposto,azul,1,3,17,150,90,1.6667,0.0000,525,190,210,125
770,1614053631,vermelho,verde,modelo_proposto,azul,0,-3,13,90,120,0.7500,0.0000,237,80,82,75
770,1614053631,vermelho,vermelho,modelo_proposto,azul,0,-3,13,150,120,1.2500,0.0000,584,156,280,148
770,1614053631,vermelho,azul,modelo_proposto,azul,1,3,13,30,30,1.0000,0.0769,186,27,134,25
771,1276108841,azul,verde,modelo_proposto,vermelho,0,-3,9,90,120,0.7500,0.0000,240,78,87,75
771,1276108841,azul,vermelho,modelo_proposto,vermelho,1,3,9,30,30,1.0000,0.0000,169,30,114,25
771,1276108841,azul,azul,modelo_proposto,vermelho,0,-3,9,150,120,1.2500,0.1250,438,160,154,124
772,628933363,verde,verde,modelo_proposto,verde,1,3,12,30,30,1.0000,0.0833,142,30,87,25
772,628933363,verde,vermelho,modelo_proposto,verde,0,-3,12,90,120,0.7500,0.0000,317,148,94,75
772,628933363,verde,azul,modelo_proposto,verde,0,-3,12,150,120,1.2500,0.0909,550,189,211,150
773,266047734,vermelho,verde,modelo_proposto,azul,0,-3,23,150,110,1.3636,0.4545,755,218,331,206
773,266047734,vermelho,vermelho,modelo_proposto,azul,0,-3,23,80,120,0.6667,0.7000,443,132,186,125
773,266047734,vermelho,azul,modelo_proposto,azul,1,3,23,30,30,1.0000,0.0435,164,25,117,22
774,437958854,azul,verde,modelo_proposto,vermelho,0,-3,18,120,120,1.0000,0.0000,612,125,362,125
774,437958854,azul,vermelho,modelo_proposto,vermelho,1,3,18,30,0,30.0000,0.0588,231,30,176,25
774,437958854,azul,azul,modelo_proposto,vermelho,0,-3,18,90,120,0.7500,0.0000,337,79,183,75
775,882820366,verde,verde,modelo_proposto,azul,0,-3,9,90,120,0.7500,0.0000,211,71,74,66
775,882820366,verde,vermelho,modelo_proposto,azul,0,-3,9,150,120,1.2500,0.0000,345,97,162,86
775,882820366,verde,azul,modelo_proposto,azul,1,3,9,30,30,1.0000,0.0000,108,25,59,24
776,2103879765,vermelho,verde,modelo_proposto,vermelho,0,-3,22,120,120,1.0000,0.0000,498,100,301,97
776,2103879765,vermelho,vermelho,modelo_proposto,vermelho,1,3,22,30,0,30.0000,0.0455,348,31,292,25
776,2103879765,vermelho,azul,modelo_proposto,vermelho,0,-3,22,90,120,0.7500,0.1111,242,77,93,72
777,1878469685,azul,verde,modelo_proposto,verde,1,3,12,30,0,30.0000,0.1818,61,2,59,0
777,1878469685,azul,vermelho,modelo_proposto,verde,0,-3,12,90,120,0.7500,0.0000,238,80,83,75
777,1878469685,azul,azul,modelo_proposto,verde,0,-3,12,120,120,1.0000,0.0000,390,100,190,100
778,260653707,verde,verde,modelo_proposto,vermelho,0,-3,29,90,120,0.7500,0.1000,256,79,102,75
778,260653707,verde,vermelho,modelo_proposto,vermelho,1,3,29,20,30,0.6667,0.0690,171,26,120,25
778,260653707,verde,azul,modelo_proposto,vermelho,0,-3,29,150,110,1.3636,0.1071,746,178,395,173
779,2055886471,vermelho,verde,modelo_proposto,verde,1,3,13,30,20,1.5000,0.0833,137,29,83,25
779,2055886471,vermelho,vermelho,modelo_proposto,verde,0,-3,13,90,120,0.7500,0.2857,223,73,82,68
779,2055886471,vermelho,azul,modelo_proposto,verde,0,-3,13,140,120,1.1667,0.0833,330,95,151,84
780,181546477,azul,verde,modelo_proposto,vermelho,0,-3,13,90,120,0.7500,0.0000,246,82,89,75
780,181546477,azul,vermelho,modelo_proposto,vermelho,1,3,13,30,0,30.0000,0.0000,106,24,61,21
780,181546477,azul,azul,modelo_proposto,vermelho,0,-3,13,120,120,1.0000,0.0000,325,83,167,75
781,1696711507,verde,verde,modelo_proposto,azul,0,-3,19,120,120,1.0000,0.0526,351,82,194,75
781,1696711507,verde,vermelho,modelo_proposto,azul,0,-3,19,90,120,0.7500,0.0000,241,80,86,75
781,1696711507,verde,azul,modelo_proposto,azul,1,3,19,30,0,30.0000,0.0000,116,2,114,0
782,1229825111,vermelho,verde,modelo_proposto,azul,0,-3,26,90,120,0.7500,0.1250,364,128,168,68
782,1229825111,vermelho,vermelho,modelo_proposto,azul,0,-3,26,150,120,1.2500,0.0000,766,187,467,112
782,1229825111,vermelho,azul,modelo_proposto,azul,1,3,26,30,30,1.0000,0.0000,486,39,422,25
783,1997479060,azul,verde,modelo_proposto,vermelho,0,-3,13,120,120,1.0000,0.0000,434,116,211,107
783,1997479060,azul,vermelho,modelo_proposto,vermelho,1,3,13,30,0,30.0000,0.0000,155,23,113,19
783,1997479060,azul,azul,modelo_proposto,vermelho,0,-3,13,90,120,0.7500,0.0000,225,67,95,63
784,443438607,verde,verde,modelo_proposto,verde,1,3,14,30,0,30.0000,0.0000,140,29,87,24
784,443438607,verde,vermelho,modelo_proposto,verde,0,-3,14,90,120,0.7500,0.0000,234,78,84,72
784,443438607,verde,azul,modelo_proposto,verde,0,-3,14,120,120,1.0000,0.0769,308,80,155,73
785,1255488848,vermelho,verde,modelo_proposto,azul,0,-3,10,120,120,1.0000,0.0000,292,81,137,74
785,1255488848,vermelho,vermelho,modelo_proposto,azul,0,-3,10,90,120,0.7500,0.0000,242,80,87,75
785,1255488848,vermelho,azul,modelo_proposto,azul,1,3,10,30,0,30.0000,0.0000,134,29,80,25
786,1713663468,azul,verde,modelo_proposto,verde,1,3,20,30,0,30.0000,0.0000,392,33,336,23
786,1713663468,azul,vermelho,modelo_proposto,verde,0,-3,20,120,120,1.0000,0.0000,397,96,217,84
786,1713663468,azul,azul,modelo_proposto,verde,0,-3,20,90,120,0.7500,0.0000,412,72,282,58
787,1326665035,verde,verde,modelo_proposto,vermelho,0,-3,12,130,100,1.3000,0.0833,380,110,170,100
787,1326665035,verde,vermelho,modelo_proposto,vermelho,1,3,12,10,10,1.0000,0.2500,156,28,105,23
787,1326665035,verde,azul,modelo_proposto,vermelho,0,-3,12,90,120,0.7500,0.0000,247,80,92,75
788,1485550945,vermelho,verde,modelo_proposto,azul,0,-3,10,90,120,0.7500,0.0000,245,80,90,75
788,1485550945,vermelho,vermelho,modelo_proposto,azul,0,-3,10,120,120,1.0000,0.1000,300,82,143,75
788,1485550945,vermelho,azul,modelo_proposto,azul,1,3,10,30,0,30.0000,0.3000,196,31,140,25
789,255725471,azul,verde,modelo_proposto,verde,1,3,22,30,30,1.0000,0.0476,159,28,106,25
789,255725471,azul,vermelho,modelo_proposto,verde,0,-3,22,140,120,1.1667,0.2500,576,132,319,125
789,255725471,azul,azul,modelo_proposto,verde,0,-3,22,90,110,0.8182,0.1667,355,79,201,75
790,388207685,verde,verde,modelo_proposto,azul,0,-3,21,110,110,1.0000,0.2857,670,164,356,150
790,388207685,verde,vermelho,modelo_proposto,azul,0,-3,21,80,110,0.7273,0.5000,324,108,116,100
790,388207685,verde,azul,modelo_proposto,azul,1,3,21,30,0,30.0000,0.1429,320,31,264,25
791,230858913,vermelho,verde,modelo_proposto,verde,1,3,26,60,60,1.0000,0.1200,246,49,150,47
791,230858913,vermelho,vermelho,modelo_proposto,verde,0,-3,26,60,120,0.5000,0.0000,365,92,189,84
791,230858913,vermelho,azul,modelo_proposto,verde,0,-3,26,180,120,1.5000,0.0800,500,122,270,108
792,497945140,azul,verde,modelo_proposto,verde,1,3,34,30,30,1.0000,0.0303,359,30,304,25
792,497945140,azul,vermelho,modelo_proposto,verde,0,-3,34,90,120,0.7500,0.0000,253,79,100,74
792,497945140,azul,azul,modelo_proposto,verde,0,-3,34,150,120,1.2500,0.1212,573,132,319,122
793,1672875716,verde,verde,modelo_proposto,vermelho,0,-3,12,120,120,1.0000,0.0000,287,78,139,70
793,1672875716,verde,vermelho,modelo_proposto,vermelho,1,3,12,60,60,1.0000,0.0000,333,86,186,61
793,1672875716,verde,azul,modelo_proposto,vermelho,0,-3,12,120,120,1.0000,0.0000,351,116,150,85
794,1703592542,vermelho,verde,modelo_proposto,verde,1,3,13,30,0,30.0000,0.0000,67,2,65,0
794,1703592542,vermelho,vermelho,modelo_proposto,verde,0,-3,13,120,120,1.0000,0.0000,513,216,172,125
794,1703592542,vermelho,azul,modelo_proposto,verde,0,-3,13,90,120,0.7500,0.0000,286,114,97,75
795,524300311,azul,verde,modelo_proposto,azul,0,-3,32,90,120,0.7500,0.0000,605,89,445,71
795,524300311,azul,vermelho,modelo_proposto,azul,0,-3,32,120,120,1.0000,0.0645,592,137,335,120
795,524300311,azul,azul,modelo_proposto,azul,1,3,32,30,0,30.0000,0.0313,446,12,434,0
796,405532386,verde,verde,modelo_proposto,azul,0,-3,10,90,120,0.7500,0.0000,189,61,72,56
796,405532386,verde,vermelho,modelo_proposto,azul,0,-3,10,120,120,1.0000,0.0000,230,60,115,55
796,405532386,verde,azul,modelo_proposto,azul,1,3,10,30,0,30.0000,0.0000,58,2,56,0
797,1140362201,vermelho,verde,modelo_proposto,empate,0,-1,100,0,0,0.0000,0.0101,2038,47,1991,0
797,1140362201,vermelho,vermelho,modelo_proposto,empate,0,-1,100,90,120,0.7500,0.0000,239,81,86,72
797,1140362201,vermelho,azul,modelo_proposto,empate,0,-1,100,120,90,1.3333,0.0000,2283,129,2079,75
798,2122964567,azul,verde,modelo_proposto,verde,1,3,14,30,30,1.0000,0.1538,120,26,69,25
798,2122964567,azul,vermelho,modelo_proposto,verde,0,-3,14,150,110,1.3636,0.4167,532,151,234,147
798,2122964567,azul,azul,modelo_proposto,verde,0,-3,14,80,120,0.6667,0.5000,269,86,108,75
799,1850462464,verde,verde,modelo_proposto,azul,0,-3,15,90,120,0.7500,0.0000,226,72,85,69
799,1850462464,verde,vermelho,modelo_proposto,azul,0,-3,15,150,120,1.2500,0.0000,499,144,224,131
799,1850462464,verde,azul,modelo_proposto,azul,1,3,15,30,30,1.0000,0.0000,154,28,103,23
800,1238786426,vermelho,verde,modelo_proposto,verde,1,3,17,90,30,3.0000,0.0000,186,31,130,25
800,1238786426,vermelho,vermelho,modelo_proposto,verde,0,-3,17,60,120,0.5000,0.0714,194,54,90,50
800,1238786426,vermelho,azul,modelo_proposto,verde,0,-3,17,120,120,1.0000,0.0000,409,107,202,100
801,777418731,azul,verde,modelo_proposto,verde,1,3,25,30,0,30.0000,0.1250,291,29,238,24
801,777418731,azul,vermelho,modelo_proposto,verde,0,-3,25,90,120,0.7500,0.1429,253,78,103,72
801,777418731,azul,azul,modelo_proposto,verde,0,-3,25,120,120,1.0000,0.0833,510,124,270,116
802,1650316423,verde,verde,modelo_proposto,azul,0,-3,16,80,110,0.7273,0.3750,242,78,91,73
802,1650316423,verde,vermelho,modelo_proposto,azul,0,-3,16,110,110,1.0000,0.1875,319,82,162,75
802,1650316423,verde,azul,modelo_proposto,azul,1,3,16,30,0,30.0000,0.1250,73,2,71,0
803,1518169168,vermelho,verde,modelo_proposto,vermelho,0,-3,13,60,110,0.5455,0.6667,336,109,127,100
803,1518169168,vermelho,vermelho,modelo_proposto,vermelho,1,3,13,60,30,2.0000,0.3077,186,44,102,40
803,1518169168,vermelho,azul,modelo_proposto,vermelho,0,-3,13,140,120,1.1667,0.3333,493,151,204,138
804,664454653,azul,verde,modelo_proposto,verde,1,3,19,40,10,4.0000,0.1667,230,54,126,50
804,664454653,azul,vermelho,modelo_proposto,verde,0,-3,19,130,100,1.3000,0.2353,396,123,158,115
804,664454653,azul,azul,modelo_proposto,verde,0,-3,19,60,120,0.5000,0.4286,280,80,128,72
805,1222287018,verde,verde,modelo_proposto,azul,0,-3,11,60,100,0.6000,0.4545,295,78,142,75
805,1222287018,verde,vermelho,modelo_proposto,azul,0,-3,11,100,100,1.0000,0.4545,390,107,183,100
805,1222287018,verde,azul,modelo_proposto,azul,1,3,11,40,0,40.0000,0.2727,233,84,100,49
806,1050928200,vermelho,verde,modelo_proposto,azul,0,-3,12,90,100,0.9000,0.3636,448,159,184,105
806,1050928200,vermelho,vermelho,modelo_proposto,azul,0,-3,12,40,100,0.4000,0.1111,266,69,154,43
806,1050928200,vermelho,azul,modelo_proposto,azul,1,3,12,90,20,4.5000,0.4167,276,94,117,65
807,1496432766,azul,verde,modelo_proposto,verde,1,3,27,30,0,30.0000,0.0000,219,29,165,25
807,1496432766,azul,vermelho,modelo_proposto,verde,0,-3,27,90,120,0.7500,0.0000,237,80,82,75
807,1496432766,azul,azul,modelo_proposto,verde,0,-3,27,120,120,1.0000,0.0000,394,82,237,75
808,1546097094,verde,verde,modelo_proposto,azul,0,-3,26,120,120,1.0000,0.0769,401,83,243,75
808,1546097094,verde,vermelho,modelo_proposto,azul,0,-3,26,90,120,0.7500,0.0000,234,80,79,75
808,1546097094,verde,azul,modelo_proposto,azul,1,3,26,30,0,30.0000,0.0385,160,29,107,24
809,153640283,vermelho,verde,modelo_proposto,verde,1,3,12,60,0,60.0000,0.0909,279,85,144,50
809,153640283,vermelho,vermelho,modelo_proposto,verde,0,-3,12,90,120,0.7500,0.0000,323,81,167,75
809,153640283,vermelho,azul,modelo_proposto,verde,0,-3,12,90,120,0.7500,0.0000,311,79,157,75
810,1109067602,azul,verde,modelo_proposto,azul,0,-3,11,120,120,1.0000,0.0000,285,77,136,72
810,1109067602,azul,vermelho,modelo_proposto,azul,0,-3,11,90,120,0.7500,0.0000,236,77,87,72
810,1109067602,azul,azul,modelo_proposto,azul,1,3,11,30,0,30.0000,0.0000,87,2,85,0
811,1182380079,verde,verde,modelo_proposto,verde,1,3,14,20,30,0.6667,0.2143,147,28,94,25
811,1182380079,verde,vermelho,modelo_proposto,verde,0,-3,14,150,110,1.3636,0.0769,438,130,188,120
811,1182380079,verde,azul,modelo_proposto,verde,0,-3,14,90,120,0.7500,0.0000,234,74,92,68
812,995907090,vermelho,verde,modelo_proposto,vermelho,0,-3,16,130,120,1.0833,0.2000,464,135,204,125
812,995907090,vermelho,vermelho,modelo_proposto,vermelho,1,3,16,60,20,3.0000,0.1875,258,60,148,50
812,995907090,vermelho,azul,modelo_proposto,vermelho,0,-3,16,60,110,0.5455,0.2500,330,85,170,75
813,2009703295,azul,verde,modelo_proposto,azul,0,-3,48,90,120,0.7500,0.0000,866,100,693,73
813,2009703295,azul,vermelho,modelo_proposto,azul,0,-3,48,140,120,1.1667,0.0638,623,145,356,122
813,2009703295,azul,azul,modelo_proposto,azul,1,3,48,30,20,1.5000,0.0208,742,53,664,25
814,2108967014,verde,verde,modelo_proposto,azul,0,-3,42,90,120,0.7500,0.0000,296,79,142,75
814,2108967014,verde,vermelho,modelo_proposto,azul,0,-3,42,120,120,1.0000,0.0714,519,109,310,100
814,2108967014,verde,azul,modelo_proposto,azul,1,3,42,30,0,30.0000,0.0000,808,31,753,24
815,484446759,vermelho,verde,modelo_proposto,vermelho,0,-3,11,90,120,0.7500,0.0000,216,74,73,69
815,484446759,vermelho,vermelho,modelo_proposto,vermelho,1,3,11,30,0,30.0000,0.0909,107,25,63,19
815,484446759,vermelho,azul,modelo_proposto,vermelho,0,-3,11,120,120,1.0000,0.0000,374,94,190,90
816,780071506,azul,verde,modelo_proposto,verde,1,3,12,30,0,30.0000,0.0909,137,28,85,24
816,780071506,azul,vermelho,modelo_proposto,verde,0,-3,12,90,120,0.7500,0.0000,242,80,87,75
816,780071506,azul,azul,modelo_proposto,verde,0,-3,12,120,120,1.0000,0.0000,459,124,210,125
817,853399628,verde,verde,modelo_proposto,vermelho,0,-3,15,150,120,1.2500,0.0667,515,139,241,135
817,853399628,verde,vermelho,modelo_proposto,vermelho,1,3,15,30,30,1.0000,0.2000,150,28,97,25
817,853399628,verde,azul,modelo_proposto,vermelho,0,-3,15,90,120,0.7500,0.0000,204,68,74,62
818,1422126434,vermelho,verde,modelo_proposto,vermelho,0,-3,11,90,120,0.7500,0.1429,246,80,91,75
818,1422126434,vermelho,vermelho,modelo_proposto,vermelho,1,3,11,30,0,30.0000,0.0909,163,31,107,25
818,1422126434,vermelho,azul,modelo_proposto,vermelho,0,-3,11,120,120,1.0000,0.0000,300,82,143,75
819,1002835612,azul,verde,modelo_proposto,verde,1,3,14,30,0,30.0000,0.0000,230,30,175,25
819,1002835612,azul,vermelho,modelo_proposto,verde,0,-3,14,120,120,1.0000,0.0000,308,82,151,75
819,1002835612,azul,azul,modelo_proposto,verde,0,-3,14,90,120,0.7500,0.0000,247,80,92,75
820,1448939825,verde,verde,modelo_proposto,verde,1,3,20,30,0,30.0000,0.1500,134,2,132,0
820,1448939825,verde,vermelho,modelo_proposto,verde,0,-3,20,90,120,0.7500,0.0000,264,68,132,64
820,1448939825,verde,azul,modelo_proposto,verde,0,-3,20,120,120,1.0000,0.0526,333,87,166,80
821,379393432,vermelho,verde,modelo_proposto,vermelho,0,-3,17,90,120,0.7500,0.0000,238,80,83,75
821,379393432,vermelho,vermelho,modelo_proposto,vermelho,1,3,17,30,0,30.0000,0.0000,178,30,123,25
821,379393432,vermelho,azul,modelo_proposto,vermelho,0,-3,17,120,120,1.0000,0.1875,325,83,167,75
822,2107298103,azul,verde,modelo_proposto,verde,1,3,12,30,0,30.0000,0.0000,114,28,61,25
822,2107298103,azul,vermelho,modelo_proposto,verde,0,-3,12,80,110,0.7273,0.6667,307,105,105,97
822,2107298103,azul,azul,modelo_proposto,verde,0,-3,12,110,110,1.0000,0.4545,449,131,198,120
823,1528822464,verde,verde,modelo_proposto,verde,1,3,11,40,10,4.0000,0.2727,335,113,147,75
823,1528822464,verde,vermelho,modelo_proposto,verde,0,-3,11,60,120,0.5000,0.5556,385,165,120,100
823,1528822464,verde,azul,modelo_proposto,verde,0,-3,11,130,100,1.3000,0.5000,443,138,180,125
824,1661114236,vermelho,verde,modelo_proposto,verde,1,3,9,60,0,60.0000,0.0000,227,85,93,49
824,1661114236,vermelho,vermelho,modelo_proposto,verde,0,-3,9,90,120,0.7500,0.1250,240,77,91,72
824,1661114236,vermelho,azul,modelo_proposto,verde,0,-3,9,90,120,0.7500,0.0000,258,78,108,72
825,900874270,azul,verde,modelo_proposto,azul,0,-3,12,150,120,1.2500,0.0000,397,114,178,105
825,900874270,azul,vermelho,modelo_proposto,azul,0,-3,12,90,120,0.7500,0.0000,236,78,85,73
825,900874270,azul,azul,modelo_proposto,azul,1,3,12,30,30,1.0000,0.0833,135,25,87,23
826,1705519067,verde,verde,modelo_proposto,verde,1,3,14,30,0,30.0000,0.0000,93,2,91,0
826,1705519067,verde,vermelho,modelo_proposto,verde,0,-3,14,120,120,1.0000,0.0000,413,120,182,111
826,1705519067,verde,azul,modelo_proposto,verde,0,-3,14,90,120,0.7500,0.0000,258,72,119,67
827,1177791765,vermelho,verde,modelo_proposto,verde,1,3,9,30,0,30.0000,0.1250,51,2,49,0
827,1177791765,vermelho,vermelho,modelo_proposto,verde,0,-3,9,90,120,0.7500,0.0000,262,79,108,75
827,1177791765,vermelho,azul,modelo_proposto,verde,0,-3,9,120,120,1.0000,0.0000,361,106,156,99
828,704217637,azul,verde,modelo_proposto,verde,1,3,23,60,30,2.0000,0.0909,272,54,169,49
828,704217637,azul,vermelho,modelo_proposto,verde,0,-3,23,150,100,1.5000,0.1905,484,137,222,125
828,704217637,azul,azul,modelo_proposto,verde,0,-3,23,40,120,0.3333,0.5000,240,79,86,75
829,770907264,verde,verde,modelo_proposto,azul,0,-3,14,70,100,0.7000,0.6667,231,77,82,72
829,770907264,verde,vermelho,modelo_proposto,azul,0,-3,14,100,100,1.0000,0.2143,396,107,194,95
829,770907264,verde,azul,modelo_proposto,azul,1,3,14,30,0,30.0000,0.0000,193,47,106,40
830,867905328,vermelho,verde,modelo_proposto,verde,1,3,12,30,0,30.0000,0.0000,241,34,182,25
830,867905328,vermelho,vermelho,modelo_proposto,verde,0,-3,12,120,120,1.0000,0.0000,379,107,172,100
830,867905328,vermelho,azul,modelo_proposto,verde,0,-3,12,90,120,0.7500,0.0000,320,151,94,75
831,1547102212,azul,verde,modelo_proposto,verde,1,3,13,30,0,30.0000,0.1667,185,31,129,25
831,1547102212,azul,vermelho,modelo_proposto,verde,0,-3,13,120,120,1.0000,0.0000,377,107,170,100
831,1547102212,azul,azul,modelo_proposto,verde,0,-3,13,90,120,0.7500,0.0000,294,82,137,75
832,1427051027,verde,verde,modelo_proposto,vermelho,0,-3,11,90,120,0.7500,0.1429,228,75,84,69
832,1427051027,verde,vermelho,modelo_proposto,vermelho,1,3,11,30,30,1.0000,0.0000,181,29,127,25
832,1427051027,verde,azul,modelo_proposto,vermelho,0,-3,11,150,120,1.2500,0.1000,434,131,182,121
833,347179498,vermelho,verde,modelo_proposto,vermelho,0,-3,11,120,120,1.0000,0.0000,301,82,144,75
833,347179498,vermelho,vermelho,modelo_proposto,vermelho,1,3,11,30,0,30.0000,0.0909,66,2,64,0
833,347179498,vermelho,azul,modelo_proposto,vermelho,0,-3,11,90,120,0.7500,0.0000,241,80,86,75
834,1886650417,azul,verde,modelo_proposto,azul,0,-3,19,90,120,0.7500,0.0000,255,79,102,74
834,1886650417,azul,vermelho,modelo_proposto,azul,0,-3,19,150,120,1.2500,0.0556,541,151,252,138
834,1886650417,azul,azul,modelo_proposto,azul,1,3,19,30,30,1.0000,0.1053,223,29,169,25
835,15777031,verde,verde,modelo_proposto,vermelho,0,-3,13,110,110,1.0000,0.1538,369,87,201,81
835,15777031,verde,vermelho,modelo_proposto,vermelho,1,3,13,30,0,30.0000,0.0000,158,29,104,25
835,15777031,verde,azul,modelo_proposto,vermelho,0,-3,13,80,110,0.7273,0.4000,400,128,156,116
836,1363852363,vermelho,verde,modelo_proposto,verde,1,3,11,30,0,30.0000,0.0000,114,28,61,25
836,1363852363,vermelho,vermelho,modelo_proposto,verde,0,-3,11,80,110,0.7273,0.2857,244,80,89,75
836,1363852363,vermelho,azul,modelo_proposto,verde,0,-3,11,110,110,1.0000,0.3000,300,82,143,75
837,1258731941,azul,verde,modelo_proposto,verde,1,3,17,120,50,2.4000,0.1875,446,131,226,89
837,1258731941,azul,vermelho,modelo_proposto,verde,0,-3,17,90,120,0.7500,0.0000,341,128,116,97
837,1258731941,azul,azul,modelo_proposto,verde,0,-3,17,80,120,0.6667,0.1250,483,132,254,97
838,1494699440,verde,verde,modelo_proposto,verde,1,3,23,60,50,1.2000,0.1739,241,52,139,50
838,1494699440,verde,vermelho,modelo_proposto,verde,0,-3,23,60,120,0.5000,0.0000,243,71,105,67
838,1494699440,verde,azul,modelo_proposto,verde,0,-3,23,170,120,1.4167,0.0909,630,166,309,155
839,1628579981,vermelho,verde,modelo_proposto,verde,1,3,13,30,30,1.0000,0.0000,117,27,65,25
839,1628579981,vermelho,vermelho,modelo_proposto,verde,0,-3,13,140,110,1.2727,0.1667,480,133,225,122
839,1628579981,vermelho,azul,modelo_proposto,verde,0,-3,13,80,110,0.7273,0.4000,237,80,82,75
840,250397122,azul,verde,modelo_proposto,empate,0,-1,100,0,0,0.0000,0.0000,2095,48,2047,0
840,250397122,azul,vermelho,modelo_proposto,empate,0,-1,100,0,0,0.0000,0.0000,1773,0,1773,0
840,250397122,azul,azul,modelo_proposto,empate,0,-1,100,0,0,0.0000,0.0000,2060,50,2010,0
841,881510746,verde,verde,modelo_proposto,verde,1,3,31,50,60,0.8333,0.0645,739,106,558,75
841,881510746,verde,vermelho,modelo_proposto,verde,0,-3,31,60,120,0.5000,0.1154,557,124,313,120
841,881510746,verde,azul,modelo_proposto,verde,0,-3,31,180,110,1.6364,0.0667,743,189,383,171
842,1164238508,vermelho,verde,modelo_proposto,vermelho,0,-3,11,90,120,0.7500,0.0000,289,106,108,75
842,1164238508,vermelho,vermelho,modelo_proposto,vermelho,1,3,11,30,30,1.0000,0.0909,269,32,212,25
842,1164238508,vermelho,azul,modelo_proposto,vermelho,0,-3,11,150,120,1.2500,0.0000,546,189,207,150
843,1457461325,azul,verde,modelo_proposto,verde,1,3,20,30,0,30.0000,0.0000,127,26,79,22
843,1457461325,azul,vermelho,modelo_proposto,verde,0,-3,20,90,120,0.7500,0.1250,249,80,94,75
843,1457461325,azul,azul,modelo_proposto,verde,0,-3,20,120,120,1.0000,0.1579,463,107,257,99
844,1551343355,verde,verde,modelo_proposto,verde,1,3,11,30,30,1.0000,0.0000,113,28,60,25
844,1551343355,verde,vermelho,modelo_proposto,verde,0,-3,11,90,100,0.9000,0.5000,229,76,82,71
844,1551343355,verde,azul,modelo_proposto,verde,0,-3,11,130,120,1.0833,0.2000,365,106,162,97
845,2140318315,vermelho,verde,modelo_proposto,azul,0,-3,7,90,120,0.7500,0.2000,238,80,83,75
845,2140318315,vermelho,vermelho,modelo_proposto,azul,0,-3,7,120,120,1.0000,0.2857,287,82,130,75
845,2140318315,vermelho,azul,modelo_proposto,azul,1,3,7,30,0,30.0000,0.0000,117,29,63,25
846,2014609842,azul,verde,modelo_proposto,vermelho,0,-3,19,150,100,1.5000,0.2222,685,191,344,150
846,2014609842,azul,vermelho,modelo_proposto,vermelho,1,3,19,90,60,1.5000,0.2778,581,162,321,98
846,2014609842,azul,azul,modelo_proposto,vermelho,0,-3,19,40,120,0.3333,0.1818,372,108,189,75
847,582212434,verde,verde,modelo_proposto,azul,0,-3,18,150,120,1.2500,0.0000,487,128,234,125
847,582212434,verde,vermelho,modelo_proposto,azul,0,-3,18,90,120,0.7500,0.0000,240,82,83,75
847,582212434,verde,azul,modelo_proposto,azul,1,3,18,30,30,1.0000,0.0556,209,25,163,21
848,2005396972,vermelho,verde,modelo_proposto,azul,0,-3,7,90,120,0.7500,0.0000,257,78,105,74
848,2005396972,vermelho,vermelho,modelo_proposto,azul,0,-3,7,90,120,0.7500,0.0000,262,81,106,75
848,2005396972,vermelho,azul,modelo_proposto,azul,1,3,7,60,0,60.0000,0.0000,222,83,90,49
849,396879593,azul,verde,modelo_proposto,verde,1,3,15,110,60,1.8333,0.2857,496,192,180,124
849,396879593,azul,vermelho,modelo_proposto,verde,0,-3,15,50,100,0.5000,0.2000,276,105,99,72
849,396879593,azul,azul,modelo_proposto,verde,0,-3,15,110,110,1.0000,0.2857,569,189,256,124
850,73218816,verde,verde,modelo_proposto,vermelho,0,-3,16,150,120,1.2500,0.3750,664,214,251,199
850,73218816,verde,vermelho,modelo_proposto,vermelho,1,3,16,40,40,1.0000,0.3750,301,80,147,74
850,73218816,verde,azul,modelo_proposto,vermelho,0,-3,16,80,110,0.7273,0.5000,414,132,157,125
851,1734867821,vermelho,verde,modelo_proposto,vermelho,0,-3,19,90,120,0.7500,0.0000,238,80,83,75
851,1734867821,vermelho,vermelho,modelo_proposto,vermelho,1,3,19,30,30,1.0000,0.0526,181,29,127,25
851,1734867821,vermelho,azul,modelo_proposto,vermelho,0,-3,19,150,120,1.2500,0.0000,445,134,186,125
852,532289079,azul,verde,modelo_proposto,vermelho,0,-3,14,150,110,1.3636,0.1538,372,105,172,95
852,532289079,azul,vermelho,modelo_proposto,vermelho,1,3,14,30,30,1.0000,0.0000,106,24,61,21
852,532289079,azul,azul,modelo_proposto,vermelho,0,-3,14,80,120,0.6667,0.1667,243,82,86,75
853,1631779701,verde,verde,modelo_proposto,vermelho,0,-3,44,50,120,0.4167,0.0976,450,111,265,74
853,1631779701,verde,vermelho,modelo_proposto,vermelho,1,3,44,110,90,1.2222,0.0682,1051,124,828,99
853,1631779701,verde,azul,modelo_proposto,vermelho,0,-3,44,150,100,1.5000,0.0465,1155,202,831,122
854,85258658,vermelho,verde,modelo_proposto,verde,1,3,17,30,0,30.0000,0.0625,217,31,161,25
854,85258658,vermelho,vermelho,modelo_proposto,verde,0,-3,17,90,120,0.7500,0.0000,415,127,216,72
854,85258658,vermelho,azul,modelo_proposto,verde,0,-3,17,120,120,1.0000,0.0625,571,164,286,121
855,942012666,azul,verde,modelo_proposto,verde,1,3,20,30,30,1.0000,0.1053,149,25,102,22
855,942012666,azul,vermelho,modelo_proposto,verde,0,-3,20,80,110,0.7273,0.3000,277,80,122,75
855,942012666,azul,azul,modelo_proposto,verde,0,-3,20,140,110,1.2727,0.2105,507,135,251,121
856,1074658908,verde,verde,modelo_proposto,empate,0,-1,100,120,90,1.3333,0.0000,2203,125,2003,75
856,1074658908,verde,vermelho,modelo_proposto,empate,0,-1,100,90,120,0.7500,0.1250,247,80,92,75
856,1074658908,verde,azul,modelo_proposto,empate,0,-1,100,0,0,0.0000,0.0000,1407,44,1363,0
857,245171136,vermelho,verde,modelo_proposto,verde,1,3,30,30,0,30.0000,0.0000,601,43,533,25
857,245171136,vermelho,vermelho,modelo_proposto,verde,0,-3,30,90,110,0.8182,0.0400,662,139,452,71
857,245171136,vermelho,azul,modelo_proposto,verde,0,-3,30,110,120,0.9167,0.2414,626,189,313,124
858,2021010886,azul,verde,modelo_proposto,verde,1,3,11,90,60,1.5000,0.0000,375,114,186,75
858,2021010886,azul,vermelho,modelo_proposto,verde,0,-3,11,150,120,1.2500,0.0000,476,191,160,125
858,2021010886,azul,azul,modelo_proposto,verde,0,-3,11,60,120,0.5000,0.1429,193,53,90,50
859,329362190,verde,verde,modelo_proposto,azul,0,-3,16,140,110,1.2727,0.1875,490,135,230,125
859,329362190,verde,vermelho,modelo_proposto,azul,0,-3,16,80,110,0.7273,0.2727,259,80,104,75
859,329362190,verde,azul,modelo_proposto,azul,1,3,16,30,30,1.0000,0.0000,174,26,123,25
860,820834749,vermelho,verde,modelo_proposto,azul,0,-3,22,70,120,0.5833,0.3684,529,150,245,134
860,820834749,vermelho,vermelho,modelo_proposto,azul,0,-3,22,150,100,1.5000,0.4545,498,141,230,127
860,820834749,vermelho,azul,modelo_proposto,azul,1,3,22,30,30,1.0000,0.0000,186,29,132,25
861,1440881829,azul,verde,modelo_proposto,vermelho,0,-3,11,90,120,0.7500,0.0000,257,80,102,75
861,1440881829,azul,vermelho,modelo_proposto,vermelho,1,3,11,30,0,30.0000,0.1000,221,30,166,25
861,1440881829,azul,azul,modelo_proposto,vermelho,0,-3,11,120,120,1.0000,0.0000,324,81,168,75
862,106408623,verde,verde,modelo_proposto,azul,0,-3,21,90,100,0.9000,0.2222,250,79,97,74
862,106408623,verde,vermelho,modelo_proposto,azul,0,-3,21,130,110,1.1818,0.2381,489,129,241,119
862,106408623,verde,azul,modelo_proposto,azul,1,3,21,20,30,0.6667,0.1429,182,28,129,25
863,1817240856,vermelho,verde,modelo_proposto,azul,0,-3,11,90,120,0.7500,0.0000,238,80,83,75
863,1817240856,vermelho,vermelho,modelo_proposto,azul,0,-3,11,150,120,1.2500,0.0909,463,128,210,125
863,1817240856,vermelho,azul,modelo_proposto,azul,1,3,11,30,30,1.0000,0.0909,132,27,80,25
864,1768830967,azul,verde,modelo_proposto,azul,0,-3,15,150,120,1.2500,0.0000,483,139,213,131
864,1768830967,azul,vermelho,modelo_proposto,azul,0,-3,15,90,120,0.7500,0.0000,251,70,118,63
864,1768830967,azul,azul,modelo_proposto,azul,1,3,15,30,30,1.0000,0.0667,153,24,107,22
865,1437286984,verde,verde,modelo_proposto,vermelho,0,-3,10,70,100,0.7000,0.1667,238,79,85,74
865,1437286984,verde,vermelho,modelo_proposto,vermelho,1,3,10,30,0,30.0000,0.0000,62,2,60,0
865,1437286984,verde,azul,modelo_proposto,vermelho,0,-3,10,100,100,1.0000,0.4444,291,80,138,73
866,525821035,vermelho,verde,modelo_proposto,vermelho,0,-3,13,120,110,1.0909,0.0833,298,81,144,73
866,525821035,vermelho,vermelho,modelo_proposto,vermelho,1,3,13,30,0,30.0000,0.0769,156,28,105,23
866,525821035,vermelho,azul,modelo_proposto,vermelho,0,-3,13,80,120,0.6667,0.0000,238,80,83,75
867,797956592,azul,verde,modelo_proposto,verde,1,3,15,30,0,30.0000,0.0000,128,29,76,23
867,797956592,azul,vermelho,modelo_proposto,verde,0,-3,15,90,120,0.7500,0.0000,244,80,89,75
867,797956592,azul,azul,modelo_proposto,verde,0,-3,15,120,120,1.0000,0.0000,334,84,175,75
868,895959840,verde,verde,modelo_proposto,azul,0,-3,14,120,120,1.0000,0.0000,436,120,204,112
868,895959840,verde,vermelho,modelo_proposto,azul,0,-3,14,90,120,0.7500,0.0000,225,70,90,65
868,895959840,verde,azul,modelo_proposto,azul,1,3,14,30,0,30.0000,0.0000,136,4,132,0
869,704269707,vermelho,verde,modelo_proposto,vermelho,0,-3,14,90,120,0.7500,0.0000,241,80,86,75
869,704269707,vermelho,vermelho,modelo_proposto,vermelho,1,3,14,30,0,30.0000,0.0000,162,29,108,25
869,704269707,vermelho,azul,modelo_proposto,vermelho,0,-3,14,120,120,1.0000,0.0769,401,105,196,100
870,1136894587,azul,verde,modelo_proposto,verde,1,3,26,90,40,2.2500,0.0400,335,79,184,72
870,1136894587,azul,vermelho,modelo_proposto,verde,0,-3,26,30,120,0.2500,0.2667,271,80,116,75
870,1136894587,azul,azul,modelo_proposto,verde,0,-3,26,160,120,1.3333,0.2800,625,189,262,174
871,94009992,verde,verde,modelo_proposto,empate,0,-1,100,30,0,30.0000,0.0000,648,4,644,0
871,94009992,verde,vermelho,modelo_proposto,empate,0,-1,100,0,30,0.0000,0.0000,1991,185,1671,135
871,94009992,verde,azul,modelo_proposto,empate,0,-1,100,0,0,0.0000,0.0000,1829,0,1829,0
872,323377721,vermelho,verde,modelo_proposto,verde,1,3,18,30,0,30.0000,0.0588,170,29,116,25
872,323377721,vermelho,vermelho,modelo_proposto,verde,0,-3,18,90,120,0.7500,0.0000,256,80,101,75
872,323377721,vermelho,azul,modelo_proposto,verde,0,-3,18,120,120,1.0000,0.0588,385,105,182,98
873,1854823995,azul,verde,modelo_proposto,verde,1,3,23,20,30,0.6667,0.0455,172,26,121,25
873,1854823995,azul,vermelho,modelo_proposto,verde,0,-3,23,150,110,1.3636,0.0476,517,127,265,125
873,1854823995,azul,azul,modelo_proposto,verde,0,-3,23,90,120,0.7500,0.0000,276,79,123,74
874,1320851921,verde,verde,modelo_proposto,empate,0,-1,100,110,90,1.2222,0.0100,1875,108,1668,99
874,1320851921,verde,vermelho,modelo_proposto,empate,0,-1,100,0,0,0.0000,0.0000,624,1,623,0
874,1320851921,verde,azul,modelo_proposto,empate,0,-1,100,90,110,0.8182,0.2500,234,80,79,75
875,53599161,vermelho,verde,modelo_proposto,verde,1,3,13,30,30,1.0000,0.1667,100,22,61,17
875,53599161,vermelho,vermelho,modelo_proposto,verde,0,-3,13,90,120,0.7500,0.0000,308,99,119,90
875,53599161,vermelho,azul,modelo_proposto,verde,0,-3,13,150,120,1.2500,0.0833,460,127,218,115
876,1714789643,azul,verde,modelo_proposto,verde,1,3,27,60,30,2.0000,0.0000,253,54,149,50
876,1714789643,azul,vermelho,modelo_proposto,verde,0,-3,27,60,110,0.5455,0.3333,366,105,165,96
876,1714789643,azul,azul,modelo_proposto,verde,0,-3,27,140,120,1.1667,0.1923,911,226,465,220
877,2001167285,verde,verde,modelo_proposto,verde,1,3,10,30,0,30.0000,0.0000,140,29,86,25
877,2001167285,verde,vermelho,modelo_proposto,verde,0,-3,10,90,120,0.7500,0.0000,215,70,79,66
877,2001167285,verde,azul,modelo_proposto,verde,0,-3,10,120,120,1.0000,0.0000,350,93,171,86
878,236604881,vermelho,verde,modelo_proposto,verde,1,3,14,30,0,30.0000,0.0769,68,2,66,0
878,236604881,vermelho,vermelho,modelo_proposto,verde,0,-3,14,120,120,1.0000,0.0769,397,100,197,100
878,236604881,vermelho,azul,modelo_proposto,verde,0,-3,14,90,120,0.7500,0.0000,241,80,86,75
879,836176005,azul,verde,modelo_proposto,verde,1,3,14,30,0,30.0000,0.0000,191,48,102,41
879,836176005,azul,vermelho,modelo_proposto,verde,0,-3,14,120,120,1.0000,0.0000,297,74,158,65
879,836176005,azul,azul,modelo_proposto,verde,0,-3,14,90,120,0.7500,0.0000,208,69,75,64
880,1096791990,verde,verde,modelo_proposto,azul,0,-3,13,70,120,0.5833,0.2857,263,80,109,74
880,1096791990,verde,vermelho,modelo_proposto,azul,0,-3,13,150,100,1.5000,0.1538,461,135,203,123
880,1096791990,verde,azul,modelo_proposto,azul,1,3,13,30,30,1.0000,0.0000,171,32,114,25
881,1331799799,vermelho,verde,modelo_proposto,azul,0,-3,15,90,120,0.7500,0.0000,232,65,107,60
881,1331799799,vermelho,vermelho,modelo_proposto,azul,0,-3,15,120,120,1.0000,0.1333,461,119,231,111
881,1331799799,vermelho,azul,modelo_proposto,azul,1,3,15,30,0,30.0000,0.1333,194,29,140,25
882,237640937,azul,verde,modelo_proposto,empate,0,-1,100,0,0,0.0000,0.0000,1898,103,1750,45
882,237640937,azul,vermelho,modelo_proposto,empate,0,-1,100,90,120,0.7500,0.0000,329,82,173,74
882,237640937,azul,azul,modelo_proposto,empate,0,-1,100,120,90,1.3333,0.0000,920,109,737,74
883,1455511300,verde,verde,modelo_proposto,azul,0,-3,14,150,120,1.2500,0.0000,493,173,193,127
883,1455511300,verde,vermelho,modelo_proposto,azul,0,-3,14,90,120,0.7500,0.0000,234,74,92,68
883,1455511300,verde,azul,modelo_proposto,azul,1,3,14,30,30,1.0000,0.0000,148,27,96,25
884,1910967048,vermelho,verde,modelo_proposto,azul,0,-3,14,120,120,1.0000,0.0000,422,101,228,93
884,1910967048,vermelho,vermelho,modelo_proposto,azul,0,-3,14,60,120,0.5000,0.0000,204,78,80,46
884,1910967048,vermelho,azul,modelo_proposto,azul,1,3,14,120,60,2.0000,0.0000,519,162,260,97
885,1277800770,azul,verde,modelo_proposto,azul,0,-3,13,90,120,0.7500,0.1250,276,100,106,70
885,1277800770,azul,vermelho,modelo_proposto,azul,0,-3,13,120,120,1.0000,0.1667,328,94,147,87
885,1277800770,azul,azul,modelo_proposto,azul,1,3,13,30,0,30.0000,0.0769,263,32,207,24
886,695659536,verde,verde,modelo_proposto,verde,1,3,10,30,0,30.0000,0.1000,80,2,78,0
886,695659536,verde,vermelho,modelo_proposto,verde,0,-3,10,120,120,1.0000,0.0000,311,94,129,88
886,695659536,verde,azul,modelo_proposto,verde,0,-3,10,90,120,0.7500,0.1667,282,81,126,75
887,2127157764,vermelho,verde,modelo_proposto,verde,1,3,15,30,60,0.5000,0.2143,188,42,108,38
887,2127157764,vermelho,vermelho,modelo_proposto,verde,0,-3,15,160,100,1.6000,0.2143,462,138,199,125
887,2127157764,vermelho,azul,modelo_proposto,verde,0,-3,15,70,100,0.7000,0.1667,243,82,86,75
888,249328386,azul,verde,modelo_proposto,azul,0,-3,13,30,120,0.2500,0.1111,199,53,96,50
888,249328386,azul,vermelho,modelo_proposto,azul,0,-3,13,150,120,1.2500,0.0000,426,131,171,124
888,249328386,azul,azul,modelo_proposto,azul,1,3,13,150,90,1.6667,0.0000,557,237,173,147
889,832162818,verde,verde,modelo_proposto,azul,0,-3,15,150,120,1.2500,0.0667,508,162,246,100
889,832162818,verde,vermelho,modelo_proposto,azul,0,-3,15,90,120,0.7500,0.0909,379,136,168,75
889,832162818,verde,azul,modelo_proposto,azul,1,3,15,30,30,1.0000,0.0000,304,33,246,25
890,649770543,vermelho,verde,modelo_proposto,azul,0,-3,11,120,120,1.0000,0.0000,299,82,142,75
890,649770543,vermelho,vermelho,modelo_proposto,azul,0,-3,11,90,120,0.7500,0.1250,247,80,92,75
890,649770543,vermelho,azul,modelo_proposto,azul,1,3,11,30,0,30.0000,0.2727,199,31,143,25
891,1075216718,azul,verde,modelo_proposto,verde,1,3,17,30,0,30.0000,0.0000,131,28,78,25
891,1075216718,azul,vermelho,modelo_proposto,verde,0,-3,17,120,120,1.0000,0.0667,450,124,202,124
891,1075216718,azul,azul,modelo_proposto,verde,0,-3,17,90,120,0.7500,0.0000,251,79,100,72
892,1401413882,verde,verde,modelo_proposto,azul,0,-3,10,90,110,0.8182,0.1111,263,72,126,65
892,1401413882,verde,vermelho,modelo_proposto,azul,0,-3,10,110,110,1.0000,0.2000,336,96,152,88
892,1401413882,verde,azul,modelo_proposto,azul,1,3,10,20,0,20.0000,0.1000,156,29,102,25
893,1914617522,vermelho,verde,modelo_proposto,vermelho,0,-3,13,110,120,0.9167,0.0833,462,162,175,125
893,1914617522,vermelho,vermelho,modelo_proposto,vermelho,1,3,13,90,30,3.0000,0.0000,358,110,173,75
893,1914617522,vermelho,azul,modelo_proposto,vermelho,0,-3,13,60,110,0.5455,0.3000,228,54,124,50
894,1396172170,azul,verde,modelo_proposto,vermelho,0,-3,19,120,120,1.0000,0.0556,350,91,174,85
894,1396172170,azul,vermelho,modelo_proposto,vermelho,1,3,19,30,0,30.0000,0.0556,199,29,145,25
894,1396172170,azul,azul,modelo_proposto,vermelho,0,-3,19,90,120,0.7500,0.2222,253,73,111,69
895,147524269,verde,verde,modelo_proposto,vermelho,0,-3,12,60,120,0.5000,0.4444,345,108,138,99
895,147524269,verde,vermelho,modelo_proposto,vermelho,1,3,12,40,0,40.0000,0.4167,183,31,127,25
895,147524269,verde,azul,modelo_proposto,vermelho,0,-3,12,120,100,1.2000,0.5455,421,131,167,123
896,88215447,vermelho,verde,modelo_proposto,azul,0,-3,19,120,120,1.0000,0.0000,546,129,293,124
896,88215447,vermelho,vermelho,modelo_proposto,azul,0,-3,19,90,120,0.7500,0.0000,249,80,94,75
896,88215447,vermelho,azul,modelo_proposto,azul,1,3,19,30,0,30.0000,0.0000,283,56,177,50
897,1935253783,azul,verde,modelo_proposto,verde,1,3,10,30,0,30.0000,0.1111,53,2,51,0
897,1935253783,azul,vermelho,modelo_proposto,verde,0,-3,10,90,120,0.7500,0.0000,238,80,83,75
897,1935253783,azul,azul,modelo_proposto,verde,0,-3,10,120,120,1.0000,0.0000,297,82,140,75
898,1096714693,verde,verde,modelo_proposto,azul,0,-3,13,120,120,1.0000,0.0769,405,140,157,108
898,1096714693,verde,vermelho,modelo_proposto,azul,0,-3,13,90,120,0.7500,0.0000,322,114,138,70
898,1096714693,verde,azul,modelo_proposto,azul,1,3,13,30,0,30.0000,0.0769,236,28,189,19
899,1895563606,vermelho,verde,modelo_proposto,vermelho,0,-3,12,90,120,0.7500,0.0000,191,59,76,56
899,1895563606,vermelho,vermelho,modelo_proposto,vermelho,1,3,12,30,0,30.0000,0.0000,87,2,85,0
899,1895563606,vermelho,azul,modelo_proposto,vermelho,0,-3,12,120,120,1.0000,0.0000,308,86,143,79
900,767593850,azul,verde,modelo_proposto,verde,1,3,15,10,0,10.0000,0.2143,201,51,106,44
900,767593850,azul,vermelho,modelo_proposto,verde,0,-3,15,120,100,1.2000,0.0769,343,93,164,86
900,767593850,azul,azul,modelo_proposto,verde,0,-3,15,90,120,0.7500,0.0000,228,63,106,59
901,1987371659,verde,verde,modelo_proposto,azul,0,-3,29,90,120,0.7500,0.0714,398,80,243,75
901,1987371659,verde,vermelho,modelo_proposto,azul,0,-3,29,150,120,1.2500,0.0000,606,109,398,99
901,1987371659,verde,azul,modelo_proposto,azul,1,3,29,30,30,1.0000,0.0690,213,28,160,25
902,27872805,vermelho,verde,modelo_proposto,verde,1,3,26,30,0,30.0000,0.0000,345,28,292,25
902,27872805,vermelho,vermelho,modelo_proposto,verde,0,-3,26,120,120,1.0000,0.0000,419,103,221,95
902,27872805,vermelho,azul,modelo_proposto,verde,0,-3,26,90,120,0.7500,0.0000,238,80,83,75
903,1123407133,azul,verde,modelo_proposto,vermelho,0,-3,14,130,100,1.3000,0.2308,479,146,198,135
903,1123407133,azul,vermelho,modelo_proposto,vermelho,1,3,14,90,60,1.5000,0.0769,412,153,166,93
903,1123407133,azul,azul,modelo_proposto,vermelho,0,-3,14,40,100,0.4000,0.3636,348,94,167,87
904,1876146646,verde,verde,modelo_proposto,vermelho,0,-3,17,90,120,0.7500,0.0000,229,76,82,71
904,1876146646,verde,vermelho,modelo_proposto,vermelho,1,3,17,30,0,30.0000,0.0000,264,30,209,25
904,1876146646,verde,azul,modelo_proposto,vermelho,0,-3,17,120,120,1.0000,0.0000,468,99,276,93
905,1941871429,vermelho,verde,modelo_proposto,empate,0,-1,100,0,0,0.0000,0.0000,1840,38,1802,0
905,1941871429,vermelho,vermelho,modelo_proposto,empate,0,-1,100,90,100,0.9000,0.2857,241,79,88,74
905,1941871429,vermelho,azul,modelo_proposto,empate,0,-1,100,100,90,1.1111,0.0300,2086,118,1897,71
906,562041356,azul,verde,modelo_proposto,vermelho,0,-3,13,80,120,0.6667,0.4000,238,80,83,75
906,562041356,azul,vermelho,modelo_proposto,vermelho,1,3,13,30,0,30.0000,0.0000,137,29,83,25
906,562041356,azul,azul,modelo_proposto,vermelho,0,-3,13,120,110,1.0909,0.1667,309,82,152,75
907,1137382925,verde,verde,modelo_proposto,vermelho,0,-3,10,90,120,0.7500,0.0000,238,80,83,75
907,1137382925,verde,vermelho,modelo_proposto,vermelho,1,3,10,30,0,30.0000,0.0000,115,28,62,25
907,1137382925,verde,azul,modelo_proposto,vermelho,0,-3,10,120,120,1.0000,0.0000,403,100,203,100
908,44253473,vermelho,verde,modelo_proposto,azul,0,-3,20,90,120,0.7500,0.0000,230,76,83,71
908,44253473,vermelho,vermelho,modelo_proposto,azul,0,-3,20,150,120,1.2500,0.0000,499,141,230,128
908,44253473,vermelho,azul,modelo_proposto,azul,1,3,20,30,30,1.0000,0.0000,127,25,83,19
909,1560650065,azul,verde,modelo_proposto,vermelho,0,-3,20,90,120,0.7500,0.0000,244,80,89,75
909,1560650065,azul,vermelho,modelo_proposto,vermelho,1,3,20,30,30,1.0000,0.0000,240,26,192,22
909,1560650065,azul,azul,modelo_proposto,vermelho,0,-3,20,150,120,1.2500,0.0526,492,130,251,111
910,412950855,verde,verde,modelo_proposto,azul,0,-3,14,90,120,0.7500,0.0000,255,73,114,68
910,412950855,verde,vermelho,modelo_proposto,azul,0,-3,14,150,120,1.2500,0.1429,380,108,175,97
910,412950855,verde,azul,modelo_proposto,azul,1,3,14,30,30,1.0000,0.0000,273,27,223,23
911,607510251,vermelho,verde,modelo_proposto,verde,1,3,18,30,30,1.0000,0.0000,237,28,184,25
911,607510251,vermelho,vermelho,modelo_proposto,verde,0,-3,18,90,120,0.7500,0.0833,295,78,146,71
911,607510251,vermelho,azul,modelo_proposto,verde,0,-3,18,150,120,1.2500,0.0000,480,137,214,129
912,1238126236,azul,verde,modelo_proposto,vermelho,0,-3,12,150,120,1.2500,0.0000,378,110,168,100
912,1238126236,azul,vermelho,modelo_proposto,vermelho,1,3,12,30,30,1.0000,0.0000,115,28,62,25
912,1238126236,azul,azul,modelo_proposto,vermelho,0,-3,12,90,120,0.7500,0.0000,244,80,89,75
913,1121641946,verde,verde,modelo_proposto,azul,0,-3,12,90,120,0.7500,0.1429,197,63,75,59
913,1121641946,verde,vermelho,modelo_proposto,azul,0,-3,12,120,120,1.0000,0.0833,408,111,192,105
913,1121641946,verde,azul,modelo_proposto,azul,1,3,12,30,0,30.0000,0.0833,163,29,109,25
914,420667202,vermelho,verde,modelo_proposto,vermelho,0,-3,17,90,110,0.8182,0.4167,242,71,104,67
914,420667202,vermelho,vermelho,modelo_proposto,vermelho,1,3,17,30,30,1.0000,0.0588,159,26,108,25
914,420667202,vermelho,azul,modelo_proposto,vermelho,0,-3,17,140,120,1.1667,0.0000,415,127,172,116
915,1568625357,azul,verde,modelo_proposto,vermelho,0,-3,10,90,120,0.7500,0.1667,202,67,73,62
915,1568625357,azul,vermelho,modelo_proposto,vermelho,1,3,10,30,30,1.0000,0.0000,116,25,70,21
915,1568625357,azul,azul,modelo_proposto,vermelho,0,-3,10,150,120,1.2500,0.0000,293,86,132,75
916,988698174,verde,verde,modelo_proposto,azul,0,-3,16,120,120,1.0000,0.1250,436,118,207,111
916,988698174,verde,vermelho,modelo_proposto,azul,0,-3,16,90,120,0.7500,0.0000,218,68,87,63
916,988698174,verde,azul,modelo_proposto,azul,1,3,16,30,0,30.0000,0.0625,74,2,72,0
917,1920469873,vermelho,verde,modelo_proposto,verde,1,3,35,30,30,1.0000,0.0000,238,33,181,24
917,1920469873,vermelho,vermelho,modelo_proposto,verde,0,-3,35,90,120,0.7500,0.0000,241,80,86,75
917,1920469873,vermelho,azul,modelo_proposto,verde,0,-3,35,150,120,1.2500,0.0000,585,110,376,99
918,427165887,azul,verde,modelo_proposto,vermelho,0,-3,14,120,120,1.0000,0.0769,427,107,220,100
918,427165887,azul,vermelho,modelo_proposto,vermelho,1,3,14,30,0,30.0000,0.0000,119,28,66,25
918,427165887,azul,azul,modelo_proposto,vermelho,0,-3,14,90,120,0.7500,0.0909,346,81,190,75
919,1734036530,verde,verde,modelo_proposto,vermelho,0,-3,12,140,120,1.1667,0.3333,505,161,194,150
919,1734036530,verde,vermelho,modelo_proposto,vermelho,1,3,12,100,60,1.6667,0.1667,404,136,168,100
919,1734036530,verde,azul,modelo_proposto,vermelho,0,-3,12,50,110,0.4545,0.1250,177,53,74,50
920,1207230511,vermelho,verde,modelo_proposto,vermelho,0,-3,18,90,120,0.7500,0.0000,238,80,83,75
920,1207230511,vermelho,vermelho,modelo_proposto,vermelho,1,3,18,30,30,1.0000,0.2222,179,29,127,23
920,1207230511,vermelho,azul,modelo_proposto,vermelho,0,-3,18,150,120,1.2500,0.0588,390,106,189,95
921,107751489,azul,verde,modelo_proposto,vermelho,0,-3,24,90,120,0.7500,0.0000,261,78,111,72
921,107751489,azul,vermelho,modelo_proposto,vermelho,1,3,24,30,0,30.0000,0.0435,176,27,127,22
921,107751489,azul,azul,modelo_proposto,vermelho,0,-3,24,120,120,1.0000,0.0000,487,120,252,115
922,66732485,verde,verde,modelo_proposto,vermelho,0,-3,11,80,120,0.6667,0.1429,262,78,110,74
922,66732485,verde,vermelho,modelo_proposto,vermelho,1,3,11,30,0,30.0000,0.0000,158,29,104,25
922,66732485,verde,azul,modelo_proposto,vermelho,0,-3,11,120,110,1.0909,0.3000,368,106,163,99
923,18312935,vermelho,verde,modelo_proposto,verde,1,3,16,60,30,2.0000,0.2000,186,28,134,24
923,18312935,vermelho,vermelho,modelo_proposto,verde,0,-3,16,130,110,1.1818,0.2000,425,122,190,113
923,18312935,vermelho,azul,modelo_proposto,verde,0,-3,16,50,100,0.5000,0.4286,244,80,89,75
924,1367906468,azul,verde,modelo_proposto,vermelho,0,-3,12,50,110,0.4545,0.2500,241,55,136,50
924,1367906468,azul,vermelho,modelo_proposto,vermelho,1,3,12,90,50,1.8000,0.2727,382,135,147,100
924,1367906468,azul,azul,modelo_proposto,vermelho,0,-3,12,130,110,1.1818,0.3636,450,135,190,125
925,1533422519,verde,verde,modelo_proposto,azul,0,-3,9,120,120,1.0000,0.2222,289,81,134,74
925,1533422519,verde,vermelho,modelo_proposto,azul,0,-3,9,90,120,0.7500,0.1667,238,79,85,74
925,1533422519,verde,azul,modelo_proposto,azul,1,3,9,30,0,30.0000,0.0000,55,2,53,0
926,372069853,vermelho,verde,modelo_proposto,azul,0,-3,12,60,110,0.5455,0.1111,245,55,140,50
926,372069853,vermelho,vermelho,modelo_proposto,azul,0,-3,12,140,120,1.1667,0.0833,452,136,191,125
926,372069853,vermelho,azul,modelo_proposto,azul,1,3,12,90,60,1.5000,0.2500,340,111,154,75
927,778134302,azul,verde,modelo_proposto,verde,1,3,45,30,0,30.0000,0.1136,477,54,375,48
927,778134302,azul,vermelho,modelo_proposto,verde,0,-3,45,120,120,1.0000,0.0698,693,124,444,125
927,778134302,azul,azul,modelo_proposto,verde,0,-3,45,90,120,0.7500,0.0000,286,78,133,75
928,1831905812,verde,verde,modelo_proposto,azul,0,-3,10,90,120,0.7500,0.0000,235,79,82,74
928,1831905812,verde,vermelho,modelo_proposto,azul,0,-3,10,150,120,1.2500,0.0000,369,108,163,98
928,1831905812,verde,azul,modelo_proposto,azul,1,3,10,30,30,1.0000,0.0000,153,27,101,25
929,991318533,vermelho,verde,modelo_proposto,azul,0,-3,17,90,120,0.7500,0.0000,238,80,83,75
929,991318533,vermelho,vermelho,modelo_proposto,azul,0,-3,17,120,120,1.0000,0.0588,313,80,161,72
929,991318533,vermelho,azul,modelo_proposto,azul,1,3,17,30,0,30.0000,0.1765,205,27,155,23
930,1706283989,azul,verde,modelo_proposto,vermelho,0,-3,19,150,120,1.2500,0.0000,659,149,353,157
930,1706283989,azul,vermelho,modelo_proposto,vermelho,1,3,19,30,30,1.0000,0.0000,248,25,201,22
930,1706283989,azul,azul,modelo_proposto,vermelho,0,-3,19,90,120,0.7500,0.0000,261,78,111,72
931,1594119628,verde,verde,modelo_proposto,verde,1,3,9,20,0,20.0000,0.1111,130,29,76,25
931,1594119628,verde,vermelho,modelo_proposto,verde,0,-3,9,100,100,1.0000,0.6250,291,97,105,89
931,1594119628,verde,azul,modelo_proposto,verde,0,-3,9,80,100,0.8000,0.8000,227,71,92,64
932,1114523884,vermelho,verde,modelo_proposto,azul,0,-3,11,90,120,0.7500,0.0000,249,84,90,75
932,1114523884,vermelho,vermelho,modelo_proposto,azul,0,-3,11,150,120,1.2500,0.0909,437,126,186,125
932,1114523884,vermelho,azul,modelo_proposto,azul,1,3,11,30,30,1.0000,0.0000,135,28,82,25
933,422079920,azul,verde,modelo_proposto,azul,0,-3,18,130,120,1.0833,0.1176,570,150,273,147
933,422079920,azul,vermelho,modelo_proposto,azul,0,-3,18,90,100,0.9000,0.1667,239,79,86,74
933,422079920,azul,azul,modelo_proposto,azul,1,3,18,30,30,1.0000,0.0556,183,27,131,25
934,1042459231,verde,verde,modelo_proposto,azul,0,-3,11,130,100,1.3000,0.5455,441,128,188,125
934,1042459231,verde,vermelho,modelo_proposto,azul,0,-3,11,70,100,0.7000,0.2857,244,80,89,75
934,1042459231,verde,azul,modelo_proposto,azul,1,3,11,30,30,1.0000,0.0909,181,29,127,25
935,712723097,vermelho,verde,modelo_proposto,azul,0,-3,14,150,100,1.5000,0.0769,451,132,197,122
935,712723097,vermelho,vermelho,modelo_proposto,azul,0,-3,14,90,120,0.7500,0.3000,271,78,119,74
935,712723097,vermelho,azul,modelo_proposto,azul,1,3,14,10,30,0.3333,0.2143,161,25,113,23
936,1168590347,azul,verde,modelo_proposto,vermelho,0,-3,13,140,110,1.2727,0.1667,371,101,180,90
936,1168590347,azul,vermelho,modelo_proposto,vermelho,1,3,13,30,30,1.0000,0.0833,145,27,95,23
936,1168590347,azul,azul,modelo_proposto,vermelho,0,-3,13,80,110,0.7273,0.2857,255,77,107,71
937,1071684288,verde,verde,modelo_proposto,verde,1,3,15,30,30,1.0000,0.0000,186,27,134,25
937,1071684288,verde,vermelho,modelo_proposto,verde,0,-3,15,90,120,0.7500,0.0000,250,79,97,74
937,1071684288,verde,azul,modelo_proposto,verde,0,-3,15,150,120,1.2500,0.0000,376,107,172,97
938,538693465,vermelho,verde,modelo_proposto,verde,1,3,73,30,0,30.0000,0.0139,1377,30,1322,25
938,538693465,vermelho,vermelho,modelo_proposto,verde,0,-3,73,90,120,0.7500,0.0000,305,78,154,73
938,538693465,vermelho,azul,modelo_proposto,verde,0,-3,73,120,120,1.0000,0.0556,842,120,603,119
939,1540251139,azul,verde,modelo_proposto,azul,0,-3,18,150,120,1.2500,0.0000,514,146,236,132
939,1540251139,azul,vermelho,modelo_proposto,azul,0,-3,18,90,120,0.7500,0.0000,250,74,107,69
939,1540251139,azul,azul,modelo_proposto,azul,1,3,18,30,30,1.0000,0.0000,211,18,178,15
940,1431387882,verde,verde,modelo_proposto,vermelho,0,-3,17,90,120,0.7500,0.0000,232,77,83,72
940,1431387882,verde,vermelho,modelo_proposto,vermelho,1,3,17,30,20,1.5000,0.1176,240,28,187,25
940,1431387882,verde,azul,modelo_proposto,vermelho,0,-3,17,140,120,1.1667,0.1875,554,126,306,122
941,1385593444,vermelho,verde,modelo_proposto,verde,1,3,12,30,0,30.0000,0.0000,82,2,80,0
941,1385593444,vermelho,vermelho,modelo_proposto,verde,0,-3,12,120,120,1.0000,0.0000,371,99,180,92
941,1385593444,vermelho,azul,modelo_proposto,verde,0,-3,12,90,120,0.7500,0.0000,264,79,113,72
942,602949509,azul,verde,modelo_proposto,vermelho,0,-3,12,80,120,0.6667,0.3333,262,82,105,75
942,602949509,azul,vermelho,modelo_proposto,vermelho,1,3,12,30,0,30.0000,0.0909,219,30,164,25
942,602949509,azul,azul,modelo_proposto,vermelho,0,-3,12,120,110,1.0909,0.4545,333,106,127,100
943,129881148,verde,verde,modelo_proposto,vermelho,0,-3,11,90,120,0.7500,0.1429,244,80,89,75
943,129881148,verde,vermelho,modelo_proposto,vermelho,1,3,11,30,0,30.0000,0.1818,58,2,56,0
943,129881148,verde,azul,modelo_proposto,vermelho,0,-3,11,120,120,1.0000,0.1000,301,82,144,75
944,988129515,vermelho,verde,modelo_proposto,vermelho,0,-3,34,90,100,0.9000,0.1000,255,80,100,75
944,988129515,vermelho,vermelho,modelo_proposto,vermelho,1,3,34,30,0,30.0000,0.0000,286,29,232,25
944,988129515,vermelho,azul,modelo_proposto,vermelho,0,-3,34,100,120,0.8333,0.2424,641,121,399,121
945,240535048,azul,verde,modelo_proposto,vermelho,0,-3,26,90,120,0.7500,0.0000,241,80,86,75
945,240535048,azul,vermelho,modelo_proposto,vermelho,1,3,26,10,40,0.2500,0.1600,250,50,151,49
945,240535048,azul,azul,modelo_proposto,vermelho,0,-3,26,160,100,1.6000,0.0800,588,152,290,146
946,1570706326,verde,verde,modelo_proposto,azul,0,-3,12,90,120,0.7500,0.1429,250,74,106,70
946,1570706326,verde,vermelho,modelo_proposto,azul,0,-3,12,120,120,1.0000,0.0000,359,101,164,94
946,1570706326,verde,azul,modelo_proposto,azul,1,3,12,30,0,30.0000,0.0833,140,29,86,25
947,507421364,vermelho,verde,modelo_proposto,azul,0,-3,17,70,120,0.5833,0.1429,201,65,76,60
947,507421364,vermelho,vermelho,modelo_proposto,azul,0,-3,17,150,100,1.5000,0.1176,508,140,236,132
947,507421364,vermelho,azul,modelo_proposto,azul,1,3,17,30,30,1.0000,0.0588,159,28,106,25
948,1685667609,azul,verde,modelo_proposto,verde,1,3,14,30,30,1.0000,0.0000,123,26,72,25
948,1685667609,azul,vermelho,modelo_proposto,verde,0,-3,14,90,120,0.7500,0.0000,214,65,90,59
948,1685667609,azul,azul,modelo_proposto,verde,0,-3,14,150,120,1.2500,0.0000,494,147,208,139
949,705769209,verde,verde,modelo_proposto,verde,1,3,31,30,0,30.0000,0.1935,264,29,210,25
949,705769209,verde,vermelho,modelo_proposto,verde,0,-3,31,90,120,0.7500,0.0000,211,69,78,64
949,705769209,verde,azul,modelo_proposto,verde,0,-3,31,120,120,1.0000,0.1333,508,95,323,90
950,504911631,vermelho,verde,modelo_proposto,azul,0,-3,52,150,110,1.3636,0.0392,1419,222,1060,137
950,504911631,vermelho,vermelho,modelo_proposto,azul,0,-3,52,80,120,0.6667,0.0213,1095,119,909,67
950,504911631,vermelho,azul,modelo_proposto,azul,1,3,52,30,30,1.0000,0.1154,607,35,551,21
951,797430198,azul,verde,modelo_proposto,vermelho,0,-3,16,70,120,0.5833,0.5000,251,80,96,75
951,797430198,azul,vermelho,modelo_proposto,vermelho,1,3,16,30,0,30.0000,0.2000,238,31,182,25
951,797430198,azul,azul,modelo_proposto,vermelho,0,-3,16,120,100,1.2000,0.4667,536,127,284,125
952,1256198830,verde,verde,modelo_proposto,azul,0,-3,8,120,120,1.0000,0.1250,293,82,136,75
952,1256198830,verde,vermelho,modelo_proposto,azul,0,-3,8,90,120,0.7500,0.0000,234,79,81,74
952,1256198830,verde,azul,modelo_proposto,azul,1,3,8,30,0,30.0000,0.2500,51,2,49,0
953,1625466238,vermelho,verde,modelo_proposto,azul,0,-3,19,150,120,1.2500,0.0556,435,129,189,117
953,1625466238,vermelho,vermelho,modelo_proposto,azul,0,-3,19,90,120,0.7500,0.0000,243,72,105,66
953,1625466238,vermelho,azul,modelo_proposto,azul,1,3,19,30,30,1.0000,0.0000,205,29,151,25
954,270764059,azul,verde,modelo_proposto,verde,1,3,27,30,0,30.0000,0.0000,494,30,439,25
954,270764059,azul,vermelho,modelo_proposto,verde,0,-3,27,90,120,0.7500,0.0000,237,76,90,71
954,270764059,azul,azul,modelo_proposto,verde,0,-3,27,120,120,1.0000,0.0000,639,120,400,119
955,466416347,verde,verde,modelo_proposto,azul,0,-3,13,150,120,1.2500,0.0000,383,110,173,100
955,466416347,verde,vermelho,modelo_proposto,azul,0,-3,13,90,120,0.7500,0.2000,238,80,83,75
955,466416347,verde,azul,modelo_proposto,azul,1,3,13,30,30,1.0000,0.2308,141,29,87,25
956,164930889,vermelho,verde,modelo_proposto,azul,0,-3,12,140,110,1.2727,0.3636,521,161,212,148
956,164930889,vermelho,vermelho,modelo_proposto,azul,0,-3,12,50,110,0.4545,0.5556,402,127,154,121
956,164930889,vermelho,azul,modelo_proposto,azul,1,3,12,60,30,2.0000,0.0833,180,29,126,25
957,657063490,azul,verde,modelo_proposto,verde,1,3,15,20,30,0.6667,0.1429,269,27,217,25
957,657063490,azul,vermelho,modelo_proposto,verde,0,-3,15,150,110,1.3636,0.1538,540,152,239,149
957,657063490,azul,azul,modelo_proposto,verde,0,-3,15,90,120,0.7500,0.2500,247,79,94,74
958,925743247,verde,verde,modelo_proposto,azul,0,-3,16,10,100,0.1000,0.1000,127,43,65,19
958,925743247,verde,vermelho,modelo_proposto,azul,0,-3,16,130,100,1.3000,0.1875,638,220,284,134
958,925743247,verde,azul,modelo_proposto,azul,1,3,16,140,80,1.7500,0.3750,718,235,308,175
959,1712549161,vermelho,verde,modelo_proposto,azul,0,-3,14,90,120,0.7500,0.0000,264,81,108,75
959,1712549161,vermelho,vermelho,modelo_proposto,azul,0,-3,14,120,120,1.0000,0.0000,408,107,201,100
959,1712549161,vermelho,azul,modelo_proposto,azul,1,3,14,30,0,30.0000,0.2143,82,2,80,0
960,1225043013,azul,verde,modelo_proposto,verde,1,3,23,30,0,30.0000,0.0000,299,30,244,25
960,1225043013,azul,vermelho,modelo_proposto,verde,0,-3,23,120,120,1.0000,0.0476,484,95,296,93
960,1225043013,azul,azul,modelo_proposto,verde,0,-3,23,90,120,0.7500,0.1429,226,74,83,69
961,941576731,verde,verde,modelo_proposto,vermelho,0,-3,13,90,120,0.7500,0.0000,250,80,95,75
961,941576731,verde,vermelho,modelo_proposto,vermelho,1,3,13,30,30,1.0000,0.1538,114,25,66,23
961,941576731,verde,azul,modelo_proposto,vermelho,0,-3,13,150,120,1.2500,0.0000,448,133,192,123
962,1506476993,vermelho,verde,modelo_proposto,verde,1,3,9,30,0,30.0000,0.0000,90,26,45,19
962,1506476993,vermelho,vermelho,modelo_proposto,verde,0,-3,9,120,110,1.0909,0.3750,277,78,128,71
962,1506476993,vermelho,azul,modelo_proposto,verde,0,-3,9,80,120,0.6667,0.0000,235,79,82,74
963,1059674389,azul,verde,modelo_proposto,vermelho,0,-3,11,110,120,0.9167,0.3000,367,94,179,94
963,1059674389,azul,vermelho,modelo_proposto,vermelho,1,3,11,30,0,30.0000,0.1000,110,27,59,24
963,1059674389,azul,azul,modelo_proposto,vermelho,0,-3,11,90,110,0.8182,0.4000,232,78,81,73
964,629443526,verde,verde,modelo_proposto,verde,1,3,9,30,0,30.0000,0.1111,48,2,46,0
964,629443526,verde,vermelho,modelo_proposto,verde,0,-3,9,110,120,0.9167,0.6250,394,132,137,125
964,629443526,verde,azul,modelo_proposto,verde,0,-3,9,90,110,0.8182,0.6667,339,110,129,100
965,1269805790,vermelho,verde,modelo_proposto,vermelho,0,-3,18,90,120,0.7500,0.0000,256,72,118,66
965,1269805790,vermelho,vermelho,modelo_proposto,vermelho,1,3,18,30,30,1.0000,0.0000,362,32,306,24
965,1269805790,vermelho,azul,modelo_proposto,vermelho,0,-3,18,150,120,1.2500,0.0000,541,148,297,96
966,1317036416,azul,verde,modelo_proposto,vermelho,0,-3,12,80,120,0.6667,0.1250,292,80,137,75
966,1317036416,azul,vermelho,modelo_proposto,vermelho,1,3,12,30,0,30.0000,0.0909,70,2,68,0
966,1317036416,azul,azul,modelo_proposto,vermelho,0,-3,12,120,110,1.0909,0.1818,513,189,200,124
967,558950948,verde,verde,modelo_proposto,verde,1,3,9,30,0,30.0000,0.0000,129,29,75,25
967,558950948,verde,vermelho,modelo_proposto,verde,0,-3,9,120,120,1.0000,0.0000,276,77,129,70
967,558950948,verde,azul,modelo_proposto,verde,0,-3,9,90,120,0.7500,0.0000,213,73,72,68
968,136670000,vermelho,verde,modelo_proposto,azul,0,-3,10,90,120,0.7500,0.0000,234,103,75,56
968,136670000,vermelho,vermelho,modelo_proposto,azul,0,-3,10,120,120,1.0000,0.0000,340,105,155,80
968,136670000,vermelho,azul,modelo_proposto,azul,1,3,10,30,0,30.0000,0.0000,254,31,199,24
969,127806416,azul,verde,modelo_proposto,verde,1,3,14,20,30,0.6667,0.0000,227,28,175,24
969,127806416,azul,vermelho,modelo_proposto,verde,0,-3,14,90,120,0.7500,0.0000,272,101,101,70
969,127806416,azul,azul,modelo_proposto,verde,0,-3,14,150,110,1.3636,0.1538,415,127,169,119
970,1770472552,verde,verde,modelo_proposto,vermelho,0,-3,28,150,100,1.5000,0.1071,575,137,313,125
970,1770472552,verde,vermelho,modelo_proposto,vermelho,1,3,28,60,30,2.0000,0.0000,267,30,212,25
970,1770472552,verde,azul,modelo_proposto,vermelho,0,-3,28,40,120,0.3333,0.2727,284,81,128,75
971,1221341580,vermelho,verde,modelo_proposto,verde,1,3,26,30,0,30.0000,0.0400,160,27,109,24
971,1221341580,vermelho,vermelho,modelo_proposto,verde,0,-3,26,120,120,1.0000,0.0400,444,101,250,93
971,1221341580,vermelho,azul,modelo_proposto,verde,0,-3,26,90,120,0.7500,0.2000,235,79,82,74
972,510847089,azul,verde,modelo_proposto,empate,0,-1,100,80,110,0.7273,0.0526,440,81,289,70
972,510847089,azul,vermelho,modelo_proposto,empate,0,-1,100,110,80,1.3750,0.0202,2089,146,1849,94
972,510847089,azul,azul,modelo_proposto,empate,0,-1,100,0,0,0.0000,0.0200,1925,46,1879,0
973,1692598265,verde,verde,modelo_proposto,vermelho,0,-3,10,120,110,1.0909,0.2000,348,98,159,91
973,1692598265,verde,vermelho,modelo_proposto,vermelho,1,3,10,20,0,20.0000,0.2000,154,30,99,25
973,1692598265,verde,azul,modelo_proposto,vermelho,0,-3,10,90,120,0.7500,0.0000,235,71,99,65
974,248016053,vermelho,verde,modelo_proposto,vermelho,0,-3,15,150,120,1.2500,0.0714,590,153,287,150
974,248016053,vermelho,vermelho,modelo_proposto,vermelho,1,3,15,30,30,1.0000,0.0000,127,26,76,25
974,248016053,vermelho,azul,modelo_proposto,vermelho,0,-3,15,90,120,0.7500,0.0000,337,79,183,75
975,1909045985,azul,verde,modelo_proposto,azul,0,-3,19,90,120,0.7500,0.0667,314,101,141,72
975,1909045985,azul,vermelho,modelo_proposto,azul,0,-3,19,150,120,1.2500,0.0556,563,176,224,163
975,1909045985,azul,azul,modelo_proposto,azul,1,3,19,30,30,1.0000,0.1053,352,82,220,50
976,887965518,verde,verde,modelo_proposto,verde,1,3,9,30,0,30.0000,0.1111,122,4,118,0
976,887965518,verde,vermelho,modelo_proposto,verde,0,-3,9,120,120,1.0000,0.0000,324,130,106,88
976,887965518,verde,azul,modelo_proposto,verde,0,-3,9,90,120,0.7500,0.1429,219,71,82,66
977,1357408905,vermelho,verde,modelo_proposto,verde,1,3,15,30,0,30.0000,0.0000,137,2,135,0
977,1357408905,vermelho,vermelho,modelo_proposto,verde,0,-3,15,120,120,1.0000,0.0000,368,95,185,88
977,1357408905,vermelho,azul,modelo_proposto,verde,0,-3,15,90,120,0.7500,0.1818,345,97,157,91
978,1611699638,azul,verde,modelo_proposto,vermelho,0,-3,10,110,120,0.9167,0.1111,389,106,183,100
978,1611699638,azul,vermelho,modelo_proposto,vermelho,1,3,10,30,0,30.0000,0.1111,94,4,90,0
978,1611699638,azul,azul,modelo_proposto,vermelho,0,-3,10,90,110,0.8182,0.1667,243,80,88,75
979,1463146029,verde,verde,modelo_proposto,azul,0,-3,20,90,120,0.7500,0.0000,262,80,108,74
979,1463146029,verde,vermelho,modelo_proposto,azul,0,-3,20,150,120,1.2500,0.1000,550,143,267,140
979,1463146029,verde,azul,modelo_proposto,azul,1,3,20,30,30,1.0000,0.0500,186,27,134,25
980,1079783323,vermelho,verde,modelo_proposto,azul,0,-3,15,120,120,1.0000,0.0714,277,72,140,65
980,1079783323,vermelho,vermelho,modelo_proposto,azul,0,-3,15,90,120,0.7500,0.0000,204,68,73,63
980,1079783323,vermelho,azul,modelo_proposto,azul,1,3,15,30,0,30.0000,0.0667,92,2,90,0
981,645188196,azul,verde,modelo_proposto,vermelho,0,-3,14,90,100,0.9000,0.1667,243,82,86,75
981,645188196,azul,vermelho,modelo_proposto,vermelho,1,3,14,30,0,30.0000,0.0769,135,28,83,24
981,645188196,azul,azul,modelo_proposto,vermelho,0,-3,14,100,120,0.8333,0.1538,318,87,156,75
982,1071560322,verde,verde,modelo_proposto,vermelho,0,-3,22,150,120,1.2500,0.0455,505,115,286,104
982,1071560322,verde,vermelho,modelo_proposto,vermelho,1,3,22,30,30,1.0000,0.0455,194,24,148,22
982,1071560322,verde,azul,modelo_proposto,vermelho,0,-3,22,90,120,0.7500,0.0000,196,60,81,55
983,997181620,vermelho,verde,modelo_proposto,azul,0,-3,14,90,120,0.7500,0.0000,243,82,86,75
983,997181620,vermelho,vermelho,modelo_proposto,azul,0,-3,14,120,120,1.0000,0.0000,329,83,171,75
983,997181620,vermelho,azul,modelo_proposto,azul,1,3,14,30,0,30.0000,0.2143,115,26,67,22
984,1255515162,azul,verde,modelo_proposto,azul,0,-3,26,90,100,0.9000,0.4000,439,106,238,95
984,1255515162,azul,vermelho,modelo_proposto,azul,0,-3,26,130,120,1.0833,0.1600,479,144,205,130
984,1255515162,azul,azul,modelo_proposto,azul,1,3,26,30,30,1.0000,0.0000,432,26,383,23
985,836382915,verde,verde,modelo_proposto,verde,1,3,29,30,0,30.0000,0.0345,336,2,334,0
985,836382915,verde,vermelho,modelo_proposto,verde,0,-3,29,90,110,0.8182,0.1000,361,106,156,99
985,836382915,verde,azul,modelo_proposto,verde,0,-3,29,110,120,0.9167,0.0714,425,83,267,75
986,347126365,vermelho,verde,modelo_proposto,azul,0,-3,9,120,120,1.0000,0.0000,292,82,135,75
986,347126365,vermelho,vermelho,modelo_proposto,azul,0,-3,9,90,120,0.7500,0.0000,241,80,86,75
986,347126365,vermelho,azul,modelo_proposto,azul,1,3,9,30,0,30.0000,0.1111,46,2,44,0
987,1469351021,azul,verde,modelo_proposto,vermelho,0,-3,9,100,120,0.8333,0.2500,297,99,107,91
987,1469351021,azul,vermelho,modelo_proposto,vermelho,1,3,9,60,30,2.0000,0.0000,232,83,99,50
987,1469351021,azul,azul,modelo_proposto,vermelho,0,-3,9,90,100,0.9000,0.2857,253,76,107,70
988,2100725222,verde,verde,modelo_proposto,empate,0,-1,100,90,120,0.7500,0.0000,360,77,218,65
988,2100725222,verde,vermelho,modelo_proposto,empate,0,-1,100,0,0,0.0000,0.0100,1409,45,1364,0
988,2100725222,verde,azul,modelo_proposto,empate,0,-1,100,120,90,1.3333,0.0000,1581,145,1350,86
989,2076863469,vermelho,verde,modelo_proposto,azul,0,-3,13,140,120,1.1667,0.1667,450,136,192,122
989,2076863469,vermelho,vermelho,modelo_proposto,azul,0,-3,13,90,110,0.8182,0.1667,242,80,87,75
989,2076863469,vermelho,azul,modelo_proposto,azul,1,3,13,30,30,1.0000,0.0000,181,26,133,22
990,1297419198,azul,verde,modelo_proposto,azul,0,-3,9,150,120,1.2500,0.1250,368,110,158,100
990,1297419198,azul,vermelho,modelo_proposto,azul,0,-3,9,90,120,0.7500,0.0000,234,80,79,75
990,1297419198,azul,azul,modelo_proposto,azul,1,3,9,30,30,1.0000,0.1111,106,26,55,25
991,656509197,verde,verde,modelo_proposto,azul,0,-3,12,90,110,0.8182,0.1429,244,80,89,75
991,656509197,verde,vermelho,modelo_proposto,azul,0,-3,12,110,120,0.9167,0.3333,309,82,152,75
991,656509197,verde,azul,modelo_proposto,azul,1,3,12,30,0,30.0000,0.0000,140,29,86,25
992,2086753255,vermelho,verde,modelo_proposto,vermelho,0,-3,24,50,120,0.4167,0.2500,268,79,114,75
992,2086753255,vermelho,vermelho,modelo_proposto,vermelho,1,3,24,60,20,3.0000,0.1250,333,52,235,46
992,2086753255,vermelho,azul,modelo_proposto,vermelho,0,-3,24,140,110,1.2727,0.1739,493,135,235,123
993,1945909570,azul,verde,modelo_proposto,verde,1,3,15,30,0,30.0000,0.0000,208,52,110,46
993,1945909570,azul,vermelho,modelo_proposto,verde,0,-3,15,90,120,0.7500,0.0000,241,80,86,75
993,1945909570,azul,azul,modelo_proposto,verde,0,-3,15,120,120,1.0000,0.0000,432,110,222,100
994,66133690,verde,verde,modelo_proposto,verde,1,3,11,30,30,1.0000,0.1818,272,77,146,49
994,66133690,verde,vermelho,modelo_proposto,verde,0,-3,11,90,120,0.7500,0.1111,253,80,98,75
994,66133690,verde,azul,modelo_proposto,verde,0,-3,11,150,120,1.2500,0.2000,420,155,148,117
995,1178650548,vermelho,verde,modelo_proposto,verde,1,3,15,30,0,30.0000,0.0000,127,29,73,25
995,1178650548,vermelho,vermelho,modelo_proposto,verde,0,-3,15,120,120,1.0000,0.0714,418,107,213,98
995,1178650548,vermelho,azul,modelo_proposto,verde,0,-3,15,90,120,0.7500,0.0000,252,80,97,75
996,1356342537,azul,verde,modelo_proposto,verde,1,3,16,30,30,1.0000,0.0667,153,28,100,25
996,1356342537,azul,vermelho,modelo_proposto,verde,0,-3,16,150,120,1.2500,0.0000,425,130,176,119
996,1356342537,azul,azul,modelo_proposto,verde,0,-3,16,90,120,0.7500,0.0000,292,75,147,70
997,1676657438,verde,verde,modelo_proposto,vermelho,0,-3,28,140,120,1.1667,0.1071,590,153,287,150
997,1676657438,verde,vermelho,modelo_proposto,vermelho,1,3,28,30,30,1.0000,0.1071,263,25,214,24
997,1676657438,verde,azul,modelo_proposto,vermelho,0,-3,28,90,110,0.8182,0.1111,253,80,98,75
998,1714985209,vermelho,verde,modelo_proposto,azul,0,-3,13,120,120,1.0000,0.0000,471,153,193,125
998,1714985209,vermelho,vermelho,modelo_proposto,azul,0,-3,13,90,120,0.7500,0.0000,427,153,174,100
998,1714985209,vermelho,azul,modelo_proposto,azul,1,3,13,60,30,2.0000,0.0000,375,85,241,49
999,703915436,azul,verde,modelo_proposto,verde,1,3,11,30,0,30.0000,0.0000,178,30,123,25
999,703915436,azul,vermelho,modelo_proposto,verde,0,-3,11,90,120,0.7500,0.0000,292,79,139,74
999,703915436,azul,azul,modelo_proposto,verde,0,-3,11,120,120,1.0000,0.0000,362,104,161,97
1000,1215748322,verde,verde,modelo_proposto,azul,0,-3,17,80,100,0.8000,0.3636,370,106,167,97
1000,1215748322,verde,vermelho,modelo_proposto,azul,0,-3,17,100,110,0.9091,0.4118,519,126,269,124
1000,1215748322,verde,azul,modelo_proposto,azul,1,3,17,30,0,30.0000,0.0000,141,24,96,21
