id_simulacao,seed,jogador_inicial,jogador,modelo_ia,vencedor,venceu,pontos,turnos,dano_causado,dano_recebido,damage_ratio,cover_usage,custo_total,custo_los,custo_nodos,custo_acoes
1,438557537,verde,verde,mcts,vermelho,0,-3,13,90,120,0.7500,0.0000,2019,1007,832,180
1,438557537,verde,vermelho,art3miz_0.1,vermelho,1,3,13,30,30,1.0000,0.1538,118,24,75,19
1,438557537,verde,azul,heuristica,vermelho,0,-3,13,150,120,1.2500,0.0833,528,145,276,107
2,1864560048,vermelho,verde,mcts,verde,1,3,11,30,0,30.0000,0.0000,1476,456,900,120
2,1864560048,vermelho,vermelho,art3miz_0.1,verde,0,-3,11,100,120,0.8333,0.4000,272,76,127,69
2,1864560048,vermelho,azul,heuristica,verde,0,-3,11,90,100,0.9000,0.2857,319,75,173,71
3,990947591,azul,verde,mcts,azul,0,-3,13,90,120,0.7500,0.0000,2801,1395,1166,240
3,990947591,azul,vermelho,art3miz_0.1,azul,0,-3,13,120,120,1.0000,0.0833,317,119,114,84
3,990947591,azul,azul,heuristica,azul,1,3,13,30,0,30.0000,0.0000,384,41,303,40
4,980411883,verde,verde,mcts,azul,0,-3,23,160,120,1.3333,0.1739,4479,2175,1944,360
4,980411883,verde,vermelho,art3miz_0.1,azul,0,-3,23,30,100,0.3000,0.4286,524,118,284,122
4,980411883,verde,azul,heuristica,azul,1,3,23,90,60,1.5000,0.0870,776,119,534,123
5,1364875354,vermelho,verde,mcts,verde,1,3,31,30,0,30.0000,0.0000,933,84,789,60
5,1364875354,vermelho,vermelho,art3miz_0.1,verde,0,-3,31,120,120,1.0000,0.0000,494,108,287,99
5,1364875354,vermelho,azul,heuristica,verde,0,-3,31,90,120,0.7500,0.0000,388,96,192,100
6,1247406621,azul,verde,mcts,verde,1,3,15,30,0,30.0000,0.0000,910,186,664,60
6,1247406621,azul,vermelho,art3miz_0.1,verde,0,-3,15,90,120,0.7500,0.0000,261,79,107,75
6,1247406621,azul,azul,heuristica,verde,0,-3,15,120,120,1.0000,0.0000,544,106,338,100
7,271024058,verde,verde,mcts,empate,0,-1,100,30,0,30.0000,0.0200,2520,425,2035,60
7,271024058,verde,vermelho,art3miz_0.1,empate,0,-1,100,0,30,0.0000,0.0000,1664,21,1618,25
7,271024058,verde,azul,heuristica,empate,0,-1,100,0,0,0.0000,0.0100,2569,0,2569,0
8,131926194,vermelho,verde,mcts,verde,1,3,8,90,0,90.0000,0.0000,2025,772,1073,180
8,131926194,vermelho,vermelho,art3miz_0.1,verde,0,-3,8,80,120,0.6667,0.1429,241,56,120,65
8,131926194,vermelho,azul,heuristica,verde,0,-3,8,60,110,0.5455,0.2500,175,43,92,40
9,920297219,azul,verde,mcts,verde,1,3,35,30,30,1.0000,0.0000,1133,95,978,60
9,920297219,azul,vermelho,art3miz_0.1,verde,0,-3,35,80,110,0.7273,0.1429,263,80,109,74
9,920297219,azul,azul,heuristica,verde,0,-3,35,140,110,1.2727,0.0882,1101,145,810,146
10,820336507,verde,verde,mcts,verde,1,3,12,30,30,1.0000,0.1667,1286,272,894,120
10,820336507,verde,vermelho,art3miz_0.1,verde,0,-3,12,90,120,0.7500,0.1429,234,76,87,71
10,820336507,verde,azul,heuristica,verde,0,-3,12,150,120,1.2500,0.1818,543,147,256,140
11,1012562364,vermelho,verde,mcts,empate,0,-1,100,90,120,0.7500,0.0000,1966,1013,773,180
11,1012562364,vermelho,vermelho,art3miz_0.1,empate,0,-1,100,120,90,1.3333,0.0000,1803,137,1553,113
11,1012562364,vermelho,azul,heuristica,empate,0,-1,100,0,0,0.0000,0.0100,1219,4,1215,0
12,670066924,azul,verde,mcts,azul,0,-3,10,60,120,0.5000,0.0000,1981,1204,597,180
12,670066924,azul,vermelho,art3miz_0.1,azul,0,-3,10,150,120,1.2500,0.0000,366,111,158,97
12,670066924,azul,azul,heuristica,azul,1,3,10,60,30,2.0000,0.0000,340,53,237,50
13,1549280937,verde,verde,mcts,vermelho,0,-3,10,120,120,1.0000,0.0000,2471,1100,1131,240
13,1549280937,verde,vermelho,art3miz_0.1,vermelho,1,3,10,30,0,30.0000,0.0000,60,2,58,0
13,1549280937,verde,azul,heuristica,vermelho,0,-3,10,90,120,0.7500,0.1429,364,103,163,98
14,1369586799,vermelho,verde,mcts,verde,1,3,17,30,30,1.0000,0.0000,852,107,685,60
14,1369586799,vermelho,vermelho,art3miz_0.1,verde,0,-3,17,80,120,0.6667,0.2308,286,77,137,72
14,1369586799,vermelho,azul,heuristica,verde,0,-3,17,150,110,1.3636,0.0625,624,127,380,117
15,1040301634,azul,verde,mcts,azul,0,-3,12,90,120,0.7500,0.0000,3150,1559,1291,300
15,1040301634,azul,vermelho,art3miz_0.1,azul,0,-3,12,150,120,1.2500,0.2727,519,157,212,150
15,1040301634,azul,azul,heuristica,azul,1,3,12,30,30,1.0000,0.0000,373,40,286,47
16,1790057013,verde,verde,mcts,vermelho,0,-3,22,210,120,1.7500,0.0000,4540,2069,2051,420
16,1790057013,verde,vermelho,art3miz_0.1,vermelho,1,3,22,60,90,0.6667,0.1818,285,80,133,72
16,1790057013,verde,azul,heuristica,vermelho,0,-3,22,60,120,0.5000,0.0000,312,50,214,48
17,1690053831,vermelho,verde,mcts,verde,1,3,42,60,30,2.0000,0.1463,1965,359,1486,120
17,1690053831,vermelho,vermelho,art3miz_0.1,verde,0,-3,42,150,110,1.3636,0.2439,710,146,419,145
17,1690053831,vermelho,azul,heuristica,verde,0,-3,42,50,120,0.4167,0.4444,380,80,226,74
18,1979693965,azul,verde,mcts,vermelho,0,-3,15,90,120,0.7500,0.3636,2999,1974,785,240
18,1979693965,azul,vermelho,art3miz_0.1,vermelho,1,3,15,120,90,1.3333,0.0714,499,146,236,117
18,1979693965,azul,azul,heuristica,vermelho,0,-3,15,120,120,1.0000,0.0000,520,122,310,88
19,932576662,verde,verde,mcts,verde,1,3,23,30,30,1.0000,0.0435,1493,247,1126,120
19,932576662,verde,vermelho,art3miz_0.1,verde,0,-3,23,90,110,0.8182,0.1111,296,82,139,75
19,932576662,verde,azul,heuristica,verde,0,-3,23,140,120,1.1667,0.0909,797,141,525,131
20,855842988,vermelho,verde,mcts,verde,1,3,20,240,30,8.0000,0.1053,5378,2433,2465,480
20,855842988,vermelho,vermelho,art3miz_0.1,verde,0,-3,20,30,120,0.2500,0.3333,244,69,109,66
20,855842988,vermelho,azul,heuristica,verde,0,-3,20,0,120,0.0000,0.2632,558,61,433,64
21,1253956409,azul,verde,mcts,verde,1,3,22,30,0,30.0000,0.0476,1680,499,1061,120
21,1253956409,azul,vermelho,art3miz_0.1,verde,0,-3,22,90,120,0.7500,0.0000,266,78,116,72
21,1253956409,azul,azul,heuristica,verde,0,-3,22,120,120,1.0000,0.0000,742,145,451,146
22,755744497,verde,verde,mcts,verde,1,3,15,30,0,30.0000,0.0000,807,139,608,60
22,755744497,verde,vermelho,art3miz_0.1,verde,0,-3,15,90,120,0.7500,0.1250,319,100,127,92
22,755744497,verde,azul,heuristica,verde,0,-3,15,120,120,1.0000,0.0714,542,105,339,98
23,1237903098,vermelho,verde,mcts,verde,1,3,11,40,0,40.0000,0.0000,1549,568,861,120
23,1237903098,vermelho,vermelho,art3miz_0.1,verde,0,-3,11,100,110,0.9091,0.4000,413,123,165,125
23,1237903098,vermelho,azul,heuristica,verde,0,-3,11,70,100,0.7000,0.2857,349,91,166,92
24,1087965783,azul,verde,mcts,vermelho,0,-3,14,210,120,1.7500,0.0000,4397,2131,1846,420
24,1087965783,azul,vermelho,art3miz_0.1,vermelho,1,3,14,90,90,1.0000,0.0769,317,84,158,75
24,1087965783,azul,azul,heuristica,vermelho,0,-3,14,30,120,0.2500,0.0000,372,96,176,100
25,483723808,verde,verde,mcts,azul,0,-3,8,90,120,0.7500,0.0000,2399,1113,1046,240
25,483723808,verde,vermelho,art3miz_0.1,azul,0,-3,8,120,120,1.0000,0.1250,371,113,158,100
25,483723808,verde,azul,heuristica,azul,1,3,8,30,0,30.0000,0.1250,236,24,189,23
26,242242137,vermelho,verde,mcts,empate,0,-1,100,30,0,30.0000,0.0000,2299,499,1740,60
26,242242137,vermelho,vermelho,art3miz_0.1,empate,0,-1,100,0,30,0.0000,0.0200,1965,63,1889,13
26,242242137,vermelho,azul,heuristica,empate,0,-1,100,0,0,0.0000,0.0000,2281,0,2281,0
27,221737212,azul,verde,mcts,vermelho,0,-3,20,90,120,0.7500,0.0000,1921,983,758,180
27,221737212,azul,vermelho,art3miz_0.1,vermelho,1,3,20,30,30,1.0000,0.0000,191,29,137,25
27,221737212,azul,azul,heuristica,vermelho,0,-3,20,150,120,1.2500,0.0000,668,119,440,109
28,418463804,verde,verde,mcts,verde,1,3,19,30,0,30.0000,0.0526,943,111,772,60
28,418463804,verde,vermelho,art3miz_0.1,verde,0,-3,19,120,120,1.0000,0.2222,389,101,194,94
28,418463804,verde,azul,heuristica,verde,0,-3,19,90,120,0.7500,0.0000,458,111,234,113
29,435099202,vermelho,verde,mcts,vermelho,0,-3,22,180,120,1.5000,0.0476,4044,1876,1808,360
29,435099202,vermelho,vermelho,art3miz_0.1,vermelho,1,3,22,30,60,0.5000,0.0909,260,51,159,50
29,435099202,vermelho,azul,heuristica,vermelho,0,-3,22,90,120,0.7500,0.0000,348,97,151,100
30,283512082,azul,verde,mcts,verde,1,3,38,30,60,0.5000,0.0000,2931,697,1994,240
30,283512082,azul,vermelho,art3miz_0.1,verde,0,-3,38,90,120,0.7500,0.0000,257,79,105,73
30,283512082,azul,azul,heuristica,verde,0,-3,38,180,120,1.5000,0.0270,1251,176,905,170
31,1645911538,verde,verde,mcts,vermelho,0,-3,11,150,120,1.2500,0.0000,3058,1512,1246,300
31,1645911538,verde,vermelho,art3miz_0.1,vermelho,1,3,11,30,30,1.0000,0.0000,107,24,62,21
31,1645911538,verde,azul,heuristica,vermelho,0,-3,11,90,120,0.7500,0.0000,334,99,143,92
32,1490846386,vermelho,verde,mcts,azul,0,-3,17,150,120,1.2500,0.0000,3312,1556,1456,300
32,1490846386,vermelho,vermelho,art3miz_0.1,azul,0,-3,17,60,120,0.5000,0.2857,256,76,108,72
32,1490846386,vermelho,azul,heuristica,azul,1,3,17,60,30,2.0000,0.0000,470,53,371,46
33,321403989,azul,verde,mcts,azul,0,-3,17,90,120,0.7500,0.0000,1981,986,815,180
33,321403989,azul,vermelho,art3miz_0.1,azul,0,-3,17,120,120,1.0000,0.0625,433,109,249,75
33,321403989,azul,azul,heuristica,azul,1,3,17,30,0,30.0000,0.0588,493,42,403,48
34,1070087091,verde,verde,mcts,verde,1,3,28,240,90,2.6667,0.0000,5401,2309,2612,480
34,1070087091,verde,vermelho,art3miz_0.1,verde,0,-3,28,0,120,0.0000,0.0000,292,79,138,75
34,1070087091,verde,azul,heuristica,verde,0,-3,28,90,120,0.7500,0.0000,786,71,637,78
35,749808370,vermelho,verde,mcts,vermelho,0,-3,20,180,120,1.5000,0.3158,4008,1873,1775,360
35,749808370,vermelho,vermelho,art3miz_0.1,vermelho,1,3,20,30,60,0.5000,0.0500,281,47,188,46
35,749808370,vermelho,azul,heuristica,vermelho,0,-3,20,90,120,0.7500,0.0000,359,101,163,95
36,310441732,azul,verde,mcts,verde,1,3,14,30,0,30.0000,0.3077,921,225,636,60
36,310441732,azul,vermelho,art3miz_0.1,verde,0,-3,14,120,120,1.0000,0.0000,340,77,192,71
36,310441732,azul,azul,heuristica,verde,0,-3,14,90,120,0.7500,0.0000,337,96,146,95
37,191956606,verde,verde,mcts,verde,1,3,21,10,30,0.3333,0.0476,957,114,783,60
37,191956606,verde,vermelho,art3miz_0.1,verde,0,-3,21,90,120,0.7500,0.0000,245,75,101,69
37,191956606,verde,azul,heuristica,verde,0,-3,21,150,100,1.5000,0.2000,775,170,446,159
38,1692875068,vermelho,verde,mcts,verde,1,3,26,220,90,2.4444,0.0400,5348,2418,2450,480
38,1692875068,vermelho,vermelho,art3miz_0.1,verde,0,-3,26,30,100,0.3000,0.3077,467,106,261,100
38,1692875068,vermelho,azul,heuristica,verde,0,-3,26,60,120,0.5000,0.0800,781,89,604,88
39,724671784,azul,verde,mcts,azul,0,-3,33,120,120,1.0000,0.0313,2976,1092,1644,240
39,724671784,azul,vermelho,art3miz_0.1,azul,0,-3,33,90,120,0.7500,0.2000,288,81,136,71
39,724671784,azul,azul,heuristica,azul,1,3,33,30,0,30.0000,0.0909,903,45,808,50
40,270559481,verde,verde,mcts,verde,1,3,12,30,0,30.0000,0.0000,838,175,603,60
40,270559481,verde,vermelho,art3miz_0.1,verde,0,-3,12,120,120,1.0000,0.0000,305,82,148,75
40,270559481,verde,azul,heuristica,verde,0,-3,12,90,120,0.7500,0.0000,281,79,127,75
41,1328649944,vermelho,verde,mcts,verde,1,3,13,30,0,30.0000,0.0000,1206,208,878,120
41,1328649944,vermelho,vermelho,art3miz_0.1,verde,0,-3,13,90,120,0.7500,0.0000,249,76,101,72
41,1328649944,vermelho,azul,heuristica,verde,0,-3,13,120,120,1.0000,0.0833,459,97,271,91
42,662329169,azul,verde,mcts,verde,1,3,35,30,0,30.0000,0.0294,1276,116,1100,60
42,662329169,azul,vermelho,art3miz_0.1,verde,0,-3,35,120,120,1.0000,0.0303,471,94,291,86
42,662329169,azul,azul,heuristica,verde,0,-3,35,90,120,0.7500,0.0000,448,65,322,61
43,1702263910,verde,verde,mcts,vermelho,0,-3,13,60,110,0.5455,0.2500,1899,1249,530,120
43,1702263910,verde,vermelho,art3miz_0.1,vermelho,1,3,13,90,0,90.0000,0.0769,251,86,115,50
43,1702263910,verde,azul,heuristica,vermelho,0,-3,13,80,120,0.6667,0.3333,512,118,298,96
44,814414449,vermelho,verde,mcts,verde,1,3,16,30,0,30.0000,0.0000,936,191,685,60
44,814414449,vermelho,vermelho,art3miz_0.1,verde,0,-3,16,90,120,0.7500,0.0000,329,82,172,75
44,814414449,vermelho,azul,heuristica,verde,0,-3,16,120,120,1.0000,0.0000,631,127,379,125
45,764225697,azul,verde,mcts,verde,1,3,25,240,90,2.6667,0.0833,5038,2150,2408,480
45,764225697,azul,vermelho,art3miz_0.1,verde,0,-3,25,90,120,0.7500,0.0435,317,80,167,70
45,764225697,azul,azul,heuristica,verde,0,-3,25,0,120,0.0000,0.0000,371,78,218,75
46,464531721,verde,verde,mcts,azul,0,-3,22,90,120,0.7500,0.0000,2011,986,845,180
46,464531721,verde,vermelho,art3miz_0.1,azul,0,-3,22,120,120,1.0000,0.0000,493,134,241,118
46,464531721,verde,azul,heuristica,azul,1,3,22,30,0,30.0000,0.0909,562,24,516,22
47,1533946064,vermelho,verde,mcts,azul,0,-3,10,120,120,1.0000,0.3333,3160,1567,1293,300
47,1533946064,vermelho,vermelho,art3miz_0.1,azul,0,-3,10,60,120,0.5000,0.2500,290,82,133,75
47,1533946064,vermelho,azul,heuristica,azul,1,3,10,60,0,60.0000,0.2000,408,98,237,73
48,2021790431,azul,verde,mcts,verde,1,3,16,60,0,60.0000,0.1333,1891,799,972,120
48,2021790431,azul,vermelho,art3miz_0.1,verde,0,-3,16,90,120,0.7500,0.0000,333,80,179,74
48,2021790431,azul,azul,heuristica,verde,0,-3,16,90,120,0.7500,0.0000,515,115,303,97
49,1451556886,verde,verde,mcts,verde,1,3,19,30,0,30.0000,0.0000,971,149,762,60
49,1451556886,verde,vermelho,art3miz_0.1,verde,0,-3,19,90,120,0.7500,0.0000,238,79,86,73
49,1451556886,verde,azul,heuristica,verde,0,-3,19,120,120,1.0000,0.1667,662,120,427,115
50,6009790,vermelho,verde,mcts,azul,0,-3,10,90,120,0.7500,0.2222,2348,1484,684,180
50,6009790,vermelho,vermelho,art3miz_0.1,azul,0,-3,10,90,110,0.8182,0.1250,230,74,92,64
50,6009790,vermelho,azul,heuristica,azul,1,3,10,80,30,2.6667,0.2000,424,130,223,71
51,188280745,azul,verde,mcts,azul,0,-3,10,90,120,0.7500,0.0000,2386,1090,1056,240
51,188280745,azul,vermelho,art3miz_0.1,azul,0,-3,10,150,110,1.3636,0.2222,435,136,178,121
51,188280745,azul,azul,heuristica,azul,1,3,10,20,30,0.6667,0.1000,308,27,256,25
52,349047791,verde,verde,mcts,verde,1,3,16,30,0,30.0000,0.0000,990,219,711,60
52,349047791,verde,vermelho,art3miz_0.1,verde,0,-3,16,120,120,1.0000,0.1333,407,105,204,98
52,349047791,verde,azul,heuristica,verde,0,-3,16,90,120,0.7500,0.0000,398,80,244,74
53,1876708646,vermelho,verde,mcts,verde,1,3,19,30,30,1.0000,0.0556,877,99,718,60
53,1876708646,vermelho,vermelho,art3miz_0.1,verde,0,-3,19,90,120,0.7500,0.0000,265,81,109,75
53,1876708646,vermelho,azul,heuristica,verde,0,-3,19,150,120,1.2500,0.0000,683,125,441,117
54,1152886018,azul,verde,mcts,empate,0,-1,100,0,0,0.0000,0.0000,2563,0,2563,0
54,1152886018,azul,vermelho,art3miz_0.1,empate,0,-1,100,0,0,0.0000,0.4848,2084,50,2034,0
54,1152886018,azul,azul,heuristica,empate,0,-1,100,0,0,0.0000,0.0000,2011,49,1962,0
55,1069746520,verde,verde,mcts,vermelho,0,-3,42,180,120,1.5000,0.0714,5037,2003,2614,420
55,1069746520,verde,vermelho,art3miz_0.1,vermelho,1,3,42,30,60,0.5000,0.0476,370,43,277,50
55,1069746520,verde,azul,heuristica,vermelho,0,-3,42,90,120,0.7500,0.3333,461,127,213,121
56,1489974805,vermelho,verde,mcts,azul,0,-3,15,150,120,1.2500,0.1429,3248,1506,1442,300
56,1489974805,vermelho,vermelho,art3miz_0.1,azul,0,-3,15,90,120,0.7500,0.1000,260,84,101,75
56,1489974805,vermelho,azul,heuristica,azul,1,3,15,30,30,1.0000,0.0000,425,27,373,25
57,1198990478,azul,verde,mcts,azul,0,-3,9,90,100,0.9000,0.5000,1902,1016,706,180
57,1198990478,azul,vermelho,art3miz_0.1,azul,0,-3,9,100,120,0.8333,0.5000,298,86,137,75
57,1198990478,azul,azul,heuristica,azul,1,3,9,30,0,30.0000,0.0000,268,27,216,25
58,1785076888,verde,verde,mcts,empate,0,-1,100,120,60,2.0000,0.0300,4243,1091,2912,240
58,1785076888,verde,vermelho,art3miz_0.1,empate,0,-1,100,60,120,0.5000,0.2222,249,81,94,74
58,1785076888,verde,azul,heuristica,empate,0,-1,100,0,0,0.0000,0.0100,1860,0,1860,0
59,1812608420,vermelho,verde,mcts,verde,1,3,12,30,0,30.0000,0.0909,1516,499,897,120
59,1812608420,vermelho,vermelho,art3miz_0.1,verde,0,-3,12,90,120,0.7500,0.0000,247,78,94,75
59,1812608420,vermelho,azul,heuristica,verde,0,-3,12,120,120,1.0000,0.0909,526,131,270,125
60,1494812099,azul,verde,mcts,vermelho,0,-3,17,210,120,1.7500,0.0625,5152,2455,2217,480
60,1494812099,azul,vermelho,art3miz_0.1,vermelho,1,3,17,90,90,1.0000,0.0625,346,84,187,75
60,1494812099,azul,azul,heuristica,vermelho,0,-3,17,30,120,0.2500,0.2727,346,58,233,55
61,624291629,verde,verde,mcts,azul,0,-3,17,90,120,0.7500,0.1429,1925,1004,741,180
61,624291629,verde,vermelho,art3miz_0.1,azul,0,-3,17,120,120,1.0000,0.1176,303,80,154,69
61,624291629,verde,azul,heuristica,azul,1,3,17,30,0,30.0000,0.1176,517,49,418,50
62,1690688755,vermelho,verde,mcts,verde,1,3,16,30,0,30.0000,0.0667,896,170,666,60
62,1690688755,vermelho,vermelho,art3miz_0.1,verde,0,-3,16,120,120,1.0000,0.0000,423,127,178,118
62,1690688755,vermelho,azul,heuristica,verde,0,-3,16,90,120,0.7500,0.1818,444,94,252,98
63,415855664,azul,verde,mcts,vermelho,0,-3,12,180,120,1.5000,0.0000,3813,1823,1630,360
63,415855664,azul,vermelho,art3miz_0.1,vermelho,1,3,12,60,60,1.0000,0.0000,189,56,83,50
63,415855664,azul,azul,heuristica,vermelho,0,-3,12,60,120,0.5000,0.0000,297,71,151,75
64,1239108435,verde,verde,mcts,empate,0,-1,100,0,0,0.0000,0.0000,2024,50,1974,0
64,1239108435,verde,vermelho,art3miz_0.1,empate,0,-1,100,0,0,0.0000,0.0000,2119,50,2069,0
64,1239108435,verde,azul,heuristica,empate,0,-1,100,0,0,0.0000,0.0100,2540,0,2540,0
65,1288729641,vermelho,verde,mcts,azul,0,-3,23,150,120,1.2500,0.0000,3438,1504,1634,300
65,1288729641,vermelho,vermelho,art3miz_0.1,azul,0,-3,23,60,120,0.5000,0.0000,261,80,108,73
65,1288729641,vermelho,azul,heuristica,azul,1,3,23,60,30,2.0000,0.0435,667,53,564,50
66,2109698062,azul,verde,mcts,vermelho,0,-3,17,90,120,0.7500,0.0000,1975,988,807,180
66,2109698062,azul,vermelho,art3miz_0.1,vermelho,1,3,17,30,30,1.0000,0.0625,149,26,98,25
66,2109698062,azul,azul,heuristica,vermelho,0,-3,17,150,120,1.2500,0.1875,751,183,393,175
67,1413126415,verde,verde,mcts,azul,0,-3,23,90,120,0.7500,0.0769,2663,1433,990,240
67,1413126415,verde,vermelho,art3miz_0.1,azul,0,-3,23,150,120,1.2500,0.1304,469,138,209,122
67,1413126415,verde,azul,heuristica,azul,1,3,23,30,30,1.0000,0.0870,571,26,521,24
68,354615157,vermelho,verde,mcts,azul,0,-3,20,150,120,1.2500,0.0000,3304,1523,1481,300
68,354615157,vermelho,vermelho,art3miz_0.1,azul,0,-3,20,90,120,0.7500,0.0000,270,85,110,75
68,354615157,vermelho,azul,heuristica,azul,1,3,20,30,30,1.0000,0.0500,473,24,427,22
69,36093310,azul,verde,mcts,verde,1,3,15,30,30,1.0000,0.0000,818,117,641,60
69,36093310,azul,vermelho,art3miz_0.1,verde,0,-3,15,140,110,1.2727,0.0769,479,129,227,123
69,36093310,azul,azul,heuristica,verde,0,-3,15,80,110,0.7273,0.2857,369,95,175,99
70,650929293,verde,verde,mcts,vermelho,0,-3,17,170,120,1.4167,0.0000,3936,1883,1693,360
70,650929293,verde,vermelho,art3miz_0.1,vermelho,1,3,17,60,50,1.2000,0.1765,221,39,147,35
70,650929293,verde,azul,heuristica,vermelho,0,-3,17,60,120,0.5000,0.0000,426,67,296,63
71,1174663146,vermelho,verde,mcts,vermelho,0,-3,17,140,120,1.1667,0.1875,4071,2150,1561,360
71,1174663146,vermelho,vermelho,art3miz_0.1,vermelho,1,3,17,30,30,1.0000,0.1176,162,24,117,21
71,1174663146,vermelho,azul,heuristica,vermelho,0,-3,17,90,110,0.8182,0.3750,457,131,201,125
72,6505178,azul,verde,mcts,verde,1,3,17,30,30,1.0000,0.0625,833,92,681,60
72,6505178,azul,vermelho,art3miz_0.1,verde,0,-3,17,150,120,1.2500,0.0667,550,152,248,150
72,6505178,azul,azul,heuristica,verde,0,-3,17,90,120,0.7500,0.0000,395,96,199,100
73,478834776,verde,verde,mcts,azul,0,-3,12,180,120,1.5000,0.0833,3744,1831,1553,360
73,478834776,verde,vermelho,art3miz_0.1,azul,0,-3,12,60,120,0.5000,0.1667,266,84,107,75
73,478834776,verde,azul,heuristica,azul,1,3,12,60,60,1.0000,0.0833,420,68,283,69
74,466979635,vermelho,verde,mcts,verde,1,3,20,30,0,30.0000,0.0000,1573,367,1086,120
74,466979635,vermelho,vermelho,art3miz_0.1,verde,0,-3,20,120,120,1.0000,0.0000,498,128,250,120
74,466979635,vermelho,azul,heuristica,verde,0,-3,20,90,120,0.7500,0.1667,517,118,277,122
75,1585602173,azul,verde,mcts,verde,1,3,9,90,0,90.0000,0.0000,2446,1274,992,180
75,1585602173,azul,vermelho,art3miz_0.1,verde,0,-3,9,40,100,0.4000,0.2857,210,71,89,50
75,1585602173,azul,azul,heuristica,verde,0,-3,9,70,100,0.7000,0.2500,344,80,189,75
76,137830156,verde,verde,mcts,azul,0,-3,20,90,120,0.7500,0.0000,2550,1329,981,240
76,137830156,verde,vermelho,art3miz_0.1,azul,0,-3,20,150,120,1.2500,0.0500,607,155,304,148
76,137830156,verde,azul,heuristica,azul,1,3,20,30,30,1.0000,0.0000,526,26,475,25
77,295121870,vermelho,verde,mcts,azul,0,-3,22,150,120,1.2500,0.0476,3416,1517,1599,300
77,295121870,vermelho,vermelho,art3miz_0.1,azul,0,-3,22,60,120,0.5000,0.0000,263,73,116,74
77,295121870,vermelho,azul,heuristica,azul,1,3,22,60,30,2.0000,0.0455,584,35,517,32
78,1568756219,azul,verde,mcts,empate,0,-1,100,120,90,1.3333,0.0404,4313,1231,2842,240
78,1568756219,azul,vermelho,art3miz_0.1,empate,0,-1,100,90,120,0.7500,0.2857,330,100,141,89
78,1568756219,azul,azul,heuristica,empate,0,-1,100,0,0,0.0000,0.0400,1767,0,1767,0
79,863086835,verde,verde,mcts,verde,1,3,20,30,0,30.0000,0.0500,1011,133,818,60
79,863086835,verde,vermelho,art3miz_0.1,verde,0,-3,20,110,120,0.9167,0.2105,356,97,171,88
79,863086835,verde,azul,heuristica,verde,0,-3,20,90,110,0.8182,0.5455,529,141,250,138
80,881860485,vermelho,verde,mcts,vermelho,0,-3,38,180,120,1.5000,0.0541,4364,1837,2167,360
80,881860485,vermelho,vermelho,art3miz_0.1,vermelho,1,3,38,60,60,1.0000,0.1053,609,94,425,90
80,881860485,vermelho,azul,heuristica,vermelho,0,-3,38,60,120,0.5000,0.0000,315,71,169,75
81,866620601,azul,verde,mcts,verde,1,3,18,30,0,30.0000,0.0000,889,117,712,60
81,866620601,azul,vermelho,art3miz_0.1,verde,0,-3,18,90,120,0.7500,0.0000,241,80,86,75
81,866620601,azul,azul,heuristica,verde,0,-3,18,120,120,1.0000,0.0000,623,120,386,117
82,1809070958,verde,verde,mcts,azul,0,-3,12,150,120,1.2500,0.1667,3173,1538,1335,300
82,1809070958,verde,vermelho,art3miz_0.1,azul,0,-3,12,90,120,0.7500,0.1429,250,84,91,75
82,1809070958,verde,azul,heuristica,azul,1,3,12,30,30,1.0000,0.2500,454,77,302,75
83,389192010,vermelho,verde,mcts,azul,0,-3,29,120,120,1.0000,0.0357,3549,1422,1827,300
83,389192010,vermelho,vermelho,art3miz_0.1,azul,0,-3,29,90,120,0.7500,0.0000,361,107,154,100
83,389192010,vermelho,azul,heuristica,azul,1,3,29,30,0,30.0000,0.2414,783,44,689,50
84,500570754,azul,verde,mcts,verde,1,3,17,30,30,1.0000,0.0000,1322,265,937,120
84,500570754,azul,vermelho,art3miz_0.1,verde,0,-3,17,150,120,1.2500,0.0000,460,135,198,127
84,500570754,azul,azul,heuristica,verde,0,-3,17,90,120,0.7500,0.0000,326,70,190,66
85,1712353937,verde,verde,mcts,azul,0,-3,27,90,120,0.7500,0.0000,2704,1444,1020,240
85,1712353937,verde,vermelho,art3miz_0.1,azul,0,-3,27,150,120,1.2500,0.0000,541,141,275,125
85,1712353937,verde,azul,heuristica,azul,1,3,27,30,30,1.0000,0.1111,699,52,593,54
86,391319897,vermelho,verde,mcts,vermelho,0,-3,16,150,120,1.2500,0.1333,3322,1547,1475,300
86,391319897,vermelho,vermelho,art3miz_0.1,vermelho,1,3,16,30,30,1.0000,0.0625,154,23,112,19
86,391319897,vermelho,azul,heuristica,vermelho,0,-3,16,90,120,0.7500,0.1429,328,79,175,74
87,136589075,azul,verde,mcts,verde,1,3,14,30,60,0.5000,0.0000,1233,255,858,120
87,136589075,azul,vermelho,art3miz_0.1,verde,0,-3,14,70,100,0.7000,0.2000,229,77,80,72
87,136589075,azul,azul,heuristica,verde,0,-3,14,160,100,1.6000,0.2308,622,158,315,149
88,516443035,verde,verde,mcts,azul,0,-3,15,150,120,1.2500,0.0000,3267,1525,1442,300
88,516443035,verde,vermelho,art3miz_0.1,azul,0,-3,15,60,120,0.5000,0.0000,258,79,104,75
88,516443035,verde,azul,heuristica,azul,1,3,15,60,30,2.0000,0.0667,424,35,357,32
89,1231568109,vermelho,verde,mcts,azul,0,-3,10,90,120,0.7500,0.0000,1861,956,725,180
89,1231568109,vermelho,vermelho,art3miz_0.1,azul,0,-3,10,120,120,1.0000,0.0000,305,85,145,75
89,1231568109,vermelho,azul,heuristica,azul,1,3,10,30,0,30.0000,0.0000,350,44,256,50
90,234389638,azul,verde,mcts,verde,1,3,17,30,0,30.0000,0.1250,954,191,703,60
90,234389638,azul,vermelho,art3miz_0.1,verde,0,-3,17,90,120,0.7500,0.0000,266,79,112,75
90,234389638,azul,azul,heuristica,verde,0,-3,17,120,120,1.0000,0.0000,634,122,389,123
91,1278363502,verde,verde,mcts,vermelho,0,-3,15,150,120,1.2500,0.0000,3828,1936,1532,360
91,1278363502,verde,vermelho,art3miz_0.1,vermelho,1,3,15,60,30,2.0000,0.1333,198,53,98,47
91,1278363502,verde,azul,heuristica,vermelho,0,-3,15,60,120,0.5000,0.1111,327,66,198,63
92,2089492144,vermelho,verde,mcts,vermelho,0,-3,33,60,120,0.5000,0.0000,2140,1095,865,180
92,2089492144,vermelho,vermelho,art3miz_0.1,vermelho,1,3,33,60,30,2.0000,0.0909,662,56,556,50
92,2089492144,vermelho,azul,heuristica,vermelho,0,-3,33,150,120,1.2500,0.1563,952,147,662,143
93,1010834375,azul,verde,mcts,vermelho,0,-3,15,90,120,0.7500,0.0000,2482,1237,1005,240
93,1010834375,azul,vermelho,art3miz_0.1,vermelho,1,3,15,30,30,1.0000,0.0000,143,25,96,22
93,1010834375,azul,azul,heuristica,vermelho,0,-3,15,150,120,1.2500,0.0000,517,112,301,104
94,1010172138,verde,verde,mcts,vermelho,0,-3,11,120,120,1.0000,0.0000,3159,1438,1421,300
94,1010172138,verde,vermelho,art3miz_0.1,vermelho,1,3,11,30,0,30.0000,0.0909,99,2,97,0
94,1010172138,verde,azul,heuristica,vermelho,0,-3,11,90,120,0.7500,0.0000,354,103,151,100
95,1255584616,vermelho,verde,mcts,azul,0,-3,12,90,120,0.7500,0.0000,1954,992,782,180
95,1255584616,vermelho,vermelho,art3miz_0.1,azul,0,-3,12,150,120,1.2500,0.0833,384,114,171,99
95,1255584616,vermelho,azul,heuristica,azul,1,3,12,30,30,1.0000,0.0000,385,38,298,49
96,2041513302,azul,verde,mcts,vermelho,0,-3,22,120,120,1.0000,0.0952,3013,1710,1063,240
96,2041513302,azul,vermelho,art3miz_0.1,vermelho,1,3,22,60,0,60.0000,0.0476,248,56,146,46
96,2041513302,azul,azul,heuristica,vermelho,0,-3,22,60,120,0.5000,0.0952,605,61,489,55
97,11523659,verde,verde,mcts,azul,0,-3,11,150,120,1.2500,0.0000,3194,1498,1396,300
97,11523659,verde,vermelho,art3miz_0.1,azul,0,-3,11,60,120,0.5000,0.0000,263,74,114,75
97,11523659,verde,azul,heuristica,azul,1,3,11,60,30,2.0000,0.0000,362,54,258,50
98,60279016,vermelho,verde,mcts,azul,0,-3,27,90,120,0.7500,0.0000,2553,1534,839,180
98,60279016,vermelho,vermelho,art3miz_0.1,azul,0,-3,27,120,120,1.0000,0.1111,575,187,290,98
98,60279016,vermelho,azul,heuristica,azul,1,3,27,30,0,30.0000,0.0741,734,87,598,49
99,2035523298,azul,verde,mcts,verde,1,3,26,30,30,1.0000,0.0800,1012,110,842,60
99,2035523298,azul,vermelho,art3miz_0.1,verde,0,-3,26,90,120,0.7500,0.0000,272,81,116,75
99,2035523298,azul,azul,heuristica,verde,0,-3,26,150,120,1.2500,0.0400,845,140,573,132
100,778332920,verde,verde,mcts,azul,0,-3,31,120,120,1.0000,0.0968,2997,1109,1648,240
100,778332920,verde,vermelho,art3miz_0.1,azul,0,-3,31,90,120,0.7500,0.2000,288,84,129,75
100,778332920,verde,azul,heuristica,azul,1,3,31,30,0,30.0000,0.0323,603,18,569,16
101,681977055,vermelho,verde,mcts,verde,1,3,13,70,0,70.0000,0.1667,2864,1242,1382,240
101,681977055,vermelho,vermelho,art3miz_0.1,verde,0,-3,13,120,100,1.2000,0.3333,426,130,171,125
101,681977055,vermelho,azul,heuristica,verde,0,-3,13,30,120,0.2500,0.3333,379,77,228,74
102,937597042,azul,verde,mcts,azul,0,-3,19,210,120,1.7500,0.0000,4544,2145,1979,420
102,937597042,azul,vermelho,art3miz_0.1,azul,0,-3,19,30,120,0.2500,0.0833,368,106,166,96
102,937597042,azul,azul,heuristica,azul,1,3,19,90,90,1.0000,0.1579,684,105,479,100
103,528953857,verde,verde,mcts,vermelho,0,-3,11,90,120,0.7500,0.1818,2967,1894,833,240
103,528953857,verde,vermelho,art3miz_0.1,vermelho,1,3,11,90,30,3.0000,0.1818,435,181,162,92
103,528953857,verde,azul,heuristica,vermelho,0,-3,11,90,120,0.7500,0.1111,431,115,220,96
104,1698552064,vermelho,verde,mcts,verde,1,3,19,30,0,30.0000,0.0000,976,182,734,60
104,1698552064,vermelho,vermelho,art3miz_0.1,verde,0,-3,19,120,120,1.0000,0.0556,345,81,190,74
104,1698552064,vermelho,azul,heuristica,verde,0,-3,19,90,120,0.7500,0.0000,303,78,151,74
105,2028522531,azul,verde,mcts,vermelho,0,-3,24,210,120,1.7500,0.0870,4496,2000,2076,420
105,2028522531,azul,vermelho,art3miz_0.1,vermelho,1,3,24,60,90,0.6667,0.0435,305,59,186,60
105,2028522531,azul,azul,heuristica,vermelho,0,-3,24,60,120,0.5000,0.0769,519,105,303,111
106,2146725289,verde,verde,mcts,vermelho,0,-3,10,110,110,1.0000,0.3000,2471,1068,1163,240
106,2146725289,verde,vermelho,art3miz_0.1,vermelho,1,3,10,30,0,30.0000,0.0000,104,26,58,20
106,2146725289,verde,azul,heuristica,vermelho,0,-3,10,80,110,0.7273,0.3333,247,63,128,56
107,2048006628,vermelho,verde,mcts,verde,1,3,10,90,0,90.0000,0.0000,2326,1157,989,180
107,2048006628,vermelho,vermelho,art3miz_0.1,verde,0,-3,10,60,120,0.5000,0.3750,218,52,116,50
107,2048006628,vermelho,azul,heuristica,verde,0,-3,10,90,120,0.7500,0.0000,428,101,227,100
108,2065734190,azul,verde,mcts,azul,0,-3,26,150,120,1.2500,0.0000,3475,1495,1680,300
108,2065734190,azul,vermelho,art3miz_0.1,azul,0,-3,26,90,120,0.7500,0.0000,311,100,123,88
108,2065734190,azul,azul,heuristica,azul,1,3,26,30,30,1.0000,0.0000,604,32,540,32
109,946904339,verde,verde,mcts,vermelho,0,-3,12,120,120,1.0000,0.0000,2653,1406,1007,240
109,946904339,verde,vermelho,art3miz_0.1,vermelho,1,3,12,30,30,1.0000,0.0833,326,70,192,64
109,946904339,verde,azul,heuristica,vermelho,0,-3,12,120,120,1.0000,0.0909,684,232,277,175
110,977405121,vermelho,verde,mcts,vermelho,0,-3,14,150,100,1.5000,0.2308,3302,1656,1346,300
110,977405121,vermelho,vermelho,art3miz_0.1,vermelho,1,3,14,30,30,1.0000,0.0000,108,24,63,21
110,977405121,vermelho,azul,heuristica,vermelho,0,-3,14,70,120,0.5833,0.2857,373,97,176,100
111,106871201,azul,verde,mcts,vermelho,0,-3,43,180,120,1.5000,0.0952,4503,1849,2294,360
111,106871201,azul,vermelho,art3miz_0.1,vermelho,1,3,43,60,60,1.0000,0.0000,904,54,802,48
111,106871201,azul,azul,heuristica,vermelho,0,-3,43,60,120,0.5000,0.0000,297,80,142,75
112,524023377,verde,verde,mcts,verde,1,3,11,90,0,90.0000,0.0000,2742,1541,1021,180
112,524023377,verde,vermelho,art3miz_0.1,verde,0,-3,11,60,110,0.5455,0.3000,292,72,145,75
112,524023377,verde,azul,heuristica,verde,0,-3,11,80,120,0.6667,0.2000,466,121,245,100
113,2070036801,vermelho,verde,mcts,verde,1,3,21,230,60,3.8333,0.2500,4837,2102,2255,480
113,2070036801,vermelho,vermelho,art3miz_0.1,verde,0,-3,21,60,110,0.5455,0.1538,329,123,132,74
113,2070036801,vermelho,azul,heuristica,verde,0,-3,21,0,120,0.0000,0.1500,498,56,386,56
114,332326161,azul,verde,mcts,azul,0,-3,22,150,120,1.2500,0.0952,3364,1500,1564,300
114,332326161,azul,vermelho,art3miz_0.1,azul,0,-3,22,90,120,0.7500,0.1667,423,103,226,94
114,332326161,azul,azul,heuristica,azul,1,3,22,30,30,1.0000,0.0000,572,18,538,16
115,13274541,verde,verde,mcts,verde,1,3,25,240,90,2.6667,0.1600,6357,3589,2288,480
115,13274541,verde,vermelho,art3miz_0.1,verde,0,-3,25,60,120,0.5000,0.0556,319,75,177,67
115,13274541,verde,azul,heuristica,verde,0,-3,25,30,120,0.2500,0.0000,699,92,523,84
116,825241805,vermelho,verde,mcts,verde,1,3,16,30,0,30.0000,0.1333,929,202,667,60
116,825241805,vermelho,vermelho,art3miz_0.1,verde,0,-3,16,120,120,1.0000,0.0000,380,100,188,92
116,825241805,vermelho,azul,heuristica,verde,0,-3,16,90,120,0.7500,0.0000,396,80,242,74
117,1573000952,azul,verde,mcts,azul,0,-3,43,120,120,1.0000,0.0238,3281,1098,1943,240
117,1573000952,azul,vermelho,art3miz_0.1,azul,0,-3,43,90,120,0.7500,0.0000,253,84,94,75
117,1573000952,azul,azul,heuristica,azul,1,3,43,30,0,30.0000,0.0233,888,18,854,16
118,1749647013,verde,verde,mcts,verde,1,3,22,30,0,30.0000,0.0000,1119,182,877,60
118,1749647013,verde,vermelho,art3miz_0.1,verde,0,-3,22,120,120,1.0000,0.0476,493,107,287,99
118,1749647013,verde,azul,heuristica,verde,0,-3,22,90,120,0.7500,0.0000,510,92,321,97
119,974095307,vermelho,verde,mcts,vermelho,0,-3,17,200,120,1.6667,0.1875,4485,2069,1996,420
119,974095307,vermelho,vermelho,art3miz_0.1,vermelho,1,3,17,60,80,0.7500,0.2353,306,71,169,66
119,974095307,vermelho,azul,heuristica,vermelho,0,-3,17,60,120,0.5000,0.0000,272,71,126,75
120,1400113132,azul,verde,mcts,azul,0,-3,14,210,120,1.7500,0.0769,4602,2490,1692,420
120,1400113132,azul,vermelho,art3miz_0.1,azul,0,-3,14,30,120,0.2500,0.1250,285,92,126,67
120,1400113132,azul,azul,heuristica,azul,1,3,14,90,90,1.0000,0.0000,720,193,352,175
121,1403140035,verde,verde,mcts,verde,1,3,11,30,0,30.0000,0.0000,738,149,529,60
121,1403140035,verde,vermelho,art3miz_0.1,verde,0,-3,11,90,120,0.7500,0.0000,266,81,111,74
121,1403140035,verde,azul,heuristica,verde,0,-3,11,120,120,1.0000,0.0000,443,104,241,98
122,1485886752,vermelho,verde,mcts,verde,1,3,23,30,0,30.0000,0.0455,1046,181,805,60
122,1485886752,vermelho,vermelho,art3miz_0.1,verde,0,-3,23,120,120,1.0000,0.0000,453,100,261,92
122,1485886752,vermelho,azul,heuristica,verde,0,-3,23,90,120,0.7500,0.0000,394,80,240,74
123,1433079639,azul,verde,mcts,vermelho,0,-3,38,90,120,0.7500,0.0000,2071,1013,878,180
123,1433079639,azul,vermelho,art3miz_0.1,vermelho,1,3,38,30,0,30.0000,0.0541,423,77,277,69
123,1433079639,azul,azul,heuristica,vermelho,0,-3,38,120,120,1.0000,0.0811,1105,121,864,120
124,1444017005,verde,verde,mcts,empate,0,-1,100,0,0,0.0000,0.0000,2182,0,2182,0
124,1444017005,verde,vermelho,art3miz_0.1,empate,0,-1,100,0,0,0.0000,0.0000,2069,49,2020,0
124,1444017005,verde,azul,heuristica,empate,0,-1,100,0,0,0.0000,0.0000,1570,48,1522,0
125,1120634029,vermelho,verde,mcts,azul,0,-3,15,180,120,1.5000,0.0000,3808,1812,1636,360
125,1120634029,vermelho,vermelho,art3miz_0.1,azul,0,-3,15,90,120,0.7500,0.1429,247,83,89,75
125,1120634029,vermelho,azul,heuristica,azul,1,3,15,30,60,0.5000,0.0667,405,32,341,32
126,1159629576,azul,verde,mcts,verde,1,3,26,30,30,1.0000,0.0400,1086,123,903,60
126,1159629576,azul,vermelho,art3miz_0.1,verde,0,-3,26,140,110,1.2727,0.1667,550,127,307,116
126,1159629576,azul,azul,heuristica,verde,0,-3,26,80,110,0.7273,0.1111,433,105,228,100
127,170520394,verde,verde,mcts,vermelho,0,-3,17,120,120,1.0000,0.0833,3254,2271,743,240
127,170520394,verde,vermelho,art3miz_0.1,vermelho,1,3,17,60,60,1.0000,0.3529,465,128,247,90
127,170520394,verde,azul,heuristica,vermelho,0,-3,17,120,120,1.0000,0.1875,616,155,337,124
128,2032603470,vermelho,verde,mcts,azul,0,-3,22,160,110,1.4545,0.1429,4711,2245,2046,420
128,2032603470,vermelho,vermelho,art3miz_0.1,azul,0,-3,22,90,120,0.7500,0.0909,354,107,147,100
128,2032603470,vermelho,azul,heuristica,azul,1,3,22,20,40,0.5000,0.4091,597,44,510,43
129,1569236234,azul,verde,mcts,azul,0,-3,20,210,100,2.1000,0.2105,4405,2131,1854,420
129,1569236234,azul,vermelho,art3miz_0.1,azul,0,-3,20,50,120,0.4167,0.1667,274,64,150,60
129,1569236234,azul,azul,heuristica,azul,1,3,20,50,90,0.5556,0.3000,697,97,501,99
130,411570783,verde,verde,mcts,vermelho,0,-3,10,150,120,1.2500,0.0000,3136,1503,1333,300
130,411570783,verde,vermelho,art3miz_0.1,vermelho,1,3,10,30,30,1.0000,0.0000,112,27,61,24
130,411570783,verde,azul,heuristica,vermelho,0,-3,10,90,120,0.7500,0.0000,253,79,100,74
131,562047796,vermelho,verde,mcts,empate,0,-1,100,0,0,0.0000,0.0101,2051,42,2009,0
131,562047796,vermelho,vermelho,art3miz_0.1,empate,0,-1,100,90,120,0.7500,0.0000,246,78,94,74
131,562047796,vermelho,azul,heuristica,empate,0,-1,100,120,90,1.3333,0.0000,2184,167,1896,121
132,1448248165,azul,verde,mcts,vermelho,0,-3,37,210,120,1.7500,0.0000,4910,2126,2364,420
132,1448248165,azul,vermelho,art3miz_0.1,vermelho,1,3,37,90,90,1.0000,0.1667,491,106,289,96
132,1448248165,azul,azul,heuristica,vermelho,0,-3,37,30,120,0.2500,0.0000,347,96,151,100
133,1352011924,verde,verde,mcts,verde,1,3,17,30,0,30.0000,0.0588,1352,238,994,120
133,1352011924,verde,vermelho,art3miz_0.1,verde,0,-3,17,90,120,0.7500,0.0000,261,79,110,72
133,1352011924,verde,azul,heuristica,verde,0,-3,17,120,120,1.0000,0.0000,569,100,377,92
134,939551074,vermelho,verde,mcts,azul,0,-3,15,150,120,1.2500,0.0000,3271,1512,1459,300
134,939551074,vermelho,vermelho,art3miz_0.1,azul,0,-3,15,60,120,0.5000,0.0000,247,71,104,72
134,939551074,vermelho,azul,heuristica,azul,1,3,15,60,30,2.0000,0.0000,546,94,352,100
135,362752061,azul,verde,mcts,verde,1,3,13,30,0,30.0000,0.0000,866,224,582,60
135,362752061,azul,vermelho,art3miz_0.1,verde,0,-3,13,90,120,0.7500,0.0000,244,80,89,75
135,362752061,azul,azul,heuristica,verde,0,-3,13,120,120,1.0000,0.0000,499,105,294,100
136,1970562540,verde,verde,mcts,vermelho,0,-3,36,160,120,1.3333,0.1111,4566,1983,2223,360
136,1970562540,verde,vermelho,art3miz_0.1,vermelho,1,3,36,90,60,1.5000,0.0278,378,58,270,50
136,1970562540,verde,azul,heuristica,vermelho,0,-3,36,30,100,0.3000,0.3750,368,89,185,94
137,383708122,vermelho,verde,mcts,vermelho,0,-3,20,150,120,1.2500,0.1053,3961,2018,1583,360
137,383708122,vermelho,vermelho,art3miz_0.1,vermelho,1,3,20,60,30,2.0000,0.0000,469,83,318,68
137,383708122,vermelho,azul,heuristica,vermelho,0,-3,20,60,120,0.5000,0.0000,483,65,358,60
138,2075785334,azul,verde,mcts,vermelho,0,-3,11,150,100,1.5000,0.5000,3140,1590,1250,300
138,2075785334,azul,vermelho,art3miz_0.1,vermelho,1,3,11,20,30,0.6667,0.1000,157,29,103,25
138,2075785334,azul,azul,heuristica,vermelho,0,-3,11,80,120,0.6667,0.5000,349,98,151,100
139,794372141,verde,verde,mcts,verde,1,3,35,240,60,4.0000,0.1714,5528,2294,2754,480
139,794372141,verde,vermelho,art3miz_0.1,verde,0,-3,35,0,120,0.0000,0.4000,236,78,83,75
139,794372141,verde,azul,heuristica,verde,0,-3,35,60,120,0.5000,0.0000,902,44,811,47
140,1817101026,vermelho,verde,mcts,empate,0,-1,100,0,0,0.0000,0.4545,2035,46,1989,0
140,1817101026,vermelho,vermelho,art3miz_0.1,empate,0,-1,100,80,120,0.6667,0.1429,207,67,78,62
140,1817101026,vermelho,azul,heuristica,empate,0,-1,100,120,80,1.5000,0.0300,2188,131,1976,81
141,1461547978,azul,verde,mcts,verde,1,3,19,30,0,30.0000,0.0556,1008,171,777,60
141,1461547978,azul,vermelho,art3miz_0.1,verde,0,-3,19,120,120,1.0000,0.0588,583,159,275,149
141,1461547978,azul,azul,heuristica,verde,0,-3,19,90,120,0.7500,0.1429,542,94,349,99
142,1249674794,verde,verde,mcts,verde,1,3,22,30,0,30.0000,0.2727,1019,129,830,60
142,1249674794,verde,vermelho,art3miz_0.1,verde,0,-3,22,100,120,0.8333,0.1905,509,132,256,121
142,1249674794,verde,azul,heuristica,verde,0,-3,22,90,100,0.9000,0.3636,478,107,271,100
143,236336944,vermelho,verde,mcts,verde,1,3,15,30,30,1.0000,0.0714,790,104,626,60
143,236336944,vermelho,vermelho,art3miz_0.1,verde,0,-3,15,90,110,0.8182,0.1250,243,79,92,72
143,236336944,vermelho,azul,heuristica,verde,0,-3,15,140,120,1.1667,0.2143,670,165,338,167
144,787490960,azul,verde,mcts,verde,1,3,36,240,90,2.6667,0.0000,5506,2265,2761,480
144,787490960,azul,vermelho,art3miz_0.1,verde,0,-3,36,90,120,0.7500,0.0000,266,85,106,75
144,787490960,azul,azul,heuristica,verde,0,-3,36,0,120,0.0000,0.0857,881,70,738,73
145,368094613,verde,verde,mcts,verde,1,3,37,30,30,1.0000,0.0270,1333,101,1172,60
145,368094613,verde,vermelho,art3miz_0.1,verde,0,-3,37,80,110,0.7273,0.2000,363,106,157,100
145,368094613,verde,azul,heuristica,verde,0,-3,37,140,110,1.2727,0.1667,1341,265,823,253
146,15368845,vermelho,verde,mcts,vermelho,0,-3,18,90,110,0.8182,0.2143,2623,1217,1166,240
146,15368845,vermelho,vermelho,art3miz_0.1,vermelho,1,3,18,30,0,30.0000,0.1667,171,32,117,22
146,15368845,vermelho,azul,heuristica,vermelho,0,-3,18,110,120,0.9167,0.3529,794,199,401,194
147,987658780,azul,verde,mcts,azul,0,-3,17,210,120,1.7500,0.1250,4628,2177,2031,420
147,987658780,azul,vermelho,art3miz_0.1,azul,0,-3,17,90,120,0.7500,0.1111,263,73,125,65
147,987658780,azul,azul,heuristica,azul,1,3,17,30,90,0.3333,0.0000,577,67,435,75
148,1140005980,verde,verde,mcts,empate,0,-1,100,90,120,0.7500,0.0000,1974,995,799,180
148,1140005980,verde,vermelho,art3miz_0.1,empate,0,-1,100,120,90,1.3333,0.0000,3403,671,1904,828
148,1140005980,verde,azul,heuristica,empate,0,-1,100,0,0,0.0000,0.4300,2480,0,2480,0
149,2107689852,vermelho,verde,mcts,vermelho,0,-3,20,210,120,1.7500,0.0000,4504,2086,1998,420
149,2107689852,vermelho,vermelho,art3miz_0.1,vermelho,1,3,20,60,90,0.6667,0.0000,289,67,157,65
149,2107689852,vermelho,azul,heuristica,vermelho,0,-3,20,60,120,0.5000,0.0000,409,91,231,87
150,1111585620,azul,verde,mcts,verde,1,3,24,60,60,1.0000,0.0870,1614,384,1110,120
150,1111585620,azul,vermelho,art3miz_0.1,verde,0,-3,24,180,120,1.5000,0.1364,547,156,245,146
150,1111585620,azul,azul,heuristica,verde,0,-3,24,60,120,0.5000,0.0000,368,95,173,100
151,323059078,verde,verde,mcts,azul,0,-3,30,180,120,1.5000,0.0000,4209,1820,2029,360
151,323059078,verde,vermelho,art3miz_0.1,azul,0,-3,30,90,120,0.7500,0.0625,582,121,336,125
151,323059078,verde,azul,heuristica,azul,1,3,30,30,60,0.5000,0.1000,771,32,707,32
152,1505993271,vermelho,verde,mcts,azul,0,-3,14,90,120,0.7500,0.0000,1885,976,729,180
152,1505993271,vermelho,vermelho,art3miz_0.1,azul,0,-3,14,120,120,1.0000,0.0714,319,87,157,75
152,1505993271,vermelho,azul,heuristica,azul,1,3,14,30,0,30.0000,0.0000,426,40,341,45
153,1332249844,azul,verde,mcts,azul,0,-3,43,150,120,1.2500,0.0476,3937,1503,2134,300
153,1332249844,azul,vermelho,art3miz_0.1,azul,0,-3,43,90,120,0.7500,0.0588,562,119,318,125
153,1332249844,azul,azul,heuristica,azul,1,3,43,30,30,1.0000,0.2093,1104,18,1070,16
154,486926662,verde,verde,mcts,azul,0,-3,15,180,120,1.5000,0.0667,3824,1840,1624,360
154,486926662,verde,vermelho,art3miz_0.1,azul,0,-3,15,30,120,0.2500,0.0000,211,45,118,48
154,486926662,verde,azul,heuristica,azul,1,3,15,90,60,1.5000,0.0000,446,59,334,53
155,228384987,vermelho,verde,mcts,verde,1,3,16,30,0,30.0000,0.0667,916,185,671,60
155,228384987,vermelho,vermelho,art3miz_0.1,verde,0,-3,16,100,120,0.8333,0.1333,294,75,151,68
155,228384987,vermelho,azul,heuristica,verde,0,-3,16,90,100,0.9000,0.4000,237,65,111,61
156,1338147426,azul,verde,mcts,azul,0,-3,11,90,120,0.7500,0.0000,1871,956,735,180
156,1338147426,azul,vermelho,art3miz_0.1,azul,0,-3,11,150,120,1.2500,0.1000,410,112,201,97
156,1338147426,azul,azul,heuristica,azul,1,3,11,30,30,1.0000,0.0000,370,52,269,49
157,1701265980,verde,verde,mcts,vermelho,0,-3,9,150,120,1.2500,0.1111,3217,1689,1228,300
157,1701265980,verde,vermelho,art3miz_0.1,vermelho,1,3,9,60,30,2.0000,0.0000,160,49,70,41
157,1701265980,verde,azul,heuristica,vermelho,0,-3,9,60,120,0.5000,0.5000,243,75,97,71
158,2035459300,vermelho,verde,mcts,vermelho,0,-3,18,210,120,1.7500,0.1176,4380,2047,1913,420
158,2035459300,vermelho,vermelho,art3miz_0.1,vermelho,1,3,18,60,90,0.6667,0.0556,326,84,167,75
158,2035459300,vermelho,azul,heuristica,vermelho,0,-3,18,60,120,0.5000,0.0000,336,50,238,48
159,1984052756,azul,verde,mcts,azul,0,-3,22,150,120,1.2500,0.0952,3356,1504,1552,300
159,1984052756,azul,vermelho,art3miz_0.1,azul,0,-3,22,90,120,0.7500,0.2000,260,84,101,75
159,1984052756,azul,azul,heuristica,azul,1,3,22,30,30,1.0000,0.0909,539,18,505,16
160,882379617,verde,verde,mcts,verde,1,3,28,30,0,30.0000,0.0714,1184,147,977,60
160,882379617,verde,vermelho,art3miz_0.1,verde,0,-3,28,90,120,0.7500,0.1000,254,78,101,75
160,882379617,verde,azul,heuristica,verde,0,-3,28,120,120,1.0000,0.0741,924,121,678,125
161,155837609,vermelho,verde,mcts,azul,0,-3,27,90,120,0.7500,0.1429,2854,1405,1209,240
161,155837609,vermelho,vermelho,art3miz_0.1,azul,0,-3,27,150,120,1.2500,0.2222,748,164,440,144
161,155837609,vermelho,azul,heuristica,azul,1,3,27,30,30,1.0000,0.0741,767,70,627,70
162,1949492245,azul,verde,mcts,vermelho,0,-3,13,120,120,1.0000,0.0000,2480,1085,1155,240
162,1949492245,azul,vermelho,art3miz_0.1,vermelho,1,3,13,30,0,30.0000,0.0000,61,2,59,0
162,1949492245,azul,azul,heuristica,vermelho,0,-3,13,90,120,0.7500,0.0000,515,130,264,121
163,1206746855,verde,verde,mcts,azul,0,-3,15,60,120,0.5000,0.0000,2146,1217,749,180
163,1206746855,verde,vermelho,art3miz_0.1,azul,0,-3,15,130,120,1.0833,0.0667,594,241,203,150
163,1206746855,verde,azul,heuristica,azul,1,3,15,90,40,2.2500,0.4667,659,185,333,141
164,383512830,vermelho,verde,mcts,azul,0,-3,8,80,110,0.7273,0.2000,1911,1010,721,180
164,383512830,vermelho,vermelho,art3miz_0.1,azul,0,-3,8,110,110,1.0000,0.1250,270,78,125,67
164,383512830,vermelho,azul,heuristica,azul,1,3,8,30,0,30.0000,0.0000,251,42,170,39
165,1238779790,azul,verde,mcts,verde,1,3,44,60,60,1.0000,0.0000,1803,305,1378,120
165,1238779790,azul,vermelho,art3miz_0.1,verde,0,-3,44,60,120,0.5000,0.0000,322,89,152,81
165,1238779790,azul,azul,heuristica,verde,0,-3,44,180,120,1.5000,0.0233,1369,189,994,186
166,457092375,verde,verde,mcts,verde,1,3,16,30,0,30.0000,0.0000,900,169,671,60
166,457092375,verde,vermelho,art3miz_0.1,verde,0,-3,16,120,120,1.0000,0.0000,359,92,183,84
166,457092375,verde,azul,heuristica,verde,0,-3,16,90,120,0.7500,0.3750,388,99,195,94
167,1059044347,vermelho,verde,mcts,azul,0,-3,14,150,120,1.2500,0.0000,3935,1878,1697,360
167,1059044347,vermelho,vermelho,art3miz_0.1,azul,0,-3,14,90,120,0.7500,0.0000,359,102,157,100
167,1059044347,vermelho,azul,heuristica,azul,1,3,14,30,30,1.0000,0.0000,581,123,333,125
168,281457202,azul,verde,mcts,verde,1,3,10,30,30,1.0000,0.0000,723,126,537,60
168,281457202,azul,vermelho,art3miz_0.1,verde,0,-3,10,90,110,0.8182,0.2000,257,80,103,74
168,281457202,azul,azul,heuristica,verde,0,-3,10,140,120,1.1667,0.1111,473,129,222,122
169,1239046820,verde,verde,mcts,azul,0,-3,15,150,120,1.2500,0.0000,3169,1532,1337,300
169,1239046820,verde,vermelho,art3miz_0.1,azul,0,-3,15,90,120,0.7500,0.0000,243,81,89,73
169,1239046820,verde,azul,heuristica,azul,1,3,15,30,30,1.0000,0.0000,394,18,360,16
170,461995623,vermelho,verde,mcts,empate,0,-1,100,0,0,0.0000,0.4040,2522,0,2522,0
170,461995623,vermelho,vermelho,art3miz_0.1,empate,0,-1,100,0,0,0.0000,0.0000,1744,49,1695,0
170,461995623,vermelho,azul,heuristica,empate,0,-1,100,0,0,0.0000,0.0000,2010,50,1960,0
171,1520527385,azul,verde,mcts,verde,1,3,28,30,30,1.0000,0.0000,1127,102,965,60
171,1520527385,azul,vermelho,art3miz_0.1,verde,0,-3,28,90,100,0.9000,0.1765,355,78,205,72
171,1520527385,azul,azul,heuristica,verde,0,-3,28,130,120,1.0833,0.2963,896,144,616,136
172,681314169,verde,verde,mcts,verde,1,3,18,30,30,1.0000,0.2222,1003,176,767,60
172,681314169,verde,vermelho,art3miz_0.1,verde,0,-3,18,90,120,0.7500,0.1250,365,108,157,100
172,681314169,verde,azul,heuristica,verde,0,-3,18,150,120,1.2500,0.0000,779,174,430,175
173,1151681641,vermelho,verde,mcts,vermelho,0,-3,16,180,100,1.8000,0.6667,4125,2345,1420,360
173,1151681641,vermelho,vermelho,art3miz_0.1,vermelho,1,3,16,70,60,1.1667,0.3125,277,82,122,73
173,1151681641,vermelho,azul,heuristica,vermelho,0,-3,16,30,120,0.2500,0.8000,396,95,213,88
174,915322822,azul,verde,mcts,vermelho,0,-3,16,150,120,1.2500,0.0000,5119,2494,2145,480
174,915322822,azul,vermelho,art3miz_0.1,vermelho,1,3,16,90,30,3.0000,0.0000,247,58,139,50
174,915322822,azul,azul,heuristica,vermelho,0,-3,16,30,120,0.2500,0.0833,510,105,305,100
175,1219387384,verde,verde,mcts,empate,0,-1,100,0,0,0.0000,0.0000,2003,50,1953,0
175,1219387384,verde,vermelho,art3miz_0.1,empate,0,-1,100,0,0,0.0000,0.0000,1975,51,1924,0
175,1219387384,verde,azul,heuristica,empate,0,-1,100,0,0,0.0000,0.4900,1970,0,1970,0
176,669132441,vermelho,verde,mcts,azul,0,-3,26,210,120,1.7500,0.1200,4809,2178,2211,420
176,669132441,vermelho,vermelho,art3miz_0.1,azul,0,-3,26,90,120,0.7500,0.0000,261,83,104,74
176,669132441,vermelho,azul,heuristica,azul,1,3,26,30,90,0.3333,0.1154,751,71,608,72
177,1538008631,azul,verde,mcts,azul,0,-3,19,180,120,1.5000,0.0000,3896,1811,1725,360
177,1538008631,azul,vermelho,art3miz_0.1,azul,0,-3,19,60,120,0.5000,0.0000,264,82,107,75
177,1538008631,azul,azul,heuristica,azul,1,3,19,60,60,1.0000,0.0000,495,36,427,32
178,557466564,verde,verde,mcts,azul,0,-3,22,210,120,1.7500,0.0455,4598,2203,1975,420
178,557466564,verde,vermelho,art3miz_0.1,azul,0,-3,22,60,120,0.5000,0.0000,261,77,109,75
178,557466564,verde,azul,heuristica,azul,1,3,22,60,90,0.6667,0.1364,756,121,510,125
179,1498413934,vermelho,verde,mcts,azul,0,-3,13,90,110,0.8182,0.2000,2487,1221,1026,240
179,1498413934,vermelho,vermelho,art3miz_0.1,azul,0,-3,13,110,120,0.9167,0.6154,477,138,216,123
179,1498413934,vermelho,azul,heuristica,azul,1,3,13,30,0,30.0000,0.0000,486,96,315,75
180,542293507,azul,verde,mcts,verde,1,3,15,30,0,30.0000,0.1429,807,94,653,60
180,542293507,azul,vermelho,art3miz_0.1,verde,0,-3,15,90,110,0.8182,0.1667,263,81,107,75
180,542293507,azul,azul,heuristica,verde,0,-3,15,110,120,0.9167,0.2857,631,150,336,145
181,1371703114,verde,verde,mcts,vermelho,0,-3,24,90,120,0.7500,0.0000,2694,1316,1138,240
181,1371703114,verde,vermelho,art3miz_0.1,vermelho,1,3,24,30,30,1.0000,0.0000,213,28,160,25
181,1371703114,verde,azul,heuristica,vermelho,0,-3,24,150,120,1.2500,0.0870,695,101,503,91
182,117727943,vermelho,verde,mcts,verde,1,3,8,30,0,30.0000,0.0000,737,197,480,60
182,117727943,vermelho,vermelho,art3miz_0.1,verde,0,-3,8,90,120,0.7500,0.0000,263,81,107,75
182,117727943,vermelho,azul,heuristica,verde,0,-3,8,120,120,1.0000,0.0000,380,106,174,100
183,603806591,azul,verde,mcts,empate,0,-1,100,0,0,0.0000,0.0202,2499,0,2499,0
183,603806591,azul,vermelho,art3miz_0.1,empate,0,-1,100,0,0,0.0000,0.0000,2078,48,2030,0
183,603806591,azul,azul,heuristica,empate,0,-1,100,0,0,0.0000,0.0000,2027,49,1978,0
184,699897077,verde,verde,mcts,vermelho,0,-3,27,120,120,1.0000,0.0000,3632,2178,1214,240
184,699897077,verde,vermelho,art3miz_0.1,vermelho,1,3,27,90,60,1.5000,0.0000,574,126,366,82
184,699897077,verde,azul,heuristica,vermelho,0,-3,27,90,120,0.7500,0.0000,628,84,477,67
185,519069263,vermelho,verde,mcts,verde,1,3,13,30,30,1.0000,0.0000,787,118,609,60
185,519069263,vermelho,vermelho,art3miz_0.1,verde,0,-3,13,150,120,1.2500,0.0833,380,109,171,100
185,519069263,vermelho,azul,heuristica,verde,0,-3,13,90,120,0.7500,0.0000,255,79,101,75
186,1300684724,azul,verde,mcts,azul,0,-3,9,120,120,1.0000,0.0000,2441,1088,1113,240
186,1300684724,azul,vermelho,art3miz_0.1,azul,0,-3,9,90,120,0.7500,0.2000,239,83,82,74
186,1300684724,azul,azul,heuristica,azul,1,3,9,30,0,30.0000,0.0000,282,27,230,25
187,1520408512,verde,verde,mcts,azul,0,-3,24,120,120,1.0000,0.0833,3499,1569,1630,300
187,1520408512,verde,vermelho,art3miz_0.1,azul,0,-3,24,90,120,0.7500,0.0000,352,84,193,75
187,1520408512,verde,azul,heuristica,azul,1,3,24,30,0,30.0000,0.0000,603,29,542,32
188,1385646527,vermelho,verde,mcts,verde,1,3,18,30,0,30.0000,0.0000,1020,228,732,60
188,1385646527,vermelho,vermelho,art3miz_0.1,verde,0,-3,18,90,110,0.8182,0.3750,341,106,135,100
188,1385646527,vermelho,azul,heuristica,verde,0,-3,18,110,120,0.9167,0.1765,687,132,430,125
189,1017835355,azul,verde,mcts,empate,0,-1,100,0,0,0.0000,0.4949,1789,49,1740,0
189,1017835355,azul,vermelho,art3miz_0.1,empate,0,-1,100,0,0,0.0000,0.0000,1598,50,1548,0
189,1017835355,azul,azul,heuristica,empate,0,-1,100,0,0,0.0000,0.4700,2438,0,2438,0
190,1799545139,verde,verde,mcts,empate,0,-1,100,120,90,1.3333,0.0000,4197,1083,2874,240
190,1799545139,verde,vermelho,art3miz_0.1,empate,0,-1,100,90,120,0.7500,0.0000,288,98,99,91
190,1799545139,verde,azul,heuristica,empate,0,-1,100,0,0,0.0000,0.0000,1630,0,1630,0
191,129883519,vermelho,verde,mcts,verde,1,3,22,180,60,3.0000,0.1429,6025,3552,2053,420
191,129883519,vermelho,vermelho,art3miz_0.1,verde,0,-3,22,90,120,0.7500,0.2941,424,113,214,97
191,129883519,vermelho,azul,heuristica,verde,0,-3,22,30,120,0.2500,0.5238,810,193,465,152
192,1102580056,azul,verde,mcts,verde,1,3,25,30,0,30.0000,0.0417,1103,152,891,60
192,1102580056,azul,vermelho,art3miz_0.1,verde,0,-3,25,90,120,0.7500,0.1111,295,82,138,75
192,1102580056,azul,azul,heuristica,verde,0,-3,25,120,120,1.0000,0.0417,814,107,607,100
193,1554659575,verde,verde,mcts,azul,0,-3,12,150,120,1.2500,0.0000,3182,1514,1368,300
193,1554659575,verde,vermelho,art3miz_0.1,azul,0,-3,12,90,120,0.7500,0.0000,233,79,83,71
193,1554659575,verde,azul,heuristica,azul,1,3,12,30,30,1.0000,0.0000,344,27,292,25
194,1156300410,vermelho,verde,mcts,azul,0,-3,19,180,120,1.5000,0.0000,4451,1994,2037,420
194,1156300410,vermelho,vermelho,art3miz_0.1,azul,0,-3,19,90,120,0.7500,0.1667,310,106,106,98
194,1156300410,vermelho,azul,heuristica,azul,1,3,19,30,60,0.5000,0.0000,500,32,436,32
195,529621933,azul,verde,mcts,azul,0,-3,42,150,120,1.2500,0.1220,4471,1899,2212,360
195,529621933,azul,vermelho,art3miz_0.1,azul,0,-3,42,60,120,0.5000,0.0870,377,84,218,75
195,529621933,azul,azul,heuristica,azul,1,3,42,60,30,2.0000,0.0238,1124,82,956,86
196,1734993955,verde,verde,mcts,verde,1,3,9,30,0,30.0000,0.0000,791,197,534,60
196,1734993955,verde,vermelho,art3miz_0.1,verde,0,-3,9,90,120,0.7500,0.0000,238,80,83,75
196,1734993955,verde,azul,heuristica,verde,0,-3,9,120,120,1.0000,0.1250,448,127,196,125
197,178452452,vermelho,verde,mcts,azul,0,-3,36,120,120,1.0000,0.0286,3041,1107,1694,240
197,178452452,vermelho,vermelho,art3miz_0.1,azul,0,-3,36,90,120,0.7500,0.0000,273,82,118,73
197,178452452,vermelho,azul,heuristica,azul,1,3,36,30,0,30.0000,0.0278,769,18,735,16
198,521402375,azul,verde,mcts,verde,1,3,29,230,90,2.5556,0.2143,5266,2262,2524,480
198,521402375,azul,vermelho,art3miz_0.1,verde,0,-3,29,30,110,0.2727,0.2222,404,79,252,73
198,521402375,azul,azul,heuristica,verde,0,-3,29,60,120,0.5000,0.1429,327,76,176,75
199,105700785,verde,verde,mcts,vermelho,0,-3,15,150,110,1.3636,0.2667,3327,1621,1406,300
199,105700785,verde,vermelho,art3miz_0.1,vermelho,1,3,15,50,30,1.6667,0.0667,295,62,183,50
199,105700785,verde,azul,heuristica,vermelho,0,-3,15,60,120,0.5000,0.1111,454,135,205,114
200,2008931110,vermelho,verde,mcts,empate,0,-1,100,0,0,0.0000,0.0000,2526,0,2526,0
200,2008931110,vermelho,vermelho,art3miz_0.1,empate,0,-1,100,0,0,0.0000,0.0000,2126,48,2078,0
200,2008931110,vermelho,azul,heuristica,empate,0,-1,100,0,0,0.0000,0.0000,2073,50,2023,0
201,1342046878,azul,verde,mcts,empate,0,-1,100,0,0,0.0000,0.0000,2408,2,2406,0
201,1342046878,azul,vermelho,art3miz_0.1,empate,0,-1,100,0,0,0.0000,0.0000,4207,1152,1997,1058
201,1342046878,azul,azul,heuristica,empate,0,-1,100,0,0,0.0000,0.0000,2501,0,2501,0
202,953152536,verde,verde,mcts,azul,0,-3,13,150,120,1.2500,0.0000,4008,1915,1733,360
202,953152536,verde,vermelho,art3miz_0.1,azul,0,-3,13,90,120,0.7500,0.0000,238,80,87,71
202,953152536,verde,azul,heuristica,azul,1,3,13,30,30,1.0000,0.1538,370,26,319,25
203,1936411928,vermelho,verde,mcts,vermelho,0,-3,16,180,120,1.5000,0.0000,3791,1813,1618,360
203,1936411928,vermelho,vermelho,art3miz_0.1,vermelho,1,3,16,60,60,1.0000,0.1250,248,57,141,50
203,1936411928,vermelho,azul,heuristica,vermelho,0,-3,16,60,120,0.5000,0.1111,331,71,192,68
204,1166957166,azul,verde,mcts,vermelho,0,-3,16,160,120,1.3333,0.2667,4856,2624,1812,420
204,1166957166,azul,vermelho,art3miz_0.1,vermelho,1,3,16,120,60,2.0000,0.2000,340,87,178,75
204,1166957166,azul,azul,heuristica,vermelho,0,-3,16,0,100,0.0000,0.6250,393,92,201,100
205,1693299176,verde,verde,mcts,verde,1,3,26,30,40,0.7500,0.1154,2122,401,1541,180
205,1693299176,verde,vermelho,art3miz_0.1,verde,0,-3,26,160,120,1.3333,0.1600,496,137,235,124
205,1693299176,verde,azul,heuristica,verde,0,-3,26,90,120,0.7500,0.0000,306,79,152,75
206,1869436229,vermelho,verde,mcts,vermelho,0,-3,10,180,120,1.5000,0.5556,4403,2239,1744,420
206,1869436229,vermelho,vermelho,art3miz_0.1,vermelho,1,3,10,90,60,1.5000,0.2000,261,84,102,75
206,1869436229,vermelho,azul,heuristica,vermelho,0,-3,10,30,120,0.2500,0.2000,278,78,125,75
207,145879472,azul,verde,mcts,empate,0,-1,100,120,90,1.3333,0.0000,4332,1098,2994,240
207,145879472,azul,vermelho,art3miz_0.1,empate,0,-1,100,90,120,0.7500,0.0000,289,81,136,72
207,145879472,azul,azul,heuristica,empate,0,-1,100,0,0,0.0000,0.0100,1832,69,1740,23
208,149114399,verde,verde,mcts,vermelho,0,-3,11,120,120,1.0000,0.0000,2490,1080,1170,240
208,149114399,verde,vermelho,art3miz_0.1,vermelho,1,3,11,30,0,30.0000,0.0000,86,3,83,0
208,149114399,verde,azul,heuristica,vermelho,0,-3,11,90,120,0.7500,0.0000,376,79,224,73
209,1683453032,vermelho,verde,mcts,empate,0,-1,100,0,0,0.0000,0.0000,2280,0,2280,0
209,1683453032,vermelho,vermelho,art3miz_0.1,empate,0,-1,100,0,0,0.0000,0.0200,1113,50,1063,0
209,1683453032,vermelho,azul,heuristica,empate,0,-1,100,0,0,0.0000,0.0000,1524,49,1475,0
210,1180105192,azul,verde,mcts,vermelho,0,-3,16,150,120,1.2500,0.0000,3213,1576,1337,300
210,1180105192,azul,vermelho,art3miz_0.1,vermelho,1,3,16,60,30,2.0000,0.0000,186,46,102,38
210,1180105192,azul,azul,heuristica,vermelho,0,-3,16,60,120,0.5000,0.0000,408,79,257,72
211,706502710,verde,verde,mcts,azul,0,-3,25,180,120,1.5000,0.1200,4095,1861,1874,360
211,706502710,verde,vermelho,art3miz_0.1,azul,0,-3,25,60,120,0.5000,0.1667,265,82,108,75
211,706502710,verde,azul,heuristica,azul,1,3,25,60,60,1.0000,0.1200,742,65,608,69
212,1552000050,vermelho,verde,mcts,azul,0,-3,29,140,120,1.1667,0.1786,3586,1571,1715,300
212,1552000050,vermelho,vermelho,art3miz_0.1,azul,0,-3,29,60,110,0.5455,0.3000,278,84,119,75
212,1552000050,vermelho,azul,heuristica,azul,1,3,29,60,30,2.0000,0.0000,705,36,637,32
213,1627387955,azul,verde,mcts,empate,0,-1,100,0,0,0.0000,0.0000,2088,39,2049,0
213,1627387955,azul,vermelho,art3miz_0.1,empate,0,-1,100,90,120,0.7500,0.0000,226,66,101,59
213,1627387955,azul,azul,heuristica,empate,0,-1,100,120,90,1.3333,0.0100,2120,127,1910,83
214,692168545,verde,verde,mcts,azul,0,-3,25,120,120,1.0000,0.0000,4695,2603,1732,360
214,692168545,verde,vermelho,art3miz_0.1,azul,0,-3,25,120,120,1.0000,0.0000,623,214,284,125
214,692168545,verde,azul,heuristica,azul,1,3,25,60,60,1.0000,0.0000,910,145,601,164
215,1117255669,vermelho,verde,mcts,empate,0,-1,100,0,0,0.0000,0.0000,2556,0,2556,0
215,1117255669,vermelho,vermelho,art3miz_0.1,empate,0,-1,100,80,110,0.7273,0.2667,436,108,229,99
215,1117255669,vermelho,azul,heuristica,empate,0,-1,100,110,80,1.3750,0.0600,3806,850,2031,925
216,1291571188,azul,verde,mcts,verde,1,3,27,30,0,30.0000,0.0000,1049,83,906,60
216,1291571188,azul,vermelho,art3miz_0.1,verde,0,-3,27,90,120,0.7500,0.0000,203,65,79,59
216,1291571188,azul,azul,heuristica,verde,0,-3,27,120,120,1.0000,0.0385,761,90,589,82
217,1835059891,verde,verde,mcts,verde,1,3,11,30,30,1.0000,0.0000,774,126,588,60
217,1835059891,verde,vermelho,art3miz_0.1,verde,0,-3,11,90,120,0.7500,0.0000,263,78,111,74
217,1835059891,verde,azul,heuristica,verde,0,-3,11,150,120,1.2500,0.1000,539,145,248,146
218,770527005,vermelho,verde,mcts,verde,1,3,23,210,70,3.0000,0.2273,5933,2877,2516,540
218,770527005,vermelho,vermelho,art3miz_0.1,verde,0,-3,23,70,100,0.7000,0.5000,322,110,113,99
218,770527005,vermelho,azul,heuristica,verde,0,-3,23,0,110,0.0000,0.1364,615,50,509,56
219,1839775962,azul,verde,mcts,vermelho,0,-3,12,180,120,1.5000,0.0000,3797,1902,1535,360
219,1839775962,azul,vermelho,art3miz_0.1,vermelho,1,3,12,90,60,1.5000,0.0000,287,85,127,75
219,1839775962,azul,azul,heuristica,vermelho,0,-3,12,30,120,0.2500,0.0000,372,96,176,100
220,786723664,verde,verde,mcts,empate,0,-1,100,90,120,0.7500,0.0000,2514,1218,1056,240
220,786723664,verde,vermelho,art3miz_0.1,empate,0,-1,100,120,90,1.3333,0.0300,3693,956,1709,1028
220,786723664,verde,azul,heuristica,empate,0,-1,100,0,0,0.0000,0.0200,2580,0,2580,0
221,1984655043,vermelho,verde,mcts,empate,0,-1,100,120,60,2.0000,0.0000,4084,1067,2777,240
221,1984655043,vermelho,vermelho,art3miz_0.1,empate,0,-1,100,0,0,0.0000,0.0100,1468,0,1468,0
221,1984655043,vermelho,azul,heuristica,empate,0,-1,100,60,120,0.5000,0.0000,307,80,152,75
222,2038087983,azul,verde,mcts,vermelho,0,-3,30,180,120,1.5000,0.0345,4279,1895,2024,360
222,2038087983,azul,vermelho,art3miz_0.1,vermelho,1,3,30,60,60,1.0000,0.0000,462,75,312,75
222,2038087983,azul,azul,heuristica,vermelho,0,-3,30,60,120,0.5000,0.0000,356,105,151,100
223,24191029,verde,verde,mcts,azul,0,-3,23,150,120,1.2500,0.0870,4179,1958,1861,360
223,24191029,verde,vermelho,art3miz_0.1,azul,0,-3,23,90,120,0.7500,0.1538,421,84,262,75
223,24191029,verde,azul,heuristica,azul,1,3,23,30,30,1.0000,0.0000,632,25,583,24
224,1641540538,vermelho,verde,mcts,verde,1,3,11,30,0,30.0000,0.1000,840,225,555,60
224,1641540538,vermelho,vermelho,art3miz_0.1,verde,0,-3,11,90,120,0.7500,0.0000,260,79,109,72
224,1641540538,vermelho,azul,heuristica,verde,0,-3,11,120,120,1.0000,0.0000,428,99,237,92
225,951702792,azul,verde,mcts,vermelho,0,-3,11,150,120,1.2500,0.0000,3164,1533,1331,300
225,951702792,azul,vermelho,art3miz_0.1,vermelho,1,3,11,30,30,1.0000,0.1000,106,26,57,23
225,951702792,azul,azul,heuristica,vermelho,0,-3,11,90,120,0.7500,0.0000,353,102,151,100
226,675296008,verde,verde,mcts,azul,0,-3,35,150,120,1.2500,0.0000,4365,1896,2109,360
226,675296008,verde,vermelho,art3miz_0.1,azul,0,-3,35,90,120,0.7500,0.0000,1232,339,596,297
226,675296008,verde,azul,heuristica,azul,1,3,35,30,30,1.0000,0.0571,1089,119,845,125
227,559324355,vermelho,verde,mcts,vermelho,0,-3,24,180,120,1.5000,0.0435,4117,1910,1847,360
227,559324355,vermelho,vermelho,art3miz_0.1,vermelho,1,3,24,90,60,1.5000,0.0417,314,85,155,74
227,559324355,vermelho,azul,heuristica,vermelho,0,-3,24,30,120,0.2500,0.0000,372,96,176,100
228,981530121,azul,verde,mcts,azul,0,-3,22,180,120,1.5000,0.1429,3914,1823,1731,360
228,981530121,azul,vermelho,art3miz_0.1,azul,0,-3,22,60,120,0.5000,0.1250,264,75,120,69
228,981530121,azul,azul,heuristica,azul,1,3,22,60,60,1.0000,0.0000,721,97,520,104
229,1656250677,verde,verde,mcts,verde,1,3,15,210,0,210.0000,0.0000,5694,2762,2452,480
229,1656250677,verde,vermelho,art3miz_0.1,verde,0,-3,15,0,120,0.0000,0.4444,244,54,140,50
229,1656250677,verde,azul,heuristica,verde,0,-3,15,30,120,0.2500,0.4286,619,143,335,141
230,207735304,vermelho,verde,mcts,verde,1,3,30,30,0,30.0000,0.0690,1233,181,992,60
230,207735304,vermelho,vermelho,art3miz_0.1,verde,0,-3,30,90,120,0.7500,0.0000,260,78,107,75
230,207735304,vermelho,azul,heuristica,verde,0,-3,30,120,120,1.0000,0.0345,979,135,703,141
231,989711541,azul,verde,mcts,azul,0,-3,12,110,120,0.9167,0.0909,2484,1132,1112,240
231,989711541,azul,vermelho,art3miz_0.1,azul,0,-3,12,90,110,0.8182,0.1000,376,111,165,100
231,989711541,azul,azul,heuristica,azul,1,3,12,30,0,30.0000,0.0833,374,40,284,50
232,1444584449,verde,verde,mcts,verde,1,3,17,240,90,2.6667,0.1176,5064,2220,2364,480
232,1444584449,verde,vermelho,art3miz_0.1,verde,0,-3,17,60,120,0.5000,0.2000,261,82,104,75
232,1444584449,verde,azul,heuristica,verde,0,-3,17,30,120,0.2500,0.1875,545,67,403,75
233,594435942,vermelho,verde,mcts,azul,0,-3,32,180,120,1.5000,0.0968,4245,1865,2020,360
233,594435942,vermelho,vermelho,art3miz_0.1,azul,0,-3,32,30,120,0.2500,0.1667,256,73,108,75
233,594435942,vermelho,azul,heuristica,azul,1,3,32,90,60,1.5000,0.0313,759,53,658,48
234,1488348715,azul,verde,mcts,verde,1,3,17,30,0,30.0000,0.1875,973,194,719,60
234,1488348715,azul,vermelho,art3miz_0.1,verde,0,-3,17,80,120,0.6667,0.2500,421,108,214,99
234,1488348715,azul,azul,heuristica,verde,0,-3,17,120,110,1.0909,0.1250,659,131,404,124
235,15411380,verde,verde,mcts,verde,1,3,20,60,60,1.0000,0.0500,1438,304,1014,120
235,15411380,verde,vermelho,art3miz_0.1,verde,0,-3,20,60,120,0.5000,0.0000,254,78,105,71
235,15411380,verde,azul,heuristica,verde,0,-3,20,180,120,1.5000,0.1579,702,132,446,124
236,893382118,vermelho,verde,mcts,verde,1,3,13,30,20,1.5000,0.2500,1252,242,890,120
236,893382118,vermelho,vermelho,art3miz_0.1,verde,0,-3,13,140,120,1.1667,0.0833,375,108,169,98
236,893382118,vermelho,azul,heuristica,verde,0,-3,13,90,120,0.7500,0.0000,333,79,179,75
237,829102571,azul,verde,mcts,vermelho,0,-3,14,150,120,1.2500,0.0769,3347,1632,1415,300
237,829102571,azul,vermelho,art3miz_0.1,vermelho,1,3,14,60,30,2.0000,0.0000,233,56,128,49
237,829102571,azul,azul,heuristica,vermelho,0,-3,14,60,120,0.5000,0.3333,355,104,151,100
238,1104959249,verde,verde,mcts,azul,0,-3,33,180,120,1.5000,0.0000,4273,1832,2081,360
238,1104959249,verde,vermelho,art3miz_0.1,azul,0,-3,33,60,120,0.5000,0.0000,247,78,98,71
238,1104959249,verde,azul,heuristica,azul,1,3,33,60,60,1.0000,0.0303,837,44,753,40
239,436567940,vermelho,verde,mcts,verde,1,3,9,60,0,60.0000,0.0000,1471,621,730,120
239,436567940,vermelho,vermelho,art3miz_0.1,verde,0,-3,9,90,120,0.7500,0.1250,270,75,124,71
239,436567940,vermelho,azul,heuristica,verde,0,-3,9,90,120,0.7500,0.3333,351,107,148,96
240,314003729,azul,verde,mcts,verde,1,3,10,30,0,30.0000,0.0000,764,165,539,60
240,314003729,azul,vermelho,art3miz_0.1,verde,0,-3,10,90,120,0.7500,0.0000,248,78,95,75
240,314003729,azul,azul,heuristica,verde,0,-3,10,120,120,1.0000,0.0000,477,127,225,125
241,334422033,verde,verde,mcts,vermelho,0,-3,16,90,100,0.9000,0.2000,1944,1087,677,180
241,334422033,verde,vermelho,art3miz_0.1,vermelho,1,3,16,30,0,30.0000,0.0625,152,28,99,25
241,334422033,verde,azul,heuristica,vermelho,0,-3,16,100,120,0.8333,0.2667,556,101,361,94
242,251380444,vermelho,verde,mcts,vermelho,0,-3,13,180,120,1.5000,0.0000,4549,2343,1786,420
242,251380444,vermelho,vermelho,art3miz_0.1,vermelho,1,3,13,30,60,0.5000,0.2308,293,67,151,75
242,251380444,vermelho,azul,heuristica,vermelho,0,-3,13,90,120,0.7500,0.0000,373,97,176,100
243,1102806774,azul,verde,mcts,azul,0,-3,46,180,100,1.8000,0.0889,4607,1839,2408,360
243,1102806774,azul,vermelho,art3miz_0.1,azul,0,-3,46,40,120,0.3333,0.2857,237,67,103,67
243,1102806774,azul,azul,heuristica,azul,1,3,46,60,60,1.0000,0.0217,831,68,694,69
244,1761145918,verde,verde,mcts,vermelho,0,-3,15,150,100,1.5000,0.2000,3428,1691,1437,300
244,1761145918,verde,vermelho,art3miz_0.1,vermelho,1,3,15,40,30,1.3333,0.2000,285,58,177,50
244,1761145918,verde,azul,heuristica,vermelho,0,-3,15,60,120,0.5000,0.3333,479,131,223,125
245,1986957636,vermelho,verde,mcts,verde,1,3,26,240,90,2.6667,0.0000,5946,2651,2755,540
245,1986957636,vermelho,vermelho,art3miz_0.1,verde,0,-3,26,60,120,0.5000,0.0714,308,89,141,78
245,1986957636,vermelho,azul,heuristica,verde,0,-3,26,30,120,0.2500,0.1200,845,144,588,113
246,1517405042,azul,verde,mcts,azul,0,-3,14,90,120,0.7500,0.0000,1880,974,726,180
246,1517405042,azul,vermelho,art3miz_0.1,azul,0,-3,14,120,120,1.0000,0.0000,315,86,154,75
246,1517405042,azul,azul,heuristica,azul,1,3,14,30,0,30.0000,0.0000,392,26,341,25
247,286550506,verde,verde,mcts,vermelho,0,-3,16,180,120,1.5000,0.1875,3911,1848,1703,360
247,286550506,verde,vermelho,art3miz_0.1,vermelho,1,3,16,60,60,1.0000,0.0625,272,65,151,56
247,286550506,verde,azul,heuristica,vermelho,0,-3,16,60,120,0.5000,0.1818,396,72,256,68
248,137304799,vermelho,verde,mcts,azul,0,-3,11,210,120,1.7500,0.0000,4389,2124,1845,420
248,137304799,vermelho,vermelho,art3miz_0.1,azul,0,-3,11,60,120,0.5000,0.0000,267,81,111,75
248,137304799,vermelho,azul,heuristica,azul,1,3,11,60,90,0.6667,0.0000,508,119,267,122
249,705417887,azul,verde,mcts,verde,1,3,20,30,0,30.0000,0.0000,999,193,746,60
249,705417887,azul,vermelho,art3miz_0.1,verde,0,-3,20,90,120,0.7500,0.0000,262,81,106,75
249,705417887,azul,azul,heuristica,verde,0,-3,20,120,120,1.0000,0.0526,698,122,460,116
250,726116545,verde,verde,mcts,verde,1,3,15,150,90,1.6667,0.1333,3580,1797,1483,300
250,726116545,verde,vermelho,art3miz_0.1,verde,0,-3,15,60,120,0.5000,0.0833,251,78,125,48
250,726116545,verde,azul,heuristica,verde,0,-3,15,120,120,1.0000,0.0714,567,141,314,112
251,1291141008,vermelho,verde,mcts,azul,0,-3,26,180,120,1.5000,0.0800,4808,2216,2172,420
251,1291141008,vermelho,vermelho,art3miz_0.1,azul,0,-3,26,60,120,0.5000,0.2222,303,79,150,74
251,1291141008,vermelho,azul,heuristica,azul,1,3,26,60,60,1.0000,0.0769,795,102,593,100
252,397193934,azul,verde,mcts,verde,1,3,41,30,0,30.0000,0.1250,1526,216,1250,60
252,397193934,azul,vermelho,art3miz_0.1,verde,0,-3,41,90,120,0.7500,0.0000,301,79,148,74
252,397193934,azul,azul,heuristica,verde,0,-3,41,120,120,1.0000,0.0000,1109,119,877,113
253,214387698,verde,verde,mcts,empate,0,-1,100,120,60,2.0000,0.0200,4146,1125,2781,240
253,214387698,verde,vermelho,art3miz_0.1,empate,0,-1,100,0,0,0.0000,0.0000,1353,39,1314,0
253,214387698,verde,azul,heuristica,empate,0,-1,100,60,120,0.5000,0.0000,407,50,309,48
254,2132358912,vermelho,verde,mcts,azul,0,-3,21,180,120,1.5000,0.0000,3940,1885,1695,360
254,2132358912,vermelho,vermelho,art3miz_0.1,azul,0,-3,21,60,120,0.5000,0.0000,274,81,121,72
254,2132358912,vermelho,azul,heuristica,azul,1,3,21,60,60,1.0000,0.0476,619,53,517,49
255,58356795,azul,verde,mcts,vermelho,0,-3,19,60,110,0.5455,0.2000,2133,1311,642,180
255,58356795,azul,vermelho,art3miz_0.1,vermelho,1,3,19,60,60,1.0000,0.0000,208,43,128,37
255,58356795,azul,azul,heuristica,vermelho,0,-3,19,170,120,1.4167,0.2222,816,215,403,198
256,1589790228,verde,verde,mcts,verde,1,3,17,30,30,1.0000,0.1176,854,117,677,60
256,1589790228,verde,vermelho,art3miz_0.1,verde,0,-3,17,150,120,1.2500,0.0000,472,137,210,125
256,1589790228,verde,azul,heuristica,verde,0,-3,17,90,120,0.7500,0.0000,352,101,151,100
257,435970243,vermelho,verde,mcts,vermelho,0,-3,27,150,120,1.2500,0.0769,3435,1495,1640,300
257,435970243,vermelho,vermelho,art3miz_0.1,vermelho,1,3,27,30,30,1.0000,0.0741,488,88,312,88
257,435970243,vermelho,azul,heuristica,vermelho,0,-3,27,90,120,0.7500,0.0000,373,59,261,53
258,1527342900,azul,verde,mcts,vermelho,0,-3,10,150,120,1.2500,0.0000,3889,1944,1585,360
258,1527342900,azul,vermelho,art3miz_0.1,vermelho,1,3,10,30,30,1.0000,0.0000,200,31,144,25
258,1527342900,azul,azul,heuristica,vermelho,0,-3,10,90,120,0.7500,0.0000,324,104,123,97
259,1108040743,verde,verde,mcts,empate,0,-1,100,0,0,0.0000,0.0000,1659,1,1658,0
259,1108040743,verde,vermelho,art3miz_0.1,empate,0,-1,100,0,0,0.0000,0.0000,2336,565,1301,470
259,1108040743,verde,azul,heuristica,empate,0,-1,100,0,0,0.0000,0.0100,2521,0,2521,0
260,1006993171,vermelho,verde,mcts,verde,1,3,13,30,0,30.0000,0.0000,830,194,576,60
260,1006993171,vermelho,vermelho,art3miz_0.1,verde,0,-3,13,90,120,0.7500,0.0000,256,84,97,75
260,1006993171,vermelho,azul,heuristica,verde,0,-3,13,120,120,1.0000,0.0000,532,122,286,124
261,275007496,azul,verde,mcts,verde,1,3,10,30,0,30.0000,0.0000,803,198,545,60
261,275007496,azul,vermelho,art3miz_0.1,verde,0,-3,10,90,120,0.7500,0.0000,260,81,104,75
261,275007496,azul,azul,heuristica,verde,0,-3,10,120,120,1.0000,0.1111,434,106,228,100
262,1290417309,verde,verde,mcts,azul,0,-3,10,90,120,0.7500,0.0000,1894,986,728,180
262,1290417309,verde,vermelho,art3miz_0.1,azul,0,-3,10,120,120,1.0000,0.0000,319,93,146,80
262,1290417309,verde,azul,heuristica,azul,1,3,10,30,0,30.0000,0.0000,285,26,235,24
263,1970741504,vermelho,verde,mcts,azul,0,-3,20,180,120,1.5000,0.0000,3905,1834,1711,360
263,1970741504,vermelho,vermelho,art3miz_0.1,azul,0,-3,20,90,120,0.7500,0.0000,270,85,110,75
263,1970741504,vermelho,azul,heuristica,azul,1,3,20,30,60,0.5000,0.0500,532,32,468,32
264,432544778,azul,verde,mcts,verde,1,3,29,240,90,2.6667,0.0000,5296,2292,2524,480
264,432544778,azul,vermelho,art3miz_0.1,verde,0,-3,29,0,120,0.0000,0.0833,355,76,205,74
264,432544778,azul,azul,heuristica,verde,0,-3,29,90,120,0.7500,0.1429,769,60,656,53
265,1532962704,verde,verde,mcts,azul,0,-3,16,180,120,1.5000,0.1250,4554,2128,2006,420
265,1532962704,verde,vermelho,art3miz_0.1,azul,0,-3,16,60,120,0.5000,0.1111,357,95,162,100
265,1532962704,verde,azul,heuristica,azul,1,3,16,60,60,1.0000,0.0625,499,75,355,69
266,1798660105,vermelho,verde,mcts,azul,0,-3,20,90,120,0.7500,0.1176,2120,963,977,180
266,1798660105,vermelho,vermelho,art3miz_0.1,azul,0,-3,20,120,120,1.0000,0.1500,502,140,262,100
266,1798660105,vermelho,azul,heuristica,azul,1,3,20,30,0,30.0000,0.1000,616,53,513,50
267,358080245,azul,verde,mcts,verde,1,3,14,30,0,30.0000,0.0000,887,195,632,60
267,358080245,azul,vermelho,art3miz_0.1,verde,0,-3,14,120,120,1.0000,0.0000,345,91,171,83
267,358080245,azul,azul,heuristica,verde,0,-3,14,90,120,0.7500,0.0000,340,70,205,65
268,1943115339,verde,verde,mcts,vermelho,0,-3,10,90,120,0.7500,0.0000,1897,984,733,180
268,1943115339,verde,vermelho,art3miz_0.1,vermelho,1,3,10,30,30,1.0000,0.0000,236,82,104,50
268,1943115339,verde,azul,heuristica,vermelho,0,-3,10,150,120,1.2500,0.0000,471,130,222,119
269,477278850,vermelho,verde,mcts,verde,1,3,19,30,0,30.0000,0.1111,1003,193,750,60
269,477278850,vermelho,vermelho,art3miz_0.1,verde,0,-3,19,120,120,1.0000,0.0000,372,97,185,90
269,477278850,vermelho,azul,heuristica,verde,0,-3,19,90,120,0.7500,0.0000,400,103,193,104
270,522803334,azul,verde,mcts,azul,0,-3,21,120,120,1.0000,0.0000,2716,1086,1390,240
270,522803334,azul,vermelho,art3miz_0.1,azul,0,-3,21,90,120,0.7500,0.0000,238,83,82,73
270,522803334,azul,azul,heuristica,azul,1,3,21,30,0,30.0000,0.0476,547,29,486,32
271,1159399617,verde,verde,mcts,empate,0,-1,100,120,90,1.3333,0.0000,4065,1139,2686,240
271,1159399617,verde,vermelho,art3miz_0.1,empate,0,-1,100,90,120,0.7500,0.0000,374,107,174,93
271,1159399617,verde,azul,heuristica,empate,0,-1,100,0,0,0.0000,0.0000,1391,52,1339,0
272,1955071387,vermelho,verde,mcts,azul,0,-3,32,120,120,1.0000,0.0000,2998,1067,1691,240
272,1955071387,vermelho,vermelho,art3miz_0.1,azul,0,-3,32,90,120,0.7500,0.0000,291,84,132,75
272,1955071387,vermelho,azul,heuristica,azul,1,3,32,30,0,30.0000,0.0313,611,17,578,16
273,2082054462,azul,verde,mcts,vermelho,0,-3,17,90,120,0.7500,0.0000,2597,1427,930,240
273,2082054462,azul,vermelho,art3miz_0.1,vermelho,1,3,17,30,0,30.0000,0.0000,162,29,108,25
273,2082054462,azul,azul,heuristica,vermelho,0,-3,17,120,120,1.0000,0.0000,653,123,405,125
274,616255602,verde,verde,mcts,verde,1,3,29,240,90,2.6667,0.0000,5363,2296,2587,480
274,616255602,verde,vermelho,art3miz_0.1,verde,0,-3,29,60,120,0.5000,0.0000,602,120,396,86
274,616255602,verde,azul,heuristica,verde,0,-3,29,30,120,0.2500,0.0000,866,136,601,129
275,330685898,vermelho,verde,mcts,azul,0,-3,15,160,100,1.6000,0.2143,3888,2064,1464,360
275,330685898,vermelho,vermelho,art3miz_0.1,azul,0,-3,15,40,100,0.4000,0.2857,262,82,105,75
275,330685898,vermelho,azul,heuristica,azul,1,3,15,60,60,1.0000,0.0667,413,41,335,37
276,293034207,azul,verde,mcts,verde,1,3,16,30,30,1.0000,0.0667,821,107,654,60
276,293034207,azul,vermelho,art3miz_0.1,verde,0,-3,16,150,120,1.2500,0.0000,400,109,193,98
276,293034207,azul,azul,heuristica,verde,0,-3,16,90,120,0.7500,0.0000,282,80,127,75
277,1726906955,verde,verde,mcts,vermelho,0,-3,24,180,120,1.5000,0.1250,4109,1864,1885,360
277,1726906955,verde,vermelho,art3miz_0.1,vermelho,1,3,24,60,60,1.0000,0.0833,229,56,123,50
277,1726906955,verde,azul,heuristica,vermelho,0,-3,24,60,120,0.5000,0.0714,487,70,343,74
278,652899206,vermelho,verde,mcts,verde,1,3,21,60,30,2.0000,0.0500,2891,997,1654,240
278,652899206,vermelho,vermelho,art3miz_0.1,verde,0,-3,21,130,100,1.3000,0.1500,513,135,256,122
278,652899206,vermelho,azul,heuristica,verde,0,-3,21,40,100,0.4000,0.3750,371,91,186,94
279,1775053101,azul,verde,mcts,vermelho,0,-3,19,120,120,1.0000,0.0000,3145,1300,1545,300
279,1775053101,azul,vermelho,art3miz_0.1,vermelho,1,3,19,30,0,30.0000,0.1111,100,2,98,0
279,1775053101,azul,azul,heuristica,vermelho,0,-3,19,90,120,0.7500,0.0000,402,76,254,72
280,1138206718,verde,verde,mcts,verde,1,3,17,150,30,5.0000,0.1765,4582,2407,1815,360
280,1138206718,verde,vermelho,art3miz_0.1,verde,0,-3,17,30,120,0.2500,0.0833,255,54,151,50
280,1138206718,verde,azul,heuristica,verde,0,-3,17,90,120,0.7500,0.1250,590,107,408,75
281,1154859730,vermelho,verde,mcts,verde,1,3,13,30,0,30.0000,0.0000,874,194,620,60
281,1154859730,vermelho,vermelho,art3miz_0.1,verde,0,-3,13,120,110,1.0909,0.2500,338,94,157,87
281,1154859730,vermelho,azul,heuristica,verde,0,-3,13,80,120,0.6667,0.0000,334,99,141,94
282,1853518004,azul,verde,mcts,azul,0,-3,22,90,100,0.9000,0.4000,1920,1060,680,180
282,1853518004,azul,vermelho,art3miz_0.1,azul,0,-3,22,100,120,0.8333,0.1429,425,76,284,65
282,1853518004,azul,azul,heuristica,azul,1,3,22,30,0,30.0000,0.0000,592,27,540,25
283,556386123,verde,verde,mcts,azul,0,-3,43,180,120,1.5000,0.0233,4488,1825,2303,360
283,556386123,verde,vermelho,art3miz_0.1,azul,0,-3,43,60,120,0.5000,0.0000,389,95,209,85
283,556386123,verde,azul,heuristica,azul,1,3,43,60,60,1.0000,0.0698,1109,75,959,75
284,884053951,vermelho,verde,mcts,vermelho,0,-3,24,90,120,0.7500,0.0000,2844,1369,1235,240
284,884053951,vermelho,vermelho,art3miz_0.1,vermelho,1,3,24,30,0,30.0000,0.1250,216,30,161,25
284,884053951,vermelho,azul,heuristica,vermelho,0,-3,24,120,120,1.0000,0.0870,930,173,582,175
285,1520719184,azul,verde,mcts,verde,1,3,14,30,0,30.0000,0.0000,840,178,602,60
285,1520719184,azul,vermelho,art3miz_0.1,verde,0,-3,14,120,120,1.0000,0.0000,356,106,151,99
285,1520719184,azul,azul,heuristica,verde,0,-3,14,90,120,0.7500,0.0000,356,97,163,96
286,1349709110,verde,verde,mcts,vermelho,0,-3,14,180,120,1.5000,0.0000,3807,1865,1582,360
286,1349709110,verde,vermelho,art3miz_0.1,vermelho,1,3,14,30,60,0.5000,0.0000,214,56,108,50
286,1349709110,verde,azul,heuristica,vermelho,0,-3,14,90,120,0.7500,0.1250,279,59,167,53
287,1449566124,vermelho,verde,mcts,verde,1,3,16,30,0,30.0000,0.0000,810,123,627,60
287,1449566124,vermelho,vermelho,art3miz_0.1,verde,0,-3,16,120,120,1.0000,0.0000,342,85,182,75
287,1449566124,vermelho,azul,heuristica,verde,0,-3,16,90,120,0.7500,0.0000,305,79,151,75
288,546701403,azul,verde,mcts,verde,1,3,18,30,0,30.0000,0.0000,982,180,742,60
288,546701403,azul,vermelho,art3miz_0.1,verde,0,-3,18,120,120,1.0000,0.0625,374,110,165,99
288,546701403,azul,azul,heuristica,verde,0,-3,18,90,120,0.7500,0.0769,314,57,203,54
289,1544369877,verde,verde,mcts,empate,0,-1,100,60,0,60.0000,0.0000,3545,771,2654,120
289,1544369877,verde,vermelho,art3miz_0.1,empate,0,-1,100,0,60,0.0000,0.0100,4340,1189,2051,1100
289,1544369877,verde,azul,heuristica,empate,0,-1,100,0,0,0.0000,0.0000,2183,0,2183,0
290,531010709,vermelho,verde,mcts,vermelho,0,-3,12,210,120,1.7500,0.1818,4346,2044,1882,420
290,531010709,vermelho,vermelho,art3miz_0.1,vermelho,1,3,12,60,90,0.6667,0.0000,372,116,163,93
290,531010709,vermelho,azul,heuristica,vermelho,0,-3,12,60,120,0.5000,0.2857,377,105,172,100
291,53123547,azul,verde,mcts,vermelho,0,-3,12,180,110,1.6364,0.1818,3845,1888,1597,360
291,53123547,azul,vermelho,art3miz_0.1,vermelho,1,3,12,30,60,0.5000,0.3636,202,51,101,50
291,53123547,azul,azul,heuristica,vermelho,0,-3,12,80,120,0.6667,0.1667,287,78,129,80
292,231262719,verde,verde,mcts,verde,1,3,35,30,60,0.5000,0.0857,1703,214,1369,120
292,231262719,verde,vermelho,art3miz_0.1,verde,0,-3,35,90,100,0.9000,0.1364,270,67,141,62
292,231262719,verde,azul,heuristica,verde,0,-3,35,160,120,1.3333,0.1176,1029,134,772,123
293,662711743,vermelho,verde,mcts,azul,0,-3,25,180,120,1.5000,0.0417,4606,2038,2148,420
293,662711743,vermelho,vermelho,art3miz_0.1,azul,0,-3,25,30,120,0.2500,0.2308,355,103,158,94
293,662711743,vermelho,azul,heuristica,azul,1,3,25,90,60,1.5000,0.0000,571,62,453,56
294,842140641,azul,verde,mcts,vermelho,0,-3,13,150,120,1.2500,0.0000,3858,1983,1515,360
294,842140641,azul,vermelho,art3miz_0.1,vermelho,1,3,13,60,30,2.0000,0.0000,208,55,106,47
294,842140641,azul,azul,heuristica,vermelho,0,-3,13,60,120,0.5000,0.1000,371,69,232,70
295,1252927648,verde,verde,mcts,azul,0,-3,25,210,120,1.7500,0.0400,4640,2054,2166,420
295,1252927648,verde,vermelho,art3miz_0.1,azul,0,-3,25,60,120,0.5000,0.2000,309,68,173,68
295,1252927648,verde,azul,heuristica,azul,1,3,25,60,90,0.6667,0.0000,750,69,606,75
296,488546147,vermelho,verde,mcts,azul,0,-3,16,150,120,1.2500,0.0000,3277,1535,1442,300
296,488546147,vermelho,vermelho,art3miz_0.1,azul,0,-3,16,90,120,0.7500,0.0000,234,80,83,71
296,488546147,vermelho,azul,heuristica,azul,1,3,16,30,30,1.0000,0.0625,448,26,399,23
297,1093134130,azul,verde,mcts,azul,0,-3,22,180,120,1.5000,0.0476,4013,1865,1788,360
297,1093134130,azul,vermelho,art3miz_0.1,azul,0,-3,22,60,120,0.5000,0.0000,253,76,105,72
297,1093134130,azul,azul,heuristica,azul,1,3,22,60,60,1.0000,0.0000,606,37,537,32
298,856898793,verde,verde,mcts,verde,1,3,16,30,0,30.0000,0.0625,1599,450,1029,120
298,856898793,verde,vermelho,art3miz_0.1,verde,0,-3,16,90,120,0.7500,0.0000,230,76,83,71
298,856898793,verde,azul,heuristica,verde,0,-3,16,120,120,1.0000,0.0000,606,119,369,118
299,679112036,vermelho,verde,mcts,verde,1,3,22,60,60,1.0000,0.0476,1462,293,1049,120
299,679112036,vermelho,vermelho,art3miz_0.1,verde,0,-3,22,50,100,0.5000,0.2500,464,104,265,95
299,679112036,vermelho,azul,heuristica,verde,0,-3,22,160,110,1.4545,0.1905,807,163,489,155
300,79218301,azul,verde,mcts,azul,0,-3,33,150,120,1.2500,0.0938,3554,1523,1731,300
300,79218301,azul,vermelho,art3miz_0.1,azul,0,-3,33,90,120,0.7500,0.5000,315,95,135,85
300,79218301,azul,azul,heuristica,azul,1,3,33,30,30,1.0000,0.0303,720,34,654,32
301,1425715911,verde,verde,mcts,azul,0,-3,31,180,120,1.5000,0.0000,4296,1913,2023,360
301,1425715911,verde,vermelho,art3miz_0.1,azul,0,-3,31,90,120,0.7500,0.0000,291,78,146,67
301,1425715911,verde,azul,heuristica,azul,1,3,31,30,60,0.5000,0.0968,775,49,676,50
302,324304472,vermelho,verde,mcts,azul,0,-3,34,180,120,1.5000,0.0303,4248,1862,2026,360
302,324304472,vermelho,vermelho,art3miz_0.1,azul,0,-3,34,30,120,0.2500,0.0000,241,56,122,63
302,324304472,vermelho,azul,heuristica,azul,1,3,34,90,60,1.5000,0.0294,918,59,806,53
303,1492864929,azul,verde,mcts,verde,1,3,11,30,30,1.0000,0.1000,699,94,545,60
303,1492864929,azul,vermelho,art3miz_0.1,verde,0,-3,11,150,120,1.2500,0.0000,372,110,162,100
303,1492864929,azul,azul,heuristica,verde,0,-3,11,90,120,0.7500,0.0000,279,79,125,75
304,1121729027,verde,verde,mcts,verde,1,3,19,240,90,2.6667,0.0000,5083,2226,2377,480
304,1121729027,verde,vermelho,art3miz_0.1,verde,0,-3,19,30,120,0.2500,0.1111,320,78,167,75
304,1121729027,verde,azul,heuristica,verde,0,-3,19,60,120,0.5000,0.0000,220,64,98,58
305,329186859,vermelho,verde,mcts,vermelho,0,-3,16,210,120,1.7500,0.0000,4388,2123,1845,420
305,329186859,vermelho,vermelho,art3miz_0.1,vermelho,1,3,16,90,90,1.0000,0.1250,332,85,172,75
305,329186859,vermelho,azul,heuristica,vermelho,0,-3,16,30,120,0.2500,0.0000,297,69,162,66
306,947366636,azul,verde,mcts,azul,0,-3,20,210,120,1.7500,0.0000,4436,2076,1940,420
306,947366636,azul,vermelho,art3miz_0.1,azul,0,-3,20,60,120,0.5000,0.0000,294,67,168,59
306,947366636,azul,azul,heuristica,azul,1,3,20,60,90,0.6667,0.0000,637,76,486,75
307,1818107138,verde,verde,mcts,azul,0,-3,18,150,120,1.2500,0.0000,3348,1512,1536,300
307,1818107138,verde,vermelho,art3miz_0.1,azul,0,-3,18,60,120,0.5000,0.0000,340,106,139,95
307,1818107138,verde,azul,heuristica,azul,1,3,18,60,30,2.0000,0.0556,499,35,432,32
308,635456449,vermelho,verde,mcts,verde,1,3,10,120,30,4.0000,0.1111,2533,994,1299,240
308,635456449,vermelho,vermelho,art3miz_0.1,verde,0,-3,10,30,120,0.2500,0.1429,173,53,70,50
308,635456449,vermelho,azul,heuristica,verde,0,-3,10,120,120,1.0000,0.3333,525,150,225,150
309,1609319578,azul,verde,mcts,verde,1,3,19,30,0,30.0000,0.0556,1034,215,759,60
309,1609319578,azul,vermelho,art3miz_0.1,verde,0,-3,19,120,120,1.0000,0.0588,321,80,166,75
309,1609319578,azul,azul,heuristica,verde,0,-3,19,90,120,0.7500,0.2222,421,101,220,100
310,391903060,verde,verde,mcts,vermelho,0,-3,22,90,120,0.7500,0.0000,2862,1787,895,180
310,391903060,verde,vermelho,art3miz_0.1,vermelho,1,3,22,30,30,1.0000,0.0455,553,119,317,117
310,391903060,verde,azul,heuristica,vermelho,0,-3,22,150,120,1.2500,0.0952,881,201,490,190
311,369162837,vermelho,verde,mcts,verde,1,3,9,30,0,30.0000,0.0000,742,183,499,60
311,369162837,vermelho,vermelho,art3miz_0.1,verde,0,-3,9,100,120,0.8333,0.1250,294,82,137,75
311,369162837,vermelho,azul,heuristica,verde,0,-3,9,90,100,0.9000,0.5000,254,79,100,75
312,40002021,azul,verde,mcts,verde,1,3,22,30,30,1.0000,0.0476,947,95,792,60
312,40002021,azul,vermelho,art3miz_0.1,verde,0,-3,22,90,120,0.7500,0.0000,281,81,127,73
312,40002021,azul,azul,heuristica,verde,0,-3,22,150,120,1.2500,0.0000,742,144,448,150
313,349757038,verde,verde,mcts,empate,0,-1,100,0,0,0.0000,0.0000,2075,0,2075,0
313,349757038,verde,vermelho,art3miz_0.1,empate,0,-1,100,0,30,0.0000,0.0000,1714,69,1626,19
313,349757038,verde,azul,heuristica,empate,0,-1,100,30,0,30.0000,0.0000,1989,29,1935,25
314,1753032231,vermelho,verde,mcts,empate,0,-1,100,120,90,1.3333,0.0303,4125,1073,2812,240
314,1753032231,vermelho,vermelho,art3miz_0.1,empate,0,-1,100,90,120,0.7500,0.0000,286,80,136,70
314,1753032231,vermelho,azul,heuristica,empate,0,-1,100,0,0,0.0000,0.0000,1728,0,1728,0
315,1173196213,azul,verde,mcts,verde,1,3,19,30,0,30.0000,0.0556,918,117,741,60
315,1173196213,azul,vermelho,art3miz_0.1,verde,0,-3,19,120,120,1.0000,0.0000,324,80,169,75
315,1173196213,azul,azul,heuristica,verde,0,-3,19,90,120,0.7500,0.0000,471,101,270,100
316,63142686,verde,verde,mcts,azul,0,-3,11,90,120,0.7500,0.0909,3059,1868,951,240
316,63142686,verde,vermelho,art3miz_0.1,azul,0,-3,11,90,120,0.7500,0.1000,389,120,144,125
316,63142686,verde,azul,heuristica,azul,1,3,11,60,0,60.0000,0.0000,401,80,271,50
317,681300813,vermelho,verde,mcts,azul,0,-3,14,150,120,1.2500,0.0000,3201,1530,1371,300
317,681300813,vermelho,vermelho,art3miz_0.1,azul,0,-3,14,90,120,0.7500,0.1667,246,84,87,75
317,681300813,vermelho,azul,heuristica,azul,1,3,14,30,30,1.0000,0.0000,391,32,327,32
318,506974165,azul,verde,mcts,vermelho,0,-3,19,210,120,1.7500,0.0000,5278,2600,2198,480
318,506974165,azul,vermelho,art3miz_0.1,vermelho,1,3,19,60,90,0.6667,0.0000,547,112,330,105
318,506974165,azul,azul,heuristica,vermelho,0,-3,19,60,120,0.5000,0.0000,422,89,255,78
319,1573761150,verde,verde,mcts,azul,0,-3,21,150,120,1.2500,0.0952,4051,1863,1828,360
319,1573761150,verde,vermelho,art3miz_0.1,azul,0,-3,21,90,120,0.7500,0.0000,343,107,136,100
319,1573761150,verde,azul,heuristica,azul,1,3,21,30,30,1.0000,0.0952,510,28,454,28
320,1937942672,vermelho,verde,mcts,vermelho,0,-3,30,30,120,0.2500,0.0000,2591,1442,909,240
320,1937942672,vermelho,vermelho,art3miz_0.1,vermelho,1,3,30,90,60,1.5000,0.0333,286,54,182,50
320,1937942672,vermelho,azul,heuristica,vermelho,0,-3,30,180,120,1.5000,0.0690,1032,182,676,174
321,2043056792,azul,verde,mcts,vermelho,0,-3,16,90,120,0.7500,0.0000,2037,1008,849,180
321,2043056792,azul,vermelho,art3miz_0.1,vermelho,1,3,16,30,0,30.0000,0.1333,172,30,117,25
321,2043056792,azul,azul,heuristica,vermelho,0,-3,16,120,120,1.0000,0.0667,555,118,331,106
322,1502885451,verde,verde,mcts,empate,0,-1,100,120,60,2.0000,0.0000,4542,1084,3218,240
322,1502885451,verde,vermelho,art3miz_0.1,empate,0,-1,100,0,0,0.0000,0.0000,4376,1229,2042,1105
322,1502885451,verde,azul,heuristica,empate,0,-1,100,60,120,0.5000,0.0000,323,117,137,69
323,1638525914,vermelho,verde,mcts,azul,0,-3,19,180,120,1.5000,0.0000,4060,1889,1811,360
323,1638525914,vermelho,vermelho,art3miz_0.1,azul,0,-3,19,60,120,0.5000,0.0000,262,79,108,75
323,1638525914,vermelho,azul,heuristica,azul,1,3,19,60,60,1.0000,0.0000,504,44,419,41
324,1461675684,azul,verde,mcts,verde,1,3,9,30,0,30.0000,0.2500,796,213,523,60
324,1461675684,azul,vermelho,art3miz_0.1,verde,0,-3,9,90,120,0.7500,0.0000,258,79,104,75
324,1461675684,azul,azul,heuristica,verde,0,-3,9,120,120,1.0000,0.0000,404,105,199,100
325,971720179,verde,verde,mcts,verde,1,3,15,30,0,30.0000,0.0000,939,186,693,60
325,971720179,verde,vermelho,art3miz_0.1,verde,0,-3,15,120,120,1.0000,0.0714,435,127,190,118
325,971720179,verde,azul,heuristica,verde,0,-3,15,90,120,0.7500,0.1250,332,79,180,73
326,566942735,vermelho,verde,mcts,azul,0,-3,13,90,110,0.8182,0.3333,1878,987,711,180
326,566942735,vermelho,vermelho,art3miz_0.1,azul,0,-3,13,110,120,0.9167,0.2308,366,106,167,93
326,566942735,vermelho,azul,heuristica,azul,1,3,13,30,0,30.0000,0.0000,367,26,316,25
327,1508647464,azul,verde,mcts,azul,0,-3,18,60,120,0.5000,0.0714,2367,1318,869,180
327,1508647464,azul,vermelho,art3miz_0.1,azul,0,-3,18,80,110,0.7273,0.1176,634,188,296,150
327,1508647464,azul,azul,heuristica,azul,1,3,18,170,80,2.1250,0.3889,821,212,459,150
328,603781327,verde,verde,mcts,azul,0,-3,16,210,120,1.7500,0.0625,5113,2507,2126,480
328,603781327,verde,vermelho,art3miz_0.1,azul,0,-3,16,90,120,0.7500,0.2500,290,90,117,83
328,603781327,verde,azul,heuristica,azul,1,3,16,30,90,0.3333,0.0000,513,94,321,98
329,1627862180,vermelho,verde,mcts,azul,0,-3,15,90,120,0.7500,0.0000,1935,966,789,180
329,1627862180,vermelho,vermelho,art3miz_0.1,azul,0,-3,15,120,120,1.0000,0.0000,423,127,183,113
329,1627862180,vermelho,azul,heuristica,azul,1,3,15,30,0,30.0000,0.0000,475,44,381,50
330,2108647050,azul,verde,mcts,verde,1,3,47,30,0,30.0000,0.0000,1487,208,1219,60
330,2108647050,azul,vermelho,art3miz_0.1,verde,0,-3,47,110,120,0.9167,0.0667,487,97,300,90
330,2108647050,azul,azul,heuristica,verde,0,-3,47,90,110,0.8182,0.1111,405,95,218,92
331,71850044,verde,verde,mcts,azul,0,-3,17,180,120,1.5000,0.0588,3920,1907,1653,360
331,71850044,verde,vermelho,art3miz_0.1,azul,0,-3,17,60,120,0.5000,0.2857,291,84,132,75
331,71850044,verde,azul,heuristica,azul,1,3,17,60,60,1.0000,0.1176,674,120,429,125
332,87384019,vermelho,verde,mcts,azul,0,-3,17,90,120,0.7500,0.0000,1850,989,681,180
332,87384019,vermelho,vermelho,art3miz_0.1,azul,0,-3,17,150,120,1.2500,0.0588,467,115,245,107
332,87384019,vermelho,azul,heuristica,azul,1,3,17,30,30,1.0000,0.1765,461,24,414,23
333,456098441,azul,verde,mcts,verde,1,3,23,30,30,1.0000,0.0455,1498,258,1120,120
333,456098441,azul,vermelho,art3miz_0.1,verde,0,-3,23,90,120,0.7500,0.1818,326,78,176,72
333,456098441,azul,azul,heuristica,verde,0,-3,23,150,120,1.2500,0.0000,810,154,504,152
334,325496467,verde,verde,mcts,azul,0,-3,15,180,120,1.5000,0.0000,5022,2816,1786,420
334,325496467,verde,vermelho,art3miz_0.1,azul,0,-3,15,90,120,0.7500,0.0000,306,101,117,88
334,325496467,verde,azul,heuristica,azul,1,3,15,30,60,0.5000,0.4000,668,151,367,150
335,1049597105,vermelho,verde,mcts,verde,1,3,15,30,0,30.0000,0.0714,918,194,664,60
335,1049597105,vermelho,vermelho,art3miz_0.1,verde,0,-3,15,120,120,1.0000,0.0714,365,102,168,95
335,1049597105,vermelho,azul,heuristica,verde,0,-3,15,90,120,0.7500,0.0000,420,101,222,97
336,1667655431,azul,verde,mcts,empate,0,-1,100,0,0,0.0000,0.0000,2559,0,2559,0
336,1667655431,azul,vermelho,art3miz_0.1,empate,0,-1,100,0,0,0.0000,0.0000,4289,1176,2032,1081
336,1667655431,azul,azul,heuristica,empate,0,-1,100,0,0,0.0000,0.0100,2447,1,2446,0
337,970802006,verde,verde,mcts,azul,0,-3,15,150,120,1.2500,0.1333,3852,1765,1727,360
337,970802006,verde,vermelho,art3miz_0.1,azul,0,-3,15,90,120,0.7500,0.2500,335,99,136,100
337,970802006,verde,azul,heuristica,azul,1,3,15,30,30,1.0000,0.2000,443,39,367,37
338,1342970439,vermelho,verde,mcts,verde,1,3,26,30,0,30.0000,0.1200,1143,176,907,60
338,1342970439,vermelho,vermelho,art3miz_0.1,verde,0,-3,26,120,120,1.0000,0.0400,485,107,278,100
338,1342970439,vermelho,azul,heuristica,verde,0,-3,26,90,120,0.7500,0.0833,491,103,289,99
339,437208980,azul,verde,mcts,verde,1,3,21,60,30,2.0000,0.2000,1476,331,1025,120
339,437208980,azul,vermelho,art3miz_0.1,verde,0,-3,21,130,110,1.1818,0.2632,454,120,225,109
339,437208980,azul,azul,heuristica,verde,0,-3,21,50,100,0.5000,0.2857,275,62,157,56
340,1192874511,verde,verde,mcts,vermelho,0,-3,15,180,120,1.5000,0.0000,4280,2453,1467,360
340,1192874511,verde,vermelho,art3miz_0.1,vermelho,1,3,15,120,90,1.3333,0.0000,377,137,142,98
340,1192874511,verde,azul,heuristica,vermelho,0,-3,15,30,120,0.2500,0.0000,330,58,216,56
341,766493470,vermelho,verde,mcts,verde,1,3,16,30,30,1.0000,0.0000,825,89,676,60
341,766493470,vermelho,vermelho,art3miz_0.1,verde,0,-3,16,150,120,1.2500,0.0667,458,133,203,122
341,766493470,vermelho,azul,heuristica,verde,0,-3,16,90,120,0.7500,0.1111,431,105,226,100
342,410536207,azul,verde,mcts,verde,1,3,11,30,0,30.0000,0.1000,724,124,540,60
342,410536207,azul,vermelho,art3miz_0.1,verde,0,-3,11,120,120,1.0000,0.0000,297,82,140,75
342,410536207,azul,azul,heuristica,verde,0,-3,11,90,120,0.7500,0.0000,304,79,150,75
343,14153581,verde,verde,mcts,vermelho,0,-3,20,160,120,1.3333,0.1500,4941,2569,1952,420
343,14153581,verde,vermelho,art3miz_0.1,vermelho,1,3,20,90,60,1.5000,0.2000,321,80,166,75
343,14153581,verde,azul,heuristica,vermelho,0,-3,20,30,100,0.3000,0.5000,295,69,151,75
344,307708705,vermelho,verde,mcts,empate,0,-1,100,120,90,1.3333,0.0000,4476,1518,2718,240
344,307708705,vermelho,vermelho,art3miz_0.1,empate,0,-1,100,0,0,0.0000,0.0100,2037,157,1786,94
344,307708705,vermelho,azul,heuristica,empate,0,-1,100,90,120,0.7500,0.0476,726,128,490,108
345,1409996403,azul,verde,mcts,verde,1,3,19,30,0,30.0000,0.0556,962,166,736,60
345,1409996403,azul,vermelho,art3miz_0.1,verde,0,-3,19,90,120,0.7500,0.1667,242,73,100,69
345,1409996403,azul,azul,heuristica,verde,0,-3,19,120,120,1.0000,0.1111,659,114,428,117
346,1737144842,verde,verde,mcts,vermelho,0,-3,17,130,110,1.1818,0.2941,3416,1760,1356,300
346,1737144842,verde,vermelho,art3miz_0.1,vermelho,1,3,17,30,30,1.0000,0.0588,153,28,100,25
346,1737144842,verde,azul,heuristica,vermelho,0,-3,17,80,100,0.8000,0.5000,349,98,151,100
347,924703773,vermelho,verde,mcts,verde,1,3,13,190,60,3.1667,0.4167,5632,2973,2179,480
347,924703773,vermelho,vermelho,art3miz_0.1,verde,0,-3,13,30,120,0.2500,0.1000,219,50,121,48
347,924703773,vermelho,azul,heuristica,verde,0,-3,13,60,100,0.6000,0.2500,643,204,274,165
348,928223588,azul,verde,mcts,verde,1,3,10,30,0,30.0000,0.0000,836,234,542,60
348,928223588,azul,vermelho,art3miz_0.1,verde,0,-3,10,90,120,0.7500,0.0000,235,79,82,74
348,928223588,azul,azul,heuristica,verde,0,-3,10,120,120,1.0000,0.2222,395,96,209,90
349,1182005340,verde,verde,mcts,verde,1,3,17,30,0,30.0000,0.0000,991,187,744,60
349,1182005340,verde,vermelho,art3miz_0.1,verde,0,-3,17,70,100,0.7000,0.2727,320,96,133,91
349,1182005340,verde,azul,heuristica,verde,0,-3,17,100,100,1.0000,0.1875,638,120,396,122
350,86749997,vermelho,verde,mcts,verde,1,3,24,30,0,30.0000,0.0000,981,198,723,60
350,86749997,vermelho,vermelho,art3miz_0.1,verde,0,-3,24,120,120,1.0000,0.0435,396,101,202,93
350,86749997,vermelho,azul,heuristica,verde,0,-3,24,90,120,0.7500,0.0000,370,100,173,97
351,2063477184,azul,verde,mcts,verde,1,3,23,230,90,2.5556,0.0909,6779,3237,2942,600
351,2063477184,azul,vermelho,art3miz_0.1,verde,0,-3,23,90,120,0.7500,0.0526,421,119,192,110
351,2063477184,azul,azul,heuristica,verde,0,-3,23,0,110,0.0000,0.2727,776,92,559,125
352,1520633710,verde,verde,mcts,verde,1,3,22,240,90,2.6667,0.0909,6484,3008,2876,600
352,1520633710,verde,vermelho,art3miz_0.1,verde,0,-3,22,30,120,0.2500,0.1667,290,68,147,75
352,1520633710,verde,azul,heuristica,verde,0,-3,22,60,120,0.5000,0.1905,706,135,467,104
353,1518760950,vermelho,verde,mcts,vermelho,0,-3,31,180,100,1.8000,0.2667,4747,2088,2239,420
353,1518760950,vermelho,vermelho,art3miz_0.1,vermelho,1,3,31,30,60,0.5000,0.0645,658,50,562,46
353,1518760950,vermelho,azul,heuristica,vermelho,0,-3,31,70,120,0.5833,0.3750,437,128,188,121
354,1313076164,azul,verde,mcts,verde,1,3,23,30,0,30.0000,0.0000,1533,356,1057,120
354,1313076164,azul,vermelho,art3miz_0.1,verde,0,-3,23,110,120,0.9167,0.0952,391,93,210,88
354,1313076164,azul,azul,heuristica,verde,0,-3,23,90,110,0.8182,0.1667,271,70,136,65
355,519671239,verde,verde,mcts,empate,0,-1,100,0,0,0.0000,0.0000,2597,0,2597,0
355,519671239,verde,vermelho,art3miz_0.1,empate,0,-1,100,0,0,0.0000,0.0000,1901,48,1853,0
355,519671239,verde,azul,heuristica,empate,0,-1,100,0,0,0.0000,0.0000,2035,48,1987,0
356,293897162,vermelho,verde,mcts,vermelho,0,-3,19,180,120,1.5000,0.1111,4017,1870,1787,360
356,293897162,vermelho,vermelho,art3miz_0.1,vermelho,1,3,19,30,60,0.5000,0.0526,288,51,187,50
356,293897162,vermelho,azul,heuristica,vermelho,0,-3,19,90,120,0.7500,0.0909,422,80,267,75
357,432934820,azul,verde,mcts,azul,0,-3,20,150,120,1.2500,0.0000,3265,1504,1461,300
357,432934820,azul,vermelho,art3miz_0.1,azul,0,-3,20,90,120,0.7500,0.0000,232,71,98,63
357,432934820,azul,azul,heuristica,azul,1,3,20,30,30,1.0000,0.1000,598,53,495,50
358,1033327263,verde,verde,mcts,azul,0,-3,18,150,120,1.2500,0.1111,3335,1524,1511,300
358,1033327263,verde,vermelho,art3miz_0.1,azul,0,-3,18,90,120,0.7500,0.3333,260,83,104,73
358,1033327263,verde,azul,heuristica,azul,1,3,18,30,30,1.0000,0.0000,466,36,398,32
359,137643404,vermelho,verde,mcts,verde,1,3,25,30,0,30.0000,0.0000,1110,191,859,60
359,137643404,vermelho,vermelho,art3miz_0.1,verde,0,-3,25,100,120,0.8333,0.2500,443,116,220,107
359,137643404,vermelho,azul,heuristica,verde,0,-3,25,90,100,0.9000,0.7143,369,111,153,105
360,2017834313,azul,verde,mcts,azul,0,-3,25,210,120,1.7500,0.0000,4555,2031,2104,420
360,2017834313,azul,vermelho,art3miz_0.1,azul,0,-3,25,30,120,0.2500,0.1250,283,71,137,75
360,2017834313,azul,azul,heuristica,azul,1,3,25,90,90,1.0000,0.0800,735,77,586,72
361,1611829491,verde,verde,mcts,verde,1,3,21,60,60,1.0000,0.0000,1451,318,1013,120
361,1611829491,verde,vermelho,art3miz_0.1,verde,0,-3,21,60,120,0.5000,0.1000,279,77,132,70
361,1611829491,verde,azul,heuristica,verde,0,-3,21,180,120,1.5000,0.0000,691,134,435,122
362,1288829251,vermelho,verde,mcts,verde,1,3,18,30,30,1.0000,0.1176,850,100,690,60
362,1288829251,vermelho,vermelho,art3miz_0.1,verde,0,-3,18,90,120,0.7500,0.0909,212,64,89,59
362,1288829251,vermelho,azul,heuristica,verde,0,-3,18,150,120,1.2500,0.0588,600,111,385,104
363,475521431,azul,verde,mcts,verde,1,3,18,60,0,60.0000,0.0000,1442,361,961,120
363,475521431,azul,vermelho,art3miz_0.1,verde,0,-3,18,40,100,0.4000,0.4444,276,81,120,75
363,475521431,azul,azul,heuristica,verde,0,-3,18,100,100,1.0000,0.2353,648,117,415,116
364,1589776665,verde,verde,mcts,verde,1,3,24,240,60,4.0000,0.0833,5374,2303,2591,480
364,1589776665,verde,vermelho,art3miz_0.1,verde,0,-3,24,60,120,0.5000,0.0000,387,78,239,70
364,1589776665,verde,azul,heuristica,verde,0,-3,24,0,120,0.0000,0.3913,868,142,576,150
365,1928754317,vermelho,verde,mcts,vermelho,0,-3,21,90,120,0.7500,0.0000,1935,1013,742,180
365,1928754317,vermelho,vermelho,art3miz_0.1,vermelho,1,3,21,30,30,1.0000,0.0000,260,46,173,41
365,1928754317,vermelho,azul,heuristica,vermelho,0,-3,21,150,120,1.2500,0.0000,809,186,448,175
366,893603869,azul,verde,mcts,azul,0,-3,12,120,120,1.0000,0.0000,2513,1103,1170,240
366,893603869,azul,vermelho,art3miz_0.1,azul,0,-3,12,90,120,0.7500,0.0000,246,84,87,75
366,893603869,azul,azul,heuristica,azul,1,3,12,30,0,30.0000,0.0833,355,27,303,25
367,795826857,verde,verde,mcts,empate,0,-1,100,0,0,0.0000,0.0100,1876,0,1876,0
367,795826857,verde,vermelho,art3miz_0.1,empate,0,-1,100,80,110,0.7273,0.1250,250,80,95,75
367,795826857,verde,azul,heuristica,empate,0,-1,100,110,80,1.3750,0.0300,2214,153,1911,150
368,1170736711,vermelho,verde,mcts,verde,1,3,15,30,0,30.0000,0.0000,907,188,659,60
368,1170736711,vermelho,vermelho,art3miz_0.1,verde,0,-3,15,90,120,0.7500,0.0000,252,80,97,75
368,1170736711,vermelho,azul,heuristica,verde,0,-3,15,120,120,1.0000,0.0714,554,105,349,100
369,1599605876,azul,verde,mcts,verde,1,3,30,240,90,2.6667,0.0345,5211,2185,2546,480
369,1599605876,azul,vermelho,art3miz_0.1,verde,0,-3,30,60,120,0.5000,0.0714,437,96,252,89
369,1599605876,azul,azul,heuristica,verde,0,-3,30,30,120,0.2500,0.1000,429,95,240,94
370,1800712511,verde,verde,mcts,vermelho,0,-3,26,90,120,0.7500,0.0000,1957,983,794,180
370,1800712511,verde,vermelho,art3miz_0.1,vermelho,1,3,26,30,0,30.0000,0.0769,334,30,279,25
370,1800712511,verde,azul,heuristica,vermelho,0,-3,26,120,120,1.0000,0.0400,701,95,521,85
371,645522509,vermelho,verde,mcts,verde,1,3,14,30,0,30.0000,0.0000,794,118,616,60
371,645522509,vermelho,vermelho,art3miz_0.1,verde,0,-3,14,120,120,1.0000,0.0769,312,82,155,75
371,645522509,vermelho,azul,heuristica,verde,0,-3,14,90,120,0.7500,0.0000,303,79,149,75
372,29313969,azul,verde,mcts,verde,1,3,16,30,0,30.0000,0.1333,857,115,682,60
372,29313969,azul,vermelho,art3miz_0.1,verde,0,-3,16,110,120,0.9167,0.0714,338,77,190,71
372,29313969,azul,azul,heuristica,verde,0,-3,16,90,110,0.8182,0.2500,376,91,191,94
373,1970357873,verde,verde,mcts,verde,1,3,28,30,0,30.0000,0.0714,1128,180,888,60
373,1970357873,verde,vermelho,art3miz_0.1,verde,0,-3,28,120,120,1.0000,0.0000,517,132,264,121
373,1970357873,verde,azul,heuristica,verde,0,-3,28,90,120,0.7500,0.0000,489,96,293,100
374,1241645600,vermelho,verde,mcts,vermelho,0,-3,11,90,110,0.8182,0.2222,3185,1676,1209,300
374,1241645600,vermelho,vermelho,art3miz_0.1,vermelho,1,3,11,60,30,2.0000,0.0909,216,83,83,50
374,1241645600,vermelho,azul,heuristica,vermelho,0,-3,11,110,120,0.9167,0.5000,596,197,249,150
375,1353653477,azul,verde,mcts,azul,0,-3,27,180,120,1.5000,0.0385,4713,2113,2180,420
375,1353653477,azul,vermelho,art3miz_0.1,azul,0,-3,27,90,120,0.7500,0.0000,353,107,146,100
375,1353653477,azul,azul,heuristica,azul,1,3,27,30,60,0.5000,0.0370,721,32,657,32
376,722060998,verde,verde,mcts,azul,0,-3,19,70,110,0.6364,0.6667,2619,1575,804,240
376,722060998,verde,vermelho,art3miz_0.1,azul,0,-3,19,110,100,1.1000,0.2632,520,136,259,125
376,722060998,verde,azul,heuristica,azul,1,3,19,30,0,30.0000,0.0000,511,26,461,24
377,946843648,vermelho,verde,mcts,empate,0,-1,100,0,0,0.0000,0.0000,2145,0,2145,0
377,946843648,vermelho,vermelho,art3miz_0.1,empate,0,-1,100,0,0,0.0000,0.0000,1837,0,1837,0
377,946843648,vermelho,azul,heuristica,empate,0,-1,100,0,0,0.0000,0.0000,3278,644,1898,736
378,195273507,azul,verde,mcts,vermelho,0,-3,17,180,120,1.5000,0.0625,3940,1875,1705,360
378,195273507,azul,vermelho,art3miz_0.1,vermelho,1,3,17,30,60,0.5000,0.0625,160,28,100,32
378,195273507,azul,azul,heuristica,vermelho,0,-3,17,90,120,0.7500,0.0000,403,102,201,100
379,741729714,verde,verde,mcts,empate,0,-1,100,0,0,0.0000,0.0000,2521,2,2519,0
379,741729714,verde,vermelho,art3miz_0.1,empate,0,-1,100,70,100,0.7000,0.2941,454,97,266,91
379,741729714,verde,azul,heuristica,empate,0,-1,100,100,70,1.4286,0.0500,1855,171,1515,169
380,1187661710,vermelho,verde,mcts,verde,1,3,39,230,90,2.5556,0.1316,5623,2331,2812,480
380,1187661710,vermelho,vermelho,art3miz_0.1,verde,0,-3,39,0,110,0.0000,0.2000,268,77,116,75
380,1187661710,vermelho,azul,heuristica,verde,0,-3,39,90,120,0.7500,0.1316,1129,127,878,124
381,394963098,azul,verde,mcts,vermelho,0,-3,33,210,120,1.7500,0.0313,4760,2069,2271,420
381,394963098,azul,vermelho,art3miz_0.1,vermelho,1,3,33,30,90,0.3333,0.0000,345,62,214,69
381,394963098,azul,azul,heuristica,vermelho,0,-3,33,90,120,0.7500,0.0000,292,53,191,48
382,2051369139,verde,verde,mcts,vermelho,0,-3,18,210,120,1.7500,0.1111,4531,2139,1972,420
382,2051369139,verde,vermelho,art3miz_0.1,vermelho,1,3,18,60,90,0.6667,0.0000,287,70,143,74
382,2051369139,verde,azul,heuristica,vermelho,0,-3,18,60,120,0.5000,0.3333,352,101,151,100
383,1168745499,vermelho,verde,mcts,vermelho,0,-3,11,180,100,1.8000,0.1000,3774,1948,1466,360
383,1168745499,vermelho,vermelho,art3miz_0.1,vermelho,1,3,11,40,60,0.6667,0.3636,223,55,120,48
383,1168745499,vermelho,azul,heuristica,vermelho,0,-3,11,60,120,0.5000,0.0000,306,80,151,75
384,2118575539,azul,verde,mcts,azul,0,-3,21,180,120,1.5000,0.0500,4003,1803,1840,360
384,2118575539,azul,vermelho,art3miz_0.1,azul,0,-3,21,60,120,0.5000,0.0000,235,69,99,67
384,2118575539,azul,azul,heuristica,azul,1,3,21,60,60,1.0000,0.0000,536,35,469,32
385,441089282,verde,verde,mcts,verde,1,3,23,30,0,30.0000,0.0870,991,92,839,60
385,441089282,verde,vermelho,art3miz_0.1,verde,0,-3,23,90,120,0.7500,0.0000,269,79,115,75
385,441089282,verde,azul,heuristica,verde,0,-3,23,120,120,1.0000,0.0000,778,123,530,125
386,1667855064,vermelho,verde,mcts,verde,1,3,13,30,30,1.0000,0.0000,748,98,590,60
386,1667855064,vermelho,vermelho,art3miz_0.1,verde,0,-3,13,90,120,0.7500,0.0000,241,80,86,75
386,1667855064,vermelho,azul,heuristica,verde,0,-3,13,150,120,1.2500,0.0000,537,128,289,120
387,2017351961,azul,verde,mcts,verde,1,3,28,90,0,90.0000,0.0370,2016,561,1275,180
387,2017351961,azul,vermelho,art3miz_0.1,verde,0,-3,28,20,120,0.1667,0.6364,311,74,173,64
387,2017351961,azul,azul,heuristica,verde,0,-3,28,120,110,1.0909,0.2222,907,151,605,151
388,1950536216,verde,verde,mcts,empate,0,-1,100,0,0,0.0000,0.0000,1943,50,1893,0
388,1950536216,verde,vermelho,art3miz_0.1,empate,0,-1,100,120,90,1.3333,0.0100,1806,99,1651,56
388,1950536216,verde,azul,heuristica,empate,0,-1,100,90,120,0.7500,0.0000,819,70,697,52
389,60663468,vermelho,verde,mcts,verde,1,3,21,30,0,30.0000,0.0000,913,174,679,60
389,60663468,vermelho,vermelho,art3miz_0.1,verde,0,-3,21,120,120,1.0000,0.0000,332,80,177,75
389,60663468,vermelho,azul,heuristica,verde,0,-3,21,90,120,0.7500,0.0000,519,79,365,75
390,1266052967,azul,verde,mcts,azul,0,-3,14,90,120,0.7500,0.0000,1947,991,776,180
390,1266052967,azul,vermelho,art3miz_0.1,azul,0,-3,14,120,120,1.0000,0.1538,339,89,175,75
390,1266052967,azul,azul,heuristica,azul,1,3,14,30,0,30.0000,0.0000,353,23,312,18
391,553143731,verde,verde,mcts,vermelho,0,-3,17,210,120,1.7500,0.0000,5044,2498,2066,480
391,553143731,verde,vermelho,art3miz_0.1,vermelho,1,3,17,120,90,1.3333,0.0000,359,112,147,100
391,553143731,verde,azul,heuristica,vermelho,0,-3,17,0,120,0.0000,0.2222,332,68,198,66
392,1136855950,vermelho,verde,mcts,verde,1,3,24,240,90,2.6667,0.0000,5122,2184,2458,480
392,1136855950,vermelho,vermelho,art3miz_0.1,verde,0,-3,24,60,120,0.5000,0.0000,253,78,101,74
392,1136855950,vermelho,azul,heuristica,verde,0,-3,24,30,120,0.2500,0.0000,742,101,541,100
393,376447012,azul,verde,mcts,azul,0,-3,52,150,120,1.2500,0.4118,4031,1657,2074,300
393,376447012,azul,vermelho,art3miz_0.1,azul,0,-3,52,30,120,0.2500,0.0625,404,70,288,46
393,376447012,azul,azul,heuristica,azul,1,3,52,120,60,2.0000,0.0192,1863,438,986,439
394,1614578985,verde,verde,mcts,vermelho,0,-3,14,90,120,0.7500,0.0000,1938,997,761,180
394,1614578985,verde,vermelho,art3miz_0.1,vermelho,1,3,14,30,30,1.0000,0.0714,141,29,87,25
394,1614578985,verde,azul,heuristica,vermelho,0,-3,14,150,120,1.2500,0.0769,505,120,270,115
395,865668011,vermelho,verde,mcts,empate,0,-1,100,0,0,0.0000,0.0000,1996,50,1946,0
395,865668011,vermelho,vermelho,art3miz_0.1,empate,0,-1,100,0,0,0.0000,0.0000,2136,50,2086,0
395,865668011,vermelho,azul,heuristica,empate,0,-1,100,0,0,0.0000,0.0100,2595,0,2595,0
396,923755655,azul,verde,mcts,vermelho,0,-3,23,120,120,1.0000,0.0909,2774,1079,1455,240
396,923755655,azul,vermelho,art3miz_0.1,vermelho,1,3,23,30,0,30.0000,0.0455,200,28,147,25
396,923755655,azul,azul,heuristica,vermelho,0,-3,23,90,120,0.7500,0.4286,378,104,175,99
397,258776197,verde,verde,mcts,vermelho,0,-3,16,180,120,1.5000,0.0625,3845,1859,1626,360
397,258776197,verde,vermelho,art3miz_0.1,vermelho,1,3,16,60,60,1.0000,0.1875,218,54,115,49
397,258776197,verde,azul,heuristica,vermelho,0,-3,16,60,120,0.5000,0.0000,284,61,161,62
398,1620914435,vermelho,verde,mcts,azul,0,-3,18,120,120,1.0000,0.1176,2588,1078,1270,240
398,1620914435,vermelho,vermelho,art3miz_0.1,azul,0,-3,18,90,120,0.7500,0.2500,302,101,110,91
398,1620914435,vermelho,azul,heuristica,azul,1,3,18,30,0,30.0000,0.0000,471,26,420,25
399,1741497087,azul,verde,mcts,empate,0,-1,100,120,0,120.0000,0.0000,4527,1139,3148,240
399,1741497087,azul,vermelho,art3miz_0.1,empate,0,-1,100,0,120,0.0000,0.0000,245,81,89,75
399,1741497087,azul,azul,heuristica,empate,0,-1,100,0,0,0.0000,0.0200,3203,574,1973,656
400,558524762,verde,verde,mcts,azul,0,-3,27,180,120,1.5000,0.0000,4209,1864,1985,360
400,558524762,verde,vermelho,art3miz_0.1,azul,0,-3,27,90,120,0.7500,0.0000,245,84,86,75
400,558524762,verde,azul,heuristica,azul,1,3,27,30,60,0.5000,0.2593,789,74,643,72
401,1039082064,vermelho,verde,mcts,empate,0,-1,100,90,120,0.7500,0.0000,2433,1088,1105,240
401,1039082064,vermelho,vermelho,art3miz_0.1,empate,0,-1,100,0,0,0.0000,0.0000,2073,39,2034,0
401,1039082064,vermelho,azul,heuristica,empate,0,-1,100,120,90,1.3333,0.0500,2314,143,2075,96
402,902252012,azul,verde,mcts,vermelho,0,-3,32,180,120,1.5000,0.0323,4285,1906,2019,360
402,902252012,azul,vermelho,art3miz_0.1,vermelho,1,3,32,30,60,0.5000,0.0000,300,49,203,48
402,902252012,azul,azul,heuristica,vermelho,0,-3,32,90,120,0.7500,0.0000,354,103,151,100
403,1638510092,verde,verde,mcts,vermelho,0,-3,27,180,120,1.5000,0.1111,4101,1839,1902,360
403,1638510092,verde,vermelho,art3miz_0.1,vermelho,1,3,27,60,60,1.0000,0.0000,459,56,353,50
403,1638510092,verde,azul,heuristica,vermelho,0,-3,27,60,120,0.5000,0.0714,446,75,297,74
404,697931922,vermelho,verde,mcts,verde,1,3,25,30,0,30.0000,0.0000,1074,139,875,60
404,697931922,vermelho,vermelho,art3miz_0.1,verde,0,-3,25,120,120,1.0000,0.0833,452,106,251,95
404,697931922,vermelho,azul,heuristica,verde,0,-3,25,90,120,0.7500,0.1538,547,122,306,119
405,148352726,azul,verde,mcts,vermelho,0,-3,16,170,120,1.4167,0.2000,4472,2201,1851,420
405,148352726,azul,vermelho,art3miz_0.1,vermelho,1,3,16,30,60,0.5000,0.2000,230,46,136,48
405,148352726,azul,azul,heuristica,vermelho,0,-3,16,90,110,0.8182,0.1429,558,106,352,100
406,1423957648,verde,verde,mcts,vermelho,0,-3,17,180,120,1.5000,0.0000,3908,1848,1700,360
406,1423957648,verde,vermelho,art3miz_0.1,vermelho,1,3,17,90,60,1.5000,0.0588,281,70,150,61
406,1423957648,verde,azul,heuristica,vermelho,0,-3,17,30,120,0.2500,0.0000,252,78,100,74
407,1350537079,vermelho,verde,mcts,azul,0,-3,28,150,120,1.2500,0.0370,4214,1955,1899,360
407,1350537079,vermelho,vermelho,art3miz_0.1,azul,0,-3,28,60,120,0.5000,0.0000,263,74,114,75
407,1350537079,vermelho,azul,heuristica,azul,1,3,28,60,30,2.0000,0.0714,656,64,526,66
408,614268430,azul,verde,mcts,vermelho,0,-3,14,180,120,1.5000,0.0000,3885,1867,1658,360
408,614268430,azul,vermelho,art3miz_0.1,vermelho,1,3,14,60,60,1.0000,0.0769,272,72,137,63
408,614268430,azul,azul,heuristica,vermelho,0,-3,14,60,120,0.5000,0.0000,328,76,177,75
409,1044670401,verde,verde,mcts,verde,1,3,23,240,90,2.6667,0.1304,5852,2624,2688,540
409,1044670401,verde,vermelho,art3miz_0.1,verde,0,-3,23,90,120,0.7500,0.0000,471,106,266,99
409,1044670401,verde,azul,heuristica,verde,0,-3,23,0,120,0.0000,0.1429,461,73,317,71
410,73927817,vermelho,verde,mcts,empate,0,-1,100,0,0,0.0000,0.4949,2569,0,2569,0
410,73927817,vermelho,vermelho,art3miz_0.1,empate,0,-1,100,0,0,0.0000,0.0000,2079,49,2030,0
410,73927817,vermelho,azul,heuristica,empate,0,-1,100,0,0,0.0000,0.0000,2019,49,1970,0
411,1599316740,azul,verde,mcts,azul,0,-3,35,200,120,1.6667,0.1765,4884,2089,2375,420
411,1599316740,azul,vermelho,art3miz_0.1,azul,0,-3,35,60,110,0.5455,0.2000,280,73,138,69
411,1599316740,azul,azul,heuristica,azul,1,3,35,60,90,0.6667,0.0571,979,69,835,75
412,728730537,verde,verde,mcts,azul,0,-3,10,150,120,1.2500,0.0000,3089,1512,1277,300
412,728730537,verde,vermelho,art3miz_0.1,azul,0,-3,10,90,120,0.7500,0.0000,269,79,119,71
412,728730537,verde,azul,heuristica,azul,1,3,10,30,30,1.0000,0.0000,285,27,233,25
413,769613667,vermelho,verde,mcts,verde,1,3,11,30,30,1.0000,0.0000,723,114,549,60
413,769613667,vermelho,vermelho,art3miz_0.1,verde,0,-3,11,150,120,1.2500,0.2000,425,134,166,125
413,769613667,vermelho,azul,heuristica,verde,0,-3,11,90,120,0.7500,0.1667,347,96,151,100
414,701710304,azul,verde,mcts,verde,1,3,12,240,70,3.4286,0.5455,4852,2208,2164,480
414,701710304,azul,vermelho,art3miz_0.1,verde,0,-3,12,50,120,0.4167,0.1000,264,71,128,65
414,701710304,azul,azul,heuristica,verde,0,-3,12,20,120,0.1667,0.1667,346,95,151,100
415,2146003900,verde,verde,mcts,azul,0,-3,23,180,120,1.5000,0.0000,4267,2183,1724,360
415,2146003900,verde,vermelho,art3miz_0.1,azul,0,-3,23,60,120,0.5000,0.0000,224,79,89,56
415,2146003900,verde,azul,heuristica,azul,1,3,23,60,60,1.0000,0.0870,679,105,469,105
416,1585576561,vermelho,verde,mcts,vermelho,0,-3,12,60,120,0.5000,0.0000,2572,1449,883,240
416,1585576561,vermelho,vermelho,art3miz_0.1,vermelho,1,3,12,60,30,2.0000,0.0000,145,23,102,20
416,1585576561,vermelho,azul,heuristica,vermelho,0,-3,12,150,120,1.2500,0.0909,547,143,262,142
417,1048996951,azul,verde,mcts,vermelho,0,-3,18,90,100,0.9000,0.1250,2000,1109,711,180
417,1048996951,azul,vermelho,art3miz_0.1,vermelho,1,3,18,30,30,1.0000,0.0588,199,29,145,25
417,1048996951,azul,azul,heuristica,vermelho,0,-3,18,130,120,1.0833,0.2941,734,159,425,150
418,614909108,verde,verde,mcts,azul,0,-3,23,90,120,0.7500,0.1667,2154,1168,806,180
418,614909108,verde,vermelho,art3miz_0.1,azul,0,-3,23,120,120,1.0000,0.3043,631,140,341,150
418,614909108,verde,azul,heuristica,azul,1,3,23,30,0,30.0000,0.0000,606,27,554,25
419,1906067081,vermelho,verde,mcts,verde,1,3,21,240,70,3.4286,0.1000,5101,2235,2386,480
419,1906067081,vermelho,vermelho,art3miz_0.1,verde,0,-3,21,10,120,0.0833,0.3750,259,71,121,67
419,1906067081,vermelho,azul,heuristica,verde,0,-3,21,60,120,0.5000,0.0000,648,76,497,75
420,974694883,azul,verde,mcts,verde,1,3,20,240,90,2.6667,0.1053,5836,2643,2653,540
420,974694883,azul,vermelho,art3miz_0.1,verde,0,-3,20,90,120,0.7500,0.2222,502,109,281,112
420,974694883,azul,azul,heuristica,verde,0,-3,20,0,120,0.0000,0.0000,387,77,215,95
421,277475170,verde,verde,mcts,vermelho,0,-3,14,180,120,1.5000,0.0000,3931,1898,1673,360
421,277475170,verde,vermelho,art3miz_0.1,vermelho,1,3,14,30,60,0.5000,0.0000,302,59,168,75
421,277475170,verde,azul,heuristica,vermelho,0,-3,14,90,120,0.7500,0.0000,366,101,169,96
422,148424731,vermelho,verde,mcts,verde,1,3,16,30,0,30.0000,0.0000,920,183,677,60
422,148424731,vermelho,vermelho,art3miz_0.1,verde,0,-3,16,110,110,1.0000,0.3333,393,108,185,100
422,148424731,vermelho,azul,heuristica,verde,0,-3,16,80,110,0.7273,0.5000,454,128,201,125
423,604743709,azul,verde,mcts,vermelho,0,-3,11,150,120,1.2500,0.0000,3812,1956,1496,360
423,604743709,azul,vermelho,art3miz_0.1,vermelho,1,3,11,60,30,2.0000,0.0000,188,56,82,50
423,604743709,azul,azul,heuristica,vermelho,0,-3,11,60,120,0.5000,0.0000,297,71,151,75
424,838363468,verde,verde,mcts,verde,1,3,13,30,0,30.0000,0.0000,902,190,652,60
424,838363468,verde,vermelho,art3miz_0.1,verde,0,-3,13,90,120,0.7500,0.0000,253,76,105,72
424,838363468,verde,azul,heuristica,verde,0,-3,13,120,120,1.0000,0.0833,427,98,237,92
425,1461119760,vermelho,verde,mcts,vermelho,0,-3,23,180,120,1.5000,0.0000,4102,1874,1868,360
425,1461119760,vermelho,vermelho,art3miz_0.1,vermelho,1,3,23,30,60,0.5000,0.1739,313,54,209,50
425,1461119760,vermelho,azul,heuristica,vermelho,0,-3,23,90,120,0.7500,0.0000,511,104,308,99
426,2054000186,azul,verde,mcts,vermelho,0,-3,17,180,120,1.5000,0.0000,4443,2168,1855,420
426,2054000186,azul,vermelho,art3miz_0.1,vermelho,1,3,17,60,60,1.0000,0.0625,316,79,162,75
426,2054000186,azul,azul,heuristica,vermelho,0,-3,17,60,120,0.5000,0.0000,259,45,166,48
427,1470480063,verde,verde,mcts,verde,1,3,11,30,0,30.0000,0.0000,796,182,554,60
427,1470480063,verde,vermelho,art3miz_0.1,verde,0,-3,11,120,110,1.0909,0.1000,362,104,161,97
427,1470480063,verde,azul,heuristica,verde,0,-3,11,80,120,0.6667,0.0000,354,104,151,99
428,766136782,vermelho,verde,mcts,vermelho,0,-3,18,210,120,1.7500,0.0000,4418,2138,1860,420
428,766136782,vermelho,vermelho,art3miz_0.1,vermelho,1,3,18,120,90,1.3333,0.0000,309,86,148,75
428,766136782,vermelho,azul,heuristica,vermelho,0,-3,18,0,120,0.0000,0.0909,444,99,247,98
429,372718935,azul,verde,mcts,azul,0,-3,14,120,120,1.0000,0.1538,3216,1465,1451,300
429,372718935,azul,vermelho,art3miz_0.1,azul,0,-3,14,90,120,0.7500,0.2500,313,97,126,90
429,372718935,azul,azul,heuristica,azul,1,3,14,30,0,30.0000,0.0000,384,25,335,24
430,2045200466,verde,verde,mcts,verde,1,3,14,30,0,30.0000,0.1429,883,190,633,60
430,2045200466,verde,vermelho,art3miz_0.1,verde,0,-3,14,120,120,1.0000,0.0000,333,79,180,74
430,2045200466,verde,azul,heuristica,verde,0,-3,14,90,120,0.7500,0.0000,349,100,150,99
431,1900958049,vermelho,verde,mcts,verde,1,3,11,30,0,30.0000,0.0000,803,190,553,60
431,1900958049,vermelho,vermelho,art3miz_0.1,verde,0,-3,11,120,120,1.0000,0.1000,280,76,135,69
431,1900958049,vermelho,azul,heuristica,verde,0,-3,11,90,120,0.7500,0.0000,267,67,137,63
432,1317230616,azul,verde,mcts,azul,0,-3,18,180,120,1.5000,0.0000,3944,1862,1722,360
432,1317230616,azul,vermelho,art3miz_0.1,azul,0,-3,18,60,120,0.5000,0.0000,236,70,96,70
432,1317230616,azul,azul,heuristica,azul,1,3,18,60,60,1.0000,0.0000,476,35,409,32
433,1343244560,verde,verde,mcts,verde,1,3,22,240,90,2.6667,0.0000,5134,2204,2450,480
433,1343244560,verde,vermelho,art3miz_0.1,verde,0,-3,22,60,120,0.5000,0.4286,387,58,278,51
433,1343244560,verde,azul,heuristica,verde,0,-3,22,30,120,0.2500,0.1000,402,74,253,75
434,784401889,vermelho,verde,mcts,verde,1,3,18,230,60,3.8333,0.2941,5208,2362,2366,480
434,784401889,vermelho,vermelho,art3miz_0.1,verde,0,-3,18,60,120,0.5000,0.0000,433,105,223,105
434,784401889,vermelho,azul,heuristica,verde,0,-3,18,0,110,0.0000,0.5000,303,78,150,75
435,1579403662,azul,verde,mcts,vermelho,0,-3,16,180,120,1.5000,0.0000,3927,2009,1558,360
435,1579403662,azul,vermelho,art3miz_0.1,vermelho,1,3,16,60,60,1.0000,0.2000,316,71,182,63
435,1579403662,azul,azul,heuristica,vermelho,0,-3,16,60,120,0.5000,0.0000,250,72,112,66
436,1577216255,verde,verde,mcts,azul,0,-3,27,120,120,1.0000,0.0000,2884,1123,1521,240
436,1577216255,verde,vermelho,art3miz_0.1,azul,0,-3,27,90,120,0.7500,0.0000,283,79,133,71
436,1577216255,verde,azul,heuristica,azul,1,3,27,30,0,30.0000,0.0370,697,46,610,41
437,1215591661,vermelho,verde,mcts,azul,0,-3,14,90,120,0.7500,0.0000,1883,983,720,180
437,1215591661,vermelho,vermelho,art3miz_0.1,azul,0,-3,14,120,120,1.0000,0.0714,445,125,206,114
437,1215591661,vermelho,azul,heuristica,azul,1,3,14,30,0,30.0000,0.0000,399,27,347,25
438,2129381150,azul,verde,mcts,verde,1,3,29,30,60,0.5000,0.0357,1642,225,1297,120
438,2129381150,azul,vermelho,art3miz_0.1,verde,0,-3,29,180,120,1.5000,0.1481,628,162,318,148
438,2129381150,azul,azul,heuristica,verde,0,-3,29,90,120,0.7500,0.0000,330,104,126,100
439,200211642,verde,verde,mcts,vermelho,0,-3,18,150,120,1.2500,0.1111,3327,1510,1517,300
439,200211642,verde,vermelho,art3miz_0.1,vermelho,1,3,18,30,30,1.0000,0.0556,138,28,85,25
439,200211642,verde,azul,heuristica,vermelho,0,-3,18,90,120,0.7500,0.3333,357,106,151,100
440,739759482,vermelho,verde,mcts,verde,1,3,16,30,30,1.0000,0.0000,807,93,654,60
440,739759482,vermelho,vermelho,art3miz_0.1,verde,0,-3,16,130,120,1.0833,0.3333,540,152,244,144
440,739759482,vermelho,azul,heuristica,verde,0,-3,16,90,100,0.9000,0.2500,410,107,203,100
441,571873306,azul,verde,mcts,azul,0,-3,16,150,120,1.2500,0.0667,3291,1517,1474,300
441,571873306,azul,vermelho,art3miz_0.1,azul,0,-3,16,60,120,0.5000,0.1111,269,86,101,82
441,571873306,azul,azul,heuristica,azul,1,3,16,60,30,2.0000,0.0625,487,53,386,48
442,1141555388,verde,verde,mcts,vermelho,0,-3,21,210,120,1.7500,0.0000,4538,2128,1990,420
442,1141555388,verde,vermelho,art3miz_0.1,vermelho,1,3,21,30,90,0.3333,0.0952,388,74,243,71
442,1141555388,verde,azul,heuristica,vermelho,0,-3,21,90,120,0.7500,0.1250,394,103,191,100
443,1737235775,vermelho,verde,mcts,vermelho,0,-3,20,150,120,1.2500,0.0000,3631,2069,1262,300
443,1737235775,vermelho,vermelho,art3miz_0.1,vermelho,1,3,20,30,30,1.0000,0.0500,240,27,192,21
443,1737235775,vermelho,azul,heuristica,vermelho,0,-3,20,90,120,0.7500,0.0000,553,96,368,89
444,1019163322,azul,verde,mcts,verde,1,3,19,30,30,1.0000,0.0556,967,169,738,60
444,1019163322,azul,vermelho,art3miz_0.1,verde,0,-3,19,90,120,0.7500,0.0000,250,78,100,72
444,1019163322,azul,azul,heuristica,verde,0,-3,19,150,120,1.2500,0.0000,780,167,444,169
445,1477330786,verde,verde,mcts,azul,0,-3,15,150,120,1.2500,0.2000,3211,1544,1367,300
445,1477330786,verde,vermelho,art3miz_0.1,azul,0,-3,15,90,120,0.7500,0.5000,242,77,98,67
445,1477330786,verde,azul,heuristica,azul,1,3,15,30,30,1.0000,0.0667,403,18,369,16
446,744905077,vermelho,verde,mcts,vermelho,0,-3,25,150,120,1.2500,0.0833,4169,1945,1864,360
446,744905077,vermelho,vermelho,art3miz_0.1,vermelho,1,3,25,60,30,2.0000,0.0400,479,55,374,50
446,744905077,vermelho,azul,heuristica,vermelho,0,-3,25,60,120,0.5000,0.1538,450,70,306,74
447,1994270146,azul,verde,mcts,empate,0,-1,100,0,0,0.0000,0.0101,2473,0,2473,0
447,1994270146,azul,vermelho,art3miz_0.1,empate,0,-1,100,0,0,0.0000,0.4848,2124,49,2075,0
447,1994270146,azul,azul,heuristica,empate,0,-1,100,0,0,0.0000,0.0000,2063,49,2014,0
448,164773497,verde,verde,mcts,verde,1,3,17,30,0,30.0000,0.0000,921,123,738,60
448,164773497,verde,vermelho,art3miz_0.1,verde,0,-3,17,100,120,0.8333,0.2500,546,151,247,148
448,164773497,verde,azul,heuristica,verde,0,-3,17,90,100,0.9000,0.3333,335,97,141,97
449,1649528846,vermelho,verde,mcts,vermelho,0,-3,17,150,120,1.2500,0.1875,3288,1517,1471,300
449,1649528846,vermelho,vermelho,art3miz_0.1,vermelho,1,3,17,30,30,1.0000,0.0000,154,27,102,25
449,1649528846,vermelho,azul,heuristica,vermelho,0,-3,17,90,120,0.7500,0.1429,363,96,170,97
450,8261800,azul,verde,mcts,verde,1,3,20,30,0,30.0000,0.0000,1048,188,800,60
450,8261800,azul,vermelho,art3miz_0.1,verde,0,-3,20,80,100,0.8000,0.4375,576,154,275,147
450,8261800,azul,azul,heuristica,verde,0,-3,20,100,110,0.9091,0.6842,778,172,442,164
451,1520873105,verde,verde,mcts,vermelho,0,-3,15,120,120,1.0000,0.0000,2570,1102,1228,240
451,1520873105,verde,vermelho,art3miz_0.1,vermelho,1,3,15,30,0,30.0000,0.0000,208,29,155,24
451,1520873105,verde,azul,heuristica,vermelho,0,-3,15,90,120,0.7500,0.0000,394,97,208,89
452,189695113,vermelho,verde,mcts,verde,1,3,31,60,40,1.5000,0.0333,2341,766,1395,180
452,189695113,vermelho,vermelho,art3miz_0.1,verde,0,-3,31,120,100,1.2000,0.2000,520,150,242,128
452,189695113,vermelho,azul,heuristica,verde,0,-3,31,70,110,0.6364,0.6296,1091,277,548,266
453,2050012462,azul,verde,mcts,vermelho,0,-3,16,90,120,0.7500,0.0000,3160,1646,1214,300
453,2050012462,azul,vermelho,art3miz_0.1,vermelho,1,3,16,30,30,1.0000,0.0667,189,27,137,25
453,2050012462,azul,azul,heuristica,vermelho,0,-3,16,150,120,1.2500,0.0000,677,156,373,148
454,105099442,verde,verde,mcts,azul,0,-3,11,150,120,1.2500,0.0000,3443,1988,1155,300
454,105099442,verde,vermelho,art3miz_0.1,azul,0,-3,11,90,120,0.7500,0.0000,195,65,74,56
454,105099442,verde,azul,heuristica,azul,1,3,11,30,30,1.0000,0.0000,428,78,275,75
455,898790568,vermelho,verde,mcts,verde,1,3,10,30,0,30.0000,0.0000,810,216,534,60
455,898790568,vermelho,vermelho,art3miz_0.1,verde,0,-3,10,90,120,0.7500,0.0000,266,79,112,75
455,898790568,vermelho,azul,heuristica,verde,0,-3,10,120,120,1.0000,0.0000,474,122,227,125
456,2054871234,azul,verde,mcts,verde,1,3,20,30,0,30.0000,0.0000,1105,266,779,60
456,2054871234,azul,vermelho,art3miz_0.1,verde,0,-3,20,90,120,0.7500,0.0000,266,81,110,75
456,2054871234,azul,azul,heuristica,verde,0,-3,20,120,120,1.0000,0.0000,682,105,477,100
457,567165131,verde,verde,mcts,verde,1,3,15,30,0,30.0000,0.1333,948,227,661,60
457,567165131,verde,vermelho,art3miz_0.1,verde,0,-3,15,90,120,0.7500,0.0000,266,81,110,75
457,567165131,verde,azul,heuristica,verde,0,-3,15,120,120,1.0000,0.0000,560,105,355,100
458,1506506545,vermelho,verde,mcts,verde,1,3,13,150,0,150.0000,0.0000,3731,1754,1677,300
458,1506506545,vermelho,vermelho,art3miz_0.1,verde,0,-3,13,40,120,0.3333,0.4167,409,116,195,98
458,1506506545,vermelho,azul,heuristica,verde,0,-3,13,30,100,0.3000,0.5714,300,72,155,73
459,338695334,azul,verde,mcts,empate,0,-1,100,0,0,0.0000,0.0101,1655,49,1606,0
459,338695334,azul,vermelho,art3miz_0.1,empate,0,-1,100,0,0,0.0000,0.0000,2077,50,2027,0
459,338695334,azul,azul,heuristica,empate,0,-1,100,0,0,0.0000,0.0000,2187,0,2187,0
460,369462903,verde,verde,mcts,verde,1,3,9,90,0,90.0000,0.0000,2240,1031,1029,180
460,369462903,verde,vermelho,art3miz_0.1,verde,0,-3,9,90,120,0.7500,0.2500,222,76,96,50
460,369462903,verde,azul,heuristica,verde,0,-3,9,60,120,0.5000,0.0000,304,65,166,73
461,1639586025,vermelho,verde,mcts,verde,1,3,16,90,60,1.5000,0.0000,2191,934,1077,180
461,1639586025,vermelho,vermelho,art3miz_0.1,verde,0,-3,16,90,120,0.7500,0.0714,325,108,144,73
461,1639586025,vermelho,azul,heuristica,verde,0,-3,16,120,120,1.0000,0.0667,583,154,336,93
462,1094686237,azul,verde,mcts,azul,0,-3,30,210,120,1.7500,0.1379,4907,2156,2331,420
462,1094686237,azul,vermelho,art3miz_0.1,azul,0,-3,30,90,120,0.7500,0.0000,455,109,246,100
462,1094686237,azul,azul,heuristica,azul,1,3,30,30,90,0.3333,0.1000,861,66,728,67
463,616728145,verde,verde,mcts,vermelho,0,-3,24,210,120,1.7500,0.0417,4706,2140,2146,420
463,616728145,verde,vermelho,art3miz_0.1,vermelho,1,3,24,60,90,0.6667,0.1250,323,81,167,75
463,616728145,verde,azul,heuristica,vermelho,0,-3,24,60,120,0.5000,0.0000,331,75,182,74
464,1665972581,vermelho,verde,mcts,vermelho,0,-3,19,180,120,1.5000,0.0556,5396,2510,2406,480
464,1665972581,vermelho,vermelho,art3miz_0.1,vermelho,1,3,19,60,60,1.0000,0.0000,525,149,254,122
464,1665972581,vermelho,azul,heuristica,vermelho,0,-3,19,60,120,0.5000,0.0588,586,91,397,98
465,1342328242,azul,verde,mcts,vermelho,0,-3,14,120,120,1.0000,0.0000,3178,1430,1448,300
465,1342328242,azul,vermelho,art3miz_0.1,vermelho,1,3,14,30,0,30.0000,0.0000,89,2,87,0
465,1342328242,azul,azul,heuristica,vermelho,0,-3,14,90,120,0.7500,0.0000,458,132,201,125
466,1649972298,verde,verde,mcts,verde,1,3,26,240,60,4.0000,0.0000,5173,2181,2512,480
466,1649972298,verde,vermelho,art3miz_0.1,verde,0,-3,26,60,120,0.5000,0.1429,249,72,104,73
466,1649972298,verde,azul,heuristica,verde,0,-3,26,0,120,0.0000,0.0400,598,36,520,42
467,2086780469,vermelho,verde,mcts,verde,1,3,18,30,0,30.0000,0.0000,936,150,726,60
467,2086780469,vermelho,vermelho,art3miz_0.1,verde,0,-3,18,110,120,0.9167,0.1765,386,103,187,96
467,2086780469,vermelho,azul,heuristica,verde,0,-3,18,90,110,0.8182,0.2667,578,124,323,131
468,1112072917,azul,verde,mcts,empate,0,-1,100,30,0,30.0000,0.0202,3316,825,2371,120
468,1112072917,azul,vermelho,art3miz_0.1,empate,0,-1,100,0,30,0.0000,0.5152,1669,23,1625,21
468,1112072917,azul,azul,heuristica,empate,0,-1,100,0,0,0.0000,0.0000,1047,0,1047,0
469,223052448,verde,verde,mcts,verde,1,3,19,30,0,30.0000,0.0000,989,192,737,60
469,223052448,verde,vermelho,art3miz_0.1,verde,0,-3,19,120,120,1.0000,0.0000,412,96,229,87
469,223052448,verde,azul,heuristica,verde,0,-3,19,90,120,0.7500,0.0000,451,117,224,110
470,1629194997,vermelho,verde,mcts,azul,0,-3,30,90,120,0.7500,0.0000,2647,1321,1086,240
470,1629194997,vermelho,vermelho,art3miz_0.1,azul,0,-3,30,120,120,1.0000,0.0000,568,132,319,117
470,1629194997,vermelho,azul,heuristica,azul,1,3,30,30,0,30.0000,0.0000,577,27,527,23
471,2020547047,azul,verde,mcts,verde,1,3,23,30,0,30.0000,0.0000,952,178,714,60
471,2020547047,azul,vermelho,art3miz_0.1,verde,0,-3,23,120,110,1.0909,0.1905,409,107,202,100
471,2020547047,azul,azul,heuristica,verde,0,-3,23,80,120,0.6667,0.2000,444,93,251,100
472,1561709938,verde,verde,mcts,empate,0,-1,100,120,90,1.3333,0.0000,5203,1328,3575,300
472,1561709938,verde,vermelho,art3miz_0.1,empate,0,-1,100,90,120,0.7500,0.0000,340,98,155,87
472,1561709938,verde,azul,heuristica,empate,0,-1,100,0,0,0.0000,0.0000,1856,71,1719,66
473,34472910,vermelho,verde,mcts,verde,1,3,36,30,30,1.0000,0.0000,1255,81,1114,60
473,34472910,vermelho,vermelho,art3miz_0.1,verde,0,-3,36,80,110,0.7273,0.0667,429,105,227,97
473,34472910,vermelho,azul,heuristica,verde,0,-3,36,140,110,1.2727,0.0571,1061,170,729,162
474,1889495832,azul,verde,mcts,verde,1,3,12,30,0,30.0000,0.0000,932,271,601,60
474,1889495832,azul,vermelho,art3miz_0.1,verde,0,-3,12,120,120,1.0000,0.0000,379,103,181,95
474,1889495832,azul,azul,heuristica,verde,0,-3,12,90,120,0.7500,0.0000,398,78,246,74
475,2075334735,verde,verde,mcts,azul,0,-3,13,140,100,1.4000,0.6154,4491,2387,1684,420
475,2075334735,verde,vermelho,art3miz_0.1,azul,0,-3,13,90,110,0.8182,0.4167,516,172,228,116
475,2075334735,verde,azul,heuristica,azul,1,3,13,60,80,0.7500,0.6154,537,127,290,120
476,518344282,vermelho,verde,mcts,verde,1,3,11,50,0,50.0000,0.0000,1411,427,864,120
476,518344282,vermelho,vermelho,art3miz_0.1,verde,0,-3,11,80,120,0.6667,0.3333,296,82,139,75
476,518344282,vermelho,azul,heuristica,verde,0,-3,11,90,100,0.9000,0.6000,503,126,252,125
477,664865225,azul,verde,mcts,verde,1,3,21,90,60,1.5000,0.1500,2077,674,1223,180
477,664865225,azul,vermelho,art3miz_0.1,verde,0,-3,21,160,120,1.3333,0.2632,564,140,300,124
477,664865225,azul,azul,heuristica,verde,0,-3,21,30,100,0.3000,0.4000,394,76,244,74
478,1713655207,verde,verde,mcts,azul,0,-3,33,180,120,1.5000,0.1818,4290,1851,2079,360
478,1713655207,verde,vermelho,art3miz_0.1,azul,0,-3,33,60,120,0.5000,0.0000,253,76,104,73
478,1713655207,verde,azul,heuristica,azul,1,3,33,60,60,1.0000,0.0909,858,35,791,32
479,927898304,vermelho,verde,mcts,vermelho,0,-3,10,150,120,1.2500,0.0000,3763,1857,1546,360
479,927898304,vermelho,vermelho,art3miz_0.1,vermelho,1,3,10,60,30,2.0000,0.0000,199,48,106,45
479,927898304,vermelho,azul,heuristica,vermelho,0,-3,10,60,120,0.5000,0.2000,280,79,126,75
480,512606905,azul,verde,mcts,azul,0,-3,16,90,120,0.7500,0.0769,2433,1519,734,180
480,512606905,azul,vermelho,art3miz_0.1,azul,0,-3,16,120,120,1.0000,0.2000,420,88,258,74
480,512606905,azul,azul,heuristica,azul,1,3,16,30,0,30.0000,0.0000,461,51,352,58
481,741330521,verde,verde,mcts,azul,0,-3,31,180,120,1.5000,0.0000,4119,1886,1873,360
481,741330521,verde,vermelho,art3miz_0.1,azul,0,-3,31,60,120,0.5000,0.0000,281,75,138,68
481,741330521,verde,azul,heuristica,azul,1,3,31,60,60,1.0000,0.1935,886,77,731,78
482,1245569230,vermelho,verde,mcts,vermelho,0,-3,21,180,120,1.5000,0.0000,4588,2298,1870,420
482,1245569230,vermelho,vermelho,art3miz_0.1,vermelho,1,3,21,60,60,1.0000,0.1429,343,66,219,58
482,1245569230,vermelho,azul,heuristica,vermelho,0,-3,21,60,120,0.5000,0.0000,245,69,113,63
483,1772636271,azul,verde,mcts,azul,0,-3,15,180,120,1.5000,0.0000,3850,1819,1671,360
483,1772636271,azul,vermelho,art3miz_0.1,azul,0,-3,15,60,120,0.5000,0.0000,269,84,110,75
483,1772636271,azul,azul,heuristica,azul,1,3,15,60,60,1.0000,0.0667,462,54,358,50
484,439522726,verde,verde,mcts,verde,1,3,14,30,0,30.0000,0.0000,913,190,663,60
484,439522726,verde,vermelho,art3miz_0.1,verde,0,-3,14,120,120,1.0000,0.0000,488,124,231,133
484,439522726,verde,azul,heuristica,verde,0,-3,14,90,120,0.7500,0.0000,306,79,152,75
485,1210558033,vermelho,verde,mcts,verde,1,3,13,30,0,30.0000,0.0000,883,224,599,60
485,1210558033,vermelho,vermelho,art3miz_0.1,verde,0,-3,13,90,120,0.7500,0.1000,256,80,101,75
485,1210558033,vermelho,azul,heuristica,verde,0,-3,13,120,120,1.0000,0.0000,489,105,284,100
486,1816776073,azul,verde,mcts,verde,1,3,17,90,0,90.0000,0.0000,2577,1126,1271,180
486,1816776073,azul,vermelho,art3miz_0.1,verde,0,-3,17,60,120,0.5000,0.1538,415,94,225,96
486,1816776073,azul,azul,heuristica,verde,0,-3,17,90,120,0.7500,0.0625,640,135,385,120
487,808127244,verde,verde,mcts,verde,1,3,15,240,90,2.6667,0.0000,4973,2251,2242,480
487,808127244,verde,vermelho,art3miz_0.1,verde,0,-3,15,90,120,0.7500,0.0000,257,80,107,70
487,808127244,verde,azul,heuristica,verde,0,-3,15,0,120,0.0000,0.0000,502,78,349,75
488,69747369,vermelho,verde,mcts,empate,0,-1,100,0,0,0.0000,0.0101,1794,0,1794,0
488,69747369,vermelho,vermelho,art3miz_0.1,empate,0,-1,100,0,0,0.0000,0.9700,2062,49,2013,0
488,69747369,vermelho,azul,heuristica,empate,0,-1,100,0,0,0.0000,0.0000,1996,48,1948,0
489,1668374150,azul,verde,mcts,vermelho,0,-3,16,120,120,1.0000,0.2000,4130,2055,1715,360
489,1668374150,azul,vermelho,art3miz_0.1,vermelho,1,3,16,90,30,3.0000,0.0667,235,59,127,49
489,1668374150,azul,azul,heuristica,vermelho,0,-3,16,60,120,0.5000,0.3077,515,99,318,98
490,1304348503,verde,verde,mcts,vermelho,0,-3,15,180,120,1.5000,0.0000,4893,2717,1756,420
490,1304348503,verde,vermelho,art3miz_0.1,vermelho,1,3,15,30,60,0.5000,0.0000,327,55,222,50
490,1304348503,verde,azul,heuristica,vermelho,0,-3,15,90,120,0.7500,0.0000,376,102,175,99
491,133541920,vermelho,verde,mcts,verde,1,3,25,30,0,30.0000,0.0417,1041,155,826,60
491,133541920,vermelho,vermelho,art3miz_0.1,verde,0,-3,25,90,120,0.7500,0.0000,249,80,94,75
491,133541920,vermelho,azul,heuristica,verde,0,-3,25,120,120,1.0000,0.1250,816,121,579,116
492,1603595673,azul,verde,mcts,vermelho,0,-3,10,120,120,1.0000,0.1111,2464,1108,1116,240
492,1603595673,azul,vermelho,art3miz_0.1,vermelho,1,3,10,30,0,30.0000,0.1111,54,2,52,0
492,1603595673,azul,azul,heuristica,vermelho,0,-3,10,90,120,0.7500,0.0000,379,103,176,100
493,1118675268,verde,verde,mcts,azul,0,-3,16,200,120,1.6667,0.0625,4452,2117,1915,420
493,1118675268,verde,vermelho,art3miz_0.1,azul,0,-3,16,30,110,0.2727,0.1429,263,78,110,75
493,1118675268,verde,azul,heuristica,azul,1,3,16,90,90,1.0000,0.0625,547,89,376,82
494,1097557813,vermelho,verde,mcts,vermelho,0,-3,13,150,120,1.2500,0.0000,3780,1875,1545,360
494,1097557813,vermelho,vermelho,art3miz_0.1,vermelho,1,3,13,60,30,2.0000,0.0000,222,49,130,43
494,1097557813,vermelho,azul,heuristica,vermelho,0,-3,13,60,120,0.5000,0.0000,424,127,173,124
495,1791619833,azul,verde,mcts,verde,1,3,15,220,80,2.7500,0.2143,5097,2470,2147,480
495,1791619833,azul,vermelho,art3miz_0.1,verde,0,-3,15,60,120,0.5000,0.3077,271,77,124,70
495,1791619833,azul,azul,heuristica,verde,0,-3,15,20,100,0.2000,0.8000,306,94,119,93
496,1967010406,verde,verde,mcts,verde,1,3,41,30,30,1.0000,0.0976,1341,93,1188,60
496,1967010406,verde,vermelho,art3miz_0.1,verde,0,-3,41,90,120,0.7500,0.0000,306,84,145,77
496,1967010406,verde,azul,heuristica,verde,0,-3,41,150,120,1.2500,0.0250,1117,154,819,144
497,717339568,vermelho,verde,mcts,verde,1,3,19,180,70,2.5714,0.1111,3968,2071,1537,360
497,717339568,vermelho,vermelho,art3miz_0.1,verde,0,-3,19,40,120,0.3333,0.2778,493,145,236,112
497,717339568,vermelho,azul,heuristica,verde,0,-3,19,70,100,0.7000,0.1875,507,105,336,66
498,671962700,azul,verde,mcts,verde,1,3,19,30,0,30.0000,0.1111,910,100,750,60
498,671962700,azul,vermelho,art3miz_0.1,verde,0,-3,19,110,120,0.9167,0.1765,412,94,224,94
498,671962700,azul,azul,heuristica,verde,0,-3,19,90,110,0.8182,0.5000,495,121,250,124
499,718487412,verde,verde,mcts,verde,1,3,14,180,90,2.0000,0.0000,4552,2452,1680,420
499,718487412,verde,vermelho,art3miz_0.1,verde,0,-3,14,90,120,0.7500,0.1538,407,112,220,75
499,718487412,verde,azul,heuristica,verde,0,-3,14,60,120,0.5000,0.0000,422,104,230,88
500,244965602,vermelho,verde,mcts,azul,0,-3,22,150,120,1.2500,0.0952,3474,1539,1635,300
500,244965602,vermelho,vermelho,art3miz_0.1,azul,0,-3,22,90,120,0.7500,0.0000,242,84,83,75
500,244965602,vermelho,azul,heuristica,azul,1,3,22,30,30,1.0000,0.0909,516,21,476,19
501,689613760,azul,verde,mcts,azul,0,-3,41,210,120,1.7500,0.0250,5102,2104,2578,420
501,689613760,azul,vermelho,art3miz_0.1,azul,0,-3,41,60,120,0.5000,0.1765,313,77,163,73
501,689613760,azul,azul,heuristica,azul,1,3,41,60,90,0.6667,0.0000,846,62,717,67
502,201796813,verde,verde,mcts,verde,1,3,13,30,30,1.0000,0.0000,780,106,614,60
502,201796813,verde,vermelho,art3miz_0.1,verde,0,-3,13,150,110,1.3636,0.0833,383,111,173,99
502,201796813,verde,azul,heuristica,verde,0,-3,13,80,120,0.6667,0.0000,255,79,101,75
503,2095621178,vermelho,verde,mcts,azul,0,-3,18,120,120,1.0000,0.0000,2608,1083,1285,240
503,2095621178,vermelho,vermelho,art3miz_0.1,azul,0,-3,18,90,120,0.7500,0.0000,273,74,134,65
503,2095621178,vermelho,azul,heuristica,azul,1,3,18,30,0,30.0000,0.1667,449,21,409,19
504,512691303,azul,verde,mcts,empate,0,-1,100,90,120,0.7500,0.1053,2249,975,1094,180
504,512691303,azul,vermelho,art3miz_0.1,empate,0,-1,100,0,0,0.0000,0.0000,1721,0,1721,0
504,512691303,azul,azul,heuristica,empate,0,-1,100,120,90,1.3333,0.0300,2218,115,1993,110
505,520339085,verde,verde,mcts,verde,1,3,19,180,60,3.0000,0.0526,4031,1760,1911,360
505,520339085,verde,vermelho,art3miz_0.1,verde,0,-3,19,90,120,0.7500,0.0556,510,129,263,118
505,520339085,verde,azul,heuristica,verde,0,-3,19,30,120,0.2500,0.0769,589,140,310,139
506,319236723,vermelho,verde,mcts,verde,1,3,23,30,0,30.0000,0.0455,1028,136,832,60
506,319236723,vermelho,vermelho,art3miz_0.1,verde,0,-3,23,90,120,0.7500,0.1000,390,109,181,100
506,319236723,vermelho,azul,heuristica,verde,0,-3,23,120,120,1.0000,0.3636,792,132,535,125
507,1680688708,azul,verde,mcts,verde,1,3,16,30,0,30.0000,0.1333,968,213,695,60
507,1680688708,azul,vermelho,art3miz_0.1,verde,0,-3,16,80,120,0.6667,0.2727,279,79,125,75
507,1680688708,azul,azul,heuristica,verde,0,-3,16,120,110,1.0909,0.2667,650,148,356,146
508,887407502,verde,verde,mcts,azul,0,-3,16,180,120,1.5000,0.0625,3922,1886,1676,360
508,887407502,verde,vermelho,art3miz_0.1,azul,0,-3,16,30,120,0.2500,0.0000,254,80,100,74
508,887407502,verde,azul,heuristica,azul,1,3,16,90,60,1.5000,0.0000,562,83,404,75
509,191222333,vermelho,verde,mcts,vermelho,0,-3,16,50,110,0.4545,0.5714,2677,1600,837,240
509,191222333,vermelho,vermelho,art3miz_0.1,vermelho,1,3,16,60,60,1.0000,0.1250,227,56,121,50
509,191222333,vermelho,azul,heuristica,vermelho,0,-3,16,170,110,1.5455,0.5333,701,172,362,167
510,608521437,azul,verde,mcts,vermelho,0,-3,19,60,100,0.6000,0.1765,2600,1709,711,180
510,608521437,azul,vermelho,art3miz_0.1,vermelho,1,3,19,80,60,1.3333,0.0556,397,101,228,68
510,608521437,azul,azul,heuristica,vermelho,0,-3,19,130,110,1.1818,0.1111,753,236,396,121
511,656961761,verde,verde,mcts,vermelho,0,-3,13,60,120,0.5000,0.0000,1395,548,727,120
511,656961761,verde,vermelho,art3miz_0.1,vermelho,1,3,13,150,90,1.6667,0.0000,323,98,140,85
511,656961761,verde,azul,heuristica,vermelho,0,-3,13,120,120,1.0000,0.0833,493,117,289,87
512,310149982,vermelho,verde,mcts,verde,1,3,29,30,0,30.0000,0.0357,1205,157,988,60
512,310149982,vermelho,vermelho,art3miz_0.1,verde,0,-3,29,90,120,0.7500,0.0000,238,79,85,74
512,310149982,vermelho,azul,heuristica,verde,0,-3,29,120,120,1.0000,0.0357,896,103,696,97
513,1141277885,azul,verde,mcts,verde,1,3,16,30,0,30.0000,0.0000,879,157,662,60
513,1141277885,azul,vermelho,art3miz_0.1,verde,0,-3,16,120,120,1.0000,0.0714,458,133,200,125
513,1141277885,azul,azul,heuristica,verde,0,-3,16,90,120,0.7500,0.0000,357,105,152,100
514,1226790344,verde,verde,mcts,vermelho,0,-3,13,150,120,1.2500,0.0000,3201,1534,1367,300
514,1226790344,verde,vermelho,art3miz_0.1,vermelho,1,3,13,30,30,1.0000,0.0769,168,29,114,25
514,1226790344,verde,azul,heuristica,vermelho,0,-3,13,90,120,0.7500,0.0000,374,98,176,100
515,1535129199,vermelho,verde,mcts,verde,1,3,20,30,0,30.0000,0.0526,921,119,742,60
515,1535129199,vermelho,vermelho,art3miz_0.1,verde,0,-3,20,100,120,0.8333,0.2632,481,132,227,122
515,1535129199,vermelho,azul,heuristica,verde,0,-3,20,90,100,0.9000,0.2000,462,123,224,115
516,1150841547,azul,verde,mcts,verde,1,3,28,30,0,30.0000,0.0000,1137,136,941,60
516,1150841547,azul,vermelho,art3miz_0.1,verde,0,-3,28,90,120,0.7500,0.1429,419,80,264,75
516,1150841547,azul,azul,heuristica,verde,0,-3,28,120,120,1.0000,0.0741,930,127,678,125
517,1165334641,verde,verde,mcts,empate,0,-1,100,0,0,0.0000,0.0000,2015,48,1967,0
517,1165334641,verde,vermelho,art3miz_0.1,empate,0,-1,100,0,0,0.0000,0.0000,2127,49,2078,0
517,1165334641,verde,azul,heuristica,empate,0,-1,100,0,0,0.0000,0.0100,2582,0,2582,0
518,681806193,vermelho,verde,mcts,empate,0,-1,100,0,0,0.0000,0.0101,2415,0,2415,0
518,681806193,vermelho,vermelho,art3miz_0.1,empate,0,-1,100,90,120,0.7500,0.0000,233,76,86,71
518,681806193,vermelho,azul,heuristica,empate,0,-1,100,120,90,1.3333,0.4000,4452,1097,2297,1058
519,1279852028,azul,verde,mcts,azul,0,-3,17,120,120,1.0000,0.0000,2933,1476,1217,240
519,1279852028,azul,vermelho,art3miz_0.1,azul,0,-3,17,90,120,0.7500,0.0833,357,135,135,87
519,1279852028,azul,azul,heuristica,azul,1,3,17,30,0,30.0000,0.3529,685,137,409,139
520,927686692,verde,verde,mcts,verde,1,3,17,60,0,60.0000,0.0000,1648,567,961,120
520,927686692,verde,vermelho,art3miz_0.1,verde,0,-3,17,90,120,0.7500,0.0000,407,82,250,75
520,927686692,verde,azul,heuristica,verde,0,-3,17,90,120,0.7500,0.0000,576,101,375,100
521,1035302288,vermelho,verde,mcts,azul,0,-3,17,210,120,1.7500,0.0000,5028,2343,2205,480
521,1035302288,vermelho,vermelho,art3miz_0.1,azul,0,-3,17,60,120,0.5000,0.2222,295,83,138,74
521,1035302288,vermelho,azul,heuristica,azul,1,3,17,60,90,0.6667,0.1176,740,163,427,150
522,984794711,azul,verde,mcts,empate,0,-1,100,0,0,0.0000,0.0101,2503,0,2503,0
522,984794711,azul,vermelho,art3miz_0.1,empate,0,-1,100,120,90,1.3333,0.0000,4260,977,2233,1050
522,984794711,azul,azul,heuristica,empate,0,-1,100,90,120,0.7500,0.0455,709,104,505,100
523,327484689,verde,verde,mcts,verde,1,3,12,150,90,1.6667,0.0000,3594,1939,1355,300
523,327484689,verde,vermelho,art3miz_0.1,verde,0,-3,12,60,120,0.5000,0.0000,224,80,97,47
523,327484689,verde,azul,heuristica,verde,0,-3,12,120,120,1.0000,0.0000,614,215,259,140
524,386297152,vermelho,verde,mcts,vermelho,0,-3,17,60,120,0.5000,0.0000,2037,1091,766,180
524,386297152,vermelho,vermelho,art3miz_0.1,vermelho,1,3,17,60,60,1.0000,0.0588,304,50,214,40
524,386297152,vermelho,azul,heuristica,vermelho,0,-3,17,180,120,1.5000,0.0000,590,132,336,122
525,349317291,azul,verde,mcts,vermelho,0,-3,20,180,120,1.5000,0.0000,4479,2083,1976,420
525,349317291,azul,vermelho,art3miz_0.1,vermelho,1,3,20,60,60,1.0000,0.0000,283,67,149,67
525,349317291,azul,azul,heuristica,vermelho,0,-3,20,60,120,0.5000,0.0000,364,92,181,91
526,2000841264,verde,verde,mcts,vermelho,0,-3,30,90,120,0.7500,0.0000,2029,967,882,180
526,2000841264,verde,vermelho,art3miz_0.1,vermelho,1,3,30,30,30,1.0000,0.0667,215,28,162,25
526,2000841264,verde,azul,heuristica,vermelho,0,-3,30,150,120,1.2500,0.0000,979,175,641,163
527,1679114366,vermelho,verde,mcts,verde,1,3,21,60,30,2.0000,0.0000,2101,538,1383,180
527,1679114366,vermelho,vermelho,art3miz_0.1,verde,0,-3,21,130,110,1.1818,0.4500,601,162,289,150
527,1679114366,vermelho,azul,heuristica,verde,0,-3,21,50,100,0.5000,0.4667,729,178,376,175
528,54272465,azul,verde,mcts,vermelho,0,-3,12,180,120,1.5000,0.0000,3742,1822,1560,360
528,54272465,azul,vermelho,art3miz_0.1,vermelho,1,3,12,60,60,1.0000,0.0000,187,56,81,50
528,54272465,azul,azul,heuristica,vermelho,0,-3,12,60,120,0.5000,0.0000,347,97,150,100
529,2003592322,verde,verde,mcts,azul,0,-3,23,150,120,1.2500,0.0435,4011,1850,1801,360
529,2003592322,verde,vermelho,art3miz_0.1,azul,0,-3,23,90,120,0.7500,0.0000,340,107,133,100
529,2003592322,verde,azul,heuristica,azul,1,3,23,30,30,1.0000,0.0870,421,30,363,28
530,1331448970,vermelho,verde,mcts,azul,0,-3,11,90,120,0.7500,0.0000,2683,1810,693,180
530,1331448970,vermelho,vermelho,art3miz_0.1,azul,0,-3,11,120,120,1.0000,0.0000,439,135,182,122
530,1331448970,vermelho,azul,heuristica,azul,1,3,11,30,0,30.0000,0.0000,373,69,261,43
531,482643454,azul,verde,mcts,azul,0,-3,19,150,120,1.2500,0.1111,3977,1955,1662,360
531,482643454,azul,vermelho,art3miz_0.1,azul,0,-3,19,60,120,0.5000,0.0000,217,65,94,58
531,482643454,azul,azul,heuristica,azul,1,3,19,60,30,2.0000,0.0000,477,54,373,50
532,1779565378,verde,verde,mcts,vermelho,0,-3,13,150,120,1.2500,0.3077,3380,1889,1191,300
532,1779565378,verde,vermelho,art3miz_0.1,vermelho,1,3,13,100,60,1.6667,0.3846,529,185,219,125
532,1779565378,verde,azul,heuristica,vermelho,0,-3,13,30,100,0.3000,0.2500,445,144,201,100
533,2054481438,vermelho,verde,mcts,verde,1,3,29,30,60,0.5000,0.0714,1611,204,1287,120
533,2054481438,vermelho,vermelho,art3miz_0.1,verde,0,-3,29,90,120,0.7500,0.0000,247,76,99,72
533,2054481438,vermelho,azul,heuristica,verde,0,-3,29,180,120,1.5000,0.0000,904,137,639,128
534,1078675238,azul,verde,mcts,azul,0,-3,31,210,120,1.7500,0.0333,4773,2092,2261,420
534,1078675238,azul,vermelho,art3miz_0.1,azul,0,-3,31,90,120,0.7500,0.0000,236,75,96,65
534,1078675238,azul,azul,heuristica,azul,1,3,31,30,90,0.3333,0.1613,934,91,754,89
535,843908336,verde,verde,mcts,verde,1,3,22,240,90,2.6667,0.0455,5909,3129,2300,480
535,843908336,verde,vermelho,art3miz_0.1,verde,0,-3,22,90,120,0.7500,0.1429,836,222,439,175
535,843908336,verde,azul,heuristica,verde,0,-3,22,0,120,0.0000,0.3571,547,95,352,100
536,681987113,vermelho,verde,mcts,azul,0,-3,20,210,120,1.7500,0.0000,4438,2072,1946,420
536,681987113,vermelho,vermelho,art3miz_0.1,azul,0,-3,20,60,120,0.5000,0.0000,289,82,135,72
536,681987113,vermelho,azul,heuristica,azul,1,3,20,60,90,0.6667,0.1000,638,80,483,75
537,1423106760,azul,verde,mcts,vermelho,0,-3,7,120,120,1.0000,0.0000,2405,1093,1072,240
537,1423106760,azul,vermelho,art3miz_0.1,vermelho,1,3,7,30,0,30.0000,0.1667,46,2,44,0
537,1423106760,azul,azul,heuristica,vermelho,0,-3,7,90,120,0.7500,0.0000,283,81,127,75
538,1079511724,verde,verde,mcts,azul,0,-3,21,150,120,1.2500,0.0952,3379,1525,1554,300
538,1079511724,verde,vermelho,art3miz_0.1,azul,0,-3,21,60,120,0.5000,0.1429,267,82,110,75
538,1079511724,verde,azul,heuristica,azul,1,3,21,60,30,2.0000,0.0476,580,54,479,47
539,419734749,vermelho,verde,mcts,azul,0,-3,16,120,120,1.0000,0.0000,3272,1432,1540,300
539,419734749,vermelho,vermelho,art3miz_0.1,azul,0,-3,16,90,120,0.7500,0.0000,350,107,143,100
539,419734749,vermelho,azul,heuristica,azul,1,3,16,30,0,30.0000,0.1250,564,101,363,100
540,1655343181,azul,verde,mcts,verde,1,3,18,240,70,3.4286,0.2941,5147,2288,2379,480
540,1655343181,azul,vermelho,art3miz_0.1,verde,0,-3,18,0,120,0.0000,0.5000,236,77,86,73
540,1655343181,azul,azul,heuristica,verde,0,-3,18,70,120,0.5833,0.1765,560,81,404,75
541,1499152475,verde,verde,mcts,azul,0,-3,19,150,120,1.2500,0.0000,3740,2120,1320,300
541,1499152475,verde,vermelho,art3miz_0.1,azul,0,-3,19,90,120,0.7500,0.0000,299,102,128,69
541,1499152475,verde,azul,heuristica,azul,1,3,19,90,90,1.0000,0.0000,775,191,405,179
542,1832667766,vermelho,verde,mcts,azul,0,-3,22,150,120,1.2500,0.0000,3450,1522,1628,300
542,1832667766,vermelho,vermelho,art3miz_0.1,azul,0,-3,22,90,120,0.7500,0.0000,433,104,234,95
542,1832667766,vermelho,azul,heuristica,azul,1,3,22,30,30,1.0000,0.0909,607,27,555,25
543,1264378068,azul,verde,mcts,azul,0,-3,19,150,100,1.5000,0.2778,3876,2222,1354,300
543,1264378068,azul,vermelho,art3miz_0.1,azul,0,-3,19,70,120,0.5833,0.2857,548,136,287,125
543,1264378068,azul,azul,heuristica,azul,1,3,19,30,30,1.0000,0.0000,671,100,471,100
544,1308472688,verde,verde,mcts,verde,1,3,14,30,0,30.0000,0.2143,927,195,672,60
544,1308472688,verde,vermelho,art3miz_0.1,verde,0,-3,14,110,120,0.9167,0.4615,439,128,194,117
544,1308472688,verde,azul,heuristica,verde,0,-3,14,90,110,0.8182,0.3636,406,87,232,87
545,1643580531,vermelho,verde,mcts,verde,1,3,27,240,90,2.6667,0.0385,5015,2157,2378,480
545,1643580531,vermelho,vermelho,art3miz_0.1,verde,0,-3,27,30,120,0.2500,0.0000,273,72,134,67
545,1643580531,vermelho,azul,heuristica,verde,0,-3,27,60,120,0.5000,0.0385,677,45,584,48
546,639957133,azul,verde,mcts,vermelho,0,-3,29,120,120,1.0000,0.1111,2913,1447,1226,240
546,639957133,azul,vermelho,art3miz_0.1,vermelho,1,3,29,30,60,0.5000,0.0000,696,96,513,87
546,639957133,azul,azul,heuristica,vermelho,0,-3,29,150,120,1.2500,0.0357,1141,220,679,242
547,1965988595,verde,verde,mcts,azul,0,-3,25,180,120,1.5000,0.0400,3976,1881,1735,360
547,1965988595,verde,vermelho,art3miz_0.1,azul,0,-3,25,90,120,0.7500,0.0909,266,71,133,62
547,1965988595,verde,azul,heuristica,azul,1,3,25,30,60,0.5000,0.0800,712,72,570,70
548,785624668,vermelho,verde,mcts,verde,1,3,9,30,0,30.0000,0.3750,790,219,511,60
548,785624668,vermelho,vermelho,art3miz_0.1,verde,0,-3,9,90,120,0.7500,0.0000,289,105,110,74
548,785624668,vermelho,azul,heuristica,verde,0,-3,9,120,120,1.0000,0.0000,389,103,189,97
549,474626655,azul,verde,mcts,verde,1,3,19,30,0,30.0000,0.0000,984,199,725,60
549,474626655,azul,vermelho,art3miz_0.1,verde,0,-3,19,90,120,0.7500,0.0000,286,81,130,75
549,474626655,azul,azul,heuristica,verde,0,-3,19,120,120,1.0000,0.0556,702,128,449,125
550,1347717309,verde,verde,mcts,vermelho,0,-3,14,210,120,1.7500,0.0000,4469,2169,1880,420
550,1347717309,verde,vermelho,art3miz_0.1,vermelho,1,3,14,120,90,1.3333,0.0000,284,81,133,70
550,1347717309,verde,azul,heuristica,vermelho,0,-3,14,0,120,0.0000,0.0000,396,95,201,100
551,1940104168,vermelho,verde,mcts,vermelho,0,-3,18,150,120,1.2500,0.0000,3255,1516,1439,300
551,1940104168,vermelho,vermelho,art3miz_0.1,vermelho,1,3,18,30,30,1.0000,0.1111,187,29,133,25
551,1940104168,vermelho,azul,heuristica,vermelho,0,-3,18,90,120,0.7500,0.0000,357,106,151,100
552,1153931505,azul,verde,mcts,azul,0,-3,13,60,120,0.5000,0.0000,2592,1574,778,240
552,1153931505,azul,vermelho,art3miz_0.1,azul,0,-3,13,150,120,1.2500,0.0833,422,126,182,114
552,1153931505,azul,azul,heuristica,azul,1,3,13,60,30,2.0000,0.0000,464,75,314,75
553,2144325616,verde,verde,mcts,verde,1,3,30,30,30,1.0000,0.0000,1171,90,1021,60
553,2144325616,verde,vermelho,art3miz_0.1,verde,0,-3,30,90,120,0.7500,0.0000,456,104,256,96
553,2144325616,verde,azul,heuristica,verde,0,-3,30,150,120,1.2500,0.0000,967,150,678,139
554,30024536,vermelho,verde,mcts,empate,0,-1,100,120,0,120.0000,0.0303,4898,1219,3439,240
554,30024536,vermelho,vermelho,art3miz_0.1,empate,0,-1,100,0,120,0.0000,0.0625,309,51,183,75
554,30024536,vermelho,azul,heuristica,empate,0,-1,100,0,0,0.0000,0.0100,1770,36,1688,46
555,1910399178,azul,verde,mcts,verde,1,3,20,30,0,30.0000,0.0000,1014,174,780,60
555,1910399178,azul,vermelho,art3miz_0.1,verde,0,-3,20,120,120,1.0000,0.0000,537,106,334,97
555,1910399178,azul,azul,heuristica,verde,0,-3,20,90,120,0.7500,0.0000,548,92,360,96
556,1783435411,verde,verde,mcts,vermelho,0,-3,26,150,110,1.3636,0.1154,3567,1514,1753,300
556,1783435411,verde,vermelho,art3miz_0.1,vermelho,1,3,26,30,30,1.0000,0.1154,346,51,233,62
556,1783435411,verde,azul,heuristica,vermelho,0,-3,26,80,120,0.6667,0.3333,352,103,149,100
557,2033767092,vermelho,verde,mcts,azul,0,-3,21,150,120,1.2500,0.1000,3330,1548,1482,300
557,2033767092,vermelho,vermelho,art3miz_0.1,azul,0,-3,21,90,120,0.7500,0.0909,291,80,139,72
557,2033767092,vermelho,azul,heuristica,azul,1,3,21,30,30,1.0000,0.0476,582,44,497,41
558,1903858974,azul,verde,mcts,verde,1,3,17,60,60,1.0000,0.0000,1355,321,914,120
558,1903858974,azul,vermelho,art3miz_0.1,verde,0,-3,17,60,120,0.5000,0.0000,262,80,107,75
558,1903858974,azul,azul,heuristica,verde,0,-3,17,180,120,1.5000,0.0625,641,143,365,133
559,1761344236,verde,verde,mcts,vermelho,0,-3,18,150,110,1.3636,0.1667,3884,1671,1853,360
559,1761344236,verde,vermelho,art3miz_0.1,vermelho,1,3,18,30,30,1.0000,0.1111,234,53,133,48
559,1761344236,verde,azul,heuristica,vermelho,0,-3,18,80,120,0.6667,0.2857,383,107,176,100
560,822547579,vermelho,verde,mcts,vermelho,0,-3,21,90,120,0.7500,0.0000,1978,998,800,180
560,822547579,vermelho,vermelho,art3miz_0.1,vermelho,1,3,21,30,30,1.0000,0.0476,188,29,134,25
560,822547579,vermelho,azul,heuristica,vermelho,0,-3,21,150,120,1.2500,0.1000,725,134,468,123
561,369036526,azul,verde,mcts,vermelho,0,-3,18,210,120,1.7500,0.0000,4421,2064,1937,420
561,369036526,azul,vermelho,art3miz_0.1,vermelho,1,3,18,90,90,1.0000,0.1176,300,85,140,75
561,369036526,azul,azul,heuristica,vermelho,0,-3,18,30,120,0.2500,0.0000,306,79,152,75
562,385294681,verde,verde,mcts,vermelho,0,-3,23,120,120,1.0000,0.0870,2784,1115,1429,240
562,385294681,verde,vermelho,art3miz_0.1,vermelho,1,3,23,30,0,30.0000,0.0435,331,29,278,24
562,385294681,verde,azul,heuristica,vermelho,0,-3,23,90,120,0.7500,0.0000,339,100,142,97
563,1351163531,vermelho,verde,mcts,azul,0,-3,45,150,120,1.2500,0.0455,3869,1534,2035,300
563,1351163531,vermelho,vermelho,art3miz_0.1,azul,0,-3,45,60,120,0.5000,0.0000,264,82,107,75
563,1351163531,vermelho,azul,heuristica,azul,1,3,45,60,30,2.0000,0.0667,1077,47,982,48
564,788961864,azul,verde,mcts,vermelho,0,-3,13,180,120,1.5000,0.0833,3799,1857,1582,360
564,788961864,azul,vermelho,art3miz_0.1,vermelho,1,3,13,60,60,1.0000,0.1667,207,53,107,47
564,788961864,azul,azul,heuristica,vermelho,0,-3,13,60,120,0.5000,0.2000,280,79,126,75
565,503141246,verde,verde,mcts,azul,0,-3,30,180,120,1.5000,0.0667,4212,1870,1982,360
565,503141246,verde,vermelho,art3miz_0.1,azul,0,-3,30,90,120,0.7500,0.1429,252,79,104,69
565,503141246,verde,azul,heuristica,azul,1,3,30,30,60,0.5000,0.1000,803,53,700,50
566,1238521743,vermelho,verde,mcts,azul,0,-3,37,210,120,1.7500,0.0000,5453,2288,2685,480
566,1238521743,vermelho,vermelho,art3miz_0.1,azul,0,-3,37,60,120,0.5000,0.0000,359,98,161,100
566,1238521743,vermelho,azul,heuristica,azul,1,3,37,60,90,0.6667,0.0000,874,78,722,74
567,885807520,azul,verde,mcts,vermelho,0,-3,16,180,100,1.8000,0.4000,6057,3451,2066,540
567,885807520,azul,vermelho,art3miz_0.1,vermelho,1,3,16,40,60,0.6667,0.3333,377,125,185,67
567,885807520,azul,azul,heuristica,vermelho,0,-3,16,60,120,0.5000,0.5000,495,124,274,97
568,267902503,verde,verde,mcts,verde,1,3,13,30,30,1.0000,0.1538,767,100,607,60
568,267902503,verde,vermelho,art3miz_0.1,verde,0,-3,13,140,120,1.1667,0.2500,382,110,172,100
568,267902503,verde,azul,heuristica,verde,0,-3,13,90,110,0.8182,0.2000,271,77,121,73
569,1922683726,vermelho,verde,mcts,vermelho,0,-3,23,210,120,1.7500,0.0455,4543,2084,2039,420
569,1922683726,vermelho,vermelho,art3miz_0.1,vermelho,1,3,23,60,90,0.6667,0.1304,379,97,193,89
569,1922683726,vermelho,azul,heuristica,vermelho,0,-3,23,60,120,0.5000,0.0000,326,55,218,53
570,2065365347,azul,verde,mcts,verde,1,3,17,240,60,4.0000,0.0625,4845,2218,2147,480
570,2065365347,azul,vermelho,art3miz_0.1,verde,0,-3,17,60,120,0.5000,0.0000,236,66,113,57
570,2065365347,azul,azul,heuristica,verde,0,-3,17,0,120,0.0000,0.0625,461,35,369,57
571,322353062,verde,verde,mcts,verde,1,3,18,30,60,0.5000,0.0000,1429,267,1042,120
571,322353062,verde,vermelho,art3miz_0.1,verde,0,-3,18,80,120,0.6667,0.0000,321,80,166,75
571,322353062,verde,azul,heuristica,verde,0,-3,18,180,110,1.6364,0.0588,855,225,409,221
572,1785633287,vermelho,verde,mcts,verde,1,3,24,240,90,2.6667,0.0000,5066,2166,2420,480
572,1785633287,vermelho,vermelho,art3miz_0.1,verde,0,-3,24,30,120,0.2500,0.0435,266,44,174,48
572,1785633287,vermelho,azul,heuristica,verde,0,-3,24,60,120,0.5000,0.0000,317,91,137,89
573,753257138,azul,verde,mcts,azul,0,-3,16,90,120,0.7500,0.1250,1980,996,804,180
573,753257138,azul,vermelho,art3miz_0.1,azul,0,-3,16,140,120,1.1667,0.1333,397,114,183,100
573,753257138,azul,azul,heuristica,azul,1,3,16,30,20,1.5000,0.0625,576,95,381,100
574,1429681041,verde,verde,mcts,verde,1,3,16,240,60,4.0000,0.5000,5057,2292,2285,480
574,1429681041,verde,vermelho,art3miz_0.1,verde,0,-3,16,60,120,0.5000,0.1250,273,83,115,75
574,1429681041,verde,azul,heuristica,verde,0,-3,16,0,120,0.0000,0.2000,536,101,335,100
575,599050119,vermelho,verde,mcts,empate,0,-1,100,80,120,0.6667,0.0455,2206,1016,1010,180
575,599050119,vermelho,vermelho,art3miz_0.1,empate,0,-1,100,120,80,1.5000,0.0200,1968,125,1769,74
575,599050119,vermelho,azul,heuristica,empate,0,-1,100,0,0,0.0000,0.0000,2004,48,1956,0
576,880987394,azul,verde,mcts,azul,0,-3,15,180,120,1.5000,0.0714,3874,1840,1674,360
576,880987394,azul,vermelho,art3miz_0.1,azul,0,-3,15,90,120,0.7500,0.0000,258,81,105,72
576,880987394,azul,azul,heuristica,azul,1,3,15,30,60,0.5000,0.1333,420,38,344,38
577,1671317880,verde,verde,mcts,verde,1,3,11,60,0,60.0000,0.0000,1725,707,898,120
577,1671317880,verde,vermelho,art3miz_0.1,verde,0,-3,11,90,120,0.7500,0.0000,299,76,153,70
577,1671317880,verde,azul,heuristica,verde,0,-3,11,90,120,0.7500,0.0000,393,74,248,71
578,1667218631,vermelho,verde,mcts,verde,1,3,24,30,0,30.0000,0.1304,1006,118,828,60
578,1667218631,vermelho,vermelho,art3miz_0.1,verde,0,-3,24,120,120,1.0000,0.0000,556,134,297,125
578,1667218631,vermelho,azul,heuristica,verde,0,-3,24,90,120,0.7500,0.0526,645,96,449,100
579,1360865676,azul,verde,mcts,vermelho,0,-3,17,90,120,0.7500,0.0000,2042,982,880,180
579,1360865676,azul,vermelho,art3miz_0.1,vermelho,1,3,17,30,0,30.0000,0.1875,177,29,123,25
579,1360865676,azul,azul,heuristica,vermelho,0,-3,17,120,120,1.0000,0.1250,606,106,402,98
580,969768113,verde,verde,mcts,verde,1,3,26,30,0,30.0000,0.0769,1249,250,939,60
580,969768113,verde,vermelho,art3miz_0.1,verde,0,-3,26,80,120,0.6667,0.0769,418,82,261,75
580,969768113,verde,azul,heuristica,verde,0,-3,26,120,110,1.0909,0.1200,933,152,631,150
581,828045317,vermelho,verde,mcts,azul,0,-3,20,180,120,1.5000,0.0000,3946,1834,1752,360
581,828045317,vermelho,vermelho,art3miz_0.1,azul,0,-3,20,60,120,0.5000,0.0000,258,74,109,75
581,828045317,vermelho,azul,heuristica,azul,1,3,20,60,60,1.0000,0.0500,552,41,474,37
582,1609858943,azul,verde,mcts,azul,0,-3,15,90,120,0.7500,0.0000,2073,1092,801,180
582,1609858943,azul,vermelho,art3miz_0.1,azul,0,-3,15,90,120,0.7500,0.0000,312,109,134,69
582,1609858943,azul,azul,heuristica,azul,1,3,15,150,90,1.6667,0.0667,612,178,326,108
583,657787211,verde,verde,mcts,verde,1,3,33,30,30,1.0000,0.0303,1711,232,1359,120
583,657787211,verde,vermelho,art3miz_0.1,verde,0,-3,33,150,120,1.2500,0.0625,493,110,283,100
583,657787211,verde,azul,heuristica,verde,0,-3,33,90,120,0.7500,0.0000,325,79,171,75
584,1500741286,vermelho,verde,mcts,azul,0,-3,37,180,120,1.5000,0.0833,4275,1844,2071,360
584,1500741286,vermelho,vermelho,art3miz_0.1,azul,0,-3,37,90,120,0.7500,0.0000,266,84,107,75
584,1500741286,vermelho,azul,heuristica,azul,1,3,37,30,60,0.5000,0.0541,923,32,859,32
585,1216752255,azul,verde,mcts,verde,1,3,32,30,30,1.0000,0.0645,1186,113,1013,60
585,1216752255,azul,vermelho,art3miz_0.1,verde,0,-3,32,140,100,1.4000,0.1667,595,151,304,140
585,1216752255,azul,azul,heuristica,verde,0,-3,32,70,110,0.6364,0.5556,457,124,218,115
586,170355655,verde,verde,mcts,azul,0,-3,15,180,120,1.5000,0.0667,3828,1833,1635,360
586,170355655,verde,vermelho,art3miz_0.1,azul,0,-3,15,60,120,0.5000,0.3000,270,64,143,63
586,170355655,verde,azul,heuristica,azul,1,3,15,60,60,1.0000,0.0000,489,54,385,50
587,522938142,vermelho,verde,mcts,verde,1,3,24,30,0,30.0000,0.0000,1006,180,766,60
587,522938142,vermelho,vermelho,art3miz_0.1,verde,0,-3,24,120,120,1.0000,0.0870,478,105,273,100
587,522938142,vermelho,azul,heuristica,verde,0,-3,24,90,120,0.7500,0.0000,281,79,127,75
588,1224265644,azul,verde,mcts,azul,0,-3,24,90,120,0.7500,0.0000,2094,995,919,180
588,1224265644,azul,vermelho,art3miz_0.1,azul,0,-3,24,150,120,1.2500,0.0870,439,112,231,96
588,1224265644,azul,azul,heuristica,azul,1,3,24,30,30,1.0000,0.0000,533,16,502,15
589,2071903378,verde,verde,mcts,azul,0,-3,33,210,120,1.7500,0.0909,5627,2537,2610,480
589,2071903378,verde,vermelho,art3miz_0.1,azul,0,-3,33,90,120,0.7500,0.1429,340,107,133,100
589,2071903378,verde,azul,heuristica,azul,1,3,33,30,90,0.3333,0.1212,971,89,788,94
590,239551354,vermelho,verde,mcts,azul,0,-3,12,120,120,1.0000,0.0000,2469,1079,1150,240
590,239551354,vermelho,vermelho,art3miz_0.1,azul,0,-3,12,90,120,0.7500,0.0000,250,82,96,72
590,239551354,vermelho,azul,heuristica,azul,1,3,12,30,0,30.0000,0.0833,324,24,281,19
591,1331453486,azul,verde,mcts,azul,0,-3,26,180,120,1.5000,0.2400,4681,2195,2066,420
591,1331453486,azul,vermelho,art3miz_0.1,azul,0,-3,26,30,120,0.2500,0.0000,265,83,107,75
591,1331453486,azul,azul,heuristica,azul,1,3,26,90,60,1.5000,0.0385,673,61,556,56
592,700635290,verde,verde,mcts,azul,0,-3,15,90,120,0.7500,0.0000,3222,1648,1274,300
592,700635290,verde,vermelho,art3miz_0.1,azul,0,-3,15,120,120,1.0000,0.0000,466,135,206,125
592,700635290,verde,azul,heuristica,azul,1,3,15,30,0,30.0000,0.0000,484,49,385,50
593,1793610634,vermelho,verde,mcts,verde,1,3,21,30,0,30.0000,0.0500,1043,174,809,60
593,1793610634,vermelho,vermelho,art3miz_0.1,verde,0,-3,21,80,110,0.7273,0.5556,237,68,105,64
593,1793610634,vermelho,azul,heuristica,verde,0,-3,21,110,110,1.0000,0.1500,650,92,472,86
594,1428201362,azul,verde,mcts,vermelho,0,-3,15,150,120,1.2500,0.0000,3168,1555,1313,300
594,1428201362,azul,vermelho,art3miz_0.1,vermelho,1,3,15,30,30,1.0000,0.0714,130,25,84,21
594,1428201362,azul,azul,heuristica,vermelho,0,-3,15,90,120,0.7500,0.0000,328,84,164,80
595,40425461,verde,verde,mcts,verde,1,3,35,60,60,1.0000,0.0571,1851,330,1401,120
595,40425461,verde,vermelho,art3miz_0.1,verde,0,-3,35,60,100,0.6000,0.3077,381,102,187,92
595,40425461,verde,azul,heuristica,verde,0,-3,35,160,120,1.3333,0.1471,1105,191,723,191
596,1462276455,vermelho,verde,mcts,verde,1,3,10,90,0,90.0000,0.0000,2312,1243,889,180
596,1462276455,vermelho,vermelho,art3miz_0.1,verde,0,-3,10,60,110,0.5455,0.1111,205,54,101,50
596,1462276455,vermelho,azul,heuristica,verde,0,-3,10,80,120,0.6667,0.0000,350,79,196,75
597,2054249709,azul,verde,mcts,verde,1,3,22,240,90,2.6667,0.5238,6006,3321,2145,540
597,2054249709,azul,vermelho,art3miz_0.1,verde,0,-3,22,50,120,0.4167,0.2000,423,106,223,94
597,2054249709,azul,azul,heuristica,verde,0,-3,22,40,120,0.3333,0.6250,354,93,177,84
598,630302914,verde,verde,mcts,verde,1,3,15,30,0,30.0000,0.0667,923,207,656,60
598,630302914,verde,vermelho,art3miz_0.1,verde,0,-3,15,120,110,1.0909,0.0714,357,105,153,99
598,630302914,verde,azul,heuristica,verde,0,-3,15,80,120,0.6667,0.4286,375,102,175,98
599,1951134645,vermelho,verde,mcts,azul,0,-3,15,150,120,1.2500,0.0000,3212,1493,1419,300
599,1951134645,vermelho,vermelho,art3miz_0.1,azul,0,-3,15,60,120,0.5000,0.0000,266,84,107,75
599,1951134645,vermelho,azul,heuristica,azul,1,3,15,60,30,2.0000,0.0000,451,67,314,70
600,1030142316,azul,verde,mcts,azul,0,-3,14,120,120,1.0000,0.0769,2916,1639,1037,240
600,1030142316,azul,vermelho,art3miz_0.1,azul,0,-3,14,90,120,0.7500,0.2000,372,112,160,100
600,1030142316,azul,azul,heuristica,azul,1,3,14,30,0,30.0000,0.1429,455,49,356,50
601,1015889351,verde,verde,mcts,verde,1,3,20,240,90,2.6667,0.0000,5563,2324,2699,540
601,1015889351,verde,vermelho,art3miz_0.1,verde,0,-3,20,60,120,0.5000,0.0000,253,74,104,75
601,1015889351,verde,azul,heuristica,verde,0,-3,20,30,120,0.2500,0.1579,591,77,432,82
602,205782876,vermelho,verde,mcts,azul,0,-3,12,180,120,1.5000,0.0000,3789,1853,1576,360
602,205782876,vermelho,vermelho,art3miz_0.1,azul,0,-3,12,90,120,0.7500,0.0000,257,84,99,74
602,205782876,vermelho,azul,heuristica,azul,1,3,12,30,60,0.5000,0.0000,393,42,301,50
603,1233340021,azul,verde,mcts,verde,1,3,23,190,60,3.1667,0.0909,4996,2393,2183,420
603,1233340021,azul,vermelho,art3miz_0.1,verde,0,-3,23,90,120,0.7500,0.1111,421,80,266,75
603,1233340021,azul,azul,heuristica,verde,0,-3,23,0,100,0.0000,0.0909,755,115,521,119
604,2014491557,verde,verde,mcts,azul,0,-3,22,90,110,0.8182,0.2222,2431,1117,1074,240
604,2014491557,verde,vermelho,art3miz_0.1,azul,0,-3,22,110,120,0.9167,0.2727,459,103,268,88
604,2014491557,verde,azul,heuristica,azul,1,3,22,30,0,30.0000,0.0000,598,28,545,25
605,1314928140,vermelho,verde,mcts,verde,1,3,25,240,90,2.6667,0.0417,5094,2207,2407,480
605,1314928140,vermelho,vermelho,art3miz_0.1,verde,0,-3,25,30,120,0.2500,0.1429,248,73,106,69
605,1314928140,vermelho,azul,heuristica,verde,0,-3,25,60,120,0.5000,0.1667,721,78,568,75
606,1869575208,azul,verde,mcts,vermelho,0,-3,17,180,120,1.5000,0.0000,3907,1833,1714,360
606,1869575208,azul,vermelho,art3miz_0.1,vermelho,1,3,17,30,60,0.5000,0.0625,238,50,140,48
606,1869575208,azul,azul,heuristica,vermelho,0,-3,17,90,120,0.7500,0.0000,333,79,180,74
607,412083840,verde,verde,mcts,verde,1,3,16,30,30,1.0000,0.0625,964,185,719,60
607,412083840,verde,vermelho,art3miz_0.1,verde,0,-3,16,90,110,0.8182,0.1000,304,94,125,85
607,412083840,verde,azul,heuristica,verde,0,-3,16,140,120,1.1667,0.2667,659,146,369,144
608,1705502126,vermelho,verde,mcts,empate,0,-1,100,0,0,0.0000,0.0000,1743,0,1743,0
608,1705502126,vermelho,vermelho,art3miz_0.1,empate,0,-1,100,0,0,0.0000,0.0000,4360,1202,2054,1104
608,1705502126,vermelho,azul,heuristica,empate,0,-1,100,0,0,0.0000,0.0000,2445,2,2443,0
609,360032754,azul,verde,mcts,vermelho,0,-3,30,120,120,1.0000,0.0690,3728,1654,1774,300
609,360032754,azul,vermelho,art3miz_0.1,vermelho,1,3,30,30,0,30.0000,0.0690,191,29,137,25
609,360032754,azul,azul,heuristica,vermelho,0,-3,30,90,120,0.7500,0.5000,401,102,200,99
610,1703396810,verde,verde,mcts,verde,1,3,24,30,30,1.0000,0.0417,958,105,793,60
610,1703396810,verde,vermelho,art3miz_0.1,verde,0,-3,24,150,120,1.2500,0.0000,685,167,359,159
610,1703396810,verde,azul,heuristica,verde,0,-3,24,90,120,0.7500,0.0000,472,98,283,91
611,1813539174,vermelho,verde,mcts,empate,0,-1,100,0,0,0.0000,0.0000,2522,0,2522,0
611,1813539174,vermelho,vermelho,art3miz_0.1,empate,0,-1,100,0,30,0.0000,0.4900,4178,1154,1968,1056
611,1813539174,vermelho,azul,heuristica,empate,0,-1,100,30,0,30.0000,0.4800,1900,16,1871,13
612,1326081846,azul,verde,mcts,verde,1,3,98,30,0,30.0000,0.0000,1716,162,1494,60
612,1326081846,azul,vermelho,art3miz_0.1,verde,0,-3,98,120,120,1.0000,0.0104,915,99,717,99
612,1326081846,azul,azul,heuristica,verde,0,-3,98,90,120,0.7500,0.0714,546,94,352,100
613,1251722137,verde,verde,mcts,verde,1,3,23,30,0,30.0000,0.1304,1098,227,811,60
613,1251722137,verde,vermelho,art3miz_0.1,verde,0,-3,23,100,100,1.0000,0.1364,388,100,194,94
613,1251722137,verde,azul,heuristica,verde,0,-3,23,70,100,0.7000,0.0909,477,122,240,115
614,279383135,vermelho,verde,mcts,vermelho,0,-3,17,90,120,0.7500,0.0000,1981,1012,789,180
614,279383135,vermelho,vermelho,art3miz_0.1,vermelho,1,3,17,30,30,1.0000,0.1176,220,54,118,48
614,279383135,vermelho,azul,heuristica,vermelho,0,-3,17,150,120,1.2500,0.0625,672,161,363,148
615,2053490072,azul,verde,mcts,verde,1,3,20,30,0,30.0000,0.1579,1019,168,791,60
615,2053490072,azul,vermelho,art3miz_0.1,verde,0,-3,20,90,120,0.7500,0.0000,260,81,104,75
615,2053490072,azul,azul,heuristica,verde,0,-3,20,120,120,1.0000,0.0000,679,106,473,100
616,469087286,verde,verde,mcts,azul,0,-3,33,180,110,1.6364,0.1212,6500,2845,3115,540
616,469087286,verde,vermelho,art3miz_0.1,azul,0,-3,33,80,120,0.6667,0.3000,257,83,100,74
616,469087286,verde,azul,heuristica,azul,1,3,33,30,60,0.5000,0.2424,892,66,754,72
617,244808538,vermelho,verde,mcts,verde,1,3,29,30,0,30.0000,0.0357,1214,173,981,60
617,244808538,vermelho,vermelho,art3miz_0.1,verde,0,-3,29,120,120,1.0000,0.0714,484,100,292,92
617,244808538,vermelho,azul,heuristica,verde,0,-3,29,90,120,0.7500,0.0000,339,77,190,72
618,1697912004,azul,verde,mcts,verde,1,3,18,30,0,30.0000,0.0000,896,109,727,60
618,1697912004,azul,vermelho,art3miz_0.1,verde,0,-3,18,120,120,1.0000,0.0000,475,108,267,100
618,1697912004,azul,azul,heuristica,verde,0,-3,18,90,120,0.7500,0.0000,500,98,305,97
619,1196957329,verde,verde,mcts,vermelho,0,-3,22,210,120,1.7500,0.0000,4511,2085,2006,420
619,1196957329,verde,vermelho,art3miz_0.1,vermelho,1,3,22,90,90,1.0000,0.0909,919,245,450,224
619,1196957329,verde,azul,heuristica,vermelho,0,-3,22,30,120,0.2500,0.0000,362,110,139,113
620,279705624,vermelho,verde,mcts,vermelho,0,-3,14,120,120,1.0000,0.0000,2559,1069,1250,240
620,279705624,vermelho,vermelho,art3miz_0.1,vermelho,1,3,14,30,0,30.0000,0.0000,175,29,121,25
620,279705624,vermelho,azul,heuristica,vermelho,0,-3,14,90,120,0.7500,0.0000,374,93,191,90
621,440487415,azul,verde,mcts,verde,1,3,18,30,30,1.0000,0.1176,904,110,734,60
621,440487415,azul,vermelho,art3miz_0.1,verde,0,-3,18,150,120,1.2500,0.0000,554,154,254,146
621,440487415,azul,azul,heuristica,verde,0,-3,18,90,120,0.7500,0.1250,407,105,202,100
622,532420518,verde,verde,mcts,azul,0,-3,19,130,120,1.0833,0.1579,3405,1593,1512,300
622,532420518,verde,vermelho,art3miz_0.1,azul,0,-3,19,90,100,0.9000,0.3333,267,85,107,75
622,532420518,verde,azul,heuristica,azul,1,3,19,30,30,1.0000,0.0000,494,18,460,16
623,1534020729,vermelho,verde,mcts,vermelho,0,-3,14,120,120,1.0000,0.0000,2591,1076,1275,240
623,1534020729,vermelho,vermelho,art3miz_0.1,vermelho,1,3,14,30,0,30.0000,0.0714,170,29,116,25
623,1534020729,vermelho,azul,heuristica,vermelho,0,-3,14,90,120,0.7500,0.0000,304,80,149,75
624,1330977352,azul,verde,mcts,verde,1,3,29,30,0,30.0000,0.1429,1203,152,991,60
624,1330977352,azul,vermelho,art3miz_0.1,verde,0,-3,29,90,120,0.7500,0.0000,306,81,152,73
624,1330977352,azul,azul,heuristica,verde,0,-3,29,120,120,1.0000,0.0714,928,123,688,117
625,1339491093,verde,verde,mcts,verde,1,3,22,240,70,3.4286,0.2273,5114,2161,2473,480
625,1339491093,verde,vermelho,art3miz_0.1,verde,0,-3,22,40,120,0.3333,0.1250,263,74,114,75
625,1339491093,verde,azul,heuristica,verde,0,-3,22,30,120,0.2500,0.0952,618,64,483,71
626,2136906327,vermelho,verde,mcts,verde,1,3,18,100,90,1.1111,0.2353,3053,1468,1345,240
626,2136906327,vermelho,vermelho,art3miz_0.1,verde,0,-3,18,50,100,0.5000,0.3333,351,112,147,92
626,2136906327,vermelho,azul,heuristica,verde,0,-3,18,160,120,1.3333,0.5294,786,206,389,191
627,523294266,azul,verde,mcts,empate,0,-1,100,0,0,0.0000,0.4949,2383,0,2383,0
627,523294266,azul,vermelho,art3miz_0.1,empate,0,-1,100,0,0,0.0000,0.0000,2123,49,2074,0
627,523294266,azul,azul,heuristica,empate,0,-1,100,0,0,0.0000,0.0000,2081,49,2032,0
628,1234858072,verde,verde,mcts,empate,0,-1,100,120,0,120.0000,0.4300,5129,1546,3343,240
628,1234858072,verde,vermelho,art3miz_0.1,empate,0,-1,100,0,60,0.0000,0.0200,1585,71,1465,49
628,1234858072,verde,azul,heuristica,empate,0,-1,100,0,60,0.0000,0.0000,2147,52,2047,48
629,130403733,vermelho,verde,mcts,verde,1,3,20,10,0,10.0000,0.3158,983,135,788,60
629,130403733,vermelho,vermelho,art3miz_0.1,verde,0,-3,20,120,100,1.2000,0.1053,570,149,283,138
629,130403733,vermelho,azul,heuristica,verde,0,-3,20,90,120,0.7500,0.0000,399,85,230,84
630,444026286,azul,verde,mcts,azul,0,-3,17,210,110,1.9091,0.1250,5064,2316,2268,480
630,444026286,azul,vermelho,art3miz_0.1,azul,0,-3,17,60,120,0.5000,0.0000,258,78,106,74
630,444026286,azul,azul,heuristica,azul,1,3,17,50,90,0.5556,0.0000,684,121,413,150
631,1706054446,verde,verde,mcts,verde,1,3,22,30,30,1.0000,0.0000,983,130,793,60
631,1706054446,verde,vermelho,art3miz_0.1,verde,0,-3,22,130,120,1.0833,0.2381,568,136,308,124
631,1706054446,verde,azul,heuristica,verde,0,-3,22,90,100,0.9000,0.3750,602,104,398,100
632,1251267710,vermelho,verde,mcts,azul,0,-3,22,150,110,1.3636,0.1429,3418,1493,1625,300
632,1251267710,vermelho,vermelho,art3miz_0.1,azul,0,-3,22,90,120,0.7500,0.0000,298,84,139,75
632,1251267710,vermelho,azul,heuristica,azul,1,3,22,20,30,0.6667,0.2727,728,97,535,96
633,1966057535,azul,verde,mcts,azul,0,-3,22,200,120,1.6667,0.2381,4656,2192,2044,420
633,1966057535,azul,vermelho,art3miz_0.1,azul,0,-3,22,30,110,0.2727,0.3333,265,82,108,75
633,1966057535,azul,azul,heuristica,azul,1,3,22,90,90,1.0000,0.0455,676,78,525,73
634,1965943761,verde,verde,mcts,azul,0,-3,15,180,120,1.5000,0.0000,3890,1854,1676,360
634,1965943761,verde,vermelho,art3miz_0.1,azul,0,-3,15,60,120,0.5000,0.0000,274,79,123,72
634,1965943761,verde,azul,heuristica,azul,1,3,15,60,60,1.0000,0.2000,534,105,354,75
635,768926301,vermelho,verde,mcts,empate,0,-1,100,0,0,0.0000,0.4747,2066,48,2018,0
635,768926301,vermelho,vermelho,art3miz_0.1,empate,0,-1,100,0,0,0.0000,0.0400,541,2,539,0
635,768926301,vermelho,azul,heuristica,empate,0,-1,100,0,0,0.0000,0.0100,2102,83,2019,0
636,1881604470,azul,verde,mcts,azul,0,-3,13,200,120,1.6667,0.0000,4502,2229,1853,420
636,1881604470,azul,vermelho,art3miz_0.1,azul,0,-3,13,90,120,0.7500,0.0000,246,84,87,75
636,1881604470,azul,azul,heuristica,azul,1,3,13,30,80,0.3750,0.2308,424,63,299,62
637,1256005152,verde,verde,mcts,verde,1,3,24,60,0,60.0000,0.1250,1862,595,1147,120
637,1256005152,verde,vermelho,art3miz_0.1,verde,0,-3,24,90,120,0.7500,0.1304,380,102,206,72
637,1256005152,verde,azul,heuristica,verde,0,-3,24,90,120,0.7500,0.0476,793,161,511,121
638,866370088,vermelho,verde,mcts,verde,1,3,17,30,0,30.0000,0.0625,899,132,707,60
638,866370088,vermelho,vermelho,art3miz_0.1,verde,0,-3,17,120,120,1.0000,0.0000,378,103,179,96
638,866370088,vermelho,azul,heuristica,verde,0,-3,17,90,120,0.7500,0.0000,477,104,273,100
639,453976170,azul,verde,mcts,empate,0,-1,100,120,60,2.0000,0.0404,3801,1176,2385,240
639,453976170,azul,vermelho,art3miz_0.1,empate,0,-1,100,60,120,0.5000,0.2222,328,106,128,94
639,453976170,azul,azul,heuristica,empate,0,-1,100,0,0,0.0000,0.0000,1857,0,1857,0
640,960568082,verde,verde,mcts,verde,1,3,19,150,0,150.0000,0.1579,3579,1552,1727,300
640,960568082,verde,vermelho,art3miz_0.1,verde,0,-3,19,60,120,0.5000,0.0556,490,70,345,75
640,960568082,verde,azul,heuristica,verde,0,-3,19,30,120,0.2500,0.0000,406,55,276,75
641,1262463845,vermelho,verde,mcts,verde,1,3,28,30,0,30.0000,0.1111,1294,231,1003,60
641,1262463845,vermelho,vermelho,art3miz_0.1,verde,0,-3,28,90,120,0.7500,0.0000,294,77,144,73
641,1262463845,vermelho,azul,heuristica,verde,0,-3,28,120,120,1.0000,0.0370,861,102,663,96
642,1248811076,azul,verde,mcts,verde,1,3,26,60,0,60.0000,0.0400,1752,409,1223,120
642,1248811076,azul,vermelho,art3miz_0.1,verde,0,-3,26,60,120,0.5000,0.0000,265,80,110,75
642,1248811076,azul,azul,heuristica,verde,0,-3,26,120,120,1.0000,0.0400,1136,259,627,250
643,1493478306,verde,verde,mcts,azul,0,-3,23,210,100,2.1000,0.2609,5344,2628,2236,480
643,1493478306,verde,vermelho,art3miz_0.1,azul,0,-3,23,30,120,0.2500,0.0000,262,83,104,75
643,1493478306,verde,azul,heuristica,azul,1,3,23,70,90,0.7778,0.3478,917,175,572,170
644,665279136,vermelho,verde,mcts,azul,0,-3,20,120,120,1.0000,0.0000,3365,1434,1631,300
644,665279136,vermelho,vermelho,art3miz_0.1,azul,0,-3,20,90,120,0.7500,0.0833,351,106,146,99
644,665279136,vermelho,azul,heuristica,azul,1,3,20,30,0,30.0000,0.0000,456,17,423,16
645,218716618,azul,verde,mcts,verde,1,3,46,30,0,30.0000,0.0444,1457,182,1215,60
645,218716618,azul,vermelho,art3miz_0.1,verde,0,-3,46,110,120,0.9167,0.0909,598,134,339,125
645,218716618,azul,azul,heuristica,verde,0,-3,46,90,110,0.8182,0.1250,351,81,195,75
646,640258826,verde,verde,mcts,azul,0,-3,15,180,120,1.5000,0.2000,3836,1843,1633,360
646,640258826,verde,vermelho,art3miz_0.1,azul,0,-3,15,90,120,0.7500,0.0000,270,85,110,75
646,640258826,verde,azul,heuristica,azul,1,3,15,30,60,0.5000,0.0000,406,32,342,32
647,1496625869,vermelho,verde,mcts,empate,0,-1,100,120,90,1.3333,0.0202,4983,1437,3246,300
647,1496625869,vermelho,vermelho,art3miz_0.1,empate,0,-1,100,90,120,0.7500,0.0000,329,101,134,94
647,1496625869,vermelho,azul,heuristica,empate,0,-1,100,0,0,0.0000,0.0000,2975,533,1827,615
648,129953772,azul,verde,mcts,empate,0,-1,100,0,0,0.0000,0.4949,2086,49,2037,0
648,129953772,azul,vermelho,art3miz_0.1,empate,0,-1,100,0,0,0.0000,0.0000,2178,50,2128,0
648,129953772,azul,azul,heuristica,empate,0,-1,100,0,0,0.0000,0.0100,2572,0,2572,0
649,198795325,verde,verde,mcts,azul,0,-3,23,180,120,1.5000,0.0435,4058,1857,1841,360
649,198795325,verde,vermelho,art3miz_0.1,azul,0,-3,23,60,120,0.5000,0.0000,241,73,97,71
649,198795325,verde,azul,heuristica,azul,1,3,23,60,60,1.0000,0.0435,638,70,499,69
650,1092198279,vermelho,verde,mcts,empate,0,-1,100,0,0,0.0000,0.0000,2470,0,2470,0
650,1092198279,vermelho,vermelho,art3miz_0.1,empate,0,-1,100,0,0,0.0000,0.0000,1467,50,1417,0
650,1092198279,vermelho,azul,heuristica,empate,0,-1,100,0,0,0.0000,1.0000,2061,50,2011,0
651,779591759,azul,verde,mcts,verde,1,3,23,30,30,1.0000,0.0909,910,81,769,60
651,779591759,azul,vermelho,art3miz_0.1,verde,0,-3,23,150,120,1.2500,0.0476,437,107,236,94
651,779591759,azul,azul,heuristica,verde,0,-3,23,90,120,0.7500,0.0000,325,79,171,75
652,1317852308,verde,verde,mcts,empate,0,-1,100,0,0,0.0000,0.0000,2478,0,2478,0
652,1317852308,verde,vermelho,art3miz_0.1,empate,0,-1,100,0,0,0.0000,0.0200,2094,48,2046,0
652,1317852308,verde,azul,heuristica,empate,0,-1,100,0,0,0.0000,0.0000,2062,49,2013,0
653,1288168034,vermelho,verde,mcts,verde,1,3,25,30,0,30.0000,0.0417,1039,122,857,60
653,1288168034,vermelho,vermelho,art3miz_0.1,verde,0,-3,25,100,110,0.9091,0.2500,422,108,214,100
653,1288168034,vermelho,azul,heuristica,verde,0,-3,25,80,100,0.8000,0.3333,358,106,152,100
654,770170329,azul,verde,mcts,azul,0,-3,20,180,120,1.5000,0.0000,3957,1854,1743,360
654,770170329,azul,vermelho,art3miz_0.1,azul,0,-3,20,60,120,0.5000,0.0000,204,62,84,58
654,770170329,azul,azul,heuristica,azul,1,3,20,60,60,1.0000,0.0500,630,72,486,72
655,1802537942,verde,verde,mcts,azul,0,-3,31,120,120,1.0000,0.0323,2986,1082,1664,240
655,1802537942,verde,vermelho,art3miz_0.1,azul,0,-3,31,90,120,0.7500,0.0909,344,102,152,90
655,1802537942,verde,azul,heuristica,azul,1,3,31,30,0,30.0000,0.0323,821,26,771,24
656,714072783,vermelho,verde,mcts,verde,1,3,19,220,90,2.4444,0.2222,6251,3260,2451,540
656,714072783,vermelho,vermelho,art3miz_0.1,verde,0,-3,19,0,100,0.0000,0.2500,348,80,193,75
656,714072783,vermelho,azul,heuristica,verde,0,-3,19,90,120,0.7500,0.2222,740,146,444,150
657,1894773843,azul,verde,mcts,vermelho,0,-3,17,210,120,1.7500,0.0000,4303,2042,1841,420
657,1894773843,azul,vermelho,art3miz_0.1,vermelho,1,3,17,60,90,0.6667,0.0625,250,59,141,50
657,1894773843,azul,azul,heuristica,vermelho,0,-3,17,60,120,0.5000,0.0000,257,50,159,48
658,1299649723,verde,verde,mcts,verde,1,3,36,30,0,30.0000,0.0278,1389,172,1157,60
658,1299649723,verde,vermelho,art3miz_0.1,verde,0,-3,36,90,120,0.7500,0.0000,321,79,167,75
658,1299649723,verde,azul,heuristica,verde,0,-3,36,120,120,1.0000,0.0571,1049,103,849,97
659,951999122,vermelho,verde,mcts,azul,0,-3,29,210,120,1.7500,0.0357,4716,2109,2187,420
659,951999122,vermelho,vermelho,art3miz_0.1,azul,0,-3,29,60,120,0.5000,0.2500,230,76,87,67
659,951999122,vermelho,azul,heuristica,azul,1,3,29,60,90,0.6667,0.0690,757,50,659,48
660,2094539556,azul,verde,mcts,vermelho,0,-3,13,210,120,1.7500,0.0000,4239,2085,1734,420
660,2094539556,azul,vermelho,art3miz_0.1,vermelho,1,3,13,60,90,0.6667,0.0000,306,74,164,68
660,2094539556,azul,azul,heuristica,vermelho,0,-3,13,60,120,0.5000,0.0000,343,81,178,84
661,1988806916,verde,verde,mcts,verde,1,3,35,60,90,0.6667,0.0571,2278,402,1696,180
661,1988806916,verde,vermelho,art3miz_0.1,verde,0,-3,35,50,100,0.5000,0.2500,384,80,233,71
661,1988806916,verde,azul,heuristica,verde,0,-3,35,190,110,1.7273,0.2059,1174,186,807,181
662,589686748,vermelho,verde,mcts,vermelho,0,-3,29,120,120,1.0000,0.2143,2878,1064,1574,240
662,589686748,vermelho,vermelho,art3miz_0.1,vermelho,1,3,29,30,0,30.0000,0.0000,233,50,140,43
662,589686748,vermelho,azul,heuristica,vermelho,0,-3,29,90,120,0.7500,0.2000,280,80,125,75
663,2020755370,azul,verde,mcts,vermelho,0,-3,18,120,120,1.0000,0.1176,3409,1479,1630,300
663,2020755370,azul,vermelho,art3miz_0.1,vermelho,1,3,18,30,0,30.0000,0.0000,102,2,100,0
663,2020755370,azul,azul,heuristica,vermelho,0,-3,18,90,120,0.7500,0.1538,527,121,289,117
664,880251236,verde,verde,mcts,verde,1,3,16,30,30,1.0000,0.0000,821,99,662,60
664,880251236,verde,vermelho,art3miz_0.1,verde,0,-3,16,150,120,1.2500,0.0000,504,144,224,136
664,880251236,verde,azul,heuristica,verde,0,-3,16,90,120,0.7500,0.0000,344,98,148,98
665,495973414,vermelho,verde,mcts,azul,0,-3,12,90,120,0.7500,0.0000,1871,985,706,180
665,495973414,vermelho,vermelho,art3miz_0.1,azul,0,-3,12,120,120,1.0000,0.0000,333,80,183,70
665,495973414,vermelho,azul,heuristica,azul,1,3,12,30,0,30.0000,0.0000,324,20,287,17
666,984970438,azul,verde,mcts,verde,1,3,17,60,0,60.0000,0.0000,2650,1181,1289,180
666,984970438,azul,vermelho,art3miz_0.1,verde,0,-3,17,90,120,0.7500,0.1333,347,79,195,73
666,984970438,azul,azul,heuristica,verde,0,-3,17,90,120,0.7500,0.0000,362,76,215,71
667,220068118,verde,verde,mcts,vermelho,0,-3,15,180,100,1.8000,0.2667,3936,1997,1579,360
667,220068118,verde,vermelho,art3miz_0.1,vermelho,1,3,15,70,60,1.1667,0.1333,321,84,162,75
667,220068118,verde,azul,heuristica,vermelho,0,-3,15,30,120,0.2500,0.1667,305,79,151,75
668,1454005916,vermelho,verde,mcts,verde,1,3,19,30,0,30.0000,0.0556,1024,190,774,60
668,1454005916,vermelho,vermelho,art3miz_0.1,verde,0,-3,19,120,120,1.0000,0.0000,442,107,235,100
668,1454005916,vermelho,azul,heuristica,verde,0,-3,19,90,120,0.7500,0.0909,421,78,268,75
669,111536335,azul,verde,mcts,verde,1,3,19,30,0,30.0000,0.0000,994,224,710,60
669,111536335,azul,vermelho,art3miz_0.1,verde,0,-3,19,90,100,0.9000,0.2000,388,103,189,96
669,111536335,azul,azul,heuristica,verde,0,-3,19,100,120,0.8333,0.1667,630,101,434,95
670,228923756,verde,verde,mcts,verde,1,3,17,60,0,60.0000,0.0000,1675,605,950,120
670,228923756,verde,vermelho,art3miz_0.1,verde,0,-3,17,120,120,1.0000,0.0000,639,177,312,150
670,228923756,verde,azul,heuristica,verde,0,-3,17,60,120,0.5000,0.0769,514,112,305,97
671,1575262061,vermelho,verde,mcts,vermelho,0,-3,15,90,120,0.7500,0.0000,3065,2296,589,180
671,1575262061,vermelho,vermelho,art3miz_0.1,vermelho,1,3,15,90,60,1.5000,0.0667,297,109,116,72
671,1575262061,vermelho,azul,heuristica,vermelho,0,-3,15,120,120,1.0000,0.0000,580,162,319,99
672,1373973555,azul,verde,mcts,verde,1,3,27,60,0,60.0000,0.0000,1626,360,1146,120
672,1373973555,azul,vermelho,art3miz_0.1,verde,0,-3,27,60,120,0.5000,0.2857,311,79,157,75
672,1373973555,azul,azul,heuristica,verde,0,-3,27,120,120,1.0000,0.2308,935,157,628,150
673,192519457,verde,verde,mcts,verde,1,3,29,240,90,2.6667,0.0000,5209,2181,2548,480
673,192519457,verde,vermelho,art3miz_0.1,verde,0,-3,29,30,120,0.2500,0.1111,291,80,137,74
673,192519457,verde,azul,heuristica,verde,0,-3,29,60,120,0.5000,0.0000,723,45,630,48
674,944968278,vermelho,verde,mcts,verde,1,3,14,30,30,1.0000,0.0000,788,104,624,60
674,944968278,vermelho,vermelho,art3miz_0.1,verde,0,-3,14,150,120,1.2500,0.1538,459,135,199,125
674,944968278,vermelho,azul,heuristica,verde,0,-3,14,90,120,0.7500,0.0000,330,104,126,100
675,2011085058,azul,verde,mcts,vermelho,0,-3,17,210,120,1.7500,0.0000,4528,2134,1974,420
675,2011085058,azul,vermelho,art3miz_0.1,vermelho,1,3,17,120,90,1.3333,0.0000,297,85,138,74
675,2011085058,azul,azul,heuristica,vermelho,0,-3,17,0,120,0.0000,0.0000,460,94,267,99
676,88572083,verde,verde,mcts,azul,0,-3,14,150,120,1.2500,0.0000,3249,1511,1438,300
676,88572083,verde,vermelho,art3miz_0.1,azul,0,-3,14,60,120,0.5000,0.0000,256,74,107,75
676,88572083,verde,azul,heuristica,azul,1,3,14,60,30,2.0000,0.2143,489,70,344,75
677,1970560963,vermelho,verde,mcts,azul,0,-3,40,150,120,1.2500,0.0256,3607,1512,1795,300
677,1970560963,vermelho,vermelho,art3miz_0.1,azul,0,-3,40,90,120,0.7500,0.0667,322,94,145,83
677,1970560963,vermelho,azul,heuristica,azul,1,3,40,30,30,1.0000,0.0500,996,17,963,16
678,307584755,azul,verde,mcts,azul,0,-3,21,150,120,1.2500,0.0500,4612,2203,1989,420
678,307584755,azul,vermelho,art3miz_0.1,azul,0,-3,21,90,120,0.7500,0.2500,344,110,134,100
678,307584755,azul,azul,heuristica,azul,1,3,21,30,30,1.0000,0.0000,600,49,501,50
679,1869256894,verde,verde,mcts,empate,0,-1,100,0,0,0.0000,0.0000,1241,51,1190,0
679,1869256894,verde,vermelho,art3miz_0.1,empate,0,-1,100,110,80,1.3750,0.0200,2035,145,1799,91
679,1869256894,verde,azul,heuristica,empate,0,-1,100,80,110,0.7273,0.2000,545,107,341,97
680,79134275,vermelho,verde,mcts,empate,0,-1,100,150,90,1.6667,0.0000,5409,1519,3590,300
680,79134275,vermelho,vermelho,art3miz_0.1,empate,0,-1,100,90,120,0.7500,0.0000,249,74,109,66
680,79134275,vermelho,azul,heuristica,empate,0,-1,100,0,30,0.0000,0.0000,2013,26,1962,25
681,1664664159,azul,verde,mcts,empate,0,-1,100,0,0,0.0000,0.4646,1965,48,1917,0
681,1664664159,azul,vermelho,art3miz_0.1,empate,0,-1,100,0,0,0.0000,0.4747,1341,0,1341,0
681,1664664159,azul,azul,heuristica,empate,0,-1,100,0,0,0.0000,0.0000,2029,47,1982,0
682,460515643,verde,verde,mcts,vermelho,0,-3,11,120,120,1.0000,0.0000,2479,1110,1129,240
682,460515643,verde,vermelho,art3miz_0.1,vermelho,1,3,11,30,0,30.0000,0.0909,65,2,63,0
682,460515643,verde,azul,heuristica,vermelho,0,-3,11,90,120,0.7500,0.0000,394,97,198,99
683,947373156,vermelho,verde,mcts,verde,1,3,18,30,0,30.0000,0.0000,932,205,667,60
683,947373156,vermelho,vermelho,art3miz_0.1,verde,0,-3,18,120,100,1.2000,0.2353,397,109,188,100
683,947373156,vermelho,azul,heuristica,verde,0,-3,18,70,120,0.5833,0.3333,431,105,226,100
684,2132834058,azul,verde,mcts,verde,1,3,15,30,0,30.0000,0.0714,859,161,638,60
684,2132834058,azul,vermelho,art3miz_0.1,verde,0,-3,15,120,120,1.0000,0.0000,345,102,149,94
684,2132834058,azul,azul,heuristica,verde,0,-3,15,90,120,0.7500,0.0000,370,92,181,97
685,1519292891,verde,verde,mcts,azul,0,-3,17,180,120,1.5000,0.0588,3898,1831,1707,360
685,1519292891,verde,vermelho,art3miz_0.1,azul,0,-3,17,60,120,0.5000,0.0000,270,79,116,75
685,1519292891,verde,azul,heuristica,azul,1,3,17,60,60,1.0000,0.0588,447,35,380,32
686,1220596411,vermelho,verde,mcts,azul,0,-3,17,90,120,0.7500,0.0625,3364,2268,856,240
686,1220596411,vermelho,vermelho,art3miz_0.1,azul,0,-3,17,90,120,0.7500,0.0000,297,85,156,56
686,1220596411,vermelho,azul,heuristica,azul,1,3,17,60,0,60.0000,0.0000,508,78,381,49
687,1048016289,azul,verde,mcts,azul,0,-3,16,120,120,1.0000,0.0000,3945,2519,1126,300
687,1048016289,azul,vermelho,art3miz_0.1,azul,0,-3,16,60,120,0.5000,0.2500,352,123,139,90
687,1048016289,azul,azul,heuristica,azul,1,3,16,60,0,60.0000,0.0000,508,54,404,50
688,522013940,verde,verde,mcts,verde,1,3,22,30,0,30.0000,0.0000,1082,223,799,60
688,522013940,verde,vermelho,art3miz_0.1,verde,0,-3,22,120,120,1.0000,0.0000,364,81,209,74
688,522013940,verde,azul,heuristica,verde,0,-3,22,90,120,0.7500,0.0000,329,78,177,74
689,1709267489,vermelho,verde,mcts,empate,0,-1,100,0,0,0.0000,0.0000,2058,49,2009,0
689,1709267489,vermelho,vermelho,art3miz_0.1,empate,0,-1,100,0,0,0.0000,0.0000,589,0,589,0
689,1709267489,vermelho,azul,heuristica,empate,0,-1,100,0,0,0.0000,0.0100,2056,48,2008,0
690,1729243779,azul,verde,mcts,vermelho,0,-3,24,210,100,2.1000,0.4348,4656,2187,2049,420
690,1729243779,azul,vermelho,art3miz_0.1,vermelho,1,3,24,30,90,0.3333,0.0870,342,80,187,75
690,1729243779,azul,azul,heuristica,vermelho,0,-3,24,70,120,0.5833,0.2941,555,90,382,83
691,1784580866,verde,verde,mcts,azul,0,-3,14,90,120,0.7500,0.0000,2685,1381,1064,240
691,1784580866,verde,vermelho,art3miz_0.1,azul,0,-3,14,120,120,1.0000,0.0714,384,110,177,97
691,1784580866,verde,azul,heuristica,azul,1,3,14,30,0,30.0000,0.0000,382,26,332,24
692,1491450575,vermelho,verde,mcts,verde,1,3,15,30,0,30.0000,0.1429,1254,228,906,120
692,1491450575,vermelho,vermelho,art3miz_0.1,verde,0,-3,15,120,120,1.0000,0.0714,342,81,187,74
692,1491450575,vermelho,azul,heuristica,verde,0,-3,15,90,120,0.7500,0.0000,278,78,126,74
693,1568923797,azul,verde,mcts,azul,0,-3,21,210,120,1.7500,0.0000,4468,2040,2008,420
693,1568923797,azul,vermelho,art3miz_0.1,azul,0,-3,21,60,120,0.5000,0.0000,260,74,111,75
693,1568923797,azul,azul,heuristica,azul,1,3,21,60,90,0.6667,0.0000,598,50,499,49
694,362309885,verde,verde,mcts,vermelho,0,-3,11,120,120,1.0000,0.0000,2521,1109,1172,240
694,362309885,verde,vermelho,art3miz_0.1,vermelho,1,3,11,30,0,30.0000,0.0000,175,30,120,25
694,362309885,verde,azul,heuristica,vermelho,0,-3,11,90,120,0.7500,0.0000,328,104,125,99
695,2101121314,vermelho,verde,mcts,verde,1,3,17,30,0,30.0000,0.0625,900,124,716,60
695,2101121314,vermelho,vermelho,art3miz_0.1,verde,0,-3,17,120,120,1.0000,0.0000,451,106,247,98
695,2101121314,vermelho,azul,heuristica,verde,0,-3,17,90,120,0.7500,0.0000,492,95,298,99
696,1869267578,azul,verde,mcts,azul,0,-3,15,120,120,1.0000,0.0000,2612,1101,1271,240
696,1869267578,azul,vermelho,art3miz_0.1,azul,0,-3,15,90,120,0.7500,0.0000,249,84,90,75
696,1869267578,azul,azul,heuristica,azul,1,3,15,30,0,30.0000,0.0000,386,19,351,16
697,594861639,verde,verde,mcts,azul,0,-3,12,90,120,0.7500,0.0000,1941,1002,759,180
697,594861639,verde,vermelho,art3miz_0.1,azul,0,-3,12,150,120,1.2500,0.0000,418,133,166,119
697,594861639,verde,azul,heuristica,azul,1,3,12,30,30,1.0000,0.1667,402,51,301,50
698,562332132,vermelho,verde,mcts,verde,1,3,11,120,90,1.3333,0.0000,2350,860,1250,240
698,562332132,vermelho,vermelho,art3miz_0.1,verde,0,-3,11,120,120,1.0000,0.2000,369,130,147,92
698,562332132,vermelho,azul,heuristica,verde,0,-3,11,90,120,0.7500,0.0000,378,107,182,89
699,141045692,azul,verde,mcts,azul,0,-3,34,150,120,1.2500,0.0909,4919,2221,2278,420
699,141045692,azul,vermelho,art3miz_0.1,azul,0,-3,34,90,120,0.7500,0.0000,340,107,133,100
699,141045692,azul,azul,heuristica,azul,1,3,34,30,30,1.0000,0.0294,848,41,760,47
700,893437542,verde,verde,mcts,verde,1,3,14,30,0,30.0000,0.0000,888,172,656,60
700,893437542,verde,vermelho,art3miz_0.1,verde,0,-3,14,110,110,1.0000,0.1538,354,98,165,91
700,893437542,verde,azul,heuristica,verde,0,-3,14,80,110,0.7273,0.3333,343,100,147,96
701,1356990828,vermelho,verde,mcts,vermelho,0,-3,24,90,120,0.7500,0.0000,3086,1464,1322,300
701,1356990828,vermelho,vermelho,art3miz_0.1,vermelho,1,3,24,30,0,30.0000,0.1250,194,29,140,25
701,1356990828,vermelho,azul,heuristica,vermelho,0,-3,24,120,120,1.0000,0.1739,868,144,574,150
702,758057594,azul,verde,mcts,verde,1,3,14,30,0,30.0000,0.1538,897,228,609,60
702,758057594,azul,vermelho,art3miz_0.1,verde,0,-3,14,90,120,0.7500,0.2000,238,80,83,75
702,758057594,azul,azul,heuristica,verde,0,-3,14,120,120,1.0000,0.0000,523,105,318,100
703,1224258741,verde,verde,mcts,empate,0,-1,100,120,30,4.0000,0.0600,3859,1477,2142,240
703,1224258741,verde,vermelho,art3miz_0.1,empate,0,-1,100,30,120,0.2500,0.6000,212,74,73,65
703,1224258741,verde,azul,heuristica,empate,0,-1,100,0,0,0.0000,0.0000,1627,2,1625,0
704,1738688665,vermelho,verde,mcts,azul,0,-3,22,180,120,1.5000,0.0000,3984,1891,1733,360
704,1738688665,vermelho,vermelho,art3miz_0.1,azul,0,-3,22,90,120,0.7500,0.0000,245,78,98,69
704,1738688665,vermelho,azul,heuristica,azul,1,3,22,30,60,0.5000,0.0909,633,67,494,72
705,284656161,azul,verde,mcts,vermelho,0,-3,21,180,110,1.6364,0.2000,4832,2340,2072,420
705,284656161,azul,vermelho,art3miz_0.1,vermelho,1,3,21,110,70,1.5714,0.2000,329,85,169,75
705,284656161,azul,azul,heuristica,vermelho,0,-3,21,0,110,0.0000,0.6667,352,101,151,100
706,1037174125,verde,verde,mcts,azul,0,-3,10,90,120,0.7500,0.0000,2511,1306,965,240
706,1037174125,verde,vermelho,art3miz_0.1,azul,0,-3,10,120,120,1.0000,0.0000,399,112,187,100
706,1037174125,verde,azul,heuristica,azul,1,3,10,30,0,30.0000,0.4000,405,79,251,75
707,1145925364,vermelho,verde,mcts,azul,0,-3,15,90,120,0.7500,0.0000,1873,976,717,180
707,1145925364,vermelho,vermelho,art3miz_0.1,azul,0,-3,15,150,120,1.2500,0.0000,358,101,171,86
707,1145925364,vermelho,azul,heuristica,azul,1,3,15,30,30,1.0000,0.0667,397,41,318,38
708,79466218,azul,verde,mcts,vermelho,0,-3,25,150,110,1.3636,0.1667,3500,1526,1674,300
708,79466218,azul,vermelho,art3miz_0.1,vermelho,1,3,25,20,30,0.6667,0.2083,378,54,274,50
708,79466218,azul,azul,heuristica,vermelho,0,-3,25,90,120,0.7500,0.1429,554,102,353,99
709,508015536,verde,verde,mcts,empate,0,-1,100,90,120,0.7500,0.0000,2887,1350,1297,240
709,508015536,verde,vermelho,art3miz_0.1,empate,0,-1,100,0,0,0.0000,0.0000,1984,0,1984,0
709,508015536,verde,azul,heuristica,empate,0,-1,100,120,90,1.3333,0.0300,2064,108,1856,100
710,302173163,vermelho,verde,mcts,azul,0,-3,19,90,120,0.7500,0.0000,1910,983,747,180
710,302173163,vermelho,vermelho,art3miz_0.1,azul,0,-3,19,150,120,1.2500,0.0526,418,109,215,94
710,302173163,vermelho,azul,heuristica,azul,1,3,19,30,30,1.0000,0.0000,525,28,472,25
711,491820749,azul,verde,mcts,azul,0,-3,14,90,120,0.7500,0.0000,2499,1207,1052,240
711,491820749,azul,vermelho,art3miz_0.1,azul,0,-3,14,120,120,1.0000,0.0000,368,112,156,100
711,491820749,azul,azul,heuristica,azul,1,3,14,30,0,30.0000,0.0000,441,49,342,50
712,247657394,verde,verde,mcts,verde,1,3,25,30,0,30.0000,0.0000,1094,156,878,60
712,247657394,verde,vermelho,art3miz_0.1,verde,0,-3,25,90,120,0.7500,0.0000,248,77,97,74
712,247657394,verde,azul,heuristica,verde,0,-3,25,120,120,1.0000,0.0000,789,125,541,123
713,1776086572,vermelho,verde,mcts,verde,1,3,50,30,0,30.0000,0.0000,1303,188,1055,60
713,1776086572,vermelho,vermelho,art3miz_0.1,verde,0,-3,50,100,110,0.9091,0.0816,529,103,332,94
713,1776086572,vermelho,azul,heuristica,verde,0,-3,50,80,100,0.8000,0.2308,445,94,261,90
714,1632761478,azul,verde,mcts,empate,0,-1,100,0,0,0.0000,0.0000,1404,0,1404,0
714,1632761478,azul,vermelho,art3miz_0.1,empate,0,-1,100,0,0,0.0000,0.0000,1164,2,1162,0
714,1632761478,azul,azul,heuristica,empate,0,-1,100,0,0,0.0000,0.0100,1510,2,1508,0
715,231975991,verde,verde,mcts,azul,0,-3,19,180,120,1.5000,0.0000,3929,1838,1731,360
715,231975991,verde,vermelho,art3miz_0.1,azul,0,-3,19,90,120,0.7500,0.0000,264,85,104,75
715,231975991,verde,azul,heuristica,azul,1,3,19,30,60,0.5000,0.2105,510,27,451,32
716,733326103,vermelho,verde,mcts,vermelho,0,-3,19,60,120,0.5000,0.0000,2117,1193,744,180
716,733326103,vermelho,vermelho,art3miz_0.1,vermelho,1,3,19,60,90,0.6667,0.0000,589,154,313,122
716,733326103,vermelho,azul,heuristica,vermelho,0,-3,19,210,120,1.7500,0.1111,1046,359,427,260
717,1411364412,azul,verde,mcts,empate,0,-1,100,120,120,1.0000,0.0000,2936,1419,1277,240
717,1411364412,azul,vermelho,art3miz_0.1,empate,0,-1,100,120,90,1.3333,0.0202,1928,175,1630,123
717,1411364412,azul,azul,heuristica,empate,0,-1,100,0,30,0.0000,0.0100,1952,63,1867,22
718,1200314224,verde,verde,mcts,vermelho,0,-3,21,180,120,1.5000,0.0000,4543,2304,1819,420
718,1200314224,verde,vermelho,art3miz_0.1,vermelho,1,3,21,60,60,1.0000,0.0000,187,39,119,29
718,1200314224,verde,azul,heuristica,vermelho,0,-3,21,60,120,0.5000,0.0000,462,79,310,73
719,1259110644,vermelho,verde,mcts,verde,1,3,12,30,30,1.0000,0.0000,731,117,554,60
719,1259110644,vermelho,vermelho,art3miz_0.1,verde,0,-3,12,90,120,0.7500,0.0000,246,80,91,75
719,1259110644,vermelho,azul,heuristica,verde,0,-3,12,150,120,1.2500,0.0000,537,132,280,125
720,447719130,azul,verde,mcts,verde,1,3,13,30,30,1.0000,0.1667,1269,245,904,120
720,447719130,azul,vermelho,art3miz_0.1,verde,0,-3,13,90,120,0.7500,0.0000,241,80,86,75
720,447719130,azul,azul,heuristica,verde,0,-3,13,150,120,1.2500,0.2500,597,155,295,147
721,1722184469,verde,verde,mcts,vermelho,0,-3,15,210,120,1.7500,0.0000,5088,2270,2338,480
721,1722184469,verde,vermelho,art3miz_0.1,vermelho,1,3,15,120,90,1.3333,0.2000,446,135,186,125
721,1722184469,verde,azul,heuristica,vermelho,0,-3,15,0,120,0.0000,0.0000,298,78,145,75
722,327044082,vermelho,verde,mcts,verde,1,3,14,30,30,1.0000,0.2308,753,103,590,60
722,327044082,vermelho,vermelho,art3miz_0.1,verde,0,-3,14,150,120,1.2500,0.0000,509,126,270,113
722,327044082,vermelho,azul,heuristica,verde,0,-3,14,90,120,0.7500,0.0000,249,77,99,73
723,592593125,azul,verde,mcts,vermelho,0,-3,15,180,120,1.5000,0.0000,3899,1875,1664,360
723,592593125,azul,vermelho,art3miz_0.1,vermelho,1,3,15,90,60,1.5000,0.0000,286,72,153,61
723,592593125,azul,azul,heuristica,vermelho,0,-3,15,30,120,0.2500,0.3333,301,76,150,75
724,580558835,verde,verde,mcts,vermelho,0,-3,14,120,120,1.0000,0.0000,3996,2654,1042,300
724,580558835,verde,vermelho,art3miz_0.1,vermelho,1,3,14,120,90,1.3333,0.1429,579,198,223,158
724,580558835,verde,azul,heuristica,vermelho,0,-3,14,90,120,0.7500,0.0000,560,149,311,100
725,1641414582,vermelho,verde,mcts,verde,1,3,18,30,60,0.5000,0.0000,1364,213,1031,120
725,1641414582,vermelho,vermelho,art3miz_0.1,verde,0,-3,18,180,120,1.5000,0.2941,613,187,253,173
725,1641414582,vermelho,azul,heuristica,verde,0,-3,18,90,120,0.7500,0.6667,475,130,222,123
726,1314131657,azul,verde,mcts,azul,0,-3,39,60,120,0.5000,0.0000,1945,787,1038,120
726,1314131657,azul,vermelho,art3miz_0.1,azul,0,-3,39,150,120,1.2500,0.0789,628,167,340,121
726,1314131657,azul,azul,heuristica,azul,1,3,39,90,60,1.5000,0.0000,764,119,575,70
727,2077249961,verde,verde,mcts,azul,0,-3,21,150,100,1.5000,0.1905,3467,1583,1584,300
727,2077249961,verde,vermelho,art3miz_0.1,azul,0,-3,21,60,120,0.5000,0.1250,345,104,146,95
727,2077249961,verde,azul,heuristica,azul,1,3,21,40,30,1.3333,0.1429,614,55,510,49
728,626421707,vermelho,verde,mcts,azul,0,-3,19,150,120,1.2500,0.0000,3294,1484,1510,300
728,626421707,vermelho,vermelho,art3miz_0.1,azul,0,-3,19,60,120,0.5000,0.0000,294,79,144,71
728,626421707,vermelho,azul,heuristica,azul,1,3,19,60,30,2.0000,0.1053,589,71,445,73
729,1432468837,azul,verde,mcts,verde,1,3,15,220,80,2.7500,0.2143,5207,2398,2329,480
729,1432468837,azul,vermelho,art3miz_0.1,verde,0,-3,15,80,110,0.7273,0.0769,307,81,151,75
729,1432468837,azul,azul,heuristica,verde,0,-3,15,0,110,0.0000,0.6000,277,76,126,75
730,2024764721,verde,verde,mcts,vermelho,0,-3,16,60,120,0.5000,0.1429,2076,1245,651,180
730,2024764721,verde,vermelho,art3miz_0.1,vermelho,1,3,16,60,60,1.0000,0.0000,211,52,113,46
730,2024764721,verde,azul,heuristica,vermelho,0,-3,16,180,120,1.5000,0.1333,663,165,344,154
731,1142105127,vermelho,verde,mcts,azul,0,-3,11,90,120,0.7500,0.0000,2528,1312,976,240
731,1142105127,vermelho,vermelho,art3miz_0.1,azul,0,-3,11,150,120,1.2500,0.0000,499,157,192,150
731,1142105127,vermelho,azul,heuristica,azul,1,3,11,30,30,1.0000,0.0909,365,53,262,50
732,356399633,azul,verde,mcts,empate,0,-1,100,0,0,0.0000,0.0101,2576,2,2574,0
732,356399633,azul,vermelho,art3miz_0.1,empate,0,-1,100,0,0,0.0000,0.0000,1967,47,1920,0
732,356399633,azul,azul,heuristica,empate,0,-1,100,0,0,0.0000,0.0000,2029,50,1979,0
733,275188426,verde,verde,mcts,azul,0,-3,30,210,120,1.7500,0.0667,4775,2066,2289,420
733,275188426,verde,vermelho,art3miz_0.1,azul,0,-3,30,60,120,0.5000,0.0000,250,74,101,75
733,275188426,verde,azul,heuristica,azul,1,3,30,60,90,0.6667,0.0667,825,59,708,58
734,1434154751,vermelho,verde,mcts,azul,0,-3,12,90,120,0.7500,0.0000,1856,968,708,180
734,1434154751,vermelho,vermelho,art3miz_0.1,azul,0,-3,12,120,120,1.0000,0.0833,307,86,146,75
734,1434154751,vermelho,azul,heuristica,azul,1,3,12,30,0,30.0000,0.0000,321,27,269,25
735,1801140829,azul,verde,mcts,azul,0,-3,34,60,120,0.5000,0.0000,2248,1214,854,180
735,1801140829,azul,vermelho,art3miz_0.1,azul,0,-3,34,150,110,1.3636,0.1818,611,165,300,146
735,1801140829,azul,azul,heuristica,azul,1,3,34,50,30,1.6667,0.0294,745,52,646,47
736,1993507864,verde,verde,mcts,vermelho,0,-3,36,180,120,1.5000,0.1111,4378,1845,2173,360
736,1993507864,verde,vermelho,art3miz_0.1,vermelho,1,3,36,60,60,1.0000,0.0000,615,56,509,50
736,1993507864,verde,azul,heuristica,vermelho,0,-3,36,60,120,0.5000,0.0000,352,67,214,71
737,2023364721,vermelho,verde,mcts,azul,0,-3,12,210,120,1.7500,0.0000,4737,2600,1717,420
737,2023364721,vermelho,vermelho,art3miz_0.1,azul,0,-3,12,60,120,0.5000,0.1667,262,81,107,74
737,2023364721,vermelho,azul,heuristica,azul,1,3,12,60,90,0.6667,0.0833,487,113,269,105
738,134698184,azul,verde,mcts,azul,0,-3,18,120,120,1.0000,0.0000,3299,1442,1557,300
738,134698184,azul,vermelho,art3miz_0.1,azul,0,-3,18,90,120,0.7500,0.0000,343,107,136,100
738,134698184,azul,azul,heuristica,azul,1,3,18,30,0,30.0000,0.0000,492,23,448,21
739,1583040395,verde,verde,mcts,empate,0,-1,100,0,0,0.0000,0.0000,1300,0,1300,0
739,1583040395,verde,vermelho,art3miz_0.1,empate,0,-1,100,90,120,0.7500,0.0000,266,81,110,75
739,1583040395,verde,azul,heuristica,empate,0,-1,100,120,90,1.3333,0.0000,1966,106,1760,100
740,1032295844,vermelho,verde,mcts,verde,1,3,19,30,0,30.0000,0.0556,992,229,703,60
740,1032295844,vermelho,vermelho,art3miz_0.1,verde,0,-3,19,100,120,0.8333,0.1667,422,110,212,100
740,1032295844,vermelho,azul,heuristica,verde,0,-3,19,90,100,0.9000,0.3571,552,104,348,100
741,1889624383,azul,verde,mcts,vermelho,0,-3,16,210,120,1.7500,0.0000,4490,2047,2023,420
741,1889624383,azul,vermelho,art3miz_0.1,vermelho,1,3,16,60,90,0.6667,0.2000,294,82,137,75
741,1889624383,azul,azul,heuristica,vermelho,0,-3,16,60,120,0.5000,0.0000,309,73,166,70
742,1838169115,verde,verde,mcts,verde,1,3,17,60,0,60.0000,0.0000,1521,400,1001,120
742,1838169115,verde,vermelho,art3miz_0.1,verde,0,-3,17,60,120,0.5000,0.0000,276,69,143,64
742,1838169115,verde,azul,heuristica,verde,0,-3,17,120,120,1.0000,0.0000,545,111,336,98
743,532023419,vermelho,verde,mcts,verde,1,3,21,30,0,30.0000,0.0500,866,153,653,60
743,532023419,vermelho,vermelho,art3miz_0.1,verde,0,-3,21,80,120,0.6667,0.2500,248,78,95,75
743,532023419,vermelho,azul,heuristica,verde,0,-3,21,120,110,1.0909,0.1500,684,105,479,100
744,1693007723,azul,verde,mcts,verde,1,3,16,30,0,30.0000,0.0000,822,85,677,60
744,1693007723,azul,vermelho,art3miz_0.1,verde,0,-3,16,120,120,1.0000,0.0000,354,83,196,75
744,1693007723,azul,azul,heuristica,verde,0,-3,16,90,120,0.7500,0.0000,332,80,177,75
745,685610348,verde,verde,mcts,vermelho,0,-3,15,150,100,1.5000,0.2000,3259,1659,1300,300
745,685610348,verde,vermelho,art3miz_0.1,vermelho,1,3,15,30,30,1.0000,0.0000,126,25,77,24
745,685610348,verde,azul,heuristica,vermelho,0,-3,15,70,120,0.5833,0.2000,403,81,247,75
746,226624391,vermelho,verde,mcts,vermelho,0,-3,18,90,120,0.7500,0.0909,2061,1048,833,180
746,226624391,vermelho,vermelho,art3miz_0.1,vermelho,1,3,18,30,0,30.0000,0.1111,190,29,137,24
746,226624391,vermelho,azul,heuristica,vermelho,0,-3,18,120,120,1.0000,0.2941,624,106,420,98
747,104280143,azul,verde,mcts,azul,0,-3,37,200,120,1.6667,0.0833,4922,2090,2412,420
747,104280143,azul,vermelho,art3miz_0.1,azul,0,-3,37,60,110,0.5455,0.1333,278,78,131,69
747,104280143,azul,azul,heuristica,azul,1,3,37,60,90,0.6667,0.0000,948,101,752,95
748,5114185,verde,verde,mcts,empate,0,-1,100,0,0,0.0000,0.0000,1699,0,1699,0
748,5114185,verde,vermelho,art3miz_0.1,empate,0,-1,100,0,0,0.0000,0.0000,4376,1201,2071,1104
748,5114185,verde,azul,heuristica,empate,0,-1,100,0,0,0.0000,0.0000,2450,2,2448,0
749,2053688377,vermelho,verde,mcts,verde,1,3,49,60,30,2.0000,0.0625,2146,333,1693,120
749,2053688377,vermelho,vermelho,art3miz_0.1,verde,0,-3,49,60,120,0.5000,0.3571,427,108,219,100
749,2053688377,vermelho,azul,heuristica,verde,0,-3,49,150,120,1.2500,0.1875,1552,198,1164,190
750,1451533353,azul,verde,mcts,verde,1,3,20,30,30,1.0000,0.0000,1492,272,1100,120
750,1451533353,azul,vermelho,art3miz_0.1,verde,0,-3,20,150,120,1.2500,0.0000,547,127,304,116
750,1451533353,azul,azul,heuristica,verde,0,-3,20,90,120,0.7500,0.0000,500,95,306,99
751,1017531994,verde,verde,mcts,verde,1,3,17,30,30,1.0000,0.2353,896,121,715,60
751,1017531994,verde,vermelho,art3miz_0.1,verde,0,-3,17,150,120,1.2500,0.0000,465,128,221,116
751,1017531994,verde,azul,heuristica,verde,0,-3,17,90,120,0.7500,0.0000,341,99,146,96
752,40908190,vermelho,verde,mcts,vermelho,0,-3,25,180,110,1.6364,0.1250,4643,2035,2188,420
752,40908190,vermelho,vermelho,art3miz_0.1,vermelho,1,3,25,60,60,1.0000,0.0400,319,79,165,75
752,40908190,vermelho,azul,heuristica,vermelho,0,-3,25,50,120,0.4167,0.1250,340,77,189,74
753,1141767897,azul,verde,mcts,verde,1,3,33,30,30,1.0000,0.0625,1131,91,980,60
753,1141767897,azul,vermelho,art3miz_0.1,verde,0,-3,33,90,120,0.7500,0.0000,314,90,143,81
753,1141767897,azul,azul,heuristica,verde,0,-3,33,150,120,1.2500,0.0313,995,134,727,134
754,1257839479,verde,verde,mcts,azul,0,-3,24,90,120,0.7500,0.0000,1876,966,730,180
754,1257839479,verde,vermelho,art3miz_0.1,azul,0,-3,24,120,120,1.0000,0.0417,324,71,193,60
754,1257839479,verde,azul,heuristica,azul,1,3,24,30,0,30.0000,0.0417,614,27,562,25
755,1364339178,vermelho,verde,mcts,azul,0,-3,27,60,110,0.5455,0.2222,1988,1066,742,180
755,1364339178,vermelho,vermelho,art3miz_0.1,azul,0,-3,27,170,120,1.4167,0.1111,622,168,305,149
755,1364339178,vermelho,azul,heuristica,azul,1,3,27,60,60,1.0000,0.0000,635,53,532,50
756,1135458689,azul,verde,mcts,vermelho,0,-3,40,180,120,1.5000,0.0513,5152,2369,2363,420
756,1135458689,azul,vermelho,art3miz_0.1,vermelho,1,3,40,60,60,1.0000,0.0000,297,56,191,50
756,1135458689,azul,azul,heuristica,vermelho,0,-3,40,60,120,0.5000,0.1500,635,92,456,87
757,1648737985,verde,verde,mcts,azul,0,-3,14,90,120,0.7500,0.0000,1913,957,776,180
757,1648737985,verde,vermelho,art3miz_0.1,azul,0,-3,14,120,120,1.0000,0.1429,314,85,155,74
757,1648737985,verde,azul,heuristica,azul,1,3,14,30,0,30.0000,0.0000,421,49,322,50
758,487316115,vermelho,verde,mcts,verde,1,3,13,80,0,80.0000,0.0833,3651,2177,1234,240
758,487316115,vermelho,vermelho,art3miz_0.1,verde,0,-3,13,50,120,0.4167,0.3333,384,91,193,100
758,487316115,vermelho,azul,heuristica,verde,0,-3,13,90,100,0.9000,0.2500,425,122,203,100
759,1847801574,azul,verde,mcts,verde,1,3,19,30,30,1.0000,0.1111,824,104,660,60
759,1847801574,azul,vermelho,art3miz_0.1,verde,0,-3,19,150,120,1.2500,0.0000,480,125,234,121
759,1847801574,azul,azul,heuristica,verde,0,-3,19,90,120,0.7500,0.0000,365,68,234,63
760,1643984056,verde,verde,mcts,vermelho,0,-3,23,150,120,1.2500,0.0435,3449,1567,1582,300
760,1643984056,verde,vermelho,art3miz_0.1,vermelho,1,3,23,30,30,1.0000,0.1304,148,28,95,25
760,1643984056,verde,azul,heuristica,vermelho,0,-3,23,90,120,0.7500,0.0000,323,75,179,69
761,791159585,vermelho,verde,mcts,verde,1,3,13,150,30,5.0000,0.0833,3897,1481,2056,360
761,791159585,vermelho,vermelho,art3miz_0.1,verde,0,-3,13,30,120,0.2500,0.0000,252,66,127,59
761,791159585,vermelho,azul,heuristica,verde,0,-3,13,90,120,0.7500,0.0000,508,143,258,107
762,1362632934,azul,verde,mcts,azul,0,-3,17,150,120,1.2500,0.0625,3543,1822,1421,300
762,1362632934,azul,vermelho,art3miz_0.1,azul,0,-3,17,60,120,0.5000,0.0769,236,32,179,25
762,1362632934,azul,azul,heuristica,azul,1,3,17,120,90,1.3333,0.0000,727,178,399,150
763,377733151,verde,verde,mcts,azul,0,-3,11,90,120,0.7500,0.2000,2307,1383,744,180
763,377733151,verde,vermelho,art3miz_0.1,azul,0,-3,11,90,120,0.7500,0.0000,360,128,160,72
763,377733151,verde,azul,heuristica,azul,1,3,11,60,0,60.0000,0.0000,471,132,264,75
764,1420768891,vermelho,verde,mcts,verde,1,3,11,30,0,30.0000,0.1000,903,270,573,60
764,1420768891,vermelho,vermelho,art3miz_0.1,verde,0,-3,11,120,120,1.0000,0.0000,368,107,161,100
764,1420768891,vermelho,azul,heuristica,verde,0,-3,11,90,120,0.7500,0.0000,356,105,151,100
765,2044870516,azul,verde,mcts,verde,1,3,21,240,90,2.6667,0.1000,5268,2379,2409,480
765,2044870516,azul,vermelho,art3miz_0.1,verde,0,-3,21,90,120,0.7500,0.0526,311,84,152,75
765,2044870516,azul,azul,heuristica,verde,0,-3,21,0,120,0.0000,0.2222,340,70,202,68
766,1006327128,verde,verde,mcts,azul,0,-3,19,210,120,1.7500,0.0000,4604,2153,2031,420
766,1006327128,verde,vermelho,art3miz_0.1,azul,0,-3,19,0,120,0.0000,0.0000,264,82,107,75
766,1006327128,verde,azul,heuristica,azul,1,3,19,120,90,1.3333,0.0000,619,107,412,100
767,336700548,vermelho,verde,mcts,empate,0,-1,100,0,0,0.0000,0.0000,2373,1,2372,0
767,336700548,vermelho,vermelho,art3miz_0.1,empate,0,-1,100,0,0,0.0000,0.0000,4121,1129,1957,1035
767,336700548,vermelho,azul,heuristica,empate,0,-1,100,0,0,0.0000,0.0000,2224,0,2224,0
768,715912012,azul,verde,mcts,azul,0,-3,32,180,120,1.5000,0.0968,4879,2208,2251,420
768,715912012,azul,vermelho,art3miz_0.1,azul,0,-3,32,90,120,0.7500,0.0000,324,105,121,98
768,715912012,azul,azul,heuristica,azul,1,3,32,30,60,0.5000,0.0313,805,49,707,49
769,481883728,verde,verde,mcts,empate,0,-1,100,0,0,0.0000,0.0000,1961,0,1961,0
769,481883728,verde,vermelho,art3miz_0.1,empate,0,-1,100,0,0,0.0000,0.0000,1711,0,1711,0
769,481883728,verde,azul,heuristica,empate,0,-1,100,0,0,0.0000,0.0100,2546,0,2546,0
770,1614053631,vermelho,verde,mcts,vermelho,0,-3,12,150,120,1.2500,0.0000,3200,1538,1362,300
770,1614053631,vermelho,vermelho,art3miz_0.1,vermelho,1,3,12,30,30,1.0000,0.2500,217,50,121,46
770,1614053631,vermelho,azul,heuristica,vermelho,0,-3,12,90,120,0.7500,0.4286,349,97,159,93
771,1276108841,azul,verde,mcts,azul,0,-3,13,90,120,0.7500,0.0000,1927,962,785,180
771,1276108841,azul,vermelho,art3miz_0.1,azul,0,-3,13,150,120,1.2500,0.1667,493,154,214,125
771,1276108841,azul,azul,heuristica,azul,1,3,13,30,30,1.0000,0.0000,521,126,279,116
772,628933363,verde,verde,mcts,vermelho,0,-3,18,90,110,0.8182,0.1667,3623,2593,790,240
772,628933363,verde,vermelho,art3miz_0.1,vermelho,1,3,18,140,60,2.3333,0.2778,530,173,264,93
772,628933363,verde,azul,heuristica,vermelho,0,-3,18,60,120,0.5000,0.2000,468,102,310,56
773,266047734,vermelho,verde,mcts,azul,0,-3,14,90,120,0.7500,0.0000,1848,963,705,180
773,266047734,vermelho,vermelho,art3miz_0.1,azul,0,-3,14,120,120,1.0000,0.4286,442,118,215,109
773,266047734,vermelho,azul,heuristica,azul,1,3,14,30,0,30.0000,0.0000,392,27,340,25
774,437958854,azul,verde,mcts,verde,1,3,15,240,90,2.6667,0.0000,5067,2348,2239,480
774,437958854,azul,vermelho,art3miz_0.1,verde,0,-3,15,0,120,0.0000,0.3077,303,74,154,75
774,437958854,azul,azul,heuristica,verde,0,-3,15,90,120,0.7500,0.1429,375,103,173,99
775,882820366,verde,verde,mcts,azul,0,-3,12,90,120,0.7500,0.0000,2552,1434,878,240
775,882820366,verde,vermelho,art3miz_0.1,azul,0,-3,12,150,120,1.2500,0.0000,524,152,234,138
775,882820366,verde,azul,heuristica,azul,1,3,12,30,30,1.0000,0.0000,328,26,278,24
776,2103879765,vermelho,verde,mcts,vermelho,0,-3,13,120,120,1.0000,0.0000,2482,1052,1190,240
776,2103879765,vermelho,vermelho,art3miz_0.1,vermelho,1,3,13,30,0,30.0000,0.0000,164,29,110,25
776,2103879765,vermelho,azul,heuristica,vermelho,0,-3,13,90,120,0.7500,0.0000,428,90,244,94
777,1878469685,azul,verde,mcts,vermelho,0,-3,10,80,120,0.6667,0.0000,2782,2021,581,180
777,1878469685,azul,vermelho,art3miz_0.1,vermelho,1,3,10,60,0,60.0000,0.1111,334,139,120,75
777,1878469685,azul,azul,heuristica,vermelho,0,-3,10,90,110,0.8182,0.1111,507,154,228,125
778,260653707,verde,verde,mcts,azul,0,-3,28,90,120,0.7500,0.0000,2641,1284,1117,240
778,260653707,verde,vermelho,art3miz_0.1,azul,0,-3,28,120,120,1.0000,0.0000,759,206,357,196
778,260653707,verde,azul,heuristica,azul,1,3,28,30,0,30.0000,0.0357,609,27,557,25
779,2055886471,vermelho,verde,mcts,azul,0,-3,17,120,120,1.0000,0.0000,3314,1544,1470,300
779,2055886471,vermelho,vermelho,art3miz_0.1,azul,0,-3,17,60,120,0.5000,0.1250,263,74,114,75
779,2055886471,vermelho,azul,heuristica,azul,1,3,17,60,0,60.0000,0.2353,567,71,426,70
780,181546477,azul,verde,mcts,vermelho,0,-3,14,210,120,1.7500,0.0000,4379,2097,1862,420
780,181546477,azul,vermelho,art3miz_0.1,vermelho,1,3,14,90,90,1.0000,0.0000,244,75,103,66
780,181546477,azul,azul,heuristica,vermelho,0,-3,14,30,120,0.2500,0.0000,396,95,201,100
781,1696711507,verde,verde,mcts,azul,0,-3,33,180,120,1.5000,0.0909,4296,1840,2096,360
781,1696711507,verde,vermelho,art3miz_0.1,azul,0,-3,33,60,120,0.5000,0.0000,260,74,111,75
781,1696711507,verde,azul,heuristica,azul,1,3,33,60,60,1.0000,0.0303,814,68,682,64
782,1229825111,vermelho,verde,mcts,verde,1,3,21,30,50,0.6000,0.2500,1472,248,1104,120
782,1229825111,vermelho,vermelho,art3miz_0.1,verde,0,-3,21,170,120,1.4167,0.1000,612,158,309,145
782,1229825111,vermelho,azul,heuristica,verde,0,-3,21,90,120,0.7500,0.1667,489,100,294,95
783,1997479060,azul,verde,mcts,vermelho,0,-3,13,210,120,1.7500,0.0833,4584,2271,1893,420
783,1997479060,azul,vermelho,art3miz_0.1,vermelho,1,3,13,120,90,1.3333,0.0000,290,86,129,75
783,1997479060,azul,azul,heuristica,vermelho,0,-3,13,0,120,0.0000,0.4000,275,76,125,74
784,443438607,verde,verde,mcts,verde,1,3,15,30,30,1.0000,0.0000,862,132,670,60
784,443438607,verde,vermelho,art3miz_0.1,verde,0,-3,15,150,120,1.2500,0.0000,536,159,231,146
784,443438607,verde,azul,heuristica,verde,0,-3,15,90,120,0.7500,0.0000,446,102,244,100
785,1255488848,vermelho,verde,mcts,azul,0,-3,20,210,110,1.9091,0.1579,5728,2597,2591,540
785,1255488848,vermelho,vermelho,art3miz_0.1,azul,0,-3,20,80,120,0.6667,0.1111,331,105,132,94
785,1255488848,vermelho,azul,heuristica,azul,1,3,20,30,90,0.3333,0.1500,708,98,510,100
786,1713663468,azul,verde,mcts,azul,0,-3,20,60,120,0.5000,0.0000,1993,1239,634,120
786,1713663468,azul,vermelho,art3miz_0.1,azul,0,-3,20,120,120,1.0000,0.0526,401,154,153,94
786,1713663468,azul,azul,heuristica,azul,1,3,20,120,60,2.0000,0.0000,977,290,436,251
787,1326665035,verde,verde,mcts,vermelho,0,-3,14,120,120,1.0000,0.0000,2623,1086,1297,240
787,1326665035,verde,vermelho,art3miz_0.1,vermelho,1,3,14,30,0,30.0000,0.1429,209,29,155,25
787,1326665035,verde,azul,heuristica,vermelho,0,-3,14,90,120,0.7500,0.0000,380,81,224,75
788,1485550945,vermelho,verde,mcts,azul,0,-3,13,90,120,0.7500,0.0000,1939,983,776,180
788,1485550945,vermelho,vermelho,art3miz_0.1,azul,0,-3,13,120,120,1.0000,0.0769,403,108,195,100
788,1485550945,vermelho,azul,heuristica,azul,1,3,13,30,0,30.0000,0.0769,379,27,327,25
789,255725471,azul,verde,mcts,verde,1,3,30,30,0,30.0000,0.0690,1166,171,935,60
789,255725471,azul,vermelho,art3miz_0.1,verde,0,-3,30,120,120,1.0000,0.1429,510,131,257,122
789,255725471,azul,azul,heuristica,verde,0,-3,30,90,120,0.7500,0.0000,414,75,268,71
790,388207685,verde,verde,mcts,azul,0,-3,14,120,120,1.0000,0.0000,2617,1104,1273,240
790,388207685,verde,vermelho,art3miz_0.1,azul,0,-3,14,90,120,0.7500,0.1429,249,84,90,75
790,388207685,verde,azul,heuristica,azul,1,3,14,30,0,30.0000,0.0000,485,67,343,75
791,230858913,vermelho,verde,mcts,verde,1,3,20,30,0,30.0000,0.1053,925,123,742,60
791,230858913,vermelho,vermelho,art3miz_0.1,verde,0,-3,20,90,120,0.7500,0.0000,244,67,115,62
791,230858913,vermelho,azul,heuristica,verde,0,-3,20,120,120,1.0000,0.0000,636,108,419,109
792,497945140,azul,verde,mcts,verde,1,3,17,60,0,60.0000,0.0625,1639,520,999,120
792,497945140,azul,vermelho,art3miz_0.1,verde,0,-3,17,90,120,0.7500,0.0000,349,109,151,89
792,497945140,azul,azul,heuristica,verde,0,-3,17,90,120,0.7500,0.0667,616,126,366,124
793,1672875716,verde,verde,mcts,azul,0,-3,15,90,120,0.7500,0.0000,3190,1642,1248,300
793,1672875716,verde,vermelho,art3miz_0.1,azul,0,-3,15,120,120,1.0000,0.0000,458,122,227,109
793,1672875716,verde,azul,heuristica,azul,1,3,15,30,0,30.0000,0.1333,440,27,388,25
794,1703592542,vermelho,verde,mcts,vermelho,0,-3,19,150,120,1.2500,0.0556,3345,1524,1521,300
794,1703592542,vermelho,vermelho,art3miz_0.1,vermelho,1,3,19,30,30,1.0000,0.0000,236,30,181,25
794,1703592542,vermelho,azul,heuristica,vermelho,0,-3,19,90,120,0.7500,0.0000,545,106,339,100
795,524300311,azul,verde,mcts,vermelho,0,-3,31,210,100,2.1000,0.1000,4928,2308,2200,420
795,524300311,azul,vermelho,art3miz_0.1,vermelho,1,3,31,60,90,0.6667,0.0333,515,75,367,73
795,524300311,azul,azul,heuristica,vermelho,0,-3,31,40,120,0.3333,0.3571,518,103,318,97
796,405532386,verde,verde,mcts,azul,0,-3,12,120,120,1.0000,0.0000,3053,1392,1361,300
796,405532386,verde,vermelho,art3miz_0.1,azul,0,-3,12,90,120,0.7500,0.0000,310,87,149,74
796,405532386,verde,azul,heuristica,azul,1,3,12,30,0,30.0000,0.1667,317,17,284,16
797,1140362201,vermelho,verde,mcts,verde,1,3,19,30,30,1.0000,0.2778,861,88,713,60
797,1140362201,vermelho,vermelho,art3miz_0.1,verde,0,-3,19,90,100,0.9000,0.3333,238,79,85,74
797,1140362201,vermelho,azul,heuristica,verde,0,-3,19,130,120,1.0833,0.1111,715,131,460,124
798,2122964567,azul,verde,mcts,empate,0,-1,100,0,0,0.0000,0.0000,1424,0,1424,0
798,2122964567,azul,vermelho,art3miz_0.1,empate,0,-1,100,80,100,0.8000,0.3000,405,104,204,97
798,2122964567,azul,azul,heuristica,empate,0,-1,100,100,80,1.2500,0.0600,1629,129,1376,124
799,1850462464,verde,verde,mcts,azul,0,-3,17,150,120,1.2500,0.0000,3264,1524,1440,300
799,1850462464,verde,vermelho,art3miz_0.1,azul,0,-3,17,90,120,0.7500,0.0000,247,83,90,74
799,1850462464,verde,azul,heuristica,azul,1,3,17,30,30,1.0000,0.0000,427,17,394,16
800,1238786426,vermelho,verde,mcts,verde,1,3,16,30,0,30.0000,0.0000,849,159,630,60
800,1238786426,vermelho,vermelho,art3miz_0.1,verde,0,-3,16,90,120,0.7500,0.0667,270,80,115,75
800,1238786426,vermelho,azul,heuristica,verde,0,-3,16,120,120,1.0000,0.0000,564,104,361,99
801,777418731,azul,verde,mcts,verde,1,3,19,30,30,1.0000,0.0000,1473,291,1062,120
801,777418731,azul,vermelho,art3miz_0.1,verde,0,-3,19,150,120,1.2500,0.0588,511,157,210,144
801,777418731,azul,azul,heuristica,verde,0,-3,19,90,120,0.7500,0.1000,373,75,227,71
802,1650316423,verde,verde,mcts,verde,1,3,21,240,30,8.0000,0.1905,5182,2268,2434,480
802,1650316423,verde,vermelho,art3miz_0.1,verde,0,-3,21,30,120,0.2500,0.3636,279,78,126,75
802,1650316423,verde,azul,heuristica,verde,0,-3,21,0,120,0.0000,0.0000,673,99,475,99
803,1518169168,vermelho,verde,mcts,vermelho,0,-3,12,150,120,1.2500,0.0909,3176,1574,1302,300
803,1518169168,vermelho,vermelho,art3miz_0.1,vermelho,1,3,12,60,30,2.0000,0.3333,212,56,107,49
803,1518169168,vermelho,azul,heuristica,vermelho,0,-3,12,60,120,0.5000,0.0000,278,74,134,70
804,664454653,azul,verde,mcts,verde,1,3,22,30,30,1.0000,0.0476,961,112,789,60
804,664454653,azul,vermelho,art3miz_0.1,verde,0,-3,22,140,110,1.2727,0.3500,652,177,314,161
804,664454653,azul,azul,heuristica,verde,0,-3,22,80,110,0.7273,0.5455,565,145,273,147
805,1222287018,verde,verde,mcts,azul,0,-3,15,90,120,0.7500,0.0000,1977,983,814,180
805,1222287018,verde,vermelho,art3miz_0.1,azul,0,-3,15,120,120,1.0000,0.0000,347,86,188,73
805,1222287018,verde,azul,heuristica,azul,1,3,15,30,0,30.0000,0.0000,396,28,345,23
806,1050928200,vermelho,verde,mcts,verde,1,3,19,240,90,2.6667,0.2222,5071,2222,2369,480
806,1050928200,vermelho,vermelho,art3miz_0.1,verde,0,-3,19,30,120,0.2500,0.0000,259,82,103,74
806,1050928200,vermelho,azul,heuristica,verde,0,-3,19,60,120,0.5000,0.1667,648,100,450,98
807,1496432766,azul,verde,mcts,verde,1,3,48,30,0,30.0000,0.1064,1580,131,1389,60
807,1496432766,azul,vermelho,art3miz_0.1,verde,0,-3,48,90,120,0.7500,0.0000,209,64,84,61
807,1496432766,azul,azul,heuristica,verde,0,-3,48,120,120,1.0000,0.0213,1352,111,1132,109
808,1546097094,verde,verde,mcts,azul,0,-3,30,90,120,0.7500,0.0000,2452,1216,996,240
808,1546097094,verde,vermelho,art3miz_0.1,azul,0,-3,30,120,120,1.0000,0.0000,474,113,261,100
808,1546097094,verde,azul,heuristica,azul,1,3,30,30,0,30.0000,0.0333,806,49,710,47
809,153640283,vermelho,verde,mcts,verde,1,3,13,30,0,30.0000,0.0000,888,230,598,60
809,153640283,vermelho,vermelho,art3miz_0.1,verde,0,-3,13,120,100,1.2000,0.2500,412,101,219,92
809,153640283,vermelho,azul,heuristica,verde,0,-3,13,70,120,0.5833,0.2222,395,101,198,96
810,1109067602,azul,verde,mcts,empate,0,-1,100,90,120,0.7500,0.1429,1968,1005,783,180
810,1109067602,azul,vermelho,art3miz_0.1,empate,0,-1,100,120,90,1.3333,0.0101,2226,131,2020,75
810,1109067602,azul,azul,heuristica,empate,0,-1,100,0,0,0.0000,0.0000,2018,45,1973,0
811,1182380079,verde,verde,mcts,verde,1,3,16,30,0,30.0000,0.0000,898,124,714,60
811,1182380079,verde,vermelho,art3miz_0.1,verde,0,-3,16,110,120,0.9167,0.1333,550,159,242,149
811,1182380079,verde,azul,heuristica,verde,0,-3,16,90,110,0.8182,0.1000,434,92,243,99
812,995907090,vermelho,verde,mcts,verde,1,3,16,30,0,30.0000,0.1333,930,191,679,60
812,995907090,vermelho,vermelho,art3miz_0.1,verde,0,-3,16,120,120,1.0000,0.0667,341,93,163,85
812,995907090,vermelho,azul,heuristica,verde,0,-3,16,90,120,0.7500,0.1000,357,70,221,66
813,2009703295,azul,verde,mcts,vermelho,0,-3,23,150,120,1.2500,0.0000,3400,1531,1569,300
813,2009703295,azul,vermelho,art3miz_0.1,vermelho,1,3,23,30,30,1.0000,0.0000,163,26,114,23
813,2009703295,azul,azul,heuristica,vermelho,0,-3,23,90,120,0.7500,0.1250,332,80,180,72
814,2108967014,verde,verde,mcts,azul,0,-3,38,90,120,0.7500,0.0909,2618,1337,1041,240
814,2108967014,verde,vermelho,art3miz_0.1,azul,0,-3,38,120,120,1.0000,0.1053,494,115,279,100
814,2108967014,verde,azul,heuristica,azul,1,3,38,30,0,30.0000,0.0000,790,30,736,24
815,484446759,vermelho,verde,mcts,vermelho,0,-3,10,120,120,1.0000,0.0000,2457,1102,1115,240
815,484446759,vermelho,vermelho,art3miz_0.1,vermelho,1,3,10,30,0,30.0000,0.1000,129,27,80,22
815,484446759,vermelho,azul,heuristica,vermelho,0,-3,10,90,120,0.7500,0.0000,316,101,120,95
816,780071506,azul,verde,mcts,vermelho,0,-3,21,120,100,1.2000,0.3500,3422,1671,1451,300
816,780071506,azul,vermelho,art3miz_0.1,vermelho,1,3,21,30,0,30.0000,0.1000,166,28,113,25
816,780071506,azul,azul,heuristica,vermelho,0,-3,21,70,120,0.5833,0.5714,290,69,158,63
817,853399628,verde,verde,mcts,vermelho,0,-3,16,150,120,1.2500,0.0000,3143,1508,1335,300
817,853399628,verde,vermelho,art3miz_0.1,vermelho,1,3,16,30,30,1.0000,0.1250,176,27,125,24
817,853399628,verde,azul,heuristica,vermelho,0,-3,16,90,120,0.7500,0.0000,242,61,127,54
818,1422126434,vermelho,verde,mcts,vermelho,0,-3,14,180,120,1.5000,0.0000,3809,1821,1628,360
818,1422126434,vermelho,vermelho,art3miz_0.1,vermelho,1,3,14,30,60,0.5000,0.2143,205,54,101,50
818,1422126434,vermelho,azul,heuristica,vermelho,0,-3,14,90,120,0.7500,0.0000,379,103,176,100
819,1002835612,azul,verde,mcts,verde,1,3,23,30,30,1.0000,0.0000,988,84,844,60
819,1002835612,azul,vermelho,art3miz_0.1,verde,0,-3,23,90,120,0.7500,0.0000,269,78,117,74
819,1002835612,azul,azul,heuristica,verde,0,-3,23,150,120,1.2500,0.0000,772,131,514,127
820,1448939825,verde,verde,mcts,verde,1,3,28,90,30,3.0000,0.0357,2237,662,1395,180
820,1448939825,verde,vermelho,art3miz_0.1,verde,0,-3,28,30,120,0.2500,0.0000,264,62,147,55
820,1448939825,verde,azul,heuristica,verde,0,-3,28,150,120,1.2500,0.0741,830,123,580,127
821,379393432,vermelho,verde,mcts,vermelho,0,-3,19,150,120,1.2500,0.0000,3392,1520,1572,300
821,379393432,vermelho,vermelho,art3miz_0.1,vermelho,1,3,19,60,30,2.0000,0.0526,181,30,126,25
821,379393432,vermelho,azul,heuristica,vermelho,0,-3,19,60,120,0.5000,0.0000,295,71,149,75
822,2107298103,azul,verde,mcts,verde,1,3,21,60,30,2.0000,0.0000,1979,456,1343,180
822,2107298103,azul,vermelho,art3miz_0.1,verde,0,-3,21,140,120,1.1667,0.2632,655,177,310,168
822,2107298103,azul,azul,heuristica,verde,0,-3,21,60,110,0.5455,0.7143,420,128,172,120
823,1528822464,verde,verde,mcts,empate,0,-1,100,0,0,0.0000,0.0000,1982,0,1982,0
823,1528822464,verde,vermelho,art3miz_0.1,empate,0,-1,100,0,0,0.0000,0.0000,2178,49,2129,0
823,1528822464,verde,azul,heuristica,empate,0,-1,100,0,0,0.0000,0.0000,2073,50,2023,0
824,1661114236,vermelho,verde,mcts,verde,1,3,8,30,0,30.0000,0.1429,750,194,496,60
824,1661114236,vermelho,vermelho,art3miz_0.1,verde,0,-3,8,120,120,1.0000,0.1429,241,76,96,69
824,1661114236,vermelho,azul,heuristica,verde,0,-3,8,90,120,0.7500,0.0000,301,78,149,74
825,900874270,azul,verde,mcts,empate,0,-1,100,0,0,0.0000,0.0000,2057,48,2009,0
825,900874270,azul,vermelho,art3miz_0.1,empate,0,-1,100,0,0,0.0000,0.0000,2159,49,2110,0
825,900874270,azul,azul,heuristica,empate,0,-1,100,0,0,0.0000,0.0100,1871,0,1871,0
826,1705519067,verde,verde,mcts,verde,1,3,23,30,0,30.0000,0.0870,1023,151,812,60
826,1705519067,verde,vermelho,art3miz_0.1,verde,0,-3,23,90,120,0.7500,0.0000,268,80,113,75
826,1705519067,verde,azul,heuristica,verde,0,-3,23,120,120,1.0000,0.0000,750,105,545,100
827,1177791765,vermelho,verde,mcts,verde,1,3,19,30,0,30.0000,0.0000,900,129,711,60
827,1177791765,vermelho,vermelho,art3miz_0.1,verde,0,-3,19,120,120,1.0000,0.0000,608,159,300,149
827,1177791765,vermelho,azul,heuristica,verde,0,-3,19,90,120,0.7500,0.0000,476,100,276,100
828,704217637,azul,verde,mcts,verde,1,3,20,30,0,30.0000,0.0000,1021,191,770,60
828,704217637,azul,vermelho,art3miz_0.1,verde,0,-3,20,90,100,0.9000,0.5000,263,81,107,75
828,704217637,azul,azul,heuristica,verde,0,-3,20,100,120,0.8333,0.4211,675,105,470,100
829,770907264,verde,verde,mcts,azul,0,-3,14,210,120,1.7500,0.2143,4474,2109,1945,420
829,770907264,verde,vermelho,art3miz_0.1,azul,0,-3,14,90,120,0.7500,0.0000,337,94,160,83
829,770907264,verde,azul,heuristica,azul,1,3,14,30,90,0.3333,0.4286,488,78,335,75
830,867905328,vermelho,verde,mcts,verde,1,3,9,30,0,30.0000,0.0000,777,201,516,60
830,867905328,vermelho,vermelho,art3miz_0.1,verde,0,-3,9,90,120,0.7500,0.0000,248,80,93,75
830,867905328,vermelho,azul,heuristica,verde,0,-3,9,120,120,1.0000,0.1250,406,105,201,100
831,1547102212,azul,verde,mcts,vermelho,0,-3,16,190,120,1.5833,0.5333,4581,2286,1875,420
831,1547102212,azul,vermelho,art3miz_0.1,vermelho,1,3,16,80,80,1.0000,0.4000,321,79,172,70
831,1547102212,azul,azul,heuristica,vermelho,0,-3,16,40,110,0.3636,0.2000,358,62,229,67
832,1427051027,verde,verde,mcts,vermelho,0,-3,10,150,120,1.2500,0.4000,3125,1544,1281,300
832,1427051027,verde,vermelho,art3miz_0.1,vermelho,1,3,10,30,30,1.0000,0.0000,112,28,59,25
832,1427051027,verde,azul,heuristica,vermelho,0,-3,10,90,120,0.7500,0.3333,346,97,150,99
833,347179498,vermelho,verde,mcts,vermelho,0,-3,11,120,120,1.0000,0.0000,2493,1066,1187,240
833,347179498,vermelho,vermelho,art3miz_0.1,vermelho,1,3,11,30,0,30.0000,0.0000,137,29,83,25
833,347179498,vermelho,azul,heuristica,vermelho,0,-3,11,90,120,0.7500,0.0000,307,80,152,75
834,1886650417,azul,verde,mcts,azul,0,-3,21,90,120,0.7500,0.3000,2423,1109,1074,240
834,1886650417,azul,vermelho,art3miz_0.1,azul,0,-3,21,120,120,1.0000,0.1000,542,134,285,123
834,1886650417,azul,azul,heuristica,azul,1,3,21,30,0,30.0000,0.0952,629,76,481,72
835,15777031,verde,verde,mcts,vermelho,0,-3,12,150,120,1.2500,0.0000,3183,1557,1326,300
835,15777031,verde,vermelho,art3miz_0.1,vermelho,1,3,12,30,30,1.0000,0.0000,121,27,70,24
835,15777031,verde,azul,heuristica,vermelho,0,-3,12,90,120,0.7500,0.0000,338,93,157,88
836,1363852363,vermelho,verde,mcts,vermelho,0,-3,13,90,120,0.7500,0.0000,1932,991,761,180
836,1363852363,vermelho,vermelho,art3miz_0.1,vermelho,1,3,13,30,30,1.0000,0.0000,122,26,71,25
836,1363852363,vermelho,azul,heuristica,vermelho,0,-3,13,150,120,1.2500,0.1667,547,131,295,121
837,1258731941,azul,verde,mcts,azul,0,-3,18,90,120,0.7500,0.0000,3265,1668,1297,300
837,1258731941,azul,vermelho,art3miz_0.1,azul,0,-3,18,150,110,1.3636,0.0588,651,180,300,171
837,1258731941,azul,azul,heuristica,azul,1,3,18,20,30,0.6667,0.0556,472,26,421,25
838,1494699440,verde,verde,mcts,verde,1,3,27,30,30,1.0000,0.1111,1020,85,875,60
838,1494699440,verde,vermelho,art3miz_0.1,verde,0,-3,27,130,110,1.1818,0.2308,574,145,299,130
838,1494699440,verde,azul,heuristica,verde,0,-3,27,80,100,0.8000,0.3000,739,126,493,120
839,1628579981,vermelho,verde,mcts,verde,1,3,16,30,30,1.0000,0.1333,1268,211,937,120
839,1628579981,vermelho,vermelho,art3miz_0.1,verde,0,-3,16,140,110,1.2727,0.0667,393,110,183,100
839,1628579981,vermelho,azul,heuristica,verde,0,-3,16,80,110,0.7273,0.4000,280,79,126,75
840,250397122,azul,verde,mcts,vermelho,0,-3,23,120,120,1.0000,0.0000,2688,1103,1345,240
840,250397122,azul,vermelho,art3miz_0.1,vermelho,1,3,23,30,0,30.0000,0.0000,357,2,355,0
840,250397122,azul,azul,heuristica,vermelho,0,-3,23,90,120,0.7500,0.0000,418,85,258,75
841,881510746,verde,verde,mcts,verde,1,3,22,30,0,30.0000,0.0000,1051,198,793,60
841,881510746,verde,vermelho,art3miz_0.1,verde,0,-3,22,90,120,0.7500,0.0000,295,80,140,75
841,881510746,verde,azul,heuristica,verde,0,-3,22,120,120,1.0000,0.0476,730,105,525,100
842,1164238508,vermelho,verde,mcts,vermelho,0,-3,10,120,120,1.0000,0.0000,3104,1436,1368,300
842,1164238508,vermelho,vermelho,art3miz_0.1,vermelho,1,3,10,30,0,30.0000,0.1000,278,83,145,50
842,1164238508,vermelho,azul,heuristica,vermelho,0,-3,10,90,120,0.7500,0.1429,402,125,177,100
843,1457461325,azul,verde,mcts,verde,1,3,17,30,0,30.0000,0.0000,990,279,651,60
843,1457461325,azul,vermelho,art3miz_0.1,verde,0,-3,17,120,110,1.0909,0.2667,428,106,223,99
843,1457461325,azul,azul,heuristica,verde,0,-3,17,80,120,0.6667,0.3077,529,100,329,100
844,1551343355,verde,verde,mcts,verde,1,3,13,30,0,30.0000,0.1538,871,182,629,60
844,1551343355,verde,vermelho,art3miz_0.1,verde,0,-3,13,90,120,0.7500,0.3333,246,76,97,73
844,1551343355,verde,azul,heuristica,verde,0,-3,13,120,120,1.0000,0.0833,597,144,303,150
845,2140318315,vermelho,verde,mcts,azul,0,-3,19,120,120,1.0000,0.0556,2655,1109,1306,240
845,2140318315,vermelho,vermelho,art3miz_0.1,azul,0,-3,19,90,120,0.7500,0.5714,290,85,130,75
845,2140318315,vermelho,azul,heuristica,azul,1,3,19,30,0,30.0000,0.0000,456,24,413,19
846,2014609842,azul,verde,mcts,vermelho,0,-3,9,120,120,1.0000,0.1250,2411,1080,1091,240
846,2014609842,azul,vermelho,art3miz_0.1,vermelho,1,3,9,30,0,30.0000,0.2500,76,3,73,0
846,2014609842,azul,azul,heuristica,vermelho,0,-3,9,90,120,0.7500,0.1429,373,98,175,100
847,582212434,verde,verde,mcts,azul,0,-3,23,150,120,1.2500,0.0000,3448,1528,1620,300
847,582212434,verde,vermelho,art3miz_0.1,azul,0,-3,23,90,120,0.7500,0.0000,264,85,104,75
847,582212434,verde,azul,heuristica,azul,1,3,23,30,30,1.0000,0.0000,591,26,542,23
848,2005396972,vermelho,verde,mcts,azul,0,-3,12,90,120,0.7500,0.0000,1874,985,709,180
848,2005396972,vermelho,vermelho,art3miz_0.1,azul,0,-3,12,190,120,1.5833,0.4167,613,184,256,173
848,2005396972,vermelho,azul,heuristica,azul,1,3,12,30,70,0.4286,0.1667,452,78,299,75
849,396879593,azul,verde,mcts,verde,1,3,22,30,60,0.5000,0.0476,1455,231,1104,120
849,396879593,azul,vermelho,art3miz_0.1,verde,0,-3,22,180,120,1.5000,0.0500,571,163,259,149
849,396879593,azul,azul,heuristica,verde,0,-3,22,90,120,0.7500,0.0000,405,80,250,75
850,73218816,verde,verde,mcts,vermelho,0,-3,17,180,120,1.5000,0.0000,3944,1861,1723,360
850,73218816,verde,vermelho,art3miz_0.1,vermelho,1,3,17,30,60,0.5000,0.1176,259,51,158,50
850,73218816,verde,azul,heuristica,vermelho,0,-3,17,90,120,0.7500,0.1111,481,131,226,124
851,1734867821,vermelho,verde,mcts,vermelho,0,-3,32,210,120,1.7500,0.0000,4694,2058,2216,420
851,1734867821,vermelho,vermelho,art3miz_0.1,vermelho,1,3,32,60,90,0.6667,0.0625,561,101,368,92
851,1734867821,vermelho,azul,heuristica,vermelho,0,-3,32,60,120,0.5000,0.0000,285,50,187,48
852,532289079,azul,verde,mcts,vermelho,0,-3,16,90,110,0.8182,0.2857,2597,1458,899,240
852,532289079,azul,vermelho,art3miz_0.1,vermelho,1,3,16,30,30,1.0000,0.0667,122,26,73,23
852,532289079,azul,azul,heuristica,vermelho,0,-3,16,140,120,1.1667,0.2000,685,156,380,149
853,1631779701,verde,verde,mcts,azul,0,-3,47,90,120,0.7500,0.0217,3106,1480,1446,180
853,1631779701,verde,vermelho,art3miz_0.1,azul,0,-3,47,120,120,1.0000,0.0213,1238,183,937,118
853,1631779701,verde,azul,heuristica,azul,1,3,47,60,30,2.0000,0.0000,1166,141,955,70
854,85258658,vermelho,verde,mcts,verde,1,3,26,30,0,30.0000,0.0000,1118,154,904,60
854,85258658,vermelho,vermelho,art3miz_0.1,verde,0,-3,26,90,120,0.7500,0.0000,270,79,117,74
854,85258658,vermelho,azul,heuristica,verde,0,-3,26,120,120,1.0000,0.0400,856,119,616,121
855,942012666,azul,verde,mcts,verde,1,3,15,30,0,30.0000,0.1429,921,207,654,60
855,942012666,azul,vermelho,art3miz_0.1,verde,0,-3,15,90,110,0.8182,0.1000,299,81,143,75
855,942012666,azul,azul,heuristica,verde,0,-3,15,110,120,0.9167,0.1429,536,105,332,99
856,1074658908,verde,verde,mcts,azul,0,-3,13,150,120,1.2500,0.0000,3179,1558,1321,300
856,1074658908,verde,vermelho,art3miz_0.1,azul,0,-3,13,90,120,0.7500,0.1250,276,117,88,71
856,1074658908,verde,azul,heuristica,azul,1,3,13,30,30,1.0000,0.0000,322,24,281,17
857,245171136,vermelho,verde,mcts,empate,0,-1,100,0,0,0.0000,0.0000,1897,47,1850,0
857,245171136,vermelho,vermelho,art3miz_0.1,empate,0,-1,100,0,0,0.0000,0.0000,2107,49,2058,0
857,245171136,vermelho,azul,heuristica,empate,0,-1,100,0,0,0.0000,0.0100,2542,0,2542,0
858,2021010886,azul,verde,mcts,verde,1,3,23,30,0,30.0000,0.0455,1006,145,801,60
858,2021010886,azul,vermelho,art3miz_0.1,verde,0,-3,23,90,120,0.7500,0.0000,253,75,107,71
858,2021010886,azul,azul,heuristica,verde,0,-3,23,120,120,1.0000,0.1364,773,131,512,130
859,329362190,verde,verde,mcts,verde,1,3,33,30,0,30.0000,0.0303,1176,160,956,60
859,329362190,verde,vermelho,art3miz_0.1,verde,0,-3,33,120,120,1.0000,0.0625,553,123,317,113
859,329362190,verde,azul,heuristica,verde,0,-3,33,90,120,0.7500,0.0000,522,80,367,75
860,820834749,vermelho,verde,mcts,azul,0,-3,35,150,120,1.2500,0.1176,3626,1523,1803,300
860,820834749,vermelho,vermelho,art3miz_0.1,azul,0,-3,35,90,120,0.7500,0.0000,275,84,116,75
860,820834749,vermelho,azul,heuristica,azul,1,3,35,30,30,1.0000,0.0000,860,34,794,32
861,1440881829,azul,verde,mcts,azul,0,-3,12,180,120,1.5000,0.0000,4470,2230,1820,420
861,1440881829,azul,vermelho,art3miz_0.1,azul,0,-3,12,90,120,0.7500,0.0000,338,107,132,99
861,1440881829,azul,azul,heuristica,azul,1,3,12,30,60,0.5000,0.0000,444,79,275,90
862,106408623,verde,verde,mcts,vermelho,0,-3,30,120,120,1.0000,0.0000,2943,1078,1625,240
862,106408623,verde,vermelho,art3miz_0.1,vermelho,1,3,30,30,0,30.0000,0.0333,417,26,369,22
862,106408623,verde,azul,heuristica,vermelho,0,-3,30,90,120,0.7500,0.0833,548,122,301,125
863,1817240856,vermelho,verde,mcts,azul,0,-3,12,90,120,0.7500,0.0000,1861,976,705,180
863,1817240856,vermelho,vermelho,art3miz_0.1,azul,0,-3,12,150,100,1.5000,0.0833,492,132,235,125
863,1817240856,vermelho,azul,heuristica,azul,1,3,12,10,30,0.3333,0.1667,338,27,286,25
864,1768830967,azul,verde,mcts,azul,0,-3,21,90,120,0.7500,0.0000,2769,1360,1169,240
864,1768830967,azul,vermelho,art3miz_0.1,azul,0,-3,21,120,120,1.0000,0.0000,625,162,322,141
864,1768830967,azul,azul,heuristica,azul,1,3,21,30,0,30.0000,0.0476,560,44,477,39
865,1437286984,verde,verde,mcts,vermelho,0,-3,17,180,120,1.5000,0.1765,4815,2487,1908,420
865,1437286984,verde,vermelho,art3miz_0.1,vermelho,1,3,17,30,60,0.5000,0.1176,320,58,212,50
865,1437286984,verde,azul,heuristica,vermelho,0,-3,17,90,120,0.7500,0.1818,493,125,252,116
866,525821035,vermelho,verde,mcts,vermelho,0,-3,9,150,120,1.2500,0.0000,3078,1512,1266,300
866,525821035,vermelho,vermelho,art3miz_0.1,vermelho,1,3,9,30,30,1.0000,0.0000,145,28,93,24
866,525821035,vermelho,azul,heuristica,vermelho,0,-3,9,90,120,0.7500,0.0000,282,80,127,75
867,797956592,azul,verde,mcts,verde,1,3,16,30,0,30.0000,0.1333,811,94,657,60
867,797956592,azul,vermelho,art3miz_0.1,verde,0,-3,16,120,120,1.0000,0.0000,309,75,166,68
867,797956592,azul,azul,heuristica,verde,0,-3,16,90,120,0.7500,0.0000,394,90,215,89
868,895959840,verde,verde,mcts,azul,0,-3,25,150,120,1.2500,0.0800,3467,1500,1667,300
868,895959840,verde,vermelho,art3miz_0.1,azul,0,-3,25,60,120,0.5000,0.0000,274,82,117,75
868,895959840,verde,azul,heuristica,azul,1,3,25,60,30,2.0000,0.0400,685,41,607,37
869,704269707,vermelho,verde,mcts,vermelho,0,-3,21,190,120,1.5833,0.0500,4540,2127,1993,420
869,704269707,vermelho,vermelho,art3miz_0.1,vermelho,1,3,21,30,70,0.4286,0.1429,343,71,197,75
869,704269707,vermelho,azul,heuristica,vermelho,0,-3,21,90,120,0.7500,0.0000,326,58,215,53
870,1136894587,azul,verde,mcts,verde,1,3,25,30,60,0.5000,0.0000,1567,281,1166,120
870,1136894587,azul,vermelho,art3miz_0.1,verde,0,-3,25,180,110,1.6364,0.3478,561,148,279,134
870,1136894587,azul,azul,heuristica,verde,0,-3,25,80,120,0.6667,0.2000,521,107,314,100
871,94009992,verde,verde,mcts,empate,0,-1,100,30,30,1.0000,0.0000,2660,445,2155,60
871,94009992,verde,vermelho,art3miz_0.1,empate,0,-1,100,30,30,1.0000,0.0000,3343,757,1843,743
871,94009992,verde,azul,heuristica,empate,0,-1,100,0,0,0.0000,0.0000,2551,0,2551,0
872,323377721,vermelho,verde,mcts,verde,1,3,44,60,0,60.0000,0.0930,2002,405,1477,120
872,323377721,vermelho,vermelho,art3miz_0.1,verde,0,-3,44,50,110,0.4545,0.1818,471,95,289,87
872,323377721,vermelho,azul,heuristica,verde,0,-3,44,110,110,1.0000,0.2326,1265,141,993,131
873,1854823995,azul,verde,mcts,verde,1,3,22,30,0,30.0000,0.0952,1035,171,804,60
873,1854823995,azul,vermelho,art3miz_0.1,verde,0,-3,22,120,120,1.0000,0.0500,334,82,177,75
873,1854823995,azul,azul,heuristica,verde,0,-3,22,90,120,0.7500,0.0000,334,78,182,74
874,1320851921,verde,verde,mcts,vermelho,0,-3,13,80,120,0.6667,0.0000,2540,1398,902,240
874,1320851921,verde,vermelho,art3miz_0.1,vermelho,1,3,13,30,0,30.0000,0.0000,151,28,99,24
874,1320851921,verde,azul,heuristica,vermelho,0,-3,13,120,110,1.0909,0.0833,514,109,305,100
875,53599161,vermelho,verde,mcts,verde,1,3,38,30,30,1.0000,0.0811,1338,93,1185,60
875,53599161,vermelho,vermelho,art3miz_0.1,verde,0,-3,38,150,120,1.2500,0.0541,729,155,434,140
875,53599161,vermelho,azul,heuristica,verde,0,-3,38,90,120,0.7500,0.0000,517,104,316,97
876,1714789643,azul,verde,mcts,verde,1,3,27,30,0,30.0000,0.0385,1093,132,901,60
876,1714789643,azul,vermelho,art3miz_0.1,verde,0,-3,27,80,100,0.8000,0.1875,456,111,246,99
876,1714789643,azul,azul,heuristica,verde,0,-3,27,100,110,0.9091,0.1538,797,112,573,112
877,2001167285,verde,verde,mcts,verde,1,3,12,30,30,1.0000,0.1667,768,122,586,60
877,2001167285,verde,vermelho,art3miz_0.1,verde,0,-3,12,90,120,0.7500,0.0000,215,70,79,66
877,2001167285,verde,azul,heuristica,verde,0,-3,12,150,120,1.2500,0.0000,491,118,262,111
878,236604881,vermelho,verde,mcts,verde,1,3,36,30,30,1.0000,0.0571,1166,94,1012,60
878,236604881,vermelho,vermelho,art3miz_0.1,verde,0,-3,36,90,120,0.7500,0.0909,321,79,167,75
878,236604881,vermelho,azul,heuristica,verde,0,-3,36,150,120,1.2500,0.1143,1183,158,875,150
879,836176005,azul,verde,mcts,verde,1,3,16,30,0,30.0000,0.0000,898,178,660,60
879,836176005,azul,vermelho,art3miz_0.1,verde,0,-3,16,120,120,1.0000,0.0000,386,107,180,99
879,836176005,azul,azul,heuristica,verde,0,-3,16,90,120,0.7500,0.0000,369,80,215,74
880,1096791990,verde,verde,mcts,azul,0,-3,12,90,120,0.7500,0.0000,1893,977,736,180
880,1096791990,verde,vermelho,art3miz_0.1,azul,0,-3,12,150,120,1.2500,0.0000,408,110,204,94
880,1096791990,verde,azul,heuristica,azul,1,3,12,30,30,1.0000,0.0000,355,28,302,25
881,1331799799,vermelho,verde,mcts,azul,0,-3,17,90,120,0.7500,0.0000,1850,979,691,180
881,1331799799,vermelho,vermelho,art3miz_0.1,azul,0,-3,17,120,120,1.0000,0.0588,322,92,152,78
881,1331799799,vermelho,azul,heuristica,azul,1,3,17,30,0,30.0000,0.0588,461,27,411,23
882,237640937,azul,verde,mcts,verde,1,3,17,30,0,30.0000,0.0000,892,133,699,60
882,237640937,azul,vermelho,art3miz_0.1,verde,0,-3,17,120,120,1.0000,0.0000,375,109,167,99
882,237640937,azul,azul,heuristica,verde,0,-3,17,90,120,0.7500,0.0000,370,95,176,99
883,1455511300,verde,verde,mcts,azul,0,-3,16,90,120,0.7500,0.0000,2012,1019,813,180
883,1455511300,verde,vermelho,art3miz_0.1,azul,0,-3,16,120,120,1.0000,0.0000,470,124,234,112
883,1455511300,verde,azul,heuristica,azul,1,3,16,30,0,30.0000,0.0625,408,27,356,25
884,1910967048,vermelho,verde,mcts,vermelho,0,-3,12,60,120,0.5000,0.3333,1843,988,675,180
884,1910967048,vermelho,vermelho,art3miz_0.1,vermelho,1,3,12,60,30,2.0000,0.0000,192,56,86,50
884,1910967048,vermelho,azul,heuristica,vermelho,0,-3,12,150,120,1.2500,0.2727,570,162,253,155
885,1277800770,azul,verde,mcts,empate,0,-1,100,0,0,0.0000,0.0000,1987,2,1985,0
885,1277800770,azul,vermelho,art3miz_0.1,empate,0,-1,100,0,0,0.0000,0.0101,3263,800,1758,705
885,1277800770,azul,azul,heuristica,empate,0,-1,100,0,0,0.0000,0.0000,2588,0,2588,0
886,695659536,verde,verde,mcts,verde,1,3,15,30,0,30.0000,0.0000,866,140,666,60
886,695659536,verde,vermelho,art3miz_0.1,verde,0,-3,15,120,120,1.0000,0.0714,416,112,191,113
886,695659536,verde,azul,heuristica,verde,0,-3,15,90,120,0.7500,0.1667,352,104,148,100
887,2127157764,vermelho,verde,mcts,verde,1,3,14,30,0,30.0000,0.0000,796,161,575,60
887,2127157764,vermelho,vermelho,art3miz_0.1,verde,0,-3,14,120,120,1.0000,0.0000,313,82,156,75
887,2127157764,vermelho,azul,heuristica,verde,0,-3,14,90,120,0.7500,0.0000,274,78,122,74
888,249328386,azul,verde,mcts,verde,1,3,31,200,90,2.2222,0.2667,4984,2126,2438,420
888,249328386,azul,vermelho,art3miz_0.1,verde,0,-3,31,30,120,0.2500,0.0000,197,51,96,50
888,249328386,azul,azul,heuristica,verde,0,-3,31,90,110,0.8182,0.3333,1061,158,755,148
889,832162818,verde,verde,mcts,empate,0,-1,100,0,0,0.0000,0.0000,2032,49,1983,0
889,832162818,verde,vermelho,art3miz_0.1,empate,0,-1,100,0,0,0.0000,0.0100,564,1,563,0
889,832162818,verde,azul,heuristica,empate,0,-1,100,0,0,0.0000,0.0000,1958,48,1910,0
890,649770543,vermelho,verde,mcts,verde,1,3,20,30,30,1.0000,0.2632,941,112,769,60
890,649770543,vermelho,vermelho,art3miz_0.1,verde,0,-3,20,140,110,1.2727,0.2632,662,177,314,171
890,649770543,vermelho,azul,heuristica,verde,0,-3,20,80,110,0.7273,0.2308,509,97,312,100
891,1075216718,azul,verde,mcts,verde,1,3,23,60,30,2.0000,0.0000,1556,357,1079,120
891,1075216718,azul,vermelho,art3miz_0.1,verde,0,-3,23,150,120,1.2500,0.0952,503,135,244,124
891,1075216718,azul,azul,heuristica,verde,0,-3,23,60,120,0.5000,0.1667,458,78,305,75
892,1401413882,verde,verde,mcts,verde,1,3,12,90,0,90.0000,0.0833,2393,1147,1066,180
892,1401413882,verde,vermelho,art3miz_0.1,verde,0,-3,12,60,120,0.5000,0.0000,174,50,78,46
892,1401413882,verde,azul,heuristica,verde,0,-3,12,90,120,0.7500,0.1818,432,88,257,87
893,1914617522,vermelho,verde,mcts,verde,1,3,22,180,60,3.0000,0.0000,4235,1907,1968,360
893,1914617522,vermelho,vermelho,art3miz_0.1,verde,0,-3,22,30,120,0.2500,0.0588,380,74,231,75
893,1914617522,vermelho,azul,heuristica,verde,0,-3,22,90,120,0.7500,0.2857,807,144,513,150
894,1396172170,azul,verde,mcts,verde,1,3,19,30,0,30.0000,0.0000,1581,379,1082,120
894,1396172170,azul,vermelho,art3miz_0.1,verde,0,-3,19,100,100,1.0000,0.2353,440,107,234,99
894,1396172170,azul,azul,heuristica,verde,0,-3,19,70,100,0.7000,0.3636,421,79,267,75
895,147524269,verde,verde,mcts,vermelho,0,-3,17,210,120,1.7500,0.0000,4458,2036,2002,420
895,147524269,verde,vermelho,art3miz_0.1,vermelho,1,3,17,60,90,0.6667,0.2941,308,72,163,73
895,147524269,verde,azul,heuristica,vermelho,0,-3,17,60,120,0.5000,0.0000,367,57,248,62
896,88215447,vermelho,verde,mcts,azul,0,-3,18,180,120,1.5000,0.0000,4229,2361,1508,360
896,88215447,vermelho,vermelho,art3miz_0.1,azul,0,-3,18,90,120,0.7500,0.0000,298,87,136,75
896,88215447,vermelho,azul,heuristica,azul,1,3,18,30,60,0.5000,0.0000,633,105,431,97
897,1935253783,azul,verde,mcts,verde,1,3,25,30,30,1.0000,0.1667,1058,104,894,60
897,1935253783,azul,vermelho,art3miz_0.1,verde,0,-3,25,150,120,1.2500,0.0000,488,117,264,107
897,1935253783,azul,azul,heuristica,verde,0,-3,25,90,120,0.7500,0.0000,377,101,176,100
898,1096714693,verde,verde,mcts,azul,0,-3,20,120,120,1.0000,0.0500,2674,1099,1335,240
898,1096714693,verde,vermelho,art3miz_0.1,azul,0,-3,20,90,120,0.7500,0.0000,329,82,175,72
898,1096714693,verde,azul,heuristica,azul,1,3,20,30,0,30.0000,0.0500,595,44,501,50
899,1895563606,vermelho,verde,mcts,azul,0,-3,27,180,120,1.5000,0.0385,4224,1843,2021,360
899,1895563606,vermelho,vermelho,art3miz_0.1,azul,0,-3,27,90,120,0.7500,0.0000,477,134,210,133
899,1895563606,vermelho,azul,heuristica,azul,1,3,27,30,60,0.5000,0.0000,706,44,612,50
900,767593850,azul,verde,mcts,verde,1,3,17,30,30,1.0000,0.1250,1287,211,956,120
900,767593850,azul,vermelho,art3miz_0.1,verde,0,-3,17,150,120,1.2500,0.0667,477,125,237,115
900,767593850,azul,azul,heuristica,verde,0,-3,17,90,120,0.7500,0.0909,396,73,255,68
901,1987371659,verde,verde,mcts,azul,0,-3,41,180,120,1.5000,0.0732,4243,1844,2039,360
901,1987371659,verde,vermelho,art3miz_0.1,azul,0,-3,41,90,120,0.7500,0.1176,245,71,112,62
901,1987371659,verde,azul,heuristica,azul,1,3,41,30,60,0.5000,0.0488,980,27,921,32
902,27872805,vermelho,verde,mcts,verde,1,3,24,90,60,1.5000,0.0000,2154,673,1301,180
902,27872805,vermelho,vermelho,art3miz_0.1,verde,0,-3,24,180,120,1.5000,0.0435,751,190,392,169
902,27872805,vermelho,azul,heuristica,verde,0,-3,24,30,120,0.2500,0.1429,548,94,354,100
903,1123407133,azul,verde,mcts,vermelho,0,-3,13,120,120,1.0000,0.0000,2491,1083,1168,240
903,1123407133,azul,vermelho,art3miz_0.1,vermelho,1,3,13,30,0,30.0000,0.0000,217,82,85,50
903,1123407133,azul,azul,heuristica,vermelho,0,-3,13,90,120,0.7500,0.2500,595,151,297,147
904,1876146646,verde,verde,mcts,azul,0,-3,38,120,120,1.0000,0.0526,3176,1091,1845,240
904,1876146646,verde,vermelho,art3miz_0.1,azul,0,-3,38,90,120,0.7500,0.0000,242,84,83,75
904,1876146646,verde,azul,heuristica,azul,1,3,38,30,0,30.0000,0.0526,918,39,843,36
905,1941871429,vermelho,verde,mcts,verde,1,3,29,30,0,30.0000,0.0000,1165,193,912,60
905,1941871429,vermelho,vermelho,art3miz_0.1,verde,0,-3,29,90,120,0.7500,0.0000,229,66,101,62
905,1941871429,vermelho,azul,heuristica,verde,0,-3,29,120,120,1.0000,0.0357,866,108,655,103
906,562041356,azul,verde,mcts,vermelho,0,-3,14,210,120,1.7500,0.1538,5016,2547,1989,480
906,562041356,azul,vermelho,art3miz_0.1,vermelho,1,3,14,90,90,1.0000,0.1538,359,107,154,98
906,562041356,azul,azul,heuristica,vermelho,0,-3,14,30,120,0.2500,0.2000,280,78,127,75
907,1137382925,verde,verde,mcts,vermelho,0,-3,10,90,120,0.7500,0.0000,1851,969,702,180
907,1137382925,verde,vermelho,art3miz_0.1,vermelho,1,3,10,30,30,1.0000,0.0000,155,28,103,24
907,1137382925,verde,azul,heuristica,vermelho,0,-3,10,150,120,1.2500,0.0000,521,147,225,149
908,44253473,vermelho,verde,mcts,azul,0,-3,17,90,120,0.7500,0.0000,1887,1006,701,180
908,44253473,vermelho,vermelho,art3miz_0.1,azul,0,-3,17,150,110,1.3636,0.0588,507,132,250,125
908,44253473,vermelho,azul,heuristica,azul,1,3,17,20,30,0.6667,0.0588,449,26,398,25
909,1560650065,azul,verde,mcts,vermelho,0,-3,21,200,120,1.6667,0.1500,5037,2364,2193,480
909,1560650065,azul,vermelho,art3miz_0.1,vermelho,1,3,21,60,80,0.7500,0.1000,431,101,233,97
909,1560650065,azul,azul,heuristica,vermelho,0,-3,21,60,120,0.5000,0.1250,293,68,160,65
910,412950855,verde,verde,mcts,empate,0,-1,100,120,60,2.0000,0.0200,5114,1319,3495,300
910,412950855,verde,vermelho,art3miz_0.1,empate,0,-1,100,0,0,0.0000,0.0100,3531,1042,1529,960
910,412950855,verde,azul,heuristica,empate,0,-1,100,60,120,0.5000,0.1333,464,69,332,63
911,607510251,vermelho,verde,mcts,verde,1,3,16,30,0,30.0000,0.0000,937,197,680,60
911,607510251,vermelho,vermelho,art3miz_0.1,verde,0,-3,16,90,120,0.7500,0.0769,269,68,139,62
911,607510251,vermelho,azul,heuristica,verde,0,-3,16,120,120,1.0000,0.2000,574,113,355,106
912,1238126236,azul,verde,mcts,vermelho,0,-3,16,210,120,1.7500,0.0000,4469,2135,1914,420
912,1238126236,azul,vermelho,art3miz_0.1,vermelho,1,3,16,30,90,0.3333,0.2000,320,67,181,72
912,1238126236,azul,azul,heuristica,vermelho,0,-3,16,90,120,0.7500,0.0000,415,114,185,116
913,1121641946,verde,verde,mcts,azul,0,-3,15,210,120,1.7500,0.0000,5126,2367,2279,480
913,1121641946,verde,vermelho,art3miz_0.1,azul,0,-3,15,30,120,0.2500,0.1111,353,106,150,97
913,1121641946,verde,azul,heuristica,azul,1,3,15,90,90,1.0000,0.0667,567,103,364,100
914,420667202,vermelho,verde,mcts,vermelho,0,-3,21,120,120,1.0000,0.1500,2677,1113,1324,240
914,420667202,vermelho,vermelho,art3miz_0.1,vermelho,1,3,21,30,0,30.0000,0.0000,243,30,188,25
914,420667202,vermelho,azul,heuristica,vermelho,0,-3,21,90,120,0.7500,0.1765,663,133,405,125
915,1568625357,azul,verde,mcts,vermelho,0,-3,26,90,120,0.7500,0.0000,2008,982,846,180
915,1568625357,azul,vermelho,art3miz_0.1,vermelho,1,3,26,30,0,30.0000,0.1200,220,29,166,25
915,1568625357,azul,azul,heuristica,vermelho,0,-3,26,120,120,1.0000,0.1200,789,118,557,114
916,988698174,verde,verde,mcts,azul,0,-3,21,90,120,0.7500,0.0000,2916,1224,1392,300
916,988698174,verde,vermelho,art3miz_0.1,azul,0,-3,21,150,110,1.3636,0.1429,576,173,249,154
916,988698174,verde,azul,heuristica,azul,1,3,21,20,30,0.6667,0.1905,640,71,502,67
917,1920469873,vermelho,verde,mcts,verde,1,3,18,30,0,30.0000,0.0588,909,178,671,60
917,1920469873,vermelho,vermelho,art3miz_0.1,verde,0,-3,18,100,120,0.8333,0.2941,485,108,277,100
917,1920469873,vermelho,azul,heuristica,verde,0,-3,18,90,100,0.9000,0.3636,482,105,277,100
918,427165887,azul,verde,mcts,vermelho,0,-3,23,180,120,1.5000,0.0455,4663,2316,1927,420
918,427165887,azul,vermelho,art3miz_0.1,vermelho,1,3,23,60,60,1.0000,0.0000,265,56,159,50
918,427165887,azul,azul,heuristica,vermelho,0,-3,23,60,120,0.5000,0.0769,447,68,309,70
919,1734036530,verde,verde,mcts,vermelho,0,-3,26,90,120,0.7500,0.0000,1958,966,812,180
919,1734036530,verde,vermelho,art3miz_0.1,vermelho,1,3,26,30,30,1.0000,0.1154,251,29,197,25
919,1734036530,verde,azul,heuristica,vermelho,0,-3,26,150,120,1.2500,0.1600,847,137,583,127
920,1207230511,vermelho,verde,mcts,azul,0,-3,24,150,120,1.2500,0.0435,3452,1499,1653,300
920,1207230511,vermelho,vermelho,art3miz_0.1,azul,0,-3,24,60,120,0.5000,0.1667,261,60,140,61
920,1207230511,vermelho,azul,heuristica,azul,1,3,24,60,30,2.0000,0.1250,771,94,577,100
921,107751489,azul,verde,mcts,vermelho,0,-3,27,210,120,1.7500,0.0000,5176,2190,2506,480
921,107751489,azul,vermelho,art3miz_0.1,vermelho,1,3,27,30,90,0.3333,0.0385,302,48,203,51
921,107751489,azul,azul,heuristica,vermelho,0,-3,27,90,120,0.7500,0.1111,385,99,193,93
922,66732485,verde,verde,mcts,verde,1,3,13,240,90,2.6667,0.0000,4988,2235,2273,480
922,66732485,verde,vermelho,art3miz_0.1,verde,0,-3,13,90,120,0.7500,0.0000,287,84,128,75
922,66732485,verde,azul,heuristica,verde,0,-3,13,0,120,0.0000,0.0000,279,78,126,75
923,18312935,vermelho,verde,mcts,azul,0,-3,36,150,120,1.2500,0.1429,3785,1511,1974,300
923,18312935,vermelho,vermelho,art3miz_0.1,azul,0,-3,36,90,120,0.7500,0.0000,771,94,606,71
923,18312935,vermelho,azul,heuristica,azul,1,3,36,30,30,1.0000,0.0278,803,41,739,23
924,1367906468,azul,verde,mcts,vermelho,0,-3,12,140,120,1.1667,0.3636,3200,1588,1312,300
924,1367906468,azul,vermelho,art3miz_0.1,vermelho,1,3,12,60,30,2.0000,0.0909,236,57,129,50
924,1367906468,azul,azul,heuristica,vermelho,0,-3,12,60,110,0.5455,0.2857,379,104,175,100
925,1533422519,verde,verde,mcts,verde,1,3,22,30,30,1.0000,0.0000,1058,124,874,60
925,1533422519,verde,vermelho,art3miz_0.1,verde,0,-3,22,140,100,1.4000,0.2381,700,191,334,175
925,1533422519,verde,azul,heuristica,verde,0,-3,22,70,110,0.6364,0.2941,671,121,425,125
926,372069853,vermelho,verde,mcts,azul,0,-3,16,90,120,0.7500,0.0000,1898,982,736,180
926,372069853,vermelho,vermelho,art3miz_0.1,azul,0,-3,16,180,120,1.5000,0.0625,696,207,293,196
926,372069853,vermelho,azul,heuristica,azul,1,3,16,30,60,0.5000,0.2500,502,51,401,50
927,778134302,azul,verde,mcts,verde,1,3,55,30,30,1.0000,0.1111,1645,108,1477,60
927,778134302,azul,vermelho,art3miz_0.1,verde,0,-3,55,80,110,0.7273,0.0667,292,80,137,75
927,778134302,azul,azul,heuristica,verde,0,-3,55,140,110,1.2727,0.0926,1427,123,1188,116
928,1831905812,verde,verde,mcts,azul,0,-3,8,90,120,0.7500,0.0000,1875,986,709,180
928,1831905812,verde,vermelho,art3miz_0.1,azul,0,-3,8,120,120,1.0000,0.0000,293,83,136,74
928,1831905812,verde,azul,heuristica,azul,1,3,8,30,0,30.0000,0.0000,230,27,178,25
929,991318533,vermelho,verde,mcts,azul,0,-3,25,120,120,1.0000,0.0833,2847,1110,1497,240
929,991318533,vermelho,vermelho,art3miz_0.1,azul,0,-3,25,90,120,0.7500,0.0000,254,82,100,72
929,991318533,vermelho,azul,heuristica,azul,1,3,25,30,0,30.0000,0.0800,669,41,584,44
930,1706283989,azul,verde,mcts,verde,1,3,14,30,0,30.0000,0.1538,884,191,633,60
930,1706283989,azul,vermelho,art3miz_0.1,verde,0,-3,14,120,120,1.0000,0.0000,321,81,168,72
930,1706283989,azul,azul,heuristica,verde,0,-3,14,90,120,0.7500,0.0000,382,100,187,95
931,1594119628,verde,verde,mcts,verde,1,3,9,30,0,30.0000,0.0000,797,188,549,60
931,1594119628,verde,vermelho,art3miz_0.1,verde,0,-3,9,100,110,0.9091,0.6250,291,97,105,89
931,1594119628,verde,azul,heuristica,verde,0,-3,9,80,100,0.8000,0.8000,295,93,114,88
932,1114523884,vermelho,verde,mcts,verde,1,3,21,30,0,30.0000,0.2500,1081,188,833,60
932,1114523884,vermelho,vermelho,art3miz_0.1,verde,0,-3,21,120,120,1.0000,0.1500,496,105,294,97
932,1114523884,vermelho,azul,heuristica,verde,0,-3,21,90,120,0.7500,0.0714,528,95,334,99
933,422079920,azul,verde,mcts,azul,0,-3,21,60,100,0.6000,0.6000,2021,1309,532,180
933,422079920,azul,vermelho,art3miz_0.1,azul,0,-3,21,130,120,1.0833,0.2000,466,115,252,99
933,422079920,azul,azul,heuristica,azul,1,3,21,60,30,2.0000,0.0000,570,55,466,49
934,1042459231,verde,verde,mcts,azul,0,-3,20,180,120,1.5000,0.2000,3967,1827,1780,360
934,1042459231,verde,vermelho,art3miz_0.1,azul,0,-3,20,60,120,0.5000,0.1250,271,82,114,75
934,1042459231,verde,azul,heuristica,azul,1,3,20,60,60,1.0000,0.1000,627,72,487,68
935,712723097,vermelho,verde,mcts,verde,1,3,22,30,0,30.0000,0.0000,1127,221,846,60
935,712723097,vermelho,vermelho,art3miz_0.1,verde,0,-3,22,120,120,1.0000,0.1905,561,134,302,125
935,712723097,vermelho,azul,heuristica,verde,0,-3,22,90,120,0.7500,0.1053,630,92,444,94
936,1168590347,azul,verde,mcts,azul,0,-3,21,180,120,1.5000,0.1000,5283,2558,2245,480
936,1168590347,azul,vermelho,art3miz_0.1,azul,0,-3,21,60,120,0.5000,0.1429,273,79,124,70
936,1168590347,azul,azul,heuristica,azul,1,3,21,60,60,1.0000,0.0952,570,52,465,53
937,1071684288,verde,verde,mcts,verde,1,3,24,30,0,30.0000,0.0833,1050,142,848,60
937,1071684288,verde,vermelho,art3miz_0.1,verde,0,-3,24,90,120,0.7500,0.1000,257,80,102,75
937,1071684288,verde,azul,heuristica,verde,0,-3,24,120,120,1.0000,0.0435,764,105,559,100
938,538693465,vermelho,verde,mcts,verde,1,3,70,30,30,1.0000,0.0000,1816,91,1665,60
938,538693465,vermelho,vermelho,art3miz_0.1,verde,0,-3,70,80,120,0.6667,0.0476,315,80,160,75
938,538693465,vermelho,azul,heuristica,verde,0,-3,70,150,110,1.3636,0.1014,1996,173,1648,175
939,1540251139,azul,verde,mcts,azul,0,-3,27,150,120,1.2500,0.0385,3513,1517,1696,300
939,1540251139,azul,vermelho,art3miz_0.1,azul,0,-3,27,90,120,0.7500,0.0000,254,83,98,73
939,1540251139,azul,azul,heuristica,azul,1,3,27,30,30,1.0000,0.0370,482,18,448,16
940,1431387882,verde,verde,mcts,vermelho,0,-3,15,90,120,0.7500,0.0000,2333,1456,697,180
940,1431387882,verde,vermelho,art3miz_0.1,vermelho,1,3,15,30,30,1.0000,0.0000,221,28,169,24
940,1431387882,verde,azul,heuristica,vermelho,0,-3,15,150,120,1.2500,0.0000,594,138,332,124
941,1385593444,vermelho,verde,mcts,verde,1,3,11,60,0,60.0000,0.0000,1473,458,895,120
941,1385593444,vermelho,vermelho,art3miz_0.1,verde,0,-3,11,90,120,0.7500,0.0000,308,79,157,72
941,1385593444,vermelho,azul,heuristica,verde,0,-3,11,90,120,0.7500,0.0000,370,80,215,75
942,602949509,azul,verde,mcts,vermelho,0,-3,61,150,120,1.2500,0.0500,4141,1480,2361,300
942,602949509,azul,vermelho,art3miz_0.1,vermelho,1,3,61,30,30,1.0000,0.0500,677,28,624,25
942,602949509,azul,azul,heuristica,vermelho,0,-3,61,90,120,0.7500,0.0909,329,53,228,48
943,129881148,verde,verde,mcts,azul,0,-3,18,120,120,1.0000,0.0000,3338,1517,1521,300
943,129881148,verde,vermelho,art3miz_0.1,azul,0,-3,18,60,120,0.5000,0.1250,304,92,137,75
943,129881148,verde,azul,heuristica,azul,1,3,18,60,0,60.0000,0.2222,573,103,396,74
944,988129515,vermelho,verde,mcts,vermelho,0,-3,49,180,120,1.5000,0.0208,4513,1803,2350,360
944,988129515,vermelho,vermelho,art3miz_0.1,vermelho,1,3,49,60,60,1.0000,0.0204,556,82,399,75
944,988129515,vermelho,azul,heuristica,vermelho,0,-3,49,60,120,0.5000,0.0000,418,55,310,53
945,240535048,azul,verde,mcts,vermelho,0,-3,34,210,120,1.7500,0.1212,4590,2026,2144,420
945,240535048,azul,vermelho,art3miz_0.1,vermelho,1,3,34,60,90,0.6667,0.0606,319,69,189,61
945,240535048,azul,azul,heuristica,vermelho,0,-3,34,60,120,0.5000,0.0000,361,45,268,48
946,1570706326,verde,verde,mcts,azul,0,-3,13,150,120,1.2500,0.0000,3207,1521,1386,300
946,1570706326,verde,vermelho,art3miz_0.1,azul,0,-3,13,90,120,0.7500,0.0000,199,64,81,54
946,1570706326,verde,azul,heuristica,azul,1,3,13,30,30,1.0000,0.0000,373,28,320,25
947,507421364,vermelho,verde,mcts,azul,0,-3,20,180,120,1.5000,0.0000,3890,1822,1708,360
947,507421364,vermelho,vermelho,art3miz_0.1,azul,0,-3,20,60,120,0.5000,0.0000,215,63,93,59
947,507421364,vermelho,azul,heuristica,azul,1,3,20,60,60,1.0000,0.0500,640,78,487,75
948,1685667609,azul,verde,mcts,verde,1,3,20,30,0,30.0000,0.2632,1042,190,792,60
948,1685667609,azul,vermelho,art3miz_0.1,verde,0,-3,20,90,120,0.7500,0.0000,291,94,112,85
948,1685667609,azul,azul,heuristica,verde,0,-3,20,120,120,1.0000,0.0000,665,123,427,115
949,705769209,verde,verde,mcts,verde,1,3,23,60,40,1.5000,0.0870,1515,350,1045,120
949,705769209,verde,vermelho,art3miz_0.1,verde,0,-3,23,160,120,1.3333,0.2727,629,164,310,155
949,705769209,verde,azul,heuristica,verde,0,-3,23,60,120,0.5000,0.0000,327,73,185,69
950,504911631,vermelho,verde,mcts,empate,0,-1,100,0,0,0.0000,0.0000,2039,50,1989,0
950,504911631,vermelho,vermelho,art3miz_0.1,empate,0,-1,100,0,0,0.0000,0.0000,2145,50,2095,0
950,504911631,vermelho,azul,heuristica,empate,0,-1,100,0,0,0.0000,0.0200,2500,0,2500,0
951,797430198,azul,verde,mcts,verde,1,3,17,30,30,1.0000,0.0000,874,118,696,60
951,797430198,azul,vermelho,art3miz_0.1,verde,0,-3,17,80,100,0.8000,0.2727,418,107,211,100
951,797430198,azul,azul,heuristica,verde,0,-3,17,130,110,1.1818,0.3125,712,156,406,150
952,1256198830,verde,verde,mcts,azul,0,-3,12,180,120,1.5000,0.0000,3877,1872,1645,360
952,1256198830,verde,vermelho,art3miz_0.1,azul,0,-3,12,60,120,0.5000,0.0000,260,77,108,75
952,1256198830,verde,azul,heuristica,azul,1,3,12,60,60,1.0000,0.0833,425,64,292,69
953,1625466238,vermelho,verde,mcts,azul,0,-3,23,90,120,0.7500,0.0000,1883,969,734,180
953,1625466238,vermelho,vermelho,art3miz_0.1,azul,0,-3,23,120,120,1.0000,0.0000,462,128,217,117
953,1625466238,vermelho,azul,heuristica,azul,1,3,23,30,0,30.0000,0.0870,624,27,572,25
954,270764059,azul,verde,mcts,verde,1,3,16,30,0,30.0000,0.0000,921,255,606,60
954,270764059,azul,vermelho,art3miz_0.1,verde,0,-3,16,90,120,0.7500,0.0000,247,78,94,75
954,270764059,azul,azul,heuristica,verde,0,-3,16,120,120,1.0000,0.0000,610,127,358,125
955,466416347,verde,verde,mcts,azul,0,-3,15,180,120,1.5000,0.1333,3845,1895,1590,360
955,466416347,verde,vermelho,art3miz_0.1,azul,0,-3,15,90,120,0.7500,0.0000,271,84,113,74
955,466416347,verde,azul,heuristica,azul,1,3,15,30,60,0.5000,0.3333,432,49,334,49
956,164930889,vermelho,verde,mcts,azul,0,-3,16,120,100,1.2000,0.2667,2582,1108,1234,240
956,164930889,vermelho,vermelho,art3miz_0.1,azul,0,-3,16,70,120,0.5833,0.2857,259,82,105,72
956,164930889,vermelho,azul,heuristica,azul,1,3,16,30,0,30.0000,0.1875,448,29,395,24
957,657063490,azul,verde,mcts,verde,1,3,29,30,0,30.0000,0.1071,1091,151,880,60
957,657063490,azul,vermelho,art3miz_0.1,verde,0,-3,29,80,110,0.7273,0.2500,270,79,116,75
957,657063490,azul,azul,heuristica,verde,0,-3,29,110,110,1.0000,0.2143,953,130,698,125
958,925743247,verde,verde,mcts,empate,0,-1,100,0,0,0.0000,0.0000,1824,49,1775,0
958,925743247,verde,vermelho,art3miz_0.1,empate,0,-1,100,0,0,0.0000,0.0000,2130,50,2080,0
958,925743247,verde,azul,heuristica,empate,0,-1,100,0,0,0.0000,0.0000,2597,0,2597,0
959,1712549161,vermelho,verde,mcts,empate,0,-1,100,120,60,2.0000,0.0000,4160,1079,2841,240
959,1712549161,vermelho,vermelho,art3miz_0.1,empate,0,-1,100,60,120,0.5000,0.0000,266,83,109,74
959,1712549161,vermelho,azul,heuristica,empate,0,-1,100,0,0,0.0000,0.0300,1993,0,1993,0
960,1225043013,azul,verde,mcts,verde,1,3,20,30,0,30.0000,0.0000,975,158,757,60
960,1225043013,azul,vermelho,art3miz_0.1,verde,0,-3,20,90,120,0.7500,0.0000,252,77,101,74
960,1225043013,azul,azul,heuristica,verde,0,-3,20,120,120,1.0000,0.2105,726,126,476,124
961,941576731,verde,verde,mcts,verde,1,3,16,30,30,1.0000,0.0000,856,93,703,60
961,941576731,verde,vermelho,art3miz_0.1,verde,0,-3,16,90,120,0.7500,0.3750,325,102,127,96
961,941576731,verde,azul,heuristica,verde,0,-3,16,150,120,1.2500,0.1333,667,156,364,147
962,1506476993,vermelho,verde,mcts,vermelho,0,-3,10,120,120,1.0000,0.0000,2965,1830,895,240
962,1506476993,vermelho,vermelho,art3miz_0.1,vermelho,1,3,10,30,30,1.0000,0.0000,260,51,161,48
962,1506476993,vermelho,azul,heuristica,vermelho,0,-3,10,120,120,1.0000,0.1111,494,151,219,124
963,1059674389,azul,verde,mcts,vermelho,0,-3,15,180,120,1.5000,0.1429,3836,1848,1628,360
963,1059674389,azul,vermelho,art3miz_0.1,vermelho,1,3,15,60,60,1.0000,0.0714,232,52,135,45
963,1059674389,azul,azul,heuristica,vermelho,0,-3,15,60,120,0.5000,0.1250,335,74,190,71
964,629443526,verde,verde,mcts,azul,0,-3,12,170,120,1.4167,0.0833,4899,3428,1111,360
964,629443526,verde,vermelho,art3miz_0.1,azul,0,-3,12,60,110,0.5455,0.2500,241,70,106,65
964,629443526,verde,azul,heuristica,azul,1,3,12,60,60,1.0000,0.2500,582,163,296,123
965,1269805790,vermelho,verde,mcts,verde,1,3,13,30,30,1.0000,0.0000,1240,263,857,120
965,1269805790,vermelho,vermelho,art3miz_0.1,verde,0,-3,13,90,120,0.7500,0.0000,266,81,110,75
965,1269805790,vermelho,azul,heuristica,verde,0,-3,13,150,120,1.2500,0.0000,605,157,299,149
966,1317036416,azul,verde,mcts,empate,0,-1,100,0,0,0.0000,0.4747,2057,49,2008,0
966,1317036416,azul,vermelho,art3miz_0.1,empate,0,-1,100,0,0,0.0000,0.0000,2158,48,2110,0
966,1317036416,azul,azul,heuristica,empate,0,-1,100,0,0,0.0000,0.0100,2579,0,2579,0
967,558950948,verde,verde,mcts,verde,1,3,13,30,0,30.0000,0.0769,744,102,582,60
967,558950948,verde,vermelho,art3miz_0.1,verde,0,-3,13,120,120,1.0000,0.0000,291,77,144,70
967,558950948,verde,azul,heuristica,verde,0,-3,13,90,120,0.7500,0.0000,234,72,94,68
968,136670000,vermelho,verde,mcts,azul,0,-3,12,150,120,1.2500,0.0000,3559,2147,1112,300
968,136670000,vermelho,vermelho,art3miz_0.1,azul,0,-3,12,60,120,0.5000,0.2222,223,83,92,48
968,136670000,vermelho,azul,heuristica,azul,1,3,12,90,60,1.5000,0.2500,528,145,292,91
969,127806416,azul,verde,mcts,verde,1,3,17,30,30,1.0000,0.0625,841,89,692,60
969,127806416,azul,vermelho,art3miz_0.1,verde,0,-3,17,90,110,0.8182,0.1111,330,98,143,89
969,127806416,azul,azul,heuristica,verde,0,-3,17,140,120,1.1667,0.1250,617,148,334,135
970,1770472552,verde,verde,mcts,verde,1,3,22,240,90,2.6667,0.0909,5296,2354,2462,480
970,1770472552,verde,vermelho,art3miz_0.1,verde,0,-3,22,90,120,0.7500,0.0000,293,84,134,75
970,1770472552,verde,azul,heuristica,verde,0,-3,22,0,120,0.0000,0.0000,618,49,494,75
971,1221341580,vermelho,verde,mcts,verde,1,3,29,30,30,1.0000,0.0714,1127,105,962,60
971,1221341580,vermelho,vermelho,art3miz_0.1,verde,0,-3,29,140,110,1.2727,0.2143,529,137,268,124
971,1221341580,vermelho,azul,heuristica,verde,0,-3,29,80,110,0.7273,0.6667,358,106,152,100
972,510847089,azul,verde,mcts,verde,1,3,10,30,0,30.0000,0.1111,777,194,523,60
972,510847089,azul,vermelho,art3miz_0.1,verde,0,-3,10,120,120,1.0000,0.0000,293,82,136,75
972,510847089,azul,azul,heuristica,verde,0,-3,10,90,120,0.7500,0.0000,299,79,145,75
973,1692598265,verde,verde,mcts,empate,0,-1,100,60,110,0.5455,0.2000,2036,1095,761,180
973,1692598265,verde,vermelho,art3miz_0.1,empate,0,-1,100,0,0,0.0000,0.0100,1769,22,1727,20
973,1692598265,verde,azul,heuristica,empate,0,-1,100,110,60,1.8333,0.0500,2458,94,2280,84
974,248016053,vermelho,verde,mcts,vermelho,0,-3,12,150,120,1.2500,0.0000,3185,1505,1380,300
974,248016053,vermelho,vermelho,art3miz_0.1,vermelho,1,3,12,60,30,2.0000,0.0833,138,30,83,25
974,248016053,vermelho,azul,heuristica,vermelho,0,-3,12,60,120,0.5000,0.0000,394,102,192,100
975,1909045985,azul,verde,mcts,azul,0,-3,44,120,120,1.0000,0.0698,3291,1112,1939,240
975,1909045985,azul,vermelho,art3miz_0.1,azul,0,-3,44,90,120,0.7500,0.0000,300,85,140,75
975,1909045985,azul,azul,heuristica,azul,1,3,44,30,0,30.0000,0.0455,899,51,800,48
976,887965518,verde,verde,mcts,vermelho,0,-3,11,180,120,1.5000,0.0000,3736,1877,1499,360
976,887965518,verde,vermelho,art3miz_0.1,vermelho,1,3,11,60,60,1.0000,0.0000,244,57,137,50
976,887965518,verde,azul,heuristica,vermelho,0,-3,11,60,120,0.5000,0.3750,396,103,195,98
977,1357408905,vermelho,verde,mcts,empate,0,-1,100,0,0,0.0000,0.0000,2541,0,2541,0
977,1357408905,vermelho,vermelho,art3miz_0.1,empate,0,-1,100,0,0,0.0000,0.0000,2142,49,2093,0
977,1357408905,vermelho,azul,heuristica,empate,0,-1,100,0,0,0.0000,0.0000,2073,50,2023,0
978,1611699638,azul,verde,mcts,verde,1,3,22,30,0,30.0000,0.1905,983,106,817,60
978,1611699638,azul,vermelho,art3miz_0.1,verde,0,-3,22,90,110,0.8182,0.2857,262,81,108,73
978,1611699638,azul,azul,heuristica,verde,0,-3,22,110,120,0.9167,0.2381,693,100,499,94
979,1463146029,verde,verde,mcts,azul,0,-3,18,90,120,0.7500,0.1429,2526,1247,1039,240
979,1463146029,verde,vermelho,art3miz_0.1,azul,0,-3,18,120,120,1.0000,0.1111,381,112,169,100
979,1463146029,verde,azul,heuristica,azul,1,3,18,30,0,30.0000,0.0000,504,27,452,25
980,1079783323,vermelho,verde,mcts,azul,0,-3,20,180,120,1.5000,0.2632,4366,1966,1980,420
980,1079783323,vermelho,vermelho,art3miz_0.1,azul,0,-3,20,60,120,0.5000,0.3000,347,97,163,87
980,1079783323,vermelho,azul,heuristica,azul,1,3,20,60,60,1.0000,0.1000,509,36,441,32
981,645188196,azul,verde,mcts,verde,1,3,15,240,90,2.6667,0.0714,4836,2173,2183,480
981,645188196,azul,vermelho,art3miz_0.1,verde,0,-3,15,60,120,0.5000,0.0000,276,78,126,72
981,645188196,azul,azul,heuristica,verde,0,-3,15,30,120,0.2500,0.0000,305,78,152,75
982,1071560322,verde,verde,mcts,vermelho,0,-3,25,150,120,1.2500,0.0000,3419,1509,1610,300
982,1071560322,verde,vermelho,art3miz_0.1,vermelho,1,3,25,60,30,2.0000,0.0400,292,58,184,50
982,1071560322,verde,azul,heuristica,vermelho,0,-3,25,60,120,0.5000,0.0000,336,58,217,61
983,997181620,vermelho,verde,mcts,azul,0,-3,17,150,120,1.2500,0.0625,3313,1503,1510,300
983,997181620,vermelho,vermelho,art3miz_0.1,azul,0,-3,17,60,120,0.5000,0.0000,259,74,110,75
983,997181620,vermelho,azul,heuristica,azul,1,3,17,60,30,2.0000,0.2353,538,71,392,75
984,1255515162,azul,verde,mcts,verde,1,3,39,240,90,2.6667,0.0526,5520,2216,2824,480
984,1255515162,azul,vermelho,art3miz_0.1,verde,0,-3,39,30,120,0.2500,0.1333,327,56,210,61
984,1255515162,azul,azul,heuristica,verde,0,-3,39,60,120,0.5000,0.0000,875,50,777,48
985,836382915,verde,verde,mcts,empate,0,-1,100,0,0,0.0000,0.0000,1204,0,1204,0
985,836382915,verde,vermelho,art3miz_0.1,empate,0,-1,100,0,0,0.0000,0.0000,2132,50,2082,0
985,836382915,verde,azul,heuristica,empate,0,-1,100,0,0,0.0000,0.0000,2064,49,2015,0
986,347126365,vermelho,verde,mcts,azul,0,-3,13,150,120,1.2500,0.0000,3187,1516,1371,300
986,347126365,vermelho,vermelho,art3miz_0.1,azul,0,-3,13,90,120,0.7500,0.0000,267,85,107,75
986,347126365,vermelho,azul,heuristica,azul,1,3,13,30,30,1.0000,0.1538,401,53,297,51
987,1469351021,azul,verde,mcts,azul,0,-3,20,150,120,1.2500,0.0000,3184,1498,1386,300
987,1469351021,azul,vermelho,art3miz_0.1,azul,0,-3,20,90,120,0.7500,0.0000,251,67,124,60
987,1469351021,azul,azul,heuristica,azul,1,3,20,30,30,1.0000,0.0000,548,34,482,32
988,2100725222,verde,verde,mcts,empate,0,-1,100,0,0,0.0000,0.0000,1375,48,1327,0
988,2100725222,verde,vermelho,art3miz_0.1,empate,0,-1,100,0,0,0.0000,0.0000,1461,50,1411,0
988,2100725222,verde,azul,heuristica,empate,0,-1,100,0,0,0.0000,0.0000,2537,0,2537,0
989,2076863469,vermelho,verde,mcts,azul,0,-3,32,120,120,1.0000,0.0968,3692,1540,1852,300
989,2076863469,vermelho,vermelho,art3miz_0.1,azul,0,-3,32,90,120,0.7500,0.2857,340,107,133,100
989,2076863469,vermelho,azul,heuristica,azul,1,3,32,30,0,30.0000,0.0313,756,19,721,16
990,1297419198,azul,verde,mcts,azul,0,-3,28,180,120,1.5000,0.0000,4070,1810,1900,360
990,1297419198,azul,vermelho,art3miz_0.1,azul,0,-3,28,60,120,0.5000,0.0000,258,79,104,75
990,1297419198,azul,azul,heuristica,azul,1,3,28,60,60,1.0000,0.0357,750,65,625,60
991,656509197,verde,verde,mcts,azul,0,-3,14,150,120,1.2500,0.1429,3872,1849,1663,360
991,656509197,verde,vermelho,art3miz_0.1,azul,0,-3,14,90,120,0.7500,0.5000,349,107,142,100
991,656509197,verde,azul,heuristica,azul,1,3,14,30,30,1.0000,0.0000,405,27,353,25
992,2086753255,vermelho,verde,mcts,vermelho,0,-3,16,210,120,1.7500,0.0667,5146,2590,2076,480
992,2086753255,vermelho,vermelho,art3miz_0.1,vermelho,1,3,16,120,90,1.3333,0.0625,359,112,147,100
992,2086753255,vermelho,azul,heuristica,vermelho,0,-3,16,0,120,0.0000,0.1429,330,78,177,75
993,1945909570,azul,verde,mcts,verde,1,3,16,60,30,2.0000,0.0667,1400,375,905,120
993,1945909570,azul,vermelho,art3miz_0.1,verde,0,-3,16,130,100,1.3000,0.1429,442,131,192,119
993,1945909570,azul,azul,heuristica,verde,0,-3,16,40,100,0.4000,0.3750,401,100,201,100
994,66133690,verde,verde,mcts,vermelho,0,-3,17,180,110,1.6364,0.1765,4292,2207,1725,360
994,66133690,verde,vermelho,art3miz_0.1,vermelho,1,3,17,50,60,0.8333,0.1765,586,181,263,142
994,66133690,verde,azul,heuristica,vermelho,0,-3,17,60,120,0.5000,0.1429,648,172,351,125
995,1178650548,vermelho,verde,mcts,verde,1,3,14,90,0,90.0000,0.0000,2432,1049,1203,180
995,1178650548,vermelho,vermelho,art3miz_0.1,verde,0,-3,14,60,120,0.5000,0.0000,182,54,78,50
995,1178650548,vermelho,azul,heuristica,verde,0,-3,14,90,120,0.7500,0.0769,518,89,329,100
996,1356342537,azul,verde,mcts,verde,1,3,24,60,0,60.0000,0.0000,1532,380,1032,120
996,1356342537,azul,vermelho,art3miz_0.1,verde,0,-3,24,60,120,0.5000,0.0000,291,70,155,66
996,1356342537,azul,azul,heuristica,verde,0,-3,24,120,120,1.0000,0.1304,738,108,526,104
997,1676657438,verde,verde,mcts,azul,0,-3,19,120,120,1.0000,0.0000,2638,1081,1317,240
997,1676657438,verde,vermelho,art3miz_0.1,azul,0,-3,19,90,120,0.7500,0.2000,369,83,213,73
997,1676657438,verde,azul,heuristica,azul,1,3,19,30,0,30.0000,0.0526,612,69,468,75
998,1714985209,vermelho,verde,mcts,vermelho,0,-3,14,180,120,1.5000,0.0000,4241,2509,1372,360
998,1714985209,vermelho,vermelho,art3miz_0.1,vermelho,1,3,14,120,90,1.3333,0.0000,411,129,192,90
998,1714985209,vermelho,azul,heuristica,vermelho,0,-3,14,30,120,0.2500,0.0000,353,65,219,69
999,703915436,azul,verde,mcts,vermelho,0,-3,11,150,120,1.2500,0.0000,3175,1510,1365,300
999,703915436,azul,vermelho,art3miz_0.1,vermelho,1,3,11,60,30,2.0000,0.0000,223,58,115,50
999,703915436,azul,azul,heuristica,vermelho,0,-3,11,60,120,0.5000,0.0000,360,90,198,72
1000,1215748322,verde,verde,mcts,azul,0,-3,18,120,120,1.0000,0.1111,3306,1360,1646,300
1000,1215748322,verde,vermelho,art3miz_0.1,azul,0,-3,18,90,120,0.7500,0.4286,322,111,111,100
1000,1215748322,verde,azul,heuristica,azul,1,3,18,30,0,30.0000,0.0000,539,48,443,48
